gameId,season,week,startDate,homeTeam,awayTeam,win_home,winPctDiff,pointDifferentialAvgDiff,pointsForAvgDiff,pointsAgainstAvgDiff,yardsPerPassAttemptDiff,yardsPerRushAttemptDiff,pointsForTrendDiff,pointsAgainstTrendDiff,pointDifferentialTrendDiff,totalYardsTrendDiff,netPassingYardsTrendDiff,winPctTrendDiff,priorSOSWinPctDiff,priorSOSPointDiffDiff,turnoversAvgDiff,thirdDownPctDiff,sacksAvgDiff,completionPctDiff,totalYardsAvgDiff,possessionSecondsAvgDiff,penaltyYardsAvgDiff
400869175,2016,1,2016-09-03 18:00:00+00:00,Air Force,Abilene Christian,1,,,,,,,,,,,,,,,,,,,,,
400869184,2016,2,2016-09-10 18:00:00+00:00,Air Force,Georgia State,1,1.0,26.0,16.0,10.0,13.39772727272728,2.7315942028985507,0.0,-0.0,0.0,0.0,0.0,0.0,,,-0.0,-0.0051282051282051655,1.0,-0.07954545454545459,330.0,624.0,-20.0
400869206,2016,5,2016-10-01 19:30:00+00:00,Air Force,Navy,1,0.0,3.333333333333334,3.6666666666666714,-0.3333333333333286,-1.4545454545454568,-0.7220153884338547,0.0,-0.0,0.0,0.0,0.0,0.0,-0.4166666666666667,-14.25,0.33333333333333337,-0.026908635794743452,1.0,-0.2007575757575758,66.0,391.6666666666665,-30.66666666666667
400869219,2016,7,2016-10-15 19:30:00+00:00,Air Force,New Mexico,0,0.4,13.200000000000001,-2.0,15.2,6.092403152775449,-1.7066339066339067,-3.3333333333333357,4.133333333333336,0.7999999999999989,-73.86666666666667,47.46666666666668,-0.0666666666666667,0.12916666666666665,6.391666666666667,-0.0,0.11820063993977042,1.4,-0.09894348482307569,-19.80000000000001,-127.39999999999986,5.0
400869225,2016,8,2016-10-22 18:00:00+00:00,Air Force,Hawai'i,0,0.23809523809523814,17.92857142857143,3.9047619047619087,14.023809523809518,4.395225464190979,-0.6829966906310627,-9.238095238095237,-20.357142857142847,-29.59523809523809,-84.40476190476193,40.333333333333314,-0.5714285714285714,0.22666666666666674,8.633333333333333,0.8333333333333333,0.07523510971786829,0.8571428571428572,-0.1318681318681319,36.07142857142861,213.66666666666674,16.714285714285708
400869241,2016,11,2016-11-13 03:15:00+00:00,Air Force,Colorado State,1,0.11111111111111105,5.666666666666668,4.888888888888889,0.7777777777777786,4.575225645813881,0.07291161889141584,-9.222222222222221,-6.111111111111107,-15.333333333333336,-48.333333333333314,-55.333333333333314,-0.111111111111111,-0.1424248866213153,-4.004372165532879,-0.2222222222222221,0.10574998647698391,-0.11111111111111072,-0.13709928415810768,29.333333333333314,171.55555555555566,-7.555555555555564
400869252,2016,13,2016-11-25 20:30:00+00:00,Air Force,Boise State,1,-0.18181818181818188,-7.000000000000002,-2.0,-5.0,1.294333802114048,0.29444839375782816,-4.0,-3.0,-6.999999999999993,16.848484848484873,23.72727272727269,0.1818181818181819,0.03710317460317458,0.38575396825396807,-0.18181818181818188,0.002693602693602748,-0.9090909090909092,-0.2115410788005263,-27.181818181818187,262.0000000000007,-16.090909090909086
400869266,2016,1,2016-09-03 22:30:00+00:00,Akron,VMI,1,,,,,,,,,,,,,,,,,,,,,
400869285,2016,4,2016-09-24 19:30:00+00:00,Akron,App State,0,0.3333333333333333,8.0,22.666666666666657,-14.666666666666657,3.8051846032992938,0.8142857142857141,0.0,-0.0,0.0,0.0,0.0,0.0,0.0,-8.25,-0.6666666666666667,0.1841491841491841,0.0,0.03456402199528674,119.33333333333331,-711.0,-48.333333333333314
400869302,2016,6,2016-10-08 19:00:00+00:00,Akron,Miami (OH),1,0.6,11.0,20.400000000000002,-9.400000000000002,0.4968674698795148,2.1159420289855073,7.266666666666655,-2.2666666666666555,5.0,59.26666666666665,14.600000000000023,0.0666666666666666,0.0902777777777779,7.229166666666667,0.20000000000000018,-0.020512820512820495,-0.40000000000000013,0.06112449799196784,78.40000000000003,-547.4000000000001,-10.0
400869310,2016,7,2016-10-15 19:30:00+00:00,Akron,Western Michigan,0,-0.33333333333333337,-20.16666666666666,-7.1666666666666785,-13.0,-0.9143162393162427,-0.5633355183441591,-5.833333333333314,8.33333333333334,2.4999999999999947,-16.333333333333314,-53.33333333333337,0.0,0.026666666666666727,7.496666666666667,-1.6666666666666667,-0.14047619047619048,-1.1666666666666667,-0.10138888888888886,-64.0,-582.8333333333333,-24.333333333333336
400869322,2016,10,2016-11-02 23:30:00+00:00,Akron,Toledo,0,-0.19444444444444442,-18.875,-8.152777777777779,-10.722222222222221,-2.8340162673655964,-0.2630124366651314,-6.513888888888893,2.722222222222225,-3.7916666666666643,14.819444444444457,-31.763888888888914,-0.1388888888888889,0.10063775510204082,8.553869047619047,-0.4305555555555556,-0.12564480471628586,-0.9305555555555556,-0.1338427652060492,-143.81944444444446,-391.3611111111111,-1.0277777777777715
400869327,2016,11,2016-11-10 01:00:00+00:00,Akron,Bowling Green,0,0.3888888888888889,18.08888888888889,8.57777777777778,9.51111111111112,1.9301609038000684,0.7489021459938687,-11.57777777777778,-5.177777777777784,-16.755555555555553,-13.566666666666663,-42.94444444444443,-0.0555555555555555,-0.01670445956160238,-2.413756613756618,1.2888888888888888,0.13703703703703707,-0.033333333333333215,0.016387082049526436,19.23333333333329,-73.73333333333335,2.6111111111111143
400868969,2016,1,2016-09-04 00:00:00+00:00,Alabama,USC,1,,,,,,,,,,,,,,,,,,,,,
400868980,2016,2,2016-09-10 19:30:00+00:00,Alabama,Western Kentucky,1,0.0,14.0,6.0,8.0,-3.382539682539683,2.144444444444445,0.0,-0.0,0.0,0.0,0.0,0.0,,,-2.0,0.10000000000000003,3.0,-0.07619047619047625,-184.0,-92.0,45.0
400869002,2016,4,2016-09-24 16:00:00+00:00,Alabama,Kent State,1,0.6666666666666667,27.33333333333333,20.66666666666667,6.666666666666661,2.806456043956044,1.7090453406242876,0.0,-0.0,0.0,0.0,0.0,0.0,,,0.6666666666666667,0.11871069182389943,0.33333333333333304,0.04038461538461546,178.33333333333331,153.0,-1.3333333333333215
400869010,2016,5,2016-10-01 23:00:00+00:00,Alabama,Kentucky,1,0.5,36.75,16.25,20.5,-2.334829268292684,0.614957865168539,-0.2500000000000109,-5.833333333333332,-6.083333333333334,9.083333333333371,41.25,-0.1666666666666666,-0.11111111111111116,10.055555555555555,2.0,0.08797653958944279,1.25,0.03863414634146345,83.25,397.25,2.25
400869029,2016,8,2016-10-22 19:30:00+00:00,Alabama,Texas A&M,1,0.0,9.428571428571427,5.261904761904773,4.166666666666668,1.350093188749577,-0.636669727578818,0.7380952380952266,5.499999999999998,6.238095238095241,26.119047619047652,43.02380952380952,0.0,-0.0888888888888889,-0.3805555555555564,0.40476190476190466,0.10248655913978494,0.5238095238095242,0.11119112165367673,-28.11904761904765,282.1190476190477,1.7142857142857153
400869049,2016,11,2016-11-12 17:00:00+00:00,Alabama,Mississippi State,1,0.5555555555555556,25.77777777777778,9.222222222222232,16.555555555555557,1.0492963508427424,0.4174132247430675,-21.555555555555564,11.777777777777777,-9.777777777777777,-111.44444444444446,-83.66666666666663,-0.2222222222222222,0.09464285714285714,6.5184523809523816,-0.0,0.09395132426628489,1.8888888888888884,0.04675994108983794,32.44444444444446,181.0,6.555555555555557
400869056,2016,12,2016-11-20 00:00:00+00:00,Alabama,Chattanooga,1,,,,,,,,,,,,,,,,,,,,,
400869068,2016,13,2016-11-26 20:30:00+00:00,Alabama,Auburn,1,0.2727272727272727,9.090909090909093,6.18181818181818,2.9090909090909083,0.026159209457157218,0.09244767165137358,-3.8484848484848406,4.757575757575758,0.9090909090909065,36.575757575757564,61.575757575757535,0.0606060606060606,0.21075837742504405,12.562014991181659,-0.4545454545454546,0.028280542986425294,1.3636363636363629,0.0026604807213440607,4.090909090909065,51.72727272727229,-7.0
400869355,2016,2,2016-09-10 19:30:00+00:00,App State,Old Dominion,1,-1.0,-40.0,-41.0,1.0,-4.028485757121438,-1.273561811505508,0.0,-0.0,0.0,0.0,0.0,0.0,,,-0.0,-0.07692307692307701,-2.0,0.16941529235382308,-172.0,599.0,30.0
400869720,2016,3,2016-09-17 16:00:00+00:00,App State,Miami,0,-0.5,-39.0,-32.0,-7.0,-0.046581196581197304,-4.143882783882784,0.0,-0.0,0.0,0.0,0.0,0.0,0.0,25.0,0.5,-0.3076923076923077,-2.5,0.08974358974358976,-143.0,445.5,18.0
400869818,2016,5,2016-10-01 16:00:00+00:00,App State,Georgia State,1,0.5,13.916666666666668,7.416666666666668,6.5,0.7729854828529348,2.4021164021164023,3.916666666666668,-2.5,1.4166666666666667,32.083333333333314,21.333333333333314,0.1666666666666666,-0.11111111111111116,8.0,-0.33333333333333337,-0.10576923076923078,2.3333333333333335,0.07595203029665476,140.58333333333337,806.9166666666667,-20.583333333333343
400869831,2016,8,2016-10-22 19:30:00+00:00,App State,Idaho,1,0.09523809523809523,15.214285714285714,-1.6666666666666714,16.880952380952387,0.2060098875907972,0.6044201135442009,-3.6666666666666607,-1.2142857142857233,-4.88095238095238,-4.714285714285722,-17.047619047619037,0.2380952380952381,0.1577777777777778,8.466666666666663,0.5714285714285714,-0.05643564356435643,1.5476190476190472,0.032010384732234165,4.714285714285722,190.0,-18.0
400869839,2016,10,2016-11-05 19:30:00+00:00,App State,Texas State,1,0.4642857142857143,25.339285714285715,2.375,22.964285714285722,0.605721393034826,2.0261928748053846,9.95833333333334,3.3690476190476115,13.327380952380953,39.41071428571428,77.18452380952391,0.5357142857142857,0.09469387755102054,10.688299319727893,0.6071428571428568,-0.039095006934812715,2.0357142857142856,-0.007462686567164201,43.58928571428572,530.5,5.410714285714292
400869848,2016,12,2016-11-19 19:30:00+00:00,App State,UL Monroe,1,0.29999999999999993,22.7,1.0,21.700000000000003,0.3715076799719359,0.6910834851570042,0.33333333333333215,-1.3666666666666671,-1.0333333333333323,10.0,-8.299999999999981,-0.29999999999999993,0.16829805996472663,9.30789241622575,0.6000000000000001,-0.1247050893158072,1.1,0.04520283645293044,-4.0,162.80000000000018,-18.9
400868922,2016,1,2016-09-04 02:30:00+00:00,Arizona,BYU,0,,,,,,,,,,,,,,,,,,,,,
400869099,2016,2,2016-09-11 02:45:00+00:00,Arizona,Grambling,1,,,,,,,,,,,,,,,,,,,,,
400869108,2016,3,2016-09-18 02:45:00+00:00,Arizona,Hawai'i,1,0.16666666666666669,29.0,-1.5,30.5,-0.3696969696969701,0.1164383561643838,0.0,-0.0,0.0,0.0,0.0,0.0,,,1.6666666666666665,-0.00396825396825401,1.6666666666666667,0.07683982683982693,22.5,-255.33333333333326,12.166666666666657
400869119,2016,4,2016-09-25 02:30:00+00:00,Arizona,Washington,0,-0.33333333333333337,-30.333333333333336,-18.000000000000007,-12.333333333333329,-1.7041446208112845,1.0802415875754958,0.0,-0.0,0.0,0.0,0.0,0.0,-0.16666666666666669,-11.0,0.33333333333333337,-0.041025641025641046,-1.3333333333333335,-0.09656084656084651,28.666666666666686,-39.33333333333326,-21.66666666666668
400869136,2016,7,2016-10-15 19:30:00+00:00,Arizona,USC,0,-0.16666666666666669,-1.6666666666666665,3.166666666666668,-4.833333333333332,0.10856440071556328,1.0251815703692397,-7.833333333333336,-11.166666666666657,-19.0,-97.66666666666669,-63.0,-0.4999999999999999,-0.30166666666666664,-14.486666666666668,0.3333333333333335,-0.029475308641975395,0.16666666666666652,-0.07826475849731662,31.0,-132.83333333333326,-5.5
400869146,2016,9,2016-10-30 03:00:00+00:00,Arizona,Stanford,0,-0.2857142857142857,-3.571428571428571,9.142857142857142,-12.714285714285715,0.8838383838383841,1.3072103362045007,-1.4761904761904798,-9.619047619047617,-11.095238095238095,-17.761904761904646,-13.619047619047675,-0.0476190476190477,0.007619047619047636,-7.157222222222222,0.5714285714285714,-0.053801169590643294,-1.4285714285714288,-0.040935672514619825,134.42857142857133,-302.0,-4.285714285714285
400869156,2016,11,2016-11-13 03:00:00+00:00,Arizona,Colorado,0,-0.5555555555555556,-31.333333333333332,-11.444444444444443,-19.8888888888889,-1.0319812572331841,0.8085871642126561,-1.5555555555555518,-20.111111111111104,-21.666666666666668,-35.666666666666615,17.666666666666707,-0.4444444444444444,0.025680272108843494,-5.009863945578233,-0.6666666666666667,-0.10604241696678673,-0.8888888888888888,-0.12343692663787509,-73.66666666666669,-382.44444444444434,-5.111111111111114
400869167,2016,13,2016-11-26 02:30:00+00:00,Arizona,Arizona State,1,-0.2727272727272727,-11.545454545454545,-11.27272727272727,-0.27272727272726627,-0.591357911188747,1.6722923502285845,0.9393939393939412,-4.060606060606073,-3.1212121212121247,-35.969696969697,-85.93939393939397,0.2727272727272727,-0.027733686067019314,-7.667971781305116,-0.0909090909090906,0.007058551261282131,-0.6363636363636367,-0.06952284637308082,15.636363636363626,-227.72727272727275,-9.454545454545453
400869095,2016,1,2016-09-04 03:00:00+00:00,Arizona State,Northern Arizona,1,,,,,,,,,,,,,,,,,,,,,
400869100,2016,2,2016-09-11 02:00:00+00:00,Arizona State,Texas Tech,1,0.0,-21.0,-25.0,4.0,-2.248826291079811,1.5357142857142856,0.0,-0.0,0.0,0.0,0.0,0.0,,,-1.0,0.10476190476190472,-4.0,0.0646844027125717,-302.0,-221.0,2.0
400869120,2016,4,2016-09-25 02:00:00+00:00,Arizona State,California,1,0.33333333333333337,8.666666666666668,1.0,7.666666666666657,0.18167406467977187,1.3815835612595557,0.0,-0.0,0.0,0.0,0.0,0.0,-0.25,2.25,-0.3333333333333335,0.11025641025641025,0.6666666666666663,0.02460367786937223,-54.66666666666674,163.66666666666674,25.333333333333336
400869131,2016,6,2016-10-09 02:30:00+00:00,Arizona State,UCLA,1,0.20000000000000007,1.6000000000000005,14.8,-13.200000000000003,0.06283300844704343,1.1095214962351228,-5.466666666666665,-3.4666666666666544,-8.933333333333334,-19.0,2.0,-0.19999999999999998,-0.14583333333333337,-4.104166666666666,-0.19999999999999996,0.06835443037974676,0.19999999999999996,0.03580246913580254,42.0,-11.600000000000136,-0.7999999999999972
400869141,2016,8,2016-10-23 02:00:00+00:00,Arizona State,Washington State,0,0.04761904761904767,-13.38095238095238,-4.714285714285715,-8.666666666666671,-0.10615521855486154,-0.6075897815623845,-15.619047619047617,-1.6666666666666643,-17.285714285714285,-128.97619047619054,-14.19047619047626,-0.7142857142857143,-0.036111111111111205,7.441666666666666,-0.40476190476190466,-0.10316552250190703,1.1190476190476188,-0.1375446030330062,-100.35714285714278,-238.28571428571422,30.095238095238102
400869155,2016,11,2016-11-11 02:30:00+00:00,Arizona State,Utah,0,-0.2222222222222222,-7.444444444444445,6.444444444444443,-13.88888888888889,0.04567164179104477,-0.7501812382195165,-10.444444444444443,0.2222222222222321,-10.222222222222221,-63.4444444444444,60.11111111111117,-0.4444444444444445,0.009226190476190443,7.970535714285713,-0.11111111111111116,0.009546165884194102,0.22222222222222232,0.03189054726368157,-31.5555555555556,-348.33333333333326,16.77777777777777
400868970,2016,1,2016-09-03 20:00:00+00:00,Arkansas,Louisiana Tech,1,,,,,,,,,,,,,,,,,,,,,
400868992,2016,3,2016-09-17 23:30:00+00:00,Arkansas,Texas State,1,0.0,0.0,-25.0,25.0,-0.7192118226600979,0.9219736087205965,0.0,-0.0,0.0,0.0,0.0,0.0,,,2.0,-0.011278195488721832,3.0,-0.09421182266009842,-196.0,502.0,15.0
400869011,2016,5,2016-10-01 16:00:00+00:00,Arkansas,Alcorn State,1,,,,,,,,,,,,,,,,,,,,,
400869018,2016,6,2016-10-08 23:00:00+00:00,Arkansas,Alabama,0,-0.19999999999999996,-18.2,-8.0,-10.2,1.045398773006136,-0.581168462847419,4.0,7.200000000000003,11.2,52.666666666666686,49.06666666666669,-0.1333333333333334,0.41666666666666674,8.083333333333332,-0.3999999999999999,-0.07017543859649122,-0.7999999999999998,0.03952673093777381,-41.0,83.40000000000009,0.20000000000000284
400869024,2016,7,2016-10-15 23:00:00+00:00,Arkansas,Ole Miss,1,0.06666666666666665,-4.5,-6.600000000000001,2.1000000000000014,-0.4284385536565516,-0.3105573086192752,-3.3999999999999986,-6.766666666666666,-10.166666666666668,-2.2666666666666515,16.399999999999977,-0.3999999999999999,0.0,-7.888888888888889,-0.19999999999999996,0.010481712756467476,0.3666666666666665,-0.02275898151377742,-42.06666666666666,616.9333333333329,2.9666666666666615
400869041,2016,10,2016-11-05 19:30:00+00:00,Arkansas,Florida,1,-0.2321428571428571,-18.214285714285715,1.446428571428573,-19.660714285714285,1.3312956387753738,-0.3587728679988742,-4.779761904761912,-15.339285714285714,-20.11904761904762,24.15476190476187,74.7202380952381,-0.4345238095238096,0.38253968253968257,15.19761904761905,-0.4464285714285714,-0.12117025599349862,-1.125,0.027617739666376373,18.178571428571445,92.48214285714289,20.48214285714286
400869050,2016,11,2016-11-13 00:00:00+00:00,Arkansas,LSU,0,0.04166666666666663,-9.86111111111111,4.763888888888889,-14.625,1.29257398101619,-2.1545114539504437,-9.76388888888889,-3.708333333333334,-13.472222222222223,-32.18055555555554,-52.513888888888886,-0.0416666666666666,0.29149659863945565,3.1318027210884374,-0.2777777777777777,-0.017820247933884314,-0.625,0.040038904198411385,35.84722222222223,395.6805555555561,-9.902777777777779
400869265,2016,1,2016-09-03 01:00:00+00:00,Arkansas State,Toledo,0,,,,,,,,,,,,,,,,,,,,,
400869815,2016,4,2016-09-24 23:00:00+00:00,Arkansas State,Central Arkansas,0,,,,,,,,,,,,,,,,,,,,,
400869822,2016,6,2016-10-06 00:00:00+00:00,Arkansas State,Georgia Southern,1,-0.75,-32.5,-16.25,-16.25,-0.9819376026272586,-2.6831357048748345,9.25,4.916666666666671,14.166666666666666,78.5,64.83333333333337,0.0833333333333333,-0.5833333333333334,-7.138888888888889,0.25,-0.2716273442226257,-0.75,-0.005473453749315849,-103.5,-573.25,-4.75
400869826,2016,7,2016-10-15 23:00:00+00:00,Arkansas State,South Alabama,1,-0.39999999999999997,-15.2,-8.399999999999999,-6.800000000000001,0.540795362829261,0.4872116119174943,-3.6000000000000085,8.13333333333334,4.533333333333332,50.73333333333329,47.33333333333334,0.06666666666666671,-0.20833333333333331,-11.208333333333336,-1.0,-0.1395724082291247,-0.6000000000000001,-0.03393499156211022,6.600000000000023,-360.79999999999995,-5.200000000000003
400869836,2016,9,2016-10-29 23:00:00+00:00,Arkansas State,UL Monroe,1,0.047619047619047616,5.714285714285715,-5.928571428571427,11.642857142857146,1.3405791157411198,-0.6122637159981568,-1.071428571428573,10.357142857142861,9.285714285714285,33.7619047619047,19.047619047619065,0.2857142857142857,-0.004166666666666596,3.434722222222222,-0.023809523809523725,-0.18119266055045868,0.5714285714285714,0.004074043693435003,-15.095238095238074,-113.78571428571422,-15.619047619047613
400869843,2016,11,2016-11-12 20:00:00+00:00,Arkansas State,New Mexico State,1,0.25,17.75,0.25,17.5,0.9094650205761319,-0.35519959873076834,15.416666666666668,14.5,29.916666666666668,4.625,-0.41666666666662877,0.75,-0.1772108843537415,-4.320578231292518,-0.0,-0.11348963642541621,1.25,-0.0030864197530864335,-46.625,80.625,-11.375
400868911,2016,2,2016-09-10 16:00:00+00:00,Army,Rice,1,1.0,47.0,14.0,33.0,-1.8947368421052628,1.7286295793758484,0.0,-0.0,0.0,0.0,0.0,0.0,,,2.0,0.0,4.0,-0.20526315789473681,53.0,483.0,28.0
400868915,2016,7,2016-10-15 16:00:00+00:00,Army,Lafayette,1,,,,,,,,,,,,,,,,,,,,,
400868916,2016,8,2016-10-22 16:00:00+00:00,Army,North Texas,0,0.30000000000000004,30.03333333333333,15.56666666666667,14.466666666666669,4.705687830687829,2.3035934566908014,2.7666666666666657,-0.4666666666666668,2.299999999999999,25.19999999999999,-7.900000000000006,-0.3,-0.33333333333333337,-21.875,0.7333333333333333,0.1647116324535679,-0.33333333333333304,0.011243386243386166,143.4666666666667,502.5999999999999,23.266666666666673
400868918,2016,10,2016-11-05 16:00:00+00:00,Army,Air Force,0,0.0892857142857143,10.642857142857142,2.142857142857146,8.5,-1.6320707070707101,0.8827471335605832,-1.142857142857146,6.500000000000007,5.357142857142858,13.416666666666629,49.63690476190479,0.24404761904761907,-0.1171768707482993,-9.597108843537415,-0.3392857142857142,0.014421881475341902,-1.0357142857142858,0.09570707070707074,16.25,230.803571428572,2.75
400868920,2016,12,2016-11-19 17:00:00+00:00,Army,Morgan State,1,0.5555555555555556,69.77777777777777,29.33333333333333,40.44444444444444,2.8219696969696972,4.118017188459177,-16.33333333333333,-7.777777777777768,-24.11111111111111,-129.5555555555556,-6.0,-0.2222222222222222,,,2.333333333333333,0.1944692239072257,0.33333333333333326,0.00378787878787884,191.8888888888889,107.77777777777783,17.22222222222222
400868921,2016,15,2016-12-10 20:00:00+00:00,Army,Navy,1,-0.15000000000000002,4.033333333333333,-6.683333333333337,10.716666666666669,-3.319570135746604,-0.1723193129803251,-17.65,-4.716666666666669,-22.366666666666664,-128.2666666666667,-21.86666666666664,-0.1833333333333333,-0.36961867047094327,-25.157274039092222,-0.7,-0.08012390294269489,0.3833333333333333,-0.13631221719457015,-27.73333333333329,132.5999999999999,-25.06666666666667
400868971,2016,1,2016-09-04 01:00:00+00:00,Auburn,Clemson,0,,,,,,,,,,,,,,,,,,,,,
400868982,2016,2,2016-09-10 23:30:00+00:00,Auburn,Arkansas State,1,0.0,15.0,3.0,12.0,0.8733333333333331,-1.6148908857509627,0.0,-0.0,0.0,0.0,0.0,0.0,,,-3.0,-0.011029411764705899,0.0,0.06,-4.0,246.0,-12.0
400868993,2016,3,2016-09-17 23:00:00+00:00,Auburn,Texas A&M,0,-0.5,-21.5,-17.0,-4.5,0.9386274103255232,-0.7458522797099674,0.0,-0.0,0.0,0.0,0.0,0.0,,,-0.0,0.050403225806451624,-2.0,0.06531204644412192,-73.0,306.5,1.0
400869003,2016,4,2016-09-24 22:00:00+00:00,Auburn,LSU,1,-0.3333333333333333,-1.333333333333333,3.0,-4.333333333333336,0.04419191919191867,-0.20952380952380967,0.0,-0.0,0.0,0.0,0.0,0.0,0.0,2.0,0.33333333333333326,-0.02426916712631,-1.9999999999999998,0.07196969696969702,115.66666666666669,273.0,6.6666666666666785
400869012,2016,5,2016-10-01 19:30:00+00:00,Auburn,UL Monroe,1,0.16666666666666669,14.75,-0.8333333333333286,15.583333333333336,-0.24987225344915664,0.03902165795369683,3.8333333333333286,0.0833333333333321,3.916666666666666,58.916666666666686,9.666666666666629,0.1666666666666666,0.05555555555555547,-4.472222222222222,0.16666666666666674,0.03967168262653903,-0.08333333333333304,0.05782660534832229,27.75,322.0,20.666666666666657
400869030,2016,8,2016-10-22 22:00:00+00:00,Auburn,Arkansas,1,-0.04761904761904767,9.333333333333332,-2.5238095238095184,11.857142857142858,0.19424242424242522,0.4997076511861005,1.8571428571428612,6.476190476190476,8.333333333333336,-17.928571428571445,9.857142857142833,0.38095238095238093,-0.42000000000000004,-14.483333333333333,0.35714285714285676,0.0543478260869566,0.19047619047619024,0.052727272727272734,33.59523809523813,-190.88095238095252,15.976190476190482
400869042,2016,10,2016-11-05 16:00:00+00:00,Auburn,Vanderbilt,1,0.25,20.875,15.5,5.375,3.4571789686552066,1.239206207283253,7.499999999999989,-3.041666666666666,4.458333333333329,22.33333333333337,-9.5,0.0833333333333334,-0.2268140589569161,-8.903684807256235,-0.25,0.14342820594819322,1.375,0.15298281092012134,199.0,71.875,13.5
400869057,2016,12,2016-11-20 00:30:00+00:00,Auburn,Alabama A&M,1,0.7,71.3,32.0,39.3,5.758968609865471,2.088701542008935,-8.666666666666671,-3.633333333333329,-12.3,-93.10000000000002,-45.6,-0.0333333333333333,,,-0.10000000000000009,0.3769953051643193,2.3,0.2707399103139013,315.1,534.7,-4.299999999999997
400868924,2016,3,2016-09-18 02:15:00+00:00,BYU,UCLA,0,0.0,-6.5,-14.5,8.0,-1.6354903943377153,0.48666666666666725,0.0,-0.0,0.0,0.0,0.0,0.0,0.0,-26.0,0.5,-0.005561735261401579,1.5,0.041793056959892105,-110.5,-71.5,-43.0
400868926,2016,5,2016-10-01 02:15:00+00:00,BYU,Toledo,1,-0.75,-33.916666666666664,-21.916666666666657,-12.0,-5.938236182422229,-0.4593984962406017,0.916666666666668,-2.0,-1.083333333333333,-10.0,5.833333333333314,-0.25,0.5833333333333334,18.416666666666664,-0.6666666666666667,-0.12800274536719292,-1.833333333333333,-0.007248565388100259,-178.66666666666663,-58.25,-3.75
400868928,2016,7,2016-10-15 02:15:00+00:00,BYU,Mississippi State,1,0.09999999999999998,2.933333333333333,2.5666666666666664,0.3666666666666707,-0.04943055066337898,0.22145748987854308,9.76666666666667,-2.3666666666666707,7.4,100.13333333333333,-28.066666666666638,0.23333333333333328,0.19166666666666665,11.241666666666664,-0.1333333333333333,0.17393509127789047,-0.3666666666666669,-0.011653164259715854,15.866666666666674,191.1333333333332,3.0333333333333456
400868931,2016,11,2016-11-12 20:00:00+00:00,BYU,Southern Utah,1,0.5555555555555556,28.11111111111111,27.11111111111111,1.0,3.506131549609811,1.1509562841530059,-2.1111111111111107,5.666666666666668,3.555555555555556,-64.88888888888891,-33.33333333333334,0.111111111111111,,,0.7777777777777777,0.3077858880778589,0.0,0.24526198439241914,230.22222222222223,648.7777777777776,-38.0
400868932,2016,12,2016-11-19 19:00:00+00:00,BYU,Massachusetts,1,0.39999999999999997,16.5,5.0,11.5,-0.43008568292403293,1.3634741695086525,-8.0,7.833333333333334,-0.16666666666666785,-60.63333333333338,-30.03333333333336,-0.06666666666666671,0.30846560846560844,10.08637566137566,0.6000000000000001,0.1388888888888889,0.20000000000000018,0.03985976179164141,60.30000000000001,347.20000000000005,2.799999999999997
400868933,2016,13,2016-11-27 03:15:00+00:00,BYU,Utah State,1,0.36363636363636365,14.18181818181818,5.0,9.181818181818173,-0.2634444444444446,-0.363498120678277,2.333333333333332,22.48484848484849,24.818181818181824,-6.272727272727195,20.66666666666663,0.6363636363636362,0.09833333333333338,9.167063492063493,-0.18181818181818143,0.08538011695906428,0.7272727272727273,0.02211111111111108,18.272727272727195,356.181818181818,-4.454545454545453
400869279,2016,3,2016-09-17 19:00:00+00:00,Ball State,Eastern Kentucky,1,0.5,21.0,1.5,19.5,0.11864406779660985,1.2380952380952381,0.0,-0.0,0.0,0.0,0.0,0.0,,,1.5,-0.1176470588235295,3.0,-0.03206596426935415,26.0,273.5,7.0
400869297,2016,5,2016-10-01 19:30:00+00:00,Ball State,Northern Illinois,0,0.75,21.75,5.25,16.5,-0.24957504249574924,0.026786021690480055,2.75,-0.8333333333333321,1.9166666666666679,6.083333333333314,58.583333333333314,-0.0833333333333333,-0.5555555555555556,-35.44444444444444,-0.75,0.1586174242424242,3.75,-0.004199580041995721,11.25,402.75,60.5
400869311,2016,8,2016-10-22 19:00:00+00:00,Ball State,Akron,0,0.0,6.714285714285714,-3.8571428571428577,10.57142857142857,-1.5950750288572522,0.21917933269432677,7.190476190476186,-8.904761904761898,-1.7142857142857144,80.71428571428572,80.38095238095235,-0.3333333333333332,-0.2416666666666667,-18.552777777777777,-0.14285714285714257,0.09966358284272497,1.7142857142857142,0.011735282801077385,44.28571428571428,476.71428571428623,42.57142857142857
400869321,2016,10,2016-11-02 00:00:00+00:00,Ball State,Western Michigan,0,-0.5,-22.5,-16.375,-6.125,-3.0227272727272716,-0.3391815731438381,-1.6249999999999893,-0.20833333333333948,-1.8333333333333286,-58.833333333333314,-84.04166666666669,-0.1666666666666666,-0.16088435374149662,-8.462585034013605,-1.375,-0.0979875086745316,0.375,-0.12056277056277054,-60.5,-140.0,20.125
400869325,2016,11,2016-11-09 00:00:00+00:00,Ball State,Eastern Michigan,0,-0.11111111111111116,-0.7777777777777779,-2.555555555555557,1.7777777777777821,-1.500346408558329,1.105070997013466,3.555555555555557,-6.777777777777782,-3.2222222222222223,60.55555555555554,-61.66666666666666,0.1111111111111111,-0.047321428571428514,-1.334375,-0.11111111111111116,0.010842237586423609,0.9999999999999998,-0.035211411105450785,23.111111111111143,92.22222222222194,31.888888888888886
400868876,2016,1,2016-09-02 23:30:00+00:00,Baylor,Northwestern State,1,,,,,,,,,,,,,,,,,,,,,
400868877,2016,2,2016-09-10 19:30:00+00:00,Baylor,SMU,1,0.0,35.0,21.0,14.0,-3.421455938697318,0.48230535894843296,0.0,-0.0,0.0,0.0,0.0,0.0,,,-0.0,-0.10476190476190472,-3.0,0.17369093231162203,-74.0,-170.0,-33.0
400868878,2016,4,2016-09-24 23:30:00+00:00,Baylor,Oklahoma State,1,0.33333333333333337,15.000000000000007,0.0,15.0,-1.7068235294117633,2.5032894736842106,0.0,-0.0,0.0,0.0,0.0,0.0,-0.5,-34.75,-0.3333333333333335,0.0653021442495127,-0.9999999999999998,-0.06057142857142861,99.00000000000006,268.0,-43.0
400868880,2016,7,2016-10-15 19:30:00+00:00,Baylor,Kansas,1,0.8,31.4,17.6,13.8,1.2507692307692295,2.6044059057886106,5.400000000000002,1.5333333333333279,6.933333333333328,50.66666666666663,39.666666666666636,0.2,-0.08750000000000008,-11.395833333333336,2.0,0.12667004904447826,-0.7999999999999998,-0.06011834319526632,192.0,-21.40000000000009,-36.8
400868882,2016,10,2016-11-05 19:30:00+00:00,Baylor,TCU,0,0.3571428571428571,18.321428571428573,7.910714285714285,10.410714285714285,0.5888654791546957,0.7190541855937695,15.422619047619044,-10.410714285714285,5.011904761904759,141.22619047619042,64.22023809523807,-0.023809523809523808,-0.10130385487528343,0.26456916099773176,0.3214285714285714,0.036349628799551725,-1.303571428571428,-0.04644065632382055,72.10714285714289,35.053571428571104,-0.8928571428571388
400868884,2016,12,2016-11-19 17:00:00+00:00,Baylor,Kansas State,0,0.11111111111111105,3.6666666666666696,6.888888888888889,-3.2222222222222214,1.5067110432125697,0.2601254722866324,-10.88888888888889,-14.111111111111114,-25.000000000000007,-69.22222222222217,20.666666666666657,-0.7777777777777777,-0.1282454648526078,-3.906916099773243,-0.6666666666666667,-0.003177966101694907,0.22222222222222188,-0.037319947621126226,171.88888888888886,-266.7777777777776,-28.55555555555555
400869106,2016,2,2016-09-11 02:15:00+00:00,Boise State,Washington State,1,1.0,38.0,3.0,35.0,4.1329670329670325,0.2778947368421054,0.0,-0.0,0.0,0.0,0.0,0.0,,,1.0,-0.044871794871794934,3.0,-0.10274725274725272,69.0,-183.0,41.0
400869207,2016,5,2016-10-02 02:15:00+00:00,Boise State,Utah State,1,0.5,15.333333333333332,11.5,3.833333333333332,2.7054263565891477,0.4049005951627196,6.166666666666671,6.166666666666668,12.333333333333334,48.583333333333314,-34.333333333333314,0.1666666666666666,-0.08333333333333331,20.916666666666668,-0.6666666666666667,-0.010690789473684292,1.833333333333333,-0.008114178077229584,123.08333333333331,-106.33333333333326,-8.0
400869220,2016,7,2016-10-16 02:15:00+00:00,Boise State,Colorado State,1,0.5,22.03333333333333,11.966666666666669,10.066666666666666,2.604277897529432,-0.015448898927160393,0.03333333333333144,2.600000000000005,2.633333333333335,-52.5333333333333,-84.80000000000007,0.1666666666666666,-0.35,-3.0374999999999996,0.30000000000000004,0.1444444444444445,1.9666666666666668,0.08990217211076101,65.19999999999999,-109.43333333333317,-2.200000000000003
400869224,2016,8,2016-10-21 02:15:00+00:00,Boise State,BYU,1,0.4285714285714286,13.0,7.190476190476193,5.809523809523814,3.4256236243580345,-0.5282223959912544,-12.523809523809529,5.523809523809515,-7.0,-65.33333333333337,-0.19047619047609032,-0.4285714285714286,-0.33333333333333337,-10.47777777777778,0.4285714285714286,0.022435897435897467,2.30952380952381,0.03714233308877468,61.666666666666686,-198.28571428571445,14.357142857142847
400869236,2016,10,2016-11-05 02:15:00+00:00,Boise State,San José State,1,0.5416666666666667,23.875,10.38888888888889,13.486111111111114,2.6878925890332734,0.8139566794080171,1.9444444444444446,-14.819444444444454,-12.875,76.63888888888891,30.94444444444443,-0.5416666666666666,-0.022278911564625803,4.659693877551021,-0.06944444444444442,0.0976747686056137,1.7361111111111112,0.07806515411078141,120.02777777777777,-227.8611111111111,-8.75
400869246,2016,12,2016-11-19 02:00:00+00:00,Boise State,UNLV,1,0.5,15.5,2.1000000000000014,13.399999999999999,3.39141414141414,-0.9262210539344258,0.8999999999999986,6.933333333333332,7.833333333333333,-9.000000000000057,-48.70000000000002,-0.16666666666666669,-0.030070546737213433,3.866490299823634,-0.10000000000000009,0.1121951219512195,1.9999999999999998,0.1836219336219337,73.0,-18.399999999999864,11.800000000000004
400869424,2016,1,2016-09-03 11:30:00+00:00,Boston College,Georgia Tech,0,,,,,,,,,,,,,,,,,,,,,
400869447,2016,4,2016-09-24 17:00:00+00:00,Boston College,Wagner,1,,,,,,,,,,,,,,,,,,,,,
400869294,2016,5,2016-10-01 17:00:00+00:00,Boston College,Buffalo,1,0.16666666666666669,8.75,2.833333333333332,5.916666666666668,1.3636363636363633,-0.5353341847594715,2.166666666666668,-1.25,0.9166666666666666,-0.1666666666666856,2.416666666666657,0.1666666666666666,-0.5,-15.5,0.16666666666666674,-0.06343549536707066,2.75,0.0,-23.5,345.33333333333326,-18.166666666666664
400869457,2016,6,2016-10-07 23:30:00+00:00,Boston College,Clemson,0,-0.4,-13.0,-11.800000000000004,-1.1999999999999993,0.15111399524118507,-0.8383214214810404,-4.866666666666664,-5.133333333333335,-10.0,-35.53333333333336,-13.666666666666657,0.0666666666666666,-0.4722222222222223,-25.125,0.6000000000000001,-0.09116809116809121,-0.3999999999999999,-0.10884706900281194,-127.79999999999995,345.0,6.799999999999997
400869468,2016,8,2016-10-22 16:30:00+00:00,Boston College,Syracuse,0,0.07142857142857151,4.357142857142857,-5.261904761904759,9.619047619047617,-0.6490060288218027,0.25526095977150876,9.92857142857143,-0.952380952380949,8.976190476190476,80.4523809523809,55.642857142857196,0.2619047619047617,-0.29444444444444445,-21.702777777777776,-0.38095238095238093,-0.06424242424242421,1.2857142857142858,-0.12160738698760609,-158.78571428571428,302.3095238095236,-4.571428571428569
400869476,2016,10,2016-11-05 16:00:00+00:00,Boston College,Louisville,0,-0.375,-29.0,-29.0,-0.0,-2.947570564150876,-2.5998485122352193,9.333333333333345,-15.333333333333332,-5.999999999999995,76.0,-4.541666666666686,-0.29166666666666663,-0.22097505668934248,-15.83877551020408,0.5,-0.08424908424908428,0.875,-0.0883184173339614,-278.0,240.25,24.25
400869490,2016,12,2016-11-19 18:00:00+00:00,Boston College,UConn,1,0.10000000000000003,0.5,1.6999999999999993,-1.2000000000000028,-0.5988953575160467,0.3165967479980685,3.6333333333333346,-7.133333333333329,-3.5,2.6000000000000227,41.0,0.23333333333333328,-0.033019179894179906,-5.211684303350969,-0.5999999999999999,-0.016958779617007425,1.6,-0.08210180623973734,-45.60000000000002,78.29999999999995,-28.200000000000003
400869276,2016,2,2016-09-10 19:30:00+00:00,Bowling Green,North Dakota,1,,,,,,,,,,,,,,,,,,,,,
400869281,2016,3,2016-09-17 16:00:00+00:00,Bowling Green,Middle Tennessee,0,0.0,-49.0,-21.0,-28.0,-1.2305873078439102,-3.074299312533051,0.0,-0.0,0.0,0.0,0.0,0.0,,,-1.0,-0.25622119815668204,-2.5,-0.13776113519905397,-258.5,-676.0,47.0
400869295,2016,5,2016-10-01 19:20:00+00:00,Bowling Green,Eastern Michigan,0,-0.5,-47.0,-21.25,-25.75,-2.6699334652040996,-0.7335924178133797,9.916666666666671,12.416666666666664,22.333333333333332,46.83333333333337,-8.75000000000006,0.1666666666666666,0.3611111111111112,31.0,-1.5,-0.22925598991172758,-0.75,-0.08038122639812983,-94.5,-403.25,20.75
400869316,2016,8,2016-10-22 16:00:00+00:00,Bowling Green,Miami (OH),0,0.0,-15.142857142857142,3.571428571428573,-18.714285714285705,-2.4657891533793546,1.262877782692024,11.761904761904761,7.380952380952369,19.142857142857146,132.5714285714286,95.38095238095232,-0.33333333333333326,0.20999999999999996,14.143333333333333,-0.7142857142857144,-0.056641404068607876,-0.571428571428571,0.005564152944654066,56.428571428571445,-260.0000000000002,7.428571428571416
400869330,2016,12,2016-11-16 00:00:00+00:00,Bowling Green,Kent State,1,-0.09999999999999998,-15.3,1.0,-16.299999999999997,0.4004230819557728,-0.4968745997182018,7.666666666666671,3.63333333333334,11.3,-7.7666666666666515,33.53333333333332,0.1,0.004081632653061273,2.891574546485262,-1.5999999999999999,-0.10479449050313641,-0.5,0.022255419374536567,73.09999999999997,-215.29999999999995,-23.199999999999996
400869338,2016,13,2016-11-25 19:30:00+00:00,Bowling Green,Buffalo,1,0.09090909090909091,1.09090909090909,8.363636363636367,-7.272727272727273,0.258051363036218,-0.3139756904019002,13.636363636363635,16.27272727272727,29.909090909090907,7.939393939393881,-89.99999999999997,0.5757575757575757,-0.015357142857142958,3.5761111111111115,-1.272727272727273,-0.07016088305317081,0.0,0.007863670489553942,49.72727272727275,46.18181818181802,-17.81818181818182
400869259,2016,1,2016-09-02 23:00:00+00:00,Buffalo,UAlbany,0,,,,,,,,,,,,,,,,,,,,,
400868913,2016,4,2016-09-24 23:00:00+00:00,Buffalo,Army,1,-1.0,-43.0,-26.666666666666657,-16.333333333333336,-8.035087719298247,0.2285121346630543,0.0,-0.0,0.0,0.0,0.0,0.0,0.25,7.5,-2.0,-0.20613690007867824,-1.6666666666666665,-0.2631578947368422,-70.66666666666669,-751.833333333333,-22.16666666666667
400869301,2016,6,2016-10-08 19:30:00+00:00,Buffalo,Kent State,0,0.04999999999999999,-3.75,-6.600000000000001,2.8500000000000014,-1.2309582309582314,0.8006535947712425,1.9333333333333353,-5.183333333333334,-3.2500000000000018,-56.4666666666667,-16.56666666666669,-0.05,-0.08333333333333337,-8.124999999999996,-0.10000000000000009,0.011904761904761918,-1.35,-0.0589680589680589,-23.19999999999999,-493.4000000000001,6.549999999999997
400869305,2016,7,2016-10-15 19:30:00+00:00,Buffalo,Ball State,0,-0.3,-20.1,-12.8,-7.300000000000001,-1.1240766683647472,-0.4929711905588334,2.800000000000006,1.6333333333333293,4.433333333333334,-58.60000000000002,-16.899999999999977,0.29999999999999993,0.16333333333333344,8.044166666666666,0.26666666666666683,-0.07386659718603433,-2.4333333333333336,-0.09465741212429957,-125.06666666666666,-420.0333333333333,-13.466666666666669
400869317,2016,9,2016-10-27 23:30:00+00:00,Buffalo,Akron,1,-0.4821428571428572,-17.821428571428573,-17.767857142857142,-0.0535714285714306,-2.849038491801215,-0.6261777438248037,10.434523809523814,-13.279761904761898,-2.845238095238095,108.13690476190482,120.36309523809524,-0.1845238095238094,-0.11972789115646265,-9.545748299319728,0.0535714285714286,-0.055198715375351204,-0.4821428571428572,-0.05394517357504802,-88.80357142857144,119.6785714285711,26.0
400869329,2016,11,2016-11-12 18:00:00+00:00,Buffalo,Miami (OH),0,-0.1777777777777778,-12.477777777777781,-5.277777777777779,-7.199999999999999,-2.2774716681504295,1.111631136159438,-10.388888888888893,-6.133333333333336,-16.52222222222222,3.1555555555556225,46.11111111111114,-0.4888888888888889,0.026388888888888906,1.993204365079365,0.14444444444444438,0.01534397482014388,-0.5222222222222221,-0.03297562618801286,-3.488888888888937,-336.5222222222221,14.299999999999997
400869090,2016,1,2016-08-27 02:00:00+00:00,California,Hawai'i,1,,,,,,,,,,,,,,,,,,,,,
400869117,2016,3,2016-09-18 02:30:00+00:00,California,Texas,1,-0.5,-11.0,0.0,-11.0,-1.9025974025974,0.9053293611386959,0.0,-0.0,0.0,0.0,0.0,0.0,0.0,15.0,-1.0,0.03873873873873879,-3.0,-0.08210678210678213,150.5,92.0,42.0
400869128,2016,5,2016-10-01 22:00:00+00:00,California,Utah,1,-0.5,-8.5,18.25,-26.75,0.20334620334620368,-0.22035527882062134,-2.9166666666666714,1.4166666666666639,-1.4999999999999991,-9.083333333333371,20.666666666666686,-0.1666666666666666,0.38888888888888895,24.611111111111107,0.75,0.029350104821802947,-2.0,-0.0053625053625053765,166.75,-377.75,-7.25
400869140,2016,8,2016-10-22 02:30:00+00:00,California,Oregon,1,0.16666666666666669,7.333333333333333,5.5,1.8333333333333357,-0.4821415283875288,-1.330134514435695,1.4999999999999885,11.833333333333329,13.333333333333329,0.33333333333337123,-62.83333333333326,0.1666666666666667,0.25,-3.6533333333333324,-0.33333333333333326,-0.03191974464204278,-0.9999999999999998,-0.042413870079619054,35.333333333333314,76.83333333333326,9.166666666666671
400869154,2016,10,2016-11-06 02:30:00+00:00,California,Washington,0,-0.5,-30.875,-4.875,-26.0,-2.7199695121951244,-0.937491973427667,-2.4583333333333357,-0.33333333333333215,-2.791666666666668,-73.95833333333326,-118.41666666666663,-0.1666666666666666,0.12568027210884358,9.700340136054422,-0.625,-0.04482642399730369,-1.75,-0.053048780487804925,62.625,-118.75,-32.25
400869166,2016,12,2016-11-19 22:30:00+00:00,California,Stanford,0,-0.29999999999999993,-11.5,14.699999999999996,-26.200000000000003,0.7276422764227641,-0.14719035282506798,-28.03333333333333,-12.133333333333322,-40.16666666666667,-159.2333333333333,-7.5666666666666345,-0.7,0.26102292768959445,7.150132275132274,0.30000000000000004,-0.027889335118250758,-1.7500000000000002,0.02491019096237468,177.89999999999998,-311.79999999999995,-32.60000000000001
400869169,2016,13,2016-11-27 00:00:00+00:00,California,UCLA,1,0.0,-7.909090909090909,10.9090909090909,-18.81818181818182,-0.2755574110850336,1.7149273104880578,-5.242424242424242,-10.18181818181817,-15.424242424242419,26.000000000000057,76.69696969696975,-0.33333333333333337,0.07031746031746022,-0.12734126984127236,0.7272727272727273,0.03368652538984401,-0.8636363636363638,0.050065445026178046,123.99999999999994,-28.09090909090901,-23.909090909090907
400869257,2016,1,2016-09-01 23:00:00+00:00,Central Michigan,Presbyterian,1,,,,,,,,,,,,,,,,,,,,,
400869198,2016,3,2016-09-17 19:00:00+00:00,Central Michigan,UNLV,1,0.5,10.0,-2.5,12.5,-0.5278745644599301,-0.9938686708860764,0.0,-0.0,0.0,0.0,0.0,0.0,1.0,61.0,-0.5,-0.06340579710144928,2.0,0.1348432055749128,39.5,389.5,7.5
400869298,2016,5,2016-10-01 23:00:00+00:00,Central Michigan,Western Michigan,0,-0.25,-8.5,-4.25,-4.25,0.03979797979797972,-0.7762121212121214,-10.416666666666664,-7.416666666666668,-17.83333333333333,-22.833333333333314,32.5,-0.0833333333333333,0.0,21.055555555555554,-1.5,0.0015948963317384268,-0.5,-0.07353535353535356,7.5,-48.75,2.5
400869299,2016,6,2016-10-08 19:30:00+00:00,Central Michigan,Ball State,1,0.0,-1.0,4.200000000000003,-5.199999999999999,2.198951729332747,-0.6166203519915316,-6.533333333333335,-10.466666666666658,-17.0,-26.80000000000001,-27.99999999999997,-0.3333333333333332,0.2916666666666667,29.541666666666668,-0.0,0.042081368954077214,-2.2,0.019050907036595288,1.8000000000000114,7.2000000000000455,-28.6
400869319,2016,9,2016-10-29 16:00:00+00:00,Central Michigan,Kent State,0,0.375,6.625,9.0,-2.375,2.5400938000457556,0.14796636889122405,-6.666666666666668,-6.958333333333336,-13.625,-25.208333333333314,6.583333333333371,-0.0416666666666667,0.12142857142857144,12.576190476190478,-0.5,0.09516678012253232,-0.625,0.0755547929535576,123.875,112.25,-14.0
400869331,2016,12,2016-11-16 00:00:00+00:00,Central Michigan,Ohio,1,-0.19999999999999996,-7.2,-0.9000000000000021,-6.300000000000001,0.8867055084745763,-0.7356808461449544,-6.099999999999998,-10.033333333333333,-16.133333333333333,-67.16666666666669,-7.866666666666703,-0.8,-0.012070105820105814,6.370210537918869,-0.7,0.05604395604395607,-2.2,0.0153954802259888,-12.5,46.69999999999982,9.0
400869350,2016,2,2016-09-10 22:00:00+00:00,Charlotte,Elon,1,,,,,,,,,,,,,,,,,,,,,
400869280,2016,3,2016-09-17 22:00:00+00:00,Charlotte,Eastern Michigan,0,0.0,-15.0,-10.5,-4.5,-0.4532279314888008,-0.4464646464646469,0.0,-0.0,0.0,0.0,0.0,0.0,,,1.0,-0.3846153846153847,-1.5,0.0566534914361001,-96.5,-361.0,-26.0
400869370,2016,5,2016-10-01 22:00:00+00:00,Charlotte,Old Dominion,0,-0.25,-16.25,-4.0,-12.25,-1.0919498549523414,-0.40783710744571877,12.0,12.25,24.25,80.58333333333331,30.833333333333314,0.2499999999999999,0.1388888888888889,1.583333333333333,-0.75,-0.036458333333333315,-2.5,-0.003833402403646935,-14.25,21.75,-35.75
400869382,2016,7,2016-10-15 22:00:00+00:00,Charlotte,Florida International,0,0.0,-3.333333333333334,3.8333333333333393,-7.166666666666657,-0.005154639175257714,-0.18479545118889362,-9.5,1.1666666666666572,-8.333333333333329,2.666666666666625,5.166666666666629,-0.3333333333333333,0.026666666666666727,2.711666666666667,-0.0,-0.06105457909343204,-1.5,0.014860447573547986,20.0,-121.16666666666674,-11.333333333333343
400869404,2016,11,2016-11-12 19:00:00+00:00,Charlotte,Rice,0,0.3333333333333333,6.222222222222225,1.7777777777777786,4.444444444444443,-0.8016592706926486,0.4422213560839001,-6.777777777777786,18.555555555555557,11.777777777777775,-62.44444444444446,-99.0,0.0,-0.1255952380952381,-1.8505952380952375,-0.0,-0.030490018148820353,-0.5555555555555556,-0.03342658691877287,12.444444444444457,11.222222222222399,-12.777777777777779
400869410,2016,12,2016-11-19 19:00:00+00:00,Charlotte,Middle Tennessee,0,-0.19999999999999996,-12.7,-10.900000000000002,-1.7999999999999972,-1.6140537494276348,-0.8422082072369683,11.56666666666667,18.133333333333326,29.699999999999996,107.63333333333333,22.366666666666674,0.5333333333333332,0.0043595679012344846,-0.3381944444444449,0.10000000000000009,-0.12401642148477598,-1.1,-0.07884893099926027,-117.30000000000001,22.200000000000045,-8.900000000000006
400869502,2016,1,2016-09-01 23:00:00+00:00,Cincinnati,UT Martin,1,,,,,,,,,,,,,,,,,,,,,
400869517,2016,3,2016-09-15 23:30:00+00:00,Cincinnati,Houston,0,0.0,-6.5,-4.5,-2.0,0.8939393939393936,0.7907657657657658,0.0,-0.0,0.0,0.0,0.0,0.0,,,-0.5,-0.009049773755656076,-2.5,0.030303030303030276,-4.5,-654.5,-7.5
400869291,2016,4,2016-09-24 19:30:00+00:00,Cincinnati,Miami (OH),1,0.6666666666666666,16.666666666666664,6.666666666666661,10.000000000000007,-1.7982401656314693,0.9175644028103038,0.0,-0.0,0.0,0.0,0.0,0.0,0.5,21.5,-0.33333333333333326,0.0815217391304347,0.6666666666666667,0.025258799171842705,-8.666666666666686,-653.333333333333,24.33333333333333
400869529,2016,5,2016-10-01 23:00:00+00:00,Cincinnati,South Florida,0,0.0,-12.5,-18.75,6.25,-1.6785830991438466,-2.167159188117272,3.083333333333343,-2.25,0.833333333333333,-12.499999999999943,-2.6666666666666288,0.0,0.27777777777777785,13.77777777777778,-1.0,0.02131336405529949,0.5,0.07568132801777672,-81.5,242.75,14.25
400869544,2016,8,2016-10-22 23:00:00+00:00,Cincinnati,East Carolina,1,0.16666666666666669,2.333333333333334,-5.0,7.333333333333336,-0.8767857142857141,-0.4502369668246442,1.0,10.666666666666671,11.666666666666668,27.33333333333337,3.1666666666666856,0.1666666666666667,-0.06333333333333335,-5.433333333333332,-0.0,0.058973506263163666,2.1666666666666665,-0.08069727891156453,-117.00000000000006,-316.5,-10.666666666666657
400868930,2016,10,2016-11-05 19:30:00+00:00,Cincinnati,BYU,0,0.0,-5.375,-5.25,-0.125,0.9686392924225498,-1.170273241940766,-5.75,-3.2083333333333286,-8.958333333333334,3.5,35.83333333333334,-0.3333333333333332,-0.18452380952380953,-6.017857142857142,-0.75,-0.029545454545454486,0.0,-9.51044960649794e-05,-8.5,-279.0,12.5
400869563,2016,12,2016-11-19 01:00:00+00:00,Cincinnati,Memphis,0,-0.19999999999999996,-18.0,-20.400000000000002,2.400000000000002,-1.5520270709962904,-0.9664331967754722,-14.266666666666666,9.933333333333335,-4.333333333333334,-166.66666666666669,-107.59999999999994,-0.13333333333333341,-0.017945326278659635,2.079100529100529,-0.30000000000000004,0.0014035087719297956,0.7,-0.06930435348473996,-94.0,-27.100000000000136,13.0
400869430,2016,2,2016-09-10 16:30:00+00:00,Clemson,Troy,1,0.0,-34.0,-38.0,4.0,-1.678104575163398,-5.475158562367865,0.0,-0.0,0.0,0.0,0.0,0.0,,,-1.0,-0.28342245989304815,3.0,-0.24673202614379086,-307.0,183.0,98.0
400869438,2016,3,2016-09-17 16:00:00+00:00,Clemson,South Carolina State,1,1.0,39.5,12.5,27.0,2.221389305347326,0.19773906597479618,0.0,-0.0,0.0,0.0,0.0,0.0,1.0,41.0,-1.0,0.2117117117117118,0.0,0.09395302348825596,148.5,62.0,18.5
400869453,2016,5,2016-10-02 00:00:00+00:00,Clemson,Louisville,1,0.0,-18.5,-30.0,11.5,-3.5735082522217514,-3.639881310397369,7.0,3.4999999999999947,10.5,11.499999999999943,24.083333333333314,0.0,-0.16666666666666674,-14.944444444444445,1.0,-0.025593586185630512,-0.5,0.013330512060939492,-229.5,-41.5,20.75
400869462,2016,7,2016-10-15 16:00:00+00:00,Clemson,NC State,1,0.19999999999999996,7.266666666666669,4.666666666666657,2.6000000000000014,-0.7401792495822574,0.32367485217684067,6.000000000000011,-6.600000000000003,-0.6000000000000014,60.10000000000008,22.466666666666697,-0.1999999999999999,-0.0050000000000000044,-1.5516666666666659,-1.0,0.0121212121212122,0.2999999999999998,-0.08230290141272967,27.23333333333329,-304.20000000000005,6.56666666666667
400869477,2016,10,2016-11-05 19:30:00+00:00,Clemson,Syracuse,1,0.5,24.0,10.0,14.0,-0.15697503417014147,1.1429820395475345,6.333333333333332,-12.66666666666666,-6.333333333333332,39.541666666666686,52.125,-0.1666666666666666,0.0139455782312925,-3.321428571428573,-0.75,0.05114891736632787,2.25,-0.011738957421408625,-7.875,-96.125,3.875
400869485,2016,11,2016-11-12 20:30:00+00:00,Clemson,Pittsburgh,0,0.4444444444444444,20.333333333333332,1.5555555555555571,18.77777777777778,-0.29776494224008054,-0.5445399318417543,0.44444444444444287,4.555555555555559,4.999999999999995,50.555555555555486,22.99999999999997,0.2222222222222222,0.11249999999999993,-0.7416666666666689,-0.8888888888888888,0.053442959917780086,0.4444444444444442,0.05095429432446008,66.11111111111114,-270.9999999999998,-7.0
400869074,2016,13,2016-11-27 00:30:00+00:00,Clemson,South Carolina,1,0.36363636363636376,22.272727272727277,18.181818181818183,4.09090909090909,0.9886608015640279,0.7168304668304666,-1.8484848484848548,1.2424242424242422,-0.60606060606061,-24.848484848484816,46.636363636363654,-0.3636363636363637,0.19793650793650802,9.849722222222223,-0.7272727272727273,0.15408805031446549,1.7272727272727275,0.05239491691104603,151.1818181818182,-50.36363636363626,-10.727272727272727
400869093,2016,1,2016-09-03 00:00:00+00:00,Colorado,Colorado State,1,,,,,,,,,,,,,,,,,,,,,
400869103,2016,2,2016-09-10 21:30:00+00:00,Colorado,Idaho State,1,,,,,,,,,,,,,,,,,,,,,
400869127,2016,5,2016-10-01 18:30:00+00:00,Colorado,Oregon State,1,0.4166666666666667,15.0,14.25,0.75,3.9096153846153836,0.3545454545454545,-0.5833333333333428,-5.75,-6.333333333333334,-18.25,-2.0833333333333144,-0.0833333333333333,0.33333333333333326,45.91666666666667,0.08333333333333326,0.09925558312655092,0.5833333333333333,0.06538461538461537,182.58333333333331,143.75,25.41666666666667
400869137,2016,7,2016-10-16 00:00:00+00:00,Colorado,Arizona State,1,-0.16666666666666674,11.5,-0.8333333333333215,12.333333333333332,1.502341235001463,0.06465005931198142,4.499999999999993,-0.0,4.5,95.33333333333331,15.166666666666686,0.1666666666666667,-0.0033333333333332993,3.831666666666665,0.6666666666666667,0.041666666666666685,-0.16666666666666696,0.049824407374890245,69.66666666666669,100.0,11.166666666666657
400869150,2016,10,2016-11-04 01:00:00+00:00,Colorado,UCLA,1,0.375,15.625,7.0,8.625,0.9859802493119645,1.7087453946092692,-13.33333333333334,11.375,-1.958333333333333,-54.833333333333314,-106.66666666666669,0.2916666666666667,-0.1010204081632653,-3.696938775510203,1.375,0.06749858196256381,0.5,0.07387620743618795,73.5,137.375,9.125
400869164,2016,12,2016-11-19 20:30:00+00:00,Colorado,Washington State,1,0.0,-2.6999999999999993,-9.099999999999994,6.400000000000002,0.5751328568810719,-0.2405361205915817,-17.900000000000013,0.2666666666666657,-17.633333333333333,-204.63333333333333,-135.93333333333337,0.0,0.01277006172839501,5.809452160493827,-0.30000000000000004,-0.06259780907668233,1.2999999999999998,-0.09008612790910764,-51.69999999999999,-92.40000000000009,24.499999999999993
400869170,2016,13,2016-11-27 00:30:00+00:00,Colorado,Utah,1,0.09090909090909094,9.727272727272728,4.545454545454543,5.181818181818187,0.8732085429207563,-0.6438975819029729,-2.545454545454543,4.484848484848484,1.9393939393939368,-53.15151515151513,-38.636363636363654,0.5757575757575757,0.0468342151675486,6.386869488536156,0.2727272727272727,0.07594584246980612,-0.7272727272727275,0.09372474643357798,42.81818181818181,-90.5454545454545,6.545454545454547
400869185,2016,2,2016-09-10 20:00:00+00:00,Colorado State,UTSA,1,-1.0,-50.0,-19.0,-31.0,-6.524555903866249,-0.13613445378151212,0.0,-0.0,0.0,0.0,0.0,0.0,,,-0.0,-0.1490384615384615,-5.0,-0.25287356321839083,-224.0,-247.0,65.0
400869191,2016,3,2016-09-17 20:00:00+00:00,Colorado State,Northern Colorado,1,,,,,,,,,,,,,,,,,,,,,
400869208,2016,5,2016-10-02 02:15:00+00:00,Colorado State,Wyoming,0,0.0,0.0,-6.25,6.25,-1.8872586872586865,0.33526011560693636,8.91666666666666,5.416666666666664,14.333333333333334,79.16666666666669,47.333333333333314,0.3333333333333332,0.44444444444444453,10.305555555555554,0.75,0.01752021563342321,0.75,-0.09652509652509655,-25.5,-158.75,7.0
400869215,2016,6,2016-10-09 02:00:00+00:00,Colorado State,Utah State,1,0.0,-5.4,0.40000000000000213,-5.800000000000001,0.9271241830065362,-0.1792210690771121,7.599999999999998,-1.5333333333333314,6.066666666666666,87.33333333333331,41.26666666666671,0.0,0.33333333333333337,17.916666666666668,-1.0,-0.05182373328932166,0.3999999999999999,-0.05947712418300655,17.0,-20.600000000000136,6.200000000000003
400869237,2016,10,2016-11-05 19:30:00+00:00,Colorado State,Fresno State,1,0.3888888888888889,12.09722222222222,6.194444444444439,5.902777777777779,0.7931904161412362,1.30782135014655,11.138888888888895,-2.2361111111111107,8.90277777777778,80.38888888888891,23.91666666666669,0.2777777777777777,0.14693877551020407,0.904591836734693,0.5277777777777777,0.013147761029816296,1.2638888888888888,0.04258414977204383,59.27777777777777,79.52777777777783,15.375
400869248,2016,12,2016-11-20 03:15:00+00:00,Colorado State,New Mexico,1,-0.19999999999999996,-3.7,-7.0000000000000036,3.3000000000000007,0.5835460306284102,-1.7305133621407478,19.66666666666666,-4.633333333333333,15.033333333333335,133.4666666666667,46.30000000000001,-0.1333333333333334,0.18366402116402114,8.723622134038802,0.10000000000000009,-0.03831645820925156,0.10000000000000009,0.045920612568209895,-25.80000000000001,-305.29999999999995,11.5
400869425,2016,1,2016-09-03 22:00:00+00:00,Duke,North Carolina Central,1,,,,,,,,,,,,,,,,,,,,,
400869431,2016,2,2016-09-10 19:30:00+00:00,Duke,Wake Forest,0,0.0,39.0,42.0,-3.0,4.159340659340659,2.565359477124183,0.0,-0.0,0.0,0.0,0.0,0.0,,,-5.0,0.0,1.0,0.04395604395604402,360.0,608.0,-40.0
400869454,2016,5,2016-10-01 16:30:00+00:00,Duke,Virginia,0,0.25,12.25,2.25,10.0,0.27116935483870996,-0.47140039447731796,-8.91666666666666,-7.0,-15.916666666666668,-64.5,12.916666666666629,-0.2499999999999999,-0.38888888888888895,-13.333333333333336,-0.75,0.018026565464895672,2.0,0.026008064516129026,39.5,227.0,16.0
400869478,2016,10,2016-11-05 19:30:00+00:00,Duke,Virginia Tech,0,-0.4642857142857143,-16.410714285714285,-10.107142857142858,-6.303571428571427,-1.340668745033316,0.053307123034227466,2.1071428571428577,1.970238095238095,4.077380952380954,-87.74404761904759,-85.84523809523813,-0.20238095238095238,-0.17624716553287978,-1.802380952380953,-1.1071428571428572,0.0278340870107594,0.9285714285714284,0.022128491961611374,-18.589285714285722,-116.94642857142799,10.017857142857146
400869483,2016,11,2016-11-11 00:30:00+00:00,Duke,North Carolina,1,-0.5277777777777778,-8.625,-8.722222222222221,0.09722222222222143,-1.5949402279677516,-0.5695031972454503,-2.2777777777777857,-13.097222222222223,-15.375,-102.79166666666669,-74.13888888888891,-0.4722222222222222,-0.17431972789115635,-8.401360544217688,-1.3888888888888888,-0.0654371584699453,1.375,-0.08352639545300089,-34.541666666666686,338.7777777777778,27.194444444444443
400869505,2016,1,2016-09-03 22:00:00+00:00,East Carolina,Western Carolina,1,,,,,,,,,,,,,,,,,,,,,
400869435,2016,2,2016-09-10 16:00:00+00:00,East Carolina,NC State,1,0.0,11.0,4.0,7.0,3.781818181818183,2.6929824561403493,0.0,-0.0,0.0,0.0,0.0,0.0,,,-0.0,0.0892857142857143,-1.0,0.11212121212121207,167.0,-204.0,55.0
400869528,2016,5,2016-10-01 16:00:00+00:00,East Carolina,UCF,0,0.0,-7.0,-3.0,-4.0,1.7532091097308493,-0.02750942103460119,-5.666666666666661,1.0000000000000036,-4.666666666666666,-45.5,6.166666666666689,0.0,0.05555555555555558,-9.444444444444438,-0.0,0.07997881355932202,-2.75,0.2190993788819875,85.5,179.75,13.25
400869551,2016,9,2016-10-29 16:00:00+00:00,East Carolina,UConn,1,-0.0892857142857143,-0.08928571428571441,6.464285714285715,-6.553571428571431,0.32258464871207604,0.8781132075471696,-4.130952380952387,-7.113095238095227,-11.24404761904762,-44.88095238095235,-23.845238095238017,-0.2440476190476191,0.051587301587301626,2.144444444444444,-1.4285714285714284,0.0446950710108604,-1.3571428571428572,0.06940009703151262,144.21428571428567,-48.82142857142799,-6.160714285714285
400869558,2016,11,2016-11-12 17:00:00+00:00,East Carolina,SMU,0,-0.1111111111111111,5.777777777777779,3.6666666666666714,2.1111111111111036,0.877335575485799,-0.4211725504322761,-2.3333333333333397,4.222222222222232,1.8888888888888884,-10.0,-30.99999999999997,-0.2222222222222222,0.03303571428571428,-1.9626488095238095,0.22222222222222232,-0.005066031608573274,-2.2222222222222223,0.14504591074097806,95.0,161.33333333333326,11.222222222222221
400922541,2016,12,2016-11-19 21:00:00+00:00,East Carolina,Navy,0,-0.4777777777777778,-10.144444444444446,-7.033333333333335,-3.1111111111111107,-3.868214858869065,-1.6001826698942079,0.6999999999999993,8.444444444444432,9.144444444444446,-93.04444444444442,-31.833333333333314,0.1444444444444444,-0.16439043209876536,-8.010532407407405,-1.3111111111111113,-0.17036337895233605,-0.6444444444444444,0.05237420938355519,54.71111111111111,-115.70000000000005,-29.855555555555554
400869263,2016,1,2016-09-02 22:00:00+00:00,Eastern Michigan,Mississippi Valley State,1,,,,,,,,,,,,,,,,,,,,,
400869201,2016,4,2016-09-23 23:30:00+00:00,Eastern Michigan,Wyoming,1,0.0,10.333333333333334,5.666666666666657,4.666666666666671,-0.6157894736842104,-0.6833333333333336,0.0,-0.0,0.0,0.0,0.0,0.0,-0.25,-17.25,0.9999999999999998,0.13611111111111107,0.33333333333333326,0.03473684210526318,-5.333333333333371,76.33333333333326,-22.66666666666667
400869304,2016,6,2016-10-08 19:00:00+00:00,Eastern Michigan,Toledo,0,0.050000000000000044,-17.8,-10.450000000000003,-7.350000000000001,-4.261014948859166,-0.5826827152461505,-8.88333333333333,9.683333333333334,0.7999999999999998,-17.183333333333337,8.899999999999977,0.2833333333333332,0.10416666666666657,-14.875,-0.5,-0.06385964912280706,-1.0499999999999998,-0.03933910306845001,-148.14999999999998,47.90000000000009,-9.400000000000006
400869717,2016,9,2016-10-29 19:30:00+00:00,Eastern Michigan,Miami (OH),0,0.375,8.125,11.5,-3.375,-0.19463869463869443,1.2573168802404684,-9.166666666666668,-4.958333333333336,-14.125,-0.25,79.375,-0.7083333333333333,0.09047619047619049,1.2500566893424039,0.125,0.15898277276456113,-0.125,0.07808857808857805,88.25,-104.25,8.125
400869333,2016,12,2016-11-17 01:00:00+00:00,Eastern Michigan,Northern Illinois,0,0.3,1.8,1.1000000000000014,0.6999999999999993,1.1358412525761379,-1.4785776005317377,-7.43333333333333,-19.36666666666667,-26.799999999999997,21.633333333333326,91.23333333333338,-0.6333333333333332,-0.1826774691358024,-10.944863315696647,-0.5,0.056953642384105885,-0.19999999999999996,0.013624914128692489,-17.30000000000001,177.79999999999995,7.900000000000006
400869337,2016,13,2016-11-23 00:00:00+00:00,Eastern Michigan,Central Michigan,1,0.0,-0.1818181818181818,2.545454545454536,-2.72727272727273,-0.5875230778393181,0.5701134587947547,3.7878787878787925,-2.6060606060606055,1.1818181818181825,126.90909090909093,63.24242424242425,0.0,-0.055555555555555636,-11.06218253968254,-0.09090909090909083,0.04218362282878413,0.0,-0.015413018879161466,50.090909090909065,-145.09090909090946,-9.363636363636367
400868957,2016,1,2016-09-03 23:30:00+00:00,Florida,Massachusetts,1,,,,,,,,,,,,,,,,,,,,,
400868983,2016,2,2016-09-10 19:30:00+00:00,Florida,Kentucky,1,1.0,26.0,-11.0,37.0,-6.701818181818181,-0.1503448275862067,0.0,-0.0,0.0,0.0,0.0,0.0,,,3.0,0.19607843137254904,1.0,0.019090909090909047,-46.0,751.0,-5.0
400868994,2016,3,2016-09-17 23:30:00+00:00,Florida,North Texas,1,0.5,23.5,3.5,20.0,2.2757002034110467,-0.7069620253164564,0.0,-0.0,0.0,0.0,0.0,0.0,,,1.5,0.20226678291194422,1.5,0.05711156313565946,41.5,208.0,-19.5
400869025,2016,7,2016-10-15 20:00:00+00:00,Florida,Missouri,1,0.4,3.200000000000001,-8.600000000000001,11.799999999999999,-1.3064973321476208,-0.040344146029531736,-4.733333333333327,-3.1333333333333364,-7.866666666666669,-6.93333333333328,-8.466666666666669,-0.0666666666666667,-0.33333333333333337,-17.708333333333336,0.8,0.05162738496071839,1.8,0.0309859937750111,-101.40000000000003,597.2,-17.200000000000003
400869051,2016,11,2016-11-12 17:00:00+00:00,Florida,South Carolina,1,0.19444444444444442,14.875,7.777777777777779,7.097222222222221,-0.24542124542124544,0.8497463222026451,-12.777777777777779,-2.0972222222222214,-14.875,-99.31944444444446,-26.611111111111114,-0.5277777777777777,0.00871598639455784,-0.9155187074829931,-0.2777777777777777,0.1476432812310675,0.75,-0.04029304029304026,48.31944444444446,151.08333333333326,-10.944444444444443
400926943,2016,14,2016-12-03 21:00:00+00:00,Florida,Alabama,0,-0.2727272727272727,-18.545454545454543,-15.325757575757567,-3.2196969696969706,-1.2776213296444512,-1.7130585726330407,-5.674242424242436,-6.780303030303029,-12.454545454545453,-72.81060606060612,-89.75757575757581,-0.0606060606060606,-0.1306746031746031,-7.136810966810965,0.037878787878787845,-0.0572237127421073,-0.8712121212121211,-0.08289280832633439,-126.85606060606057,-49.6818181818187,-17.136363636363633
400869343,2016,1,2016-09-03 22:00:00+00:00,Florida Atlantic,Southern Illinois,1,,,,,,,,,,,,,,,,,,,,,
400869286,2016,4,2016-09-24 22:00:00+00:00,Florida Atlantic,Ball State,0,-0.3333333333333333,-34.33333333333333,-12.33333333333334,-21.99999999999999,-0.09141156462585087,-1.9918582375478926,0.0,-0.0,0.0,0.0,0.0,0.0,0.0,27.0,0.33333333333333326,-0.1839622641509434,-3.0,-0.008503401360544172,-126.66666666666669,-401.33333333333326,-28.0
400869377,2016,6,2016-10-09 16:00:00+00:00,Florida Atlantic,Charlotte,0,0.0,4.400000000000002,-0.7999999999999972,5.200000000000003,1.0981624758220496,-0.8269648284845847,3.799999999999997,-1.8666666666666818,1.93333333333333,-11.066666666666665,-6.733333333333377,0.0,-0.027777777777777846,7.201388888888889,-0.0,-0.03047351148616978,0.9999999999999999,0.05250069079856312,-40.60000000000002,-82.79999999999995,24.199999999999996
400869392,2016,9,2016-10-29 19:30:00+00:00,Florida Atlantic,Western Kentucky,0,-0.4821428571428572,-24.535714285714285,-17.821428571428573,-6.714285714285715,-3.0147859797513776,-0.7452554744525548,-8.845238095238082,18.047619047619044,9.202380952380953,-3.125,-67.4107142857143,-0.1845238095238094,-0.18888888888888894,-7.497222222222224,-0.0714285714285714,-0.0852683302823008,-0.2857142857142858,-0.11221645520953483,-130.875,-3.4642857142857792,20.892857142857153
400869405,2016,11,2016-11-12 23:00:00+00:00,Florida Atlantic,UTEP,1,-0.1111111111111111,-2.0,-0.7777777777777786,-1.2222222222222214,-0.3746603260869561,-0.4539013626438422,-15.555555555555557,-3.444444444444443,-19.0,-0.33333333333337123,-39.66666666666663,-0.2222222222222222,-0.17142857142857149,3.594494047619048,-0.0,-0.0869322065494314,1.1111111111111112,-0.03187273550724634,7.0,-155.55555555555543,-6.222222222222214
400869412,2016,12,2016-11-19 23:00:00+00:00,Florida Atlantic,Old Dominion,0,-0.39999999999999997,-18.7,-11.099999999999998,-7.599999999999998,-0.9672445060205677,-0.2829894900739589,-2.233333333333334,-5.0666666666666735,-7.3000000000000025,77.26666666666671,28.366666666666703,0.0666666666666666,0.02266313932980596,2.7588624338624337,-1.0,-0.040455840455840386,-0.6999999999999997,0.0008785861521305449,-23.600000000000023,-108.59999999999991,-3.0
400869342,2016,1,2016-09-01 23:30:00+00:00,Florida International,Indiana,0,,,,,,,,,,,,,,,,,,,,,
400869351,2016,2,2016-09-09 23:30:00+00:00,Florida International,Maryland,0,-1.0,-60.0,-39.0,-21.0,-1.3323550990462216,-4.159090909090909,0.0,-0.0,0.0,0.0,0.0,0.0,,,-3.0,-0.29761904761904767,0.0,-0.17901687454145276,-188.0,-20.0,-11.0
400869364,2016,4,2016-09-24 23:00:00+00:00,Florida International,UCF,0,-0.3333333333333333,-17.0,-11.999999999999995,-5.0,-0.46441332689521975,-0.12556390977443588,0.0,-0.0,0.0,0.0,0.0,0.0,-0.5,-36.0,0.6666666666666665,-0.015019379844961211,-0.33333333333333304,0.03737324963785621,-78.0,-15.666666666666742,-16.333333333333336
400869371,2016,5,2016-10-01 23:00:00+00:00,Florida International,Florida Atlantic,1,-0.25,-3.75,-7.0,3.25,-1.3308270676691736,0.9732762137902902,6.0,2.4166666666666643,8.41666666666666,30.75,-10.083333333333286,0.25,-0.11111111111111105,-14.555555555555557,-0.0,-0.001547987616099089,0.75,-0.09022556390977443,-28.75,9.5,-18.25
400869387,2016,8,2016-10-22 23:00:00+00:00,Florida International,Louisiana Tech,0,-0.1428571428571429,-20.0,-20.285714285714285,0.2857142857142847,-3.005630168318574,-1.2497942386831271,5.619047619047617,2.7142857142857153,8.333333333333336,83.38095238095241,44.5714285714285,0.1428571428571429,-0.011111111111111072,-2.5972222222222223,-0.42857142857142816,-0.17018846373500857,-1.142857142857143,-0.11965573866635393,-188.71428571428572,72.28571428571445,-9.571428571428577
400869391,2016,9,2016-10-29 23:00:00+00:00,Florida International,Middle Tennessee,0,-0.3392857142857143,-23.392857142857142,-18.660714285714285,-4.732142857142858,-1.0515841843414506,-1.6885481852315394,5.994047619047617,8.398809523809529,14.392857142857142,40.98214285714289,86.05357142857144,0.3392857142857142,0.02290249433106578,-1.294614512471656,-0.6071428571428572,-0.14466250371691947,-1.2321428571428572,-0.07441738675045828,-182.9821428571429,-34.35714285714289,6.571428571428569
400869411,2016,12,2016-11-20 00:00:00+00:00,Florida International,Marshall,1,0.0,-9.8,-6.800000000000001,-3.0,-0.32418460018981676,0.7013167315718705,10.13333333333334,-15.666666666666671,-5.533333333333328,94.60000000000002,112.33333333333337,-0.33333333333333326,-0.07182539682539685,-2.703086419753087,-0.8,0.052661624090195536,-1.1,-0.0161652481886434,16.399999999999977,167.9000000000001,28.89999999999999
400868979,2016,1,2016-09-06 00:00:00+00:00,Florida State,Ole Miss,1,,,,,,,,,,,,,,,,,,,,,
400869432,2016,2,2016-09-10 16:30:00+00:00,Florida State,Charleston Southern,1,,,,,,,,,,,,,,,,,,,,,
400869455,2016,5,2016-10-01 19:30:00+00:00,Florida State,North Carolina,0,0.0,-3.25,1.75,-5.0,-1.8162393162393187,0.3769995032290119,-6.416666666666664,-1.3333333333333357,-7.75,-82.83333333333331,-118.16666666666669,-0.3333333333333333,0.16666666666666674,10.500000000000007,-0.25,-0.0037037037037037646,0.5,-0.1430555555555556,16.5,803.5,-5.75
400869463,2016,7,2016-10-15 19:30:00+00:00,Florida State,Wake Forest,1,-0.16666666666666674,-1.166666666666666,13.500000000000007,-14.666666666666664,1.8165242165242157,1.0778556944913822,-2.5000000000000178,7.666666666666664,5.166666666666666,59.66666666666663,-31.666666666666686,0.1666666666666667,0.1708333333333334,13.420833333333334,0.16666666666666663,0.03917220990391729,-0.16666666666666696,0.042355175688509106,145.33333333333331,257.6666666666663,-50.99999999999999
400869473,2016,9,2016-10-30 00:00:00+00:00,Florida State,Clemson,0,-0.2857142857142857,-15.285714285714285,-1.7142857142857153,-13.571428571428571,0.5452199975281173,0.2630356286139941,-14.952380952380942,13.904761904761903,-1.0476190476190501,-32.428571428571445,22.952380952380906,-0.0476190476190476,0.18333333333333324,10.888888888888891,0.9999999999999998,-0.0391727977729171,-0.42857142857142927,-0.03740266963292549,10.428571428571445,501.2857142857142,-24.714285714285715
400869484,2016,11,2016-11-12 00:30:00+00:00,Florida State,Boston College,1,0.2222222222222222,11.555555555555555,14.111111111111114,-2.555555555555557,1.844756251124302,1.1308761450765297,-5.111111111111114,12.888888888888886,7.7777777777777795,-23.77777777777777,42.55555555555554,0.1111111111111111,0.3392857142857144,19.24438775510204,0.6666666666666665,0.08488467392576976,0.11111111111111116,0.07906098219104163,158.44444444444446,-7.0,-23.111111111111114
400869069,2016,13,2016-11-27 01:00:00+00:00,Florida State,Florida,1,-0.07272727272727275,-2.0181818181818176,10.436363636363634,-12.454545454545453,1.3634052145952742,0.8832500640933443,12.23030303030303,14.787878787878787,27.018181818181812,78.36060606060613,41.93636363636364,0.4060606060606061,0.234347442680776,12.003306878306876,0.13636363636363646,-0.021093000958772812,0.7454545454545456,0.012617083741087609,114.97272727272724,135.13636363636397,-16.990909090909092
400869188,2016,2,2016-09-11 02:00:00+00:00,Fresno State,Sacramento State,1,,,,,,,,,,,,,,,,,,,,,
400869202,2016,4,2016-09-24 20:30:00+00:00,Fresno State,Tulsa,0,-0.3333333333333333,-22.333333333333336,-16.000000000000007,-6.333333333333336,-0.7218468468468462,-0.8013059701492535,0.0,-0.0,0.0,0.0,0.0,0.0,0.0,-3.5,1.3333333333333333,-0.0888888888888889,-1.333333333333333,-0.020551801801801828,-63.666666666666686,-28.333333333333258,-30.333333333333343
400869221,2016,7,2016-10-15 02:00:00+00:00,Fresno State,San Diego State,0,-0.6333333333333334,-23.03333333333333,-10.100000000000001,-12.933333333333337,-1.8614529575228262,-1.6566188197767149,7.100000000000001,-1.3999999999999946,5.699999999999999,71.30000000000007,25.50000000000003,-0.033333333333333215,0.10416666666666663,8.0125,-0.30000000000000004,-0.01172886519421179,-1.0666666666666667,-0.14728066693132197,-42.9666666666667,-226.6333333333332,26.900000000000006
400869231,2016,9,2016-10-29 02:30:00+00:00,Fresno State,Air Force,0,-0.4464285714285714,-20.767857142857142,-12.785714285714285,-7.982142857142858,-5.038514851485147,-1.305616816836514,-3.2142857142857153,18.64880952380953,15.434523809523808,5.577380952380903,-50.60119047619048,0.4464285714285714,0.05912698412698425,6.557539682539683,-0.0714285714285714,-0.13198653198653204,-1.7321428571428572,0.1107260726072608,-101.91071428571428,-239.5,-9.339285714285715
400869251,2016,12,2016-11-20 00:00:00+00:00,Fresno State,Hawai'i,0,-0.26363636363636356,-1.963636363636363,-7.318181818181817,5.354545454545452,-0.48130315007785374,-1.812756153384076,8.65151515151515,4.3121212121212125,12.96363636363636,54.84242424242423,52.81818181818181,0.26363636363636356,0.06125440917107594,4.6802634479717815,0.3909090909090909,-0.0021905805038334725,-1.1818181818181817,-0.04992214636483416,-45.5090909090909,-35.445454545454595,6.045454545454547
400869255,2016,13,2016-11-26 20:30:00+00:00,Fresno State,San José State,0,-0.18181818181818182,-2.9090909090909083,-7.181818181818183,4.272727272727273,-1.1431609212614937,-0.5848301308827621,-14.484848484848483,5.060606060606055,-9.424242424242426,-111.66666666666674,-98.3939393939394,-0.1515151515151515,-0.014622414622414648,3.144240019240019,0.09090909090909105,-0.021555423516207872,-0.6363636363636365,-0.05960046721974299,-45.99999999999994,-93.18181818181802,-19.272727272727273
400868984,2016,2,2016-09-10 16:00:00+00:00,Georgia,Nicholls,1,,,,,,,,,,,,,,,,,,,,,
400869013,2016,5,2016-10-01 19:30:00+00:00,Georgia,Tennessee,0,-0.25,-16.5,-7.5,-9.0,-1.0462962962962958,0.3344436824401562,-6.833333333333332,0.6666666666666679,-6.166666666666668,-43.25,7.333333333333314,-0.0833333333333333,-0.4166666666666668,-11.916666666666668,-0.25,-0.015384615384615441,-0.25,-0.031481481481481444,25.25,369.5,15.75
400869026,2016,7,2016-10-15 16:00:00+00:00,Georgia,Vanderbilt,0,0.3333333333333333,2.666666666666667,7.666666666666668,-5.0,0.8556518946692364,0.9376019043892252,-7.549516567451064e-15,-5.0,-5.000000000000001,-31.333333333333314,-75.83333333333329,-0.3333333333333333,-0.20499999999999996,-10.800833333333332,-0.5,0.058254998014034165,0.9999999999999999,0.001991008349389922,100.33333333333331,236.1666666666663,-5.8333333333333215
400869035,2016,9,2016-10-29 19:30:00+00:00,Georgia,Florida,0,-0.261904761904762,-19.619047619047613,-5.190476190476186,-14.428571428571427,-0.3618914261094357,-0.3028779271968469,3.1904761904761862,12.095238095238088,15.28571428571428,25.97619047619054,7.380952380952351,-0.07142857142857129,0.033333333333333326,0.043333333333333446,0.0714285714285714,-0.11626575028636882,-1.0,-0.03767772511848333,-23.642857142857224,119.23809523809518,24.404761904761898
400869052,2016,11,2016-11-12 20:30:00+00:00,Georgia,Auburn,1,-0.2222222222222222,-21.0,-11.11111111111111,-9.88888888888889,-2.226140424637377,-1.20025009947138,-10.888888888888879,4.222222222222221,-6.666666666666667,-64.22222222222229,84.33333333333329,-0.4444444444444444,0.05714285714285727,0.895684523809523,-0.33333333333333326,-0.08687782805429867,-0.22222222222222188,-0.13788452105668847,-111.4444444444444,151.77777777777783,-15.000000000000007
400869059,2016,12,2016-11-19 17:00:00+00:00,Georgia,Louisiana,1,0.15555555555555556,2.2666666666666666,-0.8444444444444414,3.1111111111111107,-0.2167440541594301,0.2471620227038187,-6.822222222222219,-4.111111111111109,-10.933333333333334,-60.25555555555559,0.30000000000001137,-0.1555555555555556,0.17733134920634924,12.483878968253968,-0.28888888888888875,0.0004857798975446137,-0.23333333333333295,-0.07598152152081183,2.588888888888903,314.9888888888888,12.355555555555554
400869070,2016,13,2016-11-26 17:00:00+00:00,Georgia,Georgia Tech,0,0.0,-3.0,-4.09090909090909,1.09090909090909,-3.803848839238958,-1.1086825080113671,2.09090909090909,9.909090909090907,12.0,14.81818181818181,33.09090909090909,0.33333333333333337,-0.05709876543209891,-6.362654320987655,-0.2727272727272725,-0.02346227013316421,0.6363636363636362,0.02986995985337748,-7.818181818181813,187.5454545454545,-9.454545454545453
400869808,2016,1,2016-09-03 22:00:00+00:00,Georgia Southern,Savannah State,1,,,,,,,,,,,,,,,,,,,,,
400869813,2016,3,2016-09-17 22:00:00+00:00,Georgia Southern,UL Monroe,1,0.5,47.0,11.5,35.5,6.022857142857144,0.11151515151515135,0.0,-0.0,0.0,0.0,0.0,0.0,1.0,11.0,-0.0,0.14064516129032267,-0.5,0.14571428571428569,81.5,471.0,-7.0
400869835,2016,9,2016-10-27 23:30:00+00:00,Georgia Southern,App State,0,-0.1428571428571429,-0.14285714285714324,3.8571428571428577,-4.0,0.7820380854348947,0.11354848953991503,-5.857142857142858,-15.666666666666668,-21.523809523809526,-40.61904761904748,6.333333333333343,-0.5238095238095237,-0.050793650793650724,-11.533730158730158,-0.5714285714285714,0.15879615879615888,-1.5714285714285714,-0.06501972894149943,39.285714285714164,68.0,-7.714285714285715
400869844,2016,11,2016-11-11 00:30:00+00:00,Georgia Southern,Louisiana,0,0.06944444444444442,6.111111111111111,4.527777777777779,1.5833333333333321,0.9666666666666668,0.5841936774709877,1.8055555555555554,-14.916666666666664,-13.11111111111111,-12.569444444444457,24.166666666666657,-0.0694444444444445,0.13338293650793653,5.804265873015872,-0.5416666666666667,0.05758313057583131,-1.5138888888888888,-0.0888888888888889,25.569444444444457,286.94444444444434,-6.333333333333329
400869856,2016,14,2016-12-03 17:00:00+00:00,Georgia Southern,Troy,1,-0.45454545454545464,-13.90909090909091,-8.63636363636364,-5.272727272727273,-0.06649495218639867,-0.32318241403650294,10.63636363636364,-6.060606060606062,4.575757575757577,70.87878787878795,60.393939393939405,-0.212121212121212,-0.029126984126984168,0.32396825396825424,0.09090909090909105,0.07653316199043342,-1.3636363636363642,-0.09399887497409476,-68.54545454545456,103.27272727272748,-3.5454545454545467
400869258,2016,1,2016-09-02 23:00:00+00:00,Georgia State,Ball State,0,,,,,,,,,,,,,,,,,,,,,
400869823,2016,6,2016-10-08 19:30:00+00:00,Georgia State,Texas State,1,-0.5,0.75,-13.75,14.5,-2.081989429461987,0.4929883945841391,7.083333333333334,-2.8333333333333286,4.25,51.41666666666663,47.25,0.1666666666666666,-0.16666666666666663,-1.5833333333333304,-0.25,0.012121212121212088,0.25,-0.14468988571170438,-119.75,-272.5,8.75
400869833,2016,8,2016-10-22 19:30:00+00:00,Georgia State,UT Martin,1,0.1666666666666666,4.0,-2.0,6.0,-0.37883790029712827,-1.1761744966442955,2.166666666666668,5.5,7.666666666666667,75.33333333333331,44.666666666666686,0.1666666666666667,0.76,48.18,1.5,-0.03299120234604108,0.16666666666666674,0.08781776163750415,-47.5,-702.1666666666667,15.166666666666664
400869838,2016,10,2016-11-03 23:30:00+00:00,Georgia State,Arkansas State,0,-0.1785714285714285,-0.42857142857142794,-3.3928571428571423,2.9642857142857153,-1.6937842120426385,-0.3384932920536641,-7.607142857142858,-5.2976190476190474,-12.904761904761905,-30.20833333333337,34.190476190476204,-0.4880952380952382,0.17693877551020415,5.431632653061225,-0.017857142857143238,0.11171376915025222,-1.0178571428571428,-0.02636127917026787,-74.125,-152.8571428571429,10.392857142857146
400869845,2016,11,2016-11-12 19:00:00+00:00,Georgia State,UL Monroe,0,-0.1111111111111111,11.555555555555557,-5.44444444444445,16.999999999999996,-0.5466821030601912,-0.9156432268134398,1.44444444444445,14.666666666666671,16.111111111111107,21.777777777777715,-31.22222222222223,0.1111111111111111,0.12797619047619047,5.454166666666667,0.11111111111111116,-0.06604774535809022,0.0,-0.034976789749641024,-80.11111111111109,-254.77777777777783,-6.444444444444436
400869849,2016,12,2016-11-19 19:00:00+00:00,Georgia State,Georgia Southern,1,-0.2,-6.3999999999999995,-7.0,0.5999999999999979,-0.3270948932568425,-1.194669105195421,2.333333333333332,7.066666666666666,9.400000000000002,110.73333333333329,16.666666666666657,0.2,0.021428571428571463,2.2529982363315693,-0.19999999999999996,-0.07386363636363641,0.5,0.00893444935577914,-54.39999999999998,-443.79999999999995,14.700000000000003
400869433,2016,2,2016-09-10 19:00:00+00:00,Georgia Tech,Mercer,1,,,,,,,,,,,,,,,,,,,,,
400869001,2016,3,2016-09-17 16:30:00+00:00,Georgia Tech,Vanderbilt,1,0.5,4.0,-2.5,6.5,4.312941176470588,0.43354885057471293,0.0,-0.0,0.0,0.0,0.0,0.0,,,-1.0,0.22544283413848631,1.0,0.06901960784313732,48.0,-110.5,17.0
400869446,2016,4,2016-09-22 23:30:00+00:00,Georgia Tech,Clemson,0,0.0,-4.0,-6.0,2.0,2.9090554254488676,1.2349390460409513,0.0,-0.0,0.0,0.0,0.0,0.0,0.0,6.75,0.3333333333333335,0.09494324045407637,-1.9999999999999998,-0.09836065573770492,-58.333333333333314,84.33333333333348,30.33333333333333
400869721,2016,5,2016-10-01 16:00:00+00:00,Georgia Tech,Miami,0,-0.25,-33.333333333333336,-26.75,-6.583333333333333,-1.0392857142857128,-2.8814465408805034,2.416666666666668,-0.0833333333333339,2.333333333333334,30.41666666666669,-2.1666666666666856,-0.0833333333333333,0.0,8.583333333333336,0.08333333333333326,-0.06,-2.4166666666666665,-0.20357142857142863,-184.75,216.33333333333326,45.08333333333333
400869464,2016,7,2016-10-15 16:30:00+00:00,Georgia Tech,Georgia Southern,1,-0.09999999999999998,-6.566666666666666,-6.266666666666673,-0.3000000000000007,-1.5026870007262154,0.11959057997161437,0.2666666666666728,-0.033333333333327886,0.2333333333333325,-0.43333333333339397,-22.533333333333314,-0.2333333333333334,0.15000000000000002,22.370833333333334,0.26666666666666683,-0.0410958904109589,-0.6000000000000001,-0.07436456063907049,-97.89999999999998,-221.76666666666665,36.13333333333333
400869474,2016,9,2016-10-29 16:00:00+00:00,Georgia Tech,Duke,1,0.23809523809523808,4.69047619047619,2.0476190476190474,2.6428571428571423,1.938586956521739,1.3702864100936565,3.9523809523809526,-3.6428571428571423,0.3095238095238102,56.69047619047615,26.97619047619051,-0.238095238095238,0.2633333333333333,11.940000000000001,1.6904761904761902,0.03588547739344472,-2.5,-0.1096014492753623,-56.02380952380946,-26.595238095237846,5.047619047619051
400869494,2016,12,2016-11-19 17:30:00+00:00,Georgia Tech,Virginia,1,0.39999999999999997,9.8,3.1999999999999993,6.600000000000001,4.017283950617282,2.042573139570967,6.4666666666666615,-9.933333333333337,-3.466666666666667,149.36666666666667,58.166666666666714,0.2666666666666666,-0.018044532627865983,1.9220899470899457,0.7,0.08803101276045866,-0.9999999999999998,-0.03421516754850085,37.30000000000001,194.29999999999995,30.1
400869189,2016,2,2016-09-11 03:59:00+00:00,Hawai'i,UT Martin,1,0.0,-19.0,10.0,-29.0,1.1390013495276659,0.7744217687074828,0.0,-0.0,0.0,0.0,0.0,0.0,,,0.5,-0.2025,0.0,0.04723346828609992,34.0,-390.0,11.0
400869211,2016,5,2016-10-02 03:59:00+00:00,Hawai'i,Nevada,1,-0.25,-20.5,2.75,-23.25,0.1861111111111109,0.17565217391304433,0.5833333333333321,0.2500000000000107,0.8333333333333319,-32.666666666666686,-6.25,0.2499999999999999,0.0833333333333334,-6.0,-2.25,-0.1140109890109891,0.75,-0.13888888888888884,21.0,8.5,-21.5
400869222,2016,7,2016-10-16 03:59:00+00:00,Hawai'i,UNLV,0,0.16666666666666669,-10.833333333333334,-2.0,-8.833333333333332,1.9561190079822426,-0.524568721719457,8.000000000000007,8.16666666666666,16.166666666666668,53.99999999999994,62.666666666666714,0.1666666666666666,-0.16666666666666663,-4.716666666666666,-0.8333333333333333,-0.0410130718954248,0.6666666666666667,0.13369189396849795,36.666666666666686,65.33333333333326,-17.66666666666667
400869233,2016,9,2016-10-30 03:59:00+00:00,Hawai'i,New Mexico,0,-0.0714285714285714,-12.642857142857142,-9.125,-3.517857142857146,0.7236111111111105,-1.6454443194600676,2.7916666666666785,10.517857142857153,13.30952380952381,-8.589285714285722,61.26785714285714,0.0714285714285714,-0.11388888888888882,-1.4666666666666663,-0.5714285714285714,-0.0461702127659574,-0.7142857142857144,0.052314814814814814,-65.41071428571428,-355.928571428572,-10.05357142857143
400869242,2016,11,2016-11-13 00:00:00+00:00,Hawai'i,Boise State,0,-0.4888888888888888,-23.511111111111113,-7.977777777777778,-15.533333333333335,-2.7124488142914993,0.04501287903904494,-7.355555555555558,8.200000000000006,0.8444444444444494,-125.28888888888889,-24.922222222222274,0.1555555555555555,0.0034226190476190355,-0.8364583333333335,-0.6555555555555557,-0.13431994362226923,-1.333333333333333,-0.07215497457588993,-99.71111111111111,69.91111111111104,-19.333333333333343
400868967,2016,13,2016-11-27 04:00:00+00:00,Hawai'i,Massachusetts,1,0.2348484848484849,0.31060606060606233,3.015151515151512,-2.7045454545454533,-0.02035443173313478,1.5321434993706164,-17.68181818181818,0.37121212121211045,-17.310606060606062,-143.09848484848487,-115.67424242424241,-0.2348484848484848,0.0911507936507937,1.4514682539682542,0.18181818181818166,0.010822510822510789,0.1742424242424243,-0.006227948251897764,28.098484848484873,125.03030303030323,-1.2121212121212182
400869507,2016,1,2016-09-03 16:00:00+00:00,Houston,Oklahoma,1,,,,,,,,,,,,,,,,,,,,,
400869514,2016,2,2016-09-10 16:00:00+00:00,Houston,Lamar,1,,,,,,,,,,,,,,,,,,,,,
400869527,2016,5,2016-09-30 00:00:00+00:00,Houston,UConn,1,0.5,35.5,23.5,12.0,1.0115671641791044,0.8004722870636769,4.833333333333329,4.666666666666667,9.500000000000002,31.66666666666663,-33.333333333333314,0.1666666666666666,0.3055555555555556,-2.0,0.25,0.12702702702702695,2.5,-0.025746268656716476,143.0,189.25,-14.75
400869541,2016,7,2016-10-15 23:00:00+00:00,Houston,Tulsa,1,0.033333333333333326,19.1,4.100000000000001,15.0,1.0657589660105575,-0.415974693554765,-5.100000000000003,-2.0,-7.099999999999998,-54.93333333333334,3.3333333333333144,-0.3666666666666666,0.004166666666666652,-9.466666666666669,0.8666666666666669,0.13296337402885683,1.2,0.09619653692467078,29.933333333333337,344.5999999999999,39.366666666666674
400869549,2016,9,2016-10-29 16:00:00+00:00,Houston,UCF,1,0.1785714285714286,9.571428571428571,7.232142857142854,2.3392857142857153,0.8664612954186408,-0.22492419137466335,-7.8988095238095255,-17.005952380952383,-24.904761904761905,3.267857142857224,-27.41071428571425,-0.5119047619047619,0.07579365079365086,-12.496825396825397,-0.0535714285714286,0.1732142857142857,-0.9107142857142856,0.15586097946287514,76.73214285714278,348.6785714285711,22.42857142857143
400869560,2016,11,2016-11-12 20:30:00+00:00,Houston,Tulane,1,0.4444444444444445,19.555555555555557,12.555555555555554,7.0,2.716665591536576,-1.0012262415695887,-5.555555555555554,2.666666666666657,-2.8888888888888964,-85.33333333333331,-32.2222222222222,0.2222222222222222,0.09740646258503405,0.15110544217687072,-0.33333333333333326,0.21715425531914895,0.0,0.2916881692684815,116.0,63.99999999999977,13.666666666666657
400869562,2016,12,2016-11-18 01:00:00+00:00,Houston,Louisville,1,-0.09999999999999998,-13.0,-12.0,-1.0,-1.596515439020184,-2.9776738113371772,-4.999999999999989,-11.000000000000002,-16.0,-44.5333333333333,-6.933333333333337,-0.23333333333333328,-0.07027116402116407,-9.962852733686066,0.5,0.04468452895419189,-0.2999999999999998,0.08409522166637917,-130.80000000000007,272.29999999999995,23.099999999999994
400869725,2016,1,2016-09-02 01:00:00+00:00,Idaho,Montana State,1,,,,,,,,,,,,,,,,,,,,,
400869819,2016,5,2016-10-01 21:00:00+00:00,Idaho,Troy,0,-0.25,-43.75,-24.25,-19.5,-0.8212951432129518,-1.6943091514996156,4.250000000000011,-6.500000000000007,-2.2500000000000018,68.08333333333331,48.166666666666686,-0.0833333333333333,-0.33333333333333337,2.3888888888888893,-0.75,-0.028638223261250706,-0.25,-0.11498547114985469,-144.75,-226.5,37.25
400869828,2016,7,2016-10-15 21:00:00+00:00,Idaho,New Mexico State,1,0.09999999999999998,-2.833333333333332,-7.800000000000001,4.9666666666666615,-1.3390637945318966,0.16190476190476222,6.13333333333334,11.700000000000006,17.833333333333332,-56.16666666666663,-44.433333333333394,0.23333333333333328,-0.07500000000000001,4.491666666666667,0.1333333333333333,-0.08658008658008653,0.2666666666666666,-0.010494338580502638,-107.5,157.93333333333317,-2.133333333333333
400869853,2016,13,2016-11-26 20:30:00+00:00,Idaho,South Alabama,1,0.09999999999999998,-5.3,2.099999999999998,-7.399999999999999,-0.28939736621311063,0.03308981521271992,1.2333333333333414,5.733333333333338,6.966666666666667,-15.0,73.23333333333338,-0.1,0.001058201058201036,1.5433862433862426,-0.0,0.021002132196162038,0.40000000000000013,0.032119797176522136,12.0,81.20000000000005,10.299999999999997
400869857,2016,14,2016-12-03 22:00:00+00:00,Idaho,Georgia State,1,0.36363636363636365,1.0909090909090908,6.818181818181813,-5.727272727272723,0.10246526775776044,0.8696418085731059,6.181818181818187,17.060606060606062,23.242424242424242,-24.96969696969694,-63.909090909090935,0.303030303030303,-0.0811904761904762,-0.16579365079365044,-0.0,0.008930817610062924,0.7272727272727271,0.051304778002226215,56.636363636363626,343.6363636363635,-1.3636363636363598
400869652,2016,1,2016-09-03 19:30:00+00:00,Illinois,Murray State,1,,,,,,,,,,,,,,,,,,,,,
400869434,2016,2,2016-09-10 23:30:00+00:00,Illinois,North Carolina,0,1.0,58.0,28.0,30.0,5.6,-1.193421052631579,0.0,-0.0,0.0,0.0,0.0,0.0,,,-0.0,0.11538461538461542,2.0,0.06666666666666665,200.0,695.0,46.0
400869284,2016,3,2016-09-17 20:00:00+00:00,Illinois,Western Michigan,0,-0.5,-13.0,-8.5,-4.5,-2.000000000000001,1.0609608884596815,0.0,-0.0,0.0,0.0,0.0,0.0,0.0,34.0,-0.5,-0.11505376344086021,2.0,-0.13559322033898313,-103.0,-183.5,-21.0
400869667,2016,6,2016-10-08 19:30:00+00:00,Illinois,Purdue,0,-0.25,3.75,1.25,2.5,0.3564516129032258,1.3214285714285712,-1.9166666666666679,-6.166666666666657,-8.083333333333329,-24.166666666666686,-20.166666666666686,-0.0833333333333334,-0.2222222222222222,-2.6111111111111107,2.0,-0.18724637681159423,0.75,0.0669572798605057,-69.5,-161.75,-22.5
400869679,2016,9,2016-10-29 16:00:00+00:00,Illinois,Minnesota,0,-0.4285714285714286,-13.0,-7.571428571428573,-5.428571428571427,0.04278074866310266,0.6929026387625115,4.571428571428573,-3.2380952380952337,1.3333333333333328,52.47619047619048,-1.5714285714285268,0.0952380952380952,0.06841269841269837,6.837460317460316,0.1428571428571428,-0.12142857142857139,0.0,0.006684491978609652,-48.14285714285717,-282.8571428571431,-2.0
400869684,2016,10,2016-11-05 16:00:00+00:00,Illinois,Michigan State,1,0.0,-0.25,-0.5,0.25,-1.33634719710669,0.7259136212624586,-9.833333333333336,8.416666666666671,-1.416666666666666,-127.33333333333337,-79.20833333333331,0.3333333333333333,-0.01224489795918371,-4.9435374149659905,0.5,-0.06394217403391722,1.5,-0.025678119349005435,-61.0,-165.125,-0.125
400869694,2016,12,2016-11-19 17:00:00+00:00,Illinois,Iowa,0,-0.3,-14.600000000000001,-3.8000000000000007,-10.8,-0.7287506362084963,0.9639585876395866,8.466666666666669,-3.866666666666667,4.600000000000005,26.333333333333314,4.433333333333337,0.29999999999999993,0.03407186948853613,-0.7182705026455034,-0.7,-0.06251971484448932,0.09999999999999964,-0.06950390706865062,-10.0,-228.0,-15.100000000000001
400869269,2016,2,2016-09-10 20:00:00+00:00,Indiana,Ball State,1,0.0,11.0,3.0,8.0,4.088669950738916,-1.5192307692307692,0.0,-0.0,0.0,0.0,0.0,0.0,,,1.0,0.011111111111111127,-1.0,0.12561576354679804,31.0,-156.0,-35.0
400869452,2016,4,2016-09-24 19:30:00+00:00,Indiana,Wake Forest,0,0.0,5.166666666666666,9.0,-3.833333333333334,2.661538461538461,0.09772034267460405,0.0,-0.0,0.0,0.0,0.0,0.0,0.0,-33.0,0.8333333333333333,-0.18367346938775508,-1.833333333333333,0.08251748251748248,121.16666666666669,-11.166666666666742,-28.5
400869661,2016,5,2016-10-02 00:00:00+00:00,Indiana,Michigan State,1,0.0,9.0,7.333333333333339,1.6666666666666679,1.9959432048681567,-0.004038824832258037,0.0,-0.0,0.0,0.0,0.0,0.0,0.25,-4.999999999999998,0.33333333333333304,-0.10511033681765392,0.0,0.019945909398242034,120.99999999999994,-97.33333333333348,-9.0
400869670,2016,7,2016-10-15 19:30:00+00:00,Indiana,Nebraska,0,-0.4,-17.799999999999997,-10.399999999999999,-7.399999999999999,0.4425222691045487,-1.0803513469652715,3.3999999999999986,-2.9333333333333407,0.466666666666665,-7.000000000000002,43.06666666666669,-0.2666666666666666,0.25,9.395833333333332,-0.6000000000000001,-0.15696969696969698,-0.6000000000000001,0.01715893108298172,-19.0,-348.8000000000002,-0.8000000000000114
400869680,2016,9,2016-10-29 19:30:00+00:00,Indiana,Maryland,1,-0.2857142857142858,-12.571428571428571,-8.000000000000004,-4.571428571428569,1.3331734283625734,-2.124741427944587,8.33333333333334,3.5714285714285694,11.904761904761905,-16.095238095238074,-34.38095238095236,-0.047619047619047505,0.41111111111111115,17.958333333333336,-0.571428571428571,-0.03435487019324612,-0.8571428571428579,-0.00468293128654973,18.428571428571388,47.14285714285711,1.857142857142847
400869689,2016,11,2016-11-12 17:00:00+00:00,Indiana,Penn State,0,-0.2222222222222222,-8.333333333333334,-7.333333333333332,-1.0,-0.23448205856976045,-0.5069823922282932,-5.333333333333336,-8.333333333333332,-13.66666666666667,23.5555555555556,41.7777777777778,-0.11111111111111122,-0.05282738095238104,-8.62261904761905,-0.5555555555555556,0.10389610389610388,-0.8888888888888888,0.06282038268284018,53.77777777777777,102.66666666666674,-1.6666666666666643
400869700,2016,13,2016-11-26 17:00:00+00:00,Indiana,Purdue,1,0.18181818181818177,13.000000000000002,1.2727272727272698,11.727272727272727,1.6948564403553306,0.45943352593175524,0.7272727272727302,3.606060606060605,4.333333333333328,12.696969696969685,34.72727272727269,0.1515151515151516,0.05166666666666664,2.9689682539682547,0.7272727272727271,-0.0561172901921132,0.5454545454545452,0.03902284263959388,45.636363636363626,-40.09090909090901,-17.81818181818182
400869262,2016,1,2016-09-03 19:30:00+00:00,Iowa,Miami (OH),1,,,,,,,,,,,,,,,,,,,,,
400868888,2016,2,2016-09-10 23:30:00+00:00,Iowa,Iowa State,1,1.0,29.0,25.0,4.0,0.0,5.270344827586207,0.0,-0.0,0.0,0.0,0.0,0.0,,,4.0,0.1717171717171717,0.0,-0.023809523809523836,97.0,-25.0,54.0
400869656,2016,3,2016-09-17 16:00:00+00:00,Iowa,North Dakota State,0,,,,,,,,,,,,,,,,,,,,,
400869662,2016,5,2016-10-01 16:00:00+00:00,Iowa,Northwestern,0,0.5,17.75,14.25,3.5,1.1979591836734684,1.8461277173913042,-3.2499999999999982,0.8333333333333339,-2.4166666666666674,-25.416666666666686,-12.833333333333371,-0.1666666666666666,-0.4166666666666667,-20.583333333333336,1.0,0.011437285550895904,1.75,0.056122448979591844,8.75,64.5,5.0
400869674,2016,8,2016-10-22 16:00:00+00:00,Iowa,Wisconsin,0,0.04761904761904767,1.3809523809523796,5.357142857142858,-3.9761904761904763,0.09631872618399573,0.7908745247148286,5.976190476190471,-6.023809523809523,-0.047619047619045674,77.02380952380946,18.357142857142804,0.2857142857142857,-0.34666666666666673,-18.01,1.119047619047619,-0.010869565217391297,-0.40476190476190466,0.015446379967338109,-11.023809523809462,-229.23809523809473,-10.738095238095234
400869690,2016,11,2016-11-13 01:00:00+00:00,Iowa,Michigan,1,-0.4444444444444444,-32.111111111111114,-21.44444444444444,-10.666666666666663,-1.7044060981738989,-1.17945353504168,1.4444444444444393,-9.000000000000004,-7.555555555555548,-60.33333333333337,-73.77777777777777,-0.2222222222222222,-0.06388888888888877,-6.027513227513229,-0.0,-0.12593440122044242,-1.1111111111111107,-0.053543307086614145,-162.0,-290.1111111111111,1.6666666666666643
400869699,2016,13,2016-11-25 20:30:00+00:00,Iowa,Nebraska,1,-0.18181818181818188,-0.18181818181818166,-2.7272727272727337,2.545454545454543,-0.7644009150371875,-0.06838247542895193,3.0606060606060694,8.121212121212125,11.181818181818183,17.33333333333337,-18.63636363636357,0.1818181818181818,-0.1096693121693122,-1.588703703703704,0.36363636363636387,-0.128858024691358,0.0,0.05966134427699421,-75.0,-210.9090909090903,12.63636363636364
400868887,2016,1,2016-09-04 00:00:00+00:00,Iowa State,Northern Iowa,0,,,,,,,,,,,,,,,,,,,,,
400869204,2016,4,2016-09-24 16:00:00+00:00,Iowa State,San José State,1,-0.3333333333333333,-14.666666666666668,-16.666666666666664,2.0,-1.6004993757802737,-1.3370665018923313,0.0,-0.0,0.0,0.0,0.0,0.0,-0.25,3.25,0.33333333333333326,-0.12137681159420283,-0.9999999999999998,-0.05788219271365336,-93.66666666666663,-175.33333333333326,-35.333333333333336
400868879,2016,5,2016-10-01 16:00:00+00:00,Iowa State,Baylor,0,-0.75,-36.25,-20.25,-16.0,-0.7985756802721085,-1.5842564044002896,4.916666666666671,0.6666666666666661,5.583333333333334,2.0833333333333712,-32.58333333333337,0.0833333333333333,0.05555555555555558,5.555555555555557,0.25,-0.0683102208525937,0.0,-0.01472151360544216,-184.75,11.75,29.5
400869592,2016,9,2016-10-29 16:00:00+00:00,Iowa State,Kansas State,0,-0.4285714285714286,-18.142857142857146,-6.571428571428569,-11.57142857142857,1.0297929285814904,-1.2496826068556919,4.571428571428569,7.238095238095248,11.80952380952381,12.476190476190538,2.9047619047619264,-0.238095238095238,-0.0311111111111112,4.636666666666668,-0.4285714285714286,-0.025764895330112725,-0.7142857142857142,0.036765741653754125,26.857142857142833,-56.571428571429124,-8.285714285714285
400869593,2016,10,2016-11-03 23:30:00+00:00,Iowa State,Oklahoma,0,-0.625,-21.25,-21.375,0.125,-3.0448864907179596,-1.9278075941224948,-10.958333333333336,-5.791666666666671,-16.75,-51.75,-36.25,-0.375,-0.012585034013605445,-3.705442176870749,0.25,-0.0934959349593496,-1.0,-0.12253970029076267,-175.25,-31.125,-11.75
400869595,2016,12,2016-11-19 20:30:00+00:00,Iowa State,Texas Tech,1,-0.2,-10.9,-21.3,10.400000000000002,-1.1479940927732102,0.6136916371692074,12.3,-2.06666666666667,10.233333333333334,159.03333333333342,158.23333333333332,0.2,-0.06481481481481477,-3.5867283950617272,0.19999999999999996,-0.12606060606060615,0.19999999999999996,-0.08108093750664036,-193.70000000000005,-137.0999999999999,5.899999999999999
400869596,2016,13,2016-11-26 20:30:00+00:00,Iowa State,West Virginia,0,-0.5272727272727273,-8.972727272727273,-3.3454545454545475,-5.627272727272725,-0.5285023173991013,-1.2708910846821073,10.345454545454547,15.293939393939393,25.63939393939394,25.557575757575762,24.396969696969677,0.5272727272727273,0.008898809523809614,-0.6102281746031748,0.9090909090909092,-0.026813677120425594,-0.15454545454545454,-0.026878446496836794,-95.89090909090913,38.790909090909054,4.118181818181817
400869597,2016,1,2016-09-03 23:00:00+00:00,Kansas,Rhode Island,1,,,,,,,,,,,,,,,,,,,,,
400869277,2016,2,2016-09-10 18:30:00+00:00,Kansas,Ohio,0,1.0,51.0,1.0,50.0,1.9565217391304355,0.238655462184874,0.0,-0.0,0.0,0.0,0.0,0.0,,,-0.0,0.18181818181818182,-5.0,0.12814645308924477,-60.0,-373.0,104.0
400869599,2016,6,2016-10-08 16:00:00+00:00,Kansas,TCU,0,-0.35,-21.75,-17.9,-3.8500000000000014,-1.6174330816746743,-1.7750082900408968,-6.433333333333335,-16.15,-22.58333333333333,-36.73333333333329,-36.19999999999999,-0.3166666666666666,0.05555555555555547,15.472222222222223,-2.05,-0.18518518518518517,-0.9500000000000002,-0.008236101578586119,-210.60000000000002,-138.1500000000001,34.05
400869600,2016,8,2016-10-22 16:00:00+00:00,Kansas,Oklahoma State,0,-0.5,-25.666666666666664,-18.666666666666657,-6.9999999999999964,-1.9142328819274486,-0.5964670041861178,-2.0000000000000107,-3.333333333333325,-5.333333333333331,-43.99999999999994,-1.1666666666666856,-0.1666666666666666,-0.12,-5.293333333333333,-2.333333333333333,-0.09940059940059942,-0.5,-0.00025380250539319693,-130.33333333333337,-73.0,6.0
400869594,2016,11,2016-11-12 17:00:00+00:00,Kansas,Iowa State,0,0.0,-12.111111111111112,-4.444444444444439,-7.666666666666664,-0.7681729645500583,-0.48946238706134926,0.44444444444443754,-11.000000000000004,-10.555555555555552,30.444444444444457,-7.777777777777828,0.0,0.043749999999999956,1.1525297619047645,-2.0,-0.0808823529411764,0.8888888888888891,0.032664589014413714,-29.77777777777777,-1.6666666666667425,4.777777777777764
400869603,2016,12,2016-11-19 20:30:00+00:00,Kansas,Texas,1,-0.4,-22.3,-15.299999999999997,-7.0,-1.608796296296295,-1.4211760723439233,-2.0333333333333385,-6.333333333333332,-8.366666666666665,-88.0666666666666,-62.19999999999999,-0.2666666666666666,0.008245149911816574,0.2333774250440932,-1.5,-0.04754220456802388,-1.3000000000000003,-0.002645502645502673,-150.60000000000002,42.600000000000136,17.800000000000004
400869358,2016,3,2016-09-17 18:30:00+00:00,Kansas State,Florida Atlantic,1,-0.5,-3.0,-11.0,8.0,-0.676111908177905,0.12816455696202533,0.0,-0.0,0.0,0.0,0.0,0.0,,,-1.5,0.1367521367521367,0.5,-0.13952654232424672,2.0,87.0,1.0
400869605,2016,4,2016-09-24 23:10:00+00:00,Kansas State,Missouri State,1,,,,,,,,,,,,,,,,,,,,,
400869607,2016,6,2016-10-08 23:00:00+00:00,Kansas State,Texas Tech,1,-0.25,-3.0,-27.75,24.75,-3.5926584587323305,0.77042735042735,9.416666666666664,11.25,20.666666666666664,35.083333333333314,3.4999999999999716,0.2499999999999999,0.13888888888888895,-13.833333333333332,0.25,-0.06800314465408808,-0.25,-0.2064751481988144,-317.75,-40.5,25.75
400869609,2016,8,2016-10-22 16:00:00+00:00,Kansas State,Texas,1,0.0,5.666666666666667,-7.333333333333329,13.0,-1.4891579836665727,-0.023411371237457956,0.33333333333333215,-10.666666666666664,-10.333333333333334,-23.5,-1.0,0.0,0.1791666666666667,0.5458333333333325,0.8333333333333334,0.006137322593018801,-1.6666666666666665,-0.12109264995775837,-157.16666666666663,81.5,22.500000000000014
400869610,2016,10,2016-11-05 19:30:00+00:00,Kansas State,Oklahoma State,0,-0.125,-5.375,-10.25,4.875,-2.40131940626718,1.2842000835421885,-5.416666666666657,-9.54166666666666,-14.958333333333332,54.5,53.333333333333314,-0.2083333333333334,-0.13690476190476186,-9.840873015873017,0.25,0.022619047619047594,-0.5,-0.07650723840938245,-107.5,52.625,-0.375
400869604,2016,13,2016-11-26 17:00:00+00:00,Kansas State,Kansas,1,0.4181818181818182,25.772727272727273,11.83636363636364,13.936363636363634,0.028988326848248924,1.5033601644976051,1.8303030303030177,-10.603030303030298,-8.772727272727273,3.7121212121212466,-12.98181818181817,-0.0848484848484849,0.0021031746031746623,-3.19391865079365,2.0,0.1156087502241348,-0.15454545454545476,-0.028886418380581813,14.954545454545439,228.69090909090892,0.827272727272728
400869274,2016,2,2016-09-10 22:00:00+00:00,Kent State,North Carolina A&T,0,,,,,,,,,,,,,,,,,,,,,
400869282,2016,3,2016-09-17 19:30:00+00:00,Kent State,Monmouth,1,,,,,,,,,,,,,,,,,,,,,
400869293,2016,5,2016-10-01 19:30:00+00:00,Kent State,Akron,0,-0.25,-12.5,-21.0,8.5,-4.129981884057972,-1.441775668480148,4.333333333333343,5.833333333333329,10.166666666666666,36.75,32.83333333333337,0.2499999999999999,0.2222222222222222,7.0,-0.0,-0.0692640692640692,1.25,-0.10733695652173914,-186.75,425.0,50.25
400869315,2016,8,2016-10-22 17:00:00+00:00,Kent State,Ohio,0,-0.2857142857142857,-9.285714285714285,-7.571428571428573,-1.7142857142857153,-0.30694772012578575,-0.3843451234755584,13.571428571428573,-1.952380952380956,11.619047619047617,152.1904761904762,70.61904761904762,-0.0476190476190476,-0.13583333333333336,-4.7633333333333345,-0.14285714285714302,-0.022064437318674635,-1.5714285714285707,-0.034861438679245293,-113.85714285714289,-114.85714285714334,18.571428571428562
400869326,2016,11,2016-11-09 00:30:00+00:00,Kent State,Western Michigan,0,-0.6666666666666667,-29.88888888888889,-23.22222222222222,-6.666666666666671,-3.9570268979786736,-1.2215184343875594,-5.777777777777779,5.0000000000000036,-0.7777777777777777,-79.4444444444444,-91.88888888888886,0.0,-0.05029761904761909,-0.09122023809523894,-0.8888888888888891,-0.21659367972541133,-0.33333333333333304,-0.18398854050612767,-198.8888888888889,-136.3333333333337,4.444444444444443
400869339,2016,13,2016-11-25 17:00:00+00:00,Kent State,Northern Illinois,0,-0.09090909090909088,-7.181818181818182,-9.909090909090907,2.72727272727273,-0.5750351068809492,-1.4816136891608584,-5.090909090909101,-12.060606060606066,-17.15151515151515,-14.636363636363685,31.151515151515188,-0.24242424242424238,-0.15793099647266318,-6.499393738977074,0.2727272727272727,-0.07141687141687136,-0.0909090909090906,-0.05933322931294527,-161.36363636363632,137.6363636363635,27.909090909090914
400868973,2016,1,2016-09-03 23:30:00+00:00,Kentucky,Southern Miss,0,,,,,,,,,,,,,,,,,,,,,
400868995,2016,3,2016-09-17 20:00:00+00:00,Kentucky,New Mexico State,1,-0.5,-16.0,-6.0,-10.0,4.028002699055331,-0.48735332464145964,0.0,-0.0,0.0,0.0,0.0,0.0,0.0,-10.0,-3.5,-0.10416666666666669,0.5,-0.012820512820512886,-47.0,-247.0,7.5
400869004,2016,4,2016-09-24 23:30:00+00:00,Kentucky,South Carolina,1,-0.3333333333333333,-7.333333333333333,19.0,-26.333333333333325,4.6849942726231415,2.0999999999999996,0.0,-0.0,0.0,0.0,0.0,0.0,0.25,-6.75,-1.9999999999999998,0.05376344086021506,-0.3333333333333335,0.05121911307478322,129.0,-43.666666666666515,-0.3333333333333357
400869020,2016,6,2016-10-08 20:00:00+00:00,Kentucky,Vanderbilt,1,0.0,-6.199999999999999,5.199999999999999,-11.399999999999999,3.2770979020979025,0.5969387755102042,8.466666666666663,9.73333333333333,18.2,42.26666666666665,-43.33333333333329,0.3333333333333333,-0.0625,-13.083333333333334,-1.5999999999999999,0.008543061648579986,1.0,0.07604895104895104,49.39999999999998,-251.19999999999982,-3.1999999999999957
400869031,2016,8,2016-10-22 23:30:00+00:00,Kentucky,Mississippi State,1,0.16666666666666669,-5.166666666666666,-0.3333333333333286,-4.833333333333329,1.2316176470588234,-0.28257862059657235,-12.666666666666666,19.499999999999993,6.833333333333332,-94.49999999999994,-94.66666666666666,0.1666666666666666,0.1266666666666666,3.176666666666666,-1.3333333333333333,0.008771929824561375,0.16666666666666652,-0.02864583333333337,-56.83333333333337,33.0,15.833333333333343
400869043,2016,10,2016-11-05 23:30:00+00:00,Kentucky,Georgia,0,0.125,-0.25,4.5,-4.75,1.5320371755154367,0.6994434300935852,9.166666666666668,-0.9166666666666714,8.250000000000002,140.04166666666669,27.458333333333343,0.5416666666666666,0.0312925170068028,-0.49824263038548633,-1.25,0.008271920589562387,-0.25,0.01920734964213222,27.625,-181.625,8.625
400869060,2016,12,2016-11-19 21:30:00+00:00,Kentucky,Austin Peay,1,0.5,35.9,11.2,24.700000000000003,0.18394584139264936,3.0792409493601673,3.466666666666669,-0.0333333333333385,3.433333333333333,93.5333333333333,-3.300000000000012,-0.1666666666666666,,,-1.4,0.10023980815347727,1.7,-0.10019342359767891,160.8,-119.79999999999995,-18.799999999999997
400868985,2016,2,2016-09-10 23:30:00+00:00,LSU,Jacksonville State,1,,,,,,,,,,,,,,,,,,,,,
400868996,2016,3,2016-09-17 23:00:00+00:00,LSU,Mississippi State,1,0.0,3.5,0.5,3.0,0.9090163934426227,-1.0901419255849634,0.0,-0.0,0.0,0.0,0.0,0.0,,,-2.0,0.08074534161490682,-1.0,-0.15573770491803274,-119.5,-100.0,4.5
400869014,2016,5,2016-10-01 23:30:00+00:00,LSU,Missouri,1,0.0,-21.5,-23.5,2.0,-3.236185383244206,1.1699687174139726,-8.833333333333327,-2.666666666666668,-11.500000000000004,-8.333333333333371,-30.833333333333343,0.0,-0.5833333333333335,-20.25,0.25,-0.09206349206349196,1.5,-0.06042780748663101,-230.0,235.75,9.5
400869027,2016,7,2016-10-15 23:30:00+00:00,LSU,Southern Miss,1,-0.06666666666666665,-2.7666666666666657,-14.966666666666658,12.2,-2.356798659124242,1.3432003432003432,4.300000000000001,2.8000000000000007,7.099999999999999,43.60000000000008,-41.400000000000006,0.0666666666666666,0.22777777777777783,29.549999999999997,1.1,-0.03768801757647461,0.03333333333333366,-0.01518960821286397,-132.9333333333334,-116.16666666666674,13.233333333333334
400869032,2016,8,2016-10-23 01:00:00+00:00,LSU,Ole Miss,1,0.16666666666666663,5.166666666666666,-11.166666666666657,16.33333333333333,-1.281301709873139,1.7003129890453836,3.499999999999993,-2.666666666666666,0.8333333333333357,31.999999999999943,28.16666666666663,-0.1666666666666666,-0.41666666666666663,-10.062499999999998,0.3333333333333335,0.018199608610567464,1.0,-0.050193050193050204,-67.33333333333331,327.0,1.8333333333333357
400869044,2016,10,2016-11-06 00:00:00+00:00,LSU,Alabama,0,-0.2857142857142857,-14.142857142857142,-14.017857142857142,-0.125,-0.654297976701411,0.759921040092574,12.017857142857142,5.458333333333334,17.476190476190474,89.61904761904765,80.72619047619048,0.2857142857142857,-0.20952380952380956,1.4833333333333343,-0.0714285714285714,-0.05881032547699222,-1.1428571428571428,-0.05091354996934405,-74.28571428571428,-139.46428571428578,2.2142857142857153
400922862,2016,12,2016-11-19 18:00:00+00:00,LSU,Florida,0,-0.11111111111111116,0.6666666666666661,1.2222222222222214,-0.5555555555555554,0.2428255022939405,2.2134106301945558,6.111111111111107,2.8888888888888893,9.0,88.22222222222221,18.77777777777783,0.1111111111111111,0.07624007936507926,11.188888888888888,0.11111111111111116,-0.04656862745098039,-0.3333333333333335,-0.018493909191583557,26.111111111111143,-130.7777777777776,22.333333333333343
400869176,2016,1,2016-09-03 16:00:00+00:00,Louisiana,Boise State,0,,,,,,,,,,,,,,,,,,,,,
400869812,2016,2,2016-09-10 23:00:00+00:00,Louisiana,McNeese,1,,,,,,,,,,,,,,,,,,,,,
400869814,2016,3,2016-09-17 23:00:00+00:00,Louisiana,South Alabama,1,0.0,-6.5,5.0,-11.5,-0.7320827320827323,0.780357142857143,0.0,-0.0,0.0,0.0,0.0,0.0,,,0.5,0.06002554278416339,2.0,0.08225108225108224,-37.0,-222.0,-21.5
400869825,2016,7,2016-10-13 00:00:00+00:00,Louisiana,App State,0,-0.19999999999999996,-6.6,4.400000000000002,-11.0,0.250395945517897,-0.6266377970242063,4.266666666666662,6.0000000000000036,10.266666666666666,25.19999999999999,12.066666666666634,-0.1333333333333333,-0.3055555555555555,-21.763888888888886,-0.6000000000000001,0.0800542740841248,0.8000000000000003,-0.0058599936648716655,12.800000000000011,-373.4000000000001,10.400000000000006
400869840,2016,10,2016-11-05 21:00:00+00:00,Louisiana,Idaho,0,-0.07142857142857151,7.339285714285714,-0.678571428571427,8.017857142857142,-0.2947350771294426,0.1915893152985495,-15.988095238095244,0.9821428571428577,-15.005952380952383,-113.17261904761904,-112.50595238095235,-0.2619047619047617,-0.08238095238095239,-9.806190476190476,0.4642857142857142,0.0521465662254077,1.5,0.042823608316566064,2.8392857142857224,-99.58928571428578,-16.660714285714285
400869852,2016,13,2016-11-26 17:00:00+00:00,Louisiana,Arkansas State,1,-0.19999999999999996,-8.8,-3.6999999999999993,-5.099999999999998,-1.1831799626375146,0.6179942981720608,-9.633333333333336,-9.233333333333338,-18.866666666666667,19.333333333333314,14.333333333333314,-0.46666666666666673,0.004563492063491992,-3.4152281746031745,0.10000000000000009,0.10974574377764867,-0.2999999999999998,0.044731197675223155,3.0,25.299999999999955,0.10000000000000142
400869352,2016,2,2016-09-10 23:00:00+00:00,Louisiana Tech,South Carolina State,1,0.0,37.0,20.0,17.0,3.207130730050934,0.7785326086956523,0.0,-0.0,0.0,0.0,0.0,0.0,,,2.0,0.23232323232323226,1.0,0.19185059422750433,68.0,-259.0,118.0
400869372,2016,5,2016-10-01 23:00:00+00:00,Louisiana Tech,UTEP,1,0.0,26.75,21.5,5.25,2.6790109890109894,0.39066571902392777,13.166666666666666,1.4166666666666643,14.583333333333321,156.83333333333337,86.0,0.3333333333333333,-0.5,-13.277777777777782,0.25,0.1575757575757576,1.0,0.08736263736263727,243.5,0.75,6.5
400869379,2016,6,2016-10-07 00:00:00+00:00,Louisiana Tech,Western Kentucky,1,-0.19999999999999996,-5.2,2.6000000000000014,-7.800000000000001,-1.4321285140562239,1.0777477477477477,-3.933333333333337,-7.533333333333335,-11.466666666666669,-6.533333333333246,29.46666666666664,-0.1333333333333333,-0.09027777777777785,-15.79861111111111,0.40000000000000013,0.1896551724137931,-1.0,0.016351118760757344,55.19999999999993,138.20000000000005,25.599999999999994
400869393,2016,9,2016-10-29 23:00:00+00:00,Louisiana Tech,Rice,1,0.4821428571428572,21.67857142857143,16.303571428571427,5.375,2.6092560456784595,1.161275199249883,0.02976190476189089,-6.041666666666664,-6.0119047619047645,-41.291666666666686,-30.65476190476187,0.1845238095238095,-0.20742630385487543,-5.322789115646258,0.03571428571428581,0.15656617271333678,1.1428571428571432,0.08203649798477386,151.625,-35.46428571428578,8.714285714285722
400869406,2016,11,2016-11-12 20:30:00+00:00,Louisiana Tech,UTSA,1,0.14444444444444438,10.244444444444445,12.87777777777778,-2.633333333333333,1.9399050905953406,1.4711518287992176,-4.544444444444437,12.633333333333333,8.088888888888889,-31.166666666666686,-3.8111111111110745,0.188888888888889,-0.09103835978835978,-1.5036541005291006,0.022222222222222365,0.07658670664667666,1.2888888888888888,0.09551337359792922,165.83333333333331,-104.0,12.01111111111112
400869341,2016,1,2016-09-01 23:00:00+00:00,Louisville,Charlotte,1,,,,,,,,,,,,,,,,,,,,,
400869440,2016,3,2016-09-17 16:00:00+00:00,Louisville,Florida State,1,0.0,17.5,17.5,-0.0,3.0519540229885065,4.740601503759398,0.0,-0.0,0.0,0.0,0.0,0.0,,,-2.5,-0.10794602698650668,0.0,-0.05149425287356313,245.0,-348.0,19.0
400869461,2016,7,2016-10-14 23:00:00+00:00,Louisville,Duke,1,0.4,29.400000000000002,31.2,-1.7999999999999972,2.6154731090020125,3.211743119266055,-2.20000000000001,2.799999999999997,0.5999999999999979,-58.93333333333334,-47.933333333333394,-0.0666666666666667,0.4791666666666667,22.75,0.7999999999999998,0.10822510822510822,-1.0,-0.020236881324025457,213.60000000000002,101.40000000000009,-50.60000000000001
400869469,2016,8,2016-10-22 16:00:00+00:00,Louisville,NC State,1,0.16666666666666674,15.5,21.166666666666668,-5.666666666666661,1.228539262594989,2.7630680826071083,-1.5000000000000124,-8.000000000000005,-9.500000000000004,9.999999999999943,13.166666666666686,-0.1666666666666667,0.0,1.4266666666666694,-1.1666666666666663,0.023729357062690415,-0.3333333333333335,-0.06445257528848858,191.66666666666669,-104.66666666666652,-7.0
400869487,2016,11,2016-11-13 00:00:00+00:00,Louisville,Wake Forest,1,0.2222222222222222,26.11111111111111,28.888888888888893,-2.7777777777777786,3.430330847198319,2.4249797481405113,1.7777777777777732,7.111111111111107,8.88888888888889,-37.99999999999994,25.222222222222204,0.4444444444444444,0.004761904761904634,-0.06190476190475991,-0.9999999999999998,0.0463117689185964,-0.666666666666667,0.034576400841461075,262.0,-44.888888888888914,-35.222222222222214
400869071,2016,13,2016-11-26 17:00:00+00:00,Louisville,Kentucky,0,0.2727272727272728,24.727272727272734,15.90909090909091,8.81818181818182,1.107335592369477,0.7659390159390158,-16.90909090909091,2.515151515151519,-14.393939393939398,-155.84848484848482,-59.24242424242428,0.0606060606060605,0.14666666666666672,11.595357142857143,-0.18181818181818166,0.05713024282560708,0.9999999999999993,0.0399723895582329,144.18181818181813,-31.090909090909236,-28.363636363636367
400869353,2016,2,2016-09-10 22:00:00+00:00,Marshall,Morgan State,1,,,,,,,,,,,,,,,,,,,,,
400869278,2016,3,2016-09-17 16:00:00+00:00,Marshall,Akron,0,0.5,72.5,33.5,39.0,5.322510822510823,0.6449999999999996,0.0,-0.0,0.0,0.0,0.0,0.0,,,1.0,-0.13636363636363638,2.5,0.017316017316017285,130.0,323.0,18.5
400869366,2016,4,2016-09-25 00:00:00+00:00,Marshall,Louisville,0,-0.5,-26.833333333333336,-15.0,-11.833333333333332,-1.5559454191033133,-3.9531315678856656,0.0,-0.0,0.0,0.0,0.0,0.0,-0.5,-37.25,-0.16666666666666696,-0.1991341991341991,-1.333333333333333,-0.05133203378817408,-134.33333333333337,120.33333333333326,-56.66666666666667
400869383,2016,7,2016-10-15 23:00:00+00:00,Marshall,Florida Atlantic,1,0.03333333333333341,8.7,12.533333333333335,-3.833333333333343,1.3242115027829309,-0.2948452099241301,-14.200000000000006,-12.166666666666647,-26.36666666666666,-155.39999999999998,-85.86666666666667,-0.03333333333333341,0.22666666666666668,4.068333333333333,-0.30000000000000004,0.005087695809345372,0.9333333333333333,-0.025974025974025983,43.06666666666666,52.36666666666679,-52.56666666666667
400869386,2016,8,2016-10-22 21:30:00+00:00,Marshall,Charlotte,0,0.047619047619047616,10.452380952380953,9.404761904761909,1.0476190476190652,1.71937327552227,-1.2805740853042251,-8.071428571428577,-1.0476190476190652,-9.119047619047619,-55.2380952380953,11.809523809523853,-0.0476190476190476,0.14,7.653333333333334,0.19047619047619002,0.0133866133866134,1.9285714285714286,5.9124950729128045e-05,5.904761904761926,21.14285714285711,-20.285714285714292
400869407,2016,11,2016-11-13 00:00:00+00:00,Marshall,Middle Tennessee,1,-0.4444444444444444,-13.88888888888889,-10.44444444444445,-3.4444444444444393,-0.7022512708787216,-2.4983859134262656,-11.555555555555554,15.444444444444429,3.8888888888888884,-42.33333333333343,-7.444444444444514,-0.2222222222222222,0.1258928571428572,5.123958333333333,-0.0,-0.1678236723359945,0.0,-0.028050108932461848,-170.99999999999994,-28.333333333333485,-28.33333333333333
400869419,2016,13,2016-11-27 00:00:00+00:00,Marshall,Western Kentucky,0,-0.4545454545454546,-23.363636363636367,-14.272727272727266,-9.09090909090909,-2.982342196062514,-1.7246909633418581,-11.060606060606059,-9.242424242424244,-20.303030303030297,-73.42424242424238,-19.181818181818187,-0.2121212121212121,0.04369929453262794,-2.628562610229277,0.09090909090909083,-0.1440914158305462,0.4545454545454546,-0.04641311535515302,-148.90909090909093,22.545454545454504,-12.63636363636364
400869653,2016,1,2016-09-03 16:00:00+00:00,Maryland,Howard,1,,,,,,,,,,,,,,,,,,,,,
400869663,2016,5,2016-10-01 19:30:00+00:00,Maryland,Purdue,1,0.33333333333333337,19.666666666666668,11.333333333333332,8.333333333333329,0.5823993358239932,0.8479882760458297,0.0,-0.0,0.0,0.0,0.0,0.0,-0.5833333333333333,-20.416666666666664,3.333333333333333,-0.20722135007849296,0.6666666666666665,0.017953507679535075,-37.666666666666686,-144.33333333333326,-22.000000000000007
400869671,2016,7,2016-10-15 16:00:00+00:00,Maryland,Minnesota,0,0.20000000000000007,11.399999999999999,7.0,4.400000000000002,0.6026020471081521,1.378239541885093,3.0,-5.0666666666666735,-2.0666666666666638,-26.600000000000023,-36.59999999999994,0.13333333333333322,-0.1472222222222223,-7.236111111111111,0.3999999999999999,-0.06655844155844148,1.4,0.03514613392526822,21.600000000000023,-195.19999999999982,11.600000000000001
400869675,2016,8,2016-10-22 23:30:00+00:00,Maryland,Michigan State,1,0.3333333333333333,17.5,8.666666666666668,8.833333333333332,-1.5731241731241736,1.9915057915057925,-9.0,2.166666666666675,-6.833333333333331,-40.666666666666686,-56.50000000000003,0.0,-0.1200000000000001,-10.193333333333332,0.5,0.005955757231990988,1.833333333333333,-0.03738423738423735,20.0,-132.16666666666652,-1.1666666666666643
400869648,2016,11,2016-11-12 20:30:00+00:00,Maryland,Ohio State,0,-0.33333333333333326,-28.88888888888889,-15.44444444444445,-13.444444444444441,-0.2612623428074059,-0.344454732635632,2.1111111111111143,-10.222222222222229,-8.11111111111111,51.888888888888914,22.666666666666657,0.0,-0.19181547619047623,-9.565625,-0.6666666666666666,-0.12305458768873406,0.3333333333333335,-0.044404093760316954,-86.22222222222223,-406.44444444444457,-2.6666666666666714
400869642,2016,13,2016-11-26 17:00:00+00:00,Maryland,Rutgers,1,0.2727272727272727,16.636363636363637,9.000000000000002,7.63636363636364,1.8590594548792536,1.1856205174494479,-13.666666666666666,-16.96969696969696,-30.636363636363647,-44.93939393939392,41.939393939393966,-0.2727272727272727,0.026190476190476097,-2.585277777777778,0.27272727272727293,0.053506148222000616,0.7272727272727275,0.12188720990443913,99.27272727272731,43.454545454545496,-14.272727272727273
400868958,2016,2,2016-09-10 16:00:00+00:00,Massachusetts,Boston College,0,0.0,-14.0,-7.0,-7.0,-0.1764705882352935,-3.4424710424710425,0.0,-0.0,0.0,0.0,0.0,0.0,,,3.0,-0.3376623376623376,0.0,-0.11764705882352944,-133.0,-101.0,14.0
400868959,2016,3,2016-09-17 19:30:00+00:00,Massachusetts,Florida International,1,0.0,6.0,-6.5,12.5,0.5155555555555553,-4.006027000964321,0.0,-0.0,0.0,0.0,0.0,0.0,-1.0,-42.0,0.5,-0.18888888888888888,-1.0,-0.06222222222222229,-197.0,-116.5,32.0
400868960,2016,4,2016-09-24 19:30:00+00:00,Massachusetts,Mississippi State,0,0.0,-12.333333333333334,-10.666666666666663,-1.6666666666666714,0.5472747497219128,-3.9337318087318085,0.0,-0.0,0.0,0.0,0.0,0.0,-0.75,-19.75,-0.6666666666666666,-0.010685103708359511,-0.6666666666666663,-0.06117908787541715,-144.6666666666667,100.66666666666674,0.6666666666666785
400868961,2016,5,2016-10-01 19:30:00+00:00,Massachusetts,Tulane,0,-0.25,-19.0,-13.5,-5.5,1.3450326492537314,-2.690459875133242,-5.833333333333336,3.833333333333332,-2.000000000000001,15.416666666666686,38.41666666666667,-0.0833333333333333,-0.44444444444444436,-6.555555555555555,-1.0,-0.008620689655172376,-1.25,0.1147388059701493,-46.75,-190.75,1.75
400868963,2016,7,2016-10-15 19:30:00+00:00,Massachusetts,Louisiana Tech,0,-0.33333333333333337,-16.833333333333332,-20.83333333333333,4.0,-2.0175546658453953,-2.506015037593985,6.833333333333329,-9.666666666666664,-2.833333333333334,74.33333333333326,3.166666666666689,-0.3333333333333332,-0.11666666666666664,1.0433333333333334,-0.8333333333333333,-0.25008325008325005,-0.4999999999999998,-0.11432091161071756,-221.33333333333331,-183.5,-9.0
400868965,2016,9,2016-10-29 16:00:00+00:00,Massachusetts,Wagner,1,0.125,19.375,10.75,8.625,4.003516483516483,1.2237762237762237,3.25,-8.625,-5.375,70.5,29.41666666666663,-0.125,-0.00952380952380949,9.67142857142857,-2.125,0.1452192667145938,1.875,0.04043956043956043,220.5,248.125,-54.875
400869508,2016,1,2016-09-03 23:00:00+00:00,Memphis,Southeast Missouri State,1,,,,,,,,,,,,,,,,,,,,,
400869520,2016,3,2016-09-17 16:00:00+00:00,Memphis,Kansas,1,0.5,1.5,-3.0,4.5,-1.6548507462686555,-0.6066666666666669,0.0,-0.0,0.0,0.0,0.0,0.0,,,-0.5,0.1375,1.5,-0.03656716417910444,4.0,370.5,3.5
400869287,2016,4,2016-09-25 00:00:00+00:00,Memphis,Bowling Green,1,0.6666666666666667,55.66666666666667,19.66666666666667,36.0,2.098696219035202,0.18953252032520318,0.0,-0.0,0.0,0.0,0.0,0.0,0.0,0.5,1.833333333333333,0.047619047619047616,-0.16666666666666674,0.09687092568448497,35.5,186.83333333333326,-9.833333333333343
400869531,2016,6,2016-10-07 00:00:00+00:00,Memphis,Temple,1,0.15000000000000002,13.2,11.549999999999997,1.6499999999999986,1.1694444444444443,-0.0013262599469499037,-2.216666666666661,3.6833333333333407,1.4666666666666668,-25.466666666666697,-31.366666666666617,-0.1499999999999999,0.0,3.4166666666666656,-0.1499999999999999,0.019298245614035092,-0.8,0.12638888888888888,126.80000000000001,-13.75,-20.700000000000003
400869552,2016,9,2016-10-30 00:00:00+00:00,Memphis,Tulsa,0,0.0,8.285714285714286,-1.2857142857142918,9.571428571428573,0.7597170809095717,-0.1729889695991389,-11.380952380952378,-2.238095238095241,-13.61904761904762,-98.09523809523819,-57.28571428571428,0.0,-0.12222222222222223,-8.305555555555557,0.4285714285714286,-0.0676470588235295,-0.8571428571428568,0.07092808038075094,-46.5714285714285,-139.285714285714,2.4285714285714164
400869559,2016,11,2016-11-13 00:00:00+00:00,Memphis,South Florida,0,-0.11111111111111116,0.7777777777777803,-4.555555555555557,5.333333333333332,0.24213820977917955,-2.2329810125085716,-0.44444444444444287,-1.9999999999999964,-2.4444444444444464,21.33333333333337,63.00000000000006,-0.2222222222222222,0.04077380952380949,2.5578869047619044,-0.4444444444444444,-0.08265228288111581,-1.2222222222222219,0.03250690063091488,-53.666666666666686,76.77777777777783,1.5555555555555642
400869568,2016,13,2016-11-25 17:00:00+00:00,Memphis,Houston,1,-0.18181818181818188,-3.909090909090912,1.2727272727272734,-5.181818181818173,0.7056570931244561,0.8129843074646628,8.727272727272727,1.5151515151515085,10.24242424242424,113.27272727272732,15.545454545454504,-0.15151515151515152,-0.05947089947089945,-0.6537786596119939,0.09090909090909083,-0.06305220883534135,-2.0,-0.024369016536118338,8.727272727272691,-332.99999999999955,-13.545454545454547
400869718,2016,1,2016-09-03 22:00:00+00:00,Miami,Florida A&M,1,,,,,,,,,,,,,,,,,,,,,
400869719,2016,2,2016-09-10 22:00:00+00:00,Miami,Florida Atlantic,1,0.0,59.0,32.0,27.0,-1.9539170506912447,6.583333333333333,0.0,-0.0,0.0,0.0,0.0,0.0,,,-1.0,0.21531100478468906,0.0,-0.12288786482334868,71.0,-397.0,-9.0
400869722,2016,6,2016-10-09 00:00:00+00:00,Miami,Florida State,0,0.4,30.0,5.600000000000001,24.4,1.4837261503928172,1.6738971322110592,-2.933333333333323,6.933333333333334,4.000000000000002,-16.116666666666674,80.98333333333329,0.2666666666666666,-0.16666666666666663,-20.138888888888893,-0.19999999999999996,-0.007129455909943794,0.9500000000000002,0.05162738496071828,-34.55000000000001,-690.0500000000002,24.200000000000003
400869723,2016,7,2016-10-15 19:30:00+00:00,Miami,North Carolina,0,0.13333333333333341,25.933333333333334,7.233333333333334,18.7,0.6478253151074043,1.7579819112999893,0.09999999999999787,-0.6999999999999993,-0.5999999999999996,4.066666666666606,38.30000000000001,-0.1333333333333334,-0.07916666666666661,-13.041666666666668,0.33333333333333326,-0.037037037037037035,1.2333333333333334,-0.06110420734954736,9.266666666666708,87.29999999999995,-7.200000000000003
400869481,2016,10,2016-11-05 16:30:00+00:00,Miami,Pittsburgh,1,-0.125,8.25,-5.25,13.5,-0.018921095008051836,-0.5442196257243284,-15.416666666666668,-7.833333333333336,-23.250000000000004,-36.875,15.25,-0.5416666666666666,0.03639455782312928,-3.923129251700682,-0.0,-0.07905686546463242,-0.75,-0.006396493111468948,-22.125,-444.375,-18.0
400869499,2016,13,2016-11-26 20:30:00+00:00,Miami,Duke,1,0.33636363636363636,19.96363636363636,9.490909090909092,10.472727272727273,1.4076410405010806,0.5682794024028501,6.842424242424244,6.860606060606063,13.703030303030303,91.20606060606053,69.0030303030303,0.3303030303030303,0.016900352733686064,-1.4525396825396832,1.290909090909091,-0.05975092739798621,-0.3545454545454545,-0.015499037811411043,5.127272727272782,-225.8545454545456,-25.772727272727266
400869271,2016,2,2016-09-10 20:30:00+00:00,Miami (OH),Eastern Illinois,0,,,,,,,,,,,,,,,,,,,,,
400869283,2016,3,2016-09-17 19:30:00+00:00,Miami (OH),Western Kentucky,0,-0.5,-16.0,-9.0,-7.0,-0.4029008863819534,1.3232600732600734,0.0,-0.0,0.0,0.0,0.0,0.0,,,-1.0,0.08862876254180602,0.5,0.011012624227773271,-33.5,463.5,-8.0
400869296,2016,5,2016-10-01 18:30:00+00:00,Miami (OH),Ohio,0,-0.5,-15.75,-16.25,0.5,2.8821146655587873,-1.7879997123957434,5.583333333333329,-3.5,2.083333333333333,33.916666666666686,42.58333333333337,-0.1666666666666666,-0.41666666666666674,-28.0,-0.75,-0.051282051282051266,-1.75,-0.011944329040299184,-104.25,-159.0,-9.25
400869309,2016,7,2016-10-15 18:30:00+00:00,Miami (OH),Kent State,1,-0.3333333333333333,-7.166666666666667,-7.5,0.33333333333333925,2.1595893064703606,-1.4433329648870714,-2.833333333333334,6.333333333333332,3.500000000000001,-92.66666666666674,-48.0,0.0,-0.01666666666666672,-0.565277777777776,-1.1666666666666663,-0.03206168831168832,-0.4999999999999998,0.00011623401782256959,23.33333333333337,34.333333333333485,-29.66666666666667
400869324,2016,10,2016-11-04 22:00:00+00:00,Miami (OH),Central Michigan,1,-0.22222222222222227,-6.0,-8.777777777777779,2.777777777777775,-0.01574546245498709,-0.7795081967213111,12.444444444444446,7.555555555555564,20.0,42.33333333333337,-0.3333333333333144,0.888888888888889,-0.06262755102040818,-13.30329506802721,-0.0,-0.11331311088641721,0.7777777777777779,-0.02353964763032601,-70.0,-70.11111111111177,-12.333333333333321
400869336,2016,13,2016-11-23 00:00:00+00:00,Miami (OH),Ball State,1,0.09090909090909088,2.181818181818182,-4.0,6.181818181818183,1.6919341647924755,-1.363749162957419,10.666666666666668,20.818181818181806,31.484848484848484,2.363636363636374,-99.18181818181819,0.9090909090909092,-0.04540564373897715,-1.997270723104057,0.45454545454545436,-0.08274231678486993,-0.1818181818181821,-0.037858651945750665,-96.36363636363637,62.72727272727229,-24.81818181818182
400869180,2016,1,2016-09-03 16:00:00+00:00,Michigan,Hawai'i,1,,,,,,,,,,,,,,,,,,,,,
400869510,2016,2,2016-09-10 16:00:00+00:00,Michigan,UCF,1,0.0,22.0,25.0,-3.0,2.93888888888889,4.1239316239316235,0.0,-0.0,0.0,0.0,0.0,0.0,,,1.0,0.6470588235294118,4.0,0.2944444444444444,46.0,-267.0,7.0
400869111,2016,3,2016-09-17 19:30:00+00:00,Michigan,Colorado,1,0.0,5.5,7.0,-1.5,-1.4490266393442628,0.6930309734513278,0.0,-0.0,0.0,0.0,0.0,0.0,,,1.0,-0.021621621621621623,2.5,0.01818647540983609,-108.0,-266.0,9.5
400869658,2016,4,2016-09-24 19:30:00+00:00,Michigan,Penn State,1,0.33333333333333337,30.0,17.666666666666664,12.333333333333329,-0.8153846153846143,1.740449087790426,0.0,-0.0,0.0,0.0,0.0,0.0,-0.08333333333333337,4.083333333333329,2.0,0.2230989956958393,0.666666666666667,0.014896214896214843,64.33333333333331,275.6666666666665,19.33333333333333
400869664,2016,5,2016-10-01 19:30:00+00:00,Michigan,Wisconsin,1,0.0,19.25,21.25,-2.0,-0.38304093567251485,1.4647058823529409,-8.583333333333329,-4.333333333333332,-12.916666666666668,-38.583333333333314,3.5833333333333144,0.0,0.0,13.083333333333332,1.25,0.09224674589700066,1.75,0.0025062656641604564,57.25,-275.25,-3.0
400869676,2016,8,2016-10-22 19:30:00+00:00,Michigan,Illinois,1,0.6666666666666667,39.83333333333332,24.0,15.833333333333334,0.6498179481687725,0.0,-0.6666666666666679,2.499999999999999,1.8333333333333452,26.333333333333314,1.5,0.0,0.11111111111111105,11.466666666666667,0.16666666666666674,0.1711169000325627,1.5,0.030163489683729505,98.66666666666669,268.1666666666665,31.833333333333343
400869685,2016,10,2016-11-05 19:30:00+00:00,Michigan,Maryland,1,0.375,25.625,14.0,11.625,1.3372085527022675,-0.3743175063929778,11.666666666666668,8.041666666666666,19.708333333333332,60.62500000000006,-41.375,0.2916666666666667,0.13877551020408174,11.489880952380952,0.625,0.08615512927439534,1.0,0.029010422262812918,53.375,324.25,14.5
400869695,2016,12,2016-11-19 20:30:00+00:00,Michigan,Indiana,1,0.4,34.4,17.0,17.4,-0.04807692307692335,1.2658863153245177,-17.66666666666667,5.2666666666666675,-12.400000000000006,-125.16666666666669,-17.4666666666667,-0.4,-0.18100970017636675,-1.6807892416225734,1.4000000000000001,0.0702118204710413,1.0999999999999996,0.019505494505494436,0.5,255.5,10.0
400869651,2016,1,2016-09-02 23:00:00+00:00,Michigan State,Furman,1,,,,,,,,,,,,,,,,,,,,,
400869659,2016,4,2016-09-24 16:00:00+00:00,Michigan State,Wisconsin,0,0.0,-5.833333333333332,1.0,-6.833333333333334,1.7272727272727249,0.4724538415723645,0.0,-0.0,0.0,0.0,0.0,0.0,0.0,12.5,0.16666666666666674,0.007763975155279601,-0.833333333333333,0.07954545454545459,-10.666666666666686,-252.66666666666652,-50.83333333333333
400868927,2016,6,2016-10-08 19:30:00+00:00,Michigan State,BYU,0,0.09999999999999998,-0.4,-4.850000000000001,4.449999999999999,1.3034192037470724,-1.1491554054054056,-7.816666666666663,3.216666666666672,-4.6,-19.716666666666697,-5.800000000000015,-0.09999999999999991,-0.1527777777777778,-6.916666666666664,-0.3999999999999999,-0.07570422535211269,-0.3500000000000001,0.009789227166276393,-18.94999999999999,111.65000000000009,-9.5
400869672,2016,7,2016-10-15 19:30:00+00:00,Michigan State,Northwestern,0,0.0,-5.0,0.3999999999999986,-5.399999999999999,0.847552447552447,0.4895833333333335,-11.733333333333333,-0.26666666666666217,-11.999999999999996,-78.13333333333333,-22.26666666666668,-0.6666666666666666,-0.10833333333333339,-9.455555555555561,-0.6000000000000001,0.022077922077922085,-1.4,0.05433977786918953,15.800000000000011,263.60000000000014,-33.800000000000004
400869681,2016,9,2016-10-29 16:00:00+00:00,Michigan State,Michigan,0,-0.7142857142857143,-45.28571428571429,-25.57142857142858,-19.714285714285715,0.04408072386185857,-1.2742134231495932,4.904761904761912,-12.952380952380942,-8.047619047619042,-41.61904761904759,14.85714285714289,-0.2857142857142857,-0.023015873015872934,-2.5555555555555554,-1.1428571428571423,-0.11340206185567009,-2.571428571428572,-0.045312425979440074,-92.71428571428572,-260.2857142857147,-24.285714285714278
400869640,2016,11,2016-11-12 17:00:00+00:00,Michigan State,Rutgers,1,0.0,10.777777777777777,4.111111111111118,6.666666666666668,2.2263385762043066,0.4994186046511633,-3.7777777777777892,-6.666666666666668,-10.444444444444443,-20.4444444444444,-88.55555555555554,0.0,0.043749999999999956,0.7934523809523792,0.11111111111111094,0.05049668874172192,-0.9999999999999999,0.10201676987998032,90.11111111111109,227.00000000000045,-23.33333333333333
400869649,2016,12,2016-11-19 17:00:00+00:00,Michigan State,Ohio State,0,-0.6000000000000001,-34.8,-20.4,-14.400000000000002,0.023799274337370058,-1.2850826919927956,4.066666666666663,2.066666666666668,6.13333333333334,14.766666666666652,-66.63333333333335,-0.0666666666666666,-0.12367724867724872,-3.3237213403880057,-0.8,-0.13555187333149227,-1.5000000000000002,-0.06782075723100256,-105.09999999999997,-185.79999999999973,-10.099999999999994
400869344,2016,1,2016-09-03 23:00:00+00:00,Middle Tennessee,Alabama A&M,1,,,,,,,,,,,,,,,,,,,,,
400869365,2016,4,2016-09-24 23:00:00+00:00,Middle Tennessee,Louisiana Tech,1,0.3333333333333333,12.666666666666664,0.6666666666666643,11.999999999999996,-0.9499011206328278,-1.0664985095161663,0.0,-0.0,0.0,0.0,0.0,0.0,0.0,-8.75,-0.33333333333333326,0.03798185941043086,1.3333333333333335,-0.0017578554163919513,7.333333333333371,276.0,-14.666666666666671
400869384,2016,7,2016-10-15 18:30:00+00:00,Middle Tennessee,Western Kentucky,0,0.30000000000000004,5.6,1.1000000000000014,4.5,-1.6512087401208762,0.7683605801624172,-8.766666666666666,2.5,-6.2666666666666675,-67.39999999999998,-22.600000000000023,0.3666666666666665,-0.09999999999999998,-17.52916666666667,0.26666666666666683,0.16900937081659978,0.5333333333333337,-0.033085386641871994,70.06666666666666,298.56666666666683,0.36666666666667425
400869403,2016,10,2016-11-05 18:30:00+00:00,Middle Tennessee,UTSA,0,0.25,8.0,11.0,-3.0,-0.2627681493152343,1.585496738650244,3.000000000000007,-11.000000000000007,-8.0,6.625000000000057,18.29166666666669,-0.2499999999999999,-0.0471088435374149,1.538095238095238,0.125,0.07142857142857151,1.0,0.034238274148588044,156.375,9.25,2.125
400869417,2016,13,2016-11-26 22:30:00+00:00,Middle Tennessee,Florida Atlantic,1,0.36363636363636365,16.90909090909091,13.0,3.9090909090909136,0.5031725143489085,0.9299235851929488,-20.0,-10.575757575757585,-30.575757575757574,-237.15151515151527,-133.84848484848487,-0.6969696969696969,-0.018611111111111023,-4.756111111111111,-0.18181818181818188,0.12324645383142507,0.09090909090909083,0.05885987186378261,112.81818181818193,88.18181818181824,-5.272727272727273
400869092,2016,1,2016-09-02 01:00:00+00:00,Minnesota,Oregon State,1,,,,,,,,,,,,,,,,,,,,,
400869654,2016,2,2016-09-10 16:00:00+00:00,Minnesota,Indiana State,1,,,,,,,,,,,,,,,,,,,,,
400869200,2016,4,2016-09-24 16:00:00+00:00,Minnesota,Colorado State,1,0.33333333333333337,19.166666666666668,18.333333333333332,0.8333333333333286,1.117584745762712,-0.15885714285714325,0.0,-0.0,0.0,0.0,0.0,0.0,,,1.1666666666666667,0.1825334382376082,0.0,0.05127118644067796,62.5,227.16666666666674,-21.0
400869668,2016,6,2016-10-08 16:00:00+00:00,Minnesota,Iowa,0,0.15000000000000002,-1.9499999999999993,5.649999999999999,-7.600000000000001,-0.8860000000000001,0.7252701312065861,10.683333333333337,3.2666666666666693,13.949999999999998,105.18333333333334,37.900000000000006,0.1833333333333333,0.27777777777777773,-1.6249999999999996,-0.35,0.1109896118097321,-0.5499999999999998,0.0006666666666667043,98.14999999999998,284.75,-33.15
400869638,2016,8,2016-10-22 16:00:00+00:00,Minnesota,Rutgers,1,0.38095238095238093,30.30952380952381,13.928571428571427,16.380952380952394,1.6058274138384636,0.8920899765171182,5.071428571428569,19.28571428571427,24.357142857142858,78.09523809523807,34.19047619047622,-0.047619047619047616,0.08055555555555549,-4.681944444444443,0.7142857142857142,0.08999621068586589,0.16666666666666652,0.10648513549066035,91.23809523809524,250.04761904761904,-28.357142857142854
400869686,2016,10,2016-11-05 19:30:00+00:00,Minnesota,Purdue,1,0.375,21.5,6.75,14.75,0.21532502611930848,0.9556207013192015,3.9166666666666714,11.583333333333332,15.500000000000002,-23.875,-102.95833333333331,0.625,-0.23378684807256234,-10.154138321995465,1.5,-0.04573532905678307,0.5,-0.006052034757791258,-38.125,116.5,-21.375
400869696,2016,12,2016-11-19 20:30:00+00:00,Minnesota,Northwestern,1,0.19999999999999996,4.8,6.5,-1.6999999999999993,0.15799498848982374,0.7062367662400995,3.1666666666666647,-1.6333333333333329,1.5333333333333332,-81.73333333333335,-41.133333333333354,0.1333333333333333,-0.09995039682539675,-11.014781746031744,0.10000000000000009,0.006856730422230228,0.3999999999999999,0.0013038075254140358,-22.599999999999966,253.0999999999999,-31.800000000000004
400868975,2016,1,2016-09-03 16:00:00+00:00,Mississippi State,South Alabama,0,,,,,,,,,,,,,,,,,,,,,
400868987,2016,2,2016-09-10 23:00:00+00:00,Mississippi State,South Carolina,1,-1.0,-4.0,7.0,-11.0,-1.6204301075268814,3.2481617647058822,0.0,-0.0,0.0,0.0,0.0,0.0,,,2.0,-0.1527777777777778,2.0,0.1118279569892473,74.0,-206.0,10.0
400869021,2016,6,2016-10-08 16:00:00+00:00,Mississippi State,Auburn,0,-0.09999999999999998,-9.55,-2.6999999999999993,-6.850000000000001,-1.795454545454545,0.6327978643686771,3.36666666666666,-0.8166666666666664,2.55,14.183333333333337,17.55000000000001,0.1,0.11111111111111105,-2.5277777777777777,0.6499999999999999,-0.1798928919182084,0.04999999999999982,-0.037878787878787845,-54.85000000000002,-247.3499999999999,-22.299999999999997
400869037,2016,9,2016-10-29 19:30:00+00:00,Mississippi State,Samford,1,,,,,,,,,,,,,,,,,,,,,
400869046,2016,10,2016-11-05 16:00:00+00:00,Mississippi State,Texas A&M,1,-0.5,-18.25,-8.0,-10.25,-0.0544257112750266,-1.0717229768953906,9.333333333333336,0.9166666666666643,10.25,79.29166666666663,41.125,0.16666666666666669,-0.142063492063492,-6.346825396825396,0.25,-0.04256542996836349,-1.125,0.04694415173867228,-68.625,79.5,-1.0
400869062,2016,12,2016-11-20 00:00:00+00:00,Mississippi State,Arkansas,0,-0.19999999999999996,-2.6999999999999997,-0.6999999999999993,-2.0,-1.631311570407573,1.1147264006976236,17.366666666666664,-3.3333333333333357,14.033333333333331,161.86666666666673,89.43333333333337,0.5333333333333332,-0.18005952380952372,-9.852132936507935,0.3999999999999999,-0.00648075412411625,0.10000000000000009,-0.04311377245508985,19.799999999999955,-310.9000000000001,2.5
400868988,2016,2,2016-09-10 23:30:00+00:00,Missouri,Eastern Michigan,1,-1.0,-62.0,-50.0,-12.0,-2.9292452830188678,-2.5565764023210833,0.0,-0.0,0.0,0.0,0.0,0.0,,,-0.0,-0.03787878787878779,-4.0,-0.2555031446540881,-17.0,-157.0,49.0
400868998,2016,3,2016-09-17 23:30:00+00:00,Missouri,Georgia,0,-0.5,7.0,6.5,0.5,-0.9317329332333077,-0.893341952165482,0.0,-0.0,0.0,0.0,0.0,0.0,,,0.5,0.042735042735042694,-1.0,-0.05626406601650413,131.0,-589.0,-11.0
400869006,2016,4,2016-09-24 20:00:00+00:00,Missouri,Delaware State,1,,,,,,,,,,,,,,,,,,,,,
400869033,2016,8,2016-10-22 20:00:00+00:00,Missouri,Middle Tennessee,0,-0.3333333333333333,-5.0,-5.333333333333336,0.33333333333333215,0.5495325715981609,-0.777628485052066,1.6666666666666714,2.666666666666668,4.333333333333333,-46.166666666666686,-65.33333333333337,0.0,0.45833333333333337,23.704166666666666,-0.6666666666666667,-0.11144049187527455,-1.3333333333333333,-0.0885294554088144,-56.833333333333314,-516.5,8.166666666666679
400869038,2016,9,2016-10-29 16:00:00+00:00,Missouri,Kentucky,0,-0.2857142857142857,10.714285714285715,8.142857142857139,2.5714285714285694,0.16958822176213495,0.06579316471083274,-8.142857142857139,-18.571428571428577,-26.714285714285708,-51.95238095238096,-81.19047619047618,-0.38095238095238093,0.1433333333333333,11.357222222222223,0.5714285714285721,0.05575905575905571,-0.5714285714285714,0.001564297216471111,130.28571428571428,-358.0,-18.57142857142857
400869053,2016,11,2016-11-12 20:30:00+00:00,Missouri,Vanderbilt,1,-0.2222222222222222,2.6666666666666665,11.555555555555557,-8.888888888888882,2.3043362688671616,0.45988907919419386,-5.222222222222225,-11.44444444444445,-16.666666666666668,-19.444444444444457,-28.77777777777777,-0.4444444444444444,-0.02789115646258511,-3.5363945578231295,-1.0,0.041907180789655885,0.6666666666666667,0.01800614844093107,175.1111111111111,-488.55555555555566,-16.555555555555557
400869073,2016,13,2016-11-25 19:30:00+00:00,Missouri,Arkansas,1,-0.36363636363636365,-0.909090909090909,0.2727272727272734,-1.1818181818181799,-0.5917400135409618,0.5089342226982811,-5.272727272727273,-5.81818181818182,-11.09090909090909,11.606060606060517,10.363636363636346,0.0303030303030304,-0.10736331569664903,-5.772486772486776,-0.2727272727272727,0.01851781291674609,0.27272727272727293,-0.05798634619724674,77.7272727272728,-643.4545454545455,-8.81818181818182
400869422,2016,1,2016-09-01 23:30:00+00:00,NC State,William & Mary,1,,,,,,,,,,,,,,,,,,,,,
400869360,2016,3,2016-09-17 22:00:00+00:00,NC State,Old Dominion,1,0.0,11.0,8.5,2.5,2.3625310173697276,0.05303030303030365,0.0,-0.0,0.0,0.0,0.0,0.0,1.0,52.0,-0.0,0.2785185185185185,-2.5,0.23275434243176185,116.5,411.5,-11.5
400869456,2016,5,2016-10-01 19:30:00+00:00,NC State,Wake Forest,1,-0.33333333333333337,10.333333333333329,16.833333333333336,-6.5,2.8085106382978715,0.8097112860892386,-6.166666666666668,4.5,-1.666666666666666,-58.083333333333314,-17.75,0.0,-0.25,-4.5,-0.0,0.1033562166285279,-0.666666666666667,0.2021276595744681,148.41666666666669,-93.58333333333326,-10.416666666666657
400868951,2016,6,2016-10-08 16:00:00+00:00,NC State,Notre Dame,1,0.35,12.35,0.20000000000000284,12.149999999999999,-0.8047916858272774,0.6246136377972622,-0.5333333333333243,-0.15000000000000213,-0.6833333333333336,-39.599999999999966,-59.19999999999999,-0.016666666666666607,0.125,14.791666666666668,0.8500000000000001,0.1445221445221445,2.15,0.11675710475489742,9.600000000000023,130.45000000000005,-18.700000000000003
400869472,2016,9,2016-10-29 16:30:00+00:00,NC State,Boston College,0,0.1428571428571429,8.142857142857142,7.571428571428573,0.5714285714285694,1.3418224892122854,0.24174374093535267,-15.904761904761909,1.4285714285714306,-14.476190476190471,-123.71428571428574,-58.9047619047619,-0.1428571428571429,0.3365079365079365,21.959206349206347,0.2857142857142856,0.0670703306939916,-0.1428571428571428,0.13275234791437523,92.71428571428572,-147.0,-14.142857142857146
400869479,2016,10,2016-11-05 23:00:00+00:00,NC State,Florida State,0,-0.125,-1.5,-8.0,6.5,-0.45995062989444957,-1.0278405950047738,-1.0000000000000018,-18.833333333333332,-19.83333333333333,-24.45833333333337,7.25,-0.5416666666666666,-0.19314058956916114,-8.9062925170068,-0.375,-0.02855685874553804,-0.25,0.02187606401089548,-79.875,-255.125,8.75
400869495,2016,12,2016-11-19 17:30:00+00:00,NC State,Miami,0,-0.09999999999999998,-11.7,-7.899999999999999,-3.8000000000000007,-0.17111918698735984,-0.7787075672123138,-6.433333333333337,6.133333333333333,-0.3000000000000007,17.833333333333314,22.499999999999996,-0.2333333333333332,0.10167548500881829,5.919885361552028,-0.6000000000000001,0.0613484302624806,0.0,0.00818376009099231,2.5,259.79999999999995,-2.200000000000003
400869509,2016,1,2016-09-03 16:00:00+00:00,Navy,Fordham,1,,,,,,,,,,,,,,,,,,,,,
400869512,2016,2,2016-09-10 19:30:00+00:00,Navy,UConn,1,0.0,33.0,28.0,5.0,23.706521739130434,4.056603773584905,0.0,-0.0,0.0,0.0,0.0,0.0,,,1.0,-0.033333333333333326,3.0,0.30434782608695654,188.0,-393.0,14.0
400869536,2016,6,2016-10-08 19:00:00+00:00,Navy,Houston,1,-0.25,-24.75,-15.450000000000003,-9.3,2.0775956284153008,1.0721691902567478,-12.216666666666654,-1.6999999999999993,-13.916666666666657,-82.16666666666669,-46.066666666666634,-0.0833333333333333,0.16666666666666674,14.25,-0.5,-0.03242630385487533,-2.1,-0.11217088922006957,-111.5,-412.5999999999999,8.25
400869546,2016,8,2016-10-22 19:30:00+00:00,Navy,Memphis,1,-0.033333333333333326,-13.033333333333328,-7.966666666666654,-5.06666666666667,2.741176470588236,0.6040986040986036,6.2999999999999865,7.400000000000009,13.699999999999996,-4.000000000000057,21.066666666666663,0.033333333333333326,0.3683333333333334,14.828333333333333,0.6333333333333333,0.11242816091954022,0.43333333333333335,-0.06862745098039214,-46.333333333333314,186.33333333333326,42.466666666666654
400868954,2016,10,2016-11-05 15:30:00+00:00,Navy,Notre Dame,1,0.3392857142857143,3.946428571428571,5.178571428571431,-1.2321428571428577,3.1939411939411926,1.2756038839061299,24.82142857142857,-20.767857142857142,4.053571428571428,202.5,112.65476190476193,-0.005952380952381001,0.16797052154195014,11.38718820861678,0.7321428571428572,0.15075075075075078,0.3392857142857142,0.007128007128007208,30.5,209.803571428572,35.0
400869561,2016,11,2016-11-12 17:00:00+00:00,Navy,Tulsa,1,-0.02777777777777779,-5.569444444444445,-7.944444444444443,2.375,3.608150470219435,0.4561969257228853,-5.055555555555557,-11.041666666666664,-16.097222222222218,-10.833333333333314,19.77777777777777,-0.3055555555555555,0.13526785714285716,4.452678571428573,0.7777777777777777,0.05760517799352749,-1.0416666666666665,0.005921281783350718,-76.5,169.91666666666674,45.958333333333336
400926947,2016,14,2016-12-03 17:00:00+00:00,Navy,Temple,0,0.06818181818181823,-3.2803030303030294,8.977272727272727,-12.257575757575758,3.341530809615916,1.4900084229931823,22.35606060606061,-18.40909090909091,3.946969696969699,54.16666666666664,-27.91666666666669,-0.06818181818181829,0.19726911976911976,9.173257575757575,0.5984848484848485,0.13478754828448092,-1.2954545454545454,0.023612750885478206,51.166666666666686,-80.0,21.643939393939377
400869179,2016,1,2016-09-04 00:00:00+00:00,Nebraska,Fresno State,1,,,,,,,,,,,,,,,,,,,,,
400869187,2016,2,2016-09-10 16:00:00+00:00,Nebraska,Wyoming,1,0.0,27.0,3.0,24.0,0.32095490716180386,1.386204481792718,0.0,-0.0,0.0,0.0,0.0,0.0,,,-0.0,0.06565656565656558,3.0,-0.19363395225464192,-82.0,-226.0,20.0
400869113,2016,3,2016-09-17 19:30:00+00:00,Nebraska,Oregon,1,0.0,12.5,-1.0,13.5,1.0894808743169424,-2.1572392319667877,0.0,-0.0,0.0,0.0,0.0,0.0,1.0,23.0,0.5,-0.05142857142857138,-1.5,-0.1260245901639344,-99.0,414.5,7.5
400869665,2016,5,2016-10-01 19:30:00+00:00,Nebraska,Illinois,1,0.6666666666666667,20.5,10.166666666666671,10.333333333333329,2.074611032531825,-0.03787701660042142,-1.5,-2.666666666666668,-4.166666666666668,26.333333333333314,43.0,0.0,0.2777777777777778,2.0555555555555554,-0.0,0.13930581613508447,-1.833333333333333,-0.06028995756718525,105.33333333333331,176.33333333333326,-4.666666666666671
400869677,2016,8,2016-10-22 19:30:00+00:00,Nebraska,Purdue,1,0.5,23.833333333333332,7.833333333333336,16.000000000000007,2.1725205013151783,0.5392050977427365,-5.833333333333336,10.333333333333329,4.500000000000002,44.66666666666663,3.1666666666666288,0.1666666666666666,-0.06333333333333324,-4.029999999999999,0.9999999999999998,0.0038271604938270865,0.16666666666666652,-0.0014588536946574804,12.0,268.6666666666665,-22.166666666666657
400869691,2016,11,2016-11-13 00:30:00+00:00,Nebraska,Minnesota,1,0.0,-4.777777777777779,-4.666666666666664,-0.11111111111111072,0.5866368722707422,-0.2554694229112826,-19.000000000000007,-6.222222222222223,-25.22222222222222,-93.88888888888891,-26.888888888888914,-0.6666666666666667,0.16762329931972786,9.449404761904763,-0.4444444444444444,0.06777091521617068,-0.6666666666666665,-0.0711312772925764,17.22222222222223,43.55555555555611,10.111111111111107
400869697,2016,12,2016-11-19 17:00:00+00:00,Nebraska,Maryland,1,0.30000000000000004,9.7,1.6000000000000014,8.099999999999998,0.655687973997833,-0.5255047259820529,-0.9333333333333371,12.233333333333336,11.300000000000008,-67.19999999999999,-93.19999999999999,0.033333333333333326,0.12402998236331564,2.818518518518519,0.19999999999999996,0.10664667666166922,-0.30000000000000027,-0.09328277356446368,8.199999999999989,243.79999999999995,0.5999999999999943
400869181,2016,1,2016-09-03 01:30:00+00:00,Nevada,Cal Poly,1,,,,,,,,,,,,,,,,,,,,,
400869196,2016,3,2016-09-18 01:00:00+00:00,Nevada,Buffalo,1,0.5,-7.0,4.0,-11.0,2.594117647058823,-0.44270833333333304,0.0,-0.0,0.0,0.0,0.0,0.0,,,3.5,0.0904977375565611,-2.0,0.07999999999999996,-71.5,-462.5,19.0
400869216,2016,6,2016-10-08 23:00:00+00:00,Nevada,Fresno State,1,0.2,7.800000000000001,-2.0,9.800000000000004,0.2884513602201757,1.328760453660213,-1.0000000000000004,13.200000000000003,12.199999999999996,30.866666666666617,-3.666666666666714,0.1333333333333333,-0.45138888888888884,-21.5,1.2,0.19650448748228627,-0.7999999999999999,0.14650153487879758,3.8000000000000114,63.19999999999982,8.799999999999997
400869229,2016,8,2016-10-23 02:30:00+00:00,Nevada,Wyoming,0,-0.23809523809523814,-8.071428571428571,-12.309523809523807,4.238095238095241,-1.2847311827956993,-0.10217560217560262,-2.023809523809529,-5.57142857142858,-7.595238095238096,21.880952380952408,0.8571428571428594,-0.0952380952380951,-0.4472222222222222,-16.12777777777778,1.2619047619047619,0.1117677961649593,-1.0238095238095237,0.016774193548387162,-43.88095238095241,-171.90476190476215,1.3809523809523725
400869245,2016,11,2016-11-13 03:30:00+00:00,Nevada,San Diego State,0,-0.5555555555555556,-26.111111111111114,-12.88888888888889,-13.222222222222218,-0.5799704393783314,-1.4068982839144129,-9.444444444444441,-11.77777777777778,-21.22222222222222,0.11111111111114269,101.11111111111111,-0.4444444444444444,-0.10213293650793659,-2.8070436507936503,0.11111111111111105,0.06469555035128799,-1.4444444444444442,-0.015944820172884788,-40.77777777777777,-328.8888888888889,18.444444444444457
400869249,2016,12,2016-11-19 21:00:00+00:00,Nevada,Utah State,1,0.0,-3.3000000000000007,-1.8000000000000007,-1.5,0.5562435500515992,-0.5143303303303295,6.4666666666666615,-0.8333333333333446,5.633333333333335,71.9666666666667,65.60000000000001,0.0,-0.16882716049382723,-0.19678130511463854,0.10000000000000009,0.09143783371472164,-0.5,0.012899896800825594,-6.300000000000011,64.10000000000014,8.300000000000004
400869177,2016,1,2016-09-02 01:00:00+00:00,New Mexico,South Dakota,1,,,,,,,,,,,,,,,,,,,,,
400869209,2016,5,2016-10-01 20:00:00+00:00,New Mexico,San José State,1,0.08333333333333331,19.416666666666668,9.916666666666664,9.5,-0.3722570532915359,2.1430952380952384,-5.25,-1.8333333333333428,-7.083333333333333,-34.833333333333314,5.416666666666686,-0.0833333333333333,-0.25,-2.666666666666666,0.8333333333333333,-0.0765095119933829,0.6666666666666665,0.024033437826541326,79.5,190.83333333333303,-17.5
400869214,2016,6,2016-10-08 01:00:00+00:00,New Mexico,Boise State,0,-0.5,-9.75,5.0,-14.75,-1.996951839057103,1.643515554986557,0.6666666666666639,-1.2499999999999893,-0.5833333333333339,-10.0,23.250000000000057,-0.1666666666666666,-0.08333333333333331,-12.916666666666666,-0.0,-0.12299091544374557,-1.5,-0.033936191830928664,1.0,483.0,7.75
400869227,2016,8,2016-10-23 01:00:00+00:00,New Mexico,UL Monroe,1,0.16666666666666669,12.666666666666666,11.166666666666668,1.5,-0.5770055994557532,2.0364495153968827,0.8333333333333321,-2.8333333333333366,-2.0,-12.666666666666629,-28.99999999999998,0.1666666666666666,0.0500000000000001,1.8100000000000003,0.9999999999999998,-0.030020703933747395,0.6666666666666663,-0.06844942173844792,47.333333333333314,322.33333333333326,-13.166666666666664
400869238,2016,10,2016-11-06 02:15:00+00:00,New Mexico,Nevada,1,0.25,11.25,16.0,-4.75,0.13845355474831322,2.513407729425298,4.333333333333332,4.75,9.083333333333332,-7.0,-24.75,0.41666666666666663,0.2285714285714286,5.138095238095238,-0.75,-0.05710916442048508,1.25,-0.059539871994464644,94.0,328.125,-8.625
400869254,2016,13,2016-11-27 03:15:00+00:00,New Mexico,Wyoming,1,-0.09090909090909094,-0.8181818181818183,-2.2727272727272734,1.4545454545454533,-1.6414053426248545,1.5977680818929354,-18.393939393939384,9.878787878787884,-8.515151515151516,-89.18181818181819,-61.212121212121204,0.0909090909090908,-0.16119047619047622,-8.527738095238096,0.45454545454545436,-0.012229299363057278,-0.27272727272727293,-0.031213704994192848,3.181818181818187,199.36363636363672,-17.090909090909093
400869186,2016,2,2016-09-11 00:00:00+00:00,New Mexico State,New Mexico,1,-1.0,-43.0,-26.0,-17.0,-4.8177150192554565,-4.101360544217687,0.0,-0.0,0.0,0.0,0.0,0.0,,,1.0,-0.23809523809523808,-2.0,-0.2695763799743261,-270.0,-741.0,-10.0
400869820,2016,5,2016-10-02 00:00:00+00:00,New Mexico State,Louisiana,1,-0.25,-14.25,-1.25,-13.0,-0.3118023976849944,0.02500293003086318,-4.416666666666668,-6.666666666666668,-11.083333333333334,-13.916666666666625,16.75,-0.0833333333333333,0.1388888888888889,3.4444444444444446,-0.25,0.05671641791044785,-2.25,-0.10644894584539066,36.25,-109.75,8.0
400869832,2016,8,2016-10-23 00:00:00+00:00,New Mexico State,Georgia Southern,0,-0.16666666666666669,-24.666666666666664,-3.3333333333333286,-21.333333333333336,-0.733671528218137,-1.0229347942851001,-1.6666666666666714,12.333333333333336,10.666666666666664,117.66666666666669,55.166666666666686,0.5,-0.06666666666666665,-0.95,-0.5,-0.0864603906078561,-1.0,-0.015958571126611698,14.333333333333314,-543.8333333333333,18.33333333333333
400869850,2016,12,2016-11-19 22:20:00+00:00,New Mexico State,Texas State,1,0.0,0.44444444444444287,2.3333333333333393,-1.8888888888888786,0.036464456952261415,1.7378978978978976,5.666666666666661,-0.11111111111112137,5.555555555555557,86.44444444444451,6.0,0.0,0.017063492063492003,3.799900793650794,-0.0,0.052549019607843195,-0.2222222222222222,-0.09440900562851773,106.55555555555554,82.55555555555543,5.666666666666657
400869851,2016,13,2016-11-26 21:00:00+00:00,New Mexico State,App State,0,-0.4272727272727273,-23.554545454545455,-2.0636363636363626,-21.49090909090909,-0.5916335916335917,-1.2544985303605998,-4.269696969696973,5.490909090909081,1.2212121212121225,-69.60303030303032,-50.57272727272732,0.0939393939393939,-0.049686948853615576,-4.931036155202821,-0.6090909090909091,0.036147186147186205,-1.7363636363636359,-0.05393705393705395,11.936363636363637,-357.61818181818126,8.654545454545456
400868972,2016,1,2016-09-03 21:30:00+00:00,North Carolina,Georgia,0,,,,,,,,,,,,,,,,,,,,,
400869441,2016,3,2016-09-17 19:30:00+00:00,North Carolina,James Madison,1,,,,,,,,,,,,,,,,,,,,,
400869449,2016,4,2016-09-24 19:30:00+00:00,North Carolina,Pittsburgh,1,0.0,9.0,6.666666666666657,2.3333333333333286,2.5614861329147036,1.0321969696969697,0.0,-0.0,0.0,0.0,0.0,0.0,0.25,26.25,0.6666666666666666,0.20404040404040402,-1.333333333333333,0.17059131344845635,64.0,-603.6666666666665,-21.66666666666667
400869459,2016,6,2016-10-08 19:30:00+00:00,North Carolina,Virginia Tech,0,0.050000000000000044,-12.6,-0.3500000000000014,-12.25,1.0449256625727212,0.6291579262810902,1.3500000000000014,-0.08333333333333193,1.2666666666666657,66.80000000000001,91.3,0.2833333333333332,0.08333333333333326,11.111111111111109,1.7,0.05822498586772196,-0.04999999999999982,0.11958629605688431,35.19999999999999,-560.2,-15.150000000000006
400869480,2016,10,2016-11-05 16:30:00+00:00,North Carolina,Georgia Tech,1,0.125,0.875,4.375,-3.5,-1.8443337484433382,-0.9820540540540543,-20.708333333333336,15.166666666666671,-5.541666666666666,-162.25,-128.58333333333331,-0.1249999999999999,0.04444444444444451,2.5500000000000007,-0.0,0.03453025086079686,1.25,0.16687422166874222,51.25,-368.625,-31.75
400869496,2016,12,2016-11-19 20:30:00+00:00,North Carolina,The Citadel,1,,,,,,,,,,,,,,,,,,,,,
400869497,2016,13,2016-11-25 17:00:00+00:00,North Carolina,NC State,0,0.2727272727272728,7.3636363636363615,8.54545454545454,-1.181818181818187,0.9218423415088779,0.9391530619519495,7.45454545454545,6.515151515151526,13.969696969696965,-14.242424242424196,-40.878787878787875,0.060606060606060504,-0.03625992063492067,1.8371825396825372,0.5454545454545456,0.044015029522275984,-0.8181818181818183,0.10026520836331487,31.909090909090878,-461.72727272727275,4.454545454545446
400869345,2016,1,2016-09-03 23:00:00+00:00,North Texas,SMU,0,,,,,,,,,,,,,,,,,,,,,
400869354,2016,2,2016-09-10 23:00:00+00:00,North Texas,Bethune-Cookman,1,,,,,,,,,,,,,,,,,,,,,
400869374,2016,5,2016-10-01 23:00:00+00:00,North Texas,Middle Tennessee,0,-0.25,-18.25,-13.5,-4.75,-2.178950607785813,-1.2272773536895674,6.833333333333332,9.75,16.583333333333332,26.583333333333314,-20.83333333333331,0.2499999999999999,0.22222222222222232,11.36111111111111,-0.0,-0.17079741379310343,-1.0,-0.11163255885520851,-207.25,-215.25,-1.5
400869380,2016,6,2016-10-08 23:00:00+00:00,North Texas,Marshall,1,0.15000000000000002,-3.8,-15.350000000000001,11.55,-2.4433947284852335,-0.262089943015555,2.68333333333333,11.783333333333319,14.466666666666669,-22.21666666666664,8.833333333333314,0.1833333333333333,-0.08333333333333326,-7.333333333333335,0.8,0.0490018148820327,0.050000000000000044,-0.019291838678945683,-81.44999999999999,-144.79999999999995,33.8
400869400,2016,10,2016-11-05 21:30:00+00:00,North Texas,Louisiana Tech,0,-0.16666666666666663,-15.86111111111111,-18.125,2.2638888888888893,-3.7423721665788072,-1.6596923381312756,-5.541666666666655,-2.93055555555555,-8.472222222222221,-15.097222222222229,-29.08333333333337,-0.1666666666666667,0.19374999999999998,12.808234126984127,-0.4027777777777777,-0.15223351072407681,-0.7222222222222223,-0.109235635213495,-201.2361111111111,-16.34722222222217,-22.694444444444443
400869413,2016,12,2016-11-19 22:30:00+00:00,North Texas,Southern Miss,1,-0.09999999999999998,-10.0,-9.900000000000002,-0.10000000000000142,-2.2872812539342817,-0.21035948071951172,-2.7666666666666657,-5.899999999999999,-8.66666666666666,-14.466666666666697,-9.966666666666697,-0.23333333333333342,0.23988095238095236,18.393562610229274,0.8999999999999999,-0.0474065811489125,-0.5,-0.0022661462923329045,-150.2,-319.5999999999999,-16.4
400869197,2016,3,2016-09-17 19:30:00+00:00,Northern Illinois,San Diego State,0,-1.0,-36.5,-12.5,-24.0,-1.9498069498069492,-2.0093240093240103,0.0,-0.0,0.0,0.0,0.0,0.0,0.0,16.0,0.5,-0.051587301587301515,-3.0,-0.011031439602868232,-72.0,-473.0,9.5
400869292,2016,4,2016-09-24 19:30:00+00:00,Northern Illinois,Western Illinois,0,,,,,,,,,,,,,,,,,,,,,
400869307,2016,7,2016-10-15 19:30:00+00:00,Northern Illinois,Central Michigan,0,-0.5,-14.333333333333332,-4.833333333333332,-9.500000000000007,-1.7473151006565484,1.5728227924833305,9.833333333333332,16.83333333333333,26.666666666666668,126.0,31.166666666666686,0.5,0.3175,5.260833333333334,-0.16666666666666674,-0.10830806549423899,0.0,-0.024370624809774366,39.0,-394.33333333333326,-25.83333333333333
400869312,2016,8,2016-10-22 19:30:00+00:00,Northern Illinois,Buffalo,1,-0.023809523809523808,5.5,11.119047619047617,-5.619047619047617,1.1303831668577047,1.3969934507448505,3.880952380952385,7.952380952380938,11.833333333333332,60.11904761904765,-23.380952380952383,0.3571428571428571,0.3433333333333334,16.87333333333333,-0.40476190476190466,-0.043693009118541015,0.23809523809523814,0.06989929588996235,132.54761904761904,4.523809523809632,-29.523809523809526
400869320,2016,10,2016-11-02 00:00:00+00:00,Northern Illinois,Bowling Green,1,0.125,19.625,8.0,11.625,0.5534460005959732,1.7271319762669246,-2.3333333333333286,-2.958333333333332,-5.291666666666668,-59.91666666666663,-100.16666666666669,0.20833333333333331,0.13174603174603172,1.2861111111111097,1.5,0.10814273816387981,0.125,0.033076497381976044,66.25,-10.5,1.375
400869328,2016,11,2016-11-10 01:00:00+00:00,Northern Illinois,Toledo,0,-0.4444444444444445,-18.444444444444446,-9.222222222222225,-9.222222222222221,-3.7204894150028487,0.670157068062827,13.222222222222225,10.55555555555556,23.777777777777786,4.4444444444444535,-40.444444444444485,0.4444444444444444,0.22118055555555555,10.414285714285715,-0.4444444444444444,-0.148424543946932,-0.44444444444444464,-0.10884968121364591,-90.11111111111109,-340.8888888888887,-3.1111111111111143
400869267,2016,1,2016-09-03 16:00:00+00:00,Northwestern,Western Michigan,0,,,,,,,,,,,,,,,,,,,,,
400869655,2016,2,2016-09-10 19:30:00+00:00,Northwestern,Illinois State,0,,,,,,,,,,,,,,,,,,,,,
400869439,2016,3,2016-09-18 00:00:00+00:00,Northwestern,Duke,1,-0.5,-18.0,-17.5,-0.5,-1.4111969111969112,-0.33870967741935587,0.0,-0.0,0.0,0.0,0.0,0.0,,,3.5,-0.06566820276497698,-2.5,-0.12719862719862718,-154.0,-481.0,8.5
400869660,2016,4,2016-09-24 23:30:00+00:00,Northwestern,Nebraska,0,-0.6666666666666667,-21.0,-26.000000000000004,5.000000000000002,-1.8156154027876212,-1.8836477987421385,0.0,-0.0,0.0,0.0,0.0,0.0,-0.5,2.75,-0.33333333333333337,-0.11198208286674122,0.0,-0.03992440349633841,-127.33333333333331,-411.3333333333335,33.666666666666664
400869678,2016,8,2016-10-22 16:00:00+00:00,Northwestern,Indiana,1,0.0,2.5,0.33333333333333925,2.1666666666666607,-1.8363006066608882,-0.11166284695696449,13.66666666666666,-5.166666666666661,8.5,122.83333333333331,47.166666666666686,0.3333333333333332,-0.27083333333333326,-4.188333333333333,0.6666666666666665,0.02916666666666673,1.1666666666666665,-0.01361891791506753,-59.833333333333314,-34.33333333333326,23.999999999999993
400869687,2016,10,2016-11-05 16:00:00+00:00,Northwestern,Wisconsin,0,-0.25,-6.5,1.0,-7.5,-0.69324549567426,-0.4812490520248751,10.666666666666664,0.16666666666666785,10.833333333333334,25.70833333333337,33.87500000000006,0.2499999999999999,-0.1484693877551021,-3.2735827664399064,0.75,-0.022683949675943615,-0.125,-0.02073180411143738,5.625,-316.0,-3.0
400869701,2016,13,2016-11-26 17:00:00+00:00,Northwestern,Illinois,1,0.18181818181818177,13.363636363636365,4.545454545454543,8.818181818181817,1.0254991988167141,-1.3373727691816146,5.4545454545454515,3.181818181818191,8.636363636363635,97.90909090909088,72.66666666666669,-0.1818181818181817,0.025846560846560784,3.7940079365079384,0.2727272727272725,0.0963081861958266,0.0,0.0662439911253544,88.09090909090912,142.0,24.999999999999993
400868947,2016,2,2016-09-10 19:30:00+00:00,Notre Dame,Nevada,1,-1.0,-6.0,17.0,-23.0,0.05833333333333357,-0.6393861892583113,0.0,-0.0,0.0,0.0,0.0,0.0,,,-0.0,-0.0625,0.0,-0.14166666666666672,81.0,531.0,-24.0
400868948,2016,3,2016-09-17 23:30:00+00:00,Notre Dame,Michigan State,0,-0.5,-2.0,15.0,-17.0,-2.783625730994152,0.5619565217391305,0.0,-0.0,0.0,0.0,0.0,0.0,,,1.5,0.05161290322580636,-1.0,-0.09064327485380119,83.0,158.0,41.0
400868949,2016,4,2016-09-24 19:30:00+00:00,Notre Dame,Duke,0,0.0,-1.333333333333333,12.666666666666671,-14.0,1.5593322954506137,0.6528030150077386,0.0,-0.0,0.0,0.0,0.0,0.0,0.5,7.75,1.9999999999999998,0.07440476190476181,-4.666666666666667,-0.0058813354090988534,-3.6666666666666288,-30.0,-13.333333333333336
400868952,2016,7,2016-10-15 23:30:00+00:00,Notre Dame,Stanford,0,-0.26666666666666666,9.166666666666668,14.266666666666666,-5.100000000000001,2.0062329234972687,-0.1999284966418955,0.3999999999999968,11.100000000000001,11.499999999999995,22.66666666666669,-1.300000000000015,0.2666666666666666,0.04999999999999993,-4.587500000000002,-0.033333333333333215,-0.07291666666666669,-2.3,-0.05003415300546454,124.66666666666669,-62.700000000000045,-8.0
400868953,2016,9,2016-10-29 19:30:00+00:00,Notre Dame,Miami,1,-0.2857142857142857,-13.857142857142854,-3.4285714285714306,-10.42857142857143,-0.23954886202471748,-1.2129927594529373,8.42857142857143,16.0952380952381,24.52380952380952,23.904761904761926,-44.33333333333326,0.619047619047619,0.0,-3.347222222222224,-0.8571428571428568,-0.00839598997493729,-2.142857142857143,-0.05085432565678394,-0.571428571428612,224.42857142857156,14.285714285714292
400868919,2016,11,2016-11-12 20:30:00+00:00,Notre Dame,Army,1,-0.2916666666666667,-11.277777777777779,-2.3611111111111107,-8.916666666666668,-0.5585664335664351,-1.2441390510903663,7.694444444444439,11.249999999999996,18.944444444444446,51.375,-60.013888888888914,0.2916666666666667,0.29375,14.860615079365079,0.08333333333333326,-0.08147422369611096,-0.2777777777777777,0.1101398601398601,-26.708333333333314,-455.95833333333326,-5.958333333333336
400868955,2016,12,2016-11-19 20:30:00+00:00,Notre Dame,Virginia Tech,0,-0.29999999999999993,-6.3999999999999995,-2.099999999999998,-4.300000000000001,0.02013888888888893,0.363123644251627,8.099999999999994,12.966666666666672,21.066666666666666,-16.099999999999966,-67.60000000000008,0.29999999999999993,0.06353615520282185,1.144708994708994,0.19999999999999996,0.025428176136634728,-1.0999999999999999,-0.022023809523809557,-28.900000000000034,-145.60000000000014,-5.399999999999999
400869264,2016,1,2016-09-03 19:30:00+00:00,Ohio,Texas State,0,,,,,,,,,,,,,,,,,,,,,
400869289,2016,4,2016-09-24 18:00:00+00:00,Ohio,Gardner-Webb,1,,,,,,,,,,,,,,,,,,,,,
400869300,2016,6,2016-10-08 18:00:00+00:00,Ohio,Bowling Green,1,0.39999999999999997,38.800000000000004,15.599999999999998,23.199999999999996,1.1934068177179018,0.4518492049312135,-7.600000000000001,6.799999999999994,-0.7999999999999989,-111.66666666666663,-9.733333333333348,0.2666666666666666,-0.08333333333333337,0.8333333333333321,2.0,0.10309139784946236,3.0,0.03791590120432742,66.0,490.39999999999986,-4.199999999999996
400869308,2016,7,2016-10-15 18:00:00+00:00,Ohio,Eastern Michigan,0,0.0,3.5000000000000004,0.0,3.5,-1.283084646492818,0.11673182925265913,3.0,7.166666666666668,10.166666666666664,-59.5,-38.166666666666686,0.3333333333333333,0.11666666666666675,13.875,1.0,-0.07322704782847728,2.166666666666667,-0.026495607307209568,0.5,196.16666666666674,2.166666666666657
400869323,2016,10,2016-11-03 22:00:00+00:00,Ohio,Buffalo,1,0.41666666666666663,17.958333333333332,10.652777777777779,7.305555555555557,1.276250276250276,-0.12883252517717203,-11.98611111111111,3.3611111111111107,-8.625,-94.23611111111109,-41.569444444444485,-0.0833333333333333,0.07738095238095244,5.703401360544218,0.16666666666666674,0.027023722181462484,1.5347222222222223,0.05452205452205461,76.56944444444446,368.625,-18.34722222222223
400869335,2016,13,2016-11-23 00:00:00+00:00,Ohio,Akron,1,0.18181818181818188,11.272727272727273,-1.181818181818187,12.454545454545457,-1.066585974848513,0.31158711037494324,7.848484848484848,8.878787878787879,16.727272727272727,28.757575757575694,26.909090909090935,0.4848484848484847,0.012962962962963065,-1.2694576719576713,0.5454545454545454,-0.016799292661361598,2.000000000000001,0.006242197253433224,11.909090909090935,353.5454545454543,8.9090909090909
400926941,2016,14,2016-12-03 00:00:00+00:00,Ohio,Western Michigan,0,-0.33333333333333337,-20.41666666666666,-17.91666666666667,-2.5,-2.8025901151070842,-0.7655117220600696,-4.416666666666664,7.833333333333334,3.4166666666666607,-50.83333333333337,-2.999999999999943,0.0,0.004818968909877985,1.055298110979929,-1.0,-0.19821172170734896,1.3333333333333335,-0.1530537522935025,-99.16666666666663,-135.33333333333326,-14.166666666666664
400869260,2016,1,2016-09-03 16:00:00+00:00,Ohio State,Bowling Green,1,,,,,,,,,,,,,,,,,,,,,
400869516,2016,2,2016-09-10 19:30:00+00:00,Ohio State,Tulsa,1,0.0,32.0,32.0,-0.0,2.4123076923076923,1.2686520376175547,0.0,-0.0,0.0,0.0,0.0,0.0,,,-1.0,0.40865384615384615,-2.0,0.17230769230769227,264.0,404.0,-41.0
400869635,2016,5,2016-10-01 16:00:00+00:00,Ohio State,Rutgers,1,0.5,43.083333333333336,29.416666666666657,13.666666666666666,3.1547958214624883,1.342911058890551,-4.75,-7.333333333333332,-12.083333333333334,-27.75,0.3333333333333428,-0.1666666666666666,0.3611111111111112,27.38888888888889,0.8333333333333334,0.17426652527394848,-0.41666666666666696,0.1661918328584996,158.08333333333337,483.4166666666665,-23.58333333333333
400869643,2016,6,2016-10-08 19:30:00+00:00,Ohio State,Indiana,1,0.25,40.5,28.0,12.5,-1.5188034188034187,2.3193277310924367,-4.999999999999993,3.166666666666668,-1.8333333333333304,-70.16666666666663,-84.50000000000006,0.0833333333333333,-0.2222222222222222,10.75,1.0,0.1820931639443436,0.75,0.06837606837606836,79.5,445.5,3.75
400869646,2016,9,2016-10-29 19:30:00+00:00,Ohio State,Northwestern,1,0.2857142857142857,26.857142857142858,19.428571428571427,7.428571428571429,0.558978772231784,2.3159774738535805,-28.428571428571416,-0.4285714285714288,-28.85714285714286,-140.80952380952385,-34.333333333333314,-0.6190476190476191,0.07277777777777783,1.8566666666666691,0.1428571428571429,0.10095050803015398,-0.2857142857142865,0.05978198508318988,123.14285714285717,400.42857142857156,-29.14285714285713
400869647,2016,10,2016-11-06 00:00:00+00:00,Ohio State,Nebraska,1,0.0,13.875,10.625,3.25,-0.8049142052403369,1.2383427577207478,-9.291666666666668,-5.916666666666661,-15.208333333333329,-2.9166666666666856,32.125,0.0,0.043877551020408134,6.338095238095236,0.625,0.004771929824561483,-0.25,0.11583219063855021,63.25,49.375,0.375
400869650,2016,13,2016-11-26 17:00:00+00:00,Ohio State,Michigan,1,0.0,-0.5454545454545467,1.5454545454545467,-2.0909090909090917,-0.6656191074795723,0.4462269756387407,14.787878787878785,3.7575757575757587,18.545454545454536,70.0,58.15151515151513,0.33333333333333326,0.07311327561327563,1.7345995670995675,-0.0,0.0742647058823529,-1.0909090909090913,0.02082023884349471,42.0,78.36363636363603,-7.545454545454547
400869612,2016,2,2016-09-10 23:00:00+00:00,Oklahoma,UL Monroe,1,-1.0,-27.0,-15.0,-12.0,3.1969696969696972,-4.372909698996655,0.0,-0.0,0.0,0.0,0.0,0.0,,,-0.0,-0.1470588235294118,-2.0,0.09982174688057044,-140.0,-219.0,7.0
400869613,2016,3,2016-09-17 23:30:00+00:00,Oklahoma,Ohio State,0,-0.5,-40.0,-21.5,-18.5,0.5039201710620098,-1.1151564185544771,0.0,-0.0,0.0,0.0,0.0,0.0,0.0,-18.0,-0.5,-0.11433172302737515,0.0,0.05250653361843671,-80.0,-505.5,18.5
400869615,2016,6,2016-10-08 16:00:00+00:00,Oklahoma,Texas,1,0.0,1.25,-1.75,3.0,0.8985995071226789,0.02819268110530171,8.416666666666664,-3.6666666666666643,4.75,33.08333333333326,-1.8333333333333144,0.3333333333333332,0.25,18.08333333333333,-0.5,0.07714561234329798,-1.25,0.03347959367674469,-24.75,0.5,32.5
400869608,2016,7,2016-10-15 16:00:00+00:00,Oklahoma,Kansas State,1,0.0,-12.200000000000001,6.399999999999999,-18.6,3.2916413681441004,0.10955640813460743,2.2666666666666693,-6.733333333333327,-4.466666666666666,55.13333333333338,14.066666666666695,0.0,0.0625,15.152777777777779,-1.4000000000000001,0.05480769230769228,0.20000000000000018,0.18316130337988257,184.2,65.40000000000009,3.0
400869601,2016,9,2016-10-29 23:00:00+00:00,Oklahoma,Kansas,1,0.5714285714285715,22.285714285714285,22.14285714285713,0.14285714285712459,4.124637681159419,2.0627783796797887,10.857142857142858,0.19047619047621822,11.047619047619044,90.7619047619047,91.38095238095241,0.4285714285714285,0.06944444444444442,6.116666666666664,1.8571428571428579,0.18783422459893045,-0.5714285714285716,0.09941377625793846,207.5714285714286,91.42857142857179,-0.4285714285714164
400868883,2016,11,2016-11-12 17:00:00+00:00,Oklahoma,Baylor,1,0.02777777777777779,-2.1944444444444446,4.361111111111121,-6.555555555555561,2.573737373737374,-0.06500279381635377,12.638888888888879,12.555555555555557,25.194444444444436,109.52777777777777,63.916666666666686,0.6388888888888888,0.14219812925170078,11.794706632653062,-0.18055555555555558,0.060792612543285884,-0.15277777777777768,0.16262626262626267,16.138888888888914,188.1388888888889,31.25
400869618,2016,14,2016-12-03 17:30:00+00:00,Oklahoma,Oklahoma State,1,0.0,1.5454545454545467,4.9090909090909065,-3.3636363636363633,1.4751565701120573,0.8542808514087143,0.4242424242424363,7.030303030303035,7.454545454545455,-139.96969696969705,-74.87878787878788,0.0,-0.04015873015873017,0.22154761904761955,-0.18181818181818188,0.08346185249024762,-0.4545454545454546,0.06792117177873847,50.63636363636368,182.0,4.9090909090909065
400869619,2016,1,2016-09-03 19:30:00+00:00,Oklahoma State,SE Louisiana,1,,,,,,,,,,,,,,,,,,,,,
400869270,2016,2,2016-09-10 16:00:00+00:00,Oklahoma State,Central Michigan,0,0.0,8.0,12.0,-4.0,-1.54920634920635,-2.9210526315789473,0.0,-0.0,0.0,0.0,0.0,0.0,,,1.0,0.16666666666666669,1.0,0.12169312169312174,-95.0,-72.0,1.0
400869442,2016,3,2016-09-17 19:30:00+00:00,Oklahoma State,Pittsburgh,1,-0.5,13.5,9.0,4.5,1.306434599156118,-1.7131944444444445,0.0,-0.0,0.0,0.0,0.0,0.0,0.0,26.0,0.5,-0.06602254428341381,-2.0,0.04588607594936711,21.0,-293.0,12.0
400869620,2016,5,2016-10-01 16:00:00+00:00,Oklahoma State,Texas,1,-0.16666666666666663,1.75,-5.416666666666657,7.166666666666664,-0.40848575339056925,-1.1965242333487995,-7.25,-6.833333333333336,-14.083333333333332,23.25,29.0,-0.1666666666666666,0.25,19.027777777777786,-0.6666666666666667,0.023728813559321993,-1.4166666666666665,-0.039691427149433856,-33.583333333333314,83.75,44.16666666666667
400869590,2016,6,2016-10-08 19:30:00+00:00,Oklahoma State,Iowa State,1,0.39999999999999997,19.8,15.400000000000002,4.400000000000002,0.7576624846084723,-0.20442284066022065,-11.400000000000004,-7.066666666666666,-18.466666666666665,21.133333333333383,31.60000000000002,-0.06666666666666671,0.20833333333333337,12.333333333333336,-0.40000000000000013,0.015765765765765716,0.20000000000000018,0.03211421345136278,100.19999999999999,64.20000000000005,11.800000000000004
400869621,2016,9,2016-10-29 16:00:00+00:00,Oklahoma State,West Virginia,1,-0.2857142857142857,-1.4523809523809526,8.142857142857146,-9.595238095238095,-0.16070460704607115,-1.1173438964136637,2.5238095238095117,-3.4047619047618998,-0.8809523809523836,40.857142857142776,16.40476190476193,0.2857142857142857,0.10555555555555551,0.6194444444444454,0.04761904761904745,-0.0632826475849732,0.5714285714285721,-0.0326106594399278,-29.857142857142776,-6.452380952381191,3.904761904761905
400869622,2016,11,2016-11-12 20:30:00+00:00,Oklahoma State,Texas Tech,1,0.33333333333333337,8.777777777777775,-5.333333333333336,14.11111111111111,0.47870286746443824,0.5405610879109117,5.666666666666671,5.222222222222221,10.888888888888891,37.22222222222223,34.66666666666663,0.3333333333333333,0.07336309523809526,2.228869047619046,0.11111111111111116,-0.12666237666237667,1.4444444444444442,-0.016798374350869172,-105.88888888888891,-90.0,17.55555555555555
400869346,2016,1,2016-09-04 19:30:00+00:00,Old Dominion,Hampton,1,,,,,,,,,,,,,,,,,,,,,
400869368,2016,4,2016-09-24 19:30:00+00:00,Old Dominion,UTSA,1,0.0,-6.0,5.0,-10.999999999999996,-0.7156521739130435,2.2101434633259247,0.0,-0.0,0.0,0.0,0.0,0.0,-0.25,11.75,1.0,-0.1071428571428572,0.3333333333333335,-0.08826086956521739,35.0,-238.0,-1.3333333333333215
400868962,2016,6,2016-10-08 00:00:00+00:00,Old Dominion,Massachusetts,1,0.39999999999999997,15.600000000000001,14.8,0.8000000000000007,0.6531158714703018,2.3846153846153846,-5.800000000000004,1.1999999999999993,-4.600000000000001,-78.86666666666662,-33.4666666666667,-0.06666666666666671,0.06250000000000003,1.5625,1.0,0.1210084033613445,1.6,-0.005679974034404345,122.19999999999999,111.60000000000014,-8.400000000000006
400869401,2016,10,2016-11-05 23:00:00+00:00,Old Dominion,Marshall,1,0.375,7.75,2.25,5.5,0.5808275578123929,1.753949753949755,6.416666666666661,-13.5,-7.083333333333334,32.916666666666686,29.25000000000006,-0.0416666666666667,-0.1833333333333334,-5.322108843537415,0.75,0.040931545518701484,0.125,-0.030467302545803876,44.75,-7.5,33.0
400869409,2016,11,2016-11-12 20:30:00+00:00,Old Dominion,Southern Miss,1,0.11111111111111105,0.7777777777777777,-0.5555555555555571,1.3333333333333357,-0.3016133045786331,0.5485869144405733,11.222222222222229,-0.3333333333333286,10.88888888888889,63.22222222222217,30.555555555555543,0.2222222222222222,0.005803571428571408,7.131398809523809,1.5555555555555558,-0.06119534168314661,-0.22222222222222188,-0.025215660252156602,-73.22222222222217,-204.88888888888914,6.333333333333343
400869416,2016,13,2016-11-26 20:30:00+00:00,Old Dominion,Florida International,1,0.3636363636363637,18.18181818181818,11.818181818181813,6.363636363636363,1.3077428444782173,0.6214596332009839,2.848484848484844,4.303030303030308,7.151515151515149,-17.727272727272748,-8.454545454545467,0.3030303030303029,-0.11230158730158718,-3.172142857142857,1.4545454545454546,-0.01807540024100529,1.1818181818181817,-0.0014801798378926145,37.72727272727275,-118.18181818181802,4.45454545454546
400868986,2016,2,2016-09-10 20:00:00+00:00,Ole Miss,Wofford,1,,,,,,,,,,,,,,,,,,,,,
400868997,2016,3,2016-09-17 19:30:00+00:00,Ole Miss,Alabama,0,-0.5,-30.0,-9.0,-21.0,-1.523188405797102,-0.2723970944309926,0.0,-0.0,0.0,0.0,0.0,0.0,,,-1.0,0.17045454545454553,-2.0,0.006521739130434745,-72.0,-736.0,7.0
400869005,2016,4,2016-09-24 16:00:00+00:00,Ole Miss,Georgia,1,-0.6666666666666667,-1.0,9.333333333333336,-10.333333333333336,1.8214753791424823,-0.6004381530165146,0.0,-0.0,0.0,0.0,0.0,0.0,0.5,24.5,-0.6666666666666663,0.08424908424908428,0.33333333333333326,0.07180303313986147,20.66666666666663,-748.9999999999998,-10.0
400869015,2016,5,2016-10-01 23:00:00+00:00,Ole Miss,Memphis,1,-0.5,-32.66666666666666,-11.666666666666657,-21.0,0.3338277831343177,-0.19609756097560904,2.0,5.0,7.0,25.66666666666669,4.5,0.1666666666666666,0.5833333333333335,26.583333333333336,-1.0,0.07196969696969702,0.75,-0.012311800044500498,-21.0,-406.33333333333326,24.08333333333333
400869036,2016,9,2016-10-29 23:15:00+00:00,Ole Miss,Auburn,0,-0.2857142857142858,-16.0,1.2857142857142847,-17.285714285714285,-0.1774146695715313,-1.0535020535020534,-18.952380952380942,-8.047619047619051,-26.99999999999999,-86.61904761904759,-20.285714285714278,-0.3809523809523808,0.3309523809523809,16.702777777777776,-0.4285714285714284,-0.06503889369057908,-0.5714285714285721,-0.053231663035584575,-46.71428571428572,-448.8571428571429,-15.428571428571427
400869045,2016,10,2016-11-05 16:00:00+00:00,Ole Miss,Georgia Southern,1,-0.125,1.0,9.25,-8.25,1.032140205541011,-0.10789300879919583,-1.25,0.2499999999999929,-1.0,51.45833333333337,-5.166666666666657,-0.2083333333333334,0.2630385487528345,23.157029478458053,0.125,-0.024500768049155186,0.625,0.07795709429096165,81.875,-501.125,21.25
400869072,2016,13,2016-11-26 20:30:00+00:00,Ole Miss,Mississippi State,0,0.09090909090909088,6.545454545454546,4.363636363636363,2.18181818181818,1.191506154279808,-1.0515993731563418,-3.3636363636363633,12.484848484848477,9.121212121212121,-49.18181818181819,-42.57575757575759,0.2424242424242423,0.09078483245149915,9.503924162257494,-0.18181818181818188,0.027272727272727337,-0.18181818181818143,0.03281656174637482,20.181818181818187,-227.90909090909076,3.363636363636367
400869096,2016,1,2016-09-03 21:00:00+00:00,Oregon,UC Davis,1,,,,,,,,,,,,,,,,,,,,,
400869104,2016,2,2016-09-11 02:30:00+00:00,Oregon,Virginia,1,1.0,42.0,33.0,9.0,1.2686274509803903,4.974259974259975,0.0,-0.0,0.0,0.0,0.0,0.0,,,2.0,0.3384615384615384,0.0,-0.06470588235294117,220.0,149.0,-71.0
400869122,2016,4,2016-09-24 21:30:00+00:00,Oregon,Colorado,0,0.0,-9.666666666666666,0.3333333333333428,-10.0,-0.4217687074829932,2.870022300095572,0.0,-0.0,0.0,0.0,0.0,0.0,-0.5,-40.0,0.33333333333333337,0.020000000000000018,1.0,0.023809523809523725,45.33333333333337,-470.33333333333326,-65.33333333333334
400869133,2016,6,2016-10-08 23:30:00+00:00,Oregon,Washington,0,-0.6,-28.8,-5.399999999999999,-23.400000000000002,-0.963293650793652,0.9155029525812912,-0.2666666666666657,-6.6,-6.866666666666667,-50.0,18.866666666666646,-0.4,-0.16666666666666663,15.166666666666666,-0.19999999999999996,-0.0032206119162639935,-1.4000000000000004,-0.05456349206349209,71.0,-286.5999999999999,-36.6
400869147,2016,9,2016-10-29 21:00:00+00:00,Oregon,Arizona State,1,-0.3392857142857143,-6.089285714285714,2.8214285714285694,-8.910714285714285,0.6871912491178547,1.9536681906047684,7.8452380952380985,-16.422619047619037,-8.577380952380947,71.2380952380953,30.458333333333343,0.005952380952380987,-0.03809523809523796,1.5452380952380942,0.3571428571428572,0.038994597134132,-0.30357142857142794,0.056104446012702924,102.42857142857139,-277.6785714285711,-39.80357142857143
400869159,2016,11,2016-11-12 21:00:00+00:00,Oregon,Stanford,0,-0.3333333333333333,-5.666666666666666,18.333333333333332,-23.999999999999996,2.1189520778561874,0.93884496124031,1.0,-8.333333333333337,-7.333333333333333,-28.0,84.5555555555556,0.0,0.0625,5.046726190476189,1.0,0.0016260162601626216,-0.7777777777777777,0.06102117061021173,175.66666666666669,-390.66666666666674,-32.55555555555556
400869114,2016,3,2016-09-17 21:00:00+00:00,Oregon State,Idaho State,1,0.0,42.0,16.0,26.0,4.21219512195122,0.117647058823529,0.0,-0.0,0.0,0.0,0.0,0.0,,,-1.0,0.3834586466165414,0.0,0.1615853658536585,221.0,423.0,23.0
400869123,2016,4,2016-09-24 19:30:00+00:00,Oregon State,Boise State,0,-0.5,-7.5,-8.0,0.5,-4.642857142857143,0.10729166666666679,0.0,-0.0,0.0,0.0,0.0,0.0,0.0,-46.0,-0.0,-0.034782608695652084,-2.0,-0.04285714285714293,-134.5,280.5,-27.5
400869134,2016,6,2016-10-09 01:00:00+00:00,Oregon State,California,1,-0.35,-11.4,-19.5,8.100000000000001,-3.257639047837034,-0.16572822822822886,2.1666666666666714,0.23333333333333078,2.3999999999999995,44.333333333333314,16.85000000000005,0.016666666666666705,-0.41666666666666663,-23.25,0.10000000000000009,-0.07813607370659109,-0.75,-0.07109750514991986,-236.0,218.79999999999995,8.450000000000003
400869139,2016,7,2016-10-15 20:00:00+00:00,Oregon State,Utah,0,-0.43333333333333335,-14.8,-0.6000000000000014,-14.200000000000003,-2.8671717171717175,1.1922955851105685,-3.7333333333333307,-2.7999999999999954,-6.533333333333331,-20.399999999999977,-35.53333333333336,0.10000000000000002,0.04083333333333339,-1.043333333333333,0.06666666666666665,0.0034090909090908617,-1.8,-0.03585858585858581,-73.26666666666671,-329.83333333333303,-1.5666666666666629
400869149,2016,9,2016-10-30 02:45:00+00:00,Oregon State,Washington State,0,-0.4285714285714286,-22.42857142857143,-16.42857142857143,-6.0,-2.4687810608114216,1.5570633658868949,7.095238095238095,-5.666666666666664,1.4285714285714288,139.28571428571428,-7.380952380952408,-0.23809523809523808,0.0365079365079366,0.9357142857142859,-0.7142857142857142,-0.09969418960244647,0.0,-0.22318604861299352,-132.28571428571428,-217.57142857142912,10.57142857142857
400869161,2016,12,2016-11-20 03:30:00+00:00,Oregon State,Arizona,1,0.0,7.200000000000001,1.4000000000000021,5.799999999999997,-1.5335289486867536,0.08974190286905426,8.26666666666666,11.86666666666666,20.133333333333333,80.89999999999998,114.19999999999999,0.0,-0.003406084656084607,-0.6448247354497347,0.19999999999999996,-0.011496571198063799,-0.5999999999999999,0.005439061046303539,-51.89999999999998,218.39999999999986,-11.0
400869171,2016,13,2016-11-26 21:00:00+00:00,Oregon State,Oregon,1,-0.09090909090909088,0.0,-11.0,11.000000000000004,-2.0660660660660657,-0.38323885245992617,12.33333333333333,3.6666666666666536,16.0,35.090909090909065,33.87878787878785,0.0909090909090908,-0.016071428571428625,-7.244880952380951,-0.36363636363636376,-0.03505434782608696,-0.9090909090909094,-0.10810810810810811,-140.09090909090907,244.909090909091,3.4545454545454533
400869261,2016,1,2016-09-03 19:30:00+00:00,Penn State,Kent State,1,,,,,,,,,,,,,,,,,,,,,
400869519,2016,3,2016-09-17 16:00:00+00:00,Penn State,Temple,1,0.0,-3.0,10.5,-13.5,2.471479500891265,-0.706683971447112,0.0,-0.0,0.0,0.0,0.0,0.0,,,-0.5,-0.15478260869565208,1.5,0.15508021390374338,104.0,-94.5,-17.5
400869666,2016,5,2016-10-01 19:40:00+00:00,Penn State,Minnesota,1,-0.5,-18.416666666666664,-10.666666666666657,-7.75,0.45288326300984494,-2.0143766461808608,-1.333333333333332,-6.583333333333336,-7.916666666666666,-5.166666666666686,9.416666666666629,-0.1666666666666666,0.16666666666666674,24.166666666666668,-1.8333333333333335,-0.3063241106719367,-0.5,-0.00043275992643088124,-91.5,-319.91666666666674,32.08333333333333
400869669,2016,6,2016-10-08 16:00:00+00:00,Penn State,Maryland,1,-0.4,-31.15,-14.25,-16.9,0.6865828092243191,-3.1469803136469805,-1.750000000000007,-2.1000000000000014,-3.8499999999999943,7.583333333333314,3.44999999999996,0.0666666666666666,0.4861111111111112,26.680555555555557,-1.5,-0.1462552234008357,-1.1,-0.015094339622641506,-101.25,-193.0,16.25
400869645,2016,8,2016-10-23 00:00:00+00:00,Penn State,Ohio State,1,-0.33333333333333337,-34.5,-18.833333333333336,-15.666666666666666,0.3069366884209117,-1.954207477305304,2.5000000000000036,-0.6666666666666681,1.8333333333333321,32.66666666666663,-13.333333333333314,0.0,0.19000000000000006,8.123333333333331,-0.8333333333333333,-0.22972972972972971,0.16666666666666652,-0.0560788535288973,-125.0,-460.83333333333303,19.16666666666667
400869688,2016,10,2016-11-05 23:30:00+00:00,Penn State,Iowa,1,0.125,-2.625,5.5,-8.125,1.2597705042977525,-0.3099642486449081,11.833333333333336,8.125,19.958333333333336,34.125,-13.583333333333371,0.2083333333333334,0.35804988662131526,18.147165532879818,-0.875,-0.12142857142857139,0.5,-0.039844180039801835,43.875,-177.5,-0.75
400869702,2016,13,2016-11-26 20:30:00+00:00,Penn State,Michigan State,1,0.5454545454545455,13.090909090909092,10.636363636363637,2.454545454545457,1.0414002493264158,0.06918624446714272,0.36363636363635266,-1.4545454545454568,-1.09090909090909,70.75757575757585,41.54545454545462,0.1212121212121211,0.13035714285714295,3.308531746031747,0.18181818181818188,-0.061938061938061895,2.090909090909091,-0.02684280371576786,26.90909090909082,-171.72727272727275,16.727272727272727
400926946,2016,14,2016-12-04 01:00:00+00:00,Penn State,Wisconsin,1,0.0,-1.0,8.083333333333336,-9.083333333333334,1.6170589963074846,0.2506796415303114,-7.749999999999991,8.083333333333334,0.3333333333333375,15.416666666666629,92.91666666666666,0.0,0.0006329529056802174,1.5036665354847187,0.08333333333333326,-0.11067778861084032,0.5,-0.03876090970124202,48.58333333333337,-413.33333333333326,-12.666666666666668
400869426,2016,1,2016-09-03 17:30:00+00:00,Pittsburgh,Villanova,1,,,,,,,,,,,,,,,,,,,,,
400869436,2016,2,2016-09-10 16:00:00+00:00,Pittsburgh,Penn State,1,0.0,1.0,-5.0,6.0,-1.4389051808406652,-1.2863777089783284,0.0,-0.0,0.0,0.0,0.0,0.0,,,-0.0,0.06666666666666671,-1.0,0.0596285434995113,-93.0,159.0,15.0
400869373,2016,5,2016-10-01 23:30:00+00:00,Pittsburgh,Marshall,1,0.16666666666666669,2.666666666666667,-6.666666666666657,9.333333333333336,-1.3216911764705879,1.0563976909340087,2.666666666666657,-8.333333333333336,-5.666666666666667,49.75,-4.75,-0.1666666666666666,-0.02777777777777779,3.1388888888888893,1.083333333333333,0.1545386346586647,1.916666666666667,0.05514705882352933,-22.083333333333314,308.75,57.0
400869458,2016,6,2016-10-08 16:30:00+00:00,Pittsburgh,Georgia Tech,1,0.0,1.2000000000000002,13.799999999999997,-12.600000000000001,0.43833333333333346,0.3621794871794872,3.200000000000003,-1.0666666666666664,2.1333333333333333,62.333333333333314,28.200000000000003,0.0,-0.20833333333333337,-10.291666666666668,0.6000000000000001,0.015693112467306036,2.8,0.14500000000000002,99.0,223.79999999999995,-23.200000000000003
400869471,2016,9,2016-10-27 23:00:00+00:00,Pittsburgh,Virginia Tech,0,0.0,-11.0,2.5714285714285765,-13.57142857142857,-0.44035125294495536,0.9535442459232426,9.761904761904752,-0.4285714285714306,9.333333333333334,27.857142857142776,44.428571428571416,0.3333333333333333,-0.07777777777777772,2.2722222222222204,1.1428571428571428,0.029961517317207254,0.7142857142857149,0.005354465624330618,-17.857142857142776,135.71428571428555,-3.7142857142857153
400869492,2016,12,2016-11-19 20:00:00+00:00,Pittsburgh,Duke,1,0.26666666666666666,2.844444444444444,11.822222222222223,-8.977777777777781,1.366343474086043,0.7373824839188519,-4.155555555555558,-5.355555555555551,-9.511111111111113,-17.388888888888914,100.16666666666663,-0.2666666666666666,0.07460317460317456,5.402386463844797,1.1222222222222222,-0.03299968720675639,-0.011111111111111072,-0.03235438769057819,-3.2777777777777715,56.40000000000009,-8.911111111111111
400869500,2016,13,2016-11-26 17:30:00+00:00,Pittsburgh,Syracuse,1,0.27272727272727276,18.727272727272727,16.81818181818182,1.9090909090909065,1.1501619038636868,2.0421634716663153,14.181818181818182,7.090909090909085,21.272727272727277,195.21212121212125,187.06060606060603,0.3939393939393938,-0.11134920634920642,-2.9527777777777757,0.6363636363636365,0.04848505644580181,1.7272727272727275,-0.03269514917161809,9.454545454545439,240.54545454545473,13.272727272727273
400869578,2016,1,2016-09-03 16:00:00+00:00,Purdue,Eastern Kentucky,1,,,,,,,,,,,,,,,,,,,,,
400869511,2016,2,2016-09-10 16:00:00+00:00,Purdue,Cincinnati,0,0.0,0.0,17.0,-17.0,-1.942513368983958,2.5746606334841635,0.0,-0.0,0.0,0.0,0.0,0.0,,,2.0,0.085972850678733,-3.0,-0.0267379679144385,112.0,561.0,43.0
400869203,2016,4,2016-09-24 16:00:00+00:00,Purdue,Nevada,1,-0.16666666666666663,2.1666666666666665,6.5,-4.333333333333332,-0.9978877887788773,0.8046875,0.0,-0.0,0.0,0.0,0.0,0.0,1.0,25.5,-2.6666666666666665,0.04160688665710188,0.5,-0.039075907590759074,113.33333333333331,63.0,33.833333333333336
400869673,2016,7,2016-10-15 16:00:00+00:00,Purdue,Iowa,0,-0.06666666666666665,-16.733333333333334,-1.8333333333333286,-14.899999999999999,-1.075537075537076,0.11877705627705648,3.8333333333333286,0.5666666666666629,4.4,-34.0333333333333,-14.333333333333343,0.0666666666666666,0.31250000000000006,8.020833333333332,-1.7666666666666666,0.14922600619195053,-0.6666666666666665,-0.04400554400554402,91.0333333333333,117.79999999999995,-0.1666666666666643
400869682,2016,9,2016-10-29 16:00:00+00:00,Purdue,Penn State,0,-0.2857142857142858,-9.857142857142858,-4.0,-5.857142857142858,-1.3398956139547664,-0.12076838293182313,1.3333333333333393,-9.476190476190478,-8.142857142857142,-42.61904761904765,39.142857142857224,-0.3809523809523808,-0.1527777777777778,-13.583333333333336,-0.5714285714285714,0.22126436781609193,-1.1428571428571428,-0.00315905136892225,51.28571428571428,180.42857142857156,1.4285714285714377
400869692,2016,11,2016-11-12 17:00:00+00:00,Purdue,Northwestern,0,-0.1111111111111111,-12.777777777777777,2.8888888888888893,-15.666666666666657,0.13326592517694635,-0.22027920479932872,3.1111111111111107,-9.00000000000001,-5.888888888888887,-54.77777777777777,-8.888888888888857,-0.2222222222222222,0.07636054421768701,-3.2709608843537445,-1.5555555555555558,0.08107293550331535,-0.3333333333333335,0.002224469160768461,40.77777777777777,155.44444444444434,-8.55555555555556
400869698,2016,12,2016-11-19 17:00:00+00:00,Purdue,Wisconsin,0,-0.5,-26.8,-1.0999999999999979,-25.7,-0.790849077701667,-0.8326117416281349,-5.56666666666667,-15.633333333333335,-21.199999999999996,-25.400000000000034,72.33333333333337,-0.4999999999999999,-0.006172839506172756,-4.025925925925927,-1.3000000000000003,0.03194506642782513,-0.6000000000000001,-0.022073866695380695,33.400000000000034,-314.7999999999997,-10.0
400869361,2016,3,2016-09-17 00:00:00+00:00,Rice,Baylor,0,-1.0,-62.0,-33.5,-28.5,-0.6533613445378146,-1.964096749811035,0.0,-0.0,0.0,0.0,0.0,0.0,0.0,2.0,-0.0,-0.07207207207207206,-1.0,-0.010886172650878545,-227.0,-390.0,38.5
400869367,2016,4,2016-09-24 22:00:00+00:00,Rice,North Texas,0,-0.3333333333333333,-17.666666666666668,-8.000000000000002,-9.666666666666668,-0.3849624060150374,0.7951388888888884,0.0,-0.0,0.0,0.0,0.0,0.0,0.0,-1.25,-0.0,-0.007575757575757569,-1.0,0.0005012531328321135,-17.333333333333314,-183.33333333333326,16.0
400869385,2016,7,2016-10-15 23:00:00+00:00,Rice,UTSA,0,-0.4,-21.8,-8.2,-13.600000000000001,-2.8763289413902777,0.0991553858613905,-1.4666666666666721,4.600000000000001,3.1333333333333333,8.266666666666648,1.3333333333333393,0.0666666666666667,0.23749999999999993,16.65,-0.20000000000000018,-0.05226093402520382,0.19999999999999996,-0.037891867333030405,-39.60000000000002,16.600000000000136,4.600000000000001
400869389,2016,8,2016-10-22 19:30:00+00:00,Rice,Prairie View A&M,1,0.0,50.16666666666667,19.0,31.166666666666664,1.1593749999999998,3.063151440833844,6.333333333333329,2.5,8.833333333333332,57.166666666666686,37.5,0.0,-0.30333333333333334,6.5600000000000005,-0.5,0.08781362007168458,0.16666666666666652,0.22812500000000002,133.83333333333331,-163.33333333333326,44.33333333333334
400869399,2016,10,2016-11-05 19:30:00+00:00,Rice,Florida Atlantic,0,0.0,2.125,4.375,-2.25,0.69788047808765,0.2327273105701888,11.291666666666663,-1.7499999999999933,9.541666666666666,47.25,97.04166666666666,0.33333333333333326,0.20238095238095244,-1.835714285714286,0.25,0.06688611850399212,0.0,0.04162549800796811,34.75,126.125,-7.25
400869414,2016,12,2016-11-19 17:00:00+00:00,Rice,UTEP,1,-0.09999999999999998,-3.0,0.1999999999999993,-3.1999999999999957,-0.19484848484848527,-0.9858760683760686,-10.533333333333328,-12.800000000000011,-23.33333333333333,-29.533333333333303,35.5333333333333,0.1,0.029717813051146458,2.0126984126984127,-0.20000000000000018,-0.00773402973081555,0.5,0.013755411255411354,20.19999999999999,-4.5,-5.799999999999997
400869633,2016,2,2016-09-10 16:00:00+00:00,Rutgers,Howard,1,0.0,4.0,0.0,4.0,-2.6965517241379304,0.8619047619047615,0.0,-0.0,0.0,0.0,0.0,0.0,,,-3.0,-0.08333333333333331,1.0,-0.020689655172413834,35.0,15.0,30.0
400869192,2016,3,2016-09-17 16:00:00+00:00,Rutgers,New Mexico,1,0.0,-11.5,-7.0,-4.5,-2.3492063492063497,-1.8448493785548754,0.0,-0.0,0.0,0.0,0.0,0.0,0.0,-23.0,-0.5,-0.09722222222222221,-1.0,-0.03968253968253965,-67.5,-226.0,-5.5
400869634,2016,4,2016-09-24 16:00:00+00:00,Rutgers,Iowa,0,0.0,-16.33333333333333,-2.0,-14.333333333333334,-3.2068817204301068,0.2395989974937338,0.0,-0.0,0.0,0.0,0.0,0.0,0.25,-8.0,-1.3333333333333335,-0.047759433962264175,0.0,-0.10795698924731179,32.0,47.0,-15.666666666666668
400869636,2016,6,2016-10-08 23:00:00+00:00,Rutgers,Michigan,0,-0.6,-42.6,-22.599999999999998,-20.0,-2.140715713333967,-0.5982977303070758,1.266666666666664,1.666666666666663,2.933333333333332,-26.33333333333331,13.666666666666686,-0.0666666666666667,-0.19166666666666665,-7.933333333333335,-0.6,-0.12282463186077641,-1.7999999999999998,-0.16555629580279818,-111.0,-384.79999999999995,3.0
400869637,2016,7,2016-10-15 16:00:00+00:00,Rutgers,Illinois,0,0.1333333333333333,-18.233333333333327,-8.23333333333333,-10.0,-2.1068162364283456,-1.9273612463485876,-8.433333333333337,-7.0,-15.433333333333328,-84.39999999999995,-56.26666666666668,-0.1333333333333333,0.008333333333333304,6.883333333333333,-0.3666666666666667,-0.021475409836065606,-0.7666666666666668,-0.1817813218002433,-97.60000000000002,-135.16666666666674,34.166666666666664
400869639,2016,10,2016-11-05 16:00:00+00:00,Rutgers,Indiana,0,-0.25,-18.625,-7.875,-10.75,-3.0021982606463204,-0.40904031881664427,-5.125,-5.583333333333336,-10.708333333333336,-47.125,14.458333333333343,-0.0833333333333334,-0.2639455782312925,-3.641156462585034,-0.25,-0.026558265582655893,-0.25,-0.12772375726067842,-148.875,-62.75,18.0
400869641,2016,12,2016-11-20 01:00:00+00:00,Rutgers,Penn State,0,-0.6000000000000001,-29.9,-18.0,-11.899999999999999,-3.697518248175183,-0.6304632867132862,-11.666666666666668,-3.7666666666666586,-15.43333333333333,-97.36666666666667,-1.1999999999999886,-0.3999999999999999,-0.2615079365079366,-9.217239858906524,-0.40000000000000013,0.03676034039184639,-1.4,-0.07836761778367624,-118.29999999999995,-46.399999999999864,6.100000000000001
400869522,2016,3,2016-09-17 23:00:00+00:00,SMU,Liberty,1,0.5,16.0,10.5,5.5,4.85811163275952,2.761904761904761,0.0,-0.0,0.0,0.0,0.0,0.0,,,1.5,0.2860215053763441,1.5,0.08920187793427231,328.5,185.5,25.0
400869524,2016,4,2016-09-24 00:00:00+00:00,SMU,TCU,0,0.0,-11.666666666666666,-20.66666666666667,9.0,-0.30348292484214756,-0.5007201497911566,0.0,-0.0,0.0,0.0,0.0,0.0,0.0,23.0,-0.9999999999999998,-0.18367346938775508,-0.6666666666666665,-0.16063548102383057,-80.99999999999994,130.33333333333348,36.666666666666664
400869545,2016,8,2016-10-22 23:00:00+00:00,SMU,Houston,1,-0.5238095238095237,-33.214285714285715,-19.547619047619055,-13.666666666666664,-1.85042735042735,0.37212643678160884,0.5476190476190546,3.666666666666657,4.214285714285721,-85.52380952380946,-47.357142857142776,-0.1428571428571429,-0.1266666666666667,8.22,-0.5952380952380951,-0.17650639074863061,-0.047619047619047894,-0.18433688658407765,-89.80952380952391,-334.85714285714266,-14.547619047619051
400869556,2016,10,2016-11-05 20:00:00+00:00,SMU,Memphis,0,-0.125,-14.125,-10.875,-3.25,-1.5381138180433949,0.11496598639455868,21.20833333333333,11.583333333333336,32.79166666666667,2.0,1.2916666666666856,0.45833333333333326,0.022108843537415046,6.576870748299321,-0.0,-0.019341903526359228,2.25,-0.11310430148458317,-29.0,154.625,4.875
400869565,2016,12,2016-11-20 00:00:00+00:00,SMU,South Florida,0,-0.30000000000000004,-17.7,-16.6,-1.1000000000000014,-1.6261823035850487,-2.3285477051362076,5.26666666666668,7.766666666666678,13.033333333333331,-37.03333333333336,18.56666666666669,0.3,0.030291005291005257,7.118959435626102,-0.7,-0.08167709240636628,0.7999999999999998,-0.10553966437833717,-108.30000000000001,193.10000000000014,4.799999999999997
400869572,2016,13,2016-11-26 20:30:00+00:00,SMU,Navy,0,-0.34545454545454557,-13.763636363636364,-11.036363636363635,-2.7272727272727266,-4.723344947735191,-1.4555102040816328,-4.630303030303033,-3.606060606060609,-8.236363636363636,-3.272727272727252,71.1575757575757,-0.321212121212121,-0.13016313932980605,-3.1065784832451495,-1.2,-0.14065478657273106,1.3363636363636358,-0.06894599303135884,-29.727272727272748,-189.22727272727207,-32.49090909090909
400869182,2016,1,2016-09-04 00:30:00+00:00,San Diego State,New Hampshire,1,,,,,,,,,,,,,,,,,,,,,
400869107,2016,2,2016-09-11 02:30:00+00:00,San Diego State,California,1,0.0,11.0,-20.0,31.0,3.0256410256410255,-1.253658536585366,0.0,-0.0,0.0,0.0,0.0,0.0,,,-0.0,-0.13725490196078427,4.0,-0.049857549857549865,-169.0,216.0,10.0
400869218,2016,6,2016-10-09 02:30:00+00:00,San Diego State,UNLV,1,0.35,2.4000000000000004,-0.5,2.8999999999999986,1.293010752688172,-0.8079937304075235,5.5,-7.233333333333318,-1.7333333333333343,-29.80000000000001,-21.05000000000001,-0.016666666666666607,0.10416666666666669,5.229166666666667,0.1499999999999999,-0.061032863849765195,0.8999999999999999,0.13530465949820797,-24.19999999999999,140.20000000000005,-26.150000000000006
400869230,2016,8,2016-10-22 02:30:00+00:00,San Diego State,San José State,1,0.5476190476190477,21.547619047619047,5.833333333333329,15.714285714285715,0.46788223486115754,1.2010164359861593,-7.5,-2.3809523809523805,-9.88095238095238,-9.714285714285722,-12.428571428571445,-0.2142857142857143,-0.033333333333333326,2.506666666666666,1.0,-0.0301659125188537,0.4761904761904763,0.07502509200401475,36.04761904761904,166.59523809523785,-52.64285714285714
400869240,2016,10,2016-11-05 23:00:00+00:00,San Diego State,Hawai'i,1,0.4305555555555556,22.930555555555557,3.5972222222222214,19.333333333333336,0.13343283582089605,0.5959134615384611,-1.5972222222222214,6.333333333333332,4.7361111111111125,23.361111111111143,-67.40277777777779,0.2361111111111111,0.0013605442176871096,-0.6496598639455784,1.0138888888888888,0.039128925906645906,0.75,0.055771144278606966,12.305555555555543,301.2361111111111,-11.777777777777779
400869253,2016,13,2016-11-27 02:00:00+00:00,San Diego State,Colorado State,0,0.2727272727272728,15.636363636363637,5.0,10.636363636363637,-0.407720758206195,0.996741089115238,-4.333333333333345,-0.6363636363636367,-4.969696969696969,-61.03030303030306,-26.818181818181785,-0.2727272727272728,-0.21927689594356264,-8.251569664902998,0.18181818181818166,0.02616915422885563,0.18181818181818166,0.00758206195099409,-14.636363636363626,135.45454545454572,-14.909090909090914
400869190,2016,2,2016-09-10 20:30:00+00:00,San José State,Portland State,1,,,,,,,,,,,,,,,,,,,,,
400869112,2016,3,2016-09-18 02:30:00+00:00,San José State,Utah,0,-0.5,-14.5,16.0,-30.5,1.4045161290322579,1.304935286587968,0.0,-0.0,0.0,0.0,0.0,0.0,,,2.0,-0.045258620689655193,-0.5,0.003225806451612856,65.0,-262.5,17.5
400869217,2016,6,2016-10-08 20:30:00+00:00,San José State,Hawai'i,0,-0.2,2.1999999999999993,0.6000000000000014,1.5999999999999943,0.35556879094699223,-1.0999457406402602,-13.599999999999998,-10.266666666666657,-23.86666666666666,-82.06666666666672,-12.133333333333326,-0.4666666666666666,0.1111111111111111,5.5,-0.0,0.018620195750775836,0.0,0.004466944609886836,-15.599999999999966,48.0,38.8
400869223,2016,7,2016-10-16 02:30:00+00:00,San José State,Nevada,1,-0.33333333333333337,-8.5,4.166666666666661,-12.666666666666671,0.8294726802016621,-0.19444444444444464,-0.833333333333321,-1.3333333333333286,-2.1666666666666643,4.166666666666689,-10.666666666666629,0.0,0.2433333333333333,4.555,-1.9999999999999998,-0.08579638752052549,1.1666666666666665,-0.07446518599264207,20.833333333333314,37.666666666666515,20.5
400869235,2016,9,2016-10-30 02:30:00+00:00,San José State,UNLV,1,-0.125,-13.375,-9.125,-4.25,0.2621431977655151,-1.8591165378439944,-3.208333333333334,10.916666666666668,7.708333333333334,-18.708333333333314,-49.66666666666666,0.1249999999999999,0.04512471655328798,2.3325396825396822,-0.5,-0.014414414414414378,0.25,0.08474691736494316,-44.625,181.125,17.875
400869247,2016,12,2016-11-20 03:30:00+00:00,San José State,Air Force,0,-0.39999999999999997,-20.4,-10.5,-9.900000000000002,-4.386132558672885,-1.028374811463046,-5.166666666666671,-0.7666666666666693,-5.933333333333334,-10.033333333333305,48.96666666666661,-0.2666666666666667,0.040685626102292816,-1.3907848324514989,-0.10000000000000009,-0.13591397849462372,-0.4999999999999998,0.13003592997477254,-81.30000000000001,-147.5,15.5
400869811,2016,2,2016-09-10 23:00:00+00:00,South Alabama,Georgia Southern,0,0.0,-53.0,-33.0,-20.0,-3.950980392156863,-2.8455772113943034,0.0,-0.0,0.0,0.0,0.0,0.0,,,2.0,-0.30952380952380953,-4.0,-0.09411764705882353,-226.0,-85.0,1.0
400869817,2016,4,2016-09-24 23:00:00+00:00,South Alabama,Nicholls,1,0.3333333333333333,-4.333333333333333,-6.333333333333332,2.0,2.525606469002695,-0.5336021505376349,0.0,-0.0,0.0,0.0,0.0,0.0,-0.25,11.25,2.3333333333333335,-0.05792682926829268,-0.33333333333333337,0.0988319856244384,120.33333333333331,29.666666666666742,-29.333333333333336
400869212,2016,5,2016-10-02 00:00:00+00:00,South Alabama,San Diego State,1,-0.5,-21.166666666666668,-15.833333333333336,-5.333333333333332,-0.7858220211161386,-2.553773322194375,0.8333333333333286,-2.666666666666668,-1.833333333333333,5.25,-0.8333333333333144,-0.1666666666666666,0.0,12.083333333333334,-0.5,-0.021591363454618095,-1.083333333333333,-0.040723981900452566,-47.916666666666686,-102.25,41.0
400869830,2016,8,2016-10-20 23:30:00+00:00,South Alabama,Troy,0,-0.33333333333333337,-21.166666666666668,-15.333333333333329,-5.833333333333332,0.6050420168067232,-2.0591751584690687,6.333333333333329,-7.833333333333334,-1.5000000000000009,7.166666666666629,-48.666666666666686,0.0,-0.06666666666666665,8.836666666666668,-0.0,0.023754789272030674,-0.16666666666666652,-0.05996148459383743,-103.5,-55.5,20.83333333333333
400869837,2016,9,2016-10-29 21:00:00+00:00,South Alabama,Georgia State,1,0.1428571428571428,1.7142857142857149,2.2857142857142847,-0.571428571428573,1.4399203958691915,-0.28241424229266165,-9.952380952380956,-3.0952380952380985,-13.047619047619047,-144.6190476190476,-92.8095238095238,-0.47619047619047594,-0.0444444444444444,5.261111111111111,0.5714285714285714,-0.023838383838383825,0.7142857142857142,0.029708118187033783,40.28571428571428,402.42857142857156,-17.0
400925661,2016,12,2016-11-20 00:00:00+00:00,South Alabama,Presbyterian,1,0.4444444444444444,43.666666666666664,20.55555555555556,23.11111111111111,3.8838383838383836,2.1165146909827763,-0.5555555555555607,-0.7777777777777786,-1.3333333333333337,17.66666666666663,-34.88888888888894,-0.1111111111111111,,,1.5555555555555556,0.2781649245063879,-2.2222222222222223,0.12531565656565669,243.66666666666669,169.2222222222224,-6.555555555555557
400869859,2016,14,2016-12-03 18:00:00+00:00,South Alabama,New Mexico State,1,0.18181818181818177,14.272727272727273,0.3636363636363633,13.9090909090909,0.951498014986532,-0.36051239209133934,5.636363636363644,-13.575757575757574,-7.9393939393939394,107.84848484848487,85.4848484848485,-0.1818181818181817,-0.08042568542568546,-2.0305339105339106,0.2727272727272727,0.012983125678153185,0.7272727272727273,0.01580351558012172,-27.181818181818187,201.5454545454545,-14.0
400868999,2016,3,2016-09-17 20:00:00+00:00,South Carolina,East Carolina,1,-0.5,-29.0,-29.0,-0.0,-3.602974828375287,-3.4974290185557786,0.0,-0.0,0.0,0.0,0.0,0.0,-1.0,-35.0,-0.5,-0.18475073313782991,0.0,-0.2940503432494279,-291.0,-205.0,-30.0
400869016,2016,5,2016-10-01 20:00:00+00:00,South Carolina,Texas A&M,0,-0.5,-30.0,-28.75,-1.25,-1.1815140754464517,-4.087996174079388,-3.583333333333334,-5.083333333333334,-8.666666666666664,-43.00000000000006,-10.833333333333371,-0.1666666666666666,-0.3055555555555556,-10.25,0.5,-0.0742255990648743,-1.0,-0.0018527095877721722,-263.0,23.5,-1.0
400869022,2016,6,2016-10-09 18:30:00+00:00,South Carolina,Georgia,0,-0.19999999999999996,-0.1999999999999993,-12.399999999999999,12.2,-0.5209800802847839,-1.1036356279983814,2.400000000000004,4.466666666666669,6.866666666666666,27.333333333333314,-13.800000000000011,0.1999999999999999,-0.02777777777777779,1.166666666666666,0.6000000000000001,-0.09207560256632569,0.8,0.00337044611073245,-107.0,-460.4000000000001,-4.200000000000003
400868964,2016,8,2016-10-22 16:00:00+00:00,South Carolina,Massachusetts,1,0.19047619047619052,7.404761904761904,-5.714285714285715,13.119047619047617,-0.16378066378066425,-0.16401832715928988,-4.619047619047619,4.880952380952383,0.2619047619047583,-36.78571428571428,4.071428571428612,-0.19047619047619052,0.2644444444444445,7.842222222222222,0.35714285714285676,0.0007751937984495916,-0.023809523809523503,0.005050505050504972,-14.214285714285722,18.571428571428896,8.595238095238095
400869039,2016,9,2016-10-29 23:15:00+00:00,South Carolina,Tennessee,1,-0.2857142857142858,-5.0,-13.57142857142857,8.571428571428573,-0.7811452045606968,-0.7025197221241024,6.571428571428569,6.428571428571416,13.0,38.47619047619048,-5.571428571428555,0.2857142857142859,-0.36230158730158735,-14.003571428571426,0.857142857142857,-0.09297052154195018,0.2857142857142856,0.007126089872568797,-76.14285714285711,-46.571428571428214,1.1428571428571388
400869047,2016,10,2016-11-05 20:00:00+00:00,South Carolina,Missouri,1,0.25,-6.25,-15.375,9.125,-1.1199216110285173,-1.4565146045290462,12.708333333333332,7.208333333333332,19.916666666666668,58.416666666666686,105.99999999999999,0.41666666666666663,-0.21485260770975056,-9.958333333333332,0.375,-0.08885116015846067,0.375,0.0470198675496688,-171.75,352.25,6.5
400869063,2016,12,2016-11-19 21:00:00+00:00,South Carolina,Western Carolina,1,0.5,41.9,11.0,30.9,0.518518518518519,-0.7402424600827913,2.666666666666668,0.4333333333333335,3.1,13.233333333333292,0.533333333333303,0.1666666666666666,,,-0.30000000000000004,-0.0763888888888889,1.9,0.12962962962962976,3.1000000000000227,81.5,-18.200000000000003
400869506,2016,1,2016-09-03 23:00:00+00:00,South Florida,Towson,1,,,,,,,,,,,,,,,,,,,,,
400869273,2016,2,2016-09-10 23:00:00+00:00,South Florida,Northern Illinois,1,1.0,42.0,22.0,20.0,0.7641025641025632,1.6249176005273567,0.0,-0.0,0.0,0.0,0.0,0.0,,,-1.0,0.16666666666666669,3.0,-0.0953846153846154,-18.0,-121.0,64.0
400869448,2016,4,2016-09-24 16:00:00+00:00,South Florida,Florida State,0,0.33333333333333337,26.666666666666668,10.666666666666657,16.0,1.5472246439988382,1.7059523809523816,0.0,-0.0,0.0,0.0,0.0,0.0,-0.75,-50.0,-0.0,0.01428571428571429,-1.0,-0.04446381865736715,84.66666666666663,-585.6666666666667,33.99999999999998
400869535,2016,6,2016-10-08 16:00:00+00:00,South Florida,East Carolina,1,0.4,21.799999999999997,16.599999999999998,5.200000000000003,0.35756302521008543,2.010254317965457,4.733333333333331,3.466666666666665,8.200000000000001,-10.466666666666583,-62.60000000000005,0.2666666666666666,-0.18750000000000006,-13.75,1.6,0.0693225693225693,2.0,-0.11218487394957988,-31.200000000000045,-420.4000000000001,-12.800000000000004
400869540,2016,7,2016-10-15 23:00:00+00:00,South Florida,UConn,1,0.33333333333333337,22.499999999999996,24.66666666666667,-2.166666666666668,1.41244795090949,2.6766487711175686,-4.666666666666664,-2.8333333333333393,-7.499999999999995,-45.83333333333337,-62.5,-1.1102230246251565e-16,-0.12333333333333346,-8.81,0.33333333333333326,0.07464948844259195,0.6666666666666663,-0.016749632134247516,141.83333333333337,-425.1666666666665,-29.333333333333336
400869548,2016,9,2016-10-28 23:00:00+00:00,South Florida,Navy,1,-0.08333333333333337,5.166666666666666,8.541666666666664,-3.375,-3.2540099557522115,0.7829996168275102,-5.875000000000007,3.708333333333332,-2.166666666666666,-3.125,-33.12500000000003,0.08333333333333341,-0.3826530612244898,-18.919047619047618,-0.20833333333333326,-0.049062049062049085,0.625,-0.0008296460176990816,71.79166666666669,-396.58333333333326,-41.04166666666667
400869569,2016,13,2016-11-26 17:00:00+00:00,South Florida,UCF,1,0.2727272727272728,4.09090909090909,13.18181818181818,-9.09090909090909,2.259527856468366,2.8212746094071774,5.151515151515156,-14.242424242424244,-9.09090909090909,128.0,15.424242424242436,0.06060606060606051,-0.030992063492063515,-8.511984126984128,0.4545454545454546,0.15476274662329403,-0.9090909090909092,0.0784230406043438,157.99999999999994,-67.63636363636374,-4.18181818181818
400869356,2016,2,2016-09-10 23:00:00+00:00,Southern Miss,Savannah State,1,1.0,63.0,44.0,19.0,5.00375939849624,2.5936819172113283,0.0,-0.0,0.0,0.0,0.0,0.0,,,-0.0,0.41830065359477125,2.0,0.11654135338345872,406.0,1118.0,18.0
400869362,2016,3,2016-09-17 23:00:00+00:00,Southern Miss,Troy,0,0.5,15.5,9.5,6.0,1.8297595841455498,-1.5472792149866184,0.0,-0.0,0.0,0.0,0.0,0.0,-1.0,-60.0,-0.0,0.20223325062034742,3.5,0.005198180636777128,21.5,429.0,79.0
400869375,2016,5,2016-10-01 23:00:00+00:00,Southern Miss,Rice,1,0.75,42.5,23.0,19.5,2.1190087145969496,0.9305210918114142,-2.3333333333333326,2.833333333333334,0.5,-26.5,0.4166666666666572,-0.0833333333333333,-0.5000000000000001,-34.94444444444444,-0.25,0.06568986568986579,0.75,0.04754901960784319,149.5,269.25,-13.0
400869394,2016,9,2016-10-29 23:00:00+00:00,Southern Miss,Marshall,1,0.2857142857142857,10.0,3.4285714285714235,6.571428571428573,0.6935161762747972,1.3755102040816318,1.2380952380952444,-20.571428571428562,-19.333333333333332,41.76190476190476,69.7619047619047,-0.2857142857142856,-0.19484126984126987,-12.780158730158726,-0.5714285714285714,0.1123680878007598,0.28571428571428514,0.0007248627938283292,104.57142857142861,224.57142857142867,33.714285714285715
400869397,2016,10,2016-11-05 19:30:00+00:00,Southern Miss,Charlotte,0,0.25,18.875,9.625,9.25,1.9289642127942086,0.15983267207176155,-14.625,-22.583333333333332,-37.20833333333333,-88.70833333333337,-15.458333333333314,-0.5833333333333333,-0.0853741496598639,-6.902834467120181,-0.375,0.1079652255639097,2.0,0.01934037302869751,102.375,209.375,12.375
400869418,2016,13,2016-11-25 21:00:00+00:00,Southern Miss,Louisiana Tech,1,-0.2727272727272728,-14.090909090909092,-13.090909090909093,-1.0,-1.7428682912553874,-1.4627118225384121,-14.909090909090914,-13.333333333333336,-28.242424242424235,-54.09090909090912,12.696969696969632,-0.7272727272727272,-0.03996031746031742,-4.706785714285712,-1.545454545454545,-0.12259793052475987,-1.0909090909090908,-0.10493168557684684,-64.90909090909093,274.09090909090924,-9.727272727272727
400869094,2016,1,2016-09-03 01:00:00+00:00,Stanford,Kansas State,1,,,,,,,,,,,,,,,,,,,,,
400869110,2016,3,2016-09-18 00:00:00+00:00,Stanford,USC,1,0.5,17.0,0.5,16.5,3.7354196301564713,0.22972972972972983,0.0,-0.0,0.0,0.0,0.0,0.0,,,-0.0,0.14516129032258063,4.5,0.16785206258890473,-36.0,-114.5,22.5
400869135,2016,6,2016-10-09 02:30:00+00:00,Stanford,Washington State,0,0.25,-15.25,-24.0,8.75,-0.43657505285412324,-0.9405172413793101,-2.6666666666666714,-7.75,-10.416666666666668,1.3333333333333144,4.166666666666686,-0.2499999999999999,0.05555555555555558,3.2222222222222197,-0.75,-0.13968253968253963,1.75,-0.11453488372093024,-239.0,-232.75,32.25
400869143,2016,8,2016-10-22 19:00:00+00:00,Stanford,Colorado,0,-0.04761904761904767,-22.0,-20.0,-2.0,-2.2138338505609925,-0.3459004027724406,-1.6666666666666643,-15.666666666666666,-17.33333333333333,-26.214285714285722,36.26190476190479,-0.2857142857142857,-0.046666666666666745,-3.463333333333333,-0.8571428571428572,-0.03481602235677689,0.2857142857142856,-0.06385772260682743,-210.11904761904765,-90.47619047619037,-7.0
400869153,2016,10,2016-11-05 19:30:00+00:00,Stanford,Oregon State,1,0.375,7.875,-5.75,13.625,0.787012685643564,-1.2605199678370411,3.75,8.041666666666668,11.791666666666666,-11.833333333333314,-44.583333333333286,0.29166666666666663,-0.12823129251700693,2.1214285714285745,-0.625,0.06420765027322406,2.25,0.05863242574257421,-61.5,63.0,17.75
400869172,2016,13,2016-11-27 01:00:00+00:00,Stanford,Rice,1,0.4545454545454546,15.636363636363637,-0.9090909090909101,16.545454545454547,-0.2806282936394453,0.8685221919166874,11.575757575757581,-11.878787878787875,-0.30303030303030276,88.81818181818181,-35.81818181818181,-0.12121212121212122,0.0005555555555555869,7.219841269841271,-0.0,0.04010274256359275,1.2727272727272727,-0.03351852608358186,-33.81818181818181,130.90909090909145,-2.9090909090909065
400869423,2016,1,2016-09-02 23:00:00+00:00,Syracuse,Colgate,1,,,,,,,,,,,,,,,,,,,,,
400869429,2016,2,2016-09-10 00:00:00+00:00,Syracuse,Louisville,0,0.0,-30.0,-37.0,7.0,-1.6714285714285708,-4.428571428571429,0.0,-0.0,0.0,0.0,0.0,0.0,,,2.0,-0.12698412698412698,-1.0,0.12670807453416144,-109.0,32.0,-6.0
400869443,2016,3,2016-09-17 19:30:00+00:00,Syracuse,South Florida,0,-0.5,-37.5,-21.5,-16.0,-1.9231376262626263,-2.398095238095238,0.0,-0.0,0.0,0.0,0.0,0.0,1.0,62.0,-0.0,-0.09222560975609762,-0.5,0.0830176767676768,-67.0,161.0,4.5
400868950,2016,5,2016-10-01 16:00:00+00:00,Syracuse,Notre Dame,0,0.25,-10.25,-9.25,-1.0,-1.0483056666262778,-1.054528804528804,1.5833333333333286,-14.666666666666655,-13.083333333333332,-23.083333333333375,-39.75,-0.2499999999999999,0.11111111111111105,21.611111111111114,0.25,0.0490740740740741,1.75,0.06595581404741713,40.75,6.75,6.25
400869466,2016,7,2016-10-15 19:45:00+00:00,Syracuse,Virginia Tech,1,-0.46666666666666673,-34.13333333333333,-13.73333333333333,-20.4,-0.42088677576293687,-0.4623196242100631,-7.599999999999998,-6.933333333333334,-14.533333333333331,-27.5,-13.533333333333244,-0.1999999999999999,0.0016666666666667052,9.86,1.0666666666666667,-0.03003003003003002,-0.3666666666666669,0.040081822202565176,54.833333333333314,-321.43333333333317,-2.799999999999997
400869488,2016,11,2016-11-12 17:30:00+00:00,Syracuse,NC State,0,0.0,-13.0,-2.333333333333332,-10.666666666666671,-0.09704589342207992,-0.5770618959204556,6.333333333333334,13.333333333333341,19.666666666666668,48.888888888888914,-21.333333333333314,0.6666666666666666,0.02872023809523816,2.4825892857142833,-0.11111111111111116,-0.00374258773208902,-1.3333333333333333,0.03600805291918319,55.44444444444446,-79.22222222222194,8.0
400869493,2016,12,2016-11-19 20:30:00+00:00,Syracuse,Florida State,0,-0.29999999999999993,-19.0,-11.400000000000002,-7.600000000000001,-0.5771583337998996,-1.598112513788454,-6.933333333333334,-7.400000000000006,-14.333333333333329,-50.799999999999955,-65.26666666666665,-0.033333333333333395,-0.09807098765432098,-2.772481261022927,-0.5999999999999999,-0.01966783216783219,-1.6,0.04742875538883595,-26.200000000000045,-313.89999999999986,16.099999999999994
400869624,2016,1,2016-09-04 00:00:00+00:00,TCU,South Dakota State,1,,,,,,,,,,,,,,,,,,,,,
400868981,2016,2,2016-09-10 23:00:00+00:00,TCU,Arkansas,0,0.0,17.0,38.0,-21.0,2.193793103448275,3.3770270270270273,0.0,-0.0,0.0,0.0,0.0,0.0,,,-0.0,0.4833333333333333,1.0,-0.02965517241379312,365.0,-500.0,-90.0
400868889,2016,3,2016-09-17 16:00:00+00:00,TCU,Iowa State,1,0.5,29.5,37.0,-7.5,0.8730158730158726,3.1079710144927537,0.0,-0.0,0.0,0.0,0.0,0.0,0.0,-23.0,0.5,0.44570135746606343,0.0,0.13095238095238093,318.0,99.0,-29.0
400869614,2016,5,2016-10-01 21:00:00+00:00,TCU,Oklahoma,0,0.4166666666666667,12.833333333333334,7.416666666666664,5.416666666666668,-0.9207920792079207,0.7689240335225742,-5.416666666666664,4.916666666666671,-0.5,-28.66666666666663,-19.66666666666669,-0.0833333333333333,-0.44444444444444453,-43.388888888888886,0.41666666666666674,0.06324786324786325,1.8333333333333333,-0.015997915581031807,97.33333333333331,113.75,-42.416666666666664
400869629,2016,9,2016-10-29 19:30:00+00:00,TCU,Texas Tech,0,0.1428571428571429,-1.1428571428571432,-14.42857142857143,13.285714285714274,-1.3369095250387195,1.5310088920062448,3.0952380952380985,3.0476190476190474,6.142857142857139,-72.42857142857143,-57.47619047619048,0.1904761904761905,-0.125,-15.461111111111112,-0.571428571428571,-0.14919636617749826,2.428571428571429,-0.06524264326277751,-142.5714285714286,-177.8571428571429,7.285714285714278
400869623,2016,12,2016-11-19 17:00:00+00:00,TCU,Oklahoma State,0,-0.24444444444444446,-3.7777777777777786,-3.8555555555555543,0.07777777777777928,-1.8388812628689095,1.3700388911049055,-5.811111111111103,5.922222222222217,0.11111111111111205,-78.56666666666666,-124.0,-0.4222222222222221,-0.11112213403880078,-10.291280864197532,-0.25555555555555554,0.015733982157339788,1.1777777777777776,-0.06016929764355983,13.899999999999977,-28.31111111111113,-15.74444444444444
400869611,2016,14,2016-12-03 17:00:00+00:00,TCU,Kansas State,0,-0.09090909090909094,-2.6363636363636376,1.6363636363636331,-4.272727272727266,0.9990735389113654,0.26057847896440123,-6.30303030303029,11.27272727272727,4.9696969696969715,-38.81818181818193,-47.72727272727269,0.090909090909091,0.01332130832130829,-0.5180166746833406,-0.5454545454545454,-0.03666889408620122,1.1818181818181812,0.01762825961309622,115.81818181818193,-233.6363636363635,-15.727272727272727
400868910,2016,1,2016-09-02 23:00:00+00:00,Temple,Army,0,,,,,,,,,,,,,,,,,,,,,
400869513,2016,2,2016-09-10 17:00:00+00:00,Temple,Stony Brook,1,,,,,,,,,,,,,,,,,,,,,
400869363,2016,4,2016-09-24 16:00:00+00:00,Temple,Charlotte,1,0.0,19.0,-0.6666666666666679,19.666666666666668,1.045454545454545,-1.0250626566416043,0.0,-0.0,0.0,0.0,0.0,0.0,0.0,5.0,-0.3333333333333335,0.1219806763285024,0.6666666666666666,-0.02620320855614977,-64.66666666666669,53.0,40.33333333333334
400869530,2016,5,2016-10-01 16:00:00+00:00,Temple,SMU,1,0.0,18.25,11.75,6.5,0.36269044964697184,-0.9711064129668783,10.916666666666657,4.5,15.416666666666668,72.91666666666663,35.083333333333314,0.3333333333333332,-0.1388888888888889,-14.916666666666668,1.0,-0.027985074626865614,-1.25,0.06280193236714976,-102.25,-16.25,-3.25
400869542,2016,8,2016-10-21 23:00:00+00:00,Temple,South Florida,1,-0.2857142857142857,-9.285714285714285,-12.142857142857146,2.8571428571428577,-0.6974703838959648,-2.1061179030252797,3.142857142857153,-6.190476190476186,-3.04761904761905,36.42857142857139,22.857142857142833,-0.0476190476190477,0.06722222222222224,6.091111111111111,-0.42857142857142816,-0.11646499567847879,0.1428571428571428,-0.04662866304444635,-128.4285714285714,326.8571428571429,5.142857142857146
400869550,2016,9,2016-10-29 19:30:00+00:00,Temple,Cincinnati,1,0.0535714285714286,10.160714285714286,9.607142857142858,0.553571428571427,0.5114913329348472,0.7238971078235372,3.3928571428571423,-2.220238095238095,1.1726190476190474,84.63095238095235,21.642857142857224,0.2797619047619046,0.00952380952380949,0.20039682539682424,0.375,-0.05449735449735449,1.0,-0.017901972504483,-17.964285714285722,302.7857142857142,-2.9642857142857153
400869571,2016,13,2016-11-27 00:30:00+00:00,Temple,East Carolina,1,0.4545454545454546,21.272727272727273,3.81818181818182,17.454545454545453,0.9492345033607164,0.3431748178198477,-3.81818181818182,33.545454545454554,29.72727272727272,97.81818181818181,35.72727272727272,0.5454545454545454,-0.10414021164021159,-3.9901543209876538,0.5454545454545454,0.050488721804511305,2.090909090909091,-0.08042071197411005,-69.81818181818181,220.909090909091,-4.636363636363633
400868977,2016,1,2016-09-01 23:30:00+00:00,Tennessee,App State,1,,,,,,,,,,,,,,,,,,,,,
400868989,2016,2,2016-09-11 00:00:00+00:00,Tennessee,Virginia Tech,1,0.0,-16.0,-16.0,-0.0,0.4743481917577794,-1.3381782945736438,0.0,-0.0,0.0,0.0,0.0,0.0,,,2.0,-0.0625,-1.0,-0.05803195962994112,-139.0,-431.0,-22.0
400869000,2016,3,2016-09-17 16:00:00+00:00,Tennessee,Ohio,1,0.5,7.0,-13.0,20.0,-0.9334349593495936,-1.128381190178943,0.0,-0.0,0.0,0.0,0.0,0.0,0.0,-26.0,-0.0,-0.04153605015673972,-2.0,-0.0315040650406504,-238.5,-669.5,41.5
400869007,2016,4,2016-09-24 19:30:00+00:00,Tennessee,Florida,1,0.0,-16.666666666666664,-2.6666666666666643,-14.0,-0.9916981132075469,-0.6389688399449387,0.0,-0.0,0.0,0.0,0.0,0.0,0.5,17.5,-0.6666666666666666,-0.18465116279069765,-4.0,-0.0037735849056603765,-115.0,-424.9999999999998,14.333333333333329
400869028,2016,7,2016-10-15 19:30:00+00:00,Tennessee,Alabama,0,-0.16666666666666663,-21.833333333333332,-11.0,-10.833333333333334,-0.5321733821733812,-1.3687381103360812,3.9999999999999996,-11.83333333333333,-7.833333333333335,68.5,68.66666666666663,-0.1666666666666667,0.22333333333333327,6.449999999999999,-1.3333333333333333,-0.06418219461697727,-2.5,-0.06202686202686203,-57.833333333333314,-166.33333333333326,-7.3333333333333215
400869048,2016,10,2016-11-05 20:00:00+00:00,Tennessee,Tennessee Tech,1,,,,,,,,,,,,,,,,,,,,,
400869054,2016,11,2016-11-12 17:00:00+00:00,Tennessee,Kentucky,1,0.11111111111111105,9.333333333333334,4.777777777777786,4.555555555555554,-0.049434566015781556,-0.8000852514919012,-9.111111111111118,-0.2222222222222141,-9.333333333333334,-172.11111111111114,-61.22222222222223,-0.4444444444444443,0.2255102040816327,10.062138605442176,0.22222222222222232,0.023455233291298894,0.5555555555555556,0.038362241373041006,1.1111111111111427,-184.33333333333326,-18.555555555555557
400869064,2016,12,2016-11-19 20:30:00+00:00,Tennessee,Missouri,1,0.39999999999999997,4.800000000000001,2.599999999999998,2.200000000000003,0.07859093644401227,-0.06114985489130742,16.39999999999999,5.466666666666665,21.866666666666667,86.16666666666669,22.099999999999994,-0.0666666666666666,0.0939484126984127,3.045634920634921,-0.4999999999999998,-0.02475270301357252,0.2999999999999998,0.03361570152293658,-74.5,219.5999999999999,0.6000000000000014
400868946,2016,1,2016-09-04 23:30:00+00:00,Texas,Notre Dame,1,,,,,,,,,,,,,,,,,,,,,
400869357,2016,2,2016-09-10 23:00:00+00:00,Texas,UTEP,1,0.0,-13.0,12.0,-25.0,2.1917989417989414,-1.8810100311310967,0.0,-0.0,0.0,0.0,0.0,0.0,,,-0.0,-0.20261437908496738,3.0,0.05687830687830686,-1.0,-606.0,-55.0
400869591,2016,7,2016-10-15 23:00:00+00:00,Texas,Iowa State,1,0.23333333333333342,8.233333333333333,14.333333333333332,-6.100000000000001,0.1093597608935033,1.1507598784194526,-15.333333333333332,-10.899999999999999,-26.233333333333334,-55.633333333333326,-42.66666666666674,-0.5666666666666668,-0.06166666666666665,-3.3249999999999993,0.10000000000000009,-0.02332527378751248,0.9666666666666666,0.036023281422054465,103.9666666666667,-97.06666666666683,-4.933333333333344
400868881,2016,9,2016-10-29 19:30:00+00:00,Texas,Baylor,1,-0.5714285714285715,-22.928571428571427,-7.523809523809511,-15.404761904761902,-0.08348408710217736,-1.04242334322453,-6.14285714285716,14.73809523809523,8.595238095238093,-44.73809523809524,7.90476190476187,-0.0952380952380951,0.1044444444444445,8.750000000000002,0.04761904761904745,-0.050092764378478594,0.9285714285714284,0.08665549972082642,-71.59523809523807,-3.6190476190474783,7.666666666666671
400869631,2016,11,2016-11-12 17:00:00+00:00,Texas,West Virginia,0,-0.3194444444444444,-8.847222222222221,3.75,-12.597222222222221,-0.3224753187988494,-0.08832845039195458,-4.083333333333336,3.5972222222222214,-0.4861111111111116,50.305555555555486,45.6805555555556,0.3194444444444443,0.06567460317460305,1.7809523809523808,0.05555555555555558,-0.06111451316595218,2.1527777777777777,-0.028177704648292945,-5.305555555555543,-198.7361111111111,-13.375
400869632,2016,13,2016-11-25 20:30:00+00:00,Texas,TCU,0,-0.045454545454545525,-2.4454545454545458,-0.29999999999999716,-2.145454545454548,0.33638451642452516,-0.3483333829202735,-1.7000000000000033,0.4787878787878874,-1.2212121212121207,43.724242424242505,55.97575757575757,0.0454545454545455,-0.028690476190476155,3.810277777777778,-0.3999999999999999,-0.05637254901960781,-0.1454545454545455,0.0232576936288873,5.609090909090867,-17.027272727272702,1.3090909090909122
400868978,2016,1,2016-09-03 19:30:00+00:00,Texas A&M,UCLA,1,,,,,,,,,,,,,,,,,,,,,
400868990,2016,2,2016-09-10 16:00:00+00:00,Texas A&M,Prairie View A&M,1,,,,,,,,,,,,,,,,,,,,,
400869008,2016,4,2016-09-25 01:00:00+00:00,Texas A&M,Arkansas,1,0.0,14.666666666666666,7.666666666666671,6.999999999999995,-1.4623091603053435,2.0978142818354604,0.0,-0.0,0.0,0.0,0.0,0.0,-0.5,5.5,-0.33333333333333326,-0.07403055229142191,0.666666666666667,-0.1357824427480916,141.66666666666663,-406.9999999999998,-17.333333333333336
400869023,2016,6,2016-10-08 19:30:00+00:00,Texas A&M,Tennessee,1,0.0,13.8,6.200000000000003,7.6,-0.9259531358750293,2.6739098837209303,-6.866666666666674,0.7333333333333325,-6.133333333333334,-62.06666666666666,-80.0666666666666,0.0,-0.14583333333333337,-4.618055555555555,0.19999999999999996,-0.03740259740259738,1.6,-0.03576676204469875,139.39999999999998,-79.60000000000014,1.3999999999999986
400869040,2016,9,2016-10-29 23:30:00+00:00,Texas A&M,New Mexico State,1,0.5714285714285714,31.0,10.571428571428573,20.428571428571427,-0.6569089824903775,2.557367829021372,-9.238095238095234,-12.428571428571427,-21.666666666666668,-80.3809523809523,-62.23809523809524,-0.23809523809523803,0.27222222222222225,13.48015873015873,0.14285714285714324,-0.015157558835261264,2.7142857142857144,-0.03618474548707107,62.714285714285666,28.57142857142867,-7.142857142857146
400869055,2016,11,2016-11-13 00:30:00+00:00,Texas A&M,Ole Miss,0,0.33333333333333337,11.555555555555557,1.1111111111111,10.444444444444446,-1.3243894048847613,1.6791379468798828,1.2222222222222285,-1.4444444444444464,-0.22222222222222676,-73.77777777777771,-7.222222222222172,-0.33333333333333337,-0.1267006802721089,-11.116496598639456,-0.2222222222222221,-0.04060602343127029,1.1111111111111112,-0.08135534915720677,20.111111111111086,103.77777777777783,-4.8888888888889
400869065,2016,12,2016-11-19 17:00:00+00:00,Texas A&M,UTSA,1,0.19999999999999996,12.799999999999999,4.699999999999996,8.100000000000001,-0.08508158508158559,1.5977626334061972,-5.699999999999996,2.2333333333333303,-3.466666666666666,-19.23333333333329,66.93333333333331,-0.5333333333333332,0.15798611111111116,8.926438492063491,-0.5,-0.06526112834269421,0.6999999999999997,-0.038461538461538436,96.89999999999998,-274.70000000000005,4.799999999999997
400869067,2016,13,2016-11-25 00:30:00+00:00,Texas A&M,LSU,0,0.12727272727272732,2.4000000000000004,9.390909090909094,-6.99090909090909,-0.11025643803560037,-0.5134789903149546,0.9424242424242344,-5.6757575757575776,-4.733333333333334,-41.62727272727278,17.454545454545467,-0.12727272727272737,0.004739858906525507,-6.620712081128746,-0.036363636363636376,-0.03466324313648039,0.5818181818181816,-0.029533167936036664,61.62727272727278,-217.65454545454554,-8.954545454545453
400869525,2016,4,2016-09-24 23:00:00+00:00,Texas State,Houston,0,-0.5,-43.83333333333333,-8.833333333333336,-35.0,-1.2395982783357242,-1.9866946778711487,0.0,-0.0,0.0,0.0,0.0,0.0,0.0,-17.5,-0.33333333333333326,-0.23030303030303034,-3.1666666666666665,0.02630320420851273,-150.16666666666669,-851.1666666666665,-5.0
400869821,2016,5,2016-10-01 23:30:00+00:00,Texas State,Incarnate Word,1,,,,,,,,,,,,,,,,,,,,,
400869834,2016,8,2016-10-22 23:00:00+00:00,Texas State,Louisiana,0,0.0,-6.5,4.5,-11.0,0.551256613756614,-1.1039283671718616,6.500000000000007,12.333333333333336,18.833333333333336,124.16666666666669,69.66666666666663,0.3333333333333333,0.12916666666666676,2.612499999999999,-0.5,-0.04533704513819842,-2.3333333333333335,0.02182539682539686,-1.1666666666666856,-193.66666666666652,-4.499999999999993
400869846,2016,11,2016-11-12 21:00:00+00:00,Texas State,Idaho,0,-0.3055555555555556,-8.52777777777778,-1.8611111111111107,-6.666666666666664,-0.3566046376087586,-1.3910932297447278,-14.805555555555559,-3.000000000000007,-17.80555555555555,-163.33333333333331,-171.08333333333334,-0.361111111111111,0.06865079365079368,-3.525396825396826,-0.19444444444444442,-0.03937007874015752,-1.1388888888888888,0.057886849007118824,-43.0,-287.3888888888889,-14.180555555555557
400869854,2016,13,2016-11-26 21:00:00+00:00,Texas State,Troy,0,-0.6000000000000001,-33.2,-14.400000000000002,-18.800000000000004,-0.4874945022723942,-2.472079024540823,-1.9333333333333318,4.800000000000004,2.866666666666667,-12.166666666666686,-18.26666666666665,-0.06666666666666662,-0.05779320987654324,-3.8502700617283954,-0.30000000000000004,-0.07139959432048681,-1.8,0.011875091628793522,-135.5,-308.5999999999999,12.899999999999999
400869855,2016,14,2016-12-04 00:30:00+00:00,Texas State,Arkansas State,0,-0.36363636363636365,-25.81818181818182,-7.181818181818183,-18.636363636363637,-1.2936474517206333,-1.2305505142165751,-14.15151515151515,-10.696969696969688,-24.848484848484848,-113.42424242424244,-90.06060606060606,-0.303030303030303,0.10405643738977072,-0.18390652557319243,-0.6363636363636362,0.006903353057199135,-1.772727272727272,0.046006969652969354,-82.90909090909088,-189.72727272727275,0.36363636363636687
400869625,2016,1,2016-09-04 00:00:00+00:00,Texas Tech,Stephen F. Austin,1,,,,,,,,,,,,,,,,,,,,,
400869359,2016,3,2016-09-17 23:00:00+00:00,Texas Tech,Louisiana Tech,1,0.0,5.5,25.5,-20.0,1.4376993973768162,-1.4939622641509431,0.0,-0.0,0.0,0.0,0.0,0.0,1.0,69.0,1.0,-0.0357142857142857,0.0,0.034207727756114914,176.0,-59.5,-27.0
400869598,2016,5,2016-09-30 00:30:00+00:00,Texas Tech,Kansas,1,0.3333333333333333,18.666666666666668,33.33333333333333,-14.666666666666668,2.810806074766356,0.299880525686977,0.0,-0.0,0.0,0.0,0.0,0.0,0.25,14.5,2.6666666666666665,0.2470760233918129,0.0,0.02710280373831775,306.66666666666663,219.33333333333348,-34.33333333333334
400869627,2016,7,2016-10-15 16:00:00+00:00,Texas Tech,West Virginia,0,-0.4,7.600000000000001,26.200000000000003,-18.6,1.3603316022678538,-0.9187973086627421,-5.533333333333346,5.600000000000001,0.06666666666666443,-27.216666666666583,-50.00000000000006,0.0666666666666666,0.08333333333333326,3.145833333333334,0.8,0.0751096491228071,0.75,0.07041783791509837,144.54999999999995,32.299999999999955,-32.2
400869616,2016,8,2016-10-23 00:00:00+00:00,Texas Tech,Oklahoma,0,-0.16666666666666663,1.4999999999999991,8.666666666666679,-7.166666666666657,-0.6400238873522781,-1.7062523827678229,-17.00000000000002,4.499999999999993,-12.5,-120.66666666666663,-59.333333333333314,-0.4999999999999999,-0.10333333333333339,-7.370000000000001,0.8333333333333333,0.030120481927710885,-0.8333333333333333,-0.004023133014835367,79.33333333333326,13.166666666666742,-39.33333333333334
400869630,2016,10,2016-11-05 16:00:00+00:00,Texas Tech,Texas,0,0.0,2.75,11.375,-8.625,0.3316752246469825,-1.2734088779074724,-4.708333333333332,-16.04166666666667,-20.749999999999996,-56.666666666666686,-82.08333333333337,-0.3333333333333332,0.057823129251700744,2.171768707482993,-0.0,0.1686761811023622,-2.625,0.03722721437740695,117.0,204.75,-11.0
400868885,2016,13,2016-11-25 23:00:00+00:00,Texas Tech,Baylor,1,-0.2363636363636364,-9.145454545454545,6.4272727272727295,-15.572727272727274,0.8643035574275659,-1.9357796071585458,1.5727272727272705,13.239393939393928,14.812121212121209,-30.61212121212118,-141.88484848484842,0.2363636363636364,0.11841269841269847,7.242857142857144,0.25454545454545463,0.08452482403812767,-1.2181818181818178,0.11809164341848544,36.94545454545448,253.79090909090905,18.590909090909093
400869272,2016,2,2016-09-10 23:00:00+00:00,Toledo,Maine,1,1.0,24.0,10.0,14.0,3.816226783968718,2.005847953216374,0.0,-0.0,0.0,0.0,0.0,0.0,,,-2.0,0.3422459893048129,2.0,0.16617790811339195,247.0,651.0,-12.0
400869195,2016,3,2016-09-17 19:00:00+00:00,Toledo,Fresno State,1,0.5,34.0,17.5,16.5,5.9866125760649105,1.4214046822742472,0.0,-0.0,0.0,0.0,0.0,0.0,,,-0.0,0.25,1.0,0.07951318458417855,162.0,-26.0,-21.0
400869306,2016,7,2016-10-15 19:30:00+00:00,Toledo,Bowling Green,1,0.6333333333333334,50.36666666666667,24.866666666666674,25.5,5.982984192263206,1.116934865900383,4.466666666666651,-11.166666666666668,-6.699999999999999,18.5,-12.100000000000023,0.033333333333333215,-0.325,-14.1875,1.9666666666666666,0.31493598862019917,1.6,0.16442616630253182,201.83333333333331,362.33333333333326,-5.399999999999999
400869313,2016,8,2016-10-22 16:00:00+00:00,Toledo,Central Michigan,1,0.11904761904761907,15.666666666666668,10.714285714285715,4.952380952380956,2.8422324763788183,0.8350509357972049,9.952380952380953,-8.952380952380949,1.0,48.166666666666686,72.78571428571433,-0.11904761904761911,-0.20111111111111107,-17.904444444444444,0.40476190476190466,0.08914386584289491,1.2142857142857142,0.09701164579213362,124.16666666666663,-116.88095238095252,-12.023809523809526
400869318,2016,9,2016-10-27 23:30:00+00:00,Toledo,Ohio,0,0.2321428571428571,14.607142857142858,12.785714285714285,1.821428571428573,4.31698366149979,0.20362123807193555,1.8809523809523867,-5.488095238095244,-3.6071428571428577,-36.64285714285711,-41.35119047619054,0.1011904761904763,-0.1202380952380952,-7.047222222222222,0.375,0.17964987386285453,-1.3392857142857144,0.12325094260578129,128.6428571428571,2.214285714285552,0.8035714285714306
400869332,2016,12,2016-11-17 00:00:00+00:00,Toledo,Ball State,1,0.4,18.3,10.899999999999999,7.400000000000002,3.6434241997591235,-0.3118525822492222,-4.566666666666666,13.599999999999998,9.033333333333331,-43.50000000000006,-16.966666666666697,0.2666666666666666,-0.03505291005291,0.5981040564373887,1.2000000000000002,0.10204081632653073,-0.5,0.11435768689250403,83.50000000000006,53.0,-26.9
400869810,2016,1,2016-09-03 22:00:00+00:00,Troy,Austin Peay,1,,,,,,,,,,,,,,,,,,,,,
400869816,2016,4,2016-09-24 23:00:00+00:00,Troy,New Mexico State,1,0.3333333333333333,25.0,7.333333333333336,17.666666666666657,0.08490408673894922,1.461818181818182,0.0,-0.0,0.0,0.0,0.0,0.0,0.5,17.5,-1.0,-0.1740812379110251,0.0,0.09633027522935778,83.0,412.0,-56.666666666666664
400869827,2016,7,2016-10-15 19:30:00+00:00,Troy,Georgia State,1,0.6000000000000001,30.2,21.599999999999998,8.600000000000001,1.103708710473728,2.0289849246231157,-0.9333333333333265,-4.933333333333341,-5.866666666666671,-96.60000000000002,-43.666666666666686,0.0666666666666666,-0.04166666666666663,-3.729166666666666,0.19999999999999996,0.008802816901408494,0.6000000000000001,0.1017691313036323,180.60000000000002,493.1999999999998,-30.200000000000003
400868966,2016,10,2016-11-05 19:30:00+00:00,Troy,Massachusetts,1,0.6349206349206349,26.269841269841272,15.349206349206348,10.920634920634921,0.6436712801111053,1.474949698189136,-14.349206349206348,4.079365079365086,-10.269841269841272,-73.1269841269841,-4.269841269841294,0.0317460317460318,0.3055555555555556,4.1819444444444445,0.4285714285714286,0.03076923076923077,0.6031746031746033,0.072793448589627,134.1269841269841,314.07936507936506,-18.968253968253975
400869842,2016,11,2016-11-12 20:30:00+00:00,Troy,App State,1,0.09722222222222221,7.680555555555555,12.041666666666671,-4.361111111111111,0.19632434021906864,-0.012626262626262985,-10.375000000000007,-6.972222222222218,-17.347222222222218,-41.88888888888886,7.972222222222289,-0.09722222222222221,-0.025396825396825418,-6.899007936507936,-0.38888888888888884,0.06697177726926012,0.11111111111111116,0.02345070940233762,82.22222222222223,-93.05555555555611,-12.263888888888879
400869847,2016,12,2016-11-18 02:30:00+00:00,Troy,Arkansas State,0,0.33333333333333326,15.555555555555557,12.111111111111121,3.4444444444444393,-0.7560268242194237,1.4559604980953287,-17.11111111111112,-12.777777777777768,-29.888888888888893,3.3333333333333144,-5.111111111111057,-0.3333333333333333,0.19013605442176867,4.06702097505669,0.22222222222222232,0.1143250688705234,0.33333333333333304,0.0679554079696395,92.66666666666669,235.55555555555543,-15.777777777777779
400869515,2016,2,2016-09-11 00:00:00+00:00,Tulane,Southern,1,0.0,13.0,-18.0,31.0,1.5448369565217392,-2.08926919518964,0.0,-0.0,0.0,0.0,0.0,0.0,,,-0.0,0.04285714285714293,0.0,-0.009510869565217406,-96.0,209.0,10.0
400869521,2016,3,2016-09-17 23:00:00+00:00,Tulane,Navy,0,-0.5,0.5,-5.5,6.0,-16.048850574712638,-0.8214152352501864,0.0,-0.0,0.0,0.0,0.0,0.0,-1.0,-20.0,-0.5,-0.06666666666666671,-1.0,-0.3505747126436782,-93.0,259.0,-9.5
400869526,2016,4,2016-09-25 00:00:00+00:00,Tulane,Louisiana,1,-0.3333333333333333,18.666666666666668,5.0,13.666666666666668,-3.576829268292683,0.6486069878967795,0.0,-0.0,0.0,0.0,0.0,0.0,0.0,8.5,-0.0,-0.027472527472527486,-0.9999999999999998,-0.26036585365853665,-59.666666666666686,354.3333333333335,19.666666666666664
400869538,2016,7,2016-10-15 00:00:00+00:00,Tulane,Memphis,0,-0.20000000000000007,-14.4,-12.399999999999999,-2.0,-2.418716577540108,0.3105533532885687,-5.266666666666669,-0.0,-5.266666666666661,-40.93333333333334,-6.266666666666666,0.19999999999999998,-0.004166666666666707,-6.491666666666666,0.8,-0.10833333333333339,1.4000000000000001,-0.1929144385026738,-96.39999999999998,341.60000000000014,13.0
400869553,2016,9,2016-10-29 20:00:00+00:00,Tulane,SMU,0,0.0,6.428571428571429,2.7142857142857153,3.7142857142857117,-1.2029747968599365,0.40965796430931967,-11.38095238095238,-1.7142857142857117,-13.095238095238097,79.09523809523807,26.571428571428612,0.0,-0.06507936507936507,-11.091269841269842,0.8571428571428572,-0.06648451730418942,-0.8571428571428572,-0.10797410824955245,-63.428571428571445,189.28571428571468,3.4285714285714377
400869566,2016,12,2016-11-19 20:30:00+00:00,Tulane,Temple,0,-0.39999999999999997,-15.8,-7.399999999999999,-8.400000000000002,-2.9172117481082465,0.22011225172303472,-7.933333333333337,-11.266666666666664,-19.199999999999992,-63.166666666666686,56.400000000000034,-0.6,0.009865520282186901,-0.6707561728395062,0.19999999999999996,-0.12194656488549616,-0.3999999999999999,-0.15653456457611903,-54.5,-33.100000000000136,-8.700000000000003
400869183,2016,1,2016-09-03 23:00:00+00:00,Tulsa,San José State,1,,,,,,,,,,,,,,,,,,,,,
400869523,2016,3,2016-09-17 18:00:00+00:00,Tulsa,North Carolina A&T,1,-0.5,-8.0,-15.0,7.0,0.1453634085213027,0.4444683136412455,0.0,-0.0,0.0,0.0,0.0,0.0,1.0,87.0,1.0,0.03125,-0.5,-0.03258145363408532,-57.0,-128.0,34.5
400869533,2016,6,2016-10-08 00:00:00+00:00,Tulsa,SMU,1,0.35,19.3,18.7,0.6000000000000014,0.9956043956043956,-0.3802834598180631,0.3000000000000047,-6.599999999999991,-6.300000000000001,27.666666666666625,30.94999999999999,-0.016666666666666607,0.23611111111111116,6.888888888888889,0.10000000000000009,-0.008441091954022983,-0.1499999999999999,0.09780219780219779,34.0,-82.15000000000009,0.29999999999999716
400869547,2016,8,2016-10-22 19:45:00+00:00,Tulsa,Tulane,1,0.16666666666666663,-0.5,9.833333333333332,-10.333333333333332,1.4512241054613932,-0.33028875781318767,2.166666666666657,-0.33333333333332504,1.833333333333333,58.833333333333314,-20.833333333333343,-0.1666666666666666,0.16999999999999993,12.74,-0.9999999999999998,0.1743589743589744,-1.1666666666666665,0.13265536723163845,126.5,-294.66666666666674,-14.666666666666657
400869555,2016,10,2016-11-06 00:00:00+00:00,Tulsa,East Carolina,1,0.375,10.5,13.625,-3.125,-0.09568690688019021,0.697194050033807,5.708333333333329,-4.541666666666668,1.166666666666667,75.70833333333337,82.08333333333331,-0.0416666666666667,0.06275510204081625,3.9688775510204106,0.125,0.08890884598114046,1.5,-0.08399132562277578,-5.375,-169.75,-24.125
400869567,2016,13,2016-11-26 01:30:00+00:00,Tulsa,Cincinnati,1,0.3636363636363637,18.545454545454543,23.81818181818182,-5.272727272727273,1.17571525996168,1.5858368250454578,11.848484848484848,2.6060606060606055,14.454545454545459,112.66666666666674,54.75757575757575,0.303030303030303,0.07420634920634916,3.418492063492062,0.45454545454545436,0.05594754709445521,0.7272727272727277,0.0006300133147143505,153.99999999999994,162.5454545454545,-11.0
400869504,2016,1,2016-09-03 23:00:00+00:00,UCF,South Carolina State,1,,,,,,,,,,,,,,,,,,,,,
400869518,2016,3,2016-09-17 23:00:00+00:00,UCF,Maryland,0,-0.5,-32.5,-20.5,-12.0,-3.3055172413793104,-1.4647191011235954,0.0,-0.0,0.0,0.0,0.0,0.0,1.0,81.0,-2.0,-0.20026881720430112,-1.5,-0.25172413793103443,-99.5,65.0,-3.0
400869539,2016,7,2016-10-15 23:30:00+00:00,UCF,Temple,0,0.09999999999999998,0.06666666666666643,2.200000000000003,-2.133333333333333,-0.7627434135166098,0.45459834762034035,-0.8666666666666671,2.466666666666672,1.5999999999999996,-70.53333333333336,-26.733333333333434,-0.1,0.10416666666666674,15.312499999999995,-0.16666666666666674,-0.009317269076305257,1.2333333333333334,-0.07058991981672397,44.866666666666674,-57.23333333333335,-16.46666666666666
400921256,2016,10,2016-11-05 21:00:00+00:00,UCF,Tulane,1,0.125,5.75,2.75,3.0,1.4554963290757312,-1.0458049694868432,-2.4166666666666714,9.000000000000007,6.583333333333334,-89.83333333333331,14.458333333333314,0.2083333333333334,0.05238095238095242,12.887755102040815,-0.75,0.017145034290068584,0.75,0.1197073317912099,21.5,-254.125,-1.25
400869557,2016,11,2016-11-12 17:00:00+00:00,UCF,Cincinnati,1,0.11111111111111116,13.666666666666664,11.222222222222218,2.4444444444444393,-0.08620861091776888,0.272284029963211,1.4444444444444446,4.222222222222221,5.666666666666668,-26.22222222222223,42.333333333333314,0.2222222222222221,-0.006845238095238071,5.648660714285714,-0.0,-0.12156303166675808,1.2222222222222223,-0.04259056710085851,-7.7777777777777715,64.88888888888891,-13.0
400869564,2016,12,2016-11-20 01:00:00+00:00,UCF,Tulsa,0,-0.09999999999999998,0.3000000000000007,-11.200000000000003,11.5,-1.3392161004743341,-1.0764485981308414,-8.466666666666669,7.166666666666666,-1.3000000000000007,-174.7333333333333,-65.26666666666665,0.0999999999999999,-0.10088183421516761,-0.4624779541446191,-0.0,-0.172383949645948,0.6000000000000001,-0.032752098016246345,-155.60000000000002,-97.59999999999991,0.8999999999999986
400869102,2016,2,2016-09-11 00:00:00+00:00,UCLA,UNLV,1,-1.0,-57.0,-39.0,-18.0,-9.855973813420622,-3.2386363636363633,0.0,-0.0,0.0,0.0,0.0,0.0,,,-2.0,-0.2222222222222222,-1.0,-0.292962356792144,-35.0,307.0,44.0
400869121,2016,4,2016-09-25 00:00:00+00:00,UCLA,Stanford,0,-0.33333333333333337,-9.333333333333332,1.1666666666666679,-10.5,-0.7705627705627709,-1.761808367071525,0.0,-0.0,0.0,0.0,0.0,0.0,0.25,29.25,-0.6666666666666667,-0.08416666666666667,-2.333333333333333,-0.09379509379509388,103.33333333333331,81.33333333333326,-16.166666666666657
400869125,2016,5,2016-10-02 02:30:00+00:00,UCLA,Arizona,1,0.0,-3.0,-6.5,3.5,0.2172035480859016,-2.8080395794681507,-4.833333333333336,5.5,0.666666666666667,-61.75,-15.0,0.0,0.16666666666666674,14.66666666666666,-0.25,0.03533992213237497,-1.0,-0.0106209150326797,-45.25,352.75,8.75
400869142,2016,8,2016-10-22 20:00:00+00:00,UCLA,Utah,0,-0.4285714285714286,-5.571428571428571,-0.7142857142857153,-4.857142857142858,0.41135438221747567,-1.3975018469368212,3.380952380952383,1.8571428571428577,5.238095238095239,9.809523809523682,72.0476190476191,0.09523809523809532,0.21111111111111114,17.805555555555554,-0.2857142857142858,-0.020668583752695924,-1.0000000000000004,0.01226553634603833,-8.142857142857054,-297.42857142857133,5.857142857142847
400869158,2016,11,2016-11-13 02:00:00+00:00,UCLA,Oregon State,1,0.1111111111111111,8.444444444444445,2.55555555555555,5.888888888888889,2.183110119047619,-2.920729755681212,1.7777777777777786,-4.888888888888889,-3.1111111111111107,-66.5555555555556,-56.22222222222226,-0.1111111111111111,0.06056547619047614,8.89717261904762,-0.6666666666666667,0.031219352729650207,1.1111111111111114,0.06577380952380951,43.888888888888914,-31.666666666666515,14.888888888888886
400869163,2016,12,2016-11-20 03:30:00+00:00,UCLA,USC,0,-0.29999999999999993,-7.2,-3.8999999999999986,-3.3000000000000007,-0.48635477582845876,-2.4849232069888685,-3.7666666666666586,-9.7,-13.466666666666669,-82.39999999999998,-14.866666666666674,-0.3666666666666667,-0.09448853615520292,-2.19012345679012,-0.6999999999999997,-0.08546624756772941,0.5,-0.09661306042884987,-65.60000000000002,-118.40000000000009,10.700000000000003
400869503,2016,1,2016-09-01 23:00:00+00:00,UConn,Maine,1,,,,,,,,,,,,,,,,,,,,,
400869444,2016,3,2016-09-17 17:30:00+00:00,UConn,Virginia,1,0.5,17.0,1.0,16.0,2.317297297297297,-0.33450429352068634,0.0,-0.0,0.0,0.0,0.0,0.0,0.0,11.0,1.5,0.15217391304347833,0.0,0.16486486486486496,13.0,441.5,33.0
400869450,2016,4,2016-09-24 17:00:00+00:00,UConn,Syracuse,0,0.3333333333333333,11.666666666666666,-6.666666666666671,18.333333333333332,0.5895156901868308,-0.030893300248139077,0.0,-0.0,0.0,0.0,0.0,0.0,-0.5,-35.5,0.33333333333333326,-0.05128205128205132,-0.6666666666666667,0.051786686014873906,-174.66666666666669,28.0,35.999999999999986
400869534,2016,6,2016-10-08 15:30:00+00:00,UConn,Cincinnati,1,-0.19999999999999996,-6.0,-6.0,-0.0,0.06270903010033457,-0.7942176870748305,2.0,7.333333333333332,9.333333333333334,22.666666666666686,2.3999999999999773,0.1999999999999999,-0.10416666666666674,-2.895833333333334,1.4000000000000001,-0.08871794871794869,-1.0,0.023968784838350077,-64.0,289.60000000000014,21.2
400869543,2016,8,2016-10-22 16:00:00+00:00,UConn,UCF,0,-0.07142857142857151,-13.785714285714285,-12.642857142857142,-1.1428571428571423,0.23800465017966577,-1.0905646078059874,-8.690476190476186,-6.857142857142858,-15.547619047619047,25.380952380952408,28.285714285714306,-0.2619047619047617,0.02777777777777779,-7.2361111111111125,0.6904761904761905,0.032834379526798685,-2.095238095238095,0.10087719298245612,-40.38095238095241,260.78571428571445,43.33333333333333
400869554,2016,10,2016-11-04 23:00:00+00:00,UConn,Temple,0,-0.3333333333333333,-20.33333333333333,-15.44444444444445,-4.888888888888893,-0.7383330732011855,-1.1994033834438906,-4.555555555555552,-8.111111111111104,-12.666666666666663,-49.22222222222223,49.33333333333337,-0.6666666666666666,-0.01836734693877551,1.7056547619047597,0.33333333333333326,-0.0461290899338459,-1.3333333333333333,0.014645439883460787,-44.111111111111086,-65.77777777777806,21.333333333333332
400869570,2016,13,2016-11-26 21:00:00+00:00,UConn,Tulane,0,0.0,-6.0,-7.818181818181817,1.8181818181818166,1.6173646161777224,-1.5326533516770242,0.8181818181818166,0.18181818181817944,1.0,-71.9090909090909,-78.27272727272725,0.0,-0.017063492063492003,1.9935714285714274,0.18181818181818188,0.07457983193277312,-0.8181818181818188,0.15729340254882446,-13.090909090909122,-63.0,25.909090909090907
400869809,2016,1,2016-09-03 23:00:00+00:00,UL Monroe,Southern,1,,,,,,,,,,,,,,,,,,,,,
400869824,2016,6,2016-10-08 23:00:00+00:00,UL Monroe,Idaho,0,-0.15000000000000002,2.5,3.5500000000000007,-1.0499999999999972,0.9697023387668322,0.7257394483217015,-5.883333333333333,-5.61666666666666,-11.5,-36.866666666666674,-4.166666666666686,-0.1833333333333333,-0.02083333333333326,-3.791666666666666,0.25,0.09762020398251581,1.2,0.056785967399007875,57.19999999999999,-132.79999999999995,-5.25
400869829,2016,7,2016-10-15 23:00:00+00:00,UL Monroe,Texas State,1,-0.2,1.1999999999999993,-3.3999999999999986,4.600000000000001,-0.2961460446247468,2.356700770493874,-0.9333333333333331,-2.2666666666666795,-3.1999999999999997,-60.799999999999955,-21.400000000000034,-0.1333333333333333,-0.19166666666666665,-1.715277777777776,-0.6000000000000001,0.09524576954069303,1.0,-0.07319134550371875,24.799999999999955,57.200000000000045,11.800000000000004
400869841,2016,10,2016-11-05 21:00:00+00:00,UL Monroe,South Alabama,1,-0.25,-18.0,0.5,-18.5,-0.7962504819431953,0.9968434343434343,8.166666666666663,-11.166666666666671,-3.000000000000001,18.5,10.166666666666657,0.2499999999999999,-0.09795918367346945,-10.758163265306122,-0.625,0.08006410703086903,-0.625,-0.01322130831512669,30.5,-71.625,19.875
400869858,2016,14,2016-12-03 20:00:00+00:00,UL Monroe,Louisiana,0,-0.09090909090909088,-10.90909090909091,1.909090909090903,-12.818181818181817,-0.5311111111111106,0.3104267076249494,4.0909090909090935,6.151515151515149,10.242424242424244,-4.363636363636317,-32.45454545454543,0.09090909090909088,-0.006790123456790198,2.4967283950617283,-0.4545454545454546,0.0632064440691178,-0.4545454545454546,-0.05555555555555558,17.363636363636317,73.18181818181802,13.545454545454547
400869174,2016,1,2016-09-02 02:00:00+00:00,UNLV,Jackson State,1,,,,,,,,,,,,,,,,,,,,,
400869205,2016,4,2016-09-25 01:00:00+00:00,UNLV,Idaho,0,0.0,32.66666666666667,21.666666666666664,11.0,0.7705556952476735,1.5301587301587305,0.0,-0.0,0.0,0.0,0.0,0.0,0.0,-7.25,0.6666666666666663,0.1064599483204135,-0.6666666666666666,-0.07455368368116677,69.33333333333331,-100.66666666666674,-23.333333333333343
400869210,2016,5,2016-10-02 02:30:00+00:00,UNLV,Fresno State,1,0.0,12.5,9.0,3.5,-0.06980056980057014,2.7515490533562827,-14.666666666666668,-8.833333333333321,-23.499999999999996,-57.33333333333338,-19.5,-0.3333333333333333,-0.38888888888888884,-24.63888888888889,-0.25,0.07196969696969702,-0.5,-0.040598290598290565,57.0,-10.5,-5.25
400869226,2016,8,2016-10-22 21:30:00+00:00,UNLV,Colorado State,0,0.0,5.714285714285714,7.9999999999999964,-2.2857142857142847,-0.34711066488174946,1.136097742411775,-0.6666666666666642,4.285714285714285,3.6190476190476186,-59.428571428571445,-69.33333333333331,0.3333333333333332,-0.30777777777777793,-13.745,0.14285714285714302,0.08920411271896417,-1.0000000000000002,-0.05047969656403395,3.428571428571445,18.714285714286007,-11.142857142857146
400869244,2016,11,2016-11-12 20:30:00+00:00,UNLV,Wyoming,1,-0.4444444444444445,-7.555555555555555,-5.333333333333325,-2.2222222222222214,-1.796741947426879,0.7094986807387862,-6.666666666666682,-4.444444444444436,-11.11111111111111,-47.666666666666686,34.88888888888886,-0.2222222222222222,-0.18229166666666669,-10.405505952380953,0.2222222222222221,-0.047619047619047616,-0.5555555555555554,-0.13803529556954214,-39.0,-264.55555555555543,-9.666666666666664
400869256,2016,13,2016-11-26 21:00:00+00:00,UNLV,Nevada,0,0.0,4.636363636363637,9.909090909090907,-5.272727272727273,-0.17927486309839313,1.4122961710351492,2.757575757575761,-1.393939393939391,1.3636363636363624,37.15151515151513,-8.515151515151501,0.0,0.15924603174603186,0.8861111111111106,-0.09090909090909083,-0.074025974025974,0.6363636363636365,-0.11132087970323268,43.18181818181819,28.090909090909236,-13.0
400869101,2016,2,2016-09-10 18:00:00+00:00,USC,Utah State,1,-1.0,-85.0,-39.0,-46.0,-2.3688394276629574,-7.5939393939393955,0.0,-0.0,0.0,0.0,0.0,0.0,,,-1.0,-0.5277777777777778,1.0,-0.16057233704292528,-334.0,247.0,-16.0
400869126,2016,5,2016-10-02 00:30:00+00:00,USC,Arizona State,1,-0.75,-21.75,-26.75,5.0,-2.2874074074074073,-0.5012785771535437,3.749999999999993,14.666666666666668,18.416666666666668,37.666666666666686,-1.8333333333333748,0.0833333333333333,0.2777777777777778,1.5555555555555536,-0.0,-0.10377358490566041,-1.25,-0.027555555555555555,-149.0,-201.5,-7.0
400869132,2016,6,2016-10-08 20:00:00+00:00,USC,Colorado,1,-0.4,-24.200000000000003,-17.400000000000002,-6.799999999999997,-2.581615497076024,0.0542646777586544,4.733333333333345,10.466666666666665,15.2,93.26666666666665,48.4666666666667,0.0666666666666667,0.33333333333333337,-1.4861111111111107,-0.19999999999999996,-0.1300345224395858,-1.0,-0.019627192982456076,-139.60000000000002,-311.60000000000014,-10.0
400869145,2016,9,2016-10-28 02:30:00+00:00,USC,California,1,0.0,1.8571428571428572,-15.428571428571438,17.285714285714285,0.4356358194742027,-0.0030120481927706777,10.76190476190476,5.3809523809523725,16.142857142857146,173.95238095238102,181.61904761904765,0.33333333333333337,0.09166666666666679,6.127777777777778,-0.1428571428571428,-0.032252617359000424,0.28571428571428537,0.027616229636431733,-105.28571428571433,104.4285714285711,24.428571428571416
400869152,2016,10,2016-11-05 23:00:00+00:00,USC,Oregon,1,0.25,8.125,-10.125,18.25,-0.6109644087256028,-0.2940579710144924,6.791666666666664,15.750000000000007,22.541666666666668,108.16666666666664,-15.541666666666686,0.41666666666666663,0.22568027210884356,1.7457482993197306,-0.5,0.010796221322537158,-1.125,0.006716417910447747,-55.5,236.375,20.375
400868956,2016,13,2016-11-26 20:30:00+00:00,USC,Notre Dame,1,0.3636363636363637,5.090909090909092,0.5454545454545361,4.545454545454554,-0.2702633230262119,0.7497155728191043,1.121212121212125,2.4545454545454515,3.5757575757575744,14.696969696969683,46.12121212121215,0.3030303030303029,0.0685714285714285,5.319523809523808,-0.18181818181818188,0.056465667479958126,0.4545454545454546,0.08324576059756117,55.636363636363626,175.27272727272725,-12.63636363636364
400869348,2016,1,2016-09-04 00:00:00+00:00,UTEP,New Mexico State,1,,,,,,,,,,,,,,,,,,,,,
400868912,2016,3,2016-09-17 23:00:00+00:00,UTEP,Army,0,-0.5,-25.0,-7.0,-18.0,-1.2003710575139142,-0.21389623265036306,0.0,-0.0,0.0,0.0,0.0,0.0,1.0,35.0,-1.0,-0.0365111561866126,-2.0,0.04638218923933213,-16.0,-138.5,-21.5
400869369,2016,4,2016-09-25 00:00:00+00:00,UTEP,Southern Miss,0,-0.3333333333333333,-43.0,-23.99999999999999,-19.0,-0.5366972477064218,-0.6266061980347697,0.0,-0.0,0.0,0.0,0.0,0.0,0.75,28.0,0.9999999999999998,-0.033222591362126186,-2.0,-0.008537206931702346,-191.99999999999994,-189.0,19.0
400869378,2016,6,2016-10-09 00:00:00+00:00,UTEP,Florida International,0,0.0,-5.0,-2.799999999999999,-2.200000000000003,0.853676403259775,0.38474835449770683,-7.866666666666667,-5.466666666666654,-13.333333333333336,-10.733333333333348,38.66666666666663,-0.3333333333333333,0.3333333333333333,10.458333333333334,-0.0,0.03170359052711991,-1.2,0.08167750206025082,-4.599999999999966,40.600000000000136,0.20000000000000284
400869396,2016,9,2016-10-30 00:00:00+00:00,UTEP,Old Dominion,0,-0.2857142857142857,-20.71428571428571,-11.714285714285712,-9.0,-0.33831923293852206,-0.2794989224137927,1.047619047619044,2.333333333333332,3.3809523809523796,19.90476190476187,32.952380952380906,-0.0476190476190476,0.29365079365079366,5.75436507936508,-0.8571428571428571,0.008663366336633727,-1.7142857142857144,0.018048505358150058,-64.5714285714285,-30.714285714285325,0.5714285714285765
400869402,2016,10,2016-11-06 00:00:00+00:00,UTEP,Houston Christian,1,0.25,29.625,17.875,11.75,2.463480963480964,2.695977853769744,10.458333333333329,-0.0833333333333357,10.375,26.91666666666669,32.625,0.0833333333333333,0.09829931972789119,1.28843537414966,-0.625,-0.045454545454545525,-1.875,0.18298368298368295,122.75,-519.875,-21.0
400869420,2016,13,2016-11-26 21:00:00+00:00,UTEP,North Texas,1,-0.18181818181818177,-5.8181818181818175,-0.2727272727272805,-5.545454545454543,0.5929120040916036,0.8709021767637033,12.606060606060613,13.545454545454533,26.151515151515152,54.15151515151513,-22.75757575757575,0.1818181818181817,-0.10510582010582004,-13.129700176366843,0.36363636363636376,0.026973026973027003,-1.0909090909090908,0.017301129599745946,13.181818181818187,131.909090909091,26.454545454545453
400869349,2016,1,2016-09-03 23:00:00+00:00,UTSA,Alabama State,1,,,,,,,,,,,,,,,,,,,,,
400869109,2016,3,2016-09-17 01:30:00+00:00,UTSA,Arizona State,0,-0.5,-20.0,-36.0,16.0,0.004712301587302292,-3.460635769459299,0.0,-0.0,0.0,0.0,0.0,0.0,-1.0,-89.0,-1.5,-0.11505376344086027,1.5,-0.08333333333333337,-212.0,-45.5,-18.0
400869381,2016,6,2016-10-08 16:00:00+00:00,UTSA,Southern Miss,1,-0.55,-23.9,-20.049999999999997,-3.8500000000000014,-1.5109123434704834,-2.1761446582614465,4.04999999999999,-1.4833333333333272,2.5666666666666647,-9.799999999999955,-51.94999999999999,-0.11666666666666661,0.23611111111111113,13.333333333333329,0.6499999999999999,-0.0398121682319314,-1.65,-0.02003577817531299,-189.20000000000005,-155.1500000000001,3.8999999999999986
400869390,2016,8,2016-10-22 23:00:00+00:00,UTSA,UTEP,0,0.33333333333333337,23.666666666666668,10.333333333333334,13.333333333333329,2.017583330448929,-0.7406480117820324,7.333333333333329,-6.999999999999993,0.33333333333333437,28.166666666666686,-44.666666666666686,0.3333333333333332,-0.1966666666666667,-8.633333333333333,0.3333333333333335,0.04112308564946121,0.6666666666666666,0.05607282544737113,36.833333333333314,-26.333333333333258,-9.5
400869395,2016,9,2016-10-29 23:00:00+00:00,UTSA,North Texas,1,-0.1428571428571429,1.0,2.1428571428571423,-1.1428571428571423,2.1122612134982752,0.15866957470010856,8.523809523809527,-8.190476190476193,0.33333333333333304,56.38095238095241,-30.23809523809527,0.1428571428571429,-0.17666666666666664,-15.106666666666666,-0.0,0.0501155802126676,-0.7142857142857142,0.04990322309181183,45.28571428571428,108.285714285714,11.57142857142857
400869415,2016,13,2016-11-27 00:00:00+00:00,UTSA,Charlotte,1,0.09090909090909088,8.545454545454545,3.454545454545457,5.090909090909086,1.4343224504800256,-0.5272108843537415,-3.4545454545454573,-13.090909090909086,-16.545454545454543,-37.454545454545496,-10.969696969696976,-0.09090909090909091,0.1092416225749559,3.091882716049383,0.18181818181818143,0.1197752808988764,1.1818181818181817,0.03799167329212716,-17.545454545454504,81.18181818181824,7.181818181818187
400869091,2016,1,2016-09-02 00:00:00+00:00,Utah,Southern Utah,1,,,,,,,,,,,,,,,,,,,,,
400868923,2016,2,2016-09-10 23:30:00+00:00,Utah,BYU,1,0.0,22.0,6.0,16.0,0.67550839964633,-0.8021851638872919,0.0,-0.0,0.0,0.0,0.0,0.0,,,-1.0,0.003921568627450911,-1.0,-0.134394341290893,21.0,73.0,25.0
400869118,2016,4,2016-09-24 01:00:00+00:00,Utah,USC,1,0.6666666666666667,22.333333333333336,5.666666666666671,16.666666666666668,2.523234942161947,0.7893103448275864,0.0,-0.0,0.0,0.0,0.0,0.0,-0.25,-26.0,-2.0,0.0761627906976744,3.666666666666666,-0.00259274032708412,95.33333333333331,276.66666666666674,-13.666666666666671
400869130,2016,6,2016-10-09 02:00:00+00:00,Utah,Arizona,1,0.4,8.399999999999999,-2.8000000000000007,11.2,0.7175901022054871,-1.7571385503251653,-0.8666666666666707,0.8000000000000007,-0.06666666666666643,-17.200000000000045,21.333333333333343,-0.0666666666666667,-0.02777777777777779,-6.7777777777777795,-1.0,0.0639269406392694,1.4,0.029047875201721363,-12.799999999999955,561.0000000000002,-1.3999999999999986
400869148,2016,9,2016-10-29 19:30:00+00:00,Utah,Washington,0,-0.125,-25.464285714285715,-18.410714285714285,-7.053571428571429,-2.3574468085106393,-1.2555872728538606,2.410714285714292,-5.613095238095234,-3.2023809523809508,-51.09523809523808,-75.62499999999997,0.125,-0.057823129251700744,0.1002267573696145,-1.0357142857142856,-0.10184873949579837,-0.8214285714285721,-0.12478435882691197,-53.571428571428555,296.71428571428555,-13.92857142857143
400869165,2016,12,2016-11-19 19:00:00+00:00,Utah,Oregon,0,0.5,14.6,-5.900000000000002,20.5,-0.8523988569709742,-0.6256493506493506,13.899999999999995,-10.5,3.4000000000000012,23.733333333333405,-65.53333333333336,-0.16666666666666669,-0.033245149911816596,-8.259347442680776,-0.30000000000000004,0.008584518929346474,1.2000000000000002,-0.09466085125582802,-60.400000000000034,489.3000000000002,16.5
400869173,2016,1,2016-09-02 00:00:00+00:00,Utah State,Weber State,1,,,,,,,,,,,,,,,,,,,,,
400869193,2016,3,2016-09-17 01:00:00+00:00,Utah State,Arkansas State,1,0.5,29.5,14.0,15.5,-1.5532467532467527,3.9649706457925635,0.0,-0.0,0.0,0.0,0.0,0.0,0.0,-40.0,-0.5,0.2857142857142857,1.5,0.09740259740259749,94.5,85.5,25.5
400869199,2016,4,2016-09-25 02:15:00+00:00,Utah State,Air Force,0,-0.33333333333333337,-20.0,-13.833333333333332,-6.166666666666668,-7.9679012345679014,0.07844129554655854,0.0,-0.0,0.0,0.0,0.0,0.0,0.0,-27.5,0.33333333333333337,-0.11647727272727271,1.1666666666666665,0.13024691358024693,-194.83333333333331,-725.3333333333333,10.333333333333343
400869228,2016,8,2016-10-23 02:30:00+00:00,Utah State,Fresno State,1,0.19047619047619052,11.333333333333334,2.7619047619047556,8.57142857142857,-0.27100290697674456,1.3697375509889929,0.23809523809524435,-5.23809523809523,-5.000000000000001,31.523809523809522,93.40476190476198,-0.19047619047619052,-0.1433333333333333,-16.703333333333333,0.7142857142857142,0.08370663153271851,0.7142857142857142,0.086046511627907,36.47619047619048,-13.571428571428896,3.0238095238095113
400869234,2016,9,2016-10-29 00:00:00+00:00,Utah State,San Diego State,0,-0.4285714285714286,-13.714285714285715,-7.0000000000000036,-6.714285714285712,-2.1433255269320846,-0.3992688340514432,2.666666666666675,-12.952380952380956,-10.285714285714285,2.5238095238095752,28.714285714285666,-0.238095238095238,0.0317460317460318,-5.11984126984127,0.1428571428571429,0.0318181818181818,-0.8571428571428577,-0.05679156908665106,-26.85714285714289,-329.1428571428578,24.999999999999986
400869243,2016,11,2016-11-13 03:15:00+00:00,Utah State,New Mexico,0,-0.3333333333333333,-11.333333333333332,-13.777777777777793,2.44444444444445,-0.7851851851851857,-1.9856008112219037,-0.5555555555555358,-18.444444444444457,-18.999999999999993,-32.88888888888886,0.0,-0.3333333333333333,0.04895833333333344,-1.104315476190476,0.33333333333333326,-0.0554221002059026,-0.5555555555555558,0.00952380952380949,-86.44444444444446,-440.8888888888889,6.333333333333343
400868968,2016,1,2016-09-02 00:00:00+00:00,Vanderbilt,South Carolina,0,,,,,,,,,,,,,,,,,,,,,
400868991,2016,2,2016-09-10 20:00:00+00:00,Vanderbilt,Middle Tennessee,1,-1.0,-58.0,-45.0,-13.0,-5.03363412633306,-2.1261904761904766,0.0,-0.0,0.0,0.0,0.0,0.0,,,2.0,-0.2333333333333334,-7.0,-0.40689089417555385,-439.0,-336.0,54.0
400869017,2016,5,2016-10-01 16:00:00+00:00,Vanderbilt,Florida,0,-0.25,-21.75,-8.5,-13.25,-1.6025473749611683,-0.9114564064619564,1.8333333333333286,-2.416666666666668,-0.583333333333333,-5.5,24.916666666666686,0.2499999999999999,0.38888888888888884,21.77777777777778,0.25,-0.17316017316017318,-3.25,-0.05045045045045038,-137.5,-116.0,39.5
400869034,2016,8,2016-10-22 23:30:00+00:00,Vanderbilt,Tennessee State,1,,,,,,,,,,,,,,,,,,,,,
400869066,2016,12,2016-11-20 01:00:00+00:00,Vanderbilt,Ole Miss,1,-0.09999999999999998,-6.0,-15.5,9.5,-2.5053555653710244,-0.0024898848428263065,6.5,0.1666666666666678,6.666666666666666,63.33333333333337,10.700000000000017,-0.23333333333333328,-0.10873015873015868,-5.368650793650794,0.6000000000000001,-0.08823529411764702,-0.7,-0.07394729093050656,-146.0,373.6999999999998,-1.6000000000000014
400869075,2016,13,2016-11-27 00:30:00+00:00,Vanderbilt,Tennessee,1,-0.2727272727272728,-8.636363636363637,-14.909090909090907,6.27272727272727,-1.9337190787898972,-0.8500507657162197,-17.090909090909083,-3.9393939393939412,-21.03030303030302,-55.121212121212125,52.636363636363654,-0.3939393939393938,-0.06428571428571428,0.5395943562610199,1.0909090909090908,-0.0689183222958058,-1.0909090909090908,-0.05621754378661903,-93.5454545454545,303.00000000000045,11.81818181818182
400869427,2016,1,2016-09-03 19:30:00+00:00,Virginia,Richmond,0,,,,,,,,,,,,,,,,,,,,,
400869288,2016,4,2016-09-24 16:30:00+00:00,Virginia,Central Michigan,1,-1.0,-36.666666666666664,-22.333333333333332,-14.333333333333329,-3.131379731379731,-0.5353218210361073,0.0,-0.0,0.0,0.0,0.0,0.0,0.0,-22.0,-0.6666666666666663,-0.12236842105263157,-0.33333333333333304,-0.039804639804639774,-112.66666666666669,-384.3333333333335,-12.333333333333329
400869465,2016,7,2016-10-15 16:30:00+00:00,Virginia,Pittsburgh,0,-0.2666666666666666,-7.833333333333333,-9.533333333333335,1.6999999999999993,-0.7155294953802418,-1.2800027812543457,1.8666666666666782,8.299999999999997,10.166666666666668,20.80000000000001,23.10000000000002,0.2666666666666666,0.13000000000000012,0.34750000000000014,-0.8,-0.032516339869280986,-1.2999999999999998,-0.0386993603411514,-18.80000000000001,-438.93333333333294,-12.566666666666663
400869470,2016,8,2016-10-22 19:00:00+00:00,Virginia,North Carolina,0,-0.380952380952381,-7.285714285714286,-3.8095238095238173,-3.476190476190478,-0.9854686477899257,-0.44888529212133843,21.809523809523817,-2.523809523809529,19.28571428571429,100.09523809523807,101.54761904761904,0.38095238095238093,-0.06000000000000005,-10.536666666666662,-0.523809523809524,-0.09095209934949738,-0.1428571428571428,-0.1358751518549668,-27.095238095238074,145.6428571428571,5.904761904761912
400869475,2016,9,2016-10-29 16:00:00+00:00,Virginia,Louisville,0,-0.5714285714285714,-36.285714285714285,-26.285714285714285,-10.0,-3.019861140332422,-3.077116733080036,14.619047619047613,-0.3333333333333357,14.285714285714286,49.33333333333343,26.952380952380906,0.23809523809523803,-0.030952380952380842,-7.388492063492061,0.7142857142857142,-0.11051373954599758,-0.4285714285714284,-0.03513570376604247,-235.0000000000001,-170.8571428571429,18.857142857142847
400869724,2016,11,2016-11-12 19:00:00+00:00,Virginia,Miami,0,-0.33333333333333337,-21.555555555555557,-9.444444444444443,-12.11111111111111,-1.963676921646993,-1.0698592641038678,-2.222222222222218,12.444444444444452,10.222222222222223,-61.55555555555554,-124.66666666666669,0.0,0.09613095238095237,4.389136904761905,-0.8888888888888888,-0.04138969020444,-0.11111111111111116,-0.06618644855469846,-50.11111111111114,53.888888888888914,11.55555555555555
400869428,2016,1,2016-09-03 16:30:00+00:00,Virginia Tech,Liberty,1,,,,,,,,,,,,,,,,,,,,,
400869437,2016,3,2016-09-17 19:30:00+00:00,Virginia Tech,Boston College,1,0.0,-7.0,10.0,-17.0,-1.8361204013377925,-0.0028949545078580385,0.0,-0.0,0.0,0.0,0.0,0.0,1.0,24.0,-2.5,0.1745036572622779,-3.0,0.06243032329988851,97.0,51.5,-25.0
400869451,2016,4,2016-09-24 16:30:00+00:00,Virginia Tech,East Carolina,1,0.0,2.666666666666666,3.0,-0.3333333333333286,-0.7939987562189055,-0.9108391608391608,0.0,-0.0,0.0,0.0,0.0,0.0,0.0,-7.0,-1.0,0.00047281323877063075,0.6666666666666667,-0.1556281094527363,-105.99999999999994,-28.0,-17.666666666666664
400869467,2016,8,2016-10-20 23:00:00+00:00,Virginia Tech,Miami,1,0.0,-5.166666666666668,-0.9999999999999929,-4.166666666666668,-0.35927687225469107,-1.8776355226000931,13.666666666666664,7.4999999999999964,21.166666666666668,68.00000000000004,0.8333333333333144,0.3333333333333333,-0.043333333333333446,-1.3533333333333335,-1.333333333333333,0.04872032069071852,-1.0,-0.004029476894035655,-1.3333333333333712,490.5,18.333333333333336
400869486,2016,11,2016-11-12 20:30:00+00:00,Virginia Tech,Georgia Tech,0,0.2222222222222222,13.666666666666666,7.666666666666664,6.0,-2.237448825684119,-1.4240899287628253,-5.333333333333329,5.3333333333333375,8.881784197001252e-16,-71.4444444444444,-15.777777777777743,0.11111111111111122,-0.0625,-6.986904761904762,-0.22222222222222232,-0.05583789848854859,1.666666666666667,0.06291747468218056,44.111111111111086,83.44444444444389,-13.222222222222221
400869501,2016,13,2016-11-26 17:00:00+00:00,Virginia Tech,Virginia,1,0.5454545454545455,19.81818181818182,9.818181818181813,10.000000000000004,2.1034568199289714,0.4073576319957173,-0.818181818181813,-6.666666666666664,-7.484848484848484,7.878787878787872,42.12121212121215,0.12121212121212119,-0.10964285714285715,-4.842023809523811,0.27272727272727293,0.05004277159965781,0.1818181818181821,0.06366622405479061,79.45454545454544,148.36363636363626,16.090909090909093
400926944,2016,14,2016-12-04 01:00:00+00:00,Virginia Tech,Clemson,0,-0.16666666666666663,-9.083333333333334,-5.0,-4.083333333333329,0.2264336761832535,-0.37758419537994836,-4.0,1.4166666666666603,-2.5833333333333286,-35.75000000000006,-18.916666666666682,0.16666666666666669,-0.11011412829594658,-3.1781319690410603,0.08333333333333348,-0.09578656637480171,-1.3333333333333335,-0.0539554137108369,-55.25,120.58333333333348,15.666666666666657
400869421,2016,1,2016-09-01 23:00:00+00:00,Wake Forest,Tulane,1,,,,,,,,,,,,,,,,,,,,,
400869445,2016,3,2016-09-17 22:30:00+00:00,Wake Forest,Delaware,1,,,,,,,,,,,,,,,,,,,,,
400869460,2016,6,2016-10-08 23:00:00+00:00,Wake Forest,Syracuse,1,0.4,12.399999999999999,-5.399999999999999,17.8,-1.4226190476190474,0.8414702376608529,6.399999999999999,-5.466666666666672,0.9333333333333336,37.866666666666674,32.0,-0.0666666666666667,0.1597222222222222,2.465277777777775,0.3999999999999999,-0.00989220038046923,0.6000000000000001,-0.08571428571428574,-145.2,126.79999999999995,8.399999999999999
400868917,2016,9,2016-10-29 19:30:00+00:00,Wake Forest,Army,0,0.04761904761904767,-15.976190476190471,-15.785714285714285,-0.1904761904761898,-2.3968253968253963,-2.07166076656001,-0.880952380952384,2.19047619047619,1.3095238095238049,-47.666666666666686,25.66666666666667,-0.04761904761904767,0.4966666666666667,29.588333333333335,0.38095238095238093,-0.08513150831991406,1.0,0.05895691609977327,-145.66666666666669,-364.5,16.666666666666657
400869482,2016,10,2016-11-05 19:00:00+00:00,Wake Forest,Virginia,1,0.375,8.875,-5.5,14.375,-0.4345902488970923,0.3453245660983244,-2.1666666666666625,7.29166666666667,5.125,35.458333333333314,48.166666666666686,-0.041666666666666685,-0.014965986394557818,2.3160997732426303,0.125,0.04636270491803279,0.375,-0.01683752796774063,-40.125,134.875,24.625
400869491,2016,12,2016-11-20 00:00:00+00:00,Wake Forest,Clemson,0,-0.30000000000000004,-21.1,-18.5,-2.6000000000000014,-1.9772588522588528,-0.5880341321476434,-8.500000000000004,-0.06666666666665932,-8.566666666666668,-97.09999999999991,-113.26666666666671,-0.033333333333333215,0.006823192239858833,4.222530864197527,0.7000000000000002,-0.1219347133757962,-0.2999999999999998,-0.10159747659747664,-182.90000000000003,140.19999999999982,24.800000000000004
400869498,2016,13,2016-11-26 20:00:00+00:00,Wake Forest,Boston College,0,0.09090909090909094,3.727272727272727,0.45454545454544615,3.2727272727272663,-0.3997800687285231,0.04886061307113865,2.2121212121212164,-3.939393939393936,-1.7272727272727249,0.7272727272726911,-24.63636363636366,-0.090909090909091,0.19598765432098775,13.739506172839507,0.2727272727272727,0.02857142857142858,-0.2727272727272725,0.033828178694158106,9.272727272727309,-156.72727272727207,22.454545454545453
400869097,2016,1,2016-09-03 18:00:00+00:00,Washington,Rutgers,1,,,,,,,,,,,,,,,,,,,,,
400869105,2016,2,2016-09-10 21:00:00+00:00,Washington,Idaho,1,0.0,32.0,28.0,4.0,4.147335423197491,-3.3277777777777775,0.0,-0.0,0.0,0.0,0.0,0.0,,,1.0,0.0681818181818182,2.0,0.32601880877742956,23.0,179.0,10.0
400869115,2016,3,2016-09-18 00:00:00+00:00,Washington,Portland State,1,1.0,71.0,18.5,52.5,-0.263440860215054,-1.1928571428571435,0.0,-0.0,0.0,0.0,0.0,0.0,1.0,38.0,5.0,0.030303030303030276,1.5,0.25806451612903225,-27.0,105.0,40.0
400869124,2016,5,2016-10-01 01:00:00+00:00,Washington,Stanford,1,0.0,18.25,20.75,-2.5,2.760187353629976,0.017033948779035413,-0.75,-0.5,-1.25,21.75,-13.083333333333371,0.0,-0.02777777777777779,-7.166666666666666,0.33333333333333326,-0.068922305764411,-0.4166666666666665,0.10772833723653397,103.25,-195.5,-15.0
400869144,2016,8,2016-10-22 22:30:00+00:00,Washington,Oregon State,1,0.6666666666666667,41.0,24.333333333333332,16.666666666666664,5.21414900888585,0.5599683782562872,2.999999999999997,1.6666666666666652,4.666666666666661,48.166666666666686,23.5,0.0,-0.023333333333333428,-0.52,1.0,0.11706349206349198,2.666666666666667,0.21674641148325358,130.5,-43.0,6.6666666666666785
400869157,2016,11,2016-11-13 00:30:00+00:00,Washington,USC,0,0.33333333333333337,22.888888888888886,16.333333333333336,6.555555555555561,2.619284706663346,0.31425339366515903,-16.333333333333336,-9.8888888888889,-26.22222222222222,-81.0,32.4444444444444,-0.3333333333333333,-0.16309523809523807,-12.695238095238095,0.7777777777777778,0.01959745762711862,1.2222222222222223,0.019293004729897922,23.0,5.8888888888891415,26.77777777777778
400869162,2016,12,2016-11-20 00:30:00+00:00,Washington,Arizona State,1,0.4,30.0,10.099999999999994,19.9,2.3136197928244338,2.025461349851594,-4.433333333333337,1.0999999999999908,-3.333333333333334,-8.233333333333348,-12.933333333333366,0.2666666666666666,0.0031305114638449094,-9.692239858906524,0.7999999999999999,0.0638274336283185,0.09999999999999964,0.06812119326012533,81.90000000000003,13.700000000000045,5.900000000000006
400926942,2016,14,2016-12-03 02:00:00+00:00,Washington,Colorado,1,0.08333333333333326,10.916666666666668,10.0,0.9166666666666679,1.7507189840257409,1.3449300930279549,-14.0,2.083333333333332,-11.916666666666668,-29.749999999999943,26.25,-0.41666666666666663,0.003817722681359048,-6.0784412304866855,0.33333333333333326,-0.010007173601147779,0.25,0.012357982858281824,15.083333333333314,-86.91666666666652,0.6666666666666643
400869098,2016,1,2016-09-04 00:00:00+00:00,Washington State,Eastern Washington,0,,,,,,,,,,,,,,,,,,,,,
400869116,2016,3,2016-09-17 18:00:00+00:00,Washington State,Idaho,1,-0.5,18.0,18.0,-0.0,1.5341463414634147,-1.4555555555555557,0.0,-0.0,0.0,0.0,0.0,0.0,0.0,0.0,1.5,0.20798319327731096,-0.5,0.2638211382113821,178.0,397.0,-52.5
400869129,2016,5,2016-10-02 01:30:00+00:00,Washington State,Oregon,1,-0.16666666666666669,5.416666666666666,0.25,5.166666666666671,-1.8375556579149395,-1.7765804597701154,3.75,1.5,5.25,-4.666666666666629,3.5833333333333144,0.1666666666666666,0.19444444444444453,-6.333333333333334,-0.25,0.05572755417956665,-2.3333333333333335,0.06986027944111783,-21.33333333333337,451.66666666666674,1.25
400869138,2016,7,2016-10-16 02:30:00+00:00,Washington State,UCLA,1,0.09999999999999998,13.26666666666667,16.96666666666667,-3.6999999999999993,-0.6327484631147549,2.0277887788778886,6.699999999999989,8.36666666666667,15.06666666666666,22.23333333333335,-63.73333333333329,0.5666666666666667,-0.07250000000000001,-9.705000000000002,0.6666666666666667,0.14765957446808514,-0.26666666666666683,0.16041239754098358,102.76666666666671,180.43333333333317,-32.033333333333346
400869151,2016,10,2016-11-05 20:00:00+00:00,Washington State,Arizona,1,0.5,21.875,15.625,6.25,0.10803150681813012,-1.0830575862511216,1.708333333333334,5.083333333333336,6.791666666666668,-23.25,-18.0,0.5,-0.010317460317460392,-0.31111111111111134,0.75,0.1043675997804438,-0.875,0.19704282104400483,73.25,407.125,-17.625
400869160,2016,11,2016-11-13 03:30:00+00:00,Washington State,California,1,0.33333333333333337,23.111111111111107,3.333333333333343,19.777777777777775,0.7100372629530289,-0.7254153569824879,9.333333333333321,10.222222222222232,19.555555555555557,27.777777777777775,92.55555555555549,0.3333333333333333,-0.20684523809523814,-10.728422619047619,0.5555555555555556,0.10039172358376852,0.05555555555555558,0.13382384354306598,-14.777777777777771,357.44444444444434,8.666666666666657
400869168,2016,13,2016-11-25 20:30:00+00:00,Washington State,Washington,0,-0.18181818181818188,-9.909090909090907,-2.2727272727272734,-7.636363636363637,-2.140567819786292,-0.9634109604912524,10.93939393939393,9.303030303030305,20.242424242424242,40.60606060606062,-44.42424242424238,0.18181818181818188,-0.019722222222222197,2.012777777777778,-0.09090909090909083,0.04407643312101911,-1.5454545454545454,0.07313992500493383,29.72727272727269,145.9090909090903,-26.18181818181818
400868976,2016,1,2016-09-03 16:00:00+00:00,West Virginia,Missouri,1,,,,,,,,,,,,,,,,,,,,,
400869626,2016,2,2016-09-10 18:00:00+00:00,West Virginia,Youngstown State,1,,,,,,,,,,,,,,,,,,,,,
400868925,2016,4,2016-09-24 19:30:00+00:00,West Virginia,BYU,1,0.6666666666666667,16.666666666666668,15.0,1.6666666666666679,3.773123486682808,1.2438297872340427,0.0,-0.0,0.0,0.0,0.0,0.0,,,-0.6666666666666667,0.11187371310912841,-1.1666666666666667,0.02953995157384992,219.33333333333331,21.666666666666742,17.0
400869606,2016,5,2016-10-01 19:30:00+00:00,West Virginia,Kansas State,1,0.33333333333333337,-14.333333333333334,-4.0,-10.333333333333329,1.8128787878787884,-0.6457795004306632,0.0,-0.0,0.0,0.0,0.0,0.0,-0.16666666666666669,9.333333333333334,-1.0,0.054485049833887134,-1.3333333333333335,0.08939393939393936,166.33333333333331,185.66666666666652,13.666666666666657
400869628,2016,8,2016-10-22 19:30:00+00:00,West Virginia,TCU,1,0.33333333333333337,3.2333333333333343,-7.36666666666666,10.600000000000001,0.5901963205333978,0.10261904761904805,6.36666666666666,-6.266666666666669,0.09999999999999742,24.466666666666526,-8.5,0.0,0.08333333333333331,19.32777777777778,0.06666666666666665,-0.0022556390977442886,-1.8666666666666665,0.032123307404206325,3.5333333333334167,129.5333333333333,22.266666666666673
400869602,2016,10,2016-11-05 23:00:00+00:00,West Virginia,Kansas,1,0.7321428571428571,30.44642857142857,11.767857142857142,18.678571428571427,2.0786777394305442,1.705404784395823,12.232142857142858,9.6547619047619,21.886904761904752,49.422619047619094,32.52976190476184,-0.06547619047619041,-0.06775510204081625,0.5614965986394562,1.8035714285714286,0.16372549019607852,-0.7678571428571432,0.03979723899913723,156.91071428571428,104.10714285714289,-8.375
400869617,2016,12,2016-11-20 01:00:00+00:00,West Virginia,Oklahoma,0,0.0888888888888888,-1.7333333333333343,-11.977777777777781,10.24444444444444,-2.1416938110749193,-0.34137228260869534,-2.3555555555555507,-19.24444444444444,-21.599999999999998,7.844444444444491,1.6555555555555657,-0.4222222222222221,-0.07335600907029483,-5.008541194255479,-0.2777777777777777,-0.04615384615384621,-0.31111111111111134,-0.07259190321079578,-60.844444444444434,-79.65555555555557,-9.36666666666666
400868886,2016,14,2016-12-03 20:30:00+00:00,West Virginia,Baylor,1,0.2727272727272728,4.545454545454547,-2.818181818181813,7.36363636363636,1.2622232266989926,0.25867818057455505,9.81818181818181,7.969696969696972,17.787878787878782,39.27272727272725,-47.90909090909088,0.3939393939393938,0.05180535513868845,5.068995510662178,0.1818181818181821,0.03483592749814696,-0.7272727272727277,0.07172649010704524,-16.272727272727252,101.72727272727275,17.272727272727273
400869347,2016,1,2016-09-02 00:00:00+00:00,Western Kentucky,Rice,1,,,,,,,,,,,,,,,,,,,,,
400869009,2016,4,2016-09-24 20:30:00+00:00,Western Kentucky,Vanderbilt,0,0.3333333333333333,7.333333333333333,7.666666666666671,-0.3333333333333286,5.3761726078799255,-1.2027704096669618,0.0,-0.0,0.0,0.0,0.0,0.0,-0.5,-18.5,-1.0,-0.010526315789473661,2.3333333333333335,0.09099437148217637,143.66666666666669,-279.66666666666674,-32.666666666666664
400869376,2016,5,2016-10-01 23:00:00+00:00,Western Kentucky,Houston Christian,1,,,,,,,,,,,,,,,,,,,,,
400869388,2016,8,2016-10-22 23:00:00+00:00,Western Kentucky,Old Dominion,1,-0.09523809523809523,-0.6428571428571432,3.5714285714285694,-4.214285714285715,2.0502904123036636,-0.7388105456774978,4.761904761904752,-12.119047619047617,-7.357142857142857,-29.119047619047645,-13.59523809523813,-0.2380952380952381,0.25,13.456666666666667,-0.9047619047619048,-0.021256684491978595,-0.8809523809523809,0.10518242801047117,40.78571428571428,-185.3571428571429,-11.690476190476204
400869398,2016,10,2016-11-05 21:30:00+00:00,Western Kentucky,Florida International,1,0.3333333333333333,27.11111111111111,18.444444444444446,8.666666666666668,3.3939049485546304,0.7831078131820162,4.555555555555543,5.333333333333339,9.888888888888884,55.44444444444444,-40.77777777777783,0.3333333333333333,0.052253401360544294,8.931207482993198,0.4444444444444444,0.06934354774798573,0.33333333333333326,0.10295933365997056,123.55555555555554,-225.33333333333348,-18.333333333333336
400869408,2016,11,2016-11-12 20:30:00+00:00,Western Kentucky,North Texas,1,0.25555555555555554,20.58888888888889,16.63333333333333,3.9555555555555593,3.870766606652137,1.0575359066852243,11.36666666666668,11.377777777777768,22.744444444444447,98.83333333333337,19.51111111111115,0.4111111111111111,-0.09693877551020408,-3.792658730158731,0.05555555555555558,0.08415503875968994,-0.33333333333333304,0.07746612337723868,159.83333333333331,-30.58888888888896,7.077777777777769
400926948,2016,14,2016-12-03 17:00:00+00:00,Western Kentucky,Louisiana Tech,1,0.08333333333333337,8.166666666666663,0.0,8.16666666666666,0.29042983703379655,-0.2901524195563452,7.333333333333336,13.16666666666667,20.500000000000004,113.66666666666673,36.166666666666686,0.25,0.05162140889413619,6.319216843762298,-0.0,-0.04123175987952432,-1.5,-0.024258995953188256,-11.000000000000057,-9.416666666666742,-17.58333333333333
400869275,2016,2,2016-09-10 23:00:00+00:00,Western Michigan,North Carolina Central,1,1.0,44.0,16.0,28.0,3.0955555555555554,2.814655172413793,0.0,-0.0,0.0,0.0,0.0,0.0,,,2.0,0.3492647058823529,2.0,0.4422222222222222,304.0,856.0,50.0
400869290,2016,4,2016-09-24 23:00:00+00:00,Western Michigan,Georgia Southern,1,0.0,1.0,8.333333333333336,-7.333333333333332,-0.7043650793650791,-0.08809574178730095,0.0,-0.0,0.0,0.0,0.0,0.0,-0.5,-9.75,1.3333333333333333,-0.047619047619047616,0.0,0.12301587301587302,1.6666666666666856,-44.33333333333303,34.99999999999999
400869303,2016,6,2016-10-08 22:30:00+00:00,Western Michigan,Northern Illinois,1,0.8,36.0,18.199999999999996,17.799999999999997,2.1631461675579313,-0.29916399239621505,-1.5333333333333243,-3.4666666666666686,-5.0,-90.66666666666669,-19.53333333333336,-0.1333333333333333,-0.35416666666666663,-18.79166666666666,1.4,0.1924708377518558,2.0,0.0820409982174688,-11.0,356.0,32.0
400869314,2016,8,2016-10-22 19:30:00+00:00,Western Michigan,Eastern Michigan,1,0.2857142857142857,23.42857142857143,12.714285714285712,10.714285714285712,1.2626437462951996,1.2096214304427564,7.285714285714288,2.619047619047622,9.904761904761905,52.09523809523819,-10.761904761904816,0.0476190476190476,0.04722222222222239,6.644444444444445,1.714285714285714,0.10882352941176471,1.1428571428571432,0.07058684054534681,66.5714285714285,193.0,17.000000000000014
400869334,2016,12,2016-11-19 20:30:00+00:00,Western Michigan,Buffalo,1,0.8,39.3,26.5,12.799999999999997,3.814503632795014,0.7812104038519134,-6.833333333333343,-7.133333333333329,-13.966666666666665,-71.26666666666665,17.700000000000045,-0.1333333333333333,0.01441798941798944,0.5456349206349206,1.2000000000000002,0.19843453510436437,0.30000000000000004,0.16941565373093204,139.59999999999997,362.79999999999995,3.0
400869340,2016,13,2016-11-25 22:00:00+00:00,Western Michigan,Toledo,1,0.18181818181818177,9.454545454545453,4.63636363636364,4.81818181818182,-0.14325837573635347,0.49544815814202003,-0.9696969696969617,1.5151515151515138,0.5454545454545467,42.54545454545462,59.45454545454544,-0.1818181818181817,0.051944444444444404,1.5199603174603178,0.5454545454545455,0.029946613279946632,0.27272727272727293,0.013833415403694982,-27.545454545454618,118.90909090909076,17.45454545454546
400868974,2016,1,2016-09-03 19:30:00+00:00,Wisconsin,LSU,1,,,,,,,,,,,,,,,,,,,,,
400869268,2016,2,2016-09-10 19:30:00+00:00,Wisconsin,Akron,1,0.0,-21.0,-31.0,10.0,-4.571307300509337,-2.016420361247947,0.0,-0.0,0.0,0.0,0.0,0.0,,,-1.0,-0.3,0.0,-0.044991511035653686,-237.0,789.0,56.0
400869657,2016,3,2016-09-17 16:00:00+00:00,Wisconsin,Georgia State,1,1.0,45.0,17.5,27.5,3.5391147709727226,1.7457044673539523,0.0,-0.0,0.0,0.0,0.0,0.0,0.0,7.0,-0.5,0.025925925925925908,2.5,0.1649511065362841,242.0,1169.5,-9.0
400869644,2016,7,2016-10-16 00:00:00+00:00,Wisconsin,Ohio State,0,-0.19999999999999996,-28.599999999999998,-27.200000000000003,-1.3999999999999986,-0.609738296319466,-2.61193920527376,0.20000000000000284,2.7333333333333307,2.933333333333331,-28.93333333333328,12.733333333333348,-0.1333333333333334,0.0625,-2.1875,-1.0,-0.10554234497896464,0.7999999999999998,-0.054999478677927205,-177.40000000000003,-91.79999999999973,32.6
400869683,2016,9,2016-10-29 23:00:00+00:00,Wisconsin,Nebraska,1,-0.2857142857142857,-6.428571428571427,-9.857142857142861,3.428571428571429,-0.9843749999999991,-0.7204045814691948,-2.8095238095238013,-3.7619047619047645,-6.571428571428573,12.09523809523808,-13.666666666666629,-0.380952380952381,0.15793650793650793,13.321825396825396,-0.4285714285714284,-0.06756498470948014,0.28571428571428603,0.04166666666666663,-65.42857142857139,10.0,30.857142857142854
400869693,2016,11,2016-11-12 20:30:00+00:00,Wisconsin,Illinois,1,0.4444444444444445,15.88888888888889,0.22222222222221788,15.666666666666663,1.0649153469978643,-1.1894178779580082,1.4444444444444429,9.333333333333337,10.777777777777779,80.11111111111114,14.0,0.2222222222222222,0.17708333333333337,9.523958333333336,-0.4444444444444444,0.10777608915906789,0.0,0.050968345603163656,43.88888888888886,488.33333333333326,31.222222222222232
400869703,2016,13,2016-11-26 20:30:00+00:00,Wisconsin,Minnesota,1,0.09090909090909094,5.545454545454545,-3.2727272727272663,8.81818181818182,0.5442595851330454,-0.1891822977258606,12.606060606060607,3.515151515151509,16.121212121212118,35.0,-63.66666666666663,0.24242424242424232,0.15244268077601397,10.75052028218695,-0.2727272727272727,0.03425536465388179,-0.6363636363636358,0.03058177358289338,12.0,224.18181818181824,27.90909090909091
400869178,2016,1,2016-09-04 02:30:00+00:00,Wyoming,Northern Illinois,1,,,,,,,,,,,,,,,,,,,,,
400869194,2016,3,2016-09-17 20:00:00+00:00,Wyoming,UC Davis,1,0.5,10.5,0.5,10.0,0.6679455877223583,1.6018808777429476,0.0,-0.0,0.0,0.0,0.0,0.0,,,-2.0,-0.09033613445378152,-1.5,-0.0006975933031043713,12.0,-361.0,-26.0
400869213,2016,6,2016-10-08 19:30:00+00:00,Wyoming,Air Force,1,-0.4,-15.35,-2.200000000000003,-13.149999999999999,-4.909552845528454,-0.38121779366915476,3.5333333333333314,7.149999999999999,10.683333333333337,44.18333333333334,6.633333333333356,0.0666666666666666,-0.01388888888888884,-0.034722222222222765,-1.25,-0.18052594171997166,-1.75,0.12703252032520324,-66.85000000000002,-267.54999999999995,9.899999999999999
400869232,2016,9,2016-10-29 23:00:00+00:00,Wyoming,Boise State,1,-0.2857142857142857,-9.714285714285715,0.1428571428571459,-9.857142857142858,-1.6854625550660813,0.4810137149672036,3.19047619047619,7.857142857142858,11.047619047619046,18.142857142857167,-60.714285714285694,0.2857142857142857,0.1706349206349207,1.9325396825396832,-0.0,-0.1120009562514942,-2.0000000000000004,-0.042077159257776,-63.14285714285717,230.42857142857156,-2.142857142857146
400869239,2016,10,2016-11-06 02:15:00+00:00,Wyoming,Utah State,1,0.375,6.25,10.0,-3.75,2.086205593348451,0.11261346984604259,0.6666666666666643,4.75,5.416666666666666,42.08333333333337,12.041666666666629,0.29166666666666663,0.17074829931972785,11.13265306122449,-0.5,0.011642857142857121,0.375,0.016364323507180645,53.25,283.0,5.375
400869250,2016,12,2016-11-19 20:30:00+00:00,Wyoming,San Diego State,1,-0.20000000000000007,-16.400000000000002,2.1000000000000014,-18.500000000000004,0.9419825819672134,-1.2872016063062395,0.23333333333333073,-13.499999999999988,-13.266666666666667,17.399999999999977,123.40000000000002,-0.1333333333333332,0.1938712522045855,7.67826278659612,-0.7999999999999999,0.0048406139315229635,-0.20000000000000018,-0.05108008879781423,7.600000000000023,-95.79999999999995,20.599999999999994
400926949,2016,14,2016-12-04 00:45:00+00:00,Wyoming,San Diego State,0,-0.08333333333333337,-12.583333333333334,2.166666666666657,-14.75,0.8325778055035684,-1.309557109557109,6.166666666666686,-0.25,5.916666666666666,-8.83333333333331,29.50000000000003,0.08333333333333337,0.18506821461366918,7.781388560934015,-0.5833333333333333,0.02731668009669619,0.0,-0.038732931309350516,20.5,15.833333333333258,20.416666666666664
