gameId,season,startDate,team,homeAway,incoming_transfer_count,incoming_rated_player_count,incoming_rating_sum,incoming_rating_mean,incoming_star_rated_player_count,incoming_2_star_count,incoming_3_star_count,incoming_4_star_count,incoming_5_star_count,outgoing_transfer_count,outgoing_rated_player_count,outgoing_rating_sum,outgoing_rating_mean,outgoing_star_rated_player_count,outgoing_2_star_count,outgoing_3_star_count,outgoing_4_star_count,outgoing_5_star_count
401426532,2022,2022-08-27 16:00:00+00:00,Austin Peay,away,1,0,0.0,,1,0,1,0,0,2,1,0.86,0.86,2,1,1,0,0
401426532,2022,2022-08-27 16:00:00+00:00,Western Kentucky,home,14,9,7.43,0.8255555555555555,12,1,11,0,0,19,9,7.5600000000000005,0.8400000000000001,17,5,10,2,0
401405059,2022,2022-08-27 16:30:00+00:00,Nebraska,away,15,14,12.08,0.8628571428571429,15,2,10,3,0,20,10,8.62,0.8619999999999999,17,1,13,3,0
401405059,2022,2022-08-27 16:30:00+00:00,Northwestern,home,6,5,4.1,0.82,5,0,5,0,0,9,9,7.46,0.8288888888888889,9,1,7,1,0
401413256,2022,2022-08-27 19:30:00+00:00,Idaho State,away,1,0,0.0,,1,0,1,0,0,1,0,0.0,,0,0,0,0,0
401413256,2022,2022-08-27 19:30:00+00:00,UNLV,home,8,4,3.34,0.835,7,0,7,0,0,18,5,4.04,0.808,18,5,13,0,0
401405058,2022,2022-08-27 20:00:00+00:00,Illinois,home,8,3,2.51,0.8366666666666666,5,0,5,0,0,23,7,5.84,0.8342857142857143,19,1,17,1,0
401404146,2022,2022-08-27 20:00:00+00:00,UConn,away,9,3,2.4699999999999998,0.8233333333333333,9,1,7,1,0,20,8,6.65,0.83125,19,6,13,0,0
401404146,2022,2022-08-27 20:00:00+00:00,Utah State,home,8,6,5.09,0.8483333333333333,8,0,7,1,0,18,5,4.07,0.8140000000000001,16,10,6,0,0
401405058,2022,2022-08-27 20:00:00+00:00,Wyoming,away,3,2,1.6099999999999999,0.8049999999999999,3,1,2,0,0,13,8,6.98,0.8725,13,3,8,2,0
401411090,2022,2022-08-27 21:00:00+00:00,Duquesne,away,1,1,0.79,0.79,1,1,0,0,0,1,0,0.0,,1,0,1,0,0
401411090,2022,2022-08-27 21:00:00+00:00,Florida State,home,13,12,10.46,0.8716666666666667,12,0,10,2,0,28,11,9.16,0.8327272727272728,25,0,20,4,1
401426530,2022,2022-08-27 23:00:00+00:00,Charlotte,away,3,2,1.67,0.835,3,0,3,0,0,9,1,0.86,0.86,7,3,4,0,0
401426530,2022,2022-08-27 23:00:00+00:00,Florida Atlantic,home,12,6,5.01,0.835,12,0,11,1,0,12,3,2.42,0.8066666666666666,11,2,9,0,0
401411091,2022,2022-08-28 00:15:00+00:00,Florida A&M,away,8,4,3.22,0.805,7,1,6,0,0,2,0,0.0,,1,0,1,0,0
401411091,2022,2022-08-28 00:15:00+00:00,North Carolina,home,5,5,4.37,0.874,5,0,5,0,0,16,11,9.33,0.8481818181818181,14,0,12,2,0
401426531,2022,2022-08-28 01:00:00+00:00,North Texas,away,10,7,5.82,0.8314285714285715,9,0,9,0,0,22,6,5.15,0.8583333333333334,21,1,20,0,0
401426531,2022,2022-08-28 01:00:00+00:00,UTEP,home,1,1,0.79,0.79,1,1,0,0,0,9,2,1.75,0.875,8,4,3,1,0
401409235,2022,2022-08-28 02:00:00+00:00,Nevada,away,16,1,0.89,0.89,11,3,6,2,0,19,9,7.63,0.8477777777777777,16,2,14,0,0
401409235,2022,2022-08-28 02:00:00+00:00,New Mexico State,home,9,7,6.04,0.8628571428571429,8,0,8,0,0,16,7,5.91,0.8442857142857143,16,4,12,0,0
401403853,2022,2022-08-28 02:30:00+00:00,Hawai'i,home,13,4,3.3200000000000003,0.8300000000000001,12,0,10,2,0,22,12,10.21,0.8508333333333334,19,4,13,2,0
401403853,2022,2022-08-28 02:30:00+00:00,Vanderbilt,away,6,5,4.26,0.852,5,0,5,0,0,20,11,9.32,0.8472727272727273,20,1,17,2,0
401416568,2022,2022-09-01 22:00:00+00:00,Akron,home,15,8,6.61,0.82625,15,1,12,2,0,10,5,4.27,0.8539999999999999,9,2,7,0,0
401416568,2022,2022-09-01 22:00:00+00:00,Saint Francis,away,0,0,0.0,,0,0,0,0,0,0,0,0.0,,0,0,0,0,0
401403864,2022,2022-09-01 23:00:00+00:00,Ball State,away,5,2,1.67,0.835,4,1,3,0,0,10,0,0.0,,9,2,7,0,0
401426533,2022,2022-09-01 23:00:00+00:00,Bryant,away,0,0,0.0,,0,0,0,0,0,0,0,0.0,,0,0,0,0,0
401416569,2022,2022-09-01 23:00:00+00:00,Central Michigan,away,2,2,1.62,0.81,2,1,1,0,0,17,8,6.76,0.845,17,4,11,2,0
401426533,2022,2022-09-01 23:00:00+00:00,Florida International,home,11,6,4.92,0.82,11,1,10,0,0,17,10,8.22,0.8220000000000001,15,4,10,1,0
401441990,2022,2022-09-01 23:00:00+00:00,Long Island University,away,0,0,0.0,,0,0,0,0,0,0,0,0.0,,0,0,0,0,0
401416569,2022,2022-09-01 23:00:00+00:00,Oklahoma State,home,5,3,2.56,0.8533333333333334,5,0,5,0,0,16,10,8.82,0.882,16,0,14,2,0
401411092,2022,2022-09-01 23:00:00+00:00,Pittsburgh,home,7,5,4.36,0.8720000000000001,7,0,6,1,0,17,8,6.82,0.8525,17,1,13,2,1
401415610,2022,2022-09-01 23:00:00+00:00,South Carolina State,away,0,0,0.0,,0,0,0,0,0,0,0,0.0,,0,0,0,0,0
401403864,2022,2022-09-01 23:00:00+00:00,Tennessee,home,8,5,4.35,0.8699999999999999,8,0,7,1,0,22,7,5.97,0.8528571428571429,19,2,10,7,0
401441990,2022,2022-09-01 23:00:00+00:00,Toledo,home,7,3,2.49,0.8300000000000001,7,1,6,0,0,17,8,6.57,0.82125,17,4,13,0,0
401415610,2022,2022-09-01 23:00:00+00:00,UCF,home,14,9,7.99,0.8877777777777778,13,0,8,5,0,24,15,12.700000000000001,0.8466666666666668,24,1,21,2,0
401411092,2022,2022-09-01 23:00:00+00:00,West Virginia,away,11,6,5.18,0.8633333333333333,8,0,8,0,0,25,17,14.56,0.8564705882352941,24,0,22,2,0
401411093,2022,2022-09-01 23:30:00+00:00,VMI,away,0,0,0.0,,0,0,0,0,0,2,1,0.81,0.81,1,0,1,0,0
401411093,2022,2022-09-01 23:30:00+00:00,Wake Forest,home,4,2,1.7,0.85,4,2,2,0,0,10,3,2.55,0.85,10,0,10,0,0
401426534,2022,2022-09-02 00:00:00+00:00,Alabama A&M,away,11,3,2.42,0.8066666666666666,10,0,8,2,0,1,0,0.0,,0,0,0,0,0
401416592,2022,2022-09-02 00:00:00+00:00,Eastern Illinois,away,2,2,1.65,0.825,2,0,2,0,0,1,0,0.0,,0,0,0,0,0
401426537,2022,2022-09-02 00:00:00+00:00,Louisiana Tech,away,9,3,2.44,0.8133333333333334,9,0,8,1,0,11,3,2.51,0.8366666666666666,9,3,6,0,0
401426537,2022,2022-09-02 00:00:00+00:00,Missouri,home,13,12,10.3,0.8583333333333334,13,1,11,1,0,17,11,9.36,0.8509090909090908,17,0,15,2,0
401416592,2022,2022-09-02 00:00:00+00:00,Northern Illinois,home,3,1,0.8,0.8,3,1,2,0,0,5,2,1.7000000000000002,0.8500000000000001,4,1,3,0,0
401405064,2022,2022-09-02 00:00:00+00:00,Penn State,away,3,2,1.78,0.89,3,0,2,1,0,14,6,5.08,0.8466666666666667,14,2,8,4,0
401405064,2022,2022-09-02 00:00:00+00:00,Purdue,home,10,6,5.07,0.8450000000000001,10,3,5,2,0,16,8,6.71,0.83875,16,1,13,2,0
401426534,2022,2022-09-02 00:00:00+00:00,UAB,home,2,2,1.72,0.86,2,0,2,0,0,10,4,3.44,0.86,8,0,8,0,0
401405060,2022,2022-09-02 01:00:00+00:00,Minnesota,home,8,6,5.15,0.8583333333333334,6,0,6,0,0,23,13,10.86,0.8353846153846154,22,2,19,1,0
401405060,2022,2022-09-02 01:00:00+00:00,New Mexico State,away,9,7,6.04,0.8628571428571429,8,0,8,0,0,16,7,5.91,0.8442857142857143,16,4,12,0,0
401403965,2022,2022-09-02 02:00:00+00:00,Arizona State,home,13,13,11.24,0.8646153846153847,13,0,12,1,0,21,14,12.15,0.8678571428571429,19,2,13,4,0
401403965,2022,2022-09-02 02:00:00+00:00,Northern Arizona,away,2,1,0.83,0.83,2,0,2,0,0,0,0,0.0,,0,0,0,0,0
401413224,2022,2022-09-02 02:30:00+00:00,Cal Poly,away,0,0,0.0,,0,0,0,0,0,2,1,0.86,0.86,2,0,2,0,0
401413224,2022,2022-09-02 02:30:00+00:00,Fresno State,home,12,7,6.04,0.8628571428571429,11,0,10,1,0,16,5,4.08,0.8160000000000001,14,3,11,0,0
401415213,2022,2022-09-02 02:30:00+00:00,Portland State,away,4,1,0.87,0.87,3,0,3,0,0,0,0,0.0,,0,0,0,0,0
401415213,2022,2022-09-02 02:30:00+00:00,San José State,home,8,4,3.38,0.845,7,0,7,0,0,12,1,0.81,0.81,11,5,6,0,0
401426535,2022,2022-09-02 23:00:00+00:00,Charlotte,home,3,2,1.67,0.835,3,0,3,0,0,9,1,0.86,0.86,7,3,4,0,0
401416590,2022,2022-09-02 23:00:00+00:00,Eastern Kentucky,away,4,2,1.66,0.83,4,0,4,0,0,1,0,0.0,,1,1,0,0,0
401416590,2022,2022-09-02 23:00:00+00:00,Eastern Michigan,home,5,4,3.25,0.8125,5,2,3,0,0,15,4,3.28,0.82,12,4,8,0,0
401416591,2022,2022-09-02 23:00:00+00:00,Michigan State,home,9,7,6.23,0.89,9,1,6,2,0,23,12,10.04,0.8366666666666666,22,0,20,2,0
401426330,2022,2022-09-02 23:00:00+00:00,Old Dominion,home,3,1,0.8,0.8,3,0,3,0,0,10,5,3.95,0.79,9,5,4,0,0
401426330,2022,2022-09-02 23:00:00+00:00,Virginia Tech,away,5,4,3.45,0.8625,5,0,4,1,0,17,5,4.23,0.8460000000000001,15,1,14,0,0
401416591,2022,2022-09-02 23:00:00+00:00,Western Michigan,away,5,0,0.0,,5,1,4,0,0,8,2,1.62,0.81,8,3,5,0,0
401426535,2022,2022-09-02 23:00:00+00:00,William & Mary,away,0,0,0.0,,0,0,0,0,0,0,0,0.0,,0,0,0,0,0
401411094,2022,2022-09-02 23:30:00+00:00,Duke,home,8,3,2.55,0.85,7,2,5,0,0,13,6,5.15,0.8583333333333334,13,0,13,0,0
401411094,2022,2022-09-02 23:30:00+00:00,Temple,away,12,9,7.5,0.8333333333333334,10,2,8,0,0,18,5,4.17,0.834,16,4,11,1,0
401405061,2022,2022-09-03 00:00:00+00:00,Illinois,away,8,3,2.51,0.8366666666666666,5,0,5,0,0,23,7,5.84,0.8342857142857143,19,1,17,1,0
401405061,2022,2022-09-03 00:00:00+00:00,Indiana,home,13,10,8.49,0.849,12,0,10,2,0,34,16,13.13,0.820625,28,5,21,2,0
401404052,2022,2022-09-03 00:00:00+00:00,Kansas,home,15,12,10.3,0.8583333333333334,13,0,13,0,0,23,4,3.3,0.825,19,0,18,1,0
401404052,2022,2022-09-03 00:00:00+00:00,Tennessee Tech,away,1,1,0.85,0.85,1,0,1,0,0,0,0,0.0,,0,0,0,0,0
401403966,2022,2022-09-03 02:00:00+00:00,Colorado,home,6,4,3.36,0.84,5,0,5,0,0,24,15,12.55,0.8366666666666667,23,2,19,2,0
401403966,2022,2022-09-03 02:00:00+00:00,TCU,away,14,14,12.15,0.8678571428571429,14,0,12,2,0,17,12,10.39,0.8658333333333333,17,0,15,2,0
401411095,2022,2022-09-03 16:00:00+00:00,App State,home,9,3,2.48,0.8266666666666667,6,0,6,0,0,10,2,1.68,0.84,7,0,7,0,0
401405069,2022,2022-09-03 16:00:00+00:00,Boston College,home,4,2,1.7,0.85,3,0,3,0,0,13,4,3.27,0.8175,11,0,11,0,0
401405066,2022,2022-09-03 16:00:00+00:00,Buffalo,away,21,11,9.23,0.8390909090909091,18,2,16,0,0,27,15,12.370000000000001,0.8246666666666668,26,9,17,0,0
401404147,2022,2022-09-03 16:00:00+00:00,Central Connecticut,away,0,0,0.0,,0,0,0,0,0,0,0,0.0,,0,0,0,0,0
401405067,2022,2022-09-03 16:00:00+00:00,Colorado State,away,11,6,5.01,0.835,10,0,10,0,0,22,5,4.09,0.818,18,5,13,0,0
401415611,2022,2022-09-03 16:00:00+00:00,Delaware,away,0,0,0.0,,0,0,0,0,0,2,1,0.87,0.87,1,0,1,0,0
401411096,2022,2022-09-03 16:00:00+00:00,East Carolina,home,14,8,6.529999999999999,0.8162499999999999,12,2,9,1,0,28,4,3.18,0.795,24,2,21,1,0
401405062,2022,2022-09-03 16:00:00+00:00,Iowa,home,1,1,0.87,0.87,1,0,1,0,0,7,4,3.2800000000000002,0.8200000000000001,6,2,4,0,0
401405066,2022,2022-09-03 16:00:00+00:00,Maryland,home,6,2,1.72,0.86,5,0,3,2,0,27,11,9.23,0.8390909090909091,25,1,23,1,0
401405067,2022,2022-09-03 16:00:00+00:00,Michigan,home,3,3,2.7,0.9,3,0,2,1,0,12,6,5.11,0.8516666666666667,10,0,8,2,0
401411096,2022,2022-09-03 16:00:00+00:00,NC State,away,2,2,1.73,0.865,2,0,2,0,0,8,3,2.58,0.86,8,1,7,0,0
401415611,2022,2022-09-03 16:00:00+00:00,Navy,home,0,0,0.0,,0,0,0,0,0,4,3,2.42,0.8066666666666666,4,3,1,0,0
401411095,2022,2022-09-03 16:00:00+00:00,North Carolina,away,5,5,4.37,0.874,5,0,5,0,0,16,11,9.33,0.8481818181818181,14,0,12,2,0
401405069,2022,2022-09-03 16:00:00+00:00,Rutgers,away,7,7,6.09,0.87,7,0,5,2,0,21,10,8.28,0.828,20,1,19,0,0
401403865,2022,2022-09-03 16:00:00+00:00,Sam Houston,away,14,6,4.9,0.8166666666666668,12,3,8,1,0,4,2,1.77,0.885,3,0,2,1,0
401405062,2022,2022-09-03 16:00:00+00:00,South Dakota State,away,1,1,0.85,0.85,1,0,1,0,0,2,0,0.0,,1,0,1,0,0
401403865,2022,2022-09-03 16:00:00+00:00,Texas A&M,home,2,1,0.92,0.92,2,0,1,1,0,13,8,6.88,0.86,10,0,8,1,1
401404147,2022,2022-09-03 16:00:00+00:00,UConn,home,9,3,2.4699999999999998,0.8233333333333333,9,1,7,1,0,20,8,6.65,0.83125,19,6,13,0,0
401411100,2022,2022-09-03 16:30:00+00:00,Richmond,away,0,0,0.0,,0,0,0,0,0,1,1,0.88,0.88,1,0,1,0,0
401411100,2022,2022-09-03 16:30:00+00:00,Virginia,home,10,6,5.23,0.8716666666666667,10,0,8,2,0,23,16,13.629999999999999,0.8518749999999999,23,2,20,1,0
401415209,2022,2022-09-03 17:00:00+00:00,Air Force,home,0,0,0.0,,0,0,0,0,0,9,2,1.52,0.76,6,3,3,0,0
401415209,2022,2022-09-03 17:00:00+00:00,Northern Iowa,away,5,2,1.63,0.815,5,0,5,0,0,1,1,0.89,0.89,1,0,1,0,0
401404057,2022,2022-09-03 18:00:00+00:00,Iowa State,home,4,2,1.69,0.845,4,0,4,0,0,21,7,5.95,0.85,19,2,17,0,0
401404057,2022,2022-09-03 18:00:00+00:00,Southeast Missouri State,away,0,0,0.0,,0,0,0,0,0,0,0,0.0,,0,0,0,0,0
401403971,2022,2022-09-03 18:30:00+00:00,Bowling Green,away,6,2,1.61,0.805,4,0,4,0,0,13,6,4.75,0.7916666666666666,13,7,6,0,0
401403971,2022,2022-09-03 18:30:00+00:00,UCLA,home,13,12,10.61,0.8841666666666667,13,0,12,1,0,21,12,10.34,0.8616666666666667,21,0,20,1,0
401403967,2022,2022-09-03 19:30:00+00:00,Arizona,away,8,7,6.08,0.8685714285714285,8,0,7,1,0,27,7,5.74,0.8200000000000001,25,2,22,1,0
401403855,2022,2022-09-03 19:30:00+00:00,Arkansas,home,9,8,7.140000000000001,0.8925000000000001,9,0,4,5,0,22,8,6.8,0.85,21,3,12,6,0
401411097,2022,2022-09-03 19:30:00+00:00,Bethune-Cookman,away,1,0,0.0,,1,0,1,0,0,0,0,0.0,,0,0,0,0,0
401403855,2022,2022-09-03 19:30:00+00:00,Cincinnati,away,7,5,4.36,0.8720000000000001,6,0,4,2,0,10,3,2.44,0.8133333333333334,9,1,8,0,0
401403858,2022,2022-09-03 19:30:00+00:00,Georgia,home,1,0,0.0,,1,1,0,0,0,14,10,8.95,0.8949999999999999,13,0,8,4,1
401426542,2022,2022-09-03 19:30:00+00:00,Houston,away,11,6,5.13,0.855,10,1,5,4,0,23,8,6.44,0.805,20,4,16,0,0
401415015,2022,2022-09-03 19:30:00+00:00,Marshall,home,13,6,5.01,0.835,12,1,9,1,1,14,4,3.2800000000000002,0.8200000000000001,14,3,11,0,0
401411097,2022,2022-09-03 19:30:00+00:00,Miami,home,11,11,9.68,0.88,11,0,10,1,0,18,12,10.19,0.8491666666666666,16,0,14,2,0
401405063,2022,2022-09-03 19:30:00+00:00,Nebraska,home,15,14,12.08,0.8628571428571429,15,2,10,3,0,20,10,8.62,0.8619999999999999,17,1,13,3,0
401415015,2022,2022-09-03 19:30:00+00:00,Norfolk State,away,3,1,0.82,0.82,2,0,1,1,0,1,1,0.84,0.84,1,0,1,0,0
401405063,2022,2022-09-03 19:30:00+00:00,North Dakota,away,0,0,0.0,,0,0,0,0,0,0,0,0.0,,0,0,0,0,0
401426541,2022,2022-09-03 19:30:00+00:00,Oklahoma,home,16,15,13.2,0.88,15,0,10,5,0,18,13,11.66,0.8969230769230769,16,0,6,9,1
401403858,2022,2022-09-03 19:30:00+00:00,Oregon,away,12,9,7.86,0.8733333333333334,11,0,7,4,0,19,13,11.52,0.8861538461538461,16,2,10,4,0
401403967,2022,2022-09-03 19:30:00+00:00,San Diego State,home,6,2,1.71,0.855,6,0,6,0,0,9,4,3.27,0.8175,9,2,7,0,0
401415211,2022,2022-09-03 19:30:00+00:00,Tulsa,away,7,3,2.54,0.8466666666666667,7,0,6,1,0,6,3,2.62,0.8733333333333334,6,1,4,1,0
401426541,2022,2022-09-03 19:30:00+00:00,UTEP,away,1,1,0.79,0.79,1,1,0,0,0,9,2,1.75,0.875,8,4,3,1,0
401426542,2022,2022-09-03 19:30:00+00:00,UTSA,home,9,5,4.19,0.8380000000000001,9,0,9,0,0,9,2,1.62,0.81,8,0,8,0,0
401415211,2022,2022-09-03 19:30:00+00:00,Wyoming,home,3,2,1.6099999999999999,0.8049999999999999,3,1,2,0,0,13,8,6.98,0.8725,13,3,8,2,0
401415612,2022,2022-09-03 20:00:00+00:00,BYU,away,4,4,3.53,0.8825,4,0,3,1,0,10,2,1.58,0.79,9,2,7,0,0
401403968,2022,2022-09-03 20:00:00+00:00,California,home,6,4,3.52,0.88,5,0,3,2,0,11,5,4.36,0.8720000000000001,10,1,8,1,0
401403860,2022,2022-09-03 20:00:00+00:00,Ole Miss,home,17,16,14.32,0.895,17,1,7,9,0,23,17,14.23,0.8370588235294117,22,1,20,1,0
401415612,2022,2022-09-03 20:00:00+00:00,South Florida,home,16,15,12.4,0.8266666666666667,16,0,16,0,0,22,9,7.3,0.8111111111111111,18,0,18,0,0
401403860,2022,2022-09-03 20:00:00+00:00,Troy,away,5,1,0.84,0.84,3,1,1,1,0,13,2,1.68,0.84,11,1,10,0,0
401403968,2022,2022-09-03 20:00:00+00:00,UC Davis,away,1,0,0.0,,1,0,1,0,0,3,1,0.87,0.87,3,2,1,0,0
401421116,2022,2022-09-03 21:00:00+00:00,Nicholls,away,1,0,0.0,,1,0,1,0,0,3,0,0.0,,3,1,2,0,0
401421116,2022,2022-09-03 21:00:00+00:00,South Alabama,home,15,15,12.36,0.824,15,0,15,0,0,10,2,1.54,0.77,9,3,5,0,0
401415212,2022,2022-09-03 21:30:00+00:00,Nevada,home,16,1,0.89,0.89,11,3,6,2,0,19,9,7.63,0.8477777777777777,16,2,14,0,0
401415212,2022,2022-09-03 21:30:00+00:00,Texas State,away,15,5,4.07,0.8140000000000001,11,1,9,1,0,8,4,3.22,0.805,7,1,6,0,0
401426536,2022,2022-09-03 22:00:00+00:00,Florida Atlantic,away,12,6,5.01,0.835,12,0,11,1,0,12,3,2.42,0.8066666666666666,11,2,9,0,0
401420777,2022,2022-09-03 22:00:00+00:00,Georgia Southern,home,11,2,1.65,0.825,7,1,6,0,0,18,2,1.56,0.78,17,4,12,1,0
401426538,2022,2022-09-03 22:00:00+00:00,James Madison,home,5,2,1.62,0.81,5,0,5,0,0,3,2,1.77,0.885,2,0,1,1,0
401426538,2022,2022-09-03 22:00:00+00:00,Middle Tennessee,away,10,4,3.32,0.83,10,0,10,0,0,18,4,3.3899999999999997,0.8474999999999999,12,1,10,1,0
401420777,2022,2022-09-03 22:00:00+00:00,Morgan State,away,0,0,0.0,,0,0,0,0,0,0,0,0.0,,0,0,0,0,0
401426536,2022,2022-09-03 22:00:00+00:00,Ohio,home,3,1,0.81,0.81,3,0,3,0,0,12,3,2.39,0.7966666666666667,11,3,8,0,0
401426540,2022,2022-09-03 22:00:00+00:00,Rice,away,7,3,2.52,0.84,6,0,5,1,0,15,8,6.52,0.815,13,5,8,0,0
401426540,2022,2022-09-03 22:00:00+00:00,USC,home,20,19,17.1,0.9,20,1,12,5,2,27,18,15.33,0.8516666666666667,25,4,15,6,0
401425418,2022,2022-09-03 23:00:00+00:00,Arkansas State,home,11,5,4.14,0.828,10,0,9,1,0,25,11,8.96,0.8145454545454546,21,7,14,0,0
401404134,2022,2022-09-03 23:00:00+00:00,Army,away,0,0,0.0,,0,0,0,0,0,6,2,1.57,0.785,4,3,1,0,0
401403856,2022,2022-09-03 23:00:00+00:00,Auburn,home,11,9,7.83,0.87,10,0,10,0,0,24,21,18.28,0.8704761904761905,24,0,19,5,0
401424416,2022,2022-09-03 23:00:00+00:00,Baylor,home,3,2,1.8,0.9,3,1,1,1,0,8,3,2.63,0.8766666666666666,6,0,6,0,0
401404134,2022,2022-09-03 23:00:00+00:00,Coastal Carolina,home,4,0,0.0,,4,1,3,0,0,16,2,1.7000000000000002,0.8500000000000001,16,6,10,0,0
401403866,2022,2022-09-03 23:00:00+00:00,Elon,away,4,1,0.76,0.76,4,2,2,0,0,1,0,0.0,,0,0,0,0,0
401403857,2022,2022-09-03 23:00:00+00:00,Florida,home,9,8,7.04,0.88,9,0,5,4,0,18,14,12.15,0.8678571428571429,18,1,11,6,0
401425418,2022,2022-09-03 23:00:00+00:00,Grambling,away,5,3,2.45,0.8166666666666668,5,1,3,1,0,1,0,0.0,,0,0,0,0,0
401405065,2022,2022-09-03 23:00:00+00:00,Illinois State,away,2,2,1.63,0.815,2,0,2,0,0,2,2,1.73,0.865,2,0,2,0,0
401404056,2022,2022-09-03 23:00:00+00:00,Kansas State,home,7,6,5.14,0.8566666666666666,6,0,5,1,0,17,10,8.28,0.828,16,1,14,1,0
401403859,2022,2022-09-03 23:00:00+00:00,Kentucky,home,9,6,5.29,0.8816666666666667,8,0,6,2,0,19,8,6.67,0.83375,19,2,15,2,0
401404157,2022,2022-09-03 23:00:00+00:00,Liberty,away,13,7,5.83,0.8328571428571429,11,1,10,0,0,10,1,0.8,0.8,9,2,7,0,0
401421121,2022,2022-09-03 23:00:00+00:00,Louisiana,home,2,1,0.81,0.81,2,0,2,0,0,14,12,10.280000000000001,0.8566666666666668,14,4,6,4,0
401414778,2022,2022-09-03 23:00:00+00:00,Massachusetts,away,19,12,9.790000000000001,0.8158333333333334,16,5,11,0,0,15,2,1.66,0.83,13,5,8,0,0
401403856,2022,2022-09-03 23:00:00+00:00,Mercer,away,2,1,0.78,0.78,1,1,0,0,0,0,0,0.0,,0,0,0,0,0
401403859,2022,2022-09-03 23:00:00+00:00,Miami (OH),away,8,4,3.38,0.845,8,0,8,0,0,17,9,7.45,0.8277777777777778,15,5,9,1,0
401421121,2022,2022-09-03 23:00:00+00:00,SE Louisiana,away,1,0,0.0,,0,0,0,0,0,0,0,0.0,,0,0,0,0,0
401404056,2022,2022-09-03 23:00:00+00:00,South Dakota,away,3,1,0.87,0.87,3,0,3,0,0,1,0,0.0,,0,0,0,0,0
401404157,2022,2022-09-03 23:00:00+00:00,Southern Miss,home,11,10,8.41,0.841,11,0,11,0,0,15,5,3.93,0.786,13,8,5,0,0
401414778,2022,2022-09-03 23:00:00+00:00,Tulane,home,9,6,5.13,0.855,8,0,8,0,0,10,4,3.45,0.8625,9,1,7,1,0
401424416,2022,2022-09-03 23:00:00+00:00,UAlbany,away,3,1,0.87,0.87,3,0,3,0,0,1,1,0.93,0.93,1,0,0,1,0
401403857,2022,2022-09-03 23:00:00+00:00,Utah,away,5,5,4.36,0.8720000000000001,5,0,4,1,0,16,6,5.14,0.8566666666666666,16,1,13,2,0
401403866,2022,2022-09-03 23:00:00+00:00,Vanderbilt,home,6,5,4.26,0.852,5,0,5,0,0,20,11,9.32,0.8472727272727273,20,1,17,2,0
401405065,2022,2022-09-03 23:00:00+00:00,Wisconsin,home,6,6,5.15,0.8583333333333334,6,1,4,1,0,12,8,6.640000000000001,0.8300000000000001,11,1,10,0,0
401403854,2022,2022-09-03 23:30:00+00:00,Alabama,home,5,5,4.72,0.944,5,0,0,3,2,24,14,12.27,0.8764285714285714,22,2,12,8,0
401403863,2022,2022-09-03 23:30:00+00:00,Georgia State,away,4,1,0.79,0.79,3,1,2,0,0,15,7,5.65,0.8071428571428572,14,8,6,0,0
401403861,2022,2022-09-03 23:30:00+00:00,Memphis,away,11,5,4.3,0.86,10,2,8,0,0,21,8,6.55,0.81875,21,3,17,1,0
401403861,2022,2022-09-03 23:30:00+00:00,Mississippi State,home,10,5,4.39,0.8779999999999999,9,2,4,3,0,24,11,9.379999999999999,0.8527272727272727,20,2,18,0,0
401426539,2022,2022-09-03 23:30:00+00:00,North Texas,home,10,7,5.82,0.8314285714285715,9,0,9,0,0,22,6,5.15,0.8583333333333334,21,1,20,0,0
401404124,2022,2022-09-03 23:30:00+00:00,Notre Dame,away,4,2,1.81,0.905,2,0,1,1,0,14,9,7.66,0.8511111111111112,14,0,13,1,0
401404124,2022,2022-09-03 23:30:00+00:00,Ohio State,home,3,2,1.8199999999999998,0.9099999999999999,3,0,2,1,0,20,14,12.24,0.8742857142857143,19,0,16,2,1
401426539,2022,2022-09-03 23:30:00+00:00,SMU,away,16,15,13.0,0.8666666666666667,16,0,15,1,0,15,6,5.15,0.8583333333333334,13,1,11,1,0
401403863,2022,2022-09-03 23:30:00+00:00,South Carolina,home,10,9,8.05,0.8944444444444445,10,0,6,4,0,21,8,6.7,0.8375,19,1,15,3,0
401403854,2022,2022-09-03 23:30:00+00:00,Utah State,away,8,6,5.09,0.8483333333333333,8,0,7,1,0,18,5,4.07,0.8140000000000001,16,10,6,0,0
401403970,2022,2022-09-04 00:00:00+00:00,Colgate,away,1,0,0.0,,1,0,1,0,0,1,1,0.83,0.83,1,0,1,0,0
401411099,2022,2022-09-04 00:00:00+00:00,Louisville,away,13,10,8.75,0.875,11,1,7,3,0,18,12,10.1,0.8416666666666667,18,2,15,1,0
401415210,2022,2022-09-04 00:00:00+00:00,Maine,away,1,0,0.0,,1,0,1,0,0,0,0,0.0,,0,0,0,0,0
401404055,2022,2022-09-04 00:00:00+00:00,Murray State,away,1,0,0.0,,1,1,0,0,0,2,2,1.73,0.865,2,0,2,0,0
401415210,2022,2022-09-04 00:00:00+00:00,New Mexico,home,7,2,1.6400000000000001,0.8200000000000001,5,0,5,0,0,12,5,4.21,0.842,11,4,6,1,0
401403970,2022,2022-09-04 00:00:00+00:00,Stanford,home,1,1,0.89,0.89,1,0,1,0,0,9,7,5.95,0.85,9,1,7,1,0
401411099,2022,2022-09-04 00:00:00+00:00,Syracuse,home,9,7,5.96,0.8514285714285714,8,0,8,0,0,18,12,9.93,0.8275,18,1,16,1,0
401404059,2022,2022-09-04 00:00:00+00:00,Texas,home,7,7,6.37,0.91,7,0,3,3,1,23,14,11.86,0.8471428571428571,22,0,18,4,0
401404055,2022,2022-09-04 00:00:00+00:00,Texas Tech,home,14,11,9.34,0.8490909090909091,14,1,12,1,0,8,3,2.4299999999999997,0.8099999999999999,8,2,6,0,0
401404059,2022,2022-09-04 00:00:00+00:00,UL Monroe,away,7,2,1.5899999999999999,0.7949999999999999,6,1,5,0,0,19,11,8.92,0.8109090909090909,19,7,12,0,0
401403974,2022,2022-09-04 01:30:00+00:00,Idaho,away,1,1,0.82,0.82,1,0,1,0,0,1,1,0.85,0.85,1,0,1,0,0
401403974,2022,2022-09-04 01:30:00+00:00,Washington State,home,9,4,3.5300000000000002,0.8825000000000001,6,0,5,1,0,30,10,8.35,0.835,18,1,17,0,0
401403969,2022,2022-09-04 02:30:00+00:00,Boise State,away,3,3,2.62,0.8733333333333334,3,0,3,0,0,6,2,1.69,0.845,5,0,5,0,0
401403973,2022,2022-09-04 02:30:00+00:00,Kent State,away,4,4,3.25,0.8125,4,0,4,0,0,7,2,1.62,0.81,7,3,4,0,0
401403969,2022,2022-09-04 02:30:00+00:00,Oregon State,home,2,1,0.86,0.86,2,0,1,1,0,10,3,2.48,0.8266666666666667,9,1,8,0,0
401403973,2022,2022-09-04 02:30:00+00:00,Washington,home,9,8,6.99,0.87375,8,0,7,1,0,20,10,8.51,0.851,18,2,13,2,0
401426543,2022,2022-09-04 03:59:00+00:00,Hawai'i,home,13,4,3.3200000000000003,0.8300000000000001,12,0,10,2,0,22,12,10.21,0.8508333333333334,19,4,13,2,0
401426543,2022,2022-09-04 03:59:00+00:00,Western Kentucky,away,14,9,7.43,0.8255555555555555,12,1,11,0,0,19,9,7.5600000000000005,0.8400000000000001,17,5,10,2,0
401403867,2022,2022-09-04 23:30:00+00:00,Florida State,home,13,12,10.46,0.8716666666666667,12,0,10,2,0,28,11,9.16,0.8327272727272728,25,0,20,4,1
401403867,2022,2022-09-04 23:30:00+00:00,LSU,away,16,15,13.24,0.8826666666666667,15,1,8,6,0,19,12,10.76,0.8966666666666666,17,0,9,7,1
401411101,2022,2022-09-06 00:00:00+00:00,Clemson,away,1,1,0.8,0.8,1,0,1,0,0,10,10,8.45,0.845,10,0,10,0,0
401411101,2022,2022-09-06 00:00:00+00:00,Georgia Tech,home,18,12,10.379999999999999,0.8649999999999999,18,1,17,0,0,17,12,10.31,0.8591666666666667,17,0,14,2,1
401415613,2022,2022-09-09 23:30:00+00:00,Louisville,away,13,10,8.75,0.875,11,1,7,3,0,18,12,10.1,0.8416666666666667,18,2,15,1,0
401415613,2022,2022-09-09 23:30:00+00:00,UCF,home,14,9,7.99,0.8877777777777778,13,0,8,5,0,24,15,12.700000000000001,0.8466666666666668,24,1,21,2,0
401415214,2022,2022-09-10 01:00:00+00:00,Boise State,away,3,3,2.62,0.8733333333333334,3,0,3,0,0,6,2,1.69,0.845,5,0,5,0,0
401415214,2022,2022-09-10 01:00:00+00:00,New Mexico,home,7,2,1.6400000000000001,0.8200000000000001,5,0,5,0,0,12,5,4.21,0.842,11,4,6,1,0
401403868,2022,2022-09-10 16:00:00+00:00,Alabama,away,5,5,4.72,0.944,5,0,0,3,2,24,14,12.27,0.8764285714285714,22,2,12,8,0
401403869,2022,2022-09-10 16:00:00+00:00,Arkansas,home,9,8,7.140000000000001,0.8925000000000001,9,0,4,5,0,22,8,6.8,0.85,21,3,12,6,0
401405079,2022,2022-09-10 16:00:00+00:00,Arkansas State,away,11,5,4.14,0.828,10,0,9,1,0,25,11,8.96,0.8145454545454546,21,7,14,0,0
401426553,2022,2022-09-10 16:00:00+00:00,Army,home,0,0,0.0,,0,0,0,0,0,6,2,1.57,0.785,4,3,1,0,0
401405073,2022,2022-09-10 16:00:00+00:00,Duke,away,8,3,2.55,0.85,7,2,5,0,0,13,6,5.15,0.8583333333333334,13,0,13,0,0
401411103,2022,2022-09-10 16:00:00+00:00,Georgia State,home,4,1,0.79,0.79,3,1,2,0,0,15,7,5.65,0.8071428571428572,14,8,6,0,0
401403876,2022,2022-09-10 16:00:00+00:00,Kansas State,home,7,6,5.14,0.8566666666666666,6,0,5,1,0,17,10,8.28,0.828,16,1,14,1,0
401411105,2022,2022-09-10 16:00:00+00:00,Miami,home,11,11,9.68,0.88,11,0,10,1,0,18,12,10.19,0.8491666666666666,16,0,14,2,0
401405071,2022,2022-09-10 16:00:00+00:00,Minnesota,home,8,6,5.15,0.8583333333333334,6,0,6,0,0,23,13,10.86,0.8353846153846154,22,2,19,1,0
401403876,2022,2022-09-10 16:00:00+00:00,Missouri,away,13,12,10.3,0.8583333333333334,13,1,11,1,0,17,11,9.36,0.8509090909090908,17,0,15,2,0
401411103,2022,2022-09-10 16:00:00+00:00,North Carolina,away,5,5,4.37,0.874,5,0,5,0,0,16,11,9.33,0.8481818181818181,14,0,12,2,0
401405073,2022,2022-09-10 16:00:00+00:00,Northwestern,home,6,5,4.1,0.82,5,0,5,0,0,9,9,7.46,0.8288888888888889,9,1,7,1,0
401405080,2022,2022-09-10 16:00:00+00:00,Ohio,away,3,1,0.81,0.81,3,0,3,0,0,12,3,2.39,0.7966666666666667,11,3,8,0,0
401405079,2022,2022-09-10 16:00:00+00:00,Ohio State,home,3,2,1.8199999999999998,0.9099999999999999,3,0,2,1,0,20,14,12.24,0.8742857142857143,19,0,16,2,1
401405080,2022,2022-09-10 16:00:00+00:00,Penn State,home,3,2,1.78,0.89,3,0,2,1,0,15,6,5.08,0.8466666666666667,15,2,8,5,0
401403869,2022,2022-09-10 16:00:00+00:00,South Carolina,away,10,9,8.05,0.8944444444444445,10,0,6,4,0,21,8,6.7,0.8375,19,1,15,3,0
401411105,2022,2022-09-10 16:00:00+00:00,Southern Miss,away,11,10,8.41,0.841,11,0,11,0,0,15,5,3.93,0.786,13,8,5,0,0
401403868,2022,2022-09-10 16:00:00+00:00,Texas,home,7,7,6.37,0.91,7,0,3,3,1,23,14,11.86,0.8471428571428571,22,0,18,4,0
401426553,2022,2022-09-10 16:00:00+00:00,UTSA,away,9,5,4.19,0.8380000000000001,9,0,9,0,0,9,2,1.62,0.81,8,0,8,0,0
401403879,2022,2022-09-10 16:00:00+00:00,Vanderbilt,home,6,5,4.26,0.852,5,0,5,0,0,20,11,9.32,0.8472727272727273,20,1,17,2,0
401403879,2022,2022-09-10 16:00:00+00:00,Wake Forest,away,4,2,1.7,0.85,4,2,2,0,0,10,3,2.55,0.85,10,0,10,0,0
401405071,2022,2022-09-10 16:00:00+00:00,Western Illinois,away,3,0,0.0,,3,1,2,0,0,2,1,0.88,0.88,1,0,1,0,0
401411106,2022,2022-09-10 16:30:00+00:00,Charleston Southern,away,0,0,0.0,,0,0,0,0,0,1,1,0.84,0.84,1,0,1,0,0
401411106,2022,2022-09-10 16:30:00+00:00,NC State,home,2,2,1.73,0.865,2,0,2,0,0,8,3,2.58,0.86,8,1,7,0,0
401416597,2022,2022-09-10 17:00:00+00:00,Central Michigan,home,2,2,1.62,0.81,2,1,1,0,0,17,8,6.76,0.845,17,4,11,2,0
401416597,2022,2022-09-10 17:00:00+00:00,South Alabama,away,15,15,12.36,0.824,15,0,15,0,0,10,2,1.54,0.77,9,3,5,0,0
401403982,2022,2022-09-10 17:30:00+00:00,Southern Utah,away,1,1,0.84,0.84,1,0,1,0,0,3,1,0.85,0.85,2,0,2,0,0
401403982,2022,2022-09-10 17:30:00+00:00,Utah,home,5,5,4.36,0.8720000000000001,5,0,4,1,0,16,6,5.14,0.8566666666666666,16,1,13,2,0
401416594,2022,2022-09-10 18:00:00+00:00,Ball State,home,5,2,1.67,0.835,4,1,3,0,0,10,0,0.0,,9,2,7,0,0
401415614,2022,2022-09-10 18:00:00+00:00,Lafayette,away,0,0,0.0,,0,0,0,0,0,1,1,0.87,0.87,1,0,1,0,0
401415614,2022,2022-09-10 18:00:00+00:00,Temple,home,12,9,7.5,0.8333333333333334,10,2,8,0,0,18,5,4.17,0.834,16,4,11,1,0
401416594,2022,2022-09-10 18:00:00+00:00,Western Michigan,away,5,0,0.0,,5,1,4,0,0,8,2,1.62,0.81,8,3,5,0,0
401404125,2022,2022-09-10 18:30:00+00:00,Marshall,away,13,6,5.01,0.835,12,1,9,1,1,14,4,3.2800000000000002,0.8200000000000001,14,3,11,0,0
401404125,2022,2022-09-10 18:30:00+00:00,Notre Dame,home,4,2,1.81,0.905,2,0,1,1,0,14,9,7.66,0.8511111111111112,14,0,13,1,0
401403977,2022,2022-09-10 19:30:00+00:00,Air Force,home,0,0,0.0,,0,0,0,0,0,9,2,1.52,0.76,6,3,3,0,0
401403878,2022,2022-09-10 19:30:00+00:00,App State,away,9,3,2.48,0.8266666666666667,6,0,6,0,0,10,2,1.68,0.84,7,0,7,0,0
401426545,2022,2022-09-10 19:30:00+00:00,Charlotte,home,3,2,1.67,0.835,3,0,3,0,0,9,1,0.86,0.86,7,3,4,0,0
401415619,2022,2022-09-10 19:30:00+00:00,Cincinnati,home,7,5,4.36,0.8720000000000001,6,0,4,2,0,10,3,2.44,0.8133333333333334,9,1,8,0,0
401411102,2022,2022-09-10 19:30:00+00:00,Clemson,home,1,1,0.8,0.8,1,0,1,0,0,10,10,8.45,0.845,10,0,10,0,0
401403977,2022,2022-09-10 19:30:00+00:00,Colorado,away,6,4,3.36,0.84,5,0,5,0,0,24,15,12.55,0.8366666666666667,23,2,19,2,0
401411102,2022,2022-09-10 19:30:00+00:00,Furman,away,0,0,0.0,,0,0,0,0,0,3,1,0.76,0.76,2,2,0,0,0
401415619,2022,2022-09-10 19:30:00+00:00,Kennesaw State,away,1,0,0.0,,1,0,1,0,0,1,0,0.0,,0,0,0,0,0
401426545,2022,2022-09-10 19:30:00+00:00,Maryland,away,6,2,1.72,0.86,5,0,3,2,0,27,11,9.23,0.8390909090909091,25,1,23,1,0
401415617,2022,2022-09-10 19:30:00+00:00,Memphis,away,11,5,4.3,0.86,10,2,8,0,0,21,8,6.55,0.81875,21,3,17,1,0
401415617,2022,2022-09-10 19:30:00+00:00,Navy,home,0,0,0.0,,0,0,0,0,0,4,3,2.42,0.8066666666666666,4,3,1,0,0
401403877,2022,2022-09-10 19:30:00+00:00,Pittsburgh,home,7,5,4.36,0.8720000000000001,7,0,6,1,0,17,8,6.82,0.8525,17,1,13,2,1
401403877,2022,2022-09-10 19:30:00+00:00,Tennessee,away,8,5,4.35,0.8699999999999999,8,0,7,1,0,22,7,5.97,0.8528571428571429,19,2,10,7,0
401403878,2022,2022-09-10 19:30:00+00:00,Texas A&M,home,2,1,0.92,0.92,2,0,1,1,0,13,8,6.88,0.86,10,0,8,1,1
401403984,2022,2022-09-10 19:30:00+00:00,Washington State,away,9,4,3.5300000000000002,0.8825000000000001,6,0,5,1,0,30,10,8.35,0.835,18,1,17,0,0
401403984,2022,2022-09-10 19:30:00+00:00,Wisconsin,home,6,6,5.15,0.8583333333333334,6,1,4,1,0,12,8,6.640000000000001,0.8300000000000001,11,1,10,0,0
401405078,2022,2022-09-10 20:00:00+00:00,Akron,away,15,8,6.61,0.82625,15,1,12,2,0,10,5,4.27,0.8539999999999999,9,2,7,0,0
401416595,2022,2022-09-10 20:00:00+00:00,Bowling Green,home,6,2,1.61,0.805,4,0,4,0,0,13,6,4.75,0.7916666666666666,13,7,6,0,0
401403976,2022,2022-09-10 20:00:00+00:00,California,home,6,4,3.52,0.88,5,0,3,2,0,11,5,4.36,0.8720000000000001,10,1,8,1,0
401426548,2022,2022-09-10 20:00:00+00:00,Colorado State,home,11,6,5.01,0.835,10,0,10,0,0,22,5,4.09,0.818,18,5,13,0,0
401416595,2022,2022-09-10 20:00:00+00:00,Eastern Kentucky,away,4,2,1.66,0.83,4,0,4,0,0,1,0,0.0,,1,1,0,0,0
401403872,2022,2022-09-10 20:00:00+00:00,Georgia,home,1,0,0.0,,1,1,0,0,0,14,10,8.95,0.8949999999999999,13,0,8,4,1
401404063,2022,2022-09-10 20:00:00+00:00,Houston,away,11,6,5.13,0.855,10,1,5,4,0,23,8,6.44,0.805,20,4,16,0,0
401405070,2022,2022-09-10 20:00:00+00:00,Illinois,home,8,3,2.51,0.8366666666666666,5,0,5,0,0,23,7,5.84,0.8342857142857143,19,1,17,1,0
401405074,2022,2022-09-10 20:00:00+00:00,Indiana State,away,3,0,0.0,,2,0,2,0,0,1,0,0.0,,1,0,0,0,0
401404064,2022,2022-09-10 20:00:00+00:00,Iowa,home,1,1,0.87,0.87,1,0,1,0,0,7,4,3.2800000000000002,0.8200000000000001,6,2,4,0,0
401404064,2022,2022-09-10 20:00:00+00:00,Iowa State,away,4,2,1.69,0.845,4,0,4,0,0,21,7,5.95,0.85,19,2,17,0,0
401420788,2022,2022-09-10 20:00:00+00:00,James Madison,home,5,2,1.62,0.81,5,0,5,0,0,3,2,1.77,0.885,2,0,1,1,0
401405078,2022,2022-09-10 20:00:00+00:00,Michigan State,home,10,7,6.23,0.89,10,1,6,3,0,23,12,10.04,0.8366666666666666,22,0,20,2,0
401426548,2022,2022-09-10 20:00:00+00:00,Middle Tennessee,away,10,4,3.32,0.83,10,0,10,0,0,18,4,3.3899999999999997,0.8474999999999999,12,1,10,1,0
401420788,2022,2022-09-10 20:00:00+00:00,Norfolk State,away,3,1,0.82,0.82,2,0,1,1,0,1,1,0.84,0.84,1,0,1,0,0
401415177,2022,2022-09-10 20:00:00+00:00,Northern Colorado,away,3,1,0.81,0.81,3,0,3,0,0,3,1,0.86,0.86,2,0,2,0,0
401403983,2022,2022-09-10 20:00:00+00:00,Portland State,away,4,1,0.87,0.87,3,0,3,0,0,0,0,0.0,,0,0,0,0,0
401405074,2022,2022-09-10 20:00:00+00:00,Purdue,home,10,6,5.07,0.8450000000000001,10,3,5,2,0,16,8,6.71,0.83875,16,1,13,2,0
401405081,2022,2022-09-10 20:00:00+00:00,Rutgers,home,7,7,6.09,0.87,7,0,5,2,0,21,10,8.28,0.828,20,1,19,0,0
401403872,2022,2022-09-10 20:00:00+00:00,Samford,away,4,1,0.8,0.8,3,1,2,0,0,4,1,0.87,0.87,3,1,2,0,0
401404063,2022,2022-09-10 20:00:00+00:00,Texas Tech,home,14,11,9.34,0.8490909090909091,14,1,12,1,0,8,3,2.4299999999999997,0.8099999999999999,8,2,6,0,0
401403976,2022,2022-09-10 20:00:00+00:00,UNLV,away,8,4,3.34,0.835,7,0,7,0,0,18,5,4.04,0.808,18,5,13,0,0
401405070,2022,2022-09-10 20:00:00+00:00,Virginia,away,10,6,5.23,0.8716666666666667,10,0,8,2,0,23,16,13.629999999999999,0.8518749999999999,23,2,20,1,0
401405081,2022,2022-09-10 20:00:00+00:00,Wagner,away,1,1,0.79,0.79,1,1,0,0,0,0,0,0.0,,0,0,0,0,0
401403983,2022,2022-09-10 20:00:00+00:00,Washington,home,9,8,6.99,0.87375,8,0,7,1,0,20,10,8.51,0.851,18,2,13,2,0
401415177,2022,2022-09-10 20:00:00+00:00,Wyoming,home,3,2,1.6099999999999999,0.8049999999999999,3,1,2,0,0,13,8,6.98,0.8725,13,3,8,2,0
401403981,2022,2022-09-10 21:00:00+00:00,Alabama State,away,7,4,3.29,0.8225,7,1,6,0,0,0,0,0.0,,0,0,0,0,0
401403981,2022,2022-09-10 21:00:00+00:00,UCLA,home,13,12,10.61,0.8841666666666667,13,0,12,1,0,21,12,10.34,0.8616666666666667,21,0,20,1,0
401415216,2022,2022-09-10 21:30:00+00:00,Incarnate Word,away,4,1,0.79,0.79,3,1,1,1,0,3,1,0.93,0.93,1,0,0,1,0
401415216,2022,2022-09-10 21:30:00+00:00,Nevada,home,16,1,0.89,0.89,11,3,6,2,0,19,9,7.63,0.8477777777777777,16,2,14,0,0
401416596,2022,2022-09-10 22:00:00+00:00,Buffalo,home,21,11,9.23,0.8390909090909091,18,2,16,0,0,27,15,12.370000000000001,0.8246666666666668,26,9,17,0,0
401426332,2022,2022-09-10 22:00:00+00:00,Coastal Carolina,home,4,0,0.0,,4,1,3,0,0,16,2,1.7000000000000002,0.8500000000000001,16,6,10,0,0
401415024,2022,2022-09-10 22:00:00+00:00,East Carolina,home,14,8,6.529999999999999,0.8162499999999999,12,2,9,1,0,28,4,3.18,0.795,24,2,21,1,0
401426546,2022,2022-09-10 22:00:00+00:00,Florida Atlantic,home,12,6,5.01,0.835,12,0,11,1,0,12,3,2.42,0.8066666666666666,11,2,9,0,0
401426332,2022,2022-09-10 22:00:00+00:00,Gardner-Webb,away,1,0,0.0,,1,0,1,0,0,0,0,0.0,,0,0,0,0,0
401416596,2022,2022-09-10 22:00:00+00:00,Holy Cross,away,0,0,0.0,,0,0,0,0,0,1,1,0.83,0.83,1,0,1,0,0
401404065,2022,2022-09-10 22:00:00+00:00,Kansas,away,15,12,10.3,0.8583333333333334,13,0,13,0,0,23,4,3.3,0.825,19,0,18,1,0
401426551,2022,2022-09-10 22:00:00+00:00,Liberty,home,13,7,5.83,0.8328571428571429,11,1,10,0,0,10,1,0.8,0.8,9,2,7,0,0
401416599,2022,2022-09-10 22:00:00+00:00,Miami (OH),home,8,4,3.38,0.845,8,0,8,0,0,17,9,7.45,0.8277777777777778,15,5,9,1,0
401415024,2022,2022-09-10 22:00:00+00:00,Old Dominion,away,3,1,0.8,0.8,3,0,3,0,0,10,5,3.95,0.79,9,5,4,0,0
401416599,2022,2022-09-10 22:00:00+00:00,Robert Morris,away,0,0,0.0,,0,0,0,0,0,1,0,0.0,,0,0,0,0,0
401426546,2022,2022-09-10 22:00:00+00:00,SE Louisiana,away,1,0,0.0,,0,0,0,0,0,0,0,0.0,,0,0,0,0,0
401426551,2022,2022-09-10 22:00:00+00:00,UAB,away,2,2,1.72,0.86,2,0,2,0,0,10,4,3.44,0.86,8,0,8,0,0
401404065,2022,2022-09-10 22:00:00+00:00,West Virginia,home,11,6,5.18,0.8633333333333333,8,0,8,0,0,25,17,14.56,0.8564705882352941,24,0,22,2,0
401423439,2022,2022-09-10 23:00:00+00:00,Alabama A&M,away,11,3,2.42,0.8066666666666666,10,0,8,2,0,1,0,0.0,,0,0,0,0,0
401415615,2022,2022-09-10 23:00:00+00:00,Alcorn State,away,4,2,1.61,0.805,3,0,3,0,0,0,0,0.0,,0,0,0,0,0
401403874,2022,2022-09-10 23:00:00+00:00,Central Arkansas,away,6,3,2.37,0.79,5,1,4,0,0,2,2,1.72,0.86,2,0,1,1,0
401416598,2022,2022-09-10 23:00:00+00:00,Eastern Michigan,away,5,4,3.25,0.8125,5,2,3,0,0,15,4,3.28,0.82,12,4,8,0,0
401403871,2022,2022-09-10 23:00:00+00:00,Florida,home,9,8,7.04,0.88,9,0,5,4,0,18,14,12.15,0.8678571428571429,18,1,11,6,0
401426544,2022,2022-09-10 23:00:00+00:00,Florida International,away,11,6,4.92,0.82,11,1,10,0,0,17,10,8.22,0.8220000000000001,15,4,10,1,0
401411104,2022,2022-09-10 23:00:00+00:00,Georgia Tech,home,18,12,10.379999999999999,0.8649999999999999,18,1,17,0,0,17,12,10.31,0.8591666666666667,17,0,14,2,1
401415618,2022,2022-09-10 23:00:00+00:00,Howard,away,0,0,0.0,,0,0,0,0,0,0,0,0.0,,0,0,0,0,0
401404066,2022,2022-09-10 23:00:00+00:00,Kent State,away,4,4,3.25,0.8125,4,0,4,0,0,7,2,1.62,0.81,7,3,4,0,0
401403871,2022,2022-09-10 23:00:00+00:00,Kentucky,away,9,6,5.29,0.8816666666666667,8,0,6,2,0,19,8,6.67,0.83375,19,2,15,2,0
401415616,2022,2022-09-10 23:00:00+00:00,Lamar,away,2,1,0.83,0.83,2,0,2,0,0,1,1,0.86,0.86,1,0,1,0,0
401416598,2022,2022-09-10 23:00:00+00:00,Louisiana,home,2,1,0.81,0.81,2,0,2,0,0,14,12,10.280000000000001,0.8566666666666668,14,4,6,4,0
401426547,2022,2022-09-10 23:00:00+00:00,Louisiana Tech,home,9,3,2.44,0.8133333333333334,9,0,8,1,0,11,3,2.51,0.8366666666666666,9,3,6,0,0
401414779,2022,2022-09-10 23:00:00+00:00,Massachusetts,away,19,12,9.790000000000001,0.8158333333333334,16,5,11,0,0,15,2,1.66,0.83,13,5,8,0,0
401415620,2022,2022-09-10 23:00:00+00:00,Northern Illinois,away,3,1,0.8,0.8,3,1,2,0,0,5,2,1.7000000000000002,0.8500000000000001,4,1,3,0,0
401404066,2022,2022-09-10 23:00:00+00:00,Oklahoma,home,16,15,13.2,0.88,15,0,10,5,0,18,13,11.66,0.8969230769230769,16,0,6,9,1
401403874,2022,2022-09-10 23:00:00+00:00,Ole Miss,home,17,16,14.32,0.895,17,1,7,9,0,23,17,14.23,0.8370588235294117,22,1,20,1,0
401415616,2022,2022-09-10 23:00:00+00:00,SMU,home,16,15,13.0,0.8666666666666667,16,0,15,1,0,15,6,5.15,0.8583333333333334,13,1,11,1,0
401415618,2022,2022-09-10 23:00:00+00:00,South Florida,home,16,15,12.4,0.8266666666666667,16,0,16,0,0,22,9,7.3,0.8111111111111111,18,0,18,0,0
401426547,2022,2022-09-10 23:00:00+00:00,Stephen F. Austin,away,2,2,1.6,0.8,2,1,1,0,0,4,1,0.87,0.87,4,0,4,0,0
401404148,2022,2022-09-10 23:00:00+00:00,Syracuse,away,9,7,5.96,0.8514285714285714,8,0,8,0,0,18,12,9.93,0.8275,18,1,16,1,0
401426544,2022,2022-09-10 23:00:00+00:00,Texas State,home,15,5,4.07,0.8140000000000001,11,1,9,1,0,8,4,3.22,0.805,7,1,6,0,0
401414779,2022,2022-09-10 23:00:00+00:00,Toledo,home,7,3,2.49,0.8300000000000001,7,1,6,0,0,17,8,6.57,0.82125,17,4,13,0,0
401423439,2022,2022-09-10 23:00:00+00:00,Troy,home,5,1,0.84,0.84,3,1,1,1,0,13,2,1.68,0.84,11,1,10,0,0
401415615,2022,2022-09-10 23:00:00+00:00,Tulane,home,9,6,5.13,0.855,8,0,8,0,0,10,4,3.45,0.8625,9,1,7,1,0
401415620,2022,2022-09-10 23:00:00+00:00,Tulsa,home,7,3,2.54,0.8466666666666667,7,0,6,1,0,6,3,2.62,0.8733333333333334,6,1,4,1,0
401404148,2022,2022-09-10 23:00:00+00:00,UConn,home,9,3,2.4699999999999998,0.8233333333333333,9,1,7,1,0,20,8,6.65,0.83125,19,6,13,0,0
401415215,2022,2022-09-10 23:00:00+00:00,Utah State,home,8,6,5.09,0.8483333333333333,8,0,7,1,0,18,5,4.07,0.8140000000000001,16,10,6,0,0
401415215,2022,2022-09-10 23:00:00+00:00,Weber State,away,0,0,0.0,,0,0,0,0,0,3,1,0.87,0.87,1,0,1,0,0
401411104,2022,2022-09-10 23:00:00+00:00,Western Carolina,away,1,0,0.0,,1,0,1,0,0,1,0,0.0,,1,0,1,0,0
401403975,2022,2022-09-10 23:30:00+00:00,Arizona State,away,13,13,11.24,0.8646153846153847,13,0,12,1,0,21,14,12.15,0.8678571428571429,19,2,13,4,0
401403870,2022,2022-09-10 23:30:00+00:00,Auburn,home,11,9,7.83,0.87,10,0,10,0,0,24,21,18.28,0.8704761904761905,24,0,19,5,0
401405072,2022,2022-09-10 23:30:00+00:00,Georgia Southern,away,11,2,1.65,0.825,7,1,6,0,0,18,2,1.56,0.78,17,4,12,1,0
401403873,2022,2022-09-10 23:30:00+00:00,LSU,home,16,15,13.24,0.8826666666666667,15,1,8,6,0,19,12,10.76,0.8966666666666666,17,0,9,7,1
401426550,2022,2022-09-10 23:30:00+00:00,McNeese,away,5,2,1.62,0.81,5,1,4,0,0,2,0,0.0,,0,0,0,0,0
401405072,2022,2022-09-10 23:30:00+00:00,Nebraska,home,15,14,12.08,0.8628571428571429,15,2,10,3,0,20,10,8.62,0.8619999999999999,17,1,13,3,0
401426549,2022,2022-09-10 23:30:00+00:00,North Texas,home,10,7,5.82,0.8314285714285715,9,0,9,0,0,22,6,5.15,0.8583333333333334,21,1,20,0,0
401403975,2022,2022-09-10 23:30:00+00:00,Oklahoma State,home,5,3,2.56,0.8533333333333334,5,0,5,0,0,16,10,8.82,0.882,16,0,14,2,0
401426550,2022,2022-09-10 23:30:00+00:00,Rice,home,7,3,2.52,0.84,6,0,5,1,0,15,8,6.52,0.815,13,5,8,0,0
401403870,2022,2022-09-10 23:30:00+00:00,San José State,away,8,4,3.38,0.845,7,0,7,0,0,12,1,0.81,0.81,11,5,6,0,0
401403873,2022,2022-09-10 23:30:00+00:00,Southern,away,2,1,0.84,0.84,2,0,2,0,0,0,0,0.0,,0,0,0,0,0
401403980,2022,2022-09-10 23:30:00+00:00,Stanford,home,1,1,0.89,0.89,1,0,1,0,0,9,7,5.95,0.85,9,1,7,1,0
401426549,2022,2022-09-10 23:30:00+00:00,Texas Southern,away,0,0,0.0,,0,0,0,0,0,0,0,0.0,,0,0,0,0,0
401403980,2022,2022-09-10 23:30:00+00:00,USC,away,20,19,17.1,0.9,20,1,12,5,2,27,18,15.33,0.8516666666666667,25,4,15,6,0
401411108,2022,2022-09-11 00:00:00+00:00,Boston College,away,4,2,1.7,0.85,3,0,3,0,0,13,4,3.27,0.8175,11,0,11,0,0
401405077,2022,2022-09-11 00:00:00+00:00,Hawai'i,away,13,4,3.3200000000000003,0.8300000000000001,12,0,10,2,0,22,12,10.21,0.8508333333333334,19,4,13,2,0
401405075,2022,2022-09-11 00:00:00+00:00,Idaho,away,1,1,0.82,0.82,1,0,1,0,0,1,1,0.85,0.85,1,0,1,0,0
401413257,2022,2022-09-11 00:00:00+00:00,Idaho State,away,1,0,0.0,,1,0,1,0,0,1,0,0.0,,0,0,0,0,0
401405075,2022,2022-09-11 00:00:00+00:00,Indiana,home,13,10,8.49,0.849,12,0,10,2,0,34,16,13.13,0.820625,28,5,21,2,0
401405077,2022,2022-09-11 00:00:00+00:00,Michigan,home,3,3,2.7,0.9,3,0,2,1,0,12,6,5.11,0.8516666666666667,10,0,8,2,0
401421117,2022,2022-09-11 00:00:00+00:00,Nicholls,away,1,0,0.0,,1,0,1,0,0,3,0,0.0,,3,1,2,0,0
401413257,2022,2022-09-11 00:00:00+00:00,San Diego State,home,6,2,1.71,0.855,6,0,6,0,0,9,4,3.27,0.8175,9,2,7,0,0
401404067,2022,2022-09-11 00:00:00+00:00,TCU,home,14,14,12.15,0.8678571428571429,14,0,12,2,0,17,12,10.39,0.8658333333333333,17,0,15,2,0
401404067,2022,2022-09-11 00:00:00+00:00,Tarleton State,away,2,1,0.84,0.84,2,0,2,0,0,0,0,0.0,,0,0,0,0,0
401421117,2022,2022-09-11 00:00:00+00:00,UL Monroe,home,7,2,1.5899999999999999,0.7949999999999999,6,1,5,0,0,19,11,8.92,0.8109090909090909,19,7,12,0,0
401411108,2022,2022-09-11 00:00:00+00:00,Virginia Tech,home,5,4,3.45,0.8625,5,0,4,1,0,17,5,4.23,0.8460000000000001,15,1,14,0,0
401403978,2022,2022-09-11 00:30:00+00:00,Eastern Washington,away,0,0,0.0,,0,0,0,0,0,0,0,0.0,,0,0,0,0,0
401403978,2022,2022-09-11 00:30:00+00:00,Oregon,home,12,9,7.86,0.8733333333333334,11,0,7,4,0,19,13,11.52,0.8861538461538461,16,2,10,4,0
401426552,2022,2022-09-11 01:00:00+00:00,New Mexico State,away,9,7,6.04,0.8628571428571429,8,0,8,0,0,16,7,5.91,0.8442857142857143,16,4,12,0,0
401426552,2022,2022-09-11 01:00:00+00:00,UTEP,home,1,1,0.79,0.79,1,1,0,0,0,9,2,1.75,0.875,8,4,3,1,0
401404062,2022,2022-09-11 02:15:00+00:00,BYU,home,4,4,3.53,0.8825,4,0,3,1,0,10,2,1.58,0.79,9,2,7,0,0
401404062,2022,2022-09-11 02:15:00+00:00,Baylor,away,3,2,1.8,0.9,3,1,1,1,0,8,3,2.63,0.8766666666666666,6,0,6,0,0
401403979,2022,2022-09-11 02:30:00+00:00,Fresno State,home,12,7,6.04,0.8628571428571429,11,0,10,1,0,16,5,4.08,0.8160000000000001,14,3,11,0,0
401403979,2022,2022-09-11 02:30:00+00:00,Oregon State,away,2,1,0.86,0.86,2,0,1,1,0,10,3,2.48,0.8266666666666667,9,1,8,0,0
401403875,2022,2022-09-11 03:00:00+00:00,Arizona,home,8,7,6.08,0.8685714285714285,8,0,7,1,0,27,7,5.74,0.8200000000000001,25,2,22,1,0
401403875,2022,2022-09-11 03:00:00+00:00,Mississippi State,away,10,5,4.39,0.8779999999999999,9,2,4,3,0,24,11,9.379999999999999,0.8527272727272727,20,2,18,0,0
401411109,2022,2022-09-16 23:30:00+00:00,Florida State,away,13,12,10.46,0.8716666666666667,12,0,10,2,0,28,11,9.16,0.8327272727272728,25,0,20,4,1
401411109,2022,2022-09-16 23:30:00+00:00,Louisville,home,13,10,8.75,0.875,11,1,7,3,0,18,12,10.1,0.8416666666666667,18,2,15,1,0
401415217,2022,2022-09-17 00:00:00+00:00,Air Force,away,0,0,0.0,,0,0,0,0,0,9,2,1.52,0.76,6,3,3,0,0
401415217,2022,2022-09-17 00:00:00+00:00,Wyoming,home,3,2,1.6099999999999999,0.8049999999999999,3,1,2,0,0,13,8,6.98,0.8725,13,3,8,2,0
401411114,2022,2022-09-17 15:00:00+00:00,Virginia Tech,home,5,4,3.45,0.8625,5,0,4,1,0,17,5,4.23,0.8460000000000001,15,1,14,0,0
401411114,2022,2022-09-17 15:00:00+00:00,Wofford,away,0,0,0.0,,0,0,0,0,0,0,0,0.0,,0,0,0,0,0
401403887,2022,2022-09-17 16:00:00+00:00,Abilene Christian,away,9,0,0.0,,8,0,8,0,0,4,3,2.49,0.8300000000000001,3,1,2,0,0
401404136,2022,2022-09-17 16:00:00+00:00,Army,home,0,0,0.0,,0,0,0,0,0,6,2,1.57,0.785,4,3,1,0,0
401404071,2022,2022-09-17 16:00:00+00:00,Baylor,home,3,2,1.8,0.9,3,1,1,1,0,8,3,2.63,0.8766666666666666,6,0,6,0,0
401415623,2022,2022-09-17 16:00:00+00:00,Cincinnati,away,7,5,4.36,0.8720000000000001,6,0,4,2,0,10,3,2.44,0.8133333333333334,9,1,8,0,0
401403888,2022,2022-09-17 16:00:00+00:00,Georgia,away,1,0,0.0,,1,1,0,0,0,14,10,8.95,0.8949999999999999,13,0,8,4,1
401426563,2022,2022-09-17 16:00:00+00:00,Indiana,home,13,10,8.49,0.849,12,0,10,2,0,34,16,13.13,0.820625,28,5,21,2,0
401416603,2022,2022-09-17 16:00:00+00:00,Kent State,home,4,4,3.25,0.8125,4,0,4,0,0,7,2,1.62,0.81,7,3,4,0,0
401403884,2022,2022-09-17 16:00:00+00:00,Kentucky,home,9,6,5.29,0.8816666666666667,8,0,6,2,0,19,8,6.67,0.83375,19,2,15,2,0
401416603,2022,2022-09-17 16:00:00+00:00,Long Island University,away,0,0,0.0,,0,0,0,0,0,0,0,0.0,,0,0,0,0,0
401415623,2022,2022-09-17 16:00:00+00:00,Miami (OH),home,8,4,3.38,0.845,8,0,8,0,0,17,9,7.45,0.8277777777777778,15,5,9,1,0
401404149,2022,2022-09-17 16:00:00+00:00,Michigan,home,3,3,2.7,0.9,3,0,2,1,0,12,6,5.11,0.8516666666666667,10,0,8,2,0
401403887,2022,2022-09-17 16:00:00+00:00,Missouri,home,13,12,10.3,0.8583333333333334,13,1,11,1,0,17,11,9.36,0.8509090909090908,17,0,15,2,0
401404070,2022,2022-09-17 16:00:00+00:00,Nebraska,home,15,14,12.08,0.8628571428571429,15,2,10,3,0,20,10,8.62,0.8619999999999999,17,1,13,3,0
401405083,2022,2022-09-17 16:00:00+00:00,Northwestern,home,6,5,4.1,0.82,5,0,5,0,0,9,9,7.46,0.8288888888888889,9,1,7,1,0
401404070,2022,2022-09-17 16:00:00+00:00,Oklahoma,away,16,15,13.2,0.88,15,0,10,5,0,18,13,11.66,0.8969230769230769,16,0,6,9,1
401405084,2022,2022-09-17 16:00:00+00:00,Purdue,away,10,6,5.07,0.8450000000000001,10,3,5,2,0,16,8,6.71,0.83875,16,1,13,2,0
401403888,2022,2022-09-17 16:00:00+00:00,South Carolina,home,10,9,8.05,0.8944444444444445,10,0,6,4,0,21,8,6.7,0.8375,19,1,15,3,0
401405083,2022,2022-09-17 16:00:00+00:00,Southern Illinois,away,6,4,3.22,0.805,6,3,3,0,0,0,0,0.0,,0,0,0,0,0
401405084,2022,2022-09-17 16:00:00+00:00,Syracuse,home,9,7,5.96,0.8514285714285714,8,0,8,0,0,18,12,9.93,0.8275,18,1,16,1,0
401404071,2022,2022-09-17 16:00:00+00:00,Texas State,away,15,5,4.07,0.8140000000000001,11,1,9,1,0,8,4,3.22,0.805,7,1,6,0,0
401404149,2022,2022-09-17 16:00:00+00:00,UConn,away,9,3,2.4699999999999998,0.8233333333333333,9,1,7,1,0,20,8,6.65,0.83125,19,6,13,0,0
401404136,2022,2022-09-17 16:00:00+00:00,Villanova,away,1,1,0.82,0.82,1,0,1,0,0,0,0,0.0,,0,0,0,0,0
401426563,2022,2022-09-17 16:00:00+00:00,Western Kentucky,away,14,9,7.43,0.8255555555555555,12,1,11,0,0,19,9,7.5600000000000005,0.8400000000000001,17,5,10,2,0
401403884,2022,2022-09-17 16:00:00+00:00,Youngstown State,away,1,0,0.0,,1,0,1,0,0,0,0,0.0,,0,0,0,0,0
401416602,2022,2022-09-17 17:00:00+00:00,Bucknell,away,1,0,0.0,,0,0,0,0,0,0,0,0.0,,0,0,0,0,0
401416601,2022,2022-09-17 17:00:00+00:00,Buffalo,away,21,11,9.23,0.8390909090909091,18,2,16,0,0,27,15,12.370000000000001,0.8246666666666668,26,9,17,0,0
401416602,2022,2022-09-17 17:00:00+00:00,Central Michigan,home,2,2,1.62,0.81,2,1,1,0,0,17,8,6.76,0.845,17,4,11,2,0
401416601,2022,2022-09-17 17:00:00+00:00,Coastal Carolina,home,4,0,0.0,,4,1,3,0,0,16,2,1.7000000000000002,0.8500000000000001,16,6,10,0,0
401404073,2022,2022-09-17 17:00:00+00:00,Towson,away,3,1,0.84,0.84,3,0,3,0,0,0,0,0.0,,0,0,0,0,0
401404073,2022,2022-09-17 17:00:00+00:00,West Virginia,home,11,6,5.18,0.8633333333333333,8,0,8,0,0,25,17,14.56,0.8564705882352941,24,0,22,2,0
401416600,2022,2022-09-17 18:00:00+00:00,Ball State,home,5,2,1.67,0.835,4,1,3,0,0,10,0,0.0,,9,2,7,0,0
401404069,2022,2022-09-17 18:00:00+00:00,Iowa State,home,4,2,1.69,0.845,4,0,4,0,0,21,7,5.95,0.85,19,2,17,0,0
401416600,2022,2022-09-17 18:00:00+00:00,Murray State,away,1,0,0.0,,1,1,0,0,0,2,2,1.73,0.865,2,0,2,0,0
401404069,2022,2022-09-17 18:00:00+00:00,Ohio,away,3,1,0.81,0.81,3,0,3,0,0,12,3,2.39,0.7966666666666667,11,3,8,0,0
401411113,2022,2022-09-17 18:00:00+00:00,Old Dominion,away,3,1,0.8,0.8,3,0,3,0,0,10,5,3.95,0.79,9,5,4,0,0
401405089,2022,2022-09-17 18:00:00+00:00,Rutgers,away,7,7,6.09,0.87,7,0,5,2,0,21,10,8.28,0.828,20,1,19,0,0
401403991,2022,2022-09-17 18:00:00+00:00,South Alabama,away,15,15,12.36,0.824,15,0,15,0,0,10,2,1.54,0.77,9,3,5,0,0
401405089,2022,2022-09-17 18:00:00+00:00,Temple,home,12,9,7.5,0.8333333333333334,10,2,8,0,0,18,5,4.17,0.834,16,4,11,1,0
401403991,2022,2022-09-17 18:00:00+00:00,UCLA,home,13,12,10.61,0.8841666666666667,13,0,12,1,0,21,12,10.34,0.8616666666666667,21,0,20,1,0
401411113,2022,2022-09-17 18:00:00+00:00,Virginia,home,10,6,5.23,0.8716666666666667,10,0,8,2,0,23,16,13.629999999999999,0.8518749999999999,23,2,20,1,0
401403987,2022,2022-09-17 18:30:00+00:00,California,away,6,4,3.52,0.88,5,0,3,2,0,11,5,4.36,0.8720000000000001,10,1,8,1,0
401403987,2022,2022-09-17 18:30:00+00:00,Notre Dame,home,4,2,1.81,0.905,2,0,1,1,0,14,9,7.66,0.8511111111111112,14,0,13,1,0
401404074,2022,2022-09-17 19:00:00+00:00,Kansas State,home,7,6,5.14,0.8566666666666666,6,0,5,1,0,17,10,8.28,0.828,16,1,14,1,0
401426558,2022,2022-09-17 19:00:00+00:00,North Texas,away,10,7,5.82,0.8314285714285715,9,0,9,0,0,22,6,5.15,0.8583333333333334,21,1,20,0,0
401404074,2022,2022-09-17 19:00:00+00:00,Tulane,away,9,6,5.13,0.855,8,0,8,0,0,10,4,3.45,0.8625,9,1,7,1,0
401426558,2022,2022-09-17 19:00:00+00:00,UNLV,home,8,4,3.34,0.835,7,0,7,0,0,18,5,4.04,0.808,18,5,13,0,0
401426333,2022,2022-09-17 19:30:00+00:00,App State,home,9,3,2.48,0.8266666666666667,6,0,6,0,0,10,2,1.68,0.84,7,0,7,0,0
401403882,2022,2022-09-17 19:30:00+00:00,Auburn,home,11,9,7.83,0.87,10,0,10,0,0,24,21,18.28,0.8704761904761905,24,0,19,5,0
401403989,2022,2022-09-17 19:30:00+00:00,BYU,away,4,4,3.53,0.8825,4,0,3,1,0,10,2,1.58,0.79,9,2,7,0,0
401403988,2022,2022-09-17 19:30:00+00:00,Colorado,away,6,4,3.36,0.84,5,0,5,0,0,24,15,12.55,0.8366666666666667,23,2,19,2,0
401426560,2022,2022-09-17 19:30:00+00:00,Georgia Southern,away,11,2,1.65,0.825,7,1,6,0,0,18,2,1.56,0.78,17,4,12,1,0
401403886,2022,2022-09-17 19:30:00+00:00,Georgia Tech,home,18,12,10.379999999999999,0.8649999999999999,18,1,17,0,0,17,12,10.31,0.8591666666666667,17,0,14,2,1
401414780,2022,2022-09-17 19:30:00+00:00,Massachusetts,home,19,12,9.790000000000001,0.8158333333333334,16,5,11,0,0,15,2,1.66,0.83,13,5,8,0,0
401403988,2022,2022-09-17 19:30:00+00:00,Minnesota,home,8,6,5.15,0.8583333333333334,6,0,6,0,0,23,13,10.86,0.8353846153846154,22,2,19,1,0
401405085,2022,2022-09-17 19:30:00+00:00,New Mexico State,away,9,7,6.04,0.8628571428571429,8,0,8,0,0,16,7,5.91,0.8442857142857143,16,4,12,0,0
401403891,2022,2022-09-17 19:30:00+00:00,Northern Illinois,home,3,1,0.8,0.8,3,1,2,0,0,5,2,1.7000000000000002,0.8500000000000001,4,1,3,0,0
401403886,2022,2022-09-17 19:30:00+00:00,Ole Miss,away,17,16,14.32,0.895,17,1,7,9,0,23,17,14.23,0.8370588235294117,22,1,20,1,0
401403989,2022,2022-09-17 19:30:00+00:00,Oregon,home,12,9,7.86,0.8733333333333334,11,0,7,4,0,19,13,11.52,0.8861538461538461,16,2,10,4,0
401403882,2022,2022-09-17 19:30:00+00:00,Penn State,away,3,2,1.78,0.89,3,0,2,1,0,15,6,5.08,0.8466666666666667,15,2,8,5,0
401414780,2022,2022-09-17 19:30:00+00:00,Stony Brook,away,1,1,0.79,0.79,1,1,0,0,0,0,0,0.0,,0,0,0,0,0
401426333,2022,2022-09-17 19:30:00+00:00,Troy,away,5,1,0.84,0.84,3,1,1,1,0,13,2,1.68,0.84,11,1,10,0,0
401426560,2022,2022-09-17 19:30:00+00:00,UAB,home,2,2,1.72,0.86,2,0,2,0,0,10,4,3.44,0.86,8,0,8,0,0
401403891,2022,2022-09-17 19:30:00+00:00,Vanderbilt,away,6,5,4.26,0.852,5,0,5,0,0,20,11,9.32,0.8472727272727273,20,1,17,2,0
401405085,2022,2022-09-17 19:30:00+00:00,Wisconsin,home,6,6,5.15,0.8583333333333334,6,1,4,1,0,12,8,6.640000000000001,0.8300000000000001,11,1,10,0,0
401403880,2022,2022-09-17 20:00:00+00:00,Alabama,home,5,5,4.72,0.944,5,0,0,3,2,24,14,12.27,0.8764285714285714,22,2,12,8,0
401415218,2022,2022-09-17 20:00:00+00:00,Boise State,home,3,3,2.62,0.8733333333333334,3,0,3,0,0,6,2,1.69,0.845,5,0,5,0,0
401404068,2022,2022-09-17 20:00:00+00:00,Houston,home,11,6,5.13,0.855,10,1,5,4,0,23,8,6.44,0.805,20,4,16,0,0
401404068,2022,2022-09-17 20:00:00+00:00,Kansas,away,15,12,10.3,0.8583333333333334,13,0,13,0,0,23,4,3.3,0.825,19,0,18,1,0
401403880,2022,2022-09-17 20:00:00+00:00,UL Monroe,away,7,2,1.5899999999999999,0.7949999999999999,6,1,5,0,0,19,11,8.92,0.8109090909090909,19,7,12,0,0
401415218,2022,2022-09-17 20:00:00+00:00,UT Martin,away,4,1,0.81,0.81,3,1,2,0,0,2,2,1.76,0.88,2,0,2,0,0
401415029,2022,2022-09-17 21:00:00+00:00,Bowling Green,home,6,2,1.61,0.805,4,0,4,0,0,13,6,4.75,0.7916666666666666,13,7,6,0,0
401403995,2022,2022-09-17 21:00:00+00:00,Colorado State,away,11,6,5.01,0.835,10,0,10,0,0,22,5,4.09,0.818,18,5,13,0,0
401404159,2022,2022-09-17 21:00:00+00:00,Liberty,away,13,7,5.83,0.8328571428571429,11,1,10,0,0,10,1,0.8,0.8,9,2,7,0,0
401415029,2022,2022-09-17 21:00:00+00:00,Marshall,away,13,6,5.01,0.835,12,1,9,1,1,14,4,3.2800000000000002,0.8200000000000001,14,3,11,0,0
401404159,2022,2022-09-17 21:00:00+00:00,Wake Forest,home,4,2,1.7,0.85,4,2,2,0,0,10,3,2.55,0.85,10,0,10,0,0
401403995,2022,2022-09-17 21:00:00+00:00,Washington State,home,9,4,3.5300000000000002,0.8825000000000001,6,0,5,1,0,30,10,8.35,0.835,18,1,17,0,0
401415621,2022,2022-09-17 22:00:00+00:00,Campbell,away,4,0,0.0,,4,0,3,1,0,3,1,0.84,0.84,1,0,1,0,0
401411112,2022,2022-09-17 22:00:00+00:00,Duke,home,8,3,2.55,0.85,7,2,5,0,0,13,6,5.15,0.8583333333333334,13,0,13,0,0
401415621,2022,2022-09-17 22:00:00+00:00,East Carolina,home,14,8,6.529999999999999,0.8162499999999999,12,2,9,1,0,28,4,3.18,0.795,24,2,21,1,0
401403885,2022,2022-09-17 22:00:00+00:00,LSU,home,16,15,13.24,0.8826666666666667,15,1,8,6,0,19,12,10.76,0.8966666666666666,17,0,9,7,1
401403885,2022,2022-09-17 22:00:00+00:00,Mississippi State,away,10,5,4.39,0.8779999999999999,9,2,4,3,0,24,11,9.379999999999999,0.8527272727272727,20,2,18,0,0
401411112,2022,2022-09-17 22:00:00+00:00,North Carolina A&T,away,3,1,0.79,0.79,3,1,2,0,0,1,0,0.0,,0,0,0,0,0
401403889,2022,2022-09-17 23:00:00+00:00,Akron,away,15,8,6.61,0.82625,15,1,12,2,0,10,5,4.27,0.8539999999999999,9,2,7,0,0
401403881,2022,2022-09-17 23:00:00+00:00,Arkansas,home,9,8,7.140000000000001,0.8925000000000001,9,0,4,5,0,22,8,6.8,0.85,21,3,12,6,0
401415622,2022,2022-09-17 23:00:00+00:00,Arkansas State,away,11,5,4.14,0.828,10,0,9,1,0,25,11,8.96,0.8145454545454546,21,7,14,0,0
401404075,2022,2022-09-17 23:00:00+00:00,Arkansas-Pine Bluff,away,0,0,0.0,,0,0,0,0,0,0,0,0.0,,0,0,0,0,0
401426554,2022,2022-09-17 23:00:00+00:00,Charlotte,away,3,2,1.67,0.835,3,0,3,0,0,9,1,0.86,0.86,7,3,4,0,0
401426554,2022,2022-09-17 23:00:00+00:00,Georgia State,home,4,1,0.79,0.79,3,1,2,0,0,15,7,5.65,0.8071428571428572,14,8,6,0,0
401413216,2022,2022-09-17 23:00:00+00:00,Jacksonville State,away,6,1,0.85,0.85,6,0,5,0,1,4,0,0.0,,0,0,0,0,0
401415622,2022,2022-09-17 23:00:00+00:00,Memphis,home,11,5,4.3,0.86,10,2,8,0,0,21,8,6.55,0.81875,21,3,17,1,0
401426557,2022,2022-09-17 23:00:00+00:00,Middle Tennessee,home,10,4,3.32,0.83,10,0,10,0,0,18,4,3.3899999999999997,0.8474999999999999,12,1,10,1,0
401403881,2022,2022-09-17 23:00:00+00:00,Missouri State,away,4,4,3.21,0.8025,4,1,3,0,0,2,1,0.81,0.81,1,0,1,0,0
401404072,2022,2022-09-17 23:00:00+00:00,NC State,home,2,2,1.73,0.865,2,0,2,0,0,8,3,2.58,0.86,8,1,7,0,0
401415032,2022,2022-09-17 23:00:00+00:00,Northwestern State,away,3,3,2.45,0.8166666666666668,3,2,1,0,0,0,0,0.0,,0,0,0,0,0
401405088,2022,2022-09-17 23:00:00+00:00,Ohio State,home,3,2,1.8199999999999998,0.9099999999999999,3,0,2,1,0,20,14,12.24,0.8742857142857143,19,0,16,2,1
401404075,2022,2022-09-17 23:00:00+00:00,Oklahoma State,home,5,3,2.56,0.8533333333333334,5,0,5,0,0,16,10,8.82,0.882,16,0,14,2,0
401415032,2022,2022-09-17 23:00:00+00:00,Southern Miss,home,11,10,8.41,0.841,11,0,11,0,0,15,5,3.93,0.786,13,8,5,0,0
401403889,2022,2022-09-17 23:00:00+00:00,Tennessee,home,8,5,4.35,0.8699999999999999,8,0,7,1,0,22,7,5.97,0.8528571428571429,19,2,10,7,0
401426557,2022,2022-09-17 23:00:00+00:00,Tennessee State,away,1,0,0.0,,1,0,0,1,0,1,0,0.0,,0,0,0,0,0
401404072,2022,2022-09-17 23:00:00+00:00,Texas Tech,away,14,11,9.34,0.8490909090909091,14,1,12,1,0,8,3,2.4299999999999997,0.8099999999999999,8,2,6,0,0
401405088,2022,2022-09-17 23:00:00+00:00,Toledo,away,7,3,2.49,0.8300000000000001,7,1,6,0,0,17,8,6.57,0.82125,17,4,13,0,0
401413216,2022,2022-09-17 23:00:00+00:00,Tulsa,home,7,3,2.54,0.8466666666666667,7,0,6,1,0,6,3,2.62,0.8733333333333334,6,1,4,1,0
401411110,2022,2022-09-17 23:30:00+00:00,Boston College,home,4,2,1.7,0.85,3,0,3,0,0,13,4,3.27,0.8175,11,0,11,0,0
401403883,2022,2022-09-17 23:30:00+00:00,Florida,home,9,8,7.04,0.88,9,0,5,4,0,18,14,12.15,0.8678571428571429,18,1,11,6,0
401426555,2022,2022-09-17 23:30:00+00:00,Florida Atlantic,home,12,6,5.01,0.835,12,0,11,1,0,12,3,2.42,0.8066666666666666,11,2,9,0,0
401405082,2022,2022-09-17 23:30:00+00:00,Iowa,home,1,1,0.87,0.87,1,0,1,0,0,7,4,3.2800000000000002,0.8200000000000001,6,2,4,0,0
401426559,2022,2022-09-17 23:30:00+00:00,Louisiana,away,2,1,0.81,0.81,2,0,2,0,0,14,12,10.280000000000001,0.8566666666666668,14,4,6,4,0
401411110,2022,2022-09-17 23:30:00+00:00,Maine,away,1,0,0.0,,1,0,1,0,0,0,0,0.0,,0,0,0,0,0
401405087,2022,2022-09-17 23:30:00+00:00,Maryland,home,6,2,1.72,0.86,5,0,3,2,0,27,11,9.23,0.8390909090909091,25,1,23,1,0
401403994,2022,2022-09-17 23:30:00+00:00,Michigan State,away,10,7,6.23,0.89,10,1,6,3,0,23,12,10.04,0.8366666666666666,22,0,20,2,0
401405082,2022,2022-09-17 23:30:00+00:00,Nevada,away,16,1,0.89,0.89,11,3,6,2,0,19,9,7.63,0.8477777777777777,16,2,14,0,0
401411115,2022,2022-09-17 23:30:00+00:00,Pittsburgh,away,7,5,4.36,0.8720000000000001,7,0,6,1,0,17,8,6.82,0.8525,17,1,13,2,1
401426559,2022,2022-09-17 23:30:00+00:00,Rice,home,7,3,2.52,0.84,6,0,5,1,0,15,8,6.52,0.815,13,5,8,0,0
401405087,2022,2022-09-17 23:30:00+00:00,SMU,away,16,15,13.0,0.8666666666666667,16,0,15,1,0,15,6,5.15,0.8583333333333334,13,1,11,1,0
401403883,2022,2022-09-17 23:30:00+00:00,South Florida,away,16,15,12.4,0.8266666666666667,16,0,16,0,0,22,9,7.3,0.8111111111111111,18,0,18,0,0
401426555,2022,2022-09-17 23:30:00+00:00,UCF,away,14,9,7.99,0.8877777777777778,13,0,8,5,0,24,15,12.700000000000001,0.8466666666666668,24,1,21,2,0
401403994,2022,2022-09-17 23:30:00+00:00,Washington,home,9,8,6.99,0.87375,8,0,7,1,0,20,10,8.51,0.851,18,2,13,2,0
401411115,2022,2022-09-17 23:30:00+00:00,Western Michigan,home,5,0,0.0,,5,1,4,0,0,8,2,1.62,0.81,8,3,5,0,0
401426556,2022,2022-09-18 00:00:00+00:00,Clemson,home,1,1,0.8,0.8,1,0,1,0,0,10,10,8.45,0.845,10,0,10,0,0
401426556,2022,2022-09-18 00:00:00+00:00,Louisiana Tech,away,9,3,2.44,0.8133333333333334,9,0,8,1,0,11,3,2.51,0.8366666666666666,9,3,6,0,0
401403990,2022,2022-09-18 00:00:00+00:00,Montana State,away,1,0,0.0,,1,0,1,0,0,2,0,0.0,,0,0,0,0,0
401426561,2022,2022-09-18 00:00:00+00:00,New Mexico,home,7,2,1.6400000000000001,0.8200000000000001,5,0,5,0,0,12,5,4.21,0.842,11,4,6,1,0
401403990,2022,2022-09-18 00:00:00+00:00,Oregon State,home,2,1,0.86,0.86,2,0,1,1,0,10,3,2.48,0.8266666666666667,9,1,8,0,0
401426562,2022,2022-09-18 00:00:00+00:00,Texas,home,7,7,6.37,0.91,7,0,3,3,1,23,14,11.86,0.8471428571428571,22,0,18,4,0
401426561,2022,2022-09-18 00:00:00+00:00,UTEP,away,1,1,0.79,0.79,1,1,0,0,0,9,2,1.75,0.875,8,4,3,1,0
401426562,2022,2022-09-18 00:00:00+00:00,UTSA,away,9,5,4.19,0.8380000000000001,9,0,9,0,0,9,2,1.62,0.81,8,0,8,0,0
401403890,2022,2022-09-18 01:00:00+00:00,Miami,away,11,11,9.68,0.88,11,0,10,1,0,18,12,10.19,0.8491666666666666,16,0,14,2,0
401403890,2022,2022-09-18 01:00:00+00:00,Texas A&M,home,2,1,0.92,0.92,2,0,1,1,0,13,8,6.88,0.86,10,0,8,1,1
401403993,2022,2022-09-18 02:00:00+00:00,San Diego State,away,6,2,1.71,0.855,6,0,6,0,0,9,4,3.27,0.8175,9,2,7,0,0
401403993,2022,2022-09-18 02:00:00+00:00,Utah,home,5,5,4.36,0.8720000000000001,5,0,4,1,0,16,6,5.14,0.8566666666666666,16,1,13,2,0
401403992,2022,2022-09-18 02:30:00+00:00,Fresno State,away,12,7,6.04,0.8628571428571429,11,0,10,1,0,16,5,4.08,0.8160000000000001,14,3,11,0,0
401403992,2022,2022-09-18 02:30:00+00:00,USC,home,20,19,17.1,0.9,20,1,12,5,2,27,18,15.33,0.8516666666666667,25,4,15,6,0
401403985,2022,2022-09-18 03:00:00+00:00,Arizona,home,8,7,6.08,0.8685714285714285,8,0,7,1,0,27,7,5.74,0.8200000000000001,25,2,22,1,0
401403986,2022,2022-09-18 03:00:00+00:00,Arizona State,home,13,13,11.24,0.8646153846153847,13,0,12,1,0,21,14,12.15,0.8678571428571429,19,2,13,4,0
401403986,2022,2022-09-18 03:00:00+00:00,Eastern Michigan,away,5,4,3.25,0.8125,5,2,3,0,0,15,4,3.28,0.82,12,4,8,0,0
401403985,2022,2022-09-18 03:00:00+00:00,North Dakota State,away,0,0,0.0,,0,0,0,0,0,4,2,1.73,0.865,3,0,3,0,0
401415219,2022,2022-09-18 03:59:00+00:00,Duquesne,away,1,1,0.79,0.79,1,1,0,0,0,1,0,0.0,,1,0,1,0,0
401415219,2022,2022-09-18 03:59:00+00:00,Hawai'i,home,13,4,3.3200000000000003,0.8300000000000001,12,0,10,2,0,22,12,10.21,0.8508333333333334,19,4,13,2,0
401426334,2022,2022-09-22 23:30:00+00:00,Coastal Carolina,away,4,0,0.0,,4,1,3,0,0,16,2,1.7000000000000002,0.8500000000000001,16,6,10,0,0
401426334,2022,2022-09-22 23:30:00+00:00,Georgia State,home,4,1,0.79,0.79,3,1,2,0,0,15,7,5.65,0.8071428571428572,14,8,6,0,0
401411116,2022,2022-09-22 23:30:00+00:00,Virginia Tech,home,5,4,3.45,0.8625,5,0,4,1,0,17,5,4.23,0.8460000000000001,15,1,14,0,0
401411116,2022,2022-09-22 23:30:00+00:00,West Virginia,away,11,6,5.18,0.8633333333333333,8,0,8,0,0,25,17,14.56,0.8564705882352941,24,0,22,2,0
401421129,2022,2022-09-23 00:30:00+00:00,Chattanooga,away,4,0,0.0,,3,1,2,0,0,0,0,0.0,,0,0,0,0,0
401421129,2022,2022-09-23 00:30:00+00:00,Illinois,home,8,3,2.51,0.8366666666666666,5,0,5,0,0,23,7,5.84,0.8342857142857143,19,1,17,1,0
401411117,2022,2022-09-23 23:00:00+00:00,Syracuse,home,9,7,5.96,0.8514285714285714,8,0,8,0,0,18,12,9.93,0.8275,18,1,16,1,0
401411117,2022,2022-09-23 23:00:00+00:00,Virginia,away,10,6,5.23,0.8716666666666667,10,0,8,2,0,23,16,13.629999999999999,0.8518749999999999,23,2,20,1,0
401415220,2022,2022-09-24 00:00:00+00:00,Air Force,home,0,0,0.0,,0,0,0,0,0,9,2,1.52,0.76,6,3,3,0,0
401415220,2022,2022-09-24 00:00:00+00:00,Nevada,away,16,1,0.89,0.89,11,3,6,2,0,19,9,7.63,0.8477777777777777,16,2,14,0,0
401426571,2022,2022-09-24 01:00:00+00:00,Boise State,away,3,3,2.62,0.8733333333333334,3,0,3,0,0,6,2,1.69,0.845,5,0,5,0,0
401426571,2022,2022-09-24 01:00:00+00:00,UTEP,home,1,1,0.79,0.79,1,1,0,0,0,9,2,1.75,0.875,8,4,3,1,0
401403894,2022,2022-09-24 16:00:00+00:00,Auburn,home,11,9,7.83,0.87,10,0,10,0,0,24,21,18.28,0.8704761904761905,24,0,19,5,0
401404080,2022,2022-09-24 16:00:00+00:00,Baylor,away,3,2,1.8,0.9,3,1,1,1,0,8,3,2.63,0.8766666666666666,6,0,6,0,0
401403899,2022,2022-09-24 16:00:00+00:00,Bowling Green,away,6,2,1.61,0.805,4,0,4,0,0,13,6,4.75,0.7916666666666666,13,7,6,0,0
401416604,2022,2022-09-24 16:00:00+00:00,Buffalo,away,21,11,9.23,0.8390909090909091,18,2,16,0,0,27,15,12.370000000000001,0.8246666666666668,26,9,17,0,0
401405098,2022,2022-09-24 16:00:00+00:00,Central Michigan,away,2,2,1.62,0.81,2,1,1,0,0,17,8,6.76,0.845,17,4,11,2,0
401411123,2022,2022-09-24 16:00:00+00:00,Clemson,away,1,1,0.8,0.8,1,0,1,0,0,10,10,8.45,0.845,10,0,10,0,0
401404079,2022,2022-09-24 16:00:00+00:00,Duke,away,8,3,2.55,0.85,7,2,5,0,0,13,6,5.15,0.8583333333333334,13,0,13,0,0
401416604,2022,2022-09-24 16:00:00+00:00,Eastern Michigan,home,5,4,3.25,0.8125,5,2,3,0,0,15,4,3.28,0.82,12,4,8,0,0
401403895,2022,2022-09-24 16:00:00+00:00,Georgia,home,1,0,0.0,,1,1,0,0,0,14,10,8.95,0.8949999999999999,13,0,8,4,1
401404080,2022,2022-09-24 16:00:00+00:00,Iowa State,home,4,2,1.69,0.845,4,0,4,0,0,21,7,5.95,0.85,19,2,17,0,0
401404079,2022,2022-09-24 16:00:00+00:00,Kansas,home,15,12,10.3,0.8583333333333334,13,0,13,0,0,23,4,3.3,0.825,19,0,18,1,0
401403895,2022,2022-09-24 16:00:00+00:00,Kent State,away,4,4,3.25,0.8125,4,0,4,0,0,7,2,1.62,0.81,7,3,4,0,0
401411119,2022,2022-09-24 16:00:00+00:00,Louisville,home,13,10,8.75,0.875,11,1,7,3,0,18,12,10.1,0.8416666666666667,18,2,15,1,0
401405097,2022,2022-09-24 16:00:00+00:00,Maryland,away,6,2,1.72,0.86,5,0,3,2,0,27,11,9.23,0.8390909090909091,25,1,23,1,0
401405097,2022,2022-09-24 16:00:00+00:00,Michigan,home,3,3,2.7,0.9,3,0,2,1,0,12,6,5.11,0.8516666666666667,10,0,8,2,0
401403899,2022,2022-09-24 16:00:00+00:00,Mississippi State,home,10,5,4.39,0.8779999999999999,9,2,4,3,0,24,11,9.379999999999999,0.8527272727272727,20,2,18,0,0
401403894,2022,2022-09-24 16:00:00+00:00,Missouri,away,13,12,10.3,0.8583333333333334,13,1,11,1,0,17,11,9.36,0.8509090909090908,17,0,15,2,0
401405098,2022,2022-09-24 16:00:00+00:00,Penn State,home,3,2,1.78,0.89,3,0,2,1,0,15,6,5.08,0.8466666666666667,15,2,8,5,0
401411121,2022,2022-09-24 16:00:00+00:00,Pittsburgh,home,7,5,4.36,0.8720000000000001,7,0,6,1,0,17,8,6.82,0.8525,17,1,13,2,1
401411121,2022,2022-09-24 16:00:00+00:00,Rhode Island,away,1,0,0.0,,1,0,1,0,0,1,1,0.83,0.83,1,0,1,0,0
401404078,2022,2022-09-24 16:00:00+00:00,SMU,home,16,15,13.0,0.8666666666666667,16,0,15,1,0,15,6,5.15,0.8583333333333334,13,1,11,1,0
401411119,2022,2022-09-24 16:00:00+00:00,South Florida,away,16,15,12.4,0.8266666666666667,16,0,16,0,0,22,9,7.3,0.8111111111111111,18,0,18,0,0
401404078,2022,2022-09-24 16:00:00+00:00,TCU,away,14,14,12.15,0.8678571428571429,14,0,12,2,0,17,12,10.39,0.8658333333333333,17,0,15,2,0
401411123,2022,2022-09-24 16:00:00+00:00,Wake Forest,home,4,2,1.7,0.85,4,2,2,0,0,10,3,2.55,0.85,10,0,10,0,0
401403998,2022,2022-09-24 18:00:00+00:00,Colorado,home,6,4,3.36,0.84,5,0,5,0,0,24,15,12.55,0.8366666666666667,23,2,19,2,0
401416606,2022,2022-09-24 18:00:00+00:00,Fordham,away,1,0,0.0,,1,0,1,0,0,1,0,0.0,,1,1,0,0,0
401414781,2022,2022-09-24 18:00:00+00:00,Massachusetts,away,19,12,9.790000000000001,0.8158333333333334,16,5,11,0,0,15,2,1.66,0.83,13,5,8,0,0
401416606,2022,2022-09-24 18:00:00+00:00,Ohio,home,3,1,0.81,0.81,3,0,3,0,0,12,3,2.39,0.7966666666666667,11,3,8,0,0
401414781,2022,2022-09-24 18:00:00+00:00,Temple,home,12,9,7.5,0.8333333333333334,10,2,8,0,0,18,5,4.17,0.834,16,4,11,1,0
401403998,2022,2022-09-24 18:00:00+00:00,UCLA,away,13,12,10.61,0.8841666666666667,13,0,12,1,0,21,12,10.34,0.8616666666666667,21,0,20,1,0
401415037,2022,2022-09-24 19:30:00+00:00,App State,home,9,3,2.48,0.8266666666666667,6,0,6,0,0,10,2,1.68,0.84,7,0,7,0,0
401405096,2022,2022-09-24 19:30:00+00:00,Cincinnati,home,7,5,4.36,0.8720000000000001,6,0,4,2,0,10,3,2.44,0.8133333333333334,9,1,8,0,0
401403901,2022,2022-09-24 19:30:00+00:00,Florida,away,9,8,7.04,0.88,9,0,5,4,0,18,14,12.15,0.8678571428571429,18,1,11,6,0
401426565,2022,2022-09-24 19:30:00+00:00,Florida International,away,11,6,4.92,0.82,11,1,10,0,0,17,10,8.22,0.8220000000000001,15,4,10,1,0
401405096,2022,2022-09-24 19:30:00+00:00,Indiana,away,13,10,8.49,0.849,12,0,10,2,0,34,16,13.13,0.820625,28,5,21,2,0
401415037,2022,2022-09-24 19:30:00+00:00,James Madison,away,5,2,1.62,0.81,5,0,5,0,0,3,2,1.77,0.885,2,0,1,1,0
401426569,2022,2022-09-24 19:30:00+00:00,Memphis,home,11,5,4.3,0.86,10,2,8,0,0,21,8,6.55,0.81875,21,3,17,1,0
401426568,2022,2022-09-24 19:30:00+00:00,Miami,home,11,11,9.68,0.88,11,0,10,1,0,18,12,10.19,0.8491666666666666,16,0,14,2,0
401405092,2022,2022-09-24 19:30:00+00:00,Michigan State,home,10,7,6.23,0.89,10,1,6,3,0,23,12,10.04,0.8366666666666666,22,0,20,2,0
401426568,2022,2022-09-24 19:30:00+00:00,Middle Tennessee,away,10,4,3.32,0.83,10,0,10,0,0,18,4,3.3899999999999997,0.8474999999999999,12,1,10,1,0
401405092,2022,2022-09-24 19:30:00+00:00,Minnesota,away,8,6,5.15,0.8583333333333334,6,0,6,0,0,23,13,10.86,0.8353846153846154,22,2,19,1,0
401404126,2022,2022-09-24 19:30:00+00:00,North Carolina,home,5,5,4.37,0.874,5,0,5,0,0,16,11,9.33,0.8481818181818181,14,0,12,2,0
401426569,2022,2022-09-24 19:30:00+00:00,North Texas,away,10,7,5.82,0.8314285714285715,9,0,9,0,0,22,6,5.15,0.8583333333333334,21,1,20,0,0
401404126,2022,2022-09-24 19:30:00+00:00,Notre Dame,away,4,2,1.81,0.905,2,0,1,1,0,14,9,7.66,0.8511111111111112,14,0,13,1,0
401415224,2022,2022-09-24 19:30:00+00:00,San Diego State,home,6,2,1.71,0.855,6,0,6,0,0,9,4,3.27,0.8175,9,2,7,0,0
401403901,2022,2022-09-24 19:30:00+00:00,Tennessee,home,8,5,4.35,0.8699999999999999,8,0,7,1,0,22,7,5.97,0.8528571428571429,19,2,10,7,0
401404082,2022,2022-09-24 19:30:00+00:00,Texas,away,7,7,6.37,0.91,7,0,3,3,1,23,14,11.86,0.8471428571428571,22,0,18,4,0
401426572,2022,2022-09-24 19:30:00+00:00,Texas Southern,away,0,0,0.0,,0,0,0,0,0,0,0,0.0,,0,0,0,0,0
401404082,2022,2022-09-24 19:30:00+00:00,Texas Tech,home,14,11,9.34,0.8490909090909091,14,1,12,1,0,8,3,2.4299999999999997,0.8099999999999999,8,2,6,0,0
401415224,2022,2022-09-24 19:30:00+00:00,Toledo,away,7,3,2.49,0.8300000000000001,7,1,6,0,0,17,8,6.57,0.82125,17,4,13,0,0
401426572,2022,2022-09-24 19:30:00+00:00,UTSA,home,9,5,4.19,0.8380000000000001,9,0,9,0,0,9,2,1.62,0.81,8,0,8,0,0
401426565,2022,2022-09-24 19:30:00+00:00,Western Kentucky,home,14,9,7.43,0.8255555555555555,12,1,11,0,0,19,9,7.5600000000000005,0.8400000000000001,17,5,10,2,0
401415221,2022,2022-09-24 20:00:00+00:00,Colorado State,home,11,6,5.01,0.835,10,0,10,0,0,22,5,4.09,0.818,18,5,13,0,0
401411122,2022,2022-09-24 20:00:00+00:00,Georgia Tech,away,18,12,10.379999999999999,0.8649999999999999,18,1,17,0,0,17,12,10.31,0.8591666666666667,17,0,14,2,1
401403898,2022,2022-09-24 20:00:00+00:00,Ole Miss,home,17,16,14.32,0.895,17,1,7,9,0,23,17,14.23,0.8370588235294117,22,1,20,1,0
401403999,2022,2022-09-24 20:00:00+00:00,Oregon,away,12,9,7.86,0.8733333333333334,11,0,7,4,0,19,13,11.52,0.8861538461538461,16,2,10,4,0
401415221,2022,2022-09-24 20:00:00+00:00,Sacramento State,away,2,1,0.82,0.82,2,0,2,0,0,0,0,0.0,,0,0,0,0,0
401403898,2022,2022-09-24 20:00:00+00:00,Tulsa,away,7,3,2.54,0.8466666666666667,7,0,6,1,0,6,3,2.62,0.8733333333333334,6,1,4,1,0
401411122,2022,2022-09-24 20:00:00+00:00,UCF,home,14,9,7.99,0.8877777777777778,13,0,8,5,0,24,15,12.700000000000001,0.8466666666666668,24,1,21,2,0
401403999,2022,2022-09-24 20:00:00+00:00,Washington State,home,9,4,3.5300000000000002,0.8825000000000001,6,0,5,1,0,30,10,8.35,0.835,18,1,17,0,0
401403996,2022,2022-09-24 21:30:00+00:00,Arizona,away,8,7,6.08,0.8685714285714285,8,0,7,1,0,27,7,5.74,0.8200000000000001,25,2,22,1,0
401403996,2022,2022-09-24 21:30:00+00:00,California,home,6,4,3.52,0.88,5,0,3,2,0,11,5,4.36,0.8720000000000001,10,1,8,1,0
401404160,2022,2022-09-24 22:00:00+00:00,Akron,away,15,8,6.61,0.82625,15,1,12,2,0,10,5,4.27,0.8539999999999999,9,2,7,0,0
401426335,2022,2022-09-24 22:00:00+00:00,Arkansas State,away,11,5,4.14,0.828,10,0,9,1,0,25,11,8.96,0.8145454545454546,21,7,14,0,0
401416605,2022,2022-09-24 22:00:00+00:00,Ball State,away,5,2,1.67,0.835,4,1,3,0,0,10,0,0.0,,9,2,7,0,0
401415624,2022,2022-09-24 22:00:00+00:00,East Carolina,home,14,8,6.529999999999999,0.8162499999999999,12,2,9,1,0,28,4,3.18,0.795,24,2,21,1,0
401416605,2022,2022-09-24 22:00:00+00:00,Georgia Southern,home,11,2,1.65,0.825,7,1,6,0,0,18,2,1.56,0.78,17,4,12,1,0
401426570,2022,2022-09-24 22:00:00+00:00,Houston,home,11,6,5.13,0.855,10,1,5,4,0,23,8,6.44,0.805,20,4,16,0,0
401404160,2022,2022-09-24 22:00:00+00:00,Liberty,home,13,7,5.83,0.8328571428571429,11,1,10,0,0,10,1,0.8,0.8,9,2,7,0,0
401415624,2022,2022-09-24 22:00:00+00:00,Navy,away,0,0,0.0,,0,0,0,0,0,4,3,2.42,0.8066666666666666,4,3,1,0,0
401426335,2022,2022-09-24 22:00:00+00:00,Old Dominion,home,3,1,0.8,0.8,3,0,3,0,0,10,5,3.95,0.79,9,5,4,0,0
401426570,2022,2022-09-24 22:00:00+00:00,Rice,away,7,3,2.52,0.84,6,0,5,1,0,15,8,6.52,0.815,13,5,8,0,0
401403893,2022,2022-09-24 23:00:00+00:00,Arkansas,away,9,8,7.140000000000001,0.8925000000000001,9,0,4,5,0,22,8,6.8,0.85,21,3,12,6,0
401418793,2022,2022-09-24 23:00:00+00:00,Houston Christian,away,0,0,0.0,,0,0,0,0,0,2,0,0.0,,0,0,0,0,0
401405091,2022,2022-09-24 23:00:00+00:00,Iowa,away,1,1,0.87,0.87,1,0,1,0,0,7,4,3.2800000000000002,0.8200000000000001,6,2,4,0,0
401403896,2022,2022-09-24 23:00:00+00:00,Kentucky,home,9,6,5.29,0.8816666666666667,8,0,6,2,0,19,8,6.67,0.83375,19,2,15,2,0
401426567,2022,2022-09-24 23:00:00+00:00,Louisiana Tech,away,9,3,2.44,0.8133333333333334,9,0,8,1,0,11,3,2.51,0.8366666666666666,9,3,6,0,0
401426393,2022,2022-09-24 23:00:00+00:00,Marshall,away,13,6,5.01,0.835,12,1,9,1,1,14,4,3.2800000000000002,0.8200000000000001,14,3,11,0,0
401403896,2022,2022-09-24 23:00:00+00:00,Northern Illinois,away,3,1,0.8,0.8,3,1,2,0,0,5,2,1.7000000000000002,0.8500000000000001,4,1,3,0,0
401405091,2022,2022-09-24 23:00:00+00:00,Rutgers,home,7,7,6.09,0.87,7,0,5,2,0,21,10,8.28,0.828,20,1,19,0,0
401426567,2022,2022-09-24 23:00:00+00:00,South Alabama,home,15,15,12.36,0.824,15,0,15,0,0,10,2,1.54,0.77,9,3,5,0,0
401415040,2022,2022-09-24 23:00:00+00:00,Southern Miss,away,11,10,8.41,0.841,11,0,11,0,0,15,5,3.93,0.786,13,8,5,0,0
401403893,2022,2022-09-24 23:00:00+00:00,Texas A&M,home,2,1,0.92,0.92,2,0,1,1,0,13,8,6.88,0.86,10,0,8,1,1
401418793,2022,2022-09-24 23:00:00+00:00,Texas State,home,15,5,4.07,0.8140000000000001,11,1,9,1,0,8,4,3.22,0.805,7,1,6,0,0
401426393,2022,2022-09-24 23:00:00+00:00,Troy,home,5,1,0.84,0.84,3,1,1,1,0,13,2,1.68,0.84,11,1,10,0,0
401415040,2022,2022-09-24 23:00:00+00:00,Tulane,home,9,6,5.13,0.855,8,0,8,0,0,10,4,3.45,0.8625,9,1,7,1,0
401415222,2022,2022-09-24 23:00:00+00:00,UNLV,away,8,4,3.34,0.835,7,0,7,0,0,18,5,4.04,0.808,18,5,13,0,0
401415222,2022,2022-09-24 23:00:00+00:00,Utah State,home,8,6,5.09,0.8483333333333333,8,0,7,1,0,18,5,4.07,0.8140000000000001,16,10,6,0,0
401403892,2022,2022-09-24 23:30:00+00:00,Alabama,home,5,5,4.72,0.944,5,0,0,3,2,24,14,12.27,0.8764285714285714,22,2,12,8,0
401426564,2022,2022-09-24 23:30:00+00:00,Charlotte,away,3,2,1.67,0.835,3,0,3,0,0,9,1,0.86,0.86,7,3,4,0,0
401426566,2022,2022-09-24 23:30:00+00:00,Florida Atlantic,away,12,6,5.01,0.835,12,0,11,1,0,12,3,2.42,0.8066666666666666,11,2,9,0,0
401403897,2022,2022-09-24 23:30:00+00:00,LSU,home,16,15,13.24,0.8826666666666667,15,1,8,6,0,19,12,10.76,0.8966666666666666,17,0,9,7,1
401405093,2022,2022-09-24 23:30:00+00:00,Miami (OH),away,8,4,3.38,0.845,8,0,8,0,0,17,9,7.45,0.8277777777777778,15,5,9,1,0
401404150,2022,2022-09-24 23:30:00+00:00,NC State,home,2,2,1.73,0.865,2,0,2,0,0,8,3,2.58,0.86,8,1,7,0,0
401403897,2022,2022-09-24 23:30:00+00:00,New Mexico,away,7,2,1.6400000000000001,0.8200000000000001,5,0,5,0,0,12,5,4.21,0.842,11,4,6,1,0
401405093,2022,2022-09-24 23:30:00+00:00,Northwestern,home,6,5,4.1,0.82,5,0,5,0,0,9,9,7.46,0.8288888888888889,9,1,7,1,0
401405095,2022,2022-09-24 23:30:00+00:00,Ohio State,home,3,2,1.8199999999999998,0.9099999999999999,3,0,2,1,0,20,14,12.24,0.8742857142857143,19,0,16,2,1
401426566,2022,2022-09-24 23:30:00+00:00,Purdue,home,10,6,5.07,0.8450000000000001,10,3,5,2,0,16,8,6.71,0.83875,16,1,13,2,0
401426564,2022,2022-09-24 23:30:00+00:00,South Carolina,home,10,9,8.05,0.8944444444444445,10,0,6,4,0,21,8,6.7,0.8375,19,1,15,3,0
401404150,2022,2022-09-24 23:30:00+00:00,UConn,away,9,3,2.4699999999999998,0.8233333333333333,9,1,7,1,0,20,8,6.65,0.83125,19,6,13,0,0
401403892,2022,2022-09-24 23:30:00+00:00,Vanderbilt,away,6,5,4.26,0.852,5,0,5,0,0,20,11,9.32,0.8472727272727273,20,1,17,2,0
401405095,2022,2022-09-24 23:30:00+00:00,Wisconsin,away,6,6,5.15,0.8583333333333334,6,1,4,1,0,12,8,6.640000000000001,0.8300000000000001,11,1,10,0,0
401411118,2022,2022-09-25 00:00:00+00:00,Boston College,away,4,2,1.7,0.85,3,0,3,0,0,13,4,3.27,0.8175,11,0,11,0,0
401411118,2022,2022-09-25 00:00:00+00:00,Florida State,home,13,12,10.46,0.8716666666666667,12,0,10,2,0,28,11,9.16,0.8327272727272728,25,0,20,4,1
401409237,2022,2022-09-25 00:00:00+00:00,Hawai'i,away,13,4,3.3200000000000003,0.8300000000000001,12,0,10,2,0,22,12,10.21,0.8508333333333334,19,4,13,2,0
401404081,2022,2022-09-25 00:00:00+00:00,Kansas State,away,7,6,5.14,0.8566666666666666,6,0,5,1,0,17,10,8.28,0.828,16,1,14,1,0
401426336,2022,2022-09-25 00:00:00+00:00,Louisiana,away,2,1,0.81,0.81,2,0,2,0,0,14,12,10.280000000000001,0.8566666666666668,14,4,6,4,0
401409237,2022,2022-09-25 00:00:00+00:00,New Mexico State,home,9,7,6.04,0.8628571428571429,8,0,8,0,0,16,7,5.91,0.8442857142857143,16,4,12,0,0
401404081,2022,2022-09-25 00:00:00+00:00,Oklahoma,home,16,15,13.2,0.88,15,0,10,5,0,18,13,11.66,0.8969230769230769,16,0,6,9,1
401426336,2022,2022-09-25 00:00:00+00:00,UL Monroe,home,7,2,1.5899999999999999,0.7949999999999999,6,1,5,0,0,19,11,8.92,0.8109090909090909,19,7,12,0,0
401404000,2022,2022-09-25 01:30:00+00:00,Oregon State,home,2,1,0.86,0.86,2,0,1,1,0,10,3,2.48,0.8266666666666667,9,1,8,0,0
401404000,2022,2022-09-25 01:30:00+00:00,USC,away,20,19,17.1,0.9,20,1,12,5,2,27,18,15.33,0.8516666666666667,25,4,15,6,0
401415223,2022,2022-09-25 02:15:00+00:00,BYU,home,4,4,3.53,0.8825,4,0,3,1,0,10,2,1.58,0.79,9,2,7,0,0
401415223,2022,2022-09-25 02:15:00+00:00,Wyoming,away,3,2,1.6099999999999999,0.8049999999999999,3,1,2,0,0,13,8,6.98,0.8725,13,3,8,2,0
401403997,2022,2022-09-25 02:30:00+00:00,Arizona State,home,13,13,11.24,0.8646153846153847,13,0,12,1,0,21,14,12.15,0.8678571428571429,19,2,13,4,0
401415225,2022,2022-09-25 02:30:00+00:00,San José State,home,8,4,3.38,0.845,7,0,7,0,0,12,1,0.81,0.81,11,5,6,0,0
401404001,2022,2022-09-25 02:30:00+00:00,Stanford,away,1,1,0.89,0.89,1,0,1,0,0,9,7,5.95,0.85,9,1,7,1,0
401403997,2022,2022-09-25 02:30:00+00:00,Utah,away,5,5,4.36,0.8720000000000001,5,0,4,1,0,16,6,5.14,0.8566666666666666,16,1,13,2,0
401404001,2022,2022-09-25 02:30:00+00:00,Washington,home,9,8,6.99,0.87375,8,0,7,1,0,20,10,8.51,0.851,18,2,13,2,0
401415225,2022,2022-09-25 02:30:00+00:00,Western Michigan,away,5,0,0.0,,5,1,4,0,0,8,2,1.62,0.81,8,3,5,0,0
401403908,2022,2022-09-29 23:00:00+00:00,South Carolina,home,10,9,8.05,0.8944444444444445,10,0,6,4,0,21,8,6.7,0.8375,19,1,15,3,0
401403908,2022,2022-09-29 23:00:00+00:00,South Carolina State,away,0,0,0.0,,0,0,0,0,0,0,0,0.0,,0,0,0,0,0
401415226,2022,2022-09-30 00:00:00+00:00,BYU,home,4,4,3.53,0.8825,4,0,3,1,0,10,2,1.58,0.79,9,2,7,0,0
401415226,2022,2022-09-30 00:00:00+00:00,Utah State,away,8,6,5.09,0.8483333333333333,8,0,7,1,0,18,5,4.07,0.8140000000000001,16,10,6,0,0
401415625,2022,2022-09-30 23:00:00+00:00,Houston,home,11,6,5.13,0.855,10,1,5,4,0,23,8,6.44,0.805,20,4,16,0,0
401415625,2022,2022-09-30 23:00:00+00:00,Tulane,away,9,6,5.13,0.855,8,0,8,0,0,10,4,3.45,0.8625,9,1,7,1,0
401426576,2022,2022-09-30 23:30:00+00:00,Middle Tennessee,home,10,4,3.32,0.83,10,0,10,0,0,18,4,3.3899999999999997,0.8474999999999999,12,1,10,1,0
401426576,2022,2022-09-30 23:30:00+00:00,UTSA,away,9,5,4.19,0.8380000000000001,9,0,9,0,0,9,2,1.62,0.81,8,0,8,0,0
401415228,2022,2022-10-01 00:00:00+00:00,Boise State,home,3,3,2.62,0.8733333333333334,3,0,3,0,0,6,2,1.69,0.845,5,0,5,0,0
401415228,2022,2022-10-01 00:00:00+00:00,San Diego State,away,6,2,1.71,0.855,6,0,6,0,0,9,4,3.27,0.8175,9,2,7,0,0
401404007,2022,2022-10-01 02:30:00+00:00,UCLA,home,13,12,10.61,0.8841666666666667,13,0,12,1,0,21,12,10.34,0.8616666666666667,21,0,20,1,0
401404007,2022,2022-10-01 02:30:00+00:00,Washington,away,9,8,6.99,0.87375,8,0,7,1,0,20,10,8.51,0.851,18,2,13,2,0
401415229,2022,2022-10-01 03:00:00+00:00,New Mexico,away,7,2,1.6400000000000001,0.8200000000000001,5,0,5,0,0,12,5,4.21,0.842,11,4,6,1,0
401415229,2022,2022-10-01 03:00:00+00:00,UNLV,home,8,4,3.34,0.835,7,0,7,0,0,18,5,4.04,0.808,18,5,13,0,0
401415227,2022,2022-10-01 16:00:00+00:00,Air Force,home,0,0,0.0,,0,0,0,0,0,9,2,1.52,0.76,6,3,3,0,0
401404137,2022,2022-10-01 16:00:00+00:00,Army,home,0,0,0.0,,0,0,0,0,0,6,2,1.57,0.785,4,3,1,0,0
401411124,2022,2022-10-01 16:00:00+00:00,Boston College,home,4,2,1.7,0.85,3,0,3,0,0,13,4,3.27,0.8175,11,0,11,0,0
401404137,2022,2022-10-01 16:00:00+00:00,Georgia State,away,4,1,0.79,0.79,3,1,2,0,0,15,7,5.65,0.8071428571428572,14,8,6,0,0
401405099,2022,2022-10-01 16:00:00+00:00,Illinois,away,8,3,2.51,0.8366666666666666,5,0,5,0,0,23,7,5.84,0.8342857142857143,19,1,17,1,0
401405100,2022,2022-10-01 16:00:00+00:00,Iowa,home,1,1,0.87,0.87,1,0,1,0,0,7,4,3.2800000000000002,0.8200000000000001,6,2,4,0,0
401404085,2022,2022-10-01 16:00:00+00:00,Kansas State,home,7,6,5.14,0.8566666666666666,6,0,5,1,0,17,10,8.28,0.828,16,1,14,1,0
401403905,2022,2022-10-01 16:00:00+00:00,Kentucky,away,9,6,5.29,0.8816666666666667,8,0,6,2,0,19,8,6.67,0.83375,19,2,15,2,0
401411124,2022,2022-10-01 16:00:00+00:00,Louisville,away,13,10,8.75,0.875,11,1,7,3,0,18,12,10.1,0.8416666666666667,18,2,15,1,0
401415628,2022,2022-10-01 16:00:00+00:00,Memphis,home,11,5,4.3,0.86,10,2,8,0,0,21,8,6.55,0.81875,21,3,17,1,0
401405100,2022,2022-10-01 16:00:00+00:00,Michigan,away,3,3,2.7,0.9,3,0,2,1,0,12,6,5.11,0.8516666666666667,10,0,8,2,0
401405101,2022,2022-10-01 16:00:00+00:00,Minnesota,home,8,6,5.15,0.8583333333333334,6,0,6,0,0,23,13,10.86,0.8353846153846154,22,2,19,1,0
401415227,2022,2022-10-01 16:00:00+00:00,Navy,away,0,0,0.0,,0,0,0,0,0,4,3,2.42,0.8066666666666666,4,3,1,0,0
401404086,2022,2022-10-01 16:00:00+00:00,Oklahoma,away,16,15,13.2,0.88,15,0,10,5,0,18,13,11.66,0.8969230769230769,16,0,6,9,1
401403905,2022,2022-10-01 16:00:00+00:00,Ole Miss,home,17,16,14.32,0.895,17,1,7,9,0,23,17,14.23,0.8370588235294117,22,1,20,1,0
401405101,2022,2022-10-01 16:00:00+00:00,Purdue,away,10,6,5.07,0.8450000000000001,10,3,5,2,0,16,8,6.71,0.83875,16,1,13,2,0
401404086,2022,2022-10-01 16:00:00+00:00,TCU,home,14,14,12.15,0.8678571428571429,14,0,12,2,0,17,12,10.39,0.8658333333333333,17,0,15,2,0
401415628,2022,2022-10-01 16:00:00+00:00,Temple,away,12,9,7.5,0.8333333333333334,10,2,8,0,0,18,5,4.17,0.834,16,4,11,1,0
401404085,2022,2022-10-01 16:00:00+00:00,Texas Tech,away,14,11,9.34,0.8490909090909091,14,1,12,1,0,8,3,2.4299999999999997,0.8099999999999999,8,2,6,0,0
401405099,2022,2022-10-01 16:00:00+00:00,Wisconsin,home,6,6,5.15,0.8583333333333334,6,1,4,1,0,12,8,6.640000000000001,0.8300000000000001,11,1,10,0,0
401426338,2022,2022-10-01 17:30:00+00:00,James Madison,home,5,2,1.62,0.81,5,0,5,0,0,3,2,1.77,0.885,2,0,1,1,0
401426338,2022,2022-10-01 17:30:00+00:00,Texas State,away,15,5,4.07,0.8140000000000001,11,1,9,1,0,8,4,3.22,0.805,7,1,6,0,0
401416608,2022,2022-10-01 18:00:00+00:00,Ball State,home,5,2,1.67,0.835,4,1,3,0,0,10,0,0.0,,9,2,7,0,0
401414782,2022,2022-10-01 18:00:00+00:00,Eastern Michigan,home,5,4,3.25,0.8125,5,2,3,0,0,15,4,3.28,0.82,12,4,8,0,0
401414782,2022,2022-10-01 18:00:00+00:00,Massachusetts,away,19,12,9.790000000000001,0.8158333333333334,16,5,11,0,0,15,2,1.66,0.83,13,5,8,0,0
401416608,2022,2022-10-01 18:00:00+00:00,Northern Illinois,away,3,1,0.8,0.8,3,1,2,0,0,5,2,1.7000000000000002,0.8500000000000001,4,1,3,0,0
401404006,2022,2022-10-01 18:00:00+00:00,Oregon State,away,2,1,0.86,0.86,2,0,1,1,0,10,3,2.48,0.8266666666666667,9,1,8,0,0
401404006,2022,2022-10-01 18:00:00+00:00,Utah,home,5,5,4.36,0.8720000000000001,5,0,4,1,0,16,6,5.14,0.8566666666666666,16,1,13,2,0
401415626,2022,2022-10-01 18:30:00+00:00,East Carolina,away,14,8,6.529999999999999,0.8162499999999999,12,2,9,1,0,28,4,3.18,0.795,24,2,21,1,0
401415626,2022,2022-10-01 18:30:00+00:00,South Florida,home,16,15,12.4,0.8266666666666667,16,0,16,0,0,22,9,7.3,0.8111111111111111,18,0,18,0,0
401416609,2022,2022-10-01 19:30:00+00:00,Akron,home,15,8,6.61,0.82625,15,1,12,2,0,10,5,4.27,0.8539999999999999,9,2,7,0,0
401403902,2022,2022-10-01 19:30:00+00:00,Alabama,away,5,5,4.72,0.944,5,0,0,3,2,24,14,12.27,0.8764285714285714,22,2,12,8,0
401421140,2022,2022-10-01 19:30:00+00:00,App State,home,9,3,2.48,0.8266666666666667,6,0,6,0,0,10,2,1.68,0.84,7,0,7,0,0
401403902,2022,2022-10-01 19:30:00+00:00,Arkansas,home,9,8,7.140000000000001,0.8925000000000001,9,0,4,5,0,22,8,6.8,0.85,21,3,12,6,0
401404083,2022,2022-10-01 19:30:00+00:00,Baylor,home,3,2,1.8,0.9,3,1,1,1,0,8,3,2.63,0.8766666666666666,6,0,6,0,0
401416609,2022,2022-10-01 19:30:00+00:00,Bowling Green,away,6,2,1.61,0.805,4,0,4,0,0,13,6,4.75,0.7916666666666666,13,7,6,0,0
401416610,2022,2022-10-01 19:30:00+00:00,Buffalo,home,21,11,9.23,0.8390909090909091,18,2,16,0,0,27,15,12.370000000000001,0.8246666666666668,26,9,17,0,0
401416607,2022,2022-10-01 19:30:00+00:00,Central Michigan,away,2,2,1.62,0.81,2,1,1,0,0,17,8,6.76,0.845,17,4,11,2,0
401411127,2022,2022-10-01 19:30:00+00:00,Florida State,home,13,12,10.46,0.8716666666666667,12,0,10,2,0,28,11,9.16,0.8327272727272728,25,0,20,4,1
401404151,2022,2022-10-01 19:30:00+00:00,Fresno State,away,12,7,6.04,0.8628571428571429,11,0,10,1,0,16,5,4.08,0.8160000000000001,14,3,11,0,0
401426339,2022,2022-10-01 19:30:00+00:00,Gardner-Webb,away,1,0,0.0,,1,0,1,0,0,0,0,0.0,,0,0,0,0,0
401404084,2022,2022-10-01 19:30:00+00:00,Iowa State,away,4,2,1.69,0.845,4,0,4,0,0,21,7,5.95,0.85,19,2,17,0,0
401404084,2022,2022-10-01 19:30:00+00:00,Kansas,home,15,12,10.3,0.8583333333333334,13,0,13,0,0,23,4,3.3,0.825,19,0,18,1,0
401416611,2022,2022-10-01 19:30:00+00:00,Kent State,home,4,4,3.25,0.8125,4,0,4,0,0,7,2,1.62,0.81,7,3,4,0,0
401426339,2022,2022-10-01 19:30:00+00:00,Marshall,home,13,6,5.01,0.835,12,1,9,1,1,14,4,3.2800000000000002,0.8200000000000001,14,3,11,0,0
401405103,2022,2022-10-01 19:30:00+00:00,Maryland,home,6,2,1.72,0.86,5,0,3,2,0,27,11,9.23,0.8390909090909091,25,1,23,1,0
401416610,2022,2022-10-01 19:30:00+00:00,Miami (OH),away,8,4,3.38,0.845,8,0,8,0,0,17,9,7.45,0.8277777777777778,15,5,9,1,0
401405103,2022,2022-10-01 19:30:00+00:00,Michigan State,away,10,7,6.23,0.89,10,1,6,3,0,23,12,10.04,0.8366666666666666,22,0,20,2,0
401411128,2022,2022-10-01 19:30:00+00:00,North Carolina,home,5,5,4.37,0.874,5,0,5,0,0,16,11,9.33,0.8481818181818181,14,0,12,2,0
401405105,2022,2022-10-01 19:30:00+00:00,Northwestern,away,6,5,4.1,0.82,5,0,5,0,0,9,9,7.46,0.8288888888888889,9,1,7,1,0
401416611,2022,2022-10-01 19:30:00+00:00,Ohio,away,3,1,0.81,0.81,3,0,3,0,0,12,3,2.39,0.7966666666666667,11,3,8,0,0
401405104,2022,2022-10-01 19:30:00+00:00,Ohio State,home,3,2,1.8199999999999998,0.9099999999999999,3,0,2,1,0,20,14,12.24,0.8742857142857143,19,0,16,2,1
401404083,2022,2022-10-01 19:30:00+00:00,Oklahoma State,away,5,3,2.56,0.8533333333333334,5,0,5,0,0,16,10,8.82,0.882,16,0,14,2,0
401405105,2022,2022-10-01 19:30:00+00:00,Penn State,home,3,2,1.78,0.89,3,0,2,1,0,15,6,5.08,0.8466666666666667,15,2,8,5,0
401405104,2022,2022-10-01 19:30:00+00:00,Rutgers,away,7,7,6.09,0.87,7,0,5,2,0,21,10,8.28,0.828,20,1,19,0,0
401421140,2022,2022-10-01 19:30:00+00:00,The Citadel,away,1,1,0.81,0.81,1,0,1,0,0,1,0,0.0,,0,0,0,0,0
401416607,2022,2022-10-01 19:30:00+00:00,Toledo,home,7,3,2.49,0.8300000000000001,7,1,6,0,0,17,8,6.57,0.82125,17,4,13,0,0
401404151,2022,2022-10-01 19:30:00+00:00,UConn,home,9,3,2.4699999999999998,0.8233333333333333,9,1,7,1,0,20,8,6.65,0.83125,19,6,13,0,0
401411128,2022,2022-10-01 19:30:00+00:00,Virginia Tech,away,5,4,3.45,0.8625,5,0,4,1,0,17,5,4.23,0.8460000000000001,15,1,14,0,0
401411127,2022,2022-10-01 19:30:00+00:00,Wake Forest,away,4,2,1.7,0.85,4,2,2,0,0,10,3,2.55,0.85,10,0,10,0,0
401426575,2022,2022-10-01 20:00:00+00:00,Florida Atlantic,away,12,6,5.01,0.835,12,0,11,1,0,12,3,2.42,0.8066666666666666,11,2,9,0,0
401403906,2022,2022-10-01 20:00:00+00:00,Mississippi State,home,10,5,4.39,0.8779999999999999,9,2,4,3,0,24,11,9.379999999999999,0.8527272727272727,20,2,18,0,0
401426575,2022,2022-10-01 20:00:00+00:00,North Texas,home,10,7,5.82,0.8314285714285715,9,0,9,0,0,22,6,5.15,0.8583333333333334,21,1,20,0,0
401403906,2022,2022-10-01 20:00:00+00:00,Texas A&M,away,2,1,0.92,0.92,2,0,1,1,0,13,8,6.88,0.86,10,0,8,1,1
401426341,2022,2022-10-01 21:00:00+00:00,Louisiana,home,2,1,0.81,0.81,2,0,2,0,0,14,12,10.280000000000001,0.8566666666666668,14,4,6,4,0
401426341,2022,2022-10-01 21:00:00+00:00,South Alabama,away,15,15,12.36,0.824,15,0,15,0,0,10,2,1.54,0.77,9,3,5,0,0
401411130,2022,2022-10-01 21:00:00+00:00,Syracuse,home,9,7,5.96,0.8514285714285714,8,0,8,0,0,18,12,9.93,0.8275,18,1,16,1,0
401411130,2022,2022-10-01 21:00:00+00:00,Wagner,away,1,1,0.79,0.79,1,1,0,0,0,0,0,0.0,,0,0,0,0,0
401404004,2022,2022-10-01 21:30:00+00:00,California,away,6,4,3.52,0.88,5,0,3,2,0,11,5,4.36,0.8720000000000001,10,1,8,1,0
401404004,2022,2022-10-01 21:30:00+00:00,Washington State,home,9,4,3.5300000000000002,0.8825000000000001,6,0,5,1,0,30,10,8.35,0.835,18,1,17,0,0
401426573,2022,2022-10-01 22:00:00+00:00,Charlotte,home,3,2,1.67,0.835,3,0,3,0,0,9,1,0.86,0.86,7,3,4,0,0
401404161,2022,2022-10-01 22:00:00+00:00,Liberty,away,13,7,5.83,0.8328571428571429,11,1,10,0,0,10,1,0.8,0.8,9,2,7,0,0
401416612,2022,2022-10-01 22:00:00+00:00,New Hampshire,away,0,0,0.0,,0,0,0,0,0,0,0,0.0,,0,0,0,0,0
401404161,2022,2022-10-01 22:00:00+00:00,Old Dominion,home,3,1,0.8,0.8,3,0,3,0,0,10,5,3.95,0.79,9,5,4,0,0
401426573,2022,2022-10-01 22:00:00+00:00,UTEP,away,1,1,0.79,0.79,1,1,0,0,0,9,2,1.75,0.875,8,4,3,1,0
401416612,2022,2022-10-01 22:00:00+00:00,Western Michigan,home,5,0,0.0,,5,1,4,0,0,8,2,1.62,0.81,8,3,5,0,0
401426340,2022,2022-10-01 23:00:00+00:00,Arkansas State,home,11,5,4.14,0.828,10,0,9,1,0,25,11,8.96,0.8145454545454546,21,7,14,0,0
401403903,2022,2022-10-01 23:00:00+00:00,Auburn,home,11,9,7.83,0.87,10,0,10,0,0,24,21,18.28,0.8704761904761905,24,0,19,5,0
401415627,2022,2022-10-01 23:00:00+00:00,Cincinnati,away,7,5,4.36,0.8720000000000001,6,0,4,2,0,10,3,2.44,0.8133333333333334,9,1,8,0,0
401426337,2022,2022-10-01 23:00:00+00:00,Coastal Carolina,home,4,0,0.0,,4,1,3,0,0,16,2,1.7000000000000002,0.8500000000000001,16,6,10,0,0
401426337,2022,2022-10-01 23:00:00+00:00,Georgia Southern,away,11,2,1.65,0.825,7,1,6,0,0,18,2,1.56,0.78,17,4,12,1,0
401403903,2022,2022-10-01 23:00:00+00:00,LSU,away,16,15,13.24,0.8826666666666667,15,1,8,6,0,19,12,10.76,0.8966666666666666,17,0,9,7,1
401426578,2022,2022-10-01 23:00:00+00:00,Troy,away,5,1,0.84,0.84,3,1,1,1,0,13,2,1.68,0.84,11,1,10,0,0
401415627,2022,2022-10-01 23:00:00+00:00,Tulsa,home,7,3,2.54,0.8466666666666667,7,0,6,1,0,6,3,2.62,0.8733333333333334,6,1,4,1,0
401426340,2022,2022-10-01 23:00:00+00:00,UL Monroe,away,7,2,1.5899999999999999,0.7949999999999999,6,1,5,0,0,19,11,8.92,0.8109090909090909,19,7,12,0,0
401426578,2022,2022-10-01 23:00:00+00:00,Western Kentucky,home,14,9,7.43,0.8255555555555555,12,1,11,0,0,19,9,7.5600000000000005,0.8400000000000001,17,5,10,2,0
401411125,2022,2022-10-01 23:30:00+00:00,Clemson,home,1,1,0.8,0.8,1,0,1,0,0,10,10,8.45,0.845,10,0,10,0,0
401411126,2022,2022-10-01 23:30:00+00:00,Duke,home,8,3,2.55,0.85,7,2,5,0,0,13,6,5.15,0.8583333333333334,13,0,13,0,0
401403907,2022,2022-10-01 23:30:00+00:00,Georgia,away,1,0,0.0,,1,1,0,0,0,14,10,8.95,0.8949999999999999,13,0,8,4,1
401405102,2022,2022-10-01 23:30:00+00:00,Indiana,away,13,10,8.49,0.849,12,0,10,2,0,34,16,13.13,0.820625,28,5,21,2,0
401403907,2022,2022-10-01 23:30:00+00:00,Missouri,home,13,12,10.3,0.8583333333333334,13,1,11,1,0,17,11,9.36,0.8509090909090908,17,0,15,2,0
401411125,2022,2022-10-01 23:30:00+00:00,NC State,away,2,2,1.73,0.865,2,0,2,0,0,8,3,2.58,0.86,8,1,7,0,0
401405102,2022,2022-10-01 23:30:00+00:00,Nebraska,home,15,14,12.08,0.8628571428571429,15,2,10,3,0,20,10,8.62,0.8619999999999999,17,1,13,3,0
401426577,2022,2022-10-01 23:30:00+00:00,Rice,home,7,3,2.52,0.84,6,0,5,1,0,15,8,6.52,0.815,13,5,8,0,0
401415230,2022,2022-10-01 23:30:00+00:00,San José State,away,8,4,3.38,0.845,7,0,7,0,0,12,1,0.81,0.81,11,5,6,0,0
401404087,2022,2022-10-01 23:30:00+00:00,Texas,home,7,7,6.37,0.91,7,0,3,3,1,23,14,11.86,0.8471428571428571,22,0,18,4,0
401426577,2022,2022-10-01 23:30:00+00:00,UAB,away,2,2,1.72,0.86,2,0,2,0,0,10,4,3.44,0.86,8,0,8,0,0
401411126,2022,2022-10-01 23:30:00+00:00,Virginia,away,10,6,5.23,0.8716666666666667,10,0,8,2,0,23,16,13.629999999999999,0.8518749999999999,23,2,20,1,0
401404087,2022,2022-10-01 23:30:00+00:00,West Virginia,away,11,6,5.18,0.8633333333333333,8,0,8,0,0,25,17,14.56,0.8564705882352941,24,0,22,2,0
401415230,2022,2022-10-01 23:30:00+00:00,Wyoming,home,3,2,1.6099999999999999,0.8049999999999999,3,1,2,0,0,13,8,6.98,0.8725,13,3,8,2,0
401426574,2022,2022-10-02 00:00:00+00:00,Florida International,away,11,6,4.92,0.82,11,1,10,0,0,17,10,8.22,0.8220000000000001,15,4,10,1,0
401411129,2022,2022-10-02 00:00:00+00:00,Georgia Tech,away,18,12,10.379999999999999,0.8649999999999999,18,1,17,0,0,17,12,10.31,0.8591666666666667,17,0,14,2,1
401426574,2022,2022-10-02 00:00:00+00:00,New Mexico State,home,9,7,6.04,0.8628571428571429,8,0,8,0,0,16,7,5.91,0.8442857142857143,16,4,12,0,0
401411129,2022,2022-10-02 00:00:00+00:00,Pittsburgh,home,7,5,4.36,0.8720000000000001,7,0,6,1,0,17,8,6.82,0.8525,17,1,13,2,1
401404002,2022,2022-10-02 01:30:00+00:00,Arizona,home,8,7,6.08,0.8685714285714285,8,0,7,1,0,27,7,5.74,0.8200000000000001,25,2,22,1,0
401404002,2022,2022-10-02 01:30:00+00:00,Colorado,away,6,4,3.36,0.84,5,0,5,0,0,24,15,12.55,0.8366666666666667,23,2,19,2,0
401404003,2022,2022-10-02 02:30:00+00:00,Arizona State,away,13,13,11.24,0.8646153846153847,13,0,12,1,0,21,14,12.15,0.8678571428571429,19,2,13,4,0
401404003,2022,2022-10-02 02:30:00+00:00,USC,home,20,19,17.1,0.9,20,1,12,5,2,27,18,15.33,0.8516666666666667,25,4,15,6,0
401404005,2022,2022-10-02 03:00:00+00:00,Oregon,home,12,9,7.86,0.8733333333333334,11,0,7,4,0,19,13,11.52,0.8861538461538461,16,2,10,4,0
401404005,2022,2022-10-02 03:00:00+00:00,Stanford,away,1,1,0.89,0.89,1,0,1,0,0,9,7,5.95,0.85,9,1,7,1,0
401403904,2022,2022-10-02 16:00:00+00:00,Eastern Washington,away,0,0,0.0,,0,0,0,0,0,0,0,0.0,,0,0,0,0,0
401403904,2022,2022-10-02 16:00:00+00:00,Florida,home,9,8,7.04,0.88,9,0,5,4,0,18,14,12.15,0.8678571428571429,18,1,11,6,0
401415629,2022,2022-10-05 23:00:00+00:00,SMU,away,16,15,13.0,0.8666666666666667,16,0,15,1,0,15,6,5.15,0.8583333333333334,13,1,11,1,0
401415629,2022,2022-10-05 23:00:00+00:00,UCF,home,14,9,7.99,0.8877777777777778,13,0,8,5,0,24,15,12.700000000000001,0.8466666666666668,24,1,21,2,0
401405111,2022,2022-10-07 23:00:00+00:00,Nebraska,away,15,14,12.08,0.8628571428571429,15,2,10,3,0,20,10,8.62,0.8619999999999999,17,1,13,3,0
401405111,2022,2022-10-07 23:00:00+00:00,Rutgers,home,7,7,6.09,0.87,7,0,5,2,0,21,10,8.28,0.828,20,1,19,0,0
401415630,2022,2022-10-07 23:30:00+00:00,Houston,away,11,6,5.13,0.855,10,1,5,4,0,23,8,6.44,0.805,20,4,16,0,0
401415630,2022,2022-10-07 23:30:00+00:00,Memphis,home,11,5,4.3,0.86,10,2,8,0,0,21,8,6.55,0.81875,21,3,17,1,0
401415233,2022,2022-10-08 02:30:00+00:00,Colorado State,away,11,6,5.01,0.835,10,0,10,0,0,22,5,4.09,0.818,18,5,13,0,0
401415233,2022,2022-10-08 02:30:00+00:00,Nevada,home,16,1,0.89,0.89,11,3,6,2,0,19,9,7.63,0.8477777777777777,16,2,14,0,0
401415236,2022,2022-10-08 02:30:00+00:00,San José State,home,8,4,3.38,0.845,7,0,7,0,0,12,1,0.81,0.81,11,5,6,0,0
401415236,2022,2022-10-08 02:30:00+00:00,UNLV,away,8,4,3.34,0.835,7,0,7,0,0,18,5,4.04,0.808,18,5,13,0,0
401403914,2022,2022-10-08 16:00:00+00:00,Arkansas,away,9,8,7.140000000000001,0.8925000000000001,9,0,4,5,0,22,8,6.8,0.85,21,3,12,6,0
401416617,2022,2022-10-08 16:00:00+00:00,Bowling Green,home,6,2,1.61,0.805,4,0,4,0,0,13,6,4.75,0.7916666666666666,13,7,6,0,0
401416617,2022,2022-10-08 16:00:00+00:00,Buffalo,away,21,11,9.23,0.8390909090909091,18,2,16,0,0,27,15,12.370000000000001,0.8246666666666668,26,9,17,0,0
401416614,2022,2022-10-08 16:00:00+00:00,Eastern Michigan,away,5,4,3.25,0.8125,5,2,3,0,0,15,4,3.28,0.82,12,4,8,0,0
401403910,2022,2022-10-08 16:00:00+00:00,Florida,home,9,8,7.04,0.88,9,0,5,4,0,18,14,12.15,0.8678571428571429,18,1,11,6,0
401405108,2022,2022-10-08 16:00:00+00:00,Indiana,home,13,10,8.49,0.849,12,0,10,2,0,34,16,13.13,0.820625,28,5,21,2,0
401404089,2022,2022-10-08 16:00:00+00:00,Kansas,home,15,12,10.3,0.8583333333333334,13,0,13,0,0,23,4,3.3,0.825,19,0,18,1,0
401403913,2022,2022-10-08 16:00:00+00:00,LSU,home,16,15,13.24,0.8826666666666667,15,1,8,6,0,19,12,10.76,0.8966666666666666,17,0,9,7,1
401411136,2022,2022-10-08 16:00:00+00:00,Louisville,away,13,10,8.75,0.875,11,1,7,3,0,18,12,10.1,0.8416666666666667,18,2,15,1,0
401405109,2022,2022-10-08 16:00:00+00:00,Maryland,home,6,2,1.72,0.86,5,0,3,2,0,27,11,9.23,0.8390909090909091,25,1,23,1,0
401405108,2022,2022-10-08 16:00:00+00:00,Michigan,away,3,3,2.7,0.9,3,0,2,1,0,12,6,5.11,0.8516666666666667,10,0,8,2,0
401403914,2022,2022-10-08 16:00:00+00:00,Mississippi State,home,10,5,4.39,0.8779999999999999,9,2,4,3,0,24,11,9.379999999999999,0.8527272727272727,20,2,18,0,0
401403910,2022,2022-10-08 16:00:00+00:00,Missouri,away,13,12,10.3,0.8583333333333334,13,1,11,1,0,17,11,9.36,0.8509090909090908,17,0,15,2,0
401404090,2022,2022-10-08 16:00:00+00:00,Oklahoma,home,16,15,13.2,0.88,15,0,10,5,0,18,13,11.66,0.8969230769230769,16,0,6,9,1
401405109,2022,2022-10-08 16:00:00+00:00,Purdue,away,10,6,5.07,0.8450000000000001,10,3,5,2,0,16,8,6.71,0.83875,16,1,13,2,0
401404089,2022,2022-10-08 16:00:00+00:00,TCU,away,14,14,12.15,0.8678571428571429,14,0,12,2,0,17,12,10.39,0.8658333333333333,17,0,15,2,0
401403913,2022,2022-10-08 16:00:00+00:00,Tennessee,away,8,5,4.35,0.8699999999999999,8,0,7,1,0,22,7,5.97,0.8528571428571429,19,2,10,7,0
401404090,2022,2022-10-08 16:00:00+00:00,Texas,away,7,7,6.37,0.91,7,0,3,3,1,23,14,11.86,0.8471428571428571,22,0,18,4,0
401411136,2022,2022-10-08 16:00:00+00:00,Virginia,home,10,6,5.23,0.8716666666666667,10,0,8,2,0,23,16,13.629999999999999,0.8518749999999999,23,2,20,1,0
401416614,2022,2022-10-08 16:00:00+00:00,Western Michigan,home,5,0,0.0,,5,1,4,0,0,8,2,1.62,0.81,8,3,5,0,0
401416616,2022,2022-10-08 18:00:00+00:00,Akron,away,15,8,6.61,0.82625,15,1,12,2,0,10,5,4.27,0.8539999999999999,9,2,7,0,0
401426342,2022,2022-10-08 18:00:00+00:00,Georgia Southern,away,11,2,1.65,0.825,7,1,6,0,0,18,2,1.56,0.78,17,4,12,1,0
401426342,2022,2022-10-08 18:00:00+00:00,Georgia State,home,4,1,0.79,0.79,3,1,2,0,0,15,7,5.65,0.8071428571428572,14,8,6,0,0
401416616,2022,2022-10-08 18:00:00+00:00,Ohio,home,3,1,0.81,0.81,3,0,3,0,0,12,3,2.39,0.7966666666666667,11,3,8,0,0
401415633,2022,2022-10-08 18:30:00+00:00,Cincinnati,home,7,5,4.36,0.8720000000000001,6,0,4,2,0,10,3,2.44,0.8133333333333334,9,1,8,0,0
401415633,2022,2022-10-08 18:30:00+00:00,South Florida,away,16,15,12.4,0.8266666666666667,16,0,16,0,0,22,9,7.3,0.8111111111111111,18,0,18,0,0
401403911,2022,2022-10-08 19:30:00+00:00,Auburn,away,11,9,7.83,0.87,10,0,10,0,0,24,21,18.28,0.8704761904761905,24,0,19,5,0
401416613,2022,2022-10-08 19:30:00+00:00,Ball State,away,5,2,1.67,0.835,4,1,3,0,0,10,0,0.0,,9,2,7,0,0
401416613,2022,2022-10-08 19:30:00+00:00,Central Michigan,home,2,2,1.62,0.81,2,1,1,0,0,17,8,6.76,0.845,17,4,11,2,0
401415631,2022,2022-10-08 19:30:00+00:00,East Carolina,away,14,8,6.529999999999999,0.8162499999999999,12,2,9,1,0,28,4,3.18,0.795,24,2,21,1,0
401403911,2022,2022-10-08 19:30:00+00:00,Georgia,home,1,0,0.0,,1,1,0,0,0,14,10,8.95,0.8949999999999999,13,0,8,4,1
401416618,2022,2022-10-08 19:30:00+00:00,Kent State,away,4,4,3.25,0.8125,4,0,4,0,0,7,2,1.62,0.81,7,3,4,0,0
401404164,2022,2022-10-08 19:30:00+00:00,Liberty,away,13,7,5.83,0.8328571428571429,11,1,10,0,0,10,1,0.8,0.8,9,2,7,0,0
401404164,2022,2022-10-08 19:30:00+00:00,Massachusetts,home,19,12,9.790000000000001,0.8158333333333334,16,5,11,0,0,15,2,1.66,0.83,13,5,8,0,0
401416618,2022,2022-10-08 19:30:00+00:00,Miami (OH),home,8,4,3.38,0.845,8,0,8,0,0,17,9,7.45,0.8277777777777778,15,5,9,1,0
401426581,2022,2022-10-08 19:30:00+00:00,Middle Tennessee,away,10,4,3.32,0.83,10,0,10,0,0,18,4,3.3899999999999997,0.8474999999999999,12,1,10,1,0
401415632,2022,2022-10-08 19:30:00+00:00,Navy,home,0,0,0.0,,0,0,0,0,0,4,3,2.42,0.8066666666666666,4,3,1,0,0
401416615,2022,2022-10-08 19:30:00+00:00,Northern Illinois,home,3,1,0.8,0.8,3,1,2,0,0,5,2,1.7000000000000002,0.8500000000000001,4,1,3,0,0
401405107,2022,2022-10-08 19:30:00+00:00,Northwestern,home,6,5,4.1,0.82,5,0,5,0,0,9,9,7.46,0.8288888888888889,9,1,7,1,0
401404091,2022,2022-10-08 19:30:00+00:00,Oklahoma State,home,5,3,2.56,0.8533333333333334,5,0,5,0,0,16,10,8.82,0.882,16,0,14,2,0
401411135,2022,2022-10-08 19:30:00+00:00,Pittsburgh,home,7,5,4.36,0.8720000000000001,7,0,6,1,0,17,8,6.82,0.8525,17,1,13,2,1
401404091,2022,2022-10-08 19:30:00+00:00,Texas Tech,away,14,11,9.34,0.8490909090909091,14,1,12,1,0,8,3,2.4299999999999997,0.8099999999999999,8,2,6,0,0
401416615,2022,2022-10-08 19:30:00+00:00,Toledo,away,7,3,2.49,0.8300000000000001,7,1,6,0,0,17,8,6.57,0.82125,17,4,13,0,0
401415631,2022,2022-10-08 19:30:00+00:00,Tulane,home,9,6,5.13,0.855,8,0,8,0,0,10,4,3.45,0.8625,9,1,7,1,0
401415632,2022,2022-10-08 19:30:00+00:00,Tulsa,away,7,3,2.54,0.8466666666666667,7,0,6,1,0,6,3,2.62,0.8733333333333334,6,1,4,1,0
401426581,2022,2022-10-08 19:30:00+00:00,UAB,home,2,2,1.72,0.86,2,0,2,0,0,10,4,3.44,0.86,8,0,8,0,0
401404011,2022,2022-10-08 19:30:00+00:00,UCLA,home,13,12,10.61,0.8841666666666667,13,0,12,1,0,21,12,10.34,0.8616666666666667,21,0,20,1,0
401404011,2022,2022-10-08 19:30:00+00:00,Utah,away,5,5,4.36,0.8720000000000001,5,0,4,1,0,16,6,5.14,0.8566666666666666,16,1,13,2,0
401411135,2022,2022-10-08 19:30:00+00:00,Virginia Tech,away,5,4,3.45,0.8625,5,0,4,1,0,17,5,4.23,0.8460000000000001,15,1,14,0,0
401405107,2022,2022-10-08 19:30:00+00:00,Wisconsin,away,6,6,5.15,0.8583333333333334,6,1,4,1,0,12,8,6.640000000000001,0.8300000000000001,11,1,10,0,0
401404009,2022,2022-10-08 20:00:00+00:00,Arizona State,home,13,13,11.24,0.8646153846153847,13,0,12,1,0,21,14,12.15,0.8678571428571429,19,2,13,4,0
401411132,2022,2022-10-08 20:00:00+00:00,Duke,away,8,3,2.55,0.85,7,2,5,0,0,13,6,5.15,0.8583333333333334,13,0,13,0,0
401411132,2022,2022-10-08 20:00:00+00:00,Georgia Tech,home,18,12,10.379999999999999,0.8649999999999999,18,1,17,0,0,17,12,10.31,0.8591666666666667,17,0,14,2,1
401411133,2022,2022-10-08 20:00:00+00:00,Miami,home,11,11,9.68,0.88,11,0,10,1,0,18,12,10.19,0.8491666666666666,16,0,14,2,0
401405110,2022,2022-10-08 20:00:00+00:00,Michigan State,home,10,7,6.23,0.89,10,1,6,3,0,23,12,10.04,0.8366666666666666,22,0,20,2,0
401411133,2022,2022-10-08 20:00:00+00:00,North Carolina,away,5,5,4.37,0.874,5,0,5,0,0,16,11,9.33,0.8481818181818181,14,0,12,2,0
401405110,2022,2022-10-08 20:00:00+00:00,Ohio State,away,3,2,1.8199999999999998,0.9099999999999999,3,0,2,1,0,20,14,12.24,0.8742857142857143,19,0,16,2,1
401403915,2022,2022-10-08 20:00:00+00:00,Ole Miss,away,17,16,14.32,0.895,17,1,7,9,0,23,17,14.23,0.8370588235294117,22,1,20,1,0
401403915,2022,2022-10-08 20:00:00+00:00,Vanderbilt,home,6,5,4.26,0.852,5,0,5,0,0,20,11,9.32,0.8472727272727273,20,1,17,2,0
401404009,2022,2022-10-08 20:00:00+00:00,Washington,away,9,8,6.99,0.87375,8,0,7,1,0,20,10,8.51,0.851,18,2,13,2,0
401426582,2022,2022-10-08 22:00:00+00:00,UTSA,home,9,5,4.19,0.8380000000000001,9,0,9,0,0,9,2,1.62,0.81,8,0,8,0,0
401426582,2022,2022-10-08 22:00:00+00:00,Western Kentucky,away,14,9,7.43,0.8255555555555555,12,1,11,0,0,19,9,7.5600000000000005,0.8400000000000001,17,5,10,2,0
401415231,2022,2022-10-08 23:00:00+00:00,Air Force,away,0,0,0.0,,0,0,0,0,0,9,2,1.52,0.76,6,3,3,0,0
401426345,2022,2022-10-08 23:00:00+00:00,App State,away,9,3,2.48,0.8266666666666667,6,0,6,0,0,10,2,1.68,0.84,7,0,7,0,0
401426343,2022,2022-10-08 23:00:00+00:00,Arkansas State,home,11,5,4.14,0.828,10,0,9,1,0,25,11,8.96,0.8145454545454546,21,7,14,0,0
401426579,2022,2022-10-08 23:00:00+00:00,Florida International,home,11,6,4.92,0.82,11,1,10,0,0,17,10,8.22,0.8220000000000001,15,4,10,1,0
401426343,2022,2022-10-08 23:00:00+00:00,James Madison,away,5,2,1.62,0.81,5,0,5,0,0,3,2,1.77,0.885,2,0,1,1,0
401426580,2022,2022-10-08 23:00:00+00:00,Louisiana Tech,home,9,3,2.44,0.8133333333333334,9,0,8,1,0,11,3,2.51,0.8366666666666666,9,3,6,0,0
401415234,2022,2022-10-08 23:00:00+00:00,New Mexico,home,7,2,1.6400000000000001,0.8200000000000001,5,0,5,0,0,12,5,4.21,0.842,11,4,6,1,0
401426346,2022,2022-10-08 23:00:00+00:00,Southern Miss,away,11,10,8.41,0.841,11,0,11,0,0,15,5,3.93,0.786,13,8,5,0,0
401426345,2022,2022-10-08 23:00:00+00:00,Texas State,home,15,5,4.07,0.8140000000000001,11,1,9,1,0,8,4,3.22,0.805,7,1,6,0,0
401426346,2022,2022-10-08 23:00:00+00:00,Troy,home,5,1,0.84,0.84,3,1,1,1,0,13,2,1.68,0.84,11,1,10,0,0
401426579,2022,2022-10-08 23:00:00+00:00,UConn,away,9,3,2.4699999999999998,0.8233333333333333,9,1,7,1,0,20,8,6.65,0.83125,19,6,13,0,0
401426580,2022,2022-10-08 23:00:00+00:00,UTEP,away,1,1,0.79,0.79,1,1,0,0,0,9,2,1.75,0.875,8,4,3,1,0
401415231,2022,2022-10-08 23:00:00+00:00,Utah State,home,8,6,5.09,0.8483333333333333,8,0,7,1,0,18,5,4.07,0.8140000000000001,16,10,6,0,0
401415234,2022,2022-10-08 23:00:00+00:00,Wyoming,away,3,2,1.6099999999999999,0.8049999999999999,3,1,2,0,0,13,8,6.98,0.8725,13,3,8,2,0
401404138,2022,2022-10-08 23:30:00+00:00,Army,away,0,0,0.0,,0,0,0,0,0,6,2,1.57,0.785,4,3,1,0,0
401404127,2022,2022-10-08 23:30:00+00:00,BYU,away,4,4,3.53,0.8825,4,0,3,1,0,10,2,1.58,0.79,9,2,7,0,0
401411131,2022,2022-10-08 23:30:00+00:00,Boston College,home,4,2,1.7,0.85,3,0,3,0,0,13,4,3.27,0.8175,11,0,11,0,0
401411131,2022,2022-10-08 23:30:00+00:00,Clemson,away,1,1,0.8,0.8,1,0,1,0,0,10,10,8.45,0.845,10,0,10,0,0
401405106,2022,2022-10-08 23:30:00+00:00,Illinois,home,8,3,2.51,0.8366666666666666,5,0,5,0,0,23,7,5.84,0.8342857142857143,19,1,17,1,0
401405106,2022,2022-10-08 23:30:00+00:00,Iowa,away,1,1,0.87,0.87,1,0,1,0,0,7,4,3.2800000000000002,0.8200000000000001,6,2,4,0,0
401404088,2022,2022-10-08 23:30:00+00:00,Iowa State,home,4,2,1.69,0.845,4,0,4,0,0,21,7,5.95,0.85,19,2,17,0,0
401404088,2022,2022-10-08 23:30:00+00:00,Kansas State,away,7,6,5.14,0.8566666666666666,6,0,5,1,0,17,10,8.28,0.828,16,1,14,1,0
401403912,2022,2022-10-08 23:30:00+00:00,Kentucky,home,9,6,5.29,0.8816666666666667,8,0,6,2,0,19,8,6.67,0.83375,19,2,15,2,0
401404127,2022,2022-10-08 23:30:00+00:00,Notre Dame,home,4,2,1.81,0.905,2,0,1,1,0,14,9,7.66,0.8511111111111112,14,0,13,1,0
401403912,2022,2022-10-08 23:30:00+00:00,South Carolina,away,10,9,8.05,0.8944444444444445,10,0,6,4,0,21,8,6.7,0.8375,19,1,15,3,0
401404012,2022,2022-10-08 23:30:00+00:00,USC,home,20,19,17.1,0.9,20,1,12,5,2,27,18,15.33,0.8516666666666667,25,4,15,6,0
401404138,2022,2022-10-08 23:30:00+00:00,Wake Forest,home,4,2,1.7,0.85,4,2,2,0,0,10,3,2.55,0.85,10,0,10,0,0
401404012,2022,2022-10-08 23:30:00+00:00,Washington State,away,9,4,3.5300000000000002,0.8825000000000001,6,0,5,1,0,30,10,8.35,0.835,18,1,17,0,0
401403909,2022,2022-10-09 00:00:00+00:00,Alabama,home,5,5,4.72,0.944,5,0,0,3,2,24,14,12.27,0.8764285714285714,22,2,12,8,0
401426344,2022,2022-10-09 00:00:00+00:00,Coastal Carolina,away,4,0,0.0,,4,1,3,0,0,16,2,1.7000000000000002,0.8500000000000001,16,6,10,0,0
401411134,2022,2022-10-09 00:00:00+00:00,Florida State,away,13,12,10.46,0.8716666666666667,12,0,10,2,0,28,11,9.16,0.8327272727272728,25,0,20,4,1
401411134,2022,2022-10-09 00:00:00+00:00,NC State,home,2,2,1.73,0.865,2,0,2,0,0,8,3,2.58,0.86,8,1,7,0,0
401403909,2022,2022-10-09 00:00:00+00:00,Texas A&M,away,2,1,0.92,0.92,2,0,1,1,0,13,8,6.88,0.86,10,0,8,1,1
401426344,2022,2022-10-09 00:00:00+00:00,UL Monroe,home,7,2,1.5899999999999999,0.7949999999999999,6,1,5,0,0,19,11,8.92,0.8109090909090909,19,7,12,0,0
401404008,2022,2022-10-09 01:00:00+00:00,Arizona,home,8,7,6.08,0.8685714285714285,8,0,7,1,0,27,7,5.74,0.8200000000000001,25,2,22,1,0
401404008,2022,2022-10-09 01:00:00+00:00,Oregon,away,12,9,7.86,0.8733333333333334,11,0,7,4,0,19,13,11.52,0.8861538461538461,16,2,10,4,0
401415232,2022,2022-10-09 01:45:00+00:00,Boise State,home,3,3,2.62,0.8733333333333334,3,0,3,0,0,6,2,1.69,0.845,5,0,5,0,0
401415232,2022,2022-10-09 01:45:00+00:00,Fresno State,away,12,7,6.04,0.8628571428571429,11,0,10,1,0,16,5,4.08,0.8160000000000001,14,3,11,0,0
401415235,2022,2022-10-09 02:30:00+00:00,Hawai'i,away,13,4,3.3200000000000003,0.8300000000000001,12,0,10,2,0,22,12,10.21,0.8508333333333334,19,4,13,2,0
401415235,2022,2022-10-09 02:30:00+00:00,San Diego State,home,6,2,1.71,0.855,6,0,6,0,0,9,4,3.27,0.8175,9,2,7,0,0
401404010,2022,2022-10-09 03:00:00+00:00,Oregon State,away,2,1,0.86,0.86,2,0,1,1,0,10,3,2.48,0.8266666666666667,9,1,8,0,0
401404010,2022,2022-10-09 03:00:00+00:00,Stanford,home,1,1,0.89,0.89,1,0,1,0,0,9,7,5.95,0.85,9,1,7,1,0
401426347,2022,2022-10-12 23:30:00+00:00,Louisiana,away,2,1,0.81,0.81,2,0,2,0,0,14,12,10.280000000000001,0.8566666666666668,14,4,6,4,0
401426347,2022,2022-10-12 23:30:00+00:00,Marshall,home,13,6,5.01,0.835,12,1,9,1,1,14,4,3.2800000000000002,0.8200000000000001,14,3,11,0,0
401404092,2022,2022-10-13 23:00:00+00:00,Baylor,away,3,2,1.8,0.9,3,1,1,1,0,8,3,2.63,0.8766666666666666,6,0,6,0,0
401415634,2022,2022-10-13 23:00:00+00:00,Temple,away,12,9,7.5,0.8333333333333334,10,2,8,0,0,18,5,4.17,0.834,16,4,11,1,0
401415634,2022,2022-10-13 23:00:00+00:00,UCF,home,14,9,7.99,0.8877777777777778,13,0,8,5,0,24,15,12.700000000000001,0.8466666666666668,24,1,21,2,0
401404092,2022,2022-10-13 23:00:00+00:00,West Virginia,home,11,6,5.18,0.8633333333333333,8,0,8,0,0,25,17,14.56,0.8564705882352941,24,0,22,2,0
401415635,2022,2022-10-14 23:30:00+00:00,Navy,away,0,0,0.0,,0,0,0,0,0,4,3,2.42,0.8066666666666666,4,3,1,0,0
401415635,2022,2022-10-14 23:30:00+00:00,SMU,home,16,15,13.0,0.8666666666666667,16,0,15,1,0,15,6,5.15,0.8583333333333334,13,1,11,1,0
401426584,2022,2022-10-15 00:00:00+00:00,Florida International,home,11,6,4.92,0.82,11,1,10,0,0,17,10,8.22,0.8220000000000001,15,4,10,1,0
401426584,2022,2022-10-15 00:00:00+00:00,UTSA,away,9,5,4.19,0.8380000000000001,9,0,9,0,0,9,2,1.62,0.81,8,0,8,0,0
401416619,2022,2022-10-15 16:00:00+00:00,Akron,home,15,8,6.61,0.82625,15,1,12,2,0,10,5,4.27,0.8539999999999999,9,2,7,0,0
401404139,2022,2022-10-15 16:00:00+00:00,Army,home,0,0,0.0,,0,0,0,0,0,6,2,1.57,0.785,4,3,1,0,0
401403920,2022,2022-10-15 16:00:00+00:00,Auburn,away,11,9,7.83,0.87,10,0,10,0,0,24,21,18.28,0.8704761904761905,24,0,19,5,0
401416622,2022,2022-10-15 16:00:00+00:00,Bowling Green,home,6,2,1.61,0.805,4,0,4,0,0,13,6,4.75,0.7916666666666666,13,7,6,0,0
401416619,2022,2022-10-15 16:00:00+00:00,Central Michigan,away,2,2,1.62,0.81,2,1,1,0,0,17,8,6.76,0.845,17,4,11,2,0
401426348,2022,2022-10-15 16:00:00+00:00,Coastal Carolina,home,4,0,0.0,,4,1,3,0,0,16,2,1.7000000000000002,0.8500000000000001,16,6,10,0,0
401404139,2022,2022-10-15 16:00:00+00:00,Colgate,away,1,0,0.0,,1,0,1,0,0,1,1,0.83,0.83,1,0,1,0,0
401405112,2022,2022-10-15 16:00:00+00:00,Illinois,home,8,3,2.51,0.8366666666666666,5,0,5,0,0,23,7,5.84,0.8342857142857143,19,1,17,1,0
401404093,2022,2022-10-15 16:00:00+00:00,Iowa State,away,4,2,1.69,0.845,4,0,4,0,0,21,7,5.95,0.85,19,2,17,0,0
401404094,2022,2022-10-15 16:00:00+00:00,Kansas,away,15,12,10.3,0.8583333333333334,13,0,13,0,0,23,4,3.3,0.825,19,0,18,1,0
401416622,2022,2022-10-15 16:00:00+00:00,Miami (OH),away,8,4,3.38,0.845,8,0,8,0,0,17,9,7.45,0.8277777777777778,15,5,9,1,0
401405115,2022,2022-10-15 16:00:00+00:00,Michigan,home,3,3,2.7,0.9,3,0,2,1,0,12,6,5.11,0.8516666666666667,10,0,8,2,0
401405112,2022,2022-10-15 16:00:00+00:00,Minnesota,away,8,6,5.15,0.8583333333333334,6,0,6,0,0,23,13,10.86,0.8353846153846154,22,2,19,1,0
401404094,2022,2022-10-15 16:00:00+00:00,Oklahoma,home,16,15,13.2,0.88,15,0,10,5,0,18,13,11.66,0.8969230769230769,16,0,6,9,1
401426348,2022,2022-10-15 16:00:00+00:00,Old Dominion,away,3,1,0.8,0.8,3,0,3,0,0,10,5,3.95,0.79,9,5,4,0,0
401403920,2022,2022-10-15 16:00:00+00:00,Ole Miss,home,17,16,14.32,0.895,17,1,7,9,0,23,17,14.23,0.8370588235294117,22,1,20,1,0
401405115,2022,2022-10-15 16:00:00+00:00,Penn State,away,3,2,1.78,0.89,3,0,2,1,0,15,6,5.08,0.8466666666666667,15,2,8,5,0
401404093,2022,2022-10-15 16:00:00+00:00,Texas,home,7,7,6.37,0.91,7,0,3,3,1,23,14,11.86,0.8471428571428571,22,0,18,4,0
401411140,2022,2022-10-15 16:30:00+00:00,Miami,away,11,11,9.68,0.88,11,0,10,1,0,18,12,10.19,0.8491666666666666,16,0,14,2,0
401411140,2022,2022-10-15 16:30:00+00:00,Virginia Tech,home,5,4,3.45,0.8625,5,0,4,1,0,17,5,4.23,0.8460000000000001,15,1,14,0,0
401414783,2022,2022-10-15 17:00:00+00:00,Buffalo,away,21,11,9.23,0.8390909090909091,18,2,16,0,0,27,15,12.370000000000001,0.8246666666666668,26,9,17,0,0
401414783,2022,2022-10-15 17:00:00+00:00,Massachusetts,home,19,12,9.790000000000001,0.8158333333333334,16,5,11,0,0,15,2,1.66,0.83,13,5,8,0,0
401404153,2022,2022-10-15 18:00:00+00:00,Ball State,home,5,2,1.67,0.835,4,1,3,0,0,10,0,0.0,,9,2,7,0,0
401404014,2022,2022-10-15 18:00:00+00:00,California,away,6,4,3.52,0.88,5,0,3,2,0,11,5,4.36,0.8720000000000001,10,1,8,1,0
401404014,2022,2022-10-15 18:00:00+00:00,Colorado,home,6,4,3.36,0.84,5,0,5,0,0,24,15,12.55,0.8366666666666667,23,2,19,2,0
401404153,2022,2022-10-15 18:00:00+00:00,UConn,away,9,3,2.4699999999999998,0.8233333333333333,9,1,7,1,0,20,8,6.65,0.83125,19,6,13,0,0
401403921,2022,2022-10-15 19:30:00+00:00,Alabama,away,5,5,4.72,0.944,5,0,0,3,2,24,14,12.27,0.8764285714285714,22,2,12,8,0
401403916,2022,2022-10-15 19:30:00+00:00,Arkansas,away,9,8,7.140000000000001,0.8925000000000001,9,0,4,5,0,22,8,6.8,0.85,21,3,12,6,0
401403916,2022,2022-10-15 19:30:00+00:00,BYU,home,4,4,3.53,0.8825,4,0,3,1,0,10,2,1.58,0.79,9,2,7,0,0
401426583,2022,2022-10-15 19:30:00+00:00,Charlotte,away,3,2,1.67,0.835,3,0,3,0,0,9,1,0.86,0.86,7,3,4,0,0
401416620,2022,2022-10-15 19:30:00+00:00,Eastern Michigan,home,5,4,3.25,0.8125,5,2,3,0,0,15,4,3.28,0.82,12,4,8,0,0
401404162,2022,2022-10-15 19:30:00+00:00,Gardner-Webb,away,1,0,0.0,,1,0,1,0,0,0,0,0.0,,0,0,0,0,0
401403918,2022,2022-10-15 19:30:00+00:00,Georgia,home,1,0,0.0,,1,1,0,0,0,14,10,8.95,0.8949999999999999,13,0,8,4,1
401405114,2022,2022-10-15 19:30:00+00:00,Indiana,home,13,10,8.49,0.849,12,0,10,2,0,34,16,13.13,0.820625,28,5,21,2,0
401416621,2022,2022-10-15 19:30:00+00:00,Kent State,away,4,4,3.25,0.8125,4,0,4,0,0,7,2,1.62,0.81,7,3,4,0,0
401404162,2022,2022-10-15 19:30:00+00:00,Liberty,home,13,7,5.83,0.8328571428571429,11,1,10,0,0,10,1,0.8,0.8,9,2,7,0,0
401405114,2022,2022-10-15 19:30:00+00:00,Maryland,away,6,2,1.72,0.86,5,0,3,2,0,27,11,9.23,0.8390909090909091,25,1,23,1,0
401426587,2022,2022-10-15 19:30:00+00:00,Middle Tennessee,home,10,4,3.32,0.83,10,0,10,0,0,18,4,3.3899999999999997,0.8474999999999999,12,1,10,1,0
401411139,2022,2022-10-15 19:30:00+00:00,NC State,away,2,2,1.73,0.865,2,0,2,0,0,8,3,2.58,0.86,8,1,7,0,0
401416620,2022,2022-10-15 19:30:00+00:00,Northern Illinois,away,3,1,0.8,0.8,3,1,2,0,0,5,2,1.7000000000000002,0.8500000000000001,4,1,3,0,0
401416623,2022,2022-10-15 19:30:00+00:00,Ohio,away,3,1,0.81,0.81,3,0,3,0,0,12,3,2.39,0.7966666666666667,11,3,8,0,0
401404095,2022,2022-10-15 19:30:00+00:00,Oklahoma State,away,5,3,2.56,0.8533333333333334,5,0,5,0,0,16,10,8.82,0.882,16,0,14,2,0
401411139,2022,2022-10-15 19:30:00+00:00,Syracuse,home,9,7,5.96,0.8514285714285714,8,0,8,0,0,18,12,9.93,0.8275,18,1,16,1,0
401404095,2022,2022-10-15 19:30:00+00:00,TCU,home,14,14,12.15,0.8678571428571429,14,0,12,2,0,17,12,10.39,0.8658333333333333,17,0,15,2,0
401403921,2022,2022-10-15 19:30:00+00:00,Tennessee,home,8,5,4.35,0.8699999999999999,8,0,7,1,0,22,7,5.97,0.8528571428571429,19,2,10,7,0
401426352,2022,2022-10-15 19:30:00+00:00,Texas State,away,15,5,4.07,0.8140000000000001,11,1,9,1,0,8,4,3.22,0.805,7,1,6,0,0
401416621,2022,2022-10-15 19:30:00+00:00,Toledo,home,7,3,2.49,0.8300000000000001,7,1,6,0,0,17,8,6.57,0.82125,17,4,13,0,0
401426352,2022,2022-10-15 19:30:00+00:00,Troy,home,5,1,0.84,0.84,3,1,1,1,0,13,2,1.68,0.84,11,1,10,0,0
401426583,2022,2022-10-15 19:30:00+00:00,UAB,home,2,2,1.72,0.86,2,0,2,0,0,10,4,3.44,0.86,8,0,8,0,0
401403918,2022,2022-10-15 19:30:00+00:00,Vanderbilt,away,6,5,4.26,0.852,5,0,5,0,0,20,11,9.32,0.8472727272727273,20,1,17,2,0
401426587,2022,2022-10-15 19:30:00+00:00,Western Kentucky,away,14,9,7.43,0.8255555555555555,12,1,11,0,0,19,9,7.5600000000000005,0.8400000000000001,17,5,10,2,0
401416623,2022,2022-10-15 19:30:00+00:00,Western Michigan,home,5,0,0.0,,5,1,4,0,0,8,2,1.62,0.81,8,3,5,0,0
401426349,2022,2022-10-15 20:00:00+00:00,Georgia Southern,home,11,2,1.65,0.825,7,1,6,0,0,18,2,1.56,0.78,17,4,12,1,0
401426349,2022,2022-10-15 20:00:00+00:00,James Madison,away,5,2,1.62,0.81,5,0,5,0,0,3,2,1.77,0.885,2,0,1,1,0
401426586,2022,2022-10-15 20:00:00+00:00,Louisiana Tech,away,9,3,2.44,0.8133333333333334,9,0,8,1,0,11,3,2.51,0.8366666666666666,9,3,6,0,0
401405116,2022,2022-10-15 20:00:00+00:00,Michigan State,home,10,7,6.23,0.89,10,1,6,3,0,23,12,10.04,0.8366666666666666,22,0,20,2,0
401426586,2022,2022-10-15 20:00:00+00:00,North Texas,home,10,7,5.82,0.8314285714285715,9,0,9,0,0,22,6,5.15,0.8583333333333334,21,1,20,0,0
401415636,2022,2022-10-15 20:00:00+00:00,South Florida,home,16,15,12.4,0.8266666666666667,16,0,16,0,0,22,9,7.3,0.8111111111111111,18,0,18,0,0
401415636,2022,2022-10-15 20:00:00+00:00,Tulane,away,9,6,5.13,0.855,8,0,8,0,0,10,4,3.45,0.8625,9,1,7,1,0
401405116,2022,2022-10-15 20:00:00+00:00,Wisconsin,away,6,6,5.15,0.8583333333333334,6,1,4,1,0,12,8,6.640000000000001,0.8300000000000001,11,1,10,0,0
401404013,2022,2022-10-15 21:30:00+00:00,Arizona,away,8,7,6.08,0.8685714285714285,8,0,7,1,0,27,7,5.74,0.8200000000000001,25,2,22,1,0
401404013,2022,2022-10-15 21:30:00+00:00,Washington,home,9,8,6.99,0.87375,8,0,7,1,0,20,10,8.51,0.851,18,2,13,2,0
401426585,2022,2022-10-15 22:00:00+00:00,Florida Atlantic,home,12,6,5.01,0.835,12,0,11,1,0,12,3,2.42,0.8066666666666666,11,2,9,0,0
401426585,2022,2022-10-15 22:00:00+00:00,Rice,away,7,3,2.52,0.84,6,0,5,1,0,15,8,6.52,0.815,13,5,8,0,0
401426351,2022,2022-10-15 23:00:00+00:00,Arkansas State,away,11,5,4.14,0.828,10,0,9,1,0,25,11,8.96,0.8145454545454546,21,7,14,0,0
401415238,2022,2022-10-15 23:00:00+00:00,Colorado State,home,11,6,5.01,0.835,10,0,10,0,0,22,5,4.09,0.818,18,5,13,0,0
401403917,2022,2022-10-15 23:00:00+00:00,Florida,home,9,8,7.04,0.88,9,0,5,4,0,18,14,12.15,0.8678571428571429,18,1,11,6,0
401403917,2022,2022-10-15 23:00:00+00:00,LSU,away,16,15,13.24,0.8826666666666667,15,1,8,6,0,19,12,10.76,0.8966666666666666,17,0,9,7,1
401426350,2022,2022-10-15 23:00:00+00:00,South Alabama,home,15,15,12.36,0.824,15,0,15,0,0,10,2,1.54,0.77,9,3,5,0,0
401426351,2022,2022-10-15 23:00:00+00:00,Southern Miss,home,11,10,8.41,0.841,11,0,11,0,0,15,5,3.93,0.786,13,8,5,0,0
401426350,2022,2022-10-15 23:00:00+00:00,UL Monroe,away,7,2,1.5899999999999999,0.7949999999999999,6,1,5,0,0,19,11,8.92,0.8109090909090909,19,7,12,0,0
401415238,2022,2022-10-15 23:00:00+00:00,Utah State,away,8,6,5.09,0.8483333333333333,8,0,7,1,0,18,5,4.07,0.8140000000000001,16,10,6,0,0
401411138,2022,2022-10-15 23:30:00+00:00,Clemson,away,1,1,0.8,0.8,1,0,1,0,0,10,10,8.45,0.845,10,0,10,0,0
401415637,2022,2022-10-15 23:30:00+00:00,East Carolina,home,14,8,6.529999999999999,0.8162499999999999,12,2,9,1,0,28,4,3.18,0.795,24,2,21,1,0
401411138,2022,2022-10-15 23:30:00+00:00,Florida State,home,13,12,10.46,0.8716666666666667,12,0,10,2,0,28,11,9.16,0.8327272727272728,25,0,20,4,1
401403919,2022,2022-10-15 23:30:00+00:00,Kentucky,home,9,6,5.29,0.8816666666666667,8,0,6,2,0,19,8,6.67,0.83375,19,2,15,2,0
401415637,2022,2022-10-15 23:30:00+00:00,Memphis,away,11,5,4.3,0.86,10,2,8,0,0,21,8,6.55,0.81875,21,3,17,1,0
401403919,2022,2022-10-15 23:30:00+00:00,Mississippi State,away,10,5,4.39,0.8779999999999999,9,2,4,3,0,24,11,9.379999999999999,0.8527272727272727,20,2,18,0,0
401405113,2022,2022-10-15 23:30:00+00:00,Nebraska,away,15,14,12.08,0.8628571428571429,15,2,10,3,0,20,10,8.62,0.8619999999999999,17,1,13,3,0
401404016,2022,2022-10-15 23:30:00+00:00,Notre Dame,home,4,2,1.81,0.905,2,0,1,1,0,14,9,7.66,0.8511111111111112,14,0,13,1,0
401405113,2022,2022-10-15 23:30:00+00:00,Purdue,home,10,6,5.07,0.8450000000000001,10,3,5,2,0,16,8,6.71,0.83875,16,1,13,2,0
401404016,2022,2022-10-15 23:30:00+00:00,Stanford,away,1,1,0.89,0.89,1,0,1,0,0,9,7,5.95,0.85,9,1,7,1,0
401411137,2022,2022-10-16 00:00:00+00:00,Duke,home,8,3,2.55,0.85,7,2,5,0,0,13,6,5.15,0.8583333333333334,13,0,13,0,0
401409239,2022,2022-10-16 00:00:00+00:00,New Mexico,away,7,2,1.6400000000000001,0.8200000000000001,5,0,5,0,0,12,5,4.21,0.842,11,4,6,1,0
401409239,2022,2022-10-16 00:00:00+00:00,New Mexico State,home,9,7,6.04,0.8628571428571429,8,0,8,0,0,16,7,5.91,0.8442857142857143,16,4,12,0,0
401411137,2022,2022-10-16 00:00:00+00:00,North Carolina,away,5,5,4.37,0.874,5,0,5,0,0,16,11,9.33,0.8481818181818181,14,0,12,2,0
401404017,2022,2022-10-16 00:00:00+00:00,USC,away,20,19,17.1,0.9,20,1,12,5,2,27,18,15.33,0.8516666666666667,25,4,15,6,0
401404017,2022,2022-10-16 00:00:00+00:00,Utah,home,5,5,4.36,0.8720000000000001,5,0,4,1,0,16,6,5.14,0.8566666666666666,16,1,13,2,0
401404015,2022,2022-10-16 01:00:00+00:00,Oregon State,home,2,1,0.86,0.86,2,0,1,1,0,10,3,2.48,0.8266666666666667,9,1,8,0,0
401404015,2022,2022-10-16 01:00:00+00:00,Washington State,away,9,4,3.5300000000000002,0.8825000000000001,6,0,5,1,0,30,10,8.35,0.835,18,1,17,0,0
401415237,2022,2022-10-16 02:30:00+00:00,Air Force,away,0,0,0.0,,0,0,0,0,0,9,2,1.52,0.76,6,3,3,0,0
401415237,2022,2022-10-16 02:30:00+00:00,UNLV,home,8,4,3.34,0.835,7,0,7,0,0,18,5,4.04,0.808,18,5,13,0,0
401415239,2022,2022-10-16 02:45:00+00:00,Fresno State,home,12,7,6.04,0.8628571428571429,11,0,10,1,0,16,5,4.08,0.8160000000000001,14,3,11,0,0
401415239,2022,2022-10-16 02:45:00+00:00,San José State,away,8,4,3.38,0.845,7,0,7,0,0,12,1,0.81,0.81,11,5,6,0,0
401415240,2022,2022-10-16 03:59:00+00:00,Hawai'i,home,13,4,3.3200000000000003,0.8300000000000001,12,0,10,2,0,22,12,10.21,0.8508333333333334,19,4,13,2,0
401415240,2022,2022-10-16 03:59:00+00:00,Nevada,away,16,1,0.89,0.89,11,3,6,2,0,19,9,7.63,0.8477777777777777,16,2,14,0,0
401426353,2022,2022-10-19 23:30:00+00:00,App State,home,9,3,2.48,0.8266666666666667,6,0,6,0,0,10,2,1.68,0.84,7,0,7,0,0
401426353,2022,2022-10-19 23:30:00+00:00,Georgia State,away,4,1,0.79,0.79,3,1,2,0,0,15,7,5.65,0.8071428571428572,14,8,6,0,0
401411141,2022,2022-10-20 23:30:00+00:00,Georgia Tech,home,18,12,10.379999999999999,0.8649999999999999,18,1,17,0,0,17,12,10.31,0.8591666666666667,17,0,14,2,1
401426354,2022,2022-10-20 23:30:00+00:00,South Alabama,home,15,15,12.36,0.824,15,0,15,0,0,10,2,1.54,0.77,9,3,5,0,0
401426354,2022,2022-10-20 23:30:00+00:00,Troy,away,5,1,0.84,0.84,3,1,1,1,0,13,2,1.68,0.84,11,1,10,0,0
401411141,2022,2022-10-20 23:30:00+00:00,Virginia,away,10,6,5.23,0.8716666666666667,10,0,8,2,0,23,16,13.629999999999999,0.8518749999999999,23,2,20,1,0
401415638,2022,2022-10-21 23:30:00+00:00,Temple,home,12,9,7.5,0.8333333333333334,10,2,8,0,0,18,5,4.17,0.834,16,4,11,1,0
401415638,2022,2022-10-21 23:30:00+00:00,Tulsa,away,7,3,2.54,0.8466666666666667,7,0,6,1,0,6,3,2.62,0.8733333333333334,6,1,4,1,0
401426592,2022,2022-10-22 00:00:00+00:00,UAB,away,2,2,1.72,0.86,2,0,2,0,0,10,4,3.44,0.86,8,0,8,0,0
401426592,2022,2022-10-22 00:00:00+00:00,Western Kentucky,home,14,9,7.43,0.8255555555555555,12,1,11,0,0,19,9,7.5600000000000005,0.8400000000000001,17,5,10,2,0
401416628,2022,2022-10-22 16:00:00+00:00,Akron,away,15,8,6.61,0.82625,15,1,12,2,0,10,5,4.27,0.8539999999999999,9,2,7,0,0
401404140,2022,2022-10-22 16:00:00+00:00,Army,home,0,0,0.0,,0,0,0,0,0,6,2,1.57,0.785,4,3,1,0,0
401404096,2022,2022-10-22 16:00:00+00:00,Baylor,home,3,2,1.8,0.9,3,1,1,1,0,8,3,2.63,0.8766666666666666,6,0,6,0,0
401415641,2022,2022-10-22 16:00:00+00:00,Cincinnati,away,7,5,4.36,0.8720000000000001,6,0,4,2,0,10,3,2.44,0.8133333333333334,9,1,8,0,0
401411142,2022,2022-10-22 16:00:00+00:00,Clemson,home,1,1,0.8,0.8,1,0,1,0,0,10,10,8.45,0.845,10,0,10,0,0
401415640,2022,2022-10-22 16:00:00+00:00,Houston,away,11,6,5.13,0.855,10,1,5,4,0,23,8,6.44,0.805,20,4,16,0,0
401405121,2022,2022-10-22 16:00:00+00:00,Indiana,away,13,10,8.49,0.849,12,0,10,2,0,34,16,13.13,0.820625,28,5,21,2,0
401405119,2022,2022-10-22 16:00:00+00:00,Iowa,away,1,1,0.87,0.87,1,0,1,0,0,7,4,3.2800000000000002,0.8200000000000001,6,2,4,0,0
401404096,2022,2022-10-22 16:00:00+00:00,Kansas,away,15,12,10.3,0.8583333333333334,13,0,13,0,0,23,4,3.3,0.825,19,0,18,1,0
401416628,2022,2022-10-22 16:00:00+00:00,Kent State,home,4,4,3.25,0.8125,4,0,4,0,0,7,2,1.62,0.81,7,3,4,0,0
401415640,2022,2022-10-22 16:00:00+00:00,Navy,home,0,0,0.0,,0,0,0,0,0,4,3,2.42,0.8066666666666666,4,3,1,0,0
401405119,2022,2022-10-22 16:00:00+00:00,Ohio State,home,3,2,1.8199999999999998,0.9099999999999999,3,0,2,1,0,20,14,12.24,0.8742857142857143,19,0,16,2,1
401405121,2022,2022-10-22 16:00:00+00:00,Rutgers,home,7,7,6.09,0.87,7,0,5,2,0,21,10,8.28,0.828,20,1,19,0,0
401415641,2022,2022-10-22 16:00:00+00:00,SMU,home,16,15,13.0,0.8666666666666667,16,0,15,1,0,15,6,5.15,0.8583333333333334,13,1,11,1,0
401411142,2022,2022-10-22 16:00:00+00:00,Syracuse,away,9,7,5.96,0.8514285714285714,8,0,8,0,0,18,12,9.93,0.8275,18,1,16,1,0
401403926,2022,2022-10-22 16:00:00+00:00,Tennessee,home,8,5,4.35,0.8699999999999999,8,0,7,1,0,22,7,5.97,0.8528571428571429,19,2,10,7,0
401404140,2022,2022-10-22 16:00:00+00:00,UL Monroe,away,7,2,1.5899999999999999,0.7949999999999999,6,1,5,0,0,19,11,8.92,0.8109090909090909,19,7,12,0,0
401403926,2022,2022-10-22 16:00:00+00:00,UT Martin,away,4,1,0.81,0.81,3,1,2,0,0,2,2,1.76,0.88,2,0,2,0,0
401411144,2022,2022-10-22 16:30:00+00:00,Duke,away,8,3,2.55,0.85,7,2,5,0,0,13,6,5.15,0.8583333333333334,13,0,13,0,0
401411144,2022,2022-10-22 16:30:00+00:00,Miami,home,11,11,9.68,0.88,11,0,10,1,0,18,12,10.19,0.8491666666666666,16,0,14,2,0
401416629,2022,2022-10-22 17:00:00+00:00,Bowling Green,away,6,2,1.61,0.805,4,0,4,0,0,13,6,4.75,0.7916666666666666,13,7,6,0,0
401416626,2022,2022-10-22 17:00:00+00:00,Buffalo,home,21,11,9.23,0.8390909090909091,18,2,16,0,0,27,15,12.370000000000001,0.8246666666666668,26,9,17,0,0
401416629,2022,2022-10-22 17:00:00+00:00,Central Michigan,home,2,2,1.62,0.81,2,1,1,0,0,17,8,6.76,0.845,17,4,11,2,0
401416626,2022,2022-10-22 17:00:00+00:00,Toledo,away,7,3,2.49,0.8300000000000001,7,1,6,0,0,17,8,6.57,0.82125,17,4,13,0,0
401416624,2022,2022-10-22 18:00:00+00:00,Ball State,home,5,2,1.67,0.835,4,1,3,0,0,10,0,0.0,,9,2,7,0,0
401416624,2022,2022-10-22 18:00:00+00:00,Eastern Michigan,away,5,4,3.25,0.8125,5,2,3,0,0,15,4,3.28,0.82,12,4,8,0,0
401416625,2022,2022-10-22 18:00:00+00:00,Northern Illinois,away,3,1,0.8,0.8,3,1,2,0,0,5,2,1.7000000000000002,0.8500000000000001,4,1,3,0,0
401416625,2022,2022-10-22 18:00:00+00:00,Ohio,home,3,1,0.81,0.81,3,0,3,0,0,12,3,2.39,0.7966666666666667,11,3,8,0,0
401404128,2022,2022-10-22 18:30:00+00:00,Notre Dame,home,4,2,1.81,0.905,2,0,1,1,0,14,9,7.66,0.8511111111111112,14,0,13,1,0
401404128,2022,2022-10-22 18:30:00+00:00,UNLV,away,8,4,3.34,0.835,7,0,7,0,0,18,5,4.04,0.808,18,5,13,0,0
401426590,2022,2022-10-22 19:00:00+00:00,Louisiana Tech,home,9,3,2.44,0.8133333333333334,9,0,8,1,0,11,3,2.51,0.8366666666666666,9,3,6,0,0
401426590,2022,2022-10-22 19:00:00+00:00,Rice,away,7,3,2.52,0.84,6,0,5,1,0,15,8,6.52,0.815,13,5,8,0,0
401404099,2022,2022-10-22 19:00:00+00:00,Texas Tech,home,14,11,9.34,0.8490909090909091,14,1,12,1,0,8,3,2.4299999999999997,0.8099999999999999,8,2,6,0,0
401404099,2022,2022-10-22 19:00:00+00:00,West Virginia,away,11,6,5.18,0.8633333333333333,8,0,8,0,0,25,17,14.56,0.8564705882352941,24,0,22,2,0
401404163,2022,2022-10-22 19:30:00+00:00,BYU,away,4,4,3.53,0.8825,4,0,3,1,0,10,2,1.58,0.79,9,2,7,0,0
401411145,2022,2022-10-22 19:30:00+00:00,Boston College,away,4,2,1.7,0.85,3,0,3,0,0,13,4,3.27,0.8175,11,0,11,0,0
401426588,2022,2022-10-22 19:30:00+00:00,Charlotte,home,3,2,1.67,0.835,3,0,3,0,0,9,1,0.86,0.86,7,3,4,0,0
401426588,2022,2022-10-22 19:30:00+00:00,Florida International,away,11,6,4.92,0.82,11,1,10,0,0,17,10,8.22,0.8220000000000001,15,4,10,1,0
401426356,2022,2022-10-22 19:30:00+00:00,Georgia Southern,away,11,2,1.65,0.825,7,1,6,0,0,18,2,1.56,0.78,17,4,12,1,0
401426355,2022,2022-10-22 19:30:00+00:00,James Madison,home,5,2,1.62,0.81,5,0,5,0,0,3,2,1.77,0.885,2,0,1,1,0
401403923,2022,2022-10-22 19:30:00+00:00,LSU,home,16,15,13.24,0.8826666666666667,15,1,8,6,0,19,12,10.76,0.8966666666666666,17,0,9,7,1
401404163,2022,2022-10-22 19:30:00+00:00,Liberty,home,13,7,5.83,0.8328571428571429,11,1,10,0,0,10,1,0.8,0.8,9,2,7,0,0
401426355,2022,2022-10-22 19:30:00+00:00,Marshall,away,13,6,5.01,0.835,12,1,9,1,1,14,4,3.2800000000000002,0.8200000000000001,14,3,11,0,0
401405118,2022,2022-10-22 19:30:00+00:00,Maryland,home,6,2,1.72,0.86,5,0,3,2,0,27,11,9.23,0.8390909090909091,25,1,23,1,0
401415639,2022,2022-10-22 19:30:00+00:00,Memphis,away,11,5,4.3,0.86,10,2,8,0,0,21,8,6.55,0.81875,21,3,17,1,0
401416627,2022,2022-10-22 19:30:00+00:00,Miami (OH),home,8,4,3.38,0.845,8,0,8,0,0,17,9,7.45,0.8277777777777778,15,5,9,1,0
401426591,2022,2022-10-22 19:30:00+00:00,North Texas,away,10,7,5.82,0.8314285714285715,9,0,9,0,0,22,6,5.15,0.8583333333333334,21,1,20,0,0
401405118,2022,2022-10-22 19:30:00+00:00,Northwestern,away,6,5,4.1,0.82,5,0,5,0,0,9,9,7.46,0.8288888888888889,9,1,7,1,0
401404098,2022,2022-10-22 19:30:00+00:00,Oklahoma State,home,5,3,2.56,0.8533333333333334,5,0,5,0,0,16,10,8.82,0.882,16,0,14,2,0
401426356,2022,2022-10-22 19:30:00+00:00,Old Dominion,home,3,1,0.8,0.8,3,0,3,0,0,10,5,3.95,0.79,9,5,4,0,0
401403923,2022,2022-10-22 19:30:00+00:00,Ole Miss,away,17,16,14.32,0.895,17,1,7,9,0,23,17,14.23,0.8370588235294117,22,1,20,1,0
401404021,2022,2022-10-22 19:30:00+00:00,Oregon,home,12,9,7.86,0.8733333333333334,11,0,7,4,0,19,13,11.52,0.8861538461538461,16,2,10,4,0
401405117,2022,2022-10-22 19:30:00+00:00,Purdue,away,10,6,5.07,0.8450000000000001,10,3,5,2,0,16,8,6.71,0.83875,16,1,13,2,0
401404098,2022,2022-10-22 19:30:00+00:00,Texas,away,7,7,6.37,0.91,7,0,3,3,1,23,14,11.86,0.8471428571428571,22,0,18,4,0
401415639,2022,2022-10-22 19:30:00+00:00,Tulane,home,9,6,5.13,0.855,8,0,8,0,0,10,4,3.45,0.8625,9,1,7,1,0
401404021,2022,2022-10-22 19:30:00+00:00,UCLA,away,13,12,10.61,0.8841666666666667,13,0,12,1,0,21,12,10.34,0.8616666666666667,21,0,20,1,0
401426591,2022,2022-10-22 19:30:00+00:00,UTSA,home,9,5,4.19,0.8380000000000001,9,0,9,0,0,9,2,1.62,0.81,8,0,8,0,0
401411145,2022,2022-10-22 19:30:00+00:00,Wake Forest,home,4,2,1.7,0.85,4,2,2,0,0,10,3,2.55,0.85,10,0,10,0,0
401416627,2022,2022-10-22 19:30:00+00:00,Western Michigan,away,5,0,0.0,,5,1,4,0,0,8,2,1.62,0.81,8,3,5,0,0
401405117,2022,2022-10-22 19:30:00+00:00,Wisconsin,home,6,6,5.15,0.8583333333333334,6,1,4,1,0,12,8,6.640000000000001,0.8300000000000001,11,1,10,0,0
401404018,2022,2022-10-22 20:00:00+00:00,Arizona State,away,13,13,11.24,0.8646153846153847,13,0,12,1,0,21,14,12.15,0.8678571428571429,19,2,13,4,0
401415242,2022,2022-10-22 20:00:00+00:00,Colorado State,home,11,6,5.01,0.835,10,0,10,0,0,22,5,4.09,0.818,18,5,13,0,0
401426589,2022,2022-10-22 20:00:00+00:00,Florida Atlantic,away,12,6,5.01,0.835,12,0,11,1,0,12,3,2.42,0.8066666666666666,11,2,9,0,0
401415242,2022,2022-10-22 20:00:00+00:00,Hawai'i,away,13,4,3.3200000000000003,0.8300000000000001,12,0,10,2,0,22,12,10.21,0.8508333333333334,19,4,13,2,0
401403924,2022,2022-10-22 20:00:00+00:00,Missouri,home,13,12,10.3,0.8583333333333334,13,1,11,1,0,17,11,9.36,0.8509090909090908,17,0,15,2,0
401404018,2022,2022-10-22 20:00:00+00:00,Stanford,home,1,1,0.89,0.89,1,0,1,0,0,9,7,5.95,0.85,9,1,7,1,0
401426589,2022,2022-10-22 20:00:00+00:00,UTEP,home,1,1,0.79,0.79,1,1,0,0,0,9,2,1.75,0.875,8,4,3,1,0
401403924,2022,2022-10-22 20:00:00+00:00,Vanderbilt,away,6,5,4.26,0.852,5,0,5,0,0,20,11,9.32,0.8472727272727273,20,1,17,2,0
401426357,2022,2022-10-22 21:00:00+00:00,Arkansas State,away,11,5,4.14,0.828,10,0,9,1,0,25,11,8.96,0.8145454545454546,21,7,14,0,0
401426357,2022,2022-10-22 21:00:00+00:00,Louisiana,home,2,1,0.81,0.81,2,0,2,0,0,14,12,10.280000000000001,0.8566666666666668,14,4,6,4,0
401426358,2022,2022-10-22 21:00:00+00:00,Southern Miss,away,11,10,8.41,0.841,11,0,11,0,0,15,5,3.93,0.786,13,8,5,0,0
401426358,2022,2022-10-22 21:00:00+00:00,Texas State,home,15,5,4.07,0.8140000000000001,11,1,9,1,0,8,4,3.22,0.805,7,1,6,0,0
401415243,2022,2022-10-22 22:30:00+00:00,Fresno State,away,12,7,6.04,0.8628571428571429,11,0,10,1,0,16,5,4.08,0.8160000000000001,14,3,11,0,0
401415243,2022,2022-10-22 22:30:00+00:00,New Mexico,home,7,2,1.6400000000000001,0.8200000000000001,5,0,5,0,0,12,5,4.21,0.842,11,4,6,1,0
401415241,2022,2022-10-22 23:00:00+00:00,Air Force,home,0,0,0.0,,0,0,0,0,0,9,2,1.52,0.76,6,3,3,0,0
401403922,2022,2022-10-22 23:00:00+00:00,Alabama,home,5,5,4.72,0.944,5,0,0,3,2,24,14,12.27,0.8764285714285714,22,2,12,8,0
401415241,2022,2022-10-22 23:00:00+00:00,Boise State,away,3,3,2.62,0.8733333333333334,3,0,3,0,0,6,2,1.69,0.845,5,0,5,0,0
401403922,2022,2022-10-22 23:00:00+00:00,Mississippi State,away,10,5,4.39,0.8779999999999999,9,2,4,3,0,24,11,9.379999999999999,0.8527272727272727,20,2,18,0,0
401415642,2022,2022-10-22 23:30:00+00:00,East Carolina,home,14,8,6.529999999999999,0.8162499999999999,12,2,9,1,0,28,4,3.18,0.795,24,2,21,1,0
401405120,2022,2022-10-22 23:30:00+00:00,Minnesota,away,8,6,5.15,0.8583333333333334,6,0,6,0,0,23,13,10.86,0.8353846153846154,22,2,19,1,0
401405120,2022,2022-10-22 23:30:00+00:00,Penn State,home,3,2,1.78,0.89,3,0,2,1,0,15,6,5.08,0.8466666666666667,15,2,8,5,0
401403925,2022,2022-10-22 23:30:00+00:00,South Carolina,home,10,9,8.05,0.8944444444444445,10,0,6,4,0,21,8,6.7,0.8375,19,1,15,3,0
401403925,2022,2022-10-22 23:30:00+00:00,Texas A&M,away,2,1,0.92,0.92,2,0,1,1,0,13,8,6.88,0.86,10,0,8,1,1
401415642,2022,2022-10-22 23:30:00+00:00,UCF,away,14,9,7.99,0.8877777777777778,13,0,8,5,0,24,15,12.700000000000001,0.8466666666666668,24,1,21,2,0
401404020,2022,2022-10-23 00:00:00+00:00,Colorado,away,6,4,3.36,0.84,5,0,5,0,0,24,15,12.55,0.8366666666666667,23,2,19,2,0
401404097,2022,2022-10-23 00:00:00+00:00,Kansas State,away,7,6,5.14,0.8566666666666666,6,0,5,1,0,17,10,8.28,0.828,16,1,14,1,0
401411143,2022,2022-10-23 00:00:00+00:00,Louisville,home,13,10,8.75,0.875,11,1,7,3,0,18,12,10.1,0.8416666666666667,18,2,15,1,0
401404020,2022,2022-10-23 00:00:00+00:00,Oregon State,home,2,1,0.86,0.86,2,0,1,1,0,10,3,2.48,0.8266666666666667,9,1,8,0,0
401411143,2022,2022-10-23 00:00:00+00:00,Pittsburgh,away,7,5,4.36,0.8720000000000001,7,0,6,1,0,17,8,6.82,0.8525,17,1,13,2,1
401404097,2022,2022-10-23 00:00:00+00:00,TCU,home,14,14,12.15,0.8678571428571429,14,0,12,2,0,17,12,10.39,0.8658333333333333,17,0,15,2,0
401415244,2022,2022-10-23 01:45:00+00:00,Utah State,away,8,6,5.09,0.8483333333333333,8,0,7,1,0,18,5,4.07,0.8140000000000001,16,10,6,0,0
401415244,2022,2022-10-23 01:45:00+00:00,Wyoming,home,3,2,1.6099999999999999,0.8049999999999999,3,1,2,0,0,13,8,6.98,0.8725,13,3,8,2,0
401404019,2022,2022-10-23 02:30:00+00:00,California,home,6,4,3.52,0.88,5,0,3,2,0,11,5,4.36,0.8720000000000001,10,1,8,1,0
401415245,2022,2022-10-23 02:30:00+00:00,Nevada,home,16,1,0.89,0.89,11,3,6,2,0,19,9,7.63,0.8477777777777777,16,2,14,0,0
401415245,2022,2022-10-23 02:30:00+00:00,San Diego State,away,6,2,1.71,0.855,6,0,6,0,0,9,4,3.27,0.8175,9,2,7,0,0
401404019,2022,2022-10-23 02:30:00+00:00,Washington,away,9,8,6.99,0.87375,8,0,7,1,0,20,10,8.51,0.851,18,2,13,2,0
401426359,2022,2022-10-27 23:30:00+00:00,Louisiana,away,2,1,0.81,0.81,2,0,2,0,0,14,12,10.280000000000001,0.8566666666666668,14,4,6,4,0
401411146,2022,2022-10-27 23:30:00+00:00,NC State,home,2,2,1.73,0.865,2,0,2,0,0,8,3,2.58,0.86,8,1,7,0,0
401426359,2022,2022-10-27 23:30:00+00:00,Southern Miss,home,11,10,8.41,0.841,11,0,11,0,0,15,5,3.93,0.786,13,8,5,0,0
401411146,2022,2022-10-27 23:30:00+00:00,Virginia Tech,away,5,4,3.45,0.8625,5,0,4,1,0,17,5,4.23,0.8460000000000001,15,1,14,0,0
401404026,2022,2022-10-28 02:00:00+00:00,Utah,away,5,5,4.36,0.8720000000000001,5,0,4,1,0,16,6,5.14,0.8566666666666666,16,1,13,2,0
401404026,2022,2022-10-28 02:00:00+00:00,Washington State,home,9,4,3.5300000000000002,0.8825000000000001,6,0,5,1,0,30,10,8.35,0.835,18,1,17,0,0
401415645,2022,2022-10-29 00:00:00+00:00,BYU,home,4,4,3.53,0.8825,4,0,3,1,0,10,2,1.58,0.79,9,2,7,0,0
401415645,2022,2022-10-29 00:00:00+00:00,East Carolina,away,14,8,6.529999999999999,0.8162499999999999,12,2,9,1,0,28,4,3.18,0.795,24,2,21,1,0
401426594,2022,2022-10-29 00:00:00+00:00,Florida International,home,11,6,4.92,0.82,11,1,10,0,0,17,10,8.22,0.8220000000000001,15,4,10,1,0
401426594,2022,2022-10-29 00:00:00+00:00,Louisiana Tech,away,9,3,2.44,0.8133333333333334,9,0,8,1,0,11,3,2.51,0.8366666666666666,9,3,6,0,0
401416631,2022,2022-10-29 16:00:00+00:00,Akron,home,15,8,6.61,0.82625,15,1,12,2,0,10,5,4.27,0.8539999999999999,9,2,7,0,0
401403927,2022,2022-10-29 16:00:00+00:00,Arkansas,away,9,8,7.140000000000001,0.8925000000000001,9,0,4,5,0,22,8,6.8,0.85,21,3,12,6,0
401403927,2022,2022-10-29 16:00:00+00:00,Auburn,home,11,9,7.83,0.87,10,0,10,0,0,24,21,18.28,0.8704761904761905,24,0,19,5,0
401404154,2022,2022-10-29 16:00:00+00:00,Boston College,away,4,2,1.7,0.85,3,0,3,0,0,13,4,3.27,0.8175,11,0,11,0,0
401416630,2022,2022-10-29 16:00:00+00:00,Eastern Michigan,home,5,4,3.25,0.8125,5,2,3,0,0,15,4,3.28,0.82,12,4,8,0,0
401411147,2022,2022-10-29 16:00:00+00:00,Florida State,home,13,12,10.46,0.8716666666666667,12,0,10,2,0,28,11,9.16,0.8327272727272728,25,0,20,4,1
401411147,2022,2022-10-29 16:00:00+00:00,Georgia Tech,away,18,12,10.379999999999999,0.8649999999999999,18,1,17,0,0,17,12,10.31,0.8591666666666667,17,0,14,2,1
401415643,2022,2022-10-29 16:00:00+00:00,Houston,home,11,6,5.13,0.855,10,1,5,4,0,23,8,6.44,0.805,20,4,16,0,0
401404100,2022,2022-10-29 16:00:00+00:00,Iowa State,home,4,2,1.69,0.845,4,0,4,0,0,21,7,5.95,0.85,19,2,17,0,0
401416631,2022,2022-10-29 16:00:00+00:00,Miami (OH),away,8,4,3.38,0.845,8,0,8,0,0,17,9,7.45,0.8277777777777778,15,5,9,1,0
401404129,2022,2022-10-29 16:00:00+00:00,Notre Dame,away,4,2,1.81,0.905,2,0,1,1,0,14,9,7.66,0.8511111111111112,14,0,13,1,0
401405126,2022,2022-10-29 16:00:00+00:00,Ohio State,away,3,2,1.8199999999999998,0.9099999999999999,3,0,2,1,0,20,14,12.24,0.8742857142857143,19,0,16,2,1
401404100,2022,2022-10-29 16:00:00+00:00,Oklahoma,away,16,15,13.2,0.88,15,0,10,5,0,18,13,11.66,0.8969230769230769,16,0,6,9,1
401405126,2022,2022-10-29 16:00:00+00:00,Penn State,home,3,2,1.78,0.89,3,0,2,1,0,15,6,5.08,0.8466666666666667,15,2,8,5,0
401415643,2022,2022-10-29 16:00:00+00:00,South Florida,away,16,15,12.4,0.8266666666666667,16,0,16,0,0,22,9,7.3,0.8111111111111111,18,0,18,0,0
401404129,2022,2022-10-29 16:00:00+00:00,Syracuse,home,9,7,5.96,0.8514285714285714,8,0,8,0,0,18,12,9.93,0.8275,18,1,16,1,0
401404103,2022,2022-10-29 16:00:00+00:00,TCU,away,14,14,12.15,0.8678571428571429,14,0,12,2,0,17,12,10.39,0.8658333333333333,17,0,15,2,0
401416630,2022,2022-10-29 16:00:00+00:00,Toledo,away,7,3,2.49,0.8300000000000001,7,1,6,0,0,17,8,6.57,0.82125,17,4,13,0,0
401404154,2022,2022-10-29 16:00:00+00:00,UConn,home,9,3,2.4699999999999998,0.8233333333333333,9,1,7,1,0,20,8,6.65,0.83125,19,6,13,0,0
401404103,2022,2022-10-29 16:00:00+00:00,West Virginia,home,11,6,5.18,0.8633333333333333,8,0,8,0,0,25,17,14.56,0.8564705882352941,24,0,22,2,0
401411150,2022,2022-10-29 16:30:00+00:00,Miami,away,11,11,9.68,0.88,11,0,10,1,0,18,12,10.19,0.8491666666666666,16,0,14,2,0
401411150,2022,2022-10-29 16:30:00+00:00,Virginia,home,10,6,5.23,0.8716666666666667,10,0,8,2,0,23,16,13.629999999999999,0.8518749999999999,23,2,20,1,0
401426593,2022,2022-10-29 18:00:00+00:00,Charlotte,away,3,2,1.67,0.835,3,0,3,0,0,9,1,0.86,0.86,7,3,4,0,0
401426593,2022,2022-10-29 18:00:00+00:00,Rice,home,7,3,2.52,0.84,6,0,5,1,0,15,8,6.52,0.815,13,5,8,0,0
401405123,2022,2022-10-29 18:30:00+00:00,Minnesota,home,8,6,5.15,0.8583333333333334,6,0,6,0,0,23,13,10.86,0.8353846153846154,22,2,19,1,0
401405123,2022,2022-10-29 18:30:00+00:00,Rutgers,away,7,7,6.09,0.87,7,0,5,2,0,21,10,8.28,0.828,20,1,19,0,0
401426361,2022,2022-10-29 19:00:00+00:00,Georgia State,home,4,1,0.79,0.79,3,1,2,0,0,15,7,5.65,0.8071428571428572,14,8,6,0,0
401426361,2022,2022-10-29 19:00:00+00:00,Old Dominion,away,3,1,0.8,0.8,3,0,3,0,0,10,5,3.95,0.79,9,5,4,0,0
401426360,2022,2022-10-29 19:30:00+00:00,App State,home,9,3,2.48,0.8266666666666667,6,0,6,0,0,10,2,1.68,0.84,7,0,7,0,0
401404024,2022,2022-10-29 19:30:00+00:00,California,home,6,4,3.52,0.88,5,0,3,2,0,11,5,4.36,0.8720000000000001,10,1,8,1,0
401415644,2022,2022-10-29 19:30:00+00:00,Cincinnati,away,7,5,4.36,0.8720000000000001,6,0,4,2,0,10,3,2.44,0.8133333333333334,9,1,8,0,0
401403928,2022,2022-10-29 19:30:00+00:00,Florida,away,9,8,7.04,0.88,9,0,5,4,0,18,14,12.15,0.8678571428571429,18,1,11,6,0
401403928,2022,2022-10-29 19:30:00+00:00,Georgia,home,1,0,0.0,,1,1,0,0,0,14,10,8.95,0.8949999999999999,13,0,8,4,1
401405124,2022,2022-10-29 19:30:00+00:00,Illinois,away,8,3,2.51,0.8366666666666666,5,0,5,0,0,23,7,5.84,0.8342857142857143,19,1,17,1,0
401405122,2022,2022-10-29 19:30:00+00:00,Iowa,home,1,1,0.87,0.87,1,0,1,0,0,7,4,3.2800000000000002,0.8200000000000001,6,2,4,0,0
401404102,2022,2022-10-29 19:30:00+00:00,Kansas State,home,7,6,5.14,0.8566666666666666,6,0,5,1,0,17,10,8.28,0.828,16,1,14,1,0
401411148,2022,2022-10-29 19:30:00+00:00,Louisville,home,13,10,8.75,0.875,11,1,7,3,0,18,12,10.1,0.8416666666666667,18,2,15,1,0
401409242,2022,2022-10-29 19:30:00+00:00,Massachusetts,home,19,12,9.790000000000001,0.8158333333333334,16,5,11,0,0,15,2,1.66,0.83,13,5,8,0,0
401415646,2022,2022-10-29 19:30:00+00:00,Navy,home,0,0,0.0,,0,0,0,0,0,4,3,2.42,0.8066666666666666,4,3,1,0,0
401405124,2022,2022-10-29 19:30:00+00:00,Nebraska,home,15,14,12.08,0.8628571428571429,15,2,10,3,0,20,10,8.62,0.8619999999999999,17,1,13,3,0
401409242,2022,2022-10-29 19:30:00+00:00,New Mexico State,away,9,7,6.04,0.8628571428571429,8,0,8,0,0,16,7,5.91,0.8442857142857143,16,4,12,0,0
401426597,2022,2022-10-29 19:30:00+00:00,North Texas,away,10,7,5.82,0.8314285714285715,9,0,9,0,0,22,6,5.15,0.8583333333333334,21,1,20,0,0
401405122,2022,2022-10-29 19:30:00+00:00,Northwestern,away,6,5,4.1,0.82,5,0,5,0,0,9,9,7.46,0.8288888888888889,9,1,7,1,0
401404102,2022,2022-10-29 19:30:00+00:00,Oklahoma State,away,5,3,2.56,0.8533333333333334,5,0,5,0,0,16,10,8.82,0.882,16,0,14,2,0
401404024,2022,2022-10-29 19:30:00+00:00,Oregon,away,12,9,7.86,0.8733333333333334,11,0,7,4,0,19,13,11.52,0.8861538461538461,16,2,10,4,0
401426360,2022,2022-10-29 19:30:00+00:00,Robert Morris,away,0,0,0.0,,0,0,0,0,0,1,0,0.0,,0,0,0,0,0
401415647,2022,2022-10-29 19:30:00+00:00,SMU,away,16,15,13.0,0.8666666666666667,16,0,15,1,0,15,6,5.15,0.8583333333333334,13,1,11,1,0
401415646,2022,2022-10-29 19:30:00+00:00,Temple,away,12,9,7.5,0.8333333333333334,10,2,8,0,0,18,5,4.17,0.834,16,4,11,1,0
401415647,2022,2022-10-29 19:30:00+00:00,Tulsa,home,7,3,2.54,0.8466666666666667,7,0,6,1,0,6,3,2.62,0.8733333333333334,6,1,4,1,0
401415644,2022,2022-10-29 19:30:00+00:00,UCF,home,14,9,7.99,0.8877777777777778,13,0,8,5,0,24,15,12.700000000000001,0.8466666666666668,24,1,21,2,0
401411148,2022,2022-10-29 19:30:00+00:00,Wake Forest,away,4,2,1.7,0.85,4,2,2,0,0,10,3,2.55,0.85,10,0,10,0,0
401426597,2022,2022-10-29 19:30:00+00:00,Western Kentucky,home,14,9,7.43,0.8255555555555555,12,1,11,0,0,19,9,7.5600000000000005,0.8400000000000001,17,5,10,2,0
401426363,2022,2022-10-29 20:00:00+00:00,Arkansas State,home,11,5,4.14,0.828,10,0,9,1,0,25,11,8.96,0.8145454545454546,21,7,14,0,0
401403929,2022,2022-10-29 20:00:00+00:00,Missouri,away,13,12,10.3,0.8583333333333334,13,1,11,1,0,17,11,9.36,0.8509090909090908,17,0,15,2,0
401426363,2022,2022-10-29 20:00:00+00:00,South Alabama,away,15,15,12.36,0.824,15,0,15,0,0,10,2,1.54,0.77,9,3,5,0,0
401403929,2022,2022-10-29 20:00:00+00:00,South Carolina,home,10,9,8.05,0.8944444444444445,10,0,6,4,0,21,8,6.7,0.8375,19,1,15,3,0
401404022,2022,2022-10-29 23:00:00+00:00,Arizona,home,8,7,6.08,0.8685714285714285,8,0,7,1,0,27,7,5.74,0.8200000000000001,25,2,22,1,0
401415246,2022,2022-10-29 23:00:00+00:00,Boise State,home,3,3,2.62,0.8733333333333334,3,0,3,0,0,6,2,1.69,0.845,5,0,5,0,0
401426362,2022,2022-10-29 23:00:00+00:00,Coastal Carolina,away,4,0,0.0,,4,1,3,0,0,16,2,1.7000000000000002,0.8500000000000001,16,6,10,0,0
401415246,2022,2022-10-29 23:00:00+00:00,Colorado State,away,11,6,5.01,0.835,10,0,10,0,0,22,5,4.09,0.818,18,5,13,0,0
401426595,2022,2022-10-29 23:00:00+00:00,Florida Atlantic,home,12,6,5.01,0.835,12,0,11,1,0,12,3,2.42,0.8066666666666666,11,2,9,0,0
401403930,2022,2022-10-29 23:00:00+00:00,Kentucky,away,9,6,5.29,0.8816666666666667,8,0,6,2,0,19,8,6.67,0.83375,19,2,15,2,0
401426362,2022,2022-10-29 23:00:00+00:00,Marshall,home,13,6,5.01,0.835,12,1,9,1,1,14,4,3.2800000000000002,0.8200000000000001,14,3,11,0,0
401403930,2022,2022-10-29 23:00:00+00:00,Tennessee,home,8,5,4.35,0.8699999999999999,8,0,7,1,0,22,7,5.97,0.8528571428571429,19,2,10,7,0
401426595,2022,2022-10-29 23:00:00+00:00,UAB,away,2,2,1.72,0.86,2,0,2,0,0,10,4,3.44,0.86,8,0,8,0,0
401404022,2022,2022-10-29 23:00:00+00:00,USC,away,20,19,17.1,0.9,20,1,12,5,2,27,18,15.33,0.8516666666666667,25,4,15,6,0
401404023,2022,2022-10-29 23:30:00+00:00,Arizona State,away,13,13,11.24,0.8646153846153847,13,0,12,1,0,21,14,12.15,0.8678571428571429,19,2,13,4,0
401404101,2022,2022-10-29 23:30:00+00:00,Baylor,away,3,2,1.8,0.9,3,1,1,1,0,8,3,2.63,0.8766666666666666,6,0,6,0,0
401404023,2022,2022-10-29 23:30:00+00:00,Colorado,home,6,4,3.36,0.84,5,0,5,0,0,24,15,12.55,0.8366666666666667,23,2,19,2,0
401405125,2022,2022-10-29 23:30:00+00:00,Michigan,home,3,3,2.7,0.9,3,0,2,1,0,12,6,5.11,0.8516666666666667,10,0,8,2,0
401405125,2022,2022-10-29 23:30:00+00:00,Michigan State,away,10,7,6.23,0.89,10,1,6,3,0,23,12,10.04,0.8366666666666666,22,0,20,2,0
401403931,2022,2022-10-29 23:30:00+00:00,Ole Miss,away,17,16,14.32,0.895,17,1,7,9,0,23,17,14.23,0.8370588235294117,22,1,20,1,0
401403931,2022,2022-10-29 23:30:00+00:00,Texas A&M,home,2,1,0.92,0.92,2,0,1,1,0,13,8,6.88,0.86,10,0,8,1,1
401404101,2022,2022-10-29 23:30:00+00:00,Texas Tech,home,14,11,9.34,0.8490909090909091,14,1,12,1,0,8,3,2.4299999999999997,0.8099999999999999,8,2,6,0,0
401411149,2022,2022-10-30 00:00:00+00:00,North Carolina,home,5,5,4.37,0.874,5,0,5,0,0,16,11,9.33,0.8481818181818181,14,0,12,2,0
401411149,2022,2022-10-30 00:00:00+00:00,Pittsburgh,away,7,5,4.36,0.8720000000000001,7,0,6,1,0,17,8,6.82,0.8525,17,1,13,2,1
401426596,2022,2022-10-30 01:00:00+00:00,Middle Tennessee,away,10,4,3.32,0.83,10,0,10,0,0,18,4,3.3899999999999997,0.8474999999999999,12,1,10,1,0
401426596,2022,2022-10-30 01:00:00+00:00,UTEP,home,1,1,0.79,0.79,1,1,0,0,0,9,2,1.75,0.875,8,4,3,1,0
401415248,2022,2022-10-30 02:30:00+00:00,Fresno State,home,12,7,6.04,0.8628571428571429,11,0,10,1,0,16,5,4.08,0.8160000000000001,14,3,11,0,0
401415249,2022,2022-10-30 02:30:00+00:00,Nevada,away,16,1,0.89,0.89,11,3,6,2,0,19,9,7.63,0.8477777777777777,16,2,14,0,0
401415248,2022,2022-10-30 02:30:00+00:00,San Diego State,away,6,2,1.71,0.855,6,0,6,0,0,9,4,3.27,0.8175,9,2,7,0,0
401415249,2022,2022-10-30 02:30:00+00:00,San José State,home,8,4,3.38,0.845,7,0,7,0,0,12,1,0.81,0.81,11,5,6,0,0
401404025,2022,2022-10-30 02:30:00+00:00,Stanford,away,1,1,0.89,0.89,1,0,1,0,0,9,7,5.95,0.85,9,1,7,1,0
401404025,2022,2022-10-30 02:30:00+00:00,UCLA,home,13,12,10.61,0.8841666666666667,13,0,12,1,0,21,12,10.34,0.8616666666666667,21,0,20,1,0
401415247,2022,2022-10-30 03:59:00+00:00,Hawai'i,home,13,4,3.3200000000000003,0.8300000000000001,12,0,10,2,0,22,12,10.21,0.8508333333333334,19,4,13,2,0
401415247,2022,2022-10-30 03:59:00+00:00,Wyoming,away,3,2,1.6099999999999999,0.8049999999999999,3,1,2,0,0,13,8,6.98,0.8725,13,3,8,2,0
401416632,2022,2022-11-01 23:00:00+00:00,Ball State,away,5,2,1.67,0.835,4,1,3,0,0,10,0,0.0,,9,2,7,0,0
401416632,2022,2022-11-01 23:00:00+00:00,Kent State,home,4,4,3.25,0.8125,4,0,4,0,0,7,2,1.62,0.81,7,3,4,0,0
401416633,2022,2022-11-01 23:30:00+00:00,Buffalo,away,21,11,9.23,0.8390909090909091,18,2,16,0,0,27,15,12.370000000000001,0.8246666666666668,26,9,17,0,0
401416633,2022,2022-11-01 23:30:00+00:00,Ohio,home,3,1,0.81,0.81,3,0,3,0,0,12,3,2.39,0.7966666666666667,11,3,8,0,0
401416635,2022,2022-11-02 23:00:00+00:00,Bowling Green,home,6,2,1.61,0.805,4,0,4,0,0,13,6,4.75,0.7916666666666666,13,7,6,0,0
401416634,2022,2022-11-02 23:00:00+00:00,Central Michigan,away,2,2,1.62,0.81,2,1,1,0,0,17,8,6.76,0.845,17,4,11,2,0
401416634,2022,2022-11-02 23:00:00+00:00,Northern Illinois,home,3,1,0.8,0.8,3,1,2,0,0,5,2,1.7000000000000002,0.8500000000000001,4,1,3,0,0
401416635,2022,2022-11-02 23:00:00+00:00,Western Michigan,away,5,0,0.0,,5,1,4,0,0,8,2,1.62,0.81,8,3,5,0,0
401426601,2022,2022-11-03 23:00:00+00:00,Rice,home,7,3,2.52,0.84,6,0,5,1,0,15,8,6.52,0.815,13,5,8,0,0
401426601,2022,2022-11-03 23:00:00+00:00,UTEP,away,1,1,0.79,0.79,1,1,0,0,0,9,2,1.75,0.875,8,4,3,1,0
401426364,2022,2022-11-03 23:30:00+00:00,App State,away,9,3,2.48,0.8266666666666667,6,0,6,0,0,10,2,1.68,0.84,7,0,7,0,0
401426364,2022,2022-11-03 23:30:00+00:00,Coastal Carolina,home,4,0,0.0,,4,1,3,0,0,16,2,1.7000000000000002,0.8500000000000001,16,6,10,0,0
401411151,2022,2022-11-04 23:00:00+00:00,Boston College,home,4,2,1.7,0.85,3,0,3,0,0,13,4,3.27,0.8175,11,0,11,0,0
401411151,2022,2022-11-04 23:00:00+00:00,Duke,away,8,3,2.55,0.85,7,2,5,0,0,13,6,5.15,0.8583333333333334,13,0,13,0,0
401404155,2022,2022-11-04 23:00:00+00:00,Massachusetts,away,19,12,9.790000000000001,0.8158333333333334,16,5,11,0,0,15,2,1.66,0.83,13,5,8,0,0
401404155,2022,2022-11-04 23:00:00+00:00,UConn,home,9,3,2.4699999999999998,0.8233333333333333,9,1,7,1,0,20,8,6.65,0.83125,19,6,13,0,0
401404031,2022,2022-11-05 02:30:00+00:00,Oregon State,away,2,1,0.86,0.86,2,0,1,1,0,10,3,2.48,0.8266666666666667,9,1,8,0,0
401404031,2022,2022-11-05 02:30:00+00:00,Washington,home,9,8,6.99,0.87375,8,0,7,1,0,20,10,8.51,0.851,18,2,13,2,0
401404141,2022,2022-11-05 15:30:00+00:00,Air Force,away,0,0,0.0,,0,0,0,0,0,9,2,1.52,0.76,6,3,3,0,0
401404141,2022,2022-11-05 15:30:00+00:00,Army,home,0,0,0.0,,0,0,0,0,0,6,2,1.57,0.785,4,3,1,0,0
401426598,2022,2022-11-05 16:00:00+00:00,Charlotte,home,3,2,1.67,0.835,3,0,3,0,0,9,1,0.86,0.86,7,3,4,0,0
401403937,2022,2022-11-05 16:00:00+00:00,Florida,away,9,8,7.04,0.88,9,0,5,4,0,18,14,12.15,0.8678571428571429,18,1,11,6,0
401405130,2022,2022-11-05 16:00:00+00:00,Iowa,away,1,1,0.87,0.87,1,0,1,0,0,7,4,3.2800000000000002,0.8200000000000001,6,2,4,0,0
401403936,2022,2022-11-05 16:00:00+00:00,Kentucky,away,9,6,5.29,0.8816666666666667,8,0,6,2,0,19,8,6.67,0.83375,19,2,15,2,0
401405131,2022,2022-11-05 16:00:00+00:00,Maryland,away,6,2,1.72,0.86,5,0,3,2,0,27,11,9.23,0.8390909090909091,25,1,23,1,0
401405128,2022,2022-11-05 16:00:00+00:00,Minnesota,away,8,6,5.15,0.8583333333333334,6,0,6,0,0,23,13,10.86,0.8353846153846154,22,2,19,1,0
401403936,2022,2022-11-05 16:00:00+00:00,Missouri,home,13,12,10.3,0.8583333333333334,13,1,11,1,0,17,11,9.36,0.8509090909090908,17,0,15,2,0
401405128,2022,2022-11-05 16:00:00+00:00,Nebraska,home,15,14,12.08,0.8628571428571429,15,2,10,3,0,20,10,8.62,0.8619999999999999,17,1,13,3,0
401411156,2022,2022-11-05 16:00:00+00:00,North Carolina,away,5,5,4.37,0.874,5,0,5,0,0,16,11,9.33,0.8481818181818181,14,0,12,2,0
401405129,2022,2022-11-05 16:00:00+00:00,Northwestern,home,6,5,4.1,0.82,5,0,5,0,0,9,9,7.46,0.8288888888888889,9,1,7,1,0
401405129,2022,2022-11-05 16:00:00+00:00,Ohio State,away,3,2,1.8199999999999998,0.9099999999999999,3,0,2,1,0,20,14,12.24,0.8742857142857143,19,0,16,2,1
401405130,2022,2022-11-05 16:00:00+00:00,Purdue,home,10,6,5.07,0.8450000000000001,10,3,5,2,0,16,8,6.71,0.83875,16,1,13,2,0
401404108,2022,2022-11-05 16:00:00+00:00,TCU,home,14,14,12.15,0.8678571428571429,14,0,12,2,0,17,12,10.39,0.8658333333333333,17,0,15,2,0
401403937,2022,2022-11-05 16:00:00+00:00,Texas A&M,home,2,1,0.92,0.92,2,0,1,1,0,13,8,6.88,0.86,10,0,8,1,1
401404108,2022,2022-11-05 16:00:00+00:00,Texas Tech,away,14,11,9.34,0.8490909090909091,14,1,12,1,0,8,3,2.4299999999999997,0.8099999999999999,8,2,6,0,0
401415649,2022,2022-11-05 16:00:00+00:00,Tulane,away,9,6,5.13,0.855,8,0,8,0,0,10,4,3.45,0.8625,9,1,7,1,0
401415649,2022,2022-11-05 16:00:00+00:00,Tulsa,home,7,3,2.54,0.8466666666666667,7,0,6,1,0,6,3,2.62,0.8733333333333334,6,1,4,1,0
401411156,2022,2022-11-05 16:00:00+00:00,Virginia,home,10,6,5.23,0.8716666666666667,10,0,8,2,0,23,16,13.629999999999999,0.8518749999999999,23,2,20,1,0
401426598,2022,2022-11-05 16:00:00+00:00,Western Kentucky,away,14,9,7.43,0.8255555555555555,12,1,11,0,0,19,9,7.5600000000000005,0.8400000000000001,17,5,10,2,0
401405131,2022,2022-11-05 16:00:00+00:00,Wisconsin,home,6,6,5.15,0.8583333333333334,6,1,4,1,0,12,8,6.640000000000001,0.8300000000000001,11,1,10,0,0
401411157,2022,2022-11-05 16:30:00+00:00,Georgia Tech,away,18,12,10.379999999999999,0.8649999999999999,18,1,17,0,0,17,12,10.31,0.8591666666666667,17,0,14,2,1
401411157,2022,2022-11-05 16:30:00+00:00,Virginia Tech,home,5,4,3.45,0.8625,5,0,4,1,0,17,5,4.23,0.8460000000000001,15,1,14,0,0
401426366,2022,2022-11-05 18:00:00+00:00,Marshall,away,13,6,5.01,0.835,12,1,9,1,1,14,4,3.2800000000000002,0.8200000000000001,14,3,11,0,0
401426366,2022,2022-11-05 18:00:00+00:00,Old Dominion,home,3,1,0.8,0.8,3,0,3,0,0,10,5,3.95,0.79,9,5,4,0,0
401415648,2022,2022-11-05 18:00:00+00:00,South Florida,away,16,15,12.4,0.8266666666666667,16,0,16,0,0,22,9,7.3,0.8111111111111111,18,0,18,0,0
401415648,2022,2022-11-05 18:00:00+00:00,Temple,home,12,9,7.5,0.8333333333333334,10,2,8,0,0,18,5,4.17,0.834,16,4,11,1,0
401404104,2022,2022-11-05 19:00:00+00:00,Baylor,away,3,2,1.8,0.9,3,1,1,1,0,8,3,2.63,0.8766666666666666,6,0,6,0,0
401426369,2022,2022-11-05 19:00:00+00:00,Georgia State,away,4,1,0.79,0.79,3,1,2,0,0,15,7,5.65,0.8071428571428572,14,8,6,0,0
401426600,2022,2022-11-05 19:00:00+00:00,Louisiana Tech,home,9,3,2.44,0.8133333333333334,9,0,8,1,0,11,3,2.51,0.8366666666666666,9,3,6,0,0
401426600,2022,2022-11-05 19:00:00+00:00,Middle Tennessee,away,10,4,3.32,0.83,10,0,10,0,0,18,4,3.3899999999999997,0.8474999999999999,12,1,10,1,0
401404104,2022,2022-11-05 19:00:00+00:00,Oklahoma,home,16,15,13.2,0.88,15,0,10,5,0,18,13,11.66,0.8969230769230769,16,0,6,9,1
401426369,2022,2022-11-05 19:00:00+00:00,Southern Miss,home,11,10,8.41,0.841,11,0,11,0,0,15,5,3.93,0.786,13,8,5,0,0
401404030,2022,2022-11-05 19:30:00+00:00,Colorado,home,6,4,3.36,0.84,5,0,5,0,0,24,15,12.55,0.8366666666666667,23,2,19,2,0
401403933,2022,2022-11-05 19:30:00+00:00,Georgia,home,1,0,0.0,,1,1,0,0,0,14,10,8.95,0.8949999999999999,13,0,8,4,1
401405127,2022,2022-11-05 19:30:00+00:00,Illinois,home,8,3,2.51,0.8366666666666666,5,0,5,0,0,23,7,5.84,0.8342857142857143,19,1,17,1,0
401405132,2022,2022-11-05 19:30:00+00:00,Indiana,home,13,10,8.49,0.849,12,0,10,2,0,34,16,13.13,0.820625,28,5,21,2,0
401404105,2022,2022-11-05 19:30:00+00:00,Iowa State,home,4,2,1.69,0.845,4,0,4,0,0,21,7,5.95,0.85,19,2,17,0,0
401404106,2022,2022-11-05 19:30:00+00:00,Kansas,home,15,12,10.3,0.8583333333333334,13,0,13,0,0,23,4,3.3,0.825,19,0,18,1,0
401415651,2022,2022-11-05 19:30:00+00:00,Memphis,home,11,5,4.3,0.86,10,2,8,0,0,21,8,6.55,0.81875,21,3,17,1,0
401405127,2022,2022-11-05 19:30:00+00:00,Michigan State,away,10,7,6.23,0.89,10,1,6,3,0,23,12,10.04,0.8366666666666666,22,0,20,2,0
401415252,2022,2022-11-05 19:30:00+00:00,New Mexico,away,7,2,1.6400000000000001,0.8200000000000001,5,0,5,0,0,12,5,4.21,0.842,11,4,6,1,0
401404106,2022,2022-11-05 19:30:00+00:00,Oklahoma State,away,5,3,2.56,0.8533333333333334,5,0,5,0,0,16,10,8.82,0.882,16,0,14,2,0
401404030,2022,2022-11-05 19:30:00+00:00,Oregon,away,12,9,7.86,0.8733333333333334,11,0,7,4,0,19,13,11.52,0.8861538461538461,16,2,10,4,0
401405132,2022,2022-11-05 19:30:00+00:00,Penn State,away,3,2,1.78,0.89,3,0,2,1,0,15,6,5.08,0.8466666666666667,15,2,8,5,0
401411155,2022,2022-11-05 19:30:00+00:00,Pittsburgh,home,7,5,4.36,0.8720000000000001,7,0,6,1,0,17,8,6.82,0.8525,17,1,13,2,1
401404032,2022,2022-11-05 19:30:00+00:00,Stanford,home,1,1,0.89,0.89,1,0,1,0,0,9,7,5.95,0.85,9,1,7,1,0
401411155,2022,2022-11-05 19:30:00+00:00,Syracuse,away,9,7,5.96,0.8514285714285714,8,0,8,0,0,18,12,9.93,0.8275,18,1,16,1,0
401403933,2022,2022-11-05 19:30:00+00:00,Tennessee,away,8,5,4.35,0.8699999999999999,8,0,7,1,0,22,7,5.97,0.8528571428571429,19,2,10,7,0
401426602,2022,2022-11-05 19:30:00+00:00,UAB,home,2,2,1.72,0.86,2,0,2,0,0,10,4,3.44,0.86,8,0,8,0,0
401415651,2022,2022-11-05 19:30:00+00:00,UCF,away,14,9,7.99,0.8877777777777778,13,0,8,5,0,24,15,12.700000000000001,0.8466666666666668,24,1,21,2,0
401426602,2022,2022-11-05 19:30:00+00:00,UTSA,away,9,5,4.19,0.8380000000000001,9,0,9,0,0,9,2,1.62,0.81,8,0,8,0,0
401415252,2022,2022-11-05 19:30:00+00:00,Utah State,home,8,6,5.09,0.8483333333333333,8,0,7,1,0,18,5,4.07,0.8140000000000001,16,10,6,0,0
401404032,2022,2022-11-05 19:30:00+00:00,Washington State,away,9,4,3.5300000000000002,0.8825000000000001,6,0,5,1,0,30,10,8.35,0.835,18,1,17,0,0
401404105,2022,2022-11-05 19:30:00+00:00,West Virginia,away,11,6,5.18,0.8633333333333333,8,0,8,0,0,25,17,14.56,0.8564705882352941,24,0,22,2,0
401403932,2022,2022-11-05 20:00:00+00:00,Arkansas,home,9,8,7.140000000000001,0.8925000000000001,9,0,4,5,0,22,8,6.8,0.85,21,3,12,6,0
401415650,2022,2022-11-05 20:00:00+00:00,Cincinnati,home,7,5,4.36,0.8720000000000001,6,0,4,2,0,10,3,2.44,0.8133333333333334,9,1,8,0,0
401426599,2022,2022-11-05 20:00:00+00:00,Florida International,away,11,6,4.92,0.82,11,1,10,0,0,17,10,8.22,0.8220000000000001,15,4,10,1,0
401426365,2022,2022-11-05 20:00:00+00:00,Georgia Southern,home,11,2,1.65,0.825,7,1,6,0,0,18,2,1.56,0.78,17,4,12,1,0
401403932,2022,2022-11-05 20:00:00+00:00,Liberty,away,13,7,5.83,0.8328571428571429,11,1,10,0,0,10,1,0.8,0.8,9,2,7,0,0
401415650,2022,2022-11-05 20:00:00+00:00,Navy,away,0,0,0.0,,0,0,0,0,0,4,3,2.42,0.8066666666666666,4,3,1,0,0
401426599,2022,2022-11-05 20:00:00+00:00,North Texas,home,10,7,5.82,0.8314285714285715,9,0,9,0,0,22,6,5.15,0.8583333333333334,21,1,20,0,0
401426365,2022,2022-11-05 20:00:00+00:00,South Alabama,away,15,15,12.36,0.824,15,0,15,0,0,10,2,1.54,0.77,9,3,5,0,0
401426367,2022,2022-11-05 21:00:00+00:00,Louisiana,home,2,1,0.81,0.81,2,0,2,0,0,14,12,10.280000000000001,0.8566666666666668,14,4,6,4,0
401426368,2022,2022-11-05 21:00:00+00:00,Texas State,away,15,5,4.07,0.8140000000000001,11,1,9,1,0,8,4,3.22,0.805,7,1,6,0,0
401426367,2022,2022-11-05 21:00:00+00:00,Troy,away,5,1,0.84,0.84,3,1,1,1,0,13,2,1.68,0.84,11,1,10,0,0
401426368,2022,2022-11-05 21:00:00+00:00,UL Monroe,home,7,2,1.5899999999999999,0.7949999999999999,6,1,5,0,0,19,11,8.92,0.8109090909090909,19,7,12,0,0
401403934,2022,2022-11-05 23:00:00+00:00,Alabama,away,5,5,4.72,0.944,5,0,0,3,2,24,14,12.27,0.8764285714285714,22,2,12,8,0
401415250,2022,2022-11-05 23:00:00+00:00,BYU,away,4,4,3.53,0.8825,4,0,3,1,0,10,2,1.58,0.79,9,2,7,0,0
401415250,2022,2022-11-05 23:00:00+00:00,Boise State,home,3,3,2.62,0.8733333333333334,3,0,3,0,0,6,2,1.69,0.845,5,0,5,0,0
401415652,2022,2022-11-05 23:00:00+00:00,Houston,away,11,6,5.13,0.855,10,1,5,4,0,23,8,6.44,0.805,20,4,16,0,0
401404107,2022,2022-11-05 23:00:00+00:00,Kansas State,home,7,6,5.14,0.8566666666666666,6,0,5,1,0,17,10,8.28,0.828,16,1,14,1,0
401403934,2022,2022-11-05 23:00:00+00:00,LSU,home,16,15,13.24,0.8826666666666667,15,1,8,6,0,19,12,10.76,0.8966666666666666,17,0,9,7,1
401415652,2022,2022-11-05 23:00:00+00:00,SMU,home,16,15,13.0,0.8666666666666667,16,0,15,1,0,15,6,5.15,0.8583333333333334,13,1,11,1,0
401415254,2022,2022-11-05 23:00:00+00:00,San Diego State,home,6,2,1.71,0.855,6,0,6,0,0,9,4,3.27,0.8175,9,2,7,0,0
401404107,2022,2022-11-05 23:00:00+00:00,Texas,away,7,7,6.37,0.91,7,0,3,3,1,23,14,11.86,0.8471428571428571,22,0,18,4,0
401415254,2022,2022-11-05 23:00:00+00:00,UNLV,away,8,4,3.34,0.835,7,0,7,0,0,18,5,4.04,0.808,18,5,13,0,0
401404027,2022,2022-11-05 23:30:00+00:00,Arizona,away,8,7,6.08,0.8685714285714285,8,0,7,1,0,27,7,5.74,0.8200000000000001,25,2,22,1,0
401403935,2022,2022-11-05 23:30:00+00:00,Auburn,away,11,9,7.83,0.87,10,0,10,0,0,24,21,18.28,0.8704761904761905,24,0,19,5,0
401404130,2022,2022-11-05 23:30:00+00:00,Clemson,away,1,1,0.8,0.8,1,0,1,0,0,10,10,8.45,0.845,10,0,10,0,0
401411153,2022,2022-11-05 23:30:00+00:00,Florida State,away,13,12,10.46,0.8716666666666667,12,0,10,2,0,28,11,9.16,0.8327272727272728,25,0,20,4,1
401411152,2022,2022-11-05 23:30:00+00:00,James Madison,away,5,2,1.62,0.81,5,0,5,0,0,3,2,1.77,0.885,2,0,1,1,0
401411152,2022,2022-11-05 23:30:00+00:00,Louisville,home,13,10,8.75,0.875,11,1,7,3,0,18,12,10.1,0.8416666666666667,18,2,15,1,0
401411153,2022,2022-11-05 23:30:00+00:00,Miami,home,11,11,9.68,0.88,11,0,10,1,0,18,12,10.19,0.8491666666666666,16,0,14,2,0
401405133,2022,2022-11-05 23:30:00+00:00,Michigan,away,3,3,2.7,0.9,3,0,2,1,0,12,6,5.11,0.8516666666666667,10,0,8,2,0
401403935,2022,2022-11-05 23:30:00+00:00,Mississippi State,home,10,5,4.39,0.8779999999999999,9,2,4,3,0,24,11,9.379999999999999,0.8527272727272727,20,2,18,0,0
401404130,2022,2022-11-05 23:30:00+00:00,Notre Dame,home,4,2,1.81,0.905,2,0,1,1,0,14,9,7.66,0.8511111111111112,14,0,13,1,0
401405133,2022,2022-11-05 23:30:00+00:00,Rutgers,home,7,7,6.09,0.87,7,0,5,2,0,21,10,8.28,0.828,20,1,19,0,0
401403938,2022,2022-11-05 23:30:00+00:00,South Carolina,away,10,9,8.05,0.8944444444444445,10,0,6,4,0,21,8,6.7,0.8375,19,1,15,3,0
401404027,2022,2022-11-05 23:30:00+00:00,Utah,home,5,5,4.36,0.8720000000000001,5,0,4,1,0,16,6,5.14,0.8566666666666666,16,1,13,2,0
401403938,2022,2022-11-05 23:30:00+00:00,Vanderbilt,home,6,5,4.26,0.852,5,0,5,0,0,20,11,9.32,0.8472727272727273,20,1,17,2,0
401411154,2022,2022-11-06 00:00:00+00:00,NC State,home,2,2,1.73,0.865,2,0,2,0,0,8,3,2.58,0.86,8,1,7,0,0
401411154,2022,2022-11-06 00:00:00+00:00,Wake Forest,away,4,2,1.7,0.85,4,2,2,0,0,10,3,2.55,0.85,10,0,10,0,0
401404028,2022,2022-11-06 02:30:00+00:00,Arizona State,home,13,13,11.24,0.8646153846153847,13,0,12,1,0,21,14,12.15,0.8678571428571429,19,2,13,4,0
401404029,2022,2022-11-06 02:30:00+00:00,California,away,6,4,3.52,0.88,5,0,3,2,0,11,5,4.36,0.8720000000000001,10,1,8,1,0
401415251,2022,2022-11-06 02:30:00+00:00,Colorado State,away,11,6,5.01,0.835,10,0,10,0,0,22,5,4.09,0.818,18,5,13,0,0
401415253,2022,2022-11-06 02:30:00+00:00,Fresno State,home,12,7,6.04,0.8628571428571429,11,0,10,1,0,16,5,4.08,0.8160000000000001,14,3,11,0,0
401415253,2022,2022-11-06 02:30:00+00:00,Hawai'i,away,13,4,3.3200000000000003,0.8300000000000001,12,0,10,2,0,22,12,10.21,0.8508333333333334,19,4,13,2,0
401415251,2022,2022-11-06 02:30:00+00:00,San José State,home,8,4,3.38,0.845,7,0,7,0,0,12,1,0.81,0.81,11,5,6,0,0
401404028,2022,2022-11-06 02:30:00+00:00,UCLA,away,13,12,10.61,0.8841666666666667,13,0,12,1,0,21,12,10.34,0.8616666666666667,21,0,20,1,0
401404029,2022,2022-11-06 02:30:00+00:00,USC,home,20,19,17.1,0.9,20,1,12,5,2,27,18,15.33,0.8516666666666667,25,4,15,6,0
401416637,2022,2022-11-09 00:00:00+00:00,Akron,home,15,8,6.61,0.82625,15,1,12,2,0,10,5,4.27,0.8539999999999999,9,2,7,0,0
401416637,2022,2022-11-09 00:00:00+00:00,Eastern Michigan,away,5,4,3.25,0.8125,5,2,3,0,0,15,4,3.28,0.82,12,4,8,0,0
401416638,2022,2022-11-09 00:30:00+00:00,Miami (OH),home,8,4,3.38,0.845,8,0,8,0,0,17,9,7.45,0.8277777777777778,15,5,9,1,0
401416638,2022,2022-11-09 00:30:00+00:00,Ohio,away,3,1,0.81,0.81,3,0,3,0,0,12,3,2.39,0.7966666666666667,11,3,8,0,0
401416636,2022,2022-11-09 01:00:00+00:00,Ball State,away,5,2,1.67,0.835,4,1,3,0,0,10,0,0.0,,9,2,7,0,0
401416636,2022,2022-11-09 01:00:00+00:00,Toledo,home,7,3,2.49,0.8300000000000001,7,1,6,0,0,17,8,6.57,0.82125,17,4,13,0,0
401416641,2022,2022-11-10 00:00:00+00:00,Bowling Green,home,6,2,1.61,0.805,4,0,4,0,0,13,6,4.75,0.7916666666666666,13,7,6,0,0
401416640,2022,2022-11-10 00:00:00+00:00,Buffalo,away,21,11,9.23,0.8390909090909091,18,2,16,0,0,27,15,12.370000000000001,0.8246666666666668,26,9,17,0,0
401416640,2022,2022-11-10 00:00:00+00:00,Central Michigan,home,2,2,1.62,0.81,2,1,1,0,0,17,8,6.76,0.845,17,4,11,2,0
401416641,2022,2022-11-10 00:00:00+00:00,Kent State,away,4,4,3.25,0.8125,4,0,4,0,0,7,2,1.62,0.81,7,3,4,0,0
401416639,2022,2022-11-10 00:00:00+00:00,Northern Illinois,away,3,1,0.8,0.8,3,1,2,0,0,5,2,1.7000000000000002,0.8500000000000001,4,1,3,0,0
401416639,2022,2022-11-10 00:00:00+00:00,Western Michigan,home,5,0,0.0,,5,1,4,0,0,8,2,1.62,0.81,8,3,5,0,0
401426370,2022,2022-11-11 00:30:00+00:00,Georgia Southern,away,11,2,1.65,0.825,7,1,6,0,0,18,2,1.56,0.78,17,4,12,1,0
401426370,2022,2022-11-11 00:30:00+00:00,Louisiana,home,2,1,0.81,0.81,2,0,2,0,0,14,12,10.280000000000001,0.8566666666666668,14,4,6,4,0
401415653,2022,2022-11-11 00:30:00+00:00,Memphis,home,11,5,4.3,0.86,10,2,8,0,0,21,8,6.55,0.81875,21,3,17,1,0
401415653,2022,2022-11-11 00:30:00+00:00,Tulsa,away,7,3,2.54,0.8466666666666667,7,0,6,1,0,6,3,2.62,0.8733333333333334,6,1,4,1,0
401415654,2022,2022-11-12 01:00:00+00:00,Cincinnati,home,7,5,4.36,0.8720000000000001,6,0,4,2,0,10,3,2.44,0.8133333333333334,9,1,8,0,0
401415654,2022,2022-11-12 01:00:00+00:00,East Carolina,away,14,8,6.529999999999999,0.8162499999999999,12,2,9,1,0,28,4,3.18,0.795,24,2,21,1,0
401404033,2022,2022-11-12 02:30:00+00:00,Colorado,away,6,4,3.36,0.84,5,0,5,0,0,24,15,12.55,0.8366666666666667,23,2,19,2,0
401404033,2022,2022-11-12 02:30:00+00:00,USC,home,20,19,17.1,0.9,20,1,12,5,2,27,18,15.33,0.8516666666666667,25,4,15,6,0
401415259,2022,2022-11-12 03:30:00+00:00,Fresno State,away,12,7,6.04,0.8628571428571429,11,0,10,1,0,16,5,4.08,0.8160000000000001,14,3,11,0,0
401415259,2022,2022-11-12 03:30:00+00:00,UNLV,home,8,4,3.34,0.835,7,0,7,0,0,18,5,4.04,0.808,18,5,13,0,0
401403939,2022,2022-11-12 17:00:00+00:00,Arkansas,home,9,8,7.140000000000001,0.8925000000000001,9,0,4,5,0,22,8,6.8,0.85,21,3,12,6,0
401411159,2022,2022-11-12 17:00:00+00:00,Duke,home,8,3,2.55,0.85,7,2,5,0,0,13,6,5.15,0.8583333333333334,13,0,13,0,0
401405134,2022,2022-11-12 17:00:00+00:00,Illinois,home,8,3,2.51,0.8366666666666666,5,0,5,0,0,23,7,5.84,0.8342857142857143,19,1,17,1,0
401405139,2022,2022-11-12 17:00:00+00:00,Indiana,away,13,10,8.49,0.849,12,0,10,2,0,34,16,13.13,0.820625,28,5,21,2,0
401403942,2022,2022-11-12 17:00:00+00:00,Kentucky,home,9,6,5.29,0.8816666666666667,8,0,6,2,0,19,8,6.67,0.83375,19,2,15,2,0
401403939,2022,2022-11-12 17:00:00+00:00,LSU,away,16,15,13.24,0.8826666666666667,15,1,8,6,0,19,12,10.76,0.8966666666666666,17,0,9,7,1
401404156,2022,2022-11-12 17:00:00+00:00,Liberty,away,13,7,5.83,0.8328571428571429,11,1,10,0,0,10,1,0.8,0.8,9,2,7,0,0
401405138,2022,2022-11-12 17:00:00+00:00,Michigan State,home,10,7,6.23,0.89,10,1,6,3,0,23,12,10.04,0.8366666666666666,22,0,20,2,0
401403945,2022,2022-11-12 17:00:00+00:00,Missouri,away,13,12,10.3,0.8583333333333334,13,1,11,1,0,17,11,9.36,0.8509090909090908,17,0,15,2,0
401404131,2022,2022-11-12 17:00:00+00:00,Navy,home,0,0,0.0,,0,0,0,0,0,4,3,2.42,0.8066666666666666,4,3,1,0,0
401404131,2022,2022-11-12 17:00:00+00:00,Notre Dame,away,4,2,1.81,0.905,2,0,1,1,0,14,9,7.66,0.8511111111111112,14,0,13,1,0
401405139,2022,2022-11-12 17:00:00+00:00,Ohio State,home,3,2,1.8199999999999998,0.9099999999999999,3,0,2,1,0,20,14,12.24,0.8742857142857143,19,0,16,2,1
401404112,2022,2022-11-12 17:00:00+00:00,Oklahoma,away,16,15,13.2,0.88,15,0,10,5,0,18,13,11.66,0.8969230769230769,16,0,6,9,1
401411163,2022,2022-11-12 17:00:00+00:00,Pittsburgh,away,7,5,4.36,0.8720000000000001,7,0,6,1,0,17,8,6.82,0.8525,17,1,13,2,1
401405134,2022,2022-11-12 17:00:00+00:00,Purdue,away,10,6,5.07,0.8450000000000001,10,3,5,2,0,16,8,6.71,0.83875,16,1,13,2,0
401405138,2022,2022-11-12 17:00:00+00:00,Rutgers,away,7,7,6.09,0.87,7,0,5,2,0,21,10,8.28,0.828,20,1,19,0,0
401415656,2022,2022-11-12 17:00:00+00:00,SMU,away,16,15,13.0,0.8666666666666667,16,0,15,1,0,15,6,5.15,0.8583333333333334,13,1,11,1,0
401415656,2022,2022-11-12 17:00:00+00:00,South Florida,home,16,15,12.4,0.8266666666666667,16,0,16,0,0,22,9,7.3,0.8111111111111111,18,0,18,0,0
401403945,2022,2022-11-12 17:00:00+00:00,Tennessee,home,8,5,4.35,0.8699999999999999,8,0,7,1,0,22,7,5.97,0.8528571428571429,19,2,10,7,0
401404156,2022,2022-11-12 17:00:00+00:00,UConn,home,9,3,2.4699999999999998,0.8233333333333333,9,1,7,1,0,20,8,6.65,0.83125,19,6,13,0,0
401403942,2022,2022-11-12 17:00:00+00:00,Vanderbilt,away,6,5,4.26,0.852,5,0,5,0,0,20,11,9.32,0.8472727272727273,20,1,17,2,0
401411163,2022,2022-11-12 17:00:00+00:00,Virginia,home,10,6,5.23,0.8716666666666667,10,0,8,2,0,23,16,13.629999999999999,0.8518749999999999,23,2,20,1,0
401411159,2022,2022-11-12 17:00:00+00:00,Virginia Tech,away,5,4,3.45,0.8625,5,0,4,1,0,17,5,4.23,0.8460000000000001,15,1,14,0,0
401404112,2022,2022-11-12 17:00:00+00:00,West Virginia,home,11,6,5.18,0.8633333333333333,8,0,8,0,0,25,17,14.56,0.8564705882352941,24,0,22,2,0
401426372,2022,2022-11-12 18:00:00+00:00,Georgia State,home,4,1,0.79,0.79,3,1,2,0,0,15,7,5.65,0.8071428571428572,14,8,6,0,0
401426374,2022,2022-11-12 18:00:00+00:00,James Madison,away,5,2,1.62,0.81,5,0,5,0,0,3,2,1.77,0.885,2,0,1,1,0
401426374,2022,2022-11-12 18:00:00+00:00,Old Dominion,home,3,1,0.8,0.8,3,0,3,0,0,10,5,3.95,0.79,9,5,4,0,0
401426372,2022,2022-11-12 18:00:00+00:00,UL Monroe,away,7,2,1.5899999999999999,0.7949999999999999,6,1,5,0,0,19,11,8.92,0.8109090909090909,19,7,12,0,0
401409241,2022,2022-11-12 19:00:00+00:00,Lamar,away,2,1,0.83,0.83,2,0,2,0,0,1,1,0.86,0.86,1,0,1,0,0
401409241,2022,2022-11-12 19:00:00+00:00,New Mexico State,home,9,7,6.04,0.8628571428571429,8,0,8,0,0,16,7,5.91,0.8442857142857143,16,4,12,0,0
401426607,2022,2022-11-12 19:00:00+00:00,Rice,away,7,3,2.52,0.84,6,0,5,1,0,15,8,6.52,0.815,13,5,8,0,0
401426607,2022,2022-11-12 19:00:00+00:00,Western Kentucky,home,14,9,7.43,0.8255555555555555,12,1,11,0,0,19,9,7.5600000000000005,0.8400000000000001,17,5,10,2,0
401414784,2022,2022-11-12 20:00:00+00:00,Arkansas State,home,11,5,4.14,0.828,10,0,9,1,0,25,11,8.96,0.8145454545454546,21,7,14,0,0
401415655,2022,2022-11-12 20:00:00+00:00,Houston,home,11,6,5.13,0.855,10,1,5,4,0,23,8,6.44,0.805,20,4,16,0,0
401414784,2022,2022-11-12 20:00:00+00:00,Massachusetts,away,19,12,9.790000000000001,0.8158333333333334,16,5,11,0,0,15,2,1.66,0.83,13,5,8,0,0
401415655,2022,2022-11-12 20:00:00+00:00,Temple,away,12,9,7.5,0.8333333333333334,10,2,8,0,0,18,5,4.17,0.834,16,4,11,1,0
401415256,2022,2022-11-12 20:30:00+00:00,Air Force,home,0,0,0.0,,0,0,0,0,0,9,2,1.52,0.76,6,3,3,0,0
401403943,2022,2022-11-12 20:30:00+00:00,Alabama,away,5,5,4.72,0.944,5,0,0,3,2,24,14,12.27,0.8764285714285714,22,2,12,8,0
401426373,2022,2022-11-12 20:30:00+00:00,App State,away,9,3,2.48,0.8266666666666667,6,0,6,0,0,10,2,1.68,0.84,7,0,7,0,0
401404035,2022,2022-11-12 20:30:00+00:00,Arizona State,away,13,13,11.24,0.8646153846153847,13,0,12,1,0,21,14,12.15,0.8678571428571429,19,2,13,4,0
401404142,2022,2022-11-12 20:30:00+00:00,Army,away,0,0,0.0,,0,0,0,0,0,6,2,1.57,0.785,4,3,1,0,0
401411161,2022,2022-11-12 20:30:00+00:00,Boston College,away,4,2,1.7,0.85,3,0,3,0,0,13,4,3.27,0.8175,11,0,11,0,0
401426603,2022,2022-11-12 20:30:00+00:00,Charlotte,away,3,2,1.67,0.835,3,0,3,0,0,9,1,0.86,0.86,7,3,4,0,0
401411158,2022,2022-11-12 20:30:00+00:00,Clemson,home,1,1,0.8,0.8,1,0,1,0,0,10,10,8.45,0.845,10,0,10,0,0
401411160,2022,2022-11-12 20:30:00+00:00,Georgia Tech,home,18,12,10.379999999999999,0.8649999999999999,18,1,17,0,0,17,12,10.31,0.8591666666666667,17,0,14,2,1
401405135,2022,2022-11-12 20:30:00+00:00,Iowa,home,1,1,0.87,0.87,1,0,1,0,0,7,4,3.2800000000000002,0.8200000000000001,6,2,4,0,0
401404110,2022,2022-11-12 20:30:00+00:00,Iowa State,away,4,2,1.69,0.845,4,0,4,0,0,21,7,5.95,0.85,19,2,17,0,0
401426605,2022,2022-11-12 20:30:00+00:00,Louisiana Tech,away,9,3,2.44,0.8133333333333334,9,0,8,1,0,11,3,2.51,0.8366666666666666,9,3,6,0,0
401411158,2022,2022-11-12 20:30:00+00:00,Louisville,away,13,10,8.75,0.875,11,1,7,3,0,18,12,10.1,0.8416666666666667,18,2,15,1,0
401426373,2022,2022-11-12 20:30:00+00:00,Marshall,home,13,6,5.01,0.835,12,1,9,1,1,14,4,3.2800000000000002,0.8200000000000001,14,3,11,0,0
401405140,2022,2022-11-12 20:30:00+00:00,Maryland,away,6,2,1.72,0.86,5,0,3,2,0,27,11,9.23,0.8390909090909091,25,1,23,1,0
401411160,2022,2022-11-12 20:30:00+00:00,Miami,away,11,11,9.68,0.88,11,0,10,1,0,18,12,10.19,0.8491666666666666,16,0,14,2,0
401405137,2022,2022-11-12 20:30:00+00:00,Michigan,home,3,3,2.7,0.9,3,0,2,1,0,12,6,5.11,0.8516666666666667,10,0,8,2,0
401426603,2022,2022-11-12 20:30:00+00:00,Middle Tennessee,home,10,4,3.32,0.83,10,0,10,0,0,18,4,3.3899999999999997,0.8474999999999999,12,1,10,1,0
401405136,2022,2022-11-12 20:30:00+00:00,Minnesota,home,8,6,5.15,0.8583333333333334,6,0,6,0,0,23,13,10.86,0.8353846153846154,22,2,19,1,0
401411161,2022,2022-11-12 20:30:00+00:00,NC State,home,2,2,1.73,0.865,2,0,2,0,0,8,3,2.58,0.86,8,1,7,0,0
401405137,2022,2022-11-12 20:30:00+00:00,Nebraska,away,15,14,12.08,0.8628571428571429,15,2,10,3,0,20,10,8.62,0.8619999999999999,17,1,13,3,0
401415256,2022,2022-11-12 20:30:00+00:00,New Mexico,away,7,2,1.6400000000000001,0.8200000000000001,5,0,5,0,0,12,5,4.21,0.842,11,4,6,1,0
401426606,2022,2022-11-12 20:30:00+00:00,North Texas,away,10,7,5.82,0.8314285714285715,9,0,9,0,0,22,6,5.15,0.8583333333333334,21,1,20,0,0
401405136,2022,2022-11-12 20:30:00+00:00,Northwestern,away,6,5,4.1,0.82,5,0,5,0,0,9,9,7.46,0.8288888888888889,9,1,7,1,0
401404110,2022,2022-11-12 20:30:00+00:00,Oklahoma State,home,5,3,2.56,0.8533333333333334,5,0,5,0,0,16,10,8.82,0.882,16,0,14,2,0
401403943,2022,2022-11-12 20:30:00+00:00,Ole Miss,home,17,16,14.32,0.895,17,1,7,9,0,23,17,14.23,0.8370588235294117,22,1,20,1,0
401405140,2022,2022-11-12 20:30:00+00:00,Penn State,home,3,2,1.78,0.89,3,0,2,1,0,15,6,5.08,0.8466666666666667,15,2,8,5,0
401404142,2022,2022-11-12 20:30:00+00:00,Troy,home,5,1,0.84,0.84,3,1,1,1,0,13,2,1.68,0.84,11,1,10,0,0
401415657,2022,2022-11-12 20:30:00+00:00,Tulane,home,9,6,5.13,0.855,8,0,8,0,0,10,4,3.45,0.8625,9,1,7,1,0
401426606,2022,2022-11-12 20:30:00+00:00,UAB,home,2,2,1.72,0.86,2,0,2,0,0,10,4,3.44,0.86,8,0,8,0,0
401415657,2022,2022-11-12 20:30:00+00:00,UCF,away,14,9,7.99,0.8877777777777778,13,0,8,5,0,24,15,12.700000000000001,0.8466666666666668,24,1,21,2,0
401426605,2022,2022-11-12 20:30:00+00:00,UTSA,home,9,5,4.19,0.8380000000000001,9,0,9,0,0,9,2,1.62,0.81,8,0,8,0,0
401404035,2022,2022-11-12 20:30:00+00:00,Washington State,home,9,4,3.5300000000000002,0.8825000000000001,6,0,5,1,0,30,10,8.35,0.835,18,1,17,0,0
401405135,2022,2022-11-12 20:30:00+00:00,Wisconsin,away,6,6,5.15,0.8583333333333334,6,1,4,1,0,12,8,6.640000000000001,0.8300000000000001,11,1,10,0,0
401403941,2022,2022-11-12 21:00:00+00:00,Florida,home,9,8,7.04,0.88,9,0,5,4,0,18,14,12.15,0.8678571428571429,18,1,11,6,0
401403941,2022,2022-11-12 21:00:00+00:00,South Carolina,away,10,9,8.05,0.8944444444444445,10,0,6,4,0,21,8,6.7,0.8375,19,1,15,3,0
401426375,2022,2022-11-12 22:00:00+00:00,South Alabama,home,15,15,12.36,0.824,15,0,15,0,0,10,2,1.54,0.77,9,3,5,0,0
401426375,2022,2022-11-12 22:00:00+00:00,Texas State,away,15,5,4.07,0.8140000000000001,11,1,9,1,0,8,4,3.22,0.805,7,1,6,0,0
401404109,2022,2022-11-13 00:00:00+00:00,Baylor,home,3,2,1.8,0.9,3,1,1,1,0,8,3,2.63,0.8766666666666666,6,0,6,0,0
401415258,2022,2022-11-13 00:00:00+00:00,Colorado State,home,11,6,5.01,0.835,10,0,10,0,0,22,5,4.09,0.818,18,5,13,0,0
401426604,2022,2022-11-13 00:00:00+00:00,Florida Atlantic,away,12,6,5.01,0.835,12,0,11,1,0,12,3,2.42,0.8066666666666666,11,2,9,0,0
401426604,2022,2022-11-13 00:00:00+00:00,Florida International,home,11,6,4.92,0.82,11,1,10,0,0,17,10,8.22,0.8220000000000001,15,4,10,1,0
401403944,2022,2022-11-13 00:00:00+00:00,Georgia,away,1,0,0.0,,1,1,0,0,0,14,10,8.95,0.8949999999999999,13,0,8,4,1
401404111,2022,2022-11-13 00:00:00+00:00,Kansas,away,15,12,10.3,0.8583333333333334,13,0,13,0,0,23,4,3.3,0.825,19,0,18,1,0
401404109,2022,2022-11-13 00:00:00+00:00,Kansas State,away,7,6,5.14,0.8566666666666666,6,0,5,1,0,17,10,8.28,0.828,16,1,14,1,0
401403944,2022,2022-11-13 00:00:00+00:00,Mississippi State,home,10,5,4.39,0.8779999999999999,9,2,4,3,0,24,11,9.379999999999999,0.8527272727272727,20,2,18,0,0
401404037,2022,2022-11-13 00:00:00+00:00,Oregon,home,12,9,7.86,0.8733333333333334,11,0,7,4,0,19,13,11.52,0.8861538461538461,16,2,10,4,0
401404111,2022,2022-11-13 00:00:00+00:00,Texas Tech,home,14,11,9.34,0.8490909090909091,14,1,12,1,0,8,3,2.4299999999999997,0.8099999999999999,8,2,6,0,0
401404037,2022,2022-11-13 00:00:00+00:00,Washington,away,9,8,6.99,0.87375,8,0,7,1,0,20,10,8.51,0.851,18,2,13,2,0
401415258,2022,2022-11-13 00:00:00+00:00,Wyoming,away,3,2,1.6099999999999999,0.8049999999999999,3,1,2,0,0,13,8,6.98,0.8725,13,3,8,2,0
401403940,2022,2022-11-13 00:30:00+00:00,Auburn,home,11,9,7.83,0.87,10,0,10,0,0,24,21,18.28,0.8704761904761905,24,0,19,5,0
401426371,2022,2022-11-13 00:30:00+00:00,Coastal Carolina,home,4,0,0.0,,4,1,3,0,0,16,2,1.7000000000000002,0.8500000000000001,16,6,10,0,0
401411164,2022,2022-11-13 00:30:00+00:00,North Carolina,away,5,5,4.37,0.874,5,0,5,0,0,16,11,9.33,0.8481818181818181,14,0,12,2,0
401426371,2022,2022-11-13 00:30:00+00:00,Southern Miss,away,11,10,8.41,0.841,11,0,11,0,0,15,5,3.93,0.786,13,8,5,0,0
401404113,2022,2022-11-13 00:30:00+00:00,TCU,away,14,14,12.15,0.8678571428571429,14,0,12,2,0,17,12,10.39,0.8658333333333333,17,0,15,2,0
401404113,2022,2022-11-13 00:30:00+00:00,Texas,home,7,7,6.37,0.91,7,0,3,3,1,23,14,11.86,0.8471428571428571,22,0,18,4,0
401403940,2022,2022-11-13 00:30:00+00:00,Texas A&M,away,2,1,0.92,0.92,2,0,1,1,0,13,8,6.88,0.86,10,0,8,1,1
401411164,2022,2022-11-13 00:30:00+00:00,Wake Forest,home,4,2,1.7,0.85,4,2,2,0,0,10,3,2.55,0.85,10,0,10,0,0
401411162,2022,2022-11-13 01:00:00+00:00,Florida State,away,13,12,10.46,0.8716666666666667,12,0,10,2,0,28,11,9.16,0.8327272727272728,25,0,20,4,1
401411162,2022,2022-11-13 01:00:00+00:00,Syracuse,home,9,7,5.96,0.8514285714285714,8,0,8,0,0,18,12,9.93,0.8275,18,1,16,1,0
401404036,2022,2022-11-13 02:00:00+00:00,California,away,6,4,3.52,0.88,5,0,3,2,0,11,5,4.36,0.8720000000000001,10,1,8,1,0
401404036,2022,2022-11-13 02:00:00+00:00,Oregon State,home,2,1,0.86,0.86,2,0,1,1,0,10,3,2.48,0.8266666666666667,9,1,8,0,0
401404038,2022,2022-11-13 03:00:00+00:00,Stanford,away,1,1,0.89,0.89,1,0,1,0,0,9,7,5.95,0.85,9,1,7,1,0
401404038,2022,2022-11-13 03:00:00+00:00,Utah,home,5,5,4.36,0.8720000000000001,5,0,4,1,0,16,6,5.14,0.8566666666666666,16,1,13,2,0
401404034,2022,2022-11-13 03:30:00+00:00,Arizona,away,8,7,6.08,0.8685714285714285,8,0,7,1,0,27,7,5.74,0.8200000000000001,25,2,22,1,0
401415255,2022,2022-11-13 03:30:00+00:00,Boise State,away,3,3,2.62,0.8733333333333334,3,0,3,0,0,6,2,1.69,0.845,5,0,5,0,0
401415255,2022,2022-11-13 03:30:00+00:00,Nevada,home,16,1,0.89,0.89,11,3,6,2,0,19,9,7.63,0.8477777777777777,16,2,14,0,0
401415260,2022,2022-11-13 03:30:00+00:00,San Diego State,home,6,2,1.71,0.855,6,0,6,0,0,9,4,3.27,0.8175,9,2,7,0,0
401415260,2022,2022-11-13 03:30:00+00:00,San José State,away,8,4,3.38,0.845,7,0,7,0,0,12,1,0.81,0.81,11,5,6,0,0
401404034,2022,2022-11-13 03:30:00+00:00,UCLA,home,13,12,10.61,0.8841666666666667,13,0,12,1,0,21,12,10.34,0.8616666666666667,21,0,20,1,0
401415257,2022,2022-11-13 04:00:00+00:00,Hawai'i,home,13,4,3.3200000000000003,0.8300000000000001,12,0,10,2,0,22,12,10.21,0.8508333333333334,19,4,13,2,0
401415257,2022,2022-11-13 04:00:00+00:00,Utah State,away,8,6,5.09,0.8483333333333333,8,0,7,1,0,18,5,4.07,0.8140000000000001,16,10,6,0,0
401416643,2022,2022-11-16 00:00:00+00:00,Ball State,home,5,2,1.67,0.835,4,1,3,0,0,10,0,0.0,,9,2,7,0,0
401416642,2022,2022-11-16 00:00:00+00:00,Bowling Green,away,6,2,1.61,0.805,4,0,4,0,0,13,6,4.75,0.7916666666666666,13,7,6,0,0
401416643,2022,2022-11-16 00:00:00+00:00,Ohio,away,3,1,0.81,0.81,3,0,3,0,0,12,3,2.39,0.7966666666666667,11,3,8,0,0
401416642,2022,2022-11-16 00:00:00+00:00,Toledo,home,7,3,2.49,0.8300000000000001,7,1,6,0,0,17,8,6.57,0.82125,17,4,13,0,0
401416644,2022,2022-11-16 23:00:00+00:00,Eastern Michigan,away,5,4,3.25,0.8125,5,2,3,0,0,15,4,3.28,0.82,12,4,8,0,0
401416644,2022,2022-11-16 23:00:00+00:00,Kent State,home,4,4,3.25,0.8125,4,0,4,0,0,7,2,1.62,0.81,7,3,4,0,0
401416646,2022,2022-11-17 00:00:00+00:00,Miami (OH),away,8,4,3.38,0.845,8,0,8,0,0,17,9,7.45,0.8277777777777778,15,5,9,1,0
401416646,2022,2022-11-17 00:00:00+00:00,Northern Illinois,home,3,1,0.8,0.8,3,1,2,0,0,5,2,1.7000000000000002,0.8500000000000001,4,1,3,0,0
401416645,2022,2022-11-17 01:00:00+00:00,Central Michigan,home,2,2,1.62,0.81,2,1,1,0,0,17,8,6.76,0.845,17,4,11,2,0
401416645,2022,2022-11-17 01:00:00+00:00,Western Michigan,away,5,0,0.0,,5,1,4,0,0,8,2,1.62,0.81,8,3,5,0,0
401415658,2022,2022-11-18 00:30:00+00:00,SMU,away,16,15,13.0,0.8666666666666667,16,0,15,1,0,15,6,5.15,0.8583333333333334,13,1,11,1,0
401415658,2022,2022-11-18 00:30:00+00:00,Tulane,home,9,6,5.13,0.855,8,0,8,0,0,10,4,3.45,0.8625,9,1,7,1,0
401415659,2022,2022-11-19 02:00:00+00:00,South Florida,away,16,15,12.4,0.8266666666666667,16,0,16,0,0,22,9,7.3,0.8111111111111111,18,0,18,0,0
401415659,2022,2022-11-19 02:00:00+00:00,Tulsa,home,7,3,2.54,0.8466666666666667,7,0,6,1,0,6,3,2.62,0.8733333333333334,6,1,4,1,0
401415264,2022,2022-11-19 02:45:00+00:00,New Mexico,home,7,2,1.6400000000000001,0.8200000000000001,5,0,5,0,0,12,5,4.21,0.842,11,4,6,1,0
401415264,2022,2022-11-19 02:45:00+00:00,San Diego State,away,6,2,1.71,0.855,6,0,6,0,0,9,4,3.27,0.8175,9,2,7,0,0
401415661,2022,2022-11-19 16:00:00+00:00,Navy,away,0,0,0.0,,0,0,0,0,0,4,3,2.42,0.8066666666666666,4,3,1,0,0
401415661,2022,2022-11-19 16:00:00+00:00,UCF,home,14,9,7.99,0.8877777777777778,13,0,8,5,0,24,15,12.700000000000001,0.8466666666666668,24,1,21,2,0
401403946,2022,2022-11-19 17:00:00+00:00,Alabama,home,5,5,4.72,0.944,5,0,0,3,2,24,14,12.27,0.8764285714285714,22,2,12,8,0
401404143,2022,2022-11-19 17:00:00+00:00,Army,home,0,0,0.0,,0,0,0,0,0,6,2,1.57,0.785,4,3,1,0,0
401403946,2022,2022-11-19 17:00:00+00:00,Austin Peay,away,1,0,0.0,,1,0,1,0,0,2,1,0.86,0.86,2,1,1,0,0
401404114,2022,2022-11-19 17:00:00+00:00,Baylor,home,3,2,1.8,0.9,3,1,1,1,0,8,3,2.63,0.8766666666666666,6,0,6,0,0
401411169,2022,2022-11-19 17:00:00+00:00,Duke,away,8,3,2.55,0.85,7,2,5,0,0,13,6,5.15,0.8583333333333334,13,0,13,0,0
401403951,2022,2022-11-19 17:00:00+00:00,East Tennessee State,away,1,1,0.8,0.8,1,0,1,0,0,3,3,2.62,0.8733333333333334,3,0,3,0,0
401403955,2022,2022-11-19 17:00:00+00:00,Florida,away,9,8,7.04,0.88,9,0,5,4,0,18,14,12.15,0.8678571428571429,18,1,11,6,0
401411166,2022,2022-11-19 17:00:00+00:00,Florida State,home,13,12,10.46,0.8716666666666667,12,0,10,2,0,28,11,9.16,0.8327272727272728,25,0,20,4,1
401405145,2022,2022-11-19 17:00:00+00:00,Illinois,away,8,3,2.51,0.8366666666666666,5,0,5,0,0,23,7,5.84,0.8342857142857143,19,1,17,1,0
401405146,2022,2022-11-19 17:00:00+00:00,Indiana,away,13,10,8.49,0.849,12,0,10,2,0,34,16,13.13,0.820625,28,5,21,2,0
401404165,2022,2022-11-19 17:00:00+00:00,Liberty,home,13,7,5.83,0.8328571428571429,11,1,10,0,0,10,1,0.8,0.8,9,2,7,0,0
401411166,2022,2022-11-19 17:00:00+00:00,Louisiana,away,2,1,0.81,0.81,2,0,2,0,0,14,12,10.280000000000001,0.8566666666666668,14,4,6,4,0
401403954,2022,2022-11-19 17:00:00+00:00,Massachusetts,away,19,12,9.790000000000001,0.8158333333333334,16,5,11,0,0,15,2,1.66,0.83,13,5,8,0,0
401405145,2022,2022-11-19 17:00:00+00:00,Michigan,home,3,3,2.7,0.9,3,0,2,1,0,12,6,5.11,0.8516666666666667,10,0,8,2,0
401405146,2022,2022-11-19 17:00:00+00:00,Michigan State,home,10,7,6.23,0.89,10,1,6,3,0,23,12,10.04,0.8366666666666666,22,0,20,2,0
401403951,2022,2022-11-19 17:00:00+00:00,Mississippi State,home,10,5,4.39,0.8779999999999999,9,2,4,3,0,24,11,9.379999999999999,0.8527272727272727,20,2,18,0,0
401405142,2022,2022-11-19 17:00:00+00:00,Nebraska,home,15,14,12.08,0.8628571428571429,15,2,10,3,0,20,10,8.62,0.8619999999999999,17,1,13,3,0
401405143,2022,2022-11-19 17:00:00+00:00,Northwestern,away,6,5,4.1,0.82,5,0,5,0,0,9,9,7.46,0.8288888888888889,9,1,7,1,0
401411169,2022,2022-11-19 17:00:00+00:00,Pittsburgh,home,7,5,4.36,0.8720000000000001,7,0,6,1,0,17,8,6.82,0.8525,17,1,13,2,1
401405143,2022,2022-11-19 17:00:00+00:00,Purdue,home,10,6,5.07,0.8450000000000001,10,3,5,2,0,16,8,6.71,0.83875,16,1,13,2,0
401404114,2022,2022-11-19 17:00:00+00:00,TCU,away,14,14,12.15,0.8678571428571429,14,0,12,2,0,17,12,10.39,0.8658333333333333,17,0,15,2,0
401403954,2022,2022-11-19 17:00:00+00:00,Texas A&M,home,2,1,0.92,0.92,2,0,1,1,0,13,8,6.88,0.86,10,0,8,1,1
401404143,2022,2022-11-19 17:00:00+00:00,UConn,away,9,3,2.4699999999999998,0.8233333333333333,9,1,7,1,0,20,8,6.65,0.83125,19,6,13,0,0
401403955,2022,2022-11-19 17:00:00+00:00,Vanderbilt,home,6,5,4.26,0.852,5,0,5,0,0,20,11,9.32,0.8472727272727273,20,1,17,2,0
401404165,2022,2022-11-19 17:00:00+00:00,Virginia Tech,away,5,4,3.45,0.8625,5,0,4,1,0,17,5,4.23,0.8460000000000001,15,1,14,0,0
401405142,2022,2022-11-19 17:00:00+00:00,Wisconsin,away,6,6,5.15,0.8583333333333334,6,1,4,1,0,12,8,6.640000000000001,0.8300000000000001,11,1,10,0,0
401426611,2022,2022-11-19 18:00:00+00:00,Rice,home,7,3,2.52,0.84,6,0,5,1,0,15,8,6.52,0.815,13,5,8,0,0
401426611,2022,2022-11-19 18:00:00+00:00,UTSA,away,9,5,4.19,0.8380000000000001,9,0,9,0,0,9,2,1.62,0.81,8,0,8,0,0
401404039,2022,2022-11-19 19:00:00+00:00,Arizona,home,8,7,6.08,0.8685714285714285,8,0,7,1,0,27,7,5.74,0.8200000000000001,25,2,22,1,0
401415660,2022,2022-11-19 19:00:00+00:00,East Carolina,home,14,8,6.529999999999999,0.8162499999999999,12,2,9,1,0,28,4,3.18,0.795,24,2,21,1,0
401426378,2022,2022-11-19 19:00:00+00:00,Georgia State,away,4,1,0.79,0.79,3,1,2,0,0,15,7,5.65,0.8071428571428572,14,8,6,0,0
401415660,2022,2022-11-19 19:00:00+00:00,Houston,away,11,6,5.13,0.855,10,1,5,4,0,23,8,6.44,0.805,20,4,16,0,0
401426378,2022,2022-11-19 19:00:00+00:00,James Madison,home,5,2,1.62,0.81,5,0,5,0,0,3,2,1.77,0.885,2,0,1,1,0
401404117,2022,2022-11-19 19:00:00+00:00,Kansas State,away,7,6,5.14,0.8566666666666666,6,0,5,1,0,17,10,8.28,0.828,16,1,14,1,0
401415662,2022,2022-11-19 19:00:00+00:00,Memphis,home,11,5,4.3,0.86,10,2,8,0,0,21,8,6.55,0.81875,21,3,17,1,0
401415662,2022,2022-11-19 19:00:00+00:00,North Alabama,away,0,0,0.0,,0,0,0,0,0,0,0,0.0,,0,0,0,0,0
401404039,2022,2022-11-19 19:00:00+00:00,Washington State,away,9,4,3.5300000000000002,0.8825000000000001,6,0,5,1,0,30,10,8.35,0.835,18,1,17,0,0
401404117,2022,2022-11-19 19:00:00+00:00,West Virginia,home,11,6,5.18,0.8633333333333333,8,0,8,0,0,25,17,14.56,0.8564705882352941,24,0,22,2,0
401404040,2022,2022-11-19 19:15:00+00:00,Arizona State,home,13,13,11.24,0.8646153846153847,13,0,12,1,0,21,14,12.15,0.8678571428571429,19,2,13,4,0
401404040,2022,2022-11-19 19:15:00+00:00,Oregon State,away,2,1,0.86,0.86,2,0,1,1,0,10,3,2.48,0.8266666666666667,9,1,8,0,0
401426376,2022,2022-11-19 19:30:00+00:00,App State,home,9,3,2.48,0.8266666666666667,6,0,6,0,0,10,2,1.68,0.84,7,0,7,0,0
401404132,2022,2022-11-19 19:30:00+00:00,Boston College,away,4,2,1.7,0.85,3,0,3,0,0,13,4,3.27,0.8175,11,0,11,0,0
401404132,2022,2022-11-19 19:30:00+00:00,Notre Dame,home,4,2,1.81,0.905,2,0,1,1,0,14,9,7.66,0.8511111111111112,14,0,13,1,0
401426376,2022,2022-11-19 19:30:00+00:00,Old Dominion,away,3,1,0.8,0.8,3,0,3,0,0,10,5,3.95,0.79,9,5,4,0,0
401420863,2022,2022-11-19 20:30:00+00:00,BYU,home,4,4,3.53,0.8825,4,0,3,1,0,10,2,1.58,0.79,9,2,7,0,0
401426608,2022,2022-11-19 20:30:00+00:00,Charlotte,home,3,2,1.67,0.835,3,0,3,0,0,9,1,0.86,0.86,7,3,4,0,0
401411165,2022,2022-11-19 20:30:00+00:00,Clemson,home,1,1,0.8,0.8,1,0,1,0,0,10,10,8.45,0.845,10,0,10,0,0
401426610,2022,2022-11-19 20:30:00+00:00,Florida Atlantic,away,12,6,5.01,0.835,12,0,11,1,0,12,3,2.42,0.8066666666666666,11,2,9,0,0
401403949,2022,2022-11-19 20:30:00+00:00,Georgia,away,1,0,0.0,,1,1,0,0,0,14,10,8.95,0.8949999999999999,13,0,8,4,1
401404116,2022,2022-11-19 20:30:00+00:00,Kansas,home,15,12,10.3,0.8583333333333334,13,0,13,0,0,23,4,3.3,0.825,19,0,18,1,0
401403949,2022,2022-11-19 20:30:00+00:00,Kentucky,home,9,6,5.29,0.8816666666666667,8,0,6,2,0,19,8,6.67,0.83375,19,2,15,2,0
401426608,2022,2022-11-19 20:30:00+00:00,Louisiana Tech,away,9,3,2.44,0.8133333333333334,9,0,8,1,0,11,3,2.51,0.8366666666666666,9,3,6,0,0
401411167,2022,2022-11-19 20:30:00+00:00,Louisville,home,13,10,8.75,0.875,11,1,7,3,0,18,12,10.1,0.8416666666666667,18,2,15,1,0
401405144,2022,2022-11-19 20:30:00+00:00,Maryland,home,6,2,1.72,0.86,5,0,3,2,0,27,11,9.23,0.8390909090909091,25,1,23,1,0
401411165,2022,2022-11-19 20:30:00+00:00,Miami,away,11,11,9.68,0.88,11,0,10,1,0,18,12,10.19,0.8491666666666666,16,0,14,2,0
401426610,2022,2022-11-19 20:30:00+00:00,Middle Tennessee,home,10,4,3.32,0.83,10,0,10,0,0,18,4,3.3899999999999997,0.8474999999999999,12,1,10,1,0
401411167,2022,2022-11-19 20:30:00+00:00,NC State,away,2,2,1.73,0.865,2,0,2,0,0,8,3,2.58,0.86,8,1,7,0,0
401405144,2022,2022-11-19 20:30:00+00:00,Ohio State,away,3,2,1.8199999999999998,0.9099999999999999,3,0,2,1,0,20,14,12.24,0.8742857142857143,19,0,16,2,1
401405147,2022,2022-11-19 20:30:00+00:00,Penn State,away,3,2,1.78,0.89,3,0,2,1,0,15,6,5.08,0.8466666666666667,15,2,8,5,0
401405147,2022,2022-11-19 20:30:00+00:00,Rutgers,home,7,7,6.09,0.87,7,0,5,2,0,21,10,8.28,0.828,20,1,19,0,0
401426379,2022,2022-11-19 20:30:00+00:00,South Alabama,away,15,15,12.36,0.824,15,0,15,0,0,10,2,1.54,0.77,9,3,5,0,0
401426379,2022,2022-11-19 20:30:00+00:00,Southern Miss,home,11,10,8.41,0.841,11,0,11,0,0,15,5,3.93,0.786,13,8,5,0,0
401404116,2022,2022-11-19 20:30:00+00:00,Texas,away,7,7,6.37,0.91,7,0,3,3,1,23,14,11.86,0.8471428571428571,22,0,18,4,0
401426381,2022,2022-11-19 20:30:00+00:00,Troy,home,5,1,0.84,0.84,3,1,1,1,0,13,2,1.68,0.84,11,1,10,0,0
401426381,2022,2022-11-19 20:30:00+00:00,UL Monroe,away,7,2,1.5899999999999999,0.7949999999999999,6,1,5,0,0,19,11,8.92,0.8109090909090909,19,7,12,0,0
401420863,2022,2022-11-19 20:30:00+00:00,Utah Tech,away,2,1,0.84,0.84,2,0,2,0,0,0,0,0.0,,0,0,0,0,0
401426613,2022,2022-11-19 21:00:00+00:00,Auburn,home,11,9,7.83,0.87,10,0,10,0,0,24,21,18.28,0.8704761904761905,24,0,19,5,0
401415663,2022,2022-11-19 21:00:00+00:00,Cincinnati,away,7,5,4.36,0.8720000000000001,6,0,4,2,0,10,3,2.44,0.8133333333333334,9,1,8,0,0
401426609,2022,2022-11-19 21:00:00+00:00,Florida International,away,11,6,4.92,0.82,11,1,10,0,0,17,10,8.22,0.8220000000000001,15,4,10,1,0
401405141,2022,2022-11-19 21:00:00+00:00,Iowa,away,1,1,0.87,0.87,1,0,1,0,0,7,4,3.2800000000000002,0.8200000000000001,6,2,4,0,0
401405141,2022,2022-11-19 21:00:00+00:00,Minnesota,home,8,6,5.15,0.8583333333333334,6,0,6,0,0,23,13,10.86,0.8353846153846154,22,2,19,1,0
401415663,2022,2022-11-19 21:00:00+00:00,Temple,home,12,9,7.5,0.8333333333333334,10,2,8,0,0,18,5,4.17,0.834,16,4,11,1,0
401426609,2022,2022-11-19 21:00:00+00:00,UTEP,home,1,1,0.79,0.79,1,1,0,0,0,9,2,1.75,0.875,8,4,3,1,0
401426613,2022,2022-11-19 21:00:00+00:00,Western Kentucky,away,14,9,7.43,0.8255555555555555,12,1,11,0,0,19,9,7.5600000000000005,0.8400000000000001,17,5,10,2,0
401426380,2022,2022-11-19 22:00:00+00:00,Arkansas State,away,11,5,4.14,0.828,10,0,9,1,0,25,11,8.96,0.8145454545454546,21,7,14,0,0
401426380,2022,2022-11-19 22:00:00+00:00,Texas State,home,15,5,4.07,0.8140000000000001,11,1,9,1,0,8,4,3.22,0.805,7,1,6,0,0
401404041,2022,2022-11-19 22:30:00+00:00,California,home,6,4,3.52,0.88,5,0,3,2,0,11,5,4.36,0.8720000000000001,10,1,8,1,0
401411168,2022,2022-11-19 22:30:00+00:00,Georgia Tech,away,18,12,10.379999999999999,0.8649999999999999,18,1,17,0,0,17,12,10.31,0.8591666666666667,17,0,14,2,1
401411168,2022,2022-11-19 22:30:00+00:00,North Carolina,home,5,5,4.37,0.874,5,0,5,0,0,16,11,9.33,0.8481818181818181,14,0,12,2,0
401404041,2022,2022-11-19 22:30:00+00:00,Stanford,away,1,1,0.89,0.89,1,0,1,0,0,9,7,5.95,0.85,9,1,7,1,0
401426377,2022,2022-11-19 23:00:00+00:00,Georgia Southern,home,11,2,1.65,0.825,7,1,6,0,0,18,2,1.56,0.78,17,4,12,1,0
401426377,2022,2022-11-19 23:00:00+00:00,Marshall,away,13,6,5.01,0.835,12,1,9,1,1,14,4,3.2800000000000002,0.8200000000000001,14,3,11,0,0
401415261,2022,2022-11-20 00:00:00+00:00,Boise State,away,3,3,2.62,0.8733333333333334,3,0,3,0,0,6,2,1.69,0.845,5,0,5,0,0
401404115,2022,2022-11-20 00:00:00+00:00,Iowa State,home,4,2,1.69,0.845,4,0,4,0,0,21,7,5.95,0.85,19,2,17,0,0
401403953,2022,2022-11-20 00:00:00+00:00,South Carolina,home,10,9,8.05,0.8944444444444445,10,0,6,4,0,21,8,6.7,0.8375,19,1,15,3,0
401403953,2022,2022-11-20 00:00:00+00:00,Tennessee,away,8,5,4.35,0.8699999999999999,8,0,7,1,0,22,7,5.97,0.8528571428571429,19,2,10,7,0
401404115,2022,2022-11-20 00:00:00+00:00,Texas Tech,away,14,11,9.34,0.8490909090909091,14,1,12,1,0,8,3,2.4299999999999997,0.8099999999999999,8,2,6,0,0
401415261,2022,2022-11-20 00:00:00+00:00,Wyoming,home,3,2,1.6099999999999999,0.8049999999999999,3,1,2,0,0,13,8,6.98,0.8725,13,3,8,2,0
401403947,2022,2022-11-20 00:30:00+00:00,Arkansas,home,9,8,7.140000000000001,0.8925000000000001,9,0,4,5,0,22,8,6.8,0.85,21,3,12,6,0
401403952,2022,2022-11-20 00:30:00+00:00,Missouri,home,13,12,10.3,0.8583333333333334,13,1,11,1,0,17,11,9.36,0.8509090909090908,17,0,15,2,0
401403952,2022,2022-11-20 00:30:00+00:00,New Mexico State,away,9,7,6.04,0.8628571428571429,8,0,8,0,0,16,7,5.91,0.8442857142857143,16,4,12,0,0
401404118,2022,2022-11-20 00:30:00+00:00,Oklahoma,home,16,15,13.2,0.88,15,0,10,5,0,18,13,11.66,0.8969230769230769,16,0,6,9,1
401404118,2022,2022-11-20 00:30:00+00:00,Oklahoma State,away,5,3,2.56,0.8533333333333334,5,0,5,0,0,16,10,8.82,0.882,16,0,14,2,0
401403947,2022,2022-11-20 00:30:00+00:00,Ole Miss,away,17,16,14.32,0.895,17,1,7,9,0,23,17,14.23,0.8370588235294117,22,1,20,1,0
401411171,2022,2022-11-20 01:00:00+00:00,Syracuse,away,9,7,5.96,0.8514285714285714,8,0,8,0,0,18,12,9.93,0.8275,18,1,16,1,0
401404044,2022,2022-11-20 01:00:00+00:00,UCLA,home,13,12,10.61,0.8841666666666667,13,0,12,1,0,21,12,10.34,0.8616666666666667,21,0,20,1,0
401404044,2022,2022-11-20 01:00:00+00:00,USC,away,20,19,17.1,0.9,20,1,12,5,2,27,18,15.33,0.8516666666666667,25,4,15,6,0
401411171,2022,2022-11-20 01:00:00+00:00,Wake Forest,home,4,2,1.7,0.85,4,2,2,0,0,10,3,2.55,0.85,10,0,10,0,0
401415262,2022,2022-11-20 02:00:00+00:00,Air Force,home,0,0,0.0,,0,0,0,0,0,9,2,1.52,0.76,6,3,3,0,0
401404042,2022,2022-11-20 02:00:00+00:00,Colorado,away,6,4,3.36,0.84,5,0,5,0,0,24,15,12.55,0.8366666666666667,23,2,19,2,0
401415262,2022,2022-11-20 02:00:00+00:00,Colorado State,away,11,6,5.01,0.835,10,0,10,0,0,22,5,4.09,0.818,18,5,13,0,0
401426612,2022,2022-11-20 02:00:00+00:00,LSU,home,16,15,13.24,0.8826666666666667,15,1,8,6,0,19,12,10.76,0.8966666666666666,17,0,9,7,1
401426612,2022,2022-11-20 02:00:00+00:00,UAB,away,2,2,1.72,0.86,2,0,2,0,0,10,4,3.44,0.86,8,0,8,0,0
401404042,2022,2022-11-20 02:00:00+00:00,Washington,home,9,8,6.99,0.87375,8,0,7,1,0,20,10,8.51,0.851,18,2,13,2,0
401415265,2022,2022-11-20 02:45:00+00:00,San José State,away,8,4,3.38,0.845,7,0,7,0,0,12,1,0.81,0.81,11,5,6,0,0
401415265,2022,2022-11-20 02:45:00+00:00,Utah State,home,8,6,5.09,0.8483333333333333,8,0,7,1,0,18,5,4.07,0.8140000000000001,16,10,6,0,0
401415263,2022,2022-11-20 03:30:00+00:00,Fresno State,away,12,7,6.04,0.8628571428571429,11,0,10,1,0,16,5,4.08,0.8160000000000001,14,3,11,0,0
401415263,2022,2022-11-20 03:30:00+00:00,Nevada,home,16,1,0.89,0.89,11,3,6,2,0,19,9,7.63,0.8477777777777777,16,2,14,0,0
401404043,2022,2022-11-20 03:30:00+00:00,Oregon,home,12,9,7.86,0.8733333333333334,11,0,7,4,0,19,13,11.52,0.8861538461538461,16,2,10,4,0
401404043,2022,2022-11-20 03:30:00+00:00,Utah,away,5,5,4.36,0.8720000000000001,5,0,4,1,0,16,6,5.14,0.8566666666666666,16,1,13,2,0
401415266,2022,2022-11-20 04:00:00+00:00,Hawai'i,home,13,4,3.3200000000000003,0.8300000000000001,12,0,10,2,0,22,12,10.21,0.8508333333333334,19,4,13,2,0
401415266,2022,2022-11-20 04:00:00+00:00,UNLV,away,8,4,3.34,0.835,7,0,7,0,0,18,5,4.04,0.808,18,5,13,0,0
401416648,2022,2022-11-23 00:00:00+00:00,Ball State,away,5,2,1.67,0.835,4,1,3,0,0,10,0,0.0,,9,2,7,0,0
401416649,2022,2022-11-23 00:00:00+00:00,Bowling Green,away,6,2,1.61,0.805,4,0,4,0,0,13,6,4.75,0.7916666666666666,13,7,6,0,0
401416648,2022,2022-11-23 00:00:00+00:00,Miami (OH),home,8,4,3.38,0.845,8,0,8,0,0,17,9,7.45,0.8277777777777778,15,5,9,1,0
401416649,2022,2022-11-23 00:00:00+00:00,Ohio,home,3,1,0.81,0.81,3,0,3,0,0,12,3,2.39,0.7966666666666667,11,3,8,0,0
401403956,2022,2022-11-25 00:00:00+00:00,Mississippi State,away,10,5,4.39,0.8779999999999999,9,2,4,3,0,24,11,9.379999999999999,0.8527272727272727,20,2,18,0,0
401403956,2022,2022-11-25 00:00:00+00:00,Ole Miss,home,17,16,14.32,0.895,17,1,7,9,0,23,17,14.23,0.8370588235294117,22,1,20,1,0
401404119,2022,2022-11-25 17:00:00+00:00,Baylor,away,3,2,1.8,0.9,3,1,1,1,0,8,3,2.63,0.8766666666666666,6,0,6,0,0
401415269,2022,2022-11-25 17:00:00+00:00,Boise State,home,3,3,2.62,0.8733333333333334,3,0,3,0,0,6,2,1.69,0.845,5,0,5,0,0
401416650,2022,2022-11-25 17:00:00+00:00,Central Michigan,away,2,2,1.62,0.81,2,1,1,0,0,17,8,6.76,0.845,17,4,11,2,0
401415665,2022,2022-11-25 17:00:00+00:00,Cincinnati,home,7,5,4.36,0.8720000000000001,6,0,4,2,0,10,3,2.44,0.8133333333333334,9,1,8,0,0
401416650,2022,2022-11-25 17:00:00+00:00,Eastern Michigan,home,5,4,3.25,0.8125,5,2,3,0,0,15,4,3.28,0.82,12,4,8,0,0
401404119,2022,2022-11-25 17:00:00+00:00,Texas,home,7,7,6.37,0.91,7,0,3,3,1,23,14,11.86,0.8471428571428571,22,0,18,4,0
401416651,2022,2022-11-25 17:00:00+00:00,Toledo,away,7,3,2.49,0.8300000000000001,7,1,6,0,0,17,8,6.57,0.82125,17,4,13,0,0
401415665,2022,2022-11-25 17:00:00+00:00,Tulane,away,9,6,5.13,0.855,8,0,8,0,0,10,4,3.45,0.8625,9,1,7,1,0
401415269,2022,2022-11-25 17:00:00+00:00,Utah State,away,8,6,5.09,0.8483333333333333,8,0,7,1,0,18,5,4.07,0.8140000000000001,16,10,6,0,0
401416651,2022,2022-11-25 17:00:00+00:00,Western Michigan,home,5,0,0.0,,5,1,4,0,0,8,2,1.62,0.81,8,3,5,0,0
401404045,2022,2022-11-25 20:00:00+00:00,Arizona,home,8,7,6.08,0.8685714285714285,8,0,7,1,0,27,7,5.74,0.8200000000000001,25,2,22,1,0
401404045,2022,2022-11-25 20:00:00+00:00,Arizona State,away,13,13,11.24,0.8646153846153847,13,0,12,1,0,21,14,12.15,0.8678571428571429,19,2,13,4,0
401403961,2022,2022-11-25 20:30:00+00:00,Arkansas,away,9,8,7.140000000000001,0.8925000000000001,9,0,4,5,0,22,8,6.8,0.85,21,3,12,6,0
401415268,2022,2022-11-25 20:30:00+00:00,Colorado State,home,11,6,5.01,0.835,10,0,10,0,0,22,5,4.09,0.818,18,5,13,0,0
401403961,2022,2022-11-25 20:30:00+00:00,Missouri,home,13,12,10.3,0.8583333333333334,13,1,11,1,0,17,11,9.36,0.8509090909090908,17,0,15,2,0
401411172,2022,2022-11-25 20:30:00+00:00,NC State,away,2,2,1.73,0.865,2,0,2,0,0,8,3,2.58,0.86,8,1,7,0,0
401415268,2022,2022-11-25 20:30:00+00:00,New Mexico,away,7,2,1.6400000000000001,0.8200000000000001,5,0,5,0,0,12,5,4.21,0.842,11,4,6,1,0
401411172,2022,2022-11-25 20:30:00+00:00,North Carolina,home,5,5,4.37,0.874,5,0,5,0,0,16,11,9.33,0.8481818181818181,14,0,12,2,0
401405148,2022,2022-11-25 21:00:00+00:00,Iowa,home,1,1,0.87,0.87,1,0,1,0,0,7,4,3.2800000000000002,0.8200000000000001,6,2,4,0,0
401405148,2022,2022-11-25 21:00:00+00:00,Nebraska,away,15,14,12.08,0.8628571428571429,15,2,10,3,0,20,10,8.62,0.8619999999999999,17,1,13,3,0
401404046,2022,2022-11-25 21:30:00+00:00,California,home,6,4,3.52,0.88,5,0,3,2,0,11,5,4.36,0.8720000000000001,10,1,8,1,0
401404046,2022,2022-11-25 21:30:00+00:00,UCLA,away,13,12,10.61,0.8841666666666667,13,0,12,1,0,21,12,10.34,0.8616666666666667,21,0,20,1,0
401403958,2022,2022-11-26 00:30:00+00:00,Florida,away,9,8,7.04,0.88,9,0,5,4,0,18,14,12.15,0.8678571428571429,18,1,11,6,0
401403958,2022,2022-11-26 00:30:00+00:00,Florida State,home,13,12,10.46,0.8716666666666667,12,0,10,2,0,28,11,9.16,0.8327272727272728,25,0,20,4,1
401415270,2022,2022-11-26 03:00:00+00:00,Fresno State,home,12,7,6.04,0.8628571428571429,11,0,10,1,0,16,5,4.08,0.8160000000000001,14,3,11,0,0
401415270,2022,2022-11-26 03:00:00+00:00,Wyoming,away,3,2,1.6099999999999999,0.8049999999999999,3,1,2,0,0,13,8,6.98,0.8725,13,3,8,2,0
401404144,2022,2022-11-26 17:00:00+00:00,Army,away,0,0,0.0,,0,0,0,0,0,6,2,1.57,0.785,4,3,1,0,0
401403962,2022,2022-11-26 17:00:00+00:00,Clemson,home,1,1,0.8,0.8,1,0,1,0,0,10,10,8.45,0.845,10,0,10,0,0
401426383,2022,2022-11-26 17:00:00+00:00,Coastal Carolina,away,4,0,0.0,,4,1,3,0,0,16,2,1.7000000000000002,0.8500000000000001,16,6,10,0,0
401426615,2022,2022-11-26 17:00:00+00:00,Florida Atlantic,home,12,6,5.01,0.835,12,0,11,1,0,12,3,2.42,0.8066666666666666,11,2,9,0,0
401403959,2022,2022-11-26 17:00:00+00:00,Georgia,home,1,0,0.0,,1,1,0,0,0,14,10,8.95,0.8949999999999999,13,0,8,4,1
401426390,2022,2022-11-26 17:00:00+00:00,Georgia State,away,4,1,0.79,0.79,3,1,2,0,0,15,7,5.65,0.8071428571428572,14,8,6,0,0
401403959,2022,2022-11-26 17:00:00+00:00,Georgia Tech,away,18,12,10.379999999999999,0.8649999999999999,18,1,17,0,0,17,12,10.31,0.8591666666666667,17,0,14,2,1
401426383,2022,2022-11-26 17:00:00+00:00,James Madison,home,5,2,1.62,0.81,5,0,5,0,0,3,2,1.77,0.885,2,0,1,1,0
401404166,2022,2022-11-26 17:00:00+00:00,Liberty,home,13,7,5.83,0.8328571428571429,11,1,10,0,0,10,1,0.8,0.8,9,2,7,0,0
401426390,2022,2022-11-26 17:00:00+00:00,Marshall,home,13,6,5.01,0.835,12,1,9,1,1,14,4,3.2800000000000002,0.8200000000000001,14,3,11,0,0
401405152,2022,2022-11-26 17:00:00+00:00,Maryland,home,6,2,1.72,0.86,5,0,3,2,0,27,11,9.23,0.8390909090909091,25,1,23,1,0
401404144,2022,2022-11-26 17:00:00+00:00,Massachusetts,home,19,12,9.790000000000001,0.8158333333333334,16,5,11,0,0,15,2,1.66,0.83,13,5,8,0,0
401405153,2022,2022-11-26 17:00:00+00:00,Michigan,away,3,3,2.7,0.9,3,0,2,1,0,12,6,5.11,0.8516666666666667,10,0,8,2,0
401404166,2022,2022-11-26 17:00:00+00:00,New Mexico State,away,9,7,6.04,0.8628571428571429,8,0,8,0,0,16,7,5.91,0.8442857142857143,16,4,12,0,0
401405153,2022,2022-11-26 17:00:00+00:00,Ohio State,home,3,2,1.8199999999999998,0.9099999999999999,3,0,2,1,0,20,14,12.24,0.8742857142857143,19,0,16,2,1
401404123,2022,2022-11-26 17:00:00+00:00,Oklahoma State,home,5,3,2.56,0.8533333333333334,5,0,5,0,0,16,10,8.82,0.882,16,0,14,2,0
401426389,2022,2022-11-26 17:00:00+00:00,Old Dominion,away,3,1,0.8,0.8,3,0,3,0,0,10,5,3.95,0.79,9,5,4,0,0
401405152,2022,2022-11-26 17:00:00+00:00,Rutgers,away,7,7,6.09,0.87,7,0,5,2,0,21,10,8.28,0.828,20,1,19,0,0
401426389,2022,2022-11-26 17:00:00+00:00,South Alabama,home,15,15,12.36,0.824,15,0,15,0,0,10,2,1.54,0.77,9,3,5,0,0
401403962,2022,2022-11-26 17:00:00+00:00,South Carolina,away,10,9,8.05,0.8944444444444445,10,0,6,4,0,21,8,6.7,0.8375,19,1,15,3,0
401404123,2022,2022-11-26 17:00:00+00:00,West Virginia,away,11,6,5.18,0.8633333333333333,8,0,8,0,0,25,17,14.56,0.8564705882352941,24,0,22,2,0
401426615,2022,2022-11-26 17:00:00+00:00,Western Kentucky,away,14,9,7.43,0.8255555555555555,12,1,11,0,0,19,9,7.5600000000000005,0.8400000000000001,17,5,10,2,0
401416653,2022,2022-11-26 18:00:00+00:00,Buffalo,home,21,11,9.23,0.8390909090909091,18,2,16,0,0,27,15,12.370000000000001,0.8246666666666668,26,9,17,0,0
401415664,2022,2022-11-26 18:00:00+00:00,East Carolina,away,14,8,6.529999999999999,0.8162499999999999,12,2,9,1,0,28,4,3.18,0.795,24,2,21,1,0
401416653,2022,2022-11-26 18:00:00+00:00,Kent State,away,4,4,3.25,0.8125,4,0,4,0,0,7,2,1.62,0.81,7,3,4,0,0
401415664,2022,2022-11-26 18:00:00+00:00,Temple,home,12,9,7.5,0.8333333333333334,10,2,8,0,0,18,5,4.17,0.834,16,4,11,1,0
401416652,2022,2022-11-26 18:30:00+00:00,Akron,away,15,8,6.61,0.82625,15,1,12,2,0,10,5,4.27,0.8539999999999999,9,2,7,0,0
401416652,2022,2022-11-26 18:30:00+00:00,Northern Illinois,home,3,1,0.8,0.8,3,1,2,0,0,5,2,1.7000000000000002,0.8500000000000001,4,1,3,0,0
401426617,2022,2022-11-26 19:00:00+00:00,North Texas,home,10,7,5.82,0.8314285714285715,9,0,9,0,0,22,6,5.15,0.8583333333333334,21,1,20,0,0
401426617,2022,2022-11-26 19:00:00+00:00,Rice,away,7,3,2.52,0.84,6,0,5,1,0,15,8,6.52,0.815,13,5,8,0,0
401403960,2022,2022-11-26 20:00:00+00:00,Kentucky,home,9,6,5.29,0.8816666666666667,8,0,6,2,0,19,8,6.67,0.83375,19,2,15,2,0
401403960,2022,2022-11-26 20:00:00+00:00,Louisville,away,13,10,8.75,0.875,11,1,7,3,0,18,12,10.1,0.8416666666666667,18,2,15,1,0
401403957,2022,2022-11-26 20:30:00+00:00,Alabama,home,5,5,4.72,0.944,5,0,0,3,2,24,14,12.27,0.8764285714285714,22,2,12,8,0
401426384,2022,2022-11-26 20:30:00+00:00,Arkansas State,home,11,5,4.14,0.828,10,0,9,1,0,25,11,8.96,0.8145454545454546,21,7,14,0,0
401403957,2022,2022-11-26 20:30:00+00:00,Auburn,away,11,9,7.83,0.87,10,0,10,0,0,24,21,18.28,0.8704761904761905,24,0,19,5,0
401411174,2022,2022-11-26 20:30:00+00:00,Duke,home,8,3,2.55,0.85,7,2,5,0,0,13,6,5.15,0.8583333333333334,13,0,13,0,0
401415271,2022,2022-11-26 20:30:00+00:00,Hawai'i,away,13,4,3.3200000000000003,0.8300000000000001,12,0,10,2,0,22,12,10.21,0.8508333333333334,19,4,13,2,0
401405149,2022,2022-11-26 20:30:00+00:00,Illinois,away,8,3,2.51,0.8366666666666666,5,0,5,0,0,23,7,5.84,0.8342857142857143,19,1,17,1,0
401405151,2022,2022-11-26 20:30:00+00:00,Indiana,home,13,10,8.49,0.849,12,0,10,2,0,34,16,13.13,0.820625,28,5,21,2,0
401426616,2022,2022-11-26 20:30:00+00:00,Louisiana Tech,home,9,3,2.44,0.8133333333333334,9,0,8,1,0,11,3,2.51,0.8366666666666666,9,3,6,0,0
401415666,2022,2022-11-26 20:30:00+00:00,Memphis,away,11,5,4.3,0.86,10,2,8,0,0,21,8,6.55,0.81875,21,3,17,1,0
401405150,2022,2022-11-26 20:30:00+00:00,Minnesota,away,8,6,5.15,0.8583333333333334,6,0,6,0,0,23,13,10.86,0.8353846153846154,22,2,19,1,0
401405149,2022,2022-11-26 20:30:00+00:00,Northwestern,home,6,5,4.1,0.82,5,0,5,0,0,9,9,7.46,0.8288888888888889,9,1,7,1,0
401404047,2022,2022-11-26 20:30:00+00:00,Oregon,away,12,9,7.86,0.8733333333333334,11,0,7,4,0,19,13,11.52,0.8861538461538461,16,2,10,4,0
401404047,2022,2022-11-26 20:30:00+00:00,Oregon State,home,2,1,0.86,0.86,2,0,1,1,0,10,3,2.48,0.8266666666666667,9,1,8,0,0
401405151,2022,2022-11-26 20:30:00+00:00,Purdue,away,10,6,5.07,0.8450000000000001,10,3,5,2,0,16,8,6.71,0.83875,16,1,13,2,0
401415666,2022,2022-11-26 20:30:00+00:00,SMU,home,16,15,13.0,0.8666666666666667,16,0,15,1,0,15,6,5.15,0.8583333333333334,13,1,11,1,0
401415271,2022,2022-11-26 20:30:00+00:00,San José State,home,8,4,3.38,0.845,7,0,7,0,0,12,1,0.81,0.81,11,5,6,0,0
401426384,2022,2022-11-26 20:30:00+00:00,Troy,away,5,1,0.84,0.84,3,1,1,1,0,13,2,1.68,0.84,11,1,10,0,0
401426616,2022,2022-11-26 20:30:00+00:00,UAB,away,2,2,1.72,0.86,2,0,2,0,0,10,4,3.44,0.86,8,0,8,0,0
401426618,2022,2022-11-26 20:30:00+00:00,UTEP,away,1,1,0.79,0.79,1,1,0,0,0,9,2,1.75,0.875,8,4,3,1,0
401426618,2022,2022-11-26 20:30:00+00:00,UTSA,home,9,5,4.19,0.8380000000000001,9,0,9,0,0,9,2,1.62,0.81,8,0,8,0,0
401411174,2022,2022-11-26 20:30:00+00:00,Wake Forest,away,4,2,1.7,0.85,4,2,2,0,0,10,3,2.55,0.85,10,0,10,0,0
401405150,2022,2022-11-26 20:30:00+00:00,Wisconsin,home,6,6,5.15,0.8583333333333334,6,1,4,1,0,12,8,6.640000000000001,0.8300000000000001,11,1,10,0,0
401404048,2022,2022-11-26 21:00:00+00:00,Colorado,home,6,4,3.36,0.84,5,0,5,0,0,24,15,12.55,0.8366666666666667,23,2,19,2,0
401404120,2022,2022-11-26 21:00:00+00:00,Iowa State,away,4,2,1.69,0.845,4,0,4,0,0,21,7,5.95,0.85,19,2,17,0,0
401405154,2022,2022-11-26 21:00:00+00:00,Michigan State,away,10,7,6.23,0.89,10,1,6,3,0,23,12,10.04,0.8366666666666666,22,0,20,2,0
401405154,2022,2022-11-26 21:00:00+00:00,Penn State,home,3,2,1.78,0.89,3,0,2,1,0,15,6,5.08,0.8466666666666667,15,2,8,5,0
401404120,2022,2022-11-26 21:00:00+00:00,TCU,home,14,14,12.15,0.8678571428571429,14,0,12,2,0,17,12,10.39,0.8658333333333333,17,0,15,2,0
401404048,2022,2022-11-26 21:00:00+00:00,Utah,away,5,5,4.36,0.8720000000000001,5,0,4,1,0,16,6,5.14,0.8566666666666666,16,1,13,2,0
401426386,2022,2022-11-26 22:00:00+00:00,Louisiana,away,2,1,0.81,0.81,2,0,2,0,0,14,12,10.280000000000001,0.8566666666666668,14,4,6,4,0
401426385,2022,2022-11-26 22:00:00+00:00,Southern Miss,away,11,10,8.41,0.841,11,0,11,0,0,15,5,3.93,0.786,13,8,5,0,0
401426386,2022,2022-11-26 22:00:00+00:00,Texas State,home,15,5,4.07,0.8140000000000001,11,1,9,1,0,8,4,3.22,0.805,7,1,6,0,0
401426385,2022,2022-11-26 22:00:00+00:00,UL Monroe,home,7,2,1.5899999999999999,0.7949999999999999,6,1,5,0,0,19,11,8.92,0.8109090909090909,19,7,12,0,0
401426382,2022,2022-11-26 23:00:00+00:00,App State,away,9,3,2.48,0.8266666666666667,6,0,6,0,0,10,2,1.68,0.84,7,0,7,0,0
401426614,2022,2022-11-26 23:00:00+00:00,Florida International,home,11,6,4.92,0.82,11,1,10,0,0,17,10,8.22,0.8220000000000001,15,4,10,1,0
401426382,2022,2022-11-26 23:00:00+00:00,Georgia Southern,home,11,2,1.65,0.825,7,1,6,0,0,18,2,1.56,0.78,17,4,12,1,0
401426614,2022,2022-11-26 23:00:00+00:00,Middle Tennessee,away,10,4,3.32,0.83,10,0,10,0,0,18,4,3.3899999999999997,0.8474999999999999,12,1,10,1,0
401415272,2022,2022-11-26 23:00:00+00:00,Nevada,away,16,1,0.89,0.89,11,3,6,2,0,19,9,7.63,0.8477777777777777,16,2,14,0,0
401415272,2022,2022-11-26 23:00:00+00:00,UNLV,home,8,4,3.34,0.835,7,0,7,0,0,18,5,4.04,0.808,18,5,13,0,0
401403963,2022,2022-11-27 00:00:00+00:00,LSU,away,16,15,13.24,0.8826666666666667,15,1,8,6,0,19,12,10.76,0.8966666666666666,17,0,9,7,1
401415667,2022,2022-11-27 00:00:00+00:00,South Florida,home,16,15,12.4,0.8266666666666667,16,0,16,0,0,22,9,7.3,0.8111111111111111,18,0,18,0,0
401403963,2022,2022-11-27 00:00:00+00:00,Texas A&M,home,2,1,0.92,0.92,2,0,1,1,0,13,8,6.88,0.86,10,0,8,1,1
401415667,2022,2022-11-27 00:00:00+00:00,UCF,away,14,9,7.99,0.8877777777777778,13,0,8,5,0,24,15,12.700000000000001,0.8466666666666668,24,1,21,2,0
401411173,2022,2022-11-27 00:30:00+00:00,Boston College,home,4,2,1.7,0.85,3,0,3,0,0,13,4,3.27,0.8175,11,0,11,0,0
401415668,2022,2022-11-27 00:30:00+00:00,Houston,home,11,6,5.13,0.855,10,1,5,4,0,23,8,6.44,0.805,20,4,16,0,0
401404133,2022,2022-11-27 00:30:00+00:00,Notre Dame,away,4,2,1.81,0.905,2,0,1,1,0,14,9,7.66,0.8511111111111112,14,0,13,1,0
401404122,2022,2022-11-27 00:30:00+00:00,Oklahoma,away,16,15,13.2,0.88,15,0,10,5,0,18,13,11.66,0.8969230769230769,16,0,6,9,1
401411173,2022,2022-11-27 00:30:00+00:00,Syracuse,away,9,7,5.96,0.8514285714285714,8,0,8,0,0,18,12,9.93,0.8275,18,1,16,1,0
401403964,2022,2022-11-27 00:30:00+00:00,Tennessee,away,8,5,4.35,0.8699999999999999,8,0,7,1,0,22,7,5.97,0.8528571428571429,19,2,10,7,0
401404122,2022,2022-11-27 00:30:00+00:00,Texas Tech,home,14,11,9.34,0.8490909090909091,14,1,12,1,0,8,3,2.4299999999999997,0.8099999999999999,8,2,6,0,0
401415668,2022,2022-11-27 00:30:00+00:00,Tulsa,away,7,3,2.54,0.8466666666666667,7,0,6,1,0,6,3,2.62,0.8733333333333334,6,1,4,1,0
401404133,2022,2022-11-27 00:30:00+00:00,USC,home,20,19,17.1,0.9,20,1,12,5,2,27,18,15.33,0.8516666666666667,25,4,15,6,0
401403964,2022,2022-11-27 00:30:00+00:00,Vanderbilt,home,6,5,4.26,0.852,5,0,5,0,0,20,11,9.32,0.8472727272727273,20,1,17,2,0
401404121,2022,2022-11-27 01:00:00+00:00,Kansas,away,15,12,10.3,0.8583333333333334,13,0,13,0,0,23,4,3.3,0.825,19,0,18,1,0
401404121,2022,2022-11-27 01:00:00+00:00,Kansas State,home,7,6,5.14,0.8566666666666666,6,0,5,1,0,17,10,8.28,0.828,16,1,14,1,0
401411175,2022,2022-11-27 01:00:00+00:00,Miami,home,11,11,9.68,0.88,11,0,10,1,0,18,12,10.19,0.8491666666666666,16,0,14,2,0
401411175,2022,2022-11-27 01:00:00+00:00,Pittsburgh,away,7,5,4.36,0.8720000000000001,7,0,6,1,0,17,8,6.82,0.8525,17,1,13,2,1
401415267,2022,2022-11-27 02:00:00+00:00,Air Force,away,0,0,0.0,,0,0,0,0,0,9,2,1.52,0.76,6,3,3,0,0
401415267,2022,2022-11-27 02:00:00+00:00,San Diego State,home,6,2,1.71,0.855,6,0,6,0,0,9,4,3.27,0.8175,9,2,7,0,0
401404051,2022,2022-11-27 03:30:00+00:00,Washington,away,9,8,6.99,0.87375,8,0,7,1,0,20,10,8.51,0.851,18,2,13,2,0
401404051,2022,2022-11-27 03:30:00+00:00,Washington State,home,9,4,3.5300000000000002,0.8825000000000001,6,0,5,1,0,30,10,8.35,0.835,18,1,17,0,0
401404049,2022,2022-11-27 04:00:00+00:00,BYU,away,4,4,3.53,0.8825,4,0,3,1,0,10,2,1.58,0.79,9,2,7,0,0
401404049,2022,2022-11-27 04:00:00+00:00,Stanford,home,1,1,0.89,0.89,1,0,1,0,0,9,7,5.95,0.85,9,1,7,1,0
401506450,2022,2022-12-02 18:00:00+00:00,Akron,away,15,8,6.61,0.82625,15,1,12,2,0,10,5,4.27,0.8539999999999999,9,2,7,0,0
401506450,2022,2022-12-02 18:00:00+00:00,Buffalo,home,21,11,9.23,0.8390909090909091,18,2,16,0,0,27,15,12.370000000000001,0.8246666666666668,26,9,17,0,0
401437032,2022,2022-12-03 00:30:00+00:00,North Texas,away,10,7,5.82,0.8314285714285715,9,0,9,0,0,22,6,5.15,0.8583333333333334,21,1,20,0,0
401437032,2022,2022-12-03 00:30:00+00:00,UTSA,home,9,5,4.19,0.8380000000000001,9,0,9,0,0,9,2,1.62,0.81,8,0,8,0,0
401437035,2022,2022-12-03 01:00:00+00:00,USC,home,20,19,17.1,0.9,20,1,12,5,2,27,18,15.33,0.8516666666666667,25,4,15,6,0
401437035,2022,2022-12-03 01:00:00+00:00,Utah,away,5,5,4.36,0.8720000000000001,5,0,4,1,0,16,6,5.14,0.8566666666666666,16,1,13,2,0
401437030,2022,2022-12-03 17:00:00+00:00,Kansas State,away,7,6,5.14,0.8566666666666666,6,0,5,1,0,17,10,8.28,0.828,16,1,14,1,0
401437033,2022,2022-12-03 17:00:00+00:00,Ohio,home,3,1,0.81,0.81,3,0,3,0,0,12,3,2.39,0.7966666666666667,11,3,8,0,0
401437030,2022,2022-12-03 17:00:00+00:00,TCU,home,14,14,12.15,0.8678571428571429,14,0,12,2,0,17,12,10.39,0.8658333333333333,17,0,15,2,0
401437033,2022,2022-12-03 17:00:00+00:00,Toledo,away,7,3,2.49,0.8300000000000001,7,1,6,0,0,17,8,6.57,0.82125,17,4,13,0,0
401507088,2022,2022-12-03 20:00:00+00:00,New Mexico State,home,9,7,6.04,0.8628571428571429,8,0,8,0,0,16,7,5.91,0.8442857142857143,16,4,12,0,0
401507088,2022,2022-12-03 20:00:00+00:00,Valparaiso,away,0,0,0.0,,0,0,0,0,0,0,0,0.0,,0,0,0,0,0
401437037,2022,2022-12-03 20:30:00+00:00,Coastal Carolina,away,4,0,0.0,,4,1,3,0,0,16,2,1.7000000000000002,0.8500000000000001,16,6,10,0,0
401437037,2022,2022-12-03 20:30:00+00:00,Troy,home,5,1,0.84,0.84,3,1,1,1,0,13,2,1.68,0.84,11,1,10,0,0
401437034,2022,2022-12-03 21:00:00+00:00,Boise State,home,3,3,2.62,0.8733333333333334,3,0,3,0,0,6,2,1.69,0.845,5,0,5,0,0
401437034,2022,2022-12-03 21:00:00+00:00,Fresno State,away,12,7,6.04,0.8628571428571429,11,0,10,1,0,16,5,4.08,0.8160000000000001,14,3,11,0,0
401437036,2022,2022-12-03 21:00:00+00:00,Georgia,home,1,0,0.0,,1,1,0,0,0,14,10,8.95,0.8949999999999999,13,0,8,4,1
401437036,2022,2022-12-03 21:00:00+00:00,LSU,away,16,15,13.24,0.8826666666666667,15,1,8,6,0,19,12,10.76,0.8966666666666666,17,0,9,7,1
401437008,2022,2022-12-03 21:00:00+00:00,Tulane,home,9,6,5.13,0.855,8,0,8,0,0,10,4,3.45,0.8625,9,1,7,1,0
401437008,2022,2022-12-03 21:00:00+00:00,UCF,away,14,9,7.99,0.8877777777777778,13,0,8,5,0,24,15,12.700000000000001,0.8466666666666668,24,1,21,2,0
401437009,2022,2022-12-04 01:00:00+00:00,Clemson,away,1,1,0.8,0.8,1,0,1,0,0,10,10,8.45,0.845,10,0,10,0,0
401437031,2022,2022-12-04 01:00:00+00:00,Michigan,home,3,3,2.7,0.9,3,0,2,1,0,12,6,5.11,0.8516666666666667,10,0,8,2,0
401437009,2022,2022-12-04 01:00:00+00:00,North Carolina,home,5,5,4.37,0.874,5,0,5,0,0,16,11,9.33,0.8481818181818181,14,0,12,2,0
401437031,2022,2022-12-04 01:00:00+00:00,Purdue,away,10,6,5.07,0.8450000000000001,10,3,5,2,0,16,8,6.71,0.83875,16,1,13,2,0
401404145,2022,2022-12-10 20:00:00+00:00,Army,home,0,0,0.0,,0,0,0,0,0,6,2,1.57,0.785,4,3,1,0,0
401404145,2022,2022-12-10 20:00:00+00:00,Navy,away,0,0,0.0,,0,0,0,0,0,4,3,2.42,0.8066666666666666,4,3,1,0,0
