gameId,season,startDate,team,homeAway,incoming_transfer_count,incoming_rated_player_count,incoming_rating_sum,incoming_rating_mean,incoming_star_rated_player_count,incoming_2_star_count,incoming_3_star_count,incoming_4_star_count,incoming_5_star_count,outgoing_transfer_count,outgoing_rated_player_count,outgoing_rating_sum,outgoing_rating_mean,outgoing_star_rated_player_count,outgoing_2_star_count,outgoing_3_star_count,outgoing_4_star_count,outgoing_5_star_count
401635525,2024,2024-08-24 16:00:00+00:00,Florida State,away,17,17,15.19,0.8935294117647059,17,0,7,10,0,18,15,12.86,0.8573333333333333,17,1,16,0,0
401635525,2024,2024-08-24 16:00:00+00:00,Georgia Tech,home,12,11,9.5,0.8636363636363636,12,0,12,0,0,31,19,16.11,0.8478947368421053,29,0,27,2,0
401643697,2024,2024-08-24 20:00:00+00:00,Montana State,away,3,0,0.0,,3,1,2,0,0,4,4,3.45,0.8625,4,0,3,1,0
401643697,2024,2024-08-24 20:00:00+00:00,New Mexico,home,28,21,17.419999999999998,0.8295238095238094,26,0,25,1,0,23,15,12.59,0.8393333333333334,21,1,18,2,0
401643696,2024,2024-08-25 00:00:00+00:00,Nevada,home,22,17,14.24,0.8376470588235294,19,1,18,0,0,23,7,5.95,0.85,19,3,16,0,0
401643696,2024,2024-08-25 00:00:00+00:00,SMU,away,20,19,16.54,0.8705263157894736,19,0,18,1,0,16,7,5.92,0.8457142857142858,14,0,12,2,0
401643858,2024,2024-08-25 03:59:00+00:00,Delaware State,away,4,0,0.0,,3,0,2,1,0,1,1,0.81,0.81,1,0,1,0,0
401643858,2024,2024-08-25 03:59:00+00:00,Hawai'i,home,6,4,3.4,0.85,6,1,5,0,0,10,1,0.87,0.87,7,2,5,0,0
401628458,2024,2024-08-29 22:00:00+00:00,Howard,away,4,0,0.0,,4,1,3,0,0,1,1,0.85,0.85,1,0,1,0,0
401628458,2024,2024-08-29 22:00:00+00:00,Rutgers,home,6,5,4.28,0.8560000000000001,6,1,4,1,0,15,6,5.07,0.8450000000000001,11,1,10,0,0
401644729,2024,2024-08-29 23:00:00+00:00,Bowling Green,home,13,10,8.37,0.837,11,0,11,0,0,15,3,2.64,0.88,10,0,9,1,0
401644727,2024,2024-08-29 23:00:00+00:00,Buffalo,home,17,9,7.43,0.8255555555555555,11,1,10,0,0,16,7,6.02,0.86,15,4,10,1,0
401644730,2024,2024-08-29 23:00:00+00:00,Central Connecticut,away,2,0,0.0,,2,2,0,0,0,0,0,0.0,,0,0,0,0,0
401644730,2024,2024-08-29 23:00:00+00:00,Central Michigan,home,6,4,3.33,0.8325,5,0,5,0,0,16,6,5.1,0.85,13,4,9,0,0
401644729,2024,2024-08-29 23:00:00+00:00,Fordham,away,0,0,0.0,,0,0,0,0,0,1,1,0.84,0.84,1,0,1,0,0
401636387,2024,2024-08-29 23:00:00+00:00,Jackson State,away,12,1,0.84,0.84,11,1,10,0,0,4,1,0.85,0.85,3,0,3,0,0
401644727,2024,2024-08-29 23:00:00+00:00,Lafayette,away,1,0,0.0,,0,0,0,0,0,2,1,0.87,0.87,1,0,1,0,0
401634299,2024,2024-08-29 23:00:00+00:00,NC State,home,15,15,13.25,0.8833333333333333,15,0,11,4,0,22,15,12.77,0.8513333333333333,22,0,21,1,0
401628582,2024,2024-08-29 23:00:00+00:00,New Hampshire,away,0,0,0.0,,0,0,0,0,0,2,2,1.74,0.87,2,0,1,1,0
401628581,2024,2024-08-29 23:00:00+00:00,North Carolina A&T,away,3,0,0.0,,3,0,3,0,0,1,1,0.86,0.86,1,0,1,0,0
401628582,2024,2024-08-29 23:00:00+00:00,UCF,home,25,24,20.91,0.87125,24,0,22,2,0,26,15,12.76,0.8506666666666667,23,0,19,3,1
401636387,2024,2024-08-29 23:00:00+00:00,UL Monroe,home,16,13,10.66,0.8200000000000001,16,1,15,0,0,25,12,10.1,0.8416666666666667,21,3,17,1,0
401628581,2024,2024-08-29 23:00:00+00:00,Wake Forest,home,5,5,4.28,0.8560000000000001,5,0,5,0,0,15,10,8.53,0.853,15,1,13,1,0
401634299,2024,2024-08-29 23:00:00+00:00,Western Carolina,away,0,0,0.0,,0,0,0,0,0,2,2,1.72,0.86,2,0,2,0,0
401628320,2024,2024-08-29 23:30:00+00:00,Arkansas,home,22,20,17.39,0.8695,22,1,18,3,0,30,23,19.86,0.8634782608695651,26,0,23,3,0
401628320,2024,2024-08-29 23:30:00+00:00,Arkansas-Pine Bluff,away,3,0,0.0,,3,0,3,0,0,3,3,2.51,0.8366666666666666,3,0,3,0,0
401644728,2024,2024-08-29 23:30:00+00:00,Duquesne,away,3,0,0.0,,3,0,3,0,0,2,2,1.7,0.85,2,0,2,0,0
401644728,2024,2024-08-29 23:30:00+00:00,Toledo,home,7,7,5.859999999999999,0.8371428571428571,7,0,7,0,0,11,3,2.67,0.89,11,3,7,1,0
401645316,2024,2024-08-30 00:00:00+00:00,Alcorn State,away,1,0,0.0,,1,0,1,0,0,1,1,0.84,0.84,1,0,1,0,0
401640998,2024,2024-08-30 00:00:00+00:00,Coastal Carolina,away,18,12,10.1,0.8416666666666667,16,0,15,1,0,29,12,9.99,0.8325,25,4,20,1,0
401634206,2024,2024-08-30 00:00:00+00:00,Colorado,home,41,39,34.07,0.8735897435897436,40,1,32,7,0,41,28,24.009999999999998,0.8574999999999999,37,0,35,2,0
401640998,2024,2024-08-30 00:00:00+00:00,Jacksonville State,home,19,13,10.81,0.8315384615384616,18,1,17,0,0,14,11,9.26,0.8418181818181818,13,2,11,0,0
401636606,2024,2024-08-30 00:00:00+00:00,Kansas,home,11,10,8.71,0.8710000000000001,10,0,9,1,0,13,4,3.42,0.855,9,0,9,0,0
401636606,2024,2024-08-30 00:00:00+00:00,Lindenwood,away,3,0,0.0,,1,0,1,0,0,0,0,0.0,,0,0,0,0,0
401628448,2024,2024-08-30 00:00:00+00:00,Minnesota,home,12,12,10.48,0.8733333333333334,12,0,9,3,0,18,7,5.89,0.8414285714285714,17,1,15,1,0
401628327,2024,2024-08-30 00:00:00+00:00,Missouri,home,15,14,12.45,0.8892857142857142,15,1,10,4,0,19,14,11.76,0.84,17,0,17,0,0
401628327,2024,2024-08-30 00:00:00+00:00,Murray State,away,14,0,0.0,,11,0,11,0,0,2,2,1.73,0.865,2,0,1,1,0
401628448,2024,2024-08-30 00:00:00+00:00,North Carolina,away,10,10,8.66,0.866,10,0,9,1,0,23,15,12.86,0.8573333333333333,19,1,17,1,0
401634206,2024,2024-08-30 00:00:00+00:00,North Dakota State,away,2,0,0.0,,2,1,1,0,0,2,2,1.73,0.865,2,0,2,0,0
401645318,2024,2024-08-30 00:00:00+00:00,Northwestern State,away,3,0,0.0,,3,0,3,0,0,3,1,0.82,0.82,2,1,1,0,0
401645317,2024,2024-08-30 00:00:00+00:00,SE Louisiana,away,1,0,0.0,,1,1,0,0,0,4,1,0.9,0.9,3,0,2,1,0
401645317,2024,2024-08-30 00:00:00+00:00,Tulane,home,22,17,14.62,0.86,21,2,18,1,0,24,8,6.96,0.87,23,2,19,2,0
401645318,2024,2024-08-30 00:00:00+00:00,Tulsa,home,12,10,8.39,0.8390000000000001,12,0,12,0,0,24,11,9.31,0.8463636363636364,23,4,19,0,0
401645316,2024,2024-08-30 00:00:00+00:00,UAB,home,19,12,10.02,0.835,18,0,18,0,0,21,7,5.85,0.8357142857142856,19,4,14,1,0
401654845,2024,2024-08-30 01:00:00+00:00,Eastern Illinois,away,3,1,0.85,0.85,3,0,3,0,0,2,2,1.69,0.845,2,0,2,0,0
401654845,2024,2024-08-30 01:00:00+00:00,Illinois,home,12,11,9.53,0.8663636363636363,12,0,9,3,0,24,12,10.19,0.8491666666666666,23,4,18,1,0
401636607,2024,2024-08-30 01:00:00+00:00,Southern Utah,away,4,0,0.0,,3,1,2,0,0,1,1,0.86,0.86,1,0,1,0,0
401636607,2024,2024-08-30 01:00:00+00:00,Utah,home,11,11,9.71,0.8827272727272728,11,0,8,3,0,24,12,10.35,0.8624999999999999,21,2,15,4,0
401643698,2024,2024-08-30 02:00:00+00:00,Sacramento State,away,8,0,0.0,,6,1,5,0,0,3,2,1.73,0.865,2,0,2,0,0
401643698,2024,2024-08-30 02:00:00+00:00,San José State,home,14,7,5.79,0.8271428571428572,12,1,11,0,0,25,13,11.17,0.8592307692307692,25,2,23,0,0
401645319,2024,2024-08-30 22:00:00+00:00,Army,home,0,0,0.0,,0,0,0,0,0,9,2,1.71,0.855,5,0,5,0,0
401645319,2024,2024-08-30 22:00:00+00:00,Lehigh,away,0,0,0.0,,0,0,0,0,0,1,1,0.82,0.82,1,0,1,0,0
401628453,2024,2024-08-30 23:00:00+00:00,Florida Atlantic,away,20,17,14.26,0.8388235294117647,19,1,18,0,0,34,12,10.26,0.855,32,1,31,0,0
401628453,2024,2024-08-30 23:00:00+00:00,Michigan State,home,24,22,19.25,0.875,22,0,18,4,0,41,26,22.52,0.8661538461538462,38,1,34,3,0
401628328,2024,2024-08-30 23:00:00+00:00,Oklahoma,home,16,13,11.5,0.8846153846153846,16,2,10,4,0,25,20,17.36,0.868,23,0,19,4,0
401628328,2024,2024-08-30 23:00:00+00:00,Temple,away,15,12,10.09,0.8408333333333333,13,0,13,0,0,31,5,4.24,0.8480000000000001,24,4,20,0,0
401628584,2024,2024-08-30 23:30:00+00:00,Duke,home,18,16,13.79,0.861875,16,0,14,2,0,18,8,7.07,0.88375,17,1,13,3,0
401628584,2024,2024-08-30 23:30:00+00:00,Elon,away,3,0,0.0,,2,0,2,0,0,5,2,1.76,0.88,3,0,3,0,0
401628461,2024,2024-08-31 01:00:00+00:00,Western Michigan,away,11,10,8.43,0.843,10,0,10,0,0,23,3,2.54,0.8466666666666667,21,5,16,0,0
401628461,2024,2024-08-31 01:00:00+00:00,Wisconsin,home,16,14,12.36,0.8828571428571428,15,0,12,3,0,24,16,13.83,0.864375,21,1,20,0,0
401634300,2024,2024-08-31 02:30:00+00:00,Stanford,home,4,3,2.58,0.86,4,1,3,0,0,14,6,5.22,0.87,14,1,12,1,0
401634300,2024,2024-08-31 02:30:00+00:00,TCU,away,23,22,19.18,0.8718181818181818,22,0,20,2,0,19,12,10.27,0.8558333333333333,19,0,15,4,0
401643703,2024,2024-08-31 04:00:00+00:00,Robert Morris,away,1,0,0.0,,1,1,0,0,0,2,1,0.85,0.85,1,0,1,0,0
401643703,2024,2024-08-31 04:00:00+00:00,Utah State,home,20,14,11.69,0.835,18,1,17,0,0,26,9,7.68,0.8533333333333333,22,3,19,0,0
401632062,2024,2024-08-31 16:00:00+00:00,Austin Peay,away,17,0,0.0,,16,5,10,1,0,19,16,13.43,0.839375,17,0,17,0,0
401645322,2024,2024-08-31 16:00:00+00:00,Bucknell,away,2,0,0.0,,2,0,2,0,0,3,3,2.51,0.8366666666666666,3,0,3,0,0
401628323,2024,2024-08-31 16:00:00+00:00,Clemson,away,0,0,0.0,,0,0,0,0,0,11,9,7.92,0.88,11,1,8,2,0
401628323,2024,2024-08-31 16:00:00+00:00,Georgia,home,11,9,8.15,0.9055555555555556,11,1,4,6,0,26,21,18.78,0.8942857142857144,25,2,13,10,0
401628450,2024,2024-08-31 16:00:00+00:00,Illinois State,away,4,0,0.0,,3,1,2,0,0,1,0,0.0,,0,0,0,0,0
401634169,2024,2024-08-31 16:00:00+00:00,Indiana State,away,4,0,0.0,,4,0,4,0,0,5,2,1.68,0.84,3,1,2,0,0
401628450,2024,2024-08-31 16:00:00+00:00,Iowa,home,4,3,2.56,0.8533333333333334,4,0,4,0,0,12,8,6.82,0.8525,11,1,9,0,1
401634305,2024,2024-08-31 16:00:00+00:00,Kent State,away,16,14,11.5,0.8214285714285714,16,0,16,0,0,17,6,5.13,0.855,15,2,13,0,0
401632062,2024,2024-08-31 16:00:00+00:00,Louisville,home,28,27,23.63,0.8751851851851852,28,1,23,4,0,29,26,22.22,0.8546153846153846,26,0,24,2,0
401628451,2024,2024-08-31 16:00:00+00:00,Maryland,home,8,6,5.21,0.8683333333333333,7,0,7,0,0,13,8,6.97,0.87125,12,0,8,4,0
401645322,2024,2024-08-31 16:00:00+00:00,Navy,home,0,0,0.0,,0,0,0,0,0,6,2,1.73,0.865,4,2,2,0,0
401628457,2024,2024-08-31 16:00:00+00:00,Penn State,away,6,5,4.49,0.898,5,0,3,2,0,13,8,7.04,0.88,12,0,10,2,0
401634305,2024,2024-08-31 16:00:00+00:00,Pittsburgh,home,14,13,11.25,0.8653846153846154,14,1,13,0,0,20,8,6.99,0.87375,16,0,14,2,0
401634169,2024,2024-08-31 16:00:00+00:00,Purdue,home,18,16,13.95,0.871875,18,2,15,1,0,28,19,16.23,0.8542105263157895,26,1,22,3,0
401628451,2024,2024-08-31 16:00:00+00:00,UConn,away,24,20,16.759999999999998,0.8379999999999999,23,1,22,0,0,19,9,7.66,0.8511111111111112,18,1,16,1,0
401628333,2024,2024-08-31 16:00:00+00:00,Vanderbilt,home,22,18,15.69,0.8716666666666666,22,1,20,1,0,23,16,13.98,0.87375,23,0,20,3,0
401628333,2024,2024-08-31 16:00:00+00:00,Virginia Tech,away,7,7,6.08,0.8685714285714285,7,0,7,0,0,18,13,11.0,0.8461538461538461,16,0,14,2,0
401628457,2024,2024-08-31 16:00:00+00:00,West Virginia,home,13,13,11.27,0.8669230769230769,13,0,13,0,0,25,15,12.7,0.8466666666666666,22,2,19,1,0
401628330,2024,2024-08-31 16:45:00+00:00,Chattanooga,away,4,1,0.84,0.84,4,0,4,0,0,2,1,0.83,0.83,2,0,2,0,0
401628330,2024,2024-08-31 16:45:00+00:00,Tennessee,home,9,8,7.17,0.89625,9,0,5,4,0,16,11,9.57,0.87,14,0,13,1,0
401634212,2024,2024-08-31 18:00:00+00:00,Oklahoma State,home,8,8,6.95,0.86875,8,0,8,0,0,11,7,5.9,0.8428571428571429,10,0,10,0,0
401634212,2024,2024-08-31 18:00:00+00:00,South Dakota State,away,2,1,0.84,0.84,1,0,1,0,0,0,0,0.0,,0,0,0,0,0
401628591,2024,2024-08-31 18:30:00+00:00,Cincinnati,home,24,22,19.03,0.8650000000000001,23,0,22,1,0,32,18,15.16,0.8422222222222222,29,1,27,1,0
401628591,2024,2024-08-31 18:30:00+00:00,Towson,away,3,0,0.0,,1,0,1,0,0,2,2,1.61,0.805,2,0,2,0,0
401637159,2024,2024-08-31 19:00:00+00:00,Portland State,away,8,0,0.0,,7,1,6,0,0,4,3,2.53,0.8433333333333333,4,1,3,0,0
401637159,2024,2024-08-31 19:00:00+00:00,Washington State,home,12,11,9.41,0.8554545454545455,11,0,11,0,0,27,10,8.49,0.849,23,2,19,2,0
401643699,2024,2024-08-31 19:30:00+00:00,Air Force,home,0,0,0.0,,0,0,0,0,0,11,1,0.86,0.86,8,3,5,0,0
401628455,2024,2024-08-31 19:30:00+00:00,Akron,away,15,11,9.27,0.8427272727272727,14,1,13,0,0,22,9,7.57,0.8411111111111111,21,4,17,0,0
401634133,2024,2024-08-31 19:30:00+00:00,App State,home,15,15,12.59,0.8393333333333334,15,0,15,0,0,21,4,3.38,0.845,17,3,14,0,0
401628331,2024,2024-08-31 19:30:00+00:00,Colorado State,away,11,6,5.06,0.8433333333333333,9,0,9,0,0,19,5,4.3,0.86,16,1,14,1,0
401634133,2024,2024-08-31 19:30:00+00:00,East Tennessee State,away,6,1,0.85,0.85,4,1,3,0,0,3,1,0.85,0.85,3,0,3,0,0
401629039,2024,2024-08-31 19:30:00+00:00,Eastern Michigan,away,21,19,15.879999999999999,0.8357894736842105,19,0,19,0,0,24,10,8.48,0.8480000000000001,22,5,17,0,0
401628322,2024,2024-08-31 19:30:00+00:00,Florida,home,15,15,13.39,0.8926666666666667,15,0,9,6,0,23,18,15.79,0.8772222222222221,21,0,17,4,0
401628449,2024,2024-08-31 19:30:00+00:00,Florida International,away,10,9,7.47,0.83,10,0,10,0,0,16,5,4.31,0.8619999999999999,13,1,11,1,0
401628449,2024,2024-08-31 19:30:00+00:00,Indiana,home,30,27,23.41,0.867037037037037,28,1,25,2,0,39,28,24.05,0.8589285714285715,35,1,32,2,0
401634197,2024,2024-08-31 19:30:00+00:00,Iowa State,home,8,7,6.06,0.8657142857142857,8,0,8,0,0,21,9,7.64,0.8488888888888888,19,1,16,2,0
401641015,2024,2024-08-31 19:30:00+00:00,Kennesaw State,away,10,8,6.51,0.81375,10,0,10,0,0,3,3,2.51,0.8366666666666666,3,0,3,0,0
401629039,2024,2024-08-31 19:30:00+00:00,Massachusetts,home,29,22,18.38,0.8354545454545454,25,1,24,0,0,23,8,6.7,0.8375,18,5,12,1,0
401643699,2024,2024-08-31 19:30:00+00:00,Merrimack,away,0,0,0.0,,0,0,0,0,0,2,2,1.68,0.84,2,0,2,0,0
401628322,2024,2024-08-31 19:30:00+00:00,Miami,away,14,14,12.46,0.89,14,0,8,6,0,28,23,20.16,0.8765217391304347,26,0,21,5,0
401644683,2024,2024-08-31 19:30:00+00:00,Miami (OH),away,5,2,1.67,0.835,4,0,4,0,0,11,4,3.5300000000000002,0.8825000000000001,11,2,8,1,0
401628454,2024,2024-08-31 19:30:00+00:00,Nebraska,home,8,7,6.2,0.8857142857142858,7,0,5,2,0,10,8,6.77,0.84625,10,0,9,1,0
401634197,2024,2024-08-31 19:30:00+00:00,North Dakota,away,2,0,0.0,,1,1,0,0,0,6,5,4.31,0.8619999999999999,5,0,4,1,0
401644731,2024,2024-08-31 19:30:00+00:00,Northern Illinois,home,6,6,5.029999999999999,0.8383333333333333,6,0,6,0,0,18,5,4.1899999999999995,0.8379999999999999,14,7,6,1,0
401644683,2024,2024-08-31 19:30:00+00:00,Northwestern,home,6,6,5.07,0.8450000000000001,6,0,6,0,0,12,9,7.76,0.8622222222222222,11,0,11,0,0
401634304,2024,2024-08-31 19:30:00+00:00,Ohio,away,21,12,9.9,0.8250000000000001,16,0,16,0,0,25,13,11.32,0.8707692307692307,25,4,19,2,0
401628455,2024,2024-08-31 19:30:00+00:00,Ohio State,home,7,7,6.5,0.9285714285714286,7,0,2,3,2,25,22,19.26,0.8754545454545455,25,1,20,4,0
401634304,2024,2024-08-31 19:30:00+00:00,Syracuse,home,19,18,15.69,0.8716666666666666,19,1,16,2,0,28,17,14.379999999999999,0.8458823529411764,27,1,26,0,0
401628331,2024,2024-08-31 19:30:00+00:00,Texas,home,10,10,9.09,0.909,10,0,4,5,1,24,22,19.16,0.870909090909091,24,0,21,3,0
401628454,2024,2024-08-31 19:30:00+00:00,UTEP,away,27,22,18.31,0.8322727272727272,26,1,24,1,0,37,14,11.9,0.85,30,7,23,0,0
401641015,2024,2024-08-31 19:30:00+00:00,UTSA,home,15,13,11.04,0.8492307692307691,15,0,14,1,0,12,3,2.68,0.8933333333333334,11,0,9,2,0
401644731,2024,2024-08-31 19:30:00+00:00,Western Illinois,away,5,0,0.0,,4,2,2,0,0,1,1,0.81,0.81,1,0,1,0,0
401643700,2024,2024-08-31 20:00:00+00:00,Boise State,away,8,8,6.79,0.84875,8,0,7,1,0,14,4,3.38,0.845,12,2,9,1,0
401643700,2024,2024-08-31 20:00:00+00:00,Georgia Southern,home,12,8,6.66,0.8325,10,1,8,1,0,18,3,2.54,0.8466666666666667,10,4,5,1,0
401628329,2024,2024-08-31 20:15:00+00:00,Old Dominion,away,15,10,8.39,0.8390000000000001,14,0,14,0,0,32,13,11.22,0.8630769230769231,28,3,23,2,0
401628329,2024,2024-08-31 20:15:00+00:00,South Carolina,home,22,20,17.59,0.8795,22,0,18,4,0,26,16,13.73,0.858125,24,0,21,3,0
401634301,2024,2024-08-31 21:00:00+00:00,California,home,23,23,19.94,0.8669565217391305,23,0,19,4,0,23,15,12.78,0.852,23,0,21,2,0
401628590,2024,2024-08-31 21:00:00+00:00,Marshall,home,28,21,17.74,0.8447619047619047,26,0,26,0,0,33,12,10.22,0.8516666666666667,29,6,22,1,0
401643775,2024,2024-08-31 21:00:00+00:00,North Texas,away,25,19,15.959999999999999,0.84,22,0,21,1,0,36,14,11.99,0.8564285714285714,34,2,31,1,0
401643775,2024,2024-08-31 21:00:00+00:00,South Alabama,home,15,8,6.609999999999999,0.8262499999999999,14,1,13,0,0,15,5,4.41,0.882,12,2,7,3,0
401628590,2024,2024-08-31 21:00:00+00:00,Stony Brook,away,1,0,0.0,,0,0,0,0,0,1,1,0.83,0.83,1,0,1,0,0
401634301,2024,2024-08-31 21:00:00+00:00,UC Davis,away,1,0,0.0,,1,0,1,0,0,2,2,1.75,0.875,2,0,2,0,0
401628586,2024,2024-08-31 22:00:00+00:00,Campbell,away,7,0,0.0,,5,1,4,0,0,7,3,2.49,0.8300000000000001,5,1,4,0,0
401645320,2024,2024-08-31 22:00:00+00:00,East Carolina,home,17,16,13.58,0.84875,16,0,16,0,0,33,11,9.26,0.8418181818181818,26,2,22,2,0
401628326,2024,2024-08-31 22:00:00+00:00,Eastern Kentucky,away,3,1,0.84,0.84,2,0,2,0,0,4,4,3.4,0.85,4,0,4,0,0
401628586,2024,2024-08-31 22:00:00+00:00,Liberty,home,18,15,12.49,0.8326666666666667,18,0,17,1,0,17,9,7.76,0.8622222222222222,16,3,10,3,0
401628326,2024,2024-08-31 22:00:00+00:00,Mississippi State,home,18,17,14.709999999999999,0.8652941176470588,17,0,16,1,0,26,20,17.32,0.866,25,1,20,4,0
401645320,2024,2024-08-31 22:00:00+00:00,Norfolk State,away,2,0,0.0,,2,1,1,0,0,1,1,0.82,0.82,1,0,1,0,0
401628589,2024,2024-08-31 22:00:00+00:00,Richmond,away,0,0,0.0,,0,0,0,0,0,3,2,1.7,0.85,2,0,2,0,0
401628589,2024,2024-08-31 22:00:00+00:00,Virginia,home,13,12,10.36,0.8633333333333333,12,0,12,0,0,16,3,2.4899999999999998,0.83,14,1,11,2,0
401643704,2024,2024-08-31 22:30:00+00:00,Idaho State,away,5,0,0.0,,4,1,3,0,0,2,2,1.71,0.855,2,0,2,0,0
401643704,2024,2024-08-31 22:30:00+00:00,Oregon State,home,16,16,13.77,0.860625,16,0,16,0,0,25,13,11.59,0.8915384615384615,24,1,15,8,0
401628319,2024,2024-08-31 23:00:00+00:00,Alabama,home,14,14,12.61,0.9007142857142857,14,0,6,7,1,38,28,25.27,0.9025,31,0,15,13,3
401632064,2024,2024-08-31 23:00:00+00:00,Arkansas State,home,17,16,13.35,0.834375,16,0,16,0,0,21,5,4.1899999999999995,0.8379999999999999,18,1,17,0,0
401636610,2024,2024-08-31 23:00:00+00:00,Baylor,home,16,16,13.89,0.868125,16,0,15,1,0,15,7,5.99,0.8557142857142858,15,0,15,0,0
401636363,2024,2024-08-31 23:00:00+00:00,Bethune-Cookman,away,9,1,0.86,0.86,8,2,4,2,0,1,1,0.85,0.85,1,0,1,0,0
401632064,2024,2024-08-31 23:00:00+00:00,Central Arkansas,away,1,0,0.0,,1,0,1,0,0,2,2,1.74,0.87,2,0,2,0,0
401628325,2024,2024-08-31 23:00:00+00:00,Furman,away,2,0,0.0,,2,0,2,0,0,6,4,3.35,0.8375,5,0,5,0,0
401636611,2024,2024-08-31 23:00:00+00:00,Houston,home,27,27,23.34,0.8644444444444445,27,0,26,1,0,32,22,18.91,0.8595454545454545,30,0,24,6,0
401636612,2024,2024-08-31 23:00:00+00:00,Kansas State,home,10,8,6.97,0.87125,9,0,7,2,0,17,10,8.629999999999999,0.8629999999999999,15,0,13,2,0
401645321,2024,2024-08-31 23:00:00+00:00,Memphis,home,30,27,22.96,0.8503703703703704,29,2,27,0,0,24,8,6.8,0.85,22,1,21,0,0
401641023,2024,2024-08-31 23:00:00+00:00,Middle Tennessee,home,12,8,6.68,0.835,11,0,11,0,0,28,11,9.47,0.860909090909091,24,3,20,1,0
401643701,2024,2024-08-31 23:00:00+00:00,Nevada,away,22,17,14.24,0.8376470588235294,19,1,18,0,0,23,7,5.95,0.85,19,3,16,0,0
401645321,2024,2024-08-31 23:00:00+00:00,North Alabama,away,8,0,0.0,,7,1,5,1,0,1,1,0.84,0.84,1,0,1,0,0
401628325,2024,2024-08-31 23:00:00+00:00,Ole Miss,home,25,25,22.18,0.8872,25,0,16,8,1,24,18,15.469999999999999,0.8594444444444443,23,1,20,2,0
401641039,2024,2024-08-31 23:00:00+00:00,Rice,home,10,8,6.65,0.83125,10,0,10,0,0,3,3,2.57,0.8566666666666666,3,0,3,0,0
401641039,2024,2024-08-31 23:00:00+00:00,Sam Houston,away,12,5,4.17,0.834,11,0,11,0,0,5,2,1.68,0.84,4,0,4,0,0
401636363,2024,2024-08-31 23:00:00+00:00,South Florida,home,14,8,6.76,0.845,14,0,14,0,0,20,6,5.06,0.8433333333333333,19,0,18,1,0
401636610,2024,2024-08-31 23:00:00+00:00,Tarleton State,away,2,0,0.0,,1,0,1,0,0,2,2,1.68,0.84,2,0,2,0,0
401641023,2024,2024-08-31 23:00:00+00:00,Tennessee Tech,away,7,0,0.0,,5,0,5,0,0,4,3,2.55,0.85,3,0,3,0,0
401643701,2024,2024-08-31 23:00:00+00:00,Troy,home,10,7,5.89,0.8414285714285714,9,1,7,1,0,23,12,10.12,0.8433333333333333,19,0,19,0,0
401636611,2024,2024-08-31 23:00:00+00:00,UNLV,away,19,15,12.7,0.8466666666666666,18,0,17,1,0,19,10,8.51,0.851,17,2,14,1,0
401636612,2024,2024-08-31 23:00:00+00:00,UT Martin,away,11,0,0.0,,11,3,8,0,0,5,4,3.4699999999999998,0.8674999999999999,4,0,4,0,0
401628319,2024,2024-08-31 23:00:00+00:00,Western Kentucky,away,21,15,12.719999999999999,0.848,19,1,17,1,0,28,9,7.79,0.8655555555555555,21,3,15,3,0
401636613,2024,2024-08-31 23:30:00+00:00,Abilene Christian,away,13,0,0.0,,10,1,9,0,0,2,0,0.0,,2,0,2,0,0
401628321,2024,2024-08-31 23:30:00+00:00,Alabama A&M,away,9,0,0.0,,7,0,7,0,0,0,0,0.0,,0,0,0,0,0
401628321,2024,2024-08-31 23:30:00+00:00,Auburn,home,15,14,12.31,0.8792857142857143,15,0,13,2,0,23,16,13.75,0.859375,21,0,21,0,0
401628452,2024,2024-08-31 23:30:00+00:00,Fresno State,away,7,7,6.0,0.8571428571428571,7,0,6,1,0,11,3,2.56,0.8533333333333334,8,1,7,0,0
401628459,2024,2024-08-31 23:30:00+00:00,Hawai'i,home,6,4,3.4,0.85,6,1,5,0,0,10,1,0.87,0.87,7,2,5,0,0
401628456,2024,2024-08-31 23:30:00+00:00,Idaho,away,2,0,0.0,,2,1,1,0,0,8,6,5.23,0.8716666666666667,7,0,6,1,0
401628452,2024,2024-08-31 23:30:00+00:00,Michigan,home,7,7,6.1,0.8714285714285713,7,0,6,1,0,17,13,11.4,0.8769230769230769,16,0,14,2,0
401628332,2024,2024-08-31 23:30:00+00:00,Notre Dame,away,9,8,7.11,0.88875,9,0,5,4,0,18,16,14.0,0.875,17,0,13,4,0
401628456,2024,2024-08-31 23:30:00+00:00,Oregon,home,14,13,11.76,0.9046153846153846,14,0,7,6,1,20,16,13.85,0.865625,18,0,14,4,0
401628332,2024,2024-08-31 23:30:00+00:00,Texas A&M,home,26,23,20.41,0.8873913043478261,25,1,16,8,0,30,24,21.07,0.8779166666666667,27,0,20,5,2
401636613,2024,2024-08-31 23:30:00+00:00,Texas Tech,home,16,15,13.06,0.8706666666666667,16,0,14,2,0,23,16,13.62,0.85125,21,0,20,1,0
401628459,2024,2024-08-31 23:30:00+00:00,UCLA,away,21,16,13.83,0.864375,16,0,14,2,0,17,14,12.09,0.8635714285714285,17,1,13,3,0
401628324,2024,2024-08-31 23:45:00+00:00,Kentucky,home,12,11,9.7,0.8818181818181817,11,0,8,3,0,22,12,10.28,0.8566666666666666,20,1,17,2,0
401628324,2024,2024-08-31 23:45:00+00:00,Southern Miss,away,17,17,14.39,0.8464705882352942,17,0,17,0,0,7,2,1.7,0.85,5,1,4,0,0
401634240,2024,2024-09-01 00:00:00+00:00,BYU,home,9,8,6.89,0.86125,9,0,8,1,0,16,5,4.2299999999999995,0.8459999999999999,16,2,13,1,0
401643774,2024,2024-09-01 00:00:00+00:00,Charlotte,home,28,24,20.3,0.8458333333333333,27,0,27,0,0,29,7,5.99,0.8557142857142858,22,1,19,2,0
401643702,2024,2024-09-01 00:00:00+00:00,East Texas A&M,away,0,0,0.0,,0,0,0,0,0,0,0,0.0,,0,0,0,0,0
401634302,2024,2024-09-01 00:00:00+00:00,Georgia State,away,31,28,23.189999999999998,0.8282142857142857,31,0,30,1,0,34,9,7.6899999999999995,0.8544444444444443,30,3,27,0,0
401634302,2024,2024-09-01 00:00:00+00:00,Georgia Tech,home,12,11,9.5,0.8636363636363636,12,0,12,0,0,31,19,16.11,0.8478947368421053,29,0,27,2,0
401636380,2024,2024-09-01 00:00:00+00:00,Grambling,away,10,1,0.83,0.83,8,0,8,0,0,12,8,6.84,0.855,10,1,9,0,0
401634303,2024,2024-09-01 00:00:00+00:00,Houston Christian,away,4,0,0.0,,2,1,1,0,0,4,1,0.85,0.85,3,0,3,0,0
401643774,2024,2024-09-01 00:00:00+00:00,James Madison,away,26,17,14.3,0.8411764705882353,22,1,21,0,0,20,16,13.77,0.860625,16,0,15,1,0
401643776,2024,2024-09-01 00:00:00+00:00,Lamar,away,5,0,0.0,,4,0,4,0,0,0,0,0.0,,0,0,0,0,0
401636380,2024,2024-09-01 00:00:00+00:00,Louisiana,home,7,5,4.27,0.8539999999999999,7,0,7,0,0,6,2,1.77,0.885,6,0,6,0,0
401641007,2024,2024-09-01 00:00:00+00:00,Louisiana Tech,home,12,9,7.59,0.8433333333333333,11,0,11,0,0,22,9,7.61,0.8455555555555556,18,2,14,2,0
401641007,2024,2024-09-01 00:00:00+00:00,Nicholls,away,2,0,0.0,,1,0,1,0,0,1,1,0.86,0.86,1,0,1,0,0
401634303,2024,2024-09-01 00:00:00+00:00,SMU,home,20,19,16.54,0.8705263157894736,19,0,18,1,0,16,7,5.92,0.8457142857142858,14,0,12,2,0
401643702,2024,2024-09-01 00:00:00+00:00,San Diego State,home,24,22,18.689999999999998,0.8495454545454545,23,0,23,0,0,36,14,12.22,0.8728571428571429,34,3,28,3,0
401634240,2024,2024-09-01 00:00:00+00:00,Southern Illinois,away,6,1,0.87,0.87,6,2,4,0,0,4,3,2.57,0.8566666666666666,4,1,3,0,0
401643776,2024,2024-09-01 00:00:00+00:00,Texas State,home,30,23,19.41,0.8439130434782609,28,1,27,0,0,22,8,6.84,0.855,18,2,15,1,0
401641032,2024,2024-09-01 01:00:00+00:00,New Mexico State,home,13,7,5.88,0.84,12,1,11,0,0,38,23,19.72,0.8573913043478261,32,2,29,1,0
401641032,2024,2024-09-01 01:00:00+00:00,Southeast Missouri State,away,3,0,0.0,,3,1,2,0,0,2,2,1.68,0.84,2,0,2,0,0
401636608,2024,2024-09-01 02:30:00+00:00,Arizona,home,24,23,19.83,0.8621739130434782,24,1,22,1,0,26,19,16.5,0.868421052631579,26,1,21,4,0
401636609,2024,2024-09-01 02:30:00+00:00,Arizona State,home,28,26,22.53,0.8665384615384616,27,0,25,2,0,28,18,15.59,0.866111111111111,24,1,19,4,0
401636608,2024,2024-09-01 02:30:00+00:00,New Mexico,away,28,21,17.419999999999998,0.8295238095238094,26,0,25,1,0,23,15,12.59,0.8393333333333334,21,1,18,2,0
401636609,2024,2024-09-01 02:30:00+00:00,Wyoming,away,3,3,2.5,0.8333333333333334,3,0,3,0,0,13,2,1.69,0.845,8,2,6,0,0
401628460,2024,2024-09-01 03:00:00+00:00,Washington,home,27,26,22.66,0.8715384615384616,26,0,19,7,0,30,22,19.36,0.88,28,3,18,7,0
401628460,2024,2024-09-01 03:00:00+00:00,Weber State,away,5,1,0.87,0.87,5,0,5,0,0,7,5,4.23,0.8460000000000001,6,0,5,1,0
401628334,2024,2024-09-01 23:30:00+00:00,LSU,home,10,9,7.98,0.8866666666666667,9,0,6,3,0,27,22,19.24,0.8745454545454545,24,1,16,7,0
401628334,2024,2024-09-01 23:30:00+00:00,USC,away,16,14,12.34,0.8814285714285715,16,2,9,5,0,29,24,21.09,0.87875,27,1,18,8,0
401634306,2024,2024-09-02 23:30:00+00:00,Boston College,away,10,10,8.71,0.8710000000000001,10,0,10,0,0,17,9,7.6,0.8444444444444444,17,1,16,0,0
401634306,2024,2024-09-02 23:30:00+00:00,Florida State,home,17,17,15.19,0.8935294117647059,17,0,7,10,0,18,15,12.86,0.8573333333333333,17,1,16,0,0
401634765,2024,2024-09-06 23:00:00+00:00,BYU,away,9,8,6.89,0.86125,9,0,8,1,0,16,5,4.2299999999999995,0.8459999999999999,16,2,13,1,0
401628463,2024,2024-09-06 23:00:00+00:00,Indiana,home,30,27,23.41,0.867037037037037,28,1,25,2,0,39,28,24.05,0.8589285714285715,35,1,32,2,0
401634765,2024,2024-09-06 23:00:00+00:00,SMU,home,20,19,16.54,0.8705263157894736,19,0,18,1,0,16,7,5.92,0.8457142857142858,14,0,12,2,0
401628463,2024,2024-09-06 23:00:00+00:00,Western Illinois,away,5,0,0.0,,4,2,2,0,0,1,1,0.81,0.81,1,0,1,0,0
401635533,2024,2024-09-07 01:00:00+00:00,Duke,away,18,16,13.79,0.861875,16,0,14,2,0,18,8,7.07,0.88375,17,1,13,3,0
401635533,2024,2024-09-07 01:00:00+00:00,Northwestern,home,6,6,5.07,0.8450000000000001,6,0,6,0,0,12,9,7.76,0.8622222222222222,11,0,11,0,0
401628471,2024,2024-09-07 16:00:00+00:00,Akron,away,15,11,9.27,0.8427272727272727,14,1,13,0,0,22,9,7.57,0.8411111111111111,21,4,17,0,0
401628336,2024,2024-09-07 16:00:00+00:00,Arkansas,away,22,20,17.39,0.8695,22,1,18,3,0,30,23,19.86,0.8634782608695651,26,0,23,3,0
401645323,2024,2024-09-07 16:00:00+00:00,Army,away,0,0,0.0,,0,0,0,0,0,9,2,1.71,0.855,5,0,5,0,0
401628470,2024,2024-09-07 16:00:00+00:00,Bowling Green,away,13,10,8.37,0.837,11,0,11,0,0,15,3,2.64,0.88,10,0,9,1,0
401635538,2024,2024-09-07 16:00:00+00:00,Cincinnati,home,24,22,19.03,0.8650000000000001,23,0,22,1,0,32,18,15.16,0.8422222222222222,29,1,27,1,0
401645323,2024,2024-09-07 16:00:00+00:00,Florida Atlantic,home,20,17,14.26,0.8388235294117647,19,1,18,0,0,34,12,10.26,0.855,32,1,31,0,0
401635534,2024,2024-09-07 16:00:00+00:00,Georgia Tech,away,12,11,9.5,0.8636363636363636,12,0,12,0,0,31,19,16.11,0.8478947368421053,29,0,27,2,0
401636616,2024,2024-09-07 16:00:00+00:00,Kansas State,away,10,8,6.97,0.87125,9,0,7,2,0,17,10,8.629999999999999,0.8629999999999999,15,0,13,2,0
401643784,2024,2024-09-07 16:00:00+00:00,Memphis,home,30,27,22.96,0.8503703703703704,29,2,27,0,0,24,8,6.8,0.85,22,1,21,0,0
401636999,2024,2024-09-07 16:00:00+00:00,Merrimack,away,0,0,0.0,,0,0,0,0,0,2,2,1.68,0.84,2,0,2,0,0
401628347,2024,2024-09-07 16:00:00+00:00,Michigan,home,7,7,6.1,0.8714285714285713,7,0,6,1,0,17,13,11.4,0.8769230769230769,16,0,14,2,0
401628466,2024,2024-09-07 16:00:00+00:00,Minnesota,home,12,12,10.48,0.8733333333333334,12,0,9,3,0,18,7,5.89,0.8414285714285714,17,1,15,1,0
401628336,2024,2024-09-07 16:00:00+00:00,Oklahoma State,home,8,8,6.95,0.86875,8,0,8,0,0,11,7,5.9,0.8428571428571429,10,0,10,0,0
401628470,2024,2024-09-07 16:00:00+00:00,Penn State,home,6,5,4.49,0.898,5,0,3,2,0,13,8,7.04,0.88,12,0,10,2,0
401635538,2024,2024-09-07 16:00:00+00:00,Pittsburgh,away,14,13,11.25,0.8653846153846154,14,1,13,0,0,20,8,6.99,0.87375,16,0,14,2,0
401628466,2024,2024-09-07 16:00:00+00:00,Rhode Island,away,5,0,0.0,,3,2,0,1,0,2,2,1.67,0.835,2,0,2,0,0
401628471,2024,2024-09-07 16:00:00+00:00,Rutgers,home,6,5,4.28,0.8560000000000001,6,1,4,1,0,15,6,5.07,0.8450000000000001,11,1,10,0,0
401635534,2024,2024-09-07 16:00:00+00:00,Syracuse,home,19,18,15.69,0.8716666666666666,19,1,16,2,0,28,17,14.379999999999999,0.8458823529411764,27,1,26,0,0
401628347,2024,2024-09-07 16:00:00+00:00,Texas,away,10,10,9.09,0.909,10,0,4,5,1,24,22,19.16,0.870909090909091,24,0,21,3,0
401643784,2024,2024-09-07 16:00:00+00:00,Troy,away,10,7,5.89,0.8414285714285714,9,1,7,1,0,23,12,10.12,0.8433333333333333,19,0,19,0,0
401636616,2024,2024-09-07 16:00:00+00:00,Tulane,home,22,17,14.62,0.86,21,2,18,1,0,24,8,6.96,0.87,23,2,19,2,0
401636999,2024,2024-09-07 16:00:00+00:00,UConn,home,24,20,16.759999999999998,0.8379999999999999,23,1,22,0,0,19,9,7.66,0.8511111111111112,18,1,16,1,0
401628348,2024,2024-09-07 16:45:00+00:00,McNeese,away,12,2,1.7,0.85,10,3,6,1,0,1,0,0.0,,0,0,0,0,0
401628348,2024,2024-09-07 16:45:00+00:00,Texas A&M,home,26,23,20.41,0.8873913043478261,25,1,16,8,0,30,24,21.07,0.8779166666666667,27,0,20,5,2
401634181,2024,2024-09-07 18:00:00+00:00,Ball State,home,11,10,8.27,0.827,10,0,10,0,0,14,6,5.14,0.8566666666666666,13,5,8,0,0
401628339,2024,2024-09-07 18:00:00+00:00,Georgia,home,11,9,8.15,0.9055555555555556,11,1,4,6,0,26,21,18.78,0.8942857142857144,25,2,13,10,0
401634181,2024,2024-09-07 18:00:00+00:00,Missouri State,away,7,1,0.85,0.85,5,0,5,0,0,2,2,1.7,0.85,2,0,2,0,0
401628339,2024,2024-09-07 18:00:00+00:00,Tennessee Tech,away,7,0,0.0,,5,0,5,0,0,4,3,2.55,0.85,3,0,3,0,0
401644732,2024,2024-09-07 18:30:00+00:00,Kent State,home,16,14,11.5,0.8214285714285714,16,0,16,0,0,17,6,5.13,0.855,15,2,13,0,0
401644732,2024,2024-09-07 18:30:00+00:00,Saint Francis,away,1,0,0.0,,1,0,1,0,0,0,0,0.0,,0,0,0,0,0
401632071,2024,2024-09-07 19:00:00+00:00,UNLV,home,19,15,12.7,0.8466666666666666,18,0,17,1,0,19,10,8.51,0.851,17,2,14,1,0
401632071,2024,2024-09-07 19:00:00+00:00,Utah Tech,away,8,2,1.6099999999999999,0.8049999999999999,8,1,7,0,0,4,3,2.51,0.8366666666666666,3,0,3,0,0
401628337,2024,2024-09-07 19:30:00+00:00,Auburn,home,15,14,12.31,0.8792857142857143,15,0,13,2,0,23,16,13.75,0.859375,21,0,21,0,0
401636618,2024,2024-09-07 19:30:00+00:00,Baylor,away,16,16,13.89,0.868125,16,0,15,1,0,15,7,5.99,0.8557142857142858,15,0,15,0,0
401635531,2024,2024-09-07 19:30:00+00:00,Boston College,home,10,10,8.71,0.8710000000000001,10,0,10,0,0,17,9,7.6,0.8444444444444444,17,1,16,0,0
401628337,2024,2024-09-07 19:30:00+00:00,California,away,23,23,19.94,0.8669565217391305,23,0,19,4,0,23,15,12.78,0.852,23,0,21,2,0
401635537,2024,2024-09-07 19:30:00+00:00,Charlotte,away,28,24,20.3,0.8458333333333333,27,0,27,0,0,29,7,5.99,0.8557142857142858,22,1,19,2,0
401635531,2024,2024-09-07 19:30:00+00:00,Duquesne,away,3,0,0.0,,3,0,3,0,0,2,2,1.7,0.85,2,0,2,0,0
401628473,2024,2024-09-07 19:30:00+00:00,Eastern Michigan,away,21,19,15.879999999999999,0.8357894736842105,19,0,19,0,0,24,10,8.48,0.8480000000000001,22,5,17,0,0
401643710,2024,2024-09-07 19:30:00+00:00,Idaho,away,2,0,0.0,,2,1,1,0,0,8,6,5.23,0.8716666666666667,7,0,6,1,0
401628464,2024,2024-09-07 19:30:00+00:00,Iowa,home,4,3,2.56,0.8533333333333334,4,0,4,0,0,12,8,6.82,0.8525,11,1,9,0,1
401628464,2024,2024-09-07 19:30:00+00:00,Iowa State,away,8,7,6.06,0.8657142857142857,8,0,8,0,0,21,9,7.64,0.8488888888888888,19,1,16,2,0
401635535,2024,2024-09-07 19:30:00+00:00,Jacksonville State,away,19,13,10.81,0.8315384615384616,18,1,17,0,0,14,11,9.26,0.8418181818181818,13,2,11,0,0
401628340,2024,2024-09-07 19:30:00+00:00,Kentucky,home,12,11,9.7,0.8818181818181817,11,0,8,3,0,22,12,10.28,0.8566666666666666,20,1,17,2,0
401635535,2024,2024-09-07 19:30:00+00:00,Louisville,home,28,27,23.63,0.8751851851851852,28,1,23,4,0,29,26,22.22,0.8546153846153846,26,0,24,2,0
401628465,2024,2024-09-07 19:30:00+00:00,Maryland,home,8,6,5.21,0.8683333333333333,7,0,7,0,0,13,8,6.97,0.87125,12,0,8,4,0
401629040,2024,2024-09-07 19:30:00+00:00,Massachusetts,away,29,22,18.38,0.8354545454545454,25,1,24,0,0,23,8,6.7,0.8375,18,5,12,1,0
401628465,2024,2024-09-07 19:30:00+00:00,Michigan State,away,24,22,19.25,0.875,22,0,18,4,0,41,26,22.52,0.8661538461538462,38,1,34,3,0
401645324,2024,2024-09-07 19:30:00+00:00,Navy,home,0,0,0.0,,0,0,0,0,0,6,2,1.73,0.865,4,2,2,0,0
401635537,2024,2024-09-07 19:30:00+00:00,North Carolina,home,10,10,8.66,0.866,10,0,9,1,0,23,15,12.86,0.8573333333333333,19,1,17,1,0
401628977,2024,2024-09-07 19:30:00+00:00,Northern Illinois,away,6,6,5.029999999999999,0.8383333333333333,6,0,6,0,0,18,5,4.1899999999999995,0.8379999999999999,14,7,6,1,0
401628977,2024,2024-09-07 19:30:00+00:00,Notre Dame,home,9,8,7.11,0.88875,9,0,5,4,0,18,16,14.0,0.875,17,0,13,4,0
401628340,2024,2024-09-07 19:30:00+00:00,South Carolina,away,22,20,17.59,0.8795,22,0,18,4,0,26,16,13.73,0.858125,24,0,21,3,0
401628474,2024,2024-09-07 19:30:00+00:00,South Dakota,away,3,0,0.0,,2,0,2,0,0,0,0,0.0,,0,0,0,0,0
401645324,2024,2024-09-07 19:30:00+00:00,Temple,away,15,12,10.09,0.8408333333333333,13,0,13,0,0,31,5,4.24,0.8480000000000001,24,4,20,0,0
401629040,2024,2024-09-07 19:30:00+00:00,Toledo,home,7,7,5.859999999999999,0.8371428571428571,7,0,7,0,0,11,3,2.67,0.89,11,3,7,1,0
401636618,2024,2024-09-07 19:30:00+00:00,Utah,home,11,11,9.71,0.8827272727272728,11,0,8,3,0,24,12,10.35,0.8624999999999999,21,2,15,4,0
401628473,2024,2024-09-07 19:30:00+00:00,Washington,home,27,26,22.66,0.8715384615384616,26,0,19,7,0,30,22,19.36,0.88,28,3,18,7,0
401628474,2024,2024-09-07 19:30:00+00:00,Wisconsin,home,16,14,12.36,0.8828571428571428,15,0,12,3,0,24,16,13.83,0.864375,21,1,20,0,0
401643710,2024,2024-09-07 19:30:00+00:00,Wyoming,home,3,3,2.5,0.8333333333333334,3,0,3,0,0,13,2,1.69,0.845,8,2,6,0,0
401643783,2024,2024-09-07 20:00:00+00:00,Texas State,home,30,23,19.41,0.8439130434782609,28,1,27,0,0,22,8,6.84,0.855,18,2,15,1,0
401643783,2024,2024-09-07 20:00:00+00:00,UTSA,away,15,13,11.04,0.8492307692307691,15,0,14,1,0,12,3,2.68,0.8933333333333334,11,0,9,2,0
401628342,2024,2024-09-07 20:15:00+00:00,Middle Tennessee,away,12,8,6.68,0.835,11,0,11,0,0,28,11,9.47,0.860909090909091,24,3,20,1,0
401628342,2024,2024-09-07 20:15:00+00:00,Ole Miss,home,25,25,22.18,0.8872,25,0,16,8,1,24,18,15.469999999999999,0.8594444444444443,23,1,20,2,0
401635540,2024,2024-09-07 20:30:00+00:00,Marshall,away,28,21,17.74,0.8447619047619047,26,0,26,0,0,33,12,10.22,0.8516666666666667,29,6,22,1,0
401635540,2024,2024-09-07 20:30:00+00:00,Virginia Tech,home,7,7,6.08,0.8685714285714285,7,0,7,0,0,18,13,11.0,0.8461538461538461,16,0,14,2,0
401640979,2024,2024-09-07 22:00:00+00:00,Central Michigan,away,6,4,3.33,0.8325,5,0,5,0,0,16,6,5.1,0.85,13,4,9,0,0
401643778,2024,2024-09-07 22:00:00+00:00,East Carolina,away,17,16,13.58,0.84875,16,0,16,0,0,33,11,9.26,0.8418181818181818,26,2,22,2,0
401635536,2024,2024-09-07 22:00:00+00:00,Florida A&M,away,24,2,1.69,0.845,20,1,17,2,0,9,6,5.16,0.86,9,0,9,0,0
401640979,2024,2024-09-07 22:00:00+00:00,Florida International,home,10,9,7.47,0.83,10,0,10,0,0,16,5,4.31,0.8619999999999999,13,1,11,1,0
401643777,2024,2024-09-07 22:00:00+00:00,Gardner-Webb,away,12,0,0.0,,10,1,8,1,0,7,5,4.26,0.852,5,0,5,0,0
401643777,2024,2024-09-07 22:00:00+00:00,James Madison,home,26,17,14.3,0.8411764705882353,22,1,21,0,0,20,16,13.77,0.860625,16,0,15,1,0
401635536,2024,2024-09-07 22:00:00+00:00,Miami,home,14,14,12.46,0.89,14,0,8,6,0,28,23,20.16,0.8765217391304347,26,0,21,5,0
401643781,2024,2024-09-07 22:00:00+00:00,Ohio,home,21,12,9.9,0.8250000000000001,16,0,16,0,0,25,13,11.32,0.8707692307692307,25,4,19,2,0
401643778,2024,2024-09-07 22:00:00+00:00,Old Dominion,home,15,10,8.39,0.8390000000000001,14,0,14,0,0,32,13,11.22,0.8630769230769231,28,3,23,2,0
401643781,2024,2024-09-07 22:00:00+00:00,South Alabama,away,15,8,6.609999999999999,0.8262499999999999,14,1,13,0,0,15,5,4.41,0.882,12,2,7,3,0
401628593,2024,2024-09-07 22:00:00+00:00,UAlbany,away,7,0,0.0,,4,1,3,0,0,4,4,3.5,0.875,4,0,3,1,0
401628593,2024,2024-09-07 22:00:00+00:00,West Virginia,home,13,13,11.27,0.8669230769230769,13,0,13,0,0,25,15,12.7,0.8466666666666666,22,2,19,1,0
401636617,2024,2024-09-07 22:30:00+00:00,Sam Houston,away,12,5,4.17,0.834,11,0,11,0,0,5,2,1.68,0.84,4,0,4,0,0
401636617,2024,2024-09-07 22:30:00+00:00,UCF,home,25,24,20.91,0.87125,24,0,22,2,0,26,15,12.76,0.8506666666666667,23,0,19,3,1
401643705,2024,2024-09-07 23:00:00+00:00,Air Force,home,0,0,0.0,,0,0,0,0,0,11,1,0.86,0.86,8,3,5,0,0
401628335,2024,2024-09-07 23:00:00+00:00,Alabama,home,14,14,12.61,0.9007142857142857,14,0,6,7,1,38,28,25.27,0.9025,31,0,15,13,3
401643779,2024,2024-09-07 23:00:00+00:00,Arkansas State,home,17,16,13.35,0.834375,16,0,16,0,0,21,5,4.1899999999999995,0.8379999999999999,18,1,17,0,0
401628344,2024,2024-09-07 23:00:00+00:00,Buffalo,away,17,9,7.43,0.8255555555555555,11,1,10,0,0,16,7,6.02,0.86,15,4,10,1,0
401635539,2024,2024-09-07 23:00:00+00:00,Cal Poly,away,2,0,0.0,,2,1,1,0,0,2,2,1.75,0.875,2,0,1,1,0
401632459,2024,2024-09-07 23:00:00+00:00,Chattanooga,away,4,1,0.84,0.84,4,0,4,0,0,2,1,0.83,0.83,2,0,2,0,0
401628603,2024,2024-09-07 23:00:00+00:00,Coastal Carolina,home,18,12,10.1,0.8416666666666667,16,0,15,1,0,29,12,9.99,0.8325,25,4,20,1,0
401643706,2024,2024-09-07 23:00:00+00:00,Colorado State,home,11,6,5.06,0.8433333333333333,9,0,9,0,0,19,5,4.3,0.86,16,1,14,1,0
401632068,2024,2024-09-07 23:00:00+00:00,Eastern Kentucky,away,3,1,0.84,0.84,2,0,2,0,0,4,4,3.4,0.85,4,0,4,0,0
401628338,2024,2024-09-07 23:00:00+00:00,Florida,home,15,15,13.39,0.8926666666666667,15,0,9,6,0,23,18,15.79,0.8772222222222221,21,0,17,4,0
401643708,2024,2024-09-07 23:00:00+00:00,Georgia Southern,away,12,8,6.66,0.8325,10,1,8,1,0,18,3,2.54,0.8466666666666667,10,4,5,1,0
401632459,2024,2024-09-07 23:00:00+00:00,Georgia State,home,31,28,23.189999999999998,0.8282142857142857,31,0,30,1,0,34,9,7.6899999999999995,0.8544444444444443,30,3,27,0,0
401628462,2024,2024-09-07 23:00:00+00:00,Illinois,home,12,11,9.53,0.8663636363636363,12,0,9,3,0,24,12,10.19,0.8491666666666666,23,4,18,1,0
401628462,2024,2024-09-07 23:00:00+00:00,Kansas,away,11,10,8.71,0.8710000000000001,10,0,9,1,0,13,4,3.42,0.855,9,0,9,0,0
401641016,2024,2024-09-07 23:00:00+00:00,Kennesaw State,home,10,8,6.51,0.81375,10,0,10,0,0,3,3,2.51,0.8366666666666666,3,0,3,0,0
401641016,2024,2024-09-07 23:00:00+00:00,Louisiana,away,7,5,4.27,0.8539999999999999,7,0,7,0,0,6,2,1.77,0.885,6,0,6,0,0
401628344,2024,2024-09-07 23:00:00+00:00,Missouri,home,15,14,12.45,0.8892857142857142,15,1,10,4,0,19,14,11.76,0.84,17,0,17,0,0
401643708,2024,2024-09-07 23:00:00+00:00,Nevada,home,22,17,14.24,0.8376470588235294,19,1,18,0,0,23,7,5.95,0.85,19,3,16,0,0
401643706,2024,2024-09-07 23:00:00+00:00,Northern Colorado,away,1,0,0.0,,0,0,0,0,0,5,4,3.33,0.8325,5,0,5,0,0
401645326,2024,2024-09-07 23:00:00+00:00,Rice,home,10,8,6.65,0.83125,10,0,10,0,0,3,3,2.57,0.8566666666666666,3,0,3,0,0
401643782,2024,2024-09-07 23:00:00+00:00,SE Louisiana,away,1,0,0.0,,1,1,0,0,0,4,1,0.9,0.9,3,0,2,1,0
401628338,2024,2024-09-07 23:00:00+00:00,Samford,away,7,0,0.0,,6,2,3,1,0,3,3,2.54,0.8466666666666667,3,0,3,0,0
401643705,2024,2024-09-07 23:00:00+00:00,San José State,away,14,7,5.79,0.8271428571428572,12,1,11,0,0,25,13,11.17,0.8592307692307692,25,2,23,0,0
401628335,2024,2024-09-07 23:00:00+00:00,South Florida,away,14,8,6.76,0.845,14,0,14,0,0,20,6,5.06,0.8433333333333333,19,0,18,1,0
401643782,2024,2024-09-07 23:00:00+00:00,Southern Miss,home,17,17,14.39,0.8464705882352942,17,0,17,0,0,7,2,1.7,0.85,5,1,4,0,0
401635539,2024,2024-09-07 23:00:00+00:00,Stanford,home,4,3,2.58,0.86,4,1,3,0,0,14,6,5.22,0.87,14,1,12,1,0
401645326,2024,2024-09-07 23:00:00+00:00,Texas Southern,away,6,0,0.0,,4,0,3,1,0,2,2,1.69,0.845,2,0,2,0,0
401643779,2024,2024-09-07 23:00:00+00:00,Tulsa,away,12,10,8.39,0.8390000000000001,12,0,12,0,0,24,11,9.31,0.8463636363636364,23,4,19,0,0
401643780,2024,2024-09-07 23:00:00+00:00,UAB,away,19,12,10.02,0.835,18,0,18,0,0,21,7,5.85,0.8357142857142856,19,4,14,1,0
401643780,2024,2024-09-07 23:00:00+00:00,UL Monroe,home,16,13,10.66,0.8200000000000001,16,1,15,0,0,25,12,10.1,0.8416666666666667,21,3,17,1,0
401635639,2024,2024-09-07 23:00:00+00:00,Virginia,away,13,12,10.36,0.8633333333333333,12,0,12,0,0,16,3,2.4899999999999998,0.83,14,1,11,2,0
401635639,2024,2024-09-07 23:00:00+00:00,Wake Forest,home,5,5,4.28,0.8560000000000001,5,0,5,0,0,15,10,8.53,0.853,15,1,13,1,0
401632068,2024,2024-09-07 23:00:00+00:00,Western Kentucky,home,21,15,12.719999999999999,0.848,19,1,17,1,0,28,9,7.79,0.8655555555555555,21,3,15,3,0
401628603,2024,2024-09-07 23:00:00+00:00,William & Mary,away,2,0,0.0,,1,0,1,0,0,1,1,0.9,0.9,1,0,0,1,0
401628349,2024,2024-09-07 23:30:00+00:00,Alcorn State,away,1,0,0.0,,1,0,1,0,0,1,1,0.84,0.84,1,0,1,0,0
401628467,2024,2024-09-07 23:30:00+00:00,Colorado,away,41,39,34.07,0.8735897435897436,40,1,32,7,0,41,28,24.009999999999998,0.8574999999999999,37,0,35,2,0
401628341,2024,2024-09-07 23:30:00+00:00,LSU,home,10,9,7.98,0.8866666666666667,9,0,6,3,0,27,22,19.24,0.8745454545454545,24,1,16,7,0
401628346,2024,2024-09-07 23:30:00+00:00,NC State,home,15,15,13.25,0.8833333333333333,15,0,11,4,0,22,15,12.77,0.8513333333333333,22,0,21,1,0
401628467,2024,2024-09-07 23:30:00+00:00,Nebraska,home,8,7,6.2,0.8857142857142858,7,0,5,2,0,10,8,6.77,0.84625,10,0,9,1,0
401628341,2024,2024-09-07 23:30:00+00:00,Nicholls,away,2,0,0.0,,1,0,1,0,0,1,1,0.86,0.86,1,0,1,0,0
401645325,2024,2024-09-07 23:30:00+00:00,North Texas,home,25,19,15.959999999999999,0.84,22,0,21,1,0,36,14,11.99,0.8564285714285714,34,2,31,1,0
401628468,2024,2024-09-07 23:30:00+00:00,Ohio State,home,7,7,6.5,0.9285714285714286,7,0,2,3,2,25,22,19.26,0.8754545454545455,25,1,20,4,0
401645325,2024,2024-09-07 23:30:00+00:00,Stephen F. Austin,away,15,5,4.18,0.836,13,0,13,0,0,3,3,2.51,0.8366666666666666,3,0,3,0,0
401628346,2024,2024-09-07 23:30:00+00:00,Tennessee,away,9,8,7.17,0.89625,9,0,5,4,0,16,11,9.57,0.87,14,0,13,1,0
401628349,2024,2024-09-07 23:30:00+00:00,Vanderbilt,home,22,18,15.69,0.8716666666666666,22,1,20,1,0,23,16,13.98,0.87375,23,0,20,3,0
401628468,2024,2024-09-07 23:30:00+00:00,Western Michigan,away,11,10,8.43,0.843,10,0,10,0,0,23,3,2.54,0.8466666666666667,21,5,16,0,0
401628345,2024,2024-09-07 23:45:00+00:00,Houston,away,27,27,23.34,0.8644444444444445,27,0,26,1,0,32,22,18.91,0.8595454545454545,30,0,24,6,0
401628345,2024,2024-09-07 23:45:00+00:00,Oklahoma,home,16,13,11.5,0.8846153846153846,16,2,10,4,0,25,20,17.36,0.868,23,0,19,4,0
401635532,2024,2024-09-08 00:00:00+00:00,App State,away,15,15,12.59,0.8393333333333334,15,0,15,0,0,21,4,3.38,0.845,17,3,14,0,0
401635532,2024,2024-09-08 00:00:00+00:00,Clemson,home,0,0,0.0,,0,0,0,0,0,11,9,7.92,0.88,11,1,8,2,0
401636615,2024,2024-09-08 00:00:00+00:00,Long Island University,away,0,0,0.0,,0,0,0,0,0,0,0,0.0,,0,0,0,0,0
401636615,2024,2024-09-08 00:00:00+00:00,TCU,home,23,22,19.18,0.8718181818181818,22,0,20,2,0,19,12,10.27,0.8558333333333333,19,0,15,4,0
401632072,2024,2024-09-08 01:00:00+00:00,Southern Utah,away,4,0,0.0,,3,1,2,0,0,1,1,0.86,0.86,1,0,1,0,0
401632072,2024,2024-09-08 01:00:00+00:00,UTEP,home,27,22,18.31,0.8322727272727272,26,1,24,1,0,37,14,11.9,0.85,30,7,23,0,0
401636614,2024,2024-09-08 02:00:00+00:00,Arizona,home,24,23,19.83,0.8621739130434782,24,1,22,1,0,26,19,16.5,0.868421052631579,26,1,21,4,0
401628469,2024,2024-09-08 02:00:00+00:00,Boise State,away,8,8,6.79,0.84875,8,0,7,1,0,14,4,3.38,0.845,12,2,9,1,0
401643707,2024,2024-09-08 02:00:00+00:00,Fresno State,home,7,7,6.0,0.8571428571428571,7,0,6,1,0,11,3,2.56,0.8533333333333334,8,1,7,0,0
401636614,2024,2024-09-08 02:00:00+00:00,Northern Arizona,away,9,0,0.0,,8,2,6,0,0,9,3,2.54,0.8466666666666667,6,2,4,0,0
401628469,2024,2024-09-08 02:00:00+00:00,Oregon,home,14,13,11.76,0.9046153846153846,14,0,7,6,1,20,16,13.85,0.865625,18,0,14,4,0
401643707,2024,2024-09-08 02:00:00+00:00,Sacramento State,away,8,0,0.0,,6,1,5,0,0,3,2,1.73,0.865,2,0,2,0,0
401636859,2024,2024-09-08 02:00:00+00:00,Texas Tech,away,16,15,13.06,0.8706666666666667,16,0,14,2,0,23,16,13.62,0.85125,21,0,20,1,0
401636859,2024,2024-09-08 02:00:00+00:00,Washington State,home,12,11,9.41,0.8554545454545455,11,0,11,0,0,27,10,8.49,0.849,23,2,19,2,0
401640989,2024,2024-09-08 02:15:00+00:00,Liberty,away,18,15,12.49,0.8326666666666667,18,0,17,1,0,17,9,7.76,0.8622222222222222,16,3,10,3,0
401640989,2024,2024-09-08 02:15:00+00:00,New Mexico State,home,13,7,5.88,0.84,12,1,11,0,0,38,23,19.72,0.8573913043478261,32,2,29,1,0
401628343,2024,2024-09-08 02:30:00+00:00,Arizona State,home,28,26,22.53,0.8665384615384616,27,0,25,2,0,28,18,15.59,0.866111111111111,24,1,19,4,0
401628343,2024,2024-09-08 02:30:00+00:00,Mississippi State,away,18,17,14.709999999999999,0.8652941176470588,17,0,16,1,0,26,20,17.32,0.866,25,1,20,4,0
401643709,2024,2024-09-08 02:30:00+00:00,Oregon State,away,16,16,13.77,0.860625,16,0,16,0,0,25,13,11.59,0.8915384615384615,24,1,15,8,0
401643709,2024,2024-09-08 02:30:00+00:00,San Diego State,home,24,22,18.689999999999998,0.8495454545454545,23,0,23,0,0,36,14,12.22,0.8728571428571429,34,3,28,3,0
401628472,2024,2024-09-08 03:00:00+00:00,USC,home,16,14,12.34,0.8814285714285715,16,2,9,5,0,29,24,21.09,0.87875,27,1,18,8,0
401628472,2024,2024-09-08 03:00:00+00:00,Utah State,away,20,14,11.69,0.835,18,1,17,0,0,26,9,7.68,0.8533333333333333,22,3,19,0,0
401636867,2024,2024-09-12 23:30:00+00:00,Arizona State,away,28,26,22.53,0.8665384615384616,27,0,25,2,0,28,18,15.59,0.866111111111111,24,1,19,4,0
401643788,2024,2024-09-12 23:30:00+00:00,Northwestern State,away,3,0,0.0,,3,0,3,0,0,3,1,0.82,0.82,2,1,1,0,0
401643788,2024,2024-09-12 23:30:00+00:00,South Alabama,home,15,8,6.609999999999999,0.8262499999999999,14,1,13,0,0,15,5,4.41,0.882,12,2,7,3,0
401636867,2024,2024-09-12 23:30:00+00:00,Texas State,home,30,23,19.41,0.8439130434782609,28,1,27,0,0,22,8,6.84,0.855,18,2,15,1,0
401636863,2024,2024-09-13 23:00:00+00:00,Kansas,home,11,10,8.71,0.8710000000000001,10,0,9,1,0,13,4,3.42,0.855,9,0,9,0,0
401636863,2024,2024-09-13 23:00:00+00:00,UNLV,away,19,15,12.7,0.8466666666666666,18,0,17,1,0,19,10,8.51,0.851,17,2,14,1,0
401636864,2024,2024-09-14 00:00:00+00:00,Arizona,away,24,23,19.83,0.8621739130434782,24,1,22,1,0,26,19,16.5,0.868421052631579,26,1,21,4,0
401636864,2024,2024-09-14 00:00:00+00:00,Kansas State,home,10,8,6.97,0.87125,9,0,7,2,0,17,10,8.629999999999999,0.8629999999999999,15,0,13,2,0
401628350,2024,2024-09-14 16:00:00+00:00,Alabama,away,14,14,12.61,0.9007142857142857,14,0,6,7,1,38,28,25.27,0.9025,31,0,15,13,3
401628479,2024,2024-09-14 16:00:00+00:00,Arkansas State,away,17,16,13.35,0.834375,16,0,16,0,0,21,5,4.1899999999999995,0.8379999999999999,18,1,17,0,0
401628475,2024,2024-09-14 16:00:00+00:00,Central Michigan,away,6,4,3.33,0.8325,5,0,5,0,0,16,6,5.1,0.85,13,4,9,0,0
401636865,2024,2024-09-14 16:00:00+00:00,Cincinnati,away,24,22,19.03,0.8650000000000001,23,0,22,1,0,32,18,15.16,0.8422222222222222,29,1,27,1,0
401635542,2024,2024-09-14 16:00:00+00:00,Florida State,home,17,17,15.19,0.8935294117647059,17,0,7,10,0,18,15,12.86,0.8573333333333333,17,1,16,0,0
401628475,2024,2024-09-14 16:00:00+00:00,Illinois,home,12,11,9.53,0.8663636363636363,12,0,9,3,0,24,12,10.19,0.8491666666666666,23,4,18,1,0
401628359,2024,2024-09-14 16:00:00+00:00,LSU,away,10,9,7.98,0.8866666666666667,9,0,6,3,0,27,22,19.24,0.8745454545454545,24,1,16,7,0
401635546,2024,2024-09-14 16:00:00+00:00,Louisiana Tech,away,12,9,7.59,0.8433333333333333,11,0,11,0,0,22,9,7.61,0.8455555555555556,18,2,14,2,0
401635542,2024,2024-09-14 16:00:00+00:00,Memphis,away,30,27,22.96,0.8503703703703704,29,2,27,0,0,24,8,6.8,0.85,22,1,21,0,0
401636865,2024,2024-09-14 16:00:00+00:00,Miami (OH),home,5,2,1.67,0.835,4,0,4,0,0,11,4,3.5300000000000002,0.8825000000000001,11,2,8,1,0
401628479,2024,2024-09-14 16:00:00+00:00,Michigan,home,7,7,6.1,0.8714285714285713,7,0,6,1,0,17,13,11.4,0.8769230769230769,16,0,14,2,0
401635546,2024,2024-09-14 16:00:00+00:00,NC State,home,15,15,13.25,0.8833333333333333,15,0,11,4,0,22,15,12.77,0.8513333333333333,22,0,21,1,0
401636868,2024,2024-09-14 16:00:00+00:00,North Texas,away,25,19,15.959999999999999,0.84,22,0,21,1,0,36,14,11.99,0.8564285714285714,34,2,31,1,0
401636869,2024,2024-09-14 16:00:00+00:00,Oklahoma State,away,8,8,6.95,0.86875,8,0,8,0,0,11,7,5.9,0.8428571428571429,10,0,10,0,0
401628359,2024,2024-09-14 16:00:00+00:00,South Carolina,home,22,20,17.59,0.8795,22,0,18,4,0,26,16,13.73,0.858125,24,0,21,3,0
401636868,2024,2024-09-14 16:00:00+00:00,Texas Tech,home,16,15,13.06,0.8706666666666667,16,0,14,2,0,23,16,13.62,0.85125,21,0,20,1,0
401636869,2024,2024-09-14 16:00:00+00:00,Tulsa,home,12,10,8.39,0.8390000000000001,12,0,12,0,0,24,11,9.31,0.8463636363636364,23,4,19,0,0
401628350,2024,2024-09-14 16:00:00+00:00,Wisconsin,home,16,14,12.36,0.8828571428571428,15,0,12,3,0,24,16,13.83,0.864375,21,1,20,0,0
401628357,2024,2024-09-14 16:45:00+00:00,Boston College,away,10,10,8.71,0.8710000000000001,10,0,10,0,0,17,9,7.6,0.8444444444444444,17,1,16,0,0
401628357,2024,2024-09-14 16:45:00+00:00,Missouri,home,15,14,12.45,0.8892857142857142,15,1,10,4,0,19,14,11.76,0.84,17,0,17,0,0
401629041,2024,2024-09-14 17:00:00+00:00,Buffalo,home,17,9,7.43,0.8255555555555555,11,1,10,0,0,16,7,6.02,0.86,15,4,10,1,0
401629041,2024,2024-09-14 17:00:00+00:00,Massachusetts,away,29,22,18.38,0.8354545454545454,25,1,24,0,0,23,8,6.7,0.8375,18,5,12,1,0
401643786,2024,2024-09-14 18:00:00+00:00,Coastal Carolina,away,18,12,10.1,0.8416666666666667,16,0,15,1,0,29,12,9.99,0.8325,25,4,20,1,0
401643786,2024,2024-09-14 18:00:00+00:00,Temple,home,15,12,10.09,0.8408333333333333,13,0,13,0,0,31,5,4.24,0.8480000000000001,24,4,20,0,0
401635544,2024,2024-09-14 19:30:00+00:00,Ball State,away,11,10,8.27,0.827,10,0,10,0,0,14,6,5.14,0.8566666666666666,13,5,8,0,0
401628353,2024,2024-09-14 19:30:00+00:00,Florida,home,15,15,13.39,0.8926666666666667,15,0,9,6,0,23,18,15.79,0.8772222222222221,21,0,17,4,0
401635543,2024,2024-09-14 19:30:00+00:00,Georgia Tech,home,12,11,9.5,0.8636363636363636,12,0,12,0,0,31,19,16.11,0.8478947368421053,29,0,27,2,0
401635544,2024,2024-09-14 19:30:00+00:00,Miami,home,14,14,12.46,0.89,14,0,8,6,0,28,23,20.16,0.8765217391304347,26,0,21,5,0
401628480,2024,2024-09-14 19:30:00+00:00,Michigan State,home,24,22,19.25,0.875,22,0,18,4,0,41,26,22.52,0.8661538461538462,38,1,34,3,0
401628481,2024,2024-09-14 19:30:00+00:00,Minnesota,home,12,12,10.48,0.8733333333333334,12,0,9,3,0,18,7,5.89,0.8414285714285714,17,1,15,1,0
401644734,2024,2024-09-14 19:30:00+00:00,Morgan State,away,3,0,0.0,,2,0,2,0,0,0,0,0.0,,0,0,0,0,0
401628481,2024,2024-09-14 19:30:00+00:00,Nevada,away,22,17,14.24,0.8376470588235294,19,1,18,0,0,23,7,5.95,0.85,19,3,16,0,0
401628978,2024,2024-09-14 19:30:00+00:00,Notre Dame,away,9,8,7.11,0.88875,9,0,5,4,0,18,16,14.0,0.875,17,0,13,4,0
401644734,2024,2024-09-14 19:30:00+00:00,Ohio,home,21,12,9.9,0.8250000000000001,16,0,16,0,0,25,13,11.32,0.8707692307692307,25,4,19,2,0
401628358,2024,2024-09-14 19:30:00+00:00,Oklahoma,home,16,13,11.5,0.8846153846153846,16,2,10,4,0,25,20,17.36,0.868,23,0,19,4,0
401628483,2024,2024-09-14 19:30:00+00:00,Oregon,away,14,13,11.76,0.9046153846153846,14,0,7,6,1,20,16,13.85,0.865625,18,0,14,4,0
401628483,2024,2024-09-14 19:30:00+00:00,Oregon State,home,16,16,13.77,0.860625,16,0,16,0,0,25,13,11.59,0.8915384615384615,24,1,15,8,0
401635547,2024,2024-09-14 19:30:00+00:00,Pittsburgh,home,14,13,11.25,0.8653846153846154,14,1,13,0,0,20,8,6.99,0.87375,16,0,14,2,0
401628480,2024,2024-09-14 19:30:00+00:00,Prairie View A&M,away,4,0,0.0,,4,1,3,0,0,1,1,0.82,0.82,1,0,1,0,0
401628978,2024,2024-09-14 19:30:00+00:00,Purdue,home,18,16,13.95,0.871875,18,2,15,1,0,28,19,16.23,0.8542105263157895,26,1,22,3,0
401628353,2024,2024-09-14 19:30:00+00:00,Texas A&M,away,26,23,20.41,0.8873913043478261,25,1,16,8,0,30,24,21.07,0.8779166666666667,27,0,20,5,2
401628358,2024,2024-09-14 19:30:00+00:00,Tulane,away,22,17,14.62,0.86,21,2,18,1,0,24,8,6.96,0.87,23,2,19,2,0
401635543,2024,2024-09-14 19:30:00+00:00,VMI,away,0,0,0.0,,0,0,0,0,0,4,3,2.51,0.8366666666666666,3,0,3,0,0
401628484,2024,2024-09-14 19:30:00+00:00,Washington,home,27,26,22.66,0.8715384615384616,26,0,19,7,0,30,22,19.36,0.88,28,3,18,7,0
401628484,2024,2024-09-14 19:30:00+00:00,Washington State,away,12,11,9.41,0.8554545454545455,11,0,11,0,0,27,10,8.49,0.849,23,2,19,2,0
401635547,2024,2024-09-14 19:30:00+00:00,West Virginia,away,13,13,11.27,0.8669230769230769,13,0,13,0,0,25,15,12.7,0.8466666666666666,22,2,19,1,0
401643785,2024,2024-09-14 20:00:00+00:00,App State,away,15,15,12.59,0.8393333333333334,15,0,15,0,0,21,4,3.38,0.845,17,3,14,0,0
401643785,2024,2024-09-14 20:00:00+00:00,East Carolina,home,17,16,13.58,0.84875,16,0,16,0,0,33,11,9.26,0.8418181818181818,26,2,22,2,0
401628477,2024,2024-09-14 20:00:00+00:00,Iowa,home,4,3,2.56,0.8533333333333334,4,0,4,0,0,12,8,6.82,0.8525,11,1,9,0,1
401628477,2024,2024-09-14 20:00:00+00:00,Troy,away,10,7,5.89,0.8414285714285714,9,1,7,1,0,23,12,10.12,0.8433333333333333,19,0,19,0,0
401628351,2024,2024-09-14 20:15:00+00:00,Arkansas,home,22,20,17.39,0.8695,22,1,18,3,0,30,23,19.86,0.8634782608695651,26,0,23,3,0
401628351,2024,2024-09-14 20:15:00+00:00,UAB,away,19,12,10.02,0.835,18,0,18,0,0,21,7,5.85,0.8357142857142856,19,4,14,1,0
401636870,2024,2024-09-14 20:30:00+00:00,Utah,away,11,11,9.71,0.8827272727272728,11,0,8,3,0,24,12,10.35,0.8624999999999999,21,2,15,4,0
401636870,2024,2024-09-14 20:30:00+00:00,Utah State,home,20,14,11.69,0.835,18,1,17,0,0,26,9,7.68,0.8533333333333333,22,3,19,0,0
401644733,2024,2024-09-14 22:00:00+00:00,Akron,home,15,11,9.27,0.8427272727272727,14,1,13,0,0,22,9,7.57,0.8411111111111111,21,4,17,0,0
401645327,2024,2024-09-14 22:00:00+00:00,Charlotte,home,28,24,20.3,0.8458333333333333,27,0,27,0,0,29,7,5.99,0.8557142857142858,22,1,19,2,0
401644733,2024,2024-09-14 22:00:00+00:00,Colgate,away,0,0,0.0,,0,0,0,0,0,1,1,0.85,0.85,1,0,1,0,0
401629030,2024,2024-09-14 22:00:00+00:00,Duke,home,18,16,13.79,0.861875,16,0,14,2,0,18,8,7.07,0.88375,17,1,13,3,0
401640980,2024,2024-09-14 22:00:00+00:00,Florida Atlantic,home,20,17,14.26,0.8388235294117647,19,1,18,0,0,34,12,10.26,0.855,32,1,31,0,0
401640980,2024,2024-09-14 22:00:00+00:00,Florida International,away,10,9,7.47,0.83,10,0,10,0,0,16,5,4.31,0.8619999999999999,13,1,11,1,0
401645327,2024,2024-09-14 22:00:00+00:00,Gardner-Webb,away,12,0,0.0,,10,1,8,1,0,7,5,4.26,0.852,5,0,5,0,0
401643787,2024,2024-09-14 22:00:00+00:00,Georgia Southern,home,12,8,6.66,0.8325,10,1,8,1,0,18,3,2.54,0.8466666666666667,10,4,5,1,0
401640990,2024,2024-09-14 22:00:00+00:00,Liberty,home,18,15,12.49,0.8326666666666667,18,0,17,1,0,17,9,7.76,0.8622222222222222,16,3,10,3,0
401635545,2024,2024-09-14 22:00:00+00:00,North Carolina,home,10,10,8.66,0.866,10,0,9,1,0,23,15,12.86,0.8573333333333333,19,1,17,1,0
401635545,2024,2024-09-14 22:00:00+00:00,North Carolina Central,away,5,0,0.0,,4,1,3,0,0,4,3,2.56,0.8533333333333334,3,0,3,0,0
401635548,2024,2024-09-14 22:00:00+00:00,Old Dominion,home,15,10,8.39,0.8390000000000001,14,0,14,0,0,32,13,11.22,0.8630769230769231,28,3,23,2,0
401643787,2024,2024-09-14 22:00:00+00:00,South Carolina State,away,1,0,0.0,,1,0,1,0,0,2,2,1.71,0.855,2,0,2,0,0
401629030,2024,2024-09-14 22:00:00+00:00,UConn,away,24,20,16.759999999999998,0.8379999999999999,23,1,22,0,0,19,9,7.66,0.8511111111111112,18,1,16,1,0
401640990,2024,2024-09-14 22:00:00+00:00,UTEP,away,27,22,18.31,0.8322727272727272,26,1,24,1,0,37,14,11.9,0.85,30,7,23,0,0
401635548,2024,2024-09-14 22:00:00+00:00,Virginia Tech,away,7,7,6.08,0.8685714285714285,7,0,7,0,0,18,13,11.0,0.8461538461538461,16,0,14,2,0
401636364,2024,2024-09-14 22:30:00+00:00,Bethune-Cookman,away,9,1,0.86,0.86,8,2,4,2,0,1,1,0.85,0.85,1,0,1,0,0
401628355,2024,2024-09-14 22:30:00+00:00,Ole Miss,away,25,25,22.18,0.8872,25,0,16,8,1,24,18,15.469999999999999,0.8594444444444443,23,1,20,2,0
401628355,2024,2024-09-14 22:30:00+00:00,Wake Forest,home,5,5,4.28,0.8560000000000001,5,0,5,0,0,15,10,8.53,0.853,15,1,13,1,0
401636364,2024,2024-09-14 22:30:00+00:00,Western Michigan,home,11,10,8.43,0.843,10,0,10,0,0,23,3,2.54,0.8466666666666667,21,5,16,0,0
401640999,2024,2024-09-14 23:00:00+00:00,Eastern Michigan,home,21,19,15.879999999999999,0.8357894736842105,19,0,19,0,0,24,10,8.48,0.8480000000000001,22,5,17,0,0
401628362,2024,2024-09-14 23:00:00+00:00,Georgia State,home,31,28,23.189999999999998,0.8282142857142857,31,0,30,1,0,34,9,7.6899999999999995,0.8544444444444443,30,3,27,0,0
401641040,2024,2024-09-14 23:00:00+00:00,Hawai'i,away,6,4,3.4,0.85,6,1,5,0,0,10,1,0.87,0.87,7,2,5,0,0
401640999,2024,2024-09-14 23:00:00+00:00,Jacksonville State,away,19,13,10.81,0.8315384615384616,18,1,17,0,0,14,11,9.26,0.8418181818181818,13,2,11,0,0
401641017,2024,2024-09-14 23:00:00+00:00,Kennesaw State,away,10,8,6.51,0.81375,10,0,10,0,0,3,3,2.51,0.8366666666666666,3,0,3,0,0
401641024,2024,2024-09-14 23:00:00+00:00,Middle Tennessee,home,12,8,6.68,0.835,11,0,11,0,0,28,11,9.47,0.860909090909091,24,3,20,1,0
401641040,2024,2024-09-14 23:00:00+00:00,Sam Houston,home,12,5,4.17,0.834,11,0,11,0,0,5,2,1.68,0.84,4,0,4,0,0
401641017,2024,2024-09-14 23:00:00+00:00,San José State,home,14,7,5.79,0.8271428571428572,12,1,11,0,0,25,13,11.17,0.8592307692307692,25,2,23,0,0
401643789,2024,2024-09-14 23:00:00+00:00,South Florida,away,14,8,6.76,0.845,14,0,14,0,0,20,6,5.06,0.8433333333333333,19,0,18,1,0
401643789,2024,2024-09-14 23:00:00+00:00,Southern Miss,home,17,17,14.39,0.8464705882352942,17,0,17,0,0,7,2,1.7,0.85,5,1,4,0,0
401628361,2024,2024-09-14 23:00:00+00:00,Texas,home,10,10,9.09,0.909,10,0,4,5,1,24,22,19.16,0.870909090909091,24,0,21,3,0
401628361,2024,2024-09-14 23:00:00+00:00,UTSA,away,15,13,11.04,0.8492307692307691,15,0,14,1,0,12,3,2.68,0.8933333333333334,11,0,9,2,0
401628362,2024,2024-09-14 23:00:00+00:00,Vanderbilt,away,22,18,15.69,0.8716666666666666,22,1,20,1,0,23,16,13.98,0.87375,23,0,20,3,0
401641024,2024,2024-09-14 23:00:00+00:00,Western Kentucky,away,21,15,12.719999999999999,0.848,19,1,17,1,0,28,9,7.79,0.8655555555555555,21,3,15,3,0
401636860,2024,2024-09-14 23:30:00+00:00,Air Force,away,0,0,0.0,,0,0,0,0,0,11,1,0.86,0.86,8,3,5,0,0
401628352,2024,2024-09-14 23:30:00+00:00,Auburn,home,15,14,12.31,0.8792857142857143,15,0,13,2,0,23,16,13.75,0.859375,21,0,21,0,0
401636860,2024,2024-09-14 23:30:00+00:00,Baylor,home,16,16,13.89,0.868125,16,0,15,1,0,15,7,5.99,0.8557142857142858,15,0,15,0,0
401636861,2024,2024-09-14 23:30:00+00:00,Colorado,away,41,39,34.07,0.8735897435897436,40,1,32,7,0,41,28,24.009999999999998,0.8574999999999999,37,0,35,2,0
401636861,2024,2024-09-14 23:30:00+00:00,Colorado State,home,11,6,5.06,0.8433333333333333,9,0,9,0,0,19,5,4.3,0.86,16,1,14,1,0
401655632,2024,2024-09-14 23:30:00+00:00,Eastern Illinois,away,3,1,0.85,0.85,3,0,3,0,0,2,2,1.69,0.845,2,0,2,0,0
401628354,2024,2024-09-14 23:30:00+00:00,Georgia,away,11,9,8.15,0.9055555555555556,11,1,4,6,0,26,21,18.78,0.8942857142857144,25,2,13,10,0
401628476,2024,2024-09-14 23:30:00+00:00,Indiana,away,30,27,23.41,0.867037037037037,28,1,25,2,0,39,28,24.05,0.8589285714285715,35,1,32,2,0
401628354,2024,2024-09-14 23:30:00+00:00,Kentucky,home,12,11,9.7,0.8818181818181817,11,0,8,3,0,22,12,10.28,0.8566666666666666,20,1,17,2,0
401628356,2024,2024-09-14 23:30:00+00:00,Mississippi State,home,18,17,14.709999999999999,0.8652941176470588,17,0,16,1,0,26,20,17.32,0.866,25,1,20,4,0
401628482,2024,2024-09-14 23:30:00+00:00,Nebraska,home,8,7,6.2,0.8857142857142858,7,0,5,2,0,10,8,6.77,0.84625,10,0,9,1,0
401628352,2024,2024-09-14 23:30:00+00:00,New Mexico,away,28,21,17.419999999999998,0.8295238095238094,26,0,25,1,0,23,15,12.59,0.8393333333333334,21,1,18,2,0
401628482,2024,2024-09-14 23:30:00+00:00,Northern Iowa,away,4,1,0.83,0.83,4,2,2,0,0,3,2,1.71,0.855,2,0,2,0,0
401655632,2024,2024-09-14 23:30:00+00:00,Northwestern,home,6,6,5.07,0.8450000000000001,6,0,6,0,0,12,9,7.76,0.8622222222222222,11,0,11,0,0
401636866,2024,2024-09-14 23:30:00+00:00,TCU,home,23,22,19.18,0.8718181818181818,22,0,20,2,0,19,12,10.27,0.8558333333333333,19,0,15,4,0
401628356,2024,2024-09-14 23:30:00+00:00,Toledo,away,7,7,5.859999999999999,0.8371428571428571,7,0,7,0,0,11,3,2.67,0.89,11,3,7,1,0
401636866,2024,2024-09-14 23:30:00+00:00,UCF,away,25,24,20.91,0.87125,24,0,22,2,0,26,15,12.76,0.8506666666666667,23,0,19,3,1
401628476,2024,2024-09-14 23:30:00+00:00,UCLA,home,21,16,13.83,0.864375,16,0,14,2,0,17,14,12.09,0.8635714285714285,17,1,13,3,0
401628360,2024,2024-09-14 23:45:00+00:00,Kent State,away,16,14,11.5,0.8214285714285714,16,0,16,0,0,17,6,5.13,0.855,15,2,13,0,0
401628360,2024,2024-09-14 23:45:00+00:00,Tennessee,home,9,8,7.17,0.89625,9,0,5,4,0,16,11,9.57,0.87,14,0,13,1,0
401636862,2024,2024-09-15 00:00:00+00:00,Houston,home,27,27,23.34,0.8644444444444445,27,0,26,1,0,32,22,18.91,0.8595454545454545,30,0,24,6,0
401628478,2024,2024-09-15 00:00:00+00:00,Maryland,away,8,6,5.21,0.8683333333333333,7,0,7,0,0,13,8,6.97,0.87125,12,0,8,4,0
401636862,2024,2024-09-15 00:00:00+00:00,Rice,away,10,8,6.65,0.83125,10,0,10,0,0,3,3,2.57,0.8566666666666666,3,0,3,0,0
401628478,2024,2024-09-15 00:00:00+00:00,Virginia,home,13,12,10.36,0.8633333333333333,12,0,12,0,0,16,3,2.4899999999999998,0.83,14,1,11,2,0
401636871,2024,2024-09-15 01:00:00+00:00,BYU,away,9,8,6.89,0.86125,9,0,8,1,0,16,5,4.2299999999999995,0.8459999999999999,16,2,13,1,0
401636871,2024,2024-09-15 01:00:00+00:00,Wyoming,home,3,3,2.5,0.8333333333333334,3,0,3,0,0,13,2,1.69,0.845,8,2,6,0,0
401635541,2024,2024-09-15 02:30:00+00:00,California,home,23,23,19.94,0.8669565217391305,23,0,19,4,0,23,15,12.78,0.852,23,0,21,2,0
401641033,2024,2024-09-15 02:30:00+00:00,Fresno State,home,7,7,6.0,0.8571428571428571,7,0,6,1,0,11,3,2.56,0.8533333333333334,8,1,7,0,0
401641033,2024,2024-09-15 02:30:00+00:00,New Mexico State,away,13,7,5.88,0.84,12,1,11,0,0,38,23,19.72,0.8573913043478261,32,2,29,1,0
401635541,2024,2024-09-15 02:30:00+00:00,San Diego State,away,24,22,18.689999999999998,0.8495454545454545,23,0,23,0,0,36,14,12.22,0.8728571428571429,34,3,28,3,0
401643790,2024,2024-09-19 23:30:00+00:00,App State,home,15,15,12.59,0.8393333333333334,15,0,15,0,0,21,4,3.38,0.845,17,3,14,0,0
401643790,2024,2024-09-19 23:30:00+00:00,South Alabama,away,15,8,6.609999999999999,0.8262499999999999,14,1,13,0,0,15,5,4.41,0.882,12,2,7,3,0
401634766,2024,2024-09-20 23:30:00+00:00,Stanford,away,4,3,2.58,0.86,4,1,3,0,0,14,6,5.22,0.87,14,1,12,1,0
401634766,2024,2024-09-20 23:30:00+00:00,Syracuse,home,19,18,15.69,0.8716666666666666,19,1,16,2,0,28,17,14.379999999999999,0.8458823529411764,27,1,26,0,0
401628485,2024,2024-09-21 00:00:00+00:00,Illinois,away,12,11,9.53,0.8663636363636363,12,0,9,3,0,24,12,10.19,0.8491666666666666,23,4,18,1,0
401628485,2024,2024-09-21 00:00:00+00:00,Nebraska,home,8,7,6.2,0.8857142857142858,7,0,5,2,0,10,8,6.77,0.84625,10,0,9,1,0
401643714,2024,2024-09-21 02:00:00+00:00,San José State,away,14,7,5.79,0.8271428571428572,12,1,11,0,0,25,13,11.17,0.8592307692307692,25,2,23,0,0
401643714,2024,2024-09-21 02:00:00+00:00,Washington State,home,12,11,9.41,0.8554545454545455,11,0,11,0,0,27,10,8.49,0.849,23,2,19,2,0
401645328,2024,2024-09-21 16:00:00+00:00,Army,home,0,0,0.0,,0,0,0,0,0,9,2,1.71,0.855,5,0,5,0,0
401628486,2024,2024-09-21 16:00:00+00:00,Charlotte,away,28,24,20.3,0.8458333333333333,27,0,27,0,0,29,7,5.99,0.8557142857142858,22,1,19,2,0
401636873,2024,2024-09-21 16:00:00+00:00,Cincinnati,home,24,22,19.03,0.8650000000000001,23,0,22,1,0,32,18,15.16,0.8422222222222222,29,1,27,1,0
401635552,2024,2024-09-21 16:00:00+00:00,Clemson,home,0,0,0.0,,0,0,0,0,0,11,9,7.92,0.88,11,1,8,2,0
401628367,2024,2024-09-21 16:00:00+00:00,Florida,away,15,15,13.39,0.8926666666666667,15,0,9,6,0,23,18,15.79,0.8772222222222221,21,0,17,4,0
401636873,2024,2024-09-21 16:00:00+00:00,Houston,away,27,27,23.34,0.8644444444444445,27,0,26,1,0,32,22,18.91,0.8595454545454545,30,0,24,6,0
401628486,2024,2024-09-21 16:00:00+00:00,Indiana,home,30,27,23.41,0.867037037037037,28,1,25,2,0,39,28,24.05,0.8589285714285715,35,1,32,2,0
401635556,2024,2024-09-21 16:00:00+00:00,James Madison,away,26,17,14.3,0.8411764705882353,22,1,21,0,0,20,16,13.77,0.860625,16,0,15,1,0
401636879,2024,2024-09-21 16:00:00+00:00,Kansas,away,11,10,8.71,0.8710000000000001,10,0,9,1,0,13,4,3.42,0.855,9,0,9,0,0
401643791,2024,2024-09-21 16:00:00+00:00,Louisiana,home,7,5,4.27,0.8539999999999999,7,0,7,0,0,6,2,1.77,0.885,6,0,6,0,0
401628492,2024,2024-09-21 16:00:00+00:00,Marshall,away,28,21,17.74,0.8447619047619047,26,0,26,0,0,33,12,10.22,0.8516666666666667,29,6,22,1,0
401628488,2024,2024-09-21 16:00:00+00:00,Maryland,home,8,6,5.21,0.8683333333333333,7,0,7,0,0,13,8,6.97,0.87125,12,0,8,4,0
401628367,2024,2024-09-21 16:00:00+00:00,Mississippi State,home,18,17,14.709999999999999,0.8652941176470588,17,0,16,1,0,26,20,17.32,0.866,25,1,20,4,0
401635552,2024,2024-09-21 16:00:00+00:00,NC State,away,15,15,13.25,0.8833333333333333,15,0,11,4,0,22,15,12.77,0.8513333333333333,22,0,21,1,0
401635556,2024,2024-09-21 16:00:00+00:00,North Carolina,home,10,10,8.66,0.866,10,0,9,1,0,23,15,12.86,0.8573333333333333,19,1,17,1,0
401628492,2024,2024-09-21 16:00:00+00:00,Ohio State,home,7,7,6.5,0.9285714285714286,7,0,2,3,2,25,22,19.26,0.8754545454545455,25,1,20,4,0
401645328,2024,2024-09-21 16:00:00+00:00,Rice,away,10,8,6.65,0.83125,10,0,10,0,0,3,3,2.57,0.8566666666666666,3,0,3,0,0
401643791,2024,2024-09-21 16:00:00+00:00,Tulane,away,22,17,14.62,0.86,21,2,18,1,0,24,8,6.96,0.87,23,2,19,2,0
401628488,2024,2024-09-21 16:00:00+00:00,Villanova,away,0,0,0.0,,0,0,0,0,0,4,3,2.56,0.8533333333333334,4,0,4,0,0
401636879,2024,2024-09-21 16:00:00+00:00,West Virginia,home,13,13,11.27,0.8669230769230769,13,0,13,0,0,25,15,12.7,0.8466666666666666,22,2,19,1,0
401628364,2024,2024-09-21 16:45:00+00:00,Kentucky,home,12,11,9.7,0.8818181818181817,11,0,8,3,0,22,12,10.28,0.8566666666666666,20,1,17,2,0
401628364,2024,2024-09-21 16:45:00+00:00,Ohio,away,21,12,9.9,0.8250000000000001,16,0,16,0,0,25,13,11.32,0.8707692307692307,25,4,19,2,0
401644735,2024,2024-09-21 17:00:00+00:00,Ball State,away,11,10,8.27,0.827,10,0,10,0,0,14,6,5.14,0.8566666666666666,13,5,8,0,0
401644735,2024,2024-09-21 17:00:00+00:00,Central Michigan,home,6,4,3.33,0.8325,5,0,5,0,0,16,6,5.1,0.85,13,4,9,0,0
401636875,2024,2024-09-21 18:00:00+00:00,Arkansas State,away,17,16,13.35,0.834375,16,0,16,0,0,21,5,4.1899999999999995,0.8379999999999999,18,1,17,0,0
401635558,2024,2024-09-21 18:00:00+00:00,Coastal Carolina,home,18,12,10.1,0.8416666666666667,16,0,15,1,0,29,12,9.99,0.8325,25,4,20,1,0
401644737,2024,2024-09-21 18:00:00+00:00,Eastern Michigan,home,21,19,15.879999999999999,0.8357894736842105,19,0,19,0,0,24,10,8.48,0.8480000000000001,22,5,17,0,0
401636875,2024,2024-09-21 18:00:00+00:00,Iowa State,home,8,7,6.06,0.8657142857142857,8,0,8,0,0,21,9,7.64,0.8488888888888888,19,1,16,2,0
401644737,2024,2024-09-21 18:00:00+00:00,Saint Francis,away,1,0,0.0,,1,0,1,0,0,0,0,0.0,,0,0,0,0,0
401643715,2024,2024-09-21 18:00:00+00:00,Temple,home,15,12,10.09,0.8408333333333333,13,0,13,0,0,31,5,4.24,0.8480000000000001,24,4,20,0,0
401643715,2024,2024-09-21 18:00:00+00:00,Utah State,away,20,14,11.69,0.835,18,1,17,0,0,26,9,7.68,0.8533333333333333,22,3,19,0,0
401635558,2024,2024-09-21 18:00:00+00:00,Virginia,away,13,12,10.36,0.8633333333333333,12,0,12,0,0,16,3,2.4899999999999998,0.83,14,1,11,2,0
401643713,2024,2024-09-21 19:00:00+00:00,Eastern Washington,away,5,1,0.86,0.86,5,1,3,1,0,3,2,1.69,0.845,3,0,3,0,0
401641000,2024,2024-09-21 19:00:00+00:00,Jacksonville State,home,19,13,10.81,0.8315384615384616,18,1,17,0,0,14,11,9.26,0.8418181818181818,13,2,11,0,0
401643713,2024,2024-09-21 19:00:00+00:00,Nevada,home,22,17,14.24,0.8376470588235294,19,1,18,0,0,23,7,5.95,0.85,19,3,16,0,0
401641000,2024,2024-09-21 19:00:00+00:00,Southern Miss,away,17,17,14.39,0.8464705882352942,17,0,17,0,0,7,2,1.7,0.85,5,1,4,0,0
401636877,2024,2024-09-21 19:30:00+00:00,Arizona State,away,28,26,22.53,0.8665384615384616,27,0,25,2,0,28,18,15.59,0.866111111111111,24,1,19,4,0
401628363,2024,2024-09-21 19:30:00+00:00,Arkansas,away,22,20,17.39,0.8695,22,1,18,3,0,30,23,19.86,0.8634782608695651,26,0,23,3,0
401628363,2024,2024-09-21 19:30:00+00:00,Auburn,home,15,14,12.31,0.8792857142857143,15,0,13,2,0,23,16,13.75,0.859375,21,0,21,0,0
401644736,2024,2024-09-21 19:30:00+00:00,Buffalo,away,17,9,7.43,0.8255555555555555,11,1,10,0,0,16,7,6.02,0.86,15,4,10,1,0
401629042,2024,2024-09-21 19:30:00+00:00,Central Connecticut,away,2,0,0.0,,2,2,0,0,0,0,0,0.0,,0,0,0,0,0
401635554,2024,2024-09-21 19:30:00+00:00,Georgia Tech,away,12,11,9.5,0.8636363636363636,12,0,12,0,0,31,19,16.11,0.8478947368421053,29,0,27,2,0
401645330,2024,2024-09-21 19:30:00+00:00,Houston Christian,away,4,0,0.0,,2,1,1,0,0,4,1,0.85,0.85,3,0,3,0,0
401628493,2024,2024-09-21 19:30:00+00:00,Kent State,away,16,14,11.5,0.8214285714285714,16,0,16,0,0,17,6,5.13,0.855,15,2,13,0,0
401628365,2024,2024-09-21 19:30:00+00:00,LSU,home,10,9,7.98,0.8866666666666667,9,0,6,3,0,27,22,19.24,0.8745454545454545,24,1,16,7,0
401635554,2024,2024-09-21 19:30:00+00:00,Louisville,home,28,27,23.63,0.8751851851851852,28,1,23,4,0,29,26,22.22,0.8546153846153846,26,0,24,2,0
401629042,2024,2024-09-21 19:30:00+00:00,Massachusetts,home,29,22,18.38,0.8354545454545454,25,1,24,0,0,23,8,6.7,0.8375,18,5,12,1,0
401645329,2024,2024-09-21 19:30:00+00:00,Memphis,away,30,27,22.96,0.8503703703703704,29,2,27,0,0,24,8,6.8,0.85,22,1,21,0,0
401628979,2024,2024-09-21 19:30:00+00:00,Miami (OH),away,5,2,1.67,0.835,4,0,4,0,0,11,4,3.5300000000000002,0.8825000000000001,11,2,8,1,0
401628489,2024,2024-09-21 19:30:00+00:00,Michigan,home,7,7,6.1,0.8714285714285713,7,0,6,1,0,17,13,11.4,0.8769230769230769,16,0,14,2,0
401645329,2024,2024-09-21 19:30:00+00:00,Navy,home,0,0,0.0,,0,0,0,0,0,6,2,1.73,0.865,4,2,2,0,0
401644736,2024,2024-09-21 19:30:00+00:00,Northern Illinois,home,6,6,5.029999999999999,0.8383333333333333,6,0,6,0,0,18,5,4.1899999999999995,0.8379999999999999,14,7,6,1,0
401628979,2024,2024-09-21 19:30:00+00:00,Notre Dame,home,9,8,7.11,0.88875,9,0,5,4,0,18,16,14.0,0.875,17,0,13,4,0
401628493,2024,2024-09-21 19:30:00+00:00,Penn State,home,6,5,4.49,0.898,5,0,3,2,0,13,8,7.04,0.88,12,0,10,2,0
401634247,2024,2024-09-21 19:30:00+00:00,Pittsburgh,home,14,13,11.25,0.8653846153846154,14,1,13,0,0,20,8,6.99,0.87375,16,0,14,2,0
401628494,2024,2024-09-21 19:30:00+00:00,Rutgers,away,6,5,4.28,0.8560000000000001,6,1,4,1,0,15,6,5.07,0.8450000000000001,11,1,10,0,0
401636877,2024,2024-09-21 19:30:00+00:00,Texas Tech,home,16,15,13.06,0.8706666666666667,16,0,14,2,0,23,16,13.62,0.85125,21,0,20,1,0
401628365,2024,2024-09-21 19:30:00+00:00,UCLA,away,21,16,13.83,0.864375,16,0,14,2,0,17,14,12.09,0.8635714285714285,17,1,13,3,0
401628489,2024,2024-09-21 19:30:00+00:00,USC,away,16,14,12.34,0.8814285714285715,16,2,9,5,0,29,24,21.09,0.87875,27,1,18,8,0
401645330,2024,2024-09-21 19:30:00+00:00,UTSA,home,15,13,11.04,0.8492307692307691,15,0,14,1,0,12,3,2.68,0.8933333333333334,11,0,9,2,0
401628494,2024,2024-09-21 19:30:00+00:00,Virginia Tech,home,7,7,6.08,0.8685714285714285,7,0,7,0,0,18,13,11.0,0.8461538461538461,16,0,14,2,0
401634247,2024,2024-09-21 19:30:00+00:00,Youngstown State,away,8,0,0.0,,8,0,8,0,0,8,6,5.14,0.8566666666666666,6,0,6,0,0
401635553,2024,2024-09-21 20:00:00+00:00,Duke,away,18,16,13.79,0.861875,16,0,14,2,0,18,8,7.07,0.88375,17,1,13,3,0
401635553,2024,2024-09-21 20:00:00+00:00,Middle Tennessee,home,12,8,6.68,0.835,11,0,11,0,0,28,11,9.47,0.860909090909091,24,3,20,1,0
401636876,2024,2024-09-21 20:00:00+00:00,Oklahoma State,home,8,8,6.95,0.86875,8,0,8,0,0,11,7,5.9,0.8428571428571429,10,0,10,0,0
401636876,2024,2024-09-21 20:00:00+00:00,Utah,away,11,11,9.71,0.8827272727272728,11,0,8,3,0,24,12,10.35,0.8624999999999999,21,2,15,4,0
401628368,2024,2024-09-21 20:15:00+00:00,Missouri,home,15,14,12.45,0.8892857142857142,15,1,10,4,0,19,14,11.76,0.84,17,0,17,0,0
401628368,2024,2024-09-21 20:15:00+00:00,Vanderbilt,away,22,18,15.69,0.8716666666666666,22,1,20,1,0,23,16,13.98,0.87375,23,0,20,3,0
401641028,2024,2024-09-21 21:00:00+00:00,Colorado State,home,11,6,5.06,0.8433333333333333,9,0,9,0,0,19,5,4.3,0.86,16,1,14,1,0
401635557,2024,2024-09-21 21:00:00+00:00,SMU,home,20,19,16.54,0.8705263157894736,19,0,18,1,0,16,7,5.92,0.8457142857142858,14,0,12,2,0
401635557,2024,2024-09-21 21:00:00+00:00,TCU,away,23,22,19.18,0.8718181818181818,22,0,20,2,0,19,12,10.27,0.8558333333333333,19,0,15,4,0
401641028,2024,2024-09-21 21:00:00+00:00,UTEP,away,27,22,18.31,0.8322727272727272,26,1,24,1,0,37,14,11.9,0.85,30,7,23,0,0
401640991,2024,2024-09-21 22:00:00+00:00,East Carolina,away,17,16,13.58,0.84875,16,0,16,0,0,33,11,9.26,0.8418181818181818,26,2,22,2,0
401628625,2024,2024-09-21 22:00:00+00:00,Florida International,home,10,9,7.47,0.83,10,0,10,0,0,16,5,4.31,0.8619999999999999,13,1,11,1,0
401640991,2024,2024-09-21 22:00:00+00:00,Liberty,home,18,15,12.49,0.8326666666666667,18,0,17,1,0,17,9,7.76,0.8622222222222222,16,3,10,3,0
401628625,2024,2024-09-21 22:00:00+00:00,Monmouth,away,3,0,0.0,,3,1,2,0,0,4,3,2.5300000000000002,0.8433333333333334,4,0,3,1,0
401635551,2024,2024-09-21 23:00:00+00:00,California,away,23,23,19.94,0.8669565217391305,23,0,19,4,0,23,15,12.78,0.852,23,0,21,2,0
401636374,2024,2024-09-21 23:00:00+00:00,Florida A&M,away,24,2,1.69,0.845,20,1,17,2,0,9,6,5.16,0.86,9,0,9,0,0
401629031,2024,2024-09-21 23:00:00+00:00,Florida Atlantic,away,20,17,14.26,0.8388235294117647,19,1,18,0,0,34,12,10.26,0.855,32,1,31,0,0
401635551,2024,2024-09-21 23:00:00+00:00,Florida State,home,17,17,15.19,0.8935294117647059,17,0,7,10,0,18,15,12.86,0.8573333333333333,17,1,16,0,0
401641008,2024,2024-09-21 23:00:00+00:00,Louisiana Tech,home,12,9,7.59,0.8433333333333333,11,0,11,0,0,22,9,7.61,0.8455555555555556,18,2,14,2,0
401635555,2024,2024-09-21 23:00:00+00:00,Miami,away,14,14,12.46,0.89,14,0,8,6,0,28,23,20.16,0.8765217391304347,26,0,21,5,0
401641034,2024,2024-09-21 23:00:00+00:00,New Mexico State,away,13,7,5.88,0.84,12,1,11,0,0,38,23,19.72,0.8573913043478261,32,2,29,1,0
401643716,2024,2024-09-21 23:00:00+00:00,North Texas,home,25,19,15.959999999999999,0.84,22,0,21,1,0,36,14,11.99,0.8564285714285714,34,2,31,1,0
401628491,2024,2024-09-21 23:00:00+00:00,Northwestern,away,6,6,5.07,0.8450000000000001,6,0,6,0,0,12,9,7.76,0.8622222222222222,11,0,11,0,0
401641034,2024,2024-09-21 23:00:00+00:00,Sam Houston,home,12,5,4.17,0.834,11,0,11,0,0,5,2,1.68,0.84,4,0,4,0,0
401635555,2024,2024-09-21 23:00:00+00:00,South Florida,home,14,8,6.76,0.845,14,0,14,0,0,20,6,5.06,0.8433333333333333,19,0,18,1,0
401641037,2024,2024-09-21 23:00:00+00:00,Toledo,away,7,7,5.859999999999999,0.8371428571428571,7,0,7,0,0,11,3,2.67,0.89,11,3,7,1,0
401636374,2024,2024-09-21 23:00:00+00:00,Troy,home,10,7,5.89,0.8414285714285714,9,1,7,1,0,23,12,10.12,0.8433333333333333,19,0,19,0,0
401641008,2024,2024-09-21 23:00:00+00:00,Tulsa,away,12,10,8.39,0.8390000000000001,12,0,12,0,0,24,11,9.31,0.8463636363636364,23,4,19,0,0
401629031,2024,2024-09-21 23:00:00+00:00,UConn,home,24,20,16.759999999999998,0.8379999999999999,23,1,22,0,0,19,9,7.66,0.8511111111111112,18,1,16,1,0
401628491,2024,2024-09-21 23:00:00+00:00,Washington,home,27,26,22.66,0.8715384615384616,26,0,19,7,0,30,22,19.36,0.88,28,3,18,7,0
401641037,2024,2024-09-21 23:00:00+00:00,Western Kentucky,home,21,15,12.719999999999999,0.848,19,1,17,1,0,28,9,7.79,0.8655555555555555,21,3,15,3,0
401643716,2024,2024-09-21 23:00:00+00:00,Wyoming,away,3,3,2.5,0.8333333333333334,3,0,3,0,0,13,2,1.69,0.845,8,2,6,0,0
401628370,2024,2024-09-21 23:30:00+00:00,Akron,away,15,11,9.27,0.8427272727272727,14,1,13,0,0,22,9,7.57,0.8411111111111111,21,4,17,0,0
401628372,2024,2024-09-21 23:30:00+00:00,Bowling Green,away,13,10,8.37,0.837,11,0,11,0,0,15,3,2.64,0.88,10,0,9,1,0
401628487,2024,2024-09-21 23:30:00+00:00,Iowa,away,4,3,2.56,0.8533333333333334,4,0,4,0,0,12,8,6.82,0.8525,11,1,9,0,1
401628487,2024,2024-09-21 23:30:00+00:00,Minnesota,home,12,12,10.48,0.8733333333333334,12,0,9,3,0,18,7,5.89,0.8414285714285714,17,1,15,1,0
401628369,2024,2024-09-21 23:30:00+00:00,Oklahoma,home,16,13,11.5,0.8846153846153846,16,2,10,4,0,25,20,17.36,0.868,23,0,19,4,0
401628370,2024,2024-09-21 23:30:00+00:00,South Carolina,home,22,20,17.59,0.8795,22,0,18,4,0,26,16,13.73,0.858125,24,0,21,3,0
401628369,2024,2024-09-21 23:30:00+00:00,Tennessee,away,9,8,7.17,0.89625,9,0,5,4,0,16,11,9.57,0.87,14,0,13,1,0
401628372,2024,2024-09-21 23:30:00+00:00,Texas A&M,home,26,23,20.41,0.8873913043478261,25,1,16,8,0,30,24,21.07,0.8779166666666667,27,0,20,5,2
401628366,2024,2024-09-21 23:45:00+00:00,Georgia Southern,away,12,8,6.66,0.8325,10,1,8,1,0,18,3,2.54,0.8466666666666667,10,4,5,1,0
401628366,2024,2024-09-21 23:45:00+00:00,Ole Miss,home,25,25,22.18,0.8872,25,0,16,8,1,24,18,15.469999999999999,0.8594444444444443,23,1,20,2,0
401636874,2024,2024-09-22 00:00:00+00:00,Baylor,away,16,16,13.89,0.868125,16,0,15,1,0,15,7,5.99,0.8557142857142858,15,0,15,0,0
401628490,2024,2024-09-22 00:00:00+00:00,Boston College,home,10,10,8.71,0.8710000000000001,10,0,10,0,0,17,9,7.6,0.8444444444444444,17,1,16,0,0
401636874,2024,2024-09-22 00:00:00+00:00,Colorado,home,41,39,34.07,0.8735897435897436,40,1,32,7,0,41,28,24.009999999999998,0.8574999999999999,37,0,35,2,0
401628490,2024,2024-09-22 00:00:00+00:00,Michigan State,away,24,22,19.25,0.875,22,0,18,4,0,41,26,22.52,0.8661538461538462,38,1,34,3,0
401628371,2024,2024-09-22 00:00:00+00:00,Texas,home,10,10,9.09,0.909,10,0,4,5,1,24,22,19.16,0.870909090909091,24,0,21,3,0
401628371,2024,2024-09-22 00:00:00+00:00,UL Monroe,away,16,13,10.66,0.8200000000000001,16,1,15,0,0,25,12,10.1,0.8416666666666667,21,3,17,1,0
401643711,2024,2024-09-22 00:30:00+00:00,Fresno State,away,7,7,6.0,0.8571428571428571,7,0,6,1,0,11,3,2.56,0.8533333333333334,8,1,7,0,0
401643711,2024,2024-09-22 00:30:00+00:00,New Mexico,home,28,21,17.419999999999998,0.8295238095238094,26,0,25,1,0,23,15,12.59,0.8393333333333334,21,1,18,2,0
401643717,2024,2024-09-22 00:30:00+00:00,Oregon State,home,16,16,13.77,0.860625,16,0,16,0,0,25,13,11.59,0.8915384615384615,24,1,15,8,0
401643717,2024,2024-09-22 00:30:00+00:00,Purdue,away,18,16,13.95,0.871875,18,2,15,1,0,28,19,16.23,0.8542105263157895,26,1,22,3,0
401637162,2024,2024-09-22 01:45:00+00:00,Boise State,home,8,8,6.79,0.84875,8,0,7,1,0,14,4,3.38,0.845,12,2,9,1,0
401637162,2024,2024-09-22 01:45:00+00:00,Portland State,away,8,0,0.0,,7,1,6,0,0,4,3,2.53,0.8433333333333333,4,1,3,0,0
401636872,2024,2024-09-22 02:30:00+00:00,BYU,home,9,8,6.89,0.86125,9,0,8,1,0,16,5,4.2299999999999995,0.8459999999999999,16,2,13,1,0
401636872,2024,2024-09-22 02:30:00+00:00,Kansas State,away,10,8,6.97,0.87125,9,0,7,2,0,17,10,8.629999999999999,0.8629999999999999,15,0,13,2,0
401643712,2024,2024-09-22 03:59:00+00:00,Hawai'i,home,6,4,3.4,0.85,6,1,5,0,0,10,1,0.87,0.87,7,2,5,0,0
401643712,2024,2024-09-22 03:59:00+00:00,Northern Iowa,away,4,1,0.83,0.83,4,2,2,0,0,3,2,1.71,0.855,2,0,2,0,0
401645331,2024,2024-09-26 23:30:00+00:00,Army,away,0,0,0.0,,0,0,0,0,0,9,2,1.71,0.855,5,0,5,0,0
401645331,2024,2024-09-26 23:30:00+00:00,Temple,home,15,12,10.09,0.8408333333333333,13,0,13,0,0,31,5,4.24,0.8480000000000001,24,4,20,0,0
401634767,2024,2024-09-27 23:30:00+00:00,Miami,home,14,14,12.46,0.89,14,0,8,6,0,28,23,20.16,0.8765217391304347,26,0,21,5,0
401634767,2024,2024-09-27 23:30:00+00:00,Virginia Tech,away,7,7,6.08,0.8685714285714285,7,0,7,0,0,18,13,11.0,0.8461538461538461,16,0,14,2,0
401628501,2024,2024-09-28 00:00:00+00:00,Rutgers,home,6,5,4.28,0.8560000000000001,6,1,4,1,0,15,6,5.07,0.8450000000000001,11,1,10,0,0
401628501,2024,2024-09-28 00:00:00+00:00,Washington,away,27,26,22.66,0.8715384615384616,26,0,19,7,0,30,22,19.36,0.88,28,3,18,7,0
401636880,2024,2024-09-28 16:00:00+00:00,BYU,away,9,8,6.89,0.86125,9,0,8,1,0,16,5,4.2299999999999995,0.8459999999999999,16,2,13,1,0
401636880,2024,2024-09-28 16:00:00+00:00,Baylor,home,16,16,13.89,0.868125,16,0,15,1,0,15,7,5.99,0.8557142857142858,15,0,15,0,0
401635560,2024,2024-09-28 16:00:00+00:00,Boston College,home,10,10,8.71,0.8710000000000001,10,0,10,0,0,17,9,7.6,0.8444444444444444,17,1,16,0,0
401629032,2024,2024-09-28 16:00:00+00:00,Buffalo,away,17,9,7.43,0.8255555555555555,11,1,10,0,0,16,7,6.02,0.86,15,4,10,1,0
401635565,2024,2024-09-28 16:00:00+00:00,Holy Cross,away,0,0,0.0,,0,0,0,0,0,8,7,5.92,0.8457142857142858,8,1,7,0,0
401628496,2024,2024-09-28 16:00:00+00:00,Indiana,home,30,27,23.41,0.867037037037037,28,1,25,2,0,39,28,24.05,0.8589285714285715,35,1,32,2,0
401636883,2024,2024-09-28 16:00:00+00:00,Kansas State,home,10,8,6.97,0.87125,9,0,7,2,0,17,10,8.629999999999999,0.8629999999999999,15,0,13,2,0
401628377,2024,2024-09-28 16:00:00+00:00,Kentucky,away,12,11,9.7,0.8818181818181817,11,0,8,3,0,22,12,10.28,0.8566666666666666,20,1,17,2,0
401628496,2024,2024-09-28 16:00:00+00:00,Maryland,away,8,6,5.21,0.8683333333333333,7,0,7,0,0,13,8,6.97,0.87125,12,0,8,4,0
401628497,2024,2024-09-28 16:00:00+00:00,Michigan,home,7,7,6.1,0.8714285714285713,7,0,6,1,0,17,13,11.4,0.8769230769230769,16,0,14,2,0
401628497,2024,2024-09-28 16:00:00+00:00,Minnesota,away,12,12,10.48,0.8733333333333334,12,0,9,3,0,18,7,5.89,0.8414285714285714,17,1,15,1,0
401635564,2024,2024-09-28 16:00:00+00:00,NC State,home,15,15,13.25,0.8833333333333333,15,0,11,4,0,22,15,12.77,0.8513333333333333,22,0,21,1,0
401645332,2024,2024-09-28 16:00:00+00:00,Navy,away,0,0,0.0,,0,0,0,0,0,6,2,1.73,0.865,4,2,2,0,0
401628499,2024,2024-09-28 16:00:00+00:00,Nebraska,away,8,7,6.2,0.8857142857142858,7,0,5,2,0,10,8,6.77,0.84625,10,0,9,1,0
401635564,2024,2024-09-28 16:00:00+00:00,Northern Illinois,away,6,6,5.029999999999999,0.8383333333333333,6,0,6,0,0,18,5,4.1899999999999995,0.8379999999999999,14,7,6,1,0
401636883,2024,2024-09-28 16:00:00+00:00,Oklahoma State,away,8,8,6.95,0.86875,8,0,8,0,0,11,7,5.9,0.8428571428571429,10,0,10,0,0
401628377,2024,2024-09-28 16:00:00+00:00,Ole Miss,home,25,25,22.18,0.8872,25,0,16,8,1,24,18,15.469999999999999,0.8594444444444443,23,1,20,2,0
401628499,2024,2024-09-28 16:00:00+00:00,Purdue,home,18,16,13.95,0.871875,18,2,15,1,0,28,19,16.23,0.8542105263157895,26,1,22,3,0
401645337,2024,2024-09-28 16:00:00+00:00,South Florida,away,14,8,6.76,0.845,14,0,14,0,0,20,6,5.06,0.8433333333333333,19,0,18,1,0
401635565,2024,2024-09-28 16:00:00+00:00,Syracuse,home,19,18,15.69,0.8716666666666666,19,1,16,2,0,28,17,14.379999999999999,0.8458823529411764,27,1,26,0,0
401645337,2024,2024-09-28 16:00:00+00:00,Tulane,home,22,17,14.62,0.86,21,2,18,1,0,24,8,6.96,0.87,23,2,19,2,0
401645332,2024,2024-09-28 16:00:00+00:00,UAB,home,19,12,10.02,0.835,18,0,18,0,0,21,7,5.85,0.8357142857142856,19,4,14,1,0
401629032,2024,2024-09-28 16:00:00+00:00,UConn,home,24,20,16.759999999999998,0.8379999999999999,23,1,22,0,0,19,9,7.66,0.8511111111111112,18,1,16,1,0
401635560,2024,2024-09-28 16:00:00+00:00,Western Kentucky,away,21,15,12.719999999999999,0.848,19,1,17,1,0,28,9,7.79,0.8655555555555555,21,3,15,3,0
401643793,2024,2024-09-28 17:30:00+00:00,Ball State,away,11,10,8.27,0.827,10,0,10,0,0,14,6,5.14,0.8566666666666666,13,5,8,0,0
401643793,2024,2024-09-28 17:30:00+00:00,James Madison,home,26,17,14.3,0.8411764705882353,22,1,21,0,0,20,16,13.77,0.860625,16,0,15,1,0
401641041,2024,2024-09-28 19:00:00+00:00,Sam Houston,home,12,5,4.17,0.834,11,0,11,0,0,5,2,1.68,0.84,4,0,4,0,0
401641041,2024,2024-09-28 19:00:00+00:00,Texas State,away,30,23,19.41,0.8439130434782609,28,1,27,0,0,22,8,6.84,0.855,18,2,15,1,0
401644738,2024,2024-09-28 19:30:00+00:00,Akron,away,15,11,9.27,0.8427272727272727,14,1,13,0,0,22,9,7.57,0.8411111111111111,21,4,17,0,0
401628373,2024,2024-09-28 19:30:00+00:00,Arkansas,away,22,20,17.39,0.8695,22,1,18,3,0,30,23,19.86,0.8634782608695651,26,0,23,3,0
401628375,2024,2024-09-28 19:30:00+00:00,Auburn,home,15,14,12.31,0.8792857142857143,15,0,13,2,0,23,16,13.75,0.859375,21,0,21,0,0
401643721,2024,2024-09-28 19:30:00+00:00,Central Michigan,home,6,4,3.33,0.8325,5,0,5,0,0,16,6,5.1,0.85,13,4,9,0,0
401636885,2024,2024-09-28 19:30:00+00:00,Colorado,away,41,39,34.07,0.8735897435897436,40,1,32,7,0,41,28,24.009999999999998,0.8574999999999999,37,0,35,2,0
401644739,2024,2024-09-28 19:30:00+00:00,Eastern Michigan,away,21,19,15.879999999999999,0.8357894736842105,19,0,19,0,0,24,10,8.48,0.8480000000000001,22,5,17,0,0
401643720,2024,2024-09-28 19:30:00+00:00,Fresno State,away,7,7,6.0,0.8571428571428571,7,0,6,1,0,11,3,2.56,0.8533333333333334,8,1,7,0,0
401643792,2024,2024-09-28 19:30:00+00:00,Georgia Southern,away,12,8,6.66,0.8325,10,1,8,1,0,18,3,2.54,0.8466666666666667,10,4,5,1,0
401643792,2024,2024-09-28 19:30:00+00:00,Georgia State,home,31,28,23.189999999999998,0.8282142857142857,31,0,30,1,0,34,9,7.6899999999999995,0.8544444444444443,30,3,27,0,0
401636882,2024,2024-09-28 19:30:00+00:00,Kansas,home,11,10,8.71,0.8710000000000001,10,0,9,1,0,13,4,3.42,0.855,9,0,9,0,0
401644739,2024,2024-09-28 19:30:00+00:00,Kent State,home,16,14,11.5,0.8214285714285714,16,0,16,0,0,17,6,5.13,0.855,15,2,13,0,0
401635659,2024,2024-09-28 19:30:00+00:00,Louisiana,away,7,5,4.27,0.8539999999999999,7,0,7,0,0,6,2,1.77,0.885,6,0,6,0,0
401628980,2024,2024-09-28 19:30:00+00:00,Louisville,away,28,27,23.63,0.8751851851851852,28,1,23,4,0,29,26,22.22,0.8546153846153846,26,0,24,2,0
401643794,2024,2024-09-28 19:30:00+00:00,Marshall,home,28,21,17.74,0.8447619047619047,26,0,26,0,0,33,12,10.22,0.8516666666666667,29,6,22,1,0
401629043,2024,2024-09-28 19:30:00+00:00,Massachusetts,away,29,22,18.38,0.8354545454545454,25,1,24,0,0,23,8,6.7,0.8375,18,5,12,1,0
401629043,2024,2024-09-28 19:30:00+00:00,Miami (OH),home,5,2,1.67,0.835,4,0,4,0,0,11,4,3.5300000000000002,0.8825000000000001,11,2,8,1,0
401628980,2024,2024-09-28 19:30:00+00:00,Notre Dame,home,9,8,7.11,0.88875,9,0,5,4,0,18,16,14.0,0.875,17,0,13,4,0
401644738,2024,2024-09-28 19:30:00+00:00,Ohio,home,21,12,9.9,0.8250000000000001,16,0,16,0,0,25,13,11.32,0.8707692307692307,25,4,19,2,0
401628375,2024,2024-09-28 19:30:00+00:00,Oklahoma,away,16,13,11.5,0.8846153846153846,16,2,10,4,0,25,20,17.36,0.868,23,0,19,4,0
401643721,2024,2024-09-28 19:30:00+00:00,San Diego State,away,24,22,18.689999999999998,0.8495454545454545,23,0,23,0,0,36,14,12.22,0.8728571428571429,34,3,28,3,0
401636882,2024,2024-09-28 19:30:00+00:00,TCU,away,23,22,19.18,0.8718181818181818,22,0,20,2,0,19,12,10.27,0.8558333333333333,19,0,15,4,0
401628373,2024,2024-09-28 19:30:00+00:00,Texas A&M,home,26,23,20.41,0.8873913043478261,25,1,16,8,0,30,24,21.07,0.8779166666666667,27,0,20,5,2
401636885,2024,2024-09-28 19:30:00+00:00,UCF,home,25,24,20.91,0.87125,24,0,22,2,0,26,15,12.76,0.8506666666666667,23,0,19,3,1
401643720,2024,2024-09-28 19:30:00+00:00,UNLV,home,19,15,12.7,0.8466666666666666,18,0,17,1,0,19,10,8.51,0.851,17,2,14,1,0
401628502,2024,2024-09-28 19:30:00+00:00,USC,home,16,14,12.34,0.8814285714285715,16,2,9,5,0,29,24,21.09,0.87875,27,1,18,8,0
401635659,2024,2024-09-28 19:30:00+00:00,Wake Forest,home,5,5,4.28,0.8560000000000001,5,0,5,0,0,15,10,8.53,0.853,15,1,13,1,0
401643794,2024,2024-09-28 19:30:00+00:00,Western Michigan,away,11,10,8.43,0.843,10,0,10,0,0,23,3,2.54,0.8466666666666667,21,5,16,0,0
401628502,2024,2024-09-28 19:30:00+00:00,Wisconsin,away,16,14,12.36,0.8828571428571428,15,0,12,3,0,24,16,13.83,0.864375,21,1,20,0,0
401635562,2024,2024-09-28 20:00:00+00:00,Duke,home,18,16,13.79,0.861875,16,0,14,2,0,18,8,7.07,0.88375,17,1,13,3,0
401645334,2024,2024-09-28 20:00:00+00:00,East Carolina,home,17,16,13.58,0.84875,16,0,16,0,0,33,11,9.26,0.8418181818181818,26,2,22,2,0
401635562,2024,2024-09-28 20:00:00+00:00,North Carolina,away,10,10,8.66,0.866,10,0,9,1,0,23,15,12.86,0.8573333333333333,19,1,17,1,0
401645334,2024,2024-09-28 20:00:00+00:00,UTSA,away,15,13,11.04,0.8492307692307691,15,0,14,1,0,12,3,2.68,0.8933333333333334,11,0,9,2,0
401628378,2024,2024-09-28 20:15:00+00:00,Mississippi State,away,18,17,14.709999999999999,0.8652941176470588,17,0,16,1,0,26,20,17.32,0.866,25,1,20,4,0
401628378,2024,2024-09-28 20:15:00+00:00,Texas,home,10,10,9.09,0.909,10,0,4,5,1,24,22,19.16,0.870909090909091,24,0,21,3,0
401643795,2024,2024-09-28 21:00:00+00:00,Bowling Green,home,13,10,8.37,0.837,11,0,11,0,0,15,3,2.64,0.88,10,0,9,1,0
401643795,2024,2024-09-28 21:00:00+00:00,Old Dominion,away,15,10,8.39,0.8390000000000001,14,0,14,0,0,32,13,11.22,0.8630769230769231,28,3,23,2,0
401645335,2024,2024-09-28 22:00:00+00:00,Florida Atlantic,home,20,17,14.26,0.8388235294117647,19,1,18,0,0,34,12,10.26,0.855,32,1,31,0,0
401640981,2024,2024-09-28 22:00:00+00:00,Florida International,home,10,9,7.47,0.83,10,0,10,0,0,16,5,4.31,0.8619999999999999,13,1,11,1,0
401641018,2024,2024-09-28 22:00:00+00:00,Kennesaw State,home,10,8,6.51,0.81375,10,0,10,0,0,3,3,2.51,0.8366666666666666,3,0,3,0,0
401640981,2024,2024-09-28 22:00:00+00:00,Louisiana Tech,away,12,9,7.59,0.8433333333333333,11,0,11,0,0,22,9,7.61,0.8455555555555556,18,2,14,2,0
401641018,2024,2024-09-28 22:00:00+00:00,UT Martin,away,11,0,0.0,,11,3,8,0,0,5,4,3.4699999999999998,0.8674999999999999,4,0,4,0,0
401645335,2024,2024-09-28 22:00:00+00:00,Wagner,away,2,0,0.0,,2,0,2,0,0,1,0,0.0,,0,0,0,0,0
401645333,2024,2024-09-28 23:00:00+00:00,Charlotte,away,28,24,20.3,0.8458333333333333,27,0,27,0,0,29,7,5.99,0.8557142857142858,22,1,19,2,0
401635561,2024,2024-09-28 23:00:00+00:00,Clemson,home,0,0,0.0,,0,0,0,0,0,11,9,7.92,0.88,11,1,8,2,0
401636881,2024,2024-09-28 23:00:00+00:00,Houston,home,27,27,23.34,0.8644444444444445,27,0,26,1,0,32,22,18.91,0.8595454545454545,30,0,24,6,0
401636881,2024,2024-09-28 23:00:00+00:00,Iowa State,away,8,7,6.06,0.8657142857142857,8,0,8,0,0,21,9,7.64,0.8488888888888888,19,1,16,2,0
401645336,2024,2024-09-28 23:00:00+00:00,North Texas,home,25,19,15.959999999999999,0.84,22,0,21,1,0,36,14,11.99,0.8564285714285714,34,2,31,1,0
401645333,2024,2024-09-28 23:00:00+00:00,Rice,home,10,8,6.65,0.83125,10,0,10,0,0,3,3,2.57,0.8566666666666666,3,0,3,0,0
401635561,2024,2024-09-28 23:00:00+00:00,Stanford,away,4,3,2.58,0.86,4,1,3,0,0,14,6,5.22,0.87,14,1,12,1,0
401643796,2024,2024-09-28 23:00:00+00:00,Troy,home,10,7,5.89,0.8414285714285714,9,1,7,1,0,23,12,10.12,0.8433333333333333,19,0,19,0,0
401645336,2024,2024-09-28 23:00:00+00:00,Tulsa,away,12,10,8.39,0.8390000000000001,12,0,12,0,0,24,11,9.31,0.8463636363636364,23,4,19,0,0
401643796,2024,2024-09-28 23:00:00+00:00,UL Monroe,away,16,13,10.66,0.8200000000000001,16,1,15,0,0,25,12,10.1,0.8416666666666667,21,3,17,1,0
401628374,2024,2024-09-28 23:30:00+00:00,Alabama,home,14,14,12.61,0.9007142857142857,14,0,6,7,1,38,28,25.27,0.9025,31,0,15,13,3
401628374,2024,2024-09-28 23:30:00+00:00,Georgia,away,11,9,8.15,0.9055555555555556,11,1,4,6,0,26,21,18.78,0.8942857142857144,25,2,13,10,0
401628495,2024,2024-09-28 23:30:00+00:00,Illinois,away,12,11,9.53,0.8663636363636363,12,0,9,3,0,24,12,10.19,0.8491666666666666,23,4,18,1,0
401641025,2024,2024-09-28 23:30:00+00:00,Memphis,home,30,27,22.96,0.8503703703703704,29,2,27,0,0,24,8,6.8,0.85,22,1,21,0,0
401628498,2024,2024-09-28 23:30:00+00:00,Michigan State,home,24,22,19.25,0.875,22,0,18,4,0,41,26,22.52,0.8661538461538462,38,1,34,3,0
401641025,2024,2024-09-28 23:30:00+00:00,Middle Tennessee,away,12,8,6.68,0.835,11,0,11,0,0,28,11,9.47,0.860909090909091,24,3,20,1,0
401628498,2024,2024-09-28 23:30:00+00:00,Ohio State,away,7,7,6.5,0.9285714285714286,7,0,2,3,2,25,22,19.26,0.8754545454545455,25,1,20,4,0
401628495,2024,2024-09-28 23:30:00+00:00,Penn State,home,6,5,4.49,0.898,5,0,3,2,0,13,8,7.04,0.88,12,0,10,2,0
401628376,2024,2024-09-28 23:45:00+00:00,LSU,home,10,9,7.98,0.8866666666666667,9,0,6,3,0,27,22,19.24,0.8745454545454545,24,1,16,7,0
401628376,2024,2024-09-28 23:45:00+00:00,South Alabama,away,15,8,6.609999999999999,0.8262499999999999,14,1,13,0,0,15,5,4.41,0.882,12,2,7,3,0
401643718,2024,2024-09-29 00:00:00+00:00,Air Force,away,0,0,0.0,,0,0,0,0,0,11,1,0.86,0.86,8,3,5,0,0
401636884,2024,2024-09-29 00:00:00+00:00,Cincinnati,away,24,22,19.03,0.8650000000000001,23,0,22,1,0,32,18,15.16,0.8422222222222222,29,1,27,1,0
401635563,2024,2024-09-29 00:00:00+00:00,Florida State,away,17,17,15.19,0.8935294117647059,17,0,7,10,0,18,15,12.86,0.8573333333333333,17,1,16,0,0
401641035,2024,2024-09-29 00:00:00+00:00,New Mexico,away,28,21,17.419999999999998,0.8295238095238094,26,0,25,1,0,23,15,12.59,0.8393333333333334,21,1,18,2,0
401641035,2024,2024-09-29 00:00:00+00:00,New Mexico State,home,13,7,5.88,0.84,12,1,11,0,0,38,23,19.72,0.8573913043478261,32,2,29,1,0
401635563,2024,2024-09-29 00:00:00+00:00,SMU,home,20,19,16.54,0.8705263157894736,19,0,18,1,0,16,7,5.92,0.8457142857142858,14,0,12,2,0
401636884,2024,2024-09-29 00:00:00+00:00,Texas Tech,home,16,15,13.06,0.8706666666666667,16,0,14,2,0,23,16,13.62,0.85125,21,0,20,1,0
401643718,2024,2024-09-29 00:00:00+00:00,Wyoming,home,3,3,2.5,0.8333333333333334,3,0,3,0,0,13,2,1.69,0.845,8,2,6,0,0
401643719,2024,2024-09-29 02:00:00+00:00,Boise State,home,8,8,6.79,0.84875,8,0,7,1,0,14,4,3.38,0.845,12,2,9,1,0
401643719,2024,2024-09-29 02:00:00+00:00,Washington State,away,12,11,9.41,0.8554545454545455,11,0,11,0,0,27,10,8.49,0.849,23,2,19,2,0
401636886,2024,2024-09-29 02:15:00+00:00,Arizona,away,24,23,19.83,0.8621739130434782,24,1,22,1,0,26,19,16.5,0.868421052631579,26,1,21,4,0
401636886,2024,2024-09-29 02:15:00+00:00,Utah,home,11,11,9.71,0.8827272727272728,11,0,8,3,0,24,12,10.35,0.8624999999999999,21,2,15,4,0
401628500,2024,2024-09-29 03:00:00+00:00,Oregon,away,14,13,11.76,0.9046153846153846,14,0,7,6,1,20,16,13.85,0.865625,18,0,14,4,0
401628500,2024,2024-09-29 03:00:00+00:00,UCLA,home,21,16,13.83,0.864375,16,0,14,2,0,17,14,12.09,0.8635714285714285,17,1,13,3,0
401643797,2024,2024-10-03 23:00:00+00:00,Texas State,away,30,23,19.41,0.8439130434782609,28,1,27,0,0,22,8,6.84,0.855,18,2,15,1,0
401643797,2024,2024-10-03 23:00:00+00:00,Troy,home,10,7,5.89,0.8414285714285714,9,1,7,1,0,23,12,10.12,0.8433333333333333,19,0,19,0,0
401641029,2024,2024-10-04 01:00:00+00:00,Sam Houston,away,12,5,4.17,0.834,11,0,11,0,0,5,2,1.68,0.84,4,0,4,0,0
401641029,2024,2024-10-04 01:00:00+00:00,UTEP,home,27,22,18.31,0.8322727272727272,26,1,24,1,0,37,14,11.9,0.85,30,7,23,0,0
401641001,2024,2024-10-04 23:00:00+00:00,Jacksonville State,away,19,13,10.81,0.8315384615384616,18,1,17,0,0,14,11,9.26,0.8418181818181818,13,2,11,0,0
401641001,2024,2024-10-04 23:00:00+00:00,Kennesaw State,home,10,8,6.51,0.81375,10,0,10,0,0,3,3,2.51,0.8366666666666666,3,0,3,0,0
401636891,2024,2024-10-04 23:30:00+00:00,Houston,away,27,27,23.34,0.8644444444444445,27,0,26,1,0,32,22,18.91,0.8595454545454545,30,0,24,6,0
401636891,2024,2024-10-04 23:30:00+00:00,TCU,home,23,22,19.18,0.8718181818181818,22,0,20,2,0,19,12,10.27,0.8558333333333333,19,0,15,4,0
401628506,2024,2024-10-05 01:00:00+00:00,Michigan State,away,24,22,19.25,0.875,22,0,18,4,0,41,26,22.52,0.8661538461538462,38,1,34,3,0
401628506,2024,2024-10-05 01:00:00+00:00,Oregon,home,14,13,11.76,0.9046153846153846,14,0,7,6,1,20,16,13.85,0.865625,18,0,14,4,0
401634779,2024,2024-10-05 01:00:00+00:00,Syracuse,away,19,18,15.69,0.8716666666666666,19,1,16,2,0,28,17,14.379999999999999,0.8458823529411764,27,1,26,0,0
401634779,2024,2024-10-05 01:00:00+00:00,UNLV,home,19,15,12.7,0.8466666666666666,18,0,17,1,0,19,10,8.51,0.851,17,2,14,1,0
401643722,2024,2024-10-05 16:00:00+00:00,Air Force,home,0,0,0.0,,0,0,0,0,0,11,1,0.86,0.86,8,3,5,0,0
401645339,2024,2024-10-05 16:00:00+00:00,Army,away,0,0,0.0,,0,0,0,0,0,9,2,1.71,0.855,5,0,5,0,0
401635567,2024,2024-10-05 16:00:00+00:00,Boston College,away,10,10,8.71,0.8710000000000001,10,0,10,0,0,17,9,7.6,0.8444444444444444,17,1,16,0,0
401635571,2024,2024-10-05 16:00:00+00:00,Louisville,home,28,27,23.63,0.8751851851851852,28,1,23,4,0,29,26,22.22,0.8546153846153846,26,0,24,2,0
401629044,2024,2024-10-05 16:00:00+00:00,Massachusetts,away,29,22,18.38,0.8354545454545454,25,1,24,0,0,23,8,6.7,0.8375,18,5,12,1,0
401628383,2024,2024-10-05 16:00:00+00:00,Missouri,away,15,14,12.45,0.8892857142857142,15,1,10,4,0,19,14,11.76,0.84,17,0,17,0,0
401635638,2024,2024-10-05 16:00:00+00:00,NC State,home,15,15,13.25,0.8833333333333333,15,0,11,4,0,22,15,12.77,0.8513333333333333,22,0,21,1,0
401643722,2024,2024-10-05 16:00:00+00:00,Navy,away,0,0,0.0,,0,0,0,0,0,6,2,1.73,0.865,4,2,2,0,0
401635572,2024,2024-10-05 16:00:00+00:00,North Carolina,home,10,10,8.66,0.866,10,0,9,1,0,23,15,12.86,0.8573333333333333,19,1,17,1,0
401629044,2024,2024-10-05 16:00:00+00:00,Northern Illinois,home,6,6,5.029999999999999,0.8383333333333333,6,0,6,0,0,18,5,4.1899999999999995,0.8379999999999999,14,7,6,1,0
401628510,2024,2024-10-05 16:00:00+00:00,Penn State,home,6,5,4.49,0.898,5,0,3,2,0,13,8,7.04,0.88,12,0,10,2,0
401635572,2024,2024-10-05 16:00:00+00:00,Pittsburgh,away,14,13,11.25,0.8653846153846154,14,1,13,0,0,20,8,6.99,0.87375,16,0,14,2,0
401628509,2024,2024-10-05 16:00:00+00:00,Purdue,away,18,16,13.95,0.871875,18,2,15,1,0,28,19,16.23,0.8542105263157895,26,1,22,3,0
401635571,2024,2024-10-05 16:00:00+00:00,SMU,away,20,19,16.54,0.8705263157894736,19,0,18,1,0,16,7,5.92,0.8457142857142858,14,0,12,2,0
401628383,2024,2024-10-05 16:00:00+00:00,Texas A&M,home,26,23,20.41,0.8873913043478261,25,1,16,8,0,30,24,21.07,0.8779166666666667,27,0,20,5,2
401645339,2024,2024-10-05 16:00:00+00:00,Tulsa,home,12,10,8.39,0.8390000000000001,12,0,12,0,0,24,11,9.31,0.8463636363636364,23,4,19,0,0
401628510,2024,2024-10-05 16:00:00+00:00,UCLA,away,21,16,13.83,0.864375,16,0,14,2,0,17,14,12.09,0.8635714285714285,17,1,13,3,0
401635567,2024,2024-10-05 16:00:00+00:00,Virginia,home,13,12,10.36,0.8633333333333333,12,0,12,0,0,16,3,2.4899999999999998,0.83,14,1,11,2,0
401635638,2024,2024-10-05 16:00:00+00:00,Wake Forest,away,5,5,4.28,0.8560000000000001,5,0,5,0,0,15,10,8.53,0.853,15,1,13,1,0
401628509,2024,2024-10-05 16:00:00+00:00,Wisconsin,home,16,14,12.36,0.8828571428571428,15,0,12,3,0,24,16,13.83,0.864375,21,1,20,0,0
401645338,2024,2024-10-05 17:00:00+00:00,Tulane,away,22,17,14.62,0.86,21,2,18,1,0,24,8,6.96,0.87,23,2,19,2,0
401645338,2024,2024-10-05 17:00:00+00:00,UAB,home,19,12,10.02,0.835,18,0,18,0,0,21,7,5.85,0.8357142857142856,19,4,14,1,0
401644741,2024,2024-10-05 18:00:00+00:00,Ball State,home,11,10,8.27,0.827,10,0,10,0,0,14,6,5.14,0.8566666666666666,13,5,8,0,0
401644741,2024,2024-10-05 18:00:00+00:00,Western Michigan,away,11,10,8.43,0.843,10,0,10,0,0,23,3,2.54,0.8466666666666667,21,5,16,0,0
401644740,2024,2024-10-05 19:30:00+00:00,Akron,home,15,11,9.27,0.8427272727272727,14,1,13,0,0,22,9,7.57,0.8411111111111111,21,4,17,0,0
401643799,2024,2024-10-05 19:30:00+00:00,App State,away,15,15,12.59,0.8393333333333334,15,0,15,0,0,21,4,3.38,0.845,17,3,14,0,0
401628381,2024,2024-10-05 19:30:00+00:00,Auburn,away,15,14,12.31,0.8792857142857143,15,0,13,2,0,23,16,13.75,0.859375,21,0,21,0,0
401644740,2024,2024-10-05 19:30:00+00:00,Bowling Green,away,13,10,8.37,0.837,11,0,11,0,0,15,3,2.64,0.88,10,0,9,1,0
401645340,2024,2024-10-05 19:30:00+00:00,Charlotte,home,28,24,20.3,0.8458333333333333,27,0,27,0,0,29,7,5.99,0.8557142857142858,22,1,19,2,0
401645340,2024,2024-10-05 19:30:00+00:00,East Carolina,away,17,16,13.58,0.84875,16,0,16,0,0,33,11,9.26,0.8418181818181818,26,2,22,2,0
401628381,2024,2024-10-05 19:30:00+00:00,Georgia,home,11,9,8.15,0.9055555555555556,11,1,4,6,0,26,21,18.78,0.8942857142857144,25,2,13,10,0
401628503,2024,2024-10-05 19:30:00+00:00,Indiana,away,30,27,23.41,0.867037037037037,28,1,25,2,0,39,28,24.05,0.8589285714285715,35,1,32,2,0
401628504,2024,2024-10-05 19:30:00+00:00,Iowa,away,4,3,2.56,0.8533333333333334,4,0,4,0,0,12,8,6.82,0.8525,11,1,9,0,1
401643799,2024,2024-10-05 19:30:00+00:00,Marshall,home,28,21,17.74,0.8447619047619047,26,0,26,0,0,33,12,10.22,0.8516666666666667,29,6,22,1,0
401644684,2024,2024-10-05 19:30:00+00:00,Miami (OH),away,5,2,1.67,0.835,4,0,4,0,0,11,4,3.5300000000000002,0.8825000000000001,11,2,8,1,0
401628503,2024,2024-10-05 19:30:00+00:00,Northwestern,home,6,6,5.07,0.8450000000000001,6,0,6,0,0,12,9,7.76,0.8622222222222222,11,0,11,0,0
401628504,2024,2024-10-05 19:30:00+00:00,Ohio State,home,7,7,6.5,0.9285714285714286,7,0,2,3,2,25,22,19.26,0.8754545454545455,25,1,20,4,0
401628382,2024,2024-10-05 19:30:00+00:00,Ole Miss,away,25,25,22.18,0.8872,25,0,16,8,1,24,18,15.469999999999999,0.8594444444444443,23,1,20,2,0
401628382,2024,2024-10-05 19:30:00+00:00,South Carolina,home,22,20,17.59,0.8795,22,0,18,4,0,26,16,13.73,0.858125,24,0,21,3,0
401635573,2024,2024-10-05 19:30:00+00:00,Stanford,home,4,3,2.58,0.86,4,1,3,0,0,14,6,5.22,0.87,14,1,12,1,0
401629033,2024,2024-10-05 19:30:00+00:00,Temple,away,15,12,10.09,0.8408333333333333,13,0,13,0,0,31,5,4.24,0.8480000000000001,24,4,20,0,0
401644684,2024,2024-10-05 19:30:00+00:00,Toledo,home,7,7,5.859999999999999,0.8371428571428571,7,0,7,0,0,11,3,2.67,0.89,11,3,7,1,0
401629033,2024,2024-10-05 19:30:00+00:00,UConn,home,24,20,16.759999999999998,0.8379999999999999,23,1,22,0,0,19,9,7.66,0.8511111111111112,18,1,16,1,0
401635573,2024,2024-10-05 19:30:00+00:00,Virginia Tech,away,7,7,6.08,0.8685714285714285,7,0,7,0,0,18,13,11.0,0.8461538461538461,16,0,14,2,0
401628508,2024,2024-10-05 20:00:00+00:00,Nebraska,home,8,7,6.2,0.8857142857142858,7,0,5,2,0,10,8,6.77,0.84625,10,0,9,1,0
401636890,2024,2024-10-05 20:00:00+00:00,Oklahoma State,home,8,8,6.95,0.86875,8,0,8,0,0,11,7,5.9,0.8428571428571429,10,0,10,0,0
401628508,2024,2024-10-05 20:00:00+00:00,Rutgers,away,6,5,4.28,0.8560000000000001,6,1,4,1,0,15,6,5.07,0.8450000000000001,11,1,10,0,0
401636890,2024,2024-10-05 20:00:00+00:00,West Virginia,away,13,13,11.27,0.8669230769230769,13,0,13,0,0,25,15,12.7,0.8466666666666666,22,2,19,1,0
401628384,2024,2024-10-05 20:15:00+00:00,Alabama,away,14,14,12.61,0.9007142857142857,14,0,6,7,1,38,28,25.27,0.9025,31,0,15,13,3
401628384,2024,2024-10-05 20:15:00+00:00,Vanderbilt,home,22,18,15.69,0.8716666666666666,22,1,20,1,0,23,16,13.98,0.87375,23,0,20,3,0
401643724,2024,2024-10-05 22:30:00+00:00,Colorado State,away,11,6,5.06,0.8433333333333333,9,0,9,0,0,19,5,4.3,0.86,16,1,14,1,0
401643724,2024,2024-10-05 22:30:00+00:00,Oregon State,home,16,16,13.77,0.860625,16,0,16,0,0,25,13,11.59,0.8915384615384615,24,1,15,8,0
401643800,2024,2024-10-05 23:00:00+00:00,Arkansas State,home,17,16,13.35,0.834375,16,0,16,0,0,21,5,4.1899999999999995,0.8379999999999999,18,1,17,0,0
401643723,2024,2024-10-05 23:00:00+00:00,Boise State,home,8,8,6.79,0.84875,8,0,7,1,0,14,4,3.38,0.845,12,2,9,1,0
401635569,2024,2024-10-05 23:00:00+00:00,Clemson,away,0,0,0.0,,0,0,0,0,0,11,9,7.92,0.88,11,1,8,2,0
401643798,2024,2024-10-05 23:00:00+00:00,Coastal Carolina,home,18,12,10.1,0.8416666666666667,16,0,15,1,0,29,12,9.99,0.8325,25,4,20,1,0
401635569,2024,2024-10-05 23:00:00+00:00,Florida State,home,17,17,15.19,0.8935294117647059,17,0,7,10,0,18,15,12.86,0.8573333333333333,17,1,16,0,0
401643801,2024,2024-10-05 23:00:00+00:00,James Madison,away,26,17,14.3,0.8411764705882353,22,1,21,0,0,20,16,13.77,0.860625,16,0,15,1,0
401643802,2024,2024-10-05 23:00:00+00:00,Louisiana,away,7,5,4.27,0.8539999999999999,7,0,7,0,0,6,2,1.77,0.885,6,0,6,0,0
401643798,2024,2024-10-05 23:00:00+00:00,Old Dominion,away,15,10,8.39,0.8390000000000001,14,0,14,0,0,32,13,11.22,0.8630769230769231,28,3,23,2,0
401643800,2024,2024-10-05 23:00:00+00:00,South Alabama,away,15,8,6.609999999999999,0.8262499999999999,14,1,13,0,0,15,5,4.41,0.882,12,2,7,3,0
401643802,2024,2024-10-05 23:00:00+00:00,Southern Miss,home,17,17,14.39,0.8464705882352942,17,0,17,0,0,7,2,1.7,0.85,5,1,4,0,0
401643801,2024,2024-10-05 23:00:00+00:00,UL Monroe,home,16,13,10.66,0.8200000000000001,16,1,15,0,0,25,12,10.1,0.8416666666666667,21,3,17,1,0
401643723,2024,2024-10-05 23:00:00+00:00,Utah State,away,20,14,11.69,0.835,18,1,17,0,0,26,9,7.68,0.8533333333333333,22,3,19,0,0
401628379,2024,2024-10-05 23:30:00+00:00,Arkansas,home,22,20,17.39,0.8695,22,1,18,3,0,30,23,19.86,0.8634782608695651,26,0,23,3,0
401636889,2024,2024-10-05 23:30:00+00:00,Baylor,away,16,16,13.89,0.868125,16,0,15,1,0,15,7,5.99,0.8557142857142858,15,0,15,0,0
401636889,2024,2024-10-05 23:30:00+00:00,Iowa State,home,8,7,6.06,0.8657142857142857,8,0,8,0,0,21,9,7.64,0.8488888888888888,19,1,16,2,0
401628505,2024,2024-10-05 23:30:00+00:00,Michigan,away,7,7,6.1,0.8714285714285713,7,0,6,1,0,17,13,11.4,0.8769230769230769,16,0,14,2,0
401628507,2024,2024-10-05 23:30:00+00:00,Minnesota,home,12,12,10.48,0.8733333333333334,12,0,9,3,0,18,7,5.89,0.8414285714285714,17,1,15,1,0
401643726,2024,2024-10-05 23:30:00+00:00,Nevada,away,22,17,14.24,0.8376470588235294,19,1,18,0,0,23,7,5.95,0.85,19,3,16,0,0
401643726,2024,2024-10-05 23:30:00+00:00,San José State,home,14,7,5.79,0.8271428571428572,12,1,11,0,0,25,13,11.17,0.8592307692307692,25,2,23,0,0
401628379,2024,2024-10-05 23:30:00+00:00,Tennessee,away,9,8,7.17,0.89625,9,0,5,4,0,16,11,9.57,0.87,14,0,13,1,0
401628507,2024,2024-10-05 23:30:00+00:00,USC,away,16,14,12.34,0.8814285714285715,16,2,9,5,0,29,24,21.09,0.87875,27,1,18,8,0
401628505,2024,2024-10-05 23:30:00+00:00,Washington,home,27,26,22.66,0.8715384615384616,26,0,19,7,0,30,22,19.36,0.88,28,3,18,7,0
401628380,2024,2024-10-05 23:45:00+00:00,Florida,home,15,15,13.39,0.8926666666666667,15,0,9,6,0,23,18,15.79,0.8772222222222221,21,0,17,4,0
401628380,2024,2024-10-05 23:45:00+00:00,UCF,away,25,24,20.91,0.87125,24,0,22,2,0,26,15,12.76,0.8506666666666667,23,0,19,3,1
401636888,2024,2024-10-06 00:00:00+00:00,Arizona State,home,28,26,22.53,0.8665384615384616,27,0,25,2,0,28,18,15.59,0.866111111111111,24,1,19,4,0
401635570,2024,2024-10-06 00:00:00+00:00,Duke,away,18,16,13.79,0.861875,16,0,14,2,0,18,8,7.07,0.88375,17,1,13,3,0
401635570,2024,2024-10-06 00:00:00+00:00,Georgia Tech,home,12,11,9.5,0.8636363636363636,12,0,12,0,0,31,19,16.11,0.8478947368421053,29,0,27,2,0
401643725,2024,2024-10-06 00:00:00+00:00,Hawai'i,away,6,4,3.4,0.85,6,1,5,0,0,10,1,0.87,0.87,7,2,5,0,0
401636888,2024,2024-10-06 00:00:00+00:00,Kansas,away,11,10,8.71,0.8710000000000001,10,0,9,1,0,13,4,3.42,0.855,9,0,9,0,0
401643725,2024,2024-10-06 00:00:00+00:00,San Diego State,home,24,22,18.689999999999998,0.8495454545454545,23,0,23,0,0,36,14,12.22,0.8728571428571429,34,3,28,3,0
401635568,2024,2024-10-06 02:30:00+00:00,California,home,23,23,19.94,0.8669565217391305,23,0,19,4,0,23,15,12.78,0.852,23,0,21,2,0
401635568,2024,2024-10-06 02:30:00+00:00,Miami,away,14,14,12.46,0.89,14,0,8,6,0,28,23,20.16,0.8765217391304347,26,0,21,5,0
401636887,2024,2024-10-06 03:00:00+00:00,Arizona,home,24,23,19.83,0.8621739130434782,24,1,22,1,0,26,19,16.5,0.868421052631579,26,1,21,4,0
401636887,2024,2024-10-06 03:00:00+00:00,Texas Tech,away,16,15,13.06,0.8706666666666667,16,0,14,2,0,23,16,13.62,0.85125,21,0,20,1,0
401640982,2024,2024-10-08 23:00:00+00:00,Florida International,away,10,9,7.47,0.83,10,0,10,0,0,16,5,4.31,0.8619999999999999,13,1,11,1,0
401640982,2024,2024-10-08 23:00:00+00:00,Liberty,home,18,15,12.49,0.8326666666666667,18,0,17,1,0,17,9,7.76,0.8622222222222222,16,3,10,3,0
401641002,2024,2024-10-09 23:30:00+00:00,Jacksonville State,home,19,13,10.81,0.8315384615384616,18,1,17,0,0,14,11,9.26,0.8418181818181818,13,2,11,0,0
401641002,2024,2024-10-09 23:30:00+00:00,New Mexico State,away,13,7,5.88,0.84,12,1,11,0,0,38,23,19.72,0.8573913043478261,32,2,29,1,0
401643803,2024,2024-10-10 23:30:00+00:00,Coastal Carolina,away,18,12,10.1,0.8416666666666667,16,0,15,1,0,29,12,9.99,0.8325,25,4,20,1,0
401643803,2024,2024-10-10 23:30:00+00:00,James Madison,home,26,17,14.3,0.8411764705882353,22,1,21,0,0,20,16,13.77,0.860625,16,0,15,1,0
401641009,2024,2024-10-11 00:00:00+00:00,Louisiana Tech,home,12,9,7.59,0.8433333333333333,11,0,11,0,0,22,9,7.61,0.8455555555555556,18,2,14,2,0
401641009,2024,2024-10-11 00:00:00+00:00,Middle Tennessee,away,12,8,6.68,0.835,11,0,11,0,0,28,11,9.47,0.860909090909091,24,3,20,1,0
401641030,2024,2024-10-11 00:00:00+00:00,UTEP,away,27,22,18.31,0.8322727272727272,26,1,24,1,0,37,14,11.9,0.85,30,7,23,0,0
401641030,2024,2024-10-11 00:00:00+00:00,Western Kentucky,home,21,15,12.719999999999999,0.848,19,1,17,1,0,28,9,7.79,0.8655555555555555,21,3,15,3,0
401628513,2024,2024-10-12 00:00:00+00:00,Maryland,home,8,6,5.21,0.8683333333333333,7,0,7,0,0,13,8,6.97,0.87125,12,0,8,4,0
401628513,2024,2024-10-12 00:00:00+00:00,Northwestern,away,6,6,5.07,0.8450000000000001,6,0,6,0,0,12,9,7.76,0.8622222222222222,11,0,11,0,0
401643733,2024,2024-10-12 01:00:00+00:00,UNLV,away,19,15,12.7,0.8466666666666666,18,0,17,1,0,19,10,8.51,0.851,17,2,14,1,0
401643733,2024,2024-10-12 01:00:00+00:00,Utah State,home,20,14,11.69,0.835,18,1,17,0,0,26,9,7.68,0.8533333333333333,22,3,19,0,0
401636892,2024,2024-10-12 02:30:00+00:00,Arizona State,home,28,26,22.53,0.8665384615384616,27,0,25,2,0,28,18,15.59,0.866111111111111,24,1,19,4,0
401636892,2024,2024-10-12 02:30:00+00:00,Utah,away,11,11,9.71,0.8827272727272728,11,0,8,3,0,24,12,10.35,0.8624999999999999,21,2,15,4,0
401628385,2024,2024-10-12 16:00:00+00:00,Alabama,home,14,14,12.61,0.9007142857142857,14,0,6,7,1,38,28,25.27,0.9025,31,0,15,13,3
401645342,2024,2024-10-12 16:00:00+00:00,Army,home,0,0,0.0,,0,0,0,0,0,9,2,1.71,0.855,5,0,5,0,0
401644743,2024,2024-10-12 16:00:00+00:00,Ball State,away,11,10,8.27,0.827,10,0,10,0,0,14,6,5.14,0.8566666666666666,13,5,8,0,0
401644745,2024,2024-10-12 16:00:00+00:00,Buffalo,home,17,9,7.43,0.8255555555555555,11,1,10,0,0,16,7,6.02,0.86,15,4,10,1,0
401635576,2024,2024-10-12 16:00:00+00:00,Clemson,away,0,0,0.0,,0,0,0,0,0,11,9,7.92,0.88,11,1,8,2,0
401635577,2024,2024-10-12 16:00:00+00:00,Georgia Tech,away,12,11,9.5,0.8636363636363636,12,0,12,0,0,31,19,16.11,0.8478947368421053,29,0,27,2,0
401628512,2024,2024-10-12 16:00:00+00:00,Iowa,home,4,3,2.56,0.8533333333333334,4,0,4,0,0,12,8,6.82,0.8525,11,1,9,0,1
401644743,2024,2024-10-12 16:00:00+00:00,Kent State,home,16,14,11.5,0.8214285714285714,16,0,16,0,0,17,6,5.13,0.855,15,2,13,0,0
401628389,2024,2024-10-12 16:00:00+00:00,Massachusetts,home,29,22,18.38,0.8354545454545454,25,1,24,0,0,23,8,6.7,0.8375,18,5,12,1,0
401628389,2024,2024-10-12 16:00:00+00:00,Missouri,away,15,14,12.45,0.8892857142857142,15,1,10,4,0,19,14,11.76,0.84,17,0,17,0,0
401635577,2024,2024-10-12 16:00:00+00:00,North Carolina,home,10,10,8.66,0.866,10,0,9,1,0,23,15,12.86,0.8573333333333333,19,1,17,1,0
401628517,2024,2024-10-12 16:00:00+00:00,Rutgers,home,6,5,4.28,0.8560000000000001,6,1,4,1,0,15,6,5.07,0.8450000000000001,11,1,10,0,0
401628385,2024,2024-10-12 16:00:00+00:00,South Carolina,away,22,20,17.59,0.8795,22,0,18,4,0,26,16,13.73,0.858125,24,0,21,3,0
401644745,2024,2024-10-12 16:00:00+00:00,Toledo,away,7,7,5.859999999999999,0.8371428571428571,7,0,7,0,0,11,3,2.67,0.89,11,3,7,1,0
401645342,2024,2024-10-12 16:00:00+00:00,UAB,away,19,12,10.02,0.835,18,0,18,0,0,21,7,5.85,0.8357142857142856,19,4,14,1,0
401635576,2024,2024-10-12 16:00:00+00:00,Wake Forest,home,5,5,4.28,0.8560000000000001,5,0,5,0,0,15,10,8.53,0.853,15,1,13,1,0
401628512,2024,2024-10-12 16:00:00+00:00,Washington,away,27,26,22.66,0.8715384615384616,26,0,19,7,0,30,22,19.36,0.88,28,3,18,7,0
401628517,2024,2024-10-12 16:00:00+00:00,Wisconsin,away,16,14,12.36,0.8828571428571428,15,0,12,3,0,24,16,13.83,0.864375,21,1,20,0,0
401644685,2024,2024-10-12 18:00:00+00:00,Eastern Michigan,home,21,19,15.879999999999999,0.8357894736842105,19,0,19,0,0,24,10,8.48,0.8480000000000001,22,5,17,0,0
401644685,2024,2024-10-12 18:00:00+00:00,Miami (OH),away,5,2,1.67,0.835,4,0,4,0,0,11,4,3.5300000000000002,0.8825000000000001,11,2,8,1,0
401644742,2024,2024-10-12 19:30:00+00:00,Akron,away,15,11,9.27,0.8427272727272727,14,1,13,0,0,22,9,7.57,0.8411111111111111,21,4,17,0,0
401644744,2024,2024-10-12 19:30:00+00:00,Bowling Green,home,13,10,8.37,0.837,11,0,11,0,0,15,3,2.64,0.88,10,0,9,1,0
401635575,2024,2024-10-12 19:30:00+00:00,California,away,23,23,19.94,0.8669565217391305,23,0,19,4,0,23,15,12.78,0.852,23,0,21,2,0
401636895,2024,2024-10-12 19:30:00+00:00,Cincinnati,away,24,22,19.03,0.8650000000000001,23,0,22,1,0,32,18,15.16,0.8422222222222222,29,1,27,1,0
401643729,2024,2024-10-12 19:30:00+00:00,Colorado State,home,11,6,5.06,0.8433333333333333,9,0,9,0,0,19,5,4.3,0.86,16,1,14,1,0
401643805,2024,2024-10-12 19:30:00+00:00,Georgia State,home,31,28,23.189999999999998,0.8282142857142857,31,0,30,1,0,34,9,7.6899999999999995,0.8544444444444443,30,3,27,0,0
401628511,2024,2024-10-12 19:30:00+00:00,Illinois,home,12,11,9.53,0.8663636363636363,12,0,9,3,0,24,12,10.19,0.8491666666666666,23,4,18,1,0
401635578,2024,2024-10-12 19:30:00+00:00,Louisville,away,28,27,23.63,0.8751851851851852,28,1,23,4,0,29,26,22.22,0.8546153846153846,26,0,24,2,0
401645341,2024,2024-10-12 19:30:00+00:00,Memphis,away,30,27,22.96,0.8503703703703704,29,2,27,0,0,24,8,6.8,0.85,22,1,21,0,0
401644744,2024,2024-10-12 19:30:00+00:00,Northern Illinois,away,6,6,5.029999999999999,0.8383333333333333,6,0,6,0,0,18,5,4.1899999999999995,0.8379999999999999,14,7,6,1,0
401628981,2024,2024-10-12 19:30:00+00:00,Notre Dame,home,9,8,7.11,0.88875,9,0,5,4,0,18,16,14.0,0.875,17,0,13,4,0
401628390,2024,2024-10-12 19:30:00+00:00,Oklahoma,home,16,13,11.5,0.8846153846153846,16,2,10,4,0,25,20,17.36,0.868,23,0,19,4,0
401643805,2024,2024-10-12 19:30:00+00:00,Old Dominion,away,15,10,8.39,0.8390000000000001,14,0,14,0,0,32,13,11.22,0.8630769230769231,28,3,23,2,0
401628516,2024,2024-10-12 19:30:00+00:00,Penn State,away,6,5,4.49,0.898,5,0,3,2,0,13,8,7.04,0.88,12,0,10,2,0
401635575,2024,2024-10-12 19:30:00+00:00,Pittsburgh,home,14,13,11.25,0.8653846153846154,14,1,13,0,0,20,8,6.99,0.87375,16,0,14,2,0
401628511,2024,2024-10-12 19:30:00+00:00,Purdue,away,18,16,13.95,0.871875,18,2,15,1,0,28,19,16.23,0.8542105263157895,26,1,22,3,0
401643732,2024,2024-10-12 19:30:00+00:00,San Diego State,away,24,22,18.689999999999998,0.8495454545454545,23,0,23,0,0,36,14,12.22,0.8728571428571429,34,3,28,3,0
401643729,2024,2024-10-12 19:30:00+00:00,San José State,away,14,7,5.79,0.8271428571428572,12,1,11,0,0,25,13,11.17,0.8592307692307692,25,2,23,0,0
401645341,2024,2024-10-12 19:30:00+00:00,South Florida,home,14,8,6.76,0.845,14,0,14,0,0,20,6,5.06,0.8433333333333333,19,0,18,1,0
401628981,2024,2024-10-12 19:30:00+00:00,Stanford,away,4,3,2.58,0.86,4,1,3,0,0,14,6,5.22,0.87,14,1,12,1,0
401628390,2024,2024-10-12 19:30:00+00:00,Texas,away,10,10,9.09,0.909,10,0,4,5,1,24,22,19.16,0.870909090909091,24,0,21,3,0
401636895,2024,2024-10-12 19:30:00+00:00,UCF,home,25,24,20.91,0.87125,24,0,22,2,0,26,15,12.76,0.8506666666666667,23,0,19,3,1
401628516,2024,2024-10-12 19:30:00+00:00,USC,home,16,14,12.34,0.8814285714285715,16,2,9,5,0,29,24,21.09,0.87875,27,1,18,8,0
401635578,2024,2024-10-12 19:30:00+00:00,Virginia,home,13,12,10.36,0.8633333333333333,12,0,12,0,0,16,3,2.4899999999999998,0.83,14,1,11,2,0
401644742,2024,2024-10-12 19:30:00+00:00,Western Michigan,home,11,10,8.43,0.843,10,0,10,0,0,23,3,2.54,0.8466666666666667,21,5,16,0,0
401643732,2024,2024-10-12 19:30:00+00:00,Wyoming,home,3,3,2.5,0.8333333333333334,3,0,3,0,0,13,2,1.69,0.845,8,2,6,0,0
401636893,2024,2024-10-12 20:00:00+00:00,Arizona,away,24,23,19.83,0.8621739130434782,24,1,22,1,0,26,19,16.5,0.868421052631579,26,1,21,4,0
401636893,2024,2024-10-12 20:00:00+00:00,BYU,home,9,8,6.89,0.86125,9,0,8,1,0,16,5,4.2299999999999995,0.8459999999999999,16,2,13,1,0
401644746,2024,2024-10-12 20:00:00+00:00,Central Michigan,home,6,4,3.33,0.8325,5,0,5,0,0,16,6,5.1,0.85,13,4,9,0,0
401644746,2024,2024-10-12 20:00:00+00:00,Ohio,away,21,12,9.9,0.8250000000000001,16,0,16,0,0,25,13,11.32,0.8707692307692307,25,4,19,2,0
401628386,2024,2024-10-12 20:15:00+00:00,Georgia,home,11,9,8.15,0.9055555555555556,11,1,4,6,0,26,21,18.78,0.8942857142857144,25,2,13,10,0
401628386,2024,2024-10-12 20:15:00+00:00,Mississippi State,away,18,17,14.709999999999999,0.8652941176470588,17,0,16,1,0,26,20,17.32,0.866,25,1,20,4,0
401643807,2024,2024-10-12 21:00:00+00:00,Southern Miss,away,17,17,14.39,0.8464705882352942,17,0,17,0,0,7,2,1.7,0.85,5,1,4,0,0
401643807,2024,2024-10-12 21:00:00+00:00,UL Monroe,home,16,13,10.66,0.8200000000000001,16,1,15,0,0,25,12,10.1,0.8416666666666667,21,3,17,1,0
401643727,2024,2024-10-12 23:00:00+00:00,Air Force,away,0,0,0.0,,0,0,0,0,0,11,1,0.86,0.86,8,3,5,0,0
401643808,2024,2024-10-12 23:00:00+00:00,Arkansas State,away,17,16,13.35,0.834375,16,0,16,0,0,21,5,4.1899999999999995,0.8379999999999999,18,1,17,0,0
401628391,2024,2024-10-12 23:00:00+00:00,Florida,away,15,15,13.39,0.8926666666666667,15,0,9,6,0,23,18,15.79,0.8772222222222221,21,0,17,4,0
401645343,2024,2024-10-12 23:00:00+00:00,Florida Atlantic,home,20,17,14.26,0.8388235294117647,19,1,18,0,0,34,12,10.26,0.855,32,1,31,0,0
401643730,2024,2024-10-12 23:00:00+00:00,Fresno State,home,7,7,6.0,0.8571428571428571,7,0,6,1,0,11,3,2.56,0.8533333333333334,8,1,7,0,0
401643727,2024,2024-10-12 23:00:00+00:00,New Mexico,home,28,21,17.419999999999998,0.8295238095238094,26,0,25,1,0,23,15,12.59,0.8393333333333334,21,1,18,2,0
401645343,2024,2024-10-12 23:00:00+00:00,North Texas,away,25,19,15.959999999999999,0.84,22,0,21,1,0,36,14,11.99,0.8564285714285714,34,2,31,1,0
401645344,2024,2024-10-12 23:00:00+00:00,Rice,home,10,8,6.65,0.83125,10,0,10,0,0,3,3,2.57,0.8566666666666666,3,0,3,0,0
401628391,2024,2024-10-12 23:00:00+00:00,Tennessee,home,9,8,7.17,0.89625,9,0,5,4,0,16,11,9.57,0.87,14,0,13,1,0
401643808,2024,2024-10-12 23:00:00+00:00,Texas State,home,30,23,19.41,0.8439130434782609,28,1,27,0,0,22,8,6.84,0.855,18,2,15,1,0
401645344,2024,2024-10-12 23:00:00+00:00,UTSA,away,15,13,11.04,0.8492307692307691,15,0,14,1,0,12,3,2.68,0.8933333333333334,11,0,9,2,0
401643730,2024,2024-10-12 23:00:00+00:00,Washington State,away,12,11,9.41,0.8554545454545455,11,0,11,0,0,27,10,8.49,0.849,23,2,19,2,0
401643806,2024,2024-10-12 23:30:00+00:00,App State,away,15,15,12.59,0.8393333333333334,15,0,15,0,0,21,4,3.38,0.845,17,3,14,0,0
401628388,2024,2024-10-12 23:30:00+00:00,LSU,home,10,9,7.98,0.8866666666666667,9,0,6,3,0,27,22,19.24,0.8745454545454545,24,1,16,7,0
401643806,2024,2024-10-12 23:30:00+00:00,Louisiana,home,7,5,4.27,0.8539999999999999,7,0,7,0,0,6,2,1.77,0.885,6,0,6,0,0
401643731,2024,2024-10-12 23:30:00+00:00,Nevada,home,22,17,14.24,0.8376470588235294,19,1,18,0,0,23,7,5.95,0.85,19,3,16,0,0
401628515,2024,2024-10-12 23:30:00+00:00,Ohio State,away,7,7,6.5,0.9285714285714286,7,0,2,3,2,25,22,19.26,0.8754545454545455,25,1,20,4,0
401628388,2024,2024-10-12 23:30:00+00:00,Ole Miss,away,25,25,22.18,0.8872,25,0,16,8,1,24,18,15.469999999999999,0.8594444444444443,23,1,20,2,0
401628515,2024,2024-10-12 23:30:00+00:00,Oregon,home,14,13,11.76,0.9046153846153846,14,0,7,6,1,20,16,13.85,0.865625,18,0,14,4,0
401643731,2024,2024-10-12 23:30:00+00:00,Oregon State,away,16,16,13.77,0.860625,16,0,16,0,0,25,13,11.59,0.8915384615384615,24,1,15,8,0
401628387,2024,2024-10-12 23:45:00+00:00,Kentucky,home,12,11,9.7,0.8818181818181817,11,0,8,3,0,22,12,10.28,0.8566666666666666,20,1,17,2,0
401628387,2024,2024-10-12 23:45:00+00:00,Vanderbilt,away,22,18,15.69,0.8716666666666666,22,1,20,1,0,23,16,13.98,0.87375,23,0,20,3,0
401643804,2024,2024-10-13 00:00:00+00:00,Georgia Southern,home,12,8,6.66,0.8325,10,1,8,1,0,18,3,2.54,0.8466666666666667,10,4,5,1,0
401636896,2024,2024-10-13 00:00:00+00:00,Iowa State,away,8,7,6.06,0.8657142857142857,8,0,8,0,0,21,9,7.64,0.8488888888888888,19,1,16,2,0
401643804,2024,2024-10-13 00:00:00+00:00,Marshall,away,28,21,17.74,0.8447619047619047,26,0,26,0,0,33,12,10.22,0.8516666666666667,29,6,22,1,0
401635574,2024,2024-10-13 00:00:00+00:00,NC State,home,15,15,13.25,0.8833333333333333,15,0,11,4,0,22,15,12.77,0.8513333333333333,22,0,21,1,0
401635574,2024,2024-10-13 00:00:00+00:00,Syracuse,away,19,18,15.69,0.8716666666666666,19,1,16,2,0,28,17,14.379999999999999,0.8458823529411764,27,1,26,0,0
401636896,2024,2024-10-13 00:00:00+00:00,West Virginia,home,13,13,11.27,0.8669230769230769,13,0,13,0,0,25,15,12.7,0.8466666666666666,22,2,19,1,0
401628514,2024,2024-10-13 01:00:00+00:00,Minnesota,away,12,12,10.48,0.8733333333333334,12,0,9,3,0,18,7,5.89,0.8414285714285714,17,1,15,1,0
401628514,2024,2024-10-13 01:00:00+00:00,UCLA,home,21,16,13.83,0.864375,16,0,14,2,0,17,14,12.09,0.8635714285714285,17,1,13,3,0
401636894,2024,2024-10-13 02:15:00+00:00,Colorado,home,41,39,34.07,0.8735897435897436,40,1,32,7,0,41,28,24.009999999999998,0.8574999999999999,37,0,35,2,0
401636894,2024,2024-10-13 02:15:00+00:00,Kansas State,away,10,8,6.97,0.87125,9,0,7,2,0,17,10,8.629999999999999,0.8629999999999999,15,0,13,2,0
401643728,2024,2024-10-13 03:00:00+00:00,Boise State,away,8,8,6.79,0.84875,8,0,7,1,0,14,4,3.38,0.845,12,2,9,1,0
401643728,2024,2024-10-13 03:00:00+00:00,Hawai'i,home,6,4,3.4,0.85,6,1,5,0,0,10,1,0.87,0.87,7,2,5,0,0
401643809,2024,2024-10-15 23:30:00+00:00,South Alabama,home,15,8,6.609999999999999,0.8262499999999999,14,1,13,0,0,15,5,4.41,0.882,12,2,7,3,0
401643809,2024,2024-10-15 23:30:00+00:00,Troy,away,10,7,5.89,0.8414285714285714,9,1,7,1,0,23,12,10.12,0.8433333333333333,19,0,19,0,0
401641019,2024,2024-10-16 00:00:00+00:00,Kennesaw State,away,10,8,6.51,0.81375,10,0,10,0,0,3,3,2.51,0.8366666666666666,3,0,3,0,0
401641019,2024,2024-10-16 00:00:00+00:00,Middle Tennessee,home,12,8,6.68,0.835,11,0,11,0,0,28,11,9.47,0.860909090909091,24,3,20,1,0
401641010,2024,2024-10-16 01:00:00+00:00,Louisiana Tech,away,12,9,7.59,0.8433333333333333,11,0,11,0,0,22,9,7.61,0.8455555555555556,18,2,14,2,0
401641010,2024,2024-10-16 01:00:00+00:00,New Mexico State,home,13,7,5.88,0.84,12,1,11,0,0,38,23,19.72,0.8573913043478261,32,2,29,1,0
401641038,2024,2024-10-16 23:00:00+00:00,Sam Houston,home,12,5,4.17,0.834,11,0,11,0,0,5,2,1.68,0.84,4,0,4,0,0
401641038,2024,2024-10-16 23:00:00+00:00,Western Kentucky,away,21,15,12.719999999999999,0.848,19,1,17,1,0,28,9,7.79,0.8655555555555555,21,3,15,3,0
401640983,2024,2024-10-17 01:00:00+00:00,Florida International,away,10,9,7.47,0.83,10,0,10,0,0,16,5,4.31,0.8619999999999999,13,1,11,1,0
401640983,2024,2024-10-17 01:00:00+00:00,UTEP,home,27,22,18.31,0.8322727272727272,26,1,24,1,0,37,14,11.9,0.85,30,7,23,0,0
401643810,2024,2024-10-17 23:00:00+00:00,Georgia State,away,31,28,23.189999999999998,0.8282142857142857,31,0,30,1,0,34,9,7.6899999999999995,0.8544444444444443,30,3,27,0,0
401643810,2024,2024-10-17 23:00:00+00:00,Marshall,home,28,21,17.74,0.8447619047619047,26,0,26,0,0,33,12,10.22,0.8516666666666667,29,6,22,1,0
401634768,2024,2024-10-17 23:30:00+00:00,Boston College,away,10,10,8.71,0.8710000000000001,10,0,10,0,0,17,9,7.6,0.8444444444444444,17,1,16,0,0
401634768,2024,2024-10-17 23:30:00+00:00,Virginia Tech,home,7,7,6.08,0.8685714285714285,7,0,7,0,0,18,13,11.0,0.8461538461538461,16,0,14,2,0
401634769,2024,2024-10-18 23:00:00+00:00,Duke,home,18,16,13.79,0.861875,16,0,14,2,0,18,8,7.07,0.88375,17,1,13,3,0
401634769,2024,2024-10-18 23:00:00+00:00,Florida State,away,17,17,15.19,0.8935294117647059,17,0,7,10,0,18,15,12.86,0.8573333333333333,17,1,16,0,0
401628523,2024,2024-10-19 00:00:00+00:00,Oregon,away,14,13,11.76,0.9046153846153846,14,0,7,6,1,20,16,13.85,0.865625,18,0,14,4,0
401628523,2024,2024-10-19 00:00:00+00:00,Purdue,home,18,16,13.95,0.871875,18,2,15,1,0,28,19,16.23,0.8542105263157895,26,1,22,3,0
401636898,2024,2024-10-19 02:15:00+00:00,BYU,home,9,8,6.89,0.86125,9,0,8,1,0,16,5,4.2299999999999995,0.8459999999999999,16,2,13,1,0
401636898,2024,2024-10-19 02:15:00+00:00,Oklahoma State,away,8,8,6.95,0.86875,8,0,8,0,0,11,7,5.9,0.8428571428571429,10,0,10,0,0
401643735,2024,2024-10-19 02:30:00+00:00,Fresno State,away,7,7,6.0,0.8571428571428571,7,0,6,1,0,11,3,2.56,0.8533333333333334,8,1,7,0,0
401643735,2024,2024-10-19 02:30:00+00:00,Nevada,home,22,17,14.24,0.8376470588235294,19,1,18,0,0,23,7,5.95,0.85,19,3,16,0,0
401636899,2024,2024-10-19 16:00:00+00:00,Arizona State,away,28,26,22.53,0.8665384615384616,27,0,25,2,0,28,18,15.59,0.866111111111111,24,1,19,4,0
401645346,2024,2024-10-19 16:00:00+00:00,Army,home,0,0,0.0,,0,0,0,0,0,9,2,1.71,0.855,5,0,5,0,0
401628395,2024,2024-10-19 16:00:00+00:00,Auburn,away,15,14,12.31,0.8792857142857143,15,0,13,2,0,23,16,13.75,0.859375,21,0,21,0,0
401636899,2024,2024-10-19 16:00:00+00:00,Cincinnati,home,24,22,19.03,0.8650000000000001,23,0,22,1,0,32,18,15.16,0.8422222222222222,29,1,27,1,0
401635588,2024,2024-10-19 16:00:00+00:00,Clemson,home,0,0,0.0,,0,0,0,0,0,11,9,7.92,0.88,11,1,8,2,0
401643811,2024,2024-10-19 16:00:00+00:00,Coastal Carolina,home,18,12,10.1,0.8416666666666667,16,0,15,1,0,29,12,9.99,0.8325,25,4,20,1,0
401645346,2024,2024-10-19 16:00:00+00:00,East Carolina,away,17,16,13.58,0.84875,16,0,16,0,0,33,11,9.26,0.8418181818181818,26,2,22,2,0
401628519,2024,2024-10-19 16:00:00+00:00,Indiana,home,30,27,23.41,0.867037037037037,28,1,25,2,0,39,28,24.05,0.8589285714285715,35,1,32,2,0
401643811,2024,2024-10-19 16:00:00+00:00,Louisiana,away,7,5,4.27,0.8539999999999999,7,0,7,0,0,6,2,1.77,0.885,6,0,6,0,0
401635589,2024,2024-10-19 16:00:00+00:00,Louisville,home,28,27,23.63,0.8751851851851852,28,1,23,4,0,29,26,22.22,0.8546153846153846,26,0,24,2,0
401635589,2024,2024-10-19 16:00:00+00:00,Miami,away,14,14,12.46,0.89,14,0,8,6,0,28,23,20.16,0.8765217391304347,26,0,21,5,0
401628395,2024,2024-10-19 16:00:00+00:00,Missouri,home,15,14,12.45,0.8892857142857142,15,1,10,4,0,19,14,11.76,0.84,17,0,17,0,0
401628519,2024,2024-10-19 16:00:00+00:00,Nebraska,away,8,7,6.2,0.8857142857142858,7,0,5,2,0,10,8,6.77,0.84625,10,0,9,1,0
401628522,2024,2024-10-19 16:00:00+00:00,Northwestern,home,6,6,5.07,0.8450000000000001,6,0,6,0,0,12,9,7.76,0.8622222222222222,11,0,11,0,0
401628524,2024,2024-10-19 16:00:00+00:00,Rutgers,home,6,5,4.28,0.8560000000000001,6,1,4,1,0,15,6,5.07,0.8450000000000001,11,1,10,0,0
401628524,2024,2024-10-19 16:00:00+00:00,UCLA,away,21,16,13.83,0.864375,16,0,14,2,0,17,14,12.09,0.8635714285714285,17,1,13,3,0
401629034,2024,2024-10-19 16:00:00+00:00,UConn,home,24,20,16.759999999999998,0.8379999999999999,23,1,22,0,0,19,9,7.66,0.8511111111111112,18,1,16,1,0
401635588,2024,2024-10-19 16:00:00+00:00,Virginia,away,13,12,10.36,0.8633333333333333,12,0,12,0,0,16,3,2.4899999999999998,0.83,14,1,11,2,0
401629034,2024,2024-10-19 16:00:00+00:00,Wake Forest,away,5,5,4.28,0.8560000000000001,5,0,5,0,0,15,10,8.53,0.853,15,1,13,1,0
401628522,2024,2024-10-19 16:00:00+00:00,Wisconsin,away,16,14,12.36,0.8828571428571428,15,0,12,3,0,24,16,13.83,0.864375,21,1,20,0,0
401628396,2024,2024-10-19 16:45:00+00:00,Oklahoma,home,16,13,11.5,0.8846153846153846,16,2,10,4,0,25,20,17.36,0.868,23,0,19,4,0
401628396,2024,2024-10-19 16:45:00+00:00,South Carolina,away,22,20,17.59,0.8795,22,0,18,4,0,26,16,13.73,0.858125,24,0,21,3,0
401644750,2024,2024-10-19 18:00:00+00:00,Central Michigan,away,6,4,3.33,0.8325,5,0,5,0,0,16,6,5.1,0.85,13,4,9,0,0
401644750,2024,2024-10-19 18:00:00+00:00,Eastern Michigan,home,21,19,15.879999999999999,0.8357894736842105,19,0,19,0,0,24,10,8.48,0.8480000000000001,22,5,17,0,0
401645351,2024,2024-10-19 18:00:00+00:00,Temple,home,15,12,10.09,0.8408333333333333,13,0,13,0,0,31,5,4.24,0.8480000000000001,24,4,20,0,0
401645351,2024,2024-10-19 18:00:00+00:00,Tulsa,away,12,10,8.39,0.8390000000000001,12,0,12,0,0,24,11,9.31,0.8463636363636364,23,4,19,0,0
401628397,2024,2024-10-19 19:30:00+00:00,Alabama,away,14,14,12.61,0.9007142857142857,14,0,6,7,1,38,28,25.27,0.9025,31,0,15,13,3
401644748,2024,2024-10-19 19:30:00+00:00,Bowling Green,home,13,10,8.37,0.837,11,0,11,0,0,15,3,2.64,0.88,10,0,9,1,0
401644749,2024,2024-10-19 19:30:00+00:00,Buffalo,home,17,9,7.43,0.8255555555555555,11,1,10,0,0,16,7,6.02,0.86,15,4,10,1,0
401635587,2024,2024-10-19 19:30:00+00:00,California,home,23,23,19.94,0.8669565217391305,23,0,19,4,0,23,15,12.78,0.852,23,0,21,2,0
401645347,2024,2024-10-19 19:30:00+00:00,Charlotte,away,28,24,20.3,0.8458333333333333,27,0,27,0,0,29,7,5.99,0.8557142857142858,22,1,19,2,0
401645348,2024,2024-10-19 19:30:00+00:00,Florida Atlantic,away,20,17,14.26,0.8388235294117647,19,1,18,0,0,34,12,10.26,0.855,32,1,31,0,0
401628982,2024,2024-10-19 19:30:00+00:00,Georgia Tech,home,12,11,9.5,0.8636363636363636,12,0,12,0,0,31,19,16.11,0.8478947368421053,29,0,27,2,0
401643736,2024,2024-10-19 19:30:00+00:00,Hawai'i,away,6,4,3.4,0.85,6,1,5,0,0,10,1,0.87,0.87,7,2,5,0,0
401636901,2024,2024-10-19 19:30:00+00:00,Houston,away,27,27,23.34,0.8644444444444445,27,0,26,1,0,32,22,18.91,0.8595454545454545,30,0,24,6,0
401628518,2024,2024-10-19 19:30:00+00:00,Illinois,home,12,11,9.53,0.8663636363636363,12,0,9,3,0,24,12,10.19,0.8491666666666666,23,4,18,1,0
401636901,2024,2024-10-19 19:30:00+00:00,Kansas,home,11,10,8.71,0.8710000000000001,10,0,9,1,0,13,4,3.42,0.855,9,0,9,0,0
401644748,2024,2024-10-19 19:30:00+00:00,Kent State,away,16,14,11.5,0.8214285714285714,16,0,16,0,0,17,6,5.13,0.855,15,2,13,0,0
401644686,2024,2024-10-19 19:30:00+00:00,Miami (OH),home,5,2,1.67,0.835,4,0,4,0,0,11,4,3.5300000000000002,0.8825000000000001,11,2,8,1,0
401628518,2024,2024-10-19 19:30:00+00:00,Michigan,away,7,7,6.1,0.8714285714285713,7,0,6,1,0,17,13,11.4,0.8769230769230769,16,0,14,2,0
401635587,2024,2024-10-19 19:30:00+00:00,NC State,away,15,15,13.25,0.8833333333333333,15,0,11,4,0,22,15,12.77,0.8513333333333333,22,0,21,1,0
401645347,2024,2024-10-19 19:30:00+00:00,Navy,home,0,0,0.0,,0,0,0,0,0,6,2,1.73,0.865,4,2,2,0,0
401644751,2024,2024-10-19 19:30:00+00:00,Northern Illinois,home,6,6,5.029999999999999,0.8383333333333333,6,0,6,0,0,18,5,4.1899999999999995,0.8379999999999999,14,7,6,1,0
401628982,2024,2024-10-19 19:30:00+00:00,Notre Dame,away,9,8,7.11,0.88875,9,0,5,4,0,18,16,14.0,0.875,17,0,13,4,0
401644686,2024,2024-10-19 19:30:00+00:00,Ohio,away,21,12,9.9,0.8250000000000001,16,0,16,0,0,25,13,11.32,0.8707692307692307,25,4,19,2,0
401643813,2024,2024-10-19 19:30:00+00:00,Old Dominion,home,15,10,8.39,0.8390000000000001,14,0,14,0,0,32,13,11.22,0.8630769230769231,28,3,23,2,0
401645350,2024,2024-10-19 19:30:00+00:00,Rice,away,10,8,6.65,0.83125,10,0,10,0,0,3,3,2.57,0.8566666666666666,3,0,3,0,0
401645345,2024,2024-10-19 19:30:00+00:00,South Florida,home,14,8,6.76,0.845,14,0,14,0,0,20,6,5.06,0.8433333333333333,19,0,18,1,0
401628397,2024,2024-10-19 19:30:00+00:00,Tennessee,home,9,8,7.17,0.89625,9,0,5,4,0,16,11,9.57,0.87,14,0,13,1,0
401643813,2024,2024-10-19 19:30:00+00:00,Texas State,away,30,23,19.41,0.8439130434782609,28,1,27,0,0,22,8,6.84,0.855,18,2,15,1,0
401644751,2024,2024-10-19 19:30:00+00:00,Toledo,away,7,7,5.859999999999999,0.8371428571428571,7,0,7,0,0,11,3,2.67,0.89,11,3,7,1,0
401645350,2024,2024-10-19 19:30:00+00:00,Tulane,home,22,17,14.62,0.86,21,2,18,1,0,24,8,6.96,0.87,23,2,19,2,0
401645345,2024,2024-10-19 19:30:00+00:00,UAB,away,19,12,10.02,0.835,18,0,18,0,0,21,7,5.85,0.8357142857142856,19,4,14,1,0
401645348,2024,2024-10-19 19:30:00+00:00,UTSA,home,15,13,11.04,0.8492307692307691,15,0,14,1,0,12,3,2.68,0.8933333333333334,11,0,9,2,0
401643736,2024,2024-10-19 19:30:00+00:00,Washington State,home,12,11,9.41,0.8554545454545455,11,0,11,0,0,27,10,8.49,0.849,23,2,19,2,0
401644749,2024,2024-10-19 19:30:00+00:00,Western Michigan,away,11,10,8.43,0.843,10,0,10,0,0,23,3,2.54,0.8466666666666667,21,5,16,0,0
401636897,2024,2024-10-19 20:00:00+00:00,Arizona,home,24,23,19.83,0.8621739130434782,24,1,22,1,0,26,19,16.5,0.868421052631579,26,1,21,4,0
401636902,2024,2024-10-19 20:00:00+00:00,Baylor,away,16,16,13.89,0.868125,16,0,15,1,0,15,7,5.99,0.8557142857142858,15,0,15,0,0
401636897,2024,2024-10-19 20:00:00+00:00,Colorado,away,41,39,34.07,0.8735897435897436,40,1,32,7,0,41,28,24.009999999999998,0.8574999999999999,37,0,35,2,0
401643812,2024,2024-10-19 20:00:00+00:00,Georgia Southern,home,12,8,6.66,0.8325,10,1,8,1,0,18,3,2.54,0.8466666666666667,10,4,5,1,0
401643812,2024,2024-10-19 20:00:00+00:00,James Madison,away,26,17,14.3,0.8411764705882353,22,1,21,0,0,20,16,13.77,0.860625,16,0,15,1,0
401628521,2024,2024-10-19 20:00:00+00:00,Maryland,home,8,6,5.21,0.8683333333333333,7,0,7,0,0,13,8,6.97,0.87125,12,0,8,4,0
401643737,2024,2024-10-19 20:00:00+00:00,New Mexico,away,28,21,17.419999999999998,0.8295238095238094,26,0,25,1,0,23,15,12.59,0.8393333333333334,21,1,18,2,0
401643738,2024,2024-10-19 20:00:00+00:00,San José State,home,14,7,5.79,0.8271428571428572,12,1,11,0,0,25,13,11.17,0.8592307692307692,25,2,23,0,0
401636902,2024,2024-10-19 20:00:00+00:00,Texas Tech,home,16,15,13.06,0.8706666666666667,16,0,14,2,0,23,16,13.62,0.85125,21,0,20,1,0
401628521,2024,2024-10-19 20:00:00+00:00,USC,away,16,14,12.34,0.8814285714285715,16,2,9,5,0,29,24,21.09,0.87875,27,1,18,8,0
401643737,2024,2024-10-19 20:00:00+00:00,Utah State,home,20,14,11.69,0.835,18,1,17,0,0,26,9,7.68,0.8533333333333333,22,3,19,0,0
401643738,2024,2024-10-19 20:00:00+00:00,Wyoming,away,3,3,2.5,0.8333333333333334,3,0,3,0,0,13,2,1.69,0.845,8,2,6,0,0
401628394,2024,2024-10-19 20:15:00+00:00,Mississippi State,home,18,17,14.709999999999999,0.8652941176470588,17,0,16,1,0,26,20,17.32,0.866,25,1,20,4,0
401628394,2024,2024-10-19 20:15:00+00:00,Texas A&M,away,26,23,20.41,0.8873913043478261,25,1,16,8,0,30,24,21.07,0.8779166666666667,27,0,20,5,2
401628392,2024,2024-10-19 23:00:00+00:00,Arkansas,home,22,20,17.39,0.8695,22,1,18,3,0,30,23,19.86,0.8634782608695651,26,0,23,3,0
401643814,2024,2024-10-19 23:00:00+00:00,Arkansas State,away,17,16,13.35,0.834375,16,0,16,0,0,21,5,4.1899999999999995,0.8379999999999999,18,1,17,0,0
401628399,2024,2024-10-19 23:00:00+00:00,Ball State,away,11,10,8.27,0.827,10,0,10,0,0,14,6,5.14,0.8566666666666666,13,5,8,0,0
401628392,2024,2024-10-19 23:00:00+00:00,LSU,away,10,9,7.98,0.8866666666666667,9,0,6,3,0,27,22,19.24,0.8745454545454545,24,1,16,7,0
401643814,2024,2024-10-19 23:00:00+00:00,Southern Miss,home,17,17,14.39,0.8464705882352942,17,0,17,0,0,7,2,1.7,0.85,5,1,4,0,0
401628399,2024,2024-10-19 23:00:00+00:00,Vanderbilt,home,22,18,15.69,0.8716666666666666,22,1,20,1,0,23,16,13.98,0.87375,23,0,20,3,0
401628398,2024,2024-10-19 23:30:00+00:00,Georgia,away,11,9,8.15,0.9055555555555556,11,1,4,6,0,26,21,18.78,0.8942857142857144,25,2,13,10,0
401628520,2024,2024-10-19 23:30:00+00:00,Iowa,away,4,3,2.56,0.8533333333333334,4,0,4,0,0,12,8,6.82,0.8525,11,1,9,0,1
401636900,2024,2024-10-19 23:30:00+00:00,Iowa State,home,8,7,6.06,0.8657142857142857,8,0,8,0,0,21,9,7.64,0.8488888888888888,19,1,16,2,0
401636904,2024,2024-10-19 23:30:00+00:00,Kansas State,away,10,8,6.97,0.87125,9,0,7,2,0,17,10,8.629999999999999,0.8629999999999999,15,0,13,2,0
401645349,2024,2024-10-19 23:30:00+00:00,Memphis,home,30,27,22.96,0.8503703703703704,29,2,27,0,0,24,8,6.8,0.85,22,1,21,0,0
401628520,2024,2024-10-19 23:30:00+00:00,Michigan State,home,24,22,19.25,0.875,22,0,18,4,0,41,26,22.52,0.8661538461538462,38,1,34,3,0
401645349,2024,2024-10-19 23:30:00+00:00,North Texas,away,25,19,15.959999999999999,0.84,22,0,21,1,0,36,14,11.99,0.8564285714285714,34,2,31,1,0
401628398,2024,2024-10-19 23:30:00+00:00,Texas,home,10,10,9.09,0.909,10,0,4,5,1,24,22,19.16,0.870909090909091,24,0,21,3,0
401636900,2024,2024-10-19 23:30:00+00:00,UCF,away,25,24,20.91,0.87125,24,0,22,2,0,26,15,12.76,0.8506666666666667,23,0,19,3,1
401636904,2024,2024-10-19 23:30:00+00:00,West Virginia,home,13,13,11.27,0.8669230769230769,13,0,13,0,0,25,15,12.7,0.8466666666666666,22,2,19,1,0
401628393,2024,2024-10-19 23:45:00+00:00,Florida,home,15,15,13.39,0.8926666666666667,15,0,9,6,0,23,18,15.79,0.8772222222222221,21,0,17,4,0
401628393,2024,2024-10-19 23:45:00+00:00,Kentucky,away,12,11,9.7,0.8818181818181817,11,0,8,3,0,22,12,10.28,0.8566666666666666,20,1,17,2,0
401643734,2024,2024-10-20 00:00:00+00:00,Air Force,home,0,0,0.0,,0,0,0,0,0,11,1,0.86,0.86,8,3,5,0,0
401643734,2024,2024-10-20 00:00:00+00:00,Colorado State,away,11,6,5.06,0.8433333333333333,9,0,9,0,0,19,5,4.3,0.86,16,1,14,1,0
401635590,2024,2024-10-20 00:00:00+00:00,SMU,away,20,19,16.54,0.8705263157894736,19,0,18,1,0,16,7,5.92,0.8457142857142858,14,0,12,2,0
401635590,2024,2024-10-20 00:00:00+00:00,Stanford,home,4,3,2.58,0.86,4,1,3,0,0,14,6,5.22,0.87,14,1,12,1,0
401643739,2024,2024-10-20 02:00:00+00:00,Oregon State,home,16,16,13.77,0.860625,16,0,16,0,0,25,13,11.59,0.8915384615384615,24,1,15,8,0
401643739,2024,2024-10-20 02:00:00+00:00,UNLV,away,19,15,12.7,0.8466666666666666,18,0,17,1,0,19,10,8.51,0.851,17,2,14,1,0
401636903,2024,2024-10-20 02:30:00+00:00,TCU,away,23,22,19.18,0.8718181818181818,22,0,20,2,0,19,12,10.27,0.8558333333333333,19,0,15,4,0
401636903,2024,2024-10-20 02:30:00+00:00,Utah,home,11,11,9.71,0.8827272727272728,11,0,8,3,0,24,12,10.35,0.8624999999999999,21,2,15,4,0
401640984,2024,2024-10-22 23:30:00+00:00,Florida International,home,10,9,7.47,0.83,10,0,10,0,0,16,5,4.31,0.8619999999999999,13,1,11,1,0
401640984,2024,2024-10-22 23:30:00+00:00,Sam Houston,away,12,5,4.17,0.834,11,0,11,0,0,5,2,1.68,0.84,4,0,4,0,0
401641011,2024,2024-10-23 00:00:00+00:00,Louisiana Tech,home,12,9,7.59,0.8433333333333333,11,0,11,0,0,22,9,7.61,0.8455555555555556,18,2,14,2,0
401641011,2024,2024-10-23 00:00:00+00:00,UTEP,away,27,22,18.31,0.8322727272727272,26,1,24,1,0,37,14,11.9,0.85,30,7,23,0,0
401640993,2024,2024-10-23 23:00:00+00:00,Kennesaw State,home,10,8,6.51,0.81375,10,0,10,0,0,3,3,2.51,0.8366666666666666,3,0,3,0,0
401640993,2024,2024-10-23 23:00:00+00:00,Liberty,away,18,15,12.49,0.8326666666666667,18,0,17,1,0,17,9,7.76,0.8622222222222222,16,3,10,3,0
401641003,2024,2024-10-23 23:30:00+00:00,Jacksonville State,home,19,13,10.81,0.8315384615384616,18,1,17,0,0,14,11,9.26,0.8418181818181818,13,2,11,0,0
401641003,2024,2024-10-23 23:30:00+00:00,Middle Tennessee,away,12,8,6.68,0.835,11,0,11,0,0,28,11,9.47,0.860909090909091,24,3,20,1,0
401643815,2024,2024-10-24 23:00:00+00:00,Georgia Southern,away,12,8,6.66,0.8325,10,1,8,1,0,18,3,2.54,0.8466666666666667,10,4,5,1,0
401643815,2024,2024-10-24 23:00:00+00:00,Old Dominion,home,15,10,8.39,0.8390000000000001,14,0,14,0,0,32,13,11.22,0.8630769230769231,28,3,23,2,0
401634770,2024,2024-10-24 23:30:00+00:00,Pittsburgh,home,14,13,11.25,0.8653846153846154,14,1,13,0,0,20,8,6.99,0.87375,16,0,14,2,0
401634770,2024,2024-10-24 23:30:00+00:00,Syracuse,away,19,18,15.69,0.8716666666666666,19,1,16,2,0,28,17,14.379999999999999,0.8458823529411764,27,1,26,0,0
401634771,2024,2024-10-25 23:30:00+00:00,Boston College,home,10,10,8.71,0.8710000000000001,10,0,10,0,0,17,9,7.6,0.8444444444444444,17,1,16,0,0
401634771,2024,2024-10-25 23:30:00+00:00,Louisville,away,28,27,23.63,0.8751851851851852,28,1,23,4,0,29,26,22.22,0.8546153846153846,26,0,24,2,0
401643740,2024,2024-10-26 02:30:00+00:00,Boise State,away,8,8,6.79,0.84875,8,0,7,1,0,14,4,3.38,0.845,12,2,9,1,0
401643740,2024,2024-10-26 02:30:00+00:00,UNLV,home,19,15,12.7,0.8466666666666666,18,0,17,1,0,19,10,8.51,0.851,17,2,14,1,0
401628532,2024,2024-10-26 03:00:00+00:00,Rutgers,away,6,5,4.28,0.8560000000000001,6,1,4,1,0,15,6,5.07,0.8450000000000001,11,1,10,0,0
401628532,2024,2024-10-26 03:00:00+00:00,USC,home,16,14,12.34,0.8814285714285715,16,2,9,5,0,29,24,21.09,0.87875,27,1,18,8,0
401644755,2024,2024-10-26 16:00:00+00:00,Buffalo,away,17,9,7.43,0.8255555555555555,11,1,10,0,0,16,7,6.02,0.86,15,4,10,1,0
401645353,2024,2024-10-26 16:00:00+00:00,Charlotte,away,28,24,20.3,0.8458333333333333,27,0,27,0,0,29,7,5.99,0.8557142857142858,22,1,19,2,0
401635597,2024,2024-10-26 16:00:00+00:00,Georgia Tech,away,12,11,9.5,0.8636363636363636,12,0,12,0,0,31,19,16.11,0.8478947368421053,29,0,27,2,0
401628526,2024,2024-10-26 16:00:00+00:00,Indiana,home,30,27,23.41,0.867037037037037,28,1,25,2,0,39,28,24.05,0.8589285714285715,35,1,32,2,0
401645353,2024,2024-10-26 16:00:00+00:00,Memphis,home,30,27,22.96,0.8503703703703704,29,2,27,0,0,24,8,6.8,0.85,22,1,21,0,0
401628983,2024,2024-10-26 16:00:00+00:00,Navy,home,0,0,0.0,,0,0,0,0,0,6,2,1.73,0.865,4,2,2,0,0
401628530,2024,2024-10-26 16:00:00+00:00,Nebraska,away,8,7,6.2,0.8857142857142858,7,0,5,2,0,10,8,6.77,0.84625,10,0,9,1,0
401635598,2024,2024-10-26 16:00:00+00:00,North Carolina,away,10,10,8.66,0.866,10,0,9,1,0,23,15,12.86,0.8573333333333333,19,1,17,1,0
401645354,2024,2024-10-26 16:00:00+00:00,North Texas,home,25,19,15.959999999999999,0.84,22,0,21,1,0,36,14,11.99,0.8564285714285714,34,2,31,1,0
401628983,2024,2024-10-26 16:00:00+00:00,Notre Dame,away,9,8,7.11,0.88875,9,0,5,4,0,18,16,14.0,0.875,17,0,13,4,0
401644755,2024,2024-10-26 16:00:00+00:00,Ohio,home,21,12,9.9,0.8250000000000001,16,0,16,0,0,25,13,11.32,0.8707692307692307,25,4,19,2,0
401628530,2024,2024-10-26 16:00:00+00:00,Ohio State,home,7,7,6.5,0.9285714285714286,7,0,2,3,2,25,22,19.26,0.8754545454545455,25,1,20,4,0
401628402,2024,2024-10-26 16:00:00+00:00,Oklahoma,away,16,13,11.5,0.8846153846153846,16,2,10,4,0,25,20,17.36,0.868,23,0,19,4,0
401628402,2024,2024-10-26 16:00:00+00:00,Ole Miss,home,25,25,22.18,0.8872,25,0,16,8,1,24,18,15.469999999999999,0.8594444444444443,23,1,20,2,0
401645354,2024,2024-10-26 16:00:00+00:00,Tulane,away,22,17,14.62,0.86,21,2,18,1,0,24,8,6.96,0.87,23,2,19,2,0
401635598,2024,2024-10-26 16:00:00+00:00,Virginia,home,13,12,10.36,0.8633333333333333,12,0,12,0,0,16,3,2.4899999999999998,0.83,14,1,11,2,0
401635597,2024,2024-10-26 16:00:00+00:00,Virginia Tech,home,7,7,6.08,0.8685714285714285,7,0,7,0,0,18,13,11.0,0.8461538461538461,16,0,14,2,0
401628526,2024,2024-10-26 16:00:00+00:00,Washington,away,27,26,22.66,0.8715384615384616,26,0,19,7,0,30,22,19.36,0.88,28,3,18,7,0
401628403,2024,2024-10-26 16:45:00+00:00,Arkansas,away,22,20,17.39,0.8695,22,1,18,3,0,30,23,19.86,0.8634782608695651,26,0,23,3,0
401628403,2024,2024-10-26 16:45:00+00:00,Mississippi State,home,18,17,14.709999999999999,0.8652941176470588,17,0,16,1,0,26,20,17.32,0.866,25,1,20,4,0
401643816,2024,2024-10-26 17:00:00+00:00,App State,home,15,15,12.59,0.8393333333333334,15,0,15,0,0,21,4,3.38,0.845,17,3,14,0,0
401643816,2024,2024-10-26 17:00:00+00:00,Georgia State,away,31,28,23.189999999999998,0.8282142857142857,31,0,30,1,0,34,9,7.6899999999999995,0.8544444444444443,30,3,27,0,0
401644687,2024,2024-10-26 18:00:00+00:00,Central Michigan,away,6,4,3.33,0.8325,5,0,5,0,0,16,6,5.1,0.85,13,4,9,0,0
401645352,2024,2024-10-26 18:00:00+00:00,East Carolina,home,17,16,13.58,0.84875,16,0,16,0,0,33,11,9.26,0.8418181818181818,26,2,22,2,0
401644687,2024,2024-10-26 18:00:00+00:00,Miami (OH),home,5,2,1.67,0.835,4,0,4,0,0,11,4,3.5300000000000002,0.8825000000000001,11,2,8,1,0
401645352,2024,2024-10-26 18:00:00+00:00,Temple,away,15,12,10.09,0.8408333333333333,13,0,13,0,0,31,5,4.24,0.8480000000000001,24,4,20,0,0
401644752,2024,2024-10-26 19:30:00+00:00,Akron,home,15,11,9.27,0.8427272727272727,14,1,13,0,0,22,9,7.57,0.8411111111111111,21,4,17,0,0
401628400,2024,2024-10-26 19:30:00+00:00,Alabama,home,14,14,12.61,0.9007142857142857,14,0,6,7,1,38,28,25.27,0.9025,31,0,15,13,3
401636911,2024,2024-10-26 19:30:00+00:00,BYU,away,9,8,6.89,0.86125,9,0,8,1,0,16,5,4.2299999999999995,0.8459999999999999,16,2,13,1,0
401644753,2024,2024-10-26 19:30:00+00:00,Ball State,home,11,10,8.27,0.827,10,0,10,0,0,14,6,5.14,0.8566666666666666,13,5,8,0,0
401636906,2024,2024-10-26 19:30:00+00:00,Baylor,home,16,16,13.89,0.868125,16,0,15,1,0,15,7,5.99,0.8557142857142858,15,0,15,0,0
401644754,2024,2024-10-26 19:30:00+00:00,Bowling Green,away,13,10,8.37,0.837,11,0,11,0,0,15,3,2.64,0.88,10,0,9,1,0
401644752,2024,2024-10-26 19:30:00+00:00,Eastern Michigan,away,21,19,15.879999999999999,0.8357894736842105,19,0,19,0,0,24,10,8.48,0.8480000000000001,22,5,17,0,0
401628525,2024,2024-10-26 19:30:00+00:00,Illinois,away,12,11,9.53,0.8663636363636363,12,0,9,3,0,24,12,10.19,0.8491666666666666,23,4,18,1,0
401628527,2024,2024-10-26 19:30:00+00:00,Iowa,home,4,3,2.56,0.8533333333333334,4,0,4,0,0,12,8,6.82,0.8525,11,1,9,0,1
401643817,2024,2024-10-26 19:30:00+00:00,James Madison,home,26,17,14.3,0.8411764705882353,22,1,21,0,0,20,16,13.77,0.860625,16,0,15,1,0
401644756,2024,2024-10-26 19:30:00+00:00,Kent State,away,16,14,11.5,0.8214285714285714,16,0,16,0,0,17,6,5.13,0.855,15,2,13,0,0
401628528,2024,2024-10-26 19:30:00+00:00,Maryland,away,8,6,5.21,0.8683333333333333,7,0,7,0,0,13,8,6.97,0.87125,12,0,8,4,0
401645308,2024,2024-10-26 19:30:00+00:00,Massachusetts,home,29,22,18.38,0.8354545454545454,25,1,24,0,0,23,8,6.7,0.8375,18,5,12,1,0
401628528,2024,2024-10-26 19:30:00+00:00,Minnesota,home,12,12,10.48,0.8733333333333334,12,0,9,3,0,18,7,5.89,0.8414285714285714,17,1,15,1,0
401628400,2024,2024-10-26 19:30:00+00:00,Missouri,away,15,14,12.45,0.8892857142857142,15,1,10,4,0,19,14,11.76,0.84,17,0,17,0,0
401644753,2024,2024-10-26 19:30:00+00:00,Northern Illinois,away,6,6,5.029999999999999,0.8383333333333333,6,0,6,0,0,18,5,4.1899999999999995,0.8379999999999999,14,7,6,1,0
401628527,2024,2024-10-26 19:30:00+00:00,Northwestern,away,6,6,5.07,0.8450000000000001,6,0,6,0,0,12,9,7.76,0.8622222222222222,11,0,11,0,0
401636906,2024,2024-10-26 19:30:00+00:00,Oklahoma State,away,8,8,6.95,0.86875,8,0,8,0,0,11,7,5.9,0.8428571428571429,10,0,10,0,0
401628525,2024,2024-10-26 19:30:00+00:00,Oregon,home,14,13,11.76,0.9046153846153846,14,0,7,6,1,20,16,13.85,0.865625,18,0,14,4,0
401629035,2024,2024-10-26 19:30:00+00:00,Rice,away,10,8,6.65,0.83125,10,0,10,0,0,3,3,2.57,0.8566666666666666,3,0,3,0,0
401643817,2024,2024-10-26 19:30:00+00:00,Southern Miss,away,17,17,14.39,0.8464705882352942,17,0,17,0,0,7,2,1.7,0.85,5,1,4,0,0
401635599,2024,2024-10-26 19:30:00+00:00,Stanford,home,4,3,2.58,0.86,4,1,3,0,0,14,6,5.22,0.87,14,1,12,1,0
401636910,2024,2024-10-26 19:30:00+00:00,TCU,home,23,22,19.18,0.8718181818181818,22,0,20,2,0,19,12,10.27,0.8558333333333333,19,0,15,4,0
401636910,2024,2024-10-26 19:30:00+00:00,Texas Tech,away,16,15,13.06,0.8706666666666667,16,0,14,2,0,23,16,13.62,0.85125,21,0,20,1,0
401644754,2024,2024-10-26 19:30:00+00:00,Toledo,home,7,7,5.859999999999999,0.8371428571428571,7,0,7,0,0,11,3,2.67,0.89,11,3,7,1,0
401645355,2024,2024-10-26 19:30:00+00:00,Tulsa,home,12,10,8.39,0.8390000000000001,12,0,12,0,0,24,11,9.31,0.8463636363636364,23,4,19,0,0
401636911,2024,2024-10-26 19:30:00+00:00,UCF,home,25,24,20.91,0.87125,24,0,22,2,0,26,15,12.76,0.8506666666666667,23,0,19,3,1
401629035,2024,2024-10-26 19:30:00+00:00,UConn,home,24,20,16.759999999999998,0.8379999999999999,23,1,22,0,0,19,9,7.66,0.8511111111111112,18,1,16,1,0
401645355,2024,2024-10-26 19:30:00+00:00,UTSA,away,15,13,11.04,0.8492307692307691,15,0,14,1,0,12,3,2.68,0.8933333333333334,11,0,9,2,0
401645308,2024,2024-10-26 19:30:00+00:00,Wagner,away,2,0,0.0,,2,0,2,0,0,1,0,0.0,,0,0,0,0,0
401635599,2024,2024-10-26 19:30:00+00:00,Wake Forest,away,5,5,4.28,0.8560000000000001,5,0,5,0,0,15,10,8.53,0.853,15,1,13,1,0
401644756,2024,2024-10-26 19:30:00+00:00,Western Michigan,home,11,10,8.43,0.843,10,0,10,0,0,23,3,2.54,0.8466666666666667,21,5,16,0,0
401635594,2024,2024-10-26 20:00:00+00:00,California,home,23,23,19.94,0.8669565217391305,23,0,19,4,0,23,15,12.78,0.852,23,0,21,2,0
401635594,2024,2024-10-26 20:00:00+00:00,Oregon State,away,16,16,13.77,0.860625,16,0,16,0,0,25,13,11.59,0.8915384615384615,24,1,15,8,0
401628405,2024,2024-10-26 20:15:00+00:00,Texas,away,10,10,9.09,0.909,10,0,4,5,1,24,22,19.16,0.870909090909091,24,0,21,3,0
401628405,2024,2024-10-26 20:15:00+00:00,Vanderbilt,home,22,18,15.69,0.8716666666666666,22,1,20,1,0,23,16,13.98,0.87375,23,0,20,3,0
401643741,2024,2024-10-26 21:00:00+00:00,Colorado State,home,11,6,5.06,0.8433333333333333,9,0,9,0,0,19,5,4.3,0.86,16,1,14,1,0
401643741,2024,2024-10-26 21:00:00+00:00,New Mexico,away,28,21,17.419999999999998,0.8295238095238094,26,0,25,1,0,23,15,12.59,0.8393333333333334,21,1,18,2,0
401643819,2024,2024-10-26 21:00:00+00:00,South Alabama,home,15,8,6.609999999999999,0.8262499999999999,14,1,13,0,0,15,5,4.41,0.882,12,2,7,3,0
401643819,2024,2024-10-26 21:00:00+00:00,UL Monroe,away,16,13,10.66,0.8200000000000001,16,1,15,0,0,25,12,10.1,0.8416666666666667,21,3,17,1,0
401636905,2024,2024-10-26 23:00:00+00:00,Arizona,home,24,23,19.83,0.8621739130434782,24,1,22,1,0,26,19,16.5,0.868421052631579,26,1,21,4,0
401643818,2024,2024-10-26 23:00:00+00:00,Arkansas State,home,17,16,13.35,0.834375,16,0,16,0,0,21,5,4.1899999999999995,0.8379999999999999,18,1,17,0,0
401635596,2024,2024-10-26 23:00:00+00:00,Florida State,away,17,17,15.19,0.8935294117647059,17,0,7,10,0,18,15,12.86,0.8573333333333333,17,1,16,0,0
401636908,2024,2024-10-26 23:00:00+00:00,Houston,home,27,27,23.34,0.8644444444444445,27,0,26,1,0,32,22,18.91,0.8595454545454545,30,0,24,6,0
401635596,2024,2024-10-26 23:00:00+00:00,Miami,home,14,14,12.46,0.89,14,0,8,6,0,28,23,20.16,0.8765217391304347,26,0,21,5,0
401643818,2024,2024-10-26 23:00:00+00:00,Troy,away,10,7,5.89,0.8414285714285714,9,1,7,1,0,23,12,10.12,0.8433333333333333,19,0,19,0,0
401636908,2024,2024-10-26 23:00:00+00:00,Utah,away,11,11,9.71,0.8827272727272728,11,0,8,3,0,24,12,10.35,0.8624999999999999,21,2,15,4,0
401643745,2024,2024-10-26 23:00:00+00:00,Utah State,away,20,14,11.69,0.835,18,1,17,0,0,26,9,7.68,0.8533333333333333,22,3,19,0,0
401636905,2024,2024-10-26 23:00:00+00:00,West Virginia,away,13,13,11.27,0.8669230769230769,13,0,13,0,0,25,15,12.7,0.8466666666666666,22,2,19,1,0
401643745,2024,2024-10-26 23:00:00+00:00,Wyoming,home,3,3,2.5,0.8333333333333334,3,0,3,0,0,13,2,1.69,0.845,8,2,6,0,0
401628404,2024,2024-10-26 23:30:00+00:00,LSU,away,10,9,7.98,0.8866666666666667,9,0,6,3,0,27,22,19.24,0.8745454545454545,24,1,16,7,0
401628529,2024,2024-10-26 23:30:00+00:00,Michigan,home,7,7,6.1,0.8714285714285713,7,0,6,1,0,17,13,11.4,0.8769230769230769,16,0,14,2,0
401628529,2024,2024-10-26 23:30:00+00:00,Michigan State,away,24,22,19.25,0.875,22,0,18,4,0,41,26,22.52,0.8661538461538462,38,1,34,3,0
401628531,2024,2024-10-26 23:30:00+00:00,Penn State,away,6,5,4.49,0.898,5,0,3,2,0,13,8,7.04,0.88,12,0,10,2,0
401628404,2024,2024-10-26 23:30:00+00:00,Texas A&M,home,26,23,20.41,0.8873913043478261,25,1,16,8,0,30,24,21.07,0.8779166666666667,27,0,20,5,2
401628531,2024,2024-10-26 23:30:00+00:00,Wisconsin,home,16,14,12.36,0.8828571428571428,15,0,12,3,0,24,16,13.83,0.864375,21,1,20,0,0
401628401,2024,2024-10-26 23:45:00+00:00,Auburn,away,15,14,12.31,0.8792857142857143,15,0,13,2,0,23,16,13.75,0.859375,21,0,21,0,0
401628401,2024,2024-10-26 23:45:00+00:00,Kentucky,home,12,11,9.7,0.8818181818181817,11,0,8,3,0,22,12,10.28,0.8566666666666666,20,1,17,2,0
401635595,2024,2024-10-27 00:00:00+00:00,Duke,home,18,16,13.79,0.861875,16,0,14,2,0,18,8,7.07,0.88375,17,1,13,3,0
401643742,2024,2024-10-27 00:00:00+00:00,Fresno State,home,7,7,6.0,0.8571428571428571,7,0,6,1,0,11,3,2.56,0.8533333333333334,8,1,7,0,0
401636909,2024,2024-10-27 00:00:00+00:00,Kansas,away,11,10,8.71,0.8710000000000001,10,0,9,1,0,13,4,3.42,0.855,9,0,9,0,0
401636909,2024,2024-10-27 00:00:00+00:00,Kansas State,home,10,8,6.97,0.87125,9,0,7,2,0,17,10,8.629999999999999,0.8629999999999999,15,0,13,2,0
401635595,2024,2024-10-27 00:00:00+00:00,SMU,away,20,19,16.54,0.8705263157894736,19,0,18,1,0,16,7,5.92,0.8457142857142858,14,0,12,2,0
401643742,2024,2024-10-27 00:00:00+00:00,San José State,away,14,7,5.79,0.8271428571428572,12,1,11,0,0,25,13,11.17,0.8592307692307692,25,2,23,0,0
401636907,2024,2024-10-27 02:15:00+00:00,Cincinnati,away,24,22,19.03,0.8650000000000001,23,0,22,1,0,32,18,15.16,0.8422222222222222,29,1,27,1,0
401636907,2024,2024-10-27 02:15:00+00:00,Colorado,home,41,39,34.07,0.8735897435897436,40,1,32,7,0,41,28,24.009999999999998,0.8574999999999999,37,0,35,2,0
401643744,2024,2024-10-27 02:30:00+00:00,San Diego State,home,24,22,18.689999999999998,0.8495454545454545,23,0,23,0,0,36,14,12.22,0.8728571428571429,34,3,28,3,0
401643744,2024,2024-10-27 02:30:00+00:00,Washington State,away,12,11,9.41,0.8554545454545455,11,0,11,0,0,27,10,8.49,0.849,23,2,19,2,0
401643743,2024,2024-10-27 03:59:00+00:00,Hawai'i,home,6,4,3.4,0.85,6,1,5,0,0,10,1,0.87,0.87,7,2,5,0,0
401643743,2024,2024-10-27 03:59:00+00:00,Nevada,away,22,17,14.24,0.8376470588235294,19,1,18,0,0,23,7,5.95,0.85,19,3,16,0,0
401640985,2024,2024-10-29 23:00:00+00:00,Florida International,home,10,9,7.47,0.83,10,0,10,0,0,16,5,4.31,0.8619999999999999,13,1,11,1,0
401640985,2024,2024-10-29 23:00:00+00:00,New Mexico State,away,13,7,5.88,0.84,12,1,11,0,0,38,23,19.72,0.8573913043478261,32,2,29,1,0
401643820,2024,2024-10-29 23:30:00+00:00,Louisiana,away,7,5,4.27,0.8539999999999999,7,0,7,0,0,6,2,1.77,0.885,6,0,6,0,0
401643820,2024,2024-10-29 23:30:00+00:00,Texas State,home,30,23,19.41,0.8439130434782609,28,1,27,0,0,22,8,6.84,0.855,18,2,15,1,0
401641012,2024,2024-10-30 00:00:00+00:00,Louisiana Tech,away,12,9,7.59,0.8433333333333333,11,0,11,0,0,22,9,7.61,0.8455555555555556,18,2,14,2,0
401641012,2024,2024-10-30 00:00:00+00:00,Sam Houston,home,12,5,4.17,0.834,11,0,11,0,0,5,2,1.68,0.84,4,0,4,0,0
401640994,2024,2024-10-30 23:00:00+00:00,Jacksonville State,away,19,13,10.81,0.8315384615384616,18,1,17,0,0,14,11,9.26,0.8418181818181818,13,2,11,0,0
401640994,2024,2024-10-30 23:00:00+00:00,Liberty,home,18,15,12.49,0.8326666666666667,18,0,17,1,0,17,9,7.76,0.8622222222222222,16,3,10,3,0
401641020,2024,2024-10-30 23:30:00+00:00,Kennesaw State,away,10,8,6.51,0.81375,10,0,10,0,0,3,3,2.51,0.8366666666666666,3,0,3,0,0
401641020,2024,2024-10-30 23:30:00+00:00,Western Kentucky,home,21,15,12.719999999999999,0.848,19,1,17,1,0,28,9,7.79,0.8655555555555555,21,3,15,3,0
401645356,2024,2024-10-31 23:30:00+00:00,Charlotte,home,28,24,20.3,0.8458333333333333,27,0,27,0,0,29,7,5.99,0.8557142857142858,22,1,19,2,0
401645356,2024,2024-10-31 23:30:00+00:00,Tulane,away,22,17,14.62,0.86,21,2,18,1,0,24,8,6.96,0.87,23,2,19,2,0
401629036,2024,2024-11-01 23:00:00+00:00,Georgia State,away,31,28,23.189999999999998,0.8282142857142857,31,0,30,1,0,34,9,7.6899999999999995,0.8544444444444443,30,3,27,0,0
401629036,2024,2024-11-01 23:00:00+00:00,UConn,home,24,20,16.759999999999998,0.8379999999999999,23,1,22,0,0,19,9,7.66,0.8511111111111112,18,1,16,1,0
401645357,2024,2024-11-01 23:30:00+00:00,Florida Atlantic,home,20,17,14.26,0.8388235294117647,19,1,18,0,0,34,12,10.26,0.855,32,1,31,0,0
401645357,2024,2024-11-01 23:30:00+00:00,South Florida,away,14,8,6.76,0.845,14,0,14,0,0,20,6,5.06,0.8433333333333333,19,0,18,1,0
401643747,2024,2024-11-02 00:00:00+00:00,Boise State,home,8,8,6.79,0.84875,8,0,7,1,0,14,4,3.38,0.845,12,2,9,1,0
401643747,2024,2024-11-02 00:00:00+00:00,San Diego State,away,24,22,18.689999999999998,0.8495454545454545,23,0,23,0,0,36,14,12.22,0.8728571428571429,34,3,28,3,0
401643746,2024,2024-11-02 16:00:00+00:00,Air Force,away,0,0,0.0,,0,0,0,0,0,11,1,0.86,0.86,8,3,5,0,0
401644757,2024,2024-11-02 16:00:00+00:00,Akron,home,15,11,9.27,0.8427272727272727,14,1,13,0,0,22,9,7.57,0.8411111111111111,21,4,17,0,0
401628406,2024,2024-11-02 16:00:00+00:00,Arkansas,home,22,20,17.39,0.8695,22,1,18,3,0,30,23,19.86,0.8634782608695651,26,0,23,3,0
401643746,2024,2024-11-02 16:00:00+00:00,Army,home,0,0,0.0,,0,0,0,0,0,9,2,1.71,0.855,5,0,5,0,0
401644757,2024,2024-11-02 16:00:00+00:00,Buffalo,away,17,9,7.43,0.8255555555555555,11,1,10,0,0,16,7,6.02,0.86,15,4,10,1,0
401635601,2024,2024-11-02 16:00:00+00:00,Duke,away,18,16,13.79,0.861875,16,0,14,2,0,18,8,7.07,0.88375,17,1,13,3,0
401644758,2024,2024-11-02 16:00:00+00:00,Eastern Michigan,home,21,19,15.879999999999999,0.8357894736842105,19,0,19,0,0,24,10,8.48,0.8480000000000001,22,5,17,0,0
401628533,2024,2024-11-02 16:00:00+00:00,Illinois,home,12,11,9.53,0.8663636363636363,12,0,9,3,0,24,12,10.19,0.8491666666666666,23,4,18,1,0
401628410,2024,2024-11-02 16:00:00+00:00,Maine,away,3,0,0.0,,2,1,1,0,0,5,4,3.35,0.8375,4,0,4,0,0
401645359,2024,2024-11-02 16:00:00+00:00,Memphis,away,30,27,22.96,0.8503703703703704,29,2,27,0,0,24,8,6.8,0.85,22,1,21,0,0
401635601,2024,2024-11-02 16:00:00+00:00,Miami,home,14,14,12.46,0.89,14,0,8,6,0,28,23,20.16,0.8765217391304347,26,0,21,5,0
401628533,2024,2024-11-02 16:00:00+00:00,Minnesota,away,12,12,10.48,0.8733333333333334,12,0,9,3,0,18,7,5.89,0.8414285714285714,17,1,15,1,0
401635516,2024,2024-11-02 16:00:00+00:00,NC State,home,15,15,13.25,0.8833333333333333,15,0,11,4,0,22,15,12.77,0.8513333333333333,22,0,21,1,0
401628538,2024,2024-11-02 16:00:00+00:00,Northwestern,away,6,6,5.07,0.8450000000000001,6,0,6,0,0,12,9,7.76,0.8622222222222222,11,0,11,0,0
401628539,2024,2024-11-02 16:00:00+00:00,Ohio State,away,7,7,6.5,0.9285714285714286,7,0,2,3,2,25,22,19.26,0.8754545454545455,25,1,20,4,0
401628410,2024,2024-11-02 16:00:00+00:00,Oklahoma,home,16,13,11.5,0.8846153846153846,16,2,10,4,0,25,20,17.36,0.868,23,0,19,4,0
401628406,2024,2024-11-02 16:00:00+00:00,Ole Miss,away,25,25,22.18,0.8872,25,0,16,8,1,24,18,15.469999999999999,0.8594444444444443,23,1,20,2,0
401628539,2024,2024-11-02 16:00:00+00:00,Penn State,home,6,5,4.49,0.898,5,0,3,2,0,13,8,7.04,0.88,12,0,10,2,0
401628538,2024,2024-11-02 16:00:00+00:00,Purdue,home,18,16,13.95,0.871875,18,2,15,1,0,28,19,16.23,0.8542105263157895,26,1,22,3,0
401635516,2024,2024-11-02 16:00:00+00:00,Stanford,away,4,3,2.58,0.86,4,1,3,0,0,14,6,5.22,0.87,14,1,12,1,0
401635604,2024,2024-11-02 16:00:00+00:00,Syracuse,home,19,18,15.69,0.8716666666666666,19,1,16,2,0,28,17,14.379999999999999,0.8458823529411764,27,1,26,0,0
401644758,2024,2024-11-02 16:00:00+00:00,Toledo,away,7,7,5.859999999999999,0.8371428571428571,7,0,7,0,0,11,3,2.67,0.89,11,3,7,1,0
401645359,2024,2024-11-02 16:00:00+00:00,UTSA,home,15,13,11.04,0.8492307692307691,15,0,14,1,0,12,3,2.68,0.8933333333333334,11,0,9,2,0
401635604,2024,2024-11-02 16:00:00+00:00,Virginia Tech,away,7,7,6.08,0.8685714285714285,7,0,7,0,0,18,13,11.0,0.8461538461538461,16,0,14,2,0
401628407,2024,2024-11-02 16:45:00+00:00,Auburn,home,15,14,12.31,0.8792857142857143,15,0,13,2,0,23,16,13.75,0.859375,21,0,21,0,0
401628407,2024,2024-11-02 16:45:00+00:00,Vanderbilt,away,22,18,15.69,0.8716666666666666,22,1,20,1,0,23,16,13.98,0.87375,23,0,20,3,0
401643821,2024,2024-11-02 18:30:00+00:00,App State,home,15,15,12.59,0.8393333333333334,15,0,15,0,0,21,4,3.38,0.845,17,3,14,0,0
401643821,2024,2024-11-02 18:30:00+00:00,Old Dominion,away,15,10,8.39,0.8390000000000001,14,0,14,0,0,32,13,11.22,0.8630769230769231,28,3,23,2,0
401645358,2024,2024-11-02 18:30:00+00:00,Tulsa,away,12,10,8.39,0.8390000000000001,12,0,12,0,0,24,11,9.31,0.8463636363636364,23,4,19,0,0
401645358,2024,2024-11-02 18:30:00+00:00,UAB,home,19,12,10.02,0.835,18,0,18,0,0,21,7,5.85,0.8357142857142856,19,4,14,1,0
401636916,2024,2024-11-02 19:30:00+00:00,Arizona,away,24,23,19.83,0.8621739130434782,24,1,22,1,0,26,19,16.5,0.868421052631579,26,1,21,4,0
401636915,2024,2024-11-02 19:30:00+00:00,Arizona State,away,28,26,22.53,0.8665384615384616,27,0,25,2,0,28,18,15.59,0.866111111111111,24,1,19,4,0
401628408,2024,2024-11-02 19:30:00+00:00,Florida,away,15,15,13.39,0.8926666666666667,15,0,9,6,0,23,18,15.79,0.8772222222222221,21,0,17,4,0
401635602,2024,2024-11-02 19:30:00+00:00,Florida State,home,17,17,15.19,0.8935294117647059,17,0,7,10,0,18,15,12.86,0.8573333333333333,17,1,16,0,0
401628408,2024,2024-11-02 19:30:00+00:00,Georgia,home,11,9,8.15,0.9055555555555556,11,1,4,6,0,26,21,18.78,0.8942857142857144,25,2,13,10,0
401636913,2024,2024-11-02 19:30:00+00:00,Houston,home,27,27,23.34,0.8644444444444445,27,0,26,1,0,32,22,18.91,0.8595454545454545,30,0,24,6,0
401628534,2024,2024-11-02 19:30:00+00:00,Indiana,away,30,27,23.41,0.867037037037037,28,1,25,2,0,39,28,24.05,0.8589285714285715,35,1,32,2,0
401636914,2024,2024-11-02 19:30:00+00:00,Iowa State,home,8,7,6.06,0.8657142857142857,8,0,8,0,0,21,9,7.64,0.8488888888888888,19,1,16,2,0
401636913,2024,2024-11-02 19:30:00+00:00,Kansas State,away,10,8,6.97,0.87125,9,0,7,2,0,17,10,8.629999999999999,0.8629999999999999,15,0,13,2,0
401643822,2024,2024-11-02 19:30:00+00:00,Marshall,home,28,21,17.74,0.8447619047619047,26,0,26,0,0,33,12,10.22,0.8516666666666667,29,6,22,1,0
401628536,2024,2024-11-02 19:30:00+00:00,Michigan,home,7,7,6.1,0.8714285714285713,7,0,6,1,0,17,13,11.4,0.8769230769230769,16,0,14,2,0
401628534,2024,2024-11-02 19:30:00+00:00,Michigan State,home,24,22,19.25,0.875,22,0,18,4,0,41,26,22.52,0.8661538461538462,38,1,34,3,0
401641026,2024,2024-11-02 19:30:00+00:00,Middle Tennessee,away,12,8,6.68,0.835,11,0,11,0,0,28,11,9.47,0.860909090909091,24,3,20,1,0
401628537,2024,2024-11-02 19:30:00+00:00,Nebraska,home,8,7,6.2,0.8857142857142858,7,0,5,2,0,10,8,6.77,0.84625,10,0,9,1,0
401635602,2024,2024-11-02 19:30:00+00:00,North Carolina,away,10,10,8.66,0.866,10,0,9,1,0,23,15,12.86,0.8573333333333333,19,1,17,1,0
401636915,2024,2024-11-02 19:30:00+00:00,Oklahoma State,home,8,8,6.95,0.86875,8,0,8,0,0,11,7,5.9,0.8428571428571429,10,0,10,0,0
401628536,2024,2024-11-02 19:30:00+00:00,Oregon,away,14,13,11.76,0.9046153846153846,14,0,7,6,1,20,16,13.85,0.865625,18,0,14,4,0
401636914,2024,2024-11-02 19:30:00+00:00,Texas Tech,away,16,15,13.06,0.8706666666666667,16,0,14,2,0,23,16,13.62,0.85125,21,0,20,1,0
401636916,2024,2024-11-02 19:30:00+00:00,UCF,home,25,24,20.91,0.87125,24,0,22,2,0,26,15,12.76,0.8506666666666667,23,0,19,3,1
401628537,2024,2024-11-02 19:30:00+00:00,UCLA,away,21,16,13.83,0.864375,16,0,14,2,0,17,14,12.09,0.8635714285714285,17,1,13,3,0
401643822,2024,2024-11-02 19:30:00+00:00,UL Monroe,away,16,13,10.66,0.8200000000000001,16,1,15,0,0,25,12,10.1,0.8416666666666667,21,3,17,1,0
401641026,2024,2024-11-02 19:30:00+00:00,UTEP,home,27,22,18.31,0.8322727272727272,26,1,24,1,0,37,14,11.9,0.85,30,7,23,0,0
401643824,2024,2024-11-02 20:00:00+00:00,Coastal Carolina,away,18,12,10.1,0.8416666666666667,16,0,15,1,0,29,12,9.99,0.8325,25,4,20,1,0
401645360,2024,2024-11-02 20:00:00+00:00,Navy,away,0,0,0.0,,0,0,0,0,0,6,2,1.73,0.865,4,2,2,0,0
401643750,2024,2024-11-02 20:00:00+00:00,New Mexico,home,28,21,17.419999999999998,0.8295238095238094,26,0,25,1,0,23,15,12.59,0.8393333333333334,21,1,18,2,0
401645360,2024,2024-11-02 20:00:00+00:00,Rice,home,10,8,6.65,0.83125,10,0,10,0,0,3,3,2.57,0.8566666666666666,3,0,3,0,0
401643824,2024,2024-11-02 20:00:00+00:00,Troy,home,10,7,5.89,0.8414285714285714,9,1,7,1,0,23,12,10.12,0.8433333333333333,19,0,19,0,0
401643750,2024,2024-11-02 20:00:00+00:00,Wyoming,away,3,3,2.5,0.8333333333333334,3,0,3,0,0,13,2,1.69,0.845,8,2,6,0,0
401628409,2024,2024-11-02 20:15:00+00:00,Massachusetts,away,29,22,18.38,0.8354545454545454,25,1,24,0,0,23,8,6.7,0.8375,18,5,12,1,0
401628409,2024,2024-11-02 20:15:00+00:00,Mississippi State,home,18,17,14.709999999999999,0.8652941176470588,17,0,16,1,0,26,20,17.32,0.866,25,1,20,4,0
401643749,2024,2024-11-02 23:00:00+00:00,Fresno State,home,7,7,6.0,0.8571428571428571,7,0,6,1,0,11,3,2.56,0.8533333333333334,8,1,7,0,0
401643749,2024,2024-11-02 23:00:00+00:00,Hawai'i,away,6,4,3.4,0.85,6,1,5,0,0,10,1,0.87,0.87,7,2,5,0,0
401635600,2024,2024-11-02 23:30:00+00:00,Clemson,home,0,0,0.0,,0,0,0,0,0,11,9,7.92,0.88,11,1,8,2,0
401643823,2024,2024-11-02 23:30:00+00:00,Georgia Southern,away,12,8,6.66,0.8325,10,1,8,1,0,18,3,2.54,0.8466666666666667,10,4,5,1,0
401628535,2024,2024-11-02 23:30:00+00:00,Iowa,home,4,3,2.56,0.8533333333333334,4,0,4,0,0,12,8,6.82,0.8525,11,1,9,0,1
401635600,2024,2024-11-02 23:30:00+00:00,Louisville,away,28,27,23.63,0.8751851851851852,28,1,23,4,0,29,26,22.22,0.8546153846153846,26,0,24,2,0
401643823,2024,2024-11-02 23:30:00+00:00,South Alabama,home,15,8,6.609999999999999,0.8262499999999999,14,1,13,0,0,15,5,4.41,0.882,12,2,7,3,0
401628411,2024,2024-11-02 23:30:00+00:00,South Carolina,home,22,20,17.59,0.8795,22,0,18,4,0,26,16,13.73,0.858125,24,0,21,3,0
401628411,2024,2024-11-02 23:30:00+00:00,Texas A&M,away,26,23,20.41,0.8873913043478261,25,1,16,8,0,30,24,21.07,0.8779166666666667,27,0,20,5,2
401628540,2024,2024-11-02 23:30:00+00:00,USC,away,16,14,12.34,0.8814285714285715,16,2,9,5,0,29,24,21.09,0.87875,27,1,18,8,0
401628540,2024,2024-11-02 23:30:00+00:00,Washington,home,27,26,22.66,0.8715384615384616,26,0,19,7,0,30,22,19.36,0.88,28,3,18,7,0
401628535,2024,2024-11-02 23:30:00+00:00,Wisconsin,away,16,14,12.36,0.8828571428571428,15,0,12,3,0,24,16,13.83,0.864375,21,1,20,0,0
401628412,2024,2024-11-02 23:45:00+00:00,Kentucky,away,12,11,9.7,0.8818181818181817,11,0,8,3,0,22,12,10.28,0.8566666666666666,20,1,17,2,0
401628412,2024,2024-11-02 23:45:00+00:00,Tennessee,home,9,8,7.17,0.89625,9,0,5,4,0,16,11,9.57,0.87,14,0,13,1,0
401636912,2024,2024-11-03 00:00:00+00:00,Baylor,home,16,16,13.89,0.868125,16,0,15,1,0,15,7,5.99,0.8557142857142858,15,0,15,0,0
401643748,2024,2024-11-03 00:00:00+00:00,Colorado State,away,11,6,5.06,0.8433333333333333,9,0,9,0,0,19,5,4.3,0.86,16,1,14,1,0
401643748,2024,2024-11-03 00:00:00+00:00,Nevada,home,22,17,14.24,0.8376470588235294,19,1,18,0,0,23,7,5.95,0.85,19,3,16,0,0
401635627,2024,2024-11-03 00:00:00+00:00,Pittsburgh,away,14,13,11.25,0.8653846153846154,14,1,13,0,0,20,8,6.99,0.87375,16,0,14,2,0
401635627,2024,2024-11-03 00:00:00+00:00,SMU,home,20,19,16.54,0.8705263157894736,19,0,18,1,0,16,7,5.92,0.8457142857142858,14,0,12,2,0
401636912,2024,2024-11-03 00:00:00+00:00,TCU,away,23,22,19.18,0.8718181818181818,22,0,20,2,0,19,12,10.27,0.8558333333333333,19,0,15,4,0
401644760,2024,2024-11-06 00:30:00+00:00,Bowling Green,away,13,10,8.37,0.837,11,0,11,0,0,15,3,2.64,0.88,10,0,9,1,0
401644760,2024,2024-11-06 00:30:00+00:00,Central Michigan,home,6,4,3.33,0.8325,5,0,5,0,0,16,6,5.1,0.85,13,4,9,0,0
401644688,2024,2024-11-06 01:00:00+00:00,Ball State,home,11,10,8.27,0.827,10,0,10,0,0,14,6,5.14,0.8566666666666666,13,5,8,0,0
401644688,2024,2024-11-06 01:00:00+00:00,Miami (OH),away,5,2,1.67,0.835,4,0,4,0,0,11,4,3.5300000000000002,0.8825000000000001,11,2,8,1,0
401644761,2024,2024-11-07 00:00:00+00:00,Kent State,home,16,14,11.5,0.8214285714285714,16,0,16,0,0,17,6,5.13,0.855,15,2,13,0,0
401644762,2024,2024-11-07 00:00:00+00:00,Northern Illinois,away,6,6,5.029999999999999,0.8383333333333333,6,0,6,0,0,18,5,4.1899999999999995,0.8379999999999999,14,7,6,1,0
401644761,2024,2024-11-07 00:00:00+00:00,Ohio,away,21,12,9.9,0.8250000000000001,16,0,16,0,0,25,13,11.32,0.8707692307692307,25,4,19,2,0
401644762,2024,2024-11-07 00:00:00+00:00,Western Michigan,home,11,10,8.43,0.843,10,0,10,0,0,23,3,2.54,0.8466666666666667,21,5,16,0,0
401643825,2024,2024-11-08 01:00:00+00:00,App State,away,15,15,12.59,0.8393333333333334,15,0,15,0,0,21,4,3.38,0.845,17,3,14,0,0
401643825,2024,2024-11-08 01:00:00+00:00,Coastal Carolina,home,18,12,10.1,0.8416666666666667,16,0,15,1,0,29,12,9.99,0.8325,25,4,20,1,0
401645361,2024,2024-11-08 01:00:00+00:00,East Carolina,home,17,16,13.58,0.84875,16,0,16,0,0,33,11,9.26,0.8418181818181818,26,2,22,2,0
401645361,2024,2024-11-08 01:00:00+00:00,Florida Atlantic,away,20,17,14.26,0.8388235294117647,19,1,18,0,0,34,12,10.26,0.855,32,1,31,0,0
401634773,2024,2024-11-09 01:00:00+00:00,California,away,23,23,19.94,0.8669565217391305,23,0,19,4,0,23,15,12.78,0.852,23,0,21,2,0
401634773,2024,2024-11-09 01:00:00+00:00,Wake Forest,home,5,5,4.28,0.8560000000000001,5,0,5,0,0,15,10,8.53,0.853,15,1,13,1,0
401628542,2024,2024-11-09 02:00:00+00:00,Iowa,away,4,3,2.56,0.8533333333333334,4,0,4,0,0,12,8,6.82,0.8525,11,1,9,0,1
401645362,2024,2024-11-09 02:00:00+00:00,Memphis,home,30,27,22.96,0.8503703703703704,29,2,27,0,0,24,8,6.8,0.85,22,1,21,0,0
401645362,2024,2024-11-09 02:00:00+00:00,Rice,away,10,8,6.65,0.83125,10,0,10,0,0,3,3,2.57,0.8566666666666666,3,0,3,0,0
401628542,2024,2024-11-09 02:00:00+00:00,UCLA,home,21,16,13.83,0.864375,16,0,14,2,0,17,14,12.09,0.8635714285714285,17,1,13,3,0
401643754,2024,2024-11-09 03:30:00+00:00,New Mexico,away,28,21,17.419999999999998,0.8295238095238094,26,0,25,1,0,23,15,12.59,0.8393333333333334,21,1,18,2,0
401643754,2024,2024-11-09 03:30:00+00:00,San Diego State,home,24,22,18.689999999999998,0.8495454545454545,23,0,23,0,0,36,14,12.22,0.8728571428571429,34,3,28,3,0
401635606,2024,2024-11-09 17:00:00+00:00,Boston College,home,10,10,8.71,0.8710000000000001,10,0,10,0,0,17,9,7.6,0.8444444444444444,17,1,16,0,0
401636918,2024,2024-11-09 17:00:00+00:00,Cincinnati,home,24,22,19.03,0.8650000000000001,23,0,22,1,0,32,18,15.16,0.8422222222222222,29,1,27,1,0
401628417,2024,2024-11-09 17:00:00+00:00,Florida,away,15,15,13.39,0.8926666666666667,15,0,9,6,0,23,18,15.79,0.8772222222222221,21,0,17,4,0
401635609,2024,2024-11-09 17:00:00+00:00,Georgia Tech,home,12,11,9.5,0.8636363636363636,12,0,12,0,0,31,19,16.11,0.8478947368421053,29,0,27,2,0
401635609,2024,2024-11-09 17:00:00+00:00,Miami,away,14,14,12.46,0.89,14,0,8,6,0,28,23,20.16,0.8765217391304347,26,0,21,5,0
401628544,2024,2024-11-09 17:00:00+00:00,Minnesota,away,12,12,10.48,0.8733333333333334,12,0,9,3,0,18,7,5.89,0.8414285714285714,17,1,15,1,0
401645363,2024,2024-11-09 17:00:00+00:00,Navy,away,0,0,0.0,,0,0,0,0,0,6,2,1.73,0.865,4,2,2,0,0
401628545,2024,2024-11-09 17:00:00+00:00,Ohio State,home,7,7,6.5,0.9285714285714286,7,0,2,3,2,25,22,19.26,0.8754545454545455,25,1,20,4,0
401628545,2024,2024-11-09 17:00:00+00:00,Purdue,away,18,16,13.95,0.871875,18,2,15,1,0,28,19,16.23,0.8542105263157895,26,1,22,3,0
401628544,2024,2024-11-09 17:00:00+00:00,Rutgers,home,6,5,4.28,0.8560000000000001,6,1,4,1,0,15,6,5.07,0.8450000000000001,11,1,10,0,0
401645363,2024,2024-11-09 17:00:00+00:00,South Florida,home,14,8,6.76,0.845,14,0,14,0,0,20,6,5.06,0.8433333333333333,19,0,18,1,0
401635606,2024,2024-11-09 17:00:00+00:00,Syracuse,away,19,18,15.69,0.8716666666666666,19,1,16,2,0,28,17,14.379999999999999,0.8458823529411764,27,1,26,0,0
401628417,2024,2024-11-09 17:00:00+00:00,Texas,home,10,10,9.09,0.909,10,0,4,5,1,24,22,19.16,0.870909090909091,24,0,21,3,0
401643828,2024,2024-11-09 17:00:00+00:00,Texas State,away,30,23,19.41,0.8439130434782609,28,1,27,0,0,22,8,6.84,0.855,18,2,15,1,0
401643828,2024,2024-11-09 17:00:00+00:00,UL Monroe,home,16,13,10.66,0.8200000000000001,16,1,15,0,0,25,12,10.1,0.8416666666666667,21,3,17,1,0
401636918,2024,2024-11-09 17:00:00+00:00,West Virginia,away,13,13,11.27,0.8669230769230769,13,0,13,0,0,25,15,12.7,0.8466666666666666,22,2,19,1,0
401640995,2024,2024-11-09 18:00:00+00:00,Liberty,away,18,15,12.49,0.8326666666666667,18,0,17,1,0,17,9,7.76,0.8622222222222222,16,3,10,3,0
401640995,2024,2024-11-09 18:00:00+00:00,Middle Tennessee,home,12,8,6.68,0.835,11,0,11,0,0,28,11,9.47,0.860909090909091,24,3,20,1,0
401629037,2024,2024-11-09 19:30:00+00:00,UAB,home,19,12,10.02,0.835,18,0,18,0,0,21,7,5.85,0.8357142857142856,19,4,14,1,0
401629037,2024,2024-11-09 19:30:00+00:00,UConn,away,24,20,16.759999999999998,0.8379999999999999,23,1,22,0,0,19,9,7.66,0.8511111111111112,18,1,16,1,0
401643829,2024,2024-11-09 20:00:00+00:00,Marshall,away,28,21,17.74,0.8447619047619047,26,0,26,0,0,33,12,10.22,0.8516666666666667,29,6,22,1,0
401643829,2024,2024-11-09 20:00:00+00:00,Southern Miss,home,17,17,14.39,0.8464705882352942,17,0,17,0,0,7,2,1.7,0.85,5,1,4,0,0
401629045,2024,2024-11-09 20:30:00+00:00,Army,away,0,0,0.0,,0,0,0,0,0,9,2,1.71,0.855,5,0,5,0,0
401635607,2024,2024-11-09 20:30:00+00:00,Clemson,away,0,0,0.0,,0,0,0,0,0,11,9,7.92,0.88,11,1,8,2,0
401635608,2024,2024-11-09 20:30:00+00:00,Duke,away,18,16,13.79,0.861875,16,0,14,2,0,18,8,7.07,0.88375,17,1,13,3,0
401628414,2024,2024-11-09 20:30:00+00:00,Georgia,away,11,9,8.15,0.9055555555555556,11,1,4,6,0,26,21,18.78,0.8942857142857144,25,2,13,10,0
401643826,2024,2024-11-09 20:30:00+00:00,Georgia State,away,31,28,23.189999999999998,0.8282142857142857,31,0,30,1,0,34,9,7.6899999999999995,0.8544444444444443,30,3,27,0,0
401628541,2024,2024-11-09 20:30:00+00:00,Indiana,home,30,27,23.41,0.867037037037037,28,1,25,2,0,39,28,24.05,0.8589285714285715,35,1,32,2,0
401636919,2024,2024-11-09 20:30:00+00:00,Iowa State,away,8,7,6.06,0.8657142857142857,8,0,8,0,0,21,9,7.64,0.8488888888888888,19,1,16,2,0
401643826,2024,2024-11-09 20:30:00+00:00,James Madison,home,26,17,14.3,0.8411764705882353,22,1,21,0,0,20,16,13.77,0.860625,16,0,15,1,0
401636919,2024,2024-11-09 20:30:00+00:00,Kansas,home,11,10,8.71,0.8710000000000001,10,0,9,1,0,13,4,3.42,0.855,9,0,9,0,0
401628541,2024,2024-11-09 20:30:00+00:00,Michigan,away,7,7,6.1,0.8714285714285713,7,0,6,1,0,17,13,11.4,0.8769230769230769,16,0,14,2,0
401635608,2024,2024-11-09 20:30:00+00:00,NC State,home,15,15,13.25,0.8833333333333333,15,0,11,4,0,22,15,12.77,0.8513333333333333,22,0,21,1,0
401629045,2024,2024-11-09 20:30:00+00:00,North Texas,home,25,19,15.959999999999999,0.84,22,0,21,1,0,36,14,11.99,0.8564285714285714,34,2,31,1,0
401628414,2024,2024-11-09 20:30:00+00:00,Ole Miss,home,25,25,22.18,0.8872,25,0,16,8,1,24,18,15.469999999999999,0.8594444444444443,23,1,20,2,0
401643755,2024,2024-11-09 20:30:00+00:00,Oregon State,home,16,16,13.77,0.860625,16,0,16,0,0,25,13,11.59,0.8915384615384615,24,1,15,8,0
401643755,2024,2024-11-09 20:30:00+00:00,San José State,away,14,7,5.79,0.8271428571428572,12,1,11,0,0,25,13,11.17,0.8592307692307692,25,2,23,0,0
401635607,2024,2024-11-09 20:30:00+00:00,Virginia Tech,home,7,7,6.08,0.8685714285714285,7,0,7,0,0,18,13,11.0,0.8461538461538461,16,0,14,2,0
401636921,2024,2024-11-09 21:00:00+00:00,Colorado,away,41,39,34.07,0.8735897435897436,40,1,32,7,0,41,28,24.009999999999998,0.8574999999999999,37,0,35,2,0
401641021,2024,2024-11-09 21:00:00+00:00,Kennesaw State,away,10,8,6.51,0.81375,10,0,10,0,0,3,3,2.51,0.8366666666666666,3,0,3,0,0
401645364,2024,2024-11-09 21:00:00+00:00,Temple,away,15,12,10.09,0.8408333333333333,13,0,13,0,0,31,5,4.24,0.8480000000000001,24,4,20,0,0
401636921,2024,2024-11-09 21:00:00+00:00,Texas Tech,home,16,15,13.06,0.8706666666666667,16,0,14,2,0,23,16,13.62,0.85125,21,0,20,1,0
401645364,2024,2024-11-09 21:00:00+00:00,Tulane,home,22,17,14.62,0.86,21,2,18,1,0,24,8,6.96,0.87,23,2,19,2,0
401641021,2024,2024-11-09 21:00:00+00:00,UTEP,home,27,22,18.31,0.8322727272727272,26,1,24,1,0,37,14,11.9,0.85,30,7,23,0,0
401628418,2024,2024-11-09 21:15:00+00:00,South Carolina,away,22,20,17.59,0.8795,22,0,18,4,0,26,16,13.73,0.858125,24,0,21,3,0
401628418,2024,2024-11-09 21:15:00+00:00,Vanderbilt,home,22,18,15.69,0.8716666666666666,22,1,20,1,0,23,16,13.98,0.87375,23,0,20,3,0
401641004,2024,2024-11-09 21:30:00+00:00,Jacksonville State,away,19,13,10.81,0.8315384615384616,18,1,17,0,0,14,11,9.26,0.8418181818181818,13,2,11,0,0
401641004,2024,2024-11-09 21:30:00+00:00,Louisiana Tech,home,12,9,7.59,0.8433333333333333,11,0,11,0,0,22,9,7.61,0.8455555555555556,18,2,14,2,0
401643827,2024,2024-11-09 22:00:00+00:00,Arkansas State,away,17,16,13.35,0.834375,16,0,16,0,0,21,5,4.1899999999999995,0.8379999999999999,18,1,17,0,0
401643827,2024,2024-11-09 22:00:00+00:00,Louisiana,home,7,5,4.27,0.8539999999999999,7,0,7,0,0,6,2,1.77,0.885,6,0,6,0,0
401641036,2024,2024-11-09 23:00:00+00:00,New Mexico State,home,13,7,5.88,0.84,12,1,11,0,0,38,23,19.72,0.8573913043478261,32,2,29,1,0
401641036,2024,2024-11-09 23:00:00+00:00,Western Kentucky,away,21,15,12.719999999999999,0.848,19,1,17,1,0,28,9,7.79,0.8655555555555555,21,3,15,3,0
401636917,2024,2024-11-10 00:00:00+00:00,Arizona State,home,28,26,22.53,0.8665384615384616,27,0,25,2,0,28,18,15.59,0.866111111111111,24,1,19,4,0
401628543,2024,2024-11-10 00:00:00+00:00,Maryland,away,8,6,5.21,0.8683333333333333,7,0,7,0,0,13,8,6.97,0.87125,12,0,8,4,0
401628416,2024,2024-11-10 00:00:00+00:00,Mississippi State,away,18,17,14.709999999999999,0.8652941176470588,17,0,16,1,0,26,20,17.32,0.866,25,1,20,4,0
401636920,2024,2024-11-10 00:00:00+00:00,Oklahoma State,away,8,8,6.95,0.86875,8,0,8,0,0,11,7,5.9,0.8428571428571429,10,0,10,0,0
401628543,2024,2024-11-10 00:00:00+00:00,Oregon,home,14,13,11.76,0.9046153846153846,14,0,7,6,1,20,16,13.85,0.865625,18,0,14,4,0
401636920,2024,2024-11-10 00:00:00+00:00,TCU,home,23,22,19.18,0.8718181818181818,22,0,20,2,0,19,12,10.27,0.8558333333333333,19,0,15,4,0
401628416,2024,2024-11-10 00:00:00+00:00,Tennessee,home,9,8,7.17,0.89625,9,0,5,4,0,16,11,9.57,0.87,14,0,13,1,0
401636917,2024,2024-11-10 00:00:00+00:00,UCF,away,25,24,20.91,0.87125,24,0,22,2,0,26,15,12.76,0.8506666666666667,23,0,19,3,1
401628413,2024,2024-11-10 00:30:00+00:00,Alabama,away,14,14,12.61,0.9007142857142857,14,0,6,7,1,38,28,25.27,0.9025,31,0,15,13,3
401628984,2024,2024-11-10 00:30:00+00:00,Florida State,away,17,17,15.19,0.8935294117647059,17,0,7,10,0,18,15,12.86,0.8573333333333333,17,1,16,0,0
401628413,2024,2024-11-10 00:30:00+00:00,LSU,home,10,9,7.98,0.8866666666666667,9,0,6,3,0,27,22,19.24,0.8745454545454545,24,1,16,7,0
401628984,2024,2024-11-10 00:30:00+00:00,Notre Dame,home,9,8,7.11,0.88875,9,0,5,4,0,18,16,14.0,0.875,17,0,13,4,0
401628415,2024,2024-11-10 00:45:00+00:00,Missouri,home,15,14,12.45,0.8892857142857142,15,1,10,4,0,19,14,11.76,0.84,17,0,17,0,0
401628415,2024,2024-11-10 00:45:00+00:00,Oklahoma,away,16,13,11.5,0.8846153846153846,16,2,10,4,0,25,20,17.36,0.868,23,0,19,4,0
401643752,2024,2024-11-10 01:00:00+00:00,Boise State,home,8,8,6.79,0.84875,8,0,7,1,0,14,4,3.38,0.845,12,2,9,1,0
401643752,2024,2024-11-10 01:00:00+00:00,Nevada,away,22,17,14.24,0.8376470588235294,19,1,18,0,0,23,7,5.95,0.85,19,3,16,0,0
401628546,2024,2024-11-10 01:00:00+00:00,Penn State,home,6,5,4.49,0.898,5,0,3,2,0,13,8,7.04,0.88,12,0,10,2,0
401635610,2024,2024-11-10 01:00:00+00:00,Pittsburgh,home,14,13,11.25,0.8653846153846154,14,1,13,0,0,20,8,6.99,0.87375,16,0,14,2,0
401635610,2024,2024-11-10 01:00:00+00:00,Virginia,away,13,12,10.36,0.8633333333333333,12,0,12,0,0,16,3,2.4899999999999998,0.83,14,1,11,2,0
401628546,2024,2024-11-10 01:00:00+00:00,Washington,away,27,26,22.66,0.8715384615384616,26,0,19,7,0,30,22,19.36,0.88,28,3,18,7,0
401643753,2024,2024-11-10 02:00:00+00:00,Hawai'i,home,6,4,3.4,0.85,6,1,5,0,0,10,1,0.87,0.87,7,2,5,0,0
401643753,2024,2024-11-10 02:00:00+00:00,UNLV,away,19,15,12.7,0.8466666666666666,18,0,17,1,0,19,10,8.51,0.851,17,2,14,1,0
401643751,2024,2024-11-10 02:45:00+00:00,Air Force,home,0,0,0.0,,0,0,0,0,0,11,1,0.86,0.86,8,3,5,0,0
401643751,2024,2024-11-10 02:45:00+00:00,Fresno State,away,7,7,6.0,0.8571428571428571,7,0,6,1,0,11,3,2.56,0.8533333333333334,8,1,7,0,0
401636922,2024,2024-11-10 03:15:00+00:00,BYU,away,9,8,6.89,0.86125,9,0,8,1,0,16,5,4.2299999999999995,0.8459999999999999,16,2,13,1,0
401636922,2024,2024-11-10 03:15:00+00:00,Utah,home,11,11,9.71,0.8827272727272728,11,0,8,3,0,24,12,10.35,0.8624999999999999,21,2,15,4,0
401643756,2024,2024-11-10 03:30:00+00:00,Utah State,away,20,14,11.69,0.835,18,1,17,0,0,26,9,7.68,0.8533333333333333,22,3,19,0,0
401643756,2024,2024-11-10 03:30:00+00:00,Washington State,home,12,11,9.41,0.8554545454545455,11,0,11,0,0,27,10,8.49,0.849,23,2,19,2,0
401644763,2024,2024-11-13 00:00:00+00:00,Ball State,away,11,10,8.27,0.827,10,0,10,0,0,14,6,5.14,0.8566666666666666,13,5,8,0,0
401644764,2024,2024-11-13 00:00:00+00:00,Bowling Green,home,13,10,8.37,0.837,11,0,11,0,0,15,3,2.64,0.88,10,0,9,1,0
401644763,2024,2024-11-13 00:00:00+00:00,Buffalo,home,17,9,7.43,0.8255555555555555,11,1,10,0,0,16,7,6.02,0.86,15,4,10,1,0
401644765,2024,2024-11-13 00:00:00+00:00,Central Michigan,away,6,4,3.33,0.8325,5,0,5,0,0,16,6,5.1,0.85,13,4,9,0,0
401644765,2024,2024-11-13 00:00:00+00:00,Toledo,home,7,7,5.859999999999999,0.8371428571428571,7,0,7,0,0,11,3,2.67,0.89,11,3,7,1,0
401644764,2024,2024-11-13 00:00:00+00:00,Western Michigan,away,11,10,8.43,0.843,10,0,10,0,0,23,3,2.54,0.8466666666666667,21,5,16,0,0
401644766,2024,2024-11-14 00:00:00+00:00,Akron,away,15,11,9.27,0.8427272727272727,14,1,13,0,0,22,9,7.57,0.8411111111111111,21,4,17,0,0
401644767,2024,2024-11-14 00:00:00+00:00,Eastern Michigan,away,21,19,15.879999999999999,0.8357894736842105,19,0,19,0,0,24,10,8.48,0.8480000000000001,22,5,17,0,0
401644689,2024,2024-11-14 00:00:00+00:00,Kent State,away,16,14,11.5,0.8214285714285714,16,0,16,0,0,17,6,5.13,0.855,15,2,13,0,0
401644689,2024,2024-11-14 00:00:00+00:00,Miami (OH),home,5,2,1.67,0.835,4,0,4,0,0,11,4,3.5300000000000002,0.8825000000000001,11,2,8,1,0
401644766,2024,2024-11-14 00:00:00+00:00,Northern Illinois,home,6,6,5.029999999999999,0.8383333333333333,6,0,6,0,0,18,5,4.1899999999999995,0.8379999999999999,14,7,6,1,0
401644767,2024,2024-11-14 00:00:00+00:00,Ohio,home,21,12,9.9,0.8250000000000001,16,0,16,0,0,25,13,11.32,0.8707692307692307,25,4,19,2,0
401645365,2024,2024-11-15 00:30:00+00:00,East Carolina,away,17,16,13.58,0.84875,16,0,16,0,0,33,11,9.26,0.8418181818181818,26,2,22,2,0
401645365,2024,2024-11-15 00:30:00+00:00,Tulsa,home,12,10,8.39,0.8390000000000001,12,0,12,0,0,24,11,9.31,0.8463636363636364,23,4,19,0,0
401643759,2024,2024-11-16 01:00:00+00:00,Colorado State,home,11,6,5.06,0.8433333333333333,9,0,9,0,0,19,5,4.3,0.86,16,1,14,1,0
401645366,2024,2024-11-16 01:00:00+00:00,North Texas,away,25,19,15.959999999999999,0.84,22,0,21,1,0,36,14,11.99,0.8564285714285714,34,2,31,1,0
401645366,2024,2024-11-16 01:00:00+00:00,UTSA,home,15,13,11.04,0.8492307692307691,15,0,14,1,0,12,3,2.68,0.8933333333333334,11,0,9,2,0
401643759,2024,2024-11-16 01:00:00+00:00,Wyoming,away,3,3,2.5,0.8333333333333334,3,0,3,0,0,13,2,1.69,0.845,8,2,6,0,0
401628553,2024,2024-11-16 02:00:00+00:00,UCLA,away,21,16,13.83,0.864375,16,0,14,2,0,17,14,12.09,0.8635714285714285,17,1,13,3,0
401628553,2024,2024-11-16 02:00:00+00:00,Washington,home,27,26,22.66,0.8715384615384616,26,0,19,7,0,30,22,19.36,0.88,28,3,18,7,0
401636923,2024,2024-11-16 03:15:00+00:00,Arizona,home,24,23,19.83,0.8621739130434782,24,1,22,1,0,26,19,16.5,0.868421052631579,26,1,21,4,0
401636923,2024,2024-11-16 03:15:00+00:00,Houston,away,27,27,23.34,0.8644444444444445,27,0,26,1,0,32,22,18.91,0.8595454545454545,30,0,24,6,0
401628419,2024,2024-11-16 17:00:00+00:00,Arkansas,home,22,20,17.39,0.8695,22,1,18,3,0,30,23,19.86,0.8634782608695651,26,0,23,3,0
401635582,2024,2024-11-16 17:00:00+00:00,Clemson,away,0,0,0.0,,0,0,0,0,0,11,9,7.92,0.88,11,1,8,2,0
401636925,2024,2024-11-16 17:00:00+00:00,Colorado,home,41,39,34.07,0.8735897435897436,40,1,32,7,0,41,28,24.009999999999998,0.8574999999999999,37,0,35,2,0
401629046,2024,2024-11-16 17:00:00+00:00,Liberty,away,18,15,12.49,0.8326666666666667,18,0,17,1,0,17,9,7.76,0.8622222222222222,16,3,10,3,0
401641013,2024,2024-11-16 17:00:00+00:00,Louisiana Tech,away,12,9,7.59,0.8433333333333333,11,0,11,0,0,22,9,7.61,0.8455555555555556,18,2,14,2,0
401629046,2024,2024-11-16 17:00:00+00:00,Massachusetts,home,29,22,18.38,0.8354545454545454,25,1,24,0,0,23,8,6.7,0.8375,18,5,12,1,0
401645370,2024,2024-11-16 17:00:00+00:00,Navy,home,0,0,0.0,,0,0,0,0,0,6,2,1.73,0.865,4,2,2,0,0
401628550,2024,2024-11-16 17:00:00+00:00,Northwestern,home,6,6,5.07,0.8450000000000001,6,0,6,0,0,12,9,7.76,0.8622222222222222,11,0,11,0,0
401628550,2024,2024-11-16 17:00:00+00:00,Ohio State,away,7,7,6.5,0.9285714285714286,7,0,2,3,2,25,22,19.26,0.8754545454545455,25,1,20,4,0
401635582,2024,2024-11-16 17:00:00+00:00,Pittsburgh,home,14,13,11.25,0.8653846153846154,14,1,13,0,0,20,8,6.99,0.87375,16,0,14,2,0
401628419,2024,2024-11-16 17:00:00+00:00,Texas,away,10,10,9.09,0.909,10,0,4,5,1,24,22,19.16,0.870909090909091,24,0,21,3,0
401645370,2024,2024-11-16 17:00:00+00:00,Tulane,away,22,17,14.62,0.86,21,2,18,1,0,24,8,6.96,0.87,23,2,19,2,0
401636925,2024,2024-11-16 17:00:00+00:00,Utah,away,11,11,9.71,0.8827272727272728,11,0,8,3,0,24,12,10.35,0.8624999999999999,21,2,15,4,0
401641013,2024,2024-11-16 17:00:00+00:00,Western Kentucky,home,21,15,12.719999999999999,0.848,19,1,17,1,0,28,9,7.79,0.8655555555555555,21,3,15,3,0
401628426,2024,2024-11-16 17:45:00+00:00,Auburn,home,15,14,12.31,0.8792857142857143,15,0,13,2,0,23,16,13.75,0.859375,21,0,21,0,0
401628426,2024,2024-11-16 17:45:00+00:00,UL Monroe,away,16,13,10.66,0.8200000000000001,16,1,15,0,0,25,12,10.1,0.8416666666666667,21,3,17,1,0
401643832,2024,2024-11-16 18:00:00+00:00,Coastal Carolina,away,18,12,10.1,0.8416666666666667,16,0,15,1,0,29,12,9.99,0.8325,25,4,20,1,0
401643832,2024,2024-11-16 18:00:00+00:00,Marshall,home,28,21,17.74,0.8447619047619047,26,0,26,0,0,33,12,10.22,0.8516666666666667,29,6,22,1,0
401628422,2024,2024-11-16 18:30:00+00:00,Kentucky,home,12,11,9.7,0.8818181818181817,11,0,8,3,0,22,12,10.28,0.8566666666666666,20,1,17,2,0
401628422,2024,2024-11-16 18:30:00+00:00,Murray State,away,14,0,0.0,,11,0,11,0,0,2,2,1.73,0.865,2,0,1,1,0
401628425,2024,2024-11-16 19:00:00+00:00,Alabama,home,14,14,12.61,0.9007142857142857,14,0,6,7,1,38,28,25.27,0.9025,31,0,15,13,3
401645369,2024,2024-11-16 19:00:00+00:00,Florida Atlantic,away,20,17,14.26,0.8388235294117647,19,1,18,0,0,34,12,10.26,0.855,32,1,31,0,0
401640986,2024,2024-11-16 19:00:00+00:00,Florida International,away,10,9,7.47,0.83,10,0,10,0,0,16,5,4.31,0.8619999999999999,13,1,11,1,0
401640986,2024,2024-11-16 19:00:00+00:00,Jacksonville State,home,19,13,10.81,0.8315384615384616,18,1,17,0,0,14,11,9.26,0.8418181818181818,13,2,11,0,0
401628425,2024,2024-11-16 19:00:00+00:00,Mercer,away,7,1,0.84,0.84,5,2,3,0,0,2,1,0.85,0.85,1,0,1,0,0
401645369,2024,2024-11-16 19:00:00+00:00,Temple,home,15,12,10.09,0.8408333333333333,13,0,13,0,0,31,5,4.24,0.8480000000000001,24,4,20,0,0
401628547,2024,2024-11-16 19:30:00+00:00,Illinois,home,12,11,9.53,0.8663636363636363,12,0,9,3,0,24,12,10.19,0.8491666666666666,23,4,18,1,0
401628547,2024,2024-11-16 19:30:00+00:00,Michigan State,away,24,22,19.25,0.875,22,0,18,4,0,41,26,22.52,0.8661538461538462,38,1,34,3,0
401635581,2024,2024-11-16 20:00:00+00:00,California,home,23,23,19.94,0.8669565217391305,23,0,19,4,0,23,15,12.78,0.852,23,0,21,2,0
401643760,2024,2024-11-16 20:00:00+00:00,Hawai'i,away,6,4,3.4,0.85,6,1,5,0,0,10,1,0.87,0.87,7,2,5,0,0
401641022,2024,2024-11-16 20:00:00+00:00,Kennesaw State,home,10,8,6.51,0.81375,10,0,10,0,0,3,3,2.51,0.8366666666666666,3,0,3,0,0
401641022,2024,2024-11-16 20:00:00+00:00,Sam Houston,away,12,5,4.17,0.834,11,0,11,0,0,5,2,1.68,0.84,4,0,4,0,0
401635581,2024,2024-11-16 20:00:00+00:00,Syracuse,away,19,18,15.69,0.8716666666666666,19,1,16,2,0,28,17,14.379999999999999,0.8458823529411764,27,1,26,0,0
401643760,2024,2024-11-16 20:00:00+00:00,Utah State,home,20,14,11.69,0.835,18,1,17,0,0,26,9,7.68,0.8533333333333333,22,3,19,0,0
401643757,2024,2024-11-16 20:30:00+00:00,Air Force,home,0,0,0.0,,0,0,0,0,0,11,1,0.86,0.86,8,3,5,0,0
401635580,2024,2024-11-16 20:30:00+00:00,Boston College,away,10,10,8.71,0.8710000000000001,10,0,10,0,0,17,9,7.6,0.8444444444444444,17,1,16,0,0
401645368,2024,2024-11-16 20:30:00+00:00,Charlotte,home,28,24,20.3,0.8458333333333333,27,0,27,0,0,29,7,5.99,0.8557142857142858,22,1,19,2,0
401628420,2024,2024-11-16 20:30:00+00:00,Florida,home,15,15,13.39,0.8926666666666667,15,0,9,6,0,23,18,15.79,0.8772222222222221,21,0,17,4,0
401628420,2024,2024-11-16 20:30:00+00:00,LSU,away,10,9,7.98,0.8866666666666667,9,0,6,3,0,27,22,19.24,0.8745454545454545,24,1,16,7,0
401635517,2024,2024-11-16 20:30:00+00:00,Louisville,away,28,27,23.63,0.8751851851851852,28,1,23,4,0,29,26,22.22,0.8546153846153846,26,0,24,2,0
401628985,2024,2024-11-16 20:30:00+00:00,Notre Dame,home,9,8,7.11,0.88875,9,0,5,4,0,18,16,14.0,0.875,17,0,13,4,0
401643757,2024,2024-11-16 20:30:00+00:00,Oregon State,away,16,16,13.77,0.860625,16,0,16,0,0,25,13,11.59,0.8915384615384615,24,1,15,8,0
401628552,2024,2024-11-16 20:30:00+00:00,Penn State,away,6,5,4.49,0.898,5,0,3,2,0,13,8,7.04,0.88,12,0,10,2,0
401628552,2024,2024-11-16 20:30:00+00:00,Purdue,home,18,16,13.95,0.871875,18,2,15,1,0,28,19,16.23,0.8542105263157895,26,1,22,3,0
401635580,2024,2024-11-16 20:30:00+00:00,SMU,home,20,19,16.54,0.8705263157894736,19,0,18,1,0,16,7,5.92,0.8457142857142858,14,0,12,2,0
401645368,2024,2024-11-16 20:30:00+00:00,South Florida,away,14,8,6.76,0.845,14,0,14,0,0,20,6,5.06,0.8433333333333333,19,0,18,1,0
401635517,2024,2024-11-16 20:30:00+00:00,Stanford,home,4,3,2.58,0.86,4,1,3,0,0,14,6,5.22,0.87,14,1,12,1,0
401628985,2024,2024-11-16 20:30:00+00:00,Virginia,away,13,12,10.36,0.8633333333333333,12,0,12,0,0,16,3,2.4899999999999998,0.83,14,1,11,2,0
401636929,2024,2024-11-16 21:00:00+00:00,Baylor,away,16,16,13.89,0.868125,16,0,15,1,0,15,7,5.99,0.8557142857142858,15,0,15,0,0
401643830,2024,2024-11-16 21:00:00+00:00,Georgia Southern,home,12,8,6.66,0.8325,10,1,8,1,0,18,3,2.54,0.8466666666666667,10,4,5,1,0
401643833,2024,2024-11-16 21:00:00+00:00,James Madison,away,26,17,14.3,0.8411764705882353,22,1,21,0,0,20,16,13.77,0.860625,16,0,15,1,0
401628549,2024,2024-11-16 21:00:00+00:00,Nebraska,away,8,7,6.2,0.8857142857142858,7,0,5,2,0,10,8,6.77,0.84625,10,0,9,1,0
401643833,2024,2024-11-16 21:00:00+00:00,Old Dominion,home,15,10,8.39,0.8390000000000001,14,0,14,0,0,32,13,11.22,0.8630769230769231,28,3,23,2,0
401643830,2024,2024-11-16 21:00:00+00:00,Troy,away,10,7,5.89,0.8414285714285714,9,1,7,1,0,23,12,10.12,0.8433333333333333,19,0,19,0,0
401628549,2024,2024-11-16 21:00:00+00:00,USC,home,16,14,12.34,0.8814285714285715,16,2,9,5,0,29,24,21.09,0.87875,27,1,18,8,0
401636929,2024,2024-11-16 21:00:00+00:00,West Virginia,home,13,13,11.27,0.8669230769230769,13,0,13,0,0,25,15,12.7,0.8466666666666666,22,2,19,1,0
401628423,2024,2024-11-16 21:15:00+00:00,Missouri,away,15,14,12.45,0.8892857142857142,15,1,10,4,0,19,14,11.76,0.84,17,0,17,0,0
401628423,2024,2024-11-16 21:15:00+00:00,South Carolina,home,22,20,17.59,0.8795,22,0,18,4,0,26,16,13.73,0.858125,24,0,21,3,0
401643831,2024,2024-11-16 22:00:00+00:00,Arkansas State,away,17,16,13.35,0.834375,16,0,16,0,0,21,5,4.1899999999999995,0.8379999999999999,18,1,17,0,0
401643831,2024,2024-11-16 22:00:00+00:00,Georgia State,home,31,28,23.189999999999998,0.8282142857142857,31,0,30,1,0,34,9,7.6899999999999995,0.8544444444444443,30,3,27,0,0
401628548,2024,2024-11-16 23:00:00+00:00,Maryland,home,8,6,5.21,0.8683333333333333,7,0,7,0,0,13,8,6.97,0.87125,12,0,8,4,0
401628548,2024,2024-11-16 23:00:00+00:00,Rutgers,away,6,5,4.28,0.8560000000000001,6,1,4,1,0,15,6,5.07,0.8450000000000001,11,1,10,0,0
401636927,2024,2024-11-17 00:00:00+00:00,Arizona State,away,28,26,22.53,0.8665384615384616,27,0,25,2,0,28,18,15.59,0.866111111111111,24,1,19,4,0
401643758,2024,2024-11-17 00:00:00+00:00,Boise State,away,8,8,6.79,0.84875,8,0,7,1,0,14,4,3.38,0.845,12,2,9,1,0
401636927,2024,2024-11-17 00:00:00+00:00,Kansas State,home,10,8,6.97,0.87125,9,0,7,2,0,17,10,8.629999999999999,0.8629999999999999,15,0,13,2,0
401643834,2024,2024-11-17 00:00:00+00:00,Louisiana,home,7,5,4.27,0.8539999999999999,7,0,7,0,0,6,2,1.77,0.885,6,0,6,0,0
401643758,2024,2024-11-17 00:00:00+00:00,San José State,home,14,7,5.79,0.8271428571428572,12,1,11,0,0,25,13,11.17,0.8592307692307692,25,2,23,0,0
401643834,2024,2024-11-17 00:00:00+00:00,South Alabama,away,15,8,6.609999999999999,0.8262499999999999,14,1,13,0,0,15,5,4.41,0.882,12,2,7,3,0
401643835,2024,2024-11-17 00:00:00+00:00,Southern Miss,away,17,17,14.39,0.8464705882352942,17,0,17,0,0,7,2,1.7,0.85,5,1,4,0,0
401643835,2024,2024-11-17 00:00:00+00:00,Texas State,home,30,23,19.41,0.8439130434782609,28,1,27,0,0,22,8,6.84,0.855,18,2,15,1,0
401628421,2024,2024-11-17 00:30:00+00:00,Georgia,home,11,9,8.15,0.9055555555555556,11,1,4,6,0,26,21,18.78,0.8942857142857144,25,2,13,10,0
401628551,2024,2024-11-17 00:30:00+00:00,Oregon,away,14,13,11.76,0.9046153846153846,14,0,7,6,1,20,16,13.85,0.865625,18,0,14,4,0
401628421,2024,2024-11-17 00:30:00+00:00,Tennessee,away,9,8,7.17,0.89625,9,0,5,4,0,16,11,9.57,0.87,14,0,13,1,0
401628551,2024,2024-11-17 00:30:00+00:00,Wisconsin,home,16,14,12.36,0.8828571428571428,15,0,12,3,0,24,16,13.83,0.864375,21,1,20,0,0
401628424,2024,2024-11-17 00:45:00+00:00,New Mexico State,away,13,7,5.88,0.84,12,1,11,0,0,38,23,19.72,0.8573913043478261,32,2,29,1,0
401628424,2024,2024-11-17 00:45:00+00:00,Texas A&M,home,26,23,20.41,0.8873913043478261,25,1,16,8,0,30,24,21.07,0.8779166666666667,27,0,20,5,2
401636926,2024,2024-11-17 01:00:00+00:00,Cincinnati,away,24,22,19.03,0.8650000000000001,23,0,22,1,0,32,18,15.16,0.8422222222222222,29,1,27,1,0
401636926,2024,2024-11-17 01:00:00+00:00,Iowa State,home,8,7,6.06,0.8657142857142857,8,0,8,0,0,21,9,7.64,0.8488888888888888,19,1,16,2,0
401645367,2024,2024-11-17 01:00:00+00:00,Memphis,home,30,27,22.96,0.8503703703703704,29,2,27,0,0,24,8,6.8,0.85,22,1,21,0,0
401635583,2024,2024-11-17 01:00:00+00:00,North Carolina,home,10,10,8.66,0.866,10,0,9,1,0,23,15,12.86,0.8573333333333333,19,1,17,1,0
401645367,2024,2024-11-17 01:00:00+00:00,UAB,away,19,12,10.02,0.835,18,0,18,0,0,21,7,5.85,0.8357142857142856,19,4,14,1,0
401635583,2024,2024-11-17 01:00:00+00:00,Wake Forest,away,5,5,4.28,0.8560000000000001,5,0,5,0,0,15,10,8.53,0.853,15,1,13,1,0
401643761,2024,2024-11-17 02:30:00+00:00,New Mexico,home,28,21,17.419999999999998,0.8295238095238094,26,0,25,1,0,23,15,12.59,0.8393333333333334,21,1,18,2,0
401643761,2024,2024-11-17 02:30:00+00:00,Washington State,away,12,11,9.41,0.8554545454545455,11,0,11,0,0,27,10,8.49,0.849,23,2,19,2,0
401636924,2024,2024-11-17 03:15:00+00:00,BYU,home,9,8,6.89,0.86125,9,0,8,1,0,16,5,4.2299999999999995,0.8459999999999999,16,2,13,1,0
401636924,2024,2024-11-17 03:15:00+00:00,Kansas,away,11,10,8.71,0.8710000000000001,10,0,9,1,0,13,4,3.42,0.855,9,0,9,0,0
401643762,2024,2024-11-17 03:30:00+00:00,San Diego State,away,24,22,18.689999999999998,0.8495454545454545,23,0,23,0,0,36,14,12.22,0.8728571428571429,34,3,28,3,0
401643762,2024,2024-11-17 03:30:00+00:00,UNLV,home,19,15,12.7,0.8466666666666666,18,0,17,1,0,19,10,8.51,0.851,17,2,14,1,0
401644769,2024,2024-11-20 00:00:00+00:00,Akron,away,15,11,9.27,0.8427272727272727,14,1,13,0,0,22,9,7.57,0.8411111111111111,21,4,17,0,0
401644769,2024,2024-11-20 00:00:00+00:00,Kent State,home,16,14,11.5,0.8214285714285714,16,0,16,0,0,17,6,5.13,0.855,15,2,13,0,0
401644770,2024,2024-11-20 00:30:00+00:00,Central Michigan,home,6,4,3.33,0.8325,5,0,5,0,0,16,6,5.1,0.85,13,4,9,0,0
401644770,2024,2024-11-20 00:30:00+00:00,Western Michigan,away,11,10,8.43,0.843,10,0,10,0,0,23,3,2.54,0.8466666666666667,21,5,16,0,0
401644690,2024,2024-11-20 01:00:00+00:00,Miami (OH),home,5,2,1.67,0.835,4,0,4,0,0,11,4,3.5300000000000002,0.8825000000000001,11,2,8,1,0
401644690,2024,2024-11-20 01:00:00+00:00,Northern Illinois,away,6,6,5.029999999999999,0.8383333333333333,6,0,6,0,0,18,5,4.1899999999999995,0.8379999999999999,14,7,6,1,0
401644772,2024,2024-11-21 00:00:00+00:00,Buffalo,away,17,9,7.43,0.8255555555555555,11,1,10,0,0,16,7,6.02,0.86,15,4,10,1,0
401644772,2024,2024-11-21 00:00:00+00:00,Eastern Michigan,home,21,19,15.879999999999999,0.8357894736842105,19,0,19,0,0,24,10,8.48,0.8480000000000001,22,5,17,0,0
401644773,2024,2024-11-21 00:00:00+00:00,Ohio,away,21,12,9.9,0.8250000000000001,16,0,16,0,0,25,13,11.32,0.8707692307692307,25,4,19,2,0
401644773,2024,2024-11-21 00:00:00+00:00,Toledo,home,7,7,5.859999999999999,0.8371428571428571,7,0,7,0,0,11,3,2.67,0.89,11,3,7,1,0
401634772,2024,2024-11-22 00:30:00+00:00,Georgia Tech,home,12,11,9.5,0.8636363636363636,12,0,12,0,0,31,19,16.11,0.8478947368421053,29,0,27,2,0
401634772,2024,2024-11-22 00:30:00+00:00,NC State,away,15,15,13.25,0.8833333333333333,15,0,11,4,0,22,15,12.77,0.8513333333333333,22,0,21,1,0
401645374,2024,2024-11-23 00:00:00+00:00,Temple,away,15,12,10.09,0.8408333333333333,13,0,13,0,0,31,5,4.24,0.8480000000000001,24,4,20,0,0
401645374,2024,2024-11-23 00:00:00+00:00,UTSA,home,15,13,11.04,0.8492307692307691,15,0,14,1,0,12,3,2.68,0.8933333333333334,11,0,9,2,0
401628558,2024,2024-11-23 01:00:00+00:00,Michigan State,home,24,22,19.25,0.875,22,0,18,4,0,41,26,22.52,0.8661538461538462,38,1,34,3,0
401628558,2024,2024-11-23 01:00:00+00:00,Purdue,away,18,16,13.95,0.871875,18,2,15,1,0,28,19,16.23,0.8542105263157895,26,1,22,3,0
401643767,2024,2024-11-23 03:00:00+00:00,San José State,home,14,7,5.79,0.8271428571428572,12,1,11,0,0,25,13,11.17,0.8592307692307692,25,2,23,0,0
401643767,2024,2024-11-23 03:00:00+00:00,UNLV,away,19,15,12.7,0.8466666666666666,18,0,17,1,0,19,10,8.51,0.851,17,2,14,1,0
401635612,2024,2024-11-23 17:00:00+00:00,Boston College,home,10,10,8.71,0.8710000000000001,10,0,10,0,0,17,9,7.6,0.8444444444444444,17,1,16,0,0
401628429,2024,2024-11-23 17:00:00+00:00,Florida,home,15,15,13.39,0.8926666666666667,15,0,9,6,0,23,18,15.79,0.8772222222222221,21,0,17,4,0
401628554,2024,2024-11-23 17:00:00+00:00,Illinois,away,12,11,9.53,0.8663636363636363,12,0,9,3,0,24,12,10.19,0.8491666666666666,23,4,18,1,0
401628555,2024,2024-11-23 17:00:00+00:00,Indiana,away,30,27,23.41,0.867037037037037,28,1,25,2,0,39,28,24.05,0.8589285714285715,35,1,32,2,0
401628556,2024,2024-11-23 17:00:00+00:00,Iowa,away,4,3,2.56,0.8533333333333334,4,0,4,0,0,12,8,6.82,0.8525,11,1,9,0,1
401641005,2024,2024-11-23 17:00:00+00:00,Jacksonville State,home,19,13,10.81,0.8315384615384616,18,1,17,0,0,14,11,9.26,0.8418181818181818,13,2,11,0,0
401628556,2024,2024-11-23 17:00:00+00:00,Maryland,home,8,6,5.21,0.8683333333333333,7,0,7,0,0,13,8,6.97,0.87125,12,0,8,4,0
401635618,2024,2024-11-23 17:00:00+00:00,Miami,home,14,14,12.46,0.89,14,0,8,6,0,28,23,20.16,0.8765217391304347,26,0,21,5,0
401635612,2024,2024-11-23 17:00:00+00:00,North Carolina,away,10,10,8.66,0.866,10,0,9,1,0,23,15,12.86,0.8573333333333333,19,1,17,1,0
401628555,2024,2024-11-23 17:00:00+00:00,Ohio State,home,7,7,6.5,0.9285714285714286,7,0,2,3,2,25,22,19.26,0.8754545454545455,25,1,20,4,0
401628429,2024,2024-11-23 17:00:00+00:00,Ole Miss,away,25,25,22.18,0.8872,25,0,16,8,1,24,18,15.469999999999999,0.8594444444444443,23,1,20,2,0
401628554,2024,2024-11-23 17:00:00+00:00,Rutgers,home,6,5,4.28,0.8560000000000001,6,1,4,1,0,15,6,5.07,0.8450000000000001,11,1,10,0,0
401635619,2024,2024-11-23 17:00:00+00:00,SMU,away,20,19,16.54,0.8705263157894736,19,0,18,1,0,16,7,5.92,0.8457142857142858,14,0,12,2,0
401641005,2024,2024-11-23 17:00:00+00:00,Sam Houston,away,12,5,4.17,0.834,11,0,11,0,0,5,2,1.68,0.84,4,0,4,0,0
401635518,2024,2024-11-23 17:00:00+00:00,Syracuse,home,19,18,15.69,0.8716666666666666,19,1,16,2,0,28,17,14.379999999999999,0.8458823529411764,27,1,26,0,0
401635518,2024,2024-11-23 17:00:00+00:00,UConn,away,24,20,16.759999999999998,0.8379999999999999,23,1,22,0,0,19,9,7.66,0.8511111111111112,18,1,16,1,0
401635619,2024,2024-11-23 17:00:00+00:00,Virginia,home,13,12,10.36,0.8633333333333333,12,0,12,0,0,16,3,2.4899999999999998,0.83,14,1,11,2,0
401635618,2024,2024-11-23 17:00:00+00:00,Wake Forest,away,5,5,4.28,0.8560000000000001,5,0,5,0,0,15,10,8.53,0.853,15,1,13,1,0
401628430,2024,2024-11-23 17:45:00+00:00,Georgia,home,11,9,8.15,0.9055555555555556,11,1,4,6,0,26,21,18.78,0.8942857142857144,25,2,13,10,0
401628430,2024,2024-11-23 17:45:00+00:00,Massachusetts,away,29,22,18.38,0.8354545454545454,25,1,24,0,0,23,8,6.7,0.8375,18,5,12,1,0
401640996,2024,2024-11-23 18:00:00+00:00,Liberty,home,18,15,12.49,0.8326666666666667,18,0,17,1,0,17,9,7.76,0.8622222222222222,16,3,10,3,0
401628435,2024,2024-11-23 18:00:00+00:00,Tennessee,home,9,8,7.17,0.89625,9,0,5,4,0,16,11,9.57,0.87,14,0,13,1,0
401628435,2024,2024-11-23 18:00:00+00:00,UTEP,away,27,22,18.31,0.8322727272727272,26,1,24,1,0,37,14,11.9,0.85,30,7,23,0,0
401640996,2024,2024-11-23 18:00:00+00:00,Western Kentucky,away,21,15,12.719999999999999,0.848,19,1,17,1,0,28,9,7.79,0.8655555555555555,21,3,15,3,0
401635616,2024,2024-11-23 18:30:00+00:00,Charleston Southern,away,0,0,0.0,,0,0,0,0,0,2,2,1.7,0.85,2,0,2,0,0
401635616,2024,2024-11-23 18:30:00+00:00,Florida State,home,17,17,15.19,0.8935294117647059,17,0,7,10,0,18,15,12.86,0.8573333333333333,17,1,16,0,0
401644774,2024,2024-11-23 19:00:00+00:00,Ball State,home,11,10,8.27,0.827,10,0,10,0,0,14,6,5.14,0.8566666666666666,13,5,8,0,0
401644774,2024,2024-11-23 19:00:00+00:00,Bowling Green,away,13,10,8.37,0.837,11,0,11,0,0,15,3,2.64,0.88,10,0,9,1,0
401645373,2024,2024-11-23 19:00:00+00:00,Rice,away,10,8,6.65,0.83125,10,0,10,0,0,3,3,2.57,0.8566666666666666,3,0,3,0,0
401645373,2024,2024-11-23 19:00:00+00:00,UAB,home,19,12,10.02,0.835,18,0,18,0,0,21,7,5.85,0.8357142857142856,19,4,14,1,0
401643836,2024,2024-11-23 19:30:00+00:00,App State,home,15,15,12.59,0.8393333333333334,15,0,15,0,0,21,4,3.38,0.845,17,3,14,0,0
401643836,2024,2024-11-23 19:30:00+00:00,James Madison,away,26,17,14.3,0.8411764705882353,22,1,21,0,0,20,16,13.77,0.860625,16,0,15,1,0
401641027,2024,2024-11-23 19:30:00+00:00,Middle Tennessee,home,12,8,6.68,0.835,11,0,11,0,0,28,11,9.47,0.860909090909091,24,3,20,1,0
401641027,2024,2024-11-23 19:30:00+00:00,New Mexico State,away,13,7,5.88,0.84,12,1,11,0,0,38,23,19.72,0.8573913043478261,32,2,29,1,0
401636935,2024,2024-11-23 20:00:00+00:00,Arizona,away,24,23,19.83,0.8621739130434782,24,1,22,1,0,26,19,16.5,0.868421052631579,26,1,21,4,0
401643839,2024,2024-11-23 20:00:00+00:00,Arkansas State,home,17,16,13.35,0.834375,16,0,16,0,0,21,5,4.1899999999999995,0.8379999999999999,18,1,17,0,0
401645371,2024,2024-11-23 20:00:00+00:00,Charlotte,away,28,24,20.3,0.8458333333333333,27,0,27,0,0,29,7,5.99,0.8557142857142858,22,1,19,2,0
401645371,2024,2024-11-23 20:00:00+00:00,Florida Atlantic,home,20,17,14.26,0.8388235294117647,19,1,18,0,0,34,12,10.26,0.855,32,1,31,0,0
401640987,2024,2024-11-23 20:00:00+00:00,Florida International,away,10,9,7.47,0.83,10,0,10,0,0,16,5,4.31,0.8619999999999999,13,1,11,1,0
401640987,2024,2024-11-23 20:00:00+00:00,Kennesaw State,home,10,8,6.51,0.81375,10,0,10,0,0,3,3,2.51,0.8366666666666666,3,0,3,0,0
401643841,2024,2024-11-23 20:00:00+00:00,South Alabama,away,15,8,6.609999999999999,0.8262499999999999,14,1,13,0,0,15,5,4.41,0.882,12,2,7,3,0
401643841,2024,2024-11-23 20:00:00+00:00,Southern Miss,home,17,17,14.39,0.8464705882352942,17,0,17,0,0,7,2,1.7,0.85,5,1,4,0,0
401636935,2024,2024-11-23 20:00:00+00:00,TCU,home,23,22,19.18,0.8718181818181818,22,0,20,2,0,19,12,10.27,0.8558333333333333,19,0,15,4,0
401643839,2024,2024-11-23 20:00:00+00:00,UL Monroe,away,16,13,10.66,0.8200000000000001,16,1,15,0,0,25,12,10.1,0.8416666666666667,21,3,17,1,0
401636930,2024,2024-11-23 20:30:00+00:00,Arizona State,home,28,26,22.53,0.8665384615384616,27,0,25,2,0,28,18,15.59,0.866111111111111,24,1,19,4,0
401636930,2024,2024-11-23 20:30:00+00:00,BYU,away,9,8,6.89,0.86125,9,0,8,1,0,16,5,4.2299999999999995,0.8459999999999999,16,2,13,1,0
401635613,2024,2024-11-23 20:30:00+00:00,California,home,23,23,19.94,0.8669565217391305,23,0,19,4,0,23,15,12.78,0.852,23,0,21,2,0
401635614,2024,2024-11-23 20:30:00+00:00,Clemson,home,0,0,0.0,,0,0,0,0,0,11,9,7.92,0.88,11,1,8,2,0
401643837,2024,2024-11-23 20:30:00+00:00,Coastal Carolina,home,18,12,10.1,0.8416666666666667,16,0,15,1,0,29,12,9.99,0.8325,25,4,20,1,0
401636932,2024,2024-11-23 20:30:00+00:00,Colorado,away,41,39,34.07,0.8735897435897436,40,1,32,7,0,41,28,24.009999999999998,0.8574999999999999,37,0,35,2,0
401645372,2024,2024-11-23 20:30:00+00:00,East Carolina,away,17,16,13.58,0.84875,16,0,16,0,0,33,11,9.26,0.8418181818181818,26,2,22,2,0
401643837,2024,2024-11-23 20:30:00+00:00,Georgia Southern,away,12,8,6.66,0.8325,10,1,8,1,0,18,3,2.54,0.8466666666666667,10,4,5,1,0
401636932,2024,2024-11-23 20:30:00+00:00,Kansas,home,11,10,8.71,0.8710000000000001,10,0,9,1,0,13,4,3.42,0.855,9,0,9,0,0
401628436,2024,2024-11-23 20:30:00+00:00,Kentucky,away,12,11,9.7,0.8818181818181817,11,0,8,3,0,22,12,10.28,0.8566666666666666,20,1,17,2,0
401628557,2024,2024-11-23 20:30:00+00:00,Michigan,home,7,7,6.1,0.8714285714285713,7,0,6,1,0,17,13,11.4,0.8769230769230769,16,0,14,2,0
401628559,2024,2024-11-23 20:30:00+00:00,Minnesota,home,12,12,10.48,0.8733333333333334,12,0,9,3,0,18,7,5.89,0.8414285714285714,17,1,15,1,0
401628560,2024,2024-11-23 20:30:00+00:00,Nebraska,home,8,7,6.2,0.8857142857142858,7,0,5,2,0,10,8,6.77,0.84625,10,0,9,1,0
401645372,2024,2024-11-23 20:30:00+00:00,North Texas,home,25,19,15.959999999999999,0.84,22,0,21,1,0,36,14,11.99,0.8564285714285714,34,2,31,1,0
401628557,2024,2024-11-23 20:30:00+00:00,Northwestern,away,6,6,5.07,0.8450000000000001,6,0,6,0,0,12,9,7.76,0.8622222222222222,11,0,11,0,0
401636934,2024,2024-11-23 20:30:00+00:00,Oklahoma State,home,8,8,6.95,0.86875,8,0,8,0,0,11,7,5.9,0.8428571428571429,10,0,10,0,0
401628559,2024,2024-11-23 20:30:00+00:00,Penn State,away,6,5,4.49,0.898,5,0,3,2,0,13,8,7.04,0.88,12,0,10,2,0
401643766,2024,2024-11-23 20:30:00+00:00,San Diego State,away,24,22,18.689999999999998,0.8495454545454545,23,0,23,0,0,36,14,12.22,0.8728571428571429,34,3,28,3,0
401645375,2024,2024-11-23 20:30:00+00:00,South Florida,home,14,8,6.76,0.845,14,0,14,0,0,20,6,5.06,0.8433333333333333,19,0,18,1,0
401635613,2024,2024-11-23 20:30:00+00:00,Stanford,away,4,3,2.58,0.86,4,1,3,0,0,14,6,5.22,0.87,14,1,12,1,0
401628436,2024,2024-11-23 20:30:00+00:00,Texas,home,10,10,9.09,0.909,10,0,4,5,1,24,22,19.16,0.870909090909091,24,0,21,3,0
401636934,2024,2024-11-23 20:30:00+00:00,Texas Tech,away,16,15,13.06,0.8706666666666667,16,0,14,2,0,23,16,13.62,0.85125,21,0,20,1,0
401635614,2024,2024-11-23 20:30:00+00:00,The Citadel,away,1,0,0.0,,1,1,0,0,0,0,0,0.0,,0,0,0,0,0
401645375,2024,2024-11-23 20:30:00+00:00,Tulsa,away,12,10,8.39,0.8390000000000001,12,0,12,0,0,24,11,9.31,0.8463636363636364,23,4,19,0,0
401636937,2024,2024-11-23 20:30:00+00:00,UCF,away,25,24,20.91,0.87125,24,0,22,2,0,26,15,12.76,0.8506666666666667,23,0,19,3,1
401643766,2024,2024-11-23 20:30:00+00:00,Utah State,home,20,14,11.69,0.835,18,1,17,0,0,26,9,7.68,0.8533333333333333,22,3,19,0,0
401636937,2024,2024-11-23 20:30:00+00:00,West Virginia,home,13,13,11.27,0.8669230769230769,13,0,13,0,0,25,15,12.7,0.8466666666666666,22,2,19,1,0
401628560,2024,2024-11-23 20:30:00+00:00,Wisconsin,away,16,14,12.36,0.8828571428571428,15,0,12,3,0,24,16,13.83,0.864375,21,1,20,0,0
401628427,2024,2024-11-23 21:00:00+00:00,Arkansas,home,22,20,17.39,0.8695,22,1,18,3,0,30,23,19.86,0.8634782608695651,26,0,23,3,0
401628427,2024,2024-11-23 21:00:00+00:00,Louisiana Tech,away,12,9,7.59,0.8433333333333333,11,0,11,0,0,22,9,7.61,0.8455555555555556,18,2,14,2,0
401635617,2024,2024-11-23 21:00:00+00:00,Louisville,home,28,27,23.63,0.8751851851851852,28,1,23,4,0,29,26,22.22,0.8546153846153846,26,0,24,2,0
401635617,2024,2024-11-23 21:00:00+00:00,Pittsburgh,away,14,13,11.25,0.8653846153846154,14,1,13,0,0,20,8,6.99,0.87375,16,0,14,2,0
401628434,2024,2024-11-23 21:00:00+00:00,South Carolina,home,22,20,17.59,0.8795,22,0,18,4,0,26,16,13.73,0.858125,24,0,21,3,0
401628434,2024,2024-11-23 21:00:00+00:00,Wofford,away,3,0,0.0,,2,0,2,0,0,2,0,0.0,,1,1,0,0,0
401628432,2024,2024-11-23 21:15:00+00:00,Mississippi State,home,18,17,14.709999999999999,0.8652941176470588,17,0,16,1,0,26,20,17.32,0.866,25,1,20,4,0
401628432,2024,2024-11-23 21:15:00+00:00,Missouri,away,15,14,12.45,0.8892857142857142,15,1,10,4,0,19,14,11.76,0.84,17,0,17,0,0
401643840,2024,2024-11-23 22:00:00+00:00,Louisiana,home,7,5,4.27,0.8539999999999999,7,0,7,0,0,6,2,1.77,0.885,6,0,6,0,0
401643840,2024,2024-11-23 22:00:00+00:00,Troy,away,10,7,5.89,0.8414285714285714,9,1,7,1,0,23,12,10.12,0.8433333333333333,19,0,19,0,0
401640959,2024,2024-11-24 00:00:00+00:00,Army,away,0,0,0.0,,0,0,0,0,0,9,2,1.71,0.855,5,0,5,0,0
401636931,2024,2024-11-24 00:00:00+00:00,Baylor,away,16,16,13.89,0.868125,16,0,15,1,0,15,7,5.99,0.8557142857142858,15,0,15,0,0
401643764,2024,2024-11-24 00:00:00+00:00,Boise State,away,8,8,6.79,0.84875,8,0,7,1,0,14,4,3.38,0.845,12,2,9,1,0
401643842,2024,2024-11-24 00:00:00+00:00,Georgia State,away,31,28,23.189999999999998,0.8282142857142857,31,0,30,1,0,34,9,7.6899999999999995,0.8544444444444443,30,3,27,0,0
401636931,2024,2024-11-24 00:00:00+00:00,Houston,home,27,27,23.34,0.8644444444444445,27,0,26,1,0,32,22,18.91,0.8595454545454545,30,0,24,6,0
401640959,2024,2024-11-24 00:00:00+00:00,Notre Dame,home,9,8,7.11,0.88875,9,0,5,4,0,18,16,14.0,0.875,17,0,13,4,0
401628572,2024,2024-11-24 00:00:00+00:00,Oregon State,home,16,16,13.77,0.860625,16,0,16,0,0,25,13,11.59,0.8915384615384615,24,1,15,8,0
401643842,2024,2024-11-24 00:00:00+00:00,Texas State,home,30,23,19.41,0.8439130434782609,28,1,27,0,0,22,8,6.84,0.855,18,2,15,1,0
401628572,2024,2024-11-24 00:00:00+00:00,Washington State,away,12,11,9.41,0.8554545454545455,11,0,11,0,0,27,10,8.49,0.849,23,2,19,2,0
401643764,2024,2024-11-24 00:00:00+00:00,Wyoming,home,3,3,2.5,0.8333333333333334,3,0,3,0,0,13,2,1.69,0.845,8,2,6,0,0
401628433,2024,2024-11-24 00:30:00+00:00,Alabama,away,14,14,12.61,0.9007142857142857,14,0,6,7,1,38,28,25.27,0.9025,31,0,15,13,3
401628428,2024,2024-11-24 00:30:00+00:00,Auburn,home,15,14,12.31,0.8792857142857143,15,0,13,2,0,23,16,13.75,0.859375,21,0,21,0,0
401636936,2024,2024-11-24 00:30:00+00:00,Iowa State,away,8,7,6.06,0.8657142857142857,8,0,8,0,0,21,9,7.64,0.8488888888888888,19,1,16,2,0
401643838,2024,2024-11-24 00:30:00+00:00,Marshall,away,28,21,17.74,0.8447619047619047,26,0,26,0,0,33,12,10.22,0.8516666666666667,29,6,22,1,0
401628433,2024,2024-11-24 00:30:00+00:00,Oklahoma,home,16,13,11.5,0.8846153846153846,16,2,10,4,0,25,20,17.36,0.868,23,0,19,4,0
401643838,2024,2024-11-24 00:30:00+00:00,Old Dominion,home,15,10,8.39,0.8390000000000001,14,0,14,0,0,32,13,11.22,0.8630769230769231,28,3,23,2,0
401628428,2024,2024-11-24 00:30:00+00:00,Texas A&M,away,26,23,20.41,0.8873913043478261,25,1,16,8,0,30,24,21.07,0.8779166666666667,27,0,20,5,2
401636936,2024,2024-11-24 00:30:00+00:00,Utah,home,11,11,9.71,0.8827272727272728,11,0,8,3,0,24,12,10.35,0.8624999999999999,21,2,15,4,0
401628431,2024,2024-11-24 00:45:00+00:00,LSU,home,10,9,7.98,0.8866666666666667,9,0,6,3,0,27,22,19.24,0.8745454545454545,24,1,16,7,0
401628431,2024,2024-11-24 00:45:00+00:00,Vanderbilt,away,22,18,15.69,0.8716666666666666,22,1,20,1,0,23,16,13.98,0.87375,23,0,20,3,0
401636933,2024,2024-11-24 01:00:00+00:00,Cincinnati,away,24,22,19.03,0.8650000000000001,23,0,22,1,0,32,18,15.16,0.8422222222222222,29,1,27,1,0
401635615,2024,2024-11-24 01:00:00+00:00,Duke,home,18,16,13.79,0.861875,16,0,14,2,0,18,8,7.07,0.88375,17,1,13,3,0
401636933,2024,2024-11-24 01:00:00+00:00,Kansas State,home,10,8,6.97,0.87125,9,0,7,2,0,17,10,8.629999999999999,0.8629999999999999,15,0,13,2,0
401635615,2024,2024-11-24 01:00:00+00:00,Virginia Tech,away,7,7,6.08,0.8685714285714285,7,0,7,0,0,18,13,11.0,0.8461538461538461,16,0,14,2,0
401643763,2024,2024-11-24 03:30:00+00:00,Air Force,away,0,0,0.0,,0,0,0,0,0,11,1,0.86,0.86,8,3,5,0,0
401643765,2024,2024-11-24 03:30:00+00:00,Colorado State,away,11,6,5.06,0.8433333333333333,9,0,9,0,0,19,5,4.3,0.86,16,1,14,1,0
401643765,2024,2024-11-24 03:30:00+00:00,Fresno State,home,7,7,6.0,0.8571428571428571,7,0,6,1,0,11,3,2.56,0.8533333333333334,8,1,7,0,0
401643763,2024,2024-11-24 03:30:00+00:00,Nevada,home,22,17,14.24,0.8376470588235294,19,1,18,0,0,23,7,5.95,0.85,19,3,16,0,0
401628561,2024,2024-11-24 03:30:00+00:00,UCLA,home,21,16,13.83,0.864375,16,0,14,2,0,17,14,12.09,0.8635714285714285,17,1,13,3,0
401628561,2024,2024-11-24 03:30:00+00:00,USC,away,16,14,12.34,0.8814285714285715,16,2,9,5,0,29,24,21.09,0.87875,27,1,18,8,0
401644775,2024,2024-11-27 00:00:00+00:00,Akron,home,15,11,9.27,0.8427272727272727,14,1,13,0,0,22,9,7.57,0.8411111111111111,21,4,17,0,0
401644776,2024,2024-11-27 00:00:00+00:00,Buffalo,home,17,9,7.43,0.8255555555555555,11,1,10,0,0,16,7,6.02,0.86,15,4,10,1,0
401644776,2024,2024-11-27 00:00:00+00:00,Kent State,away,16,14,11.5,0.8214285714285714,16,0,16,0,0,17,6,5.13,0.855,15,2,13,0,0
401644775,2024,2024-11-27 00:00:00+00:00,Toledo,away,7,7,5.859999999999999,0.8371428571428571,7,0,7,0,0,11,3,2.67,0.89,11,3,7,1,0
401645376,2024,2024-11-29 00:30:00+00:00,Memphis,away,30,27,22.96,0.8503703703703704,29,2,27,0,0,24,8,6.8,0.85,22,1,21,0,0
401645376,2024,2024-11-29 00:30:00+00:00,Tulane,home,22,17,14.62,0.86,21,2,18,1,0,24,8,6.96,0.87,23,2,19,2,0
401644777,2024,2024-11-29 17:00:00+00:00,Ball State,away,11,10,8.27,0.827,10,0,10,0,0,14,6,5.14,0.8566666666666666,13,5,8,0,0
401643769,2024,2024-11-29 17:00:00+00:00,Boise State,home,8,8,6.79,0.84875,8,0,7,1,0,14,4,3.38,0.845,12,2,9,1,0
401644691,2024,2024-11-29 17:00:00+00:00,Bowling Green,home,13,10,8.37,0.837,11,0,11,0,0,15,3,2.64,0.88,10,0,9,1,0
401636938,2024,2024-11-29 17:00:00+00:00,Colorado,home,41,39,34.07,0.8735897435897436,40,1,32,7,0,41,28,24.009999999999998,0.8574999999999999,37,0,35,2,0
401645379,2024,2024-11-29 17:00:00+00:00,East Carolina,home,17,16,13.58,0.84875,16,0,16,0,0,33,11,9.26,0.8418181818181818,26,2,22,2,0
401644691,2024,2024-11-29 17:00:00+00:00,Miami (OH),away,5,2,1.67,0.835,4,0,4,0,0,11,4,3.5300000000000002,0.8825000000000001,11,2,8,1,0
401628568,2024,2024-11-29 17:00:00+00:00,Minnesota,away,12,12,10.48,0.8733333333333334,12,0,9,3,0,18,7,5.89,0.8414285714285714,17,1,15,1,0
401645379,2024,2024-11-29 17:00:00+00:00,Navy,away,0,0,0.0,,0,0,0,0,0,6,2,1.73,0.865,4,2,2,0,0
401644777,2024,2024-11-29 17:00:00+00:00,Ohio,home,21,12,9.9,0.8250000000000001,16,0,16,0,0,25,13,11.32,0.8707692307692307,25,4,19,2,0
401636938,2024,2024-11-29 17:00:00+00:00,Oklahoma State,away,8,8,6.95,0.86875,8,0,8,0,0,11,7,5.9,0.8428571428571429,10,0,10,0,0
401643769,2024,2024-11-29 17:00:00+00:00,Oregon State,away,16,16,13.77,0.860625,16,0,16,0,0,25,13,11.59,0.8915384615384615,24,1,15,8,0
401628568,2024,2024-11-29 17:00:00+00:00,Wisconsin,home,16,14,12.36,0.8828571428571428,15,0,12,3,0,24,16,13.83,0.864375,21,1,20,0,0
401643770,2024,2024-11-29 20:30:00+00:00,Colorado State,home,11,6,5.06,0.8433333333333333,9,0,9,0,0,19,5,4.3,0.86,16,1,14,1,0
401640997,2024,2024-11-29 20:30:00+00:00,Liberty,away,18,15,12.49,0.8326666666666667,18,0,17,1,0,17,9,7.76,0.8622222222222222,16,3,10,3,0
401628442,2024,2024-11-29 20:30:00+00:00,Mississippi State,away,18,17,14.709999999999999,0.8652941176470588,17,0,16,1,0,26,20,17.32,0.866,25,1,20,4,0
401628442,2024,2024-11-29 20:30:00+00:00,Ole Miss,home,25,25,22.18,0.8872,25,0,16,8,1,24,18,15.469999999999999,0.8594444444444443,23,1,20,2,0
401640997,2024,2024-11-29 20:30:00+00:00,Sam Houston,home,12,5,4.17,0.834,11,0,11,0,0,5,2,1.68,0.84,4,0,4,0,0
401643843,2024,2024-11-29 20:30:00+00:00,South Alabama,home,15,8,6.609999999999999,0.8262499999999999,14,1,13,0,0,15,5,4.41,0.882,12,2,7,3,0
401643843,2024,2024-11-29 20:30:00+00:00,Texas State,away,30,23,19.41,0.8439130434782609,28,1,27,0,0,22,8,6.84,0.855,18,2,15,1,0
401643770,2024,2024-11-29 20:30:00+00:00,Utah State,away,20,14,11.69,0.835,18,1,17,0,0,26,9,7.68,0.8533333333333333,22,3,19,0,0
401635625,2024,2024-11-29 21:00:00+00:00,San José State,home,14,7,5.79,0.8271428571428572,12,1,11,0,0,25,13,11.17,0.8592307692307692,25,2,23,0,0
401635625,2024,2024-11-29 21:00:00+00:00,Stanford,away,4,3,2.58,0.86,4,1,3,0,0,14,6,5.22,0.87,14,1,12,1,0
401628439,2024,2024-11-30 00:30:00+00:00,Georgia,home,11,9,8.15,0.9055555555555556,11,1,4,6,0,26,21,18.78,0.8942857142857144,25,2,13,10,0
401628439,2024,2024-11-30 00:30:00+00:00,Georgia Tech,away,12,11,9.5,0.8636363636363636,12,0,12,0,0,31,19,16.11,0.8478947368421053,29,0,27,2,0
401628562,2024,2024-11-30 00:30:00+00:00,Iowa,home,4,3,2.56,0.8533333333333334,4,0,4,0,0,12,8,6.82,0.8525,11,1,9,0,1
401628562,2024,2024-11-30 00:30:00+00:00,Nebraska,away,8,7,6.2,0.8857142857142858,7,0,5,2,0,10,8,6.77,0.84625,10,0,9,1,0
401636939,2024,2024-11-30 01:00:00+00:00,UCF,home,25,24,20.91,0.87125,24,0,22,2,0,26,15,12.76,0.8506666666666667,23,0,19,3,1
401636939,2024,2024-11-30 01:00:00+00:00,Utah,away,11,11,9.71,0.8827272727272728,11,0,8,3,0,24,12,10.35,0.8624999999999999,21,2,15,4,0
401645378,2024,2024-11-30 17:00:00+00:00,Army,home,0,0,0.0,,0,0,0,0,0,9,2,1.71,0.855,5,0,5,0,0
401636941,2024,2024-11-30 17:00:00+00:00,Baylor,home,16,16,13.89,0.868125,16,0,15,1,0,15,7,5.99,0.8557142857142858,15,0,15,0,0
401628444,2024,2024-11-30 17:00:00+00:00,Clemson,home,0,0,0.0,,0,0,0,0,0,11,9,7.92,0.88,11,1,8,2,0
401635622,2024,2024-11-30 17:00:00+00:00,Duke,away,18,16,13.79,0.861875,16,0,14,2,0,18,8,7.07,0.88375,17,1,13,3,0
401628563,2024,2024-11-30 17:00:00+00:00,Illinois,away,12,11,9.53,0.8663636363636363,12,0,9,3,0,24,12,10.19,0.8491666666666666,23,4,18,1,0
401636941,2024,2024-11-30 17:00:00+00:00,Kansas,away,11,10,8.71,0.8710000000000001,10,0,9,1,0,13,4,3.42,0.855,9,0,9,0,0
401628440,2024,2024-11-30 17:00:00+00:00,Kentucky,home,12,11,9.7,0.8818181818181817,11,0,8,3,0,22,12,10.28,0.8566666666666666,20,1,17,2,0
401643848,2024,2024-11-30 17:00:00+00:00,Louisiana,away,7,5,4.27,0.8539999999999999,7,0,7,0,0,6,2,1.77,0.885,6,0,6,0,0
401628440,2024,2024-11-30 17:00:00+00:00,Louisville,away,28,27,23.63,0.8751851851851852,28,1,23,4,0,29,26,22.22,0.8546153846153846,26,0,24,2,0
401629038,2024,2024-11-30 17:00:00+00:00,Massachusetts,home,29,22,18.38,0.8354545454545454,25,1,24,0,0,23,8,6.7,0.8375,18,5,12,1,0
401628566,2024,2024-11-30 17:00:00+00:00,Michigan,away,7,7,6.1,0.8714285714285713,7,0,6,1,0,17,13,11.4,0.8769230769230769,16,0,14,2,0
401645381,2024,2024-11-30 17:00:00+00:00,North Texas,away,25,19,15.959999999999999,0.84,22,0,21,1,0,36,14,11.99,0.8564285714285714,34,2,31,1,0
401628563,2024,2024-11-30 17:00:00+00:00,Northwestern,home,6,6,5.07,0.8450000000000001,6,0,6,0,0,12,9,7.76,0.8622222222222222,11,0,11,0,0
401628566,2024,2024-11-30 17:00:00+00:00,Ohio State,home,7,7,6.5,0.9285714285714286,7,0,2,3,2,25,22,19.26,0.8754545454545455,25,1,20,4,0
401628444,2024,2024-11-30 17:00:00+00:00,South Carolina,away,22,20,17.59,0.8795,22,0,18,4,0,26,16,13.73,0.858125,24,0,21,3,0
401645381,2024,2024-11-30 17:00:00+00:00,Temple,home,15,12,10.09,0.8408333333333333,13,0,13,0,0,31,5,4.24,0.8480000000000001,24,4,20,0,0
401628446,2024,2024-11-30 17:00:00+00:00,Tennessee,away,9,8,7.17,0.89625,9,0,5,4,0,16,11,9.57,0.87,14,0,13,1,0
401636945,2024,2024-11-30 17:00:00+00:00,Texas Tech,home,16,15,13.06,0.8706666666666667,16,0,14,2,0,23,16,13.62,0.85125,21,0,20,1,0
401629038,2024,2024-11-30 17:00:00+00:00,UConn,away,24,20,16.759999999999998,0.8379999999999999,23,1,22,0,0,19,9,7.66,0.8511111111111112,18,1,16,1,0
401643848,2024,2024-11-30 17:00:00+00:00,UL Monroe,home,16,13,10.66,0.8200000000000001,16,1,15,0,0,25,12,10.1,0.8416666666666667,21,3,17,1,0
401645378,2024,2024-11-30 17:00:00+00:00,UTSA,away,15,13,11.04,0.8492307692307691,15,0,14,1,0,12,3,2.68,0.8933333333333334,11,0,9,2,0
401628446,2024,2024-11-30 17:00:00+00:00,Vanderbilt,home,22,18,15.69,0.8716666666666666,22,1,20,1,0,23,16,13.98,0.87375,23,0,20,3,0
401635622,2024,2024-11-30 17:00:00+00:00,Wake Forest,home,5,5,4.28,0.8560000000000001,5,0,5,0,0,15,10,8.53,0.853,15,1,13,1,0
401636945,2024,2024-11-30 17:00:00+00:00,West Virginia,away,13,13,11.27,0.8669230769230769,13,0,13,0,0,25,15,12.7,0.8466666666666666,22,2,19,1,0
401644780,2024,2024-11-30 18:30:00+00:00,Eastern Michigan,away,21,19,15.879999999999999,0.8357894736842105,19,0,19,0,0,24,10,8.48,0.8480000000000001,22,5,17,0,0
401644780,2024,2024-11-30 18:30:00+00:00,Western Michigan,home,11,10,8.43,0.843,10,0,10,0,0,23,3,2.54,0.8466666666666667,21,5,16,0,0
401643845,2024,2024-11-30 19:00:00+00:00,Coastal Carolina,away,18,12,10.1,0.8416666666666667,16,0,15,1,0,29,12,9.99,0.8325,25,4,20,1,0
401640988,2024,2024-11-30 19:00:00+00:00,Florida International,home,10,9,7.47,0.83,10,0,10,0,0,16,5,4.31,0.8619999999999999,13,1,11,1,0
401643845,2024,2024-11-30 19:00:00+00:00,Georgia State,home,31,28,23.189999999999998,0.8282142857142857,31,0,30,1,0,34,9,7.6899999999999995,0.8544444444444443,30,3,27,0,0
401640988,2024,2024-11-30 19:00:00+00:00,Middle Tennessee,away,12,8,6.68,0.835,11,0,11,0,0,28,11,9.47,0.860909090909091,24,3,20,1,0
401645382,2024,2024-11-30 19:00:00+00:00,Rice,home,10,8,6.65,0.83125,10,0,10,0,0,3,3,2.57,0.8566666666666666,3,0,3,0,0
401645382,2024,2024-11-30 19:00:00+00:00,South Florida,away,14,8,6.76,0.845,14,0,14,0,0,20,6,5.06,0.8433333333333333,19,0,18,1,0
401643849,2024,2024-11-30 19:00:00+00:00,Southern Miss,away,17,17,14.39,0.8464705882352942,17,0,17,0,0,7,2,1.7,0.85,5,1,4,0,0
401643849,2024,2024-11-30 19:00:00+00:00,Troy,home,10,7,5.89,0.8414285714285714,9,1,7,1,0,23,12,10.12,0.8433333333333333,19,0,19,0,0
401643847,2024,2024-11-30 20:00:00+00:00,Arkansas State,home,17,16,13.35,0.834375,16,0,16,0,0,21,5,4.1899999999999995,0.8379999999999999,18,1,17,0,0
401635620,2024,2024-11-30 20:00:00+00:00,Boston College,home,10,10,8.71,0.8710000000000001,10,0,10,0,0,17,9,7.6,0.8444444444444444,17,1,16,0,0
401643847,2024,2024-11-30 20:00:00+00:00,Old Dominion,away,15,10,8.39,0.8390000000000001,14,0,14,0,0,32,13,11.22,0.8630769230769231,28,3,23,2,0
401635620,2024,2024-11-30 20:00:00+00:00,Pittsburgh,away,14,13,11.25,0.8653846153846154,14,1,13,0,0,20,8,6.99,0.87375,16,0,14,2,0
401628437,2024,2024-11-30 20:30:00+00:00,Alabama,home,14,14,12.61,0.9007142857142857,14,0,6,7,1,38,28,25.27,0.9025,31,0,15,13,3
401636940,2024,2024-11-30 20:30:00+00:00,Arizona,home,24,23,19.83,0.8621739130434782,24,1,22,1,0,26,19,16.5,0.868421052631579,26,1,21,4,0
401636940,2024,2024-11-30 20:30:00+00:00,Arizona State,away,28,26,22.53,0.8665384615384616,27,0,25,2,0,28,18,15.59,0.866111111111111,24,1,19,4,0
401628443,2024,2024-11-30 20:30:00+00:00,Arkansas,away,22,20,17.39,0.8695,22,1,18,3,0,30,23,19.86,0.8634782608695651,26,0,23,3,0
401628437,2024,2024-11-30 20:30:00+00:00,Auburn,away,15,14,12.31,0.8792857142857143,15,0,13,2,0,23,16,13.75,0.859375,21,0,21,0,0
401635621,2024,2024-11-30 20:30:00+00:00,California,away,23,23,19.94,0.8669565217391305,23,0,19,4,0,23,15,12.78,0.852,23,0,21,2,0
401644779,2024,2024-11-30 20:30:00+00:00,Central Michigan,away,6,4,3.33,0.8325,5,0,5,0,0,16,6,5.1,0.85,13,4,9,0,0
401645377,2024,2024-11-30 20:30:00+00:00,Charlotte,home,28,24,20.3,0.8458333333333333,27,0,27,0,0,29,7,5.99,0.8557142857142858,22,1,19,2,0
401645380,2024,2024-11-30 20:30:00+00:00,Florida Atlantic,away,20,17,14.26,0.8388235294117647,19,1,18,0,0,34,12,10.26,0.855,32,1,31,0,0
401628570,2024,2024-11-30 20:30:00+00:00,Fresno State,away,7,7,6.0,0.8571428571428571,7,0,6,1,0,11,3,2.56,0.8533333333333334,8,1,7,0,0
401628565,2024,2024-11-30 20:30:00+00:00,Maryland,away,8,6,5.21,0.8683333333333333,7,0,7,0,0,13,8,6.97,0.87125,12,0,8,4,0
401635623,2024,2024-11-30 20:30:00+00:00,Miami,away,14,14,12.46,0.89,14,0,8,6,0,28,23,20.16,0.8765217391304347,26,0,21,5,0
401628567,2024,2024-11-30 20:30:00+00:00,Michigan State,home,24,22,19.25,0.875,22,0,18,4,0,41,26,22.52,0.8661538461538462,38,1,34,3,0
401628443,2024,2024-11-30 20:30:00+00:00,Missouri,home,15,14,12.45,0.8892857142857142,15,1,10,4,0,19,14,11.76,0.84,17,0,17,0,0
401635624,2024,2024-11-30 20:30:00+00:00,NC State,away,15,15,13.25,0.8833333333333333,15,0,11,4,0,22,15,12.77,0.8513333333333333,22,0,21,1,0
401635624,2024,2024-11-30 20:30:00+00:00,North Carolina,home,10,10,8.66,0.866,10,0,9,1,0,23,15,12.86,0.8573333333333333,19,1,17,1,0
401644779,2024,2024-11-30 20:30:00+00:00,Northern Illinois,home,6,6,5.029999999999999,0.8383333333333333,6,0,6,0,0,18,5,4.1899999999999995,0.8379999999999999,14,7,6,1,0
401628571,2024,2024-11-30 20:30:00+00:00,Notre Dame,away,9,8,7.11,0.88875,9,0,5,4,0,18,16,14.0,0.875,17,0,13,4,0
401628565,2024,2024-11-30 20:30:00+00:00,Penn State,home,6,5,4.49,0.898,5,0,3,2,0,13,8,7.04,0.88,12,0,10,2,0
401628567,2024,2024-11-30 20:30:00+00:00,Rutgers,away,6,5,4.28,0.8560000000000001,6,1,4,1,0,15,6,5.07,0.8450000000000001,11,1,10,0,0
401635621,2024,2024-11-30 20:30:00+00:00,SMU,home,20,19,16.54,0.8705263157894736,19,0,18,1,0,16,7,5.92,0.8457142857142858,14,0,12,2,0
401635623,2024,2024-11-30 20:30:00+00:00,Syracuse,home,19,18,15.69,0.8716666666666666,19,1,16,2,0,28,17,14.379999999999999,0.8458823529411764,27,1,26,0,0
401645380,2024,2024-11-30 20:30:00+00:00,Tulsa,home,12,10,8.39,0.8390000000000001,12,0,12,0,0,24,11,9.31,0.8463636363636364,23,4,19,0,0
401645377,2024,2024-11-30 20:30:00+00:00,UAB,away,19,12,10.02,0.835,18,0,18,0,0,21,7,5.85,0.8357142857142856,19,4,14,1,0
401628570,2024,2024-11-30 20:30:00+00:00,UCLA,home,21,16,13.83,0.864375,16,0,14,2,0,17,14,12.09,0.8635714285714285,17,1,13,3,0
401628571,2024,2024-11-30 20:30:00+00:00,USC,home,16,14,12.34,0.8814285714285715,16,2,9,5,0,29,24,21.09,0.87875,27,1,18,8,0
401641006,2024,2024-11-30 21:00:00+00:00,Jacksonville State,away,19,13,10.81,0.8315384615384616,18,1,17,0,0,14,11,9.26,0.8418181818181818,13,2,11,0,0
401641014,2024,2024-11-30 21:00:00+00:00,Kennesaw State,away,10,8,6.51,0.81375,10,0,10,0,0,3,3,2.51,0.8366666666666666,3,0,3,0,0
401641014,2024,2024-11-30 21:00:00+00:00,Louisiana Tech,home,12,9,7.59,0.8433333333333333,11,0,11,0,0,22,9,7.61,0.8455555555555556,18,2,14,2,0
401641031,2024,2024-11-30 21:00:00+00:00,New Mexico State,home,13,7,5.88,0.84,12,1,11,0,0,38,23,19.72,0.8573913043478261,32,2,29,1,0
401641031,2024,2024-11-30 21:00:00+00:00,UTEP,away,27,22,18.31,0.8322727272727272,26,1,24,1,0,37,14,11.9,0.85,30,7,23,0,0
401641006,2024,2024-11-30 21:00:00+00:00,Western Kentucky,home,21,15,12.719999999999999,0.848,19,1,17,1,0,28,9,7.79,0.8655555555555555,21,3,15,3,0
401643844,2024,2024-11-30 23:00:00+00:00,App State,away,15,15,12.59,0.8393333333333334,15,0,15,0,0,21,4,3.38,0.845,17,3,14,0,0
401636943,2024,2024-11-30 23:00:00+00:00,Cincinnati,home,24,22,19.03,0.8650000000000001,23,0,22,1,0,32,18,15.16,0.8422222222222222,29,1,27,1,0
401643844,2024,2024-11-30 23:00:00+00:00,Georgia Southern,home,12,8,6.66,0.8325,10,1,8,1,0,18,3,2.54,0.8466666666666667,10,4,5,1,0
401636943,2024,2024-11-30 23:00:00+00:00,TCU,away,23,22,19.18,0.8718181818181818,22,0,20,2,0,19,12,10.27,0.8558333333333333,19,0,15,4,0
401643773,2024,2024-11-30 23:30:00+00:00,Washington State,home,12,11,9.41,0.8554545454545455,11,0,11,0,0,27,10,8.49,0.849,23,2,19,2,0
401643773,2024,2024-11-30 23:30:00+00:00,Wyoming,away,3,3,2.5,0.8333333333333334,3,0,3,0,0,13,2,1.69,0.845,8,2,6,0,0
401628438,2024,2024-12-01 00:00:00+00:00,Florida,away,15,15,13.39,0.8926666666666667,15,0,9,6,0,23,18,15.79,0.8772222222222221,21,0,17,4,0
401628438,2024,2024-12-01 00:00:00+00:00,Florida State,home,17,17,15.19,0.8935294117647059,17,0,7,10,0,18,15,12.86,0.8573333333333333,17,1,16,0,0
401628564,2024,2024-12-01 00:00:00+00:00,Indiana,home,30,27,23.41,0.867037037037037,28,1,25,2,0,39,28,24.05,0.8589285714285715,35,1,32,2,0
401628441,2024,2024-12-01 00:00:00+00:00,LSU,home,10,9,7.98,0.8866666666666667,9,0,6,3,0,27,22,19.24,0.8745454545454545,24,1,16,7,0
401628441,2024,2024-12-01 00:00:00+00:00,Oklahoma,away,16,13,11.5,0.8846153846153846,16,2,10,4,0,25,20,17.36,0.868,23,0,19,4,0
401628564,2024,2024-12-01 00:00:00+00:00,Purdue,away,18,16,13.95,0.871875,18,2,15,1,0,28,19,16.23,0.8542105263157895,26,1,22,3,0
401636944,2024,2024-12-01 00:30:00+00:00,Iowa State,home,8,7,6.06,0.8657142857142857,8,0,8,0,0,21,9,7.64,0.8488888888888888,19,1,16,2,0
401636944,2024,2024-12-01 00:30:00+00:00,Kansas State,away,10,8,6.97,0.87125,9,0,7,2,0,17,10,8.629999999999999,0.8629999999999999,15,0,13,2,0
401628569,2024,2024-12-01 00:30:00+00:00,Oregon,home,14,13,11.76,0.9046153846153846,14,0,7,6,1,20,16,13.85,0.865625,18,0,14,4,0
401628445,2024,2024-12-01 00:30:00+00:00,Texas,away,10,10,9.09,0.909,10,0,4,5,1,24,22,19.16,0.870909090909091,24,0,21,3,0
401628445,2024,2024-12-01 00:30:00+00:00,Texas A&M,home,26,23,20.41,0.8873913043478261,25,1,16,8,0,30,24,21.07,0.8779166666666667,27,0,20,5,2
401628569,2024,2024-12-01 00:30:00+00:00,Washington,away,27,26,22.66,0.8715384615384616,26,0,19,7,0,30,22,19.36,0.88,28,3,18,7,0
401643846,2024,2024-12-01 01:00:00+00:00,James Madison,home,26,17,14.3,0.8411764705882353,22,1,21,0,0,20,16,13.77,0.860625,16,0,15,1,0
401643846,2024,2024-12-01 01:00:00+00:00,Marshall,away,28,21,17.74,0.8447619047619047,26,0,26,0,0,33,12,10.22,0.8516666666666667,29,6,22,1,0
401643772,2024,2024-12-01 01:00:00+00:00,Nevada,away,22,17,14.24,0.8376470588235294,19,1,18,0,0,23,7,5.95,0.85,19,3,16,0,0
401643772,2024,2024-12-01 01:00:00+00:00,UNLV,home,19,15,12.7,0.8466666666666666,18,0,17,1,0,19,10,8.51,0.851,17,2,14,1,0
401635640,2024,2024-12-01 01:00:00+00:00,Virginia,away,13,12,10.36,0.8633333333333333,12,0,12,0,0,16,3,2.4899999999999998,0.83,14,1,11,2,0
401635640,2024,2024-12-01 01:00:00+00:00,Virginia Tech,home,7,7,6.08,0.8685714285714285,7,0,7,0,0,18,13,11.0,0.8461538461538461,16,0,14,2,0
401636942,2024,2024-12-01 03:15:00+00:00,BYU,home,9,8,6.89,0.86125,9,0,8,1,0,16,5,4.2299999999999995,0.8459999999999999,16,2,13,1,0
401636942,2024,2024-12-01 03:15:00+00:00,Houston,away,27,27,23.34,0.8644444444444445,27,0,26,1,0,32,22,18.91,0.8595454545454545,30,0,24,6,0
401643768,2024,2024-12-01 03:30:00+00:00,Air Force,away,0,0,0.0,,0,0,0,0,0,11,1,0.86,0.86,8,3,5,0,0
401643768,2024,2024-12-01 03:30:00+00:00,San Diego State,home,24,22,18.689999999999998,0.8495454545454545,23,0,23,0,0,36,14,12.22,0.8728571428571429,34,3,28,3,0
401643771,2024,2024-12-01 04:00:00+00:00,Hawai'i,home,6,4,3.4,0.85,6,1,5,0,0,10,1,0.87,0.87,7,2,5,0,0
401643771,2024,2024-12-01 04:00:00+00:00,New Mexico,away,28,21,17.419999999999998,0.8295238095238094,26,0,25,1,0,23,15,12.59,0.8393333333333334,21,1,18,2,0
401673466,2024,2024-12-07 00:00:00+00:00,Jacksonville State,home,19,13,10.81,0.8315384615384616,18,1,17,0,0,14,11,9.26,0.8418181818181818,13,2,11,0,0
401673466,2024,2024-12-07 00:00:00+00:00,Western Kentucky,away,21,15,12.719999999999999,0.848,19,1,17,1,0,28,9,7.79,0.8655555555555555,21,3,15,3,0
401673462,2024,2024-12-07 01:00:00+00:00,Army,home,0,0,0.0,,0,0,0,0,0,9,2,1.71,0.855,5,0,5,0,0
401673468,2024,2024-12-07 01:00:00+00:00,Boise State,home,8,8,6.79,0.84875,8,0,7,1,0,14,4,3.38,0.845,12,2,9,1,0
401673462,2024,2024-12-07 01:00:00+00:00,Tulane,away,22,17,14.62,0.86,21,2,18,1,0,24,8,6.96,0.87,23,2,19,2,0
401673468,2024,2024-12-07 01:00:00+00:00,UNLV,away,19,15,12.7,0.8466666666666666,18,0,17,1,0,19,10,8.51,0.851,17,2,14,1,0
401673465,2024,2024-12-07 17:00:00+00:00,Arizona State,home,28,26,22.53,0.8665384615384616,27,0,25,2,0,28,18,15.59,0.866111111111111,24,1,19,4,0
401673465,2024,2024-12-07 17:00:00+00:00,Iowa State,away,8,7,6.06,0.8657142857142857,8,0,8,0,0,21,9,7.64,0.8488888888888888,19,1,16,2,0
401673467,2024,2024-12-07 17:00:00+00:00,Miami (OH),home,5,2,1.67,0.835,4,0,4,0,0,11,4,3.5300000000000002,0.8825000000000001,11,2,8,1,0
401673467,2024,2024-12-07 17:00:00+00:00,Ohio,away,21,12,9.9,0.8250000000000001,16,0,16,0,0,25,13,11.32,0.8707692307692307,25,4,19,2,0
401673469,2024,2024-12-07 21:00:00+00:00,Georgia,away,11,9,8.15,0.9055555555555556,11,1,4,6,0,26,21,18.78,0.8942857142857144,25,2,13,10,0
401673469,2024,2024-12-07 21:00:00+00:00,Texas,home,10,10,9.09,0.909,10,0,4,5,1,24,22,19.16,0.870909090909091,24,0,21,3,0
401673470,2024,2024-12-08 00:30:00+00:00,Louisiana,home,7,5,4.27,0.8539999999999999,7,0,7,0,0,6,2,1.77,0.885,6,0,6,0,0
401673470,2024,2024-12-08 00:30:00+00:00,Marshall,away,28,21,17.74,0.8447619047619047,26,0,26,0,0,33,12,10.22,0.8516666666666667,29,6,22,1,0
401673463,2024,2024-12-08 01:00:00+00:00,Clemson,away,0,0,0.0,,0,0,0,0,0,11,9,7.92,0.88,11,1,8,2,0
401673464,2024,2024-12-08 01:00:00+00:00,Oregon,home,14,13,11.76,0.9046153846153846,14,0,7,6,1,20,16,13.85,0.865625,18,0,14,4,0
401673464,2024,2024-12-08 01:00:00+00:00,Penn State,away,6,5,4.49,0.898,5,0,3,2,0,13,8,7.04,0.88,12,0,10,2,0
401673463,2024,2024-12-08 01:00:00+00:00,SMU,home,20,19,16.54,0.8705263157894736,19,0,18,1,0,16,7,5.92,0.8457142857142858,14,0,12,2,0
401645383,2024,2024-12-14 20:00:00+00:00,Army,home,0,0,0.0,,0,0,0,0,0,9,2,1.71,0.855,5,0,5,0,0
401645383,2024,2024-12-14 20:00:00+00:00,Navy,away,0,0,0.0,,0,0,0,0,0,6,2,1.73,0.865,4,2,2,0,0
