id,season,week,seasonType,startDate,startTimeTBD,completed,neutralSite,conferenceGame,attendance,venueId,venue,homeId,homeTeam,homeClassification,homeConference,homePoints,homeLineScores,homePostgameWinProbability,homePregameElo,homePostgameElo,awayId,awayTeam,awayClassification,awayConference,awayPoints,awayLineScores,awayPostgameWinProbability,awayPregameElo,awayPostgameElo,excitementIndex,highlights,notes,playoff
401693677,2024,1,regular,2024-08-24T04:00:00.000Z,True,True,True,False,,,,124179,Lincoln (CA),ii,Independent DII,7.0,"[0, 0, 0, 7]",,,,108382,College of Idaho,,,45.0,"[14, 7, 14, 10]",,,,,,,
401635525,2024,1,regular,2024-08-24T16:00:00.000Z,False,True,True,True,47998.0,3504.0,Aviva Stadium,59,Georgia Tech,fbs,ACC,24.0,"[7, 7, 0, 10]",0.9913955304658811,1497.0,1513.0,52,Florida State,fbs,ACC,21.0,"[8, 6, 0, 7]",0.008604469534118864,1692.0,1676.0,7.822223962,,Aer Lingus College Football Classic,
401654665,2024,1,regular,2024-08-24T19:30:00.000Z,False,True,False,False,16125.0,3827.0,"Memorial Stadium (Stephenville, TX)",2627,Tarleton State,fcs,UAC,26.0,"[16, 10, 0, 0]",0.054366198232126725,,,2377,McNeese,fcs,Southland,23.0,"[7, 0, 3, 13]",0.9456338017678733,,,5.5640247878,,,
401643697,2024,1,regular,2024-08-24T20:00:00.000Z,False,True,False,False,17314.0,3971.0,University Stadium (NM),167,New Mexico,fbs,Mountain West,31.0,"[10, 14, 7, 0]",0.30110066648514766,1234.0,1234.0,147,Montana State,fcs,Big Sky,35.0,"[0, 14, 0, 21]",0.6988993335148523,,,4.9273181699,,,
401654662,2024,1,regular,2024-08-24T23:00:00.000Z,False,True,True,False,4358.0,3689.0,Cramton Bowl,2546,Southeast Missouri State,fcs,Big South-OVC,37.0,"[7, 6, 8, 16]",0.994947815730074,,,2453,North Alabama,fcs,UAC,15.0,"[8, 7, 0, 0]",0.005052184269926041,,,7.1719013459,,FCS Kickoff,
401636372,2024,1,regular,2024-08-24T23:30:00.000Z,False,True,True,False,22210.0,4246.0,Center Parc Stadium,2450,Norfolk State,fcs,MEAC,23.0,"[14, 0, 3, 6]",0.918362106299498,,,50,Florida A&M,fcs,SWAC,24.0,"[7, 3, 14, 0]",0.081637893700502,,,4.6903128028,,Cricket MEAC/SWAC Challenge Kickoff,
401643696,2024,1,regular,2024-08-25T00:00:00.000Z,False,True,False,False,20263.0,3816.0,Mackay Stadium,2440,Nevada,fbs,Mountain West,24.0,"[7, 10, 7, 0]",0.1027094743544201,1222.0,1243.0,2567,SMU,fbs,ACC,29.0,"[0, 10, 3, 16]",0.8972905256455799,1690.0,1669.0,7.6714922497,,,
401643858,2024,1,regular,2024-08-25T03:59:00.000Z,False,True,False,False,12206.0,7220.0,Clarence T.C. Ching Athletics Complex,62,Hawai'i,fbs,Mountain West,35.0,"[14, 0, 7, 14]",0.9564689570884497,1227.0,1227.0,2169,Delaware State,fcs,MEAC,14.0,"[0, 7, 7, 0]",0.0435310429115503,,,5.224356278,,,
401675545,2024,1,regular,2024-08-29T04:00:00.000Z,True,True,False,True,,6123.0,Jackson Field,2834,Sul Ross State,ii,Lone Star,21.0,"[0, 7, 14, 0]",,,,2704,West Texas,ii,Lone Star,42.0,"[0, 21, 7, 14]",,,,,,,
401674318,2024,1,regular,2024-08-29T22:00:00.000Z,False,True,False,False,,3950.0,Superior Dome,128,Northern Michigan,ii,GLIAC,7.0,"[0, 0, 0, 7]",,,,134,Minnesota Duluth,ii,Northern Sun,35.0,"[6, 7, 15, 7]",,,,,,,
401673370,2024,1,regular,2024-08-29T22:00:00.000Z,False,True,False,False,,3663.0,Burke-Tarr Stadium,2105,Carson Newman,ii,South Atlantic,50.0,"[7, 19, 17, 7]",,,,2890,Reinhardt,,,7.0,"[0, 7, 0, 0]",,,,,,,
401673041,2024,1,regular,2024-08-29T22:00:00.000Z,False,True,False,False,6155.0,3774.0,Jayne Stadium,2413,Morehead State,fcs,Pioneer,17.0,"[0, 10, 0, 7]",,,,2119,Central State,ii,SIAC,10.0,"[0, 10, 0, 0]",,,,,,,
401628580,2024,1,regular,2024-08-29T22:00:00.000Z,False,True,False,False,5421.0,717.0,Villanova Stadium,222,Villanova,fcs,CAA,24.0,"[10, 7, 7, 0]",0.23680753263995083,,,2754,Youngstown State,fcs,MVFC,17.0,"[0, 3, 7, 7]",0.7631924673600492,,,4.2684188077,,,
401628458,2024,1,regular,2024-08-29T22:00:00.000Z,False,True,False,False,47803.0,6577.0,SHI Stadium,164,Rutgers,fbs,Big Ten,44.0,"[7, 10, 14, 13]",0.9969831120621432,1460.0,1460.0,47,Howard,fcs,MEAC,7.0,"[0, 7, 0, 0]",0.003016887937856816,,,4.6819518771,,,
401634299,2024,1,regular,2024-08-29T23:00:00.000Z,False,True,False,False,56919.0,3670.0,Carter-Finley Stadium,152,NC State,fbs,ACC,38.0,"[7, 7, 3, 21]",0.9918432913255499,1606.0,1606.0,2717,Western Carolina,fcs,Southern,21.0,"[14, 0, 7, 0]",0.008156708674450064,,,7.4610249317,,,
401628581,2024,1,regular,2024-08-29T23:00:00.000Z,False,True,False,False,29450.0,3630.0,Allegacy Federal Credit Union Stadium,154,Wake Forest,fbs,ACC,45.0,"[7, 10, 21, 7]",0.9025691144714703,1431.0,1431.0,2448,North Carolina A&T,fcs,CAA,13.0,"[7, 3, 0, 3]",0.09743088552852974,,,4.0055730674,,,
401644727,2024,1,regular,2024-08-29T23:00:00.000Z,False,True,False,False,16400.0,3965.0,UB Stadium,2084,Buffalo,fbs,Mid-American,30.0,"[13, 3, 7, 7]",0.9963644776637445,1357.0,1357.0,322,Lafayette,fcs,Patriot,13.0,"[0, 0, 6, 7]",0.0036355223362555256,,,4.5184667445,,,
401674274,2024,1,regular,2024-08-29T23:00:00.000Z,False,True,False,False,,5943.0,Duvall-Rosier Field,2986,Fairmont State,ii,Mountain East,56.0,"[7, 7, 21, 21]",,,,611,Seton Hill,ii,Pennsylvania State Athletic,24.0,"[0, 10, 0, 14]",,,,,,,
401674363,2024,1,regular,2024-08-29T23:00:00.000Z,False,True,False,True,,4440.0,Sox Harrison Stadium,2205,Edinboro,ii,Pennsylvania State Athletic,12.0,"[3, 3, 0, 6]",,,,2188,East Stroudsburg,ii,Pennsylvania State Athletic,24.0,"[10, 0, 14, 0]",,,,,,,
401636387,2024,1,regular,2024-08-29T23:00:00.000Z,False,True,False,False,11145.0,3817.0,Malone Stadium,2433,UL Monroe,fbs,Sun Belt,30.0,"[7, 7, 7, 9]",0.9698949195350997,1156.0,1156.0,2296,Jackson State,fcs,SWAC,14.0,"[0, 7, 7, 0]",0.030105080464900347,,,6.4645770987,,,
401628582,2024,1,regular,2024-08-29T23:00:00.000Z,False,True,False,False,44206.0,3652.0,FBC Mortgage Stadium,2116,UCF,fbs,Big 12,57.0,"[6, 23, 28, 0]",0.9984304429832914,1578.0,1578.0,160,New Hampshire,fcs,CAA,3.0,"[0, 3, 0, 0]",0.0015695570167085782,,,3.4992540194,,,
401644730,2024,1,regular,2024-08-29T23:00:00.000Z,False,True,False,False,18055.0,3786.0,Kelly/Shorts Stadium,2117,Central Michigan,fbs,Mid-American,66.0,"[14, 28, 24, 0]",0.990740332770375,1333.0,1333.0,2115,Central Connecticut,fcs,NEC,10.0,"[7, 0, 3, 0]",0.009259667229625013,,,3.5315915573,,,
401674525,2024,1,regular,2024-08-29T23:00:00.000Z,False,True,False,False,,6035.0,"Memorial Stadium (Wayne, NE)",2844,Wayne State (NE),ii,Northern Sun,49.0,"[7, 7, 21, 14]",,,,2402,Missouri S&T,ii,Great Lakes,17.0,"[0, 3, 0, 14]",,,,,,,
401675822,2024,1,regular,2024-08-29T23:00:00.000Z,False,True,False,False,,3638.0,MDU Resources Community Bowl,559,University of Mary,ii,Northern Sun,23.0,"[9, 7, 7, 0]",,,,2939,Jamestown,,,6.0,"[0, 0, 0, 6]",,,,,,,
401676074,2024,1,regular,2024-08-29T23:00:00.000Z,False,True,False,True,,4431.0,Chryst Field at Biemesderfer Stadium,210,Millersville,ii,Pennsylvania State Athletic,7.0,"[0, 7, 0, 0]",,,,2134,Clarion,ii,Pennsylvania State Athletic,36.0,"[7, 0, 15, 14]",,,,,,,
401644729,2024,1,regular,2024-08-29T23:00:00.000Z,False,True,False,False,12786.0,3700.0,Doyt L. Perry Stadium,189,Bowling Green,fbs,Mid-American,41.0,"[20, 7, 7, 7]",0.9928386384421355,1431.0,1431.0,2230,Fordham,fcs,Patriot,17.0,"[0, 3, 7, 7]",0.0071613615578645096,,,2.6308489164,,,
401628592,2024,1,regular,2024-08-29T23:00:00.000Z,False,True,False,False,8096.0,3998.0,Zable Stadium,2729,William & Mary,fcs,CAA,41.0,"[14, 14, 13, 0]",0.998934559408119,,,2678,VMI,fcs,Southern,7.0,"[0, 7, 0, 0]",0.0010654405918809617,,,2.6764257434,,,
401628579,2024,1,regular,2024-08-29T23:00:00.000Z,False,True,False,True,17244.0,3695.0,Delaware Stadium,48,Delaware,fcs,CAA,48.0,"[14, 20, 7, 7]",0.9915025125216215,,,2803,Bryant,fcs,CAA,17.0,"[3, 7, 0, 7]",0.00849748747837853,,,3.0604916608,,,
401634143,2024,1,regular,2024-08-29T23:00:00.000Z,False,True,False,False,7219.0,4417.0,Five Star Stadium at the Moye Complex,2382,Mercer,fcs,Southern,63.0,"[14, 14, 14, 21]",0.9989699805437935,,,2506,Presbyterian,fcs,Pioneer,10.0,"[3, 0, 7, 0]",0.0010300194562065101,,,2.8773607294,,,
401634152,2024,1,regular,2024-08-29T23:00:00.000Z,False,True,False,False,4378.0,3710.0,Ernest W. Spangler Stadium,2241,Gardner-Webb,fcs,Big South-OVC,20.0,"[3, 10, 7, 0]",0.5721206203546367,,,2747,Wofford,fcs,Southern,21.0,"[8, 3, 0, 10]",0.42787937964536327,,,7.0427787593,,,
401674295,2024,1,regular,2024-08-29T23:00:00.000Z,False,True,False,False,,5886.0,West Family Stadium,2699,West Liberty,ii,Mountain East,21.0,"[0, 7, 7, 7]",,,,2682,Walsh,ii,Great Midwest Athletic,41.0,"[20, 7, 7, 7]",,,,,,,
401674174,2024,1,regular,2024-08-29T23:00:00.000Z,False,True,False,False,,6062.0,Gable Field at Doc Wadley Stadium,196,Northeastern State,ii,Independent DII,31.0,"[14, 17, 0, 0]",,,,137,Missouri Western,ii,Mid America,33.0,"[14, 0, 13, 6]",,,,,,,
401674305,2024,1,regular,2024-08-29T23:00:00.000Z,False,True,False,False,500.0,6212.0,Bishop Schmitt Field,112335,Wheeling,ii,Mountain East,25.0,"[7, 10, 0, 8]",,,,2385,Mercyhurst,fcs,NEC,28.0,"[7, 14, 7, 0]",,,,,,,
401674184,2024,1,regular,2024-08-29T23:00:00.000Z,False,True,False,False,,5134.0,Bearcat Stadium,138,Northwest Missouri State,ii,Mid America,22.0,"[0, 0, 9, 13]",,,,2364,Minnesota State,ii,Northern Sun,36.0,"[8, 14, 7, 7]",,,,,,,
401674221,2024,1,regular,2024-08-29T23:00:00.000Z,False,True,False,False,,6052.0,Herb Parker Stadium,568,Minot State,ii,Northern Sun,38.0,"[17, 7, 0, 14]",,,,628,Valley City State,,,7.0,"[0, 0, 7, 0]",,,,,,,
401674307,2024,1,regular,2024-08-29T23:00:00.000Z,False,True,False,False,,5874.0,Chet Anderson Stadium,132,Bemidji State,ii,Northern Sun,19.0,"[0, 0, 3, 10, 6]",,,,2392,Michigan Tech,ii,GLIAC,13.0,"[7, 0, 3, 3, 0]",,,,,,,
401675476,2024,1,regular,2024-08-29T23:00:00.000Z,False,True,False,False,,6046.0,Meares Stadium,2369,Mars Hill,ii,South Atlantic,16.0,"[0, 7, 3, 6]",,,,2170,Delta State,ii,Gulf South,47.0,"[0, 10, 14, 23]",,,,,,,
401628320,2024,1,regular,2024-08-29T23:30:00.000Z,False,True,True,False,40127.0,3983.0,War Memorial Stadium (AR),8,Arkansas,fbs,SEC,70.0,"[28, 21, 7, 14]",0.9989700310726486,1454.0,1454.0,2029,Arkansas-Pine Bluff,fcs,SWAC,0.0,"[0, 0, 0, 0]",0.00102996892735141,,,2.5735528941,,,
401655664,2024,1,regular,2024-08-29T23:30:00.000Z,False,True,False,False,,3701.0,Drake Stadium,2181,Drake,fcs,Pioneer,0.0,[],,,,2825,Quincy,ii,Great Lakes,0.0,[],,,,,,,
401644728,2024,1,regular,2024-08-29T23:30:00.000Z,False,True,False,False,23515.0,3739.0,Glass Bowl,2649,Toledo,fbs,Mid-American,49.0,"[21, 7, 14, 7]",0.9854090128176071,1526.0,1526.0,2184,Duquesne,fcs,NEC,10.0,"[7, 3, 0, 0]",0.014590987182392934,,,3.6042805247,,,
401636606,2024,1,regular,2024-08-30T00:00:00.000Z,False,True,True,False,20829.0,3486.0,Children's Mercy Park,2305,Kansas,fbs,Big 12,48.0,"[7, 27, 7, 7]",0.9989701373065328,1619.0,1619.0,2815,Lindenwood,fcs,Big South-OVC,3.0,"[0, 0, 0, 3]",0.001029862693467165,,,3.001620721,,,
401628448,2024,1,regular,2024-08-30T00:00:00.000Z,False,True,False,False,50805.0,3953.0,Huntington Bank Stadium,135,Minnesota,fbs,Big Ten,17.0,"[0, 14, 0, 3]",0.8741646700190268,1492.0,1492.0,153,North Carolina,fbs,ACC,19.0,"[0, 7, 6, 6]",0.12583532998097324,1546.0,1546.0,8.3966898321,,,
401634206,2024,1,regular,2024-08-30T00:00:00.000Z,False,True,False,False,49438.0,3726.0,Folsom Field,38,Colorado,fbs,Big 12,31.0,"[14, 3, 7, 7]",0.3704693385585345,1324.0,1324.0,2449,North Dakota State,fcs,MVFC,26.0,"[10, 10, 0, 6]",0.6295306614414655,,,6.0376176228,,,
401645317,2024,1,regular,2024-08-30T00:00:00.000Z,False,True,False,False,20143.0,4729.0,Yulman Stadium,2655,Tulane,fbs,American Athletic,52.0,"[7, 14, 14, 17]",0.9989668126898874,1565.0,1565.0,2545,SE Louisiana,fcs,Southland,0.0,"[0, 0, 0, 0]",0.0010331873101125932,,,3.9545561472,,,
401628327,2024,1,regular,2024-08-30T00:00:00.000Z,False,True,False,False,62621.0,3838.0,Memorial Stadium,142,Missouri,fbs,SEC,51.0,"[28, 7, 10, 6]",0.9989083251415593,1744.0,1744.0,93,Murray State,fcs,MVFC,0.0,"[0, 0, 0, 0]",0.0010916748584407499,,,2.1957671965,,,
401655860,2024,1,regular,2024-08-30T00:00:00.000Z,False,True,False,False,3265.0,5116.0,O'Shaughnessy Stadium,2900,St. Thomas (MN),fcs,Pioneer,13.0,"[7, 0, 6, 0]",0.0012056173925438967,,,2894,Sioux Falls,ii,Northern Sun,34.0,"[8, 3, 9, 14]",0.9987943826074561,,,4.8571363888,,,
401674159,2024,1,regular,2024-08-30T00:00:00.000Z,False,True,False,False,,5890.0,Lewis Field Stadium,2231,Fort Hays,ii,Mid America,21.0,"[14, 0, 0, 7]",,,,2025,Angelo State,ii,Lone Star,7.0,"[0, 7, 0, 0]",,,,,,,
401675538,2024,1,regular,2024-08-30T00:00:00.000Z,False,True,False,False,,6049.0,"Memorial Stadium (Wichita Falls, TX)",2395,Midwestern State,ii,Lone Star,18.0,"[2, 3, 6, 7]",,,,2403,Missouri Southern State,ii,Mid America,11.0,"[3, 0, 0, 8]",,,,,,,
401673282,2024,1,regular,2024-08-30T00:00:00.000Z,False,True,False,False,,5880.0,Elliott Field at Don Beebe Stadium,2123,Chadron State,ii,Rocky Mountain,6.0,"[0, 6, 0, 0]",,,,2438,Nebraska Kearney,ii,Mid America,18.0,"[7, 11, 0, 0]",,,,,,,
401645318,2024,1,regular,2024-08-30T00:00:00.000Z,False,True,False,False,16483.0,3674.0,Chapman Stadium,202,Tulsa,fbs,American Athletic,62.0,"[14, 27, 7, 14]",0.9988522601651243,1248.0,1248.0,2466,Northwestern State,fcs,Southland,28.0,"[14, 0, 0, 14]",0.001147739834875705,,,4.1619627667,,,
401674150,2024,1,regular,2024-08-30T00:00:00.000Z,False,True,False,True,,5942.0,Francis G. Welch Stadium,2214,Emporia State,ii,Mid America,30.0,"[0, 6, 10, 14]",,,,2687,Washburn,ii,Mid America,14.0,"[0, 0, 7, 7]",,,,,,,
401640998,2024,1,regular,2024-08-30T00:00:00.000Z,False,True,False,False,18977.0,3662.0,AmFirst Stadium,55,Jacksonville State,fbs,Conference USA,27.0,"[3, 7, 0, 17]",0.006210418812854204,1538.0,1449.0,324,Coastal Carolina,fbs,Sun Belt,55.0,"[17, 14, 10, 14]",0.9937895811871458,1448.0,1537.0,2.3532792649,,,
401645316,2024,1,regular,2024-08-30T00:00:00.000Z,False,True,False,False,21267.0,7221.0,Protective Stadium,5,UAB,fbs,American Athletic,41.0,"[14, 14, 3, 10]",0.998633095814721,1363.0,1363.0,2016,Alcorn State,fcs,SWAC,3.0,"[3, 0, 0, 0]",0.001366904185278961,,,3.2583396559,,,
401673254,2024,1,regular,2024-08-30T00:00:00.000Z,False,True,False,True,,3860.0,O'Harra Stadium,613,South Dakota Mines,ii,Rocky Mountain,6.0,"[0, 3, 3, 0]",,,,2570,CSU Pueblo,ii,Rocky Mountain,35.0,"[7, 7, 14, 7]",,,,,,,
401673257,2024,1,regular,2024-08-30T00:00:00.000Z,False,True,False,False,,6059.0,Sanchez Family Stadium,2424,New Mexico Highlands,ii,Rocky Mountain,37.0,"[7, 9, 14, 7]",,,,2201,Eastern New Mexico,ii,Lone Star,63.0,"[21, 7, 14, 21]",,,,,,,
401673279,2024,1,regular,2024-08-30T00:00:00.000Z,False,True,False,False,,6076.0,Javelina Stadium,2658,Texas A&M-Kingsville,ii,Lone Star,13.0,"[7, 3, 3, 0]",,,,11,Colorado Mesa,ii,Rocky Mountain,16.0,"[8, 0, 0, 8]",,,,,,,
401654562,2024,1,regular,2024-08-30T00:00:00.000Z,False,True,False,False,7435.0,1905.0,DakotaDome,233,South Dakota,fcs,MVFC,45.0,"[10, 21, 7, 7]",0.9980638710597333,,,425,Northern State,ii,Northern Sun,3.0,"[3, 0, 0, 0]",0.0019361289402667348,,,2.4587291553,,,
401675114,2024,1,regular,2024-08-30T00:00:00.000Z,False,True,False,False,2014.0,3756.0,Homer Bryce Stadium,2617,Stephen F. Austin,fcs,Southland,77.0,"[42, 28, 0, 7]",,,,123086,North American,,,0.0,"[0, 0, 0, 0]",,,,1.8434041735,,,
401628583,2024,1,regular,2024-08-30T01:00:00.000Z,False,True,False,False,4612.0,3906.0,Roos Field,331,Eastern Washington,fcs,Big Sky,42.0,"[14, 14, 7, 7]",0.9986200424510411,,,2405,Monmouth,fcs,CAA,27.0,"[7, 7, 0, 13]",0.001379957548958921,,,3.9223201444,,,
401636607,2024,1,regular,2024-08-30T01:00:00.000Z,False,True,False,False,52210.0,587.0,Rice-Eccles Stadium,254,Utah,fbs,Big 12,49.0,"[7, 28, 7, 7]",0.9989529148338463,1622.0,1622.0,253,Southern Utah,fcs,UAC,0.0,"[0, 0, 0, 0]",0.001047085166153705,,,2.4892539854,,,
401654845,2024,1,regular,2024-08-30T01:00:00.000Z,False,True,False,False,43849.0,3832.0,"Memorial Stadium (Champaign, IL)",356,Illinois,fbs,Big Ten,45.0,"[14, 17, 7, 7]",0.998775795771694,1502.0,1502.0,2197,Eastern Illinois,fcs,Big South-OVC,0.0,"[0, 0, 0, 0]",0.0012242042283060472,,,2.616514081,,,
401643698,2024,1,regular,2024-08-30T02:00:00.000Z,False,True,False,False,13811.0,3935.0,CEFCU Stadium,23,San José State,fbs,Mountain West,42.0,"[7, 7, 7, 21]",0.9887113561234411,1544.0,1544.0,16,Sacramento State,fcs,Big Sky,24.0,"[14, 3, 7, 0]",0.011288643876558924,,,8.7463456016,,,
401645319,2024,1,regular,2024-08-30T22:00:00.000Z,False,True,False,False,23760.0,3841.0,Michie Stadium,349,Army,fbs,American Athletic,42.0,"[7, 14, 7, 14]",0.9979306489300219,1425.0,1425.0,2329,Lehigh,fcs,Patriot,7.0,"[7, 0, 0, 0]",0.002069351069978076,,,3.1009780986,,,
401656600,2024,1,regular,2024-08-30T23:00:00.000Z,False,True,False,False,5775.0,3607.0,Alfond Stadium,311,Maine,fcs,CAA,17.0,"[0, 10, 0, 7]",0.9249528354518197,,,2142,Colgate,fcs,Patriot,14.0,"[0, 7, 0, 7]",0.07504716454818028,,,6.2211452136,,,
401628328,2024,1,regular,2024-08-30T23:00:00.000Z,False,True,False,False,83329.0,3835.0,"Memorial Stadium (Norman, OK)",201,Oklahoma,fbs,SEC,51.0,"[17, 17, 3, 14]",0.9967305253633713,1786.0,1849.0,218,Temple,fbs,American Athletic,3.0,"[0, 0, 3, 0]",0.003269474636628744,1178.0,1115.0,2.6725263142,,,
401628453,2024,1,regular,2024-08-30T23:00:00.000Z,False,True,False,False,70271.0,3936.0,Spartan Stadium,127,Michigan State,fbs,Big Ten,16.0,"[2, 14, 0, 0]",0.8569259339139759,1392.0,1401.0,2226,Florida Atlantic,fbs,American Athletic,10.0,"[0, 3, 7, 0]",0.14307406608602413,1422.0,1413.0,6.7849495035,,,
401628584,2024,1,regular,2024-08-30T23:30:00.000Z,False,True,False,False,18466.0,3982.0,Wallace Wade Stadium,150,Duke,fbs,ACC,26.0,"[3, 7, 9, 7]",0.9964878761250934,1602.0,1602.0,2210,Elon,fcs,CAA,3.0,"[0, 0, 0, 3]",0.0035121238749066253,,,4.3623822452,,,
401628461,2024,1,regular,2024-08-31T01:00:00.000Z,False,True,False,False,75158.0,347.0,Camp Randall Stadium,275,Wisconsin,fbs,Big Ten,28.0,"[0, 10, 3, 15]",0.5495450669632155,1587.0,1593.0,2711,Western Michigan,fbs,Mid-American,14.0,"[0, 7, 0, 7]",0.4504549330367845,1315.0,1309.0,7.098240234,,,
401634300,2024,1,regular,2024-08-31T02:30:00.000Z,False,True,False,False,36026.0,3940.0,Stanford Stadium,24,Stanford,fbs,ACC,27.0,"[7, 10, 0, 10]",0.10769287584413943,1286.0,1295.0,2628,TCU,fbs,Big 12,34.0,"[7, 3, 10, 14]",0.8923071241558606,1587.0,1578.0,9.2635770293,,,
401643703,2024,1,regular,2024-08-31T04:00:00.000Z,True,True,False,False,17037.0,3905.0,Maverik Stadium,328,Utah State,fbs,Mountain West,36.0,"[7, 3, 10, 16]",0.9971715241134939,1346.0,1346.0,2523,Robert Morris,fcs,NEC,14.0,"[0, 14, 0, 0]",0.0028284758865061432,,,6.7617772711,,,
401628333,2024,1,regular,2024-08-31T16:00:00.000Z,False,True,False,False,,3973.0,FirstBank Stadium,238,Vanderbilt,fbs,SEC,34.0,"[3, 14, 3, 7, 7]",0.9759708097958583,1284.0,1313.0,259,Virginia Tech,fbs,ACC,27.0,"[0, 3, 10, 14, 0]",0.024029190204141737,1604.0,1575.0,7.7799416184,,,
401628450,2024,1,regular,2024-08-31T16:00:00.000Z,False,True,False,False,69250.0,3793.0,Kinnick Stadium,2294,Iowa,fbs,Big Ten,40.0,"[3, 3, 13, 21]",0.9981064825554675,1550.0,1550.0,2287,Illinois State,fcs,MVFC,0.0,"[0, 0, 0, 0]",0.0018935174445324776,,,4.289131329,,,
401634305,2024,1,regular,2024-08-31T16:00:00.000Z,False,True,False,False,44616.0,3752.0,Acrisure Stadium,221,Pittsburgh,fbs,ACC,55.0,"[14, 14, 14, 13]",0.9944918416705909,1436.0,1486.0,2309,Kent State,fbs,Mid-American,24.0,"[7, 7, 10, 0]",0.005508158329409096,1158.0,1108.0,4.2275134344,,,
401632062,2024,1,regular,2024-08-31T16:00:00.000Z,False,True,False,False,47067.0,3873.0,L&N Federal Credit Union Stadium,97,Louisville,fbs,ACC,62.0,"[10, 28, 21, 3]",0.9989252517275378,1625.0,1625.0,2046,Austin Peay,fcs,UAC,0.0,"[0, 0, 0, 0]",0.0010747482724622337,,,2.3632203342,,,
401628451,2024,1,regular,2024-08-31T16:00:00.000Z,False,True,False,False,35421.0,3665.0,SECU Stadium,120,Maryland,fbs,Big Ten,50.0,"[14, 9, 13, 14]",0.9988002754401627,1630.0,1703.0,41,UConn,fbs,FBS Independents,7.0,"[0, 0, 7, 0]",0.0011997245598373008,1230.0,1157.0,3.0293093219,,,
401645322,2024,1,regular,2024-08-31T16:00:00.000Z,False,True,False,False,28763.0,3852.0,Navy-Marine Corps Memorial Stadium,2426,Navy,fbs,American Athletic,49.0,"[6, 22, 7, 14]",0.9984703617023533,1368.0,1368.0,2083,Bucknell,fcs,Patriot,21.0,"[7, 0, 7, 7]",0.0015296382976467404,,,3.4538485468,,,
401628323,2024,1,regular,2024-08-31T16:00:00.000Z,False,True,True,False,78827.0,5348.0,Mercedes-Benz Stadium,61,Georgia,fbs,SEC,34.0,"[0, 6, 14, 14]",0.996798246718009,2015.0,2066.0,228,Clemson,fbs,ACC,3.0,"[0, 0, 3, 0]",0.0032017532819910155,1676.0,1625.0,3.9981808014,,Aflac Kickoff,
401654646,2024,1,regular,2024-08-31T16:00:00.000Z,False,True,False,False,2850.0,3988.0,Welcome Stadium,2168,Dayton,fcs,Pioneer,18.0,"[9, 0, 9, 0]",0.8070310954135067,,,2598,Saint Francis,fcs,NEC,10.0,"[0, 3, 7, 0]",0.1929689045864933,,,5.260184154,,,
401654657,2024,1,regular,2024-08-31T16:00:00.000Z,False,True,False,False,2258.0,3979.0,Wagner College Stadium,2681,Wagner,fcs,NEC,46.0,"[19, 13, 14, 0]",0.9989348373775856,,,2355,Virginia Lynchburg,,,7.0,"[0, 7, 0, 0]",0.0010651626224144062,,,2.9149187813,,,
401628457,2024,1,regular,2024-08-31T16:00:00.000Z,False,True,False,False,62084.0,3842.0,Milan Puskar Stadium,277,West Virginia,fbs,Big 12,12.0,"[0, 6, 0, 6]",0.0009582824377984128,1574.0,1546.0,213,Penn State,fbs,Big Ten,34.0,"[0, 20, 7, 7]",0.9990417175622016,1833.0,1861.0,3.2059023853,,,
401634169,2024,1,regular,2024-08-31T16:00:00.000Z,False,True,False,False,59488.0,3907.0,Ross-Ade Stadium,2509,Purdue,fbs,Big Ten,49.0,"[7, 14, 14, 14]",0.9989614643903625,1492.0,1492.0,282,Indiana State,fcs,MVFC,0.0,"[0, 0, 0, 0]",0.0010385356096375142,,,3.120175037,,,
401654641,2024,1,regular,2024-08-31T16:30:00.000Z,False,True,False,False,,3847.0,Cooper Field,46,Georgetown,fcs,Patriot,46.0,"[12, 10, 21, 3]",0.9983093472263984,,,2166,Davidson,fcs,Pioneer,24.0,"[3, 14, 0, 7]",0.0016906527736015864,,,4.58337086,,,
401628330,2024,1,regular,2024-08-31T16:45:00.000Z,False,True,False,False,101915.0,3853.0,Neyland Stadium,2633,Tennessee,fbs,SEC,69.0,"[24, 21, 10, 14]",0.9989676752583595,1751.0,1751.0,236,Chattanooga,fcs,Southern,3.0,"[0, 0, 3, 0]",0.0010323247416405001,,,2.0752113158,,,
401677383,2024,1,regular,2024-08-31T17:00:00.000Z,False,True,False,True,,6221.0,Mitchell Stadium,124180,Bluefield State,ii,CIAA,3.0,"[3, 0, 0, 0]",,,,2736,Winston-Salem State,ii,CIAA,34.0,"[14, 13, 7, 0]",,,,,,,
401675586,2024,1,regular,2024-08-31T17:00:00.000Z,False,True,False,True,,5945.0,Wildcat Stadium (GA),2232,Fort Valley State,ii,SIAC,42.0,"[14, 7, 7, 14]",,,,2805,Clark Atlanta,ii,SIAC,45.0,"[13, 13, 6, 13]",,,,,,,
401655657,2024,1,regular,2024-08-31T17:00:00.000Z,False,True,False,False,3109.0,3664.0,Butler Bowl,2086,Butler,fcs,Pioneer,40.0,"[6, 13, 14, 7]",0.9981541335142878,,,389,Upper Iowa,ii,Great Lakes,7.0,"[0, 7, 0, 0]",0.0018458664857121665,,,4.4578356316,,,
401674303,2024,1,regular,2024-08-31T17:00:00.000Z,False,True,True,False,,7422.0,Municipal Stadium,126086,Post,ii,Northeast 10,41.0,"[7, 21, 6, 7]",,,,455,West Virginia Wesleyan,ii,Mountain East,24.0,"[14, 7, 3, 0]",,,,,,,
401676691,2024,1,regular,2024-08-31T17:00:00.000Z,False,True,False,True,,6068.0,George Williams Athletic Complex,2551,Shaw,ii,CIAA,17.0,"[7, 3, 7, 0]",,,,2207,Elizabeth City State,ii,CIAA,13.0,"[0, 0, 7, 6]",,,,,,,
401673381,2024,1,regular,2024-08-31T17:00:00.000Z,False,True,False,False,,5840.0,Fred Selfe Stadium at Nicewonder Field,2213,Emory & Henry,ii,South Atlantic,38.0,"[17, 0, 14, 7]",,,,2249,Glenville State,ii,Mountain East,7.0,"[0, 0, 7, 0]",,,,,,,
401634212,2024,1,regular,2024-08-31T18:00:00.000Z,False,True,False,False,52202.0,3646.0,Boone Pickens Stadium,197,Oklahoma State,fbs,Big 12,44.0,"[10, 7, 21, 6]",0.9918623935187709,1522.0,1522.0,2571,South Dakota State,fcs,MVFC,20.0,"[0, 6, 7, 7]",0.008137606481229076,,,3.8973240461,,,
401628591,2024,1,regular,2024-08-31T18:30:00.000Z,False,True,False,False,37654.0,3854.0,Nippert Stadium,2132,Cincinnati,fbs,Big 12,38.0,"[21, 7, 10, 0]",0.9988703038356657,1394.0,1394.0,119,Towson,fcs,CAA,20.0,"[3, 14, 3, 0]",0.0011296961643343373,,,4.0563441295,,,
401675404,2024,1,regular,2024-08-31T19:00:00.000Z,False,True,False,False,,6042.0,Alumni Stadium (KY),2310,Kentucky State,ii,SIAC,7.0,"[7, 0, 0, 0]",,,,2676,Virginia Union,ii,CIAA,69.0,"[20, 14, 21, 14]",,,,,,,
401658348,2024,1,regular,2024-08-31T19:00:00.000Z,False,True,False,False,,7076.0,J.W. Babb Stadium,101784,Erskine,ii,Gulf South,52.0,"[17, 7, 21, 7]",,,,111610,St. Andrews,,,0.0,"[0, 0, 0, 0]",,,,,,,
401675597,2024,1,regular,2024-08-31T19:00:00.000Z,False,True,False,True,,6056.0,B.T. Harvey Stadium,60,Morehouse,ii,SIAC,11.0,[],,,,2206,Edward Waters,ii,SIAC,28.0,[],,,,,,,
401637159,2024,1,regular,2024-08-31T19:00:00.000Z,False,True,False,False,20089.0,3820.0,Gesa Field,265,Washington State,fbs,Pac-12,70.0,"[22, 27, 14, 7]",0.998969170318451,1530.0,1530.0,2502,Portland State,fcs,Big Sky,30.0,"[7, 10, 6, 7]",0.0010308296815489948,,,2.9697667045,,,
401628449,2024,1,regular,2024-08-31T19:30:00.000Z,False,True,False,False,44150.0,3830.0,"Memorial Stadium (Bloomington, IN)",84,Indiana,fbs,Big Ten,31.0,"[14, 7, 3, 7]",0.9982659319837235,1395.0,1430.0,2229,Florida International,fbs,Conference USA,7.0,"[0, 7, 0, 0]",0.0017340680162765132,1164.0,1129.0,3.6693137815,,,
401628322,2024,1,regular,2024-08-31T19:30:00.000Z,False,True,False,False,90544.0,3634.0,Ben Hill Griffin Stadium,57,Florida,fbs,SEC,17.0,"[3, 7, 0, 7]",0.0005616699198957274,1562.0,1497.0,2390,Miami,fbs,ACC,41.0,"[7, 17, 14, 3]",0.9994383300801043,1553.0,1618.0,2.0699906761,,,
401634133,2024,1,regular,2024-08-31T19:30:00.000Z,False,True,False,False,36232.0,3792.0,Kidd Brewer Stadium,2026,App State,fbs,Sun Belt,38.0,"[10, 7, 7, 14]",0.8524195016014087,1578.0,1578.0,2193,East Tennessee State,fcs,Southern,10.0,"[0, 7, 3, 0]",0.14758049839859133,,,4.1701491027,,,
401644683,2024,1,regular,2024-08-31T19:30:00.000Z,False,True,True,False,12023.0,5960.0,Lanny and Sharon Martin Stadium,77,Northwestern,fbs,Big Ten,13.0,"[3, 0, 7, 3]",0.9619988723257635,1498.0,1514.0,193,Miami (OH),fbs,Mid-American,6.0,"[3, 0, 0, 3]",0.03800112767423647,1506.0,1490.0,5.8551319837,,,
401634304,2024,1,regular,2024-08-31T19:30:00.000Z,False,True,False,False,37225.0,1964.0,JMA Wireless Dome,183,Syracuse,fbs,ACC,38.0,"[0, 17, 14, 7]",0.9950656709659383,1330.0,1383.0,195,Ohio,fbs,Mid-American,22.0,"[6, 3, 7, 6]",0.0049343290340616575,1522.0,1469.0,4.6239333254,,,
401634197,2024,1,regular,2024-08-31T19:30:00.000Z,False,True,False,False,56148.0,3772.0,Jack Trice Stadium,66,Iowa State,fbs,Big 12,21.0,"[7, 7, 0, 7]",0.9926331863922268,1612.0,1612.0,155,North Dakota,fcs,MVFC,3.0,"[0, 3, 0, 0]",0.007366813607773248,,,5.4436053185,,,
401643699,2024,1,regular,2024-08-31T19:30:00.000Z,False,True,False,False,31658.0,3713.0,Falcon Stadium,2005,Air Force,fbs,Mountain West,21.0,"[7, 7, 0, 7]",0.9455908886537696,1572.0,1572.0,2771,Merrimack,fcs,FCS Independents,6.0,"[0, 0, 0, 6]",0.05440911134623039,,,6.1226509062,,,
401641015,2024,1,regular,2024-08-31T19:30:00.000Z,False,True,False,False,25911.0,3604.0,Alamodome,2636,UTSA,fbs,American Athletic,28.0,"[14, 7, 0, 7]",0.9928398385316319,1598.0,1613.0,338,Kennesaw State,fbs,Conference USA,16.0,"[3, 3, 3, 7]",0.007160161468368065,1500.0,1485.0,5.3671875296,,,
401644731,2024,1,regular,2024-08-31T19:30:00.000Z,False,True,False,False,10828.0,3764.0,Huskie Stadium,2459,Northern Illinois,fbs,Mid-American,54.0,"[6, 28, 13, 7]",0.9989709146104983,1446.0,1446.0,2710,Western Illinois,fcs,Big South-OVC,15.0,"[3, 0, 5, 7]",0.0010290853895017493,,,3.7345812948,,,
401629039,2024,1,regular,2024-08-31T19:30:00.000Z,False,True,False,False,12810.0,3985.0,Warren McGuirk Alumni Stadium,113,Massachusetts,fbs,FBS Independents,14.0,"[0, 0, 7, 7]",0.20800758182908174,1141.0,1123.0,2199,Eastern Michigan,fbs,Mid-American,28.0,"[0, 14, 3, 11]",0.7919924181709183,1287.0,1305.0,4.0727246661,,,
401628455,2024,1,regular,2024-08-31T19:30:00.000Z,False,True,False,False,102011.0,3861.0,Ohio Stadium,194,Ohio State,fbs,Big Ten,52.0,"[7, 10, 21, 14]",0.9986109107615839,1876.0,1927.0,2006,Akron,fbs,Mid-American,6.0,"[3, 0, 3, 0]",0.0013890892384160747,1212.0,1161.0,4.3794847589,,,
401628454,2024,1,regular,2024-08-31T19:30:00.000Z,False,True,False,False,86072.0,3834.0,"Memorial Stadium (Lincoln, NE)",158,Nebraska,fbs,Big Ten,40.0,"[7, 23, 7, 3]",0.9829337715303853,1507.0,1571.0,2638,UTEP,fbs,Conference USA,7.0,"[7, 0, 0, 0]",0.017066228469614697,1296.0,1232.0,3.541056616,,,
401628331,2024,1,regular,2024-08-31T19:30:00.000Z,False,True,False,False,99171.0,3910.0,DKR-Texas Memorial Stadium,251,Texas,fbs,SEC,52.0,"[7, 24, 14, 7]",0.9985585872365947,1850.0,1939.0,36,Colorado State,fbs,Mountain West,0.0,"[0, 0, 0, 0]",0.0014414127634052587,1350.0,1261.0,2.8170508876,,,
401673264,2024,1,regular,2024-08-31T20:00:00.000Z,False,True,False,False,,5944.0,Ray Dennison Memorial Field,2237,Fort Lewis,ii,Rocky Mountain,20.0,"[3, 7, 10, 0]",,,,2911,William Jewell,ii,Great Lakes,35.0,"[14, 7, 7, 7]",,,,,,,
401655628,2024,1,regular,2024-08-31T20:00:00.000Z,False,True,False,False,7342.0,2023.0,Walkup Skydome,2464,Northern Arizona,fcs,Big Sky,66.0,"[21, 24, 14, 7]",,,,124179,Lincoln (CA),ii,Independent DII,6.0,"[0, 6, 0, 0]",,,,,,,
401643700,2024,1,regular,2024-08-31T20:00:00.000Z,False,True,False,False,24134.0,3608.0,Allen E. Paulson Stadium,290,Georgia Southern,fbs,Sun Belt,45.0,"[0, 16, 14, 15]",0.00392352239080461,1384.0,1381.0,68,Boise State,fbs,Mountain West,56.0,"[14, 14, 8, 20]",0.9960764776091954,1626.0,1629.0,6.144426114,,,
401628329,2024,1,regular,2024-08-31T20:15:00.000Z,False,True,False,False,78496.0,3994.0,Williams-Brice Stadium,2579,South Carolina,fbs,SEC,23.0,"[10, 3, 3, 7]",0.8387262463535545,1562.0,1560.0,295,Old Dominion,fbs,Sun Belt,19.0,"[7, 0, 9, 3]",0.16127375364644547,1406.0,1408.0,9.802219213,,,
401634301,2024,1,regular,2024-08-31T21:00:00.000Z,False,True,False,False,32275.0,3831.0,California Memorial Stadium,25,California,fbs,ACC,31.0,"[7, 7, 10, 7]",0.3995840361236263,1483.0,1483.0,302,UC Davis,fcs,Big Sky,13.0,"[6, 7, 0, 0]",0.6004159638763737,,,4.1654585599,,,
401628590,2024,1,regular,2024-08-31T21:00:00.000Z,False,True,False,False,25032.0,3775.0,Joan C. Edwards Stadium,276,Marshall,fbs,Sun Belt,45.0,"[7, 10, 7, 21]",0.9987033581715669,1406.0,1406.0,2619,Stony Brook,fcs,CAA,3.0,"[0, 0, 3, 0]",0.0012966418284331427,,,5.155172454,,,
401654582,2024,1,regular,2024-08-31T21:00:00.000Z,False,True,False,False,8458.0,3967.0,UNI-Dome,2460,Northern Iowa,fcs,MVFC,35.0,"[14, 14, 7, 0]",0.9989303323879005,,,2674,Valparaiso,fcs,Pioneer,7.0,"[0, 7, 0, 0]",0.0010696676120994786,,,2.7939481765,,,
401643775,2024,1,regular,2024-08-31T21:00:00.000Z,False,True,False,False,15559.0,6526.0,Hancock Whitney Stadium,6,South Alabama,fbs,Sun Belt,38.0,"[3, 16, 7, 12]",0.2996523883576543,1650.0,1593.0,249,North Texas,fbs,American Athletic,52.0,"[7, 7, 28, 10]",0.7003476116423457,1412.0,1469.0,5.6675192299,,,
401675804,2024,1,regular,2024-08-31T22:00:00.000Z,False,True,False,False,,3612.0,Alumni Memorial Stadium (NC),2940,Livingstone,ii,CIAA,7.0,"[0, 0, 0, 7]",,,,2128,Charleston (WV),ii,Mountain East,38.0,"[14, 3, 7, 14]",,,,,,,
401654844,2024,1,regular,2024-08-31T22:00:00.000Z,False,True,False,False,5831.0,3658.0,Buccaneer Field,2127,Charleston Southern,fcs,Big South-OVC,21.0,"[7, 7, 7, 0]",0.8519352076825446,,,2643,The Citadel,fcs,Southern,22.0,"[0, 3, 12, 7]",0.1480647923174554,,,6.1880340426,,,
401654497,2024,1,regular,2024-08-31T22:00:00.000Z,False,True,False,False,4271.0,3668.0,Campus Field,2529,Sacred Heart,fcs,FCS Independents,15.0,"[3, 3, 3, 6]",0.8346540695153016,,,2169,Delaware State,fcs,MEAC,17.0,"[0, 7, 0, 10]",0.16534593048469837,,,8.0814875067,,,
401632063,2024,1,regular,2024-08-31T22:00:00.000Z,False,True,False,False,4329.0,5888.0,University Stadium (GA),2698,West Georgia,fcs,UAC,38.0,"[14, 12, 0, 12]",,,,2535,Samford,fcs,Southern,29.0,"[7, 7, 15, 0]",,,,,,,
401674289,2024,1,regular,2024-08-31T22:00:00.000Z,False,True,False,False,,6060.0,Grace P. Johnson Stadium,2882,UNC Pembroke,ii,Mountain East,12.0,"[6, 0, 6, 0]",,,,351,Wingate,ii,South Atlantic,17.0,"[7, 0, 7, 3]",,,,,,,
401645320,2024,1,regular,2024-08-31T22:00:00.000Z,False,True,False,False,36467.0,3699.0,Dowdy-Ficklen Stadium,151,East Carolina,fbs,American Athletic,42.0,"[14, 14, 7, 7]",0.996793527864864,1404.0,1404.0,2450,Norfolk State,fcs,MEAC,3.0,"[3, 0, 0, 0]",0.0032064721351360292,,,2.9668534019,,,
401673044,2024,1,regular,2024-08-31T22:00:00.000Z,False,True,False,False,,4416.0,Spec Martin Municipal Stadium,56,Stetson,fcs,Pioneer,41.0,"[0, 6, 14, 21]",0.9281520113087053,,,3178,Ave Maria University,,,3.0,"[0, 3, 0, 0]",0.07184798869129472,,,5.0524259511,,,
401654584,2024,1,regular,2024-08-31T22:00:00.000Z,False,True,False,False,8124.0,3810.0,Nissan Stadium,2634,Tennessee State,fcs,Big South-OVC,41.0,"[21, 10, 0, 10]",0.9972025451899037,,,2400,Mississippi Valley State,fcs,SWAC,21.0,"[0, 0, 0, 21]",0.0027974548100963004,,,3.0843589537,,,
401628589,2024,1,regular,2024-08-31T22:00:00.000Z,False,True,False,False,40811.0,3923.0,Scott Stadium,258,Virginia,fbs,ACC,34.0,"[17, 10, 7, 0]",0.9980843477492788,1310.0,1310.0,257,Richmond,fcs,CAA,13.0,"[0, 7, 3, 3]",0.0019156522507212115,,,2.7590078828,,,
401628586,2024,1,regular,2024-08-31T22:00:00.000Z,False,True,False,False,21573.0,3992.0,Williams Stadium (VA),2335,Liberty,fbs,Conference USA,41.0,"[7, 10, 10, 14]",0.9927279314842183,1572.0,1572.0,2097,Campbell,fcs,CAA,24.0,"[3, 7, 7, 7]",0.00727206851578166,,,6.1174720374,,,
401636373,2024,1,regular,2024-08-31T22:00:00.000Z,False,True,False,False,15930.0,3650.0,Bragg Memorial Stadium,50,Florida A&M,fcs,SWAC,22.0,"[0, 7, 0, 15]",0.8470232374867032,,,2569,South Carolina State,fcs,MEAC,18.0,"[3, 3, 6, 6]",0.15297676251329684,,,10.7778213762,,,
401628326,2024,1,regular,2024-08-31T22:00:00.000Z,False,True,False,False,48724.0,3693.0,Davis Wade Stadium,344,Mississippi State,fbs,SEC,56.0,"[14, 21, 7, 14]",0.9988566466839199,1447.0,1447.0,2198,Eastern Kentucky,fcs,UAC,7.0,"[0, 7, 0, 0]",0.0011433533160800646,,,2.5389409303,,,
401654510,2024,1,regular,2024-08-31T22:00:00.000Z,False,True,False,False,7714.0,3620.0,Armstrong Stadium,2261,Hampton,fcs,CAA,28.0,"[7, 7, 7, 7]",0.28021994657174387,,,2415,Morgan State,fcs,MEAC,30.0,"[7, 13, 3, 7]",0.7197800534282561,,,4.5214336741,,,
401643704,2024,1,regular,2024-08-31T22:30:00.000Z,False,True,False,False,31013.0,3893.0,Reser Stadium,204,Oregon State,fbs,Pac-12,38.0,"[7, 10, 14, 7]",0.998356297588382,1648.0,1648.0,304,Idaho State,fcs,Big Sky,15.0,"[9, 0, 6, 0]",0.001643702411618042,,,4.9860304254,,,
401636612,2024,1,regular,2024-08-31T23:00:00.000Z,False,True,False,False,51240.0,3636.0,Bill Snyder Family Stadium,2306,Kansas State,fbs,Big 12,41.0,"[14, 3, 10, 14]",0.9987372051428841,1794.0,1794.0,2630,UT Martin,fcs,Big South-OVC,6.0,"[0, 3, 3, 0]",0.0012627948571158898,,,3.5749005334,,,
401636610,2024,1,regular,2024-08-31T23:00:00.000Z,False,True,False,False,42272.0,4727.0,McLane Stadium,239,Baylor,fbs,Big 12,45.0,"[21, 7, 7, 10]",0.9981865367574881,1422.0,1422.0,2627,Tarleton State,fcs,UAC,3.0,"[0, 0, 3, 0]",0.001813463242511859,,,2.2423619189,,,
401636363,2024,1,regular,2024-08-31T23:00:00.000Z,False,True,False,False,,3886.0,Raymond James Stadium,58,South Florida,fbs,American Athletic,48.0,"[14, 17, 17, 0]",0.9988066210712727,1442.0,1442.0,2065,Bethune-Cookman,fcs,SWAC,3.0,"[0, 3, 0, 0]",0.0011933789287272845,,,3.4352768308,,,
401628325,2024,1,regular,2024-08-31T23:00:00.000Z,False,True,False,False,66105.0,3974.0,Vaught-Hemingway Stadium,145,Ole Miss,fbs,SEC,76.0,"[24, 28, 21, 3]",0.998970933394839,1658.0,1658.0,231,Furman,fcs,Southern,0.0,"[0, 0, 0, 0]",0.0010290666051609998,,,2.3622487127,,,
401628319,2024,1,regular,2024-08-31T23:00:00.000Z,False,True,False,False,100077.0,3657.0,Bryant-Denny Stadium,333,Alabama,fbs,SEC,63.0,"[21, 21, 14, 7]",0.9989712511352644,1854.0,1997.0,98,Western Kentucky,fbs,Conference USA,0.0,"[0, 0, 0, 0]",0.0010287488647355847,1466.0,1323.0,2.8747278078,,,
401643701,2024,1,regular,2024-08-31T23:00:00.000Z,False,True,False,False,27412.0,3975.0,Veterans Memorial Stadium (AL),2653,Troy,fbs,Sun Belt,26.0,"[7, 7, 3, 9]",0.23631786965625518,1657.0,1629.0,2440,Nevada,fbs,Mountain West,28.0,"[0, 6, 15, 7]",0.7636821303437449,1243.0,1271.0,5.7519487887,,,
401645321,2024,1,regular,2024-08-31T23:00:00.000Z,False,True,False,False,25849.0,3805.0,Simmons Bank Liberty Stadium,235,Memphis,fbs,American Athletic,40.0,"[7, 24, 3, 6]",0.9988718236616925,1569.0,1569.0,2453,North Alabama,fcs,UAC,0.0,"[0, 0, 0, 0]",0.0011281763383075294,,,2.6543172393,,,
401675508,2024,1,regular,2024-08-31T23:00:00.000Z,False,True,False,False,,3957.0,Tiger Stadium (AL),2695,West Alabama,ii,Gulf South,16.0,"[10, 0, 3, 3]",,,,2396,Miles,ii,SIAC,15.0,"[0, 6, 3, 6]",,,,,,,
401641023,2024,1,regular,2024-08-31T23:00:00.000Z,False,True,False,False,16000.0,3725.0,"Johnny ""Red"" Floyd Stadium",2393,Middle Tennessee,fbs,Conference USA,32.0,"[7, 14, 0, 11]",0.7402551979282983,1400.0,1400.0,2635,Tennessee Tech,fcs,Big South-OVC,25.0,"[0, 5, 6, 14]",0.2597448020717017,,,5.8962989451,,,
401654565,2024,1,regular,2024-08-31T23:00:00.000Z,False,True,False,True,,5238.0,Panther Stadium,2504,Prairie View A&M,fcs,SWAC,9.0,"[3, 3, 3, 0]",0.05770187094167234,,,2640,Texas Southern,fcs,SWAC,27.0,"[10, 3, 7, 7]",0.9422981290583277,,,3.5774577562,,,
401636611,2024,1,regular,2024-08-31T23:00:00.000Z,False,True,False,False,25750.0,4728.0,TDECU Stadium,248,Houston,fbs,Big 12,7.0,"[0, 0, 0, 7]",0.00044267155029760745,1447.0,1402.0,2439,UNLV,fbs,Mountain West,27.0,"[7, 7, 10, 3]",0.9995573284497024,1496.0,1541.0,2.6012439626,,,
401632064,2024,1,regular,2024-08-31T23:00:00.000Z,False,True,False,False,21708.0,3625.0,Centennial Bank Stadium,2032,Arkansas State,fbs,Sun Belt,34.0,"[6, 7, 7, 14]",0.10953996778995322,1406.0,1406.0,2110,Central Arkansas,fcs,UAC,31.0,"[0, 0, 10, 21]",0.8904600322100468,,,7.5174077459,,,
401628588,2024,1,regular,2024-08-31T23:00:00.000Z,False,True,False,False,5770.0,3824.0,Meade Stadium,227,Rhode Island,fcs,CAA,20.0,"[3, 3, 7, 7]",0.9639614468559069,,,107,Holy Cross,fcs,Patriot,17.0,"[0, 3, 0, 14]",0.0360385531440931,,,7.6457630689,,,
401638359,2024,1,regular,2024-08-31T23:00:00.000Z,False,True,False,False,2257.0,3734.0,Gayle and Tom Benson Stadium,2916,Incarnate Word,fcs,Southland,28.0,"[7, 7, 14, 0]",0.35166933934233624,,,2458,Northern Colorado,fcs,Big Sky,7.0,"[7, 0, 0, 0]",0.6483306606576638,,,4.8347423353,,,
401641039,2024,1,regular,2024-08-31T23:00:00.000Z,False,True,False,False,17298.0,3895.0,Rice Stadium,242,Rice,fbs,American Athletic,14.0,"[0, 7, 7, 0]",0.0023638538242473322,1362.0,1314.0,2534,Sam Houston,fbs,Conference USA,34.0,"[17, 7, 10, 0]",0.9976361461757527,1388.0,1436.0,2.9252659073,,,
401675504,2024,1,regular,2024-08-31T23:00:00.000Z,False,True,False,False,,4851.0,Bazemore-Hyder Stadium,2673,Valdosta State,ii,Gulf South,42.0,"[14, 7, 14, 7]",,,,2013,Albany State,ii,SIAC,10.0,"[0, 3, 7, 0]",,,,,,,
401628585,2024,1,regular,2024-08-31T23:00:00.000Z,False,True,False,False,6169.0,4419.0,Bob Ford Field,399,UAlbany,fcs,CAA,27.0,"[3, 14, 10, 0]",0.38990156315017305,,,2341,Long Island University,fcs,NEC,21.0,"[0, 14, 7, 0]",0.610098436849827,,,6.9929698709,,,
401675555,2024,1,regular,2024-08-31T23:00:00.000Z,False,True,False,True,,5917.0,Ratliff Stadium,110243,UT Permian Basin,ii,Lone Star,41.0,"[3, 11, 10, 17]",,,,2703,Western New Mexico,ii,Lone Star,3.0,"[0, 3, 0, 0]",,,,,,,
401628321,2024,1,regular,2024-08-31T23:30:00.000Z,False,True,False,False,88043.0,3785.0,Jordan-Hare Stadium,2,Auburn,fbs,SEC,73.0,"[28, 24, 14, 7]",0.9989705865931123,1556.0,1556.0,2010,Alabama A&M,fcs,SWAC,3.0,"[0, 3, 0, 0]",0.0010294134068876692,,,1.80631006,,,
401628332,2024,1,regular,2024-08-31T23:30:00.000Z,False,True,False,False,,3795.0,Kyle Field,245,Texas A&M,fbs,SEC,13.0,"[3, 3, 0, 7]",0.08384600052782992,1681.0,1677.0,87,Notre Dame,fbs,FBS Independents,23.0,"[3, 3, 7, 10]",0.9161539994721701,1884.0,1888.0,6.4724625583,,,
401628456,2024,1,regular,2024-08-31T23:30:00.000Z,False,True,False,False,57435.0,3626.0,Autzen Stadium,2483,Oregon,fbs,Big Ten,24.0,"[7, 7, 0, 10]",0.991552038925572,1904.0,1904.0,70,Idaho,fcs,Big Sky,14.0,"[0, 0, 7, 7]",0.008447961074428023,,,5.7578449174,,,
401628459,2024,1,regular,2024-08-31T23:30:00.000Z,False,True,False,False,15194.0,7220.0,Clarence T.C. Ching Athletics Complex,62,Hawai'i,fbs,Mountain West,13.0,"[7, 3, 3, 0]",0.47610717051073864,1227.0,1242.0,26,UCLA,fbs,Big Ten,16.0,"[0, 0, 10, 6]",0.5238928294892613,1568.0,1553.0,7.9405032105,,,
401636613,2024,1,regular,2024-08-31T23:30:00.000Z,False,True,False,False,,3784.0,Jones AT&T Stadium,2641,Texas Tech,fbs,Big 12,52.0,"[22, 10, 7, 6, 7]",0.2697185698282507,1541.0,1541.0,2000,Abilene Christian,fcs,UAC,51.0,"[7, 14, 7, 17, 6]",0.7302814301717493,,,6.7717431708,,,
401628452,2024,1,regular,2024-08-31T23:30:00.000Z,False,True,False,False,110665.0,3558.0,Michigan Stadium,130,Michigan,fbs,Big Ten,30.0,"[7, 3, 3, 17]",0.9831756399028116,1973.0,1980.0,278,Fresno State,fbs,Mountain West,10.0,"[0, 3, 0, 7]",0.01682436009718835,1558.0,1551.0,5.3344796544,,,
401628324,2024,1,regular,2024-08-31T23:45:00.000Z,False,True,False,False,61627.0,3683.0,Kroger Field,96,Kentucky,fbs,SEC,31.0,"[7, 17, 7]",0.9982728335083515,1594.0,1640.0,2572,Southern Miss,fbs,Sun Belt,0.0,"[0, 0, 0]",0.0017271664916485019,1276.0,1230.0,3.9004694358,,,
401634303,2024,1,regular,2024-09-01T00:00:00.000Z,False,True,False,False,27080.0,3735.0,Gerald J. Ford Stadium,2567,SMU,fbs,ACC,59.0,"[28, 14, 7, 10]",0.998969374231022,1684.0,1684.0,2277,Houston Christian,fcs,Southland,7.0,"[0, 7, 0, 0]",0.0010306257689780551,,,2.3627806437,,,
401636380,2024,1,regular,2024-09-01T00:00:00.000Z,False,True,False,False,23107.0,3666.0,Cajun Field,309,Louisiana,fbs,Sun Belt,40.0,"[7, 23, 7, 3]",0.9988776589874298,1496.0,1496.0,2755,Grambling,fcs,SWAC,10.0,"[0, 0, 7, 3]",0.0011223410125702493,,,2.5698612194,,,
401641007,2024,1,regular,2024-09-01T00:00:00.000Z,False,True,False,False,16570.0,3776.0,Joe Aillet Stadium,2348,Louisiana Tech,fbs,Conference USA,25.0,"[9, 6, 0, 10]",0.9450183889148043,1246.0,1246.0,2447,Nicholls,fcs,Southland,17.0,"[7, 3, 0, 7]",0.054981611085195725,,,8.1544022522,,,
401643774,2024,1,regular,2024-09-01T00:00:00.000Z,False,True,False,False,15614.0,4418.0,Jerry Richardson Stadium,2429,Charlotte,fbs,American Athletic,7.0,"[0, 7, 0, 0]",0.005446284878843067,1203.0,1195.0,256,James Madison,fbs,Sun Belt,30.0,"[3, 6, 7, 14]",0.994553715121157,1691.0,1699.0,3.8697153913,,,
401634302,2024,1,regular,2024-09-01T00:00:00.000Z,False,True,False,False,40113.0,721.0,Bobby Dodd Stadium,59,Georgia Tech,fbs,ACC,35.0,"[7, 7, 14, 7]",0.9981187226458276,1513.0,1559.0,2247,Georgia State,fbs,Sun Belt,12.0,"[0, 3, 9, 0]",0.0018812773541724281,1416.0,1370.0,4.1428928971,,,
401634240,2024,1,regular,2024-09-01T00:00:00.000Z,False,True,False,False,63712.0,3801.0,LaVell Edwards Stadium,252,BYU,fbs,Big 12,41.0,"[14, 3, 14, 10]",0.9980323653718576,1409.0,1409.0,79,Southern Illinois,fcs,MVFC,13.0,"[0, 6, 7, 0]",0.001967634628142423,,,5.4434212792,,,
401643702,2024,1,regular,2024-09-01T00:00:00.000Z,False,True,False,False,25180.0,7311.0,Snapdragon Stadium,21,San Diego State,fbs,Mountain West,45.0,"[3, 0, 21, 21]",0.9978571846703512,1416.0,1416.0,2837,East Texas A&M,fcs,Southland,14.0,"[0, 6, 8, 0]",0.002142815329648773,,,5.6614270193,,,
401643776,2024,1,regular,2024-09-01T00:00:00.000Z,False,True,False,False,19637.0,3644.0,Bobcat Stadium (TX),326,Texas State,fbs,Sun Belt,34.0,"[15, 3, 3, 13]",0.9946288599523694,1399.0,1399.0,2320,Lamar,fcs,Southland,27.0,"[0, 0, 10, 17]",0.005371140047630618,,,5.2879661321,,,
401674188,2024,1,regular,2024-09-01T00:00:00.000Z,False,True,False,False,,6067.0,Carnie Smith Stadium,90,Pittsburg State,ii,Mid America,19.0,"[3, 3, 10, 3]",,,,2222,Ferris State,ii,GLIAC,3.0,"[0, 3, 0, 0]",,,,,,,
401654557,2024,1,regular,2024-09-01T00:00:00.000Z,False,True,False,False,17040.0,3686.0,Cowboy Stadium,2377,McNeese,fcs,Southland,21.0,"[0, 0, 0, 21]",0.734189397633753,,,2582,Southern,fcs,SWAC,7.0,"[0, 7, 0, 0]",0.265810602366247,,,6.9943771438,,,
401655621,2024,1,regular,2024-09-01T00:00:00.000Z,False,True,False,False,5792.0,716.0,Torero Stadium,301,San Diego,fcs,Pioneer,27.0,"[10, 0, 7, 10]",0.992873711677404,,,13,Cal Poly,fcs,Big Sky,21.0,"[0, 7, 7, 7]",0.007126288322595986,,,1.0646098852,,,
401641032,2024,1,regular,2024-09-01T01:00:00.000Z,False,True,False,False,10738.0,3601.0,Aggie Memorial Stadium,166,New Mexico State,fbs,Conference USA,23.0,"[0, 10, 0, 13]",0.8243471003450671,1432.0,1432.0,2546,Southeast Missouri State,fcs,Big South-OVC,16.0,"[7, 3, 3, 3]",0.17565289965493291,,,9.7322611515,,,
401634180,2024,1,regular,2024-09-01T01:00:00.000Z,False,True,False,False,26482.0,3987.0,Washington-Grizzly Stadium,149,Montana,fcs,Big Sky,29.0,"[6, 6, 7, 10]",0.9472155609889209,,,2623,Missouri State,fcs,MVFC,24.0,"[7, 3, 7, 7]",0.0527844390110791,,,9.2878750119,,,
401632066,2024,1,regular,2024-09-01T02:00:00.000Z,False,True,False,False,5074.0,3745.0,Greater Zion Stadium,3101,Utah Tech,fcs,UAC,7.0,"[0, 0, 0, 7]",0.00031165766120831094,,,147,Montana State,fcs,Big Sky,31.0,"[7, 7, 10, 7]",0.9996883423387917,,,2.6088898398,,,
401636609,2024,1,regular,2024-09-01T02:30:00.000Z,False,True,False,False,48108.0,3947.0,Mountain America Stadium,9,Arizona State,fbs,Big 12,48.0,"[17, 10, 21, 0]",0.9989542679511667,1355.0,1497.0,2751,Wyoming,fbs,Mountain West,7.0,"[0, 0, 0, 7]",0.0010457320488332922,1496.0,1354.0,2.7724375138,,,
401636608,2024,1,regular,2024-09-01T02:30:00.000Z,False,True,False,False,44748.0,3619.0,Arizona Stadium,12,Arizona,fbs,Big 12,61.0,"[14, 13, 21, 13]",0.9940463387650383,1714.0,1720.0,167,New Mexico,fbs,Mountain West,39.0,"[14, 10, 7, 8]",0.00595366123496166,1234.0,1228.0,5.3893321194,,,
401628460,2024,1,regular,2024-09-01T03:00:00.000Z,False,True,False,False,66984.0,3765.0,Husky Stadium,264,Washington,fbs,Big Ten,35.0,"[0, 14, 14, 7]",0.9984845341108322,1752.0,1752.0,2692,Weber State,fcs,Big Sky,3.0,"[0, 0, 3, 0]",0.001515465889167844,,,4.4433315937,,,
401636343,2024,1,regular,2024-09-01T19:00:00.000Z,False,True,True,False,10256.0,3948.0,Hard Rock Stadium,2011,Alabama State,fcs,SWAC,24.0,"[0, 14, 3, 7]",,,,2428,North Carolina Central,fcs,MEAC,31.0,"[7, 14, 3, 7]",,,,,,Denny's Orange Blossom Classic,
401675386,2024,1,regular,2024-09-01T20:00:00.000Z,False,True,True,False,,3718.0,Tom Benson Hall of Fame Stadium,330,Virginia State,ii,CIAA,23.0,"[7, 9, 7, 0]",,,,490,Benedict,ii,SIAC,7.0,"[7, 0, 0, 0]",,,,,,,
401675113,2024,1,regular,2024-09-01T23:00:00.000Z,False,True,True,False,,3689.0,Cramton Bowl,2304,Johnson C. Smith,ii,CIAA,21.0,"[7, 0, 14, 0]",,,,2657,Tuskegee,ii,SIAC,13.0,"[0, 7, 6, 0]",,,,,,Boeing Red Tails Classic,
401628334,2024,1,regular,2024-09-01T23:30:00.000Z,False,True,True,False,63969.0,6501.0,Allegiant Stadium,99,LSU,fbs,SEC,20.0,"[0, 10, 7, 3]",0.4234749874329003,1823.0,1803.0,30,USC,fbs,Big Ten,27.0,"[0, 10, 3, 14]",0.5765250125670998,1648.0,1668.0,6.9147509026,,Modelo Vegas Kickoff Classic,
401634306,2024,1,regular,2024-09-02T23:30:00.000Z,False,True,False,True,51719.0,3697.0,Doak Campbell Stadium,52,Florida State,fbs,ACC,13.0,"[0, 6, 7, 0]",0.0005637256585448198,1676.0,1610.0,103,Boston College,fbs,ACC,28.0,"[0, 14, 14, 0]",0.9994362743414552,1396.0,1462.0,3.1169184692,,,
401675497,2024,2,regular,2024-09-04T23:00:00.000Z,False,True,False,True,,4015.0,Barron Stadium,2560,Shorter,ii,Gulf South,29.0,"[3, 0, 20, 6]",,,,2401,Mississippi College,ii,Gulf South,5.0,"[3, 0, 2, 0]",,,,,,,
401674846,2024,2,regular,2024-09-05T21:00:00.000Z,False,True,False,False,,6107.0,ECAV Stadium,2528,Rensselaer,iii,Liberty League,0.0,"[0, 0, 0, 0]",,,,2740,Wisconsin La Crosse,iii,Wisconsin,35.0,"[14, 0, 14, 7]",,,,,,,
401676748,2024,2,regular,2024-09-05T22:00:00.000Z,False,True,False,False,,6071.0,Jess Dow Field,2583,Southern Connecticut State,ii,Northeast 10,0.0,"[0, 0, 0, 0]",,,,2974,Shepherd,ii,Pennsylvania State Athletic,23.0,"[2, 14, 0, 7]",,,,,,,
401674300,2024,2,regular,2024-09-05T22:00:00.000Z,False,True,False,False,,7075.0,Electric Supply Company Field,122666,Barton,ii,South Atlantic,24.0,"[3, 7, 7, 7]",,,,2707,West Virginia State,ii,Mountain East,27.0,"[7, 3, 3, 14]",,,,,,,
401676075,2024,2,regular,2024-09-05T22:00:00.000Z,False,True,False,False,,4437.0,"Memorial Stadium (Clarion, PA)",2134,Clarion,ii,Pennsylvania State Athletic,20.0,"[7, 6, 7, 0]",,,,2339,Lincoln (PA),ii,CIAA,9.0,"[0, 0, 6, 3]",,,,,,,
401674558,2024,2,regular,2024-09-05T22:00:00.000Z,False,True,False,False,,3811.0,Lubbers Stadium,125,Grand Valley State,ii,GLIAC,58.0,"[21, 9, 14, 14]",,,,2119,Central State,ii,SIAC,0.0,"[0, 0, 0, 0]",,,,,,,
401674338,2024,2,regular,2024-09-05T22:00:00.000Z,False,True,False,False,,4435.0,Robert B. Redman Stadium,2071,Bloomsburg,ii,Pennsylvania State Athletic,35.0,"[7, 14, 14, 0]",,,,2986,Fairmont State,ii,Mountain East,7.0,"[0, 7, 0, 0]",,,,,,,
401673249,2024,2,regular,2024-09-05T22:00:00.000Z,False,True,False,False,,3927.0,Sherman Field,2392,Michigan Tech,ii,GLIAC,52.0,"[0, 7, 14, 14, 7, 8, 0, 2]",,,,613,South Dakota Mines,ii,Rocky Mountain,50.0,"[14, 7, 14, 0, 7, 8, 0, 0]",,,,,,,
401674578,2024,2,regular,2024-09-05T22:00:00.000Z,False,True,False,False,,3731.0,Frost-Kalnow Stadium,2838,Tiffin,ii,Great Midwest Athletic,31.0,"[7, 7, 10, 7]",,,,131,Wayne State (MI),ii,GLIAC,17.0,"[3, 0, 0, 14]",,,,,,,
401674410,2024,2,regular,2024-09-05T23:00:00.000Z,False,True,False,True,,5936.0,Koi Ishto Stadium,2191,East Central,ii,Great American,17.0,"[0, 10, 7, 0]",,,,2271,Henderson State,ii,Great American,41.0,"[10, 14, 7, 10]",,,,,,,
401674329,2024,2,regular,2024-09-05T23:00:00.000Z,False,True,False,True,,3606.0,Scheels Field at Nemzek Stadium,2817,Minnesota St Moorhead,ii,Northern Sun,17.0,"[0, 10, 7, 0]",,,,2844,Wayne State (NE),ii,Northern Sun,44.0,"[7, 17, 3, 17]",,,,,,,
401675417,2024,2,regular,2024-09-05T23:00:00.000Z,False,True,False,False,,3770.0,Jack Miller Stadium,308,Ashland,ii,Great Midwest Athletic,10.0,"[0, 0, 10, 0]",,,,2291,IU Pennsylvania,ii,Pennsylvania State Athletic,19.0,"[10, 3, 6, 0]",,,,,,,
401674489,2024,2,regular,2024-09-05T23:00:00.000Z,False,True,False,True,,3875.0,Paul Laird Field,199,Southeastern Oklahoma State,ii,Great American,31.0,"[7, 17, 0, 7]",,,,2568,Southern Arkansas,ii,Great American,36.0,"[7, 7, 6, 16]",,,,,,,
401675823,2024,2,regular,2024-09-05T23:00:00.000Z,False,True,False,True,,3638.0,MDU Resources Community Bowl,559,University of Mary,ii,Northern Sun,13.0,"[0, 6, 0, 7]",,,,2043,Augustana (SD),ii,Northern Sun,35.0,"[0, 14, 14, 7]",,,,,,,
401674380,2024,2,regular,2024-09-05T23:00:00.000Z,False,True,False,False,,4441.0,McConnell Family Stadium,367,Gannon,ii,Pennsylvania State Athletic,14.0,"[0, 0, 0, 14]",,,,2886,Northwood,ii,Great Midwest Athletic,28.0,"[0, 14, 7, 7]",,,,,,,
401674870,2024,2,regular,2024-09-05T23:00:00.000Z,False,True,False,False,,3851.0,Mustang Stadium,471,Stevenson,iii,Mid Atlantic,16.0,"[0, 7, 0, 9]",,,,2827,Rowan,iii,New Jersey,35.0,"[14, 14, 7, 0]",,,,,,,
401673956,2024,2,regular,2024-09-05T23:00:00.000Z,False,True,False,False,,5900.0,Don and Nona Williams Stadium,2744,Wisconsin Stout,iii,Wisconsin,16.0,"[3, 7, 6, 0]",,,,32,Carroll (WI),iii,CCIW,28.0,"[7, 14, 0, 7]",,,,,,,
401674364,2024,2,regular,2024-09-05T23:00:00.000Z,False,True,False,False,,6066.0,Pace Stadium,2487,Pace,ii,Northeast 10,6.0,"[6, 0, 0, 0]",,,,2188,East Stroudsburg,ii,Pennsylvania State Athletic,41.0,"[10, 3, 21, 7]",,,,,,,
401658358,2024,2,regular,2024-09-05T23:00:00.000Z,False,True,False,False,,3642.0,Bobcat Stadium (MD),341,Frostburg State,ii,Mountain East,23.0,"[6, 0, 6, 11]",,,,210,Millersville,ii,Pennsylvania State Athletic,6.0,"[0, 6, 0, 0]",,,,,,,
401674572,2024,2,regular,2024-09-05T23:00:00.000Z,False,True,False,False,,5263.0,Steele Stadium,2316,Kentucky Wesleyan,ii,Great Midwest Athletic,33.0,"[6, 13, 0, 14]",,,,128,Northern Michigan,ii,GLIAC,13.0,"[7, 3, 3, 0]",,,,,,,
401677373,2024,2,regular,2024-09-05T23:00:00.000Z,False,True,False,False,,6126.0,Bob Boozer Field,2781,Brockport,iii,Empire 8,27.0,"[13, 0, 0, 14]",,,,2085,Buffalo State,iii,Liberty League,0.0,"[0, 0, 0, 0]",,,,,,,
401674518,2024,2,regular,2024-09-05T23:00:00.000Z,False,True,True,False,,6036.0,Blue Wahoos Stadium,110242,West Florida,ii,Gulf South,38.0,"[14, 7, 3, 14]",,,,2816,McKendree,ii,Great Lakes,6.0,"[0, 0, 0, 6]",,,,,,,
401674400,2024,2,regular,2024-09-05T23:00:00.000Z,False,True,False,True,,5871.0,Convoy Leslie Cotton Boll Stadium,2028,Arkansas Monticello,ii,Great American,34.0,"[14, 14, 6, 0]",,,,2823,Northwestern (OK),ii,Great American,7.0,"[0, 7, 0, 0]",,,,,,,
401676744,2024,2,regular,2024-09-05T23:00:00.000Z,False,True,False,False,,3859.0,Offutt Field,611,Seton Hill,ii,Pennsylvania State Athletic,14.0,"[0, 0, 7, 7]",,,,2477,Ohio Dominican,ii,Great Midwest Athletic,21.0,"[0, 14, 7, 0]",,,,,,,
401676109,2024,2,regular,2024-09-05T23:00:00.000Z,False,True,False,False,,5854.0,Hoernemann Stadium,191,Heidelberg,iii,Ohio,38.0,"[17, 21, 0, 0]",,,,2274,Hiram,iii,North Coast,14.0,"[0, 14, 0, 0]",,,,,,,
401675491,2024,2,regular,2024-09-05T23:00:00.000Z,False,True,False,False,,6061.0,Younts Stadium,2822,North Greenville,ii,Gulf South,20.0,"[10, 0, 3, 7, 0]",,,,126110,Keiser University,,,23.0,"[14, 0, 3, 3, 3]",,,,,,,
401674296,2024,2,regular,2024-09-05T23:00:00.000Z,False,True,False,False,,5886.0,West Family Stadium,2699,West Liberty,ii,Mountain East,13.0,"[0, 6, 7, 0]",,,,2336,Limestone,ii,South Atlantic,48.0,"[14, 21, 6, 7]",,,,,,,
401676094,2024,2,regular,2024-09-05T23:30:00.000Z,False,True,False,False,,4432.0,Andre Reed Stadium,2315,Kutztown,ii,Pennsylvania State Athletic,24.0,"[7, 7, 3, 7]",,,,2038,Assumption,ii,Northeast 10,6.0,"[0, 6, 0, 0]",,,,,,,
401673275,2024,2,regular,2024-09-06T00:00:00.000Z,False,True,False,False,,5883.0,Marv Kay Stadium at Campbell Field,2146,Colorado School of Mines,ii,Rocky Mountain,41.0,"[14, 13, 7, 7]",,,,2704,West Texas,ii,Lone Star,13.0,"[7, 0, 6, 0]",,,,,,,
401674419,2024,2,regular,2024-09-06T00:00:00.000Z,False,True,False,True,,5885.0,First Security Stadium,2264,Harding,ii,Great American,59.0,"[14, 28, 10, 7]",,,,200,Southern Nazarene,ii,Great American,0.0,"[0, 0, 0, 0]",,,,,,,
401676065,2024,2,regular,2024-09-06T00:00:00.000Z,False,True,False,False,,6081.0,Harper Davis Field,2398,Millsaps,iii,Southern Athletic,23.0,"[0, 10, 7, 6]",,,,2056,Belhaven,iii,USA South,21.0,"[14, 0, 0, 7]",,,,,,,
401674229,2024,2,regular,2024-09-06T00:00:00.000Z,False,True,False,True,,5870.0,Thone Stadium at Buerkle Field,2033,Arkansas Tech,ii,Great American,44.0,"[10, 21, 0, 10, 3]",,,,319,Oklahoma Baptist,ii,Great American,41.0,"[10, 14, 7, 10, 0]",,,,,,,
401673283,2024,2,regular,2024-09-06T00:00:00.000Z,False,True,False,False,,5880.0,Elliott Field at Don Beebe Stadium,2123,Chadron State,ii,Rocky Mountain,17.0,"[0, 0, 3, 14]",,,,2939,Jamestown,,,10.0,"[7, 0, 3, 0]",,,,,,,
401658337,2024,2,regular,2024-09-06T00:00:00.000Z,False,True,False,False,,5780.0,Altra Federal Credit Union Stadium,2851,Winona State,ii,Northern Sun,14.0,"[7, 7, 0, 0]",,,,129,Saginaw Valley State,ii,GLIAC,38.0,"[14, 17, 0, 7]",,,,,,,
401674484,2024,2,regular,2024-09-06T00:00:00.000Z,False,True,False,True,,6065.0,Cliff Harris Stadium,2888,Ouachita Baptist,ii,Great American,42.0,"[7, 21, 14, 0]",,,,2927,Southwestern Oklahoma State,ii,Great American,3.0,"[0, 0, 0, 3]",,,,,,,
401674669,2024,2,regular,2024-09-06T22:00:00.000Z,False,True,False,False,,5835.0,Biddle Field,2175,Dickinson,iii,Centennial,21.0,"[0, 14, 0, 7]",,,,2516,Randolph Macon,iii,Old Dominion,47.0,"[0, 7, 19, 21]",,,,,,,
401674863,2024,2,regular,2024-09-06T22:00:00.000Z,False,True,False,False,,5127.0,Gene L. Shirk Stadium,2015,Albright,iii,Mid Atlantic,17.0,"[7, 0, 3, 7]",,,,417,Gallaudet,iii,ECFC,6.0,"[0, 0, 6, 0]",,,,,,,
401674703,2024,2,regular,2024-09-06T22:30:00.000Z,False,True,False,False,,6115.0,Toppa Field,2776,Salve Regina,iii,NEWMAC,28.0,"[0, 14, 8, 6]",,,,40,Curry,iii,Commonwealth Coast,10.0,"[0, 7, 3, 0]",,,,,,,
401673428,2024,2,regular,2024-09-06T23:00:00.000Z,False,True,False,False,,5842.0,Robert T. Shields Field,2221,FDU Florham,iii,Mid Atlantic,37.0,"[7, 17, 6, 7]",,,,2970,William Paterson,iii,New Jersey,9.0,"[3, 0, 0, 6]",,,,,,,
401673437,2024,2,regular,2024-09-06T23:00:00.000Z,False,True,False,False,,7077.0,Shadek Stadium,2234,Franklin & Marshall,iii,Centennial,30.0,"[14, 9, 0, 7]",,,,388,Lebanon Valley,iii,Mid Atlantic,10.0,"[0, 3, 0, 7]",,,,,,,
401674601,2024,2,regular,2024-09-06T23:00:00.000Z,False,True,False,False,,5836.0,Chalmers Field,49,Dubuque,iii,American Rivers,21.0,"[14, 0, 0, 7]",,,,2044,Aurora,iii,NACC,33.0,"[3, 11, 13, 6]",,,,,,,
401682350,2024,2,regular,2024-09-06T23:00:00.000Z,False,True,False,False,,6144.0,"Alumni Field (Westfield, MA)",2909,Westfield State,iii,MSCAC,13.0,"[0, 0, 7, 6]",,,,15,Anna Maria College,iii,ECFC,41.0,"[7, 14, 0, 20]",,,,,,,
401674746,2024,2,regular,2024-09-06T23:00:00.000Z,False,True,False,False,,5856.0,Boswell Field at David J. Urick Stadium,174,Hobart,iii,Liberty League,10.0,"[0, 0, 0, 10]",,,,365,Alfred,iii,Empire 8,7.0,"[0, 7, 0, 0]",,,,,,,
401674815,2024,2,regular,2024-09-06T23:00:00.000Z,False,True,False,False,,6124.0,Amos Alonzo Stagg Field (PA),216,Susquehanna,iii,Landmark Conference,41.0,"[7, 21, 0, 13]",,,,2079,Bridgewater,iii,Old Dominion,7.0,"[0, 7, 0, 0]",,,,,,,
401674858,2024,2,regular,2024-09-06T23:00:00.000Z,False,True,False,False,,3675.0,Charles A. Gaetano Stadium,390,Utica,iii,Empire 8,41.0,"[7, 15, 10, 9]",,,,237,Union,iii,Liberty League,26.0,"[0, 12, 7, 7]",,,,,,,
401674895,2024,2,regular,2024-09-06T23:00:00.000Z,False,True,False,False,,3889.0,Reinhart Field,2951,SUNY Maritime,iii,NEWMAC,22.0,"[0, 15, 7, 0]",,,,110,Mass Maritime,iii,MSCAC,14.0,"[0, 7, 0, 7]",,,,,,,
401634765,2024,2,regular,2024-09-06T23:00:00.000Z,False,True,False,False,31172.0,3735.0,Gerald J. Ford Stadium,2567,SMU,fbs,ACC,15.0,"[0, 9, 3, 3]",0.03912055543029113,1669.0,1648.0,252,BYU,fbs,Big 12,18.0,"[7, 0, 8, 3]",0.9608794445697089,1409.0,1430.0,8.4924627245,,,
401674903,2024,2,regular,2024-09-06T23:00:00.000Z,False,True,False,False,,5898.0,John Coughlin Memorial Field,402,Worcester State,iii,MSCAC,9.0,"[0, 7, 0, 2]",,,,2749,WPI,iii,NEWMAC,14.0,"[0, 7, 7, 0]",,,,,,,
401676760,2024,2,regular,2024-09-06T23:00:00.000Z,False,True,False,False,,6119.0,Stagg Field,81,Springfield,iii,NEWMAC,38.0,"[14, 14, 0, 10]",,,,2702,Western New England,iii,Commonwealth Coast,32.0,"[0, 19, 13, 0]",,,,,,,
401678581,2024,2,regular,2024-09-06T23:00:00.000Z,False,True,False,False,,6136.0,Patterson Field,2667,Ursinus,iii,Centennial,45.0,"[14, 17, 7, 7]",,,,111674,Alvernia,iii,Mid Atlantic,14.0,"[0, 0, 7, 7]",,,,,,,
401676658,2024,2,regular,2024-09-06T23:00:00.000Z,False,True,False,False,,3922.0,Kenneth R. Gill Stadium,2700,McDaniel,iii,Centennial,7.0,"[0, 0, 7, 0]",,,,2108,Catholic,iii,Landmark Conference,3.0,"[0, 0, 3, 0]",,,,,,,
401628463,2024,2,regular,2024-09-06T23:00:00.000Z,False,True,False,False,39082.0,3830.0,"Memorial Stadium (Bloomington, IN)",84,Indiana,fbs,Big Ten,77.0,"[28, 14, 14, 21]",0.9989715517633504,1438.0,1438.0,2710,Western Illinois,fcs,Big South-OVC,3.0,"[0, 3, 0, 0]",0.001028448236649604,,,2.0618410743,,,
401676043,2024,2,regular,2024-09-07T00:00:00.000Z,False,True,False,False,,5838.0,Ornelas Stadium,2194,East Texas Baptist,iii,American Southwest,57.0,"[7, 28, 7, 15]",,,,548,LaGrange,iii,USA South,12.0,"[3, 3, 6, 0]",,,,,,,
401674940,2024,2,regular,2024-09-07T01:00:00.000Z,False,True,False,False,,5795.0,Edor Nelson Field,124,Augsburg,iii,Minnesota,14.0,"[0, 7, 7, 0]",,,,628,Valley City State,,,24.0,"[10, 0, 7, 7]",,,,,,,
401635533,2024,2,regular,2024-09-07T01:00:00.000Z,False,True,True,False,11062.0,5960.0,Lanny and Sharon Martin Stadium,77,Northwestern,fbs,Big Ten,20.0,"[3, 7, 0, 3, 7, 0]",0.15849590116735804,1514.0,1514.0,150,Duke,fbs,ACC,26.0,"[7, 0, 3, 3, 7, 6]",0.841504098832642,1602.0,1602.0,9.2114436326,,,
401675771,2024,2,regular,2024-09-07T04:00:00.000Z,True,True,True,False,,10461.0,Spero Financial Field,129469,Anderson (SC),ii,South Atlantic,51.0,"[14, 28, 3, 6]",,,,111610,St. Andrews,,,14.0,"[0, 0, 8, 6]",,,,,,,
401674636,2024,2,regular,2024-09-07T04:00:00.000Z,True,True,False,True,,5857.0,Gordon Wood Stadium,2758,Howard Payne,iii,American Southwest,6.0,"[6, 0, 0, 0]",,,,2810,Hardin Simmons,iii,American Southwest,38.0,"[7, 17, 7, 7]",,,,,,,
401674256,2024,2,regular,2024-09-07T04:00:00.000Z,True,True,False,False,,5121.0,University of Charleston Stadium,2128,Charleston (WV),ii,Mountain East,23.0,"[14, 0, 0, 9]",,,,2858,California (PA),ii,Pennsylvania State Athletic,19.0,"[0, 10, 9, 0]",,,,,,,
401693678,2024,2,regular,2024-09-07T04:00:00.000Z,True,True,True,False,,,,124179,Lincoln (CA),ii,Independent DII,7.0,"[0, 0, 0, 7]",,,,2584,Southern Oregon,,,46.0,"[10, 20, 16, 0]",,,,,,,
401628471,2024,2,regular,2024-09-07T16:00:00.000Z,False,True,False,False,41021.0,6577.0,SHI Stadium,164,Rutgers,fbs,Big Ten,49.0,"[7, 14, 14, 14]",0.9988848023736852,1460.0,1511.0,2006,Akron,fbs,Mid-American,17.0,"[0, 3, 7, 7]",0.0011151976263148455,1161.0,1110.0,4.1757622939,,,
401628470,2024,2,regular,2024-09-07T16:00:00.000Z,False,True,False,False,103861.0,3632.0,Beaver Stadium,213,Penn State,fbs,Big Ten,34.0,"[7, 13, 7, 7]",0.9428297745600484,1861.0,1848.0,189,Bowling Green,fbs,Mid-American,27.0,"[10, 14, 0, 3]",0.05717022543995165,1431.0,1444.0,6.8874767798,,,
401645323,2024,2,regular,2024-09-07T16:00:00.000Z,False,True,False,True,21810.0,3715.0,FAU Stadium,2226,Florida Atlantic,fbs,American Athletic,7.0,"[0, 7, 0, 0]",0.0013440008178697532,1413.0,1373.0,349,Army,fbs,American Athletic,24.0,"[14, 0, 3, 7]",0.9986559991821302,1425.0,1465.0,3.0997425534,,,
401628347,2024,2,regular,2024-09-07T16:00:00.000Z,False,True,False,False,111170.0,3558.0,Michigan Stadium,130,Michigan,fbs,Big Ten,12.0,"[0, 3, 3, 6]",0.0841280601537834,1980.0,1928.0,251,Texas,fbs,SEC,31.0,"[7, 17, 7, 0]",0.9158719398462166,1939.0,1991.0,1.9967699065,,,
401674679,2024,2,regular,2024-09-07T16:00:00.000Z,False,True,False,False,,5902.0,Knox Stadium,246,Juniata,iii,Landmark Conference,41.0,"[21, 6, 7, 7]",,,,2248,Gettysburg,iii,Centennial,61.0,"[7, 27, 7, 20]",,,,,,,
401654616,2024,2,regular,2024-09-07T16:00:00.000Z,False,True,False,False,2920.0,3741.0,Goodman Stadium,2329,Lehigh,fcs,Patriot,49.0,"[21, 21, 7, 0]",0.9989484166680823,,,2681,Wagner,fcs,NEC,13.0,"[0, 0, 6, 7]",0.0010515833319176826,,,2.8709648857,,,
401654538,2024,2,regular,2024-09-07T16:00:00.000Z,False,True,False,False,10579.0,3782.0,Johnson Hagood Stadium,2643,The Citadel,fcs,Southern,20.0,"[3, 0, 10, 7]",0.10573276837410442,,,2569,South Carolina State,fcs,MEAC,23.0,"[3, 6, 7, 7]",0.8942672316258956,,,6.323232159,,,
401628336,2024,2,regular,2024-09-07T16:00:00.000Z,False,True,False,False,52202.0,3646.0,Boone Pickens Stadium,197,Oklahoma State,fbs,Big 12,39.0,"[0, 7, 6, 18, 0, 8]",0.08043059414355525,1522.0,1530.0,8,Arkansas,fbs,SEC,31.0,"[14, 7, 0, 10, 0, 0]",0.9195694058564448,1454.0,1446.0,9.092680782,,,
401628596,2024,2,regular,2024-09-07T16:00:00.000Z,False,True,False,False,,5389.0,Kessler Stadium,2405,Monmouth,fcs,CAA,35.0,"[7, 7, 0, 21]",0.3741150852759927,,,322,Lafayette,fcs,Patriot,40.0,"[7, 7, 7, 19]",0.6258849147240073,,,8.4024212066,,,
401674626,2024,2,regular,2024-09-07T16:00:00.000Z,False,True,False,False,,5904.0,Angell Field,126,Kalamazoo,iii,Michigan,26.0,"[6, 14, 3, 3]",,,,2045,Austin,iii,Southern Collegiate Athletic,20.0,"[0, 7, 3, 10]",,,,,,,
401676661,2024,2,regular,2024-09-07T16:00:00.000Z,False,True,False,False,,6083.0,Mangelsdorf Field,2969,Misericordia,iii,Mid Atlantic,24.0,"[0, 3, 14, 7]",,,,122774,Keystone,iii,Landmark Conference,14.0,"[7, 7, 0, 0]",,,,,,,
401675458,2024,2,regular,2024-09-07T16:00:00.000Z,False,True,True,False,,6129.0,BB&T Field at Griffin Plaza,2646,Thomas More,ii,Great Midwest Athletic,17.0,"[0, 0, 14, 3]",,,,110254,Davenport,ii,GLIAC,24.0,"[14, 0, 7, 3]",,,,,,,
401674924,2024,2,regular,2024-09-07T16:00:00.000Z,False,True,False,False,,5790.0,Bahlke Field,2800,Alma,iii,Michigan,35.0,"[7, 0, 14, 14]",,,,2723,Wisconsin River Falls,iii,Wisconsin,41.0,"[13, 14, 7, 7]",,,,,,,
401676053,2024,2,regular,2024-09-07T16:00:00.000Z,False,True,False,False,,5852.0,Jamieson Stadium,2256,Greensboro,iii,USA South,0.0,"[0, 0, 0, 0]",,,,2258,Guilford,iii,Old Dominion,14.0,"[7, 0, 0, 7]",,,,,,,
401674808,2024,2,regular,2024-09-07T16:00:00.000Z,False,True,False,False,,5925.0,David Person Field,2354,Lycoming,iii,Landmark Conference,48.0,"[0, 31, 10, 7]",,,,2725,Widener,iii,Mid Atlantic,12.0,"[0, 3, 0, 9]",,,,,,,
401643784,2024,2,regular,2024-09-07T16:00:00.000Z,False,True,False,False,23246.0,3805.0,Simmons Bank Liberty Stadium,235,Memphis,fbs,American Athletic,38.0,"[7, 14, 10, 7]",0.5229575853281864,1569.0,1625.0,2653,Troy,fbs,Sun Belt,17.0,"[0, 7, 3, 7]",0.47704241467181363,1629.0,1573.0,3.6702839464,,,
401635534,2024,2,regular,2024-09-07T16:00:00.000Z,False,True,False,True,39550.0,1964.0,JMA Wireless Dome,183,Syracuse,fbs,ACC,31.0,"[7, 14, 3, 7]",0.6174217943538339,1383.0,1386.0,59,Georgia Tech,fbs,ACC,28.0,"[7, 7, 0, 14]",0.38257820564616607,1559.0,1556.0,5.3837781031,,,
401635538,2024,2,regular,2024-09-07T16:00:00.000Z,False,True,False,False,37992.0,3854.0,Nippert Stadium,2132,Cincinnati,fbs,Big 12,27.0,"[14, 3, 10, 0]",0.32614706695662865,1394.0,1397.0,221,Pittsburgh,fbs,ACC,28.0,"[3, 3, 7, 15]",0.6738529330433713,1486.0,1483.0,5.5384302431,,,
401654642,2024,2,regular,2024-09-07T16:00:00.000Z,False,True,False,False,,36.0,Leonidoff Field,2368,Marist,fcs,Pioneer,10.0,"[7, 3, 0, 0]",0.016681776298059548,,,46,Georgetown,fcs,Patriot,31.0,"[0, 7, 10, 14]",0.9833182237019404,,,5.6931958069,,,
401636616,2024,2,regular,2024-09-07T16:00:00.000Z,False,True,False,False,25034.0,4729.0,Yulman Stadium,2655,Tulane,fbs,American Athletic,27.0,"[7, 13, 0, 7]",0.38751456710504545,1565.0,1569.0,2306,Kansas State,fbs,Big 12,34.0,"[3, 7, 10, 14]",0.6124854328949545,1794.0,1790.0,7.0148296845,,,
401636999,2024,2,regular,2024-09-07T16:00:00.000Z,False,True,False,False,32351.0,3892.0,Pratt & Whitney Stadium,41,UConn,fbs,FBS Independents,63.0,"[35, 21, 7, 0]",0.9989708718988313,1139.0,1139.0,2771,Merrimack,fcs,FCS Independents,17.0,"[7, 0, 0, 10]",0.0010291281011687303,,,1.9534937996,,,
401628466,2024,2,regular,2024-09-07T16:00:00.000Z,False,True,False,False,41006.0,3953.0,Huntington Bank Stadium,135,Minnesota,fbs,Big Ten,48.0,"[3, 14, 14, 17]",0.9989437664127151,1490.0,1490.0,227,Rhode Island,fcs,CAA,0.0,"[0, 0, 0, 0]",0.001056233587284905,,,3.4773469426,,,
401673399,2024,2,regular,2024-09-07T16:00:00.000Z,False,True,False,False,,3877.0,Pioneer Stadium,3162,Alfred State,iii,ECFC,13.0,"[0, 10, 3, 0]",,,,2023,Anderson (IN),iii,Heartland,0.0,"[0, 0, 0, 0]",,,,,,,
401674853,2024,2,regular,2024-09-07T16:00:00.000Z,False,True,False,False,,6113.0,Leckonby Stadium,2779,St. Lawrence,iii,Liberty League,13.0,"[0, 0, 7, 6]",,,,452,Endicott,iii,Commonwealth Coast,44.0,"[16, 21, 7, 0]",,,,,,,
401676752,2024,2,regular,2024-09-07T16:00:00.000Z,False,True,False,False,,5868.0,Ronald J. Abdow Field,2022,American International,ii,Northeast 10,28.0,"[7, 14, 0, 7]",,,,2559,Shippensburg,ii,Pennsylvania State Athletic,3.0,"[3, 0, 0, 0]",,,,,,,
401676250,2024,2,regular,2024-09-07T16:00:00.000Z,False,True,True,False,,7513.0,O'Hara Field,127954,Eastern,iii,Mid Atlantic,12.0,"[0, 6, 6, 0]",,,,2442,The College of New Jersey,iii,New Jersey,34.0,"[14, 7, 7, 6]",,,,,,,
401674840,2024,2,regular,2024-09-07T16:00:00.000Z,False,True,False,False,,6100.0,Cutler Field,354,Olivet,iii,Michigan,21.0,"[7, 7, 0, 7]",,,,184,Rochester (NY),iii,Liberty League,28.0,"[0, 14, 0, 14]",,,,,,,
401675285,2024,2,regular,2024-09-07T16:00:00.000Z,False,True,False,False,,5801.0,George Finnie Stadium,188,Baldwin Wallace,iii,Ohio,24.0,"[10, 7, 7, 0]",,,,2746,Wittenberg,iii,North Coast,14.0,"[0, 7, 0, 7]",,,,,,,
401676776,2024,2,regular,2024-09-07T16:00:00.000Z,False,True,False,False,,4427.0,John A. Farrell Stadium,223,West Chester,ii,Pennsylvania State Athletic,17.0,"[14, 0, 3, 0]",,,,2060,Bentley,ii,Northeast 10,20.0,"[0, 3, 7, 10]",,,,,,,
401674876,2024,2,regular,2024-09-07T16:00:00.000Z,False,True,False,False,,6095.0,Sabine Field at Haynes Family Stadium,2467,Norwich,iii,NEWMAC,12.0,"[0, 6, 0, 6]",,,,293,Vermont State Castleton,iii,MSCAC,14.0,"[7, 0, 7, 0]",,,,,,,
401674886,2024,2,regular,2024-09-07T16:00:00.000Z,False,True,False,False,,5831.0,Dale Lippert Field,110438,Dean,iii,ECFC,0.0,"[0, 0, 0, 0]",,,,114,Fitchburg State,iii,MSCAC,12.0,"[6, 0, 0, 6]",,,,,,,
401628348,2024,2,regular,2024-09-07T16:45:00.000Z,False,True,False,False,92345.0,3795.0,Kyle Field,245,Texas A&M,fbs,SEC,52.0,"[14, 24, 7, 7]",0.9989583103364718,1666.0,1666.0,2377,McNeese,fcs,Southland,10.0,"[0, 0, 0, 10]",0.0010416896635282447,,,2.0495368455,,,
401654632,2024,2,regular,2024-09-07T17:00:00.000Z,False,True,False,False,2934.0,3668.0,Campus Field,2529,Sacred Heart,fcs,FCS Independents,10.0,"[0, 10, 0, 0]",0.9722463901557942,,,2830,Saint Anselm,ii,Northeast 10,3.0,"[0, 0, 0, 3]",0.02775360984420583,,,7.3762839735,,,
401676770,2024,2,regular,2024-09-07T17:00:00.000Z,False,True,False,False,,5822.0,Cadet Memorial Field,2557,Coast Guard,iii,NEWMAC,30.0,"[7, 0, 3, 14, 6]",,,,111675,New England,iii,Commonwealth Coast,24.0,"[7, 7, 0, 10, 0]",,,,,,,
401676722,2024,2,regular,2024-09-07T17:00:00.000Z,False,True,False,False,,4430.0,Mihalik-Thompson Stadium,215,Slippery Rock,ii,Pennsylvania State Athletic,22.0,"[6, 13, 3, 0]",,,,2441,New Haven,ii,Northeast 10,7.0,"[0, 7, 0, 0]",,,,,,,
401676432,2024,2,regular,2024-09-07T17:00:00.000Z,False,True,False,True,,6140.0,John F. Wiley Stadium,2845,Waynesburg,iii,Presidents',7.0,"[0, 0, 0, 7]",,,,2963,Case Western Reserve,iii,Presidents',41.0,"[0, 27, 7, 7]",,,,,,,
401674265,2024,2,regular,2024-09-07T17:00:00.000Z,False,True,False,False,,3667.0,Callaghan Stadium,2148,Concord,ii,Mountain East,13.0,"[7, 3, 3, 0]",,,,124180,Bluefield State,ii,CIAA,22.0,"[0, 16, 0, 6]",,,,,,,
401677399,2024,2,regular,2024-09-07T17:00:00.000Z,False,True,True,False,,5929.0,Ritchie Field,274,Maine Maritime,iii,Independent DIII,6.0,"[6, 0, 0, 0]",,,,173,Hartwick,iii,Empire 8,62.0,"[7, 21, 14, 20]",,,,,,,
401628594,2024,2,regular,2024-09-07T17:00:00.000Z,False,True,False,False,12506.0,3704.0,E. J. Whitmire Stadium,2717,Western Carolina,fcs,Southern,16.0,"[3, 7, 3, 3]",0.5773873604245171,,,2097,Campbell,fcs,CAA,24.0,"[0, 17, 7, 0]",0.4226126395754829,,,4.564453125,,,
401676348,2024,2,regular,2024-09-07T17:00:00.000Z,False,True,False,False,,6120.0,Growney Stadium,374,St. John Fisher,iii,Empire 8,0.0,"[0, 0, 0, 0]",,,,317,Marietta,iii,Ohio,55.0,"[7, 20, 21, 7]",,,,,,,
401676244,2024,2,regular,2024-09-07T17:00:00.000Z,False,True,False,False,,6114.0,Sea Gull Stadium,2532,Salisbury,iii,New Jersey,48.0,"[21, 7, 7, 13]",,,,2688,Washington and Lee,iii,Old Dominion,26.0,"[0, 6, 7, 13]",,,,,,,
401676633,2024,2,regular,2024-09-07T17:00:00.000Z,False,True,False,True,,6128.0,Alumni Stadium (PA),2644,Thiel,iii,Presidents',0.0,"[0, 0, 0, 0]",,,,2102,Carnegie Mellon,iii,Presidents',58.0,"[23, 35, 0, 0]",,,,,,,
401676359,2024,2,regular,2024-09-07T17:00:00.000Z,False,True,False,False,,6088.0,Schueler Field,2419,Mount St Joseph,iii,Heartland,35.0,"[7, 20, 0, 8]",,,,332,Muskingum,iii,Ohio,42.0,"[14, 14, 0, 14]",,,,,,,
401676651,2024,2,regular,2024-09-07T17:00:00.000Z,False,True,False,True,,6139.0,Cameron Stadium,2686,Washington & Jefferson,iii,Presidents',59.0,"[28, 21, 7, 3]",,,,2614,Saint Vincent,iii,Presidents',6.0,"[0, 0, 0, 6]",,,,,,,
401676644,2024,2,regular,2024-09-07T17:00:00.000Z,False,True,False,True,,5864.0,Robert E. Thorn Field,146,Grove City,iii,Presidents',41.0,"[7, 21, 6, 7]",,,,2242,Geneva,iii,Presidents',0.0,"[0, 0, 0, 0]",,,,,,,
401677458,2024,2,regular,2024-09-07T17:00:00.000Z,False,True,True,False,,3900.0,Riverbank Stadium,2985,Concordia-Michigan,,,34.0,"[7, 10, 10, 7]",,,,190,Defiance College,,,10.0,"[0, 0, 7, 3]",,,,,,,
401676618,2024,2,regular,2024-09-07T17:00:00.000Z,False,True,False,True,,5803.0,Bison Stadium,2062,Bethany (WV),iii,Presidents',14.0,"[7, 0, 0, 7]",,,,2018,Allegheny,iii,Presidents',20.0,"[0, 7, 6, 7]",,,,,,,
401676354,2024,2,regular,2024-09-07T17:00:00.000Z,False,True,False,False,,5843.0,W.B. Adams Stadium,366,Ferrum,iii,Old Dominion,6.0,"[3, 3, 0, 0]",,,,426,Mount Union,iii,Ohio,55.0,"[7, 21, 21, 6]",,,,,,,
401674711,2024,2,regular,2024-09-07T17:00:00.000Z,False,True,False,False,,3995.0,Dr. John W. Winkin Sports Complex,2280,Husson,iii,Commonwealth Coast,56.0,"[21, 7, 14, 14]",,,,2967,Framingham State,iii,MSCAC,14.0,"[7, 7, 0, 0]",,,,,,,
401674755,2024,2,regular,2024-09-07T17:00:00.000Z,False,True,True,True,,7512.0,St. Francis High School,125974,Hilbert,iii,Empire 8,0.0,"[0, 0, 0, 0]",,,,2782,SUNY Cortland,iii,Empire 8,76.0,"[28, 28, 7, 13]",,,,,,,
401674763,2024,2,regular,2024-09-07T17:00:00.000Z,False,True,False,False,,5906.0,McBride Field,352,Kenyon,iii,North Coast,13.0,"[0, 13, 0, 0]",,,,2074,Bluffton,iii,Heartland,6.0,"[6, 0, 0, 0]",,,,,,,
401674796,2024,2,regular,2024-09-07T17:00:00.000Z,False,True,False,False,,3640.0,Blackstock Stadium,83,DePauw,iii,North Coast,57.0,"[15, 28, 7, 7]",,,,86,Rose Hulman,iii,Heartland,14.0,"[0, 0, 0, 14]",,,,,,,
401674917,2024,2,regular,2024-09-07T17:00:00.000Z,False,True,False,False,,5786.0,Sprankle-Sprandel Stadium,2790,Albion,iii,Michigan,31.0,"[0, 14, 10, 7]",,,,2743,Wisconsin Stevens Point,iii,Wisconsin,23.0,"[0, 7, 13, 3]",,,,,,,
401676206,2024,2,regular,2024-09-07T17:00:00.000Z,False,True,True,False,,10463.0,Grand Rapids Christian High School,129738,Calvin,iii,Michigan,50.0,"[2, 24, 10, 14]",,,,391,Oberlin,iii,North Coast,6.0,"[0, 0, 0, 6]",,,,,,,
401676189,2024,2,regular,2024-09-07T17:00:00.000Z,False,True,False,False,,5997.0,Brooks Stadium (NY),2383,Merchant Marine,iii,NEWMAC,44.0,"[13, 14, 7, 10]",,,,2843,Western Connecticut State,iii,MSCAC,27.0,"[0, 7, 6, 14]",,,,,,,
401676023,2024,2,regular,2024-09-07T17:00:00.000Z,False,True,False,False,,5932.0,Lloyd L. Thornton Stadium,2373,Maryville (TN),iii,USA South,23.0,"[0, 6, 8, 9]",,,,2553,Sewanee,iii,Southern Athletic,9.0,"[7, 0, 0, 2]",,,,,,,
401676015,2024,2,regular,2024-09-07T17:00:00.000Z,False,True,False,False,,5998.0,Monarch Stadium,291,Methodist,iii,USA South,14.0,"[0, 7, 0, 7]",,,,2828,Shenandoah,iii,Old Dominion,33.0,"[0, 13, 14, 6]",,,,,,,
401675996,2024,2,regular,2024-09-07T17:00:00.000Z,False,True,False,False,,3618.0,Apprentice Field,3111,Apprentice School,iii,Independent DIII,44.0,"[7, 17, 14, 6]",,,,2896,Southern Virginia,iii,USA South,9.0,"[0, 9, 0, 0]",,,,,,,
401675936,2024,2,regular,2024-09-07T17:00:00.000Z,False,True,False,False,,4854.0,Perkins Stadium,2745,Wisconsin Whitewater,iii,Wisconsin,34.0,"[14, 10, 0, 10]",,,,2302,John Carroll,iii,Ohio,7.0,"[0, 0, 0, 7]",,,,,,,
401675594,2024,2,regular,2024-09-07T17:00:00.000Z,False,True,True,False,,,,125762,Florida Memorial University,,,31.0,"[10, 7, 7, 7]",,,,2206,Edward Waters,ii,SIAC,21.0,"[0, 0, 14, 7]",,,,,,,
401675467,2024,2,regular,2024-09-07T17:00:00.000Z,False,True,False,False,,5941.0,Roebuck Stadium,2207,Elizabeth City State,ii,CIAA,12.0,"[3, 6, 0, 3]",,,,2804,Chowan,ii,Gulf South,9.0,"[0, 0, 7, 2]",,,,,,,
401676236,2024,2,regular,2024-09-07T17:00:00.000Z,False,True,False,False,,6087.0,Drake Field (NY),3110,SUNY Morrisville,iii,Empire 8,7.0,"[7, 0, 0, 0]",,,,2871,Kean,iii,New Jersey,0.0,"[0, 0, 0, 0]",,,,,,,
401675376,2024,2,regular,2024-09-07T17:00:00.000Z,False,True,False,False,,6553.0,Helen and Leonard Moretz Stadium,2331,Lenoir Rhyne,ii,South Atlantic,32.0,"[0, 16, 16, 0]",,,,2075,Bowie State,ii,CIAA,19.0,"[0, 6, 6, 7]",,,,,,,
401675293,2024,2,regular,2024-09-07T17:00:00.000Z,False,True,False,False,,5123.0,Little Giant Stadium,89,Wabash,iii,North Coast,31.0,"[7, 17, 0, 7]",,,,2832,St. Norbert,iii,NACC,0.0,"[0, 0, 0, 0]",,,,,,,
401674688,2024,2,regular,2024-09-07T17:00:00.000Z,False,True,False,False,,5862.0,Butterfield Stadium,175,Ithaca,iii,Liberty League,23.0,"[14, 3, 0, 6]",,,,118,Johns Hopkins,iii,Centennial,27.0,"[0, 6, 14, 7]",,,,,,,
401674282,2024,2,regular,2024-09-07T17:00:00.000Z,False,True,False,False,,5887.0,I.L. & Sue Morris Stadium,2249,Glenville State,ii,Mountain East,9.0,"[7, 0, 0, 2]",,,,209,Lock Haven,ii,Pennsylvania State Athletic,31.0,"[7, 21, 0, 3]",,,,,,,
401674609,2024,2,regular,2024-09-07T17:00:00.000Z,False,True,False,False,,3755.0,Ray and Sue Smith Stadium,2812,Hope,iii,Michigan,49.0,"[21, 21, 7, 0]",,,,263,Loras,iii,American Rivers,0.0,"[0, 0, 0, 0]",,,,,,,
401673408,2024,2,regular,2024-09-07T17:00:00.000Z,False,True,False,False,,6086.0,Rocco Calvo Field,323,Moravian,iii,Landmark Conference,7.0,"[7, 0, 0, 0]",,,,2422,Muhlenberg,iii,Centennial,33.0,"[6, 6, 21, 0]",,,,,,,
401674939,2024,2,regular,2024-09-07T17:00:00.000Z,False,True,False,False,,6130.0,Fred Zollner Athletic Stadium,2651,Trine,iii,Michigan,6.0,"[0, 0, 6, 0]",,,,3112,Christopher Newport,iii,New Jersey,42.0,"[7, 14, 7, 14]",,,,,,,
401673973,2024,2,regular,2024-09-07T17:00:00.000Z,False,True,False,False,,5787.0,Docking Stadium,2003,Adrian,iii,Michigan,55.0,"[14, 13, 7, 21]",,,,72,Elmhurst,iii,CCIW,20.0,"[20, 0, 0, 0]",,,,,,,
401674538,2024,2,regular,2024-09-07T17:00:00.000Z,False,True,False,False,,6077.0,Stokes Stadium,2654,Truman State,ii,Great Lakes,21.0,"[0, 7, 7, 7]",,,,2224,Findlay,ii,Great Midwest Athletic,37.0,"[14, 7, 7, 9]",,,,,,,
401673418,2024,2,regular,2024-09-07T17:00:00.000Z,False,True,False,False,,5896.0,Lewis C. Everett Stadium,297,Hampden Sydney,iii,Old Dominion,21.0,"[7, 0, 7, 7]",,,,2808,Delaware Valley,iii,Mid Atlantic,41.0,"[7, 13, 14, 7]",,,,,,,
401654649,2024,2,regular,2024-09-07T17:30:00.000Z,False,True,False,False,6295.0,3597.0,Alumni Memorial Field,2678,VMI,fcs,Southern,28.0,"[7, 7, 0, 14]",0.055929610053093604,,,2083,Bucknell,fcs,Patriot,35.0,"[7, 7, 14, 7]",0.9440703899469064,,,4.3670872081,,,
401674773,2024,2,regular,2024-09-07T17:30:00.000Z,False,True,False,False,,6098.0,Dial-Roberson Stadium,427,Ohio Northern,iii,Ohio,45.0,"[14, 17, 7, 7]",,,,2233,Franklin,iii,Heartland,7.0,"[0, 0, 0, 7]",,,,,,,
401674782,2024,2,regular,2024-09-07T17:30:00.000Z,False,True,False,False,,3614.0,Alumni Stadium (IN),2262,Hanover,iii,Heartland,12.0,"[6, 3, 0, 3]",,,,2121,Centre,iii,Southern Athletic,27.0,"[7, 7, 3, 10]",,,,,,,
401634245,2024,2,regular,2024-09-07T18:00:00.000Z,False,True,False,False,7649.0,844.0,Stambaugh Stadium,2754,Youngstown State,fcs,MVFC,59.0,"[21, 14, 7, 17]",0.99725820111032,,,2674,Valparaiso,fcs,Pioneer,25.0,"[0, 22, 3, 0]",0.0027417988896799583,,,3.72204624,,,
401674109,2024,2,regular,2024-09-07T18:00:00.000Z,False,True,False,False,,4724.0,Audrey J. Walton Stadium at Vernon Kennedy Field,2118,Central Missouri,ii,Mid America,63.0,"[35, 14, 14, 0]",,,,196,Northeastern State,ii,Independent DII,21.0,"[0, 7, 7, 7]",,,,,,,
401674151,2024,2,regular,2024-09-07T18:00:00.000Z,False,True,False,False,,5942.0,Francis G. Welch Stadium,2214,Emporia State,ii,Mid America,17.0,"[0, 7, 7, 3]",,,,2025,Angelo State,ii,Lone Star,12.0,"[6, 3, 3, 0]",,,,,,,
401673445,2024,2,regular,2024-09-07T18:00:00.000Z,False,True,False,False,,6080.0,Frank M. Lindsay Field,74,Millikin,iii,CCIW,21.0,"[0, 14, 0, 7]",,,,2286,Illinois College,iii,Midwest,46.0,"[12, 14, 14, 6]",,,,,,,
401674508,2024,2,regular,2024-09-07T18:00:00.000Z,False,True,False,True,,3723.0,QU Stadium,2825,Quincy,ii,Great Lakes,46.0,"[5, 20, 14, 7]",,,,2876,Lincoln (MO),ii,Great Lakes,5.0,"[0, 0, 2, 3]",,,,,,,
401675570,2024,2,regular,2024-09-07T18:00:00.000Z,False,True,False,True,,5881.0,CAU Panther Stadium,2805,Clark Atlanta,ii,SIAC,26.0,"[6, 6, 7, 7]",,,,2019,Allen,ii,SIAC,22.0,"[6, 0, 6, 10]",,,,,,,
401673965,2024,2,regular,2024-09-07T18:00:00.000Z,False,True,False,False,,5117.0,Clemens Stadium,2600,Saint John's (MN),iii,Minnesota,49.0,"[14, 28, 7, 0]",,,,2106,Carthage,iii,CCIW,0.0,"[0, 0, 0, 0]",,,,,,,
401634181,2024,2,regular,2024-09-07T18:00:00.000Z,False,True,False,False,10018.0,3919.0,Scheumann Stadium,2050,Ball State,fbs,Mid-American,42.0,"[0, 7, 7, 28]",0.6619454952329824,1341.0,1341.0,2623,Missouri State,fcs,MVFC,34.0,"[7, 0, 7, 20]",0.3380545047670176,,,6.7901448981,,,
401675006,2024,2,regular,2024-09-07T18:00:00.000Z,False,True,False,False,,5908.0,Harley Knosher Bowl,255,Knox,iii,Midwest,7.0,"[0, 0, 0, 7]",,,,101,Eureka,iii,NACC,6.0,"[0, 6, 0, 0]",,,,,,,
401628339,2024,2,regular,2024-09-07T18:00:00.000Z,False,True,False,False,93033.0,3917.0,Sanford Stadium,61,Georgia,fbs,SEC,48.0,"[14, 10, 21, 3]",0.998904318902456,2079.0,2079.0,2635,Tennessee Tech,fcs,Big South-OVC,3.0,"[0, 0, 0, 3]",0.001095681097543988,,,2.6404091014,,,
401674652,2024,2,regular,2024-09-07T18:00:00.000Z,False,True,True,False,,,,2064,Bethel University Tennessee,,,20.0,"[0, 10, 0, 10]",,,,2371,Mary Hardin Baylor,iii,American Southwest,10.0,"[3, 0, 7, 0]",,,,,,,
401674592,2024,2,regular,2024-09-07T18:00:00.000Z,False,True,False,False,,5817.0,Ron and Joyce Schipper Stadium,2964,Central College,iii,American Rivers,49.0,"[21, 7, 14, 7]",,,,306,Illinois Wesleyan,iii,CCIW,14.0,"[0, 14, 0, 0]",,,,,,,
401675013,2024,2,regular,2024-09-07T18:00:00.000Z,False,True,False,False,,5915.0,Farwell Field,262,Lake Forest,iii,Midwest,21.0,"[0, 7, 7, 7]",,,,2741,Wisconsin Lutheran,iii,NACC,7.0,"[0, 0, 0, 7]",,,,,,,
401674582,2024,2,regular,2024-09-07T18:00:00.000Z,False,True,False,False,,5809.0,J. Leslie Rollins Stadium,63,Buena Vista,iii,American Rivers,7.0,"[7, 0, 0, 0]",,,,2283,Benedictine (IL),iii,NACC,34.0,"[6, 7, 14, 7]",,,,,,,
401675276,2024,2,regular,2024-09-07T18:00:00.000Z,False,True,False,False,,6127.0,John P. Papp Stadium,2748,Wooster,iii,North Coast,56.0,"[15, 27, 7, 7]",,,,2733,Wilmington (OH),iii,Ohio,13.0,"[6, 0, 7, 0]",,,,,,,
401675036,2024,2,regular,2024-09-07T18:00:00.000Z,False,True,False,False,,5823.0,Clark Field,2141,Coe,iii,American Rivers,55.0,"[7, 21, 14, 13]",,,,2155,Cornell (IA),iii,Midwest,10.0,"[0, 7, 0, 3]",,,,,,,
401674789,2024,2,regular,2024-09-07T18:00:00.000Z,False,True,False,False,,6145.0,Blue Jay Stadium,433,Westminster (MO),iii,Upper Midwest,23.0,"[9, 0, 6, 8]",,,,2362,Manchester,iii,Heartland,3.0,"[0, 3, 0, 0]",,,,,,,
401674991,2024,2,regular,2024-09-07T18:00:00.000Z,False,True,False,False,,3945.0,Strong Stadium,266,Beloit,iii,Midwest,17.0,"[3, 7, 0, 7]",,,,2524,Rockford,iii,NACC,43.0,"[15, 14, 0, 14]",,,,,,,
401674745,2024,2,regular,2024-09-07T18:00:00.000Z,False,True,False,False,,5120.0,J.J. Keller Field at Titan Stadium,271,Wisconsin Oshkosh,iii,Wisconsin,21.0,"[0, 13, 0, 8]",,,,396,Wheaton (IL),iii,CCIW,14.0,"[0, 7, 7, 0]",,,,,,,
401674998,2024,2,regular,2024-09-07T18:00:00.000Z,False,True,False,False,,5861.0,Rosenbloom Field,65,Grinnell,iii,Midwest,28.0,"[7, 14, 0, 7]",,,,101161,Lyon,iii,Southern Collegiate Athletic,48.0,"[0, 12, 16, 20]",,,,,,,
401676036,2024,2,regular,2024-09-07T18:00:00.000Z,False,True,False,False,,5853.0,Francis Field (IL),2257,Greenville,iii,Upper Midwest,54.0,"[7, 14, 7, 26]",,,,2151,Concordia Chicago,iii,NACC,23.0,"[0, 9, 7, 7]",,,,,,,
401674971,2024,2,regular,2024-09-07T18:00:00.000Z,False,True,False,False,,5893.0,Hollingsworth Field,2968,Gustavus Adolphus,iii,Minnesota,7.0,"[0, 0, 7, 0]",,,,2721,Whitworth,iii,Northwest,40.0,"[3, 10, 7, 20]",,,,,,,
401628598,2024,2,regular,2024-09-07T18:00:00.000Z,False,True,False,False,10815.0,3722.0,Fitton Field,107,Holy Cross,fcs,Patriot,20.0,"[3, 3, 14, 0]",0.34145609477366645,,,160,New Hampshire,fcs,CAA,21.0,"[0, 7, 7, 7]",0.6585439052263335,,,8.8202097717,,,
401674964,2024,2,regular,2024-09-07T18:00:00.000Z,False,True,False,False,,5825.0,Jake Christiansen Stadium,2152,Concordia (MN),iii,Minnesota,10.0,"[0, 7, 0, 3]",,,,2738,Wisconsin Eau Claire,iii,Wisconsin,21.0,"[7, 0, 0, 14]",,,,,,,
401675019,2024,2,regular,2024-09-07T18:00:00.000Z,False,True,False,False,,3843.0,MLC Bowl,446,Martin Luther,iii,Upper Midwest,35.0,"[7, 21, 0, 7]",,,,268,Lawrence,iii,Midwest,7.0,"[0, 0, 0, 7]",,,,,,,
401675976,2024,2,regular,2024-09-07T18:00:00.000Z,False,True,False,False,,5911.0,Ralph E. Davis Pioneer Stadium,272,Wisconsin Platteville,iii,Wisconsin,65.0,"[30, 21, 0, 14]",,,,6353,Lakeland,iii,NACC,0.0,"[0, 0, 0, 0]",,,,,,,
401654583,2024,2,regular,2024-09-07T18:00:00.000Z,False,True,False,False,,5116.0,O'Shaughnessy Stadium,2900,St. Thomas (MN),fcs,Pioneer,10.0,"[7, 0, 3, 0]",0.5467673380315226,,,2460,Northern Iowa,fcs,MVFC,17.0,"[0, 7, 0, 10]",0.45323266196847745,,,7.9910437015,,,
401644732,2024,2,regular,2024-09-07T18:30:00.000Z,False,True,False,False,11585.0,3696.0,Dix Stadium,2309,Kent State,fbs,Mid-American,17.0,"[0, 14, 0, 3]",0.008957524777763516,1096.0,1096.0,2598,Saint Francis,fcs,NEC,23.0,"[10, 10, 3, 0]",0.9910424752222364,,,4.3403909128,,,
401632071,2024,2,regular,2024-09-07T19:00:00.000Z,False,True,False,False,24512.0,6501.0,Allegiant Stadium,2439,UNLV,fbs,Mountain West,72.0,"[28, 16, 7, 21]",0.9988876075327624,1548.0,1548.0,3101,Utah Tech,fcs,UAC,14.0,"[7, 0, 7, 0]",0.0011123924672375995,,,2.2093969375,,,
401675798,2024,2,regular,2024-09-07T19:00:00.000Z,False,True,False,False,,6056.0,B.T. Harvey Stadium,60,Morehouse,ii,SIAC,13.0,"[7, 0, 0, 6]",,,,2304,Johnson C. Smith,ii,CIAA,37.0,"[7, 7, 13, 10]",,,,,,,
401676327,2024,2,regular,2024-09-07T19:00:00.000Z,False,True,False,False,,6149.0,McCulloch Stadium,2930,Willamette,iii,Northwest,27.0,"[7, 7, 7, 3, 0, 3]",,,,2318,La Verne,iii,So. Cal.,24.0,"[0, 17, 0, 7, 0, 0]",,,,,,,
401673151,2024,2,regular,2024-09-07T19:00:00.000Z,False,True,False,False,,5877.0,Lyle Hare Stadium,2069,Black Hills State,ii,Rocky Mountain,24.0,"[0, 7, 10, 7]",,,,2586,Southwest Baptist,ii,Great Lakes,14.0,"[7, 0, 7, 0]",,,,,,,
401634144,2024,2,regular,2024-09-07T19:00:00.000Z,False,True,False,False,8484.0,3850.0,Municipal Stadium,2065,Bethune-Cookman,fcs,SWAC,2.0,"[0, 0, 2, 0]",0.0005306854855336125,,,2382,Mercer,fcs,Southern,31.0,"[0, 21, 7, 3]",0.9994693145144664,,,3.8537276248,,,
401635537,2024,2,regular,2024-09-07T19:30:00.000Z,False,True,False,False,48431.0,3787.0,Kenan Stadium,153,North Carolina,fbs,ACC,38.0,"[14, 7, 10, 7]",0.9740641077075093,1546.0,1554.0,2429,Charlotte,fbs,American Athletic,20.0,"[3, 3, 7, 7]",0.025935892292490714,1195.0,1187.0,3.6549153501,,,
401645324,2024,2,regular,2024-09-07T19:30:00.000Z,False,True,False,True,28889.0,3852.0,Navy-Marine Corps Memorial Stadium,2426,Navy,fbs,American Athletic,38.0,"[9, 14, 15, 0]",0.9989039411338847,1368.0,1409.0,218,Temple,fbs,American Athletic,11.0,"[0, 3, 0, 8]",0.0010960588661153015,1115.0,1074.0,3.0955029612,,,
401628465,2024,2,regular,2024-09-07T19:30:00.000Z,False,True,False,True,34819.0,3665.0,SECU Stadium,120,Maryland,fbs,Big Ten,24.0,"[14, 0, 3, 7]",0.5134079056281101,1703.0,1679.0,127,Michigan State,fbs,Big Ten,27.0,"[7, 10, 0, 10]",0.4865920943718899,1401.0,1425.0,8.2782012973,,,
401628473,2024,2,regular,2024-09-07T19:30:00.000Z,False,True,False,False,64222.0,3765.0,Husky Stadium,264,Washington,fbs,Big Ten,30.0,"[0, 21, 9, 0]",0.998969852945677,1752.0,1759.0,2199,Eastern Michigan,fbs,Mid-American,9.0,"[3, 3, 0, 3]",0.0010301470543230273,1305.0,1298.0,4.1592743707,,,
401634207,2024,2,regular,2024-09-07T19:30:00.000Z,False,True,False,False,16811.0,3714.0,Fargodome,2449,North Dakota State,fcs,MVFC,52.0,"[14, 21, 3, 14]",0.9989639931228517,,,2634,Tennessee State,fcs,Big South-OVC,3.0,"[0, 0, 0, 3]",0.0010360068771483322,,,4.4945882028,,,
401628600,2024,2,regular,2024-09-07T19:30:00.000Z,False,True,False,False,8062.0,3788.0,Kenneth P. LaValle Stadium,2619,Stony Brook,fcs,CAA,37.0,"[17, 6, 14, 0]",0.9832470025140831,,,284,Stonehill,fcs,NEC,10.0,"[0, 0, 10, 0]",0.016752997485916854,,,3.2567265789,,,
401635535,2024,2,regular,2024-09-07T19:30:00.000Z,False,True,False,False,48575.0,3873.0,L&N Federal Credit Union Stadium,97,Louisville,fbs,ACC,49.0,"[14, 14, 7, 14]",0.9977026560763437,1625.0,1700.0,55,Jacksonville State,fbs,Conference USA,14.0,"[0, 14, 0, 0]",0.0022973439236563253,1449.0,1374.0,3.1667549545,,,
401643710,2024,2,regular,2024-09-07T19:30:00.000Z,False,True,False,False,25070.0,3984.0,War Memorial Stadium,2751,Wyoming,fbs,Mountain West,13.0,"[10, 0, 0, 3]",0.4178541664492569,1369.0,1369.0,70,Idaho,fcs,Big Sky,17.0,"[7, 10, 0, 0]",0.5821458335507431,,,7.4414261271,,,
401628474,2024,2,regular,2024-09-07T19:30:00.000Z,False,True,False,False,76069.0,347.0,Camp Randall Stadium,275,Wisconsin,fbs,Big Ten,27.0,"[14, 3, 3, 7]",0.9941188593552427,1601.0,1601.0,233,South Dakota,fcs,MVFC,13.0,"[0, 3, 10, 0]",0.00588114064475731,,,5.4936784051,,,
401635531,2024,2,regular,2024-09-07T19:30:00.000Z,False,True,False,False,38441.0,3615.0,"Alumni Stadium (Chestnut Hill, MA)",103,Boston College,fbs,ACC,56.0,"[14, 28, 7, 7]",0.9989714428938834,1450.0,1450.0,2184,Duquesne,fcs,NEC,0.0,"[0, 0, 0, 0]",0.001028557106116601,,,2.4533237493,,,
401628599,2024,2,regular,2024-09-07T19:30:00.000Z,False,True,False,False,5382.0,2068.0,E. Claiborne Robins Stadium,257,Richmond,fcs,CAA,19.0,"[2, 10, 0, 7]",0.152156059892945,,,2747,Wofford,fcs,Southern,26.0,"[0, 10, 6, 10]",0.847843940107055,,,6.7741963933,,,
401628337,2024,2,regular,2024-09-07T19:30:00.000Z,False,True,False,False,88043.0,3785.0,Jordan-Hare Stadium,2,Auburn,fbs,SEC,14.0,"[7, 0, 0, 7]",0.2525169316190977,1556.0,1537.0,25,California,fbs,ACC,21.0,"[7, 7, 0, 7]",0.7474830683809023,1483.0,1502.0,6.8038045019,,,
401636618,2024,2,regular,2024-09-07T19:30:00.000Z,False,True,False,False,52827.0,587.0,Rice-Eccles Stadium,254,Utah,fbs,Big 12,23.0,"[17, 6, 0, 0]",0.8942028336702575,1622.0,1627.0,239,Baylor,fbs,Big 12,12.0,"[0, 3, 9, 0]",0.10579716632974245,1422.0,1417.0,3.4697381845,,,
401629040,2024,2,regular,2024-09-07T19:30:00.000Z,False,True,False,False,21668.0,3739.0,Glass Bowl,2649,Toledo,fbs,Mid-American,38.0,"[7, 10, 7, 14]",0.09479990994041462,1526.0,1524.0,113,Massachusetts,fbs,FBS Independents,23.0,"[0, 13, 3, 7]",0.9052000900595853,1123.0,1125.0,6.6782431738,,,
401628340,2024,2,regular,2024-09-07T19:30:00.000Z,False,True,False,True,61349.0,3683.0,Kroger Field,96,Kentucky,fbs,SEC,6.0,"[0, 6, 0, 0]",0.006082209207821032,1640.0,1563.0,2579,South Carolina,fbs,SEC,31.0,"[7, 3, 14, 7]",0.993917790792179,1560.0,1637.0,3.9452995446,,,
401628977,2024,2,regular,2024-09-07T19:30:00.000Z,False,True,False,False,77622.0,3855.0,Notre Dame Stadium,87,Notre Dame,fbs,FBS Independents,14.0,"[7, 0, 7, 0]",0.22276720328304617,1888.0,1858.0,2459,Northern Illinois,fbs,Mid-American,16.0,"[10, 3, 0, 3]",0.7772327967169539,1446.0,1476.0,4.9100949395,,,
401628464,2024,2,regular,2024-09-07T19:30:00.000Z,False,True,False,False,69250.0,3793.0,Kinnick Stadium,2294,Iowa,fbs,Big Ten,19.0,"[7, 6, 6, 0]",0.22468274134511054,1550.0,1552.0,66,Iowa State,fbs,Big 12,20.0,"[0, 0, 14, 6]",0.7753172586548894,1612.0,1610.0,8.5704413795,,,
401674956,2024,2,regular,2024-09-07T20:00:00.000Z,False,True,False,False,,6103.0,Merritt Field,2923,Pomona Pitzer,iii,So. Cal.,28.0,"[7, 7, 0, 14]",,,,2101,Carleton,iii,Minnesota,12.0,"[0, 0, 0, 12]",,,,,,,
401654549,2024,2,regular,2024-09-07T20:00:00.000Z,False,True,False,False,17827.0,3991.0,"William Dick"""" Price Stadium""""",2450,Norfolk State,fcs,MEAC,28.0,"[7, 14, 0, 7]",0.92860283684986,,,330,Virginia State,ii,CIAA,23.0,"[7, 7, 3, 6]",0.07139716315014,,,6.7656953554,,,
401673043,2024,2,regular,2024-09-07T20:00:00.000Z,False,True,False,False,1867.0,716.0,Torero Stadium,301,San Diego,fcs,Pioneer,26.0,"[6, 6, 7, 7]",0.9854730667890546,,,2120,Central Washington,ii,Lone Star,7.0,"[7, 0, 0, 0]",0.014526933210945447,,,5.0697383431,,,
401676088,2024,2,regular,2024-09-07T20:00:00.000Z,False,True,False,False,,5119.0,Maxwell Field,203,Linfield,iii,Northwest,31.0,"[21, 10, 0, 0]",,,,2171,Denison,iii,North Coast,7.0,"[0, 0, 0, 7]",,,,,,,
401676755,2024,2,regular,2024-09-07T20:00:00.000Z,False,True,False,False,,5939.0,Cressy Field,379,UMass Dartmouth,iii,MSCAC,64.0,"[28, 26, 3, 7]",,,,2884,Nichols,iii,Commonwealth Coast,24.0,"[0, 3, 14, 7]",,,,,,,
401675932,2024,2,regular,2024-09-07T20:00:00.000Z,False,True,False,False,,5821.0,Fritz B. Burns Stadium,17,Claremont Mudd Scripps,iii,So. Cal.,24.0,"[14, 10, 0, 0]",,,,80,Chicago,iii,Midwest,0.0,"[0, 0, 0, 0]",,,,,,,
401682375,2024,2,regular,2024-09-07T20:00:00.000Z,False,True,False,True,,5920.0,Griswold Stadium,2333,Lewis & Clark,iii,Northwest,59.0,"[14, 14, 14, 17]",,,,2508,Puget Sound,iii,Northwest,21.0,"[0, 7, 7, 7]",,,,,,,
401628604,2024,2,regular,2024-09-07T20:00:00.000Z,False,True,False,False,,3661.0,Bulldog Stadium,2803,Bryant,fcs,CAA,21.0,"[7, 0, 7, 7]",,,,112334,Franklin Pierce,ii,Northeast 10,17.0,"[0, 7, 10, 0]",,,,,,,
401643783,2024,2,regular,2024-09-07T20:00:00.000Z,False,True,False,False,28000.0,3644.0,Bobcat Stadium (TX),326,Texas State,fbs,Sun Belt,49.0,"[14, 21, 7, 7]",0.9975383777137619,1399.0,1545.0,2636,UTSA,fbs,American Athletic,10.0,"[3, 0, 7, 0]",0.002461622286238141,1613.0,1467.0,3.5916870101,,,
401628342,2024,2,regular,2024-09-07T20:15:00.000Z,False,True,False,False,66427.0,3974.0,Vaught-Hemingway Stadium,145,Ole Miss,fbs,SEC,52.0,"[17, 14, 14, 7]",0.998968017794867,1658.0,1770.0,2393,Middle Tennessee,fbs,Conference USA,3.0,"[0, 3, 0, 0]",0.0010319822051330085,1400.0,1288.0,2.6354142701,,,
401635540,2024,2,regular,2024-09-07T20:30:00.000Z,False,True,False,False,65632.0,3799.0,Lane Stadium,259,Virginia Tech,fbs,ACC,31.0,"[7, 3, 14, 7]",0.9846356534773444,1575.0,1597.0,276,Marshall,fbs,Sun Belt,14.0,"[0, 7, 7, 0]",0.015364346522655614,1406.0,1384.0,7.6305171105,,,
401675970,2024,2,regular,2024-09-07T21:00:00.000Z,False,True,False,False,,5808.0,Edward C. Swenson Athletic Complex,18,Bridgewater State,iii,MSCAC,17.0,"[7, 3, 7, 0]",,,,109,MIT,iii,NEWMAC,37.0,"[6, 16, 7, 8]",,,,,,,
401634134,2024,2,regular,2024-09-07T21:30:00.000Z,False,True,False,False,9155.0,5400.0,William B. Greene Jr. Stadium,2193,East Tennessee State,fcs,Southern,61.0,"[14, 20, 17, 10]",0.9988363759992248,,,2842,UVA Wise,ii,South Atlantic,0.0,"[0, 0, 0, 0]",0.0011636240007751875,,,2.6658163086,,,
401643778,2024,2,regular,2024-09-07T22:00:00.000Z,False,True,False,False,21944.0,3918.0,S.B. Ballard Stadium,295,Old Dominion,fbs,Sun Belt,14.0,"[0, 7, 7, 0]",0.26672239131813047,1408.0,1397.0,151,East Carolina,fbs,American Athletic,20.0,"[6, 0, 11, 3]",0.7332776086818695,1404.0,1415.0,7.2626005857,,,
401673042,2024,2,regular,2024-09-07T22:00:00.000Z,False,True,False,False,8188.0,3774.0,Jayne Stadium,2413,Morehead State,fcs,Pioneer,48.0,"[3, 17, 21, 7]",0.9973752253897247,,,3077,Kentucky Christian,,,7.0,"[7, 0, 0, 0]",0.0026247746102753267,,,5.0510525909,,,
401673045,2024,2,regular,2024-09-07T22:00:00.000Z,False,True,False,False,,4416.0,Spec Martin Municipal Stadium,56,Stetson,fcs,Pioneer,35.0,"[0, 14, 14, 7]",0.9877270999392921,,,2683,Warner,,,0.0,"[0, 0, 0, 0]",0.012272900060707914,,,5.1519435266,,,
401628595,2024,2,regular,2024-09-07T22:00:00.000Z,False,True,False,False,,3862.0,O'Kelly-Riddick Stadium,2428,North Carolina Central,fcs,MEAC,19.0,"[0, 0, 6, 13]",0.04858956312643121,,,2210,Elon,fcs,CAA,41.0,"[7, 14, 3, 17]",0.9514104368735687,,,1.6846888351,,,
401628601,2024,2,regular,2024-09-07T22:00:00.000Z,False,True,False,False,8394.0,3781.0,Johnny Unitas Stadium,119,Towson,fcs,CAA,14.0,"[7, 7, 0, 0]",0.9701216557752523,,,2415,Morgan State,fcs,MEAC,9.0,"[3, 0, 6, 0]",0.029878344224747666,,,5.7171327769,,,
401676006,2024,2,regular,2024-09-07T22:00:00.000Z,False,True,False,False,,5799.0,Daly Field at Frank R. Campbell Stadium,2047,Averett,iii,Old Dominion,41.0,"[14, 13, 7, 7]",,,,286,North Carolina Wesleyan,iii,USA South,29.0,"[6, 9, 0, 14]",,,,,,,
401628605,2024,2,regular,2024-09-07T22:00:00.000Z,False,True,False,False,6308.0,3620.0,Armstrong Stadium,2261,Hampton,fcs,CAA,33.0,"[6, 6, 7, 14]",0.8333732093970051,,,2676,Virginia Union,ii,CIAA,21.0,"[0, 14, 7, 0]",0.1666267906029949,,,6.9804415999,,,
401654573,2024,2,regular,2024-09-07T22:00:00.000Z,False,True,False,False,3784.0,3624.0,Arute Field,2115,Central Connecticut,fcs,NEC,33.0,"[0, 19, 14, 0]",0.9965476465735739,,,2230,Fordham,fcs,Patriot,3.0,"[0, 0, 3, 0]",0.0034523534264261357,,,4.7455286294,,,
401654605,2024,2,regular,2024-09-07T22:00:00.000Z,False,True,False,False,3581.0,3777.0,Joe Walton Stadium,2523,Robert Morris,fcs,NEC,21.0,"[0, 14, 0, 7]",0.8810829807929367,,,2205,Edinboro,ii,Pennsylvania State Athletic,23.0,"[7, 7, 7, 2]",0.11891701920706332,,,8.0065037602,,,
401628593,2024,2,regular,2024-09-07T22:00:00.000Z,False,True,False,False,50073.0,3842.0,Milan Puskar Stadium,277,West Virginia,fbs,Big 12,49.0,"[14, 14, 14, 7]",0.9986585303886906,1527.0,1527.0,399,UAlbany,fcs,CAA,14.0,"[0, 14, 0, 0]",0.0013414696113094315,,,3.4196493042,,,
401643781,2024,2,regular,2024-09-07T22:00:00.000Z,False,True,False,False,22158.0,3876.0,Peden Stadium,195,Ohio,fbs,Mid-American,27.0,"[3, 14, 7, 3]",0.9525876837264748,1469.0,1486.0,6,South Alabama,fbs,Sun Belt,20.0,"[0, 10, 7, 3]",0.04741231627352516,1593.0,1576.0,8.6579097653,,,
401675805,2024,2,regular,2024-09-07T22:00:00.000Z,False,True,False,False,,3612.0,Alumni Memorial Stadium (NC),2940,Livingstone,ii,CIAA,37.0,"[6, 10, 0, 21]",,,,2355,Virginia Lynchburg,,,9.0,"[2, 0, 0, 7]",,,,,,,
401636344,2024,2,regular,2024-09-07T22:00:00.000Z,False,True,False,False,15225.0,4582.0,Hornet Stadium,2011,Alabama State,fcs,SWAC,24.0,"[7, 17, 0, 0]",0.9899926407488898,,,2396,Miles,ii,SIAC,3.0,"[0, 3, 0, 0]",0.010007359251110182,,,3.6735368443,,,
401640979,2024,2,regular,2024-09-07T22:00:00.000Z,False,True,True,False,17852.0,2031.0,Pitbull Stadium,2229,Florida International,fbs,Conference USA,52.0,"[7, 21, 8, 16]",0.9818650371377727,1129.0,1271.0,2117,Central Michigan,fbs,Mid-American,16.0,"[0, 8, 8, 0]",0.018134962862227266,1333.0,1191.0,3.3654068296,,,
401635536,2024,2,regular,2024-09-07T22:00:00.000Z,False,True,False,False,57886.0,3948.0,Hard Rock Stadium,2390,Miami,fbs,ACC,56.0,"[15, 10, 21, 10]",0.9989304485305625,1622.0,1622.0,50,Florida A&M,fcs,SWAC,9.0,"[3, 3, 3, 0]",0.0010695514694375463,,,2.8571338182,,,
401643777,2024,2,regular,2024-09-07T22:00:00.000Z,False,True,False,False,24570.0,3651.0,Bridgeforth Stadium,256,James Madison,fbs,Sun Belt,13.0,"[0, 0, 10, 3]",0.906606081446229,1728.0,1728.0,2241,Gardner-Webb,fcs,Big South-OVC,6.0,"[0, 3, 3, 0]",0.093393918553771,,,5.9057896435,,,
401654677,2024,2,regular,2024-09-07T22:00:00.000Z,False,True,False,False,8377.0,3868.0,Paladin Stadium,231,Furman,fcs,Southern,20.0,"[0, 10, 7, 3]",0.4620259852001862,,,2127,Charleston Southern,fcs,Big South-OVC,24.0,"[6, 8, 7, 3]",0.5379740147998138,,,6.6561375631,,,
401674498,2024,2,regular,2024-09-07T22:00:00.000Z,False,True,False,False,,3729.0,"Frank ""Muddy"" Waters Stadium",2273,Hillsdale,ii,Great Midwest Athletic,16.0,"[0, 7, 2, 7]",,,,2292,Indianapolis,ii,Great Lakes,42.0,"[7, 21, 0, 14]",,,,,,,
401628602,2024,2,regular,2024-09-07T22:00:00.000Z,False,True,False,False,,3617.0,Andy Kerr Stadium,2142,Colgate,fcs,Patriot,3.0,"[0, 3, 0, 0]",0.007860266758501185,,,222,Villanova,fcs,CAA,28.0,"[7, 0, 7, 14]",0.9921397332414988,,,3.8356783191,,,
401674549,2024,2,regular,2024-09-07T22:00:00.000Z,False,True,False,False,,3960.0,Top Taggart Field,2222,Ferris State,ii,GLIAC,56.0,"[35, 14, 0, 7]",,,,437,Lake Erie,ii,Great Midwest Athletic,3.0,"[3, 0, 0, 0]",,,,,,,
401655624,2024,2,regular,2024-09-07T22:00:00.000Z,False,True,False,False,6252.0,1930.0,Holt Arena,304,Idaho State,fcs,Big Sky,50.0,"[17, 17, 7, 9]",0.9987911890293165,,,2848,Western Oregon,ii,Lone Star,10.0,"[0, 3, 0, 7]",0.0012088109706834826,,,2.573526061,,,
401675561,2024,2,regular,2024-09-07T22:00:00.000Z,False,True,False,False,,5867.0,Albany State University Coliseum,2013,Albany State,ii,SIAC,40.0,"[0, 7, 19, 14]",,,,2551,Shaw,ii,CIAA,43.0,"[0, 16, 0, 27]",,,,,,,
401674222,2024,2,regular,2024-09-07T22:00:00.000Z,False,True,False,True,,6072.0,Schwan Regional Event Center,2587,Southwest Minnesota State,ii,Northern Sun,9.0,"[3, 6, 0, 0]",,,,568,Minot State,ii,Northern Sun,42.0,"[7, 14, 7, 14]",,,,,,,
401676144,2024,2,regular,2024-09-07T22:00:00.000Z,False,True,False,False,,6099.0,Selby Stadium,2980,Ohio Wesleyan,iii,North Coast,26.0,"[7, 9, 7, 3]",,,,359,Otterbein,iii,Ohio,7.0,"[0, 0, 0, 7]",,,,,,,
401674820,2024,2,regular,2024-09-07T22:00:00.000Z,False,True,False,False,,5907.0,McCarthy Stadium (Wilkes Barre),247,King's,iii,Mid Atlantic,28.0,"[14, 7, 0, 7]",,,,398,Wilkes,iii,Landmark Conference,43.0,"[21, 8, 7, 7]",,,,,,,
401674290,2024,2,regular,2024-09-07T22:00:00.000Z,False,True,False,False,,3813.0,"Luther ""Nick"" Jeralds Stadium",2220,Fayetteville State,ii,CIAA,35.0,"[3, 10, 8, 14]",,,,2882,UNC Pembroke,ii,Mountain East,31.0,"[7, 14, 3, 7]",,,,,,,
401636617,2024,2,regular,2024-09-07T22:30:00.000Z,False,True,False,False,43807.0,3652.0,FBC Mortgage Stadium,2116,UCF,fbs,Big 12,45.0,"[14, 10, 14, 7]",0.9984675152867405,1578.0,1644.0,2534,Sam Houston,fbs,Conference USA,14.0,"[0, 7, 0, 7]",0.0015324847132595076,1436.0,1370.0,3.2004794485,,,
401643780,2024,2,regular,2024-09-07T23:00:00.000Z,False,True,False,False,12327.0,3817.0,Malone Stadium,2433,UL Monroe,fbs,Sun Belt,32.0,"[3, 10, 9, 10]",0.9604075852198672,1156.0,1249.0,5,UAB,fbs,American Athletic,6.0,"[3, 3, 0, 0]",0.039592414780132756,1363.0,1270.0,6.1979403345,,,
401636388,2024,2,regular,2024-09-07T23:00:00.000Z,False,True,False,False,26700.0,3976.0,Mississippi Veterans Memorial Stadium,2296,Jackson State,fcs,SWAC,58.0,"[31, 17, 10, 0]",0.9989714965565739,,,2323,Lane College,ii,SIAC,7.0,"[0, 0, 0, 7]",0.0010285034434260876,,,1.9414701056,,,
401634190,2024,2,regular,2024-09-07T23:00:00.000Z,False,True,False,False,7213.0,3909.0,Roy Stewart Stadium,93,Murray State,fcs,MVFC,17.0,"[0, 7, 7, 3]",0.5461772622944205,,,2086,Butler,fcs,Pioneer,19.0,"[3, 7, 0, 9]",0.45382273770557946,,,6.9753173286,,,
401654664,2024,2,regular,2024-09-07T23:00:00.000Z,False,True,False,False,2080.0,4424.0,Husky Stadium,2277,Houston Christian,fcs,Southland,18.0,"[0, 7, 3, 8]",0.012790387980054546,,,2627,Tarleton State,fcs,UAC,35.0,"[0, 21, 7, 7]",0.9872096120199455,,,3.2376508235,,,
401643706,2024,2,regular,2024-09-07T23:00:00.000Z,False,True,False,False,36573.0,5388.0,Canvas Stadium,36,Colorado State,fbs,Mountain West,38.0,"[10, 14, 7, 7]",0.9654344872118603,1237.0,1237.0,2458,Northern Colorado,fcs,Big Sky,17.0,"[7, 0, 7, 3]",0.034565512788139685,,,4.5437808258,,,
401635639,2024,2,regular,2024-09-07T23:00:00.000Z,False,True,False,True,30012.0,3630.0,Allegacy Federal Credit Union Stadium,154,Wake Forest,fbs,ACC,30.0,"[10, 10, 10, 0]",0.3231116289522079,1431.0,1424.0,258,Virginia,fbs,ACC,31.0,"[3, 14, 0, 14]",0.6768883710477921,1310.0,1317.0,6.5433888584,,,
401632068,2024,2,regular,2024-09-07T23:00:00.000Z,False,True,False,False,16712.0,3796.0,Houchens Industries-L.T. Smith Stadium,98,Western Kentucky,fbs,Conference USA,31.0,"[10, 7, 0, 14]",0.37641387441259805,1307.0,1307.0,2198,Eastern Kentucky,fcs,UAC,0.0,"[0, 0, 0, 0]",0.623586125587402,,,3.9055538496,,,
401634198,2024,2,regular,2024-09-07T23:00:00.000Z,False,True,False,False,11595.0,3605.0,Alerus Center,155,North Dakota,fcs,MVFC,27.0,"[7, 0, 14, 6]",0.8333200736087124,,,149,Montana,fcs,Big Sky,24.0,"[21, 3, 0, 0]",0.1666799263912876,,,7.0931992972,,,
401632459,2024,2,regular,2024-09-07T23:00:00.000Z,False,True,False,False,,4246.0,Center Parc Stadium,2247,Georgia State,fbs,Sun Belt,24.0,"[3, 7, 7, 7]",0.41424415119961694,1369.0,1369.0,236,Chattanooga,fcs,Southern,21.0,"[7, 0, 7, 7]",0.5857558488003831,,,9.3852508068,,,
401656598,2024,2,regular,2024-09-07T23:00:00.000Z,False,True,False,False,6568.0,3990.0,William H. Greene Stadium,47,Howard,fcs,MEAC,32.0,"[0, 14, 7, 11]",0.837214687067599,,,2385,Mercyhurst,fcs,NEC,31.0,"[3, 0, 7, 21]",0.16278531293240095,,,7.7084561297,,,
401643705,2024,2,regular,2024-09-07T23:00:00.000Z,False,True,False,True,22478.0,3713.0,Falcon Stadium,2005,Air Force,fbs,Mountain West,7.0,"[7, 0, 0, 0]",0.27425759677110456,1572.0,1549.0,23,San José State,fbs,Mountain West,17.0,"[14, 0, 0, 3]",0.7257424032288955,1544.0,1567.0,3.6614362236,,,
401628462,2024,2,regular,2024-09-07T23:00:00.000Z,False,True,False,False,60670.0,3832.0,"Memorial Stadium (Champaign, IL)",356,Illinois,fbs,Big Ten,23.0,"[3, 10, 0, 10]",0.7973976238859617,1502.0,1515.0,2305,Kansas,fbs,Big 12,17.0,"[0, 10, 7, 0]",0.2026023761140383,1619.0,1606.0,7.4772522448,,,
401635539,2024,2,regular,2024-09-07T23:00:00.000Z,False,True,False,False,22634.0,3940.0,Stanford Stadium,24,Stanford,fbs,ACC,41.0,"[7, 7, 17, 10]",0.9791731264428654,1282.0,1282.0,13,Cal Poly,fcs,Big Sky,7.0,"[0, 7, 0, 0]",0.02082687355713464,,,4.1003165447,,,
401643782,2024,2,regular,2024-09-07T23:00:00.000Z,False,True,False,False,22044.0,3815.0,M. M. Roberts Stadium,2572,Southern Miss,fbs,Sun Belt,35.0,"[7, 7, 7, 14]",0.9977096872842911,1217.0,1217.0,2545,SE Louisiana,fcs,Southland,10.0,"[3, 7, 0, 0]",0.0022903127157088976,,,7.8335681557,,,
401643708,2024,2,regular,2024-09-07T23:00:00.000Z,False,True,False,False,16245.0,3816.0,Mackay Stadium,2440,Nevada,fbs,Mountain West,17.0,"[14, 0, 3, 0]",0.9877788748907659,1271.0,1273.0,290,Georgia Southern,fbs,Sun Belt,20.0,"[7, 10, 3, 0]",0.012221125109234121,1381.0,1379.0,7.3547409027,,,
401674663,2024,2,regular,2024-09-07T23:00:00.000Z,False,True,False,False,,6132.0,Trinity University Stadium,386,Trinity (TX),iii,Southern Athletic,20.0,"[0, 7, 6, 7]",,,,2639,Texas Lutheran,iii,Southern Collegiate Athletic,35.0,"[7, 14, 0, 14]",,,,,,,
401674543,2024,2,regular,2024-09-07T23:00:00.000Z,False,True,False,False,,6030.0,Harms-Eischeid Stadium,389,Upper Iowa,ii,Great Lakes,33.0,"[6, 6, 14, 7]",,,,3066,Concordia St. Paul,ii,Northern Sun,7.0,"[0, 0, 7, 0]",,,,,,,
401674740,2024,2,regular,2024-09-07T23:00:00.000Z,False,True,False,False,,6093.0,Holmgren Athletic Complex,75,North Park,iii,CCIW,42.0,"[7, 20, 7, 8]",,,,2891,Ripon,iii,Midwest,41.0,"[14, 7, 7, 13]",,,,,,,
401674977,2024,2,regular,2024-09-07T23:00:00.000Z,False,True,False,False,,5829.0,Old National Bank Stadium,509,Crown,iii,Upper Midwest,14.0,"[0, 0, 0, 14]",,,,162,Hamline,iii,Minnesota,35.0,"[21, 14, 0, 0]",,,,,,,
401676048,2024,2,regular,2024-09-07T23:00:00.000Z,False,True,False,False,,3915.0,Charles Lee Field at Samford Stadium,2938,Huntingdon,iii,USA South,7.0,"[0, 7, 0, 0]",,,,2757,Berry,iii,Southern Athletic,43.0,"[22, 0, 21, 0]",,,,,,,
401675505,2024,2,regular,2024-09-07T23:00:00.000Z,False,True,False,False,,3926.0,Setzler Field,2444,Newberry,ii,South Atlantic,14.0,"[0, 7, 0, 7]",,,,2673,Valdosta State,ii,Gulf South,27.0,"[7, 10, 7, 3]",,,,,,,
401674526,2024,2,regular,2024-09-07T23:00:00.000Z,False,True,False,False,,5935.0,Parker Field at McCool Stadium,2170,Delta State,ii,Gulf South,55.0,"[14, 17, 10, 14]",,,,2402,Missouri S&T,ii,Great Lakes,18.0,"[8, 10, 0, 0]",,,,,,,
401674306,2024,2,regular,2024-09-07T23:00:00.000Z,False,True,False,False,,3718.0,Tom Benson Hall of Fame Stadium,2682,Walsh,ii,Great Midwest Athletic,10.0,"[0, 0, 3, 7]",,,,112335,Wheeling,ii,Mountain East,14.0,"[0, 7, 7, 0]",,,,,,,
401675509,2024,2,regular,2024-09-07T23:00:00.000Z,False,True,False,False,,3957.0,Tiger Stadium (AL),2695,West Alabama,ii,Gulf South,45.0,"[7, 7, 21, 10]",,,,2839,Tusculum,ii,South Atlantic,9.0,"[6, 3, 0, 0]",,,,,,,
401673946,2024,2,regular,2024-09-07T23:00:00.000Z,False,True,False,False,,5796.0,Charles D. Lindberg Stadium,2042,Augustana (IL),iii,CCIW,30.0,"[9, 14, 7, 0]",,,,2564,Simpson (IA),iii,American Rivers,13.0,"[0, 0, 7, 6]",,,,,,,
401674982,2024,2,regular,2024-09-07T23:00:00.000Z,False,True,False,False,,6082.0,Big Cat Stadium,2399,Minnesota Morris,iii,Upper Midwest,17.0,"[3, 0, 0, 14]",,,,2359,Macalester,iii,Minnesota,16.0,"[6, 3, 7, 0]",,,,,,,
401674308,2024,2,regular,2024-09-07T23:00:00.000Z,False,True,False,True,,3641.0,Blakeslee Stadium,2364,Minnesota State,ii,Northern Sun,31.0,"[0, 14, 7, 10]",,,,132,Bemidji State,ii,Northern Sun,29.0,"[0, 15, 0, 14]",,,,,,,
401675816,2024,2,regular,2024-09-07T23:00:00.000Z,False,True,False,True,,3951.0,Swisher Field,425,Northern State,ii,Northern Sun,10.0,"[0, 0, 3, 7]",,,,2894,Sioux Falls,ii,Northern Sun,34.0,"[20, 7, 7, 0]",,,,,,,
401628335,2024,2,regular,2024-09-07T23:00:00.000Z,False,True,False,False,100077.0,3657.0,Bryant-Denny Stadium,333,Alabama,fbs,SEC,42.0,"[7, 7, 0, 28]",0.9964872219835206,1997.0,2006.0,58,South Florida,fbs,American Athletic,16.0,"[3, 3, 7, 3]",0.003512778016479423,1442.0,1433.0,8.3492231748,,,
401654585,2024,2,regular,2024-09-07T23:00:00.000Z,False,True,False,False,5574.0,3882.0,Provost Umphrey Stadium,2320,Lamar,fcs,Southland,28.0,"[14, 7, 0, 7]",0.7557353339090457,,,2400,Mississippi Valley State,fcs,SWAC,14.0,"[7, 0, 7, 0]",0.24426466609095432,,,6.8688590268,,,
401634213,2024,2,regular,2024-09-07T23:00:00.000Z,False,True,False,False,19321.0,5237.0,Dana J. Dykhouse Stadium,2571,South Dakota State,fcs,MVFC,45.0,"[0, 17, 14, 14]",0.9837171849104371,,,2916,Incarnate Word,fcs,Southland,24.0,"[3, 7, 7, 7]",0.016282815089562863,,,6.023747841,,,
401634170,2024,2,regular,2024-09-07T23:00:00.000Z,False,True,False,False,7222.0,3858.0,O'Brien Stadium,2197,Eastern Illinois,fcs,Big South-OVC,27.0,"[7, 10, 10, 0]",0.80852281395667,,,282,Indiana State,fcs,MVFC,20.0,"[0, 13, 0, 7]",0.19147718604332997,,,7.2574587058,,,
401628606,2024,2,regular,2024-09-07T23:00:00.000Z,False,True,False,False,,3603.0,Aggie Stadium,2448,North Carolina A&T,fcs,CAA,27.0,"[7, 3, 7, 3, 7]",0.8796523004459681,,,2736,Winston-Salem State,ii,CIAA,20.0,"[6, 0, 7, 7, 0]",0.1203476995540319,,,8.1959219128,,,
401654558,2024,2,regular,2024-09-07T23:00:00.000Z,False,True,False,False,15267.0,3599.0,Ace W. Mumford Stadium,2582,Southern,fcs,SWAC,42.0,"[3, 13, 7, 19]",0.9984713469101162,,,2542,Savannah State,ii,SIAC,10.0,"[7, 0, 3, 0]",0.0015286530898838135,,,5.0928292405,,,
401634158,2024,2,regular,2024-09-07T23:00:00.000Z,False,True,False,False,8014.0,4133.0,Braly Municipal Stadium,2453,North Alabama,fcs,UAC,17.0,"[3, 0, 7, 7]",0.21358390962060922,,,2287,Illinois State,fcs,MVFC,24.0,"[7, 7, 10, 0]",0.7864160903793908,,,5.1670519231,,,
401655665,2024,2,regular,2024-09-07T23:00:00.000Z,False,True,False,False,978.0,7076.0,J.W. Babb Stadium,101784,Erskine,ii,Gulf South,14.0,"[0, 7, 0, 7]",,,,2506,Presbyterian,fcs,Pioneer,31.0,"[7, 14, 7, 3]",,,,,,,
401632069,2024,2,regular,2024-09-07T23:00:00.000Z,False,True,False,False,4668.0,3749.0,Hunter Stadium,2815,Lindenwood,fcs,Big South-OVC,13.0,"[3, 0, 3, 7]",0.0018205190744883027,,,2110,Central Arkansas,fcs,UAC,34.0,"[0, 13, 7, 14]",0.9981794809255117,,,4.1098727535,,,
401633979,2024,2,regular,2024-09-07T23:00:00.000Z,False,True,False,True,6127.0,7003.0,Houck Field,2546,Southeast Missouri State,fcs,Big South-OVC,45.0,"[7, 7, 7, 14, 7, 3]",0.0018709304880639033,,,2630,UT Martin,fcs,Big South-OVC,42.0,"[0, 14, 14, 7, 7, 0]",0.9981290695119361,,,5.8618726799,,,
401628338,2024,2,regular,2024-09-07T23:00:00.000Z,False,True,False,False,89295.0,3634.0,Ben Hill Griffin Stadium,57,Florida,fbs,SEC,45.0,"[7, 7, 14, 17]",0.9986559089730632,1493.0,1493.0,2535,Samford,fcs,Southern,7.0,"[0, 0, 7, 0]",0.0013440910269367778,,,3.9831706488,,,
401628603,2024,2,regular,2024-09-07T23:00:00.000Z,False,True,False,False,19294.0,3654.0,Brooks Stadium (SC),324,Coastal Carolina,fbs,Sun Belt,40.0,"[14, 13, 10, 3]",0.9976415522417889,1537.0,1537.0,2729,William & Mary,fcs,CAA,21.0,"[0, 7, 7, 7]",0.0023584477582111463,,,3.3772758984,,,
401632070,2024,2,regular,2024-09-07T23:00:00.000Z,False,True,False,False,,3742.0,Governors Stadium,2046,Austin Peay,fcs,UAC,17.0,"[7, 3, 7, 0]",0.07462284268687819,,,79,Southern Illinois,fcs,MVFC,31.0,"[7, 7, 7, 10]",0.9253771573131218,,,6.6589334096,,,
401628344,2024,2,regular,2024-09-07T23:00:00.000Z,False,True,False,False,62621.0,3838.0,Memorial Stadium,142,Missouri,fbs,SEC,38.0,"[3, 21, 7, 7]",0.9988863863777315,1744.0,1803.0,2084,Buffalo,fbs,Mid-American,0.0,"[0, 0, 0, 0]",0.0011136136222684723,1357.0,1298.0,3.2483160685,,,
401654569,2024,2,regular,2024-09-07T23:00:00.000Z,False,True,False,False,9132.0,3963.0,Harry Turpin Stadium,2466,Northwestern State,fcs,Southland,31.0,"[14, 0, 7, 10]",0.05991768724986653,,,2504,Prairie View A&M,fcs,SWAC,37.0,"[10, 10, 10, 7]",0.9400823127501334,,,8.1023924348,,,
401636381,2024,2,regular,2024-09-07T23:00:00.000Z,False,True,False,False,9247.0,3902.0,Eddie Robinson Stadium,2755,Grambling,fcs,SWAC,37.0,"[13, 24, 0, 0]",0.9156620279705013,,,2657,Tuskegee,ii,SIAC,20.0,"[0, 3, 7, 10]",0.08433797202949866,,,3.4070163491,,,
401655623,2024,2,regular,2024-09-07T23:00:00.000Z,False,True,False,False,4378.0,3906.0,Roos Field,331,Eastern Washington,fcs,Big Sky,32.0,"[7, 7, 7, 8, 3]",,,,2181,Drake,fcs,Pioneer,35.0,"[0, 13, 7, 9, 6]",,,,,,,
401641016,2024,2,regular,2024-09-07T23:00:00.000Z,False,True,False,False,11040.0,4899.0,Fifth Third Stadium,338,Kennesaw State,fbs,Conference USA,10.0,"[7, 0, 0, 3]",0.12064797831540046,1485.0,1423.0,309,Louisiana,fbs,Sun Belt,34.0,"[0, 20, 14, 0]",0.8793520216845996,1496.0,1558.0,2.8462981643,,,
401634250,2024,2,regular,2024-09-07T23:00:00.000Z,False,True,False,False,10917.0,3809.0,Louis Crews Stadium,2010,Alabama A&M,fcs,SWAC,49.0,"[14, 14, 14, 7]",0.998940929677221,,,2310,Kentucky State,ii,SIAC,7.0,"[0, 0, 0, 7]",0.0010590703227789655,,,2.7655337374,,,
401645326,2024,2,regular,2024-09-07T23:00:00.000Z,False,True,False,False,17760.0,3895.0,Rice Stadium,242,Rice,fbs,American Athletic,69.0,"[14, 24, 17, 14]",0.9989284541501057,1309.0,1309.0,2640,Texas Southern,fcs,SWAC,7.0,"[0, 0, 0, 7]",0.0010715458498943287,,,3.2984714394,,,
401655660,2024,2,regular,2024-09-07T23:00:00.000Z,False,True,False,False,4477.0,3897.0,Richardson Stadium,2166,Davidson,fcs,Pioneer,49.0,"[14, 7, 14, 14]",0.9986094994070043,,,2107,Catawba,ii,South Atlantic,14.0,"[7, 0, 0, 7]",0.0013905005929957248,,,4.1260916462,,,
401643779,2024,2,regular,2024-09-07T23:00:00.000Z,False,True,False,False,19316.0,3625.0,Centennial Bank Stadium,2032,Arkansas State,fbs,Sun Belt,28.0,"[7, 0, 21, 0]",0.682684313677518,1406.0,1404.0,202,Tulsa,fbs,American Athletic,24.0,"[3, 14, 7, 0]",0.31731568632248197,1248.0,1250.0,6.3543485401,,,
401645325,2024,2,regular,2024-09-07T23:30:00.000Z,False,True,False,False,23510.0,3825.0,DATCU Stadium,249,North Texas,fbs,American Athletic,35.0,"[14, 7, 7, 7]",0.9985735406880482,1460.0,1460.0,2617,Stephen F. Austin,fcs,Southland,20.0,"[10, 7, 3, 0]",0.0014264593119518443,,,6.8718981027,,,
401628468,2024,2,regular,2024-09-07T23:30:00.000Z,False,True,False,False,102665.0,3861.0,Ohio Stadium,194,Ohio State,fbs,Big Ten,56.0,"[21, 14, 14, 7]",0.9989683362339095,1927.0,2014.0,2711,Western Michigan,fbs,Mid-American,0.0,"[0, 0, 0, 0]",0.0010316637660905403,1309.0,1222.0,2.276632436,,,
401628349,2024,2,regular,2024-09-07T23:30:00.000Z,False,True,False,False,24080.0,3973.0,FirstBank Stadium,238,Vanderbilt,fbs,SEC,55.0,"[10, 17, 7, 21]",0.9989565641578229,1303.0,1303.0,2016,Alcorn State,fcs,SWAC,0.0,"[0, 0, 0, 0]",0.0010434358421771428,,,2.6201509074,,,
401628346,2024,2,regular,2024-09-07T23:30:00.000Z,False,True,True,False,72730.0,3628.0,Bank of America Stadium,152,NC State,fbs,ACC,10.0,"[0, 3, 7, 0]",0.0013081611453792652,1606.0,1512.0,2633,Tennessee,fbs,SEC,51.0,"[7, 13, 17, 14]",0.9986918388546208,1751.0,1845.0,2.6876723747,,Duke’s Mayo Classic,
401628467,2024,2,regular,2024-09-07T23:30:00.000Z,False,True,False,False,86906.0,3834.0,"Memorial Stadium (Lincoln, NE)",158,Nebraska,fbs,Big Ten,28.0,"[14, 14, 0, 0]",0.965196421811165,1571.0,1588.0,38,Colorado,fbs,Big 12,10.0,"[0, 0, 3, 7]",0.03480357818883495,1324.0,1307.0,3.2682399356,,,
401628341,2024,2,regular,2024-09-07T23:30:00.000Z,False,True,False,False,100242.0,3958.0,Tiger Stadium (LA),99,LSU,fbs,SEC,44.0,"[9, 14, 21, 0]",0.2641403564947987,1805.0,1805.0,2447,Nicholls,fcs,Southland,21.0,"[7, 7, 7, 0]",0.7358596435052013,,,4.5734053957,,,
401628345,2024,2,regular,2024-09-07T23:45:00.000Z,False,True,False,False,83653.0,3835.0,"Memorial Stadium (Norman, OK)",201,Oklahoma,fbs,SEC,16.0,"[7, 7, 0, 2]",0.03463077000202154,1849.0,1840.0,248,Houston,fbs,Big 12,12.0,"[3, 3, 6, 0]",0.9653692299979785,1402.0,1411.0,7.4633177224,,,
401674622,2024,2,regular,2024-09-08T00:00:00.000Z,False,True,False,False,,6084.0,April Zorn Memorial Stadium,2919,Monmouth (IL),iii,Midwest,24.0,"[3, 7, 7, 7]",,,,2685,Wartburg,iii,American Rivers,38.0,"[7, 14, 7, 10]",,,,,,,
401674616,2024,2,regular,2024-09-08T00:00:00.000Z,False,True,True,False,,6091.0,Abel Stadium,6845,Nebraska Wesleyan,iii,American Rivers,25.0,"[0, 6, 0, 19]",,,,512,Dakota State University,,,41.0,"[7, 17, 14, 3]",,,,,,,
401673140,2024,2,regular,2024-09-08T00:00:00.000Z,False,True,False,False,,5866.0,Rex Stadium,2001,Adams State,ii,Rocky Mountain,30.0,"[0, 7, 7, 16]",,,,2703,Western New Mexico,ii,Lone Star,39.0,"[6, 0, 14, 19]",,,,,,,
401674140,2024,2,regular,2024-09-08T00:00:00.000Z,False,True,False,False,,5878.0,Wantland Stadium,2122,Central Oklahoma,ii,Mid America,72.0,"[28, 21, 16, 7]",,,,2324,Langston,,,0.0,"[0, 0, 0, 0]",,,,,,,
401632067,2024,2,regular,2024-09-08T00:00:00.000Z,False,True,False,True,7094.0,5440.0,Wildcat Stadium (TX),2000,Abilene Christian,fcs,UAC,38.0,"[14, 0, 7, 17]",0.9930427855500175,,,2698,West Georgia,fcs,UAC,24.0,"[0, 3, 7, 14]",0.006957214449982541,,,5.253241297,,,
401673270,2024,2,regular,2024-09-08T00:00:00.000Z,False,True,False,False,,4852.0,Neta and Eddie DeRose ThunderBowl,2570,CSU Pueblo,ii,Rocky Mountain,40.0,"[20, 9, 0, 11]",,,,110243,UT Permian Basin,ii,Lone Star,23.0,"[9, 0, 7, 7]",,,,,,,
401636354,2024,2,regular,2024-09-08T00:00:00.000Z,False,True,False,False,8037.0,3740.0,Golden Lion Stadium,2029,Arkansas-Pine Bluff,fcs,SWAC,73.0,"[28, 24, 7, 14]",0.9989707876089171,,,124386,Arkansas Baptist,,,0.0,"[0, 0, 0, 0]",0.0010292123910828899,,,1.8795011514,,,
401674160,2024,2,regular,2024-09-08T00:00:00.000Z,False,True,False,True,,5890.0,Lewis Field Stadium,2231,Fort Hays,ii,Mid America,30.0,"[10, 0, 13, 7]",,,,137,Missouri Western,ii,Mid America,16.0,"[7, 6, 0, 3]",,,,,,,
401635532,2024,2,regular,2024-09-08T00:00:00.000Z,False,True,False,False,81500.0,3836.0,"Memorial Stadium (Clemson, SC)",228,Clemson,fbs,ACC,66.0,"[35, 21, 10, 0]",0.9989707034282519,1625.0,1757.0,2026,App State,fbs,Sun Belt,20.0,"[0, 13, 7, 0]",0.0010292965717481062,1578.0,1446.0,2.5044572153,,,
401636615,2024,2,regular,2024-09-08T00:00:00.000Z,False,True,False,False,44063.0,3616.0,Amon G. Carter Stadium,2628,TCU,fbs,Big 12,45.0,"[10, 21, 7, 7]",0.9988595858130722,1591.0,1591.0,2341,Long Island University,fcs,NEC,0.0,"[0, 0, 0, 0]",0.001140414186927785,,,3.0873170548,,,
401637160,2024,2,regular,2024-09-08T00:00:00.000Z,False,True,False,True,8463.0,3942.0,Stewart Stadium,2692,Weber State,fcs,Big Sky,43.0,"[7, 9, 3, 24]",0.9924051064251291,,,2502,Portland State,fcs,Big Sky,16.0,"[0, 10, 0, 6]",0.007594893574870865,,,6.067452516,,,
401673240,2024,2,regular,2024-09-08T00:00:00.000Z,False,True,False,False,,5782.0,Mountaineer Bowl,2714,Western Colorado,ii,Rocky Mountain,38.0,"[14, 7, 17, 0]",,,,2395,Midwestern State,ii,Lone Star,33.0,"[10, 14, 3, 6]",,,,,,,
401674180,2024,2,regular,2024-09-08T00:00:00.000Z,False,True,False,True,,6057.0,Ron & Carol Cope Stadium at Foster Field,2438,Nebraska Kearney,ii,Mid America,21.0,"[7, 7, 7, 0]",,,,138,Northwest Missouri State,ii,Mid America,14.0,"[14, 0, 0, 0]",,,,,,,
401674168,2024,2,regular,2024-09-08T00:00:00.000Z,False,True,False,True,,6054.0,Fred G. Hughes Stadium,2403,Missouri Southern State,ii,Mid America,17.0,"[10, 0, 0, 7]",,,,90,Pittsburg State,ii,Mid America,42.0,"[14, 14, 0, 14]",,,,,,,
401676204,2024,2,regular,2024-09-08T00:00:00.000Z,False,True,True,False,,10465.0,Mayo Field,101442,Centenary (LA),iii,Southern Collegiate Athletic,20.0,"[6, 0, 0, 14]",,,,418,Hendrix,iii,Southern Athletic,43.0,"[15, 21, 7, 0]",,,,,,,
401674743,2024,2,regular,2024-09-08T00:00:00.000Z,False,True,False,False,,6108.0,Crain Field,2519,Rhodes,iii,Southern Athletic,20.0,"[7, 6, 0, 7]",,,,143,Washington St. Louis,iii,CCIW,44.0,"[3, 7, 13, 21]",,,,,,,
401675530,2024,2,regular,2024-09-08T00:00:00.000Z,False,True,False,True,,5938.0,Al Whitehead Field at Greyhound Stadium,2201,Eastern New Mexico,ii,Lone Star,36.0,"[8, 14, 0, 14]",,,,2834,Sul Ross State,ii,Lone Star,17.0,"[3, 0, 7, 7]",,,,,,,
401674656,2024,2,regular,2024-09-08T00:00:00.000Z,False,True,False,False,,6118.0,Birkelbach Field,2588,Southwestern U,iii,Southern Athletic,24.0,"[3, 14, 0, 7]",,,,241,McMurry,iii,Southern Collegiate Athletic,20.0,"[7, 6, 0, 7]",,,,,,,
401628597,2024,2,regular,2024-09-08T00:00:00.000Z,False,True,False,False,21887.0,3643.0,Bobcat Stadium,147,Montana State,fcs,Big Sky,41.0,"[21, 17, 3, 0]",0.9906266647837987,,,311,Maine,fcs,CAA,24.0,"[0, 7, 7, 10]",0.009373335216201317,,,2.4688066932,,,
401674988,2024,2,regular,2024-09-08T00:00:00.000Z,False,True,False,False,,6094.0,Reynolds Field,583,Northwestern (MN),iii,Upper Midwest,21.0,"[0, 13, 8, 0]",,,,133,St. Olaf,iii,Minnesota,39.0,"[8, 14, 0, 17]",,,,,,,
401632072,2024,2,regular,2024-09-08T01:00:00.000Z,False,True,False,False,41609.0,3946.0,Sun Bowl,2638,UTEP,fbs,Conference USA,24.0,"[14, 3, 0, 7, 0]",0.36967252790505417,1224.0,1224.0,253,Southern Utah,fcs,UAC,27.0,"[6, 0, 8, 10, 3]",0.6303274720949459,,,8.3814588335,,,
401677718,2024,2,regular,2024-09-08T02:00:00.000Z,False,True,False,False,,6102.0,Sparks Stadium,2486,Pacific Lutheran,iii,Northwest,43.0,"[13, 14, 9, 7]",,,,129758,Simpson (CA),,,0.0,"[0, 0, 0, 0]",,,,,,,
401676197,2024,2,regular,2024-09-08T02:00:00.000Z,False,True,False,False,,5819.0,Ernie Chapman Stadium,411,Chapman,iii,So. Cal.,43.0,"[7, 14, 7, 15]",,,,205,Pacific (OR),iii,Northwest,23.0,"[0, 17, 6, 0]",,,,,,,
401636614,2024,2,regular,2024-09-08T02:00:00.000Z,False,True,False,False,47746.0,3619.0,Arizona Stadium,12,Arizona,fbs,Big 12,22.0,"[3, 3, 7, 9]",0.9528976534210033,1739.0,1739.0,2464,Northern Arizona,fcs,Big Sky,10.0,"[0, 10, 0, 0]",0.0471023465789967,,,6.8354765478,,,
401636859,2024,2,regular,2024-09-08T02:00:00.000Z,False,True,False,False,27372.0,3820.0,Gesa Field,265,Washington State,fbs,Pac-12,37.0,"[7, 20, 7, 3]",0.8654073890186578,1530.0,1581.0,2641,Texas Tech,fbs,Big 12,16.0,"[3, 7, 0, 6]",0.13459261098134223,1541.0,1490.0,5.208469346,,,
401628469,2024,2,regular,2024-09-08T02:00:00.000Z,False,True,False,False,58134.0,3626.0,Autzen Stadium,2483,Oregon,fbs,Big Ten,37.0,"[7, 7, 13, 10]",0.9708133111224604,1904.0,1902.0,68,Boise State,fbs,Mountain West,34.0,"[3, 17, 0, 14]",0.029186688877539613,1629.0,1631.0,9.8770288234,,,
401643707,2024,2,regular,2024-09-08T02:00:00.000Z,False,True,False,False,41031.0,3660.0,Valley Children's Stadium,278,Fresno State,fbs,Mountain West,46.0,"[18, 7, 14, 7]",0.9896657008811013,1535.0,1535.0,16,Sacramento State,fcs,Big Sky,30.0,"[3, 7, 7, 13]",0.010334299118898715,,,5.2341013291,,,
401654850,2024,2,regular,2024-09-08T02:00:00.000Z,False,True,False,False,8743.0,3602.0,Aggie Stadium,302,UC Davis,fcs,Big Sky,36.0,"[0, 9, 13, 14]",0.8831199506089646,,,2837,East Texas A&M,fcs,Southland,22.0,"[0, 0, 7, 15]",0.11688004939103536,,,4.253275141,,,
401640989,2024,2,regular,2024-09-08T02:15:00.000Z,False,True,False,True,16562.0,3601.0,Aggie Memorial Stadium,166,New Mexico State,fbs,Conference USA,24.0,"[10, 7, 0, 7]",0.29013704906020665,1432.0,1431.0,2335,Liberty,fbs,Conference USA,30.0,"[3, 6, 0, 21]",0.7098629509397933,1572.0,1573.0,7.8831258262,,,
401643709,2024,2,regular,2024-09-08T02:30:00.000Z,False,True,False,False,25318.0,7311.0,Snapdragon Stadium,21,San Diego State,fbs,Mountain West,0.0,"[0, 0, 0, 0]",0.0031430420540741865,1416.0,1388.0,204,Oregon State,fbs,Pac-12,21.0,"[7, 0, 0, 14]",0.9968569579459258,1648.0,1676.0,3.8855356996,,,
401628343,2024,2,regular,2024-09-08T02:30:00.000Z,False,True,False,False,45504.0,3947.0,Mountain America Stadium,9,Arizona State,fbs,Big 12,30.0,"[10, 17, 3, 0]",0.7141237504569228,1497.0,1504.0,344,Mississippi State,fbs,SEC,23.0,"[0, 3, 7, 13]",0.2858762495430772,1447.0,1440.0,3.8316762822,,,
401628472,2024,2,regular,2024-09-08T03:00:00.000Z,False,True,False,False,68110.0,477.0,Los Angeles Memorial Coliseum,30,USC,fbs,Big Ten,48.0,"[10, 17, 7, 14]",0.998820125395717,1668.0,1768.0,328,Utah State,fbs,Mountain West,0.0,"[0, 0, 0, 0]",0.0011798746042830377,1346.0,1246.0,3.4091592103,,,
401675924,2024,2,regular,2024-09-08T17:00:00.000Z,False,True,True,False,,5821.0,Fritz B. Burns Stadium,29,Redlands,iii,So. Cal.,3.0,"[0, 3, 0, 0]",,,,415,George Fox,iii,Northwest,17.0,"[7, 7, 3, 0]",,,,,,,
401674485,2024,3,regular,2024-09-12T23:00:00.000Z,False,True,False,True,,4763.0,Ranger Field,2823,Northwestern (OK),ii,Great American,2.0,"[0, 2, 0, 0]",,,,2888,Ouachita Baptist,ii,Great American,56.0,"[7, 14, 21, 14]",,,,,,,
401643788,2024,3,regular,2024-09-12T23:30:00.000Z,False,True,False,False,,6526.0,Hancock Whitney Stadium,6,South Alabama,fbs,Sun Belt,87.0,"[24, 28, 28, 7]",0.99897052875113,1581.0,1581.0,2466,Northwestern State,fcs,Southland,10.0,"[10, 0, 0, 0]",0.0010294712488699842,,,3.63048087,,,
401636867,2024,3,regular,2024-09-12T23:30:00.000Z,False,True,False,False,25187.0,3644.0,Bobcat Stadium (TX),326,Texas State,fbs,Sun Belt,28.0,"[7, 14, 7, 0]",0.11506986599136698,1545.0,1538.0,9,Arizona State,fbs,Big 12,31.0,"[7, 14, 7, 3]",0.8849301340086331,1504.0,1511.0,8.8230147959,,,
401673371,2024,3,regular,2024-09-13T16:00:00.000Z,False,True,False,False,,5785.0,Dickerson Stadium,2707,West Virginia State,ii,Mountain East,25.0,"[0, 17, 2, 6]",,,,2105,Carson Newman,ii,South Atlantic,56.0,"[21, 15, 13, 7]",,,,,,,
401674821,2024,3,regular,2024-09-13T22:00:00.000Z,False,True,False,False,,3920.0,Schmidt Stadium,398,Wilkes,iii,Landmark Conference,25.0,"[3, 0, 7, 15]",,,,2528,Rensselaer,iii,Liberty League,32.0,"[6, 10, 10, 6]",,,,,,,
401676110,2024,3,regular,2024-09-13T23:00:00.000Z,False,True,False,False,,5855.0,Charles A. Henry Field,2274,Hiram,iii,North Coast,7.0,"[0, 0, 0, 7]",,,,2419,Mount St Joseph,iii,Heartland,28.0,"[0, 14, 14, 0]",,,,,,,
401676723,2024,3,regular,2024-09-13T23:00:00.000Z,False,True,False,True,,6066.0,Pace Stadium,2487,Pace,ii,Northeast 10,17.0,"[14, 3, 0, 0]",,,,2441,New Haven,ii,Northeast 10,47.0,"[14, 7, 26, 0]",,,,,,,
401674896,2024,3,regular,2024-09-13T23:00:00.000Z,False,True,False,True,,5940.0,Clean Harbors Stadium,110,Mass Maritime,iii,MSCAC,6.0,"[0, 0, 0, 6]",,,,2843,Western Connecticut State,iii,MSCAC,44.0,"[13, 3, 14, 14]",,,,,,,
401674854,2024,3,regular,2024-09-13T23:00:00.000Z,False,True,False,False,,6095.0,Sabine Field at Haynes Family Stadium,2467,Norwich,iii,NEWMAC,9.0,"[0, 6, 0, 3]",,,,2779,St. Lawrence,iii,Liberty League,20.0,"[10, 7, 0, 3]",,,,,,,
401689234,2024,3,regular,2024-09-13T23:00:00.000Z,False,True,False,True,,6071.0,Jess Dow Field,2583,Southern Connecticut State,ii,Northeast 10,35.0,"[7, 14, 14, 0]",,,,2022,American International,ii,Northeast 10,21.0,"[0, 7, 7, 7]",,,,,,,
401676771,2024,3,regular,2024-09-13T23:00:00.000Z,False,True,False,False,,5899.0,"Alumni Stadium (Worcester, MA)",2749,WPI,iii,NEWMAC,31.0,"[10, 14, 7, 0]",,,,111675,New England,iii,Commonwealth Coast,13.0,"[0, 6, 0, 7]",,,,,,,
401636863,2024,3,regular,2024-09-13T23:00:00.000Z,False,True,True,False,21493.0,3486.0,Children's Mercy Park,2305,Kansas,fbs,Big 12,20.0,"[7, 10, 0, 3]",0.9904339356746409,1606.0,1603.0,2439,UNLV,fbs,Mountain West,23.0,"[3, 10, 3, 7]",0.009566064325359114,1541.0,1544.0,6.9236233086,,,
401636864,2024,3,regular,2024-09-14T00:00:00.000Z,False,True,False,False,51290.0,3636.0,Bill Snyder Family Stadium,2306,Kansas State,fbs,Big 12,31.0,"[7, 7, 14, 3]",0.9893458948837691,1790.0,1842.0,12,Arizona,fbs,Big 12,7.0,"[7, 0, 0, 0]",0.010654105116230883,1720.0,1668.0,4.5340233474,,,
401676190,2024,3,regular,2024-09-14T16:00:00.000Z,False,True,False,False,,5848.0,Hotchkiss Field,417,Gallaudet,iii,ECFC,7.0,"[0, 0, 7, 0]",,,,2383,Merchant Marine,iii,NEWMAC,55.0,"[7, 20, 7, 21]",,,,,,,
401656952,2024,3,regular,2024-09-14T16:00:00.000Z,False,True,False,True,2393.0,3777.0,Joe Walton Stadium,2523,Robert Morris,fcs,NEC,55.0,"[14, 20, 7, 14]",0.9987912498828523,,,2385,Mercyhurst,fcs,NEC,28.0,"[0, 14, 7, 7]",0.0012087501171477166,,,3.9132298068,,,
401674637,2024,3,regular,2024-09-14T16:00:00.000Z,False,True,False,False,,5830.0,Walter M. Katz Field,40,Curry,iii,Commonwealth Coast,21.0,"[0, 7, 0, 14]",,,,2810,Hardin Simmons,iii,American Southwest,73.0,"[25, 21, 14, 13]",,,,,,,
401674826,2024,3,regular,2024-09-14T16:00:00.000Z,False,True,False,False,,6105.0,Day Field,2516,Randolph Macon,iii,Old Dominion,14.0,"[0, 7, 0, 0, 7]",,,,174,Hobart,iii,Liberty League,7.0,"[0, 7, 0, 0, 0]",,,,,,,
401674566,2024,3,regular,2024-09-14T16:00:00.000Z,False,True,False,False,,3927.0,Sherman Field,2392,Michigan Tech,ii,GLIAC,21.0,"[7, 7, 0, 7]",,,,2273,Hillsdale,ii,Great Midwest Athletic,6.0,"[0, 0, 0, 6]",,,,,,,
401654574,2024,3,regular,2024-09-14T16:00:00.000Z,False,True,False,True,2616.0,3694.0,DeGol Field,2598,Saint Francis,fcs,NEC,20.0,"[7, 7, 6, 0]",0.9193609826292887,,,2115,Central Connecticut,fcs,NEC,27.0,"[6, 14, 0, 7]",0.08063901737071133,,,9.744616209,,,
401674904,2024,3,regular,2024-09-14T16:00:00.000Z,False,True,False,True,,5898.0,John Coughlin Memorial Field,402,Worcester State,iii,MSCAC,27.0,"[14, 7, 0, 6]",,,,2972,Plymouth State,iii,MSCAC,21.0,"[0, 14, 7, 0]",,,,,,,
401674887,2024,3,regular,2024-09-14T16:00:00.000Z,False,True,False,True,,5845.0,Elliot Field Athletic Complex,114,Fitchburg State,iii,MSCAC,7.0,"[0, 0, 7, 0]",,,,379,UMass Dartmouth,iii,MSCAC,73.0,"[19, 20, 14, 20]",,,,,,,
401654848,2024,3,regular,2024-09-14T16:00:00.000Z,False,True,False,False,8867.0,3782.0,Johnson Hagood Stadium,2643,The Citadel,fcs,Southern,54.0,"[7, 20, 14, 13]",0.9871547944336422,,,2822,North Greenville,ii,Gulf South,0.0,"[0, 0, 0, 0]",0.01284520556635782,,,3.0624466593,,,
401674756,2024,3,regular,2024-09-14T16:00:00.000Z,False,True,False,False,,5125.0,Stadium Red Field,2782,SUNY Cortland,iii,Empire 8,70.0,"[21, 21, 14, 14]",,,,2354,Lycoming,iii,Landmark Conference,7.0,"[0, 0, 7, 0]",,,,,,,
401676749,2024,3,regular,2024-09-14T16:00:00.000Z,False,True,False,True,,5133.0,Ram Stadium (WV),2974,Shepherd,ii,Pennsylvania State Athletic,10.0,"[0, 7, 3, 0]",,,,215,Slippery Rock,ii,Pennsylvania State Athletic,20.0,"[7, 6, 7, 0]",,,,,,,
401677453,2024,3,regular,2024-09-14T16:00:00.000Z,False,True,False,False,,5794.0,Caparso Field,15,Anna Maria College,iii,ECFC,45.0,"[10, 7, 21, 7, 0]",,,,2557,Coast Guard,iii,NEWMAC,52.0,"[7, 21, 7, 10, 7]",,,,,,,
401676054,2024,3,regular,2024-09-14T16:00:00.000Z,False,True,False,False,,5852.0,Jamieson Stadium,2256,Greensboro,iii,USA South,20.0,"[13, 0, 7, 0]",,,,2047,Averett,iii,Old Dominion,27.0,"[6, 0, 14, 7]",,,,,,,
401674373,2024,3,regular,2024-09-14T16:00:00.000Z,False,True,False,True,,4432.0,Andre Reed Stadium,2315,Kutztown,ii,Pennsylvania State Athletic,26.0,"[6, 3, 17, 0]",,,,2205,Edinboro,ii,Pennsylvania State Athletic,0.0,"[0, 0, 0, 0]",,,,,,,
401636868,2024,3,regular,2024-09-14T16:00:00.000Z,False,True,False,False,57865.0,3784.0,Jones AT&T Stadium,2641,Texas Tech,fbs,Big 12,66.0,"[17, 35, 7, 7]",0.9989666953513109,1490.0,1623.0,249,North Texas,fbs,American Athletic,21.0,"[7, 0, 7, 7]",0.001033304648689115,1469.0,1336.0,4.5756445546,,,
401675377,2024,3,regular,2024-09-14T16:00:00.000Z,False,True,False,False,,5873.0,Bulldogs Stadium,2075,Bowie State,ii,CIAA,14.0,"[0, 7, 0, 7]",,,,110254,Davenport,ii,GLIAC,17.0,"[3, 14, 0, 0]",,,,,,,
401676360,2024,3,regular,2024-09-14T16:00:00.000Z,False,True,False,True,,6090.0,Sherman Field at McConagha Stadium,332,Muskingum,iii,Ohio,24.0,"[14, 10, 0, 0]",,,,359,Otterbein,iii,Ohio,7.0,"[0, 0, 7, 0]",,,,,,,
401635542,2024,3,regular,2024-09-14T16:00:00.000Z,False,True,False,False,55107.0,3697.0,Doak Campbell Stadium,52,Florida State,fbs,ACC,12.0,"[0, 3, 6, 3]",0.11682755961610082,1610.0,1596.0,235,Memphis,fbs,American Athletic,20.0,"[3, 10, 7, 0]",0.8831724403838992,1625.0,1639.0,4.7620557314,,,
401676654,2024,3,regular,2024-09-14T16:00:00.000Z,False,True,True,True,,7513.0,O'Hara Field,127954,Eastern,iii,Mid Atlantic,13.0,"[0, 0, 6, 7]",,,,2725,Widener,iii,Mid Atlantic,27.0,"[7, 3, 7, 10]",,,,,,,
401677372,2024,3,regular,2024-09-14T16:00:00.000Z,False,True,False,False,,5637.0,Vendetti Field,2884,Nichols,iii,Commonwealth Coast,63.0,"[28, 21, 7, 7]",,,,274,Maine Maritime,iii,Independent DIII,12.0,"[6, 6, 0, 0]",,,,,,,
401654595,2024,3,regular,2024-09-14T16:00:00.000Z,False,True,True,False,1643.0,6043.0,Bethpage Federal Credit Union Stadium,2341,Long Island University,fcs,NEC,17.0,"[7, 0, 10, 0]",0.16791043159453875,,,2329,Lehigh,fcs,Patriot,20.0,"[0, 13, 7, 0]",0.8320895684054612,,,6.5529739855,,,
401677402,2024,3,regular,2024-09-14T16:00:00.000Z,False,True,False,False,,5810.0,Coyer Field,2085,Buffalo State,iii,Liberty League,42.0,"[7, 14, 14, 7]",,,,125974,Hilbert,iii,Empire 8,6.0,"[0, 6, 0, 0]",,,,,,,
401674349,2024,3,regular,2024-09-14T16:00:00.000Z,False,True,False,True,,4427.0,John A. Farrell Stadium,223,West Chester,ii,Pennsylvania State Athletic,28.0,"[0, 7, 0, 21]",,,,2858,California (PA),ii,Pennsylvania State Athletic,38.0,"[7, 17, 7, 7]",,,,,,,
401673429,2024,3,regular,2024-09-14T16:00:00.000Z,False,True,False,True,,5842.0,Robert T. Shields Field,2221,FDU Florham,iii,Mid Atlantic,35.0,"[0, 21, 7, 7]",,,,2015,Albright,iii,Mid Atlantic,7.0,"[7, 0, 0, 0]",,,,,,,
401635546,2024,3,regular,2024-09-14T16:00:00.000Z,False,True,False,False,56919.0,3670.0,Carter-Finley Stadium,152,NC State,fbs,ACC,30.0,"[3, 3, 14, 10]",0.9887121904445089,1512.0,1511.0,2348,Louisiana Tech,fbs,Conference USA,20.0,"[0, 17, 3, 0]",0.011287809555491135,1246.0,1247.0,6.9656670091,,,
401636869,2024,3,regular,2024-09-14T16:00:00.000Z,False,True,False,False,30915.0,3674.0,Chapman Stadium,202,Tulsa,fbs,American Athletic,10.0,"[0, 0, 0, 10]",0.0003792225224573761,1250.0,1185.0,197,Oklahoma State,fbs,Big 12,45.0,"[7, 21, 10, 7]",0.9996207774775426,1530.0,1595.0,1.7699490034,,,
401628475,2024,3,regular,2024-09-14T16:00:00.000Z,False,True,False,False,,3832.0,"Memorial Stadium (Champaign, IL)",356,Illinois,fbs,Big Ten,30.0,"[7, 6, 10, 7]",0.9736874201207752,1515.0,1533.0,2117,Central Michigan,fbs,Mid-American,9.0,"[3, 3, 0, 3]",0.02631257987922475,1191.0,1173.0,4.7985291022,,,
401628359,2024,3,regular,2024-09-14T16:00:00.000Z,False,True,False,True,79531.0,3994.0,Williams-Brice Stadium,2579,South Carolina,fbs,SEC,33.0,"[7, 17, 0, 9]",0.8567462764688526,1637.0,1642.0,99,LSU,fbs,SEC,36.0,"[0, 16, 6, 14]",0.1432537235311474,1803.0,1798.0,9.8185936219,,,
401628350,2024,3,regular,2024-09-14T16:00:00.000Z,False,True,False,False,76323.0,347.0,Camp Randall Stadium,275,Wisconsin,fbs,Big Ten,10.0,"[3, 0, 7, 0]",0.0081587932041351,1593.0,1553.0,333,Alabama,fbs,SEC,42.0,"[7, 14, 14, 7]",0.9918412067958648,2006.0,2046.0,2.8137131564,,,
401636865,2024,3,regular,2024-09-14T16:00:00.000Z,False,True,False,False,24717.0,3996.0,Yager Stadium,193,Miami (OH),fbs,Mid-American,16.0,"[0, 3, 7, 6]",0.22661705402857707,1490.0,1458.0,2132,Cincinnati,fbs,Big 12,27.0,"[3, 7, 7, 10]",0.773382945971423,1397.0,1429.0,4.2593483439,,,
401628479,2024,3,regular,2024-09-14T16:00:00.000Z,False,True,False,False,110250.0,3558.0,Michigan Stadium,130,Michigan,fbs,Big Ten,28.0,"[7, 14, 0, 7]",0.99822512163928,1928.0,1911.0,2032,Arkansas State,fbs,Sun Belt,18.0,"[0, 3, 0, 15]",0.0017748783607199892,1404.0,1421.0,4.2387123237,,,
401654624,2024,3,regular,2024-09-14T16:30:00.000Z,False,True,False,False,4418.0,3721.0,Fisher Field,322,Lafayette,fcs,Patriot,56.0,"[14, 21, 21, 0]",0.9989533974699507,,,2368,Marist,fcs,Pioneer,14.0,"[7, 0, 0, 7]",0.0010466025300492898,,,2.8660944178,,,
401628357,2024,3,regular,2024-09-14T16:45:00.000Z,False,True,False,False,62621.0,3838.0,Memorial Stadium,142,Missouri,fbs,SEC,27.0,"[3, 14, 7, 3]",0.8685557691100811,1803.0,1795.0,103,Boston College,fbs,ACC,21.0,"[7, 7, 0, 7]",0.13144423088991886,1462.0,1470.0,5.8006475504,,,
401674670,2024,3,regular,2024-09-14T17:00:00.000Z,False,True,False,False,,6150.0,Wightman Stadium,2970,William Paterson,iii,New Jersey,0.0,"[0, 0, 0, 0]",,,,2175,Dickinson,iii,Centennial,24.0,"[7, 7, 7, 3]",,,,,,,
401676146,2024,3,regular,2024-09-14T17:00:00.000Z,False,True,False,True,,5792.0,Pratt Field at Lehrman Stadium,7,Amherst,iii,NESCAC,19.0,"[3, 6, 7, 3]",,,,121,Bates,iii,NESCAC,7.0,"[7, 0, 0, 0]",,,,,,,
401676418,2024,3,regular,2024-09-14T17:00:00.000Z,False,True,False,True,,6146.0,Memorial Field (PA),2849,Westminster (PA),iii,Presidents',23.0,"[7, 10, 0, 6]",,,,2845,Waynesburg,iii,Presidents',10.0,"[0, 7, 3, 0]",,,,,,,
401676100,2024,3,regular,2024-09-14T17:00:00.000Z,False,True,False,False,,4422.0,Valhalla Stadium,2757,Berry,iii,Southern Athletic,0.0,"[0, 0, 0, 0]",,,,83,DePauw,iii,North Coast,33.0,"[7, 3, 21, 2]",,,,,,,
401676076,2024,3,regular,2024-09-14T17:00:00.000Z,False,True,False,True,,4429.0,Seth Grove Stadium,2559,Shippensburg,ii,Pennsylvania State Athletic,24.0,"[7, 0, 14, 3]",,,,2134,Clarion,ii,Pennsylvania State Athletic,21.0,"[7, 14, 0, 0]",,,,,,,
401629041,2024,3,regular,2024-09-14T17:00:00.000Z,False,True,False,False,15204.0,3965.0,UB Stadium,2084,Buffalo,fbs,Mid-American,34.0,"[7, 3, 17, 7]",0.9701620326958922,1298.0,1360.0,113,Massachusetts,fbs,FBS Independents,3.0,"[0, 3, 0, 0]",0.029837967304107815,1125.0,1063.0,5.4328549557,,,
401675600,2024,3,regular,2024-09-14T17:00:00.000Z,False,True,False,True,,5945.0,Wildcat Stadium (GA),2232,Fort Valley State,ii,SIAC,42.0,"[7, 14, 14, 7]",,,,2310,Kentucky State,ii,SIAC,0.0,"[0, 0, 0, 0]",,,,,,,
401675587,2024,3,regular,2024-09-14T17:00:00.000Z,False,True,True,False,,,,125762,Florida Memorial University,,,28.0,"[0, 28]",,,,2805,Clark Atlanta,ii,SIAC,28.0,"[7, 21]",,,,,,,
401674925,2024,3,regular,2024-09-14T17:00:00.000Z,False,True,False,False,,5834.0,Deeds Field-Piper Stadium,2171,Denison,iii,North Coast,30.0,"[3, 6, 0, 21]",,,,2800,Alma,iii,Michigan,38.0,"[8, 20, 7, 3]",,,,,,,
401676062,2024,3,regular,2024-09-14T17:00:00.000Z,False,True,False,False,,5807.0,Brevard Memorial Stadium,2913,Brevard,iii,USA South,30.0,"[7, 7, 16, 0]",,,,297,Hampden Sydney,iii,Old Dominion,51.0,"[14, 0, 7, 30]",,,,,,,
401676735,2024,3,regular,2024-09-14T17:00:00.000Z,False,True,False,True,,6074.0,Grappone Stadium,2830,Saint Anselm,ii,Northeast 10,0.0,"[0, 0, 0, 0]",,,,2060,Bentley,ii,Northeast 10,3.0,"[0, 3, 0, 0]",,,,,,,
401674764,2024,3,regular,2024-09-14T17:00:00.000Z,False,True,False,False,,5786.0,Sprankle-Sprandel Stadium,2790,Albion,iii,Michigan,56.0,"[21, 7, 28, 0]",,,,2074,Bluffton,iii,Heartland,21.0,"[0, 0, 7, 14]",,,,,,,
401676170,2024,3,regular,2024-09-14T17:00:00.000Z,False,True,False,True,,6079.0,Alumni Stadium (VT),2394,Middlebury,iii,NESCAC,7.0,"[0, 0, 7, 0]",,,,336,Wesleyan (CT),iii,NESCAC,43.0,"[21, 9, 7, 6]",,,,,,,
401674936,2024,3,regular,2024-09-14T17:00:00.000Z,False,True,False,False,,6100.0,Cutler Field,354,Olivet,iii,Michigan,27.0,"[0, 20, 0, 7]",,,,2748,Wooster,iii,North Coast,23.0,"[8, 7, 8, 0]",,,,,,,
401654633,2024,3,regular,2024-09-14T17:00:00.000Z,False,True,False,False,4869.0,3668.0,Campus Field,2529,Sacred Heart,fcs,FCS Independents,40.0,"[13, 10, 7, 10]",0.997028710814711,,,46,Georgetown,fcs,Patriot,14.0,"[7, 7, 0, 0]",0.0029712891852889944,,,6.3303801877,,,
401673409,2024,3,regular,2024-09-14T17:00:00.000Z,False,True,False,False,,6086.0,Rocco Calvo Field,323,Moravian,iii,Landmark Conference,18.0,"[0, 0, 6, 12]",,,,390,Utica,iii,Empire 8,13.0,"[7, 6, 0, 0]",,,,,,,
401658349,2024,3,regular,2024-09-14T17:00:00.000Z,False,True,False,False,,7076.0,J.W. Babb Stadium,101784,Erskine,ii,Gulf South,0.0,"[0, 0, 0, 0]",,,,2207,Elizabeth City State,ii,CIAA,20.0,"[0, 0, 0, 20]",,,,,,,
401673382,2024,3,regular,2024-09-14T17:00:00.000Z,False,True,False,False,,5840.0,Fred Selfe Stadium at Nicewonder Field,2213,Emory & Henry,ii,South Atlantic,40.0,"[17, 2, 14, 7]",,,,124180,Bluefield State,ii,CIAA,13.0,"[7, 6, 0, 0]",,,,,,,
401628609,2024,3,regular,2024-09-14T17:00:00.000Z,False,True,False,True,11421.0,3603.0,Aggie Stadium,2448,North Carolina A&T,fcs,CAA,13.0,"[0, 13, 0, 0]",0.005515566606445473,,,48,Delaware,fcs,CAA,42.0,"[12, 9, 14, 7]",0.9944844333935545,,,3.5687508214,,,
401676306,2024,3,regular,2024-09-14T17:00:00.000Z,False,True,False,False,,6202.0,Cardinal Stadium (DC),2108,Catholic,iii,Landmark Conference,38.0,"[7, 14, 3, 14]",,,,424,Capital,iii,Ohio,20.0,"[7, 0, 7, 6]",,,,,,,
401674933,2024,3,regular,2024-09-14T17:00:00.000Z,False,True,False,False,,5904.0,Angell Field,126,Kalamazoo,iii,Michigan,28.0,"[7, 7, 7, 7]",,,,352,Kenyon,iii,North Coast,7.0,"[0, 0, 7, 0]",,,,,,,
401676237,2024,3,regular,2024-09-14T17:00:00.000Z,False,True,False,False,,5905.0,Kean Alumni Stadium,2871,Kean,iii,New Jersey,17.0,"[3, 7, 7, 0]",,,,2667,Ursinus,iii,Centennial,31.0,"[7, 21, 3, 0]",,,,,,,
401676142,2024,3,regular,2024-09-14T17:00:00.000Z,False,True,False,False,,6096.0,Austin E. Knowlton Athletics Complex,391,Oberlin,iii,North Coast,6.0,"[6, 0, 0, 0]",,,,2023,Anderson (IN),iii,Heartland,20.0,"[0, 0, 7, 13]",,,,,,,
401628616,2024,3,regular,2024-09-14T17:00:00.000Z,False,True,False,False,3112.0,150.0,Jack Coffey Field,2230,Fordham,fcs,Patriot,21.0,"[7, 7, 7, 0]",,,,2619,Stony Brook,fcs,CAA,27.0,"[0, 17, 0, 10]",,,,,,,
401634159,2024,3,regular,2024-09-14T17:00:00.000Z,False,True,False,False,,3744.0,Hancock Stadium,2287,Illinois State,fcs,MVFC,51.0,"[14, 10, 14, 13]",0.8977537777540261,,,2710,Western Illinois,fcs,Big South-OVC,34.0,"[7, 14, 7, 6]",0.1022462222459739,,,6.0346253899,,,
401675799,2024,3,regular,2024-09-14T17:00:00.000Z,False,True,False,True,,6041.0,Irwin Belk Complex,2304,Johnson C. Smith,ii,CIAA,52.0,"[14, 17, 14, 7]",,,,2339,Lincoln (PA),ii,CIAA,6.0,"[0, 6, 0, 0]",,,,,,,
401655666,2024,3,regular,2024-09-14T17:00:00.000Z,False,True,False,False,2012.0,3627.0,Bailey Memorial Stadium,2506,Presbyterian,fcs,Pioneer,52.0,"[10, 28, 14, 0]",0.9989080802309238,,,2355,Virginia Lynchburg,,,0.0,"[0, 0, 0, 0]",0.0010919197690761884,,,2.4530559565,,,
401674877,2024,3,regular,2024-09-14T17:00:00.000Z,False,True,False,True,,3819.0,Bowditch Field,2967,Framingham State,iii,MSCAC,13.0,"[6, 0, 7, 0]",,,,293,Vermont State Castleton,iii,MSCAC,32.0,"[9, 7, 3, 13]",,,,,,,
401674834,2024,3,regular,2024-09-14T17:00:00.000Z,False,True,False,False,,5862.0,Butterfield Stadium,175,Ithaca,iii,Liberty League,7.0,"[0, 7, 0, 0]",,,,452,Endicott,iii,Commonwealth Coast,13.0,"[0, 7, 6, 0]",,,,,,,
401674816,2024,3,regular,2024-09-14T17:00:00.000Z,False,True,False,False,,6124.0,Amos Alonzo Stagg Field (PA),216,Susquehanna,iii,Landmark Conference,27.0,"[10, 10, 7, 0]",,,,2781,Brockport,iii,Empire 8,21.0,"[0, 7, 7, 7]",,,,,,,
401674774,2024,3,regular,2024-09-14T17:00:00.000Z,False,True,False,False,,3755.0,Ray and Sue Smith Stadium,2812,Hope,iii,Michigan,48.0,"[20, 14, 7, 7]",,,,2233,Franklin,iii,Heartland,6.0,"[0, 6, 0, 0]",,,,,,,
401675498,2024,3,regular,2024-09-14T17:00:00.000Z,False,True,False,False,,4015.0,Barron Stadium,2560,Shorter,ii,Gulf South,0.0,[],,,,2691,Webber International,,,0.0,[],,,,,,,
401658338,2024,3,regular,2024-09-14T17:00:00.000Z,False,True,False,False,,3747.0,Hantz Stadium,2886,Northwood,ii,Great Midwest Athletic,10.0,"[0, 7, 3, 0]",,,,129,Saginaw Valley State,ii,GLIAC,7.0,"[7, 0, 0, 0]",,,,,,,
401658359,2024,3,regular,2024-09-14T17:00:00.000Z,False,True,False,True,,5886.0,West Family Stadium,2699,West Liberty,ii,Mountain East,23.0,"[20, 3, 0, 0]",,,,341,Frostburg State,ii,Mountain East,57.0,"[29, 14, 7, 7]",,,,,,,
401673419,2024,3,regular,2024-09-14T17:00:00.000Z,False,True,False,True,,5833.0,Robert A. Lipinski Field at James Work Memorial Stadium,2808,Delaware Valley,iii,Mid Atlantic,42.0,"[14, 14, 7, 7]",,,,111674,Alvernia,iii,Mid Atlantic,7.0,"[0, 0, 0, 7]",,,,,,,
401673438,2024,3,regular,2024-09-14T17:00:00.000Z,False,True,False,True,,3621.0,Arnold Field (PA),388,Lebanon Valley,iii,Mid Atlantic,37.0,"[10, 10, 14, 3]",,,,471,Stevenson,iii,Mid Atlantic,7.0,"[0, 7, 0, 0]",,,,,,,
401674747,2024,3,regular,2024-09-14T17:00:00.000Z,False,True,False,False,,5788.0,Merrill Field at Yunevich Stadium,365,Alfred,iii,Empire 8,64.0,"[9, 14, 20, 21]",,,,246,Juniata,iii,Landmark Conference,28.0,"[7, 0, 14, 7]",,,,,,,
401674579,2024,3,regular,2024-09-14T17:00:00.000Z,False,True,False,False,,3600.0,Tom Adams Field,131,Wayne State (MI),ii,GLIAC,30.0,"[3, 0, 14, 13]",,,,2224,Findlay,ii,Great Midwest Athletic,42.0,"[14, 21, 7, 0]",,,,,,,
401674712,2024,3,regular,2024-09-14T17:00:00.000Z,False,True,False,False,,3995.0,Dr. John W. Winkin Sports Complex,2280,Husson,iii,Commonwealth Coast,7.0,"[7, 0, 0, 0]",,,,81,Springfield,iii,NEWMAC,76.0,"[28, 21, 14, 13]",,,,,,,
401676673,2024,3,regular,2024-09-14T17:00:00.000Z,False,True,False,False,,6112.0,Richard Wackar Stadium,2827,Rowan,iii,New Jersey,30.0,"[7, 13, 7, 3]",,,,2700,McDaniel,iii,Centennial,20.0,"[0, 7, 7, 6]",,,,,,,
401676207,2024,3,regular,2024-09-14T17:00:00.000Z,False,True,False,False,,5827.0,Tomasini Stadium,409,Concordia (WI),iii,NACC,34.0,"[3, 14, 7, 10]",,,,129738,Calvin,iii,Michigan,24.0,"[10, 3, 11, 0]",,,,,,,
401676706,2024,3,regular,2024-09-14T17:00:00.000Z,False,True,True,True,,6211.0,Sodexo Field,112334,Franklin Pierce,ii,Northeast 10,7.0,"[0, 0, 0, 7]",,,,2038,Assumption,ii,Northeast 10,27.0,"[10, 7, 0, 10]",,,,,,,
401676662,2024,3,regular,2024-09-14T17:00:00.000Z,False,True,False,False,,7082.0,Athletic Field Complex,122774,Keystone,iii,Landmark Conference,51.0,"[13, 14, 10, 14]",,,,173,Hartwick,iii,Empire 8,26.0,"[0, 0, 20, 6]",,,,,,,
401675463,2024,3,regular,2024-09-14T17:00:00.000Z,False,True,False,False,,6553.0,Helen and Leonard Moretz Stadium,2331,Lenoir Rhyne,ii,South Atlantic,38.0,"[7, 21, 7, 3]",,,,2838,Tiffin,ii,Great Midwest Athletic,17.0,"[7, 3, 7, 0]",,,,,,,
401676619,2024,3,regular,2024-09-14T17:00:00.000Z,False,True,False,True,,5789.0,Frank B. Fuhrer Field,2018,Allegheny,iii,Presidents',20.0,"[7, 0, 6, 7]",,,,2614,Saint Vincent,iii,Presidents',41.0,"[7, 27, 7, 0]",,,,,,,
401679012,2024,3,regular,2024-09-14T17:00:00.000Z,False,True,False,True,,6131.0,Jessee/Miller Field,2977,Trinity (CT),iii,NESCAC,17.0,"[0, 10, 7, 0]",,,,33,Colby,iii,NESCAC,7.0,"[0, 0, 0, 7]",,,,,,,
401676634,2024,3,regular,2024-09-14T17:00:00.000Z,False,True,False,True,,5814.0,Gesling Stadium,2102,Carnegie Mellon,iii,Presidents',41.0,"[7, 7, 0, 27]",,,,2242,Geneva,iii,Presidents',7.0,"[0, 7, 0, 0]",,,,,,,
401676761,2024,3,regular,2024-09-14T17:00:00.000Z,False,True,False,False,,6143.0,Golden Bear Stadium,2702,Western New England,iii,Commonwealth Coast,45.0,"[0, 9, 15, 21]",,,,2776,Salve Regina,iii,NEWMAC,27.0,"[13, 0, 7, 7]",,,,,,,
401677466,2024,3,regular,2024-09-14T17:00:00.000Z,False,True,False,True,,5907.0,McCarthy Stadium (Wilkes Barre),247,King's,iii,Mid Atlantic,41.0,"[7, 14, 13, 7]",,,,2969,Misericordia,iii,Mid Atlantic,14.0,"[7, 0, 7, 0]",,,,,,,
401676271,2024,3,regular,2024-09-14T17:30:00.000Z,False,True,False,True,,6152.0,Wiliams Stadium (OH),2733,Wilmington (OH),iii,Ohio,7.0,"[0, 0, 0, 7]",,,,188,Baldwin Wallace,iii,Ohio,42.0,"[7, 7, 14, 14]",,,,,,,
401676155,2024,3,regular,2024-09-14T17:30:00.000Z,False,True,False,True,,6151.0,Farley-Lamb Field,2731,Williams,iii,NESCAC,42.0,"[0, 28, 14, 0]",,,,348,Hamilton,iii,NESCAC,7.0,"[0, 0, 7, 0]",,,,,,,
401676446,2024,3,regular,2024-09-14T18:00:00.000Z,False,True,False,False,,6138.0,Wilson Field,2688,Washington and Lee,iii,Old Dominion,68.0,"[7, 20, 21, 20]",,,,3111,Apprentice School,iii,Independent DIII,28.0,"[7, 7, 7, 7]",,,,,,,
401675027,2024,3,regular,2024-09-14T18:00:00.000Z,False,True,False,False,,6122.0,Public Schools Stadium,375,St. Scholastica,iii,Minnesota,24.0,[],,,,2524,Rockford,iii,NACC,31.0,[],,,,,,,
401675020,2024,3,regular,2024-09-14T18:00:00.000Z,False,True,False,True,,5919.0,Ron Roberts Field at the Banta Bowl,268,Lawrence,iii,Midwest,21.0,"[7, 7, 0, 7]",,,,2155,Cornell (IA),iii,Midwest,31.0,"[7, 7, 7, 10]",,,,,,,
401655861,2024,3,regular,2024-09-14T18:00:00.000Z,False,True,False,False,2784.0,5116.0,O'Shaughnessy Stadium,2900,St. Thomas (MN),fcs,Pioneer,24.0,"[3, 14, 0, 7]",0.47938635603952734,,,2069,Black Hills State,ii,Rocky Mountain,14.0,"[0, 14, 0, 0]",0.5206136439604727,,,10.4547255112,,,
401674999,2024,3,regular,2024-09-14T18:00:00.000Z,False,True,False,True,,6109.0,Ingalls Field,2891,Ripon,iii,Midwest,23.0,"[7, 3, 7, 6]",,,,65,Grinnell,iii,Midwest,19.0,"[7, 12, 0, 0]",,,,,,,
401674623,2024,3,regular,2024-09-14T18:00:00.000Z,False,True,False,False,,5117.0,Clemens Stadium,2600,Saint John's (MN),iii,Minnesota,35.0,"[7, 7, 14, 7]",,,,2685,Wartburg,iii,American Rivers,13.0,"[7, 0, 0, 6]",,,,,,,
401675937,2024,3,regular,2024-09-14T18:00:00.000Z,False,True,True,False,,3844.0,Morris Field,127991,Roosevelt,ii,GLIAC,14.0,"[0, 0, 7, 7]",,,,2745,Wisconsin Whitewater,iii,Wisconsin,24.0,"[7, 0, 17, 0]",,,,,,,
401677464,2024,3,regular,2024-09-14T18:00:00.000Z,False,True,False,True,,5820.0,Amos Alonzo Stagg Field,80,Chicago,iii,Midwest,21.0,"[7, 0, 0, 14]",,,,2919,Monmouth (IL),iii,Midwest,34.0,"[10, 7, 7, 10]",,,,,,,
401674583,2024,3,regular,2024-09-14T18:00:00.000Z,False,True,False,False,,5913.0,Warrior Field at Raabe Stadium,2741,Wisconsin Lutheran,iii,NACC,44.0,"[3, 10, 10, 21]",,,,63,Buena Vista,iii,American Rivers,13.0,"[0, 6, 7, 0]",,,,,,,
401674573,2024,3,regular,2024-09-14T18:00:00.000Z,False,True,False,False,,5914.0,Veterans Memorial Stadium (WI),2740,Wisconsin La Crosse,iii,Wisconsin,35.0,"[7, 14, 14, 0]",,,,128,Northern Michigan,ii,GLIAC,21.0,"[7, 0, 7, 7]",,,,,,,
401674339,2024,3,regular,2024-09-14T18:00:00.000Z,False,True,False,True,,4435.0,Robert B. Redman Stadium,2071,Bloomsburg,ii,Pennsylvania State Athletic,14.0,"[0, 7, 7, 0]",,,,611,Seton Hill,ii,Pennsylvania State Athletic,15.0,"[3, 0, 0, 12]",,,,,,,
401675997,2024,3,regular,2024-09-14T18:00:00.000Z,False,True,False,False,,5800.0,Jopson Athletic Complex,2079,Bridgewater,iii,Old Dominion,80.0,"[28, 17, 21, 14]",,,,2896,Southern Virginia,iii,USA South,0.0,"[0, 0, 0, 0]",,,,,,,
401673446,2024,3,regular,2024-09-14T18:00:00.000Z,False,True,False,True,,5915.0,Farwell Field,262,Lake Forest,iii,Midwest,42.0,"[13, 7, 7, 15]",,,,2286,Illinois College,iii,Midwest,35.0,"[7, 14, 0, 14]",,,,,,,
401673276,2024,3,regular,2024-09-14T18:00:00.000Z,False,True,False,False,,6034.0,Yager Stadium at Moore Bowl,2687,Washburn,ii,Mid America,28.0,"[7, 14, 0, 7]",,,,2146,Colorado School of Mines,ii,Rocky Mountain,31.0,"[7, 17, 7, 0]",,,,,,,
401673250,2024,3,regular,2024-09-14T18:00:00.000Z,False,True,False,False,,3860.0,O'Harra Stadium,613,South Dakota Mines,ii,Rocky Mountain,17.0,"[14, 3, 0, 0]",,,,389,Upper Iowa,ii,Great Lakes,10.0,"[3, 7, 0, 0]",,,,,,,
401676119,2024,3,regular,2024-09-14T18:00:00.000Z,False,True,False,False,,3823.0,Hardee-McGee Field,2553,Sewanee,iii,Southern Athletic,42.0,"[7, 13, 22, 0]",,,,433,Westminster (MO),iii,Upper Midwest,0.0,"[0, 0, 0, 0]",,,,,,,
401654678,2024,3,regular,2024-09-14T18:00:00.000Z,False,True,False,False,7917.0,3868.0,Paladin Stadium,231,Furman,fcs,Southern,48.0,"[7, 17, 17, 7]",0.99856763928528,,,56,Stetson,fcs,Pioneer,7.0,"[0, 0, 0, 7]",0.0014323607147199713,,,5.8903230048,,,
401675971,2024,3,regular,2024-09-14T18:00:00.000Z,False,True,False,True,,6144.0,"Alumni Field (Westfield, MA)",2909,Westfield State,iii,MSCAC,24.0,"[3, 7, 6, 8]",,,,18,Bridgewater State,iii,MSCAC,17.0,"[7, 10, 0, 0]",,,,,,,
401675898,2024,3,regular,2024-09-14T18:00:00.000Z,False,True,False,False,,5916.0,Carson Park,2738,Wisconsin Eau Claire,iii,Wisconsin,41.0,"[0, 7, 14, 7, 7, 6]",,,,2141,Coe,iii,American Rivers,43.0,"[14, 7, 7, 0, 7, 8]",,,,,,,
401675824,2024,3,regular,2024-09-14T18:00:00.000Z,False,True,False,True,,6070.0,Bob Young Field,2894,Sioux Falls,ii,Northern Sun,35.0,"[7, 21, 0, 7]",,,,559,University of Mary,ii,Northern Sun,33.0,"[10, 10, 0, 13]",,,,,,,
401643786,2024,3,regular,2024-09-14T18:00:00.000Z,False,True,False,False,13945.0,3806.0,Lincoln Financial Field,218,Temple,fbs,American Athletic,20.0,"[3, 7, 7, 3]",0.1595680350940139,1074.0,1092.0,324,Coastal Carolina,fbs,Sun Belt,28.0,"[14, 7, 7, 0]",0.8404319649059862,1537.0,1519.0,4.01918383,,,
401674989,2024,3,regular,2024-09-14T18:00:00.000Z,False,True,False,False,,5813.0,Klein Field at Manitou,133,St. Olaf,iii,Minnesota,53.0,"[3, 26, 14, 10]",,,,67,Luther,iii,American Rivers,7.0,"[0, 0, 0, 7]",,,,,,,
401675294,2024,3,regular,2024-09-14T18:00:00.000Z,False,True,False,True,,5123.0,Little Giant Stadium,89,Wabash,iii,North Coast,30.0,"[10, 3, 7, 10]",,,,2980,Ohio Wesleyan,iii,North Coast,13.0,"[0, 6, 0, 7]",,,,,,,
401628615,2024,3,regular,2024-09-14T18:00:00.000Z,False,True,False,False,6522.0,2068.0,E. Claiborne Robins Stadium,257,Richmond,fcs,CAA,38.0,"[7, 14, 14, 3]",0.9989511877847974,,,2127,Charleston Southern,fcs,Big South-OVC,0.0,"[0, 0, 0, 0]",0.001048812215202588,,,2.9450906246,,,
401628618,2024,3,regular,2024-09-14T18:00:00.000Z,False,True,False,False,,3661.0,Bulldog Stadium,2803,Bryant,fcs,CAA,22.0,"[16, 0, 0, 6]",0.0015440330218514137,,,107,Holy Cross,fcs,Patriot,43.0,"[7, 14, 14, 8]",0.9984559669781485,,,10.3703469755,,,
401674617,2024,3,regular,2024-09-14T18:00:00.000Z,False,True,True,False,,,,561,Mayville State,,,24.0,[],,,,6845,Nebraska Wesleyan,iii,American Rivers,34.0,[],,,,,,,
401634246,2024,3,regular,2024-09-14T18:00:00.000Z,False,True,False,False,,844.0,Stambaugh Stadium,2754,Youngstown State,fcs,MVFC,25.0,"[3, 14, 0, 8]",0.46597233640785934,,,2184,Duquesne,fcs,NEC,28.0,"[7, 7, 7, 7]",0.5340276635921406,,,5.9098554255,,,
401675954,2024,3,regular,2024-09-14T18:00:00.000Z,False,True,False,False,,6121.0,Donald J. Schneider Stadium,2832,St. Norbert,iii,NACC,3.0,"[0, 0, 3, 0]",,,,2743,Wisconsin Stevens Point,iii,Wisconsin,24.0,"[0, 3, 0, 21]",,,,,,,
401675546,2024,3,regular,2024-09-14T18:00:00.000Z,False,True,False,False,,6123.0,Jackson Field,2834,Sul Ross State,ii,Lone Star,52.0,"[17, 14, 14, 0, 7]",,,,630,Wayland Baptist,,,51.0,"[7, 14, 9, 15, 6]",,,,,,,
401634199,2024,3,regular,2024-09-14T18:00:00.000Z,False,True,False,False,10685.0,3605.0,Alerus Center,155,North Dakota,fcs,MVFC,52.0,"[14, 24, 7, 7]",0.9926857933182162,,,304,Idaho State,fcs,Big Sky,28.0,"[0, 7, 7, 14]",0.007314206681783841,,,3.154018284,,,
401675981,2024,3,regular,2024-09-14T18:30:00.000Z,False,True,False,False,,5120.0,J.J. Keller Field at Titan Stadium,271,Wisconsin Oshkosh,iii,Wisconsin,28.0,"[7, 7, 0, 7, 7]",,,,203,Linfield,iii,Northwest,21.0,"[10, 3, 0, 8, 0]",,,,,,,
401675448,2024,3,regular,2024-09-14T18:30:00.000Z,False,True,False,False,,3769.0,Jack Britt Memorial Stadium,437,Lake Erie,ii,Great Midwest Athletic,28.0,"[10, 0, 3, 15]",,,,126086,Post,ii,Northeast 10,27.0,"[14, 7, 0, 6]",,,,,,,
401675477,2024,3,regular,2024-09-14T19:00:00.000Z,False,True,False,False,,5781.0,Irwin Belk Stadium,351,Wingate,ii,South Atlantic,21.0,"[7, 7, 7, 0]",,,,2170,Delta State,ii,Gulf South,7.0,"[7, 0, 0, 0]",,,,,,,
401674319,2024,3,regular,2024-09-14T19:00:00.000Z,False,True,False,True,,6051.0,James S. Malosky Stadium,134,Minnesota Duluth,ii,Northern Sun,29.0,"[10, 3, 6, 10]",,,,2817,Minnesota St Moorhead,ii,Northern Sun,30.0,"[7, 0, 7, 16]",,,,,,,
401673280,2024,3,regular,2024-09-14T19:00:00.000Z,False,True,False,False,,5882.0,Ralph Stocker Stadium,11,Colorado Mesa,ii,Rocky Mountain,12.0,"[6, 3, 0, 3]",,,,2120,Central Washington,ii,Lone Star,28.0,"[0, 14, 7, 7]",,,,,,,
401674680,2024,3,regular,2024-09-14T19:00:00.000Z,False,True,False,False,,6085.0,Sprague Field,2818,Montclair State,iii,New Jersey,27.0,"[0, 12, 6, 9]",,,,2248,Gettysburg,iii,Centennial,26.0,"[6, 7, 7, 6]",,,,,,,
401674266,2024,3,regular,2024-09-14T19:00:00.000Z,False,True,False,False,,3667.0,Callaghan Stadium,2148,Concord,ii,Mountain East,0.0,"[0, 0, 0, 0]",,,,2842,UVA Wise,ii,South Atlantic,28.0,"[7, 7, 7, 7]",,,,,,,
401674309,2024,3,regular,2024-09-14T19:00:00.000Z,False,True,False,True,,5874.0,Chet Anderson Stadium,132,Bemidji State,ii,Northern Sun,33.0,"[7, 7, 12, 7]",,,,2587,Southwest Minnesota State,ii,Northern Sun,0.0,"[0, 0, 0, 0]",,,,,,,
401654498,2024,3,regular,2024-09-14T19:00:00.000Z,False,True,False,False,3276.0,3613.0,Alumni Stadium,2169,Delaware State,fcs,MEAC,7.0,"[7, 0, 0, 0]",0.05107892771979056,,,2681,Wagner,fcs,NEC,30.0,"[10, 0, 13, 7]",0.9489210722802095,,,3.6868396568,,,
401676251,2024,3,regular,2024-09-14T19:00:00.000Z,False,True,False,False,,5824.0,Lions Stadium,2442,The College of New Jersey,iii,New Jersey,17.0,"[7, 3, 7, 0]",,,,2234,Franklin & Marshall,iii,Centennial,13.0,"[0, 3, 10, 0]",,,,,,,
401656599,2024,3,regular,2024-09-14T19:00:00.000Z,False,True,True,False,31174.0,3839.0,MetLife Stadium,47,Howard,fcs,MEAC,35.0,"[14, 7, 7, 7]",,,,60,Morehouse,ii,SIAC,21.0,"[0, 7, 0, 14]",,,,,,,
401655625,2024,3,regular,2024-09-14T19:00:00.000Z,False,True,False,False,25808.0,3987.0,Washington-Grizzly Stadium,149,Montana,fcs,Big Sky,59.0,"[15, 24, 13, 7]",0.9989166369970992,,,2413,Morehead State,fcs,Pioneer,2.0,"[0, 0, 2, 0]",0.0010833630029007946,,,2.565526596,,,
401674223,2024,3,regular,2024-09-14T19:00:00.000Z,False,True,False,True,,6052.0,Herb Parker Stadium,568,Minot State,ii,Northern Sun,17.0,"[3, 0, 11, 3]",,,,425,Northern State,ii,Northern Sun,14.0,"[0, 7, 7, 0]",,,,,,,
401675946,2024,3,regular,2024-09-14T19:00:00.000Z,False,True,True,False,,6209.0,Henry Biesiot Activities Center,316,Dickinson State University,,,20.0,"[0, 0, 0, 20]",,,,2744,Wisconsin Stout,iii,Wisconsin,22.0,"[0, 12, 10, 0]",,,,,,,
401628353,2024,3,regular,2024-09-14T19:30:00.000Z,False,True,False,True,89993.0,3634.0,Ben Hill Griffin Stadium,57,Florida,fbs,SEC,20.0,"[0, 0, 14, 6]",0.005388908230321768,1497.0,1485.0,245,Texas A&M,fbs,SEC,33.0,"[10, 10, 13, 0]",0.9946110917696782,1677.0,1689.0,3.0084883856,,,
401628978,2024,3,regular,2024-09-14T19:30:00.000Z,False,True,False,False,61441.0,3907.0,Ross-Ade Stadium,2509,Purdue,fbs,Big Ten,7.0,"[0, 0, 7, 0]",0.0002993282026749188,1492.0,1358.0,87,Notre Dame,fbs,FBS Independents,66.0,"[14, 28, 10, 14]",0.9997006717973251,1858.0,1992.0,2.1112922952,,,
401628610,2024,3,regular,2024-09-14T19:30:00.000Z,False,True,False,True,4219.0,717.0,Villanova Stadium,222,Villanova,fcs,CAA,14.0,"[0, 7, 7, 0]",0.905058322477751,,,119,Towson,fcs,CAA,13.0,"[7, 0, 3, 3]",0.09494167752224902,,,8.7783672809,,,
401628484,2024,3,regular,2024-09-14T19:30:00.000Z,False,True,True,False,57567.0,3673.0,Lumen Field,264,Washington,fbs,Big Ten,19.0,"[7, 6, 6, 0]",0.7815755850294251,1759.0,1745.0,265,Washington State,fbs,Pac-12,24.0,"[10, 7, 7, 0]",0.21842441497057485,1581.0,1595.0,6.750224187,,,
401628483,2024,3,regular,2024-09-14T19:30:00.000Z,False,True,False,False,38419.0,3893.0,Reser Stadium,204,Oregon State,fbs,Pac-12,14.0,"[7, 7, 0, 0]",0.007742937607065228,1676.0,1604.0,2483,Oregon,fbs,Big Ten,49.0,"[7, 15, 10, 17]",0.9922570623929348,1902.0,1974.0,3.076769043,,,
401644734,2024,3,regular,2024-09-14T19:30:00.000Z,False,True,False,False,20438.0,3876.0,Peden Stadium,195,Ohio,fbs,Mid-American,21.0,"[14, 0, 7, 0]",0.9976520547777931,1481.0,1481.0,2415,Morgan State,fcs,MEAC,6.0,"[3, 3, 0, 0]",0.0023479452222069375,,,7.2518927304,,,
401628607,2024,3,regular,2024-09-14T19:30:00.000Z,False,True,False,True,4574.0,3607.0,Alfond Stadium,311,Maine,fcs,CAA,22.0,"[8, 0, 7, 7]",0.0012338225804132588,,,2405,Monmouth,fcs,CAA,51.0,"[20, 7, 14, 10]",0.9987661774195867,,,2.608061672,,,
401628358,2024,3,regular,2024-09-14T19:30:00.000Z,False,True,False,False,83325.0,3835.0,"Memorial Stadium (Norman, OK)",201,Oklahoma,fbs,SEC,34.0,"[7, 14, 3, 10]",0.6258604373647714,1840.0,1848.0,2655,Tulane,fbs,American Athletic,19.0,"[0, 6, 7, 6]",0.37413956263522863,1569.0,1561.0,5.520590328,,,
401628481,2024,3,regular,2024-09-14T19:30:00.000Z,False,True,False,False,44534.0,3953.0,Huntington Bank Stadium,135,Minnesota,fbs,Big Ten,27.0,"[6, 14, 7, 0]",0.9920975348755978,1492.0,1537.0,2440,Nevada,fbs,Mountain West,0.0,"[0, 0, 0, 0]",0.00790246512440218,1273.0,1228.0,5.8857044704,,,
401635547,2024,3,regular,2024-09-14T19:30:00.000Z,False,True,False,False,66087.0,3752.0,Acrisure Stadium,221,Pittsburgh,fbs,ACC,38.0,"[10, 7, 7, 14]",0.5101699610641375,1483.0,1488.0,277,West Virginia,fbs,Big 12,34.0,"[7, 10, 7, 10]",0.4898300389358625,1546.0,1541.0,8.7770249092,,,
401635544,2024,3,regular,2024-09-14T19:30:00.000Z,False,True,False,False,51564.0,3948.0,Hard Rock Stadium,2390,Miami,fbs,ACC,62.0,"[10, 21, 10, 21]",0.9989667124762882,1618.0,1774.0,2050,Ball State,fbs,Mid-American,0.0,"[0, 0, 0, 0]",0.00103328752371179,1341.0,1185.0,4.9997511364,,,
401635543,2024,3,regular,2024-09-14T19:30:00.000Z,False,True,False,False,31729.0,721.0,Bobby Dodd Stadium,59,Georgia Tech,fbs,ACC,59.0,"[17, 21, 14, 7]",0.9989672155779504,1551.0,1551.0,2678,VMI,fcs,Southern,7.0,"[0, 0, 0, 7]",0.0010327844220495708,,,2.6239487886,,,
401628480,2024,3,regular,2024-09-14T19:30:00.000Z,False,True,False,False,70066.0,3936.0,Spartan Stadium,127,Michigan State,fbs,Big Ten,40.0,"[14, 13, 3, 10]",0.9989534090095522,1418.0,1418.0,2504,Prairie View A&M,fcs,SWAC,0.0,"[0, 0, 0, 0]",0.0010465909904477932,,,4.723501427,,,
401674790,2024,3,regular,2024-09-14T19:30:00.000Z,False,True,False,False,,5826.0,Concordia Stadium,2151,Concordia Chicago,iii,NACC,28.0,"[0, 7, 14, 7]",,,,2362,Manchester,iii,Heartland,27.0,"[0, 6, 0, 21]",,,,,,,
401674965,2024,3,regular,2024-09-14T20:00:00.000Z,False,True,False,False,,6102.0,Sparks Stadium,2486,Pacific Lutheran,iii,Northwest,3.0,"[3, 0, 0, 0]",,,,2152,Concordia (MN),iii,Minnesota,31.0,"[0, 7, 14, 10]",,,,,,,
401687170,2024,3,regular,2024-09-14T20:00:00.000Z,False,True,False,False,,6104.0,Baker Stadium,2508,Puget Sound,iii,Northwest,19.0,"[13, 0, 6, 0]",,,,2588,Southwestern U,iii,Southern Athletic,47.0,"[14, 10, 10, 13]",,,,,,,
401643785,2024,3,regular,2024-09-14T20:00:00.000Z,False,True,False,False,46117.0,3699.0,Dowdy-Ficklen Stadium,151,East Carolina,fbs,American Athletic,19.0,"[16, 0, 0, 3]",0.32633443593883876,1415.0,1414.0,2026,App State,fbs,Sun Belt,21.0,"[0, 14, 7, 0]",0.6736655640611613,1446.0,1447.0,8.6747762863,,,
401628617,2024,3,regular,2024-09-14T20:00:00.000Z,False,True,False,False,11432.0,3791.0,Kibbie Dome,70,Idaho,fcs,Big Sky,41.0,"[13, 14, 14, 0]",0.9988808650051931,,,399,UAlbany,fcs,CAA,13.0,"[3, 0, 3, 7]",0.0011191349948068696,,,3.1083900295,,,
401654603,2024,3,regular,2024-09-14T20:00:00.000Z,False,True,False,False,3017.0,3856.0,Nottingham Field,2458,Northern Colorado,fcs,Big Sky,22.0,"[3, 7, 0, 12]",0.8835654298507827,,,2000,Abilene Christian,fcs,UAC,24.0,"[0, 7, 14, 3]",0.11643457014921732,,,8.7879222326,,,
401637161,2024,3,regular,2024-09-14T20:00:00.000Z,False,True,False,False,,4765.0,Hillsboro Stadium,2502,Portland State,fcs,Big Sky,0.0,[],,,,233,South Dakota,fcs,MVFC,0.0,[],,,,,,,
401676321,2024,3,regular,2024-09-14T20:00:00.000Z,False,True,False,False,,6148.0,The Pine Bowl,2721,Whitworth,iii,Northwest,31.0,"[14, 17, 0, 0]",,,,2202,Eastern Oregon,,,19.0,"[0, 0, 13, 6]",,,,,,,
401674697,2024,3,regular,2024-09-14T20:00:00.000Z,False,True,False,False,,6114.0,Sea Gull Stadium,2532,Salisbury,iii,New Jersey,59.0,"[14, 21, 14, 10]",,,,2422,Muhlenberg,iii,Centennial,38.0,"[7, 17, 14, 0]",,,,,,,
401674593,2024,3,regular,2024-09-14T20:00:00.000Z,False,True,False,False,,5811.0,William Rolland Stadium,2094,Cal Lutheran,iii,So. Cal.,10.0,"[0, 0, 3, 7]",,,,2964,Central College,iii,American Rivers,35.0,"[7, 7, 14, 7]",,,,,,,
401673265,2024,3,regular,2024-09-14T20:00:00.000Z,False,True,False,False,,5944.0,Ray Dennison Memorial Field,2237,Fort Lewis,ii,Rocky Mountain,17.0,"[7, 7, 0, 3]",,,,108358,Phoenix,,,12.0,"[0, 0, 6, 6]",,,,,,,
401674859,2024,3,regular,2024-09-14T20:00:00.000Z,False,True,False,False,,6134.0,Frank Bailey Field,237,Union,iii,Liberty League,18.0,"[11, 0, 0, 7]",,,,2951,SUNY Maritime,iii,NEWMAC,15.0,"[0, 8, 7, 0]",,,,,,,
401628477,2024,3,regular,2024-09-14T20:00:00.000Z,False,True,False,False,69250.0,3793.0,Kinnick Stadium,2294,Iowa,fbs,Big Ten,38.0,"[0, 10, 14, 14]",0.9968610497948086,1552.0,1591.0,2653,Troy,fbs,Sun Belt,21.0,"[0, 14, 7, 0]",0.003138950205191393,1573.0,1534.0,6.6290795104,,,
401628613,2024,3,regular,2024-09-14T20:00:00.000Z,False,True,False,False,1511.0,3991.0,"William Dick"""" Price Stadium""""",2450,Norfolk State,fcs,MEAC,7.0,"[0, 0, 0, 7]",0.006123728165414167,,,2261,Hampton,fcs,CAA,37.0,"[9, 7, 14, 7]",0.9938762718345858,,,2.9599180578,,,
401628351,2024,3,regular,2024-09-14T20:15:00.000Z,False,True,False,False,75021.0,3887.0,Razorback Stadium,8,Arkansas,fbs,SEC,37.0,"[3, 17, 7, 10]",0.49095215439732587,1446.0,1451.0,5,UAB,fbs,American Athletic,27.0,"[10, 10, 0, 7]",0.5090478456026741,1270.0,1265.0,6.8537612708,,,
401636870,2024,3,regular,2024-09-14T20:30:00.000Z,False,True,False,False,,3905.0,Maverik Stadium,328,Utah State,fbs,Mountain West,21.0,"[7, 7, 7, 0]",0.09987048764588333,1246.0,1242.0,254,Utah,fbs,Big 12,38.0,"[3, 14, 11, 10]",0.9001295123541166,1627.0,1631.0,4.9896212641,,,
401654601,2024,3,regular,2024-09-14T21:00:00.000Z,False,True,False,False,6148.0,3771.0,Jack Spinks Stadium,2016,Alcorn State,fcs,SWAC,38.0,"[3, 7, 14, 14]",,,,2206,Edward Waters,ii,SIAC,7.0,"[0, 0, 0, 7]",,,,,,,
401674689,2024,3,regular,2024-09-14T21:00:00.000Z,False,True,False,False,,3879.0,TowneBank Stadium,3112,Christopher Newport,iii,New Jersey,3.0,"[0, 3, 0, 0]",,,,118,Johns Hopkins,iii,Centennial,14.0,"[0, 7, 7, 0]",,,,,,,
401634135,2024,3,regular,2024-09-14T21:30:00.000Z,False,True,False,False,11040.0,5400.0,William B. Greene Jr. Stadium,2193,East Tennessee State,fcs,Southern,35.0,"[7, 14, 7, 7]",0.9373247750208933,,,2449,North Dakota State,fcs,MVFC,38.0,"[14, 3, 6, 15]",0.06267522497910671,,,6.6529028117,,,
401634171,2024,3,regular,2024-09-14T22:00:00.000Z,False,True,False,False,3614.0,3829.0,Memorial Stadium,282,Indiana State,fcs,MVFC,24.0,"[7, 7, 7, 3]",0.627230202486113,,,2168,Dayton,fcs,Pioneer,13.0,"[0, 0, 0, 13]",0.37276979751388695,,,4.3535557611,,,
401676703,2024,3,regular,2024-09-14T22:00:00.000Z,False,True,False,False,,3649.0,Bowman Gray Stadium,2736,Winston-Salem State,ii,CIAA,19.0,"[7, 3, 3, 0, 6]",,,,2477,Ohio Dominican,ii,Great Midwest Athletic,13.0,"[0, 0, 7, 6, 0]",,,,,,,
401628611,2024,3,regular,2024-09-14T22:00:00.000Z,False,True,False,False,4039.0,3737.0,Gibbs Stadium,2747,Wofford,fcs,Southern,21.0,"[0, 14, 0, 7]",0.010391622233617165,,,2729,William & Mary,fcs,CAA,28.0,"[7, 7, 7, 7]",0.9896083777663829,,,6.8269243248,,,
401645327,2024,3,regular,2024-09-14T22:00:00.000Z,False,True,False,False,,4418.0,Jerry Richardson Stadium,2429,Charlotte,fbs,American Athletic,27.0,"[0, 3, 3, 21]",0.3163741009693031,1174.0,1174.0,2241,Gardner-Webb,fcs,Big South-OVC,26.0,"[3, 14, 3, 6]",0.6836258990306969,,,5.3353819557,,,
401628612,2024,3,regular,2024-09-14T22:00:00.000Z,False,True,False,False,5104.0,3894.0,Rhodes Stadium,2210,Elon,fcs,CAA,17.0,"[7, 0, 7, 3]",0.9248057985846376,,,2717,Western Carolina,fcs,Southern,24.0,"[0, 3, 7, 14]",0.07519420141536237,,,7.9637429936,,,
401675614,2024,3,regular,2024-09-14T22:00:00.000Z,False,True,False,True,,3952.0,Ted Wright Stadium,2542,Savannah State,ii,SIAC,3.0,"[0, 0, 3, 0]",,,,2119,Central State,ii,SIAC,10.0,"[7, 0, 3, 0]",,,,,,,
401675763,2024,3,regular,2024-09-14T22:00:00.000Z,False,True,False,False,,6068.0,George Williams Athletic Complex,2551,Shaw,ii,CIAA,28.0,"[7, 14, 0, 7]",,,,2107,Catawba,ii,South Atlantic,37.0,"[7, 14, 9, 7]",,,,,,,
401655658,2024,3,regular,2024-09-14T22:00:00.000Z,False,True,False,False,3523.0,3664.0,Butler Bowl,2086,Butler,fcs,Pioneer,53.0,"[15, 21, 10, 7]",0.9989502903351142,,,2262,Hanover,iii,Heartland,0.0,"[0, 0, 0, 0]",0.0010497096648858228,,,2.23917112,,,
401675772,2024,3,regular,2024-09-14T22:00:00.000Z,False,True,True,False,,10461.0,Spero Financial Field,129469,Anderson (SC),ii,South Atlantic,44.0,"[10, 20, 14, 0]",,,,548,LaGrange,iii,USA South,14.0,"[0, 7, 0, 7]",,,,,,,
401644733,2024,3,regular,2024-09-14T22:00:00.000Z,False,True,False,False,8932.0,3768.0,InfoCision Stadium,2006,Akron,fbs,Mid-American,31.0,"[7, 21, 0, 3]",0.8741212642626452,1098.0,1098.0,2142,Colgate,fcs,Patriot,20.0,"[17, 0, 3, 0]",0.12587873573735475,,,6.4380193612,,,
401635548,2024,3,regular,2024-09-14T22:00:00.000Z,False,True,False,False,22208.0,3918.0,S.B. Ballard Stadium,295,Old Dominion,fbs,Sun Belt,17.0,"[0, 10, 0, 7]",0.1309340310766458,1397.0,1368.0,259,Virginia Tech,fbs,ACC,37.0,"[14, 0, 6, 17]",0.8690659689233542,1597.0,1626.0,4.4523144576,,,
401643787,2024,3,regular,2024-09-14T22:00:00.000Z,False,True,False,False,21617.0,3608.0,Allen E. Paulson Stadium,290,Georgia Southern,fbs,Sun Belt,42.0,"[7, 14, 14, 7]",0.9908620138574958,1383.0,1383.0,2569,South Carolina State,fcs,MEAC,14.0,"[0, 7, 7, 0]",0.009137986142504162,,,4.1223384087,,,
401676163,2024,3,regular,2024-09-14T22:00:00.000Z,False,True,False,True,,6133.0,Ellis Oval at Zimman Field,112,Tufts,iii,NESCAC,23.0,"[7, 3, 10, 3]",,,,340,Bowdoin,iii,NESCAC,21.0,"[0, 7, 7, 7]",,,,,,,
401676083,2024,3,regular,2024-09-14T22:00:00.000Z,False,True,False,True,,3760.0,Hubert Jack Stadium,209,Lock Haven,ii,Pennsylvania State Athletic,17.0,"[7, 0, 3, 7]",,,,2291,IU Pennsylvania,ii,Pennsylvania State Athletic,20.0,"[0, 14, 0, 6]",,,,,,,
401628614,2024,3,regular,2024-09-14T22:00:00.000Z,False,True,False,False,6795.0,3688.0,Wildcat Stadium,160,New Hampshire,fcs,CAA,45.0,"[14, 14, 17, 0]",0.9982903204332054,,,284,Stonehill,fcs,NEC,6.0,"[6, 0, 0, 0]",0.0017096795667945752,,,4.6411346366,,,
401632460,2024,3,regular,2024-09-14T22:00:00.000Z,False,True,False,True,7671.0,3720.0,Finley Stadium,236,Chattanooga,fcs,Southern,3.0,"[0, 3, 0, 0]",0.009206412782335732,,,2382,Mercer,fcs,Southern,10.0,"[0, 7, 0, 3]",0.9907935872176643,,,5.6425437331,,,
401629030,2024,3,regular,2024-09-14T22:00:00.000Z,False,True,False,False,20174.0,3982.0,Wallace Wade Stadium,150,Duke,fbs,ACC,26.0,"[7, 10, 0, 9]",0.3474928526218494,1602.0,1590.0,41,UConn,fbs,FBS Independents,21.0,"[0, 7, 14, 0]",0.6525071473781505,1157.0,1169.0,8.9201363026,,,
401675579,2024,3,regular,2024-09-14T22:00:00.000Z,False,True,False,True,,5875.0,Charlie W. Johnson Stadium,490,Benedict,ii,SIAC,27.0,"[7, 14, 0, 6]",,,,2323,Lane College,ii,SIAC,32.0,"[6, 13, 6, 7]",,,,,,,
401674550,2024,3,regular,2024-09-14T22:00:00.000Z,False,True,False,False,,3960.0,Top Taggart Field,2222,Ferris State,ii,GLIAC,43.0,"[14, 22, 7, 0]",,,,308,Ashland,ii,Great Midwest Athletic,3.0,"[3, 0, 0, 0]",,,,,,,
401675468,2024,3,regular,2024-09-14T22:00:00.000Z,False,True,False,False,,5220.0,Garrison Stadium,2804,Chowan,ii,Gulf South,20.0,"[6, 7, 0, 7]",,,,122666,Barton,ii,South Atlantic,24.0,"[3, 0, 14, 7]",,,,,,,
401674499,2024,3,regular,2024-09-14T22:00:00.000Z,False,True,False,True,,6040.0,Key Stadium,2292,Indianapolis,ii,Great Lakes,41.0,"[7, 24, 0, 10]",,,,2654,Truman State,ii,Great Lakes,34.0,"[3, 14, 10, 7]",,,,,,,
401654611,2024,3,regular,2024-09-14T22:00:00.000Z,False,True,False,False,1943.0,3676.0,Christy Mathewson-Memorial Stadium,2083,Bucknell,fcs,Patriot,21.0,"[7, 7, 0, 7]",0.0016015256308027552,,,2771,Merrimack,fcs,FCS Independents,31.0,"[3, 14, 14, 0]",0.9983984743691973,,,4.5701083026,,,
401640980,2024,3,regular,2024-09-14T22:00:00.000Z,False,True,False,False,24283.0,3715.0,FAU Stadium,2226,Florida Atlantic,fbs,American Athletic,38.0,"[7, 17, 14, 0]",0.991083514939055,1373.0,1403.0,2229,Florida International,fbs,Conference USA,20.0,"[7, 0, 7, 6]",0.008916485060945,1271.0,1241.0,4.6474244048,,,
401640990,2024,3,regular,2024-09-14T22:00:00.000Z,False,True,False,True,21805.0,3992.0,Williams Stadium (VA),2335,Liberty,fbs,Conference USA,28.0,"[7, 7, 7, 7]",0.9983214732342744,1573.0,1582.0,2638,UTEP,fbs,Conference USA,10.0,"[3, 0, 7, 0]",0.001678526765725552,1232.0,1223.0,7.1552804569,,,
401635545,2024,3,regular,2024-09-14T22:00:00.000Z,False,True,False,False,45491.0,3787.0,Kenan Stadium,153,North Carolina,fbs,ACC,45.0,"[0, 17, 0, 28]",0.9974742998884685,1567.0,1567.0,2428,North Carolina Central,fcs,MEAC,10.0,"[7, 3, 0, 0]",0.002525700111531526,,,5.996017734,,,
401628608,2024,3,regular,2024-09-14T22:00:00.000Z,False,True,False,True,4840.0,3824.0,Meade Stadium,227,Rhode Island,fcs,CAA,21.0,"[7, 0, 14, 0]",0.8748746776151413,,,2097,Campbell,fcs,CAA,9.0,"[0, 3, 0, 6]",0.12512532238485874,,,5.5585944066,,,
401632074,2024,3,regular,2024-09-14T22:00:00.000Z,False,True,False,True,6387.0,3908.0,Roy Kidd Stadium,2198,Eastern Kentucky,fcs,UAC,26.0,"[3, 10, 6, 7]",0.2410948059631743,,,2698,West Georgia,fcs,UAC,7.0,"[0, 7, 0, 0]",0.7589051940368257,,,6.1450892318,,,
401675571,2024,3,regular,2024-09-14T22:00:00.000Z,False,True,False,False,,3612.0,Alumni Memorial Stadium (NC),2940,Livingstone,ii,CIAA,23.0,"[0, 10, 0, 13]",,,,2019,Allen,ii,SIAC,21.0,"[0, 0, 14, 7]",,,,,,,
401677459,2024,3,regular,2024-09-14T22:00:00.000Z,False,True,True,False,,3637.0,Bishop John M. D'Arcy Stadium,2831,Saint Francis (IN),,,64.0,"[0, 14, 13, 37]",,,,190,Defiance College,,,36.0,"[14, 7, 0, 15]",,,,,,,
401676007,2024,3,regular,2024-09-14T22:00:00.000Z,False,True,False,False,,6092.0,Bishop Stadium,286,North Carolina Wesleyan,iii,USA South,24.0,[],,,,366,Ferrum,iii,Old Dominion,28.0,[],,,,,,,
401674365,2024,3,regular,2024-09-14T22:05:00.000Z,False,True,False,True,,4439.0,Eiler-Martin Stadium,2188,East Stroudsburg,ii,Pennsylvania State Athletic,24.0,"[0, 10, 14, 0]",,,,367,Gannon,ii,Pennsylvania State Athletic,7.0,"[7, 0, 0, 0]",,,,,,,
401674304,2024,3,regular,2024-09-14T22:30:00.000Z,False,True,False,True,,5784.0,Cebe Ross Field,455,West Virginia Wesleyan,ii,Mountain East,14.0,"[14, 0, 0, 0]",,,,112335,Wheeling,ii,Mountain East,52.0,"[7, 21, 14, 10]",,,,,,,
401636364,2024,3,regular,2024-09-14T22:30:00.000Z,False,True,False,False,23476.0,3980.0,Waldo Stadium,2711,Western Michigan,fbs,Mid-American,59.0,"[14, 21, 14, 10]",0.9989684442331265,1193.0,1193.0,2065,Bethune-Cookman,fcs,SWAC,31.0,"[0, 14, 7, 10]",0.0010315557668735265,,,2.73963378,,,
401628355,2024,3,regular,2024-09-14T22:30:00.000Z,False,True,False,False,32849.0,3630.0,Allegacy Federal Credit Union Stadium,154,Wake Forest,fbs,ACC,6.0,"[3, 3, 0, 0]",0.0003568256800009375,1424.0,1370.0,145,Ole Miss,fbs,SEC,40.0,"[20, 3, 7, 10]",0.999643174319999,1770.0,1824.0,3.1835106946,,,
401654849,2024,3,regular,2024-09-14T23:00:00.000Z,False,True,False,False,,4424.0,Husky Stadium,2277,Houston Christian,fcs,Southland,70.0,"[15, 14, 28, 13]",,,,2347,Louisiana Christian,,,7.0,"[0, 0, 7, 0]",,,,,,,
401634214,2024,3,regular,2024-09-14T23:00:00.000Z,False,True,False,False,19376.0,5237.0,Dana J. Dykhouse Stadium,2571,South Dakota State,fcs,MVFC,24.0,"[7, 10, 7, 0]",0.9979443183457668,,,2043,Augustana (SD),ii,Northern Sun,3.0,"[3, 0, 0, 0]",0.002055681654233199,,,3.8005893515,,,
401654674,2024,3,regular,2024-09-14T23:00:00.000Z,False,True,False,False,5944.0,4762.0,Memorial Stadium (Commerce TX),2837,East Texas A&M,fcs,Southland,28.0,"[7, 14, 7, 0, 0]",0.8868979880330758,,,2755,Grambling,fcs,SWAC,35.0,"[6, 15, 0, 7, 7]",0.11310201196692415,,,9.2830093499,,,
401632073,2024,3,regular,2024-09-14T23:00:00.000Z,False,True,False,True,9167.0,3711.0,Estes Stadium,2110,Central Arkansas,fcs,UAC,45.0,"[3, 21, 21, 0]",0.9917546908768222,,,2046,Austin Peay,fcs,UAC,17.0,"[3, 7, 7, 0]",0.00824530912317778,,,4.7077757672,,,
401678898,2024,3,regular,2024-09-14T23:00:00.000Z,False,True,False,False,6385.0,3809.0,Louis Crews Stadium,2010,Alabama A&M,fcs,SWAC,24.0,"[3, 7, 7, 7]",0.9831049126841002,,,2245,Georgetown College Kentucky,,,16.0,"[7, 0, 6, 3]",0.016895087315899837,,,6.7645403041,,,
401634182,2024,3,regular,2024-09-14T23:00:00.000Z,False,True,False,False,9642.0,3878.0,Plaster Sports Complex,2623,Missouri State,fcs,MVFC,28.0,"[14, 7, 7, 0]",0.9413152944701787,,,2815,Lindenwood,fcs,Big South-OVC,14.0,"[0, 7, 0, 7]",0.0586847055298213,,,3.1015300166,,,
401636345,2024,3,regular,2024-09-14T23:00:00.000Z,False,True,False,False,6045.0,3925.0,Seibert Stadium,2535,Samford,fcs,Southern,12.0,"[0, 6, 6, 0]",0.7657398416273848,,,2011,Alabama State,fcs,SWAC,7.0,"[7, 0, 0, 0]",0.23426015837261516,,,7.7293780448,,,
401673141,2024,3,regular,2024-09-14T23:00:00.000Z,False,True,False,False,,5917.0,Ratliff Stadium,110243,UT Permian Basin,ii,Lone Star,67.0,"[22, 10, 21, 14]",,,,2001,Adams State,ii,Rocky Mountain,14.0,"[0, 0, 14, 0]",,,,,,,
401673400,2024,3,regular,2024-09-14T23:00:00.000Z,False,True,False,False,,3877.0,Pioneer Stadium,3162,Alfred State,iii,ECFC,0.0,"[0, 0, 0, 0]",,,,184,Rochester (NY),iii,Liberty League,28.0,"[7, 21, 0, 0]",,,,,,,
401674657,2024,3,regular,2024-09-14T23:00:00.000Z,False,True,False,True,,5996.0,Wilford Moore Stadium,241,McMurry,iii,Southern Collegiate Athletic,48.0,"[8, 17, 17, 6]",,,,101161,Lyon,iii,Southern Collegiate Athletic,6.0,"[6, 0, 0, 0]",,,,,,,
401674664,2024,3,regular,2024-09-14T23:00:00.000Z,False,True,False,True,,6125.0,Bulldog Stadium (TX),2639,Texas Lutheran,iii,Southern Collegiate Athletic,31.0,"[17, 0, 7, 7]",,,,101442,Centenary (LA),iii,Southern Collegiate Athletic,8.0,"[0, 0, 8, 0]",,,,,,,
401674736,2024,3,regular,2024-09-14T23:00:00.000Z,False,True,False,False,,5797.0,Vago Field,2044,Aurora,iii,NACC,21.0,"[0, 7, 14, 0]",,,,3071,North Central College,iii,CCIW,48.0,"[17, 17, 7, 7]",,,,,,,
401674646,2024,3,regular,2024-09-14T23:00:00.000Z,False,True,True,False,,6222.0,Lumpkins Stadium,2904,Nelson (TX),,,29.0,"[3, 19, 7, 0]",,,,2758,Howard Payne,iii,American Southwest,27.0,"[0, 0, 14, 13]",,,,,,,
401655620,2024,3,regular,2024-09-14T23:00:00.000Z,False,True,False,False,5387.0,3944.0,Strawberry Stadium,2545,SE Louisiana,fcs,Southland,28.0,"[7, 14, 0, 7]",0.8414945173572507,,,331,Eastern Washington,fcs,Big Sky,24.0,"[7, 14, 3, 0]",0.15850548264274933,,,7.1013971854,,,
401640999,2024,3,regular,2024-09-14T23:00:00.000Z,False,True,False,False,17501.0,3912.0,Rynearson Stadium,2199,Eastern Michigan,fbs,Mid-American,37.0,"[14, 14, 3, 0, 3, 3]",0.6626094267979739,1298.0,1300.0,55,Jacksonville State,fbs,Conference USA,34.0,"[7, 13, 0, 11, 3, 0]",0.33739057320202614,1374.0,1372.0,9.6322925678,,,
401628362,2024,3,regular,2024-09-14T23:00:00.000Z,False,True,False,False,14413.0,4246.0,Center Parc Stadium,2247,Georgia State,fbs,Sun Belt,36.0,"[3, 9, 10, 14]",0.4064557580733251,1370.0,1371.0,238,Vanderbilt,fbs,SEC,32.0,"[0, 10, 0, 22]",0.5935442419266749,1313.0,1312.0,8.4948458307,,,
401677678,2024,3,regular,2024-09-14T23:00:00.000Z,False,True,False,True,,6153.0,Hanson Stadium,205,Pacific (OR),iii,Northwest,34.0,"[6, 7, 21, 0]",,,,2333,Lewis & Clark,iii,Northwest,24.0,"[0, 3, 15, 6]",,,,,,,
401674797,2024,3,regular,2024-09-14T23:00:00.000Z,False,True,False,False,,6111.0,Cook Stadium,86,Rose Hulman,iii,Heartland,33.0,"[6, 13, 14, 0]",,,,2651,Trine,iii,Michigan,39.0,"[3, 6, 10, 20]",,,,,,,
401674910,2024,3,regular,2024-09-14T23:00:00.000Z,False,True,False,False,,5787.0,Docking Stadium,2003,Adrian,iii,Michigan,38.0,"[14, 7, 10, 7]",,,,127078,Madonna University (Mich.),,,20.0,"[6, 0, 0, 14]",,,,,,,
401676024,2024,3,regular,2024-09-14T23:00:00.000Z,False,True,False,False,,5818.0,Farris Stadium,2121,Centre,iii,Southern Athletic,17.0,"[0, 7, 7, 3]",,,,2373,Maryville (TN),iii,USA South,14.0,"[0, 7, 0, 7]",,,,,,,
401655616,2024,3,regular,2024-09-14T23:00:00.000Z,False,True,False,False,5981.0,3882.0,Provost Umphrey Stadium,2320,Lamar,fcs,Southland,17.0,"[3, 7, 7, 0]",0.8181205818221399,,,2692,Weber State,fcs,Big Sky,16.0,"[0, 10, 6, 0]",0.18187941817786013,,,7.9185270961,,,
401654663,2024,3,regular,2024-09-14T23:00:00.000Z,False,True,False,False,3417.0,3748.0,Graham Stadium,2630,UT Martin,fcs,Big South-OVC,43.0,"[10, 10, 16, 7]",0.8472462577492305,,,2453,North Alabama,fcs,UAC,28.0,"[18, 7, 3, 0]",0.15275374225076954,,,7.3189642649,,,
401655661,2024,3,regular,2024-09-14T23:00:00.000Z,False,True,False,False,,3897.0,Richardson Stadium,2166,Davidson,fcs,Pioneer,42.0,"[7, 7, 14, 14]",0.9985408418715831,,,3179,Point University,,,12.0,"[0, 6, 6, 0]",0.0014591581284169042,,,7.1799330723,,,
401636355,2024,3,regular,2024-09-14T23:00:00.000Z,False,True,True,False,27584.0,3805.0,Simmons Bank Liberty Stadium,2634,Tennessee State,fcs,Big South-OVC,41.0,"[10, 21, 7, 3]",0.9236554041948813,,,2029,Arkansas-Pine Bluff,fcs,SWAC,28.0,"[7, 7, 14, 0]",0.07634459580511865,,,4.8977447671,,,
401674978,2024,3,regular,2024-09-14T23:00:00.000Z,False,True,False,False,,5895.0,Klas Field,162,Hamline,iii,Minnesota,25.0,"[12, 0, 0, 13]",,,,2399,Minnesota Morris,iii,Upper Midwest,20.0,"[7, 0, 6, 7]",,,,,,,
401674983,2024,3,regular,2024-09-14T23:00:00.000Z,False,True,False,False,,5928.0,Macalester Stadium,2359,Macalester,iii,Minnesota,7.0,"[0, 0, 7, 0]",,,,446,Martin Luther,iii,Upper Midwest,10.0,"[0, 3, 0, 7]",,,,,,,
401674992,2024,3,regular,2024-09-14T23:00:00.000Z,False,True,False,True,,3945.0,Strong Stadium,266,Beloit,iii,Midwest,13.0,"[3, 0, 10, 0]",,,,255,Knox,iii,Midwest,17.0,"[0, 7, 3, 7]",,,,,,,
401675411,2024,3,regular,2024-09-14T23:00:00.000Z,False,True,False,False,,4851.0,Bazemore-Hyder Stadium,2673,Valdosta State,ii,Gulf South,34.0,"[7, 17, 7, 3]",,,,2220,Fayetteville State,ii,CIAA,0.0,"[0, 0, 0, 0]",,,,,,,
401676789,2024,3,regular,2024-09-14T23:00:00.000Z,False,True,False,False,,3926.0,Setzler Field,2444,Newberry,ii,South Atlantic,16.0,"[0, 0, 0, 16]",,,,127230,Keiser (Fl),,,21.0,"[0, 0, 7, 14]",,,,,,,
401634191,2024,3,regular,2024-09-14T23:00:00.000Z,False,True,False,False,9088.0,3909.0,Roy Stewart Stadium,93,Murray State,fcs,MVFC,59.0,"[21, 10, 14, 14]",0.9985644863809876,,,2400,Mississippi Valley State,fcs,SWAC,8.0,"[0, 8, 0, 0]",0.0014355136190123963,,,3.2424651441,,,
401674546,2024,3,regular,2024-09-14T23:00:00.000Z,False,True,False,False,,5263.0,Steele Stadium,2316,Kentucky Wesleyan,ii,Great Midwest Athletic,16.0,"[3, 7, 3, 3]",,,,2911,William Jewell,ii,Great Lakes,23.0,"[0, 3, 6, 14]",,,,,,,
401674610,2024,3,regular,2024-09-14T23:00:00.000Z,False,True,False,False,,5921.0,Rock Bowl,263,Loras,iii,American Rivers,22.0,"[0, 2, 7, 13]",,,,2283,Benedictine (IL),iii,NACC,27.0,"[7, 7, 7, 6]",,,,,,,
401675485,2024,3,regular,2024-09-14T23:00:00.000Z,False,True,False,False,,6053.0,Robinson-Hale Stadium,2401,Mississippi College,ii,Gulf South,7.0,"[7, 0, 0, 0]",,,,2658,Texas A&M-Kingsville,ii,Lone Star,27.0,"[3, 10, 7, 7]",,,,,,,
401628361,2024,3,regular,2024-09-14T23:00:00.000Z,False,True,False,False,101892.0,3910.0,DKR-Texas Memorial Stadium,251,Texas,fbs,SEC,56.0,"[14, 14, 14, 14]",0.9988848395909953,1991.0,2068.0,2636,UTSA,fbs,American Athletic,7.0,"[0, 7, 0, 0]",0.001115160409004723,1467.0,1390.0,2.909180873,,,
401674627,2024,3,regular,2024-09-14T23:00:00.000Z,False,True,False,False,,5798.0,Jerry E. Apple Stadium,2045,Austin,iii,Southern Collegiate Athletic,13.0,"[0, 0, 6, 7]",,,,2519,Rhodes,iii,Southern Athletic,49.0,"[14, 21, 7, 7]",,,,,,,
401676016,2024,3,regular,2024-09-14T23:00:00.000Z,False,True,False,False,,5892.0,Armfield Athletic Center,2258,Guilford,iii,Old Dominion,14.0,"[7, 0, 7, 0]",,,,291,Methodist,iii,USA South,12.0,"[0, 6, 0, 6]",,,,,,,
401675840,2024,3,regular,2024-09-14T23:00:00.000Z,False,True,False,True,,6035.0,"Memorial Stadium (Wayne, NE)",2844,Wayne State (NE),ii,Northern Sun,28.0,"[14, 0, 0, 14]",,,,2364,Minnesota State,ii,Northern Sun,35.0,"[14, 3, 11, 7]",,,,,,,
401676066,2024,3,regular,2024-09-14T23:00:00.000Z,False,True,False,False,,5802.0,Belhaven Bowl Stadium,2056,Belhaven,iii,USA South,10.0,"[0, 0, 3, 7]",,,,386,Trinity (TX),iii,Southern Athletic,55.0,"[20, 14, 21, 0]",,,,,,,
401675904,2024,3,regular,2024-09-14T23:00:00.000Z,False,True,False,False,,3635.0,Bill Buxton Stadium,2564,Simpson (IA),iii,American Rivers,39.0,"[7, 7, 14, 11]",,,,509,Crown,iii,Upper Midwest,7.0,"[0, 7, 0, 0]",,,,,,,
401676067,2024,3,regular,2024-09-14T23:00:00.000Z,False,True,False,False,,5841.0,Pete FioRito Stadium at McKinzie Field,101,Eureka,iii,NACC,7.0,"[0, 0, 0, 7]",,,,2257,Greenville,iii,Upper Midwest,27.0,"[13, 0, 0, 14]",,,,,,,
401641024,2024,3,regular,2024-09-14T23:00:00.000Z,False,True,False,True,12227.0,3725.0,"Johnny ""Red"" Floyd Stadium",2393,Middle Tennessee,fbs,Conference USA,21.0,"[0, 0, 14, 7]",0.25259863997656923,1288.0,1215.0,98,Western Kentucky,fbs,Conference USA,49.0,"[14, 7, 21, 7]",0.7474013600234308,1323.0,1396.0,2.2685949947,,,
401675459,2024,3,regular,2024-09-14T23:00:00.000Z,False,True,True,False,,6129.0,BB&T Field at Griffin Plaza,2646,Thomas More,ii,Great Midwest Athletic,50.0,"[14, 10, 16, 10]",,,,3077,Kentucky Christian,,,0.0,"[0, 0, 0, 0]",,,,,,,
401676626,2024,3,regular,2024-09-14T23:00:00.000Z,False,True,False,True,,3671.0,Case Field,2963,Case Western Reserve,iii,Presidents',64.0,"[23, 28, 10, 3]",,,,2062,Bethany (WV),iii,Presidents',6.0,"[0, 6, 0, 0]",,,,,,,
401643789,2024,3,regular,2024-09-14T23:00:00.000Z,False,True,False,False,23537.0,3815.0,M. M. Roberts Stadium,2572,Southern Miss,fbs,Sun Belt,24.0,"[14, 7, 0, 3]",0.0758748165356814,1230.0,1187.0,58,South Florida,fbs,American Athletic,49.0,"[14, 14, 14, 7]",0.9241251834643186,1433.0,1476.0,3.830391038,,,
401674949,2024,3,regular,2024-09-14T23:00:00.000Z,False,True,False,False,,6094.0,Reynolds Field,583,Northwestern (MN),iii,Upper Midwest,3.0,"[0, 0, 0, 3]",,,,2802,Bethel (MN),iii,Minnesota,49.0,"[21, 21, 7, 0]",,,,,,,
401675510,2024,3,regular,2024-09-14T23:00:00.000Z,False,True,False,False,,3957.0,Tiger Stadium (AL),2695,West Alabama,ii,Gulf South,33.0,"[7, 10, 3, 13]",,,,2336,Limestone,ii,South Atlantic,14.0,"[3, 3, 0, 8]",,,,,,,
401641040,2024,3,regular,2024-09-14T23:00:00.000Z,False,True,False,False,15134.0,3647.0,Elliott T. Bowers Stadium,2534,Sam Houston,fbs,Conference USA,31.0,"[7, 10, 7, 7]",0.9963204929272254,1370.0,1398.0,62,Hawai'i,fbs,Mountain West,13.0,"[0, 3, 10, 0]",0.003679507072774646,1242.0,1214.0,5.0525911901,,,
401676653,2024,3,regular,2024-09-14T23:00:00.000Z,False,True,False,True,,6128.0,Alumni Stadium (PA),2644,Thiel,iii,Presidents',7.0,"[0, 0, 7, 0]",,,,2686,Washington & Jefferson,iii,Presidents',58.0,"[7, 27, 14, 10]",,,,,,,
401675513,2024,3,regular,2024-09-14T23:00:00.000Z,False,True,False,True,,5869.0,LeGrand Stadium at 1st Community Credit Union Field,2025,Angelo State,ii,Lone Star,26.0,"[7, 10, 9, 0]",,,,2201,Eastern New Mexico,ii,Lone Star,20.0,"[3, 10, 0, 7]",,,,,,,
401674230,2024,3,regular,2024-09-14T23:00:00.000Z,False,True,False,True,,3934.0,Southern Nazarene University Football Stadium,200,Southern Nazarene,ii,Great American,6.0,"[0, 6, 0, 0]",,,,2033,Arkansas Tech,ii,Great American,26.0,"[0, 10, 7, 9]",,,,,,,
401674161,2024,3,regular,2024-09-14T23:00:00.000Z,False,True,False,True,,5134.0,Bearcat Stadium,138,Northwest Missouri State,ii,Mid America,32.0,"[7, 10, 9, 6]",,,,2231,Fort Hays,ii,Mid America,20.0,"[14, 3, 3, 0]",,,,,,,
401674169,2024,3,regular,2024-09-14T23:00:00.000Z,False,True,False,True,,6055.0,Craig Field at Spratt Memorial Stadium,137,Missouri Western,ii,Mid America,35.0,"[14, 7, 7, 7]",,,,2403,Missouri Southern State,ii,Mid America,27.0,"[0, 7, 10, 10]",,,,,,,
401674401,2024,3,regular,2024-09-14T23:00:00.000Z,False,True,False,True,,6073.0,Milam Stadium,2927,Southwestern Oklahoma State,ii,Great American,28.0,"[7, 7, 14, 0]",,,,2028,Arkansas Monticello,ii,Great American,39.0,"[0, 10, 7, 22]",,,,,,,
401674411,2024,3,regular,2024-09-14T23:00:00.000Z,False,True,False,True,,5891.0,Wilkins Stadium,2568,Southern Arkansas,ii,Great American,28.0,"[14, 14, 0, 0]",,,,2191,East Central,ii,Great American,20.0,"[2, 10, 0, 8]",,,,,,,
401674427,2024,3,regular,2024-09-14T23:00:00.000Z,False,True,False,True,,5113.0,Ruggles Field at Carpenter-Haygood Stadium,2271,Henderson State,ii,Great American,34.0,"[13, 0, 7, 14]",,,,199,Southeastern Oklahoma State,ii,Great American,17.0,"[10, 0, 7, 0]",,,,,,,
401674527,2024,3,regular,2024-09-14T23:00:00.000Z,False,True,False,False,,3609.0,Allgood-Bailey Stadium,2402,Missouri S&T,ii,Great Lakes,45.0,"[25, 6, 7, 7]",,,,124179,Lincoln (CA),ii,Independent DII,6.0,"[0, 0, 6, 0]",,,,,,,
401674533,2024,3,regular,2024-09-14T23:00:00.000Z,False,True,False,False,,3878.0,Plaster Sports Complex,2586,Southwest Baptist,ii,Great Lakes,42.0,"[7, 21, 7, 7]",,,,2824,Oklahoma Panhandle,ii,Independent DII,10.0,"[3, 0, 7, 0]",,,,,,,
401636389,2024,3,regular,2024-09-14T23:00:00.000Z,False,True,False,True,32027.0,3976.0,Mississippi Veterans Memorial Stadium,2296,Jackson State,fcs,SWAC,33.0,"[10, 13, 10, 0]",0.9926783394214073,,,2582,Southern,fcs,SWAC,15.0,"[0, 3, 6, 6]",0.007321660578592737,,,5.3632127751,,,
401634241,2024,3,regular,2024-09-14T23:00:00.000Z,False,True,False,False,7879.0,3913.0,Saluki Stadium,79,Southern Illinois,fcs,MVFC,35.0,"[14, 21, 0, 0]",0.9490090417173115,,,2916,Incarnate Word,fcs,Southland,28.0,"[7, 7, 0, 14]",0.050990958282688514,,,5.0095983526,,,
401641017,2024,3,regular,2024-09-14T23:00:00.000Z,False,True,False,False,11090.0,3935.0,CEFCU Stadium,23,San José State,fbs,Mountain West,31.0,"[0, 17, 7, 7]",0.9775274462423851,1567.0,1602.0,338,Kennesaw State,fbs,Conference USA,10.0,"[3, 0, 7, 0]",0.02247255375761492,1423.0,1388.0,4.6611245645,,,
401628352,2024,3,regular,2024-09-14T23:30:00.000Z,False,True,False,False,88043.0,3785.0,Jordan-Hare Stadium,2,Auburn,fbs,SEC,45.0,"[14, 3, 14, 14]",0.9974030594036278,1537.0,1569.0,167,New Mexico,fbs,Mountain West,19.0,"[10, 3, 0, 6]",0.002596940596372166,1228.0,1196.0,5.2477113604,,,
401628476,2024,3,regular,2024-09-14T23:30:00.000Z,False,True,False,True,47811.0,1056.0,Rose Bowl,26,UCLA,fbs,Big Ten,13.0,"[0, 7, 3, 3]",0.001063915461672754,1553.0,1456.0,84,Indiana,fbs,Big Ten,42.0,"[14, 7, 7, 14]",0.9989360845383273,1430.0,1527.0,2.5796886196,,,
401636861,2024,3,regular,2024-09-14T23:30:00.000Z,False,True,False,False,40099.0,5388.0,Canvas Stadium,36,Colorado State,fbs,Mountain West,9.0,"[3, 0, 0, 6]",0.09871601779704506,1261.0,1219.0,38,Colorado,fbs,Big 12,28.0,"[0, 14, 7, 7]",0.9012839822029549,1307.0,1349.0,3.2618715605,,,
401636866,2024,3,regular,2024-09-14T23:30:00.000Z,False,True,False,True,48889.0,3616.0,Amon G. Carter Stadium,2628,TCU,fbs,Big 12,34.0,"[14, 7, 10, 3]",0.008433595726321992,1578.0,1580.0,2116,UCF,fbs,Big 12,35.0,"[0, 7, 13, 15]",0.991566404273678,1644.0,1642.0,6.913846806,,,
401675834,2024,3,regular,2024-09-14T23:30:00.000Z,False,True,False,True,,5933.0,Sea Foam Stadium,3066,Concordia St. Paul,ii,Northern Sun,14.0,"[7, 7, 0, 0]",,,,2851,Winona State,ii,Northern Sun,31.0,"[7, 10, 7, 7]",,,,,,,
401636860,2024,3,regular,2024-09-14T23:30:00.000Z,False,True,False,False,46212.0,4727.0,McLane Stadium,239,Baylor,fbs,Big 12,31.0,"[3, 3, 17, 8]",0.9958538730603451,1417.0,1507.0,2005,Air Force,fbs,Mountain West,3.0,"[0, 3, 0, 0]",0.004146126939654882,1549.0,1459.0,5.1557909361,,,
401628354,2024,3,regular,2024-09-14T23:30:00.000Z,False,True,False,True,61663.0,3683.0,Kroger Field,96,Kentucky,fbs,SEC,12.0,"[3, 3, 3, 3]",0.20705104002487187,1563.0,1583.0,61,Georgia,fbs,SEC,13.0,"[0, 3, 3, 7]",0.7929489599751282,2066.0,2046.0,8.9509868466,,,
401628356,2024,3,regular,2024-09-14T23:30:00.000Z,False,True,False,False,47412.0,3693.0,Davis Wade Stadium,344,Mississippi State,fbs,SEC,17.0,"[0, 3, 7, 7]",0.0004366823800092236,1440.0,1386.0,2649,Toledo,fbs,Mid-American,41.0,"[7, 21, 7, 6]",0.9995633176199907,1524.0,1578.0,2.3939678093,,,
401655859,2024,3,regular,2024-09-14T23:30:00.000Z,False,True,False,False,,3655.0,Brown Field,2674,Valparaiso,fcs,Pioneer,20.0,"[7, 10, 0, 3]",0.9364795257461722,,,111756,Indiana Wesleyan,,,17.0,"[0, 7, 7, 3]",0.06352047425382779,,,3.7289918069,,,
401628482,2024,3,regular,2024-09-14T23:30:00.000Z,False,True,False,False,86546.0,3834.0,"Memorial Stadium (Lincoln, NE)",158,Nebraska,fbs,Big Ten,34.0,"[7, 14, 6, 7]",0.9981665662396725,1596.0,1596.0,2460,Northern Iowa,fcs,MVFC,3.0,"[3, 0, 0, 0]",0.0018334337603275186,,,3.0885437485,,,
401655632,2024,3,regular,2024-09-14T23:30:00.000Z,False,True,True,False,10631.0,5960.0,Lanny and Sharon Martin Stadium,77,Northwestern,fbs,Big Ten,31.0,"[7, 7, 10, 7]",0.9954332752862584,1508.0,1508.0,2197,Eastern Illinois,fcs,Big South-OVC,7.0,"[0, 7, 0, 0]",0.004566724713741643,,,4.621228179,,,
401628360,2024,3,regular,2024-09-14T23:45:00.000Z,False,True,False,False,101915.0,3853.0,Neyland Stadium,2633,Tennessee,fbs,SEC,71.0,"[37, 28, 3, 3]",0.9989675661261332,1845.0,1964.0,2309,Kent State,fbs,Mid-American,0.0,"[0, 0, 0, 0]",0.001032433873866756,1108.0,989.0,2.464570702,,,
401674420,2024,3,regular,2024-09-15T00:00:00.000Z,False,True,False,True,,6064.0,Crain Family Stadium,319,Oklahoma Baptist,ii,Great American,7.0,"[0, 7, 0, 0]",,,,2264,Harding,ii,Great American,59.0,"[14, 17, 21, 7]",,,,,,,
401675115,2024,3,regular,2024-09-15T00:00:00.000Z,False,True,False,True,8223.0,3686.0,Cowboy Stadium,2377,McNeese,fcs,Southland,28.0,"[0, 7, 7, 14]",0.7687096339205662,,,2617,Stephen F. Austin,fcs,Southland,24.0,"[0, 10, 14, 0]",0.23129036607943376,,,8.2670741457,,,
401632075,2024,3,regular,2024-09-15T00:00:00.000Z,False,True,False,False,,3706.0,Eccles Coliseum,253,Southern Utah,fcs,UAC,21.0,"[7, 7, 0, 7]",0.8375609574352454,,,302,UC Davis,fcs,Big Sky,24.0,"[3, 3, 18, 0]",0.1624390425647546,,,7.5504263944,,,
401628478,2024,3,regular,2024-09-15T00:00:00.000Z,False,True,False,False,,3923.0,Scott Stadium,258,Virginia,fbs,ACC,13.0,"[3, 10, 0, 0]",0.2758509731563324,1317.0,1318.0,120,Maryland,fbs,Big Ten,27.0,"[0, 7, 10, 10]",0.7241490268436677,1679.0,1678.0,7.1114804406,,,
401673258,2024,3,regular,2024-09-15T00:00:00.000Z,False,True,False,False,,3633.0,Ben Altamirano Field,2703,Western New Mexico,ii,Lone Star,36.0,"[7, 7, 14, 8]",,,,2424,New Mexico Highlands,ii,Rocky Mountain,33.0,"[0, 14, 7, 12]",,,,,,,
401636862,2024,3,regular,2024-09-15T00:00:00.000Z,False,True,False,False,28146.0,4728.0,TDECU Stadium,248,Houston,fbs,Big 12,33.0,"[14, 6, 6, 7]",0.9986102045526059,1411.0,1466.0,242,Rice,fbs,American Athletic,7.0,"[0, 0, 0, 7]",0.0013897954473941487,1314.0,1259.0,3.1802381861,,,
401674509,2024,3,regular,2024-09-15T00:00:00.000Z,False,True,False,True,,6045.0,Dwight T. Reed Stadium,2876,Lincoln (MO),ii,Great Lakes,19.0,"[0, 7, 9, 3]",,,,2816,McKendree,ii,Great Lakes,34.0,"[3, 13, 8, 10]",,,,,,,
401674152,2024,3,regular,2024-09-15T00:00:00.000Z,False,True,False,True,,6067.0,Carnie Smith Stadium,90,Pittsburg State,ii,Mid America,21.0,"[7, 0, 0, 14]",,,,2214,Emporia State,ii,Mid America,24.0,"[3, 14, 0, 7]",,,,,,,
401674110,2024,3,regular,2024-09-15T00:00:00.000Z,False,True,False,True,,5878.0,Wantland Stadium,2122,Central Oklahoma,ii,Mid America,57.0,"[0, 22, 14, 21]",,,,2118,Central Missouri,ii,Mid America,40.0,"[0, 20, 13, 7]",,,,,,,
401673271,2024,3,regular,2024-09-15T00:00:00.000Z,False,True,False,False,,4852.0,Neta and Eddie DeRose ThunderBowl,2570,CSU Pueblo,ii,Rocky Mountain,21.0,"[0, 0, 7, 14]",,,,125,Grand Valley State,ii,GLIAC,24.0,"[14, 3, 7, 0]",,,,,,,
401673241,2024,3,regular,2024-09-15T00:00:00.000Z,False,True,False,False,,5884.0,Buffalo Stadium,2704,West Texas,ii,Lone Star,17.0,"[0, 10, 7, 0]",,,,2714,Western Colorado,ii,Rocky Mountain,26.0,"[7, 6, 7, 6]",,,,,,,
401676368,2024,3,regular,2024-09-15T00:00:00.000Z,False,True,False,False,,4423.0,Young-Wise Memorial Stadium,418,Hendrix,iii,Southern Athletic,28.0,[],,,,2194,East Texas Baptist,iii,American Southwest,63.0,[],,,,,,,
401655622,2024,3,regular,2024-09-15T00:00:00.000Z,False,True,False,False,,1027.0,Alex G. Spanos Stadium,13,Cal Poly,fcs,Big Sky,31.0,"[7, 7, 14, 3]",0.09728811796041398,,,2848,Western Oregon,ii,Lone Star,14.0,"[0, 6, 8, 0]",0.9027118820395861,,,6.5253087084,,,
401674602,2024,3,regular,2024-09-15T00:00:00.000Z,False,True,False,False,,5911.0,Ralph E. Davis Pioneer Stadium,272,Wisconsin Platteville,iii,Wisconsin,38.0,"[3, 21, 14, 0]",,,,49,Dubuque,iii,American Rivers,7.0,"[0, 7, 0, 0]",,,,,,,
401655618,2024,3,regular,2024-09-15T01:00:00.000Z,False,True,False,False,12494.0,3757.0,Hornet Stadium,16,Sacramento State,fcs,Big Sky,34.0,"[10, 14, 3, 7]",0.9880855788822615,,,2447,Nicholls,fcs,Southland,7.0,"[0, 7, 0, 0]",0.01191442111773855,,,3.1309454689,,,
401632076,2024,3,regular,2024-09-15T01:00:00.000Z,False,True,False,False,3938.0,3745.0,Greater Zion Stadium,3101,Utah Tech,fcs,UAC,17.0,"[3, 0, 0, 14]",,,,2464,Northern Arizona,fcs,Big Sky,45.0,"[10, 21, 14, 0]",,,,,,,
401636871,2024,3,regular,2024-09-15T01:00:00.000Z,False,True,False,False,24513.0,3984.0,War Memorial Stadium,2751,Wyoming,fbs,Mountain West,14.0,"[0, 7, 0, 7]",0.001879823761579304,1354.0,1312.0,252,BYU,fbs,Big 12,34.0,"[7, 10, 17, 0]",0.9981201762384206,1430.0,1472.0,3.1928097307,,,
401676279,2024,3,regular,2024-09-15T02:05:00.000Z,False,True,False,True,,5850.0,Stoffer Family Stadium,415,George Fox,iii,Northwest,37.0,"[14, 17, 6, 0]",,,,2930,Willamette,iii,Northwest,14.0,"[0, 0, 7, 7]",,,,,,,
401641033,2024,3,regular,2024-09-15T02:30:00.000Z,False,True,False,False,39079.0,3660.0,Valley Children's Stadium,278,Fresno State,fbs,Mountain West,48.0,"[14, 17, 17, 0]",0.9989555505271754,1551.0,1680.0,166,New Mexico State,fbs,Conference USA,0.0,"[0, 0, 0, 0]",0.0010444494728245601,1431.0,1302.0,2.6317458936,,,
401635541,2024,3,regular,2024-09-15T02:30:00.000Z,False,True,False,False,35197.0,3831.0,California Memorial Stadium,25,California,fbs,ACC,31.0,"[7, 0, 14, 10]",0.9817301561871665,1502.0,1540.0,21,San Diego State,fbs,Mountain West,10.0,"[3, 0, 0, 7]",0.018269843812833475,1388.0,1350.0,4.9558040595,,,
401674283,2024,4,regular,2024-09-19T23:00:00.000Z,False,True,False,True,,5943.0,Duvall-Rosier Field,2986,Fairmont State,ii,Mountain East,14.0,"[7, 7, 0, 0]",,,,2249,Glenville State,ii,Mountain East,17.0,"[0, 0, 14, 3]",,,,,,,
401674402,2024,4,regular,2024-09-19T23:00:00.000Z,False,True,False,True,,5871.0,Convoy Leslie Cotton Boll Stadium,2028,Arkansas Monticello,ii,Great American,3.0,"[0, 0, 3, 0]",,,,2264,Harding,ii,Great American,63.0,"[35, 7, 14, 7]",,,,,,,
401643790,2024,4,regular,2024-09-19T23:30:00.000Z,False,True,False,True,34133.0,3792.0,Kidd Brewer Stadium,2026,App State,fbs,Sun Belt,14.0,"[0, 7, 0, 7]",0.000365851741178994,1447.0,1366.0,6,South Alabama,fbs,Sun Belt,48.0,"[14, 14, 13, 7]",0.999634148258821,1576.0,1657.0,1.5723330405,,,
401675112,2024,4,regular,2024-09-20T00:00:00.000Z,False,True,False,True,,5875.0,Charlie W. Johnson Stadium,490,Benedict,ii,SIAC,31.0,"[25, 0, 0, 6]",,,,2206,Edward Waters,ii,SIAC,28.0,"[13, 7, 8, 0]",,,,,,,
401674860,2024,4,regular,2024-09-20T23:00:00.000Z,False,True,False,False,,6119.0,Stagg Field,81,Springfield,iii,NEWMAC,37.0,"[6, 17, 7, 7]",,,,237,Union,iii,Liberty League,20.0,"[8, 0, 0, 12]",,,,,,,
401682280,2024,4,regular,2024-09-20T23:00:00.000Z,False,True,False,True,,5939.0,Cressy Field,379,UMass Dartmouth,iii,MSCAC,58.0,"[7, 19, 18, 14]",,,,2967,Framingham State,iii,MSCAC,13.0,"[0, 7, 0, 6]",,,,,,,
401676762,2024,4,regular,2024-09-20T23:00:00.000Z,False,True,False,False,,6113.0,Leckonby Stadium,2779,St. Lawrence,iii,Liberty League,14.0,"[14, 0, 0, 0]",,,,2702,Western New England,iii,Commonwealth Coast,28.0,"[0, 14, 7, 7]",,,,,,,
401674848,2024,4,regular,2024-09-20T23:00:00.000Z,False,True,False,False,,6107.0,ECAV Stadium,2528,Rensselaer,iii,Liberty League,51.0,"[14, 27, 7, 3]",,,,2749,WPI,iii,NEWMAC,7.0,"[0, 0, 0, 7]",,,,,,,
401682326,2024,4,regular,2024-09-20T23:00:00.000Z,False,True,False,True,,5876.0,Bentley University Football Stadium,2060,Bentley,ii,Northeast 10,34.0,"[6, 21, 0, 7]",,,,2583,Southern Connecticut State,ii,Northeast 10,24.0,"[7, 7, 3, 7]",,,,,,,
401634766,2024,4,regular,2024-09-20T23:30:00.000Z,False,True,False,True,39290.0,1964.0,JMA Wireless Dome,183,Syracuse,fbs,ACC,24.0,"[0, 10, 7, 7]",0.1490440505033184,1386.0,1378.0,24,Stanford,fbs,ACC,26.0,"[7, 6, 7, 6]",0.8509559494966816,1295.0,1303.0,8.569416045,,,
401628485,2024,4,regular,2024-09-21T00:00:00.000Z,False,True,False,True,86936.0,3834.0,"Memorial Stadium (Lincoln, NE)",158,Nebraska,fbs,Big Ten,24.0,"[10, 7, 0, 7, 0]",0.3547871322306742,1588.0,1570.0,356,Illinois,fbs,Big Ten,31.0,"[7, 3, 7, 7, 7]",0.6452128677693258,1533.0,1551.0,7.7382389903,,,
401643714,2024,4,regular,2024-09-21T02:00:00.000Z,False,True,False,False,24808.0,3820.0,Gesa Field,265,Washington State,fbs,Pac-12,54.0,"[7, 17, 0, 22, 0, 8]",0.9133358983085522,1595.0,1596.0,23,San José State,fbs,Mountain West,52.0,"[10, 7, 21, 8, 0, 6]",0.08666410169144778,1602.0,1601.0,10.6427695825,,,
401676663,2024,4,regular,2024-09-21T16:00:00.000Z,False,True,False,False,,6120.0,Growney Stadium,374,St. John Fisher,iii,Empire 8,42.0,"[0, 14, 14, 14]",,,,122774,Keystone,iii,Landmark Conference,40.0,"[13, 14, 0, 13]",,,,,,,
401628488,2024,4,regular,2024-09-21T16:00:00.000Z,False,True,False,False,38006.0,3665.0,SECU Stadium,120,Maryland,fbs,Big Ten,38.0,"[17, 7, 7, 7]",0.9989264610789277,1698.0,1698.0,222,Villanova,fcs,CAA,20.0,"[0, 0, 10, 10]",0.0010735389210723145,,,2.7164030957,,,
401635556,2024,4,regular,2024-09-21T16:00:00.000Z,False,True,False,False,50500.0,3787.0,Kenan Stadium,153,North Carolina,fbs,ACC,50.0,"[14, 7, 17, 12]",0.14335113072837286,1554.0,1519.0,256,James Madison,fbs,Sun Belt,70.0,"[25, 28, 7, 10]",0.8566488692716272,1699.0,1734.0,3.2030534224,,,
401675427,2024,4,regular,2024-09-21T16:00:00.000Z,False,True,False,True,,3698.0,Donnell Stadium,2224,Findlay,ii,Great Midwest Athletic,42.0,"[7, 14, 14, 7]",,,,437,Lake Erie,ii,Great Midwest Athletic,6.0,"[3, 3, 0, 0]",,,,,,,
401628627,2024,4,regular,2024-09-21T16:00:00.000Z,False,True,True,False,2083.0,6043.0,Bethpage Federal Credit Union Stadium,2341,Long Island University,fcs,NEC,21.0,"[0, 14, 0, 7]",0.06081269876486403,,,227,Rhode Island,fcs,CAA,28.0,"[7, 0, 0, 21]",0.9391873012351359,,,7.0692015067,,,
401636879,2024,4,regular,2024-09-21T16:00:00.000Z,False,True,False,True,52428.0,3842.0,Milan Puskar Stadium,277,West Virginia,fbs,Big 12,32.0,"[7, 7, 3, 15]",0.2702222025040236,1541.0,1546.0,2305,Kansas,fbs,Big 12,28.0,"[0, 7, 14, 7]",0.7297777974959764,1603.0,1598.0,8.1653534777,,,
401654487,2024,4,regular,2024-09-21T16:00:00.000Z,False,True,False,False,3592.0,3802.0,Lawrence A. Wien Stadium,171,Columbia,fcs,Ivy,31.0,"[10, 7, 7, 7]",0.9757835839074369,,,322,Lafayette,fcs,Patriot,20.0,"[6, 3, 3, 8]",0.024216416092563087,,,6.0170245325,,,
401644596,2024,4,regular,2024-09-21T16:00:00.000Z,False,True,False,False,4488.0,3750.0,Harvard Stadium,108,Harvard,fcs,Ivy,35.0,"[21, 7, 7, 0]",0.9989556836274168,,,56,Stetson,fcs,Pioneer,0.0,"[0, 0, 0, 0]",0.0010443163725831761,,,3.0243181857,,,
401643791,2024,4,regular,2024-09-21T16:00:00.000Z,False,True,False,False,22534.0,3666.0,Cajun Field,309,Louisiana,fbs,Sun Belt,33.0,"[7, 6, 13, 7]",0.0059666755760555655,1558.0,1543.0,2655,Tulane,fbs,American Athletic,41.0,"[0, 17, 21, 3]",0.9940333244239444,1561.0,1576.0,5.6751086353,,,
401674340,2024,4,regular,2024-09-21T16:00:00.000Z,False,True,False,True,,4440.0,Sox Harrison Stadium,2205,Edinboro,ii,Pennsylvania State Athletic,27.0,"[0, 12, 8, 7]",,,,2071,Bloomsburg,ii,Pennsylvania State Athletic,32.0,"[0, 6, 7, 19]",,,,,,,
401628367,2024,4,regular,2024-09-21T16:00:00.000Z,False,True,False,True,49655.0,3693.0,Davis Wade Stadium,344,Mississippi State,fbs,SEC,28.0,"[7, 7, 7, 7]",0.13027343637126163,1386.0,1355.0,57,Florida,fbs,SEC,45.0,"[7, 21, 7, 10]",0.8697265636287383,1485.0,1516.0,3.9425420269,,,
401636873,2024,4,regular,2024-09-21T16:00:00.000Z,False,True,False,True,38007.0,3854.0,Nippert Stadium,2132,Cincinnati,fbs,Big 12,34.0,"[14, 10, 7, 3]",0.9989020702351785,1429.0,1529.0,248,Houston,fbs,Big 12,0.0,"[0, 0, 0, 0]",0.0010979297648214814,1466.0,1366.0,2.6636884555,,,
401655663,2024,4,regular,2024-09-21T16:00:00.000Z,False,True,False,False,3225.0,3988.0,Welcome Stadium,2168,Dayton,fcs,Pioneer,49.0,"[14, 14, 14, 7]",0.9989239225159018,,,3178,Ave Maria University,,,7.0,"[7, 0, 0, 0]",0.0010760774840982146,,,3.4259648628,,,
401635552,2024,4,regular,2024-09-21T16:00:00.000Z,False,True,False,True,81500.0,3836.0,"Memorial Stadium (Clemson, SC)",228,Clemson,fbs,ACC,59.0,"[28, 17, 14, 0]",0.9830489380863561,1757.0,1790.0,152,NC State,fbs,ACC,35.0,"[0, 7, 7, 21]",0.016951061913643928,1511.0,1478.0,2.0210250501,,,
401674878,2024,4,regular,2024-09-21T16:00:00.000Z,False,True,False,True,,5638.0,Dave Wolk Stadium,293,Vermont State Castleton,iii,MSCAC,14.0,"[0, 9, 2, 3]",,,,110,Mass Maritime,iii,MSCAC,20.0,"[7, 7, 6, 0]",,,,,,,
401654588,2024,4,regular,2024-09-21T16:00:00.000Z,False,True,False,False,1864.0,3623.0,Arthur J. Rooney Athletic Field,2184,Duquesne,fcs,NEC,35.0,"[7, 21, 0, 7]",0.998727063970412,,,455,West Virginia Wesleyan,ii,Mountain East,0.0,"[0, 0, 0, 0]",0.001272936029588001,,,3.7129565776,,,
401674381,2024,4,regular,2024-09-21T16:00:00.000Z,False,True,False,True,,4441.0,McConnell Family Stadium,367,Gannon,ii,Pennsylvania State Athletic,14.0,"[0, 0, 0, 14]",,,,2315,Kutztown,ii,Pennsylvania State Athletic,37.0,"[14, 16, 7, 0]",,,,,,,
401676745,2024,4,regular,2024-09-21T16:00:00.000Z,False,True,False,True,,3859.0,Offutt Field,611,Seton Hill,ii,Pennsylvania State Athletic,27.0,"[0, 14, 0, 13]",,,,223,West Chester,ii,Pennsylvania State Athletic,24.0,"[0, 7, 17, 0]",,,,,,,
401654463,2024,4,regular,2024-09-21T16:00:00.000Z,False,True,False,False,6217.0,3741.0,Goodman Stadium,2329,Lehigh,fcs,Patriot,35.0,"[7, 14, 0, 14]",0.9839096243196876,,,163,Princeton,fcs,Ivy,20.0,"[7, 0, 7, 6]",0.016090375680312352,,,5.8119382899,,,
401676772,2024,4,regular,2024-09-21T16:00:00.000Z,False,True,False,False,,6135.0,Blue Storm Stadium,111675,New England,iii,Commonwealth Coast,27.0,"[0, 10, 10, 7]",,,,417,Gallaudet,iii,ECFC,13.0,"[0, 6, 7, 0]",,,,,,,
401628492,2024,4,regular,2024-09-21T16:00:00.000Z,False,True,False,False,103871.0,3861.0,Ohio Stadium,194,Ohio State,fbs,Big Ten,49.0,"[7, 21, 14, 7]",0.9988671629158615,2014.0,2038.0,276,Marshall,fbs,Sun Belt,14.0,"[7, 7, 0, 0]",0.0011328370841384716,1384.0,1360.0,3.6816411505,,,
401674888,2024,4,regular,2024-09-21T16:00:00.000Z,False,True,False,True,,5845.0,Elliot Field Athletic Complex,114,Fitchburg State,iii,MSCAC,14.0,"[7, 7, 0, 0]",,,,402,Worcester State,iii,MSCAC,20.0,"[7, 0, 13, 0]",,,,,,,
401673401,2024,4,regular,2024-09-21T16:00:00.000Z,False,True,False,False,,5926.0,Henry G. Steinbrenner '27 Stadium,109,MIT,iii,NEWMAC,20.0,"[7, 6, 0, 7]",,,,3162,Alfred State,iii,ECFC,0.0,"[0, 0, 0, 0]",,,,,,,
401674841,2024,4,regular,2024-09-21T16:00:00.000Z,False,True,False,False,,3717.0,Edwin Fauver Stadium,184,Rochester (NY),iii,Liberty League,28.0,"[0, 14, 0, 14]",,,,2776,Salve Regina,iii,NEWMAC,6.0,"[0, 0, 0, 6]",,,,,,,
401677403,2024,4,regular,2024-09-21T16:00:00.000Z,False,True,False,False,,3709.0,Hempstead Stadium,452,Endicott,iii,Commonwealth Coast,58.0,"[17, 14, 14, 13]",,,,125974,Hilbert,iii,Empire 8,0.0,"[0, 0, 0, 0]",,,,,,,
401673430,2024,4,regular,2024-09-21T16:00:00.000Z,False,True,False,True,,6083.0,Mangelsdorf Field,2969,Misericordia,iii,Mid Atlantic,20.0,"[0, 6, 0, 14]",,,,2221,FDU Florham,iii,Mid Atlantic,35.0,"[7, 7, 14, 7]",,,,,,,
401676736,2024,4,regular,2024-09-21T16:00:00.000Z,False,True,False,True,,5868.0,Ronald J. Abdow Field,2022,American International,ii,Northeast 10,20.0,"[0, 6, 8, 6]",,,,2830,Saint Anselm,ii,Northeast 10,37.0,"[7, 9, 14, 7]",,,,,,,
401675972,2024,4,regular,2024-09-21T16:00:00.000Z,False,True,False,True,,3690.0,Charles L. Currier Memorial Field,2972,Plymouth State,iii,MSCAC,17.0,"[0, 3, 7, 7]",,,,18,Bridgewater State,iii,MSCAC,14.0,"[7, 7, 0, 0]",,,,,,,
401674111,2024,4,regular,2024-09-21T16:00:00.000Z,False,True,False,False,,5934.0,Farmers Insurance Athletic Complex,110254,Davenport,ii,GLIAC,31.0,"[7, 7, 7, 10]",,,,2118,Central Missouri,ii,Mid America,32.0,"[3, 9, 13, 7]",,,,,,,
401674757,2024,4,regular,2024-09-21T16:00:00.000Z,False,True,False,False,,6124.0,Amos Alonzo Stagg Field (PA),216,Susquehanna,iii,Landmark Conference,38.0,"[21, 3, 7, 7]",,,,2782,SUNY Cortland,iii,Empire 8,40.0,"[7, 13, 7, 13]",,,,,,,
401628486,2024,4,regular,2024-09-21T16:00:00.000Z,False,True,False,False,43109.0,3830.0,"Memorial Stadium (Bloomington, IN)",84,Indiana,fbs,Big Ten,52.0,"[10, 21, 14, 7]",0.998333171707224,1527.0,1592.0,2429,Charlotte,fbs,American Athletic,14.0,"[0, 14, 0, 0]",0.0016668282927759792,1187.0,1122.0,3.5424424745,,,
401676008,2024,4,regular,2024-09-21T16:00:00.000Z,False,True,False,True,,6092.0,Bishop Stadium,286,North Carolina Wesleyan,iii,USA South,28.0,"[0, 7, 0, 21]",,,,2938,Huntingdon,iii,USA South,49.0,"[14, 14, 0, 21]",,,,,,,
401674704,2024,4,regular,2024-09-21T16:00:00.000Z,False,True,False,False,,5831.0,Dale Lippert Field,110438,Dean,iii,ECFC,0.0,"[0, 0, 0, 0]",,,,40,Curry,iii,Commonwealth Coast,50.0,"[14, 7, 23, 6]",,,,,,,
401673439,2024,4,regular,2024-09-21T16:00:00.000Z,False,True,True,True,,7513.0,O'Hara Field,127954,Eastern,iii,Mid Atlantic,24.0,"[0, 10, 6, 8]",,,,388,Lebanon Valley,iii,Mid Atlantic,40.0,"[6, 7, 7, 20]",,,,,,,
401676077,2024,4,regular,2024-09-21T16:00:00.000Z,False,True,False,True,,5133.0,Ram Stadium (WV),2974,Shepherd,ii,Pennsylvania State Athletic,27.0,"[7, 0, 7, 13]",,,,2134,Clarion,ii,Pennsylvania State Athletic,9.0,"[0, 3, 0, 6]",,,,,,,
401674809,2024,4,regular,2024-09-21T16:00:00.000Z,False,True,False,False,,3675.0,Charles A. Gaetano Stadium,390,Utica,iii,Empire 8,42.0,"[14, 7, 7, 14]",,,,2354,Lycoming,iii,Landmark Conference,17.0,"[0, 10, 0, 7]",,,,,,,
401645328,2024,4,regular,2024-09-21T16:00:00.000Z,False,True,False,True,26654.0,3841.0,Michie Stadium,349,Army,fbs,American Athletic,37.0,"[7, 21, 9, 0]",0.9984307056725569,1465.0,1499.0,242,Rice,fbs,American Athletic,14.0,"[0, 0, 7, 7]",0.001569294327443127,1259.0,1225.0,2.632426298283298,,,
401674162,2024,4,regular,2024-09-21T16:00:00.000Z,False,True,False,False,,5890.0,Lewis Field Stadium,2231,Fort Hays,ii,Mid America,37.0,"[7, 10, 10, 10]",,,,196,Northeastern State,ii,Independent DII,0.0,"[0, 0, 0, 0]",,,,,,,
401676415,2024,4,regular,2024-09-21T16:30:00.000Z,False,True,False,False,,6105.0,Day Field,2516,Randolph Macon,iii,Old Dominion,24.0,"[7, 10, 0, 7]",,,,2757,Berry,iii,Southern Athletic,28.0,"[0, 12, 0, 16]",,,,,,,
401628364,2024,4,regular,2024-09-21T16:45:00.000Z,False,True,False,False,61783.0,3683.0,Kroger Field,96,Kentucky,fbs,SEC,41.0,"[3, 14, 10, 14]",0.9986568087619092,1583.0,1668.0,195,Ohio,fbs,Mid-American,6.0,"[0, 0, 0, 6]",0.0013431912380907907,1486.0,1401.0,3.2291517115,,,
401673272,2024,4,regular,2024-09-21T17:00:00.000Z,False,True,False,True,,4852.0,Neta and Eddie DeRose ThunderBowl,2570,CSU Pueblo,ii,Rocky Mountain,38.0,"[21, 0, 7, 10]",,,,11,Colorado Mesa,ii,Rocky Mountain,14.0,"[0, 7, 0, 7]",,,,,,,
401644735,2024,4,regular,2024-09-21T17:00:00.000Z,False,True,False,True,18011.0,3786.0,Kelly/Shorts Stadium,2117,Central Michigan,fbs,Mid-American,37.0,"[0, 23, 0, 14]",0.9936869782520776,1173.0,1174.0,2050,Ball State,fbs,Mid-American,34.0,"[10, 7, 7, 10]",0.006313021747922365,1185.0,1184.0,6.6181255883,,,
401658360,2024,4,regular,2024-09-21T17:00:00.000Z,False,True,False,True,,3642.0,Bobcat Stadium (MD),341,Frostburg State,ii,Mountain East,54.0,"[6, 14, 17, 17]",,,,2148,Concord,ii,Mountain East,21.0,"[0, 14, 0, 7]",,,,,,,
401675773,2024,4,regular,2024-09-21T17:00:00.000Z,False,True,True,True,,10461.0,Spero Financial Field,129469,Anderson (SC),ii,South Atlantic,5.0,"[2, 0, 3, 0]",,,,2336,Limestone,ii,South Atlantic,52.0,"[7, 24, 7, 14]",,,,,,,
401676147,2024,4,regular,2024-09-21T17:00:00.000Z,False,True,False,True,,3733.0,Garcelon Field,121,Bates,iii,NESCAC,7.0,"[0, 0, 0, 7]",,,,2977,Trinity (CT),iii,NESCAC,28.0,"[7, 7, 7, 7]",,,,,,,
401674257,2024,4,regular,2024-09-21T17:00:00.000Z,False,True,False,True,,5121.0,University of Charleston Stadium,2128,Charleston (WV),ii,Mountain East,58.0,"[14, 17, 27, 0]",,,,2882,UNC Pembroke,ii,Mountain East,36.0,"[14, 14, 0, 8]",,,,,,,
401675442,2024,4,regular,2024-09-21T17:00:00.000Z,False,True,False,True,,3718.0,Tom Benson Hall of Fame Stadium,2682,Walsh,ii,Great Midwest Athletic,54.0,"[23, 7, 21, 3]",,,,2316,Kentucky Wesleyan,ii,Great Midwest Athletic,10.0,"[0, 3, 0, 7]",,,,,,,
401675460,2024,4,regular,2024-09-21T17:00:00.000Z,False,True,False,True,,3870.0,Panther Stadium (OH),2477,Ohio Dominican,ii,Great Midwest Athletic,0.0,"[0, 0, 0, 0]",,,,2646,Thomas More,ii,Great Midwest Athletic,6.0,"[3, 0, 0, 3]",,,,,,,
401675562,2024,4,regular,2024-09-21T17:00:00.000Z,False,True,False,True,,4749.0,McPherson Memorial Stadium,2119,Central State,ii,SIAC,7.0,"[0, 7, 0, 0]",,,,2013,Albany State,ii,SIAC,28.0,"[7, 7, 7, 7]",,,,,,,
401677409,2024,4,regular,2024-09-21T17:00:00.000Z,False,True,False,False,,5896.0,Lewis C. Everett Stadium,297,Hampden Sydney,iii,Old Dominion,38.0,"[3, 14, 14, 7]",,,,2121,Centre,iii,Southern Athletic,34.0,"[0, 20, 6, 8]",,,,,,,
401673420,2024,4,regular,2024-09-21T17:00:00.000Z,False,True,False,True,,3851.0,Mustang Stadium,471,Stevenson,iii,Mid Atlantic,21.0,"[0, 14, 0, 7]",,,,2808,Delaware Valley,iii,Mid Atlantic,20.0,"[7, 7, 0, 6]",,,,,,,
401676256,2024,4,regular,2024-09-21T17:00:00.000Z,False,True,False,False,,6132.0,Trinity University Stadium,386,Trinity (TX),iii,Southern Athletic,16.0,"[3, 13, 0, 0]",,,,2688,Washington and Lee,iii,Old Dominion,10.0,"[7, 0, 0, 3]",,,,,,,
401676692,2024,4,regular,2024-09-21T17:00:00.000Z,False,True,False,True,,6068.0,George Williams Athletic Complex,2551,Shaw,ii,CIAA,48.0,"[7, 28, 0, 13]",,,,2339,Lincoln (PA),ii,CIAA,14.0,"[0, 7, 7, 0]",,,,,,,
401676264,2024,4,regular,2024-09-21T17:00:00.000Z,False,True,False,False,,5892.0,Armfield Athletic Center,2258,Guilford,iii,Old Dominion,44.0,"[7, 17, 6, 14]",,,,2553,Sewanee,iii,Southern Athletic,35.0,"[14, 7, 7, 7]",,,,,,,
401676433,2024,4,regular,2024-09-21T17:00:00.000Z,False,True,False,True,,6140.0,John F. Wiley Stadium,2845,Waynesburg,iii,Presidents',16.0,"[0, 9, 0, 7]",,,,2686,Washington & Jefferson,iii,Presidents',55.0,"[14, 14, 20, 7]",,,,,,,
401676143,2024,4,regular,2024-09-21T17:00:00.000Z,False,True,False,True,,6099.0,Selby Stadium,2980,Ohio Wesleyan,iii,North Coast,74.0,"[20, 34, 7, 13]",,,,391,Oberlin,iii,North Coast,0.0,"[0, 0, 0, 0]",,,,,,,
401654634,2024,4,regular,2024-09-21T17:00:00.000Z,False,True,False,False,2400.0,6075.0,W.B. Mason Stadium,284,Stonehill,fcs,NEC,35.0,"[14, 14, 0, 7]",0.9970599011917218,,,2529,Sacred Heart,fcs,FCS Independents,21.0,"[0, 7, 7, 7]",0.0029400988082781687,,,3.3429392729,,,
401676648,2024,4,regular,2024-09-21T17:00:00.000Z,False,True,False,True,,3677.0,Chuck Noll Field,2614,Saint Vincent,iii,Presidents',7.0,"[0, 0, 0, 7]",,,,146,Grove City,iii,Presidents',56.0,"[7, 21, 14, 14]",,,,,,,
401675998,2024,4,regular,2024-09-21T17:00:00.000Z,False,True,False,True,,6117.0,Knight Stadium,2896,Southern Virginia,iii,USA South,6.0,"[0, 0, 0, 6]",,,,2373,Maryville (TN),iii,USA South,54.0,"[21, 14, 10, 9]",,,,,,,
401676063,2024,4,regular,2024-09-21T17:00:00.000Z,False,True,False,True,,5807.0,Brevard Memorial Stadium,2913,Brevard,iii,USA South,42.0,"[0, 7, 21, 14]",,,,2056,Belhaven,iii,USA South,26.0,"[3, 10, 0, 13]",,,,,,,
401676156,2024,4,regular,2024-09-21T17:00:00.000Z,False,True,False,True,,5894.0,Steuben Field,348,Hamilton,iii,NESCAC,7.0,"[7, 0, 0, 0]",,,,7,Amherst,iii,NESCAC,21.0,"[0, 0, 14, 7]",,,,,,,
401676184,2024,4,regular,2024-09-21T17:00:00.000Z,False,True,False,True,,5689.0,Seaverns Field At Harold Alfond Stadium,33,Colby,iii,NESCAC,19.0,"[0, 0, 12, 7]",,,,2731,Williams,iii,NESCAC,24.0,"[7, 7, 7, 3]",,,,,,,
401676255,2024,4,regular,2024-09-21T17:00:00.000Z,False,True,False,False,,3922.0,Kenneth R. Gill Stadium,2700,McDaniel,iii,Centennial,14.0,"[7, 0, 7, 0]",,,,2970,William Paterson,iii,New Jersey,27.0,"[7, 7, 13, 0]",,,,,,,
401682276,2024,4,regular,2024-09-21T17:00:00.000Z,False,True,False,True,,5791.0,Turf Field,111674,Alvernia,iii,Mid Atlantic,10.0,"[0, 10, 0, 0]",,,,247,King's,iii,Mid Atlantic,35.0,"[0, 21, 7, 7]",,,,,,,
401677460,2024,4,regular,2024-09-21T17:00:00.000Z,False,True,False,False,,5832.0,Justin F. Coressel Stadium,190,Defiance College,,,38.0,"[14, 17, 7, 0]",,,,122775,Elgin,,,20.0,"[8, 6, 6, 0]",,,,,,,
401676730,2024,4,regular,2024-09-21T17:00:00.000Z,False,True,True,True,,7422.0,Municipal Stadium,126086,Post,ii,Northeast 10,21.0,"[7, 0, 0, 14]",,,,2487,Pace,ii,Northeast 10,23.0,"[7, 7, 3, 6]",,,,,,,
401654456,2024,4,regular,2024-09-21T17:00:00.000Z,False,True,False,False,2135.0,3847.0,Cooper Field,46,Georgetown,fcs,Patriot,14.0,"[7, 7, 0, 0]",0.30430910506246495,,,225,Brown,fcs,Ivy,26.0,"[14, 6, 6, 0]",0.6956908949375351,,,5.0340681975,,,
401628624,2024,4,regular,2024-09-21T17:00:00.000Z,False,True,False,False,2547.0,6048.0,Duane Stadium,2771,Merrimack,fcs,FCS Independents,15.0,"[10, 5, 0, 0]",0.19565880735980162,,,311,Maine,fcs,CAA,26.0,"[0, 6, 7, 13]",0.8043411926401984,,,6.5262883233,,,
401654505,2024,4,regular,2024-09-21T17:00:00.000Z,False,True,False,False,2984.0,3617.0,Andy Kerr Stadium,2142,Colgate,fcs,Patriot,41.0,"[10, 17, 7, 7]",,,,172,Cornell,fcs,Ivy,24.0,"[10, 7, 0, 7]",,,,,,,
401676777,2024,4,regular,2024-09-21T17:00:00.000Z,False,True,False,True,,6046.0,Meares Stadium,2369,Mars Hill,ii,South Atlantic,21.0,"[7, 7, 7, 0]",,,,2331,Lenoir Rhyne,ii,South Atlantic,29.0,"[7, 3, 6, 13]",,,,,,,
401676753,2024,4,regular,2024-09-21T17:00:00.000Z,False,True,False,True,,4429.0,Seth Grove Stadium,2559,Shippensburg,ii,Pennsylvania State Athletic,7.0,"[7, 0, 0, 0]",,,,215,Slippery Rock,ii,Pennsylvania State Athletic,33.0,"[16, 0, 0, 17]",,,,,,,
401676790,2024,4,regular,2024-09-21T17:00:00.000Z,False,True,False,True,,6078.0,Pioneer Field (TN),2839,Tusculum,ii,South Atlantic,20.0,"[0, 6, 7, 7]",,,,2444,Newberry,ii,South Atlantic,50.0,"[19, 14, 7, 10]",,,,,,,
401677454,2024,4,regular,2024-09-21T17:00:00.000Z,False,True,False,False,,3889.0,Reinhart Field,2951,SUNY Maritime,iii,NEWMAC,32.0,"[0, 20, 6, 6]",,,,15,Anna Maria College,iii,ECFC,27.0,"[7, 0, 7, 13]",,,,,,,
401675387,2024,4,regular,2024-09-21T17:00:00.000Z,False,True,False,True,,3904.0,Rogers Stadium (VA),330,Virginia State,ii,CIAA,14.0,"[0, 7, 0, 7]",,,,2736,Winston-Salem State,ii,CIAA,15.0,"[0, 3, 3, 9]",,,,,,,
401674864,2024,4,regular,2024-09-21T17:00:00.000Z,False,True,False,True,,4855.0,Leslie C. Quick Jr. Stadium,2725,Widener,iii,Mid Atlantic,21.0,"[0, 7, 0, 14]",,,,2015,Albright,iii,Mid Atlantic,0.0,"[0, 0, 0, 0]",,,,,,,
401676659,2024,4,regular,2024-09-21T17:00:00.000Z,False,True,False,False,,6202.0,Cardinal Stadium (DC),2108,Catholic,iii,Landmark Conference,28.0,"[21, 0, 7, 0]",,,,3110,SUNY Morrisville,iii,Empire 8,27.0,"[7, 7, 7, 6]",,,,,,,
401674330,2024,4,regular,2024-09-21T17:00:00.000Z,False,True,False,False,,6047.0,Leemon Field,2816,McKendree,ii,Great Lakes,22.0,"[6, 16, 0, 0]",,,,2817,Minnesota St Moorhead,ii,Northern Sun,15.0,"[7, 0, 8, 0]",,,,,,,
401674510,2024,4,regular,2024-09-21T17:00:00.000Z,False,True,False,True,,6045.0,Dwight T. Reed Stadium,2876,Lincoln (MO),ii,Great Lakes,20.0,"[3, 0, 0, 17]",,,,2911,William Jewell,ii,Great Lakes,48.0,"[7, 24, 14, 3]",,,,,,,
401674224,2024,4,regular,2024-09-21T17:00:00.000Z,False,True,False,True,,3641.0,Blakeslee Stadium,2364,Minnesota State,ii,Northern Sun,40.0,"[12, 14, 14, 0]",,,,568,Minot State,ii,Northern Sun,6.0,"[0, 0, 6, 0]",,,,,,,
401674681,2024,4,regular,2024-09-21T17:00:00.000Z,False,True,False,False,,5851.0,Shirk Field at Musselman Stadium,2248,Gettysburg,iii,Centennial,37.0,"[7, 0, 8, 22]",,,,3112,Christopher Newport,iii,New Jersey,54.0,"[12, 28, 7, 7]",,,,,,,
401679015,2024,4,regular,2024-09-21T17:00:00.000Z,False,True,False,True,,5806.0,Whittier Field,340,Bowdoin,iii,NESCAC,15.0,"[5, 7, 3, 0]",,,,2394,Middlebury,iii,NESCAC,39.0,"[0, 7, 15, 17]",,,,,,,
401676756,2024,4,regular,2024-09-21T17:00:00.000Z,False,True,False,False,,5637.0,Vendetti Field,2884,Nichols,iii,Commonwealth Coast,56.0,"[6, 27, 14, 9]",,,,2557,Coast Guard,iii,NEWMAC,47.0,"[9, 14, 14, 10]",,,,,,,
401676715,2024,4,regular,2024-09-21T17:00:00.000Z,False,True,False,True,,6058.0,Ralph F. DellaCamera Stadium,2441,New Haven,ii,Northeast 10,45.0,"[14, 14, 7, 10]",,,,112334,Franklin Pierce,ii,Northeast 10,34.0,"[7, 6, 7, 14]",,,,,,,
401654470,2024,4,regular,2024-09-21T17:00:00.000Z,False,True,False,False,3573.0,3826.0,Memorial Field,159,Dartmouth,fcs,Ivy,45.0,"[14, 10, 7, 14]",0.9988916215955533,,,2230,Fordham,fcs,Patriot,13.0,"[0, 0, 7, 6]",0.0011083784044466638,,,3.1875802413,,,
401674574,2024,4,regular,2024-09-21T17:00:00.000Z,False,True,False,False,,3950.0,Superior Dome,128,Northern Michigan,ii,GLIAC,27.0,"[0, 10, 10, 7]",,,,2800,Alma,iii,Michigan,44.0,"[13, 17, 0, 14]",,,,,,,
401674822,2024,4,regular,2024-09-21T17:00:00.000Z,False,True,False,False,,6126.0,Bob Boozer Field,2781,Brockport,iii,Empire 8,31.0,"[7, 0, 10, 14]",,,,398,Wilkes,iii,Landmark Conference,17.0,"[3, 7, 0, 7]",,,,,,,
401673410,2024,4,regular,2024-09-21T17:00:00.000Z,False,True,False,False,,5856.0,Boswell Field at David J. Urick Stadium,174,Hobart,iii,Liberty League,27.0,"[0, 0, 7, 20]",,,,323,Moravian,iii,Landmark Conference,12.0,"[6, 0, 6, 0]",,,,,,,
401675418,2024,4,regular,2024-09-21T17:00:00.000Z,False,True,False,True,,3729.0,"Frank ""Muddy"" Waters Stadium",2273,Hillsdale,ii,Great Midwest Athletic,21.0,"[0, 6, 7, 8]",,,,308,Ashland,ii,Great Midwest Athletic,24.0,"[14, 0, 7, 3]",,,,,,,
401674698,2024,4,regular,2024-09-21T17:00:00.000Z,False,True,False,False,,6089.0,Scotty Wood Stadium,2422,Muhlenberg,iii,Centennial,55.0,"[7, 14, 27, 7]",,,,2442,The College of New Jersey,iii,New Jersey,52.0,"[0, 14, 17, 21]",,,,,,,
401673383,2024,4,regular,2024-09-21T17:00:00.000Z,False,True,False,True,,5840.0,Fred Selfe Stadium at Nicewonder Field,2213,Emory & Henry,ii,South Atlantic,41.0,"[0, 13, 14, 14]",,,,122666,Barton,ii,South Atlantic,0.0,"[0, 0, 0, 0]",,,,,,,
401673372,2024,4,regular,2024-09-21T17:00:00.000Z,False,True,False,True,,3663.0,Burke-Tarr Stadium,2105,Carson Newman,ii,South Atlantic,31.0,"[12, 6, 10, 0, 3]",,,,351,Wingate,ii,South Atlantic,28.0,"[6, 14, 0, 8, 0]",,,,,,,
401677411,2024,4,regular,2024-09-21T17:00:00.000Z,False,True,False,False,,6081.0,Harper Davis Field,2398,Millsaps,iii,Southern Athletic,14.0,"[0, 7, 7, 0]",,,,2079,Bridgewater,iii,Old Dominion,28.0,"[7, 7, 7, 7]",,,,,,,
401674918,2024,4,regular,2024-09-21T17:00:00.000Z,False,True,False,False,,6088.0,Schueler Field,2419,Mount St Joseph,iii,Heartland,49.0,"[21, 7, 14, 7]",,,,2790,Albion,iii,Michigan,14.0,"[0, 0, 7, 7]",,,,,,,
401674802,2024,4,regular,2024-09-21T17:00:00.000Z,False,True,False,False,,5636.0,Wright Stadium,173,Hartwick,iii,Empire 8,30.0,"[0, 13, 10, 7]",,,,246,Juniata,iii,Landmark Conference,37.0,"[6, 10, 7, 14]",,,,,,,
401693679,2024,4,regular,2024-09-21T17:00:00.000Z,False,True,True,False,,,,124179,Lincoln (CA),ii,Independent DII,20.0,"[6, 6, 0, 8]",,,,2691,Webber International,,,63.0,"[0, 21, 28, 14]",,,,,,,
401674783,2024,4,regular,2024-09-21T17:00:00.000Z,False,True,False,False,,3614.0,Alumni Stadium (IN),2262,Hanover,iii,Heartland,56.0,"[14, 14, 7, 21]",,,,354,Olivet,iii,Michigan,14.0,"[0, 0, 7, 7]",,,,,,,
401674567,2024,4,regular,2024-09-21T17:00:00.000Z,False,True,False,False,,5120.0,J.J. Keller Field at Titan Stadium,271,Wisconsin Oshkosh,iii,Wisconsin,7.0,"[0, 0, 0, 7]",,,,2392,Michigan Tech,ii,GLIAC,44.0,"[0, 23, 7, 14]",,,,,,,
401674141,2024,4,regular,2024-09-21T17:00:00.000Z,False,True,False,True,,6057.0,Ron & Carol Cope Stadium at Foster Field,2438,Nebraska Kearney,ii,Mid America,17.0,"[0, 14, 3, 0]",,,,2122,Central Oklahoma,ii,Mid America,32.0,"[0, 14, 2, 16]",,,,,,,
401674791,2024,4,regular,2024-09-21T17:00:00.000Z,False,True,False,False,,5930.0,Carl W. Burt Memorial Stadium,2362,Manchester,iii,Heartland,0.0,"[0, 0, 0, 0]",,,,126,Kalamazoo,iii,Michigan,55.0,"[13, 7, 14, 21]",,,,,,,
401674671,2024,4,regular,2024-09-21T17:00:00.000Z,False,True,False,False,,5835.0,Biddle Field,2175,Dickinson,iii,Centennial,21.0,"[0, 14, 7, 0]",,,,2871,Kean,iii,New Jersey,14.0,"[0, 0, 7, 7]",,,,,,,
401675277,2024,4,regular,2024-09-21T17:00:00.000Z,False,True,False,True,,3640.0,Blackstock Stadium,83,DePauw,iii,North Coast,51.0,"[13, 17, 7, 14]",,,,2748,Wooster,iii,North Coast,14.0,"[0, 0, 7, 7]",,,,,,,
401674350,2024,4,regular,2024-09-21T17:00:00.000Z,False,True,False,True,,3760.0,Hubert Jack Stadium,209,Lock Haven,ii,Pennsylvania State Athletic,20.0,"[10, 7, 0, 3]",,,,2858,California (PA),ii,Pennsylvania State Athletic,27.0,"[7, 10, 0, 10]",,,,,,,
401676272,2024,4,regular,2024-09-21T17:30:00.000Z,False,True,False,True,,5812.0,Bernlohr Stadium,424,Capital,iii,Ohio,21.0,"[0, 14, 0, 7]",,,,188,Baldwin Wallace,iii,Ohio,55.0,"[14, 13, 22, 6]",,,,,,,
401676208,2024,4,regular,2024-09-21T17:30:00.000Z,False,True,False,False,,5793.0,Macholtz Stadium,2023,Anderson (IN),iii,Heartland,12.0,"[6, 0, 0, 6]",,,,129738,Calvin,iii,Michigan,66.0,"[7, 24, 21, 14]",,,,,,,
401674798,2024,4,regular,2024-09-21T17:30:00.000Z,False,True,False,False,,6111.0,Cook Stadium,86,Rose Hulman,iii,Heartland,7.0,"[7, 0, 0, 0]",,,,2812,Hope,iii,Michigan,49.0,"[21, 14, 14, 0]",,,,,,,
401676683,2024,4,regular,2024-09-21T17:30:00.000Z,False,True,False,False,,7077.0,Shadek Stadium,2234,Franklin & Marshall,iii,Centennial,35.0,"[7, 14, 7, 7]",,,,2818,Montclair State,iii,New Jersey,10.0,"[0, 3, 0, 7]",,,,,,,
401674775,2024,4,regular,2024-09-21T17:30:00.000Z,False,True,False,False,,3716.0,"Stewart """"Red"""" Faught Stadium",2233,Franklin,iii,Heartland,21.0,"[0, 14, 7, 0]",,,,2003,Adrian,iii,Michigan,42.0,"[14, 7, 14, 7]",,,,,,,
401676342,2024,4,regular,2024-09-21T17:30:00.000Z,False,True,False,True,,4856.0,Mount Union Stadium,426,Mount Union,iii,Ohio,37.0,"[7, 12, 6, 12]",,,,2302,John Carroll,iii,Ohio,31.0,"[7, 14, 0, 10]",,,,,,,
401654550,2024,4,regular,2024-09-21T17:30:00.000Z,False,True,False,False,3108.0,3597.0,Alumni Memorial Field,2678,VMI,fcs,Southern,10.0,"[0, 0, 3, 7]",0.0005293660338235843,,,2450,Norfolk State,fcs,MEAC,32.0,"[0, 19, 7, 6]",0.9994706339661764,,,2.9120574668,,,
401635558,2024,4,regular,2024-09-21T18:00:00.000Z,False,True,False,False,22104.0,3654.0,Brooks Stadium (SC),324,Coastal Carolina,fbs,Sun Belt,24.0,"[3, 7, 7, 7]",0.03903624249304642,1519.0,1448.0,258,Virginia,fbs,ACC,43.0,"[14, 13, 10, 6]",0.9609637575069536,1318.0,1389.0,3.3143909632,,,
401655634,2024,4,regular,2024-09-21T18:00:00.000Z,False,True,False,False,3825.0,3749.0,Hunter Stadium,2815,Lindenwood,fcs,Big South-OVC,64.0,"[7, 35, 16, 6]",0.9989701254148998,,,2900,St. Thomas (MN),fcs,Pioneer,0.0,"[0, 0, 0, 0]",0.0010298745851001767,,,2.8382701392,,,
401628629,2024,4,regular,2024-09-21T18:00:00.000Z,False,True,False,False,17185.0,3714.0,Fargodome,2449,North Dakota State,fcs,MVFC,41.0,"[3, 21, 7, 10]",0.893272710499349,,,119,Towson,fcs,CAA,24.0,"[3, 0, 7, 14]",0.10672728950065102,,,5.9186949357,,,
401658339,2024,4,regular,2024-09-21T18:00:00.000Z,False,True,False,False,,3885.0,Harvey Randall Wickes Memorial Stadium,129,Saginaw Valley State,ii,GLIAC,37.0,"[13, 3, 7, 14]",,,,2654,Truman State,ii,Great Lakes,14.0,"[0, 0, 14, 0]",,,,,,,
401644737,2024,4,regular,2024-09-21T18:00:00.000Z,False,True,False,False,15509.0,3912.0,Rynearson Stadium,2199,Eastern Michigan,fbs,Mid-American,36.0,"[10, 3, 16, 7]",,1303.0,1303.0,2598,Saint Francis,fcs,NEC,0.0,"[0, 0, 0, 0]",,,,,,,
401675547,2024,4,regular,2024-09-21T18:00:00.000Z,False,True,False,True,,6123.0,Jackson Field,2834,Sul Ross State,ii,Lone Star,17.0,"[3, 0, 7, 7]",,,,2848,Western Oregon,ii,Lone Star,39.0,"[11, 7, 14, 7]",,,,,,,
401675412,2024,4,regular,2024-09-21T18:00:00.000Z,False,True,False,True,,3813.0,"Luther ""Nick"" Jeralds Stadium",2220,Fayetteville State,ii,CIAA,31.0,"[0, 7, 10, 14]",,,,2207,Elizabeth City State,ii,CIAA,7.0,"[0, 0, 7, 0]",,,,,,,
401675615,2024,4,regular,2024-09-21T18:00:00.000Z,False,True,False,True,,4747.0,Abbott Memorial Alumni Stadium,2657,Tuskegee,ii,SIAC,16.0,"[7, 3, 6, 0]",,,,2542,Savannah State,ii,SIAC,20.0,"[0, 6, 0, 14]",,,,,,,
401634200,2024,4,regular,2024-09-21T18:00:00.000Z,False,True,False,False,8491.0,3605.0,Alerus Center,155,North Dakota,fcs,MVFC,41.0,"[3, 7, 24, 7]",0.9807982303136972,,,301,San Diego,fcs,Pioneer,24.0,"[7, 7, 3, 7]",0.019201769686302828,,,5.8084366203,,,
401673277,2024,4,regular,2024-09-21T18:00:00.000Z,False,True,False,True,,5880.0,Elliott Field at Don Beebe Stadium,2123,Chadron State,ii,Rocky Mountain,12.0,"[6, 0, 0, 6]",,,,2146,Colorado School of Mines,ii,Rocky Mountain,13.0,"[0, 6, 7, 0]",,,,,,,
401673966,2024,4,regular,2024-09-21T18:00:00.000Z,False,True,False,True,,5816.0,Art Keller Field,2106,Carthage,iii,CCIW,0.0,"[0, 0, 0, 0]",,,,3071,North Central College,iii,CCIW,63.0,"[7, 21, 14, 21]",,,,,,,
401673046,2024,4,regular,2024-09-21T18:00:00.000Z,False,True,False,False,1378.0,3655.0,Brown Field,2674,Valparaiso,fcs,Pioneer,31.0,"[0, 10, 10, 0, 11]",0.9053696182939328,,,127991,Roosevelt,ii,GLIAC,23.0,"[10, 0, 0, 10, 3]",0.09463038170606719,,,5.6783918586,,,
401636875,2024,4,regular,2024-09-21T18:00:00.000Z,False,True,False,False,55428.0,3772.0,Jack Trice Stadium,66,Iowa State,fbs,Big 12,52.0,"[14, 17, 7, 14]",0.9988623730653208,1610.0,1718.0,2032,Arkansas State,fbs,Sun Belt,7.0,"[0, 0, 0, 7]",0.0011376269346792256,1421.0,1313.0,5.4559009327,,,
401674153,2024,4,regular,2024-09-21T18:00:00.000Z,False,True,False,True,,5942.0,Francis G. Welch Stadium,2214,Emporia State,ii,Mid America,30.0,"[10, 0, 3, 14, 3]",,,,137,Missouri Western,ii,Mid America,27.0,"[0, 20, 0, 7, 0]",,,,,,,
401654636,2024,4,regular,2024-09-21T18:00:00.000Z,False,True,False,False,15117.0,3722.0,Fitton Field,107,Holy Cross,fcs,Patriot,31.0,"[7, 10, 0, 14]",0.7383351450282417,,,43,Yale,fcs,Ivy,38.0,"[14, 3, 7, 14]",0.2616648549717583,,,8.9146862618,,,
401674189,2024,4,regular,2024-09-21T18:00:00.000Z,False,True,False,True,,6034.0,Yager Stadium at Moore Bowl,2687,Washburn,ii,Mid America,31.0,"[14, 7, 10, 0]",,,,90,Pittsburg State,ii,Mid America,39.0,"[23, 3, 6, 7]",,,,,,,
401643715,2024,4,regular,2024-09-21T18:00:00.000Z,False,True,False,False,11384.0,3806.0,Lincoln Financial Field,218,Temple,fbs,American Athletic,45.0,"[0, 17, 7, 21]",0.9893971576390547,1092.0,1141.0,328,Utah State,fbs,Mountain West,29.0,"[0, 21, 0, 8]",0.01060284236094533,1242.0,1193.0,8.4879112983,,,
401673447,2024,4,regular,2024-09-21T18:00:00.000Z,False,True,False,True,,5858.0,England Stadium,2286,Illinois College,iii,Midwest,44.0,[],,,,2891,Ripon,iii,Midwest,14.0,[],,,,,,,
401654563,2024,4,regular,2024-09-21T18:00:00.000Z,False,True,False,False,6529.0,1905.0,DakotaDome,233,South Dakota,fcs,MVFC,42.0,"[14, 14, 7, 7]",0.9986236998808207,,,2181,Drake,fcs,Pioneer,3.0,"[0, 3, 0, 0]",0.00137630011917933,,,2.9250630497,,,
401673957,2024,4,regular,2024-09-21T18:00:00.000Z,False,True,False,True,,5897.0,Francis Field (MO),143,Washington St. Louis,iii,CCIW,35.0,"[14, 7, 7, 7]",,,,32,Carroll (WI),iii,CCIW,7.0,"[0, 0, 0, 7]",,,,,,,
401675989,2024,4,regular,2024-09-21T18:00:00.000Z,False,True,False,True,,5797.0,Vago Field,2044,Aurora,iii,NACC,49.0,"[21, 21, 7, 0]",,,,2832,St. Norbert,iii,NACC,0.0,"[0, 0, 0, 0]",,,,,,,
401676369,2024,4,regular,2024-09-21T18:00:00.000Z,False,True,False,True,,4423.0,Young-Wise Memorial Stadium,418,Hendrix,iii,Southern Athletic,35.0,"[15, 7, 0, 13]",,,,2588,Southwestern U,iii,Southern Athletic,20.0,"[0, 13, 7, 0]",,,,,,,
401675014,2024,4,regular,2024-09-21T18:00:00.000Z,False,True,False,True,,5828.0,Van Metre Field at Ash Park,2155,Cornell (IA),iii,Midwest,19.0,"[0, 0, 6, 13]",,,,262,Lake Forest,iii,Midwest,28.0,"[7, 7, 7, 7]",,,,,,,
401674310,2024,4,regular,2024-09-21T18:00:00.000Z,False,True,False,True,,6070.0,Bob Young Field,2894,Sioux Falls,ii,Northern Sun,24.0,"[0, 17, 7, 0]",,,,132,Bemidji State,ii,Northern Sun,28.0,"[14, 0, 7, 7]",,,,,,,
401674534,2024,4,regular,2024-09-21T18:00:00.000Z,False,True,False,True,,3878.0,Plaster Sports Complex,2586,Southwest Baptist,ii,Great Lakes,7.0,"[0, 7, 0, 0]",,,,389,Upper Iowa,ii,Great Lakes,21.0,"[0, 0, 0, 21]",,,,,,,
401675021,2024,4,regular,2024-09-21T18:00:00.000Z,False,True,False,True,,6084.0,April Zorn Memorial Stadium,2919,Monmouth (IL),iii,Midwest,52.0,"[14, 7, 14, 17]",,,,268,Lawrence,iii,Midwest,6.0,"[0, 6, 0, 0]",,,,,,,
401674584,2024,4,regular,2024-09-21T18:00:00.000Z,False,True,False,True,,5921.0,Rock Bowl,263,Loras,iii,American Rivers,17.0,"[3, 7, 0, 7]",,,,63,Buena Vista,iii,American Rivers,20.0,"[6, 7, 7, 0]",,,,,,,
401675028,2024,4,regular,2024-09-21T18:00:00.000Z,False,True,False,True,,6284.0,Village of Lisle-Benedictine University Sports Complex,2283,Benedictine (IL),iii,NACC,34.0,"[14, 13, 0, 7]",,,,2524,Rockford,iii,NACC,7.0,"[0, 7, 0, 0]",,,,,,,
401675295,2024,4,regular,2024-09-21T18:00:00.000Z,False,True,False,False,,5911.0,Ralph E. Davis Pioneer Stadium,272,Wisconsin Platteville,iii,Wisconsin,42.0,"[0, 14, 21, 7]",,,,89,Wabash,iii,North Coast,21.0,"[14, 0, 7, 0]",,,,,,,
401674594,2024,4,regular,2024-09-21T18:00:00.000Z,False,True,False,True,,5817.0,Ron and Joyce Schipper Stadium,2964,Central College,iii,American Rivers,6.0,"[0, 6, 0, 0]",,,,2685,Wartburg,iii,American Rivers,10.0,"[10, 0, 0, 0]",,,,,,,
401675764,2024,4,regular,2024-09-21T18:00:00.000Z,False,True,False,True,,6033.0,Carl Smith Stadium,2842,UVA Wise,ii,South Atlantic,31.0,"[7, 7, 14, 3]",,,,2107,Catawba,ii,South Atlantic,28.0,"[7, 7, 7, 7]",,,,,,,
401675817,2024,4,regular,2024-09-21T18:00:00.000Z,False,True,False,True,,5872.0,Kirkeby-Over Stadium,2043,Augustana (SD),ii,Northern Sun,41.0,"[13, 21, 0, 7]",,,,425,Northern State,ii,Northern Sun,7.0,"[0, 7, 0, 0]",,,,,,,
401674603,2024,4,regular,2024-09-21T18:00:00.000Z,False,True,False,True,,5836.0,Chalmers Field,49,Dubuque,iii,American Rivers,28.0,"[14, 7, 7, 0]",,,,2564,Simpson (IA),iii,American Rivers,14.0,"[7, 0, 0, 7]",,,,,,,
401674690,2024,4,regular,2024-09-21T18:00:00.000Z,False,True,False,False,,5124.0,Homewood Field,118,Johns Hopkins,iii,Centennial,13.0,"[3, 10, 0, 0]",,,,2532,Salisbury,iii,New Jersey,41.0,"[0, 10, 10, 21]",,,,,,,
401674713,2024,4,regular,2024-09-21T18:00:00.000Z,False,True,False,False,,6095.0,Sabine Field at Haynes Family Stadium,2467,Norwich,iii,NEWMAC,22.0,"[0, 7, 7, 8]",,,,2280,Husson,iii,Commonwealth Coast,38.0,"[7, 14, 10, 7]",,,,,,,
401674732,2024,4,regular,2024-09-21T18:00:00.000Z,False,True,False,True,,6093.0,Holmgren Athletic Complex,75,North Park,iii,CCIW,44.0,"[14, 14, 14, 2]",,,,74,Millikin,iii,CCIW,0.0,"[0, 0, 0, 0]",,,,,,,
401674941,2024,4,regular,2024-09-21T18:00:00.000Z,False,True,False,False,,3843.0,MLC Bowl,446,Martin Luther,iii,Upper Midwest,7.0,"[0, 7, 0, 0]",,,,124,Augsburg,iii,Minnesota,34.0,"[7, 13, 7, 7]",,,,,,,
401674950,2024,4,regular,2024-09-21T18:00:00.000Z,False,True,False,False,,5804.0,Royal Stadium,2802,Bethel (MN),iii,Minnesota,51.0,"[7, 24, 7, 13]",,,,2738,Wisconsin Eau Claire,iii,Wisconsin,30.0,"[10, 6, 7, 7]",,,,,,,
401674972,2024,4,regular,2024-09-21T18:00:00.000Z,False,True,False,False,,5903.0,Community Stadium at Goerke Park,2743,Wisconsin Stevens Point,iii,Wisconsin,10.0,"[0, 10, 0, 0]",,,,2968,Gustavus Adolphus,iii,Minnesota,31.0,"[7, 7, 10, 7]",,,,,,,
401674993,2024,4,regular,2024-09-21T18:00:00.000Z,False,True,False,True,,5861.0,Rosenbloom Field,65,Grinnell,iii,Midwest,7.0,"[7, 0, 0, 0]",,,,266,Beloit,iii,Midwest,16.0,"[7, 9, 0, 0]",,,,,,,
401675007,2024,4,regular,2024-09-21T18:00:00.000Z,False,True,False,True,,5908.0,Harley Knosher Bowl,255,Knox,iii,Midwest,13.0,"[0, 7, 0, 6]",,,,80,Chicago,iii,Midwest,27.0,"[7, 3, 14, 3]",,,,,,,
401675961,2024,4,regular,2024-09-21T18:00:00.000Z,False,True,False,True,,6144.0,"Alumni Field (Westfield, MA)",2909,Westfield State,iii,MSCAC,13.0,"[13, 0, 0, 0]",,,,2843,Western Connecticut State,iii,MSCAC,31.0,"[10, 7, 14, 0]",,,,,,,
401676349,2024,4,regular,2024-09-21T18:00:00.000Z,False,True,False,True,,6101.0,"Memorial Stadium (Westerville, OH)",359,Otterbein,iii,Ohio,14.0,"[0, 0, 7, 7]",,,,317,Marietta,iii,Ohio,51.0,"[7, 20, 10, 14]",,,,,,,
401675938,2024,4,regular,2024-09-21T18:00:00.000Z,False,True,False,False,,4854.0,Perkins Stadium,2745,Wisconsin Whitewater,iii,Wisconsin,17.0,"[0, 7, 3, 7]",,,,2371,Mary Hardin Baylor,iii,American Southwest,35.0,"[21, 7, 7, 0]",,,,,,,
401676084,2024,4,regular,2024-09-21T18:00:00.000Z,False,True,False,True,,4431.0,Chryst Field at Biemesderfer Stadium,210,Millersville,ii,Pennsylvania State Athletic,14.0,"[0, 0, 7, 7]",,,,2291,IU Pennsylvania,ii,Pennsylvania State Athletic,42.0,"[14, 7, 14, 7]",,,,,,,
401676140,2024,4,regular,2024-09-21T18:00:00.000Z,False,True,False,False,,5901.0,David Smith Stadium at Ramer Field,2723,Wisconsin River Falls,iii,Wisconsin,66.0,"[35, 21, 7, 3]",,,,2257,Greenville,iii,Upper Midwest,7.0,"[0, 0, 0, 7]",,,,,,,
401676037,2024,4,regular,2024-09-21T18:00:00.000Z,False,True,False,True,,5826.0,Concordia Stadium,2151,Concordia Chicago,iii,NACC,61.0,"[10, 14, 7, 30]",,,,6353,Lakeland,iii,NACC,66.0,"[20, 7, 13, 26]",,,,,,,
401675841,2024,4,regular,2024-09-21T18:00:00.000Z,False,True,False,True,,5780.0,Altra Federal Credit Union Stadium,2851,Winona State,ii,Northern Sun,21.0,"[0, 7, 0, 14]",,,,2844,Wayne State (NE),ii,Northern Sun,28.0,"[7, 7, 7, 7]",,,,,,,
401675835,2024,4,regular,2024-09-21T18:00:00.000Z,False,True,False,True,,6072.0,Schwan Regional Event Center,2587,Southwest Minnesota State,ii,Northern Sun,17.0,"[3, 7, 0, 7]",,,,3066,Concordia St. Paul,ii,Northern Sun,27.0,"[7, 7, 6, 7]",,,,,,,
401675899,2024,4,regular,2024-09-21T18:00:00.000Z,False,True,False,True,,5923.0,Legacy Field in Carlson Stadium,67,Luther,iii,American Rivers,0.0,"[0, 0, 0, 0]",,,,2141,Coe,iii,American Rivers,63.0,"[28, 7, 14, 14]",,,,,,,
401633980,2024,4,regular,2024-09-21T18:30:00.000Z,False,True,False,True,8019.0,3962.0,Tucker Stadium,2635,Tennessee Tech,fcs,Big South-OVC,24.0,"[14, 0, 3, 7]",0.9699619582655378,,,2634,Tennessee State,fcs,Big South-OVC,14.0,"[0, 14, 0, 0]",0.03003804173446223,,,8.5225370522,,,
401643713,2024,4,regular,2024-09-21T19:00:00.000Z,False,True,False,False,16399.0,3816.0,Mackay Stadium,2440,Nevada,fbs,Mountain West,49.0,"[14, 7, 14, 14]",0.9988172654878082,1220.0,1220.0,331,Eastern Washington,fcs,Big Sky,16.0,"[0, 3, 0, 13]",0.001182734512191752,,,3.4402235254,,,
401674170,2024,4,regular,2024-09-21T19:00:00.000Z,False,True,False,True,,6054.0,Fred G. Hughes Stadium,2403,Missouri Southern State,ii,Mid America,0.0,"[0, 0, 0, 0]",,,,138,Northwest Missouri State,ii,Mid America,59.0,"[21, 10, 14, 14]",,,,,,,
401636365,2024,4,regular,2024-09-21T19:00:00.000Z,False,True,False,False,8129.0,3850.0,Municipal Stadium,2065,Bethune-Cookman,fcs,SWAC,37.0,"[28, 6, 3, 0]",0.4169282407147656,,,2805,Clark Atlanta,ii,SIAC,38.0,"[7, 7, 14, 10]",0.5830717592852344,,,6.1120830064,,,
401676089,2024,4,regular,2024-09-21T19:00:00.000Z,False,True,False,True,,5834.0,Deeds Field-Piper Stadium,2171,Denison,iii,North Coast,14.0,"[0, 0, 7, 7]",,,,352,Kenyon,iii,North Coast,0.0,"[0, 0, 0, 0]",,,,,,,
401628619,2024,4,regular,2024-09-21T19:00:00.000Z,False,True,False,True,11302.0,3688.0,Wildcat Stadium,160,New Hampshire,fcs,CAA,38.0,"[17, 14, 0, 7]",0.9642798826232374,,,2803,Bryant,fcs,CAA,17.0,"[3, 7, 0, 7]",0.03572011737676262,,,3.7812855531,,,
401641000,2024,4,regular,2024-09-21T19:00:00.000Z,False,True,False,False,21788.0,3662.0,AmFirst Stadium,55,Jacksonville State,fbs,Conference USA,44.0,"[14, 7, 23, 0]",0.9988923128029182,1372.0,1453.0,2572,Southern Miss,fbs,Sun Belt,7.0,"[0, 7, 0, 0]",0.0011076871970817637,1187.0,1106.0,3.4673349718,,,
401675286,2024,4,regular,2024-09-21T19:00:00.000Z,False,True,False,True,,5855.0,Charles A. Henry Field,2274,Hiram,iii,North Coast,0.0,[],,,,2746,Wittenberg,iii,North Coast,0.0,[],,,,,,,
401655626,2024,4,regular,2024-09-21T19:00:00.000Z,False,True,False,False,25720.0,3987.0,Washington-Grizzly Stadium,149,Montana,fcs,Big Sky,46.0,"[0, 21, 14, 11]",0.9874655634677466,,,2717,Western Carolina,fcs,Southern,35.0,"[14, 13, 0, 8]",0.01253443653225339,,,7.7232014829,,,
401673251,2024,4,regular,2024-09-21T19:00:00.000Z,False,True,False,True,,3860.0,O'Harra Stadium,613,South Dakota Mines,ii,Rocky Mountain,40.0,"[6, 14, 17, 3]",,,,2424,New Mexico Highlands,ii,Rocky Mountain,19.0,"[7, 12, 0, 0]",,,,,,,
401674320,2024,4,regular,2024-09-21T19:00:00.000Z,False,True,False,True,,3638.0,MDU Resources Community Bowl,559,University of Mary,ii,Northern Sun,7.0,"[0, 0, 0, 7]",,,,134,Minnesota Duluth,ii,Northern Sun,43.0,"[7, 7, 22, 7]",,,,,,,
401676361,2024,4,regular,2024-09-21T19:00:00.000Z,False,True,False,True,,6152.0,Wiliams Stadium (OH),2733,Wilmington (OH),iii,Ohio,13.0,"[7, 3, 3, 0]",,,,332,Muskingum,iii,Ohio,42.0,"[7, 14, 7, 14]",,,,,,,
401674957,2024,4,regular,2024-09-21T19:00:00.000Z,False,True,False,False,,7079.0,Laird Stadium,2101,Carleton,iii,Minnesota,28.0,"[7, 7, 7, 7]",,,,2399,Minnesota Morris,iii,Upper Midwest,7.0,"[7, 0, 0, 0]",,,,,,,
401677764,2024,4,regular,2024-09-21T19:05:00.000Z,False,True,False,False,21547.0,3643.0,Bobcat Stadium,147,Montana State,fcs,Big Sky,52.0,"[10, 21, 14, 7]",0.9989671684321498,,,2385,Mercyhurst,fcs,NEC,13.0,"[0, 0, 6, 7]",0.0010328315678501676,,,3.0458703272,,,
401628494,2024,4,regular,2024-09-21T19:30:00.000Z,False,True,False,False,65632.0,3799.0,Lane Stadium,259,Virginia Tech,fbs,ACC,23.0,"[0, 7, 0, 16]",0.1413056103082315,1626.0,1614.0,164,Rutgers,fbs,Big Ten,26.0,"[14, 2, 7, 3]",0.8586943896917685,1511.0,1523.0,4.7686009891,,,
401629042,2024,4,regular,2024-09-21T19:30:00.000Z,False,True,False,False,10847.0,3985.0,Warren McGuirk Alumni Stadium,113,Massachusetts,fbs,FBS Independents,35.0,"[7, 14, 7, 7]",0.9965496435866243,1057.0,1057.0,2115,Central Connecticut,fcs,NEC,31.0,"[0, 21, 7, 3]",0.003450356413375655,,,6.5087893456,,,
401644736,2024,4,regular,2024-09-21T19:30:00.000Z,False,True,False,True,18688.0,3764.0,Huskie Stadium,2459,Northern Illinois,fbs,Mid-American,20.0,"[7, 7, 0, 6, 0]",0.8042575150701324,1476.0,1464.0,2084,Buffalo,fbs,Mid-American,23.0,"[0, 3, 7, 10, 3]",0.19574248492986757,1360.0,1372.0,9.4545107191,,,
401628979,2024,4,regular,2024-09-21T19:30:00.000Z,False,True,False,False,77622.0,3855.0,Notre Dame Stadium,87,Notre Dame,fbs,FBS Independents,28.0,"[0, 14, 7, 7]",0.9986494251644964,1992.0,2000.0,193,Miami (OH),fbs,Mid-American,3.0,"[0, 3, 0, 0]",0.001350574835503604,1458.0,1450.0,6.0816618423,,,
401635554,2024,4,regular,2024-09-21T19:30:00.000Z,False,True,False,True,50727.0,3873.0,L&N Federal Credit Union Stadium,97,Louisville,fbs,ACC,31.0,"[7, 10, 7, 7]",0.9479456067508492,1700.0,1711.0,59,Georgia Tech,fbs,ACC,19.0,"[7, 7, 3, 2]",0.05205439324915084,1556.0,1545.0,6.2185404063,,,
401634247,2024,4,regular,2024-09-21T19:30:00.000Z,False,True,False,False,48437.0,3752.0,Acrisure Stadium,221,Pittsburgh,fbs,ACC,73.0,"[21, 21, 10, 21]",0.9986907179503097,1488.0,1488.0,2754,Youngstown State,fcs,MVFC,17.0,"[0, 10, 7, 0]",0.0013092820496902746,,,2.4052480193,,,
401628493,2024,4,regular,2024-09-21T19:30:00.000Z,False,True,False,False,109526.0,3632.0,Beaver Stadium,213,Penn State,fbs,Big Ten,56.0,"[7, 21, 14, 14]",0.9989704274472642,1848.0,1905.0,2309,Kent State,fbs,Mid-American,0.0,"[0, 0, 0, 0]",0.0010295725527358357,989.0,932.0,3.5624619704,,,
401645330,2024,4,regular,2024-09-21T19:30:00.000Z,False,True,False,False,20973.0,3604.0,Alamodome,2636,UTSA,fbs,American Athletic,45.0,"[10, 21, 7, 7]",0.9988113362451293,1366.0,1366.0,2277,Houston Christian,fcs,Southland,7.0,"[0, 7, 0, 0]",0.0011886637548707002,,,3.332640735,,,
401628489,2024,4,regular,2024-09-21T19:30:00.000Z,False,True,False,True,110702.0,3558.0,Michigan Stadium,130,Michigan,fbs,Big Ten,27.0,"[7, 7, 6, 7]",0.9585892061787497,1911.0,1910.0,30,USC,fbs,Big Ten,24.0,"[0, 3, 14, 7]",0.04141079382125035,1768.0,1769.0,8.7964960185,,,
401628363,2024,4,regular,2024-09-21T19:30:00.000Z,False,True,False,True,88043.0,3785.0,Jordan-Hare Stadium,2,Auburn,fbs,SEC,14.0,"[0, 0, 7, 7]",0.4738599991671969,1569.0,1537.0,8,Arkansas,fbs,SEC,24.0,"[0, 7, 7, 10]",0.5261400008328031,1451.0,1483.0,7.609649793,,,
401636877,2024,4,regular,2024-09-21T19:30:00.000Z,False,True,False,True,58795.0,3784.0,Jones AT&T Stadium,2641,Texas Tech,fbs,Big 12,30.0,"[14, 3, 7, 6]",0.3814853635278148,1623.0,1628.0,9,Arizona State,fbs,Big 12,22.0,"[0, 10, 6, 6]",0.6185146364721852,1511.0,1506.0,5.9004704465,,,
401628365,2024,4,regular,2024-09-21T19:30:00.000Z,False,True,False,False,100315.0,3958.0,Tiger Stadium (LA),99,LSU,fbs,SEC,34.0,"[7, 10, 7, 10]",0.985005897829529,1798.0,1805.0,26,UCLA,fbs,Big Ten,17.0,"[10, 7, 0, 0]",0.014994102170471035,1456.0,1449.0,5.785520424,,,
401645329,2024,4,regular,2024-09-21T19:30:00.000Z,False,True,False,True,31268.0,3852.0,Navy-Marine Corps Memorial Stadium,2426,Navy,fbs,American Athletic,56.0,"[7, 21, 7, 21]",0.9988528789452599,1409.0,1451.0,235,Memphis,fbs,American Athletic,44.0,"[14, 3, 13, 14]",0.00114712105474013,1639.0,1597.0,5.7624205481,,,
401675454,2024,4,regular,2024-09-21T20:00:00.000Z,False,True,False,True,,3731.0,Frost-Kalnow Stadium,2838,Tiffin,ii,Great Midwest Athletic,31.0,"[7, 3, 7, 14]",,,,2886,Northwood,ii,Great Midwest Athletic,23.0,"[7, 0, 3, 13]",,,,,,,
401674493,2024,4,regular,2024-09-21T20:00:00.000Z,False,True,False,True,,3934.0,Southern Nazarene University Football Stadium,200,Southern Nazarene,ii,Great American,7.0,"[0, 0, 0, 7]",,,,2823,Northwestern (OK),ii,Great American,14.0,"[0, 14, 0, 0]",,,,,,,
401636876,2024,4,regular,2024-09-21T20:00:00.000Z,False,True,False,True,52202.0,3646.0,Boone Pickens Stadium,197,Oklahoma State,fbs,Big 12,19.0,"[3, 0, 0, 16]",0.010408504193486882,1595.0,1593.0,254,Utah,fbs,Big 12,22.0,"[0, 10, 3, 9]",0.9895914958065131,1631.0,1633.0,5.0077398301,,,
401675933,2024,4,regular,2024-09-21T20:00:00.000Z,False,True,False,False,,5850.0,Stoffer Family Stadium,415,George Fox,iii,Northwest,17.0,"[0, 3, 14, 0]",,,,17,Claremont Mudd Scripps,iii,So. Cal.,27.0,"[10, 14, 3, 0]",,,,,,,
401676176,2024,4,regular,2024-09-21T20:00:00.000Z,False,True,False,False,,5811.0,William Rolland Stadium,2094,Cal Lutheran,iii,So. Cal.,17.0,"[7, 3, 0, 7]",,,,2486,Pacific Lutheran,iii,Northwest,27.0,"[3, 10, 7, 7]",,,,,,,
401675378,2024,4,regular,2024-09-21T20:00:00.000Z,False,True,False,True,,5873.0,Bulldogs Stadium,2075,Bowie State,ii,CIAA,31.0,"[10, 7, 0, 14]",,,,2940,Livingstone,ii,CIAA,17.0,"[0, 0, 14, 3]",,,,,,,
401675925,2024,4,regular,2024-09-21T20:00:00.000Z,False,True,False,False,,5119.0,Maxwell Field,203,Linfield,iii,Northwest,45.0,"[14, 10, 21, 0]",,,,29,Redlands,iii,So. Cal.,0.0,"[0, 0, 0, 0]",,,,,,,
401658350,2024,4,regular,2024-09-21T20:00:00.000Z,False,True,False,True,,7076.0,J.W. Babb Stadium,101784,Erskine,ii,Gulf South,0.0,"[0, 0, 0, 0]",,,,2673,Valdosta State,ii,Gulf South,73.0,"[14, 24, 21, 14]",,,,,,,
401673152,2024,4,regular,2024-09-21T20:00:00.000Z,False,True,False,True,,5877.0,Lyle Hare Stadium,2069,Black Hills State,ii,Rocky Mountain,33.0,"[0, 19, 7, 7]",,,,2237,Fort Lewis,ii,Rocky Mountain,7.0,"[0, 0, 0, 7]",,,,,,,
401654606,2024,4,regular,2024-09-21T20:00:00.000Z,False,True,False,True,2954.0,3979.0,Wagner College Stadium,2681,Wagner,fcs,NEC,14.0,"[7, 0, 0, 7]",0.06928219538483817,,,2523,Robert Morris,fcs,NEC,21.0,"[7, 0, 14, 0]",0.9307178046151618,,,5.3641828193,,,
401635553,2024,4,regular,2024-09-21T20:00:00.000Z,False,True,False,False,15209.0,3725.0,"Johnny ""Red"" Floyd Stadium",2393,Middle Tennessee,fbs,Conference USA,17.0,"[10, 0, 7, 0]",0.0009954820388864655,1215.0,1182.0,150,Duke,fbs,ACC,45.0,"[28, 7, 3, 7]",0.9990045179611136,1590.0,1623.0,2.3648336031,,,
401654586,2024,4,regular,2024-09-21T20:00:00.000Z,False,True,False,False,4828.0,3779.0,Manning Field at John L. Guidry Stadium,2447,Nicholls,fcs,Southland,66.0,"[21, 24, 14, 7]",0.9989673410539986,,,2400,Mississippi Valley State,fcs,SWAC,0.0,"[0, 0, 0, 0]",0.0010326589460013524,,,1.8931591672,,,
401682376,2024,4,regular,2024-09-21T20:00:00.000Z,False,True,False,False,,5920.0,Griswold Stadium,2333,Lewis & Clark,iii,Northwest,39.0,"[14, 3, 15, 7]",,,,2701,Montana Western,,,56.0,"[14, 7, 21, 14]",,,,,,,
401628623,2024,4,regular,2024-09-21T20:00:00.000Z,False,True,True,False,16813.0,6274.0,Audi Field,2261,Hampton,fcs,CAA,27.0,"[7, 7, 7, 6]",0.646271125395027,,,47,Howard,fcs,MEAC,20.0,"[0, 7, 7, 6]",0.35372887460497304,,,6.2705340239,,,
401676198,2024,4,regular,2024-09-21T20:00:00.000Z,False,True,False,False,,6148.0,The Pine Bowl,2721,Whitworth,iii,Northwest,35.0,"[0, 21, 14, 0]",,,,411,Chapman,iii,So. Cal.,28.0,"[7, 7, 7, 7]",,,,,,,
401628368,2024,4,regular,2024-09-21T20:15:00.000Z,False,True,False,True,62621.0,3838.0,Memorial Stadium,142,Missouri,fbs,SEC,30.0,"[7, 3, 10, 0, 10]",0.27254257561101886,1795.0,1790.0,238,Vanderbilt,fbs,SEC,27.0,"[7, 6, 7, 0, 7]",0.7274574243889811,1312.0,1317.0,9.619524509,,,
401675603,2024,4,regular,2024-09-21T20:30:00.000Z,False,True,False,True,,6042.0,Alumni Stadium (KY),2310,Kentucky State,ii,SIAC,28.0,"[7, 7, 7, 7]",,,,60,Morehouse,ii,SIAC,31.0,"[8, 7, 0, 16]",,,,,,,
401635557,2024,4,regular,2024-09-21T21:00:00.000Z,False,True,False,False,33168.0,3735.0,Gerald J. Ford Stadium,2567,SMU,fbs,ACC,66.0,"[17, 24, 18, 7]",0.981498187675888,1648.0,1700.0,2628,TCU,fbs,Big 12,42.0,"[0, 21, 7, 14]",0.018501812324111966,1580.0,1528.0,4.3086547023,,,
401628620,2024,4,regular,2024-09-21T21:00:00.000Z,False,True,False,True,4023.0,3629.0,Barker-Lane Stadium,2097,Campbell,fcs,CAA,17.0,"[0, 7, 7, 3]",0.7450900169184554,,,2619,Stony Brook,fcs,CAA,24.0,"[14, 7, 0, 3]",0.25490998308154456,,,5.044702821,,,
401675607,2024,4,regular,2024-09-21T21:00:00.000Z,False,True,False,True,,6027.0,Albert J. H. Sloan - Alumni Stadium,2396,Miles,ii,SIAC,42.0,"[8, 28, 0, 6]",,,,2323,Lane College,ii,SIAC,32.0,"[3, 9, 14, 6]",,,,,,,
401641028,2024,4,regular,2024-09-21T21:00:00.000Z,False,True,False,False,29151.0,5388.0,Canvas Stadium,36,Colorado State,fbs,Mountain West,27.0,"[7, 7, 10, 3]",0.9704768467372228,1219.0,1236.0,2638,UTEP,fbs,Conference USA,17.0,"[0, 3, 7, 7]",0.029523153262777213,1223.0,1206.0,5.4054991639,,,
401634145,2024,4,regular,2024-09-21T22:00:00.000Z,False,True,False,True,10489.0,4417.0,Five Star Stadium at the Moye Complex,2382,Mercer,fcs,Southern,38.0,"[14, 14, 7, 3]",0.9969512092535258,,,2643,The Citadel,fcs,Southern,21.0,"[0, 14, 7, 0]",0.003048790746474239,,,5.7903440525,,,
401674500,2024,4,regular,2024-09-21T22:00:00.000Z,False,True,False,False,,3600.0,Tom Adams Field,131,Wayne State (MI),ii,GLIAC,6.0,"[0, 3, 0, 3]",,,,2292,Indianapolis,ii,Great Lakes,30.0,"[7, 15, 6, 2]",,,,,,,
401632078,2024,4,regular,2024-09-21T22:00:00.000Z,False,True,False,False,7087.0,3908.0,Roy Kidd Stadium,2198,Eastern Kentucky,fcs,UAC,42.0,"[14, 7, 7, 14]",0.9988669687583415,,,2413,Morehead State,fcs,Pioneer,13.0,"[3, 7, 3, 0]",0.001133031241658533,,,4.716646083,,,
401628622,2024,4,regular,2024-09-21T22:00:00.000Z,False,True,False,False,4521.0,3894.0,Rhodes Stadium,2210,Elon,fcs,CAA,14.0,"[0, 7, 7, 0]",0.0094253079251996,,,2193,East Tennessee State,fcs,Southern,34.0,"[17, 0, 14, 3]",0.9905746920748004,,,2.5935471734,,,
401628628,2024,4,regular,2024-09-21T22:00:00.000Z,False,True,False,False,2570.0,3613.0,Alumni Stadium,2169,Delaware State,fcs,MEAC,24.0,"[7, 3, 7, 7]",,,,257,Richmond,fcs,CAA,38.0,"[0, 14, 14, 10]",,,,,,,
401675405,2024,4,regular,2024-09-21T22:00:00.000Z,False,True,False,True,,6041.0,Irwin Belk Complex,2304,Johnson C. Smith,ii,CIAA,21.0,"[7, 7, 7, 0]",,,,2676,Virginia Union,ii,CIAA,16.0,"[3, 6, 0, 7]",,,,,,,
401676375,2024,4,regular,2024-09-21T22:00:00.000Z,False,True,False,True,,5799.0,Daly Field at Frank R. Campbell Stadium,2047,Averett,iii,Old Dominion,10.0,"[3, 0, 0, 7]",,,,366,Ferrum,iii,Old Dominion,36.0,"[7, 13, 9, 7]",,,,,,,
401675499,2024,4,regular,2024-09-21T22:00:00.000Z,False,True,True,False,,4752.0,Jahna Field,2683,Warner,,,25.0,[],,,,2560,Shorter,ii,Gulf South,47.0,[],,,,,,,
401676017,2024,4,regular,2024-09-21T22:00:00.000Z,False,True,False,True,,5998.0,Monarch Stadium,291,Methodist,iii,USA South,17.0,"[7, 10, 0, 0]",,,,2256,Greensboro,iii,USA South,14.0,"[0, 7, 0, 7]",,,,,,,
401677407,2024,4,regular,2024-09-21T22:00:00.000Z,False,True,False,True,,5785.0,Dickerson Stadium,2707,West Virginia State,ii,Mountain East,57.0,"[7, 23, 17, 10]",,,,2699,West Liberty,ii,Mountain East,37.0,"[6, 3, 14, 14]",,,,,,,
401632102,2024,4,regular,2024-09-21T22:00:00.000Z,False,True,False,False,,1930.0,Holt Arena,304,Idaho State,fcs,Big Sky,38.0,"[14, 10, 7, 7]",0.37980254100560923,,,253,Southern Utah,fcs,UAC,28.0,"[0, 7, 7, 14]",0.6201974589943908,,,4.2985195188,,,
401640991,2024,4,regular,2024-09-21T22:00:00.000Z,False,True,False,False,24076.0,3992.0,Williams Stadium (VA),2335,Liberty,fbs,Conference USA,35.0,"[0, 7, 14, 14]",0.9941335504778246,1582.0,1589.0,151,East Carolina,fbs,American Athletic,24.0,"[14, 3, 7, 0]",0.00586644952217541,1414.0,1407.0,6.4427227082,,,
401654650,2024,4,regular,2024-09-21T22:00:00.000Z,False,True,False,False,2474.0,3676.0,Christy Mathewson-Memorial Stadium,2083,Bucknell,fcs,Patriot,34.0,"[7, 20, 0, 7]",0.8580567995660301,,,2368,Marist,fcs,Pioneer,18.0,"[7, 0, 0, 11]",0.1419432004339699,,,3.7635677211,,,
401628630,2024,4,regular,2024-09-21T22:00:00.000Z,False,True,False,False,7657.0,3998.0,Zable Stadium,2729,William & Mary,fcs,CAA,34.0,"[7, 13, 7, 7]",,,,231,Furman,fcs,Southern,24.0,"[14, 0, 7, 3]",,,,,,,
401628621,2024,4,regular,2024-09-21T22:00:00.000Z,False,True,False,False,17848.0,3695.0,Delaware Stadium,48,Delaware,fcs,CAA,29.0,"[0, 6, 9, 14]",0.354512139343698,,,219,Pennsylvania,fcs,Ivy,22.0,"[6, 10, 0, 6]",0.6454878606563019,,,7.3166983714,,,
401628625,2024,4,regular,2024-09-21T22:00:00.000Z,False,True,True,False,17922.0,2031.0,Pitbull Stadium,2229,Florida International,fbs,Conference USA,42.0,"[14, 14, 7, 7]",0.9883645065886499,1239.0,1239.0,2405,Monmouth,fcs,CAA,45.0,"[7, 14, 14, 10]",0.011635493411350062,,,6.3219068126,,,
401675511,2024,4,regular,2024-09-21T22:00:00.000Z,False,True,True,True,,10803.0,Pen-Air Field,110242,West Florida,ii,Gulf South,33.0,"[0, 3, 7, 10, 7, 6]",,,,2695,West Alabama,ii,Gulf South,35.0,"[0, 7, 10, 3, 7, 8]",,,,,,,
401676645,2024,4,regular,2024-09-21T23:00:00.000Z,False,True,False,True,,5849.0,Reeves Field (PA),2242,Geneva,iii,Presidents',21.0,"[0, 14, 0, 7]",,,,2644,Thiel,iii,Presidents',6.0,"[6, 0, 0, 0]",,,,,,,
401675486,2024,4,regular,2024-09-21T23:00:00.000Z,False,True,False,True,,6053.0,Robinson-Hale Stadium,2401,Mississippi College,ii,Gulf South,7.0,"[0, 7, 0, 0]",,,,2822,North Greenville,ii,Gulf South,29.0,"[7, 8, 7, 7]",,,,,,,
401676617,2024,4,regular,2024-09-21T23:00:00.000Z,False,True,False,False,,6145.0,Blue Jay Stadium,433,Westminster (MO),iii,Upper Midwest,35.0,"[6, 10, 7, 12]",,,,129741,William Woods,,,50.0,"[15, 15, 7, 13]",,,,,,,
401674765,2024,4,regular,2024-09-21T23:00:00.000Z,False,True,False,False,,5805.0,Alumni Field (OH),2074,Bluffton,iii,Heartland,20.0,"[0, 13, 7, 0]",,,,2651,Trine,iii,Michigan,52.0,"[7, 14, 14, 17]",,,,,,,
401677676,2024,4,regular,2024-09-21T23:00:00.000Z,False,True,False,False,,6136.0,Patterson Field,2667,Ursinus,iii,Centennial,58.0,"[7, 21, 16, 14]",,,,2827,Rowan,iii,New Jersey,14.0,"[0, 7, 0, 7]",,,,,,,
401641008,2024,4,regular,2024-09-21T23:00:00.000Z,False,True,False,False,18152.0,3776.0,Joe Aillet Stadium,2348,Louisiana Tech,fbs,Conference USA,20.0,"[0, 7, 0, 13, 0]",0.29860105174174784,1247.0,1239.0,202,Tulsa,fbs,American Athletic,23.0,"[7, 3, 7, 3, 3]",0.7013989482582521,1185.0,1193.0,8.2645819638,,,
401675947,2024,4,regular,2024-09-21T23:00:00.000Z,False,True,False,False,,5900.0,Don and Nona Williams Stadium,2744,Wisconsin Stout,iii,Wisconsin,56.0,"[7, 21, 21, 7]",,,,583,Northwestern (MN),iii,Upper Midwest,19.0,"[6, 6, 7, 0]",,,,,,,
401675572,2024,4,regular,2024-09-21T23:00:00.000Z,False,True,False,False,,6217.0,W.C. Hawkins Stadium,2019,Allen,ii,SIAC,35.0,[],,,,3179,Point University,,,10.0,[],,,,,,,
401674647,2024,4,regular,2024-09-21T23:00:00.000Z,False,True,True,False,,3877.0,Pioneer Stadium,101161,Lyon,iii,Southern Collegiate Athletic,14.0,"[0, 0, 0, 14]",,,,2758,Howard Payne,iii,American Southwest,41.0,"[14, 24, 0, 3]",,,,,,,
401676419,2024,4,regular,2024-09-21T23:00:00.000Z,False,True,False,True,,5789.0,Frank B. Fuhrer Field,2018,Allegheny,iii,Presidents',7.0,"[0, 0, 0, 7]",,,,2849,Westminster (PA),iii,Presidents',42.0,"[14, 7, 7, 14]",,,,,,,
401674658,2024,4,regular,2024-09-21T23:00:00.000Z,False,True,False,True,,5996.0,Wilford Moore Stadium,241,McMurry,iii,Southern Collegiate Athletic,31.0,"[10, 14, 0, 7]",,,,2639,Texas Lutheran,iii,Southern Collegiate Athletic,10.0,"[0, 3, 0, 7]",,,,,,,
401675478,2024,4,regular,2024-09-21T23:00:00.000Z,False,True,False,False,,5935.0,Parker Field at McCool Stadium,2170,Delta State,ii,Gulf South,27.0,"[7, 3, 7, 10]",,,,2232,Fort Valley State,ii,SIAC,24.0,"[7, 10, 0, 7]",,,,,,,
401676315,2024,4,regular,2024-09-21T23:00:00.000Z,False,True,False,True,,5854.0,Hoernemann Stadium,191,Heidelberg,iii,Ohio,27.0,"[7, 7, 0, 13]",,,,427,Ohio Northern,iii,Ohio,52.0,"[10, 14, 7, 21]",,,,,,,
401676627,2024,4,regular,2024-09-21T23:00:00.000Z,False,True,False,True,,5814.0,Gesling Stadium,2102,Carnegie Mellon,iii,Presidents',66.0,"[31, 14, 7, 14]",,,,2062,Bethany (WV),iii,Presidents',0.0,"[0, 0, 0, 0]",,,,,,,
401676300,2024,4,regular,2024-09-21T23:00:00.000Z,False,True,False,False,,6116.0,Shentel Stadium,2828,Shenandoah,iii,Old Dominion,35.0,"[0, 7, 7, 21]",,,,2519,Rhodes,iii,Southern Athletic,21.0,"[0, 14, 0, 7]",,,,,,,
401676081,2024,4,regular,2024-09-21T23:00:00.000Z,False,True,False,True,,5913.0,Warrior Field at Raabe Stadium,2741,Wisconsin Lutheran,iii,NACC,38.0,"[0, 17, 7, 14]",,,,101,Eureka,iii,NACC,6.0,"[0, 0, 0, 6]",,,,,,,
401674559,2024,4,regular,2024-09-21T23:00:00.000Z,False,True,False,False,,3811.0,Lubbers Stadium,125,Grand Valley State,ii,GLIAC,20.0,"[7, 10, 0, 3]",,,,2740,Wisconsin La Crosse,iii,Wisconsin,13.0,"[0, 7, 3, 3]",,,,,,,
401674528,2024,4,regular,2024-09-21T23:00:00.000Z,False,True,False,True,,3609.0,Allgood-Bailey Stadium,2402,Missouri S&T,ii,Great Lakes,14.0,"[0, 14, 0, 0]",,,,2825,Quincy,ii,Great Lakes,21.0,"[0, 0, 7, 14]",,,,,,,
401674478,2024,4,regular,2024-09-21T23:00:00.000Z,False,True,False,True,,3875.0,Paul Laird Field,199,Southeastern Oklahoma State,ii,Great American,29.0,"[7, 7, 10, 5]",,,,319,Oklahoma Baptist,ii,Great American,10.0,"[3, 7, 0, 0]",,,,,,,
401675551,2024,4,regular,2024-09-21T23:00:00.000Z,False,True,False,True,,5917.0,Ratliff Stadium,110243,UT Permian Basin,ii,Lone Star,14.0,"[0, 7, 7, 0]",,,,2658,Texas A&M-Kingsville,ii,Lone Star,20.0,"[10, 7, 0, 3]",,,,,,,
401655631,2024,4,regular,2024-09-21T23:00:00.000Z,False,True,False,False,1843.0,3627.0,Bailey Memorial Stadium,2506,Presbyterian,fcs,Pioneer,21.0,"[0, 14, 0, 7]",0.001138712522155047,,,2241,Gardner-Webb,fcs,Big South-OVC,42.0,"[7, 14, 0, 21]",0.998861287477845,,,4.5325781065,,,
401635555,2024,4,regular,2024-09-21T23:00:00.000Z,False,True,False,False,58616.0,3886.0,Raymond James Stadium,58,South Florida,fbs,American Athletic,15.0,"[9, 6, 0, 0]",0.001001368047446176,1476.0,1413.0,2390,Miami,fbs,ACC,50.0,"[14, 8, 14, 14]",0.9989986319525538,1774.0,1837.0,4.3442059452,,,
401676164,2024,4,regular,2024-09-21T23:00:00.000Z,False,True,False,True,,6141.0,Corwin Stadium,336,Wesleyan (CT),iii,NESCAC,20.0,"[6, 7, 7, 0]",,,,112,Tufts,iii,NESCAC,9.0,"[3, 6, 0, 0]",,,,,,,
401678897,2024,4,regular,2024-09-21T23:00:00.000Z,False,True,False,True,7432.0,4133.0,Braly Municipal Stadium,2453,North Alabama,fcs,UAC,14.0,"[3, 3, 8, 0]",0.1597424488937046,,,2627,Tarleton State,fcs,UAC,28.0,"[0, 7, 14, 7]",0.8402575511062954,,,6.5518374069,,,
401628491,2024,4,regular,2024-09-21T23:00:00.000Z,False,True,False,True,69788.0,3765.0,Husky Stadium,264,Washington,fbs,Big Ten,24.0,"[7, 10, 0, 7]",0.9989650898845579,1745.0,1766.0,77,Northwestern,fbs,Big Ten,5.0,"[0, 2, 3, 0]",0.0010349101154421003,1514.0,1493.0,3.6213199876,,,
401629031,2024,4,regular,2024-09-21T23:00:00.000Z,False,True,False,False,20144.0,3892.0,Pratt & Whitney Stadium,41,UConn,fbs,FBS Independents,48.0,"[3, 14, 10, 21]",0.991711905067892,1169.0,1297.0,2226,Florida Atlantic,fbs,American Athletic,14.0,"[0, 0, 7, 7]",0.008288094932108026,1403.0,1275.0,3.7160889462,,,
401632100,2024,4,regular,2024-09-21T23:00:00.000Z,False,True,False,False,7947.0,3742.0,Governors Stadium,2046,Austin Peay,fcs,UAC,59.0,"[24, 14, 14, 7]",0.9969556905933626,,,2010,Alabama A&M,fcs,SWAC,16.0,"[3, 0, 0, 13]",0.0030443094066373577,,,3.1548113364,,,
401673974,2024,4,regular,2024-09-21T23:00:00.000Z,False,True,False,True,,5839.0,Langhorst Field,72,Elmhurst,iii,CCIW,7.0,"[0, 7, 0, 0]",,,,306,Illinois Wesleyan,iii,CCIW,55.0,"[21, 20, 7, 7]",,,,,,,
401636374,2024,4,regular,2024-09-21T23:00:00.000Z,False,True,False,False,29024.0,3975.0,Veterans Memorial Stadium (AL),2653,Troy,fbs,Sun Belt,34.0,"[7, 7, 7, 13]",0.9988587901580321,1538.0,1538.0,50,Florida A&M,fcs,SWAC,12.0,"[6, 3, 3, 0]",0.0011412098419678607,,,5.0048566209,,,
401635551,2024,4,regular,2024-09-21T23:00:00.000Z,False,True,False,True,55107.0,3697.0,Doak Campbell Stadium,52,Florida State,fbs,ACC,14.0,"[7, 0, 0, 7]",0.5026968974512162,1596.0,1599.0,25,California,fbs,ACC,9.0,"[0, 6, 3, 0]",0.49730310254878385,1540.0,1537.0,9.9143093528,,,
401674486,2024,4,regular,2024-09-21T23:00:00.000Z,False,True,False,True,,5891.0,Wilkins Stadium,2568,Southern Arkansas,ii,Great American,20.0,"[7, 7, 0, 6]",,,,2888,Ouachita Baptist,ii,Great American,25.0,"[6, 10, 2, 7]",,,,,,,
401674628,2024,4,regular,2024-09-21T23:00:00.000Z,False,True,False,True,,5798.0,Jerry E. Apple Stadium,2045,Austin,iii,Southern Collegiate Athletic,17.0,"[3, 0, 7, 7]",,,,101442,Centenary (LA),iii,Southern Collegiate Athletic,36.0,"[3, 0, 12, 21]",,,,,,,
401634160,2024,4,regular,2024-09-21T23:00:00.000Z,False,True,False,False,9012.0,3744.0,Hancock Stadium,2287,Illinois State,fcs,MVFC,31.0,"[14, 7, 3, 7]",0.9985115923449297,,,2197,Eastern Illinois,fcs,Big South-OVC,7.0,"[0, 7, 0, 0]",0.0014884076550703007,,,3.4462113278,,,
401634183,2024,4,regular,2024-09-21T23:00:00.000Z,False,True,False,False,3985.0,3748.0,Graham Stadium,2630,UT Martin,fcs,Big South-OVC,24.0,"[7, 0, 7, 10]",0.3140906243255758,,,2623,Missouri State,fcs,MVFC,31.0,"[0, 10, 14, 7]",0.6859093756744242,,,4.6384900319,,,
401674412,2024,4,regular,2024-09-21T23:00:00.000Z,False,True,False,True,,5936.0,Koi Ishto Stadium,2191,East Central,ii,Great American,3.0,"[0, 0, 3, 0]",,,,2927,Southwestern Oklahoma State,ii,Great American,19.0,"[0, 6, 7, 6]",,,,,,,
401634242,2024,4,regular,2024-09-21T23:00:00.000Z,False,True,False,False,13421.0,3913.0,Saluki Stadium,79,Southern Illinois,fcs,MVFC,21.0,"[2, 10, 9, 0]",0.009948012699708176,,,2546,Southeast Missouri State,fcs,Big South-OVC,38.0,"[13, 3, 8, 14]",0.9900519873002919,,,5.9291073002,,,
401654851,2024,4,regular,2024-09-21T23:00:00.000Z,False,True,False,False,4477.0,4762.0,Memorial Stadium (Commerce TX),2837,East Texas A&M,fcs,Southland,0.0,"[0, 0, 0, 0]",0.00040365443640107487,,,16,Sacramento State,fcs,Big Sky,34.0,"[3, 17, 14, 0]",0.9995963455635989,,,2.4867423878,,,
401655619,2024,4,regular,2024-09-21T23:00:00.000Z,False,True,False,False,6736.0,3963.0,Harry Turpin Stadium,2466,Northwestern State,fcs,Southland,0.0,"[0, 0, 0, 0]",0.0005374684865195166,,,2692,Weber State,fcs,Big Sky,39.0,"[10, 17, 9, 3]",0.9994625315134805,,,2.4485769752,,,
401632099,2024,4,regular,2024-09-21T23:00:00.000Z,False,True,False,False,8247.0,3740.0,Golden Lion Stadium,2029,Arkansas-Pine Bluff,fcs,SWAC,17.0,"[10, 0, 0, 7]",,,,2110,Central Arkansas,fcs,UAC,56.0,"[14, 21, 14, 7]",,,,,,,
401634215,2024,4,regular,2024-09-21T23:00:00.000Z,False,True,False,False,4387.0,3944.0,Strawberry Stadium,2545,SE Louisiana,fcs,Southland,0.0,"[0, 0, 0, 0]",0.16990443926374976,,,2571,South Dakota State,fcs,MVFC,41.0,"[7, 13, 14, 7]",0.8300955607362502,,,2.5987329877,,,
401654566,2024,4,regular,2024-09-21T23:00:00.000Z,False,True,False,False,8443.0,3882.0,Provost Umphrey Stadium,2320,Lamar,fcs,Southland,20.0,"[0, 0, 7, 13]",0.20221559115639345,,,2640,Texas Southern,fcs,SWAC,17.0,"[3, 7, 0, 7]",0.7977844088436066,,,6.7056453224,,,
401628626,2024,4,regular,2024-09-21T23:00:00.000Z,False,True,False,False,14400.0,3862.0,O'Kelly-Riddick Stadium,2428,North Carolina Central,fcs,MEAC,66.0,"[20, 20, 19, 7]",0.9989575370380523,,,2448,North Carolina A&T,fcs,CAA,24.0,"[9, 3, 6, 6]",0.0010424629619476544,,,3.2864246875,,,
401654511,2024,4,regular,2024-09-21T23:00:00.000Z,False,True,False,False,6875.0,3762.0,Hughes Stadium,2415,Morgan State,fcs,MEAC,56.0,"[21, 21, 7, 7]",,,,2355,Virginia Lynchburg,,,7.0,"[0, 0, 0, 7]",,,,,,,
401654559,2024,4,regular,2024-09-21T23:00:00.000Z,False,True,False,True,9880.0,5238.0,Panther Stadium,2504,Prairie View A&M,fcs,SWAC,24.0,"[0, 14, 7, 3, 0]",0.30521520893320303,,,2582,Southern,fcs,SWAC,31.0,"[3, 0, 13, 8, 7]",0.694784791066797,,,8.9095522461,,,
401636382,2024,4,regular,2024-09-21T23:00:00.000Z,False,True,False,True,19085.0,3902.0,Eddie Robinson Stadium,2755,Grambling,fcs,SWAC,41.0,"[14, 7, 7, 13]",0.541020568729628,,,2296,Jackson State,fcs,SWAC,20.0,"[0, 13, 7, 0]",0.458979431270372,,,6.9239362866,,,
401643716,2024,4,regular,2024-09-21T23:00:00.000Z,False,True,False,False,27049.0,3825.0,DATCU Stadium,249,North Texas,fbs,American Athletic,44.0,"[7, 20, 14, 3]",0.9980916125191562,1336.0,1403.0,2751,Wyoming,fbs,Mountain West,17.0,"[3, 14, 0, 0]",0.001908387480843765,1312.0,1245.0,4.0053375224,,,
401641037,2024,4,regular,2024-09-21T23:00:00.000Z,False,True,False,False,19127.0,3796.0,Houchens Industries-L.T. Smith Stadium,98,Western Kentucky,fbs,Conference USA,26.0,"[0, 7, 5, 14]",0.8172534749790489,1396.0,1409.0,2649,Toledo,fbs,Mid-American,21.0,"[0, 14, 7, 0]",0.18274652502095112,1578.0,1565.0,7.5693083783,,,
401641034,2024,4,regular,2024-09-21T23:00:00.000Z,False,True,False,True,,3647.0,Elliott T. Bowers Stadium,2534,Sam Houston,fbs,Conference USA,31.0,"[14, 7, 0, 10]",0.007016222904642351,1398.0,1435.0,166,New Mexico State,fbs,Conference USA,11.0,"[3, 0, 0, 8]",0.9929837770953577,1302.0,1265.0,3.8631946019,,,
401673947,2024,4,regular,2024-09-21T23:00:00.000Z,False,True,False,True,,5115.0,McCully Stadium,396,Wheaton (IL),iii,CCIW,42.0,"[7, 14, 14, 7]",,,,2042,Augustana (IL),iii,CCIW,3.0,"[0, 0, 0, 3]",,,,,,,
401638360,2024,4,regular,2024-09-21T23:00:00.000Z,False,True,False,False,,3734.0,Gayle and Tom Benson Stadium,2916,Incarnate Word,fcs,Southland,38.0,"[7, 10, 14, 7]",,,,2464,Northern Arizona,fcs,Big Sky,14.0,"[7, 7, 0, 0]",,,,,,,
401628372,2024,4,regular,2024-09-21T23:30:00.000Z,False,True,False,False,99523.0,3795.0,Kyle Field,245,Texas A&M,fbs,SEC,26.0,"[7, 6, 7, 6]",0.9745075158794131,1689.0,1685.0,189,Bowling Green,fbs,Mid-American,20.0,"[0, 3, 14, 3]",0.02549248412058691,1444.0,1448.0,6.5177861153,,,
401628487,2024,4,regular,2024-09-21T23:30:00.000Z,False,True,False,True,52048.0,3953.0,Huntington Bank Stadium,135,Minnesota,fbs,Big Ten,14.0,"[0, 14, 0, 0]",0.05824283009564871,1537.0,1502.0,2294,Iowa,fbs,Big Ten,31.0,"[7, 0, 17, 7]",0.9417571699043513,1591.0,1626.0,4.8042144941,,,
401628370,2024,4,regular,2024-09-21T23:30:00.000Z,False,True,False,False,78704.0,3994.0,Williams-Brice Stadium,2579,South Carolina,fbs,SEC,50.0,"[15, 7, 7, 21]",0.998921525235758,1642.0,1699.0,2006,Akron,fbs,Mid-American,7.0,"[0, 7, 0, 0]",0.0010784747642420545,1110.0,1053.0,4.4608683407,,,
401628369,2024,4,regular,2024-09-21T23:30:00.000Z,False,True,False,True,84701.0,3835.0,"Memorial Stadium (Norman, OK)",201,Oklahoma,fbs,SEC,15.0,"[3, 0, 0, 12]",0.09017369358378567,1848.0,1837.0,2633,Tennessee,fbs,SEC,25.0,"[10, 9, 3, 3]",0.9098263064162143,1964.0,1975.0,4.1458506038,,,
401628366,2024,4,regular,2024-09-21T23:45:00.000Z,False,True,False,False,67505.0,3974.0,Vaught-Hemingway Stadium,145,Ole Miss,fbs,SEC,52.0,"[17, 7, 14, 14]",0.9988444751899406,1824.0,1879.0,290,Georgia Southern,fbs,Sun Belt,13.0,"[0, 7, 3, 3]",0.0011555248100594273,1379.0,1324.0,3.7532950843,,,
401636874,2024,4,regular,2024-09-22T00:00:00.000Z,False,True,False,True,52794.0,3726.0,Folsom Field,38,Colorado,fbs,Big 12,38.0,"[7, 10, 7, 7, 7]",0.3460821362347709,1349.0,1368.0,239,Baylor,fbs,Big 12,31.0,"[3, 21, 0, 7, 0]",0.6539178637652291,1507.0,1488.0,8.3588579146,,,
401674231,2024,4,regular,2024-09-22T00:00:00.000Z,False,True,False,True,,5113.0,Ruggles Field at Carpenter-Haygood Stadium,2271,Henderson State,ii,Great American,27.0,"[7, 0, 0, 20]",,,,2033,Arkansas Tech,ii,Great American,12.0,"[6, 3, 3, 0]",,,,,,,
401654604,2024,4,regular,2024-09-22T00:00:00.000Z,False,True,False,False,11719.0,5440.0,Wildcat Stadium (TX),2000,Abilene Christian,fcs,UAC,24.0,"[0, 3, 8, 13]",0.25020501787093047,,,70,Idaho,fcs,Big Sky,27.0,"[14, 6, 7, 0]",0.7497949821290695,,,4.2950686225,,,
401675522,2024,4,regular,2024-09-22T00:00:00.000Z,False,True,False,True,,5884.0,Buffalo Stadium,2704,West Texas,ii,Lone Star,3.0,"[0, 0, 0, 3]",,,,2120,Central Washington,ii,Lone Star,45.0,"[14, 10, 14, 7]",,,,,,,
401655630,2024,4,regular,2024-09-22T00:00:00.000Z,False,True,False,False,7683.0,3756.0,Homer Bryce Stadium,2617,Stephen F. Austin,fcs,Southland,48.0,"[14, 21, 7, 6]",0.9989453505019323,,,2458,Northern Colorado,fcs,Big Sky,7.0,"[0, 0, 7, 0]",0.0010546494980676613,,,2.6890946247,,,
401628371,2024,4,regular,2024-09-22T00:00:00.000Z,False,True,False,False,102850.0,3910.0,DKR-Texas Memorial Stadium,251,Texas,fbs,SEC,51.0,"[21, 7, 9, 14]",0.9988528992940259,2068.0,2107.0,2433,UL Monroe,fbs,Sun Belt,3.0,"[0, 3, 0, 0]",0.0011471007059741245,1249.0,1210.0,2.860845681,,,
401628490,2024,4,regular,2024-09-22T00:00:00.000Z,False,True,False,False,44500.0,3615.0,"Alumni Stadium (Chestnut Hill, MA)",103,Boston College,fbs,ACC,23.0,"[0, 6, 10, 7]",0.8726267346453923,1470.0,1472.0,127,Michigan State,fbs,Big Ten,19.0,"[3, 10, 3, 3]",0.1273732653546077,1425.0,1423.0,7.9665974973,,,
401654602,2024,4,regular,2024-09-22T00:00:00.000Z,False,True,False,False,10252.0,3686.0,Cowboy Stadium,2377,McNeese,fcs,Southland,42.0,"[21, 7, 14, 0]",0.9988488028923126,,,2016,Alcorn State,fcs,SWAC,14.0,"[0, 7, 7, 0]",0.0011511971076874072,,,3.1692336124,,,
401675514,2024,4,regular,2024-09-22T00:00:00.000Z,False,True,False,True,,3633.0,Ben Altamirano Field,2703,Western New Mexico,ii,Lone Star,0.0,"[0, 0, 0, 0]",,,,2025,Angelo State,ii,Lone Star,21.0,"[0, 7, 7, 7]",,,,,,,
401675531,2024,4,regular,2024-09-22T00:00:00.000Z,False,True,False,True,,5938.0,Al Whitehead Field at Greyhound Stadium,2201,Eastern New Mexico,ii,Lone Star,15.0,[],,,,2395,Midwestern State,ii,Lone Star,36.0,[],,,,,,,
401675987,2024,4,regular,2024-09-22T00:00:00.000Z,False,True,False,False,,5829.0,Old National Bank Stadium,509,Crown,iii,Upper Midwest,13.0,[],,,,375,St. Scholastica,iii,Minnesota,35.0,[],,,,,,,
401673142,2024,4,regular,2024-09-22T00:00:00.000Z,False,True,False,True,,5782.0,Mountaineer Bowl,2714,Western Colorado,ii,Rocky Mountain,38.0,"[7, 14, 10, 7]",,,,2001,Adams State,ii,Rocky Mountain,0.0,"[0, 0, 0, 0]",,,,,,,
401643711,2024,4,regular,2024-09-22T00:30:00.000Z,False,True,False,True,18019.0,3971.0,University Stadium (NM),167,New Mexico,fbs,Mountain West,21.0,"[3, 7, 0, 11]",0.27411160912413174,1196.0,1201.0,278,Fresno State,fbs,Mountain West,38.0,"[8, 17, 3, 10]",0.7258883908758682,1680.0,1675.0,3.2033767502,,,
401643717,2024,4,regular,2024-09-22T00:30:00.000Z,False,True,False,False,34340.0,3893.0,Reser Stadium,204,Oregon State,fbs,Pac-12,38.0,"[7, 10, 7, 14]",0.9518488125411446,1604.0,1619.0,2509,Purdue,fbs,Big Ten,21.0,"[0, 7, 0, 14]",0.04815118745885538,1358.0,1343.0,5.2980932528,,,
401637162,2024,4,regular,2024-09-22T01:45:00.000Z,False,True,False,False,36972.0,3653.0,Albertsons Stadium,68,Boise State,fbs,Mountain West,56.0,"[7, 21, 14, 14]",0.9988357251894284,1636.0,1636.0,2502,Portland State,fcs,Big Sky,14.0,"[7, 0, 0, 7]",0.001164274810571575,,,3.2805577738,,,
401677682,2024,4,regular,2024-09-22T02:00:00.000Z,False,True,False,False,,5909.0,Ortmayer Stadium,2318,La Verne,iii,So. Cal.,41.0,"[14, 3, 14, 7, 3, 0]",,,,2508,Puget Sound,iii,Northwest,49.0,"[7, 10, 7, 14, 3, 8]",,,,,,,
401677679,2024,4,regular,2024-09-22T02:00:00.000Z,False,True,False,False,,6153.0,Hanson Stadium,205,Pacific (OR),iii,Northwest,45.0,"[14, 10, 14, 7]",,,,2923,Pomona Pitzer,iii,So. Cal.,14.0,"[0, 14, 0, 0]",,,,,,,
401632101,2024,4,regular,2024-09-22T02:00:00.000Z,False,True,False,False,14832.0,3602.0,Aggie Stadium,302,UC Davis,fcs,Big Sky,32.0,"[9, 9, 14, 0]",0.9268971241274917,,,3101,Utah Tech,fcs,UAC,14.0,"[0, 0, 7, 7]",0.0731028758725083,,,5.6591242199,,,
401636872,2024,4,regular,2024-09-22T02:30:00.000Z,False,True,False,True,64201.0,3801.0,LaVell Edwards Stadium,252,BYU,fbs,Big 12,38.0,"[0, 17, 14, 7]",0.3460414914488405,1472.0,1600.0,2306,Kansas State,fbs,Big 12,9.0,"[3, 3, 3, 0]",0.6539585085511594,1842.0,1714.0,4.0025471772,,,
401643712,2024,4,regular,2024-09-22T03:59:00.000Z,False,True,False,False,11402.0,7220.0,Clarence T.C. Ching Athletics Complex,62,Hawai'i,fbs,Mountain West,36.0,"[15, 7, 7, 7]",0.9977768458348251,1211.0,1211.0,2460,Northern Iowa,fcs,MVFC,7.0,"[0, 7, 0, 0]",0.0022231541651749342,,,3.2067678244,,,
401645331,2024,5,regular,2024-09-26T23:30:00.000Z,False,True,False,True,13255.0,3806.0,Lincoln Financial Field,218,Temple,fbs,American Athletic,14.0,"[0, 0, 6, 8]",0.0006732126221154471,1141.0,1106.0,349,Army,fbs,American Athletic,42.0,"[7, 7, 14, 14]",0.9993267873778846,1499.0,1534.0,2.4520747902,,,
401676707,2024,5,regular,2024-09-27T22:00:00.000Z,False,True,False,True,,3848.0,Multi-Sport Stadium,2038,Assumption,ii,Northeast 10,35.0,"[0, 14, 7, 14]",,,,126086,Post,ii,Northeast 10,7.0,"[7, 0, 0, 0]",,,,,,,
401634767,2024,5,regular,2024-09-27T23:30:00.000Z,False,True,False,True,59539.0,3948.0,Hard Rock Stadium,2390,Miami,fbs,ACC,38.0,"[14, 3, 7, 14]",0.8207452615666921,1837.0,1834.0,259,Virginia Tech,fbs,ACC,34.0,"[7, 17, 3, 7]",0.17925473843330786,1614.0,1617.0,7.1089230036,,,
401628501,2024,5,regular,2024-09-28T00:00:00.000Z,False,True,False,True,54079.0,6577.0,SHI Stadium,164,Rutgers,fbs,Big Ten,21.0,"[0, 14, 0, 7]",0.2796311771252414,1523.0,1527.0,264,Washington,fbs,Big Ten,18.0,"[3, 0, 7, 8]",0.7203688228747587,1766.0,1762.0,5.3588755655,,,
401675973,2024,5,regular,2024-09-28T16:00:00.000Z,False,True,False,True,,5808.0,Edward C. Swenson Athletic Complex,18,Bridgewater State,iii,MSCAC,41.0,"[7, 10, 17, 7]",,,,2967,Framingham State,iii,MSCAC,0.0,"[0, 0, 0, 0]",,,,,,,
401675999,2024,5,regular,2024-09-28T16:00:00.000Z,False,True,False,True,,5852.0,Jamieson Stadium,2256,Greensboro,iii,USA South,42.0,"[7, 7, 21, 7]",,,,2896,Southern Virginia,iii,USA South,23.0,"[0, 10, 7, 6]",,,,,,,
401677473,2024,5,regular,2024-09-28T16:00:00.000Z,False,True,False,True,,6115.0,Toppa Field,2776,Salve Regina,iii,NEWMAC,19.0,"[12, 7, 0, 0]",,,,109,MIT,iii,NEWMAC,6.0,"[0, 0, 6, 0]",,,,,,,
401676218,2024,5,regular,2024-09-28T16:00:00.000Z,False,True,False,True,,5899.0,"Alumni Stadium (Worcester, MA)",2749,WPI,iii,NEWMAC,14.0,"[0, 14, 0, 0]",,,,2467,Norwich,iii,NEWMAC,0.0,"[0, 0, 0, 0]",,,,,,,
401676936,2024,5,regular,2024-09-28T16:00:00.000Z,False,True,False,False,,6088.0,Schueler Field,2419,Mount St Joseph,iii,Heartland,9.0,"[7, 2, 0, 0]",,,,2723,Wisconsin River Falls,iii,Wisconsin,68.0,"[20, 14, 20, 14]",,,,,,,
401676757,2024,5,regular,2024-09-28T16:00:00.000Z,False,True,False,False,,5831.0,Dale Lippert Field,110438,Dean,iii,ECFC,7.0,"[0, 7, 0, 0]",,,,2884,Nichols,iii,Commonwealth Coast,31.0,"[7, 3, 14, 7]",,,,,,,
401674865,2024,5,regular,2024-09-28T16:00:00.000Z,False,True,False,True,,5127.0,Gene L. Shirk Stadium,2015,Albright,iii,Mid Atlantic,20.0,"[10, 7, 0, 3]",,,,127954,Eastern,iii,Mid Atlantic,41.0,"[7, 14, 7, 13]",,,,,,,
401676009,2024,5,regular,2024-09-28T16:00:00.000Z,False,True,False,True,,5802.0,Belhaven Bowl Stadium,2056,Belhaven,iii,USA South,30.0,"[3, 12, 15, 0]",,,,286,North Carolina Wesleyan,iii,USA South,12.0,"[0, 6, 0, 6]",,,,,,,
401645337,2024,5,regular,2024-09-28T16:00:00.000Z,False,True,False,True,20783.0,4729.0,Yulman Stadium,2655,Tulane,fbs,American Athletic,45.0,"[14, 17, 0, 14]",0.9989238107224483,1576.0,1653.0,58,South Florida,fbs,American Athletic,10.0,"[0, 7, 3, 0]",0.001076189277551709,1413.0,1336.0,2.8602920152,,,
401635565,2024,5,regular,2024-09-28T16:00:00.000Z,False,True,False,False,43455.0,1964.0,JMA Wireless Dome,183,Syracuse,fbs,ACC,42.0,"[14, 14, 7, 7]",0.9969186912232494,1379.0,1379.0,107,Holy Cross,fcs,Patriot,14.0,"[0, 14, 0, 0]",0.003081308776750613,,,4.1831330814,,,
401674823,2024,5,regular,2024-09-28T16:00:00.000Z,False,True,False,False,,3920.0,Schmidt Stadium,398,Wilkes,iii,Landmark Conference,28.0,"[0, 0, 14, 14]",,,,374,St. John Fisher,iii,Empire 8,21.0,"[7, 14, 0, 0]",,,,,,,
401674827,2024,5,regular,2024-09-28T16:00:00.000Z,False,True,False,False,,7082.0,Athletic Field Complex,122774,Keystone,iii,Landmark Conference,9.0,"[3, 3, 3, 0]",,,,174,Hobart,iii,Liberty League,52.0,"[7, 21, 21, 3]",,,,,,,
401674849,2024,5,regular,2024-09-28T16:00:00.000Z,False,True,False,False,,3709.0,Hempstead Stadium,452,Endicott,iii,Commonwealth Coast,28.0,"[0, 14, 0, 14]",,,,2528,Rensselaer,iii,Liberty League,20.0,"[6, 6, 8, 0]",,,,,,,
401676101,2024,5,regular,2024-09-28T16:00:00.000Z,False,True,False,True,,3640.0,Blackstock Stadium,83,DePauw,iii,North Coast,72.0,"[28, 21, 9, 14]",,,,391,Oberlin,iii,North Coast,0.0,"[0, 0, 0, 0]",,,,,,,
401638660,2024,5,regular,2024-09-28T16:00:00.000Z,False,True,False,True,6567.0,36.0,Leonidoff Field,2368,Marist,fcs,Pioneer,14.0,"[7, 7, 0, 0]",0.0021872969476358995,,,2168,Dayton,fcs,Pioneer,47.0,"[7, 20, 6, 14]",0.9978127030523641,,,3.8637373934,,,
401645332,2024,5,regular,2024-09-28T16:00:00.000Z,False,True,False,True,21536.0,7221.0,Protective Stadium,5,UAB,fbs,American Athletic,18.0,"[0, 3, 7, 8]",0.009568800253246804,1265.0,1226.0,2426,Navy,fbs,American Athletic,41.0,"[7, 14, 10, 10]",0.9904311997467532,1451.0,1490.0,2.2221170068,,,
401628499,2024,5,regular,2024-09-28T16:00:00.000Z,False,True,False,True,61441.0,3907.0,Ross-Ade Stadium,2509,Purdue,fbs,Big Ten,10.0,"[0, 0, 3, 7]",0.007497810628081133,1343.0,1322.0,158,Nebraska,fbs,Big Ten,28.0,"[0, 0, 7, 21]",0.9925021893719189,1570.0,1591.0,4.3493917902,,,
401628377,2024,5,regular,2024-09-28T16:00:00.000Z,False,True,False,True,,3974.0,Vaught-Hemingway Stadium,145,Ole Miss,fbs,SEC,17.0,"[7, 0, 10, 0]",0.5076055341165858,1879.0,1861.0,96,Kentucky,fbs,SEC,20.0,"[3, 7, 3, 7]",0.4923944658834142,1668.0,1686.0,8.5683895645,,,
401654617,2024,5,regular,2024-09-28T16:00:00.000Z,False,True,False,True,4003.0,3741.0,Goodman Stadium,2329,Lehigh,fcs,Patriot,35.0,"[7, 7, 7, 7, 7, 0]",,,,2083,Bucknell,fcs,Patriot,38.0,"[0, 14, 7, 7, 7, 3]",,,,,,,
401644597,2024,5,regular,2024-09-28T16:00:00.000Z,False,True,False,True,10753.0,3656.0,Brown Stadium,225,Brown,fcs,Ivy,31.0,"[0, 10, 7, 14]",0.08759360967496908,,,108,Harvard,fcs,Ivy,28.0,"[14, 7, 7, 0]",0.9124063903250309,,,7.7244196832,,,
401636883,2024,5,regular,2024-09-28T16:00:00.000Z,False,True,False,True,,3636.0,Bill Snyder Family Stadium,2306,Kansas State,fbs,Big 12,42.0,"[7, 14, 14, 7]",0.9987864344506733,1714.0,1754.0,197,Oklahoma State,fbs,Big 12,20.0,"[3, 10, 0, 7]",0.0012135655493267228,1593.0,1553.0,4.3914478852,,,
401636880,2024,5,regular,2024-09-28T16:00:00.000Z,False,True,False,True,39583.0,4727.0,McLane Stadium,239,Baylor,fbs,Big 12,28.0,"[7, 7, 7, 7]",0.2634776024180266,1488.0,1485.0,252,BYU,fbs,Big 12,34.0,"[21, 10, 3, 0]",0.7365223975819735,1600.0,1603.0,4.6384675945,,,
401628496,2024,5,regular,2024-09-28T16:00:00.000Z,False,True,False,True,48323.0,3830.0,"Memorial Stadium (Bloomington, IN)",84,Indiana,fbs,Big Ten,42.0,"[0, 14, 14, 14]",0.9900167186508116,1592.0,1628.0,120,Maryland,fbs,Big Ten,28.0,"[0, 7, 14, 7]",0.009983281349188355,1678.0,1642.0,9.5697028927,,,
401676191,2024,5,regular,2024-09-28T16:00:00.000Z,False,True,False,True,,3889.0,Reinhart Field,2951,SUNY Maritime,iii,NEWMAC,20.0,"[6, 7, 7, 0]",,,,2383,Merchant Marine,iii,NEWMAC,23.0,"[3, 7, 7, 6]",,,,,,,
401674551,2024,5,regular,2024-09-28T16:00:00.000Z,False,True,False,False,,5868.0,Ronald J. Abdow Field,2022,American International,ii,Northeast 10,7.0,"[0, 0, 7, 0]",,,,2222,Ferris State,ii,GLIAC,84.0,"[35, 21, 14, 14]",,,,,,,
401635560,2024,5,regular,2024-09-28T16:00:00.000Z,False,True,False,False,41403.0,3615.0,"Alumni Stadium (Chestnut Hill, MA)",103,Boston College,fbs,ACC,21.0,"[0, 7, 0, 14]",0.4690952053969081,1472.0,1471.0,98,Western Kentucky,fbs,Conference USA,20.0,"[7, 10, 3, 0]",0.5309047946030919,1409.0,1410.0,5.6916084438,,,
401674351,2024,5,regular,2024-09-28T16:00:00.000Z,False,True,False,True,,4436.0,Adamson Stadium,2858,California (PA),ii,Pennsylvania State Athletic,49.0,"[7, 21, 14, 7]",,,,367,Gannon,ii,Pennsylvania State Athletic,7.0,"[0, 7, 0, 0]",,,,,,,
401635564,2024,5,regular,2024-09-28T16:00:00.000Z,False,True,False,False,56919.0,3670.0,Carter-Finley Stadium,152,NC State,fbs,ACC,24.0,"[7, 10, 7, 0]",0.18919331608993545,1478.0,1487.0,2459,Northern Illinois,fbs,Mid-American,17.0,"[7, 7, 0, 3]",0.8108066839100645,1464.0,1455.0,6.228092864,,,
401628497,2024,5,regular,2024-09-28T16:00:00.000Z,False,True,False,True,110340.0,3558.0,Michigan Stadium,130,Michigan,fbs,Big Ten,27.0,"[7, 14, 3, 3]",0.8368064978953907,1910.0,1906.0,135,Minnesota,fbs,Big Ten,24.0,"[0, 3, 0, 21]",0.16319350210460926,1502.0,1506.0,4.5968774706,,,
401673431,2024,5,regular,2024-09-28T16:00:00.000Z,False,True,False,True,,5842.0,Robert T. Shields Field,2221,FDU Florham,iii,Mid Atlantic,48.0,"[21, 6, 7, 14]",,,,388,Lebanon Valley,iii,Mid Atlantic,26.0,"[0, 16, 0, 10]",,,,,,,
401674705,2024,5,regular,2024-09-28T16:00:00.000Z,False,True,False,False,,5830.0,Walter M. Katz Field,40,Curry,iii,Commonwealth Coast,13.0,"[0, 0, 6, 7]",,,,175,Ithaca,iii,Liberty League,38.0,"[7, 14, 3, 14]",,,,,,,
401674810,2024,5,regular,2024-09-28T16:00:00.000Z,False,True,False,False,,5925.0,David Person Field,2354,Lycoming,iii,Landmark Conference,48.0,"[17, 10, 14, 7]",,,,125974,Hilbert,iii,Empire 8,0.0,"[0, 0, 0, 0]",,,,,,,
401674879,2024,5,regular,2024-09-28T16:00:00.000Z,False,True,False,True,,5939.0,Cressy Field,379,UMass Dartmouth,iii,MSCAC,60.0,"[14, 27, 6, 13]",,,,293,Vermont State Castleton,iii,MSCAC,10.0,"[7, 0, 3, 0]",,,,,,,
401694304,2024,5,regular,2024-09-28T16:00:00.000Z,False,True,True,False,,,,2098,Campbellsville University,,,24.0,"[3, 7, 7, 7]",,,,127991,Roosevelt,ii,GLIAC,8.0,"[0, 0, 0, 8]",,,,,,,
401629032,2024,5,regular,2024-09-28T16:00:00.000Z,False,True,False,False,20347.0,3892.0,Pratt & Whitney Stadium,41,UConn,fbs,FBS Independents,47.0,"[10, 13, 14, 10]",0.9986057117476549,1297.0,1441.0,2084,Buffalo,fbs,Mid-American,3.0,"[0, 3, 0, 0]",0.0013942882523451106,1372.0,1228.0,3.1734859026,,,
401673411,2024,5,regular,2024-09-28T16:00:00.000Z,False,True,False,False,,6087.0,Drake Field (NY),3110,SUNY Morrisville,iii,Empire 8,6.0,"[0, 0, 6, 0]",,,,323,Moravian,iii,Landmark Conference,14.0,"[7, 7, 0, 0]",,,,,,,
401654488,2024,5,regular,2024-09-28T16:30:00.000Z,False,True,False,False,3359.0,3847.0,Cooper Field,46,Georgetown,fcs,Patriot,20.0,"[0, 7, 6, 7]",0.4063029358109099,,,171,Columbia,fcs,Ivy,17.0,"[7, 7, 0, 3]",0.5936970641890901,,,6.9826421436,,,
401628636,2024,5,regular,2024-09-28T17:00:00.000Z,False,True,False,False,3368.0,5389.0,Kessler Stadium,2405,Monmouth,fcs,CAA,63.0,"[14, 35, 14, 0]",0.9989634704982366,,,2230,Fordham,fcs,Patriot,21.0,"[7, 7, 0, 7]",0.0010365295017633613,,,2.6336176711,,,
401638662,2024,5,regular,2024-09-28T17:00:00.000Z,False,True,False,True,2552.0,3774.0,Jayne Stadium,2413,Morehead State,fcs,Pioneer,17.0,"[7, 3, 0, 7]",0.9797598200522217,,,2674,Valparaiso,fcs,Pioneer,5.0,"[2, 3, 0, 0]",0.02024017994777827,,,7.1598344302,,,
401654471,2024,5,regular,2024-09-28T17:00:00.000Z,False,True,False,False,15211.0,6048.0,Duane Stadium,2771,Merrimack,fcs,FCS Independents,14.0,"[7, 0, 7, 0]",0.8974411874729233,,,159,Dartmouth,fcs,Ivy,16.0,"[7, 3, 0, 6]",0.10255881252707666,,,7.6377655573,,,
401676090,2024,5,regular,2024-09-28T17:00:00.000Z,False,True,False,True,,5834.0,Deeds Field-Piper Stadium,2171,Denison,iii,North Coast,35.0,"[7, 14, 7, 7]",,,,2274,Hiram,iii,North Coast,0.0,"[0, 0, 0, 0]",,,,,,,
401675443,2024,5,regular,2024-09-28T17:00:00.000Z,False,True,False,True,,3870.0,Panther Stadium (OH),2477,Ohio Dominican,ii,Great Midwest Athletic,38.0,"[0, 14, 21, 3]",,,,2316,Kentucky Wesleyan,ii,Great Midwest Athletic,7.0,"[7, 0, 0, 0]",,,,,,,
401676763,2024,5,regular,2024-09-28T17:00:00.000Z,False,True,False,False,,6143.0,Golden Bear Stadium,2702,Western New England,iii,Commonwealth Coast,21.0,"[7, 7, 0, 7]",,,,216,Susquehanna,iii,Landmark Conference,34.0,"[14, 14, 6, 0]",,,,,,,
401675406,2024,5,regular,2024-09-28T17:00:00.000Z,False,True,False,True,,6032.0,Hovey Field,2676,Virginia Union,ii,CIAA,42.0,"[21, 14, 0, 7]",,,,2551,Shaw,ii,CIAA,7.0,"[0, 0, 7, 0]",,,,,,,
401676737,2024,5,regular,2024-09-28T17:00:00.000Z,False,True,False,True,,6074.0,Grappone Stadium,2830,Saint Anselm,ii,Northeast 10,31.0,"[0, 17, 0, 14]",,,,2583,Southern Connecticut State,ii,Northeast 10,28.0,"[14, 0, 0, 14]",,,,,,,
401687169,2024,5,regular,2024-09-28T17:00:00.000Z,False,True,False,True,,5907.0,McCarthy Stadium (Wilkes Barre),247,King's,iii,Mid Atlantic,28.0,"[0, 14, 7, 7]",,,,2725,Widener,iii,Mid Atlantic,25.0,"[7, 3, 0, 15]",,,,,,,
401676265,2024,5,regular,2024-09-28T17:00:00.000Z,False,True,False,True,,3823.0,Hardee-McGee Field,2553,Sewanee,iii,Southern Athletic,21.0,"[7, 0, 7, 7]",,,,2398,Millsaps,iii,Southern Athletic,31.0,"[14, 0, 3, 14]",,,,,,,
401675278,2024,5,regular,2024-09-28T17:00:00.000Z,False,True,False,True,,5906.0,McBride Field,352,Kenyon,iii,North Coast,32.0,"[6, 12, 0, 14]",,,,2748,Wooster,iii,North Coast,26.0,"[0, 0, 7, 19]",,,,,,,
401679013,2024,5,regular,2024-09-28T17:00:00.000Z,False,True,False,True,,6079.0,Alumni Stadium (VT),2394,Middlebury,iii,NESCAC,24.0,"[3, 7, 7, 7]",,,,33,Colby,iii,NESCAC,16.0,"[3, 7, 0, 6]",,,,,,,
401679156,2024,5,regular,2024-09-28T17:00:00.000Z,False,True,False,False,1150.0,4428.0,Saxon Stadium,2385,Mercyhurst,fcs,NEC,24.0,"[0, 12, 6, 6]",,,,341,Frostburg State,ii,Mountain East,25.0,"[14, 3, 8, 0]",,,,,,,
401656601,2024,5,regular,2024-09-28T17:00:00.000Z,False,True,False,False,4818.0,3730.0,Franklin Field,219,Pennsylvania,fcs,Ivy,27.0,"[14, 7, 3, 3]",0.9950417229666161,,,2142,Colgate,fcs,Patriot,17.0,"[0, 7, 3, 7]",0.004958277033383918,,,6.9143309291,,,
401655659,2024,5,regular,2024-09-28T17:00:00.000Z,False,True,False,False,3222.0,3664.0,Butler Bowl,2086,Butler,fcs,Pioneer,63.0,"[21, 21, 7, 14]",0.9989711400563382,,,2355,Virginia Lynchburg,,,0.0,"[0, 0, 0, 0]",0.001028859943661753,,,2.0634486918,,,
401674919,2024,5,regular,2024-09-28T17:00:00.000Z,False,True,False,True,,6130.0,Fred Zollner Athletic Stadium,2651,Trine,iii,Michigan,14.0,"[7, 7, 0, 0]",,,,2790,Albion,iii,Michigan,42.0,"[14, 28, 0, 0]",,,,,,,
401674871,2024,5,regular,2024-09-28T17:00:00.000Z,False,True,False,True,,3851.0,Mustang Stadium,471,Stevenson,iii,Mid Atlantic,34.0,"[14, 7, 6, 7]",,,,111674,Alvernia,iii,Mid Atlantic,20.0,"[0, 0, 7, 13]",,,,,,,
401674737,2024,5,regular,2024-09-28T17:00:00.000Z,False,True,False,True,,980.0,Benedetti-Wehrli Stadium,3071,North Central College,iii,CCIW,49.0,"[7, 7, 14, 21]",,,,143,Washington St. Louis,iii,CCIW,9.0,"[2, 0, 0, 7]",,,,,,,
401674648,2024,5,regular,2024-09-28T17:00:00.000Z,False,True,False,False,,4757.0,Edwards-Maurer Field,2746,Wittenberg,iii,North Coast,36.0,"[3, 6, 20, 7]",,,,2758,Howard Payne,iii,American Southwest,29.0,"[0, 0, 7, 22]",,,,,,,
401674277,2024,5,regular,2024-09-28T17:00:00.000Z,False,True,False,True,,6212.0,Bishop Schmitt Field,112335,Wheeling,ii,Mountain East,49.0,"[14, 21, 14, 0]",,,,2986,Fairmont State,ii,Mountain East,52.0,"[14, 21, 7, 10]",,,,,,,
401673421,2024,5,regular,2024-09-28T17:00:00.000Z,False,True,False,True,,5833.0,Robert A. Lipinski Field at James Work Memorial Stadium,2808,Delaware Valley,iii,Mid Atlantic,13.0,"[0, 6, 0, 7]",,,,2969,Misericordia,iii,Mid Atlantic,0.0,"[0, 0, 0, 0]",,,,,,,
401674331,2024,5,regular,2024-09-28T17:00:00.000Z,False,True,False,True,,3606.0,Scheels Field at Nemzek Stadium,2817,Minnesota St Moorhead,ii,Northern Sun,43.0,"[3, 21, 7, 12]",,,,2043,Augustana (SD),ii,Northern Sun,41.0,"[0, 24, 7, 10]",,,,,,,
401675836,2024,5,regular,2024-09-28T17:00:00.000Z,False,True,False,True,,5933.0,Sea Foam Stadium,3066,Concordia St. Paul,ii,Northern Sun,20.0,"[3, 3, 7, 7]",,,,2364,Minnesota State,ii,Northern Sun,33.0,"[7, 13, 13, 0]",,,,,,,
401675581,2024,5,regular,2024-09-28T17:00:00.000Z,False,True,False,True,,6056.0,B.T. Harvey Stadium,60,Morehouse,ii,SIAC,5.0,"[3, 0, 2, 0]",,,,490,Benedict,ii,SIAC,21.0,"[7, 0, 7, 7]",,,,,,,
401676148,2024,5,regular,2024-09-28T17:00:00.000Z,False,True,False,True,,6141.0,Corwin Stadium,336,Wesleyan (CT),iii,NESCAC,13.0,"[3, 7, 0, 3]",,,,121,Bates,iii,NESCAC,24.0,"[0, 14, 7, 3]",,,,,,,
401675469,2024,5,regular,2024-09-28T17:00:00.000Z,False,True,False,True,,5220.0,Garrison Stadium,2804,Chowan,ii,Gulf South,27.0,"[7, 20, 0, 0]",,,,2401,Mississippi College,ii,Gulf South,25.0,"[0, 10, 0, 15]",,,,,,,
401676105,2024,5,regular,2024-09-28T17:00:00.000Z,False,True,False,True,,3760.0,Hubert Jack Stadium,209,Lock Haven,ii,Pennsylvania State Athletic,24.0,"[7, 3, 7, 7]",,,,210,Millersville,ii,Pennsylvania State Athletic,23.0,"[7, 13, 0, 3]",,,,,,,
401674897,2024,5,regular,2024-09-28T17:00:00.000Z,False,True,False,True,,5940.0,Clean Harbors Stadium,110,Mass Maritime,iii,MSCAC,29.0,"[6, 9, 7, 7]",,,,2972,Plymouth State,iii,MSCAC,6.0,"[0, 0, 0, 6]",,,,,,,
401676025,2024,5,regular,2024-09-28T17:00:00.000Z,False,True,False,True,,5932.0,Lloyd L. Thornton Stadium,2373,Maryville (TN),iii,USA South,0.0,[],,,,2913,Brevard,iii,USA South,0.0,[],,,,,,,
401674803,2024,5,regular,2024-09-28T17:00:00.000Z,False,True,False,False,,5902.0,Knox Stadium,246,Juniata,iii,Landmark Conference,27.0,"[13, 7, 7, 0]",,,,2828,Shenandoah,iii,Old Dominion,62.0,"[17, 17, 21, 7]",,,,,,,
401676165,2024,5,regular,2024-09-28T17:00:00.000Z,False,True,False,True,,6133.0,Ellis Oval at Zimman Field,112,Tufts,iii,NESCAC,25.0,"[3, 15, 7, 0]",,,,7,Amherst,iii,NESCAC,0.0,"[0, 0, 0, 0]",,,,,,,
401675902,2024,5,regular,2024-09-28T17:00:00.000Z,False,True,False,False,,5923.0,Legacy Field in Carlson Stadium,67,Luther,iii,American Rivers,9.0,"[0, 0, 0, 9]",,,,2023,Anderson (IN),iii,Heartland,6.0,"[0, 0, 6, 0]",,,,,,,
401675419,2024,5,regular,2024-09-28T17:00:00.000Z,False,True,False,True,,3770.0,Jack Miller Stadium,308,Ashland,ii,Great Midwest Athletic,21.0,"[7, 7, 0, 7]",,,,2838,Tiffin,ii,Great Midwest Athletic,12.0,"[0, 3, 9, 0]",,,,,,,
401676018,2024,5,regular,2024-09-28T17:00:00.000Z,False,True,False,True,,5910.0,Callaway Stadium,548,LaGrange,iii,USA South,40.0,"[24, 9, 7, 0]",,,,291,Methodist,iii,USA South,24.0,"[10, 7, 0, 7]",,,,,,,
401674748,2024,5,regular,2024-09-28T17:00:00.000Z,False,True,False,False,,5788.0,Merrill Field at Yunevich Stadium,365,Alfred,iii,Empire 8,45.0,"[3, 7, 28, 7]",,,,2108,Catholic,iii,Landmark Conference,15.0,"[3, 0, 6, 6]",,,,,,,
401676157,2024,5,regular,2024-09-28T17:00:00.000Z,False,True,False,True,,5806.0,Whittier Field,340,Bowdoin,iii,NESCAC,28.0,"[14, 7, 7, 0]",,,,348,Hamilton,iii,NESCAC,21.0,"[7, 7, 7, 0]",,,,,,,
401675379,2024,5,regular,2024-09-28T17:00:00.000Z,False,True,False,True,,3649.0,Bowman Gray Stadium,2736,Winston-Salem State,ii,CIAA,28.0,"[0, 21, 0, 7]",,,,2075,Bowie State,ii,CIAA,14.0,"[7, 0, 0, 7]",,,,,,,
401638661,2024,5,regular,2024-09-28T17:00:00.000Z,False,True,False,True,4568.0,3701.0,Drake Stadium,2181,Drake,fcs,Pioneer,30.0,"[3, 10, 7, 10]",0.04016167050289749,,,301,San Diego,fcs,Pioneer,28.0,"[6, 3, 0, 19]",0.9598383294971025,,,6.7778083982,,,
401634172,2024,5,regular,2024-09-28T17:00:00.000Z,False,True,False,False,3466.0,3829.0,Memorial Stadium,282,Indiana State,fcs,MVFC,24.0,"[0, 17, 0, 7]",0.5925270734477003,,,2277,Houston Christian,fcs,Southland,27.0,"[17, 7, 3, 0]",0.4074729265522997,,,6.234554075,,,
401674258,2024,5,regular,2024-09-28T17:00:00.000Z,False,True,False,True,,3667.0,Callaghan Stadium,2148,Concord,ii,Mountain East,7.0,"[0, 0, 0, 7]",,,,2128,Charleston (WV),ii,Mountain East,42.0,"[7, 21, 14, 0]",,,,,,,
401677408,2024,5,regular,2024-09-28T17:00:00.000Z,False,True,False,True,,5785.0,Dickerson Stadium,2707,West Virginia State,ii,Mountain East,48.0,"[7, 17, 17, 7]",,,,455,West Virginia Wesleyan,ii,Mountain East,22.0,"[0, 3, 0, 19]",,,,,,,
401677461,2024,5,regular,2024-09-28T17:00:00.000Z,False,True,False,False,,5832.0,Justin F. Coressel Stadium,190,Defiance College,,,7.0,"[0, 0, 7, 0]",,,,2562,Siena Heights,,,52.0,"[14, 3, 21, 14]",,,,,,,
401676434,2024,5,regular,2024-09-28T17:00:00.000Z,False,True,False,True,,3677.0,Chuck Noll Field,2614,Saint Vincent,iii,Presidents',7.0,"[7, 0, 0, 0]",,,,2845,Waynesburg,iii,Presidents',21.0,"[7, 7, 7, 0]",,,,,,,
401675573,2024,5,regular,2024-09-28T17:00:00.000Z,False,True,False,True,,6217.0,W.C. Hawkins Stadium,2019,Allen,ii,SIAC,13.0,"[0, 6, 0, 7]",,,,2396,Miles,ii,SIAC,33.0,"[3, 14, 9, 7]",,,,,,,
401676750,2024,5,regular,2024-09-28T17:00:00.000Z,False,True,False,True,,4429.0,Seth Grove Stadium,2559,Shippensburg,ii,Pennsylvania State Athletic,0.0,"[0, 0, 0, 0]",,,,2974,Shepherd,ii,Pennsylvania State Athletic,38.0,"[7, 21, 7, 3]",,,,,,,
401676773,2024,5,regular,2024-09-28T17:00:00.000Z,False,True,False,False,,3717.0,Edwin Fauver Stadium,184,Rochester (NY),iii,Liberty League,42.0,"[0, 14, 14, 14]",,,,111675,New England,iii,Commonwealth Coast,21.0,"[0, 0, 14, 7]",,,,,,,
401676225,2024,5,regular,2024-09-28T17:00:00.000Z,False,True,False,True,,5822.0,Cadet Memorial Field,2557,Coast Guard,iii,NEWMAC,34.0,"[7, 7, 6, 14]",,,,81,Springfield,iii,NEWMAC,52.0,"[10, 14, 14, 14]",,,,,,,
401674284,2024,5,regular,2024-09-28T17:00:00.000Z,False,True,False,True,,5887.0,I.L. & Sue Morris Stadium,2249,Glenville State,ii,Mountain East,14.0,"[0, 0, 7, 7]",,,,2882,UNC Pembroke,ii,Mountain East,7.0,"[0, 7, 0, 0]",,,,,,,
401674321,2024,5,regular,2024-09-28T17:05:00.000Z,False,True,False,True,,6051.0,James S. Malosky Stadium,134,Minnesota Duluth,ii,Northern Sun,62.0,"[20, 28, 7, 7]",,,,2587,Southwest Minnesota State,ii,Northern Sun,0.0,"[0, 0, 0, 0]",,,,,,,
401676307,2024,5,regular,2024-09-28T17:30:00.000Z,False,True,False,True,,5931.0,Don Drumm Stadium,317,Marietta,iii,Ohio,54.0,"[21, 14, 12, 7]",,,,424,Capital,iii,Ohio,10.0,"[0, 3, 7, 0]",,,,,,,
401674714,2024,5,regular,2024-09-28T17:30:00.000Z,False,True,False,False,,5794.0,Caparso Field,15,Anna Maria College,iii,ECFC,47.0,"[14, 10, 13, 10]",,,,2280,Husson,iii,Commonwealth Coast,29.0,"[7, 7, 7, 8]",,,,,,,
401643793,2024,5,regular,2024-09-28T17:30:00.000Z,False,True,False,False,25786.0,3651.0,Bridgeforth Stadium,256,James Madison,fbs,Sun Belt,63.0,"[22, 7, 20, 14]",0.9989244133362886,1734.0,1830.0,2050,Ball State,fbs,Mid-American,7.0,"[7, 0, 0, 0]",0.0010755866637114364,1184.0,1088.0,2.9560341032,,,
401676366,2024,5,regular,2024-09-28T17:30:00.000Z,False,True,False,True,,6098.0,Dial-Roberson Stadium,427,Ohio Northern,iii,Ohio,59.0,"[28, 10, 21, 0]",,,,2733,Wilmington (OH),iii,Ohio,3.0,"[0, 0, 0, 3]",,,,,,,
401674776,2024,5,regular,2024-09-28T17:30:00.000Z,False,True,False,False,,3716.0,"Stewart """"Red"""" Faught Stadium",2233,Franklin,iii,Heartland,27.0,"[3, 7, 7, 10]",,,,2980,Ohio Wesleyan,iii,North Coast,14.0,"[7, 7, 0, 0]",,,,,,,
401676185,2024,5,regular,2024-09-28T17:30:00.000Z,False,True,False,True,,6131.0,Jessee/Miller Field,2977,Trinity (CT),iii,NESCAC,45.0,"[0, 21, 17, 7]",,,,2731,Williams,iii,NESCAC,14.0,"[7, 7, 0, 0]",,,,,,,
401676336,2024,5,regular,2024-09-28T17:30:00.000Z,False,True,False,True,,5863.0,Don Shula Stadium at Wasmer Field,2302,John Carroll,iii,Ohio,48.0,"[0, 21, 10, 17]",,,,191,Heidelberg,iii,Ohio,10.0,"[10, 0, 0, 0]",,,,,,,
401674618,2024,5,regular,2024-09-28T18:00:00.000Z,False,True,False,True,,6137.0,Walston-Hoover Stadium,2685,Wartburg,iii,American Rivers,34.0,"[14, 13, 7, 0]",,,,6845,Nebraska Wesleyan,iii,American Rivers,0.0,"[0, 0, 0, 0]",,,,,,,
401674539,2024,5,regular,2024-09-28T18:00:00.000Z,False,True,False,False,,6077.0,Stokes Stadium,2654,Truman State,ii,Great Lakes,31.0,"[0, 3, 21, 7]",,,,131,Wayne State (MI),ii,GLIAC,17.0,"[3, 7, 0, 7]",,,,,,,
401674611,2024,5,regular,2024-09-28T18:00:00.000Z,False,True,False,True,,3635.0,Bill Buxton Stadium,2564,Simpson (IA),iii,American Rivers,66.0,"[15, 30, 14, 7]",,,,263,Loras,iii,American Rivers,14.0,"[0, 0, 14, 0]",,,,,,,
401676635,2024,5,regular,2024-09-28T18:00:00.000Z,False,True,False,True,,6139.0,Cameron Stadium,2686,Washington & Jefferson,iii,Presidents',27.0,"[10, 14, 0, 0, 3]",,,,2102,Carnegie Mellon,iii,Presidents',30.0,"[3, 2, 16, 3, 6]",,,,,,,
401674112,2024,5,regular,2024-09-28T18:00:00.000Z,False,True,False,True,,4724.0,Audrey J. Walton Stadium at Vernon Kennedy Field,2118,Central Missouri,ii,Mid America,36.0,"[7, 20, 3, 6]",,,,2438,Nebraska Kearney,ii,Mid America,35.0,"[0, 7, 14, 14]",,,,,,,
401676049,2024,5,regular,2024-09-28T18:00:00.000Z,False,True,False,False,,4423.0,Young-Wise Memorial Stadium,418,Hendrix,iii,Southern Athletic,31.0,"[8, 13, 7, 3]",,,,2938,Huntingdon,iii,USA South,28.0,"[0, 20, 0, 8]",,,,,,,
401675428,2024,5,regular,2024-09-28T18:00:00.000Z,False,True,False,True,,3698.0,Donnell Stadium,2224,Findlay,ii,Great Midwest Athletic,28.0,"[14, 0, 0, 14]",,,,2273,Hillsdale,ii,Great Midwest Athletic,21.0,"[0, 0, 7, 14]",,,,,,,
401674942,2024,5,regular,2024-09-28T18:00:00.000Z,False,True,False,True,,5795.0,Edor Nelson Field,124,Augsburg,iii,Minnesota,0.0,"[0, 0, 0, 0]",,,,2968,Gustavus Adolphus,iii,Minnesota,28.0,"[7, 7, 7, 7]",,,,,,,
401675990,2024,5,regular,2024-09-28T18:00:00.000Z,False,True,False,True,,5797.0,Vago Field,2044,Aurora,iii,NACC,72.0,"[14, 21, 21, 16]",,,,2151,Concordia Chicago,iii,NACC,6.0,"[0, 6, 0, 0]",,,,,,,
401673975,2024,5,regular,2024-09-28T18:00:00.000Z,False,True,False,True,,5839.0,Langhorst Field,72,Elmhurst,iii,CCIW,28.0,"[0, 21, 7, 0]",,,,75,North Park,iii,CCIW,21.0,"[0, 7, 7, 7]",,,,,,,
401676273,2024,5,regular,2024-09-28T18:00:00.000Z,False,True,False,True,,5801.0,George Finnie Stadium,188,Baldwin Wallace,iii,Ohio,14.0,"[0, 14, 0, 0]",,,,426,Mount Union,iii,Ohio,52.0,"[14, 28, 3, 7]",,,,,,,
401673967,2024,5,regular,2024-09-28T18:00:00.000Z,False,True,False,True,,5859.0,Tucci Stadium,306,Illinois Wesleyan,iii,CCIW,35.0,"[7, 7, 14, 7]",,,,2106,Carthage,iii,CCIW,0.0,"[0, 0, 0, 0]",,,,,,,
401674341,2024,5,regular,2024-09-28T18:00:00.000Z,False,True,False,True,,4435.0,Robert B. Redman Stadium,2071,Bloomsburg,ii,Pennsylvania State Athletic,23.0,"[7, 0, 7, 9]",,,,223,West Chester,ii,Pennsylvania State Athletic,21.0,"[0, 0, 0, 21]",,,,,,,
401674604,2024,5,regular,2024-09-28T18:00:00.000Z,False,True,False,True,,5823.0,Clark Field,2141,Coe,iii,American Rivers,27.0,[],,,,49,Dubuque,iii,American Rivers,10.0,[],,,,,,,
401674585,2024,5,regular,2024-09-28T18:00:00.000Z,False,True,False,True,,5809.0,J. Leslie Rollins Stadium,63,Buena Vista,iii,American Rivers,0.0,"[0, 0, 0, 0]",,,,2964,Central College,iii,American Rivers,52.0,"[7, 3, 28, 14]",,,,,,,
401674926,2024,5,regular,2024-09-28T18:00:00.000Z,False,True,False,True,,5790.0,Bahlke Field,2800,Alma,iii,Michigan,13.0,"[0, 0, 13, 0]",,,,2812,Hope,iii,Michigan,34.0,"[7, 17, 7, 3]",,,,,,,
401673958,2024,5,regular,2024-09-28T18:00:00.000Z,False,True,False,True,,5815.0,Schneider Stadium,32,Carroll (WI),iii,CCIW,10.0,"[0, 3, 7, 0]",,,,396,Wheaton (IL),iii,CCIW,22.0,"[10, 0, 6, 6]",,,,,,,
401674958,2024,5,regular,2024-09-28T18:00:00.000Z,False,True,False,True,,5895.0,Klas Field,162,Hamline,iii,Minnesota,14.0,"[0, 7, 7, 0]",,,,2101,Carleton,iii,Minnesota,24.0,"[7, 10, 7, 0]",,,,,,,
401673242,2024,5,regular,2024-09-28T18:00:00.000Z,False,True,False,True,,6059.0,Sanchez Family Stadium,2424,New Mexico Highlands,ii,Rocky Mountain,12.0,"[0, 0, 6, 6]",,,,2714,Western Colorado,ii,Rocky Mountain,53.0,"[14, 26, 10, 3]",,,,,,,
401676724,2024,5,regular,2024-09-28T18:00:00.000Z,False,True,False,True,,5876.0,Bentley University Football Stadium,2060,Bentley,ii,Northeast 10,35.0,"[14, 7, 0, 14]",,,,2441,New Haven,ii,Northeast 10,45.0,"[21, 0, 10, 14]",,,,,,,
401674629,2024,5,regular,2024-09-28T18:00:00.000Z,False,True,False,True,,5798.0,Jerry E. Apple Stadium,2045,Austin,iii,Southern Collegiate Athletic,9.0,"[0, 9, 0, 0]",,,,241,McMurry,iii,Southern Collegiate Athletic,34.0,"[8, 3, 9, 14]",,,,,,,
401628634,2024,5,regular,2024-09-28T18:00:00.000Z,False,True,False,False,3269.0,3629.0,Barker-Lane Stadium,2097,Campbell,fcs,CAA,44.0,"[10, 7, 11, 16]",0.30462130985109254,,,2169,Delaware State,fcs,MEAC,41.0,"[14, 7, 7, 13]",0.6953786901489074,,,7.1734224263,,,
401675563,2024,5,regular,2024-09-28T18:00:00.000Z,False,True,False,True,,5867.0,Albany State University Coliseum,2013,Albany State,ii,SIAC,49.0,[],,,,2310,Kentucky State,ii,SIAC,21.0,[],,,,,,,
401632110,2024,5,regular,2024-09-28T18:00:00.000Z,False,True,False,False,2868.0,3908.0,Roy Kidd Stadium,2198,Eastern Kentucky,fcs,UAC,31.0,"[7, 3, 14, 7]",0.9987314434105962,,,2523,Robert Morris,fcs,NEC,7.0,"[0, 7, 0, 0]",0.0012685565894038353,,,6.3103610815,,,
401674225,2024,5,regular,2024-09-28T18:00:00.000Z,False,True,False,True,,6052.0,Herb Parker Stadium,568,Minot State,ii,Northern Sun,26.0,"[0, 14, 0, 12]",,,,2894,Sioux Falls,ii,Northern Sun,22.0,"[13, 3, 0, 6]",,,,,,,
401634192,2024,5,regular,2024-09-28T18:00:00.000Z,False,True,False,True,10828.0,3605.0,Alerus Center,155,North Dakota,fcs,MVFC,72.0,"[24, 24, 17, 7]",0.9972531387236705,,,93,Murray State,fcs,MVFC,35.0,"[14, 7, 7, 7]",0.002746861276329504,,,4.2659899896,,,
401638341,2024,5,regular,2024-09-28T18:00:00.000Z,False,True,False,True,,3868.0,Paladin Stadium,231,Furman,fcs,Southern,0.0,[],,,,2535,Samford,fcs,Southern,0.0,[],,,,,,,
401675029,2024,5,regular,2024-09-28T18:00:00.000Z,False,True,False,True,,6110.0,Sam Greeley Field,2524,Rockford,iii,NACC,3.0,"[0, 0, 3, 0]",,,,2832,St. Norbert,iii,NACC,40.0,"[3, 23, 0, 14]",,,,,,,
401674951,2024,5,regular,2024-09-28T18:00:00.000Z,False,True,False,True,,5804.0,Royal Stadium,2802,Bethel (MN),iii,Minnesota,20.0,"[7, 6, 7, 0]",,,,2600,Saint John's (MN),iii,Minnesota,45.0,"[21, 7, 7, 10]",,,,,,,
401676031,2024,5,regular,2024-09-28T18:00:00.000Z,False,True,False,True,,6284.0,Village of Lisle-Benedictine University Sports Complex,2283,Benedictine (IL),iii,NACC,18.0,"[3, 3, 0, 12]",,,,409,Concordia (WI),iii,NACC,23.0,"[7, 10, 0, 6]",,,,,,,
401674544,2024,5,regular,2024-09-28T18:00:00.000Z,False,True,False,True,,3723.0,QU Stadium,2825,Quincy,ii,Great Lakes,27.0,"[0, 20, 0, 7]",,,,389,Upper Iowa,ii,Great Lakes,29.0,"[0, 7, 0, 22]",,,,,,,
401675388,2024,5,regular,2024-09-28T18:00:00.000Z,False,True,False,True,,3904.0,Rogers Stadium (VA),330,Virginia State,ii,CIAA,35.0,"[7, 14, 7, 7]",,,,2220,Fayetteville State,ii,CIAA,18.0,"[7, 3, 0, 8]",,,,,,,
401674638,2024,5,regular,2024-09-28T18:00:00.000Z,False,True,False,False,,5114.0,Shelton Stadium,2810,Hardin Simmons,iii,American Southwest,90.0,"[20, 28, 21, 21]",,,,123086,North American,,,7.0,"[0, 0, 0, 7]",,,,,,,
401674511,2024,5,regular,2024-09-28T18:00:00.000Z,False,True,False,True,,3878.0,Plaster Sports Complex,2586,Southwest Baptist,ii,Great Lakes,17.0,"[0, 7, 10, 0]",,,,2876,Lincoln (MO),ii,Great Lakes,13.0,"[3, 7, 0, 3]",,,,,,,
401675756,2024,5,regular,2024-09-28T18:00:00.000Z,False,True,False,True,,7075.0,Electric Supply Company Field,122666,Barton,ii,South Atlantic,27.0,"[0, 7, 13, 7]",,,,129469,Anderson (SC),ii,South Atlantic,13.0,"[0, 0, 7, 6]",,,,,,,
401628632,2024,5,regular,2024-09-28T18:00:00.000Z,False,True,False,True,12589.0,3894.0,Rhodes Stadium,2210,Elon,fcs,CAA,17.0,"[0, 7, 3, 7]",0.0035713783795476603,,,257,Richmond,fcs,CAA,27.0,"[3, 17, 7, 0]",0.9964286216204523,,,3.5974444479,,,
401654506,2024,5,regular,2024-09-28T18:00:00.000Z,False,True,False,True,12444.0,3921.0,Schoellkopf Field,172,Cornell,fcs,Ivy,47.0,"[13, 14, 6, 14]",0.9647950820970486,,,43,Yale,fcs,Ivy,23.0,"[7, 7, 9, 0]",0.03520491790295144,,,5.2079253328,,,
401632105,2024,5,regular,2024-09-28T18:00:00.000Z,False,True,False,True,,5888.0,University Stadium (GA),2698,West Georgia,fcs,UAC,16.0,"[0, 13, 0, 3]",,,,2453,North Alabama,fcs,UAC,25.0,"[3, 10, 7, 5]",,,,,,,
401674966,2024,5,regular,2024-09-28T18:00:00.000Z,False,True,False,True,,5825.0,Jake Christiansen Stadium,2152,Concordia (MN),iii,Minnesota,35.0,"[7, 7, 14, 7]",,,,375,St. Scholastica,iii,Minnesota,0.0,"[0, 0, 0, 0]",,,,,,,
401632106,2024,5,regular,2024-09-28T18:00:00.000Z,False,True,False,True,3988.0,3742.0,Governors Stadium,2046,Austin Peay,fcs,UAC,17.0,"[0, 7, 10, 0]",0.0945925351996744,,,253,Southern Utah,fcs,UAC,28.0,"[0, 7, 7, 14]",0.9054074648003256,,,6.7135193794,,,
401673948,2024,5,regular,2024-09-28T18:00:00.000Z,False,True,False,True,,6080.0,Frank M. Lindsay Field,74,Millikin,iii,CCIW,20.0,"[6, 7, 0, 7]",,,,2042,Augustana (IL),iii,CCIW,24.0,"[7, 3, 7, 7]",,,,,,,
401674547,2024,5,regular,2024-09-28T18:00:00.000Z,False,True,True,False,,7504.0,Liberty North High School,2911,William Jewell,ii,Great Lakes,7.0,"[0, 0, 7, 0]",,,,110254,Davenport,ii,GLIAC,17.0,"[3, 14, 0, 0]",,,,,,,
401634243,2024,5,regular,2024-09-28T18:00:00.000Z,False,True,False,True,6706.0,1905.0,DakotaDome,233,South Dakota,fcs,MVFC,42.0,"[14, 21, 0, 7]",0.9989258430407729,,,79,Southern Illinois,fcs,MVFC,13.0,"[0, 7, 6, 0]",0.0010741569592270794,,,2.8860680248,,,
401674905,2024,5,regular,2024-09-28T18:30:00.000Z,False,True,False,True,,5898.0,John Coughlin Memorial Field,402,Worcester State,iii,MSCAC,27.0,"[7, 7, 13, 0]",,,,2909,Westfield State,iii,MSCAC,35.0,"[7, 21, 0, 7]",,,,,,,
401674154,2024,5,regular,2024-09-28T18:30:00.000Z,False,True,False,True,,5134.0,Bearcat Stadium,138,Northwest Missouri State,ii,Mid America,14.0,"[0, 7, 0, 7]",,,,2214,Emporia State,ii,Mid America,9.0,"[0, 9, 0, 0]",,,,,,,
401674311,2024,5,regular,2024-09-28T19:00:00.000Z,False,True,False,True,,5874.0,Chet Anderson Stadium,132,Bemidji State,ii,Northern Sun,41.0,"[6, 14, 14, 7]",,,,559,University of Mary,ii,Northern Sun,7.0,"[0, 0, 7, 0]",,,,,,,
401641041,2024,5,regular,2024-09-28T19:00:00.000Z,False,True,True,False,27225.0,3891.0,NRG Stadium,2534,Sam Houston,fbs,Conference USA,40.0,"[0, 21, 13, 6]",0.37425486457436213,1435.0,1439.0,326,Texas State,fbs,Sun Belt,39.0,"[22, 10, 7, 0]",0.6257451354256378,1538.0,1534.0,6.5419499861,,,
401674911,2024,5,regular,2024-09-28T19:00:00.000Z,False,True,False,True,,5787.0,Docking Stadium,2003,Adrian,iii,Michigan,24.0,"[0, 7, 14, 3]",,,,354,Olivet,iii,Michigan,14.0,"[0, 7, 7, 0]",,,,,,,
401675588,2024,5,regular,2024-09-28T19:00:00.000Z,False,True,False,True,,6044.0,Lane Field,2323,Lane College,ii,SIAC,28.0,[],,,,2805,Clark Atlanta,ii,SIAC,38.0,[],,,,,,,
401676639,2024,5,regular,2024-09-28T19:00:00.000Z,False,True,False,True,,5849.0,Reeves Field (PA),2242,Geneva,iii,Presidents',14.0,"[7, 0, 7, 0]",,,,2963,Case Western Reserve,iii,Presidents',56.0,"[28, 21, 7, 0]",,,,,,,
401674560,2024,5,regular,2024-09-28T19:00:00.000Z,False,True,False,False,,3811.0,Lubbers Stadium,125,Grand Valley State,ii,GLIAC,31.0,"[7, 7, 17, 0]",,,,110242,West Florida,ii,Gulf South,7.0,"[0, 7, 0, 0]",,,,,,,
401674175,2024,5,regular,2024-09-28T19:00:00.000Z,False,True,False,True,,6055.0,Craig Field at Spratt Memorial Stadium,137,Missouri Western,ii,Mid America,16.0,"[0, 10, 0, 6]",,,,2687,Washburn,ii,Mid America,24.0,"[7, 0, 10, 7]",,,,,,,
401676420,2024,5,regular,2024-09-28T19:00:00.000Z,False,True,False,True,,6128.0,Alumni Stadium (PA),2644,Thiel,iii,Presidents',6.0,"[0, 0, 0, 6]",,,,2849,Westminster (PA),iii,Presidents',58.0,"[14, 17, 13, 14]",,,,,,,
401673153,2024,5,regular,2024-09-28T19:00:00.000Z,False,True,False,True,,5883.0,Marv Kay Stadium at Campbell Field,2146,Colorado School of Mines,ii,Rocky Mountain,52.0,"[35, 7, 10, 0]",,,,2069,Black Hills State,ii,Rocky Mountain,24.0,"[7, 3, 0, 14]",,,,,,,
401674665,2024,5,regular,2024-09-28T19:00:00.000Z,False,True,True,True,,3877.0,Pioneer Stadium,101161,Lyon,iii,Southern Collegiate Athletic,0.0,[],,,,2639,Texas Lutheran,iii,Southern Collegiate Athletic,49.0,[],,,,,,,
401673143,2024,5,regular,2024-09-28T19:00:00.000Z,False,True,False,True,,5866.0,Rex Stadium,2001,Adams State,ii,Rocky Mountain,10.0,"[10, 0, 0, 0]",,,,2570,CSU Pueblo,ii,Rocky Mountain,66.0,"[8, 21, 27, 10]",,,,,,,
401673281,2024,5,regular,2024-09-28T19:00:00.000Z,False,True,False,True,,5882.0,Ralph Stocker Stadium,11,Colorado Mesa,ii,Rocky Mountain,18.0,"[0, 6, 12, 0]",,,,2123,Chadron State,ii,Rocky Mountain,3.0,"[0, 0, 0, 3]",,,,,,,
401634161,2024,5,regular,2024-09-28T19:00:00.000Z,False,True,False,True,11687.0,3744.0,Hancock Stadium,2287,Illinois State,fcs,MVFC,10.0,"[0, 7, 0, 3]",0.0009293238817252767,,,2449,North Dakota State,fcs,MVFC,42.0,"[7, 7, 21, 7]",0.9990706761182747,,,2.3847660905,,,
401654464,2024,5,regular,2024-09-28T19:00:00.000Z,False,True,False,False,7886.0,3881.0,Princeton University Stadium,163,Princeton,fcs,Ivy,30.0,"[10, 10, 3, 7]",0.4637356829439283,,,47,Howard,fcs,MEAC,13.0,"[0, 0, 7, 6]",0.5362643170560717,,,3.8434520543,,,
401634146,2024,5,regular,2024-09-28T19:00:00.000Z,False,True,False,True,1219.0,3737.0,Gibbs Stadium,2747,Wofford,fcs,Southern,3.0,"[3, 0, 0, 0]",0.0006411542966830065,,,2382,Mercer,fcs,Southern,22.0,"[3, 3, 2, 14]",0.999358845703317,,,5.5023172722,,,
401634184,2024,5,regular,2024-09-28T19:00:00.000Z,False,True,False,True,12117.0,3878.0,Plaster Sports Complex,2623,Missouri State,fcs,MVFC,38.0,"[7, 17, 0, 14]",0.5807902607384332,,,2754,Youngstown State,fcs,MVFC,31.0,"[7, 7, 3, 14]",0.4192097392615668,,,7.3926445394,,,
401633982,2024,5,regular,2024-09-28T19:00:00.000Z,False,True,False,True,3890.0,3858.0,O'Brien Stadium,2197,Eastern Illinois,fcs,Big South-OVC,25.0,"[14, 3, 0, 8]",0.11940140706745551,,,2815,Lindenwood,fcs,Big South-OVC,28.0,"[0, 0, 14, 14]",0.8805985929325445,,,8.1315433907,,,
401634046,2024,5,regular,2024-09-28T19:00:00.000Z,False,True,False,True,4495.0,3856.0,Nottingham Field,2458,Northern Colorado,fcs,Big Sky,7.0,"[0, 0, 7, 0]",0.0009247303066035885,,,13,Cal Poly,fcs,Big Sky,28.0,"[14, 0, 7, 7]",0.9990752696933964,,,4.1359536064,,,
401654553,2024,5,regular,2024-09-28T19:00:00.000Z,False,True,True,True,,3812.0,Lucas Oil Stadium,2450,Norfolk State,fcs,MEAC,10.0,"[0, 3, 0, 7]",0.0007724335720816563,,,2428,North Carolina Central,fcs,MEAC,37.0,"[14, 10, 6, 7]",0.9992275664279183,,,2.1254539995,,,
401636346,2024,5,regular,2024-09-28T19:00:00.000Z,False,True,False,True,6721.0,3850.0,Municipal Stadium,2065,Bethune-Cookman,fcs,SWAC,21.0,"[0, 7, 0, 14]",0.05313328224593173,,,2011,Alabama State,fcs,SWAC,26.0,"[10, 3, 10, 3]",0.9468667177540683,,,4.1981470362,,,
401636882,2024,5,regular,2024-09-28T19:30:00.000Z,False,True,True,True,47928.0,3622.0,GEHA Field at Arrowhead Stadium,2305,Kansas,fbs,Big 12,27.0,"[14, 3, 7, 3]",0.026585959803630637,1598.0,1575.0,2628,TCU,fbs,Big 12,38.0,"[7, 14, 7, 10]",0.9734140401963693,1528.0,1551.0,6.4918006772,,,
401628980,2024,5,regular,2024-09-28T19:30:00.000Z,False,True,False,False,77622.0,3855.0,Notre Dame Stadium,87,Notre Dame,fbs,FBS Independents,31.0,"[21, 3, 0, 7]",0.8595368472597268,2000.0,1994.0,97,Louisville,fbs,ACC,24.0,"[7, 7, 0, 10]",0.1404631527402732,1711.0,1717.0,7.3478032351,,,
401628635,2024,5,regular,2024-09-28T19:30:00.000Z,False,True,False,False,19054.0,3695.0,Delaware Stadium,48,Delaware,fcs,CAA,49.0,"[14, 21, 14, 0]",0.9988676167374066,,,2529,Sacred Heart,fcs,FCS Independents,0.0,"[0, 0, 0, 0]",0.0011323832625933505,,,2.6818629323,,,
401628375,2024,5,regular,2024-09-28T19:30:00.000Z,False,True,False,True,88043.0,3785.0,Jordan-Hare Stadium,2,Auburn,fbs,SEC,21.0,"[0, 14, 0, 7]",0.42386205342807326,1537.0,1547.0,201,Oklahoma,fbs,SEC,27.0,"[7, 0, 3, 17]",0.5761379465719267,1837.0,1827.0,5.7449637367,,,
401635659,2024,5,regular,2024-09-28T19:30:00.000Z,False,True,False,False,31061.0,3630.0,Allegacy Federal Credit Union Stadium,154,Wake Forest,fbs,ACC,38.0,"[3, 14, 14, 7]",0.3500751768896691,1370.0,1376.0,309,Louisiana,fbs,Sun Belt,41.0,"[14, 7, 10, 10]",0.649924823110331,1543.0,1537.0,6.8106814771,,,
401643794,2024,5,regular,2024-09-28T19:30:00.000Z,False,True,False,False,18723.0,3775.0,Joan C. Edwards Stadium,276,Marshall,fbs,Sun Belt,27.0,"[7, 10, 3, 7]",0.9823881995672694,1360.0,1362.0,2711,Western Michigan,fbs,Mid-American,20.0,"[3, 0, 14, 3]",0.017611800432730584,1222.0,1220.0,6.6872778536,,,
401643721,2024,5,regular,2024-09-28T19:30:00.000Z,False,True,False,False,27072.0,3786.0,Kelly/Shorts Stadium,2117,Central Michigan,fbs,Mid-American,22.0,"[10, 3, 6, 3]",0.17200744568967752,1174.0,1180.0,21,San Diego State,fbs,Mountain West,21.0,"[7, 14, 0, 0]",0.8279925543103225,1350.0,1344.0,6.3296454169,,,
401644739,2024,5,regular,2024-09-28T19:30:00.000Z,False,True,False,True,10899.0,3696.0,Dix Stadium,2309,Kent State,fbs,Mid-American,33.0,"[7, 7, 7, 12]",0.436458240220723,932.0,922.0,2199,Eastern Michigan,fbs,Mid-American,52.0,"[7, 14, 17, 14]",0.563541759779277,1300.0,1310.0,4.5831484742,,,
401644738,2024,5,regular,2024-09-28T19:30:00.000Z,False,True,False,True,21265.0,3876.0,Peden Stadium,195,Ohio,fbs,Mid-American,30.0,"[0, 14, 2, 14]",0.9988883496426145,1401.0,1414.0,2006,Akron,fbs,Mid-American,10.0,"[3, 7, 0, 0]",0.0011116503573854741,1053.0,1040.0,7.8248100423,,,
401628373,2024,5,regular,2024-09-28T19:30:00.000Z,False,True,True,True,60928.0,3687.0,AT&T Stadium,245,Texas A&M,fbs,SEC,21.0,"[7, 7, 0, 7]",0.36803582088856224,1685.0,1683.0,8,Arkansas,fbs,SEC,17.0,"[14, 0, 0, 3]",0.6319641791114378,1483.0,1485.0,9.688058168,,,
401628638,2024,5,regular,2024-09-28T19:30:00.000Z,False,True,False,False,4818.0,3788.0,Kenneth P. LaValle Stadium,2619,Stony Brook,fcs,CAA,22.0,"[0, 16, 6, 0]",0.9650932487229837,,,2415,Morgan State,fcs,MEAC,3.0,"[3, 0, 0, 0]",0.03490675127701626,,,4.6423476045,,,
401628631,2024,5,regular,2024-09-28T19:30:00.000Z,False,True,False,True,8019.0,4419.0,Bob Ford Field,399,UAlbany,fcs,CAA,20.0,"[0, 14, 0, 6]",0.02653688748560553,,,311,Maine,fcs,CAA,34.0,"[3, 7, 9, 15]",0.9734631125143944,,,5.9044854939,,,
401636885,2024,5,regular,2024-09-28T19:30:00.000Z,False,True,False,True,45702.0,3652.0,FBC Mortgage Stadium,2116,UCF,fbs,Big 12,21.0,"[7, 7, 7, 0]",0.026031875809581936,1642.0,1531.0,38,Colorado,fbs,Big 12,48.0,"[14, 13, 14, 7]",0.9739681241904181,1368.0,1479.0,3.6069366226,,,
401643720,2024,5,regular,2024-09-28T19:30:00.000Z,False,True,False,True,24638.0,6501.0,Allegiant Stadium,2439,UNLV,fbs,Mountain West,59.0,"[14, 7, 10, 28]",0.9989392775772092,1544.0,1701.0,278,Fresno State,fbs,Mountain West,14.0,"[0, 0, 7, 7]",0.0010607224227907608,1675.0,1518.0,3.1184691701,,,
401629043,2024,5,regular,2024-09-28T19:30:00.000Z,False,True,False,False,9542.0,3996.0,Yager Stadium,193,Miami (OH),fbs,Mid-American,23.0,"[7, 3, 7, 3, 3]",0.7346411537664426,1450.0,1446.0,113,Massachusetts,fbs,FBS Independents,20.0,"[7, 3, 0, 10, 0]",0.26535884623355743,1063.0,1067.0,7.1370501518,,,
401643792,2024,5,regular,2024-09-28T19:30:00.000Z,False,True,False,True,18808.0,4246.0,Center Parc Stadium,2247,Georgia State,fbs,Sun Belt,21.0,"[7, 0, 14, 0]",0.002047395025722414,1371.0,1325.0,290,Georgia Southern,fbs,Sun Belt,38.0,"[14, 10, 7, 7]",0.9979526049742776,1324.0,1370.0,4.6404781078,,,
401640992,2024,5,regular,2024-09-28T19:30:00.000Z,False,False,False,False,,3792.0,Kidd Brewer Stadium,2026,App State,fbs,Sun Belt,,,,1209.0,,2335,Liberty,fbs,Conference USA,,,,1703.0,,,,,
401628502,2024,5,regular,2024-09-28T19:30:00.000Z,False,True,False,True,74118.0,477.0,Los Angeles Memorial Coliseum,30,USC,fbs,Big Ten,38.0,"[7, 3, 14, 14]",0.9971495878359863,1769.0,1786.0,275,Wisconsin,fbs,Big Ten,21.0,"[7, 14, 0, 0]",0.002850412164013716,1553.0,1536.0,6.8040912705,,,
401673252,2024,5,regular,2024-09-28T20:00:00.000Z,False,True,False,True,,5944.0,Ray Dennison Memorial Field,2237,Fort Lewis,ii,Rocky Mountain,33.0,"[6, 6, 14, 7]",,,,613,South Dakota Mines,ii,Rocky Mountain,49.0,"[14, 21, 0, 14]",,,,,,,
401658351,2024,5,regular,2024-09-28T20:00:00.000Z,False,True,False,True,,7076.0,J.W. Babb Stadium,101784,Erskine,ii,Gulf South,0.0,[],,,,2170,Delta State,ii,Gulf South,0.0,[],,,,,,,
401676078,2024,5,regular,2024-09-28T20:00:00.000Z,False,True,False,True,,4433.0,George P. Miller Stadium,2291,IU Pennsylvania,ii,Pennsylvania State Athletic,31.0,"[7, 7, 3, 14]",,,,2134,Clarion,ii,Pennsylvania State Athletic,0.0,"[0, 0, 0, 0]",,,,,,,
401677683,2024,5,regular,2024-09-28T20:00:00.000Z,False,True,False,True,,5909.0,Ortmayer Stadium,2318,La Verne,iii,So. Cal.,20.0,"[0, 7, 7, 6]",,,,2923,Pomona Pitzer,iii,So. Cal.,27.0,"[10, 7, 10, 0]",,,,,,,
401677719,2024,5,regular,2024-09-28T20:00:00.000Z,False,True,False,False,,6149.0,McCulloch Stadium,2930,Willamette,iii,Northwest,21.0,"[0, 13, 0, 8]",,,,129758,Simpson (CA),,,18.0,"[9, 6, 0, 3]",,,,,,,
401633983,2024,5,regular,2024-09-28T20:00:00.000Z,False,True,False,True,2451.0,3710.0,Ernest W. Spangler Stadium,2241,Gardner-Webb,fcs,Big South-OVC,21.0,"[0, 7, 0, 14]",0.00047111206964073804,,,2635,Tennessee Tech,fcs,Big South-OVC,52.0,"[7, 17, 21, 7]",0.9995288879303592,,,1.7852214876,,,
401654846,2024,5,regular,2024-09-28T20:00:00.000Z,False,True,False,False,,7003.0,Houck Field,2546,Southeast Missouri State,fcs,Big South-OVC,19.0,"[10, 3, 3, 3]",0.9943642983840824,,,2466,Northwestern State,fcs,Southland,0.0,"[0, 0, 0, 0]",0.005635701615917643,,,4.8126779271,,,
401635562,2024,5,regular,2024-09-28T20:00:00.000Z,False,True,False,True,35018.0,3982.0,Wallace Wade Stadium,150,Duke,fbs,ACC,21.0,"[0, 0, 7, 14]",0.3894131779752124,1623.0,1621.0,153,North Carolina,fbs,ACC,20.0,"[10, 7, 3, 0]",0.6105868220247876,1519.0,1521.0,7.3809862953,,,
401634050,2024,5,regular,2024-09-28T20:00:00.000Z,False,True,False,True,9232.0,2023.0,Walkup Skydome,2464,Northern Arizona,fcs,Big Sky,34.0,"[3, 7, 17, 7]",,,,16,Sacramento State,fcs,Big Sky,16.0,"[3, 6, 0, 7]",,,,,,,
401674171,2024,5,regular,2024-09-28T20:00:00.000Z,False,True,False,False,,6062.0,Gable Field at Doc Wadley Stadium,196,Northeastern State,ii,Independent DII,20.0,"[8, 12, 0, 0]",,,,2403,Missouri Southern State,ii,Mid America,27.0,"[0, 3, 7, 17]",,,,,,,
401645334,2024,5,regular,2024-09-28T20:00:00.000Z,False,True,False,True,41851.0,3699.0,Dowdy-Ficklen Stadium,151,East Carolina,fbs,American Athletic,30.0,"[3, 7, 14, 6]",0.7986397981544012,1407.0,1423.0,2636,UTSA,fbs,American Athletic,20.0,"[10, 3, 0, 7]",0.20136020184559877,1390.0,1374.0,8.4247793035,,,
401675558,2024,5,regular,2024-09-28T20:05:00.000Z,False,True,False,True,,5783.0,McArthur Field,2848,Western Oregon,ii,Lone Star,24.0,"[7, 7, 0, 10]",,,,2704,West Texas,ii,Lone Star,16.0,"[0, 3, 6, 7]",,,,,,,
401628378,2024,5,regular,2024-09-28T20:15:00.000Z,False,True,False,True,101388.0,3910.0,DKR-Texas Memorial Stadium,251,Texas,fbs,SEC,35.0,"[7, 7, 7, 14]",0.9985122659942977,2107.0,2091.0,344,Mississippi State,fbs,SEC,13.0,"[0, 6, 0, 7]",0.0014877340057023458,1355.0,1371.0,5.1491934959,,,
401634136,2024,5,regular,2024-09-28T21:00:00.000Z,False,True,False,True,11363.0,3782.0,Johnson Hagood Stadium,2643,The Citadel,fcs,Southern,17.0,"[3, 0, 7, 7]",0.13183513683966236,,,2193,East Tennessee State,fcs,Southern,34.0,"[0, 13, 0, 21]",0.8681648631603376,,,6.5197767468,,,
401673402,2024,5,regular,2024-09-28T21:00:00.000Z,False,True,False,False,,5810.0,Coyer Field,2085,Buffalo State,iii,Liberty League,12.0,"[3, 0, 0, 9]",,,,3162,Alfred State,iii,ECFC,0.0,"[0, 0, 0, 0]",,,,,,,
401674889,2024,5,regular,2024-09-28T21:00:00.000Z,False,True,False,True,,6142.0,Westside Athletic Complex,2843,Western Connecticut State,iii,MSCAC,72.0,"[21, 23, 14, 14]",,,,114,Fitchburg State,iii,MSCAC,0.0,"[0, 0, 0, 0]",,,,,,,
401643795,2024,5,regular,2024-09-28T21:00:00.000Z,False,True,False,False,19140.0,3700.0,Doyt L. Perry Stadium,189,Bowling Green,fbs,Mid-American,27.0,"[7, 7, 7, 6]",0.6420936325405732,1448.0,1439.0,295,Old Dominion,fbs,Sun Belt,30.0,"[14, 3, 0, 13]",0.35790636745942683,1368.0,1377.0,9.1728984123,,,
401674861,2024,5,regular,2024-09-28T21:00:00.000Z,False,True,False,False,,6085.0,Sprague Field,2818,Montclair State,iii,New Jersey,17.0,"[0, 10, 7, 0]",,,,237,Union,iii,Liberty League,15.0,"[0, 8, 0, 7]",,,,,,,
401676785,2024,5,regular,2024-09-28T22:00:00.000Z,False,True,False,True,,5781.0,Irwin Belk Stadium,351,Wingate,ii,South Atlantic,0.0,[],,,,2369,Mars Hill,ii,South Atlantic,0.0,[],,,,,,,
401675806,2024,5,regular,2024-09-28T22:00:00.000Z,False,True,False,True,,3808.0,Lincoln University Stadium,2339,Lincoln (PA),ii,CIAA,14.0,"[7, 7, 0, 0]",,,,2940,Livingstone,ii,CIAA,15.0,"[3, 6, 6, 0]",,,,,,,
401658340,2024,5,regular,2024-09-28T22:00:00.000Z,False,True,False,False,,6040.0,Key Stadium,2292,Indianapolis,ii,Great Lakes,24.0,"[17, 0, 0, 7]",,,,129,Saginaw Valley State,ii,GLIAC,28.0,"[7, 0, 7, 14]",,,,,,,
401676716,2024,5,regular,2024-09-28T22:00:00.000Z,False,True,True,True,,6211.0,Sodexo Field,112334,Franklin Pierce,ii,Northeast 10,48.0,"[27, 7, 0, 14]",,,,2487,Pace,ii,Northeast 10,20.0,"[0, 6, 0, 14]",,,,,,,
401634048,2024,5,regular,2024-09-28T22:00:00.000Z,False,True,False,True,,1930.0,Holt Arena,304,Idaho State,fcs,Big Sky,17.0,"[0, 7, 0, 10]",0.004298906541682737,,,147,Montana State,fcs,Big Sky,37.0,"[3, 14, 0, 20]",0.9957010934583173,,,3.6959730085,,,
401675800,2024,5,regular,2024-09-28T22:00:00.000Z,False,True,False,True,,6221.0,Mitchell Stadium,124180,Bluefield State,ii,CIAA,3.0,"[0, 0, 3, 0]",,,,2304,Johnson C. Smith,ii,CIAA,42.0,"[0, 28, 0, 14]",,,,,,,
401633981,2024,5,regular,2024-09-28T22:00:00.000Z,False,True,False,True,1853.0,3810.0,Nissan Stadium,2634,Tennessee State,fcs,Big South-OVC,13.0,"[0, 7, 0, 6]",0.17678008275126642,,,2127,Charleston Southern,fcs,Big South-OVC,9.0,"[0, 6, 3, 0]",0.8232199172487336,,,8.427187293,,,
401673373,2024,5,regular,2024-09-28T22:00:00.000Z,False,True,False,True,,5122.0,Shuford Stadium,2107,Catawba,ii,South Atlantic,34.0,"[7, 14, 7, 6]",,,,2105,Carson Newman,ii,South Atlantic,35.0,"[7, 14, 7, 7]",,,,,,,
401628639,2024,5,regular,2024-09-28T22:00:00.000Z,False,True,False,False,6111.0,717.0,Villanova Stadium,222,Villanova,fcs,CAA,24.0,"[10, 7, 0, 7]",0.9954303570636415,,,2341,Long Island University,fcs,NEC,10.0,"[0, 0, 0, 10]",0.004569642936358531,,,3.7331260773,,,
401641018,2024,5,regular,2024-09-28T22:00:00.000Z,False,True,False,False,,4899.0,Fifth Third Stadium,338,Kennesaw State,fbs,Conference USA,13.0,"[0, 10, 0, 3]",0.04227476802433221,1384.0,1384.0,2630,UT Martin,fcs,Big South-OVC,24.0,"[0, 10, 14, 0]",0.9577252319756678,,,4.4773789348,,,
401674374,2024,5,regular,2024-09-28T22:00:00.000Z,False,True,False,True,,4430.0,Mihalik-Thompson Stadium,215,Slippery Rock,ii,Pennsylvania State Athletic,28.0,"[14, 14, 0, 0]",,,,2205,Edinboro,ii,Pennsylvania State Athletic,23.0,"[0, 10, 6, 7]",,,,,,,
401640981,2024,5,regular,2024-09-28T22:00:00.000Z,False,True,True,True,12425.0,2031.0,Pitbull Stadium,2229,Florida International,fbs,Conference USA,17.0,"[7, 0, 7, 3]",0.7814293689581259,1241.0,1257.0,2348,Louisiana Tech,fbs,Conference USA,10.0,"[0, 0, 10, 0]",0.21857063104187413,1239.0,1223.0,7.2473046483,,,
401645335,2024,5,regular,2024-09-28T22:00:00.000Z,False,True,False,False,21151.0,3715.0,FAU Stadium,2226,Florida Atlantic,fbs,American Athletic,41.0,"[10, 7, 10, 14]",0.9987541624897803,1295.0,1295.0,2681,Wagner,fcs,NEC,10.0,"[0, 10, 0, 0]",0.0012458375102196717,,,4.8461161395,,,
401628633,2024,5,regular,2024-09-28T22:00:00.000Z,False,True,False,True,11317.0,3998.0,Zable Stadium,2729,William & Mary,fcs,CAA,49.0,"[7, 14, 7, 21]",0.998911931564217,,,2261,Hampton,fcs,CAA,7.0,"[7, 0, 0, 0]",0.0010880684357830184,,,3.9438910074,,,
401628637,2024,5,regular,2024-09-28T22:00:00.000Z,False,True,False,False,15126.0,3864.0,Oliver C. Dawson Stadium,2569,South Carolina State,fcs,MEAC,45.0,"[7, 3, 21, 14]",0.61166673715131,,,2448,North Carolina A&T,fcs,CAA,25.0,"[0, 10, 7, 8]",0.38833326284868996,,,7.4303222747,,,
401675449,2024,5,regular,2024-09-28T22:00:00.000Z,False,True,False,True,,3769.0,Jack Britt Memorial Stadium,437,Lake Erie,ii,Great Midwest Athletic,20.0,"[0, 7, 0, 13]",,,,2886,Northwood,ii,Great Midwest Athletic,55.0,"[7, 27, 7, 14]",,,,,,,
401674366,2024,5,regular,2024-09-28T22:05:00.000Z,False,True,False,True,,4439.0,Eiler-Martin Stadium,2188,East Stroudsburg,ii,Pennsylvania State Athletic,21.0,"[14, 0, 0, 7]",,,,2315,Kutztown,ii,Pennsylvania State Athletic,27.0,"[0, 14, 7, 6]",,,,,,,
401676209,2024,5,regular,2024-09-28T22:30:00.000Z,False,True,False,True,,5904.0,Angell Field,126,Kalamazoo,iii,Michigan,33.0,"[7, 13, 7, 6]",,,,129738,Calvin,iii,Michigan,31.0,"[7, 3, 14, 7]",,,,,,,
401654666,2024,5,regular,2024-09-28T23:00:00.000Z,False,True,False,False,22312.0,3827.0,"Memorial Stadium (Stephenville, TX)",2627,Tarleton State,fcs,UAC,36.0,"[0, 14, 15, 7]",0.945128686992919,,,2545,SE Louisiana,fcs,Southland,33.0,"[0, 16, 10, 7]",0.054871313007081035,,,8.1146022982,,,
401636881,2024,5,regular,2024-09-28T23:00:00.000Z,False,True,False,True,25138.0,4728.0,TDECU Stadium,248,Houston,fbs,Big 12,0.0,"[0, 0, 0, 0]",0.024352434845487755,1366.0,1352.0,66,Iowa State,fbs,Big 12,20.0,"[3, 0, 7, 10]",0.9756475651545122,1718.0,1732.0,4.7937785895,,,
401643796,2024,5,regular,2024-09-28T23:00:00.000Z,False,True,False,True,21253.0,3975.0,Veterans Memorial Stadium (AL),2653,Troy,fbs,Sun Belt,9.0,"[3, 3, 0, 3]",0.8422302320638168,1534.0,1504.0,2433,UL Monroe,fbs,Sun Belt,13.0,"[3, 0, 3, 7]",0.15776976793618325,1210.0,1240.0,5.5552324653,,,
401654587,2024,5,regular,2024-09-28T23:00:00.000Z,False,True,False,True,7834.0,3896.0,Rice-Totten Field,2400,Mississippi Valley State,fcs,SWAC,21.0,"[7, 7, 0, 7]",0.06734648534254034,,,2016,Alcorn State,fcs,SWAC,42.0,"[10, 14, 5, 13]",0.9326535146574597,,,3.3508490382,,,
401635561,2024,5,regular,2024-09-28T23:00:00.000Z,False,True,False,True,80295.0,3836.0,"Memorial Stadium (Clemson, SC)",228,Clemson,fbs,ACC,40.0,"[10, 7, 10, 13]",0.950885889669523,1790.0,1805.0,24,Stanford,fbs,ACC,14.0,"[0, 7, 0, 7]",0.04911411033047697,1303.0,1288.0,3.8907327551,,,
401676068,2024,5,regular,2024-09-28T23:00:00.000Z,False,True,False,True,,5918.0,Taylor Field,6353,Lakeland,iii,NACC,31.0,"[7, 6, 6, 12]",,,,2741,Wisconsin Lutheran,iii,NACC,33.0,"[10, 7, 13, 3]",,,,,,,
401674494,2024,5,regular,2024-09-28T23:00:00.000Z,False,True,False,True,,6073.0,Milam Stadium,2927,Southwestern Oklahoma State,ii,Great American,24.0,"[7, 10, 0, 7]",,,,200,Southern Nazarene,ii,Great American,17.0,"[7, 3, 0, 7]",,,,,,,
401675818,2024,5,regular,2024-09-28T23:00:00.000Z,False,True,False,True,,3951.0,Swisher Field,425,Northern State,ii,Northern Sun,30.0,"[3, 14, 0, 13]",,,,2851,Winona State,ii,Northern Sun,24.0,"[7, 0, 14, 3]",,,,,,,
401645333,2024,5,regular,2024-09-28T23:00:00.000Z,False,True,False,True,17455.0,3895.0,Rice Stadium,242,Rice,fbs,American Athletic,20.0,"[0, 10, 0, 10]",0.48756540856605285,1225.0,1219.0,2429,Charlotte,fbs,American Athletic,21.0,"[0, 0, 14, 7]",0.5124345914339472,1122.0,1128.0,8.1735271205,,,
401674490,2024,5,regular,2024-09-28T23:00:00.000Z,False,True,False,True,,4763.0,Ranger Field,2823,Northwestern (OK),ii,Great American,21.0,"[0, 0, 7, 14]",,,,199,Southeastern Oklahoma State,ii,Great American,27.0,"[10, 10, 0, 7]",,,,,,,
401636390,2024,5,regular,2024-09-28T23:00:00.000Z,False,True,False,True,13173.0,3631.0,BBVA Compass Stadium,2640,Texas Southern,fcs,SWAC,14.0,"[0, 0, 0, 14]",0.002793585010664961,,,2296,Jackson State,fcs,SWAC,43.0,"[3, 10, 14, 16]",0.997206414989335,,,1.8555773795,,,
401645336,2024,5,regular,2024-09-28T23:00:00.000Z,False,True,False,True,18529.0,3825.0,DATCU Stadium,249,North Texas,fbs,American Athletic,52.0,"[0, 24, 21, 7]",0.9988225504813045,1403.0,1464.0,202,Tulsa,fbs,American Athletic,20.0,"[0, 3, 0, 17]",0.0011774495186954725,1193.0,1132.0,5.2818570579,,,
401632461,2024,5,regular,2024-09-28T23:00:00.000Z,False,True,False,False,6023.0,3720.0,Finley Stadium,236,Chattanooga,fcs,Southern,45.0,"[21, 7, 10, 7]",0.9819730749999446,,,2502,Portland State,fcs,Big Sky,30.0,"[7, 7, 6, 10]",0.018026925000055427,,,3.9669497444,,,
401675506,2024,5,regular,2024-09-28T23:00:00.000Z,False,True,False,True,,4851.0,Bazemore-Hyder Stadium,2673,Valdosta State,ii,Gulf South,0.0,[],,,,2695,West Alabama,ii,Gulf South,0.0,[],,,,,,,
401674413,2024,5,regular,2024-09-28T23:00:00.000Z,False,True,False,True,,6064.0,Crain Family Stadium,319,Oklahoma Baptist,ii,Great American,20.0,"[10, 0, 3, 7]",,,,2191,East Central,ii,Great American,10.0,"[0, 7, 3, 0]",,,,,,,
401675492,2024,5,regular,2024-09-28T23:00:00.000Z,False,True,False,True,,6061.0,Younts Stadium,2822,North Greenville,ii,Gulf South,0.0,[],,,,2560,Shorter,ii,Gulf South,0.0,[],,,,,,,
401675461,2024,5,regular,2024-09-28T23:00:00.000Z,False,True,True,True,,6129.0,BB&T Field at Griffin Plaza,2646,Thomas More,ii,Great Midwest Athletic,44.0,"[7, 14, 10, 13]",,,,2682,Walsh,ii,Great Midwest Athletic,21.0,"[7, 7, 0, 7]",,,,,,,
401676620,2024,5,regular,2024-09-28T23:00:00.000Z,False,True,False,True,,5864.0,Robert E. Thorn Field,146,Grove City,iii,Presidents',58.0,"[14, 23, 7, 14]",,,,2018,Allegheny,iii,Presidents',7.0,"[0, 0, 0, 7]",,,,,,,
401674232,2024,5,regular,2024-09-28T23:00:00.000Z,False,True,False,True,,5870.0,Thone Stadium at Buerkle Field,2033,Arkansas Tech,ii,Great American,7.0,"[0, 0, 0, 7]",,,,2568,Southern Arkansas,ii,Great American,38.0,"[7, 17, 14, 0]",,,,,,,
401676205,2024,5,regular,2024-09-28T23:00:00.000Z,False,True,False,False,,5838.0,Ornelas Stadium,2194,East Texas Baptist,iii,American Southwest,47.0,"[14, 14, 6, 13]",,,,101442,Centenary (LA),iii,Southern Collegiate Athletic,8.0,"[2, 6, 0, 0]",,,,,,,
401676791,2024,5,regular,2024-09-28T23:00:00.000Z,False,True,False,True,,3926.0,Setzler Field,2444,Newberry,ii,South Atlantic,0.0,[],,,,2842,UVA Wise,ii,South Atlantic,0.0,[],,,,,,,
401674403,2024,5,regular,2024-09-28T23:00:00.000Z,False,True,False,True,,6065.0,Cliff Harris Stadium,2888,Ouachita Baptist,ii,Great American,49.0,"[21, 14, 7, 7]",,,,2028,Arkansas Monticello,ii,Great American,14.0,"[7, 0, 7, 0]",,,,,,,
401632107,2024,5,regular,2024-09-28T23:00:00.000Z,False,True,False,False,9873.0,3711.0,Estes Stadium,2110,Central Arkansas,fcs,UAC,34.0,"[10, 10, 7, 7]",0.9978243741081738,,,2320,Lamar,fcs,Southland,14.0,"[0, 7, 7, 0]",0.002175625891826183,,,4.439048041,,,
401654847,2024,5,regular,2024-09-28T23:00:00.000Z,False,True,False,False,4827.0,3746.0,Hanson Field,2710,Western Illinois,fcs,Big South-OVC,49.0,"[7, 14, 14, 14]",0.9974484713549118,,,2816,McKendree,ii,Great Lakes,32.0,"[3, 6, 3, 20]",0.00255152864508823,,,5.5366564014,,,
401636383,2024,5,regular,2024-09-28T23:00:00.000Z,False,True,True,True,52323.0,499.0,Cotton Bowl,2504,Prairie View A&M,fcs,SWAC,36.0,"[0, 7, 3, 14, 7, 3, 0, 0, 2]",,,,2755,Grambling,fcs,SWAC,34.0,"[0, 17, 0, 7, 7, 3, 0, 0, 0]",,,,,,,
401628498,2024,5,regular,2024-09-28T23:30:00.000Z,False,True,False,True,71114.0,3936.0,Spartan Stadium,127,Michigan State,fbs,Big Ten,7.0,"[0, 7, 0, 0]",0.009834608439806833,1423.0,1407.0,194,Ohio State,fbs,Big Ten,38.0,"[3, 21, 14, 0]",0.9901653915601931,2038.0,2054.0,2.1228177002,,,
401641025,2024,5,regular,2024-09-28T23:30:00.000Z,False,True,False,False,25266.0,3805.0,Simmons Bank Liberty Stadium,235,Memphis,fbs,American Athletic,24.0,"[0, 14, 10, 0]",0.8038560702855952,1597.0,1598.0,2393,Middle Tennessee,fbs,Conference USA,7.0,"[0, 0, 7, 0]",0.19614392971440475,1182.0,1181.0,4.7352676058,,,
401628374,2024,5,regular,2024-09-28T23:30:00.000Z,False,True,False,True,100077.0,3657.0,Bryant-Denny Stadium,333,Alabama,fbs,SEC,41.0,"[21, 9, 3, 8]",0.932477756510748,2046.0,2056.0,61,Georgia,fbs,SEC,34.0,"[0, 7, 8, 19]",0.06752224348925195,2046.0,2036.0,5.7366653406,,,
401628495,2024,5,regular,2024-09-28T23:30:00.000Z,False,True,False,True,109911.0,3632.0,Beaver Stadium,213,Penn State,fbs,Big Ten,21.0,"[7, 0, 7, 7]",0.9829728595026391,1905.0,1905.0,356,Illinois,fbs,Big Ten,7.0,"[7, 0, 0, 0]",0.01702714049736087,1551.0,1551.0,5.4468011451,,,
401628376,2024,5,regular,2024-09-28T23:45:00.000Z,False,True,False,False,102143.0,3958.0,Tiger Stadium (LA),99,LSU,fbs,SEC,42.0,"[21, 14, 0, 7]",0.9880716871609392,1805.0,1874.0,6,South Alabama,fbs,Sun Belt,10.0,"[0, 3, 7, 0]",0.011928312839060817,1657.0,1588.0,2.0744288057,,,
401674421,2024,5,regular,2024-09-29T00:00:00.000Z,False,True,False,True,,5885.0,First Security Stadium,2264,Harding,ii,Great American,66.0,"[28, 21, 10, 7]",,,,2271,Henderson State,ii,Great American,0.0,"[0, 0, 0, 0]",,,,,,,
401674142,2024,5,regular,2024-09-29T00:00:00.000Z,False,True,False,True,,5878.0,Wantland Stadium,2122,Central Oklahoma,ii,Mid America,49.0,"[21, 14, 14, 0]",,,,2231,Fort Hays,ii,Mid America,24.0,"[0, 10, 0, 14]",,,,,,,
401674984,2024,5,regular,2024-09-29T00:00:00.000Z,False,True,False,True,,5928.0,Macalester Stadium,2359,Macalester,iii,Minnesota,0.0,"[0, 0, 0, 0]",,,,133,St. Olaf,iii,Minnesota,29.0,"[15, 0, 0, 14]",,,,,,,
401675539,2024,5,regular,2024-09-29T00:00:00.000Z,False,True,False,True,,6049.0,"Memorial Stadium (Wichita Falls, TX)",2395,Midwestern State,ii,Lone Star,3.0,"[0, 3, 0, 0]",,,,110243,UT Permian Basin,ii,Lone Star,27.0,"[10, 7, 7, 3]",,,,,,,
401643718,2024,5,regular,2024-09-29T00:00:00.000Z,False,True,False,True,23068.0,3984.0,War Memorial Stadium,2751,Wyoming,fbs,Mountain West,31.0,"[7, 0, 14, 10]",0.8057763429521136,1245.0,1286.0,2005,Air Force,fbs,Mountain West,19.0,"[0, 13, 0, 6]",0.19422365704788636,1459.0,1418.0,6.004756406,,,
401635563,2024,5,regular,2024-09-29T00:00:00.000Z,False,True,False,True,34879.0,3735.0,Gerald J. Ford Stadium,2567,SMU,fbs,ACC,42.0,"[7, 7, 14, 14]",0.9984452053229043,1700.0,1755.0,52,Florida State,fbs,ACC,16.0,"[7, 2, 7, 0]",0.0015547946770957388,1599.0,1544.0,5.9469139787,,,
401641035,2024,5,regular,2024-09-29T00:00:00.000Z,False,True,False,False,21062.0,3601.0,Aggie Memorial Stadium,166,New Mexico State,fbs,Conference USA,40.0,"[7, 3, 7, 23]",0.04136263442755955,1265.0,1238.0,167,New Mexico,fbs,Mountain West,50.0,"[7, 14, 9, 20]",0.9586373655724405,1201.0,1228.0,3.8931490083,,,
401655617,2024,5,regular,2024-09-29T00:00:00.000Z,False,True,False,False,8941.0,3942.0,Stewart Stadium,2692,Weber State,fcs,Big Sky,26.0,"[0, 6, 14, 6]",0.2563770849394321,,,2377,McNeese,fcs,Southland,28.0,"[7, 0, 14, 7]",0.7436229150605679,,,8.1056581139,,,
401675548,2024,5,regular,2024-09-29T00:00:00.000Z,False,True,False,True,,6076.0,Javelina Stadium,2658,Texas A&M-Kingsville,ii,Lone Star,56.0,"[14, 14, 21, 7]",,,,2834,Sul Ross State,ii,Lone Star,21.0,"[7, 7, 7, 0]",,,,,,,
401636884,2024,5,regular,2024-09-29T00:00:00.000Z,False,True,False,True,60229.0,3784.0,Jones AT&T Stadium,2641,Texas Tech,fbs,Big 12,44.0,"[10, 14, 10, 10]",0.6728453484915969,1628.0,1628.0,2132,Cincinnati,fbs,Big 12,41.0,"[14, 10, 3, 14]",0.32715465150840306,1529.0,1529.0,6.94809489,,,
401634049,2024,5,regular,2024-09-29T00:00:00.000Z,False,True,False,True,8846.0,3906.0,Roos Field,331,Eastern Washington,fcs,Big Sky,49.0,"[7, 7, 7, 28]",0.055457123090238425,,,149,Montana,fcs,Big Sky,52.0,"[10, 21, 7, 14]",0.9445428769097616,,,5.6432036752,,,
401632103,2024,5,regular,2024-09-29T01:00:00.000Z,False,True,False,True,5451.0,3745.0,Greater Zion Stadium,3101,Utah Tech,fcs,UAC,30.0,"[7, 9, 0, 14]",0.07964386096507385,,,2000,Abilene Christian,fcs,UAC,55.0,"[14, 13, 14, 14]",0.9203561390349262,,,4.3368910141,,,
401675523,2024,5,regular,2024-09-29T01:00:00.000Z,False,True,False,True,,5879.0,Tomlinson Stadium,2120,Central Washington,ii,Lone Star,36.0,"[13, 7, 13, 3]",,,,2703,Western New Mexico,ii,Lone Star,0.0,"[0, 0, 0, 0]",,,,,,,
401643719,2024,5,regular,2024-09-29T02:00:00.000Z,False,True,False,False,37711.0,3653.0,Albertsons Stadium,68,Boise State,fbs,Mountain West,45.0,"[7, 10, 7, 21]",0.9954413148152679,1631.0,1677.0,265,Washington State,fbs,Pac-12,24.0,"[7, 3, 0, 14]",0.004558685184732125,1596.0,1550.0,6.1697474003,,,
401676177,2024,5,regular,2024-09-29T02:00:00.000Z,False,True,False,True,,5811.0,William Rolland Stadium,2094,Cal Lutheran,iii,So. Cal.,13.0,"[3, 10, 0, 0]",,,,17,Claremont Mudd Scripps,iii,So. Cal.,31.0,"[14, 14, 3, 0]",,,,,,,
401634047,2024,5,regular,2024-09-29T02:00:00.000Z,False,True,False,True,8921.0,3602.0,Aggie Stadium,302,UC Davis,fcs,Big Sky,28.0,"[7, 7, 14, 0]",0.6512113575528632,,,70,Idaho,fcs,Big Sky,26.0,"[14, 3, 0, 9]",0.3487886424471368,,,7.1441250443,,,
401675926,2024,5,regular,2024-09-29T02:00:00.000Z,False,True,False,True,,6106.0,Ted Runner Stadium,29,Redlands,iii,So. Cal.,10.0,"[0, 3, 0, 7]",,,,411,Chapman,iii,So. Cal.,32.0,"[7, 3, 7, 15]",,,,,,,
401636886,2024,5,regular,2024-09-29T02:15:00.000Z,False,True,False,True,52898.0,587.0,Rice-Eccles Stadium,254,Utah,fbs,Big 12,10.0,"[0, 3, 0, 7]",0.10144441304707315,1633.0,1607.0,12,Arizona,fbs,Big 12,23.0,"[3, 7, 6, 7]",0.8985555869529268,1668.0,1694.0,4.2397863389,,,
401628500,2024,5,regular,2024-09-29T03:00:00.000Z,False,True,False,True,43051.0,1056.0,Rose Bowl,26,UCLA,fbs,Big Ten,13.0,"[3, 7, 3, 0]",0.010279806711309637,1449.0,1449.0,2483,Oregon,fbs,Big Ten,34.0,"[7, 21, 0, 6]",0.9897201932886903,1974.0,1974.0,2.682969671,,,
401673384,2024,5,regular,2024-09-29T17:00:00.000Z,False,True,False,True,,4750.0,The Reservation,2336,Limestone,ii,South Atlantic,37.0,"[13, 14, 10, 0]",,,,2213,Emory & Henry,ii,South Atlantic,24.0,"[7, 10, 0, 7]",,,,,,,
401675601,2024,5,regular,2024-09-29T17:00:00.000Z,False,True,False,True,,5945.0,Wildcat Stadium (GA),2542,Savannah State,ii,SIAC,0.0,"[0, 0, 0, 0]",,,,2232,Fort Valley State,ii,SIAC,30.0,"[0, 3, 13, 14]",,,,,,,
401676778,2024,5,regular,2024-09-29T19:00:00.000Z,False,True,False,True,,6553.0,Helen and Leonard Moretz Stadium,2331,Lenoir Rhyne,ii,South Atlantic,37.0,"[0, 21, 3, 13]",,,,2839,Tusculum,ii,South Atlantic,23.0,"[3, 0, 7, 13]",,,,,,,
401675595,2024,5,regular,2024-09-29T20:00:00.000Z,False,True,False,True,,3705.0,Earl Kitchings Stadium,2206,Edward Waters,ii,SIAC,13.0,"[0, 13, 0, 0]",,,,2657,Tuskegee,ii,SIAC,27.0,"[3, 0, 7, 17]",,,,,,,
401638659,2024,5,regular,2024-09-29T21:00:00.000Z,False,True,False,True,961.0,3897.0,Richardson Stadium,2506,Presbyterian,fcs,Pioneer,37.0,"[0, 13, 18, 6]",0.12700934677541395,,,2166,Davidson,fcs,Pioneer,48.0,"[7, 28, 7, 6]",0.872990653224586,,,5.0183826462,,,
401643797,2024,6,regular,2024-10-03T23:00:00.000Z,False,True,False,True,20349.0,3975.0,Veterans Memorial Stadium (AL),2653,Troy,fbs,Sun Belt,17.0,"[0, 10, 7, 0]",0.15409304049935388,1504.0,1454.0,326,Texas State,fbs,Sun Belt,38.0,"[14, 14, 10, 0]",0.8459069595006461,1534.0,1584.0,2.6453458217,,,
401641029,2024,6,regular,2024-10-04T01:00:00.000Z,False,True,False,True,14454.0,3946.0,Sun Bowl,2638,UTEP,fbs,Conference USA,21.0,"[0, 7, 7, 7]",0.006751532371953858,1206.0,1181.0,2534,Sam Houston,fbs,Conference USA,41.0,"[7, 10, 21, 3]",0.9932484676280462,1439.0,1464.0,3.5368655542,,,
401674804,2024,6,regular,2024-10-04T22:00:00.000Z,False,True,False,True,,5902.0,Knox Stadium,246,Juniata,iii,Landmark Conference,7.0,"[0, 0, 7, 0]",,,,398,Wilkes,iii,Landmark Conference,54.0,"[23, 7, 14, 10]",,,,,,,
401674691,2024,6,regular,2024-10-04T22:00:00.000Z,False,True,False,False,,5124.0,Homewood Field,118,Johns Hopkins,iii,Centennial,20.0,"[7, 7, 0, 6]",,,,2827,Rowan,iii,New Jersey,13.0,"[0, 7, 3, 3]",,,,,,,
401674898,2024,6,regular,2024-10-04T23:00:00.000Z,False,True,False,True,,5940.0,Clean Harbors Stadium,110,Mass Maritime,iii,MSCAC,0.0,"[0, 0, 0, 0]",,,,379,UMass Dartmouth,iii,MSCAC,34.0,"[7, 20, 7, 0]",,,,,,,
401641001,2024,6,regular,2024-10-04T23:00:00.000Z,False,True,False,True,10029.0,4899.0,Fifth Third Stadium,338,Kennesaw State,fbs,Conference USA,24.0,"[3, 14, 0, 7]",0.08121356033334157,1388.0,1281.0,55,Jacksonville State,fbs,Conference USA,63.0,"[7, 14, 21, 21]",0.9187864396666584,1453.0,1560.0,3.725170872,,,
401644598,2024,6,regular,2024-10-04T23:00:00.000Z,False,True,False,False,8676.0,3750.0,Harvard Stadium,108,Harvard,fcs,Ivy,28.0,"[0, 14, 7, 7]",0.9635688311852955,,,160,New Hampshire,fcs,CAA,23.0,"[7, 9, 0, 7]",0.03643116881470454,,,7.6821263726,,,
401674682,2024,6,regular,2024-10-04T23:00:00.000Z,False,True,False,True,,5851.0,Shirk Field at Musselman Stadium,2248,Gettysburg,iii,Centennial,20.0,"[6, 0, 6, 8]",,,,2700,McDaniel,iii,Centennial,7.0,"[0, 7, 0, 0]",,,,,,,
401674699,2024,6,regular,2024-10-04T23:00:00.000Z,False,True,False,True,,6089.0,Scotty Wood Stadium,2422,Muhlenberg,iii,Centennial,50.0,"[14, 7, 14, 15]",,,,2667,Ursinus,iii,Centennial,53.0,"[14, 13, 6, 20]",,,,,,,
401636891,2024,6,regular,2024-10-04T23:30:00.000Z,False,True,False,True,44211.0,3616.0,Amon G. Carter Stadium,2628,TCU,fbs,Big 12,19.0,"[0, 6, 6, 7]",0.0811553352620264,1551.0,1508.0,248,Houston,fbs,Big 12,30.0,"[7, 17, 0, 6]",0.9188446647379735,1352.0,1395.0,3.0999034496,,,
401634779,2024,6,regular,2024-10-05T01:00:00.000Z,False,True,False,False,31329.0,6501.0,Allegiant Stadium,2439,UNLV,fbs,Mountain West,41.0,"[0, 21, 10, 7, 3]",0.9875073669077074,1701.0,1675.0,183,Syracuse,fbs,ACC,44.0,"[14, 3, 14, 7, 6]",0.012492633092292649,1378.0,1404.0,7.9048309471,,,
401628506,2024,6,regular,2024-10-05T01:00:00.000Z,False,True,False,True,59802.0,3626.0,Autzen Stadium,2483,Oregon,fbs,Big Ten,31.0,"[7, 14, 3, 7]",0.9935499233498072,1974.0,1971.0,127,Michigan State,fbs,Big Ten,10.0,"[0, 0, 0, 10]",0.006450076650192815,1407.0,1410.0,3.5938577823,,,
401628383,2024,6,regular,2024-10-05T16:00:00.000Z,False,True,False,True,97049.0,3795.0,Kyle Field,245,Texas A&M,fbs,SEC,41.0,"[10, 14, 10, 7]",0.9988618929265699,1683.0,1781.0,142,Missouri,fbs,SEC,10.0,"[0, 0, 7, 3]",0.0011381070734300947,1790.0,1692.0,2.4205755334,,,
401676192,2024,6,regular,2024-10-05T16:00:00.000Z,False,True,False,True,,5997.0,Brooks Stadium (NY),2383,Merchant Marine,iii,NEWMAC,28.0,"[7, 13, 0, 8]",,,,2776,Salve Regina,iii,NEWMAC,31.0,"[7, 0, 14, 10]",,,,,,,
401676758,2024,6,regular,2024-10-05T16:00:00.000Z,False,True,False,False,,5848.0,Hotchkiss Field,417,Gallaudet,iii,ECFC,42.0,"[7, 21, 0, 14]",,,,2884,Nichols,iii,Commonwealth Coast,28.0,"[0, 14, 7, 7]",,,,,,,
401654489,2024,6,regular,2024-10-05T16:00:00.000Z,False,True,False,True,4111.0,3802.0,Lawrence A. Wien Stadium,171,Columbia,fcs,Ivy,34.0,"[3, 3, 14, 14]",0.8951300920721014,,,163,Princeton,fcs,Ivy,17.0,"[7, 3, 0, 7]",0.10486990792789863,,,6.2096110585,,,
401682327,2024,6,regular,2024-10-05T16:00:00.000Z,False,True,False,True,,6066.0,Pace Stadium,2487,Pace,ii,Northeast 10,16.0,"[0, 7, 0, 9]",,,,2060,Bentley,ii,Northeast 10,31.0,"[7, 10, 14, 0]",,,,,,,
401675500,2024,6,regular,2024-10-05T16:00:00.000Z,False,True,False,True,,4015.0,Barron Stadium,2560,Shorter,ii,Gulf South,6.0,"[0, 6, 0, 0]",,,,2673,Valdosta State,ii,Gulf South,59.0,"[14, 14, 14, 17]",,,,,,,
401645339,2024,6,regular,2024-10-05T16:00:00.000Z,False,True,False,True,,3674.0,Chapman Stadium,202,Tulsa,fbs,American Athletic,7.0,"[7, 0, 0, 0]",0.0003178918284539511,1132.0,1060.0,349,Army,fbs,American Athletic,49.0,"[7, 14, 21, 7]",0.999682108171546,1534.0,1606.0,2.6035307253,,,
401674568,2024,6,regular,2024-10-05T16:00:00.000Z,False,True,False,True,,3927.0,Sherman Field,2392,Michigan Tech,ii,GLIAC,22.0,"[0, 13, 7, 2]",,,,131,Wayne State (MI),ii,GLIAC,7.0,"[0, 7, 0, 0]",,,,,,,
401677474,2024,6,regular,2024-10-05T16:00:00.000Z,False,True,False,True,,5926.0,Henry G. Steinbrenner '27 Stadium,109,MIT,iii,NEWMAC,19.0,"[0, 7, 6, 6]",,,,2557,Coast Guard,iii,NEWMAC,21.0,"[14, 7, 0, 0]",,,,,,,
401675450,2024,6,regular,2024-10-05T16:00:00.000Z,False,True,False,True,,3718.0,Tom Benson Hall of Fame Stadium,2682,Walsh,ii,Great Midwest Athletic,63.0,"[14, 28, 14, 7]",,,,437,Lake Erie,ii,Great Midwest Athletic,34.0,"[6, 0, 28, 0]",,,,,,,
401676754,2024,6,regular,2024-10-05T16:00:00.000Z,False,True,False,True,,4427.0,John A. Farrell Stadium,223,West Chester,ii,Pennsylvania State Athletic,28.0,"[0, 14, 14, 0]",,,,2559,Shippensburg,ii,Pennsylvania State Athletic,10.0,"[0, 3, 7, 0]",,,,,,,
401635638,2024,6,regular,2024-10-05T16:00:00.000Z,False,True,False,True,56919.0,3670.0,Carter-Finley Stadium,152,NC State,fbs,ACC,30.0,"[3, 13, 7, 7]",0.686979207588141,1487.0,1473.0,154,Wake Forest,fbs,ACC,34.0,"[10, 7, 3, 14]",0.313020792411859,1376.0,1390.0,7.0816037197,,,
401674367,2024,6,regular,2024-10-05T16:00:00.000Z,False,True,False,True,,4431.0,Chryst Field at Biemesderfer Stadium,210,Millersville,ii,Pennsylvania State Athletic,17.0,"[7, 3, 0, 7]",,,,2188,East Stroudsburg,ii,Pennsylvania State Athletic,57.0,"[14, 13, 17, 13]",,,,,,,
401635572,2024,6,regular,2024-10-05T16:00:00.000Z,False,True,False,True,46033.0,3787.0,Kenan Stadium,153,North Carolina,fbs,ACC,24.0,"[7, 10, 7, 0]",0.08994281640453619,1521.0,1497.0,221,Pittsburgh,fbs,ACC,34.0,"[3, 14, 7, 10]",0.9100571835954638,1488.0,1512.0,7.4430200756,,,
401628510,2024,6,regular,2024-10-05T16:00:00.000Z,False,True,False,True,110047.0,3632.0,Beaver Stadium,213,Penn State,fbs,Big Ten,27.0,"[0, 14, 10, 3]",0.9881167331327723,1905.0,1901.0,26,UCLA,fbs,Big Ten,11.0,"[0, 3, 0, 8]",0.011883266867227738,1449.0,1453.0,3.2668282196,,,
401674561,2024,6,regular,2024-10-05T16:00:00.000Z,False,True,False,True,,5934.0,Farmers Insurance Athletic Complex,110254,Davenport,ii,GLIAC,7.0,"[0, 7, 0, 0]",,,,125,Grand Valley State,ii,GLIAC,24.0,"[3, 21, 0, 0]",,,,,,,
401628509,2024,6,regular,2024-10-05T16:00:00.000Z,False,True,False,True,76091.0,347.0,Camp Randall Stadium,275,Wisconsin,fbs,Big Ten,52.0,"[14, 7, 21, 10]",0.9988566905205731,1536.0,1644.0,2509,Purdue,fbs,Big Ten,6.0,"[0, 6, 0, 0]",0.0011433094794268683,1322.0,1214.0,3.165178334,,,
401676226,2024,6,regular,2024-10-05T16:00:00.000Z,False,True,False,True,,6119.0,Stagg Field,81,Springfield,iii,NEWMAC,51.0,"[13, 17, 14, 7]",,,,2749,WPI,iii,NEWMAC,7.0,"[0, 0, 0, 7]",,,,,,,
401676665,2024,6,regular,2024-10-05T16:00:00.000Z,False,True,False,True,,5636.0,Wright Stadium,173,Hartwick,iii,Empire 8,7.0,"[0, 0, 0, 7]",,,,390,Utica,iii,Empire 8,65.0,"[21, 35, 6, 3]",,,,,,,
401676118,2024,6,regular,2024-10-05T16:00:00.000Z,False,True,False,True,,6096.0,Austin E. Knowlton Athletics Complex,391,Oberlin,iii,North Coast,0.0,"[0, 0, 0, 0]",,,,352,Kenyon,iii,North Coast,34.0,"[6, 14, 7, 7]",,,,,,,
401674890,2024,6,regular,2024-10-05T16:00:00.000Z,False,True,False,True,,3819.0,Bowditch Field,2967,Framingham State,iii,MSCAC,25.0,"[0, 7, 7, 11]",,,,114,Fitchburg State,iii,MSCAC,22.0,"[0, 10, 6, 6]",,,,,,,
401676106,2024,6,regular,2024-10-05T16:00:00.000Z,False,True,False,True,,5133.0,Ram Stadium (WV),2974,Shepherd,ii,Pennsylvania State Athletic,45.0,"[10, 21, 7, 7]",,,,209,Lock Haven,ii,Pennsylvania State Athletic,38.0,"[0, 3, 14, 21]",,,,,,,
401673403,2024,6,regular,2024-10-05T16:00:00.000Z,False,True,False,False,,3877.0,Pioneer Stadium,3162,Alfred State,iii,ECFC,21.0,"[0, 7, 7, 7]",,,,3111,Apprentice School,iii,Independent DIII,7.0,"[0, 0, 0, 7]",,,,,,,
401674842,2024,6,regular,2024-10-05T16:00:00.000Z,False,True,False,True,,3717.0,Edwin Fauver Stadium,184,Rochester (NY),iii,Liberty League,14.0,"[7, 7, 0, 0]",,,,2528,Rensselaer,iii,Liberty League,7.0,"[0, 0, 7, 0]",,,,,,,
401674259,2024,6,regular,2024-10-05T16:00:00.000Z,False,True,False,True,,5121.0,University of Charleston Stadium,2128,Charleston (WV),ii,Mountain East,29.0,"[8, 7, 7, 7]",,,,2249,Glenville State,ii,Mountain East,17.0,"[3, 7, 7, 0]",,,,,,,
401674291,2024,6,regular,2024-10-05T16:00:00.000Z,False,True,False,True,,6212.0,Bishop Schmitt Field,112335,Wheeling,ii,Mountain East,32.0,"[0, 21, 0, 11]",,,,2882,UNC Pembroke,ii,Mountain East,35.0,"[0, 7, 21, 7]",,,,,,,
401674342,2024,6,regular,2024-10-05T16:00:00.000Z,False,True,False,True,,4432.0,Andre Reed Stadium,2315,Kutztown,ii,Pennsylvania State Athletic,42.0,"[14, 7, 7, 14]",,,,2071,Bloomsburg,ii,Pennsylvania State Athletic,10.0,"[0, 3, 7, 0]",,,,,,,
401643722,2024,6,regular,2024-10-05T16:00:00.000Z,False,True,False,False,39441.0,3713.0,Falcon Stadium,2005,Air Force,fbs,Mountain West,7.0,"[0, 7, 0, 0]",0.05184426176894664,1418.0,1353.0,2426,Navy,fbs,American Athletic,34.0,"[14, 7, 6, 7]",0.9481557382310534,1490.0,1555.0,1.894636792,,,
401675964,2024,6,regular,2024-10-05T16:00:00.000Z,False,True,False,True,,3690.0,Charles L. Currier Memorial Field,2972,Plymouth State,iii,MSCAC,21.0,"[7, 7, 0, 7]",,,,2843,Western Connecticut State,iii,MSCAC,48.0,"[7, 14, 7, 20]",,,,,,,
401628646,2024,6,regular,2024-10-05T16:00:00.000Z,False,True,False,False,3735.0,3656.0,Brown Stadium,225,Brown,fcs,Ivy,35.0,"[7, 7, 7, 14]",0.048187122421780616,,,2803,Bryant,fcs,CAA,42.0,"[7, 13, 0, 22]",0.9518128775782194,,,3.1544613838,,,
401654575,2024,6,regular,2024-10-05T16:00:00.000Z,False,True,False,False,5123.0,3997.0,Yale Bowl,43,Yale,fcs,Ivy,23.0,"[10, 7, 0, 6]",0.20913024485857465,,,2115,Central Connecticut,fcs,NEC,22.0,"[3, 7, 6, 6]",0.7908697551414253,,,8.1178798969,,,
401635571,2024,6,regular,2024-10-05T16:00:00.000Z,False,True,False,True,50254.0,3873.0,L&N Federal Credit Union Stadium,97,Louisville,fbs,ACC,27.0,"[10, 3, 14, 0]",0.12259642780226156,1717.0,1707.0,2567,SMU,fbs,ACC,34.0,"[14, 10, 3, 7]",0.8774035721977385,1755.0,1765.0,7.163661777,,,
401635567,2024,6,regular,2024-10-05T16:00:00.000Z,False,True,False,True,38285.0,3923.0,Scott Stadium,258,Virginia,fbs,ACC,24.0,"[0, 6, 0, 18]",0.4938901368867562,1389.0,1412.0,103,Boston College,fbs,ACC,14.0,"[7, 7, 0, 0]",0.5061098631132438,1471.0,1448.0,6.6243461073,,,
401629044,2024,6,regular,2024-10-05T16:00:00.000Z,False,True,False,False,12466.0,3764.0,Huskie Stadium,2459,Northern Illinois,fbs,Mid-American,34.0,"[7, 0, 6, 21]",0.9954385438836776,1455.0,1452.0,113,Massachusetts,fbs,FBS Independents,20.0,"[7, 6, 0, 7]",0.004561456116322415,1067.0,1070.0,6.4049143498,,,
401676355,2024,6,regular,2024-10-05T16:30:00.000Z,False,True,False,True,,6101.0,"Memorial Stadium (Westerville, OH)",359,Otterbein,iii,Ohio,0.0,"[0, 0, 0, 0]",,,,426,Mount Union,iii,Ohio,21.0,"[0, 7, 7, 7]",,,,,,,
401654637,2024,6,regular,2024-10-05T17:00:00.000Z,False,True,False,True,821.0,3617.0,Andy Kerr Stadium,2142,Colgate,fcs,Patriot,7.0,"[0, 7, 0, 0]",0.17287669300024397,,,107,Holy Cross,fcs,Patriot,38.0,"[0, 16, 7, 15]",0.827123306999756,,,2.3605956733,,,
401638664,2024,6,regular,2024-10-05T17:00:00.000Z,False,True,False,True,2124.0,3897.0,Richardson Stadium,2166,Davidson,fcs,Pioneer,42.0,"[7, 14, 7, 14]",0.9987832418869377,,,2368,Marist,fcs,Pioneer,19.0,"[0, 7, 6, 6]",0.0012167581130623217,,,4.9145462139,,,
401676922,2024,6,regular,2024-10-05T17:00:00.000Z,False,True,False,True,,5125.0,Stadium Red Field,2782,SUNY Cortland,iii,Empire 8,41.0,"[7, 10, 14, 10]",,,,3110,SUNY Morrisville,iii,Empire 8,0.0,"[0, 0, 0, 0]",,,,,,,
401654512,2024,6,regular,2024-10-05T17:00:00.000Z,False,True,False,False,7632.0,3762.0,Hughes Stadium,2415,Morgan State,fcs,MEAC,41.0,"[13, 14, 14, 0]",,,,2339,Lincoln (PA),ii,CIAA,0.0,"[0, 0, 0, 0]",,,,,,,
401638663,2024,6,regular,2024-10-05T17:00:00.000Z,False,True,False,True,2577.0,3655.0,Brown Field,2674,Valparaiso,fcs,Pioneer,3.0,"[0, 0, 3, 0]",0.0011777415799367928,,,2181,Drake,fcs,Pioneer,27.0,"[14, 3, 0, 10]",0.9988222584200632,,,2.7713491549,,,
401676731,2024,6,regular,2024-10-05T17:00:00.000Z,False,True,False,True,,6074.0,Grappone Stadium,2830,Saint Anselm,ii,Northeast 10,56.0,"[7, 21, 7, 21]",,,,126086,Post,ii,Northeast 10,28.0,"[7, 7, 7, 7]",,,,,,,
401628640,2024,6,regular,2024-10-05T17:00:00.000Z,False,True,False,True,3374.0,5389.0,Kessler Stadium,2405,Monmouth,fcs,CAA,35.0,"[7, 7, 7, 14]",0.28117232375030266,,,48,Delaware,fcs,CAA,42.0,"[3, 11, 14, 14]",0.7188276762496973,,,6.0848568077,,,
401628645,2024,6,regular,2024-10-05T17:00:00.000Z,False,True,False,False,,3921.0,Schoellkopf Field,172,Cornell,fcs,Ivy,10.0,"[0, 7, 3, 0]",0.1301816176860437,,,399,UAlbany,fcs,CAA,31.0,"[3, 3, 10, 15]",0.8698183823139563,,,4.1376435163,,,
401658361,2024,6,regular,2024-10-05T17:00:00.000Z,False,True,False,True,,3642.0,Bobcat Stadium (MD),341,Frostburg State,ii,Mountain East,49.0,"[14, 14, 7, 14]",,,,455,West Virginia Wesleyan,ii,Mountain East,16.0,"[0, 6, 3, 7]",,,,,,,
401676725,2024,6,regular,2024-10-05T17:00:00.000Z,False,True,False,True,,6058.0,Ralph F. DellaCamera Stadium,2441,New Haven,ii,Northeast 10,56.0,"[14, 21, 0, 21]",,,,2022,American International,ii,Northeast 10,0.0,"[0, 0, 0, 0]",,,,,,,
401676210,2024,6,regular,2024-10-05T17:00:00.000Z,False,True,True,True,,10463.0,Grand Rapids Christian High School,129738,Calvin,iii,Michigan,13.0,"[0, 6, 7, 0]",,,,2800,Alma,iii,Michigan,73.0,"[16, 29, 14, 14]",,,,,,,
401676158,2024,6,regular,2024-10-05T17:00:00.000Z,False,True,False,True,,5894.0,Steuben Field,348,Hamilton,iii,NESCAC,7.0,"[7, 0, 0, 0]",,,,336,Wesleyan (CT),iii,NESCAC,19.0,"[0, 0, 0, 19]",,,,,,,
401654654,2024,6,regular,2024-10-05T17:00:00.000Z,False,True,False,True,1643.0,6075.0,W.B. Mason Stadium,284,Stonehill,fcs,NEC,7.0,"[0, 7, 0, 0]",0.0015587708779224376,,,2681,Wagner,fcs,NEC,28.0,"[7, 14, 0, 7]",0.9984412291220776,,,3.0667322925,,,
401675420,2024,6,regular,2024-10-05T17:00:00.000Z,False,True,False,True,,3770.0,Jack Miller Stadium,308,Ashland,ii,Great Midwest Athletic,26.0,"[3, 20, 3, 0]",,,,2477,Ohio Dominican,ii,Great Midwest Athletic,6.0,"[0, 0, 0, 6]",,,,,,,
401676621,2024,6,regular,2024-10-05T17:00:00.000Z,False,True,False,True,,5789.0,Frank B. Fuhrer Field,2018,Allegheny,iii,Presidents',14.0,"[0, 7, 0, 7]",,,,2963,Case Western Reserve,iii,Presidents',58.0,"[21, 23, 7, 7]",,,,,,,
401673374,2024,6,regular,2024-10-05T17:00:00.000Z,False,True,False,True,,3663.0,Burke-Tarr Stadium,2105,Carson Newman,ii,South Atlantic,28.0,"[14, 7, 7, 0]",,,,122666,Barton,ii,South Atlantic,17.0,"[10, 7, 0, 0]",,,,,,,
401674912,2024,6,regular,2024-10-05T17:00:00.000Z,False,True,False,True,,5786.0,Sprankle-Sprandel Stadium,2790,Albion,iii,Michigan,38.0,"[7, 14, 10, 7]",,,,2003,Adrian,iii,Michigan,27.0,"[0, 7, 7, 13]",,,,,,,
401676058,2024,6,regular,2024-10-05T17:00:00.000Z,False,True,False,True,,6121.0,Donald J. Schneider Stadium,2832,St. Norbert,iii,NACC,28.0,"[7, 14, 0, 7]",,,,409,Concordia (WI),iii,NACC,10.0,"[0, 3, 7, 0]",,,,,,,
401674930,2024,6,regular,2024-10-05T17:00:00.000Z,False,True,False,True,,3755.0,Ray and Sue Smith Stadium,2812,Hope,iii,Michigan,42.0,"[14, 14, 7, 7]",,,,2651,Trine,iii,Michigan,6.0,"[0, 0, 0, 6]",,,,,,,
401677374,2024,6,regular,2024-10-05T17:00:00.000Z,False,True,False,True,,6126.0,Bob Boozer Field,2781,Brockport,iii,Empire 8,35.0,"[14, 14, 0, 7]",,,,374,St. John Fisher,iii,Empire 8,0.0,"[0, 0, 0, 0]",,,,,,,
401674267,2024,6,regular,2024-10-05T17:00:00.000Z,False,True,False,True,,5886.0,West Family Stadium,2699,West Liberty,ii,Mountain East,31.0,"[14, 7, 3, 7]",,,,2148,Concord,ii,Mountain East,10.0,"[0, 3, 0, 7]",,,,,,,
401675380,2024,6,regular,2024-10-05T17:00:00.000Z,False,True,False,True,,3813.0,"Luther ""Nick"" Jeralds Stadium",2220,Fayetteville State,ii,CIAA,27.0,"[7, 7, 0, 13]",,,,2075,Bowie State,ii,CIAA,24.0,"[3, 14, 0, 7]",,,,,,,
401673412,2024,6,regular,2024-10-05T17:00:00.000Z,False,True,False,True,,7082.0,Athletic Field Complex,122774,Keystone,iii,Landmark Conference,14.0,"[7, 7, 0, 0]",,,,323,Moravian,iii,Landmark Conference,55.0,"[15, 14, 7, 19]",,,,,,,
401676186,2024,6,regular,2024-10-05T17:00:00.000Z,False,True,False,True,,6151.0,Farley-Lamb Field,2731,Williams,iii,NESCAC,34.0,"[7, 0, 13, 14]",,,,340,Bowdoin,iii,NESCAC,14.0,"[0, 7, 0, 7]",,,,,,,
401676238,2024,6,regular,2024-10-05T17:00:00.000Z,False,True,False,True,,5905.0,Kean Alumni Stadium,2871,Kean,iii,New Jersey,25.0,"[3, 14, 0, 8]",,,,2970,William Paterson,iii,New Jersey,18.0,"[0, 12, 0, 6]",,,,,,,
401676257,2024,6,regular,2024-10-05T17:00:00.000Z,False,True,False,True,,5818.0,Farris Stadium,2121,Centre,iii,Southern Athletic,24.0,"[7, 10, 0, 7]",,,,386,Trinity (TX),iii,Southern Athletic,12.0,"[3, 3, 0, 6]",,,,,,,
401674792,2024,6,regular,2024-10-05T17:00:00.000Z,False,True,False,True,,5832.0,Justin F. Coressel Stadium,190,Defiance College,,,35.0,"[14, 7, 0, 14]",,,,2362,Manchester,iii,Heartland,3.0,"[0, 0, 3, 0]",,,,,,,
401674382,2024,6,regular,2024-10-05T17:00:00.000Z,False,True,False,True,,4441.0,McConnell Family Stadium,367,Gannon,ii,Pennsylvania State Athletic,23.0,"[10, 10, 3, 0]",,,,611,Seton Hill,ii,Pennsylvania State Athletic,17.0,"[0, 10, 0, 7]",,,,,,,
401654589,2024,6,regular,2024-10-05T17:00:00.000Z,False,True,False,True,2956.0,3623.0,Arthur J. Rooney Athletic Field,2184,Duquesne,fcs,NEC,47.0,"[19, 14, 7, 7]",0.9988896989609193,,,2341,Long Island University,fcs,NEC,21.0,"[0, 7, 7, 7]",0.0011103010390807189,,,2.88808425,,,
401654472,2024,6,regular,2024-10-05T17:00:00.000Z,False,True,False,True,4746.0,3826.0,Memorial Field,159,Dartmouth,fcs,Ivy,20.0,"[7, 3, 7, 3]",0.9776854443464422,,,219,Pennsylvania,fcs,Ivy,17.0,"[0, 14, 0, 3]",0.022314555653557777,,,6.558149725,,,
401676693,2024,6,regular,2024-10-05T17:00:00.000Z,False,True,False,True,,6068.0,George Williams Athletic Complex,2551,Shaw,ii,CIAA,35.0,"[13, 15, 7, 0]",,,,124180,Bluefield State,ii,CIAA,17.0,"[10, 0, 0, 7]",,,,,,,
401676000,2024,6,regular,2024-10-05T17:00:00.000Z,False,True,False,True,,6117.0,Knight Stadium,2896,Southern Virginia,iii,USA South,21.0,"[0, 7, 7, 7]",,,,2913,Brevard,iii,USA South,55.0,"[17, 17, 7, 14]",,,,,,,
401675407,2024,6,regular,2024-10-05T17:00:00.000Z,False,True,False,True,,6032.0,Hovey Field,2676,Virginia Union,ii,CIAA,31.0,"[7, 17, 0, 7]",,,,2736,Winston-Salem State,ii,CIAA,13.0,"[0, 3, 3, 7]",,,,,,,
401676628,2024,6,regular,2024-10-05T17:00:00.000Z,False,True,False,True,,5803.0,Bison Stadium,2062,Bethany (WV),iii,Presidents',22.0,"[0, 6, 14, 2]",,,,146,Grove City,iii,Presidents',62.0,"[17, 28, 10, 7]",,,,,,,
401676421,2024,6,regular,2024-10-05T17:00:00.000Z,False,True,False,True,,6146.0,Memorial Field (PA),2849,Westminster (PA),iii,Presidents',14.0,"[0, 7, 7, 0]",,,,2686,Washington & Jefferson,iii,Presidents',21.0,"[14, 0, 0, 7]",,,,,,,
401676782,2024,6,regular,2024-10-05T17:00:00.000Z,False,True,False,True,,6078.0,Pioneer Field (TN),2839,Tusculum,ii,South Atlantic,21.0,"[0, 7, 7, 7]",,,,2336,Limestone,ii,South Atlantic,49.0,"[7, 14, 14, 14]",,,,,,,
401676428,2024,6,regular,2024-10-05T17:00:00.000Z,False,True,False,True,,5896.0,Lewis C. Everett Stadium,297,Hampden Sydney,iii,Old Dominion,31.0,"[7, 0, 14, 10]",,,,2258,Guilford,iii,Old Dominion,0.0,"[0, 0, 0, 0]",,,,,,,
401676219,2024,6,regular,2024-10-05T17:00:00.000Z,False,True,False,True,,6095.0,Sabine Field at Haynes Family Stadium,2467,Norwich,iii,NEWMAC,14.0,"[7, 0, 0, 7]",,,,2951,SUNY Maritime,iii,NEWMAC,37.0,"[14, 16, 0, 7]",,,,,,,
401674817,2024,6,regular,2024-10-05T17:00:00.000Z,False,True,False,True,,6202.0,Cardinal Stadium (DC),2108,Catholic,iii,Landmark Conference,14.0,"[0, 7, 0, 7]",,,,216,Susquehanna,iii,Landmark Conference,48.0,"[14, 21, 13, 0]",,,,,,,
401673385,2024,6,regular,2024-10-05T17:00:00.000Z,False,True,False,True,,5840.0,Fred Selfe Stadium at Nicewonder Field,2213,Emory & Henry,ii,South Atlantic,31.0,"[0, 7, 3, 21]",,,,2331,Lenoir Rhyne,ii,South Atlantic,20.0,"[3, 7, 7, 3]",,,,,,,
401658341,2024,6,regular,2024-10-05T17:00:00.000Z,False,True,False,True,,3950.0,Superior Dome,128,Northern Michigan,ii,GLIAC,14.0,"[0, 7, 7, 0]",,,,129,Saginaw Valley State,ii,GLIAC,63.0,"[7, 35, 14, 7]",,,,,,,
401675435,2024,6,regular,2024-10-05T17:00:00.000Z,False,True,False,True,,3747.0,Hantz Stadium,2886,Northwood,ii,Great Midwest Athletic,13.0,"[3, 3, 7, 0]",,,,2273,Hillsdale,ii,Great Midwest Athletic,14.0,"[0, 14, 0, 0]",,,,,,,
401674749,2024,6,regular,2024-10-05T17:00:00.000Z,False,True,False,True,,5788.0,Merrill Field at Yunevich Stadium,365,Alfred,iii,Empire 8,47.0,"[14, 14, 2, 17]",,,,125974,Hilbert,iii,Empire 8,0.0,"[0, 0, 0, 0]",,,,,,,
401674856,2024,6,regular,2024-10-05T17:00:00.000Z,False,True,False,True,,6113.0,Leckonby Stadium,2779,St. Lawrence,iii,Liberty League,27.0,"[3, 7, 0, 14, 3]",,,,237,Union,iii,Liberty League,24.0,"[0, 10, 11, 3, 0]",,,,,,,
401676646,2024,6,regular,2024-10-05T17:00:00.000Z,False,True,False,True,,3677.0,Chuck Noll Field,2614,Saint Vincent,iii,Presidents',13.0,"[7, 6, 0, 0]",,,,2242,Geneva,iii,Presidents',16.0,"[7, 6, 3, 0]",,,,,,,
401675000,2024,6,regular,2024-10-05T17:00:00.000Z,False,True,False,True,,5919.0,Ron Roberts Field at the Banta Bowl,268,Lawrence,iii,Midwest,14.0,"[7, 7, 0, 0]",,,,65,Grinnell,iii,Midwest,17.0,"[7, 0, 7, 3]",,,,,,,
401638665,2024,6,regular,2024-10-05T17:00:00.000Z,False,True,False,True,4516.0,3664.0,Butler Bowl,2086,Butler,fcs,Pioneer,40.0,"[7, 13, 7, 13]",0.9975486637932687,,,2413,Morehead State,fcs,Pioneer,6.0,"[0, 0, 0, 6]",0.002451336206731325,,,3.0992483968,,,
401677465,2024,6,regular,2024-10-05T17:00:00.000Z,False,True,False,False,2215.0,4428.0,Saxon Stadium,2385,Mercyhurst,fcs,NEC,55.0,"[17, 17, 7, 14]",,,,2085,Buffalo State,iii,Liberty League,0.0,"[0, 0, 0, 0]",,,,,,,
401654625,2024,6,regular,2024-10-05T17:00:00.000Z,False,True,False,True,4300.0,150.0,Jack Coffey Field,2230,Fordham,fcs,Patriot,23.0,"[0, 14, 3, 6]",0.007250745789315015,,,322,Lafayette,fcs,Patriot,28.0,"[14, 0, 14, 0]",0.9927492542106849,,,4.3294369655,,,
401674828,2024,6,regular,2024-10-05T17:00:00.000Z,False,True,False,True,,5856.0,Boswell Field at David J. Urick Stadium,174,Hobart,iii,Liberty League,16.0,"[7, 3, 3, 3]",,,,175,Ithaca,iii,Liberty League,7.0,"[0, 7, 0, 0]",,,,,,,
401674672,2024,6,regular,2024-10-05T17:00:00.000Z,False,True,False,True,,7077.0,Shadek Stadium,2234,Franklin & Marshall,iii,Centennial,23.0,"[0, 10, 6, 7]",,,,2175,Dickinson,iii,Centennial,14.0,"[0, 14, 0, 0]",,,,,,,
401676026,2024,6,regular,2024-10-05T17:00:00.000Z,False,True,False,True,,5910.0,Callaway Stadium,548,LaGrange,iii,USA South,13.0,"[3, 3, 0, 7]",,,,2373,Maryville (TN),iii,USA South,38.0,"[0, 10, 14, 14]",,,,,,,
401675279,2024,6,regular,2024-10-05T17:00:00.000Z,False,True,False,True,,6127.0,John P. Papp Stadium,2748,Wooster,iii,North Coast,19.0,"[7, 6, 0, 6]",,,,89,Wabash,iii,North Coast,55.0,"[14, 14, 20, 7]",,,,,,,
401676774,2024,6,regular,2024-10-05T17:00:00.000Z,False,True,False,False,,6135.0,Blue Storm Stadium,111675,New England,iii,Commonwealth Coast,68.0,"[22, 23, 10, 13]",,,,110438,Dean,iii,ECFC,0.0,"[0, 0, 0, 0]",,,,,,,
401654551,2024,6,regular,2024-10-05T17:00:00.000Z,False,True,False,False,,3668.0,Campus Field,2529,Sacred Heart,fcs,FCS Independents,10.0,"[3, 7, 0, 0]",0.8494285270946388,,,2450,Norfolk State,fcs,MEAC,3.0,"[0, 0, 3, 0]",0.15057147290536121,,,5.7263697537,,,
401654509,2024,6,regular,2024-10-05T17:00:00.000Z,False,True,False,False,5400.0,3613.0,Alumni Stadium,2169,Delaware State,fcs,MEAC,17.0,"[0, 10, 7, 0]",0.003379180305679519,,,2598,Saint Francis,fcs,NEC,28.0,"[6, 0, 0, 22]",0.9966208196943205,,,8.9709129777,,,
401676441,2024,6,regular,2024-10-05T17:00:00.000Z,False,True,False,True,,6116.0,Shentel Stadium,2828,Shenandoah,iii,Old Dominion,21.0,"[14, 0, 7, 0]",,,,2516,Randolph Macon,iii,Old Dominion,22.0,"[6, 7, 3, 6]",,,,,,,
401645338,2024,6,regular,2024-10-05T17:00:00.000Z,False,True,False,True,19724.0,7221.0,Protective Stadium,5,UAB,fbs,American Athletic,20.0,"[6, 0, 0, 14]",0.0005259456416550542,1226.0,1128.0,2655,Tulane,fbs,American Athletic,71.0,"[20, 17, 20, 14]",0.9994740543583449,1653.0,1751.0,1.5932468249,,,
401674784,2024,6,regular,2024-10-05T17:30:00.000Z,False,True,False,True,,3614.0,Alumni Stadium (IN),2262,Hanover,iii,Heartland,41.0,"[7, 20, 7, 7]",,,,2419,Mount St Joseph,iii,Heartland,49.0,"[14, 14, 14, 7]",,,,,,,
401676343,2024,6,regular,2024-10-05T17:30:00.000Z,False,True,False,True,,6090.0,Sherman Field at McConagha Stadium,332,Muskingum,iii,Ohio,10.0,"[0, 3, 0, 7]",,,,2302,John Carroll,iii,Ohio,35.0,"[7, 7, 14, 7]",,,,,,,
401674766,2024,6,regular,2024-10-05T17:30:00.000Z,False,True,False,True,,5805.0,Alumni Field (OH),2074,Bluffton,iii,Heartland,37.0,"[7, 7, 9, 14]",,,,2023,Anderson (IN),iii,Heartland,9.0,"[2, 0, 0, 7]",,,,,,,
401676308,2024,6,regular,2024-10-05T17:30:00.000Z,False,True,False,True,,5812.0,Bernlohr Stadium,424,Capital,iii,Ohio,22.0,"[0, 14, 0, 8]",,,,191,Heidelberg,iii,Ohio,45.0,"[14, 10, 7, 14]",,,,,,,
401676166,2024,6,regular,2024-10-05T17:30:00.000Z,False,True,False,True,,6133.0,Ellis Oval at Zimman Field,112,Tufts,iii,NESCAC,24.0,"[3, 13, 8, 0]",,,,2977,Trinity (CT),iii,NESCAC,42.0,"[7, 7, 14, 14]",,,,,,,
401676795,2024,6,regular,2024-10-05T18:00:00.000Z,False,True,False,True,,6033.0,Carl Smith Stadium,2842,UVA Wise,ii,South Atlantic,0.0,"[0, 0, 0, 0]",,,,351,Wingate,ii,South Atlantic,33.0,"[3, 13, 14, 3]",,,,,,,
401675617,2024,6,regular,2024-10-05T18:00:00.000Z,False,True,True,True,,4110.0,A.J. McClung Stadium,2657,Tuskegee,ii,SIAC,42.0,"[3, 10, 14, 15]",,,,60,Morehouse,ii,SIAC,0.0,"[0, 0, 0, 0]",,,,,,,
401675991,2024,6,regular,2024-10-05T18:00:00.000Z,False,True,False,True,,5913.0,Warrior Field at Raabe Stadium,2741,Wisconsin Lutheran,iii,NACC,14.0,"[0, 14, 0, 0]",,,,2044,Aurora,iii,NACC,45.0,"[10, 14, 14, 7]",,,,,,,
401676120,2024,6,regular,2024-10-05T18:00:00.000Z,False,True,False,True,,6145.0,Blue Jay Stadium,433,Westminster (MO),iii,Upper Midwest,14.0,"[7, 0, 7, 0]",,,,2257,Greenville,iii,Upper Midwest,35.0,"[0, 14, 7, 14]",,,,,,,
401673968,2024,6,regular,2024-10-05T18:00:00.000Z,False,True,False,True,,5816.0,Art Keller Field,2106,Carthage,iii,CCIW,17.0,"[6, 0, 0, 11]",,,,72,Elmhurst,iii,CCIW,23.0,"[3, 14, 0, 6]",,,,,,,
401676102,2024,6,regular,2024-10-05T18:00:00.000Z,False,True,False,True,,6099.0,Selby Stadium,2980,Ohio Wesleyan,iii,North Coast,14.0,"[14, 0, 0, 0]",,,,83,DePauw,iii,North Coast,53.0,"[8, 24, 14, 7]",,,,,,,
401675988,2024,6,regular,2024-10-05T18:00:00.000Z,False,True,False,True,,5901.0,David Smith Stadium at Ramer Field,2723,Wisconsin River Falls,iii,Wisconsin,71.0,"[15, 35, 14, 7]",,,,2738,Wisconsin Eau Claire,iii,Wisconsin,14.0,"[0, 0, 7, 7]",,,,,,,
401675604,2024,6,regular,2024-10-05T18:00:00.000Z,False,True,False,True,,6042.0,Alumni Stadium (KY),2310,Kentucky State,ii,SIAC,24.0,"[7, 10, 0, 7]",,,,2323,Lane College,ii,SIAC,20.0,"[7, 0, 0, 13]",,,,,,,
401674979,2024,6,regular,2024-10-05T18:00:00.000Z,False,True,False,True,,5813.0,Klein Field at Manitou,133,St. Olaf,iii,Minnesota,41.0,"[20, 21, 0, 0]",,,,162,Hamline,iii,Minnesota,6.0,"[0, 0, 0, 6]",,,,,,,
401674880,2024,6,regular,2024-10-05T18:00:00.000Z,False,True,False,True,,5638.0,Dave Wolk Stadium,293,Vermont State Castleton,iii,MSCAC,24.0,"[10, 0, 7, 7]",,,,2909,Westfield State,iii,MSCAC,10.0,"[0, 10, 0, 0]",,,,,,,
401674985,2024,6,regular,2024-10-05T18:00:00.000Z,False,True,False,True,,6122.0,Public Schools Stadium,375,St. Scholastica,iii,Minnesota,30.0,"[6, 7, 0, 17]",,,,2359,Macalester,iii,Minnesota,28.0,"[7, 6, 0, 15]",,,,,,,
401675429,2024,6,regular,2024-10-05T18:00:00.000Z,False,True,False,True,,5263.0,Steele Stadium,2316,Kentucky Wesleyan,ii,Great Midwest Athletic,9.0,"[0, 7, 2, 0]",,,,2224,Findlay,ii,Great Midwest Athletic,49.0,"[7, 28, 7, 7]",,,,,,,
401676085,2024,6,regular,2024-10-05T18:00:00.000Z,False,True,False,True,,4433.0,George P. Miller Stadium,2291,IU Pennsylvania,ii,Pennsylvania State Athletic,32.0,"[0, 10, 10, 12]",,,,215,Slippery Rock,ii,Pennsylvania State Athletic,33.0,"[7, 14, 0, 12]",,,,,,,
401644741,2024,6,regular,2024-10-05T18:00:00.000Z,False,True,False,True,10342.0,3919.0,Scheumann Stadium,2050,Ball State,fbs,Mid-American,42.0,"[14, 7, 14, 7]",0.42578317805850324,1088.0,1091.0,2711,Western Michigan,fbs,Mid-American,45.0,"[21, 0, 10, 14]",0.5742168219414967,1220.0,1217.0,5.4083795661,,,
401676032,2024,6,regular,2024-10-05T18:00:00.000Z,False,True,False,True,,5918.0,Taylor Field,6353,Lakeland,iii,NACC,42.0,"[7, 21, 7, 7]",,,,2283,Benedictine (IL),iii,NACC,21.0,"[14, 0, 7, 0]",,,,,,,
401676050,2024,6,regular,2024-10-05T18:00:00.000Z,False,True,False,True,,3915.0,Charles Lee Field at Samford Stadium,2938,Huntingdon,iii,USA South,45.0,"[0, 35, 10, 0]",,,,2056,Belhaven,iii,USA South,31.0,"[7, 10, 7, 7]",,,,,,,
401674332,2024,6,regular,2024-10-05T18:00:00.000Z,False,True,False,True,,5780.0,Altra Federal Credit Union Stadium,2851,Winona State,ii,Northern Sun,33.0,"[10, 13, 3, 7]",,,,2817,Minnesota St Moorhead,ii,Northern Sun,6.0,"[0, 0, 0, 6]",,,,,,,
401638667,2024,6,regular,2024-10-05T18:00:00.000Z,False,True,False,True,3495.0,5116.0,O'Shaughnessy Stadium,2900,St. Thomas (MN),fcs,Pioneer,34.0,"[28, 3, 0, 3]",,,,56,Stetson,fcs,Pioneer,24.0,"[0, 3, 14, 7]",,,,,,,
401677469,2024,6,regular,2024-10-05T18:00:00.000Z,False,True,False,True,,5792.0,Pratt Field at Lehrman Stadium,7,Amherst,iii,NESCAC,21.0,"[0, 0, 14, 7]",,,,2394,Middlebury,iii,NESCAC,29.0,"[10, 10, 0, 9]",,,,,,,
401674943,2024,6,regular,2024-10-05T18:00:00.000Z,False,True,False,True,,5117.0,Clemens Stadium,2600,Saint John's (MN),iii,Minnesota,45.0,"[14, 14, 7, 10]",,,,124,Augsburg,iii,Minnesota,20.0,"[7, 7, 0, 6]",,,,,,,
401676127,2024,6,regular,2024-10-05T18:00:00.000Z,False,True,False,True,,6094.0,Reynolds Field,583,Northwestern (MN),iii,Upper Midwest,69.0,"[34, 14, 14, 7]",,,,509,Crown,iii,Upper Midwest,14.0,"[0, 7, 0, 7]",,,,,,,
401674352,2024,6,regular,2024-10-05T18:00:00.000Z,False,True,False,True,,4437.0,"Memorial Stadium (Clarion, PA)",2134,Clarion,ii,Pennsylvania State Athletic,27.0,"[7, 7, 6, 7]",,,,2858,California (PA),ii,Pennsylvania State Athletic,31.0,"[0, 3, 14, 14]",,,,,,,
401675389,2024,6,regular,2024-10-05T18:00:00.000Z,False,True,False,True,,6041.0,Irwin Belk Complex,2304,Johnson C. Smith,ii,CIAA,21.0,"[0, 7, 14, 0]",,,,330,Virginia State,ii,CIAA,17.0,"[0, 0, 14, 3]",,,,,,,
401674777,2024,6,regular,2024-10-05T18:00:00.000Z,False,True,False,True,,6111.0,Cook Stadium,86,Rose Hulman,iii,Heartland,24.0,"[7, 7, 7, 3]",,,,2233,Franklin,iii,Heartland,16.0,"[3, 3, 10, 0]",,,,,,,
401674952,2024,6,regular,2024-10-05T18:00:00.000Z,False,True,False,True,,5893.0,Hollingsworth Field,2968,Gustavus Adolphus,iii,Minnesota,0.0,"[0, 0, 0, 0]",,,,2802,Bethel (MN),iii,Minnesota,43.0,"[14, 15, 0, 14]",,,,,,,
401674959,2024,6,regular,2024-10-05T18:00:00.000Z,False,True,False,True,,7079.0,Laird Stadium,2101,Carleton,iii,Minnesota,6.0,"[0, 6, 0, 0]",,,,2152,Concordia (MN),iii,Minnesota,31.0,"[3, 7, 14, 7]",,,,,,,
401675589,2024,6,regular,2024-10-05T18:00:00.000Z,False,True,False,True,,5881.0,CAU Panther Stadium,2805,Clark Atlanta,ii,SIAC,28.0,"[0, 14, 7, 7]",,,,2542,Savannah State,ii,SIAC,35.0,"[7, 14, 7, 7]",,,,,,,
401674181,2024,6,regular,2024-10-05T18:00:00.000Z,False,True,False,False,,6072.0,Schwan Regional Event Center,2587,Southwest Minnesota State,ii,Northern Sun,0.0,"[0, 0, 0, 0]",,,,2438,Nebraska Kearney,ii,Mid America,35.0,"[7, 21, 0, 7]",,,,,,,
401634173,2024,6,regular,2024-10-05T18:00:00.000Z,False,True,False,True,8202.0,844.0,Stambaugh Stadium,2754,Youngstown State,fcs,MVFC,21.0,"[7, 14, 0, 0]",0.9590505595711025,,,282,Indiana State,fcs,MVFC,14.0,"[0, 0, 14, 0]",0.04094944042889748,,,4.5358893277,,,
401674501,2024,6,regular,2024-10-05T18:00:00.000Z,False,True,True,True,,7504.0,Liberty North High School,2911,William Jewell,ii,Great Lakes,20.0,"[7, 0, 0, 10, 3]",,,,2292,Indianapolis,ii,Great Lakes,23.0,"[7, 7, 0, 3, 6]",,,,,,,
401674653,2024,6,regular,2024-10-05T18:00:00.000Z,False,True,False,True,,4463.0,Crusader Stadium,2371,Mary Hardin Baylor,iii,American Southwest,42.0,"[7, 20, 0, 15]",,,,2194,East Texas Baptist,iii,American Southwest,28.0,"[7, 7, 7, 7]",,,,,,,
401673144,2024,6,regular,2024-10-05T18:00:00.000Z,False,True,False,True,,5880.0,Elliott Field at Don Beebe Stadium,2123,Chadron State,ii,Rocky Mountain,52.0,"[7, 21, 10, 14]",,,,2001,Adams State,ii,Rocky Mountain,3.0,"[0, 0, 3, 0]",,,,,,,
401674586,2024,6,regular,2024-10-05T18:00:00.000Z,False,True,True,True,,6091.0,Abel Stadium,6845,Nebraska Wesleyan,iii,American Rivers,34.0,"[0, 7, 7, 20]",,,,63,Buena Vista,iii,American Rivers,21.0,"[7, 14, 0, 0]",,,,,,,
401674595,2024,6,regular,2024-10-05T18:00:00.000Z,False,True,False,True,,5817.0,Ron and Joyce Schipper Stadium,2964,Central College,iii,American Rivers,59.0,"[21, 24, 7, 7]",,,,2564,Simpson (IA),iii,American Rivers,14.0,"[0, 0, 7, 7]",,,,,,,
401674630,2024,6,regular,2024-10-05T18:00:00.000Z,False,True,False,True,,6125.0,Bulldog Stadium (TX),2639,Texas Lutheran,iii,Southern Collegiate Athletic,43.0,"[0, 15, 14, 14]",,,,2045,Austin,iii,Southern Collegiate Athletic,34.0,"[7, 0, 7, 20]",,,,,,,
401674226,2024,6,regular,2024-10-05T18:00:00.000Z,False,True,False,True,,6035.0,"Memorial Stadium (Wayne, NE)",2844,Wayne State (NE),ii,Northern Sun,27.0,"[7, 7, 0, 13]",,,,568,Minot State,ii,Northern Sun,21.0,"[7, 0, 0, 14]",,,,,,,
401674639,2024,6,regular,2024-10-05T18:00:00.000Z,False,True,False,False,,5114.0,Shelton Stadium,2810,Hardin Simmons,iii,American Southwest,35.0,"[7, 7, 13, 8]",,,,452,Endicott,iii,Commonwealth Coast,27.0,"[0, 14, 0, 13]",,,,,,,
401675287,2024,6,regular,2024-10-05T18:00:00.000Z,False,True,False,True,,4757.0,Edwards-Maurer Field,2746,Wittenberg,iii,North Coast,20.0,"[0, 10, 3, 7]",,,,2171,Denison,iii,North Coast,30.0,"[6, 14, 0, 10]",,,,,,,
401675948,2024,6,regular,2024-10-05T18:00:00.000Z,False,True,False,True,,5903.0,Community Stadium at Goerke Park,2743,Wisconsin Stevens Point,iii,Wisconsin,15.0,"[0, 0, 0, 15]",,,,2744,Wisconsin Stout,iii,Wisconsin,22.0,"[7, 6, 6, 3]",,,,,,,
401674727,2024,6,regular,2024-10-05T18:00:00.000Z,False,True,False,True,,5859.0,Tucci Stadium,306,Illinois Wesleyan,iii,CCIW,23.0,"[0, 8, 15, 0]",,,,143,Washington St. Louis,iii,CCIW,33.0,"[7, 19, 7, 0]",,,,,,,
401633986,2024,6,regular,2024-10-05T18:00:00.000Z,False,True,False,True,6101.0,3748.0,Graham Stadium,2630,UT Martin,fcs,Big South-OVC,35.0,"[7, 14, 14, 0]",0.998508687194533,,,2241,Gardner-Webb,fcs,Big South-OVC,17.0,"[3, 0, 0, 14]",0.0014913128054669933,,,4.0994034277,,,
401638343,2024,6,regular,2024-10-05T18:00:00.000Z,False,True,False,True,9053.0,3782.0,Johnson Hagood Stadium,2643,The Citadel,fcs,Southern,16.0,"[10, 0, 3, 3]",0.5318414242102264,,,231,Furman,fcs,Southern,17.0,"[0, 0, 3, 14]",0.4681585757897736,,,5.3206700087,,,
401633987,2024,6,regular,2024-10-05T18:00:00.000Z,False,True,False,True,3103.0,3749.0,Hunter Stadium,2815,Lindenwood,fcs,Big South-OVC,20.0,"[14, 6, 0, 0]",0.5895192437510733,,,2634,Tennessee State,fcs,Big South-OVC,24.0,"[7, 0, 10, 7]",0.41048075624892666,,,8.1471790898,,,
401676708,2024,6,regular,2024-10-05T18:00:00.000Z,False,True,False,True,,6071.0,Jess Dow Field,2583,Southern Connecticut State,ii,Northeast 10,28.0,"[7, 14, 0, 7]",,,,2038,Assumption,ii,Northeast 10,35.0,"[7, 14, 7, 7]",,,,,,,
401632109,2024,6,regular,2024-10-05T18:00:00.000Z,False,True,False,True,2674.0,5888.0,University Stadium (GA),2698,West Georgia,fcs,UAC,16.0,"[0, 3, 7, 6]",,,,2046,Austin Peay,fcs,UAC,20.0,"[0, 7, 6, 7]",,,,,,,
401628642,2024,6,regular,2024-10-05T18:00:00.000Z,False,True,False,True,6246.0,2068.0,E. Claiborne Robins Stadium,257,Richmond,fcs,CAA,20.0,"[0, 10, 10, 0]",0.8393167338524979,,,2448,North Carolina A&T,fcs,CAA,17.0,"[3, 7, 0, 7]",0.16068326614750206,,,6.8270984134,,,
401674428,2024,6,regular,2024-10-05T18:00:00.000Z,False,True,False,True,,5113.0,Ruggles Field at Carpenter-Haygood Stadium,2271,Henderson State,ii,Great American,52.0,"[14, 17, 14, 7]",,,,319,Oklahoma Baptist,ii,Great American,7.0,"[0, 7, 0, 0]",,,,,,,
401674934,2024,6,regular,2024-10-05T18:00:00.000Z,False,True,False,True,,6100.0,Cutler Field,354,Olivet,iii,Michigan,45.0,"[14, 3, 21, 7]",,,,126,Kalamazoo,iii,Michigan,12.0,"[6, 0, 0, 6]",,,,,,,
401674994,2024,6,regular,2024-10-05T18:00:00.000Z,False,True,False,True,,5820.0,Amos Alonzo Stagg Field,80,Chicago,iii,Midwest,23.0,"[7, 9, 0, 7]",,,,266,Beloit,iii,Midwest,3.0,"[0, 0, 0, 3]",,,,,,,
401673949,2024,6,regular,2024-10-05T18:00:00.000Z,False,True,False,True,,5796.0,Charles D. Lindberg Stadium,2042,Augustana (IL),iii,CCIW,27.0,"[7, 3, 0, 7, 7, 3]",,,,75,North Park,iii,CCIW,30.0,"[0, 7, 0, 10, 7, 6]",,,,,,,
401676404,2024,6,regular,2024-10-05T18:00:00.000Z,False,True,False,True,,5843.0,W.B. Adams Stadium,366,Ferrum,iii,Old Dominion,15.0,"[6, 0, 0, 9]",,,,2079,Bridgewater,iii,Old Dominion,41.0,"[3, 10, 21, 7]",,,,,,,
401674278,2024,6,regular,2024-10-05T18:00:00.000Z,False,True,False,True,,5943.0,Duvall-Rosier Field,2986,Fairmont State,ii,Mountain East,34.0,"[14, 3, 14, 3]",,,,2707,West Virginia State,ii,Mountain East,45.0,"[7, 3, 0, 35]",,,,,,,
401674552,2024,6,regular,2024-10-05T18:00:00.000Z,False,True,False,True,,3960.0,Top Taggart Field,2222,Ferris State,ii,GLIAC,55.0,"[7, 21, 14, 13]",,,,127991,Roosevelt,ii,GLIAC,13.0,"[0, 10, 3, 0]",,,,,,,
401674738,2024,6,regular,2024-10-05T18:00:00.000Z,False,True,False,True,,5115.0,McCully Stadium,396,Wheaton (IL),iii,CCIW,27.0,"[7, 7, 0, 13]",,,,3071,North Central College,iii,CCIW,55.0,"[14, 14, 13, 14]",,,,,,,
401676133,2024,6,regular,2024-10-05T18:00:00.000Z,False,True,False,True,,3843.0,MLC Bowl,446,Martin Luther,iii,Upper Midwest,21.0,"[7, 7, 0, 7]",,,,2399,Minnesota Morris,iii,Upper Midwest,14.0,"[7, 0, 7, 0]",,,,,,,
401675939,2024,6,regular,2024-10-05T18:00:00.000Z,False,True,False,True,,4854.0,Perkins Stadium,2745,Wisconsin Whitewater,iii,Wisconsin,21.0,"[0, 14, 0, 7]",,,,271,Wisconsin Oshkosh,iii,Wisconsin,14.0,"[7, 0, 0, 7]",,,,,,,
401675977,2024,6,regular,2024-10-05T18:00:00.000Z,False,True,False,True,,5914.0,Veterans Memorial Stadium (WI),2740,Wisconsin La Crosse,iii,Wisconsin,27.0,"[0, 7, 7, 10, 3]",,,,272,Wisconsin Platteville,iii,Wisconsin,30.0,"[0, 3, 6, 15, 6]",,,,,,,
401674322,2024,6,regular,2024-10-05T18:00:00.000Z,False,True,False,True,,5872.0,Kirkeby-Over Stadium,2043,Augustana (SD),ii,Northern Sun,28.0,"[7, 7, 0, 14]",,,,134,Minnesota Duluth,ii,Northern Sun,24.0,"[7, 3, 7, 7]",,,,,,,
401674612,2024,6,regular,2024-10-05T18:00:00.000Z,False,True,False,True,,5921.0,Rock Bowl,263,Loras,iii,American Rivers,10.0,"[0, 3, 0, 7]",,,,2141,Coe,iii,American Rivers,43.0,"[14, 15, 0, 14]",,,,,,,
401628641,2024,6,regular,2024-10-05T18:00:00.000Z,False,True,False,True,1729.0,3620.0,Armstrong Stadium,2261,Hampton,fcs,CAA,44.0,"[10, 7, 7, 7, 7, 6]",0.74637845159949,,,227,Rhode Island,fcs,CAA,46.0,"[3, 7, 7, 14, 7, 8]",0.25362154840051,,,7.0247602311,,,
401654539,2024,6,regular,2024-10-05T18:30:00.000Z,False,True,False,False,5974.0,3962.0,Tucker Stadium,2635,Tennessee Tech,fcs,Big South-OVC,20.0,"[0, 13, 7, 0]",0.009253595897576142,,,2569,South Carolina State,fcs,MEAC,22.0,"[13, 6, 3, 0]",0.9907464041024239,,,5.9407851848,,,
401634153,2024,6,regular,2024-10-05T18:30:00.000Z,False,True,False,True,,3704.0,E. J. Whitmire Stadium,2717,Western Carolina,fcs,Southern,21.0,"[6, 8, 7, 0]",0.9456028745995243,,,2747,Wofford,fcs,Southern,17.0,"[0, 14, 3, 0]",0.0543971254004757,,,8.9133715933,,,
401674512,2024,6,regular,2024-10-05T19:00:00.000Z,False,True,False,False,,6045.0,Dwight T. Reed Stadium,2876,Lincoln (MO),ii,Great Lakes,40.0,"[14, 7, 13, 6]",,,,124179,Lincoln (CA),ii,Independent DII,14.0,"[0, 6, 8, 0]",,,,,,,
401675008,2024,6,regular,2024-10-05T19:00:00.000Z,False,True,False,True,,5915.0,Farwell Field,262,Lake Forest,iii,Midwest,42.0,"[14, 14, 7, 7]",,,,255,Knox,iii,Midwest,0.0,"[0, 0, 0, 0]",,,,,,,
401636347,2024,6,regular,2024-10-05T19:00:00.000Z,False,True,False,True,33576.0,4582.0,Hornet Stadium,2011,Alabama State,fcs,SWAC,13.0,"[7, 0, 3, 3]",0.1776017510628818,,,50,Florida A&M,fcs,SWAC,28.0,"[7, 0, 7, 14]",0.8223982489371182,,,4.4873332188,,,
401634053,2024,6,regular,2024-10-05T19:00:00.000Z,False,True,False,True,,3987.0,Washington-Grizzly Stadium,149,Montana,fcs,Big Sky,48.0,"[7, 10, 6, 25, 0]",0.0677725199749512,,,2692,Weber State,fcs,Big Sky,55.0,"[14, 14, 3, 17, 7]",0.9322274800250487,,,5.0838403995,,,
401633985,2024,6,regular,2024-10-05T19:00:00.000Z,False,True,False,True,7777.0,3858.0,O'Brien Stadium,2197,Eastern Illinois,fcs,Big South-OVC,27.0,"[0, 7, 7, 13]",0.004728017772316949,,,2546,Southeast Missouri State,fcs,Big South-OVC,38.0,"[17, 7, 7, 7]",0.9952719822276831,,,3.6432887102,,,
401634193,2024,6,regular,2024-10-05T19:00:00.000Z,False,True,False,True,6437.0,3909.0,Roy Stewart Stadium,93,Murray State,fcs,MVFC,0.0,"[0, 0, 0, 0]",0.01521577670495913,,,233,South Dakota,fcs,MVFC,59.0,"[21, 3, 21, 14]",0.9847842232950409,,,1.332451613,,,
401675493,2024,6,regular,2024-10-05T19:00:00.000Z,False,True,False,False,,5875.0,Charlie W. Johnson Stadium,490,Benedict,ii,SIAC,21.0,"[0, 7, 7, 7]",,,,2822,North Greenville,ii,Gulf South,38.0,"[7, 14, 14, 3]",,,,,,,
401676252,2024,6,regular,2024-10-05T19:00:00.000Z,False,True,False,True,,5824.0,Lions Stadium,2442,The College of New Jersey,iii,New Jersey,20.0,"[10, 0, 7, 3]",,,,2818,Montclair State,iii,New Jersey,13.0,"[0, 3, 0, 10]",,,,,,,
401673959,2024,6,regular,2024-10-05T19:00:00.000Z,False,True,False,True,,5815.0,Schneider Stadium,32,Carroll (WI),iii,CCIW,49.0,"[7, 28, 14, 0]",,,,74,Millikin,iii,CCIW,14.0,"[0, 7, 0, 7]",,,,,,,
401673448,2024,6,regular,2024-10-05T19:00:00.000Z,False,True,False,True,,6084.0,April Zorn Memorial Stadium,2919,Monmouth (IL),iii,Midwest,44.0,"[7, 20, 10, 7]",,,,2286,Illinois College,iii,Midwest,24.0,"[7, 3, 0, 14]",,,,,,,
401676741,2024,6,regular,2024-10-05T19:00:00.000Z,False,True,False,True,,3641.0,Blakeslee Stadium,2364,Minnesota State,ii,Northern Sun,36.0,"[9, 0, 14, 13]",,,,2894,Sioux Falls,ii,Northern Sun,40.0,"[9, 14, 7, 10]",,,,,,,
401636356,2024,6,regular,2024-10-05T19:00:00.000Z,False,True,False,True,14753.0,3771.0,Jack Spinks Stadium,2016,Alcorn State,fcs,SWAC,38.0,"[7, 7, 10, 14]",,,,2029,Arkansas-Pine Bluff,fcs,SWAC,28.0,"[14, 0, 7, 7]",,,,,,,
401638342,2024,6,regular,2024-10-05T19:00:00.000Z,False,True,False,True,3617.0,3925.0,Seibert Stadium,2535,Samford,fcs,Southern,27.0,"[7, 10, 7, 3]",0.9925331041107704,,,2678,VMI,fcs,Southern,3.0,"[3, 0, 0, 0]",0.007466895889229552,,,4.0547782764,,,
401654567,2024,6,regular,2024-10-05T19:00:00.000Z,False,True,False,False,7000.0,3631.0,BBVA Compass Stadium,2640,Texas Southern,fcs,SWAC,28.0,"[14, 7, 7, 0]",0.9944948069345436,,,2355,Virginia Lynchburg,,,10.0,"[0, 0, 7, 3]",0.005505193065456382,,,2.6479667315,,,
401674422,2024,6,regular,2024-10-05T19:00:00.000Z,False,True,False,True,,6073.0,Milam Stadium,2927,Southwestern Oklahoma State,ii,Great American,3.0,"[0, 3, 0, 0]",,,,2264,Harding,ii,Great American,57.0,"[19, 17, 7, 14]",,,,,,,
401675024,2024,6,regular,2024-10-05T19:00:00.000Z,False,True,False,True,,5828.0,Van Metre Field at Ash Park,2155,Cornell (IA),iii,Midwest,37.0,"[7, 21, 6, 3]",,,,2891,Ripon,iii,Midwest,34.0,"[7, 3, 10, 14]",,,,,,,
401674487,2024,6,regular,2024-10-05T19:00:00.000Z,False,True,False,True,,3875.0,Paul Laird Field,199,Southeastern Oklahoma State,ii,Great American,9.0,"[0, 6, 3, 0]",,,,2888,Ouachita Baptist,ii,Great American,25.0,"[0, 15, 7, 3]",,,,,,,
401673278,2024,6,regular,2024-10-05T19:00:00.000Z,False,True,False,True,,5882.0,Ralph Stocker Stadium,11,Colorado Mesa,ii,Rocky Mountain,14.0,"[0, 0, 0, 14]",,,,2146,Colorado School of Mines,ii,Rocky Mountain,13.0,"[7, 6, 0, 0]",,,,,,,
401674605,2024,6,regular,2024-10-05T19:00:00.000Z,False,True,False,True,,5836.0,Chalmers Field,49,Dubuque,iii,American Rivers,64.0,"[13, 28, 16, 7]",,,,67,Luther,iii,American Rivers,7.0,"[0, 0, 7, 0]",,,,,,,
401674143,2024,6,regular,2024-10-05T19:00:00.000Z,False,True,False,True,,6054.0,Fred G. Hughes Stadium,2403,Missouri Southern State,ii,Mid America,24.0,"[7, 0, 0, 17]",,,,2122,Central Oklahoma,ii,Mid America,59.0,"[21, 10, 7, 21]",,,,,,,
401674155,2024,6,regular,2024-10-05T19:00:00.000Z,False,True,False,False,,5942.0,Francis G. Welch Stadium,2214,Emporia State,ii,Mid America,48.0,"[21, 21, 6, 0]",,,,196,Northeastern State,ii,Independent DII,14.0,"[0, 7, 7, 0]",,,,,,,
401676740,2024,6,regular,2024-10-05T19:00:00.000Z,False,True,False,True,,3638.0,MDU Resources Community Bowl,559,University of Mary,ii,Northern Sun,13.0,"[0, 3, 7, 0, 3, 0]",,,,3066,Concordia St. Paul,ii,Northern Sun,19.0,"[3, 0, 0, 7, 3, 6]",,,,,,,
401674176,2024,6,regular,2024-10-05T19:00:00.000Z,False,True,False,True,,6067.0,Carnie Smith Stadium,90,Pittsburg State,ii,Mid America,31.0,"[10, 0, 14, 7]",,,,137,Missouri Western,ii,Mid America,20.0,"[6, 0, 7, 7]",,,,,,,
401676350,2024,6,regular,2024-10-05T19:00:00.000Z,False,True,False,True,,5931.0,Don Drumm Stadium,317,Marietta,iii,Ohio,45.0,"[14, 3, 14, 14]",,,,427,Ohio Northern,iii,Ohio,10.0,"[0, 3, 7, 0]",,,,,,,
401643799,2024,6,regular,2024-10-05T19:30:00.000Z,False,True,False,True,28023.0,3775.0,Joan C. Edwards Stadium,276,Marshall,fbs,Sun Belt,52.0,"[7, 21, 10, 14]",0.9636293233549902,1362.0,1394.0,2026,App State,fbs,Sun Belt,37.0,"[3, 14, 7, 13]",0.036370676645009814,1366.0,1334.0,6.0777663141,,,
401635573,2024,6,regular,2024-10-05T19:30:00.000Z,False,True,False,True,36277.0,3940.0,Stanford Stadium,24,Stanford,fbs,ACC,7.0,"[0, 0, 7, 0]",0.03557608201719444,1288.0,1261.0,259,Virginia Tech,fbs,ACC,31.0,"[7, 7, 7, 10]",0.9644239179828056,1617.0,1644.0,2.2904037043,,,
401629033,2024,6,regular,2024-10-05T19:30:00.000Z,False,True,False,False,28921.0,3892.0,Pratt & Whitney Stadium,41,UConn,fbs,FBS Independents,29.0,"[3, 6, 7, 13]",0.9360119962351842,1441.0,1434.0,218,Temple,fbs,American Athletic,20.0,"[0, 7, 6, 7]",0.06398800376481584,1106.0,1113.0,11.3886983401,,,
401645340,2024,6,regular,2024-10-05T19:30:00.000Z,False,True,False,True,17102.0,4418.0,Jerry Richardson Stadium,2429,Charlotte,fbs,American Athletic,55.0,"[14, 17, 3, 21]",0.9738885644204506,1128.0,1253.0,151,East Carolina,fbs,American Athletic,24.0,"[3, 7, 7, 7]",0.026111435579549425,1423.0,1298.0,4.3002896284,,,
401644684,2024,6,regular,2024-10-05T19:30:00.000Z,False,True,False,True,25027.0,3739.0,Glass Bowl,2649,Toledo,fbs,Mid-American,30.0,"[14, 6, 3, 7]",0.9057294659383401,1565.0,1574.0,193,Miami (OH),fbs,Mid-American,20.0,"[3, 3, 7, 7]",0.09427053406165986,1446.0,1437.0,4.3592185682,,,
401644740,2024,6,regular,2024-10-05T19:30:00.000Z,False,True,False,True,9337.0,3768.0,InfoCision Stadium,2006,Akron,fbs,Mid-American,20.0,"[10, 0, 0, 10]",0.04462931906899563,1040.0,1055.0,189,Bowling Green,fbs,Mid-American,27.0,"[7, 10, 0, 10]",0.9553706809310044,1439.0,1424.0,7.5400355311,,,
401674312,2024,6,regular,2024-10-05T19:30:00.000Z,False,True,False,True,,3951.0,Swisher Field,425,Northern State,ii,Northern Sun,14.0,"[7, 0, 0, 7]",,,,132,Bemidji State,ii,Northern Sun,13.0,"[0, 0, 7, 6]",,,,,,,
401628643,2024,6,regular,2024-10-05T19:30:00.000Z,False,True,False,True,6142.0,3788.0,Kenneth P. LaValle Stadium,2619,Stony Brook,fcs,CAA,24.0,"[7, 10, 7, 0]",0.11528260573306284,,,222,Villanova,fcs,CAA,42.0,"[7, 7, 14, 14]",0.8847173942669372,,,6.3922501884,,,
401634201,2024,6,regular,2024-10-05T19:30:00.000Z,False,True,False,True,18723.0,3714.0,Fargodome,2449,North Dakota State,fcs,MVFC,41.0,"[14, 10, 14, 3]",0.9816627598488844,,,155,North Dakota,fcs,MVFC,17.0,"[0, 10, 0, 7]",0.018337240151115597,,,4.9138181287,,,
401674495,2024,6,regular,2024-10-05T19:30:00.000Z,False,True,False,True,,5891.0,Wilkins Stadium,2568,Southern Arkansas,ii,Great American,49.0,"[14, 7, 21, 7]",,,,200,Southern Nazarene,ii,Great American,21.0,"[0, 0, 14, 7]",,,,,,,
401632462,2024,6,regular,2024-10-05T19:30:00.000Z,False,True,False,True,10534.0,5400.0,William B. Greene Jr. Stadium,2193,East Tennessee State,fcs,Southern,10.0,"[0, 0, 3, 7]",0.13158964887578264,,,236,Chattanooga,fcs,Southern,17.0,"[0, 3, 7, 7]",0.8684103511242174,,,7.1497552548,,,
401628381,2024,6,regular,2024-10-05T19:30:00.000Z,False,True,False,True,93033.0,3917.0,Sanford Stadium,61,Georgia,fbs,SEC,31.0,"[7, 7, 7, 10]",0.9274264938830571,2036.0,2033.0,2,Auburn,fbs,SEC,13.0,"[3, 0, 7, 3]",0.07257350611694291,1547.0,1550.0,4.5969947957,,,
401628382,2024,6,regular,2024-10-05T19:30:00.000Z,False,True,False,True,79837.0,3994.0,Williams-Brice Stadium,2579,South Carolina,fbs,SEC,3.0,"[0, 3, 0, 0]",0.04410312984767961,1699.0,1654.0,145,Ole Miss,fbs,SEC,27.0,"[14, 10, 3, 0]",0.9558968701523204,1861.0,1906.0,2.2922238837,,,
401628503,2024,6,regular,2024-10-05T19:30:00.000Z,False,True,True,True,12023.0,5960.0,Lanny and Sharon Martin Stadium,77,Northwestern,fbs,Big Ten,24.0,"[0, 10, 7, 7]",0.0018232646309650244,1493.0,1473.0,84,Indiana,fbs,Big Ten,41.0,"[7, 10, 7, 17]",0.998176735369035,1628.0,1648.0,4.5474735945,,,
401628504,2024,6,regular,2024-10-05T19:30:00.000Z,False,True,False,True,105135.0,3861.0,Ohio Stadium,194,Ohio State,fbs,Big Ten,35.0,"[7, 0, 21, 7]",0.9984027844674853,2054.0,2080.0,2294,Iowa,fbs,Big Ten,7.0,"[0, 0, 0, 7]",0.0015972155325146842,1626.0,1600.0,3.5455149433,,,
401632117,2024,6,regular,2024-10-05T20:00:00.000Z,False,True,False,True,7853.0,5440.0,Wildcat Stadium (TX),2000,Abilene Christian,fcs,UAC,41.0,"[14, 17, 3, 7]",0.7142887356205248,,,2110,Central Arkansas,fcs,UAC,34.0,"[7, 10, 7, 10]",0.28571126437947525,,,4.9298985408,,,
401676038,2024,6,regular,2024-10-05T20:00:00.000Z,False,True,False,True,,5841.0,Pete FioRito Stadium at McKinzie Field,101,Eureka,iii,NACC,27.0,"[13, 8, 0, 6]",,,,2151,Concordia Chicago,iii,NACC,31.0,"[14, 14, 3, 0]",,,,,,,
401638666,2024,6,regular,2024-10-05T20:00:00.000Z,False,True,False,True,1012.0,716.0,Torero Stadium,301,San Diego,fcs,Pioneer,27.0,"[0, 7, 7, 7, 6]",0.018272149822129467,,,2506,Presbyterian,fcs,Pioneer,21.0,"[0, 7, 7, 7, 0]",0.9817278501778706,,,6.7906556873,,,
401628647,2024,6,regular,2024-10-05T20:00:00.000Z,False,True,False,False,4415.0,3629.0,Barker-Lane Stadium,2097,Campbell,fcs,CAA,14.0,"[0, 0, 7, 7]",0.27520749854306487,,,2428,North Carolina Central,fcs,MEAC,45.0,"[0, 28, 7, 10]",0.7247925014569352,,,2.401510094,,,
401633984,2024,6,regular,2024-10-05T20:00:00.000Z,False,True,False,True,4015.0,3658.0,Buccaneer Field,2127,Charleston Southern,fcs,Big South-OVC,20.0,"[0, 13, 0, 7]",0.92061537080125,,,2710,Western Illinois,fcs,Big South-OVC,31.0,"[14, 7, 7, 3]",0.07938462919875,,,4.1255279955,,,
401634055,2024,6,regular,2024-10-05T20:00:00.000Z,False,True,False,True,2519.0,4765.0,Hillsboro Stadium,2502,Portland State,fcs,Big Sky,26.0,"[7, 13, 3, 3]",0.9490617037323789,,,302,UC Davis,fcs,Big Sky,27.0,"[0, 14, 0, 13]",0.05093829626762114,,,6.9041590086,,,
401675560,2024,6,regular,2024-10-05T20:00:00.000Z,False,True,False,True,,3633.0,Ben Altamirano Field,2703,Western New Mexico,ii,Lone Star,10.0,"[0, 7, 3, 0]",,,,2848,Western Oregon,ii,Lone Star,34.0,"[7, 10, 3, 14]",,,,,,,
401675596,2024,6,regular,2024-10-05T20:00:00.000Z,False,True,False,True,,3705.0,Earl Kitchings Stadium,2206,Edward Waters,ii,SIAC,14.0,"[0, 0, 14, 0]",,,,2232,Fort Valley State,ii,SIAC,48.0,"[7, 14, 6, 21]",,,,,,,
401676316,2024,6,regular,2024-10-05T20:00:00.000Z,False,True,False,True,,6102.0,Sparks Stadium,2486,Pacific Lutheran,iii,Northwest,23.0,"[3, 6, 8, 6]",,,,2721,Whitworth,iii,Northwest,34.0,"[7, 6, 7, 14]",,,,,,,
401674906,2024,6,regular,2024-10-05T20:00:00.000Z,False,True,False,True,,5808.0,Edward C. Swenson Athletic Complex,18,Bridgewater State,iii,MSCAC,42.0,"[16, 9, 0, 17]",,,,402,Worcester State,iii,MSCAC,7.0,"[0, 0, 0, 7]",,,,,,,
401634054,2024,6,regular,2024-10-05T20:00:00.000Z,False,True,False,True,22007.0,3643.0,Bobcat Stadium,147,Montana State,fcs,Big Sky,55.0,"[13, 14, 21, 7]",0.9989142673869856,,,2458,Northern Colorado,fcs,Big Sky,17.0,"[0, 0, 14, 3]",0.0010857326130143674,,,2.8471777466,,,
401676280,2024,6,regular,2024-10-05T20:00:00.000Z,False,True,False,True,,5920.0,Griswold Stadium,2333,Lewis & Clark,iii,Northwest,24.0,"[7, 17, 0, 0]",,,,415,George Fox,iii,Northwest,21.0,"[0, 0, 7, 14]",,,,,,,
401677680,2024,6,regular,2024-10-05T20:00:00.000Z,False,True,False,True,,6104.0,Baker Stadium,2508,Puget Sound,iii,Northwest,34.0,"[13, 21, 0, 0]",,,,205,Pacific (OR),iii,Northwest,62.0,"[6, 21, 20, 15]",,,,,,,
401674233,2024,6,regular,2024-10-05T20:00:00.000Z,False,True,False,True,,4763.0,Ranger Field,2823,Northwestern (OK),ii,Great American,21.0,"[0, 14, 0, 7]",,,,2033,Arkansas Tech,ii,Great American,44.0,"[17, 14, 10, 3]",,,,,,,
401675462,2024,6,regular,2024-10-05T20:00:00.000Z,False,True,False,True,,3731.0,Frost-Kalnow Stadium,2838,Tiffin,ii,Great Midwest Athletic,51.0,"[7, 17, 13, 14]",,,,2646,Thomas More,ii,Great Midwest Athletic,10.0,"[3, 0, 7, 0]",,,,,,,
401673259,2024,6,regular,2024-10-05T20:00:00.000Z,False,True,False,True,,4852.0,Neta and Eddie DeRose ThunderBowl,2570,CSU Pueblo,ii,Rocky Mountain,67.0,"[7, 39, 14, 7]",,,,2424,New Mexico Highlands,ii,Rocky Mountain,28.0,"[0, 6, 8, 14]",,,,,,,
401674185,2024,6,regular,2024-10-05T20:00:00.000Z,False,True,False,True,,6034.0,Yager Stadium at Moore Bowl,2687,Washburn,ii,Mid America,34.0,"[0, 14, 14, 6]",,,,138,Northwest Missouri State,ii,Mid America,51.0,"[14, 6, 14, 17]",,,,,,,
401675807,2024,6,regular,2024-10-05T20:00:00.000Z,False,True,False,True,,3612.0,Alumni Memorial Stadium (NC),2940,Livingstone,ii,CIAA,23.0,"[0, 7, 7, 9]",,,,2207,Elizabeth City State,ii,CIAA,17.0,"[3, 7, 7, 0]",,,,,,,
401674404,2024,6,regular,2024-10-05T20:00:00.000Z,False,True,False,True,,5936.0,Koi Ishto Stadium,2191,East Central,ii,Great American,42.0,"[7, 14, 14, 7]",,,,2028,Arkansas Monticello,ii,Great American,17.0,"[0, 7, 3, 7]",,,,,,,
401674519,2024,6,regular,2024-10-05T20:00:00.000Z,False,True,False,True,,6047.0,Leemon Field,2816,McKendree,ii,Great Lakes,10.0,"[0, 3, 7, 0]",,,,2825,Quincy,ii,Great Lakes,34.0,"[10, 7, 10, 7]",,,,,,,
401636890,2024,6,regular,2024-10-05T20:00:00.000Z,False,True,False,True,52202.0,3646.0,Boone Pickens Stadium,197,Oklahoma State,fbs,Big 12,14.0,"[0, 7, 0, 7]",0.007877304103749191,1553.0,1489.0,277,West Virginia,fbs,Big 12,38.0,"[10, 21, 0, 7]",0.9921226958962508,1546.0,1610.0,1.9380782632,,,
401628508,2024,6,regular,2024-10-05T20:00:00.000Z,False,True,False,True,87464.0,3834.0,"Memorial Stadium (Lincoln, NE)",158,Nebraska,fbs,Big Ten,14.0,"[7, 7, 0, 0]",0.993724974384019,1591.0,1597.0,164,Rutgers,fbs,Big Ten,7.0,"[0, 0, 0, 7]",0.006275025615981034,1527.0,1521.0,4.5514531358,,,
401628384,2024,6,regular,2024-10-05T20:15:00.000Z,False,True,False,True,28934.0,3973.0,FirstBank Stadium,238,Vanderbilt,fbs,SEC,40.0,"[13, 10, 7, 10]",0.8807790275067171,1317.0,1359.0,333,Alabama,fbs,SEC,35.0,"[7, 7, 14, 7]",0.1192209724932829,2056.0,2014.0,7.6288286297,,,
401632108,2024,6,regular,2024-10-05T21:00:00.000Z,False,True,False,True,6875.0,4133.0,Braly Municipal Stadium,2453,North Alabama,fcs,UAC,60.0,"[18, 21, 14, 7]",0.99897125138929,,,3101,Utah Tech,fcs,UAC,14.0,"[0, 0, 0, 14]",0.0010287486107100063,,,2.2013131337,,,
401676396,2024,6,regular,2024-10-05T21:00:00.000Z,False,True,False,True,,6138.0,Wilson Field,2688,Washington and Lee,iii,Old Dominion,35.0,"[7, 14, 7, 7]",,,,2047,Averett,iii,Old Dominion,0.0,"[0, 0, 0, 0]",,,,,,,
401634216,2024,6,regular,2024-10-05T21:00:00.000Z,False,True,False,True,12611.0,3967.0,UNI-Dome,2460,Northern Iowa,fcs,MVFC,3.0,"[0, 3, 0, 0]",0.35224582328810494,,,2571,South Dakota State,fcs,MVFC,41.0,"[7, 20, 14, 0]",0.6477541767118951,,,1.7539396642,,,
401634253,2024,6,regular,2024-10-05T21:00:00.000Z,False,True,True,True,14956.0,3797.0,Ladd Peebles Stadium,2296,Jackson State,fcs,SWAC,45.0,"[21, 17, 7, 0]",0.9292440111936022,,,2010,Alabama A&M,fcs,SWAC,38.0,"[3, 7, 14, 14]",0.07075598880639777,,,3.8706718199,,,
401675487,2024,6,regular,2024-10-05T21:00:00.000Z,False,True,True,True,,10803.0,Pen-Air Field,110242,West Florida,ii,Gulf South,31.0,"[0, 10, 7, 14]",,,,2401,Mississippi College,ii,Gulf South,0.0,"[0, 0, 0, 0]",,,,,,,
401675611,2024,6,regular,2024-10-05T21:00:00.000Z,False,True,False,True,,6027.0,Albert J. H. Sloan - Alumni Stadium,2396,Miles,ii,SIAC,16.0,"[0, 10, 6, 0]",,,,2119,Central State,ii,SIAC,7.0,"[7, 0, 0, 0]",,,,,,,
401634052,2024,6,regular,2024-10-05T21:00:00.000Z,False,True,False,True,14066.0,3791.0,Kibbie Dome,70,Idaho,fcs,Big Sky,23.0,"[6, 14, 3, 0]",0.9957108748145725,,,2464,Northern Arizona,fcs,Big Sky,17.0,"[7, 3, 0, 7]",0.004289125185427456,,,5.6550469322,,,
401676416,2024,6,regular,2024-10-05T22:00:00.000Z,False,True,False,True,,4422.0,Valhalla Stadium,2757,Berry,iii,Southern Athletic,44.0,"[6, 6, 22, 10]",,,,2588,Southwestern U,iii,Southern Athletic,7.0,"[0, 0, 0, 7]",,,,,,,
401676010,2024,6,regular,2024-10-05T22:00:00.000Z,False,True,False,True,,6092.0,Bishop Stadium,286,North Carolina Wesleyan,iii,USA South,19.0,"[6, 0, 13, 0]",,,,291,Methodist,iii,USA South,17.0,"[0, 3, 7, 7]",,,,,,,
401675564,2024,6,regular,2024-10-05T22:00:00.000Z,False,True,False,True,,6217.0,W.C. Hawkins Stadium,2019,Allen,ii,SIAC,17.0,"[7, 10, 0, 0]",,,,2013,Albany State,ii,SIAC,57.0,"[27, 14, 7, 9]",,,,,,,
401676230,2024,6,regular,2024-10-05T22:00:00.000Z,False,True,False,True,,6114.0,Sea Gull Stadium,2532,Salisbury,iii,New Jersey,42.0,"[7, 7, 14, 14]",,,,3112,Christopher Newport,iii,New Jersey,38.0,"[6, 10, 7, 15]",,,,,,,
401628644,2024,6,regular,2024-10-05T22:00:00.000Z,False,True,False,True,6165.0,3781.0,Johnny Unitas Stadium,119,Towson,fcs,CAA,34.0,"[10, 3, 21, 0]",0.6249221080611358,,,2729,William & Mary,fcs,CAA,27.0,"[0, 13, 0, 14]",0.3750778919388642,,,5.6750979318,,,
401643724,2024,6,regular,2024-10-05T22:30:00.000Z,False,True,False,False,46433.0,3893.0,Reser Stadium,204,Oregon State,fbs,Pac-12,39.0,"[0, 14, 0, 10, 7, 8]",0.5371609191611808,1619.0,1609.0,36,Colorado State,fbs,Mountain West,31.0,"[7, 3, 0, 14, 7, 0]",0.4628390808388192,1236.0,1246.0,9.3514269246,,,
401638361,2024,6,regular,2024-10-05T23:00:00.000Z,False,True,False,False,2003.0,3734.0,Gayle and Tom Benson Stadium,2916,Incarnate Word,fcs,Southland,56.0,"[10, 9, 23, 14]",0.9940286355592464,,,2504,Prairie View A&M,fcs,SWAC,28.0,"[14, 0, 7, 7]",0.005971364440753635,,,5.5043047381,,,
401673154,2024,6,regular,2024-10-05T23:00:00.000Z,False,True,False,True,,3860.0,O'Harra Stadium,613,South Dakota Mines,ii,Rocky Mountain,20.0,"[7, 0, 3, 10]",,,,2069,Black Hills State,ii,Rocky Mountain,22.0,"[0, 3, 10, 9]",,,,,,,
401634031,2024,6,regular,2024-10-05T23:00:00.000Z,False,True,False,True,2232.0,4424.0,Husky Stadium,2277,Houston Christian,fcs,Southland,43.0,"[6, 21, 10, 6]",0.9970318838933065,,,2377,McNeese,fcs,Southland,22.0,"[3, 6, 0, 13]",0.0029681161066934525,,,3.4989478029,,,
401674529,2024,6,regular,2024-10-05T23:00:00.000Z,False,True,False,True,,3609.0,Allgood-Bailey Stadium,2402,Missouri S&T,ii,Great Lakes,65.0,"[7, 14, 34, 10]",,,,2586,Southwest Baptist,ii,Great Lakes,24.0,"[7, 3, 14, 0]",,,,,,,
401674540,2024,6,regular,2024-10-05T23:00:00.000Z,False,True,False,True,,6030.0,Harms-Eischeid Stadium,389,Upper Iowa,ii,Great Lakes,23.0,"[7, 3, 7, 6]",,,,2654,Truman State,ii,Great Lakes,26.0,"[6, 10, 0, 10]",,,,,,,
401654560,2024,6,regular,2024-10-05T23:00:00.000Z,False,True,False,False,17179.0,3599.0,Ace W. Mumford Stadium,2582,Southern,fcs,SWAC,7.0,"[0, 0, 0, 7]",0.018495868817119034,,,2447,Nicholls,fcs,Southland,51.0,"[24, 14, 13, 0]",0.9815041311828809,,,1.8948855379,,,
401676287,2024,6,regular,2024-10-05T23:00:00.000Z,False,True,False,True,,6149.0,McCulloch Stadium,2930,Willamette,iii,Northwest,0.0,"[0, 0, 0, 0]",,,,203,Linfield,iii,Northwest,72.0,"[21, 27, 17, 7]",,,,,,,
401676149,2024,6,regular,2024-10-05T23:00:00.000Z,False,True,False,True,,5689.0,Seaverns Field At Harold Alfond Stadium,33,Colby,iii,NESCAC,28.0,"[14, 0, 0, 14]",,,,121,Bates,iii,NESCAC,26.0,"[7, 7, 6, 6]",,,,,,,
401676435,2024,6,regular,2024-10-05T23:00:00.000Z,False,True,False,True,,5814.0,Gesling Stadium,2102,Carnegie Mellon,iii,Presidents',42.0,"[7, 14, 14, 7]",,,,2845,Waynesburg,iii,Presidents',0.0,"[0, 0, 0, 0]",,,,,,,
401676786,2024,6,regular,2024-10-05T23:00:00.000Z,False,True,False,True,,3926.0,Setzler Field,2444,Newberry,ii,South Atlantic,9.0,"[3, 6, 0, 0]",,,,2369,Mars Hill,ii,South Atlantic,34.0,"[7, 17, 7, 3]",,,,,,,
401676764,2024,6,regular,2024-10-05T23:00:00.000Z,False,True,False,False,,5794.0,Caparso Field,15,Anna Maria College,iii,ECFC,10.0,"[3, 7, 0, 0]",,,,2702,Western New England,iii,Commonwealth Coast,44.0,"[13, 14, 14, 3]",,,,,,,
401675470,2024,6,regular,2024-10-05T23:00:00.000Z,False,True,False,True,,5935.0,Parker Field at McCool Stadium,2170,Delta State,ii,Gulf South,54.0,"[14, 21, 10, 9]",,,,2804,Chowan,ii,Gulf South,9.0,"[0, 3, 0, 6]",,,,,,,
401676202,2024,6,regular,2024-10-05T23:00:00.000Z,False,True,True,True,,10465.0,Mayo Field,101442,Centenary (LA),iii,Southern Collegiate Athletic,35.0,"[0, 14, 14, 7]",,,,101161,Lyon,iii,Southern Collegiate Athletic,14.0,"[7, 0, 0, 7]",,,,,,,
401634038,2024,6,regular,2024-10-05T23:00:00.000Z,False,True,False,True,3758.0,3944.0,Strawberry Stadium,2545,SE Louisiana,fcs,Southland,21.0,"[0, 7, 7, 7]",0.8506365879834232,,,2837,East Texas A&M,fcs,Southland,9.0,"[0, 0, 3, 6]",0.14936341201657677,,,7.4416381715,,,
401643800,2024,6,regular,2024-10-05T23:00:00.000Z,False,True,False,True,21427.0,3625.0,Centennial Bank Stadium,2032,Arkansas State,fbs,Sun Belt,18.0,"[3, 3, 3, 9]",0.5303647221727372,1313.0,1317.0,6,South Alabama,fbs,Sun Belt,16.0,"[0, 3, 7, 6]",0.4696352778272628,1588.0,1584.0,7.7066051805,,,
401634162,2024,6,regular,2024-10-05T23:00:00.000Z,False,True,False,True,7157.0,3913.0,Saluki Stadium,79,Southern Illinois,fcs,MVFC,10.0,"[0, 7, 3, 0]",0.031686041748779606,,,2287,Illinois State,fcs,MVFC,45.0,"[7, 10, 7, 21]",0.9683139582512204,,,3.9389191608,,,
401643802,2024,6,regular,2024-10-05T23:00:00.000Z,False,True,False,True,24041.0,3815.0,M. M. Roberts Stadium,2572,Southern Miss,fbs,Sun Belt,13.0,"[0, 13, 0, 0]",0.08284809267446264,1106.0,1120.0,309,Louisiana,fbs,Sun Belt,23.0,"[3, 14, 3, 3]",0.9171519073255374,1537.0,1523.0,3.8168976361,,,
401635569,2024,6,regular,2024-10-05T23:00:00.000Z,False,True,False,True,55107.0,3697.0,Doak Campbell Stadium,52,Florida State,fbs,ACC,13.0,"[0, 7, 0, 6]",0.04595850599760115,1544.0,1532.0,228,Clemson,fbs,ACC,29.0,"[17, 6, 0, 6]",0.9540414940023989,1805.0,1817.0,3.5276060514,,,
401676301,2024,6,regular,2024-10-05T23:00:00.000Z,False,True,False,True,,6108.0,Crain Field,2519,Rhodes,iii,Southern Athletic,34.0,"[0, 20, 8, 6]",,,,418,Hendrix,iii,Southern Athletic,29.0,"[14, 2, 0, 13]",,,,,,,
401643801,2024,6,regular,2024-10-05T23:00:00.000Z,False,True,False,True,19976.0,3817.0,Malone Stadium,2433,UL Monroe,fbs,Sun Belt,21.0,"[0, 14, 0, 7]",0.8810814130757101,1240.0,1247.0,256,James Madison,fbs,Sun Belt,19.0,"[10, 3, 0, 6]",0.11891858692428992,1830.0,1823.0,7.4299653764,,,
401643723,2024,6,regular,2024-10-05T23:00:00.000Z,False,True,False,True,37210.0,3653.0,Albertsons Stadium,68,Boise State,fbs,Mountain West,62.0,"[14, 35, 6, 7]",0.9988310034033747,1677.0,1708.0,328,Utah State,fbs,Mountain West,30.0,"[3, 14, 7, 6]",0.0011689965966252824,1193.0,1162.0,3.5827132309,,,
401675515,2024,6,regular,2024-10-05T23:00:00.000Z,False,True,False,True,,5917.0,Ratliff Stadium,110243,UT Permian Basin,ii,Lone Star,7.0,"[0, 0, 0, 7]",,,,2025,Angelo State,ii,Lone Star,36.0,"[0, 15, 7, 14]",,,,,,,
401643798,2024,6,regular,2024-10-05T23:00:00.000Z,False,True,False,True,18552.0,3654.0,Brooks Stadium (SC),324,Coastal Carolina,fbs,Sun Belt,45.0,"[7, 14, 14, 10]",0.9883943887615158,1448.0,1456.0,295,Old Dominion,fbs,Sun Belt,37.0,"[7, 10, 7, 13]",0.011605611238484248,1377.0,1369.0,6.8407614586,,,
401636889,2024,6,regular,2024-10-05T23:30:00.000Z,False,True,False,True,61500.0,3772.0,Jack Trice Stadium,66,Iowa State,fbs,Big 12,43.0,"[3, 16, 14, 10]",0.9961608558338894,1732.0,1760.0,239,Baylor,fbs,Big 12,21.0,"[7, 7, 7, 0]",0.003839144166110642,1485.0,1457.0,6.6113908141,,,
401628507,2024,6,regular,2024-10-05T23:30:00.000Z,False,True,False,True,50913.0,3953.0,Huntington Bank Stadium,135,Minnesota,fbs,Big Ten,24.0,"[3, 7, 0, 14]",0.8824886018679423,1506.0,1533.0,30,USC,fbs,Big Ten,17.0,"[0, 10, 7, 0]",0.11751139813205769,1786.0,1759.0,7.2819043392,,,
401628505,2024,6,regular,2024-10-05T23:30:00.000Z,False,True,False,True,72132.0,3765.0,Husky Stadium,264,Washington,fbs,Big Ten,27.0,"[7, 7, 0, 13]",0.47528760860669517,1762.0,1790.0,130,Michigan,fbs,Big Ten,17.0,"[0, 10, 7, 0]",0.5247123913933048,1906.0,1878.0,7.6758718425,,,
401643726,2024,6,regular,2024-10-05T23:30:00.000Z,False,True,False,True,17099.0,3935.0,CEFCU Stadium,23,San José State,fbs,Mountain West,35.0,"[7, 14, 7, 7]",0.4058203903025504,1601.0,1594.0,2440,Nevada,fbs,Mountain West,31.0,"[7, 14, 7, 3]",0.5941796096974497,1228.0,1235.0,7.2694649698,,,
401628379,2024,6,regular,2024-10-05T23:30:00.000Z,False,True,False,True,75573.0,3887.0,Razorback Stadium,8,Arkansas,fbs,SEC,19.0,"[3, 0, 7, 9]",0.853422504219712,1485.0,1513.0,2633,Tennessee,fbs,SEC,14.0,"[0, 0, 14, 0]",0.146577495780288,1975.0,1947.0,9.4409572777,,,
401628380,2024,6,regular,2024-10-05T23:45:00.000Z,False,True,False,False,90369.0,3634.0,Ben Hill Griffin Stadium,57,Florida,fbs,SEC,24.0,"[7, 17, 0, 0]",0.9065111632798241,1516.0,1537.0,2116,UCF,fbs,Big 12,13.0,"[3, 0, 3, 7]",0.09348883672017594,1531.0,1510.0,3.6080238557,,,
401643725,2024,6,regular,2024-10-06T00:00:00.000Z,False,True,False,True,31307.0,7311.0,Snapdragon Stadium,21,San Diego State,fbs,Mountain West,27.0,"[3, 14, 3, 7]",0.4864534347971009,1344.0,1343.0,62,Hawai'i,fbs,Mountain West,24.0,"[3, 7, 7, 7]",0.5135465652028991,1214.0,1215.0,8.0987997655,,,
401636888,2024,6,regular,2024-10-06T00:00:00.000Z,False,True,False,True,54639.0,3947.0,Mountain America Stadium,9,Arizona State,fbs,Big 12,35.0,"[7, 7, 0, 21]",0.9515028850251191,1506.0,1511.0,2305,Kansas,fbs,Big 12,31.0,"[7, 7, 3, 14]",0.04849711497488085,1575.0,1570.0,9.7370534837,,,
401675117,2024,6,regular,2024-10-06T00:00:00.000Z,False,True,False,True,,3756.0,Homer Bryce Stadium,2617,Stephen F. Austin,fcs,Southland,59.0,"[24, 14, 7, 14]",0.9981116059650523,,,2466,Northwestern State,fcs,Southland,17.0,"[0, 3, 7, 7]",0.0018883940349476713,,,3.0151839704,,,
401635570,2024,6,regular,2024-10-06T00:00:00.000Z,False,True,False,True,37287.0,721.0,Bobby Dodd Stadium,59,Georgia Tech,fbs,ACC,24.0,"[7, 3, 0, 14]",0.9902065561311496,1545.0,1568.0,150,Duke,fbs,ACC,14.0,"[0, 7, 7, 0]",0.009793443868850393,1621.0,1598.0,7.5892318041,,,
401634051,2024,6,regular,2024-10-06T00:00:00.000Z,False,True,False,True,8429.0,1027.0,Alex G. Spanos Stadium,13,Cal Poly,fcs,Big Sky,38.0,"[7, 14, 7, 10]",0.9769825662777003,,,304,Idaho State,fcs,Big Sky,41.0,"[17, 7, 7, 10]",0.023017433722299696,,,7.0398373305,,,
401675540,2024,6,regular,2024-10-06T00:00:00.000Z,False,True,False,True,,6076.0,Javelina Stadium,2658,Texas A&M-Kingsville,ii,Lone Star,40.0,"[3, 16, 14, 7]",,,,2395,Midwestern State,ii,Lone Star,13.0,"[7, 6, 0, 0]",,,,,,,
401675524,2024,6,regular,2024-10-06T00:00:00.000Z,False,True,False,True,,5938.0,Al Whitehead Field at Greyhound Stadium,2201,Eastern New Mexico,ii,Lone Star,28.0,"[7, 7, 7, 7]",,,,2120,Central Washington,ii,Lone Star,44.0,"[0, 21, 13, 10]",,,,,,,
401674113,2024,6,regular,2024-10-06T00:00:00.000Z,False,True,False,True,,5890.0,Lewis Field Stadium,2231,Fort Hays,ii,Mid America,31.0,"[7, 14, 0, 10]",,,,2118,Central Missouri,ii,Mid America,21.0,"[0, 7, 0, 14]",,,,,,,
401632112,2024,6,regular,2024-10-06T00:00:00.000Z,False,True,False,True,3562.0,3706.0,Eccles Coliseum,253,Southern Utah,fcs,UAC,37.0,"[0, 7, 10, 14, 6]",0.2949053605732209,,,2627,Tarleton State,fcs,UAC,38.0,"[14, 14, 0, 3, 7]",0.7050946394267791,,,6.5494581162,,,
401673243,2024,6,regular,2024-10-06T00:00:00.000Z,False,True,False,True,,5782.0,Mountaineer Bowl,2714,Western Colorado,ii,Rocky Mountain,44.0,"[14, 10, 14, 6]",,,,2237,Fort Lewis,ii,Rocky Mountain,7.0,"[0, 0, 0, 7]",,,,,,,
401675934,2024,6,regular,2024-10-06T02:00:00.000Z,False,True,False,True,,6103.0,Merritt Field,2923,Pomona Pitzer,iii,So. Cal.,14.0,"[0, 7, 7, 0]",,,,17,Claremont Mudd Scripps,iii,So. Cal.,20.0,"[14, 6, 0, 0]",,,,,,,
401676178,2024,6,regular,2024-10-06T02:00:00.000Z,False,True,False,True,,5819.0,Ernie Chapman Stadium,411,Chapman,iii,So. Cal.,24.0,"[7, 14, 0, 3]",,,,2094,Cal Lutheran,iii,So. Cal.,20.0,"[7, 0, 7, 6]",,,,,,,
401675927,2024,6,regular,2024-10-06T02:00:00.000Z,False,True,False,True,,6106.0,Ted Runner Stadium,29,Redlands,iii,So. Cal.,38.0,"[14, 0, 14, 10]",,,,2318,La Verne,iii,So. Cal.,17.0,"[3, 7, 7, 0]",,,,,,,
401635568,2024,6,regular,2024-10-06T02:30:00.000Z,False,True,False,True,52428.0,3831.0,California Memorial Stadium,25,California,fbs,ACC,38.0,"[7, 14, 14, 3]",0.7941413267896873,1537.0,1549.0,2390,Miami,fbs,ACC,39.0,"[7, 3, 8, 21]",0.2058586732103127,1834.0,1822.0,5.080224193,,,
401636887,2024,6,regular,2024-10-06T03:00:00.000Z,False,True,False,True,45773.0,3619.0,Arizona Stadium,12,Arizona,fbs,Big 12,22.0,"[3, 0, 13, 6]",0.13349258042688492,1694.0,1678.0,2641,Texas Tech,fbs,Big 12,28.0,"[7, 11, 0, 10]",0.8665074195731151,1628.0,1644.0,6.9843712378,,,
401675765,2024,6,regular,2024-10-06T18:00:00.000Z,False,True,False,True,,5122.0,Shuford Stadium,129469,Anderson (SC),ii,South Atlantic,41.0,"[0, 14, 7, 17, 3]",,,,2107,Catawba,ii,South Atlantic,44.0,"[14, 10, 7, 7, 6]",,,,,,,
401640982,2024,7,regular,2024-10-08T23:00:00.000Z,False,True,False,True,16343.0,3992.0,Williams Stadium (VA),2335,Liberty,fbs,Conference USA,31.0,"[3, 14, 0, 7, 7]",0.9047516629611938,1589.0,1581.0,2229,Florida International,fbs,Conference USA,24.0,"[3, 7, 0, 14, 0]",0.0952483370388062,1257.0,1265.0,6.9751142566,,,
401641002,2024,7,regular,2024-10-09T23:30:00.000Z,False,True,False,True,16555.0,3662.0,AmFirst Stadium,55,Jacksonville State,fbs,Conference USA,54.0,"[7, 26, 14, 7]",0.9978677358817323,1560.0,1637.0,166,New Mexico State,fbs,Conference USA,13.0,"[3, 3, 0, 7]",0.0021322641182677238,1238.0,1161.0,4.0273285537,,,
401674479,2024,7,regular,2024-10-10T23:00:00.000Z,False,True,False,True,,6064.0,Crain Family Stadium,319,Oklahoma Baptist,ii,Great American,10.0,"[3, 7, 0, 0]",,,,2568,Southern Arkansas,ii,Great American,65.0,"[14, 20, 21, 10]",,,,,,,
401643803,2024,7,regular,2024-10-10T23:30:00.000Z,False,True,False,True,25622.0,3651.0,Bridgeforth Stadium,256,James Madison,fbs,Sun Belt,39.0,"[7, 22, 7, 3]",0.9985012233417523,1823.0,1866.0,324,Coastal Carolina,fbs,Sun Belt,7.0,"[7, 0, 0, 0]",0.0014987766582477136,1456.0,1413.0,3.3083165831,,,
401641009,2024,7,regular,2024-10-11T00:00:00.000Z,False,True,False,True,15072.0,3776.0,Joe Aillet Stadium,2348,Louisiana Tech,fbs,Conference USA,48.0,"[20, 14, 14, 0]",0.9988574732534925,1223.0,1288.0,2393,Middle Tennessee,fbs,Conference USA,21.0,"[14, 0, 7, 0]",0.0011425267465074995,1181.0,1116.0,3.5734309396,,,
401641030,2024,7,regular,2024-10-11T00:00:00.000Z,False,True,False,True,12723.0,3796.0,Houchens Industries-L.T. Smith Stadium,98,Western Kentucky,fbs,Conference USA,44.0,"[14, 13, 7, 10]",0.96571573710875,1410.0,1454.0,2638,UTEP,fbs,Conference USA,17.0,"[7, 0, 10, 0]",0.03428426289124997,1181.0,1137.0,4.3428064771,,,
401644599,2024,7,regular,2024-10-11T22:00:00.000Z,False,True,False,True,5642.0,3921.0,Schoellkopf Field,172,Cornell,fcs,Ivy,20.0,"[7, 7, 6, 0]",0.01862110041368258,,,108,Harvard,fcs,Ivy,38.0,"[10, 21, 7, 0]",0.9813788995863174,,,3.5049254575,,,
401674683,2024,7,regular,2024-10-11T23:00:00.000Z,False,True,False,True,,5851.0,Shirk Field at Musselman Stadium,2248,Gettysburg,iii,Centennial,7.0,"[0, 0, 7, 0]",,,,118,Johns Hopkins,iii,Centennial,51.0,"[10, 17, 3, 21]",,,,,,,
401682361,2024,7,regular,2024-10-11T23:00:00.000Z,False,True,False,True,,5841.0,Pete FioRito Stadium at McKinzie Field,101,Eureka,iii,NACC,8.0,"[0, 0, 0, 8]",,,,6353,Lakeland,iii,NACC,49.0,"[7, 7, 28, 7]",,,,,,,
401628513,2024,7,regular,2024-10-12T00:00:00.000Z,False,True,False,True,39371.0,3665.0,SECU Stadium,120,Maryland,fbs,Big Ten,10.0,"[0, 7, 0, 3]",0.009091774784083226,1642.0,1546.0,77,Northwestern,fbs,Big Ten,37.0,"[7, 10, 0, 20]",0.9909082252159168,1473.0,1569.0,3.6586426589,,,
401643733,2024,7,regular,2024-10-12T01:00:00.000Z,False,True,False,True,20295.0,3905.0,Maverik Stadium,328,Utah State,fbs,Mountain West,34.0,"[7, 0, 14, 13]",0.04963835271708906,1162.0,1172.0,2439,UNLV,fbs,Mountain West,50.0,"[14, 27, 6, 3]",0.950361647282911,1675.0,1665.0,2.0762387963,,,
401636357,2024,7,regular,2024-10-12T01:15:00.000Z,False,True,False,True,5673.0,3740.0,Golden Lion Stadium,2029,Arkansas-Pine Bluff,fcs,SWAC,21.0,"[7, 14, 0, 0]",0.827703416045087,,,2504,Prairie View A&M,fcs,SWAC,17.0,"[8, 6, 3, 0]",0.17229658395491299,,,8.7056006486,,,
401636892,2024,7,regular,2024-10-12T02:30:00.000Z,False,True,False,True,45310.0,3947.0,Mountain America Stadium,9,Arizona State,fbs,Big 12,27.0,"[6, 7, 7, 7]",0.9935560386041525,1511.0,1529.0,254,Utah,fbs,Big 12,19.0,"[6, 3, 7, 3]",0.006443961395847464,1607.0,1589.0,6.7368652973,,,
401676193,2024,7,regular,2024-10-12T16:00:00.000Z,False,True,False,True,,5926.0,Henry G. Steinbrenner '27 Stadium,109,MIT,iii,NEWMAC,0.0,"[0, 0, 0, 0]",,,,2383,Merchant Marine,iii,NEWMAC,21.0,"[7, 0, 7, 7]",,,,,,,
401676717,2024,7,regular,2024-10-12T16:00:00.000Z,False,True,False,True,,5868.0,Ronald J. Abdow Field,2022,American International,ii,Northeast 10,14.0,"[0, 7, 7, 0]",,,,112334,Franklin Pierce,ii,Northeast 10,41.0,"[14, 13, 14, 0]",,,,,,,
401676709,2024,7,regular,2024-10-12T16:00:00.000Z,False,True,False,True,,3848.0,Multi-Sport Stadium,2038,Assumption,ii,Northeast 10,16.0,"[0, 3, 10, 3]",,,,2060,Bentley,ii,Northeast 10,13.0,"[7, 6, 0, 0]",,,,,,,
401676921,2024,7,regular,2024-10-12T16:00:00.000Z,False,True,False,True,,6087.0,Drake Field (NY),3110,SUNY Morrisville,iii,Empire 8,24.0,"[7, 0, 14, 3]",,,,365,Alfred,iii,Empire 8,14.0,"[0, 7, 0, 7]",,,,,,,
401654596,2024,7,regular,2024-10-12T16:00:00.000Z,False,True,True,True,1257.0,6043.0,Bethpage Federal Credit Union Stadium,2341,Long Island University,fcs,NEC,31.0,"[7, 10, 7, 7]",0.9011926129130499,,,284,Stonehill,fcs,NEC,7.0,"[7, 0, 0, 0]",0.09880738708695014,,,4.4777328732,,,
401644743,2024,7,regular,2024-10-12T16:00:00.000Z,False,True,False,True,7322.0,3696.0,Dix Stadium,2309,Kent State,fbs,Mid-American,35.0,"[0, 7, 7, 21]",0.6066052948611376,922.0,928.0,2050,Ball State,fbs,Mid-American,37.0,"[10, 10, 7, 10]",0.39339470513886243,1091.0,1085.0,4.9770357306,,,
401635577,2024,7,regular,2024-10-12T16:00:00.000Z,False,True,False,True,44482.0,3787.0,Kenan Stadium,153,North Carolina,fbs,ACC,34.0,"[7, 7, 10, 10]",0.030260657172875353,1497.0,1489.0,59,Georgia Tech,fbs,ACC,41.0,"[7, 13, 7, 14]",0.9697393428271246,1568.0,1576.0,6.0512376645,,,
401654490,2024,7,regular,2024-10-12T16:00:00.000Z,False,True,False,False,2637.0,3979.0,Wagner College Stadium,2681,Wagner,fcs,NEC,6.0,"[0, 6, 0, 0]",0.04177363897945932,,,171,Columbia,fcs,Ivy,24.0,"[14, 10, 0, 0]",0.9582263610205407,,,2.83733247,,,
401654576,2024,7,regular,2024-10-12T16:00:00.000Z,False,True,False,True,3167.0,3624.0,Arute Field,2115,Central Connecticut,fcs,NEC,38.0,"[0, 17, 14, 7]",0.9980031854718454,,,2385,Mercyhurst,fcs,NEC,20.0,"[7, 0, 7, 6]",0.001996814528154589,,,4.381244059,,,
401676732,2024,7,regular,2024-10-12T16:00:00.000Z,False,True,True,True,,7422.0,Municipal Stadium,126086,Post,ii,Northeast 10,27.0,"[14, 7, 6, 0]",,,,2583,Southern Connecticut State,ii,Northeast 10,31.0,"[14, 10, 0, 7]",,,,,,,
401674569,2024,7,regular,2024-10-12T16:00:00.000Z,False,True,False,True,,3927.0,Sherman Field,2392,Michigan Tech,ii,GLIAC,20.0,"[7, 7, 0, 6]",,,,110254,Davenport,ii,GLIAC,24.0,"[7, 7, 7, 3]",,,,,,,
401675421,2024,7,regular,2024-10-12T16:00:00.000Z,False,True,False,True,,3698.0,Donnell Stadium,2224,Findlay,ii,Great Midwest Athletic,21.0,"[0, 7, 0, 14]",,,,308,Ashland,ii,Great Midwest Athletic,41.0,"[14, 10, 3, 14]",,,,,,,
401674715,2024,7,regular,2024-10-12T16:00:00.000Z,False,True,False,False,,5831.0,Dale Lippert Field,110438,Dean,iii,ECFC,0.0,"[0, 0, 0, 0]",,,,2280,Husson,iii,Commonwealth Coast,24.0,"[14, 0, 10, 0]",,,,,,,
401675455,2024,7,regular,2024-10-12T16:00:00.000Z,False,True,True,True,,6129.0,BB&T Field at Griffin Plaza,2646,Thomas More,ii,Great Midwest Athletic,3.0,"[0, 3, 0, 0]",,,,2886,Northwood,ii,Great Midwest Athletic,20.0,"[7, 3, 3, 7]",,,,,,,
401676738,2024,7,regular,2024-10-12T16:00:00.000Z,False,True,False,True,,6066.0,Pace Stadium,2487,Pace,ii,Northeast 10,26.0,"[0, 2, 0, 15, 3, 6]",,,,2830,Saint Anselm,ii,Northeast 10,20.0,"[7, 0, 3, 7, 3, 0]",,,,,,,
401676751,2024,7,regular,2024-10-12T16:00:00.000Z,False,True,False,True,,4427.0,John A. Farrell Stadium,223,West Chester,ii,Pennsylvania State Athletic,35.0,"[14, 7, 7, 7]",,,,2974,Shepherd,ii,Pennsylvania State Athletic,14.0,"[0, 7, 7, 0]",,,,,,,
401645342,2024,7,regular,2024-10-12T16:00:00.000Z,False,True,False,True,29002.0,3841.0,Michie Stadium,349,Army,fbs,American Athletic,44.0,"[20, 14, 7, 3]",0.9983120962535629,1606.0,1643.0,5,UAB,fbs,American Athletic,10.0,"[3, 0, 0, 7]",0.001687903746437125,1128.0,1091.0,4.9031007378,,,
401676011,2024,7,regular,2024-10-12T16:00:00.000Z,False,True,False,True,,6092.0,Bishop Stadium,286,North Carolina Wesleyan,iii,USA South,9.0,"[6, 0, 3, 0]",,,,548,LaGrange,iii,USA South,31.0,"[7, 10, 0, 14]",,,,,,,
401674811,2024,7,regular,2024-10-12T16:00:00.000Z,False,True,False,True,,3920.0,Schmidt Stadium,398,Wilkes,iii,Landmark Conference,53.0,"[8, 21, 21, 3]",,,,2354,Lycoming,iii,Landmark Conference,28.0,"[0, 7, 0, 21]",,,,,,,
401638669,2024,7,regular,2024-10-12T16:00:00.000Z,False,True,False,True,2757.0,3988.0,Welcome Stadium,2168,Dayton,fcs,Pioneer,16.0,"[0, 13, 0, 3]",0.15196927632496826,,,2166,Davidson,fcs,Pioneer,14.0,"[0, 7, 7, 0]",0.8480307236750317,,,8.9867797197,,,
401673413,2024,7,regular,2024-10-12T16:00:00.000Z,False,True,False,True,,6086.0,Rocco Calvo Field,323,Moravian,iii,Landmark Conference,34.0,"[7, 20, 0, 7]",,,,2108,Catholic,iii,Landmark Conference,14.0,"[0, 7, 0, 7]",,,,,,,
401674260,2024,7,regular,2024-10-12T16:00:00.000Z,False,True,False,True,,5121.0,University of Charleston Stadium,2128,Charleston (WV),ii,Mountain East,42.0,"[14, 14, 14, 0]",,,,112335,Wheeling,ii,Mountain East,23.0,"[0, 7, 7, 9]",,,,,,,
401635576,2024,7,regular,2024-10-12T16:00:00.000Z,False,True,False,True,31553.0,3630.0,Allegacy Federal Credit Union Stadium,154,Wake Forest,fbs,ACC,14.0,"[7, 7, 0, 0]",0.002023896064461671,1390.0,1343.0,228,Clemson,fbs,ACC,49.0,"[0, 28, 14, 7]",0.9979761039355384,1817.0,1864.0,3.1665894345,,,
401654473,2024,7,regular,2024-10-12T16:00:00.000Z,False,True,False,True,4983.0,3997.0,Yale Bowl,43,Yale,fcs,Ivy,43.0,"[2, 21, 7, 7, 6]",0.44424466378457667,,,159,Dartmouth,fcs,Ivy,44.0,"[0, 7, 9, 21, 7]",0.5557553362154233,,,6.6385262362,,,
401638671,2024,7,regular,2024-10-12T16:00:00.000Z,False,True,False,True,1840.0,36.0,Leonidoff Field,2368,Marist,fcs,Pioneer,32.0,"[0, 18, 0, 14]",0.04060602127978209,,,2900,St. Thomas (MN),fcs,Pioneer,39.0,"[15, 3, 7, 14]",0.9593939787202179,,,3.3552581814,,,
401674850,2024,7,regular,2024-10-12T16:00:00.000Z,False,True,False,True,,6107.0,ECAV Stadium,2528,Rensselaer,iii,Liberty League,34.0,"[6, 7, 7, 14]",,,,2779,St. Lawrence,iii,Liberty League,10.0,"[7, 3, 0, 0]",,,,,,,
401674866,2024,7,regular,2024-10-12T16:00:00.000Z,False,True,False,True,,5127.0,Gene L. Shirk Stadium,2015,Albright,iii,Mid Atlantic,10.0,"[0, 3, 7, 0]",,,,2969,Misericordia,iii,Mid Atlantic,13.0,"[3, 7, 0, 3]",,,,,,,
401676095,2024,7,regular,2024-10-12T16:00:00.000Z,False,True,False,True,,4432.0,Andre Reed Stadium,2315,Kutztown,ii,Pennsylvania State Athletic,24.0,"[7, 10, 0, 7]",,,,209,Lock Haven,ii,Pennsylvania State Athletic,0.0,"[0, 0, 0, 0]",,,,,,,
401628385,2024,7,regular,2024-10-12T16:00:00.000Z,False,True,False,True,100077.0,3657.0,Bryant-Denny Stadium,333,Alabama,fbs,SEC,27.0,"[7, 7, 0, 13]",0.5317165485267156,2014.0,2010.0,2579,South Carolina,fbs,SEC,25.0,"[0, 12, 7, 6]",0.46828345147328443,1654.0,1658.0,8.337485999,,,
401676128,2024,7,regular,2024-10-12T16:00:00.000Z,False,True,False,True,,5853.0,Francis Field (IL),2257,Greenville,iii,Upper Midwest,14.0,"[0, 7, 7, 0]",,,,583,Northwestern (MN),iii,Upper Midwest,34.0,"[7, 13, 14, 0]",,,,,,,
401676655,2024,7,regular,2024-10-12T16:00:00.000Z,False,True,True,True,,7513.0,O'Hara Field,127954,Eastern,iii,Mid Atlantic,23.0,"[0, 13, 3, 7]",,,,247,King's,iii,Mid Atlantic,35.0,"[7, 14, 7, 7]",,,,,,,
401677404,2024,7,regular,2024-10-12T16:00:00.000Z,False,True,True,True,,7512.0,St. Francis High School,125974,Hilbert,iii,Empire 8,6.0,"[0, 6, 0, 0]",,,,374,St. John Fisher,iii,Empire 8,52.0,"[14, 21, 7, 10]",,,,,,,
401644745,2024,7,regular,2024-10-12T16:00:00.000Z,False,True,False,True,13996.0,3965.0,UB Stadium,2084,Buffalo,fbs,Mid-American,30.0,"[7, 0, 14, 9]",0.9758903942086857,1228.0,1294.0,2649,Toledo,fbs,Mid-American,15.0,"[0, 0, 7, 8]",0.02410960579131427,1574.0,1508.0,4.9612405286,,,
401628517,2024,7,regular,2024-10-12T16:00:00.000Z,False,True,False,True,50111.0,6577.0,SHI Stadium,164,Rutgers,fbs,Big Ten,7.0,"[0, 0, 0, 7]",0.000627244070593527,1521.0,1436.0,275,Wisconsin,fbs,Big Ten,42.0,"[14, 0, 14, 14]",0.9993727559294064,1644.0,1729.0,2.6905520773,,,
401673404,2024,7,regular,2024-10-12T16:00:00.000Z,False,True,False,False,,5830.0,Walter M. Katz Field,40,Curry,iii,Commonwealth Coast,30.0,"[10, 3, 7, 10]",,,,3162,Alfred State,iii,ECFC,16.0,"[0, 3, 0, 13]",,,,,,,
401628512,2024,7,regular,2024-10-12T16:00:00.000Z,False,True,False,True,69250.0,3793.0,Kinnick Stadium,2294,Iowa,fbs,Big Ten,40.0,"[7, 13, 3, 17]",0.961693357357087,1600.0,1683.0,264,Washington,fbs,Big Ten,16.0,"[0, 10, 0, 6]",0.03830664264291295,1790.0,1707.0,4.542836881,,,
401676114,2024,7,regular,2024-10-12T16:00:00.000Z,False,True,False,True,,4431.0,Chryst Field at Biemesderfer Stadium,210,Millersville,ii,Pennsylvania State Athletic,27.0,"[14, 10, 3, 0]",,,,2559,Shippensburg,ii,Pennsylvania State Athletic,35.0,"[0, 14, 14, 7]",,,,,,,
401628389,2024,7,regular,2024-10-12T16:00:00.000Z,False,True,False,False,16102.0,3985.0,Warren McGuirk Alumni Stadium,113,Massachusetts,fbs,FBS Independents,3.0,"[0, 3, 0, 0]",0.0007590125928680845,1070.0,1025.0,142,Missouri,fbs,SEC,45.0,"[14, 10, 21, 0]",0.999240987407132,1692.0,1737.0,1.6773361622,,,
401654590,2024,7,regular,2024-10-12T16:00:00.000Z,False,True,False,True,1799.0,3694.0,DeGol Field,2598,Saint Francis,fcs,NEC,7.0,"[0, 0, 7, 0]",0.004360737013091232,,,2184,Duquesne,fcs,NEC,38.0,"[7, 10, 7, 14]",0.9956392629869087,,,3.390070691,,,
401654626,2024,7,regular,2024-10-12T16:30:00.000Z,False,True,False,True,3295.0,3721.0,Fisher Field,322,Lafayette,fcs,Patriot,0.0,"[0, 0, 0, 0]",0.0031312372385882527,,,46,Georgetown,fcs,Patriot,17.0,"[3, 7, 7, 0]",0.9968687627614118,,,3.631749919,,,
401674383,2024,7,regular,2024-10-12T17:00:00.000Z,False,True,False,True,,4430.0,Mihalik-Thompson Stadium,215,Slippery Rock,ii,Pennsylvania State Athletic,35.0,"[7, 7, 14, 7]",,,,367,Gannon,ii,Pennsylvania State Athletic,17.0,"[0, 3, 7, 7]",,,,,,,
401628650,2024,7,regular,2024-10-12T17:00:00.000Z,False,True,False,True,15564.0,3695.0,Delaware Stadium,48,Delaware,fcs,CAA,44.0,"[7, 6, 10, 21]",0.9975964488918596,,,311,Maine,fcs,CAA,21.0,"[7, 7, 0, 7]",0.0024035511081403893,,,6.9932172867,,,
401675408,2024,7,regular,2024-10-12T17:00:00.000Z,False,True,False,True,,6032.0,Hovey Field,2676,Virginia Union,ii,CIAA,35.0,"[0, 7, 21, 7]",,,,2207,Elizabeth City State,ii,CIAA,0.0,"[0, 0, 0, 0]",,,,,,,
401674414,2024,7,regular,2024-10-12T17:00:00.000Z,False,True,False,True,,6065.0,Cliff Harris Stadium,2888,Ouachita Baptist,ii,Great American,40.0,"[14, 6, 14, 6]",,,,2191,East Central,ii,Great American,0.0,"[0, 0, 0, 0]",,,,,,,
401628653,2024,7,regular,2024-10-12T17:00:00.000Z,False,True,False,False,5773.0,3824.0,Meade Stadium,227,Rhode Island,fcs,CAA,31.0,"[14, 0, 3, 14]",0.7175809679176043,,,225,Brown,fcs,Ivy,21.0,"[7, 7, 7, 0]",0.2824190320823957,,,7.3675147439,,,
401676410,2024,7,regular,2024-10-12T17:00:00.000Z,False,True,False,True,,6116.0,Shentel Stadium,2828,Shenandoah,iii,Old Dominion,42.0,"[21, 14, 0, 7]",,,,366,Ferrum,iii,Old Dominion,20.0,"[6, 0, 7, 7]",,,,,,,
401676779,2024,7,regular,2024-10-12T17:00:00.000Z,False,True,False,True,,6553.0,Helen and Leonard Moretz Stadium,2331,Lenoir Rhyne,ii,South Atlantic,24.0,"[0, 10, 14, 0]",,,,2444,Newberry,ii,South Atlantic,3.0,"[0, 0, 3, 0]",,,,,,,
401634163,2024,7,regular,2024-10-12T17:00:00.000Z,False,True,False,True,6232.0,3744.0,Hancock Stadium,2287,Illinois State,fcs,MVFC,7.0,"[0, 0, 7, 0]",0.010188500323179103,,,2623,Missouri State,fcs,MVFC,41.0,"[17, 7, 10, 7]",0.9898114996768209,,,1.8806841677,,,
401674673,2024,7,regular,2024-10-12T17:00:00.000Z,False,True,False,False,,3879.0,TowneBank Stadium,3112,Christopher Newport,iii,New Jersey,28.0,"[7, 7, 14, 0]",,,,2175,Dickinson,iii,Centennial,31.0,"[0, 21, 3, 7]",,,,,,,
401676442,2024,7,regular,2024-10-12T17:00:00.000Z,False,True,False,True,,6105.0,Day Field,2516,Randolph Macon,iii,Old Dominion,63.0,"[21, 21, 14, 7]",,,,2258,Guilford,iii,Old Dominion,0.0,"[0, 0, 0, 0]",,,,,,,
401628649,2024,7,regular,2024-10-12T17:00:00.000Z,False,True,False,True,1850.0,3661.0,Bulldog Stadium,2803,Bryant,fcs,CAA,17.0,"[7, 0, 3, 7]",,,,399,UAlbany,fcs,CAA,24.0,"[0, 3, 7, 14]",,,,,,,
401676121,2024,7,regular,2024-10-12T17:00:00.000Z,False,True,False,True,,6082.0,Big Cat Stadium,2399,Minnesota Morris,iii,Upper Midwest,32.0,[],,,,433,Westminster (MO),iii,Upper Midwest,7.0,[],,,,,,,
401676001,2024,7,regular,2024-10-12T17:00:00.000Z,False,True,False,True,,5802.0,Belhaven Bowl Stadium,2056,Belhaven,iii,USA South,38.0,"[0, 17, 14, 7]",,,,2896,Southern Virginia,iii,USA South,17.0,"[3, 7, 0, 7]",,,,,,,
401676171,2024,7,regular,2024-10-12T17:00:00.000Z,False,True,False,True,,6141.0,Corwin Stadium,336,Wesleyan (CT),iii,NESCAC,23.0,"[3, 3, 0, 11, 6]",,,,33,Colby,iii,NESCAC,17.0,"[0, 7, 7, 3, 0]",,,,,,,
401676370,2024,7,regular,2024-10-12T17:00:00.000Z,False,True,False,True,,4423.0,Young-Wise Memorial Stadium,418,Hendrix,iii,Southern Athletic,13.0,"[6, 7, 0, 0]",,,,2757,Berry,iii,Southern Athletic,42.0,"[8, 24, 3, 7]",,,,,,,
401676429,2024,7,regular,2024-10-12T17:00:00.000Z,False,True,False,True,,6138.0,Wilson Field,2688,Washington and Lee,iii,Old Dominion,28.0,"[0, 14, 7, 7]",,,,297,Hampden Sydney,iii,Old Dominion,26.0,"[7, 6, 6, 7]",,,,,,,
401675471,2024,7,regular,2024-10-12T17:00:00.000Z,False,True,False,True,,5220.0,Garrison Stadium,2804,Chowan,ii,Gulf South,31.0,"[0, 17, 0, 14]",,,,2560,Shorter,ii,Gulf South,27.0,"[6, 6, 15, 0]",,,,,,,
401693676,2024,7,regular,2024-10-12T17:00:00.000Z,False,True,False,True,,3808.0,Lincoln University Stadium,2339,Lincoln (PA),ii,CIAA,37.0,"[0, 23, 7, 7]",,,,124180,Bluefield State,ii,CIAA,13.0,"[7, 0, 6, 0]",,,,,,,
401675582,2024,7,regular,2024-10-12T17:00:00.000Z,False,True,False,True,,6042.0,Alumni Stadium (KY),2310,Kentucky State,ii,SIAC,23.0,"[6, 17, 0, 0]",,,,490,Benedict,ii,SIAC,21.0,"[0, 14, 7, 0]",,,,,,,
401674758,2024,7,regular,2024-10-12T17:00:00.000Z,False,True,False,True,,3675.0,Charles A. Gaetano Stadium,390,Utica,iii,Empire 8,7.0,"[7, 0, 0, 0]",,,,2782,SUNY Cortland,iii,Empire 8,45.0,"[14, 14, 7, 10]",,,,,,,
401676622,2024,7,regular,2024-10-12T17:00:00.000Z,False,True,False,True,,6128.0,Alumni Stadium (PA),2644,Thiel,iii,Presidents',21.0,"[7, 7, 0, 7]",,,,2018,Allegheny,iii,Presidents',7.0,"[7, 0, 0, 0]",,,,,,,
401674944,2024,7,regular,2024-10-12T17:00:00.000Z,False,True,False,True,,5795.0,Edor Nelson Field,124,Augsburg,iii,Minnesota,37.0,"[7, 16, 14, 0]",,,,162,Hamline,iii,Minnesota,27.0,"[14, 0, 0, 13]",,,,,,,
401674872,2024,7,regular,2024-10-12T17:00:00.000Z,False,True,False,True,,4855.0,Leslie C. Quick Jr. Stadium,2725,Widener,iii,Mid Atlantic,3.0,"[3, 0, 0, 0]",,,,471,Stevenson,iii,Mid Atlantic,10.0,"[7, 0, 0, 3]",,,,,,,
401673375,2024,7,regular,2024-10-12T17:00:00.000Z,False,True,False,True,,6046.0,Meares Stadium,2369,Mars Hill,ii,South Atlantic,27.0,"[17, 0, 7, 3]",,,,2105,Carson Newman,ii,South Atlantic,28.0,"[0, 14, 0, 14]",,,,,,,
401674279,2024,7,regular,2024-10-12T17:00:00.000Z,False,True,False,True,,5784.0,Cebe Ross Field,455,West Virginia Wesleyan,ii,Mountain East,21.0,"[7, 7, 0, 7]",,,,2986,Fairmont State,ii,Mountain East,40.0,"[10, 14, 3, 13]",,,,,,,
401638672,2024,7,regular,2024-10-12T17:00:00.000Z,False,True,False,True,,4416.0,Spec Martin Municipal Stadium,56,Stetson,fcs,Pioneer,0.0,[],,,,2674,Valparaiso,fcs,Pioneer,0.0,[],,,,,,,
401675015,2024,7,regular,2024-10-12T17:00:00.000Z,False,True,False,True,,5919.0,Ron Roberts Field at the Banta Bowl,268,Lawrence,iii,Midwest,7.0,"[0, 0, 7, 0]",,,,262,Lake Forest,iii,Midwest,54.0,"[7, 34, 13, 0]",,,,,,,
401674333,2024,7,regular,2024-10-12T17:00:00.000Z,False,True,False,True,,3606.0,Scheels Field at Nemzek Stadium,2817,Minnesota St Moorhead,ii,Northern Sun,19.0,"[0, 12, 0, 7]",,,,2364,Minnesota State,ii,Northern Sun,24.0,"[3, 14, 7, 0]",,,,,,,
401634174,2024,7,regular,2024-10-12T17:00:00.000Z,False,True,False,True,3056.0,3829.0,Memorial Stadium,282,Indiana State,fcs,MVFC,31.0,"[14, 7, 3, 7]",0.6833143129685656,,,93,Murray State,fcs,MVFC,27.0,"[7, 3, 7, 10]",0.3166856870314344,,,7.3264901934,,,
401673031,2024,7,regular,2024-10-12T17:00:00.000Z,False,True,False,False,3861.0,3990.0,William H. Greene Stadium,47,Howard,fcs,MEAC,21.0,"[0, 7, 7, 7]",0.3956204080605312,,,2529,Sacred Heart,fcs,FCS Independents,14.0,"[0, 14, 0, 0]",0.6043795919394688,,,8.7239640955,,,
401674292,2024,7,regular,2024-10-12T17:00:00.000Z,False,True,False,True,,6060.0,Grace P. Johnson Stadium,2882,UNC Pembroke,ii,Mountain East,67.0,"[13, 20, 14, 20]",,,,2699,West Liberty,ii,Mountain East,20.0,"[0, 14, 0, 6]",,,,,,,
401674268,2024,7,regular,2024-10-12T17:00:00.000Z,False,True,False,True,,5785.0,Dickerson Stadium,2707,West Virginia State,ii,Mountain East,44.0,"[7, 21, 9, 7]",,,,2148,Concord,ii,Mountain East,14.0,"[0, 0, 7, 7]",,,,,,,
401678582,2024,7,regular,2024-10-12T17:00:00.000Z,False,True,False,True,,6136.0,Patterson Field,2667,Ursinus,iii,Centennial,23.0,"[7, 3, 0, 13]",,,,2234,Franklin & Marshall,iii,Centennial,17.0,"[0, 3, 7, 7]",,,,,,,
401676019,2024,7,regular,2024-10-12T17:00:00.000Z,False,True,False,True,,5998.0,Monarch Stadium,291,Methodist,iii,USA South,0.0,"[0, 0, 0, 0]",,,,2938,Huntingdon,iii,USA South,42.0,"[14, 14, 0, 14]",,,,,,,
401677401,2024,7,regular,2024-10-12T17:00:00.000Z,False,True,False,True,,3618.0,Apprentice Field,3111,Apprentice School,iii,Independent DIII,72.0,"[35, 17, 6, 14]",,,,274,Maine Maritime,iii,Independent DIII,26.0,"[12, 8, 0, 6]",,,,,,,
401654638,2024,7,regular,2024-10-12T17:00:00.000Z,False,True,False,True,10223.0,3722.0,Fitton Field,107,Holy Cross,fcs,Patriot,19.0,"[0, 3, 10, 6]",0.9129950282637403,,,2230,Fordham,fcs,Patriot,16.0,"[6, 0, 7, 3]",0.08700497173625965,,,9.5708248924,,,
401673422,2024,7,regular,2024-10-12T17:00:00.000Z,False,True,False,True,,3621.0,Arnold Field (PA),388,Lebanon Valley,iii,Mid Atlantic,16.0,"[7, 9, 0, 0]",,,,2808,Delaware Valley,iii,Mid Atlantic,21.0,"[7, 7, 7, 0]",,,,,,,
401673432,2024,7,regular,2024-10-12T17:00:00.000Z,False,True,False,True,,5791.0,Turf Field,111674,Alvernia,iii,Mid Atlantic,26.0,"[7, 13, 6, 0]",,,,2221,FDU Florham,iii,Mid Atlantic,37.0,"[7, 9, 7, 14]",,,,,,,
401677375,2024,7,regular,2024-10-12T17:00:00.000Z,False,True,False,True,,5636.0,Wright Stadium,173,Hartwick,iii,Empire 8,0.0,"[0, 0, 0, 0]",,,,2781,Brockport,iii,Empire 8,53.0,"[16, 20, 7, 10]",,,,,,,
401676694,2024,7,regular,2024-10-12T17:00:00.000Z,False,True,False,True,,3649.0,Bowman Gray Stadium,2736,Winston-Salem State,ii,CIAA,34.0,"[7, 6, 14, 7]",,,,2551,Shaw,ii,CIAA,14.0,"[0, 6, 0, 8]",,,,,,,
401676647,2024,7,regular,2024-10-12T17:00:00.000Z,False,True,False,True,,6139.0,Cameron Stadium,2686,Washington & Jefferson,iii,Presidents',73.0,"[21, 21, 14, 17]",,,,2242,Geneva,iii,Presidents',21.0,"[14, 0, 7, 0]",,,,,,,
401654651,2024,7,regular,2024-10-12T17:00:00.000Z,False,True,False,False,2054.0,3730.0,Franklin Field,219,Pennsylvania,fcs,Ivy,31.0,"[7, 3, 21, 0]",0.8321991607390381,,,2083,Bucknell,fcs,Patriot,21.0,"[7, 0, 7, 7]",0.1678008392609619,,,5.6093154626,,,
401677470,2024,7,regular,2024-10-12T17:00:00.000Z,False,True,False,True,,5792.0,Pratt Field at Lehrman Stadium,7,Amherst,iii,NESCAC,7.0,"[0, 0, 0, 7]",,,,340,Bowdoin,iii,NESCAC,35.0,"[7, 14, 7, 7]",,,,,,,
401676258,2024,7,regular,2024-10-12T17:00:00.000Z,False,True,False,True,,6132.0,Trinity University Stadium,386,Trinity (TX),iii,Southern Athletic,45.0,"[10, 14, 14, 7]",,,,2553,Sewanee,iii,Southern Athletic,26.0,"[0, 6, 13, 7]",,,,,,,
401676253,2024,7,regular,2024-10-12T17:00:00.000Z,False,True,False,True,,6112.0,Richard Wackar Stadium,2827,Rowan,iii,New Jersey,36.0,"[0, 15, 14, 7]",,,,2442,The College of New Jersey,iii,New Jersey,22.0,"[7, 0, 7, 8]",,,,,,,
401676245,2024,7,regular,2024-10-12T17:00:00.000Z,False,True,False,True,,6150.0,Wightman Stadium,2970,William Paterson,iii,New Jersey,0.0,"[0, 0, 0, 0]",,,,2532,Salisbury,iii,New Jersey,63.0,"[14, 28, 7, 14]",,,,,,,
401676111,2024,7,regular,2024-10-12T17:00:00.000Z,False,True,False,True,,5855.0,Charles A. Henry Field,2274,Hiram,iii,North Coast,7.0,"[7, 0, 0, 0]",,,,352,Kenyon,iii,North Coast,27.0,"[14, 0, 6, 7]",,,,,,,
401675590,2024,7,regular,2024-10-12T17:00:00.000Z,False,True,False,True,,4749.0,McPherson Memorial Stadium,2119,Central State,ii,SIAC,20.0,[],,,,2805,Clark Atlanta,ii,SIAC,25.0,[],,,,,,,
401674835,2024,7,regular,2024-10-12T17:00:00.000Z,False,True,False,True,,5862.0,Butterfield Stadium,175,Ithaca,iii,Liberty League,24.0,"[0, 3, 7, 14]",,,,184,Rochester (NY),iii,Liberty League,0.0,"[0, 0, 0, 0]",,,,,,,
401674818,2024,7,regular,2024-10-12T17:00:00.000Z,False,True,False,True,,6124.0,Amos Alonzo Stagg Field (PA),216,Susquehanna,iii,Landmark Conference,79.0,"[27, 14, 28, 10]",,,,122774,Keystone,iii,Landmark Conference,6.0,"[0, 0, 0, 6]",,,,,,,
401674323,2024,7,regular,2024-10-12T17:00:00.000Z,False,True,False,True,,6051.0,James S. Malosky Stadium,134,Minnesota Duluth,ii,Northern Sun,21.0,"[0, 7, 0, 14]",,,,425,Northern State,ii,Northern Sun,24.0,"[0, 14, 0, 10]",,,,,,,
401658362,2024,7,regular,2024-10-12T17:30:00.000Z,False,True,False,True,,5887.0,I.L. & Sue Morris Stadium,2249,Glenville State,ii,Mountain East,9.0,"[0, 3, 6, 0]",,,,341,Frostburg State,ii,Mountain East,41.0,"[14, 0, 13, 14]",,,,,,,
401674767,2024,7,regular,2024-10-12T17:30:00.000Z,False,True,False,True,,5930.0,Carl W. Burt Memorial Stadium,2362,Manchester,iii,Heartland,10.0,"[0, 3, 7, 0]",,,,2074,Bluffton,iii,Heartland,42.0,"[21, 7, 7, 7]",,,,,,,
401678696,2024,7,regular,2024-10-12T17:30:00.000Z,False,True,False,True,,5793.0,Macholtz Stadium,2023,Anderson (IN),iii,Heartland,0.0,"[0, 0, 0, 0]",,,,2419,Mount St Joseph,iii,Heartland,49.0,"[21, 7, 14, 7]",,,,,,,
401676356,2024,7,regular,2024-10-12T17:30:00.000Z,False,True,False,True,,4856.0,Mount Union Stadium,426,Mount Union,iii,Ohio,78.0,"[28, 28, 19, 3]",,,,2733,Wilmington (OH),iii,Ohio,19.0,"[3, 9, 7, 0]",,,,,,,
401676274,2024,7,regular,2024-10-12T17:30:00.000Z,False,True,False,True,,5801.0,George Finnie Stadium,188,Baldwin Wallace,iii,Ohio,36.0,"[7, 15, 0, 14]",,,,359,Otterbein,iii,Ohio,7.0,"[0, 0, 0, 7]",,,,,,,
401676309,2024,7,regular,2024-10-12T17:30:00.000Z,False,True,False,True,,5863.0,Don Shula Stadium at Wasmer Field,2302,John Carroll,iii,Ohio,49.0,"[21, 14, 7, 7]",,,,424,Capital,iii,Ohio,14.0,"[0, 0, 14, 0]",,,,,,,
401676159,2024,7,regular,2024-10-12T17:30:00.000Z,False,True,False,True,,6131.0,Jessee/Miller Field,2977,Trinity (CT),iii,NESCAC,31.0,"[0, 7, 10, 14]",,,,348,Hamilton,iii,NESCAC,7.0,"[7, 0, 0, 0]",,,,,,,
401634154,2024,7,regular,2024-10-12T17:30:00.000Z,False,True,False,True,4248.0,3737.0,Gibbs Stadium,2747,Wofford,fcs,Southern,31.0,"[15, 0, 0, 16]",0.9561860199875338,,,2678,VMI,fcs,Southern,16.0,"[0, 3, 6, 7]",0.04381398001246617,,,7.2428040942,,,
401676362,2024,7,regular,2024-10-12T17:30:00.000Z,False,True,False,True,,6098.0,Dial-Roberson Stadium,427,Ohio Northern,iii,Ohio,30.0,"[3, 7, 7, 13]",,,,332,Muskingum,iii,Ohio,42.0,"[14, 7, 14, 7]",,,,,,,
401676302,2024,7,regular,2024-10-12T18:00:00.000Z,False,True,False,True,,6118.0,Birkelbach Field,2588,Southwestern U,iii,Southern Athletic,45.0,"[7, 28, 3, 7]",,,,2519,Rhodes,iii,Southern Athletic,22.0,"[0, 0, 14, 8]",,,,,,,
401654555,2024,7,regular,2024-10-12T18:00:00.000Z,False,True,False,False,5500.0,3862.0,O'Kelly-Riddick Stadium,2428,North Carolina Central,fcs,MEAC,68.0,"[33, 14, 14, 7]",0.9989667246959759,,,2355,Virginia Lynchburg,,,0.0,"[0, 0, 0, 0]",0.0010332753040240839,,,3.908346098,,,
401675574,2024,7,regular,2024-10-12T18:00:00.000Z,False,True,False,True,,5945.0,Wildcat Stadium (GA),2232,Fort Valley State,ii,SIAC,49.0,"[0, 35, 7, 7]",,,,2019,Allen,ii,SIAC,40.0,"[6, 7, 13, 14]",,,,,,,
401632463,2024,7,regular,2024-10-12T18:00:00.000Z,False,True,False,True,6927.0,3868.0,Paladin Stadium,231,Furman,fcs,Southern,10.0,"[3, 0, 0, 7]",0.0005657531691986466,,,236,Chattanooga,fcs,Southern,41.0,"[7, 13, 21, 0]",0.9994342468308014,,,2.5506193673,,,
401633988,2024,7,regular,2024-10-12T18:00:00.000Z,False,True,False,True,2765.0,3749.0,Hunter Stadium,2815,Lindenwood,fcs,Big South-OVC,29.0,"[10, 10, 3, 6]",0.9789442746545287,,,2127,Charleston Southern,fcs,Big South-OVC,14.0,"[0, 14, 0, 0]",0.021055725345471288,,,6.2222707603,,,
401638670,2024,7,regular,2024-10-12T18:00:00.000Z,False,True,False,True,8285.0,3774.0,Jayne Stadium,2413,Morehead State,fcs,Pioneer,14.0,"[0, 7, 0, 7]",0.9639087544287815,,,2506,Presbyterian,fcs,Pioneer,7.0,"[0, 0, 0, 7]",0.036091245571218455,,,7.2192470136,,,
401675955,2024,7,regular,2024-10-12T18:00:00.000Z,False,True,False,True,,5916.0,Carson Park,2738,Wisconsin Eau Claire,iii,Wisconsin,41.0,"[7, 3, 21, 10]",,,,2743,Wisconsin Stevens Point,iii,Wisconsin,0.0,"[0, 0, 0, 0]",,,,,,,
401676071,2024,7,regular,2024-10-12T18:00:00.000Z,False,True,False,True,,6284.0,Village of Lisle-Benedictine University Sports Complex,2283,Benedictine (IL),iii,NACC,0.0,"[0, 0, 0, 0]",,,,2832,St. Norbert,iii,NACC,14.0,"[7, 7, 0, 0]",,,,,,,
401673386,2024,7,regular,2024-10-12T18:00:00.000Z,False,True,False,True,,6078.0,Pioneer Field (TN),2839,Tusculum,ii,South Atlantic,21.0,"[0, 7, 7, 7]",,,,2213,Emory & Henry,ii,South Atlantic,23.0,"[13, 0, 7, 3]",,,,,,,
401674596,2024,7,regular,2024-10-12T18:00:00.000Z,False,True,False,True,,5823.0,Clark Field,2141,Coe,iii,American Rivers,16.0,"[3, 0, 0, 0, 7, 6]",,,,2964,Central College,iii,American Rivers,13.0,"[0, 0, 3, 0, 7, 3]",,,,,,,
401675992,2024,7,regular,2024-10-12T18:00:00.000Z,False,True,False,True,,5827.0,Tomasini Stadium,409,Concordia (WI),iii,NACC,14.0,"[7, 0, 7, 0]",,,,2044,Aurora,iii,NACC,42.0,"[14, 28, 0, 0]",,,,,,,
401674587,2024,7,regular,2024-10-12T18:00:00.000Z,False,True,False,True,,5809.0,J. Leslie Rollins Stadium,63,Buena Vista,iii,American Rivers,21.0,"[0, 7, 7, 7]",,,,2685,Wartburg,iii,American Rivers,70.0,"[7, 35, 14, 14]",,,,,,,
401676397,2024,7,regular,2024-10-12T18:00:00.000Z,False,True,False,True,,5800.0,Jopson Athletic Complex,2079,Bridgewater,iii,Old Dominion,63.0,"[21, 21, 7, 14]",,,,2047,Averett,iii,Old Dominion,7.0,"[7, 0, 0, 0]",,,,,,,
401674973,2024,7,regular,2024-10-12T18:00:00.000Z,False,True,False,True,,5893.0,Hollingsworth Field,2968,Gustavus Adolphus,iii,Minnesota,51.0,"[17, 14, 7, 13]",,,,375,St. Scholastica,iii,Minnesota,13.0,"[0, 7, 6, 0]",,,,,,,
401674640,2024,7,regular,2024-10-12T18:00:00.000Z,False,True,False,True,,4463.0,Crusader Stadium,2371,Mary Hardin Baylor,iii,American Southwest,21.0,"[0, 0, 0, 21]",,,,2810,Hardin Simmons,iii,American Southwest,44.0,"[9, 21, 14, 0]",,,,,,,
401628651,2024,7,regular,2024-10-12T18:00:00.000Z,False,True,False,True,4315.0,3894.0,Rhodes Stadium,2210,Elon,fcs,CAA,10.0,"[10, 0, 0, 0]",0.395645634995934,,,160,New Hampshire,fcs,CAA,17.0,"[0, 7, 7, 3]",0.6043543650040659,,,5.7065902196,,,
401628652,2024,7,regular,2024-10-12T18:00:00.000Z,False,True,False,False,501.0,3991.0,"William Dick"""" Price Stadium""""",2450,Norfolk State,fcs,MEAC,23.0,"[0, 10, 6, 7]",,,,119,Towson,fcs,CAA,28.0,"[7, 7, 0, 14]",,,,,,,
401674649,2024,7,regular,2024-10-12T18:00:00.000Z,False,True,False,True,,5838.0,Ornelas Stadium,2194,East Texas Baptist,iii,American Southwest,42.0,"[14, 14, 0, 14]",,,,2758,Howard Payne,iii,American Southwest,33.0,"[13, 7, 7, 6]",,,,,,,
401674700,2024,7,regular,2024-10-12T18:00:00.000Z,False,True,False,True,,3922.0,Kenneth R. Gill Stadium,2700,McDaniel,iii,Centennial,6.0,"[0, 6, 0, 0]",,,,2422,Muhlenberg,iii,Centennial,34.0,"[7, 7, 0, 20]",,,,,,,
401674967,2024,7,regular,2024-10-12T18:00:00.000Z,False,True,False,True,,5825.0,Jake Christiansen Stadium,2152,Concordia (MN),iii,Minnesota,31.0,"[3, 21, 7, 0]",,,,2600,Saint John's (MN),iii,Minnesota,38.0,"[3, 21, 0, 14]",,,,,,,
401675030,2024,7,regular,2024-10-12T18:00:00.000Z,False,True,False,True,,5826.0,Concordia Stadium,2151,Concordia Chicago,iii,NACC,45.0,"[7, 7, 16, 15]",,,,2524,Rockford,iii,NACC,74.0,"[17, 14, 20, 23]",,,,,,,
401675037,2024,7,regular,2024-10-12T18:00:00.000Z,False,True,False,True,,3945.0,Strong Stadium,266,Beloit,iii,Midwest,0.0,"[0, 0, 0, 0]",,,,2155,Cornell (IA),iii,Midwest,28.0,"[0, 7, 7, 14]",,,,,,,
401675978,2024,7,regular,2024-10-12T18:00:00.000Z,False,True,False,True,,5911.0,Ralph E. Davis Pioneer Stadium,272,Wisconsin Platteville,iii,Wisconsin,28.0,"[0, 14, 14, 0]",,,,2723,Wisconsin River Falls,iii,Wisconsin,7.0,"[0, 0, 0, 7]",,,,,,,
401676137,2024,7,regular,2024-10-12T18:00:00.000Z,False,True,False,True,,5829.0,Old National Bank Stadium,509,Crown,iii,Upper Midwest,14.0,"[7, 0, 7, 0]",,,,446,Martin Luther,iii,Upper Midwest,30.0,"[14, 16, 0, 0]",,,,,,,
401689233,2024,7,regular,2024-10-12T18:00:00.000Z,False,True,False,True,,5861.0,Rosenbloom Field,65,Grinnell,iii,Midwest,7.0,"[0, 7, 0, 0]",,,,2919,Monmouth (IL),iii,Midwest,49.0,"[14, 21, 7, 7]",,,,,,,
401644685,2024,7,regular,2024-10-12T18:00:00.000Z,False,True,False,True,16903.0,3912.0,Rynearson Stadium,2199,Eastern Michigan,fbs,Mid-American,14.0,"[7, 0, 7, 0]",0.0010620786593712346,1310.0,1261.0,193,Miami (OH),fbs,Mid-American,38.0,"[7, 14, 0, 17]",0.9989379213406288,1437.0,1486.0,3.1111097465,,,
401673960,2024,7,regular,2024-10-12T18:00:00.000Z,False,True,False,True,,6093.0,Holmgren Athletic Complex,75,North Park,iii,CCIW,30.0,"[7, 3, 7, 13]",,,,32,Carroll (WI),iii,CCIW,26.0,"[10, 3, 7, 6]",,,,,,,
401675982,2024,7,regular,2024-10-12T18:00:00.000Z,False,True,False,True,,5120.0,J.J. Keller Field at Titan Stadium,271,Wisconsin Oshkosh,iii,Wisconsin,34.0,"[7, 7, 6, 14]",,,,2740,Wisconsin La Crosse,iii,Wisconsin,33.0,"[7, 23, 3, 0]",,,,,,,
401638668,2024,7,regular,2024-10-12T18:00:00.000Z,False,True,False,True,2571.0,3701.0,Drake Stadium,2181,Drake,fcs,Pioneer,27.0,"[0, 3, 10, 14]",0.9651752673055497,,,2086,Butler,fcs,Pioneer,17.0,"[0, 6, 3, 8]",0.0348247326944503,,,6.0039791984,,,
401674156,2024,7,regular,2024-10-12T18:00:00.000Z,False,True,False,True,,6054.0,Fred G. Hughes Stadium,2403,Missouri Southern State,ii,Mid America,30.0,"[3, 7, 6, 14]",,,,2214,Emporia State,ii,Mid America,49.0,"[7, 14, 7, 21]",,,,,,,
401658342,2024,7,regular,2024-10-12T18:00:00.000Z,False,True,True,True,,3844.0,Morris Field,127991,Roosevelt,ii,GLIAC,14.0,"[0, 7, 7, 0]",,,,129,Saginaw Valley State,ii,GLIAC,27.0,"[7, 13, 7, 0]",,,,,,,
401674114,2024,7,regular,2024-10-12T18:00:00.000Z,False,True,False,True,,4724.0,Audrey J. Walton Stadium at Vernon Kennedy Field,2118,Central Missouri,ii,Mid America,28.0,"[7, 7, 0, 14]",,,,137,Missouri Western,ii,Mid America,38.0,"[3, 11, 10, 14]",,,,,,,
401676337,2024,7,regular,2024-10-12T18:00:00.000Z,False,True,False,True,,5854.0,Hoernemann Stadium,191,Heidelberg,iii,Ohio,7.0,"[0, 7, 0, 0]",,,,317,Marietta,iii,Ohio,35.0,"[7, 21, 0, 7]",,,,,,,
401675413,2024,7,regular,2024-10-12T18:00:00.000Z,False,True,False,True,,3612.0,Alumni Memorial Stadium (NC),2940,Livingstone,ii,CIAA,24.0,"[3, 14, 7, 0]",,,,2220,Fayetteville State,ii,CIAA,19.0,"[3, 7, 0, 9]",,,,,,,
401675381,2024,7,regular,2024-10-12T18:00:00.000Z,False,True,False,True,,3904.0,Rogers Stadium (VA),330,Virginia State,ii,CIAA,38.0,"[7, 17, 14, 0]",,,,2075,Bowie State,ii,CIAA,17.0,"[0, 0, 10, 7]",,,,,,,
401674375,2024,7,regular,2024-10-12T18:00:00.000Z,False,True,False,True,,4440.0,Sox Harrison Stadium,2205,Edinboro,ii,Pennsylvania State Athletic,27.0,"[7, 7, 6, 7]",,,,2291,IU Pennsylvania,ii,Pennsylvania State Athletic,23.0,"[0, 12, 3, 8]",,,,,,,
401676636,2024,7,regular,2024-10-12T18:00:00.000Z,False,True,False,True,,5864.0,Robert E. Thorn Field,146,Grove City,iii,Presidents',17.0,"[0, 10, 7, 0]",,,,2102,Carnegie Mellon,iii,Presidents',10.0,"[3, 0, 7, 0]",,,,,,,
401675774,2024,7,regular,2024-10-12T18:00:00.000Z,False,True,False,True,,6033.0,Carl Smith Stadium,2842,UVA Wise,ii,South Atlantic,13.0,"[7, 3, 3, 0]",,,,129469,Anderson (SC),ii,South Atlantic,20.0,"[0, 7, 13, 0]",,,,,,,
401675837,2024,7,regular,2024-10-12T18:00:00.000Z,False,True,False,True,,6070.0,Bob Young Field,2894,Sioux Falls,ii,Northern Sun,35.0,"[0, 7, 14, 14]",,,,3066,Concordia St. Paul,ii,Northern Sun,21.0,"[0, 7, 7, 7]",,,,,,,
401674545,2024,7,regular,2024-10-12T18:00:00.000Z,False,True,False,True,,6030.0,Harms-Eischeid Stadium,389,Upper Iowa,ii,Great Lakes,38.0,"[10, 14, 0, 7, 7]",,,,2911,William Jewell,ii,Great Lakes,31.0,"[0, 6, 11, 14, 0]",,,,,,,
401677462,2024,7,regular,2024-10-12T18:00:00.000Z,False,True,True,False,,6210.0,Bruce R. Deaton Memorial Field,2615,Saint Xavier,,,45.0,"[10, 14, 14, 7]",,,,190,Defiance College,,,14.0,"[7, 7, 0, 0]",,,,,,,
401674227,2024,7,regular,2024-10-12T18:00:00.000Z,False,True,False,True,,6052.0,Herb Parker Stadium,568,Minot State,ii,Northern Sun,7.0,"[0, 0, 7, 0]",,,,2043,Augustana (SD),ii,Northern Sun,20.0,"[14, 0, 3, 3]",,,,,,,
401674728,2024,7,regular,2024-10-12T18:00:00.000Z,False,True,False,True,,5115.0,McCully Stadium,396,Wheaton (IL),iii,CCIW,42.0,"[7, 7, 14, 14]",,,,306,Illinois Wesleyan,iii,CCIW,21.0,"[0, 7, 6, 8]",,,,,,,
401676187,2024,7,regular,2024-10-12T18:00:00.000Z,False,True,False,True,,6079.0,Alumni Stadium (VT),2394,Middlebury,iii,NESCAC,32.0,"[7, 7, 9, 3, 6]",,,,2731,Williams,iii,NESCAC,29.0,"[7, 6, 10, 3, 3]",,,,,,,
401673950,2024,7,regular,2024-10-12T18:00:00.000Z,False,True,False,True,,5796.0,Charles D. Lindberg Stadium,2042,Augustana (IL),iii,CCIW,35.0,"[0, 14, 14, 7]",,,,72,Elmhurst,iii,CCIW,21.0,"[7, 7, 0, 7]",,,,,,,
401673253,2024,7,regular,2024-10-12T18:00:00.000Z,False,True,False,True,,5883.0,Marv Kay Stadium at Campbell Field,2146,Colorado School of Mines,ii,Rocky Mountain,45.0,"[14, 14, 14, 3]",,,,613,South Dakota Mines,ii,Rocky Mountain,20.0,"[3, 0, 3, 14]",,,,,,,
401674520,2024,7,regular,2024-10-12T18:00:00.000Z,False,True,False,True,,6047.0,Leemon Field,2816,McKendree,ii,Great Lakes,37.0,"[10, 17, 7, 3]",,,,2586,Southwest Baptist,ii,Great Lakes,14.0,"[0, 0, 7, 7]",,,,,,,
401674785,2024,7,regular,2024-10-12T18:00:00.000Z,False,True,False,True,,3614.0,Alumni Stadium (IN),2262,Hanover,iii,Heartland,37.0,"[13, 17, 7, 0]",,,,86,Rose Hulman,iii,Heartland,16.0,"[0, 9, 0, 7]",,,,,,,
401674953,2024,7,regular,2024-10-12T18:00:00.000Z,False,True,False,True,,5804.0,Royal Stadium,2802,Bethel (MN),iii,Minnesota,59.0,"[35, 10, 7, 7]",,,,2359,Macalester,iii,Minnesota,0.0,"[0, 0, 0, 0]",,,,,,,
401674733,2024,7,regular,2024-10-12T18:00:00.000Z,False,True,False,True,,6080.0,Frank M. Lindsay Field,74,Millikin,iii,CCIW,14.0,"[0, 0, 7, 7]",,,,3071,North Central College,iii,CCIW,70.0,"[35, 21, 0, 14]",,,,,,,
401674613,2024,7,regular,2024-10-12T18:00:00.000Z,False,True,False,True,,5923.0,Legacy Field in Carlson Stadium,67,Luther,iii,American Rivers,13.0,"[0, 6, 0, 7]",,,,263,Loras,iii,American Rivers,48.0,"[12, 15, 14, 7]",,,,,,,
401673969,2024,7,regular,2024-10-12T18:00:00.000Z,False,True,False,True,,5897.0,Francis Field (MO),143,Washington St. Louis,iii,CCIW,65.0,"[14, 21, 20, 10]",,,,2106,Carthage,iii,CCIW,16.0,"[7, 3, 6, 0]",,,,,,,
401673260,2024,7,regular,2024-10-12T18:00:00.000Z,False,True,False,True,,6059.0,Sanchez Family Stadium,2424,New Mexico Highlands,ii,Rocky Mountain,33.0,"[6, 6, 6, 15]",,,,2123,Chadron State,ii,Rocky Mountain,30.0,"[0, 10, 6, 14]",,,,,,,
401674960,2024,7,regular,2024-10-12T18:00:00.000Z,False,True,False,True,,5813.0,Klein Field at Manitou,133,St. Olaf,iii,Minnesota,19.0,"[0, 10, 7, 2]",,,,2101,Carleton,iii,Minnesota,13.0,"[0, 0, 7, 6]",,,,,,,
401674144,2024,7,regular,2024-10-12T18:00:00.000Z,False,True,False,True,,5878.0,Wantland Stadium,2122,Central Oklahoma,ii,Mid America,48.0,"[14, 10, 7, 17]",,,,138,Northwest Missouri State,ii,Mid America,20.0,"[0, 7, 10, 3]",,,,,,,
401674343,2024,7,regular,2024-10-12T18:00:00.000Z,False,True,False,True,,4435.0,Robert B. Redman Stadium,2071,Bloomsburg,ii,Pennsylvania State Athletic,0.0,"[0, 0, 0, 0]",,,,2188,East Stroudsburg,ii,Pennsylvania State Athletic,31.0,"[0, 17, 0, 14]",,,,,,,
401674619,2024,7,regular,2024-10-12T18:00:00.000Z,False,True,False,True,,3635.0,Bill Buxton Stadium,2564,Simpson (IA),iii,American Rivers,21.0,"[7, 14, 0, 0]",,,,6845,Nebraska Wesleyan,iii,American Rivers,14.0,"[0, 7, 0, 7]",,,,,,,
401638344,2024,7,regular,2024-10-12T18:30:00.000Z,False,True,False,True,6278.0,3704.0,E. J. Whitmire Stadium,2717,Western Carolina,fcs,Southern,30.0,"[7, 14, 3, 6]",0.7730989908476275,,,2643,The Citadel,fcs,Southern,16.0,"[0, 7, 7, 2]",0.22690100915237255,,,5.6015390644,,,
401676363,2024,7,regular,2024-10-12T18:30:00.000Z,False,True,False,True,,6081.0,Harper Davis Field,2398,Millsaps,iii,Southern Athletic,20.0,"[0, 0, 7, 13]",,,,2121,Centre,iii,Southern Athletic,24.0,"[7, 10, 7, 0]",,,,,,,
401675494,2024,7,regular,2024-10-12T19:00:00.000Z,False,True,False,True,,6061.0,Younts Stadium,2822,North Greenville,ii,Gulf South,24.0,"[14, 10, 0, 0]",,,,2673,Valdosta State,ii,Gulf South,32.0,"[2, 14, 6, 10]",,,,,,,
401675940,2024,7,regular,2024-10-12T19:00:00.000Z,False,True,False,True,,5900.0,Don and Nona Williams Stadium,2744,Wisconsin Stout,iii,Wisconsin,29.0,"[10, 13, 3, 3]",,,,2745,Wisconsin Whitewater,iii,Wisconsin,27.0,"[17, 3, 0, 7]",,,,,,,
401674829,2024,7,regular,2024-10-12T19:00:00.000Z,False,True,False,True,,5810.0,Coyer Field,2085,Buffalo State,iii,Liberty League,3.0,"[0, 0, 3, 0]",,,,174,Hobart,iii,Liberty League,31.0,"[7, 7, 0, 17]",,,,,,,
401654564,2024,7,regular,2024-10-12T19:00:00.000Z,False,True,False,True,8934.0,1905.0,DakotaDome,233,South Dakota,fcs,MVFC,42.0,"[7, 21, 14, 0]",0.9988431640977244,,,2460,Northern Iowa,fcs,MVFC,17.0,"[7, 3, 7, 0]",0.0011568359022755548,,,3.4659006104,,,
401634217,2024,7,regular,2024-10-12T19:00:00.000Z,False,True,False,True,19331.0,5237.0,Dana J. Dykhouse Stadium,2571,South Dakota State,fcs,MVFC,63.0,"[21, 14, 14, 14]",0.9989438714338736,,,2754,Youngstown State,fcs,MVFC,13.0,"[3, 7, 0, 3]",0.0010561285661263575,,,2.448555245,,,
401675116,2024,7,regular,2024-10-12T19:00:00.000Z,False,True,False,True,1825.0,4424.0,Husky Stadium,2277,Houston Christian,fcs,Southland,7.0,"[7, 0, 0, 0]",0.22223513136880949,,,2545,SE Louisiana,fcs,Southland,37.0,"[7, 13, 10, 7]",0.7777648686311905,,,3.9584283842,,,
401636384,2024,7,regular,2024-10-12T19:00:00.000Z,False,True,False,True,7580.0,3902.0,Eddie Robinson Stadium,2755,Grambling,fcs,SWAC,15.0,"[3, 3, 6, 3]",0.5162467234813265,,,2016,Alcorn State,fcs,SWAC,17.0,"[7, 7, 0, 3]",0.4837532765186735,,,8.531283177,,,
401634208,2024,7,regular,2024-10-12T19:00:00.000Z,False,True,False,True,9610.0,3913.0,Saluki Stadium,79,Southern Illinois,fcs,MVFC,3.0,"[0, 3, 0, 0]",0.0008466743996114254,,,2449,North Dakota State,fcs,MVFC,24.0,"[7, 7, 3, 7]",0.9991533256003886,,,3.5181307519,,,
401636348,2024,7,regular,2024-10-12T19:00:00.000Z,False,True,False,True,10427.0,4582.0,Hornet Stadium,2011,Alabama State,fcs,SWAC,54.0,"[13, 21, 10, 10]",0.9988930625391425,,,2400,Mississippi Valley State,fcs,SWAC,17.0,"[14, 3, 0, 0]",0.0011069374608575488,,,4.9550895641,,,
401675825,2024,7,regular,2024-10-12T19:00:00.000Z,False,True,False,True,,5780.0,Altra Federal Credit Union Stadium,2851,Winona State,ii,Northern Sun,48.0,"[10, 28, 10, 0]",,,,559,University of Mary,ii,Northern Sun,7.0,"[0, 0, 0, 7]",,,,,,,
401674429,2024,7,regular,2024-10-12T19:00:00.000Z,False,True,False,True,,3934.0,Southern Nazarene University Football Stadium,200,Southern Nazarene,ii,Great American,21.0,"[0, 0, 14, 7]",,,,2271,Henderson State,ii,Great American,48.0,"[20, 14, 14, 0]",,,,,,,
401654499,2024,7,regular,2024-10-12T19:00:00.000Z,False,True,False,False,2234.0,3777.0,Joe Walton Stadium,2523,Robert Morris,fcs,NEC,23.0,"[0, 3, 13, 7]",0.9765109362552913,,,2169,Delaware State,fcs,MEAC,0.0,"[0, 0, 0, 0]",0.023489063744708716,,,4.3473143242,,,
401674423,2024,7,regular,2024-10-12T19:00:00.000Z,False,True,False,True,,5885.0,First Security Stadium,2264,Harding,ii,Great American,62.0,"[21, 14, 6, 21]",,,,2823,Northwestern (OK),ii,Great American,0.0,"[0, 0, 0, 0]",,,,,,,
401673145,2024,7,regular,2024-10-12T19:00:00.000Z,False,True,False,True,,5866.0,Rex Stadium,2001,Adams State,ii,Rocky Mountain,10.0,"[0, 0, 10, 0]",,,,11,Colorado Mesa,ii,Rocky Mountain,52.0,"[3, 21, 14, 14]",,,,,,,
401675488,2024,7,regular,2024-10-12T19:00:00.000Z,False,True,False,True,,6053.0,Robinson-Hale Stadium,2401,Mississippi College,ii,Gulf South,0.0,"[0, 0, 0, 0]",,,,2695,West Alabama,ii,Gulf South,26.0,"[3, 13, 7, 3]",,,,,,,
401654513,2024,7,regular,2024-10-12T19:00:00.000Z,False,True,False,False,3584.0,3762.0,Hughes Stadium,2415,Morgan State,fcs,MEAC,24.0,"[0, 3, 14, 7]",,,,2771,Merrimack,fcs,FCS Independents,32.0,"[7, 13, 0, 12]",,,,,,,
401634254,2024,7,regular,2024-10-12T19:00:00.000Z,False,True,False,True,19727.0,3809.0,Louis Crews Stadium,2010,Alabama A&M,fcs,SWAC,56.0,"[7, 21, 14, 14]",0.99885366123295,,,2065,Bethune-Cookman,fcs,SWAC,12.0,"[0, 6, 6, 0]",0.001146338767049948,,,3.7952789349,,,
401634030,2024,7,regular,2024-10-12T19:00:00.000Z,False,True,False,True,4737.0,3963.0,Harry Turpin Stadium,2466,Northwestern State,fcs,Southland,21.0,"[7, 0, 0, 14]",0.28379310060823215,,,2837,East Texas A&M,fcs,Southland,42.0,"[14, 7, 14, 7]",0.7162068993917678,,,3.3506600559,,,
401675608,2024,7,regular,2024-10-12T19:00:00.000Z,False,True,False,True,,6044.0,Lane Field,2323,Lane College,ii,SIAC,17.0,"[7, 10, 0, 0]",,,,2657,Tuskegee,ii,SIAC,27.0,"[7, 14, 0, 6]",,,,,,,
401674631,2024,7,regular,2024-10-12T19:00:00.000Z,False,True,True,True,,3877.0,Pioneer Stadium,101161,Lyon,iii,Southern Collegiate Athletic,17.0,"[0, 10, 7, 0]",,,,2045,Austin,iii,Southern Collegiate Athletic,35.0,"[7, 7, 14, 7]",,,,,,,
401674182,2024,7,regular,2024-10-12T19:00:00.000Z,False,True,False,True,,6057.0,Ron & Carol Cope Stadium at Foster Field,2438,Nebraska Kearney,ii,Mid America,10.0,"[0, 7, 3, 0]",,,,90,Pittsburg State,ii,Mid America,20.0,"[3, 10, 7, 0]",,,,,,,
401673155,2024,7,regular,2024-10-12T19:00:00.000Z,False,True,False,True,,5877.0,Lyle Hare Stadium,2069,Black Hills State,ii,Rocky Mountain,14.0,"[7, 0, 7, 0]",,,,2714,Western Colorado,ii,Rocky Mountain,35.0,"[7, 21, 0, 7]",,,,,,,
401674405,2024,7,regular,2024-10-12T19:00:00.000Z,False,True,False,True,,5871.0,Convoy Leslie Cotton Boll Stadium,2028,Arkansas Monticello,ii,Great American,0.0,"[0, 0, 0, 0]",,,,199,Southeastern Oklahoma State,ii,Great American,27.0,"[0, 7, 7, 13]",,,,,,,
401675565,2024,7,regular,2024-10-12T19:00:00.000Z,False,True,False,True,,6027.0,Albert J. H. Sloan - Alumni Stadium,2396,Miles,ii,SIAC,32.0,"[14, 6, 6, 6]",,,,2013,Albany State,ii,SIAC,21.0,"[0, 7, 7, 7]",,,,,,,
401643732,2024,7,regular,2024-10-12T19:30:00.000Z,False,True,False,True,23155.0,3984.0,War Memorial Stadium,2751,Wyoming,fbs,Mountain West,24.0,"[7, 7, 3, 7]",0.06401850648385274,1286.0,1285.0,21,San Diego State,fbs,Mountain West,27.0,"[10, 7, 0, 10]",0.9359814935161472,1343.0,1344.0,10.4092775134,,,
401635578,2024,7,regular,2024-10-12T19:30:00.000Z,False,True,False,True,32688.0,3923.0,Scott Stadium,258,Virginia,fbs,ACC,20.0,"[7, 0, 6, 7]",0.03742634144200225,1412.0,1424.0,97,Louisville,fbs,ACC,24.0,"[0, 7, 10, 7]",0.9625736585579977,1707.0,1695.0,6.6794409164,,,
401644744,2024,7,regular,2024-10-12T19:30:00.000Z,False,True,False,True,9559.0,3700.0,Doyt L. Perry Stadium,189,Bowling Green,fbs,Mid-American,7.0,"[7, 0, 0, 0]",0.04975983510212746,1424.0,1406.0,2459,Northern Illinois,fbs,Mid-American,17.0,"[3, 3, 0, 11]",0.9502401648978726,1452.0,1470.0,6.1012555101,,,
401645341,2024,7,regular,2024-10-12T19:30:00.000Z,False,True,True,True,3365.0,4013.0,Camping World Stadium,58,South Florida,fbs,American Athletic,3.0,"[0, 3, 0, 0]",0.08555942373820803,1336.0,1325.0,235,Memphis,fbs,American Athletic,21.0,"[14, 0, 0, 7]",0.914440576261792,1598.0,1609.0,3.1570242762,,,
401643805,2024,7,regular,2024-10-12T19:30:00.000Z,False,True,False,True,12280.0,4246.0,Center Parc Stadium,2247,Georgia State,fbs,Sun Belt,14.0,"[0, 7, 0, 7]",0.00473580660101157,1325.0,1315.0,295,Old Dominion,fbs,Sun Belt,21.0,"[7, 0, 7, 7]",0.9952641933989884,1369.0,1379.0,6.2593362665,,,
401628516,2024,7,regular,2024-10-12T19:30:00.000Z,False,True,False,True,75250.0,477.0,Los Angeles Memorial Coliseum,30,USC,fbs,Big Ten,30.0,"[7, 13, 3, 7, 0]",0.20837337912491963,1759.0,1763.0,213,Penn State,fbs,Big Ten,33.0,"[3, 3, 14, 10, 3]",0.7916266208750804,1901.0,1897.0,8.3940337001,,,
401628390,2024,7,regular,2024-10-12T19:30:00.000Z,False,True,True,True,92100.0,499.0,Cotton Bowl,201,Oklahoma,fbs,SEC,3.0,"[3, 0, 0, 0]",0.06185499673879433,1827.0,1780.0,251,Texas,fbs,SEC,34.0,"[0, 21, 3, 10]",0.9381450032612056,2091.0,2138.0,3.020050815,,Allstate Red River Rivalry,
401628981,2024,7,regular,2024-10-12T19:30:00.000Z,False,True,False,False,77622.0,3855.0,Notre Dame Stadium,87,Notre Dame,fbs,FBS Independents,49.0,"[7, 14, 21, 7]",0.9986558260894001,1994.0,2026.0,24,Stanford,fbs,ACC,7.0,"[7, 0, 0, 0]",0.0013441739105999329,1261.0,1229.0,4.7673246003,,,
401636895,2024,7,regular,2024-10-12T19:30:00.000Z,False,True,False,True,42611.0,3652.0,FBC Mortgage Stadium,2116,UCF,fbs,Big 12,13.0,"[0, 3, 7, 3]",0.9084805679531813,1510.0,1501.0,2132,Cincinnati,fbs,Big 12,19.0,"[3, 7, 3, 6]",0.09151943204681867,1529.0,1538.0,6.3428883403,,,
401634137,2024,7,regular,2024-10-12T19:30:00.000Z,False,True,False,True,8013.0,5400.0,William B. Greene Jr. Stadium,2193,East Tennessee State,fcs,Southern,31.0,"[7, 7, 7, 10]",0.906407575221784,,,2535,Samford,fcs,Southern,28.0,"[14, 7, 7, 0]",0.09359242477821605,,,9.0545806593,,,
401634147,2024,7,regular,2024-10-12T19:30:00.000Z,False,True,False,False,8143.0,4417.0,Five Star Stadium at the Moye Complex,2382,Mercer,fcs,Southern,34.0,"[17, 0, 3, 14]",0.9965645851542067,,,163,Princeton,fcs,Ivy,7.0,"[0, 7, 0, 0]",0.0034354148457933498,,,3.9303506834,,,
401635575,2024,7,regular,2024-10-12T19:30:00.000Z,False,True,False,True,49773.0,3752.0,Acrisure Stadium,221,Pittsburgh,fbs,ACC,17.0,"[7, 10, 0, 0]",0.46069799211883156,1512.0,1513.0,25,California,fbs,ACC,15.0,"[6, 3, 0, 6]",0.5393020078811684,1549.0,1548.0,7.8548971552,,,
401644742,2024,7,regular,2024-10-12T19:30:00.000Z,False,True,False,True,19507.0,3980.0,Waldo Stadium,2711,Western Michigan,fbs,Mid-American,34.0,"[0, 24, 7, 3]",0.5147599779693116,1217.0,1223.0,2006,Akron,fbs,Mid-American,24.0,"[10, 7, 7, 0]",0.4852400220306884,1055.0,1049.0,7.2173027465,,,
401643729,2024,7,regular,2024-10-12T19:30:00.000Z,False,True,False,True,27280.0,5388.0,Canvas Stadium,36,Colorado State,fbs,Mountain West,31.0,"[7, 7, 7, 10]",0.5713446702126063,1246.0,1277.0,23,San José State,fbs,Mountain West,24.0,"[7, 7, 0, 10]",0.42865532978739374,1594.0,1563.0,7.0620941823,,,
401628511,2024,7,regular,2024-10-12T19:30:00.000Z,False,True,False,True,55815.0,3832.0,"Memorial Stadium (Champaign, IL)",356,Illinois,fbs,Big Ten,50.0,"[10, 14, 3, 16, 7]",0.3115410769519463,1551.0,1541.0,2509,Purdue,fbs,Big Ten,49.0,"[0, 3, 17, 23, 6]",0.6884589230480537,1214.0,1224.0,5.786479558,,,
401676199,2024,7,regular,2024-10-12T20:00:00.000Z,False,True,False,True,,5821.0,Fritz B. Burns Stadium,17,Claremont Mudd Scripps,iii,So. Cal.,13.0,"[7, 3, 3, 0]",,,,411,Chapman,iii,So. Cal.,41.0,"[0, 14, 13, 14]",,,,,,,
401633991,2024,7,regular,2024-10-12T20:00:00.000Z,False,True,False,True,3264.0,3746.0,Hanson Field,2710,Western Illinois,fcs,Big South-OVC,17.0,"[3, 0, 0, 14]",0.0010219457055153322,,,2630,UT Martin,fcs,Big South-OVC,45.0,"[14, 14, 14, 3]",0.9989780542944847,,,2.2095456167,,,
401633990,2024,7,regular,2024-10-12T20:00:00.000Z,False,True,False,True,5220.0,7003.0,Houck Field,2546,Southeast Missouri State,fcs,Big South-OVC,34.0,"[0, 10, 7, 17]",0.9985053574219014,,,2635,Tennessee Tech,fcs,Big South-OVC,3.0,"[0, 0, 3, 0]",0.001494642578098615,,,6.0705616829,,,
401678917,2024,7,regular,2024-10-12T20:00:00.000Z,False,True,False,True,5134.0,3706.0,Eccles Coliseum,253,Southern Utah,fcs,UAC,42.0,"[7, 7, 14, 14]",0.9871765072436645,,,2198,Eastern Kentucky,fcs,UAC,21.0,"[0, 6, 8, 7]",0.012823492756335542,,,6.3104179781,,,
401675436,2024,7,regular,2024-10-12T20:00:00.000Z,False,True,False,True,,3729.0,"Frank ""Muddy"" Waters Stadium",2273,Hillsdale,ii,Great Midwest Athletic,35.0,"[7, 14, 7, 0, 7]",,,,2682,Walsh,ii,Great Midwest Athletic,36.0,"[0, 10, 3, 15, 8]",,,,,,,
401675464,2024,7,regular,2024-10-12T20:00:00.000Z,False,True,False,True,,3731.0,Frost-Kalnow Stadium,2838,Tiffin,ii,Great Midwest Athletic,31.0,"[0, 10, 14, 7]",,,,2477,Ohio Dominican,ii,Great Midwest Athletic,13.0,"[3, 0, 10, 0]",,,,,,,
401636893,2024,7,regular,2024-10-12T20:00:00.000Z,False,True,False,True,64420.0,3801.0,LaVell Edwards Stadium,252,BYU,fbs,Big 12,41.0,"[0, 14, 13, 14]",0.9548870029482884,1603.0,1665.0,12,Arizona,fbs,Big 12,19.0,"[7, 0, 3, 9]",0.04511299705171157,1678.0,1616.0,5.9837855097,,,
401673266,2024,7,regular,2024-10-12T20:00:00.000Z,False,True,False,True,,5944.0,Ray Dennison Memorial Field,2237,Fort Lewis,ii,Rocky Mountain,24.0,"[7, 7, 7, 3]",,,,2570,CSU Pueblo,ii,Rocky Mountain,58.0,"[0, 13, 17, 28]",,,,,,,
401676288,2024,7,regular,2024-10-12T20:00:00.000Z,False,True,False,True,,5119.0,Maxwell Field,203,Linfield,iii,Northwest,47.0,"[13, 10, 7, 17]",,,,2333,Lewis & Clark,iii,Northwest,14.0,"[14, 0, 0, 0]",,,,,,,
401676322,2024,7,regular,2024-10-12T20:00:00.000Z,False,True,False,True,,6148.0,The Pine Bowl,2721,Whitworth,iii,Northwest,48.0,"[7, 28, 10, 3]",,,,2930,Willamette,iii,Northwest,0.0,"[0, 0, 0, 0]",,,,,,,
401644746,2024,7,regular,2024-10-12T20:00:00.000Z,False,True,False,True,22437.0,3786.0,Kelly/Shorts Stadium,2117,Central Michigan,fbs,Mid-American,25.0,"[0, 0, 8, 17]",0.3825064856677301,1180.0,1189.0,195,Ohio,fbs,Mid-American,27.0,"[3, 21, 0, 3]",0.61749351433227,1414.0,1405.0,3.9729999858,,,
401675479,2024,7,regular,2024-10-12T20:00:00.000Z,False,True,True,True,,10803.0,Pen-Air Field,110242,West Florida,ii,Gulf South,40.0,"[13, 14, 0, 13]",,,,2170,Delta State,ii,Gulf South,28.0,"[7, 7, 7, 7]",,,,,,,
401674353,2024,7,regular,2024-10-12T20:00:00.000Z,False,True,False,True,,3859.0,Offutt Field,611,Seton Hill,ii,Pennsylvania State Athletic,21.0,"[0, 7, 7, 7]",,,,2858,California (PA),ii,Pennsylvania State Athletic,28.0,"[0, 14, 7, 7]",,,,,,,
401634099,2024,7,regular,2024-10-12T20:00:00.000Z,False,True,False,True,26229.0,3987.0,Washington-Grizzly Stadium,149,Montana,fcs,Big Sky,31.0,"[3, 0, 14, 14]",0.8803783631921562,,,2464,Northern Arizona,fcs,Big Sky,20.0,"[7, 6, 7, 0]",0.11962163680784377,,,6.8486953085,,,
401675118,2024,7,regular,2024-10-12T20:00:00.000Z,False,True,False,True,8368.0,3882.0,Provost Umphrey Stadium,2320,Lamar,fcs,Southland,20.0,"[0, 7, 6, 7]",0.14518374344891732,,,2617,Stephen F. Austin,fcs,Southland,27.0,"[10, 3, 14, 0]",0.8548162565510826,,,4.8509674809,,,
401675532,2024,7,regular,2024-10-12T20:05:00.000Z,False,True,False,True,,5783.0,McArthur Field,2848,Western Oregon,ii,Lone Star,49.0,"[14, 14, 14, 7]",,,,2201,Eastern New Mexico,ii,Lone Star,20.0,"[7, 3, 3, 7]",,,,,,,
401628386,2024,7,regular,2024-10-12T20:15:00.000Z,False,True,False,True,93033.0,3917.0,Sanford Stadium,61,Georgia,fbs,SEC,41.0,"[10, 17, 7, 7]",0.9860373811833222,2033.0,2009.0,344,Mississippi State,fbs,SEC,31.0,"[3, 7, 14, 7]",0.013962618816677819,1371.0,1395.0,4.7759123974,,,
401676422,2024,7,regular,2024-10-12T20:30:00.000Z,False,True,False,True,,5803.0,Bison Stadium,2062,Bethany (WV),iii,Presidents',7.0,"[0, 7, 0, 0]",,,,2849,Westminster (PA),iii,Presidents',49.0,"[14, 0, 7, 28]",,,,,,,
401675444,2024,7,regular,2024-10-12T21:00:00.000Z,False,True,False,True,,5263.0,Steele Stadium,2316,Kentucky Wesleyan,ii,Great Midwest Athletic,23.0,"[6, 10, 7, 0]",,,,437,Lake Erie,ii,Great Midwest Athletic,29.0,"[0, 6, 0, 23]",,,,,,,
401674234,2024,7,regular,2024-10-12T21:00:00.000Z,False,True,False,True,,5870.0,Thone Stadium at Buerkle Field,2033,Arkansas Tech,ii,Great American,29.0,"[2, 6, 7, 14]",,,,2927,Southwestern Oklahoma State,ii,Great American,19.0,"[6, 6, 0, 7]",,,,,,,
401643807,2024,7,regular,2024-10-12T21:00:00.000Z,False,True,False,True,22645.0,3817.0,Malone Stadium,2433,UL Monroe,fbs,Sun Belt,38.0,"[7, 7, 3, 21]",0.997794711057732,1247.0,1272.0,2572,Southern Miss,fbs,Sun Belt,21.0,"[3, 3, 8, 7]",0.0022052889422680133,1120.0,1095.0,7.4434294551,,,
401632136,2024,7,regular,2024-10-12T21:00:00.000Z,False,True,False,True,4630.0,3711.0,Estes Stadium,2110,Central Arkansas,fcs,UAC,34.0,"[7, 14, 13, 0]",0.7552082330081155,,,2698,West Georgia,fcs,UAC,33.0,"[3, 7, 10, 13]",0.24479176699188454,,,5.7582325078,,,
401674502,2024,7,regular,2024-10-12T22:00:00.000Z,False,True,False,True,,6040.0,Key Stadium,2292,Indianapolis,ii,Great Lakes,47.0,"[14, 10, 10, 13]",,,,2825,Quincy,ii,Great Lakes,10.0,"[10, 0, 0, 0]",,,,,,,
401634058,2024,7,regular,2024-10-12T22:00:00.000Z,False,True,False,True,5618.0,1930.0,Holt Arena,304,Idaho State,fcs,Big Sky,38.0,"[10, 21, 0, 7]",0.15525957155286385,,,2502,Portland State,fcs,Big Sky,42.0,"[7, 14, 14, 7]",0.8447404284471361,,,8.2315657742,,,
401633989,2024,7,regular,2024-10-12T22:00:00.000Z,False,True,False,True,7875.0,3810.0,Nissan Stadium,2634,Tennessee State,fcs,Big South-OVC,41.0,"[0, 20, 14, 7]",0.9545715046532826,,,2197,Eastern Illinois,fcs,Big South-OVC,17.0,"[0, 10, 7, 0]",0.045428495346717446,,,7.1706409521,,,
401676239,2024,7,regular,2024-10-12T22:00:00.000Z,False,True,False,True,,6085.0,Sprague Field,2818,Montclair State,iii,New Jersey,13.0,"[0, 7, 0, 6]",,,,2871,Kean,iii,New Jersey,16.0,"[14, 0, 0, 2]",,,,,,,
401675616,2024,7,regular,2024-10-12T22:00:00.000Z,False,True,False,False,,3952.0,Ted Wright Stadium,2542,Savannah State,ii,SIAC,30.0,"[7, 10, 13, 0]",,,,124179,Lincoln (CA),ii,Independent DII,18.0,"[0, 0, 12, 6]",,,,,,,
401675757,2024,7,regular,2024-10-12T22:00:00.000Z,False,True,False,True,,5781.0,Irwin Belk Stadium,351,Wingate,ii,South Atlantic,50.0,"[10, 23, 17, 0]",,,,122666,Barton,ii,South Atlantic,0.0,"[0, 0, 0, 0]",,,,,,,
401675842,2024,7,regular,2024-10-12T22:00:00.000Z,False,True,False,True,,6072.0,Schwan Regional Event Center,2587,Southwest Minnesota State,ii,Northern Sun,7.0,"[0, 7, 0, 0]",,,,2844,Wayne State (NE),ii,Northern Sun,41.0,"[7, 7, 14, 13]",,,,,,,
401676150,2024,7,regular,2024-10-12T22:00:00.000Z,False,True,False,True,,3733.0,Garcelon Field,121,Bates,iii,NESCAC,22.0,"[7, 0, 8, 7]",,,,112,Tufts,iii,NESCAC,45.0,"[7, 21, 3, 14]",,,,,,,
401675766,2024,7,regular,2024-10-12T22:00:00.000Z,False,True,False,True,,5122.0,Shuford Stadium,2107,Catawba,ii,South Atlantic,33.0,"[7, 6, 7, 7, 3, 3]",,,,2336,Limestone,ii,South Atlantic,36.0,"[14, 10, 0, 3, 3, 6]",,,,,,,
401676055,2024,7,regular,2024-10-12T22:00:00.000Z,False,True,False,True,,5807.0,Brevard Memorial Stadium,2913,Brevard,iii,USA South,42.0,"[28, 7, 0, 7]",,,,2256,Greensboro,iii,USA South,9.0,"[0, 3, 0, 6]",,,,,,,
401674659,2024,7,regular,2024-10-12T22:00:00.000Z,False,True,True,True,,10465.0,Mayo Field,101442,Centenary (LA),iii,Southern Collegiate Athletic,10.0,"[3, 0, 0, 7]",,,,241,McMurry,iii,Southern Collegiate Athletic,28.0,"[6, 8, 14, 0]",,,,,,,
401645343,2024,7,regular,2024-10-12T23:00:00.000Z,False,True,False,True,14576.0,3715.0,FAU Stadium,2226,Florida Atlantic,fbs,American Athletic,37.0,"[7, 20, 7, 3]",0.9641209152573771,1275.0,1280.0,249,North Texas,fbs,American Athletic,41.0,"[14, 3, 10, 14]",0.03587908474262291,1464.0,1459.0,8.8765236442,,,
401675516,2024,7,regular,2024-10-12T23:00:00.000Z,False,True,False,True,,5869.0,LeGrand Stadium at 1st Community Credit Union Field,2025,Angelo State,ii,Lone Star,38.0,"[14, 7, 14, 3]",,,,2658,Texas A&M-Kingsville,ii,Lone Star,0.0,"[0, 0, 0, 0]",,,,,,,
401676640,2024,7,regular,2024-10-12T23:00:00.000Z,False,True,False,True,,3671.0,Case Field,2963,Case Western Reserve,iii,Presidents',49.0,"[14, 21, 7, 7]",,,,2614,Saint Vincent,iii,Presidents',0.0,"[0, 0, 0, 0]",,,,,,,
401674562,2024,7,regular,2024-10-12T23:00:00.000Z,False,True,False,True,,3811.0,Lubbers Stadium,125,Grand Valley State,ii,GLIAC,49.0,"[14, 14, 7, 14]",,,,128,Northern Michigan,ii,GLIAC,17.0,"[0, 3, 7, 7]",,,,,,,
401676281,2024,7,regular,2024-10-12T23:00:00.000Z,False,True,False,True,,5850.0,Stoffer Family Stadium,415,George Fox,iii,Northwest,40.0,"[13, 17, 3, 7]",,,,2508,Puget Sound,iii,Northwest,14.0,"[0, 7, 0, 7]",,,,,,,
401676317,2024,7,regular,2024-10-12T23:00:00.000Z,False,True,False,True,,6153.0,Hanson Stadium,205,Pacific (OR),iii,Northwest,18.0,[],,,,2486,Pacific Lutheran,iii,Northwest,34.0,[],,,,,,,
401674530,2024,7,regular,2024-10-12T23:00:00.000Z,False,True,False,True,,6077.0,Stokes Stadium,2654,Truman State,ii,Great Lakes,48.0,"[21, 10, 14, 3]",,,,2402,Missouri S&T,ii,Great Lakes,17.0,"[0, 3, 0, 14]",,,,,,,
401675009,2024,7,regular,2024-10-12T23:00:00.000Z,False,True,False,True,,6109.0,Ingalls Field,2891,Ripon,iii,Midwest,24.0,"[7, 7, 0, 10]",,,,255,Knox,iii,Midwest,17.0,"[0, 3, 7, 7]",,,,,,,
401643808,2024,7,regular,2024-10-12T23:00:00.000Z,False,True,False,True,28000.0,3644.0,Bobcat Stadium (TX),326,Texas State,fbs,Sun Belt,41.0,"[14, 3, 14, 10]",0.9989243249265435,1584.0,1639.0,2032,Arkansas State,fbs,Sun Belt,9.0,"[3, 6, 0, 0]",0.0010756750734565168,1317.0,1262.0,6.4407139338,,,
401632113,2024,7,regular,2024-10-12T23:00:00.000Z,False,True,False,True,9918.0,4133.0,Braly Municipal Stadium,2453,North Alabama,fcs,UAC,47.0,"[20, 0, 13, 14]",0.9923453723196828,,,2000,Abilene Christian,fcs,UAC,34.0,"[14, 13, 7, 0]",0.007654627680317216,,,7.54026109,,,
401628391,2024,7,regular,2024-10-12T23:00:00.000Z,False,True,False,True,101915.0,3853.0,Neyland Stadium,2633,Tennessee,fbs,SEC,23.0,"[0, 0, 10, 7, 6]",0.7931088508179842,1947.0,1936.0,57,Florida,fbs,SEC,17.0,"[3, 0, 7, 7, 0]",0.2068911491820158,1537.0,1548.0,7.2760140012,,,
401643727,2024,7,regular,2024-10-12T23:00:00.000Z,False,True,False,True,15561.0,3971.0,University Stadium (NM),167,New Mexico,fbs,Mountain West,52.0,"[7, 21, 17, 7]",0.42925120003031486,1228.0,1271.0,2005,Air Force,fbs,Mountain West,37.0,"[3, 14, 0, 20]",0.5707487999696852,1353.0,1310.0,3.8889638923,,,
401632114,2024,7,regular,2024-10-12T23:00:00.000Z,False,True,False,True,22018.0,3827.0,"Memorial Stadium (Stephenville, TX)",2627,Tarleton State,fcs,UAC,42.0,"[28, 14, 0, 0]",0.9989710028342308,,,3101,Utah Tech,fcs,UAC,0.0,"[0, 0, 0, 0]",0.0010289971657692076,,,2.0130838636,,,
401674513,2024,7,regular,2024-10-12T23:00:00.000Z,False,True,False,False,,6062.0,Gable Field at Doc Wadley Stadium,196,Northeastern State,ii,Independent DII,55.0,"[20, 21, 14, 0]",,,,2876,Lincoln (MO),ii,Great Lakes,7.0,"[7, 0, 0, 0]",,,,,,,
401634019,2024,7,regular,2024-10-12T23:00:00.000Z,False,True,False,True,1801.0,3734.0,Gayle and Tom Benson Stadium,2916,Incarnate Word,fcs,Southland,55.0,"[14, 14, 14, 13]",0.9905565022703819,,,2447,Nicholls,fcs,Southland,10.0,"[3, 7, 0, 0]",0.009443497729618056,,,4.0623938121,,,
401654547,2024,7,regular,2024-10-12T23:00:00.000Z,False,True,False,True,14007.0,3631.0,BBVA Compass Stadium,2640,Texas Southern,fcs,SWAC,19.0,"[0, 14, 0, 5, 0]",,,,2582,Southern,fcs,SWAC,22.0,"[0, 0, 12, 7, 3]",,,,,,,
401634056,2024,7,regular,2024-10-12T23:00:00.000Z,False,True,False,True,10515.0,3602.0,Aggie Stadium,302,UC Davis,fcs,Big Sky,56.0,"[28, 14, 7, 7]",0.9989651216916031,,,13,Cal Poly,fcs,Big Sky,10.0,"[3, 7, 0, 0]",0.0010348783083968804,,,2.7042549514,,,
401675288,2024,7,regular,2024-10-12T23:00:00.000Z,False,True,False,True,,4757.0,Edwards-Maurer Field,2746,Wittenberg,iii,North Coast,17.0,"[0, 7, 3, 7]",,,,2980,Ohio Wesleyan,iii,North Coast,6.0,"[0, 0, 6, 0]",,,,,,,
401645344,2024,7,regular,2024-10-12T23:00:00.000Z,False,True,False,True,18660.0,3895.0,Rice Stadium,242,Rice,fbs,American Athletic,29.0,"[0, 9, 14, 6]",0.6286843240968248,1219.0,1222.0,2636,UTSA,fbs,American Athletic,27.0,"[0, 10, 3, 14]",0.37131567590317516,1374.0,1371.0,7.4202433524,,,
401673449,2024,7,regular,2024-10-12T23:00:00.000Z,False,True,False,True,,5858.0,England Stadium,2286,Illinois College,iii,Midwest,50.0,"[21, 13, 3, 13]",,,,80,Chicago,iii,Midwest,37.0,"[17, 7, 7, 6]",,,,,,,
401643730,2024,7,regular,2024-10-12T23:00:00.000Z,False,True,False,False,41031.0,3660.0,Valley Children's Stadium,278,Fresno State,fbs,Mountain West,17.0,"[7, 0, 7, 3]",0.40267405483796054,1518.0,1505.0,265,Washington State,fbs,Pac-12,25.0,"[13, 0, 3, 9]",0.5973259451620394,1550.0,1563.0,5.9016419656,,,
401675280,2024,7,regular,2024-10-12T23:00:00.000Z,False,True,False,True,,6127.0,John P. Papp Stadium,2748,Wooster,iii,North Coast,30.0,"[6, 10, 0, 14]",,,,2171,Denison,iii,North Coast,48.0,"[10, 14, 21, 3]",,,,,,,
401628388,2024,7,regular,2024-10-12T23:30:00.000Z,False,True,False,True,102212.0,3958.0,Tiger Stadium (LA),99,LSU,fbs,SEC,29.0,"[0, 13, 3, 7, 6]",0.26681076882312127,1874.0,1875.0,145,Ole Miss,fbs,SEC,26.0,"[0, 17, 3, 3, 3]",0.7331892311768787,1906.0,1905.0,8.6586387449,,,
401643806,2024,7,regular,2024-10-12T23:30:00.000Z,False,True,False,True,14058.0,3666.0,Cajun Field,309,Louisiana,fbs,Sun Belt,34.0,"[3, 14, 3, 14]",0.9365368199640138,1523.0,1527.0,2026,App State,fbs,Sun Belt,24.0,"[0, 14, 3, 7]",0.06346318003598617,1334.0,1330.0,8.0453459026,,,
401628515,2024,7,regular,2024-10-12T23:30:00.000Z,False,True,False,True,60129.0,3626.0,Autzen Stadium,2483,Oregon,fbs,Big Ten,32.0,"[6, 16, 0, 10]",0.182106615223062,1971.0,1975.0,194,Ohio State,fbs,Big Ten,31.0,"[7, 14, 7, 3]",0.817893384776938,2080.0,2076.0,8.0652480128,,,
401643731,2024,7,regular,2024-10-12T23:30:00.000Z,False,True,False,False,21541.0,3816.0,Mackay Stadium,2440,Nevada,fbs,Mountain West,42.0,"[7, 7, 7, 21]",0.9836714649264696,1235.0,1257.0,204,Oregon State,fbs,Pac-12,37.0,"[7, 10, 7, 13]",0.01632853507353038,1609.0,1587.0,6.1530453858,,,
401628387,2024,7,regular,2024-10-12T23:45:00.000Z,False,True,False,True,62120.0,3683.0,Kroger Field,96,Kentucky,fbs,SEC,13.0,"[0, 7, 0, 6]",0.3874286012685711,1686.0,1645.0,238,Vanderbilt,fbs,SEC,20.0,"[7, 7, 3, 3]",0.612571398731429,1359.0,1400.0,4.0517060383,,,
401634101,2024,7,regular,2024-10-13T00:00:00.000Z,False,True,False,True,10345.0,3942.0,Stewart Stadium,2692,Weber State,fcs,Big Sky,17.0,"[7, 7, 3, 0]",0.6628808926156604,,,2458,Northern Colorado,fcs,Big Sky,21.0,"[0, 7, 7, 7]",0.3371191073843396,,,8.1709631524,,,
401675559,2024,7,regular,2024-10-13T00:00:00.000Z,False,True,False,True,,5884.0,Buffalo Stadium,2704,West Texas,ii,Lone Star,42.0,"[21, 0, 21, 0]",,,,2703,Western New Mexico,ii,Lone Star,17.0,"[7, 10, 0, 0]",,,,,,,
401635574,2024,7,regular,2024-10-13T00:00:00.000Z,False,True,False,True,56919.0,3670.0,Carter-Finley Stadium,152,NC State,fbs,ACC,17.0,"[0, 7, 0, 10]",0.9266980715866883,1473.0,1454.0,183,Syracuse,fbs,ACC,24.0,"[3, 7, 7, 7]",0.07330192841331173,1404.0,1423.0,3.9177136803,,,
401636896,2024,7,regular,2024-10-13T00:00:00.000Z,False,True,False,True,55202.0,3842.0,Milan Puskar Stadium,277,West Virginia,fbs,Big 12,16.0,"[7, 3, 0, 6]",0.3990910706499141,1610.0,1597.0,66,Iowa State,fbs,Big 12,28.0,"[0, 14, 0, 14]",0.6009089293500859,1760.0,1773.0,5.1948260351,,,
401643804,2024,7,regular,2024-10-13T00:00:00.000Z,False,True,False,True,24048.0,3608.0,Allen E. Paulson Stadium,290,Georgia Southern,fbs,Sun Belt,24.0,"[3, 0, 0, 21]",0.14621745082441648,1370.0,1371.0,276,Marshall,fbs,Sun Belt,23.0,"[6, 10, 7, 0]",0.8537825491755835,1394.0,1393.0,5.549789888,,,
401674163,2024,7,regular,2024-10-13T00:00:00.000Z,False,True,False,True,,5890.0,Lewis Field Stadium,2231,Fort Hays,ii,Mid America,38.0,"[7, 3, 14, 14]",,,,2687,Washburn,ii,Mid America,7.0,"[7, 0, 0, 0]",,,,,,,
401676179,2024,7,regular,2024-10-13T00:00:00.000Z,False,True,False,True,,5909.0,Ortmayer Stadium,2318,La Verne,iii,So. Cal.,17.0,"[0, 7, 7, 3]",,,,2094,Cal Lutheran,iii,So. Cal.,31.0,"[14, 7, 10, 0]",,,,,,,
401675541,2024,7,regular,2024-10-13T00:00:00.000Z,False,True,False,True,,6049.0,"Memorial Stadium (Wichita Falls, TX)",2395,Midwestern State,ii,Lone Star,40.0,"[13, 17, 10, 0]",,,,2834,Sul Ross State,ii,Lone Star,21.0,"[0, 7, 7, 7]",,,,,,,
401675525,2024,7,regular,2024-10-13T01:00:00.000Z,False,True,False,True,,5879.0,Tomlinson Stadium,2120,Central Washington,ii,Lone Star,13.0,"[7, 0, 6, 0]",,,,110243,UT Permian Basin,ii,Lone Star,14.0,"[0, 0, 7, 7]",,,,,,,
401634057,2024,7,regular,2024-10-13T01:00:00.000Z,False,True,False,True,14916.0,3757.0,Hornet Stadium,16,Sacramento State,fcs,Big Sky,28.0,"[7, 14, 0, 7]",0.1969457643286777,,,331,Eastern Washington,fcs,Big Sky,35.0,"[7, 7, 14, 7]",0.8030542356713223,,,3.7073131203,,,
401628514,2024,7,regular,2024-10-13T01:00:00.000Z,False,True,False,True,42012.0,1056.0,Rose Bowl,26,UCLA,fbs,Big Ten,17.0,"[7, 3, 0, 7]",0.7465767503234393,1453.0,1452.0,135,Minnesota,fbs,Big Ten,21.0,"[0, 0, 14, 7]",0.2534232496765607,1533.0,1534.0,7.5181060735,,,
401675928,2024,7,regular,2024-10-13T02:00:00.000Z,False,True,False,True,,6103.0,Merritt Field,2923,Pomona Pitzer,iii,So. Cal.,10.0,"[7, 0, 0, 3]",,,,29,Redlands,iii,So. Cal.,7.0,"[7, 0, 0, 0]",,,,,,,
401634100,2024,7,regular,2024-10-13T02:15:00.000Z,False,True,False,True,21907.0,3643.0,Bobcat Stadium,147,Montana State,fcs,Big Sky,38.0,"[14, 10, 7, 7]",0.9989551317200223,,,70,Idaho,fcs,Big Sky,7.0,"[0, 0, 0, 7]",0.0010448682799777398,,,2.9548972452,,,
401636894,2024,7,regular,2024-10-13T02:15:00.000Z,False,True,False,True,53972.0,3726.0,Folsom Field,38,Colorado,fbs,Big 12,28.0,"[7, 0, 7, 14]",0.16484188971234043,1479.0,1490.0,2306,Kansas State,fbs,Big 12,31.0,"[7, 7, 10, 7]",0.8351581102876595,1754.0,1743.0,5.4904680701,,,
401643728,2024,7,regular,2024-10-13T03:00:00.000Z,False,True,False,True,15194.0,7220.0,Clarence T.C. Ching Athletics Complex,62,Hawai'i,fbs,Mountain West,7.0,"[0, 7, 0, 0]",0.0008570178272357902,1215.0,1212.0,68,Boise State,fbs,Mountain West,28.0,"[10, 3, 0, 15]",0.9991429821727642,1708.0,1711.0,4.7514122487,,,
401674553,2024,7,regular,2024-10-13T15:00:00.000Z,False,True,False,True,,3600.0,Tom Adams Field,131,Wayne State (MI),ii,GLIAC,14.0,"[0, 0, 14, 0]",,,,2222,Ferris State,ii,GLIAC,27.0,"[3, 14, 7, 3]",,,,,,,
401675296,2024,7,regular,2024-10-13T16:00:00.000Z,False,True,False,True,,6096.0,Austin E. Knowlton Athletics Complex,391,Oberlin,iii,North Coast,0.0,"[0, 0, 0, 0]",,,,89,Wabash,iii,North Coast,52.0,"[28, 14, 7, 3]",,,,,,,
401643809,2024,8,regular,2024-10-15T23:30:00.000Z,False,True,False,True,25450.0,6526.0,Hancock Whitney Stadium,6,South Alabama,fbs,Sun Belt,25.0,"[3, 16, 6, 0]",0.9945437605484078,1584.0,1606.0,2653,Troy,fbs,Sun Belt,9.0,"[0, 3, 0, 6]",0.0054562394515922374,1454.0,1432.0,3.9580282947,,,
401641019,2024,8,regular,2024-10-16T00:00:00.000Z,False,True,False,True,10200.0,3725.0,"Johnny ""Red"" Floyd Stadium",2393,Middle Tennessee,fbs,Conference USA,14.0,"[7, 0, 7, 0]",0.9049817924550686,1116.0,1142.0,338,Kennesaw State,fbs,Conference USA,5.0,"[2, 0, 0, 3]",0.0950182075449314,1281.0,1255.0,6.9414266345,,,
401641010,2024,8,regular,2024-10-16T01:00:00.000Z,False,True,False,True,9671.0,3601.0,Aggie Memorial Stadium,166,New Mexico State,fbs,Conference USA,33.0,"[0, 10, 7, 7, 3, 6]",0.8718204039938436,1161.0,1164.0,2348,Louisiana Tech,fbs,Conference USA,30.0,"[0, 14, 0, 10, 3, 3]",0.12817959600615636,1288.0,1285.0,9.3626669943,,,
401641038,2024,8,regular,2024-10-16T23:00:00.000Z,False,True,False,True,8914.0,3647.0,Elliott T. Bowers Stadium,2534,Sam Houston,fbs,Conference USA,14.0,"[0, 14, 0, 0]",0.11889855219772984,1464.0,1422.0,98,Western Kentucky,fbs,Conference USA,31.0,"[7, 10, 0, 14]",0.8811014478022702,1454.0,1496.0,5.4621880902,,,
401640983,2024,8,regular,2024-10-17T01:00:00.000Z,False,True,False,True,11373.0,3946.0,Sun Bowl,2638,UTEP,fbs,Conference USA,30.0,"[3, 14, 3, 10]",0.9674477478290233,1137.0,1161.0,2229,Florida International,fbs,Conference USA,21.0,"[7, 7, 7, 0]",0.03255225217097668,1265.0,1241.0,8.2034186576,,,
401643810,2024,8,regular,2024-10-17T23:00:00.000Z,False,True,False,True,20703.0,3775.0,Joan C. Edwards Stadium,276,Marshall,fbs,Sun Belt,35.0,"[11, 14, 0, 10]",0.9758281058907349,1393.0,1417.0,2247,Georgia State,fbs,Sun Belt,20.0,"[0, 10, 7, 3]",0.024171894109265124,1315.0,1291.0,7.2140104615,,,
401634768,2024,8,regular,2024-10-17T23:30:00.000Z,False,True,False,True,65632.0,3799.0,Lane Stadium,259,Virginia Tech,fbs,ACC,42.0,"[14, 14, 0, 14]",0.9977482470947416,1644.0,1674.0,103,Boston College,fbs,ACC,21.0,"[0, 0, 21, 0]",0.002251752905258364,1448.0,1418.0,3.8724888286,,,
401654457,2024,8,regular,2024-10-18T23:00:00.000Z,False,True,False,True,4173.0,3881.0,Princeton University Stadium,163,Princeton,fcs,Ivy,29.0,"[12, 10, 0, 7]",0.9761317325748062,,,225,Brown,fcs,Ivy,17.0,"[0, 7, 7, 3]",0.023868267425193768,,,6.2156965581,,,
401634769,2024,8,regular,2024-10-18T23:00:00.000Z,False,True,False,True,30735.0,3982.0,Wallace Wade Stadium,150,Duke,fbs,ACC,23.0,"[7, 10, 3, 3]",0.909404387085186,1598.0,1604.0,52,Florida State,fbs,ACC,16.0,"[3, 3, 7, 3]",0.090595612914814,1532.0,1526.0,6.7798954406,,,
401675941,2024,8,regular,2024-10-18T23:00:00.000Z,False,True,False,True,,4854.0,Perkins Stadium,2745,Wisconsin Whitewater,iii,Wisconsin,66.0,"[21, 24, 7, 14]",,,,2743,Wisconsin Stevens Point,iii,Wisconsin,0.0,"[0, 0, 0, 0]",,,,,,,
401628523,2024,8,regular,2024-10-19T00:00:00.000Z,False,True,False,True,57463.0,3907.0,Ross-Ade Stadium,2509,Purdue,fbs,Big Ten,0.0,"[0, 0, 0, 0]",0.028372627967429485,1224.0,1212.0,2483,Oregon,fbs,Big Ten,35.0,"[14, 7, 0, 14]",0.9716273720325705,1975.0,1987.0,1.8239107218,,,
401636898,2024,8,regular,2024-10-19T02:15:00.000Z,False,True,False,True,62841.0,3801.0,LaVell Edwards Stadium,252,BYU,fbs,Big 12,38.0,"[7, 7, 14, 10]",0.22809458726106233,1665.0,1664.0,197,Oklahoma State,fbs,Big 12,35.0,"[7, 14, 0, 14]",0.7719054127389376,1489.0,1490.0,8.013022214,,,
401643735,2024,8,regular,2024-10-19T02:30:00.000Z,False,True,False,True,18319.0,3816.0,Mackay Stadium,2440,Nevada,fbs,Mountain West,21.0,"[7, 14, 0, 0]",0.3307928190088539,1257.0,1267.0,278,Fresno State,fbs,Mountain West,24.0,"[3, 14, 7, 0]",0.6692071809911462,1505.0,1495.0,6.5051562633,,,
401654597,2024,8,regular,2024-10-19T16:00:00.000Z,False,True,False,True,,3777.0,Joe Walton Stadium,2523,Robert Morris,fcs,NEC,45.0,"[10, 13, 7, 15]",0.36201849185115753,,,2341,Long Island University,fcs,NEC,31.0,"[7, 3, 14, 7]",0.6379815081488425,,,6.755574618,,,
401643811,2024,8,regular,2024-10-19T16:00:00.000Z,False,True,False,True,17812.0,3654.0,Brooks Stadium (SC),324,Coastal Carolina,fbs,Sun Belt,24.0,"[0, 14, 3, 7]",0.03764825621181366,1413.0,1402.0,309,Louisiana,fbs,Sun Belt,34.0,"[7, 10, 0, 17]",0.9623517437881863,1527.0,1538.0,6.4922501001,,,
401645346,2024,8,regular,2024-10-19T16:00:00.000Z,False,True,False,True,23044.0,3841.0,Michie Stadium,349,Army,fbs,American Athletic,45.0,"[7, 17, 14, 7]",0.9987804022637891,1643.0,1649.0,151,East Carolina,fbs,American Athletic,28.0,"[0, 0, 7, 21]",0.0012195977362109423,1298.0,1292.0,2.7027059183,,,
401674302,2024,8,regular,2024-10-19T16:00:00.000Z,False,True,False,True,,6212.0,Bishop Schmitt Field,112335,Wheeling,ii,Mountain East,35.0,"[0, 20, 6, 9]",,,,2707,West Virginia State,ii,Mountain East,33.0,"[14, 0, 7, 12]",,,,,,,
401644600,2024,8,regular,2024-10-19T16:00:00.000Z,False,True,False,False,6950.0,3750.0,Harvard Stadium,108,Harvard,fcs,Ivy,35.0,"[0, 13, 14, 8]",0.6316378298760565,,,107,Holy Cross,fcs,Patriot,34.0,"[0, 7, 7, 20]",0.36836217012394346,,,5.3949984571,,,
401628519,2024,8,regular,2024-10-19T16:00:00.000Z,False,True,False,True,53082.0,3830.0,"Memorial Stadium (Bloomington, IN)",84,Indiana,fbs,Big Ten,56.0,"[7, 21, 14, 14]",0.9988809780822313,1648.0,1791.0,158,Nebraska,fbs,Big Ten,7.0,"[0, 7, 0, 0]",0.0011190219177686922,1597.0,1454.0,5.1549081579,,,
401654647,2024,8,regular,2024-10-19T16:00:00.000Z,False,True,False,True,2785.0,3979.0,Wagner College Stadium,2681,Wagner,fcs,NEC,14.0,"[7, 7, 0, 0]",0.9516688730997779,,,2598,Saint Francis,fcs,NEC,0.0,"[0, 0, 0, 0]",0.04833112690022212,,,3.9948081001,,,
401636899,2024,8,regular,2024-10-19T16:00:00.000Z,False,True,False,True,38007.0,3854.0,Nippert Stadium,2132,Cincinnati,fbs,Big 12,24.0,"[10, 14, 0, 0]",0.5634009123671583,1538.0,1554.0,9,Arizona State,fbs,Big 12,14.0,"[7, 0, 7, 0]",0.4365990876328417,1529.0,1513.0,5.3005294427,,,
401634034,2024,8,regular,2024-10-19T16:00:00.000Z,False,True,False,True,5494.0,3779.0,Manning Field at John L. Guidry Stadium,2447,Nicholls,fcs,Southland,20.0,"[7, 10, 3, 0]",0.9960888732614149,,,2466,Northwestern State,fcs,Southland,0.0,"[0, 0, 0, 0]",0.003911126738585069,,,3.6288160614,,,
401676783,2024,8,regular,2024-10-19T16:00:00.000Z,False,True,False,True,,4750.0,The Reservation,2336,Limestone,ii,South Atlantic,12.0,"[0, 0, 6, 6]",,,,351,Wingate,ii,South Atlantic,38.0,"[0, 17, 14, 7]",,,,,,,
401654618,2024,8,regular,2024-10-19T16:00:00.000Z,False,True,False,False,4107.0,3997.0,Yale Bowl,43,Yale,fcs,Ivy,38.0,"[14, 14, 10, 0]",0.9745649973801336,,,2329,Lehigh,fcs,Patriot,23.0,"[3, 7, 7, 6]",0.02543500261986642,,,5.5022723821,,,
401673423,2024,8,regular,2024-10-19T16:00:00.000Z,False,True,False,True,,5833.0,Robert A. Lipinski Field at James Work Memorial Stadium,2808,Delaware Valley,iii,Mid Atlantic,33.0,"[7, 14, 6, 6]",,,,2221,FDU Florham,iii,Mid Atlantic,8.0,"[2, 0, 0, 6]",,,,,,,
401675422,2024,8,regular,2024-10-19T16:00:00.000Z,False,True,True,True,,6129.0,BB&T Field at Griffin Plaza,2646,Thomas More,ii,Great Midwest Athletic,3.0,"[0, 3, 0, 0]",,,,308,Ashland,ii,Great Midwest Athletic,28.0,"[7, 0, 7, 14]",,,,,,,
401677467,2024,8,regular,2024-10-19T16:00:00.000Z,False,True,False,True,,6083.0,Mangelsdorf Field,2969,Misericordia,iii,Mid Atlantic,24.0,"[14, 3, 7, 0]",,,,2725,Widener,iii,Mid Atlantic,20.0,"[7, 7, 6, 0]",,,,,,,
401675430,2024,8,regular,2024-10-19T16:00:00.000Z,False,True,False,True,,3870.0,Panther Stadium (OH),2477,Ohio Dominican,ii,Great Midwest Athletic,10.0,"[0, 0, 0, 10]",,,,2224,Findlay,ii,Great Midwest Athletic,26.0,"[6, 10, 10, 0]",,,,,,,
401628524,2024,8,regular,2024-10-19T16:00:00.000Z,False,True,False,True,53726.0,6577.0,SHI Stadium,164,Rutgers,fbs,Big Ten,32.0,"[7, 3, 9, 13]",0.3651614765917936,1436.0,1432.0,26,UCLA,fbs,Big Ten,35.0,"[7, 14, 7, 7]",0.6348385234082063,1452.0,1456.0,4.6407360434,,,
401635588,2024,8,regular,2024-10-19T16:00:00.000Z,False,True,False,True,80100.0,3836.0,"Memorial Stadium (Clemson, SC)",228,Clemson,fbs,ACC,48.0,"[3, 14, 21, 10]",0.9823551899632083,1864.0,1863.0,258,Virginia,fbs,ACC,31.0,"[3, 7, 0, 21]",0.017644810036791747,1424.0,1425.0,4.5901434844,,,
401674684,2024,8,regular,2024-10-19T16:00:00.000Z,False,True,False,True,,6089.0,Scotty Wood Stadium,2422,Muhlenberg,iii,Centennial,58.0,"[6, 17, 21, 14]",,,,2248,Gettysburg,iii,Centennial,42.0,"[7, 7, 22, 6]",,,,,,,
401676666,2024,8,regular,2024-10-19T16:00:00.000Z,False,True,False,True,,6087.0,Drake Field (NY),3110,SUNY Morrisville,iii,Empire 8,28.0,"[7, 14, 0, 7]",,,,390,Utica,iii,Empire 8,26.0,"[7, 7, 6, 6]",,,,,,,
401674891,2024,8,regular,2024-10-19T16:00:00.000Z,False,True,False,True,,5845.0,Elliot Field Athletic Complex,114,Fitchburg State,iii,MSCAC,3.0,"[3, 0, 0, 0]",,,,110,Mass Maritime,iii,MSCAC,21.0,"[7, 6, 0, 8]",,,,,,,
401675465,2024,8,regular,2024-10-19T16:00:00.000Z,False,True,False,True,,3718.0,Tom Benson Hall of Fame Stadium,2682,Walsh,ii,Great Midwest Athletic,21.0,"[7, 7, 0, 7]",,,,2838,Tiffin,ii,Great Midwest Athletic,38.0,"[7, 10, 14, 7]",,,,,,,
401676115,2024,8,regular,2024-10-19T16:00:00.000Z,False,True,False,True,,5133.0,Ram Stadium (WV),2974,Shepherd,ii,Pennsylvania State Athletic,35.0,"[0, 14, 13, 8]",,,,210,Millersville,ii,Pennsylvania State Athletic,21.0,"[14, 0, 0, 7]",,,,,,,
401628395,2024,8,regular,2024-10-19T16:00:00.000Z,False,True,False,True,62621.0,3838.0,Memorial Stadium,142,Missouri,fbs,SEC,21.0,"[3, 0, 3, 15]",0.23393596298858255,1737.0,1735.0,2,Auburn,fbs,SEC,17.0,"[0, 3, 14, 0]",0.7660640370114175,1550.0,1552.0,8.0479951949,,,
401676227,2024,8,regular,2024-10-19T16:00:00.000Z,False,True,False,True,,6119.0,Stagg Field,81,Springfield,iii,NEWMAC,48.0,"[7, 14, 13, 14]",,,,109,MIT,iii,NEWMAC,0.0,"[0, 0, 0, 0]",,,,,,,
401674907,2024,8,regular,2024-10-19T16:00:00.000Z,False,True,False,True,,5898.0,John Coughlin Memorial Field,402,Worcester State,iii,MSCAC,7.0,"[0, 7, 0, 0]",,,,379,UMass Dartmouth,iii,MSCAC,58.0,"[14, 20, 17, 7]",,,,,,,
401676056,2024,8,regular,2024-10-19T16:00:00.000Z,False,True,False,True,,5852.0,Jamieson Stadium,2256,Greensboro,iii,USA South,20.0,"[7, 6, 0, 7]",,,,2056,Belhaven,iii,USA South,30.0,"[0, 3, 14, 13]",,,,,,,
401635589,2024,8,regular,2024-10-19T16:00:00.000Z,False,True,False,True,59115.0,3873.0,L&N Federal Credit Union Stadium,97,Louisville,fbs,ACC,45.0,"[7, 10, 14, 14]",0.03784710405827017,1695.0,1691.0,2390,Miami,fbs,ACC,52.0,"[10, 14, 14, 14]",0.9621528959417298,1822.0,1826.0,5.9727968944,,,
401674280,2024,8,regular,2024-10-19T16:00:00.000Z,False,True,False,True,,5943.0,Duvall-Rosier Field,2986,Fairmont State,ii,Mountain East,37.0,"[10, 21, 3, 3]",,,,2882,UNC Pembroke,ii,Mountain East,28.0,"[7, 7, 7, 7]",,,,,,,
401676194,2024,8,regular,2024-10-19T16:00:00.000Z,False,True,False,True,,5997.0,Brooks Stadium (NY),2383,Merchant Marine,iii,NEWMAC,49.0,"[7, 14, 21, 7]",,,,2467,Norwich,iii,NEWMAC,7.0,"[0, 0, 0, 7]",,,,,,,
401628522,2024,8,regular,2024-10-19T16:00:00.000Z,False,True,True,True,12023.0,5960.0,Lanny and Sharon Martin Stadium,77,Northwestern,fbs,Big Ten,3.0,"[0, 0, 3, 0]",0.0059807059089865165,1569.0,1543.0,275,Wisconsin,fbs,Big Ten,23.0,"[0, 14, 7, 2]",0.9940192940910135,1729.0,1755.0,3.6478457494,,,
401674376,2024,8,regular,2024-10-19T16:00:00.000Z,False,True,False,True,,4437.0,"Memorial Stadium (Clarion, PA)",2134,Clarion,ii,Pennsylvania State Athletic,29.0,"[0, 9, 0, 20]",,,,2205,Edinboro,ii,Pennsylvania State Athletic,28.0,"[7, 14, 7, 0]",,,,,,,
401674812,2024,8,regular,2024-10-19T16:00:00.000Z,False,True,False,True,,5925.0,David Person Field,2354,Lycoming,iii,Landmark Conference,12.0,"[3, 3, 0, 6]",,,,2108,Catholic,iii,Landmark Conference,14.0,"[0, 14, 0, 0]",,,,,,,
401677396,2024,8,regular,2024-10-19T16:00:00.000Z,False,True,True,True,,7512.0,St. Francis High School,125974,Hilbert,iii,Empire 8,0.0,"[0, 0, 0, 0]",,,,2781,Brockport,iii,Empire 8,51.0,"[28, 13, 7, 3]",,,,,,,
401674824,2024,8,regular,2024-10-19T16:00:00.000Z,False,True,False,True,,7082.0,Athletic Field Complex,122774,Keystone,iii,Landmark Conference,24.0,"[7, 10, 0, 7]",,,,398,Wilkes,iii,Landmark Conference,69.0,"[13, 21, 14, 21]",,,,,,,
401673405,2024,8,regular,2024-10-19T16:00:00.000Z,False,True,False,True,,3877.0,Pioneer Stadium,3162,Alfred State,iii,ECFC,58.0,"[0, 10, 27, 21]",,,,110438,Dean,iii,ECFC,0.0,"[0, 0, 0, 0]",,,,,,,
401677410,2024,8,regular,2024-10-19T16:00:00.000Z,False,True,False,True,,6118.0,Birkelbach Field,2588,Southwestern U,iii,Southern Athletic,14.0,"[7, 0, 0, 7]",,,,2398,Millsaps,iii,Southern Athletic,17.0,"[0, 0, 6, 11]",,,,,,,
401629034,2024,8,regular,2024-10-19T16:00:00.000Z,False,True,False,False,30122.0,3892.0,Pratt & Whitney Stadium,41,UConn,fbs,FBS Independents,20.0,"[3, 3, 7, 7]",0.4670717104797056,1434.0,1424.0,154,Wake Forest,fbs,ACC,23.0,"[3, 10, 7, 3]",0.5329282895202945,1343.0,1353.0,5.3772320815,,,
401654627,2024,8,regular,2024-10-19T16:30:00.000Z,False,True,False,False,3217.0,3721.0,Fisher Field,322,Lafayette,fcs,Patriot,31.0,"[14, 10, 0, 7]",0.980769921656647,,,2529,Sacred Heart,fcs,FCS Independents,17.0,"[7, 7, 3, 0]",0.019230078343352996,,,5.0266324842,,,
401675985,2024,8,regular,2024-10-19T16:30:00.000Z,False,True,False,True,,5916.0,Carson Park,2738,Wisconsin Eau Claire,iii,Wisconsin,7.0,"[0, 0, 0, 7]",,,,2740,Wisconsin La Crosse,iii,Wisconsin,34.0,"[3, 7, 14, 10]",,,,,,,
401628396,2024,8,regular,2024-10-19T16:45:00.000Z,False,True,False,True,83331.0,3835.0,"Memorial Stadium (Norman, OK)",201,Oklahoma,fbs,SEC,9.0,"[0, 3, 6, 0]",0.15115189282518085,1780.0,1694.0,2579,South Carolina,fbs,SEC,35.0,"[21, 11, 0, 3]",0.8488481071748192,1658.0,1744.0,1.9556014898,,,
401674830,2024,8,regular,2024-10-19T17:00:00.000Z,False,True,False,True,,6113.0,Leckonby Stadium,2779,St. Lawrence,iii,Liberty League,3.0,"[0, 3, 0, 0]",,,,174,Hobart,iii,Liberty League,39.0,"[10, 6, 13, 10]",,,,,,,
401674805,2024,8,regular,2024-10-19T17:00:00.000Z,False,True,False,True,,6124.0,Amos Alonzo Stagg Field (PA),216,Susquehanna,iii,Landmark Conference,66.0,"[21, 28, 7, 10]",,,,246,Juniata,iii,Landmark Conference,21.0,"[0, 14, 7, 0]",,,,,,,
401676039,2024,8,regular,2024-10-19T17:00:00.000Z,False,True,False,True,,6121.0,Donald J. Schneider Stadium,2832,St. Norbert,iii,NACC,62.0,"[28, 21, 6, 7]",,,,2151,Concordia Chicago,iii,NACC,0.0,"[0, 0, 0, 0]",,,,,,,
401673440,2024,8,regular,2024-10-19T17:00:00.000Z,False,True,False,True,,5907.0,McCarthy Stadium (Wilkes Barre),247,King's,iii,Mid Atlantic,28.0,"[7, 7, 7, 7]",,,,388,Lebanon Valley,iii,Mid Atlantic,13.0,"[6, 7, 0, 0]",,,,,,,
401654474,2024,8,regular,2024-10-19T17:00:00.000Z,False,True,False,False,2573.0,3826.0,Memorial Field,159,Dartmouth,fcs,Ivy,20.0,"[0, 10, 3, 7]",0.8457098043941494,,,2115,Central Connecticut,fcs,NEC,16.0,"[7, 3, 0, 6]",0.15429019560585056,,,8.0349627428,,,
401675801,2024,8,regular,2024-10-19T17:00:00.000Z,False,True,False,True,,6041.0,Irwin Belk Complex,2304,Johnson C. Smith,ii,CIAA,21.0,"[7, 0, 7, 7]",,,,2551,Shaw,ii,CIAA,14.0,"[7, 0, 0, 7]",,,,,,,
401674862,2024,8,regular,2024-10-19T17:00:00.000Z,False,True,False,True,,6134.0,Frank Bailey Field,237,Union,iii,Liberty League,31.0,"[8, 13, 3, 7]",,,,2085,Buffalo State,iii,Liberty League,10.0,"[0, 3, 7, 0]",,,,,,,
401674575,2024,8,regular,2024-10-19T17:00:00.000Z,False,True,False,True,,3950.0,Superior Dome,128,Northern Michigan,ii,GLIAC,10.0,"[3, 0, 0, 7, 0]",,,,127991,Roosevelt,ii,GLIAC,16.0,"[0, 3, 7, 0, 6]",,,,,,,
401674693,2024,8,regular,2024-10-19T17:00:00.000Z,False,True,False,True,,5124.0,Homewood Field,118,Johns Hopkins,iii,Centennial,13.0,"[0, 7, 3, 3]",,,,2234,Franklin & Marshall,iii,Centennial,6.0,"[0, 3, 3, 0]",,,,,,,
401674298,2024,8,regular,2024-10-19T17:00:00.000Z,False,True,False,True,,5886.0,West Family Stadium,2699,West Liberty,ii,Mountain East,21.0,"[0, 7, 7, 7]",,,,455,West Virginia Wesleyan,ii,Mountain East,9.0,"[3, 0, 0, 6]",,,,,,,
401674514,2024,8,regular,2024-10-19T17:00:00.000Z,False,True,False,True,,6045.0,Dwight T. Reed Stadium,2876,Lincoln (MO),ii,Great Lakes,3.0,"[0, 3, 0, 0]",,,,389,Upper Iowa,ii,Great Lakes,31.0,"[21, 7, 0, 3]",,,,,,,
401676246,2024,8,regular,2024-10-19T17:00:00.000Z,False,True,False,True,,6114.0,Sea Gull Stadium,2532,Salisbury,iii,New Jersey,44.0,"[13, 3, 14, 14]",,,,2818,Montclair State,iii,New Jersey,8.0,"[0, 0, 8, 0]",,,,,,,
401675390,2024,8,regular,2024-10-19T17:00:00.000Z,False,True,False,True,,5941.0,Roebuck Stadium,2207,Elizabeth City State,ii,CIAA,7.0,"[0, 0, 7, 0]",,,,330,Virginia State,ii,CIAA,36.0,"[7, 6, 14, 9]",,,,,,,
401673376,2024,8,regular,2024-10-19T17:00:00.000Z,False,True,False,True,,3663.0,Burke-Tarr Stadium,2105,Carson Newman,ii,South Atlantic,35.0,"[7, 21, 7, 0]",,,,2842,UVA Wise,ii,South Atlantic,23.0,"[7, 3, 7, 6]",,,,,,,
401674554,2024,8,regular,2024-10-19T17:00:00.000Z,False,True,False,True,,3960.0,Top Taggart Field,2222,Ferris State,ii,GLIAC,51.0,"[20, 10, 14, 7]",,,,2392,Michigan Tech,ii,GLIAC,13.0,"[0, 13, 0, 0]",,,,,,,
401674938,2024,8,regular,2024-10-19T17:00:00.000Z,False,True,False,True,,6130.0,Fred Zollner Athletic Stadium,2651,Trine,iii,Michigan,35.0,"[7, 7, 14, 7]",,,,354,Olivet,iii,Michigan,28.0,"[7, 7, 7, 7]",,,,,,,
401674750,2024,8,regular,2024-10-19T17:00:00.000Z,False,True,False,True,,5788.0,Merrill Field at Yunevich Stadium,365,Alfred,iii,Empire 8,17.0,"[3, 7, 7, 0]",,,,2782,SUNY Cortland,iii,Empire 8,59.0,"[7, 24, 21, 7]",,,,,,,
401674836,2024,8,regular,2024-10-19T17:00:00.000Z,False,True,False,True,,5862.0,Butterfield Stadium,175,Ithaca,iii,Liberty League,33.0,"[7, 17, 6, 3]",,,,2528,Rensselaer,iii,Liberty League,14.0,"[0, 7, 0, 7]",,,,,,,
401675289,2024,8,regular,2024-10-19T17:00:00.000Z,False,True,False,True,,5906.0,McBride Field,352,Kenyon,iii,North Coast,7.0,"[0, 7, 0, 0]",,,,2746,Wittenberg,iii,North Coast,27.0,"[13, 7, 7, 0]",,,,,,,
401675297,2024,8,regular,2024-10-19T17:00:00.000Z,False,True,False,True,,5123.0,Little Giant Stadium,89,Wabash,iii,North Coast,56.0,"[14, 14, 21, 7]",,,,2274,Hiram,iii,North Coast,7.0,"[0, 0, 7, 0]",,,,,,,
401675472,2024,8,regular,2024-10-19T17:00:00.000Z,False,True,False,True,,5220.0,Garrison Stadium,2804,Chowan,ii,Gulf South,6.0,"[3, 3, 0, 0]",,,,110242,West Florida,ii,Gulf South,35.0,"[14, 14, 0, 7]",,,,,,,
401676027,2024,8,regular,2024-10-19T17:00:00.000Z,False,True,False,True,,5932.0,Lloyd L. Thornton Stadium,2373,Maryville (TN),iii,USA South,44.0,"[7, 17, 13, 7]",,,,2938,Huntingdon,iii,USA South,16.0,"[3, 7, 0, 6]",,,,,,,
401676231,2024,8,regular,2024-10-19T17:00:00.000Z,False,True,False,True,,3879.0,TowneBank Stadium,3112,Christopher Newport,iii,New Jersey,24.0,"[7, 10, 0, 7]",,,,2827,Rowan,iii,New Jersey,7.0,"[0, 0, 7, 0]",,,,,,,
401676259,2024,8,regular,2024-10-19T17:00:00.000Z,False,True,False,True,,6108.0,Crain Field,2519,Rhodes,iii,Southern Athletic,14.0,"[7, 7, 0, 0]",,,,386,Trinity (TX),iii,Southern Athletic,38.0,"[0, 17, 14, 7]",,,,,,,
401676423,2024,8,regular,2024-10-19T17:00:00.000Z,False,True,False,True,,6146.0,Memorial Field (PA),2849,Westminster (PA),iii,Presidents',56.0,"[6, 24, 26, 0]",,,,2614,Saint Vincent,iii,Presidents',0.0,"[0, 0, 0, 0]",,,,,,,
401676436,2024,8,regular,2024-10-19T17:00:00.000Z,False,True,False,True,,6140.0,John F. Wiley Stadium,2845,Waynesburg,iii,Presidents',34.0,"[6, 14, 0, 14]",,,,2062,Bethany (WV),iii,Presidents',14.0,"[7, 0, 0, 7]",,,,,,,
401676656,2024,8,regular,2024-10-19T17:00:00.000Z,False,True,False,True,,5791.0,Turf Field,111674,Alvernia,iii,Mid Atlantic,14.0,"[0, 0, 7, 7]",,,,127954,Eastern,iii,Mid Atlantic,22.0,"[9, 0, 0, 13]",,,,,,,
401676726,2024,8,regular,2024-10-19T17:00:00.000Z,False,True,False,True,,6071.0,Jess Dow Field,2583,Southern Connecticut State,ii,Northeast 10,0.0,"[0, 0, 0, 0]",,,,2441,New Haven,ii,Northeast 10,21.0,"[14, 0, 7, 0]",,,,,,,
401676765,2024,8,regular,2024-10-19T17:00:00.000Z,False,True,False,True,,6143.0,Golden Bear Stadium,2702,Western New England,iii,Commonwealth Coast,47.0,"[10, 16, 7, 14]",,,,40,Curry,iii,Commonwealth Coast,21.0,"[7, 7, 0, 7]",,,,,,,
401677471,2024,8,regular,2024-10-19T17:00:00.000Z,False,True,False,True,,5689.0,Seaverns Field At Harold Alfond Stadium,33,Colby,iii,NESCAC,38.0,"[3, 21, 7, 7]",,,,7,Amherst,iii,NESCAC,7.0,"[0, 0, 0, 7]",,,,,,,
401682323,2024,8,regular,2024-10-19T17:00:00.000Z,False,True,False,True,,5876.0,Bentley University Football Stadium,2060,Bentley,ii,Northeast 10,27.0,"[7, 14, 0, 6]",,,,2022,American International,ii,Northeast 10,14.0,"[7, 7, 0, 0]",,,,,,,
401682362,2024,8,regular,2024-10-19T17:00:00.000Z,False,True,False,True,,6079.0,Alumni Stadium (VT),2394,Middlebury,iii,NESCAC,24.0,"[7, 7, 0, 10]",,,,2977,Trinity (CT),iii,NESCAC,21.0,"[14, 7, 0, 0]",,,,,,,
401676138,2024,8,regular,2024-10-19T17:00:00.000Z,False,True,False,True,,5853.0,Francis Field (IL),2257,Greenville,iii,Upper Midwest,42.0,"[14, 7, 7, 14]",,,,446,Martin Luther,iii,Upper Midwest,35.0,"[14, 6, 8, 7]",,,,,,,
401674867,2024,8,regular,2024-10-19T17:00:00.000Z,False,True,False,True,,3851.0,Mustang Stadium,471,Stevenson,iii,Mid Atlantic,48.0,"[10, 7, 21, 10]",,,,2015,Albright,iii,Mid Atlantic,3.0,"[0, 0, 3, 0]",,,,,,,
401677455,2024,8,regular,2024-10-19T17:00:00.000Z,False,True,False,True,,5848.0,Hotchkiss Field,417,Gallaudet,iii,ECFC,39.0,"[6, 20, 0, 13]",,,,15,Anna Maria College,iii,ECFC,34.0,"[3, 14, 7, 10]",,,,,,,
401675591,2024,8,regular,2024-10-19T17:00:00.000Z,False,True,False,True,,5881.0,CAU Panther Stadium,2805,Clark Atlanta,ii,SIAC,28.0,"[7, 0, 7, 14]",,,,2396,Miles,ii,SIAC,49.0,"[7, 7, 21, 14]",,,,,,,
401674931,2024,8,regular,2024-10-19T17:00:00.000Z,False,True,False,True,,5904.0,Angell Field,126,Kalamazoo,iii,Michigan,18.0,"[0, 11, 0, 7]",,,,2812,Hope,iii,Michigan,49.0,"[28, 14, 7, 0]",,,,,,,
401676151,2024,8,regular,2024-10-19T17:00:00.000Z,False,True,False,True,,6151.0,Farley-Lamb Field,2731,Williams,iii,NESCAC,24.0,"[0, 17, 0, 7]",,,,121,Bates,iii,NESCAC,21.0,"[7, 0, 7, 7]",,,,,,,
401675445,2024,8,regular,2024-10-19T17:00:00.000Z,False,True,False,True,,3747.0,Hantz Stadium,2886,Northwood,ii,Great Midwest Athletic,20.0,"[13, 0, 7, 0]",,,,2316,Kentucky Wesleyan,ii,Great Midwest Athletic,27.0,"[7, 6, 7, 7]",,,,,,,
401676096,2024,8,regular,2024-10-19T17:00:00.000Z,False,True,False,True,,4429.0,Seth Grove Stadium,2559,Shippensburg,ii,Pennsylvania State Athletic,2.0,"[0, 0, 2, 0]",,,,2315,Kutztown,ii,Pennsylvania State Athletic,31.0,"[7, 14, 0, 10]",,,,,,,
401676365,2024,8,regular,2024-10-19T17:00:00.000Z,False,True,False,True,,5818.0,Farris Stadium,2121,Centre,iii,Southern Athletic,35.0,"[14, 7, 14, 0]",,,,418,Hendrix,iii,Southern Athletic,18.0,"[0, 6, 6, 6]",,,,,,,
401654491,2024,8,regular,2024-10-19T17:00:00.000Z,False,True,False,True,2970.0,3730.0,Franklin Field,219,Pennsylvania,fcs,Ivy,17.0,"[0, 7, 7, 3]",0.2179118262112839,,,171,Columbia,fcs,Ivy,23.0,"[7, 10, 3, 3]",0.7820881737887161,,,5.4208272539,,,
401628660,2024,8,regular,2024-10-19T17:00:00.000Z,False,True,False,True,2852.0,5389.0,Kessler Stadium,2405,Monmouth,fcs,CAA,55.0,"[21, 6, 14, 14]",0.998965914153775,,,2803,Bryant,fcs,CAA,17.0,"[7, 3, 0, 7]",0.0010340858462249969,,,3.594622121,,,
401628656,2024,8,regular,2024-10-19T17:00:00.000Z,False,True,False,True,23016.0,3603.0,Aggie Stadium,2448,North Carolina A&T,fcs,CAA,17.0,"[14, 0, 3, 0]",0.0013461594503695012,,,2261,Hampton,fcs,CAA,59.0,"[3, 21, 7, 28]",0.9986538405496305,,,3.6326090232,,,
401676172,2024,8,regular,2024-10-19T17:00:00.000Z,False,True,False,True,,5806.0,Whittier Field,340,Bowdoin,iii,NESCAC,14.0,"[0, 7, 0, 7]",,,,336,Wesleyan (CT),iii,NESCAC,17.0,"[3, 0, 7, 7]",,,,,,,
401676276,2024,8,regular,2024-10-19T17:00:00.000Z,False,True,False,False,,6150.0,Wightman Stadium,2970,William Paterson,iii,New Jersey,7.0,"[0, 7, 0, 0]",,,,2667,Ursinus,iii,Centennial,49.0,"[14, 0, 28, 7]",,,,,,,
401676718,2024,8,regular,2024-10-19T17:00:00.000Z,False,True,True,True,,6211.0,Sodexo Field,112334,Franklin Pierce,ii,Northeast 10,55.0,"[7, 14, 20, 14]",,,,126086,Post,ii,Northeast 10,20.0,"[14, 0, 6, 0]",,,,,,,
401675382,2024,8,regular,2024-10-19T17:00:00.000Z,False,True,False,True,,5873.0,Bulldogs Stadium,2075,Bowie State,ii,CIAA,54.0,"[14, 13, 17, 10]",,,,124180,Bluefield State,ii,CIAA,0.0,"[0, 0, 0, 0]",,,,,,,
401673387,2024,8,regular,2024-10-19T17:00:00.000Z,False,True,True,True,,10461.0,Spero Financial Field,129469,Anderson (SC),ii,South Atlantic,3.0,"[0, 0, 3, 0]",,,,2213,Emory & Henry,ii,South Atlantic,34.0,"[3, 7, 17, 7]",,,,,,,
401674674,2024,8,regular,2024-10-19T17:00:00.000Z,False,True,False,True,,5835.0,Biddle Field,2175,Dickinson,iii,Centennial,24.0,"[3, 7, 7, 7]",,,,2700,McDaniel,iii,Centennial,0.0,"[0, 0, 0, 0]",,,,,,,
401628655,2024,8,regular,2024-10-19T17:00:00.000Z,False,True,False,True,6860.0,3607.0,Alfond Stadium,311,Maine,fcs,CAA,35.0,"[21, 7, 7, 0]",0.9989384359173704,,,222,Villanova,fcs,CAA,7.0,"[0, 0, 0, 7]",0.0010615640826295847,,,2.3595798124,,,
401628659,2024,8,regular,2024-10-19T17:00:00.000Z,False,True,False,True,8425.0,3688.0,Wildcat Stadium,160,New Hampshire,fcs,CAA,9.0,"[0, 3, 0, 6]",0.0030901725199851183,,,227,Rhode Island,fcs,CAA,26.0,"[0, 2, 17, 7]",0.9969098274800149,,,5.6823650143,,,
401676122,2024,8,regular,2024-10-19T17:00:00.000Z,False,True,False,True,,6145.0,Blue Jay Stadium,433,Westminster (MO),iii,Upper Midwest,13.0,"[0, 6, 7, 0]",,,,509,Crown,iii,Upper Midwest,30.0,"[9, 0, 0, 21]",,,,,,,
401676775,2024,8,regular,2024-10-19T17:00:00.000Z,False,True,False,True,,6135.0,Blue Storm Stadium,111675,New England,iii,Commonwealth Coast,7.0,"[0, 0, 0, 7]",,,,452,Endicott,iii,Commonwealth Coast,39.0,"[0, 20, 6, 13]",,,,,,,
401654643,2024,8,regular,2024-10-19T17:00:00.000Z,False,True,False,True,4059.0,3617.0,Andy Kerr Stadium,2142,Colgate,fcs,Patriot,38.0,"[14, 0, 14, 10]",0.4867527485781222,,,46,Georgetown,fcs,Patriot,28.0,"[7, 7, 7, 7]",0.5132472514218778,,,7.0264022272,,,
401654507,2024,8,regular,2024-10-19T17:00:00.000Z,False,True,False,False,1245.0,3676.0,Christy Mathewson-Memorial Stadium,2083,Bucknell,fcs,Patriot,21.0,"[0, 14, 0, 7]",0.004774152748289885,,,172,Cornell,fcs,Ivy,34.0,"[21, 6, 7, 0]",0.9952258472517101,,,4.3539414564,,,
401654612,2024,8,regular,2024-10-19T17:00:00.000Z,False,True,False,False,3362.0,6048.0,Duane Stadium,2771,Merrimack,fcs,FCS Independents,48.0,"[17, 10, 7, 14]",0.9644019954517336,,,284,Stonehill,fcs,NEC,28.0,"[0, 0, 21, 7]",0.03559800454826645,,,3.0139435671,,,
401628657,2024,8,regular,2024-10-19T17:00:00.000Z,False,True,False,True,3916.0,3781.0,Johnny Unitas Stadium,119,Towson,fcs,CAA,24.0,"[7, 10, 0, 7]",0.05248802072645889,,,2619,Stony Brook,fcs,CAA,52.0,"[14, 14, 10, 14]",0.9475119792735411,,,3.5299841518,,,
401638673,2024,8,regular,2024-10-19T17:00:00.000Z,False,True,False,True,2578.0,3664.0,Butler Bowl,2086,Butler,fcs,Pioneer,14.0,"[0, 3, 3, 8]",0.11615983923843105,,,2168,Dayton,fcs,Pioneer,21.0,"[0, 7, 7, 7]",0.8838401607615689,,,4.5803378375,,,
401638674,2024,8,regular,2024-10-19T17:00:00.000Z,False,True,False,True,2515.0,3627.0,Bailey Memorial Stadium,2506,Presbyterian,fcs,Pioneer,16.0,"[6, 7, 0, 0, 3]",0.1448176480168909,,,2181,Drake,fcs,Pioneer,19.0,"[0, 10, 0, 3, 6]",0.8551823519831091,,,8.8939933484,,,
401638676,2024,8,regular,2024-10-19T17:00:00.000Z,False,True,False,True,2367.0,3897.0,Richardson Stadium,2166,Davidson,fcs,Pioneer,70.0,"[21, 14, 35, 0]",0.9989123480309562,,,56,Stetson,fcs,Pioneer,48.0,"[7, 14, 14, 13]",0.0010876519690438124,,,5.4640326863,,,
401675409,2024,8,regular,2024-10-19T17:00:00.000Z,False,True,False,True,,3808.0,Lincoln University Stadium,2339,Lincoln (PA),ii,CIAA,12.0,"[0, 0, 12, 0]",,,,2676,Virginia Union,ii,CIAA,63.0,"[14, 21, 21, 7]",,,,,,,
401676710,2024,8,regular,2024-10-19T17:00:00.000Z,False,True,False,True,,6074.0,Grappone Stadium,2830,Saint Anselm,ii,Northeast 10,20.0,"[0, 7, 0, 7, 6]",,,,2038,Assumption,ii,Northeast 10,14.0,"[7, 0, 7, 0, 0]",,,,,,,
401674269,2024,8,regular,2024-10-19T17:00:00.000Z,False,True,False,True,,3667.0,Callaghan Stadium,2148,Concord,ii,Mountain East,21.0,"[0, 14, 7, 0]",,,,2249,Glenville State,ii,Mountain East,24.0,"[0, 10, 7, 7]",,,,,,,
401676160,2024,8,regular,2024-10-19T17:00:00.000Z,False,True,False,True,,6133.0,Ellis Oval at Zimman Field,112,Tufts,iii,NESCAC,20.0,"[7, 10, 0, 3]",,,,348,Hamilton,iii,NESCAC,13.0,"[0, 6, 0, 7]",,,,,,,
401674920,2024,8,regular,2024-10-19T17:00:00.000Z,False,True,False,True,,5790.0,Bahlke Field,2800,Alma,iii,Michigan,40.0,"[13, 10, 10, 7]",,,,2790,Albion,iii,Michigan,30.0,"[0, 13, 10, 7]",,,,,,,
401658363,2024,8,regular,2024-10-19T17:00:00.000Z,False,True,False,True,,3642.0,Bobcat Stadium (MD),341,Frostburg State,ii,Mountain East,7.0,"[0, 0, 0, 7]",,,,2128,Charleston (WV),ii,Mountain East,48.0,"[7, 20, 14, 7]",,,,,,,
401674334,2024,8,regular,2024-10-19T17:00:00.000Z,False,True,False,True,,5933.0,Sea Foam Stadium,3066,Concordia St. Paul,ii,Northern Sun,31.0,"[7, 7, 7, 10]",,,,2817,Minnesota St Moorhead,ii,Northern Sun,34.0,"[0, 7, 7, 20]",,,,,,,
401633993,2024,8,regular,2024-10-19T17:30:00.000Z,False,True,False,True,3780.0,3710.0,Ernest W. Spangler Stadium,2241,Gardner-Webb,fcs,Big South-OVC,42.0,"[7, 21, 14, 0]",0.9881042404232219,,,2815,Lindenwood,fcs,Big South-OVC,35.0,"[7, 7, 7, 14]",0.011895759576778131,,,4.5658651099,,,
401632464,2024,8,regular,2024-10-19T17:30:00.000Z,False,True,False,True,7260.0,3720.0,Finley Stadium,236,Chattanooga,fcs,Southern,37.0,"[3, 7, 17, 10]",0.9947520121403842,,,2747,Wofford,fcs,Southern,5.0,"[3, 2, 0, 0]",0.005247987859615777,,,4.7944454867,,,
401638346,2024,8,regular,2024-10-19T17:30:00.000Z,False,True,False,True,,3597.0,Alumni Memorial Field,2678,VMI,fcs,Southern,10.0,"[0, 10, 0, 0]",0.13841244457074095,,,2643,The Citadel,fcs,Southern,13.0,"[3, 3, 0, 7]",0.861587555429259,,,6.371736839,,,
401674778,2024,8,regular,2024-10-19T17:30:00.000Z,False,True,False,True,,5930.0,Carl W. Burt Memorial Stadium,2362,Manchester,iii,Heartland,0.0,"[0, 0, 0, 0]",,,,2233,Franklin,iii,Heartland,49.0,"[14, 14, 14, 7]",,,,,,,
401676338,2024,8,regular,2024-10-19T17:30:00.000Z,False,True,False,True,,4856.0,Mount Union Stadium,426,Mount Union,iii,Ohio,52.0,"[21, 14, 10, 7]",,,,191,Heidelberg,iii,Ohio,10.0,"[0, 3, 0, 7]",,,,,,,
401677498,2024,8,regular,2024-10-19T17:30:00.000Z,False,True,False,True,,5822.0,Cadet Memorial Field,2557,Coast Guard,iii,NEWMAC,28.0,"[0, 7, 7, 14]",,,,2776,Salve Regina,iii,NEWMAC,34.0,"[14, 14, 6, 0]",,,,,,,
401674786,2024,8,regular,2024-10-19T17:30:00.000Z,False,True,False,True,,5793.0,Macholtz Stadium,2023,Anderson (IN),iii,Heartland,0.0,"[0, 0, 0, 0]",,,,2262,Hanover,iii,Heartland,35.0,"[7, 14, 7, 7]",,,,,,,
401676310,2024,8,regular,2024-10-19T17:30:00.000Z,False,True,False,True,,5812.0,Bernlohr Stadium,424,Capital,iii,Ohio,41.0,"[14, 13, 14, 0]",,,,427,Ohio Northern,iii,Ohio,42.0,"[7, 14, 7, 14]",,,,,,,
401676372,2024,8,regular,2024-10-19T17:30:00.000Z,False,True,False,True,,6152.0,Wiliams Stadium (OH),2733,Wilmington (OH),iii,Ohio,31.0,"[3, 0, 7, 21]",,,,359,Otterbein,iii,Ohio,21.0,"[0, 7, 0, 14]",,,,,,,
401674799,2024,8,regular,2024-10-19T17:30:00.000Z,False,True,False,True,,6111.0,Cook Stadium,86,Rose Hulman,iii,Heartland,29.0,"[0, 10, 3, 16]",,,,190,Defiance College,,,25.0,"[0, 12, 6, 7]",,,,,,,
401674768,2024,8,regular,2024-10-19T17:30:00.000Z,False,True,False,True,,6088.0,Schueler Field,2419,Mount St Joseph,iii,Heartland,63.0,"[21, 7, 21, 14]",,,,2074,Bluffton,iii,Heartland,27.0,"[6, 14, 7, 0]",,,,,,,
401674324,2024,8,regular,2024-10-19T18:00:00.000Z,False,True,False,True,,6070.0,Bob Young Field,2894,Sioux Falls,ii,Northern Sun,24.0,"[3, 7, 7, 7]",,,,134,Minnesota Duluth,ii,Northern Sun,21.0,"[0, 7, 7, 7]",,,,,,,
401674968,2024,8,regular,2024-10-19T18:00:00.000Z,False,True,False,True,,5895.0,Klas Field,162,Hamline,iii,Minnesota,7.0,"[7, 0, 0, 0]",,,,2152,Concordia (MN),iii,Minnesota,41.0,"[7, 7, 14, 13]",,,,,,,
401674974,2024,8,regular,2024-10-19T18:00:00.000Z,False,True,False,True,,5928.0,Macalester Stadium,2359,Macalester,iii,Minnesota,7.0,"[7, 0, 0, 0]",,,,2968,Gustavus Adolphus,iii,Minnesota,36.0,"[14, 16, 0, 6]",,,,,,,
401674990,2024,8,regular,2024-10-19T18:00:00.000Z,False,True,False,True,,5813.0,Klein Field at Manitou,133,St. Olaf,iii,Minnesota,36.0,"[7, 16, 7, 6]",,,,375,St. Scholastica,iii,Minnesota,33.0,"[0, 20, 7, 6]",,,,,,,
401674995,2024,8,regular,2024-10-19T18:00:00.000Z,False,True,False,True,,3945.0,Strong Stadium,266,Beloit,iii,Midwest,10.0,"[0, 3, 7, 0]",,,,268,Lawrence,iii,Midwest,24.0,"[0, 7, 3, 14]",,,,,,,
401676411,2024,8,regular,2024-10-19T18:00:00.000Z,False,True,False,True,,5843.0,W.B. Adams Stadium,366,Ferrum,iii,Old Dominion,41.0,"[0, 13, 14, 14]",,,,297,Hampden Sydney,iii,Old Dominion,36.0,"[7, 10, 6, 13]",,,,,,,
401675758,2024,8,regular,2024-10-19T18:00:00.000Z,False,True,False,True,,7075.0,Electric Supply Company Field,122666,Barton,ii,South Atlantic,0.0,"[0, 0, 0, 0]",,,,2331,Lenoir Rhyne,ii,South Atlantic,20.0,"[7, 6, 7, 0]",,,,,,,
401676033,2024,8,regular,2024-10-19T18:00:00.000Z,False,True,False,True,,6284.0,Village of Lisle-Benedictine University Sports Complex,2283,Benedictine (IL),iii,NACC,7.0,"[0, 7, 0, 0]",,,,2741,Wisconsin Lutheran,iii,NACC,10.0,"[0, 3, 7, 0]",,,,,,,
401676129,2024,8,regular,2024-10-19T18:00:00.000Z,False,True,False,True,,6094.0,Reynolds Field,583,Northwestern (MN),iii,Upper Midwest,44.0,"[10, 7, 0, 27]",,,,2399,Minnesota Morris,iii,Upper Midwest,13.0,"[0, 6, 7, 0]",,,,,,,
401675533,2024,8,regular,2024-10-19T18:00:00.000Z,False,True,False,True,,5938.0,Al Whitehead Field at Greyhound Stadium,2201,Eastern New Mexico,ii,Lone Star,24.0,"[7, 10, 0, 7]",,,,2704,West Texas,ii,Lone Star,42.0,"[6, 22, 7, 7]",,,,,,,
401689231,2024,8,regular,2024-10-19T18:00:00.000Z,False,True,False,True,,5828.0,Van Metre Field at Ash Park,2155,Cornell (IA),iii,Midwest,28.0,"[7, 14, 7, 0]",,,,2919,Monmouth (IL),iii,Midwest,38.0,"[7, 7, 14, 10]",,,,,,,
401676275,2024,8,regular,2024-10-19T18:00:00.000Z,False,True,False,True,,5863.0,Don Shula Stadium at Wasmer Field,2302,John Carroll,iii,Ohio,20.0,"[0, 0, 14, 6]",,,,188,Baldwin Wallace,iii,Ohio,16.0,"[3, 7, 0, 6]",,,,,,,
401682278,2024,8,regular,2024-10-19T18:00:00.000Z,False,True,False,True,,6144.0,"Alumni Field (Westfield, MA)",2909,Westfield State,iii,MSCAC,7.0,"[0, 7, 0, 0]",,,,2967,Framingham State,iii,MSCAC,21.0,"[0, 7, 7, 7]",,,,,,,
401674729,2024,8,regular,2024-10-19T18:00:00.000Z,False,True,False,True,,5859.0,Tucci Stadium,306,Illinois Wesleyan,iii,CCIW,51.0,"[15, 23, 10, 3]",,,,74,Millikin,iii,CCIW,8.0,"[0, 0, 0, 8]",,,,,,,
401674580,2024,8,regular,2024-10-19T18:00:00.000Z,False,True,False,True,,5934.0,Farmers Insurance Athletic Complex,110254,Davenport,ii,GLIAC,43.0,"[5, 7, 17, 14]",,,,131,Wayne State (MI),ii,GLIAC,26.0,"[6, 13, 0, 7]",,,,,,,
401675829,2024,8,regular,2024-10-19T18:00:00.000Z,False,True,False,True,,5872.0,Kirkeby-Over Stadium,2043,Augustana (SD),ii,Northern Sun,31.0,"[7, 10, 14, 0]",,,,2851,Winona State,ii,Northern Sun,0.0,"[0, 0, 0, 0]",,,,,,,
401674541,2024,8,regular,2024-10-19T18:00:00.000Z,False,True,False,True,,3723.0,QU Stadium,2825,Quincy,ii,Great Lakes,21.0,"[0, 7, 7, 7]",,,,2654,Truman State,ii,Great Lakes,28.0,"[0, 21, 0, 7]",,,,,,,
401676266,2024,8,regular,2024-10-19T18:00:00.000Z,False,True,False,True,,4422.0,Valhalla Stadium,2757,Berry,iii,Southern Athletic,53.0,"[22, 10, 7, 14]",,,,2553,Sewanee,iii,Southern Athletic,10.0,"[7, 0, 3, 0]",,,,,,,
401675031,2024,8,regular,2024-10-19T18:00:00.000Z,False,True,False,True,,5797.0,Vago Field,2044,Aurora,iii,NACC,69.0,"[14, 27, 14, 14]",,,,2524,Rockford,iii,NACC,0.0,"[0, 0, 0, 0]",,,,,,,
401675002,2024,8,regular,2024-10-19T18:00:00.000Z,False,True,False,True,,5861.0,Rosenbloom Field,65,Grinnell,iii,Midwest,22.0,"[7, 0, 0, 15]",,,,262,Lake Forest,iii,Midwest,42.0,"[7, 28, 7, 0]",,,,,,,
401675605,2024,8,regular,2024-10-19T18:00:00.000Z,False,True,False,True,,4747.0,Abbott Memorial Alumni Stadium,2657,Tuskegee,ii,SIAC,38.0,"[21, 3, 7, 7]",,,,2310,Kentucky State,ii,SIAC,24.0,"[7, 10, 0, 7]",,,,,,,
401675949,2024,8,regular,2024-10-19T18:00:00.000Z,False,True,False,True,,5901.0,David Smith Stadium at Ramer Field,2723,Wisconsin River Falls,iii,Wisconsin,40.0,"[6, 0, 14, 14, 6]",,,,2744,Wisconsin Stout,iii,Wisconsin,37.0,"[13, 14, 0, 7, 3]",,,,,,,
401674531,2024,8,regular,2024-10-19T18:00:00.000Z,False,True,True,True,,7504.0,Liberty North High School,2911,William Jewell,ii,Great Lakes,28.0,"[0, 0, 14, 14]",,,,2402,Missouri S&T,ii,Great Lakes,49.0,"[7, 21, 14, 7]",,,,,,,
401674606,2024,8,regular,2024-10-19T18:00:00.000Z,False,True,False,True,,5921.0,Rock Bowl,263,Loras,iii,American Rivers,42.0,"[7, 21, 0, 14]",,,,49,Dubuque,iii,American Rivers,49.0,"[14, 20, 0, 15]",,,,,,,
401676059,2024,8,regular,2024-10-19T18:00:00.000Z,False,True,False,True,,5827.0,Tomasini Stadium,409,Concordia (WI),iii,NACC,39.0,"[10, 19, 7, 3]",,,,101,Eureka,iii,NACC,0.0,"[0, 0, 0, 0]",,,,,,,
401674503,2024,8,regular,2024-10-19T18:00:00.000Z,False,True,False,True,,6047.0,Leemon Field,2816,McKendree,ii,Great Lakes,34.0,"[7, 6, 0, 21]",,,,2292,Indianapolis,ii,Great Lakes,42.0,"[0, 21, 14, 7]",,,,,,,
401645351,2024,8,regular,2024-10-19T18:00:00.000Z,False,True,False,True,18721.0,3806.0,Lincoln Financial Field,218,Temple,fbs,American Athletic,20.0,"[3, 14, 0, 3]",0.7351173510637877,1113.0,1126.0,202,Tulsa,fbs,American Athletic,10.0,"[0, 0, 10, 0]",0.2648826489362123,1060.0,1047.0,5.1372556766,,,
401674172,2024,8,regular,2024-10-19T18:00:00.000Z,False,True,False,True,,6034.0,Yager Stadium at Moore Bowl,2687,Washburn,ii,Mid America,42.0,"[21, 7, 14, 0]",,,,2403,Missouri Southern State,ii,Mid America,21.0,"[0, 7, 7, 7]",,,,,,,
401673970,2024,8,regular,2024-10-19T18:00:00.000Z,False,True,False,True,,5816.0,Art Keller Field,2106,Carthage,iii,CCIW,13.0,"[0, 13, 0, 0]",,,,396,Wheaton (IL),iii,CCIW,50.0,"[14, 16, 14, 6]",,,,,,,
401674313,2024,8,regular,2024-10-19T18:00:00.000Z,False,True,False,True,,5874.0,Chet Anderson Stadium,132,Bemidji State,ii,Northern Sun,21.0,"[7, 7, 0, 7]",,,,568,Minot State,ii,Northern Sun,9.0,"[0, 3, 6, 0]",,,,,,,
401674620,2024,8,regular,2024-10-19T18:00:00.000Z,False,True,True,True,,6091.0,Abel Stadium,6845,Nebraska Wesleyan,iii,American Rivers,0.0,"[0, 0, 0, 0]",,,,2141,Coe,iii,American Rivers,50.0,"[10, 0, 26, 14]",,,,,,,
401658353,2024,8,regular,2024-10-19T18:00:00.000Z,False,True,False,True,,6061.0,Younts Stadium,2822,North Greenville,ii,Gulf South,52.0,"[14, 12, 13, 13]",,,,101784,Erskine,ii,Gulf South,35.0,"[7, 14, 0, 14]",,,,,,,
401673951,2024,8,regular,2024-10-19T18:00:00.000Z,False,True,False,True,,5815.0,Schneider Stadium,32,Carroll (WI),iii,CCIW,30.0,"[7, 9, 7, 7]",,,,2042,Augustana (IL),iii,CCIW,20.0,"[7, 10, 3, 0]",,,,,,,
401673450,2024,8,regular,2024-10-19T18:00:00.000Z,False,True,False,True,,5908.0,Harley Knosher Bowl,255,Knox,iii,Midwest,34.0,"[0, 7, 7, 20]",,,,2286,Illinois College,iii,Midwest,77.0,"[21, 28, 14, 14]",,,,,,,
401675566,2024,8,regular,2024-10-19T18:00:00.000Z,False,True,False,True,,5867.0,Albany State University Coliseum,2013,Albany State,ii,SIAC,52.0,"[21, 14, 3, 14]",,,,60,Morehouse,ii,SIAC,6.0,"[0, 6, 0, 0]",,,,,,,
401674945,2024,8,regular,2024-10-19T18:00:00.000Z,False,True,False,True,,5804.0,Royal Stadium,2802,Bethel (MN),iii,Minnesota,73.0,"[21, 28, 14, 10]",,,,124,Augsburg,iii,Minnesota,8.0,"[0, 0, 8, 0]",,,,,,,
401675025,2024,8,regular,2024-10-19T18:00:00.000Z,False,True,False,True,,6109.0,Ingalls Field,2891,Ripon,iii,Midwest,6.0,"[0, 0, 0, 6]",,,,80,Chicago,iii,Midwest,30.0,"[0, 17, 6, 7]",,,,,,,
401644750,2024,8,regular,2024-10-19T18:00:00.000Z,False,True,False,True,17974.0,3912.0,Rynearson Stadium,2199,Eastern Michigan,fbs,Mid-American,38.0,"[10, 6, 0, 22]",0.29660334443869896,1261.0,1262.0,2117,Central Michigan,fbs,Mid-American,34.0,"[0, 14, 13, 7]",0.703396655561301,1189.0,1188.0,5.8688084781,,,
401674961,2024,8,regular,2024-10-19T18:00:00.000Z,False,True,False,True,,7079.0,Laird Stadium,2101,Carleton,iii,Minnesota,7.0,"[0, 7, 0, 0]",,,,2600,Saint John's (MN),iii,Minnesota,48.0,"[13, 7, 14, 14]",,,,,,,
401676086,2024,8,regular,2024-10-19T18:00:00.000Z,False,True,False,True,,4433.0,George P. Miller Stadium,2291,IU Pennsylvania,ii,Pennsylvania State Athletic,20.0,"[0, 0, 13, 7]",,,,611,Seton Hill,ii,Pennsylvania State Athletic,13.0,"[10, 3, 0, 0]",,,,,,,
401676091,2024,8,regular,2024-10-19T18:00:00.000Z,False,True,False,True,,5834.0,Deeds Field-Piper Stadium,2171,Denison,iii,North Coast,34.0,"[0, 14, 6, 14]",,,,83,DePauw,iii,North Coast,53.0,"[14, 19, 7, 13]",,,,,,,
401638345,2024,8,regular,2024-10-19T18:00:00.000Z,False,True,False,True,9897.0,3868.0,Paladin Stadium,231,Furman,fcs,Southern,20.0,"[0, 6, 7, 7]",0.001219672473452544,,,2717,Western Carolina,fcs,Southern,52.0,"[7, 10, 14, 21]",0.9987803275265474,,,4.2813069092,,,
401638677,2024,8,regular,2024-10-19T18:00:00.000Z,False,True,False,True,1461.0,3655.0,Brown Field,2674,Valparaiso,fcs,Pioneer,14.0,"[7, 0, 0, 7]",0.0029013886851934046,,,2900,St. Thomas (MN),fcs,Pioneer,42.0,"[7, 21, 0, 14]",0.9970986113148066,,,2.9819479142,,,
401632118,2024,8,regular,2024-10-19T18:00:00.000Z,False,True,False,False,5327.0,5888.0,University Stadium (GA),2698,West Georgia,fcs,UAC,41.0,"[7, 14, 6, 14]",0.998296410526136,,,2560,Shorter,ii,Gulf South,13.0,"[0, 7, 3, 3]",0.0017035894738639534,,,4.7480693282,,,
401654540,2024,8,regular,2024-10-19T18:00:00.000Z,False,True,False,False,12179.0,3864.0,Oliver C. Dawson Stadium,2569,South Carolina State,fcs,MEAC,30.0,"[0, 14, 10, 6]",,,,2232,Fort Valley State,ii,SIAC,3.0,"[0, 0, 0, 3]",,,,,,,
401634202,2024,8,regular,2024-10-19T18:00:00.000Z,False,True,False,True,11617.0,3605.0,Alerus Center,155,North Dakota,fcs,MVFC,31.0,"[7, 14, 0, 10]",0.9750016039263767,,,2460,Northern Iowa,fcs,MVFC,7.0,"[0, 7, 0, 0]",0.024998396073623308,,,3.7529886854,,,
401673976,2024,8,regular,2024-10-19T18:00:00.000Z,False,True,False,True,,5839.0,Langhorst Field,72,Elmhurst,iii,CCIW,10.0,"[3, 0, 0, 7]",,,,143,Washington St. Louis,iii,CCIW,49.0,"[14, 21, 7, 7]",,,,,,,
401674145,2024,8,regular,2024-10-19T18:00:00.000Z,False,True,False,False,,6062.0,Gable Field at Doc Wadley Stadium,196,Northeastern State,ii,Independent DII,57.0,"[23, 17, 3, 14]",,,,2122,Central Oklahoma,ii,Mid America,64.0,"[14, 7, 22, 21]",,,,,,,
401682328,2024,8,regular,2024-10-19T18:00:00.000Z,False,True,False,True,,3889.0,Reinhart Field,2951,SUNY Maritime,iii,NEWMAC,42.0,"[6, 14, 15, 7]",,,,2749,WPI,iii,NEWMAC,35.0,"[7, 7, 7, 14]",,,,,,,
401674632,2024,8,regular,2024-10-19T18:00:00.000Z,False,True,False,True,,5798.0,Jerry E. Apple Stadium,2045,Austin,iii,Southern Collegiate Athletic,17.0,"[3, 7, 0, 7]",,,,2639,Texas Lutheran,iii,Southern Collegiate Athletic,55.0,"[14, 20, 7, 14]",,,,,,,
401674597,2024,8,regular,2024-10-19T18:00:00.000Z,False,True,False,True,,5817.0,Ron and Joyce Schipper Stadium,2964,Central College,iii,American Rivers,56.0,"[21, 28, 7, 0]",,,,67,Luther,iii,American Rivers,3.0,"[0, 0, 3, 0]",,,,,,,
401675437,2024,8,regular,2024-10-19T18:30:00.000Z,False,True,False,True,,3769.0,Jack Britt Memorial Stadium,437,Lake Erie,ii,Great Midwest Athletic,10.0,"[10, 0, 0, 0]",,,,2273,Hillsdale,ii,Great Midwest Athletic,28.0,"[7, 0, 14, 7]",,,,,,,
401676787,2024,8,regular,2024-10-19T18:30:00.000Z,False,True,False,True,,6046.0,Meares Stadium,2369,Mars Hill,ii,South Atlantic,30.0,"[13, 3, 7, 7]",,,,2839,Tusculum,ii,South Atlantic,3.0,"[0, 0, 3, 0]",,,,,,,
401674624,2024,8,regular,2024-10-19T18:30:00.000Z,False,True,False,True,,6137.0,Walston-Hoover Stadium,2685,Wartburg,iii,American Rivers,46.0,"[7, 9, 9, 21]",,,,2564,Simpson (IA),iii,American Rivers,21.0,"[0, 7, 7, 7]",,,,,,,
401675979,2024,8,regular,2024-10-19T18:30:00.000Z,False,True,False,True,,5120.0,J.J. Keller Field at Titan Stadium,271,Wisconsin Oshkosh,iii,Wisconsin,24.0,"[3, 0, 14, 7]",,,,272,Wisconsin Platteville,iii,Wisconsin,17.0,"[3, 7, 0, 7]",,,,,,,
401674881,2024,8,regular,2024-10-19T18:30:00.000Z,False,True,False,True,,5638.0,Dave Wolk Stadium,293,Vermont State Castleton,iii,MSCAC,6.0,"[0, 6, 0, 0]",,,,2972,Plymouth State,iii,MSCAC,21.0,"[7, 14, 0, 0]",,,,,,,
401674716,2024,8,regular,2024-10-19T18:30:00.000Z,False,True,False,True,,3995.0,Dr. John W. Winkin Sports Complex,2280,Husson,iii,Commonwealth Coast,56.0,"[14, 14, 21, 7]",,,,2884,Nichols,iii,Commonwealth Coast,22.0,"[7, 7, 0, 8]",,,,,,,
401675843,2024,8,regular,2024-10-19T19:00:00.000Z,False,True,False,True,,3638.0,MDU Resources Community Bowl,559,University of Mary,ii,Northern Sun,0.0,"[0, 0, 0, 0]",,,,2844,Wayne State (NE),ii,Northern Sun,30.0,"[3, 7, 6, 14]",,,,,,,
401676203,2024,8,regular,2024-10-19T19:00:00.000Z,False,True,True,True,,3877.0,Pioneer Stadium,101161,Lyon,iii,Southern Collegiate Athletic,21.0,"[7, 6, 8, 0]",,,,101442,Centenary (LA),iii,Southern Collegiate Athletic,28.0,"[7, 7, 0, 14]",,,,,,,
401673244,2024,8,regular,2024-10-19T19:00:00.000Z,False,True,False,True,,5782.0,Mountaineer Bowl,2714,Western Colorado,ii,Rocky Mountain,35.0,"[7, 0, 14, 14]",,,,613,South Dakota Mines,ii,Rocky Mountain,24.0,"[7, 3, 14, 0]",,,,,,,
401636366,2024,8,regular,2024-10-19T19:00:00.000Z,False,True,False,True,9321.0,3896.0,Rice-Totten Field,2400,Mississippi Valley State,fcs,SWAC,10.0,"[3, 0, 7, 0]",0.11847774097248875,,,2065,Bethune-Cookman,fcs,SWAC,20.0,"[0, 14, 3, 3]",0.8815222590275112,,,5.73363676,,,
401658343,2024,8,regular,2024-10-19T19:00:00.000Z,False,True,False,True,,3885.0,Harvey Randall Wickes Memorial Stadium,129,Saginaw Valley State,ii,GLIAC,9.0,"[2, 7, 0, 0]",,,,125,Grand Valley State,ii,GLIAC,16.0,"[3, 0, 7, 6]",,,,,,,
401673146,2024,8,regular,2024-10-19T19:00:00.000Z,False,True,False,True,,5866.0,Rex Stadium,2001,Adams State,ii,Rocky Mountain,14.0,"[7, 7, 0, 0]",,,,2146,Colorado School of Mines,ii,Rocky Mountain,56.0,"[14, 21, 14, 7]",,,,,,,
401673261,2024,8,regular,2024-10-19T19:00:00.000Z,False,True,False,True,,5882.0,Ralph Stocker Stadium,11,Colorado Mesa,ii,Rocky Mountain,21.0,"[0, 7, 7, 7]",,,,2424,New Mexico Highlands,ii,Rocky Mountain,10.0,"[0, 3, 0, 7]",,,,,,,
401674115,2024,8,regular,2024-10-19T19:00:00.000Z,False,True,False,True,,5134.0,Bearcat Stadium,138,Northwest Missouri State,ii,Mid America,30.0,"[7, 14, 3, 6]",,,,2118,Central Missouri,ii,Mid America,35.0,"[0, 21, 7, 7]",,,,,,,
401673267,2024,8,regular,2024-10-19T19:00:00.000Z,False,True,False,True,,5880.0,Elliott Field at Don Beebe Stadium,2123,Chadron State,ii,Rocky Mountain,55.0,"[7, 17, 24, 7]",,,,2237,Fort Lewis,ii,Rocky Mountain,13.0,"[0, 0, 3, 10]",,,,,,,
401673236,2024,8,regular,2024-10-19T19:00:00.000Z,False,True,False,True,,4852.0,Neta and Eddie DeRose ThunderBowl,2570,CSU Pueblo,ii,Rocky Mountain,24.0,"[7, 7, 7, 3]",,,,2069,Black Hills State,ii,Rocky Mountain,21.0,"[7, 0, 7, 7]",,,,,,,
401676002,2024,8,regular,2024-10-19T19:00:00.000Z,False,True,False,True,,5998.0,Monarch Stadium,291,Methodist,iii,USA South,17.0,"[3, 14, 0, 0]",,,,2896,Southern Virginia,iii,USA South,21.0,"[7, 0, 7, 7]",,,,,,,
401676211,2024,8,regular,2024-10-19T19:00:00.000Z,False,True,False,True,,5787.0,Docking Stadium,2003,Adrian,iii,Michigan,30.0,"[7, 7, 7, 9]",,,,129738,Calvin,iii,Michigan,10.0,"[7, 3, 0, 0]",,,,,,,
401675609,2024,8,regular,2024-10-19T19:00:00.000Z,False,True,False,True,,6044.0,Lane Field,2323,Lane College,ii,SIAC,27.0,"[13, 0, 0, 14]",,,,2119,Central State,ii,SIAC,24.0,"[0, 10, 7, 7]",,,,,,,
401634148,2024,8,regular,2024-10-19T19:00:00.000Z,False,True,False,True,4216.0,3925.0,Seibert Stadium,2535,Samford,fcs,Southern,55.0,"[28, 14, 0, 13]",0.9976731023157354,,,2382,Mercer,fcs,Southern,35.0,"[7, 0, 21, 7]",0.0023268976842646394,,,2.7570773365,,,
401674164,2024,8,regular,2024-10-19T19:00:00.000Z,False,True,False,True,,6067.0,Carnie Smith Stadium,90,Pittsburg State,ii,Mid America,18.0,"[0, 6, 6, 6]",,,,2231,Fort Hays,ii,Mid America,17.0,"[7, 0, 7, 3]",,,,,,,
401674430,2024,8,regular,2024-10-19T19:00:00.000Z,False,True,False,True,,5113.0,Ruggles Field at Carpenter-Haygood Stadium,2271,Henderson State,ii,Great American,19.0,"[3, 7, 0, 9]",,,,2568,Southern Arkansas,ii,Great American,42.0,"[7, 14, 21, 0]",,,,,,,
401676240,2024,8,regular,2024-10-19T19:00:00.000Z,False,True,False,True,,5824.0,Lions Stadium,2442,The College of New Jersey,iii,New Jersey,48.0,"[7, 31, 7, 3]",,,,2871,Kean,iii,New Jersey,7.0,"[7, 0, 0, 0]",,,,,,,
401634164,2024,8,regular,2024-10-19T19:00:00.000Z,False,True,False,True,15991.0,3909.0,Roy Stewart Stadium,93,Murray State,fcs,MVFC,32.0,"[0, 14, 0, 18]",0.3516792773924738,,,2287,Illinois State,fcs,MVFC,40.0,"[6, 10, 14, 10]",0.6483207226075263,,,5.6984930931,,,
401674491,2024,8,regular,2024-10-19T19:00:00.000Z,False,True,False,True,,3875.0,Paul Laird Field,199,Southeastern Oklahoma State,ii,Great American,40.0,"[13, 14, 7, 6]",,,,200,Southern Nazarene,ii,Great American,14.0,"[0, 0, 14, 0]",,,,,,,
401636358,2024,8,regular,2024-10-19T19:00:00.000Z,False,True,False,True,17135.0,3902.0,Eddie Robinson Stadium,2755,Grambling,fcs,SWAC,31.0,"[7, 3, 14, 7]",0.29748899104507276,,,2029,Arkansas-Pine Bluff,fcs,SWAC,21.0,"[7, 0, 7, 7]",0.7025110089549272,,,8.5900518735,,,
401687156,2024,8,regular,2024-10-19T19:00:00.000Z,False,True,False,True,,6120.0,Growney Stadium,374,St. John Fisher,iii,Empire 8,56.0,"[14, 42, 0, 0]",,,,173,Hartwick,iii,Empire 8,0.0,"[0, 0, 0, 0]",,,,,,,
401674354,2024,8,regular,2024-10-19T19:00:00.000Z,False,True,False,True,,4436.0,Adamson Stadium,2858,California (PA),ii,Pennsylvania State Athletic,28.0,"[7, 10, 3, 8]",,,,215,Slippery Rock,ii,Pennsylvania State Athletic,7.0,"[0, 7, 0, 0]",,,,,,,
401674177,2024,8,regular,2024-10-19T19:00:00.000Z,False,True,False,True,,6055.0,Craig Field at Spratt Memorial Stadium,137,Missouri Western,ii,Mid America,23.0,"[6, 11, 0, 6]",,,,2438,Nebraska Kearney,ii,Mid America,24.0,"[7, 7, 0, 10]",,,,,,,
401675489,2024,8,regular,2024-10-19T19:00:00.000Z,False,True,False,True,,4851.0,Bazemore-Hyder Stadium,2673,Valdosta State,ii,Gulf South,35.0,"[14, 7, 14, 0]",,,,2401,Mississippi College,ii,Gulf South,10.0,"[0, 7, 0, 3]",,,,,,,
401634175,2024,8,regular,2024-10-19T19:00:00.000Z,False,True,False,True,11280.0,3878.0,Plaster Sports Complex,2623,Missouri State,fcs,MVFC,46.0,"[10, 7, 15, 14]",0.9980117188516234,,,282,Indiana State,fcs,MVFC,21.0,"[8, 7, 0, 6]",0.0019882811483765694,,,5.6173786835,,,
401644751,2024,8,regular,2024-10-19T19:30:00.000Z,False,True,False,True,18350.0,3764.0,Huskie Stadium,2459,Northern Illinois,fbs,Mid-American,6.0,"[3, 3, 0, 0]",0.9699869159030086,1470.0,1460.0,2649,Toledo,fbs,Mid-American,13.0,"[0, 7, 3, 3]",0.030013084096991438,1508.0,1518.0,7.3746354167,,,
401674650,2024,8,regular,2024-10-19T19:30:00.000Z,False,True,False,True,,5857.0,Gordon Wood Stadium,2758,Howard Payne,iii,American Southwest,0.0,"[0, 0, 0, 0]",,,,2371,Mary Hardin Baylor,iii,American Southwest,41.0,"[16, 9, 13, 3]",,,,,,,
401676044,2024,8,regular,2024-10-19T19:30:00.000Z,False,True,False,True,,5807.0,Brevard Memorial Stadium,2913,Brevard,iii,USA South,21.0,"[7, 0, 0, 14]",,,,548,LaGrange,iii,USA South,26.0,"[2, 11, 6, 7]",,,,,,,
401645347,2024,8,regular,2024-10-19T19:30:00.000Z,False,True,False,True,35094.0,3852.0,Navy-Marine Corps Memorial Stadium,2426,Navy,fbs,American Athletic,51.0,"[24, 14, 13, 0]",0.9982078256810092,1555.0,1612.0,2429,Charlotte,fbs,American Athletic,17.0,"[0, 10, 7, 0]",0.0017921743189908135,1253.0,1196.0,2.064588811,,,
401644749,2024,8,regular,2024-10-19T19:30:00.000Z,False,True,False,True,18487.0,3965.0,UB Stadium,2084,Buffalo,fbs,Mid-American,41.0,"[10, 7, 7, 17]",0.2982382134854651,1294.0,1275.0,2711,Western Michigan,fbs,Mid-American,48.0,"[7, 21, 7, 13]",0.7017617865145349,1223.0,1242.0,7.7487243344,,,
401645345,2024,8,regular,2024-10-19T19:30:00.000Z,False,True,False,True,28154.0,3886.0,Raymond James Stadium,58,South Florida,fbs,American Athletic,35.0,"[0, 7, 13, 15]",0.7660914083651577,1325.0,1326.0,5,UAB,fbs,American Athletic,25.0,"[3, 6, 10, 6]",0.23390859163484234,1091.0,1090.0,9.5463592111,,,
401628658,2024,8,regular,2024-10-19T19:30:00.000Z,False,True,False,True,5382.0,2068.0,E. Claiborne Robins Stadium,257,Richmond,fcs,CAA,28.0,"[7, 21, 0, 0]",0.9956877311912803,,,48,Delaware,fcs,CAA,9.0,"[3, 6, 0, 0]",0.00431226880871971,,,3.9758813449,,,
401636375,2024,8,regular,2024-10-19T19:30:00.000Z,False,True,False,True,28450.0,3976.0,Mississippi Veterans Memorial Stadium,2296,Jackson State,fcs,SWAC,35.0,"[14, 6, 0, 15]",0.951298385054335,,,50,Florida A&M,fcs,SWAC,21.0,"[14, 7, 0, 0]",0.04870161494566505,,,8.8751142916,,,
401628661,2024,8,regular,2024-10-19T19:30:00.000Z,False,True,False,True,7204.0,4419.0,Bob Ford Field,399,UAlbany,fcs,CAA,14.0,"[7, 0, 7, 0]",0.030763565570356057,,,2210,Elon,fcs,CAA,30.0,"[14, 3, 13, 0]",0.9692364344296439,,,3.4484140901,,,
401645348,2024,8,regular,2024-10-19T19:30:00.000Z,False,True,False,True,20802.0,3604.0,Alamodome,2636,UTSA,fbs,American Athletic,38.0,"[3, 14, 7, 14]",0.9971200957487705,1371.0,1391.0,2226,Florida Atlantic,fbs,American Athletic,24.0,"[7, 10, 7, 0]",0.002879904251229526,1280.0,1260.0,9.4002835488,,,
401628654,2024,8,regular,2024-10-19T19:30:00.000Z,False,True,False,True,12138.0,3998.0,Zable Stadium,2729,William & Mary,fcs,CAA,35.0,"[14, 7, 0, 14]",0.9749526007651361,,,2097,Campbell,fcs,CAA,28.0,"[7, 7, 7, 7]",0.025047399234863876,,,6.6585176857,,,
401655635,2024,8,regular,2024-10-19T19:30:00.000Z,False,True,False,False,9995.0,3990.0,William H. Greene Stadium,47,Howard,fcs,MEAC,14.0,"[0, 7, 7, 0]",0.016074901693642743,,,2634,Tennessee State,fcs,Big South-OVC,27.0,"[7, 6, 14, 0]",0.9839250983063572,,,5.1356175016,,,
401628518,2024,8,regular,2024-10-19T19:30:00.000Z,False,True,False,True,60670.0,3832.0,"Memorial Stadium (Champaign, IL)",356,Illinois,fbs,Big Ten,21.0,"[3, 10, 8, 0]",0.9095558884803752,1541.0,1602.0,130,Michigan,fbs,Big Ten,7.0,"[0, 7, 0, 0]",0.09044411151962484,1878.0,1817.0,4.8074629555,,,
401645350,2024,8,regular,2024-10-19T19:30:00.000Z,False,True,False,True,22897.0,4729.0,Yulman Stadium,2655,Tulane,fbs,American Athletic,24.0,"[3, 7, 0, 14]",0.9786910744981652,1751.0,1738.0,242,Rice,fbs,American Athletic,10.0,"[0, 7, 3, 0]",0.02130892550183483,1222.0,1235.0,8.2930453716,,,
401644748,2024,8,regular,2024-10-19T19:30:00.000Z,False,True,False,True,20858.0,3700.0,Doyt L. Perry Stadium,189,Bowling Green,fbs,Mid-American,27.0,"[10, 10, 0, 7]",0.99883526969678,1406.0,1410.0,2309,Kent State,fbs,Mid-American,6.0,"[3, 3, 0, 0]",0.0011647303032199519,928.0,924.0,4.1788126186,,,
401643813,2024,8,regular,2024-10-19T19:30:00.000Z,False,True,False,True,19129.0,3918.0,S.B. Ballard Stadium,295,Old Dominion,fbs,Sun Belt,24.0,"[7, 7, 0, 10]",0.9074426670592894,1379.0,1416.0,326,Texas State,fbs,Sun Belt,14.0,"[0, 0, 7, 7]",0.09255733294071056,1639.0,1602.0,6.364009365,,,
401628982,2024,8,regular,2024-10-19T19:30:00.000Z,False,True,True,False,59021.0,5348.0,Mercedes-Benz Stadium,59,Georgia Tech,fbs,ACC,13.0,"[7, 0, 0, 6]",0.02331751273391456,1576.0,1581.0,87,Notre Dame,fbs,FBS Independents,31.0,"[0, 14, 7, 10]",0.9766824872660854,2026.0,2021.0,3.2628132664,,,
401644686,2024,8,regular,2024-10-19T19:30:00.000Z,False,True,False,True,17021.0,3996.0,Yager Stadium,193,Miami (OH),fbs,Mid-American,30.0,"[3, 13, 14, 0]",0.9962786246160845,1486.0,1497.0,195,Ohio,fbs,Mid-American,20.0,"[0, 0, 6, 14]",0.0037213753839154817,1405.0,1394.0,4.0145384804,,,
401643736,2024,8,regular,2024-10-19T19:30:00.000Z,False,True,False,False,25112.0,3820.0,Gesa Field,265,Washington State,fbs,Pac-12,42.0,"[7, 14, 7, 14]",0.9939290990880877,1563.0,1608.0,62,Hawai'i,fbs,Mountain West,10.0,"[3, 0, 7, 0]",0.006070900911912314,1212.0,1167.0,3.8445017635,,,
401635587,2024,8,regular,2024-10-19T19:30:00.000Z,False,True,False,True,35303.0,3831.0,California Memorial Stadium,25,California,fbs,ACC,23.0,"[7, 6, 10, 0]",0.10409129339187954,1548.0,1542.0,152,NC State,fbs,ACC,24.0,"[3, 7, 0, 14]",0.8959087066081205,1454.0,1460.0,7.188961357,,,
401636901,2024,8,regular,2024-10-19T19:30:00.000Z,False,True,True,True,38619.0,3622.0,GEHA Field at Arrowhead Stadium,2305,Kansas,fbs,Big 12,42.0,"[14, 14, 0, 14]",0.9989293852618795,1570.0,1631.0,248,Houston,fbs,Big 12,14.0,"[0, 14, 0, 0]",0.0010706147381205344,1395.0,1334.0,3.6377894158,,,
401628397,2024,8,regular,2024-10-19T19:30:00.000Z,False,True,False,True,101915.0,3853.0,Neyland Stadium,2633,Tennessee,fbs,SEC,24.0,"[0, 0, 14, 10]",0.9341870502227599,1936.0,1950.0,333,Alabama,fbs,SEC,17.0,"[0, 7, 3, 7]",0.06581294977724006,2010.0,1996.0,9.9902493945,,,
401643812,2024,8,regular,2024-10-19T20:00:00.000Z,False,True,False,True,20153.0,3608.0,Allen E. Paulson Stadium,290,Georgia Southern,fbs,Sun Belt,28.0,"[7, 14, 7, 0]",0.9924757699604869,1371.0,1449.0,256,James Madison,fbs,Sun Belt,14.0,"[0, 0, 7, 7]",0.00752423003951308,1866.0,1788.0,5.185532857,,,
401676318,2024,8,regular,2024-10-19T20:00:00.000Z,False,True,False,True,,6102.0,Sparks Stadium,2486,Pacific Lutheran,iii,Northwest,50.0,"[20, 20, 10, 0]",,,,2930,Willamette,iii,Northwest,0.0,"[0, 0, 0, 0]",,,,,,,
401632134,2024,8,regular,2024-10-19T20:00:00.000Z,False,True,False,True,3133.0,3745.0,Greater Zion Stadium,3101,Utah Tech,fcs,UAC,7.0,"[0, 7, 0, 0]",0.27432375642021534,,,2046,Austin Peay,fcs,UAC,13.0,"[10, 0, 0, 3]",0.7256762435797847,,,7.0955696035,,,
401675935,2024,8,regular,2024-10-19T20:00:00.000Z,False,True,False,True,,5821.0,Fritz B. Burns Stadium,17,Claremont Mudd Scripps,iii,So. Cal.,57.0,"[14, 20, 13, 10]",,,,2318,La Verne,iii,So. Cal.,14.0,"[7, 0, 0, 7]",,,,,,,
401633994,2024,8,regular,2024-10-19T20:00:00.000Z,False,True,False,True,2682.0,3746.0,Hanson Field,2710,Western Illinois,fcs,Big South-OVC,37.0,"[10, 21, 3, 3]",0.9659779851247043,,,2635,Tennessee Tech,fcs,Big South-OVC,21.0,"[7, 7, 0, 7]",0.03402201487529566,,,4.5759880243,,,
401634102,2024,8,regular,2024-10-19T20:00:00.000Z,False,True,False,True,8873.0,3791.0,Kibbie Dome,70,Idaho,fcs,Big Sky,34.0,"[3, 3, 21, 7]",0.9371379748242666,,,13,Cal Poly,fcs,Big Sky,29.0,"[0, 14, 2, 13]",0.06286202517573336,,,6.435493747,,,
401643738,2024,8,regular,2024-10-19T20:00:00.000Z,False,True,False,True,17101.0,3935.0,CEFCU Stadium,23,San José State,fbs,Mountain West,24.0,"[7, 7, 3, 7]",0.9894037666903412,1563.0,1561.0,2751,Wyoming,fbs,Mountain West,14.0,"[0, 0, 7, 7]",0.010596233309658754,1285.0,1287.0,5.8111963945,,,
401634104,2024,8,regular,2024-10-19T20:00:00.000Z,False,True,False,True,8212.0,2023.0,Walkup Skydome,2464,Northern Arizona,fcs,Big Sky,30.0,"[3, 7, 6, 14]",0.9784308972214613,,,304,Idaho State,fcs,Big Sky,26.0,"[0, 6, 17, 3]",0.02156910277853874,,,8.3971816891,,,
401633992,2024,8,regular,2024-10-19T20:00:00.000Z,False,True,False,True,3105.0,3658.0,Buccaneer Field,2127,Charleston Southern,fcs,Big South-OVC,13.0,"[0, 7, 6, 0]",0.823494582493712,,,2546,Southeast Missouri State,fcs,Big South-OVC,26.0,"[6, 10, 7, 3]",0.176505417506288,,,4.5432025277,,,
401636902,2024,8,regular,2024-10-19T20:00:00.000Z,False,True,False,True,60229.0,3784.0,Jones AT&T Stadium,2641,Texas Tech,fbs,Big 12,35.0,"[7, 7, 7, 14]",0.1697865673129431,1644.0,1556.0,239,Baylor,fbs,Big 12,59.0,"[7, 17, 14, 21]",0.8302134326870569,1457.0,1545.0,4.0008700067,,,
401632137,2024,8,regular,2024-10-19T20:00:00.000Z,False,True,False,True,10411.0,5440.0,Wildcat Stadium (TX),2000,Abilene Christian,fcs,UAC,34.0,"[0, 14, 14, 6]",0.9246033342363358,,,2198,Eastern Kentucky,fcs,UAC,20.0,"[0, 7, 13, 0]",0.07539666576366422,,,6.3211667532,,,
401628521,2024,8,regular,2024-10-19T20:00:00.000Z,False,True,False,True,43013.0,3665.0,SECU Stadium,120,Maryland,fbs,Big Ten,29.0,"[0, 7, 7, 15]",0.2091783369745479,1546.0,1553.0,30,USC,fbs,Big Ten,28.0,"[7, 14, 0, 7]",0.7908216630254521,1763.0,1756.0,7.3526882152,,,
401676398,2024,8,regular,2024-10-19T20:00:00.000Z,False,True,False,True,,5799.0,Daly Field at Frank R. Campbell Stadium,2047,Averett,iii,Old Dominion,10.0,"[0, 3, 0, 7]",,,,2516,Randolph Macon,iii,Old Dominion,49.0,"[21, 14, 14, 0]",,,,,,,
401674415,2024,8,regular,2024-10-19T20:00:00.000Z,False,True,False,True,,5936.0,Koi Ishto Stadium,2191,East Central,ii,Great American,20.0,"[3, 7, 7, 3]",,,,2823,Northwestern (OK),ii,Great American,14.0,"[7, 0, 0, 7]",,,,,,,
401676323,2024,8,regular,2024-10-19T20:00:00.000Z,False,True,False,True,,6104.0,Baker Stadium,2508,Puget Sound,iii,Northwest,24.0,"[0, 9, 15, 0]",,,,2721,Whitworth,iii,Northwest,42.0,"[9, 6, 20, 7]",,,,,,,
401634105,2024,8,regular,2024-10-19T20:00:00.000Z,False,True,False,True,3121.0,4765.0,Hillsboro Stadium,2502,Portland State,fcs,Big Sky,14.0,"[0, 0, 0, 14]",0.00045774896134666445,,,147,Montana State,fcs,Big Sky,44.0,"[7, 28, 6, 3]",0.9995422510386534,,,1.9995884958,,,
401643737,2024,8,regular,2024-10-19T20:00:00.000Z,False,True,False,True,14584.0,3905.0,Maverik Stadium,328,Utah State,fbs,Mountain West,45.0,"[14, 10, 14, 7]",0.9988764389108926,1172.0,1170.0,167,New Mexico,fbs,Mountain West,50.0,"[0, 15, 14, 21]",0.0011235610891073833,1271.0,1273.0,1.661834419,,,
401675808,2024,8,regular,2024-10-19T20:00:00.000Z,False,True,False,True,,3612.0,Alumni Memorial Stadium (NC),2940,Livingstone,ii,CIAA,17.0,"[7, 0, 3, 7]",,,,2736,Winston-Salem State,ii,CIAA,31.0,"[7, 10, 7, 7]",,,,,,,
401676447,2024,8,regular,2024-10-19T20:00:00.000Z,False,True,False,True,,5892.0,Armfield Athletic Center,2258,Guilford,iii,Old Dominion,23.0,"[3, 6, 7, 7]",,,,2688,Washington and Lee,iii,Old Dominion,40.0,"[0, 13, 14, 13]",,,,,,,
401636897,2024,8,regular,2024-10-19T20:00:00.000Z,False,True,False,True,50724.0,3619.0,Arizona Stadium,12,Arizona,fbs,Big 12,7.0,"[7, 0, 0, 0]",0.006891693069847433,1616.0,1526.0,38,Colorado,fbs,Big 12,34.0,"[14, 14, 3, 3]",0.9931083069301526,1490.0,1580.0,2.6237318254,,,
401677681,2024,8,regular,2024-10-19T20:00:00.000Z,False,True,False,True,,5920.0,Griswold Stadium,2333,Lewis & Clark,iii,Northwest,51.0,"[10, 17, 14, 10]",,,,205,Pacific (OR),iii,Northwest,37.0,"[0, 7, 20, 10]",,,,,,,
401628394,2024,8,regular,2024-10-19T20:15:00.000Z,False,True,False,True,50127.0,3693.0,Davis Wade Stadium,344,Mississippi State,fbs,SEC,24.0,"[7, 10, 0, 7]",0.027039430126155475,1395.0,1405.0,245,Texas A&M,fbs,SEC,34.0,"[7, 14, 10, 3]",0.9729605698738445,1781.0,1771.0,4.4843261843,,,
401634033,2024,8,regular,2024-10-19T20:30:00.000Z,False,True,False,True,5437.0,4762.0,Memorial Stadium (Commerce TX),2837,East Texas A&M,fcs,Southland,20.0,"[3, 7, 7, 3]",0.055314547211375825,,,2320,Lamar,fcs,Southland,29.0,"[3, 14, 0, 12]",0.9446854527886241,,,5.9700064584,,,
401675480,2024,8,regular,2024-10-19T21:00:00.000Z,False,True,False,True,,5935.0,Parker Field at McCool Stadium,2170,Delta State,ii,Gulf South,21.0,"[7, 14, 0, 0]",,,,2695,West Alabama,ii,Gulf South,6.0,"[6, 0, 0, 0]",,,,,,,
401634022,2024,8,regular,2024-10-19T21:00:00.000Z,False,True,False,True,,3734.0,Gayle and Tom Benson Stadium,2916,Incarnate Word,fcs,Southland,30.0,"[0, 13, 14, 3]",0.9192387417389984,,,2377,McNeese,fcs,Southland,17.0,"[7, 3, 7, 0]",0.08076125826100156,,,6.232176292,,,
401675119,2024,8,regular,2024-10-19T21:00:00.000Z,False,True,False,True,,3944.0,Strawberry Stadium,2545,SE Louisiana,fcs,Southland,24.0,"[7, 7, 0, 10]",0.7035127427133695,,,2617,Stephen F. Austin,fcs,Southland,23.0,"[7, 3, 3, 10]",0.2964872572866305,,,8.3822364137,,,
401638675,2024,8,regular,2024-10-19T21:00:00.000Z,False,True,False,True,3017.0,716.0,Torero Stadium,301,San Diego,fcs,Pioneer,34.0,"[14, 0, 10, 10]",0.9917462516869093,,,2368,Marist,fcs,Pioneer,6.0,"[0, 0, 6, 0]",0.00825374831309067,,,4.225280618,,,
401674235,2024,8,regular,2024-10-19T21:00:00.000Z,False,True,False,True,,5871.0,Convoy Leslie Cotton Boll Stadium,2028,Arkansas Monticello,ii,Great American,24.0,"[14, 7, 0, 3]",,,,2033,Arkansas Tech,ii,Great American,13.0,"[0, 3, 7, 3]",,,,,,,
401675974,2024,8,regular,2024-10-19T21:00:00.000Z,False,True,False,True,,6142.0,Westside Athletic Complex,2843,Western Connecticut State,iii,MSCAC,49.0,"[21, 28, 0, 0]",,,,18,Bridgewater State,iii,MSCAC,7.0,"[0, 0, 7, 0]",,,,,,,
401675598,2024,8,regular,2024-10-19T22:00:00.000Z,False,True,False,True,,3705.0,Earl Kitchings Stadium,2206,Edward Waters,ii,SIAC,20.0,"[7, 3, 10, 0]",,,,2542,Savannah State,ii,SIAC,27.0,"[0, 7, 7, 13]",,,,,,,
401676649,2024,8,regular,2024-10-19T22:00:00.000Z,False,True,False,True,,6139.0,Cameron Stadium,2686,Washington & Jefferson,iii,Presidents',27.0,"[6, 14, 7, 0]",,,,146,Grove City,iii,Presidents',19.0,"[6, 10, 3, 0]",,,,,,,
401676641,2024,8,regular,2024-10-19T22:00:00.000Z,False,True,False,True,,3671.0,Case Field,2963,Case Western Reserve,iii,Presidents',52.0,"[21, 14, 7, 10]",,,,2644,Thiel,iii,Presidents',7.0,"[0, 0, 7, 0]",,,,,,,
401674344,2024,8,regular,2024-10-19T22:00:00.000Z,False,True,False,True,,3760.0,Hubert Jack Stadium,209,Lock Haven,ii,Pennsylvania State Athletic,35.0,"[21, 0, 7, 7]",,,,2071,Bloomsburg,ii,Pennsylvania State Athletic,32.0,"[6, 7, 12, 7]",,,,,,,
401634248,2024,8,regular,2024-10-19T22:00:00.000Z,False,True,False,True,8560.0,844.0,Stambaugh Stadium,2754,Youngstown State,fcs,MVFC,17.0,"[7, 10, 0, 0]",0.09957031014714147,,,233,South Dakota,fcs,MVFC,27.0,"[0, 14, 10, 3]",0.9004296898528585,,,5.6717299682,,,
401675767,2024,8,regular,2024-10-19T22:00:00.000Z,False,True,False,True,,5122.0,Shuford Stadium,2107,Catawba,ii,South Atlantic,21.0,"[0, 0, 7, 14]",,,,2444,Newberry,ii,South Atlantic,27.0,"[0, 6, 7, 14]",,,,,,,
401676405,2024,8,regular,2024-10-19T22:00:00.000Z,False,True,False,True,,5800.0,Jopson Athletic Complex,2079,Bridgewater,iii,Old Dominion,22.0,"[0, 8, 0, 14]",,,,2828,Shenandoah,iii,Old Dominion,21.0,"[0, 7, 7, 7]",,,,,,,
401674368,2024,8,regular,2024-10-19T22:05:00.000Z,False,True,False,True,,4439.0,Eiler-Martin Stadium,2188,East Stroudsburg,ii,Pennsylvania State Athletic,45.0,"[7, 21, 3, 14]",,,,223,West Chester,ii,Pennsylvania State Athletic,31.0,"[3, 14, 14, 0]",,,,,,,
401675819,2024,8,regular,2024-10-19T23:00:00.000Z,False,True,False,True,,3951.0,Swisher Field,425,Northern State,ii,Northern Sun,41.0,"[10, 21, 7, 3]",,,,2587,Southwest Minnesota State,ii,Northern Sun,7.0,"[0, 0, 0, 7]",,,,,,,
401674480,2024,8,regular,2024-10-19T23:00:00.000Z,False,True,False,True,,6064.0,Crain Family Stadium,319,Oklahoma Baptist,ii,Great American,35.0,"[7, 21, 7, 0]",,,,2927,Southwestern Oklahoma State,ii,Great American,17.0,"[0, 17, 0, 0]",,,,,,,
401675281,2024,8,regular,2024-10-19T23:00:00.000Z,False,True,False,True,,6127.0,John P. Papp Stadium,2748,Wooster,iii,North Coast,22.0,"[0, 0, 15, 7]",,,,2980,Ohio Wesleyan,iii,North Coast,34.0,"[0, 13, 14, 7]",,,,,,,
401674739,2024,8,regular,2024-10-19T23:00:00.000Z,False,True,False,True,,980.0,Benedetti-Wehrli Stadium,3071,North Central College,iii,CCIW,69.0,"[10, 35, 10, 14]",,,,75,North Park,iii,CCIW,0.0,"[0, 0, 0, 0]",,,,,,,
401628392,2024,8,regular,2024-10-19T23:00:00.000Z,False,True,False,True,75893.0,3887.0,Razorback Stadium,8,Arkansas,fbs,SEC,10.0,"[0, 7, 3, 0]",0.07073032520246239,1513.0,1490.0,99,LSU,fbs,SEC,34.0,"[10, 6, 8, 10]",0.9292696747975376,1875.0,1898.0,3.2139788267,,,
401628399,2024,8,regular,2024-10-19T23:00:00.000Z,False,True,False,False,27884.0,3973.0,FirstBank Stadium,238,Vanderbilt,fbs,SEC,24.0,"[3, 11, 0, 10]",0.9042891884815737,1400.0,1396.0,2050,Ball State,fbs,Mid-American,14.0,"[7, 0, 7, 0]",0.09571081151842631,1085.0,1089.0,7.2337044479,,,
401675556,2024,8,regular,2024-10-19T23:00:00.000Z,False,True,False,True,,5917.0,Ratliff Stadium,110243,UT Permian Basin,ii,Lone Star,27.0,"[14, 0, 6, 7, 0]",,,,2848,Western Oregon,ii,Lone Star,30.0,"[0, 20, 0, 7, 3]",,,,,,,
401676351,2024,8,regular,2024-10-19T23:00:00.000Z,False,True,False,True,,6090.0,Sherman Field at McConagha Stadium,332,Muskingum,iii,Ohio,6.0,"[0, 0, 0, 6]",,,,317,Marietta,iii,Ohio,38.0,"[0, 17, 14, 7]",,,,,,,
401674641,2024,8,regular,2024-10-19T23:00:00.000Z,False,True,False,False,,5996.0,Wilford Moore Stadium,241,McMurry,iii,Southern Collegiate Athletic,12.0,"[0, 6, 0, 6]",,,,2810,Hardin Simmons,iii,American Southwest,17.0,"[7, 0, 3, 7]",,,,,,,
401654561,2024,8,regular,2024-10-19T23:00:00.000Z,False,True,False,True,26685.0,3599.0,Ace W. Mumford Stadium,2582,Southern,fcs,SWAC,24.0,"[0, 14, 0, 10]",0.9751538959655014,,,2016,Alcorn State,fcs,SWAC,14.0,"[7, 7, 0, 0]",0.024846104034498606,,,8.6646508496,,,
401634103,2024,8,regular,2024-10-19T23:00:00.000Z,False,True,False,True,7419.0,3906.0,Roos Field,331,Eastern Washington,fcs,Big Sky,38.0,"[3, 6, 12, 17]",0.06804764025182565,,,302,UC Davis,fcs,Big Sky,48.0,"[0, 28, 3, 17]",0.9319523597481744,,,4.4714064562,,,
401676623,2024,8,regular,2024-10-19T23:00:00.000Z,False,True,False,True,,5849.0,Reeves Field (PA),2242,Geneva,iii,Presidents',30.0,"[13, 17, 0, 0]",,,,2018,Allegheny,iii,Presidents',13.0,"[0, 0, 0, 13]",,,,,,,
401675575,2024,8,regular,2024-10-19T23:00:00.000Z,False,True,False,True,,6217.0,W.C. Hawkins Stadium,2019,Allen,ii,SIAC,27.0,"[7, 7, 7, 6, 0]",,,,490,Benedict,ii,SIAC,34.0,"[7, 7, 6, 7, 7]",,,,,,,
401643814,2024,8,regular,2024-10-19T23:00:00.000Z,False,True,False,True,24542.0,3815.0,M. M. Roberts Stadium,2572,Southern Miss,fbs,Sun Belt,28.0,"[7, 14, 0, 7]",0.3361108480627349,1095.0,1074.0,2032,Arkansas State,fbs,Sun Belt,44.0,"[21, 7, 13, 3]",0.6638891519372652,1262.0,1283.0,2.8706302613,,,
401676282,2024,8,regular,2024-10-19T23:05:00.000Z,False,True,False,True,,5850.0,Stoffer Family Stadium,415,George Fox,iii,Northwest,7.0,"[0, 7, 0, 0]",,,,203,Linfield,iii,Northwest,47.0,"[17, 6, 14, 10]",,,,,,,
401645349,2024,8,regular,2024-10-19T23:30:00.000Z,False,True,False,True,24110.0,3805.0,Simmons Bank Liberty Stadium,235,Memphis,fbs,American Athletic,52.0,"[14, 14, 7, 17]",0.6543228416072232,1609.0,1612.0,249,North Texas,fbs,American Athletic,44.0,"[21, 3, 7, 13]",0.3456771583927768,1459.0,1456.0,9.4808104849,,,
401636900,2024,8,regular,2024-10-19T23:30:00.000Z,False,True,False,True,61500.0,3772.0,Jack Trice Stadium,66,Iowa State,fbs,Big 12,38.0,"[14, 0, 13, 11]",0.18105925521125116,1773.0,1771.0,2116,UCF,fbs,Big 12,35.0,"[7, 14, 7, 7]",0.8189407447887489,1501.0,1503.0,6.6619437928,,,
401636904,2024,8,regular,2024-10-19T23:30:00.000Z,False,True,False,True,54327.0,3842.0,Milan Puskar Stadium,277,West Virginia,fbs,Big 12,18.0,"[3, 7, 0, 8]",0.0014782509169596408,1597.0,1541.0,2306,Kansas State,fbs,Big 12,45.0,"[10, 7, 14, 14]",0.9985217490830404,1743.0,1799.0,3.3283212537,,,
401628398,2024,8,regular,2024-10-19T23:30:00.000Z,False,True,False,True,105215.0,3910.0,DKR-Texas Memorial Stadium,251,Texas,fbs,SEC,15.0,"[0, 0, 15, 0]",0.012471064367557372,2138.0,2089.0,61,Georgia,fbs,SEC,30.0,"[7, 16, 0, 7]",0.9875289356324426,2009.0,2058.0,3.975470081,,,
401628520,2024,8,regular,2024-10-19T23:30:00.000Z,False,True,False,True,69682.0,3936.0,Spartan Stadium,127,Michigan State,fbs,Big Ten,32.0,"[6, 6, 7, 13]",0.9557414380827481,1410.0,1456.0,2294,Iowa,fbs,Big Ten,20.0,"[0, 0, 14, 6]",0.04425856191725186,1683.0,1637.0,7.4059458969,,,
401628393,2024,8,regular,2024-10-19T23:45:00.000Z,False,True,False,True,,3634.0,Ben Hill Griffin Stadium,57,Florida,fbs,SEC,48.0,"[3, 24, 7, 14]",0.9984042579380444,1548.0,1634.0,96,Kentucky,fbs,SEC,20.0,"[0, 13, 7, 0]",0.001595742061955563,1645.0,1559.0,4.47219541,,,
401635590,2024,8,regular,2024-10-20T00:00:00.000Z,False,True,False,True,19117.0,3940.0,Stanford Stadium,24,Stanford,fbs,ACC,10.0,"[0, 7, 3, 0]",0.0010941051437557486,1229.0,1208.0,2567,SMU,fbs,ACC,40.0,"[21, 10, 0, 9]",0.9989058948562443,1765.0,1786.0,1.9449475062,,,
401675526,2024,8,regular,2024-10-20T00:00:00.000Z,False,True,False,True,,6076.0,Javelina Stadium,2658,Texas A&M-Kingsville,ii,Lone Star,0.0,"[0, 0, 0, 0]",,,,2120,Central Washington,ii,Lone Star,31.0,"[0, 14, 10, 7]",,,,,,,
401643734,2024,8,regular,2024-10-20T00:00:00.000Z,False,True,False,True,27598.0,3713.0,Falcon Stadium,2005,Air Force,fbs,Mountain West,13.0,"[0, 0, 0, 13]",0.11179793645465892,1310.0,1292.0,36,Colorado State,fbs,Mountain West,21.0,"[0, 14, 7, 0]",0.888202063545341,1277.0,1295.0,2.2864929496,,,
401675549,2024,8,regular,2024-10-20T00:00:00.000Z,False,True,False,True,,6123.0,Jackson Field,2834,Sul Ross State,ii,Lone Star,34.0,"[0, 7, 14, 13]",,,,2703,Western New Mexico,ii,Lone Star,20.0,"[10, 0, 0, 10]",,,,,,,
401675517,2024,8,regular,2024-10-20T00:00:00.000Z,False,True,False,True,,6049.0,"Memorial Stadium (Wichita Falls, TX)",2395,Midwestern State,ii,Lone Star,7.0,"[0, 0, 0, 7]",,,,2025,Angelo State,ii,Lone Star,44.0,"[7, 27, 10, 0]",,,,,,,
401674424,2024,8,regular,2024-10-20T00:00:00.000Z,False,True,False,True,,6065.0,Cliff Harris Stadium,2888,Ouachita Baptist,ii,Great American,17.0,"[7, 3, 0, 7]",,,,2264,Harding,ii,Great American,13.0,"[7, 6, 0, 0]",,,,,,,
401634209,2024,8,regular,2024-10-20T00:00:00.000Z,False,True,False,True,18807.0,3714.0,Fargodome,2449,North Dakota State,fcs,MVFC,13.0,"[0, 7, 0, 6]",0.6144411598899459,,,2571,South Dakota State,fcs,MVFC,9.0,"[0, 9, 0, 0]",0.38555884011005415,,,5.1396915316,,,
401634106,2024,8,regular,2024-10-20T01:00:00.000Z,False,True,False,True,15530.0,3757.0,Hornet Stadium,16,Sacramento State,fcs,Big Sky,51.0,"[14, 20, 7, 0, 7, 3]",0.22865197646454272,,,2692,Weber State,fcs,Big Sky,48.0,"[7, 17, 0, 17, 7, 0]",0.7713480235354573,,,8.0834149277,,,
401676200,2024,8,regular,2024-10-20T02:00:00.000Z,False,True,False,True,,5819.0,Ernie Chapman Stadium,411,Chapman,iii,So. Cal.,17.0,"[0, 7, 7, 3]",,,,2923,Pomona Pitzer,iii,So. Cal.,21.0,"[7, 7, 0, 7]",,,,,,,
401676180,2024,8,regular,2024-10-20T02:00:00.000Z,False,True,False,True,,5811.0,William Rolland Stadium,2094,Cal Lutheran,iii,So. Cal.,15.0,"[3, 3, 0, 9]",,,,29,Redlands,iii,So. Cal.,17.0,"[3, 7, 7, 0]",,,,,,,
401643739,2024,8,regular,2024-10-20T02:00:00.000Z,False,True,False,False,35195.0,3893.0,Reser Stadium,204,Oregon State,fbs,Pac-12,25.0,"[3, 14, 0, 8]",0.11654927784012334,1587.0,1578.0,2439,UNLV,fbs,Mountain West,33.0,"[3, 13, 7, 10]",0.8834507221598766,1665.0,1674.0,6.3198973757,,,
401636903,2024,8,regular,2024-10-20T02:30:00.000Z,False,True,False,True,53299.0,587.0,Rice-Eccles Stadium,254,Utah,fbs,Big 12,7.0,"[0, 0, 7, 0]",0.13682359203079916,1589.0,1572.0,2628,TCU,fbs,Big 12,13.0,"[0, 10, 3, 0]",0.8631764079692008,1508.0,1525.0,5.8298706704,,,
401640984,2024,9,regular,2024-10-22T23:30:00.000Z,False,True,True,True,10625.0,2031.0,Pitbull Stadium,2229,Florida International,fbs,Conference USA,7.0,"[0, 0, 0, 7]",0.19536670511217263,1241.0,1248.0,2534,Sam Houston,fbs,Conference USA,10.0,"[0, 0, 7, 3]",0.8046332948878274,1422.0,1415.0,6.2564066649,,,
401641011,2024,9,regular,2024-10-23T00:00:00.000Z,False,True,False,True,15168.0,3776.0,Joe Aillet Stadium,2348,Louisiana Tech,fbs,Conference USA,14.0,"[0, 7, 0, 7]",0.2380926029097199,1285.0,1284.0,2638,UTEP,fbs,Conference USA,10.0,"[7, 0, 3, 0]",0.7619073970902801,1161.0,1162.0,7.9673966467,,,
401640993,2024,9,regular,2024-10-23T23:00:00.000Z,False,True,False,True,8209.0,4899.0,Fifth Third Stadium,338,Kennesaw State,fbs,Conference USA,27.0,"[7, 7, 7, 6]",0.8126782234588759,1255.0,1261.0,2335,Liberty,fbs,Conference USA,24.0,"[7, 7, 3, 7]",0.18732177654112414,1581.0,1575.0,6.7893700745,,,
401641003,2024,9,regular,2024-10-23T23:30:00.000Z,False,True,False,True,17988.0,3662.0,AmFirst Stadium,55,Jacksonville State,fbs,Conference USA,42.0,"[14, 0, 21, 7]",0.9979171313360833,1637.0,1642.0,2393,Middle Tennessee,fbs,Conference USA,20.0,"[10, 0, 3, 7]",0.002082868663916715,1142.0,1137.0,4.4853387656,,,
401643815,2024,9,regular,2024-10-24T23:00:00.000Z,False,True,False,True,18281.0,3918.0,S.B. Ballard Stadium,295,Old Dominion,fbs,Sun Belt,47.0,"[13, 17, 14, 3]",0.9974108670334393,1416.0,1494.0,290,Georgia Southern,fbs,Sun Belt,19.0,"[0, 7, 6, 6]",0.0025891329665607143,1449.0,1371.0,3.0235251829,,,
401634770,2024,9,regular,2024-10-24T23:30:00.000Z,False,True,False,True,47266.0,3752.0,Acrisure Stadium,221,Pittsburgh,fbs,ACC,41.0,"[17, 14, 0, 10]",0.9904003635493842,1513.0,1576.0,183,Syracuse,fbs,ACC,13.0,"[0, 0, 6, 7]",0.00959963645061579,1423.0,1360.0,3.0968306165,,,
401673036,2024,9,regular,2024-10-25T23:00:00.000Z,False,True,False,True,7917.0,3730.0,Franklin Field,219,Pennsylvania,fcs,Ivy,10.0,"[0, 10, 0, 0]",0.0009601687457057367,,,43,Yale,fcs,Ivy,31.0,"[14, 7, 7, 3]",0.9990398312542943,,,2.883900881,,,
401674261,2024,9,regular,2024-10-25T23:00:00.000Z,False,True,False,True,,5121.0,University of Charleston Stadium,2128,Charleston (WV),ii,Mountain East,50.0,"[7, 21, 15, 7]",,,,2986,Fairmont State,ii,Mountain East,30.0,"[7, 17, 0, 6]",,,,,,,
401634771,2024,9,regular,2024-10-25T23:30:00.000Z,False,True,False,True,42887.0,3615.0,"Alumni Stadium (Chestnut Hill, MA)",103,Boston College,fbs,ACC,27.0,"[7, 13, 7, 0]",0.09695111535074864,1418.0,1428.0,97,Louisville,fbs,ACC,31.0,"[0, 7, 10, 14]",0.9030488846492514,1691.0,1681.0,6.229607411,,,
401643740,2024,9,regular,2024-10-26T02:30:00.000Z,False,True,False,True,42228.0,6501.0,Allegiant Stadium,2439,UNLV,fbs,Mountain West,24.0,"[10, 0, 14, 0]",0.6578167644895134,1674.0,1668.0,68,Boise State,fbs,Mountain West,29.0,"[3, 17, 3, 6]",0.34218323551048657,1711.0,1717.0,6.3665972191,,,
401628532,2024,9,regular,2024-10-26T03:00:00.000Z,False,True,False,True,63404.0,477.0,Los Angeles Memorial Coliseum,30,USC,fbs,Big Ten,42.0,"[14, 14, 14, 0]",0.9975996655845599,1756.0,1776.0,164,Rutgers,fbs,Big Ten,20.0,"[3, 9, 8, 0]",0.002400334415440075,1432.0,1412.0,4.0025479742,,,
401674843,2024,9,regular,2024-10-26T16:00:00.000Z,False,True,False,True,,3717.0,Edwin Fauver Stadium,184,Rochester (NY),iii,Liberty League,21.0,"[0, 0, 14, 7]",,,,2779,St. Lawrence,iii,Liberty League,0.0,"[0, 0, 0, 0]",,,,,,,
401675451,2024,9,regular,2024-10-26T16:00:00.000Z,False,True,False,True,,3731.0,Frost-Kalnow Stadium,2838,Tiffin,ii,Great Midwest Athletic,63.0,"[14, 28, 14, 7]",,,,437,Lake Erie,ii,Great Midwest Athletic,10.0,"[0, 3, 7, 0]",,,,,,,
401674819,2024,9,regular,2024-10-26T16:00:00.000Z,False,True,False,True,,3920.0,Schmidt Stadium,398,Wilkes,iii,Landmark Conference,21.0,"[0, 7, 0, 14]",,,,216,Susquehanna,iii,Landmark Conference,48.0,"[7, 21, 13, 7]",,,,,,,
401674769,2024,9,regular,2024-10-26T16:00:00.000Z,False,True,False,True,,5805.0,Alumni Field (OH),2074,Bluffton,iii,Heartland,10.0,"[0, 3, 7, 0]",,,,86,Rose Hulman,iii,Heartland,52.0,"[14, 21, 7, 10]",,,,,,,
401674837,2024,9,regular,2024-10-26T16:00:00.000Z,False,True,False,True,,5810.0,Coyer Field,2085,Buffalo State,iii,Liberty League,14.0,"[0, 7, 0, 7]",,,,175,Ithaca,iii,Liberty League,49.0,"[23, 7, 6, 13]",,,,,,,
401674570,2024,9,regular,2024-10-26T16:00:00.000Z,False,True,False,True,,3927.0,Sherman Field,2392,Michigan Tech,ii,GLIAC,39.0,"[3, 17, 6, 13]",,,,128,Northern Michigan,ii,GLIAC,9.0,"[0, 3, 0, 6]",,,,,,,
401673406,2024,9,regular,2024-10-26T16:00:00.000Z,False,True,False,True,,5794.0,Caparso Field,15,Anna Maria College,iii,ECFC,35.0,"[0, 28, 7, 0]",,,,3162,Alfred State,iii,ECFC,23.0,"[3, 7, 7, 6]",,,,,,,
401675466,2024,9,regular,2024-10-26T16:00:00.000Z,False,True,False,True,,3870.0,Panther Stadium (OH),2477,Ohio Dominican,ii,Great Midwest Athletic,16.0,"[7, 0, 3, 6]",,,,2682,Walsh,ii,Great Midwest Athletic,7.0,"[7, 0, 0, 0]",,,,,,,
401645353,2024,9,regular,2024-10-26T16:00:00.000Z,False,True,False,True,25478.0,3805.0,Simmons Bank Liberty Stadium,235,Memphis,fbs,American Athletic,33.0,"[0, 7, 14, 12]",0.2327610924219729,1612.0,1601.0,2429,Charlotte,fbs,American Athletic,28.0,"[7, 0, 0, 21]",0.767238907578027,1196.0,1207.0,8.5391064277,,,
401644755,2024,9,regular,2024-10-26T16:00:00.000Z,False,True,False,True,16048.0,3876.0,Peden Stadium,195,Ohio,fbs,Mid-American,47.0,"[3, 21, 9, 14]",0.9987090316324378,1394.0,1463.0,2084,Buffalo,fbs,Mid-American,16.0,"[0, 10, 6, 0]",0.0012909683675621508,1275.0,1206.0,5.050823092,,,
401628526,2024,9,regular,2024-10-26T16:00:00.000Z,False,True,False,True,53082.0,3830.0,"Memorial Stadium (Bloomington, IN)",84,Indiana,fbs,Big Ten,31.0,"[7, 10, 7, 7]",0.8790682117437898,1791.0,1812.0,264,Washington,fbs,Big Ten,17.0,"[0, 7, 7, 3]",0.1209317882562102,1707.0,1686.0,7.7075789872,,,
401645354,2024,9,regular,2024-10-26T16:00:00.000Z,False,True,False,True,23138.0,3825.0,DATCU Stadium,249,North Texas,fbs,American Athletic,37.0,"[3, 14, 7, 13]",0.02960944458906513,1456.0,1462.0,2655,Tulane,fbs,American Athletic,45.0,"[21, 10, 14, 0]",0.9703905554109349,1738.0,1732.0,3.0583480339,,,
401628983,2024,9,regular,2024-10-26T16:00:00.000Z,False,True,True,False,76112.0,3839.0,MetLife Stadium,2426,Navy,fbs,American Athletic,14.0,"[0, 7, 7, 0]",0.31432345100351905,1612.0,1564.0,87,Notre Dame,fbs,FBS Independents,51.0,"[14, 17, 13, 7]",0.6856765489964809,2021.0,2069.0,2.5478290735,,,
401676277,2024,9,regular,2024-10-26T16:00:00.000Z,False,True,False,True,,6085.0,Sprague Field,2818,Montclair State,iii,New Jersey,39.0,"[10, 13, 6, 10]",,,,2970,William Paterson,iii,New Jersey,6.0,"[0, 0, 0, 6]",,,,,,,
401676711,2024,9,regular,2024-10-26T16:00:00.000Z,False,True,False,True,,3848.0,Multi-Sport Stadium,2038,Assumption,ii,Northeast 10,19.0,"[0, 10, 6, 3]",,,,2441,New Haven,ii,Northeast 10,14.0,"[0, 7, 0, 7]",,,,,,,
401677457,2024,9,regular,2024-10-26T16:00:00.000Z,False,True,False,True,,5831.0,Dale Lippert Field,110438,Dean,iii,ECFC,6.0,"[0, 0, 6, 0]",,,,417,Gallaudet,iii,ECFC,23.0,"[6, 9, 0, 8]",,,,,,,
401654458,2024,9,regular,2024-10-26T16:00:00.000Z,False,True,False,True,7327.0,3656.0,Brown Stadium,225,Brown,fcs,Ivy,23.0,"[0, 3, 7, 13]",0.9844305702748017,,,172,Cornell,fcs,Ivy,21.0,"[7, 0, 14, 0]",0.015569429725198258,,,10.7964644436,,,
401638679,2024,9,regular,2024-10-26T16:00:00.000Z,False,True,False,True,2826.0,3988.0,Welcome Stadium,2168,Dayton,fcs,Pioneer,6.0,"[0, 0, 6, 0]",0.008728362457502964,,,2413,Morehead State,fcs,Pioneer,14.0,"[0, 7, 7, 0]",0.991271637542497,,,5.6524981035,,,
401628663,2024,9,regular,2024-10-26T16:00:00.000Z,False,True,False,True,1625.0,3661.0,Bulldog Stadium,2803,Bryant,fcs,CAA,14.0,"[7, 0, 0, 7]",,,,257,Richmond,fcs,CAA,41.0,"[13, 28, 0, 0]",,,,,,,
401628402,2024,9,regular,2024-10-26T16:00:00.000Z,False,True,False,True,67926.0,3974.0,Vaught-Hemingway Stadium,145,Ole Miss,fbs,SEC,26.0,"[7, 3, 13, 3]",0.9353244521332963,1905.0,1911.0,201,Oklahoma,fbs,SEC,14.0,"[7, 7, 0, 0]",0.06467554786670371,1694.0,1688.0,5.9986776529,,,
401676444,2024,9,regular,2024-10-26T16:00:00.000Z,False,True,False,True,,6116.0,Shentel Stadium,2828,Shenandoah,iii,Old Dominion,42.0,"[14, 0, 7, 21]",,,,2258,Guilford,iii,Old Dominion,10.0,"[0, 3, 7, 0]",,,,,,,
401675282,2024,9,regular,2024-10-26T16:00:00.000Z,False,True,False,True,,6096.0,Austin E. Knowlton Athletics Complex,391,Oberlin,iii,North Coast,21.0,"[0, 7, 6, 8]",,,,2748,Wooster,iii,North Coast,46.0,"[14, 19, 6, 7]",,,,,,,
401677496,2024,9,regular,2024-10-26T16:00:00.000Z,False,True,False,True,,5926.0,Henry G. Steinbrenner '27 Stadium,109,MIT,iii,NEWMAC,14.0,"[0, 0, 7, 7]",,,,2951,SUNY Maritime,iii,NEWMAC,20.0,"[0, 7, 13, 0]",,,,,,,
401628530,2024,9,regular,2024-10-26T16:00:00.000Z,False,True,False,True,104830.0,3861.0,Ohio Stadium,194,Ohio State,fbs,Big Ten,21.0,"[7, 7, 0, 7]",0.9923267213044521,2076.0,2063.0,158,Nebraska,fbs,Big Ten,17.0,"[0, 6, 3, 8]",0.007673278695547903,1454.0,1467.0,7.447834909,,,
401674873,2024,9,regular,2024-10-26T16:00:00.000Z,False,True,True,True,,7513.0,O'Hara Field,127954,Eastern,iii,Mid Atlantic,24.0,"[0, 7, 10, 7]",,,,471,Stevenson,iii,Mid Atlantic,14.0,"[7, 0, 7, 0]",,,,,,,
401656951,2024,9,regular,2024-10-26T16:00:00.000Z,False,True,False,False,2645.0,3668.0,Campus Field,2529,Sacred Heart,fcs,FCS Independents,31.0,"[7, 14, 7, 3]",0.9970819161451111,,,2385,Mercyhurst,fcs,NEC,14.0,"[0, 7, 0, 7]",0.0029180838548888977,,,4.1877563244,,,
401674899,2024,9,regular,2024-10-26T16:00:00.000Z,False,True,False,True,,3819.0,Bowditch Field,2967,Framingham State,iii,MSCAC,6.0,"[0, 6, 0, 0]",,,,110,Mass Maritime,iii,MSCAC,21.0,"[14, 0, 7, 0]",,,,,,,
401674377,2024,9,regular,2024-10-26T16:00:00.000Z,False,True,False,True,,4440.0,Sox Harrison Stadium,2205,Edinboro,ii,Pennsylvania State Athletic,21.0,"[0, 7, 7, 7]",,,,367,Gannon,ii,Pennsylvania State Athletic,25.0,"[6, 0, 6, 13]",,,,,,,
401676112,2024,9,regular,2024-10-26T16:00:00.000Z,False,True,False,True,,6099.0,Selby Stadium,2980,Ohio Wesleyan,iii,North Coast,41.0,"[7, 14, 7, 13]",,,,2274,Hiram,iii,North Coast,14.0,"[0, 7, 0, 7]",,,,,,,
401676373,2024,9,regular,2024-10-26T16:00:00.000Z,False,True,False,True,,6118.0,Birkelbach Field,2588,Southwestern U,iii,Southern Athletic,28.0,"[7, 14, 7, 0]",,,,2121,Centre,iii,Southern Athletic,38.0,"[14, 7, 7, 10]",,,,,,,
401676220,2024,9,regular,2024-10-26T16:00:00.000Z,False,True,False,True,,6095.0,Sabine Field at Haynes Family Stadium,2467,Norwich,iii,NEWMAC,13.0,"[0, 6, 7, 0]",,,,2557,Coast Guard,iii,NEWMAC,17.0,"[0, 10, 0, 7]",,,,,,,
401676161,2024,9,regular,2024-10-26T16:00:00.000Z,False,True,False,True,,5894.0,Steuben Field,348,Hamilton,iii,NESCAC,13.0,"[0, 13, 0, 0]",,,,33,Colby,iii,NESCAC,16.0,"[6, 0, 3, 7]",,,,,,,
401674355,2024,9,regular,2024-10-26T16:00:00.000Z,False,True,False,True,,4436.0,Adamson Stadium,2858,California (PA),ii,Pennsylvania State Athletic,16.0,"[0, 7, 0, 3, 6]",,,,2291,IU Pennsylvania,ii,Pennsylvania State Athletic,13.0,"[0, 0, 3, 7, 3]",,,,,,,
401654619,2024,9,regular,2024-10-26T16:00:00.000Z,False,True,False,True,3428.0,3741.0,Goodman Stadium,2329,Lehigh,fcs,Patriot,33.0,"[7, 24, 2, 0]",0.9845629079808091,,,2230,Fordham,fcs,Patriot,19.0,"[3, 0, 0, 16]",0.015437092019190857,,,3.6203460741,,,
401654577,2024,9,regular,2024-10-26T16:00:00.000Z,False,True,True,True,453.0,6043.0,Bethpage Federal Credit Union Stadium,2341,Long Island University,fcs,NEC,24.0,"[3, 14, 0, 7]",0.9653968282093234,,,2115,Central Connecticut,fcs,NEC,21.0,"[7, 0, 7, 7]",0.03460317179067662,,,8.2784754635,,,
401673433,2024,9,regular,2024-10-26T16:00:00.000Z,False,True,False,True,,5842.0,Robert T. Shields Field,2221,FDU Florham,iii,Mid Atlantic,35.0,"[13, 11, 11, 0]",,,,247,King's,iii,Mid Atlantic,42.0,"[14, 21, 0, 7]",,,,,,,
401673424,2024,9,regular,2024-10-26T16:00:00.000Z,False,True,False,True,,5833.0,Robert A. Lipinski Field at James Work Memorial Stadium,2808,Delaware Valley,iii,Mid Atlantic,28.0,"[14, 14, 0, 0]",,,,2015,Albright,iii,Mid Atlantic,0.0,"[0, 0, 0, 0]",,,,,,,
401676311,2024,9,regular,2024-10-26T16:00:00.000Z,False,True,False,True,,6101.0,"Memorial Stadium (Westerville, OH)",359,Otterbein,iii,Ohio,39.0,"[12, 7, 13, 7]",,,,424,Capital,iii,Ohio,10.0,"[0, 10, 0, 0]",,,,,,,
401654613,2024,9,regular,2024-10-26T16:00:00.000Z,False,True,False,False,2163.0,6048.0,Duane Stadium,2771,Merrimack,fcs,FCS Independents,51.0,"[7, 10, 20, 14]",0.9988214808226363,,,2142,Colgate,fcs,Patriot,17.0,"[3, 7, 7, 0]",0.0011785191773636683,,,4.1876438463,,,
401635598,2024,9,regular,2024-10-26T16:00:00.000Z,False,True,False,True,44550.0,3923.0,Scott Stadium,258,Virginia,fbs,ACC,14.0,"[3, 3, 0, 8]",0.0004351908298032505,1425.0,1359.0,153,North Carolina,fbs,ACC,41.0,"[7, 17, 14, 3]",0.9995648091701967,1489.0,1555.0,2.755188739,,,
401682351,2024,9,regular,2024-10-26T16:00:00.000Z,False,True,False,True,,3690.0,Charles L. Currier Memorial Field,2972,Plymouth State,iii,MSCAC,35.0,"[7, 14, 7, 7]",,,,2909,Westfield State,iii,MSCAC,7.0,"[0, 0, 0, 7]",,,,,,,
401635597,2024,9,regular,2024-10-26T16:00:00.000Z,False,True,False,True,65633.0,3799.0,Lane Stadium,259,Virginia Tech,fbs,ACC,21.0,"[0, 14, 7, 0]",0.8793186325489889,1674.0,1697.0,59,Georgia Tech,fbs,ACC,6.0,"[3, 3, 0, 0]",0.1206813674510111,1581.0,1558.0,5.3299489511,,,
401677405,2024,9,regular,2024-10-26T16:00:00.000Z,False,True,False,True,,5636.0,Wright Stadium,173,Hartwick,iii,Empire 8,36.0,"[0, 16, 0, 20]",,,,125974,Hilbert,iii,Empire 8,21.0,"[8, 7, 6, 0]",,,,,,,
401638682,2024,9,regular,2024-10-26T16:00:00.000Z,False,True,False,True,1547.0,36.0,Leonidoff Field,2368,Marist,fcs,Pioneer,14.0,"[7, 7, 0, 0]",0.16043280397497406,,,2674,Valparaiso,fcs,Pioneer,17.0,"[7, 7, 3, 0]",0.8395671960250259,,,8.115928814,,,
401676228,2024,9,regular,2024-10-26T16:00:00.000Z,False,True,False,True,,6115.0,Toppa Field,2776,Salve Regina,iii,NEWMAC,7.0,"[0, 0, 7, 0]",,,,81,Springfield,iii,NEWMAC,31.0,"[7, 10, 0, 14]",,,,,,,
401675431,2024,9,regular,2024-10-26T16:00:00.000Z,False,True,True,True,,6129.0,BB&T Field at Griffin Plaza,2646,Thomas More,ii,Great Midwest Athletic,17.0,"[3, 7, 0, 7]",,,,2224,Findlay,ii,Great Midwest Athletic,34.0,"[14, 7, 7, 6]",,,,,,,
401674369,2024,9,regular,2024-10-26T16:05:00.000Z,False,True,False,True,,4439.0,Eiler-Martin Stadium,2188,East Stroudsburg,ii,Pennsylvania State Athletic,38.0,"[10, 7, 13, 8]",,,,209,Lock Haven,ii,Pennsylvania State Athletic,35.0,"[14, 14, 7, 0]",,,,,,,
401628403,2024,9,regular,2024-10-26T16:45:00.000Z,False,True,False,True,49303.0,3693.0,Davis Wade Stadium,344,Mississippi State,fbs,SEC,25.0,"[7, 3, 15, 0]",0.0034349712327201836,1405.0,1322.0,8,Arkansas,fbs,SEC,58.0,"[17, 14, 10, 17]",0.9965650287672798,1490.0,1573.0,2.4655127937,,,
401675423,2024,9,regular,2024-10-26T17:00:00.000Z,False,True,False,True,,3770.0,Jack Miller Stadium,308,Ashland,ii,Great Midwest Athletic,9.0,"[6, 0, 0, 3]",,,,2886,Northwood,ii,Great Midwest Athletic,7.0,"[7, 0, 0, 0]",,,,,,,
401674335,2024,9,regular,2024-10-26T17:00:00.000Z,False,True,False,True,,3606.0,Scheels Field at Nemzek Stadium,2817,Minnesota St Moorhead,ii,Northern Sun,38.0,"[10, 21, 7, 0]",,,,2587,Southwest Minnesota State,ii,Northern Sun,6.0,"[0, 0, 0, 6]",,,,,,,
401674685,2024,9,regular,2024-10-26T17:00:00.000Z,False,True,False,False,,5851.0,Shirk Field at Musselman Stadium,2248,Gettysburg,iii,Centennial,31.0,"[7, 12, 6, 6]",,,,2442,The College of New Jersey,iii,New Jersey,41.0,"[0, 20, 14, 7]",,,,,,,
401658344,2024,9,regular,2024-10-26T17:00:00.000Z,False,True,False,True,,3600.0,Tom Adams Field,131,Wayne State (MI),ii,GLIAC,10.0,"[0, 3, 0, 7]",,,,129,Saginaw Valley State,ii,GLIAC,37.0,"[6, 10, 7, 14]",,,,,,,
401675775,2024,9,regular,2024-10-26T17:00:00.000Z,False,True,False,True,,6078.0,Pioneer Field (TN),2839,Tusculum,ii,South Atlantic,30.0,"[10, 14, 0, 6]",,,,129469,Anderson (SC),ii,South Atlantic,28.0,"[7, 7, 7, 7]",,,,,,,
401674504,2024,9,regular,2024-10-26T17:00:00.000Z,False,True,False,True,,6030.0,Harms-Eischeid Stadium,389,Upper Iowa,ii,Great Lakes,13.0,"[0, 0, 6, 7]",,,,2292,Indianapolis,ii,Great Lakes,40.0,"[0, 19, 14, 7]",,,,,,,
401675820,2024,9,regular,2024-10-26T17:00:00.000Z,False,True,False,True,,5933.0,Sea Foam Stadium,3066,Concordia St. Paul,ii,Northern Sun,34.0,"[14, 10, 0, 10]",,,,425,Northern State,ii,Northern Sun,35.0,"[0, 14, 14, 7]",,,,,,,
401674921,2024,9,regular,2024-10-26T17:00:00.000Z,False,True,False,True,,5786.0,Sprankle-Sprandel Stadium,2790,Albion,iii,Michigan,28.0,"[0, 7, 14, 7]",,,,126,Kalamazoo,iii,Michigan,23.0,"[0, 7, 6, 10]",,,,,,,
401674675,2024,9,regular,2024-10-26T17:00:00.000Z,False,True,False,True,,6089.0,Scotty Wood Stadium,2422,Muhlenberg,iii,Centennial,49.0,"[7, 21, 14, 7]",,,,2175,Dickinson,iii,Centennial,20.0,"[0, 7, 0, 13]",,,,,,,
401675844,2024,9,regular,2024-10-26T17:00:00.000Z,False,True,False,True,,6035.0,"Memorial Stadium (Wayne, NE)",2844,Wayne State (NE),ii,Northern Sun,13.0,"[7, 0, 0, 6]",,,,2894,Sioux Falls,ii,Northern Sun,23.0,"[13, 10, 0, 0]",,,,,,,
401638680,2024,9,regular,2024-10-26T17:00:00.000Z,False,True,False,True,1777.0,4416.0,Spec Martin Municipal Stadium,56,Stetson,fcs,Pioneer,14.0,"[7, 0, 7, 0]",0.0004539984936341458,,,2506,Presbyterian,fcs,Pioneer,42.0,"[14, 21, 7, 0]",0.9995460015063659,,,3.8610638146,,,
401674946,2024,9,regular,2024-10-26T17:00:00.000Z,False,True,False,True,,5795.0,Edor Nelson Field,124,Augsburg,iii,Minnesota,35.0,"[14, 7, 7, 0, 7]",,,,133,St. Olaf,iii,Minnesota,34.0,"[0, 21, 7, 0, 6]",,,,,,,
401628667,2024,9,regular,2024-10-26T17:00:00.000Z,False,True,False,True,2372.0,5389.0,Kessler Stadium,2405,Monmouth,fcs,CAA,14.0,"[0, 7, 7, 0]",0.020592722990556034,,,119,Towson,fcs,CAA,26.0,"[0, 10, 10, 6]",0.979407277009444,,,5.0264066453,,,
401675290,2024,9,regular,2024-10-26T17:00:00.000Z,False,True,False,True,,3640.0,Blackstock Stadium,83,DePauw,iii,North Coast,44.0,"[14, 17, 3, 10]",,,,2746,Wittenberg,iii,North Coast,10.0,"[0, 3, 7, 0]",,,,,,,
401628666,2024,9,regular,2024-10-26T17:00:00.000Z,False,True,False,True,5450.0,3824.0,Meade Stadium,227,Rhode Island,fcs,CAA,24.0,"[0, 14, 0, 10]",0.9299792848448913,,,311,Maine,fcs,CAA,14.0,"[7, 0, 0, 7]",0.07002071515510866,,,6.4526135619,,,
401676020,2024,9,regular,2024-10-26T17:00:00.000Z,False,True,False,True,,5932.0,Lloyd L. Thornton Stadium,2373,Maryville (TN),iii,USA South,48.0,"[7, 13, 21, 7]",,,,291,Methodist,iii,USA South,6.0,"[0, 6, 0, 0]",,,,,,,
401658364,2024,9,regular,2024-10-26T17:00:00.000Z,False,True,False,True,,3642.0,Bobcat Stadium (MD),341,Frostburg State,ii,Mountain East,25.0,"[16, 0, 3, 6]",,,,112335,Wheeling,ii,Mountain East,26.0,"[3, 10, 0, 13]",,,,,,,
401673377,2024,9,regular,2024-10-26T17:00:00.000Z,False,True,False,True,,5840.0,Fred Selfe Stadium at Nicewonder Field,2213,Emory & Henry,ii,South Atlantic,17.0,"[0, 17, 0, 0]",,,,2105,Carson Newman,ii,South Atlantic,10.0,"[3, 0, 7, 0]",,,,,,,
401673441,2024,9,regular,2024-10-26T17:00:00.000Z,False,True,False,True,,6083.0,Mangelsdorf Field,2969,Misericordia,iii,Mid Atlantic,9.0,"[3, 0, 0, 6]",,,,388,Lebanon Valley,iii,Mid Atlantic,20.0,"[7, 3, 10, 0]",,,,,,,
401675298,2024,9,regular,2024-10-26T17:00:00.000Z,False,True,False,True,,5123.0,Little Giant Stadium,89,Wabash,iii,North Coast,38.0,"[14, 7, 17, 0]",,,,352,Kenyon,iii,North Coast,0.0,"[0, 0, 0, 0]",,,,,,,
401675383,2024,9,regular,2024-10-26T17:00:00.000Z,False,True,False,True,,5873.0,Bulldogs Stadium,2075,Bowie State,ii,CIAA,28.0,"[0, 7, 14, 7]",,,,2676,Virginia Union,ii,CIAA,56.0,"[21, 14, 14, 7]",,,,,,,
401675438,2024,9,regular,2024-10-26T17:00:00.000Z,False,True,False,True,,5263.0,Steele Stadium,2316,Kentucky Wesleyan,ii,Great Midwest Athletic,7.0,"[0, 0, 7, 0]",,,,2273,Hillsdale,ii,Great Midwest Athletic,41.0,"[6, 7, 21, 7]",,,,,,,
401675618,2024,9,regular,2024-10-26T17:00:00.000Z,False,True,False,True,,4749.0,McPherson Memorial Stadium,2119,Central State,ii,SIAC,14.0,"[0, 0, 7, 7]",,,,2657,Tuskegee,ii,SIAC,30.0,"[7, 7, 10, 6]",,,,,,,
401675802,2024,9,regular,2024-10-26T17:00:00.000Z,False,True,False,True,,3649.0,Bowman Gray Stadium,2736,Winston-Salem State,ii,CIAA,15.0,"[0, 0, 7, 8]",,,,2304,Johnson C. Smith,ii,CIAA,24.0,"[7, 3, 7, 7]",,,,,,,
401673451,2024,9,regular,2024-10-26T17:00:00.000Z,False,True,False,True,,5858.0,England Stadium,2286,Illinois College,iii,Midwest,84.0,"[21, 21, 28, 14]",,,,268,Lawrence,iii,Midwest,0.0,"[0, 0, 0, 0]",,,,,,,
401676232,2024,9,regular,2024-10-26T17:00:00.000Z,False,True,False,True,,5905.0,Kean Alumni Stadium,2871,Kean,iii,New Jersey,21.0,"[0, 7, 7, 7]",,,,3112,Christopher Newport,iii,New Jersey,32.0,"[0, 16, 13, 3]",,,,,,,
401638678,2024,9,regular,2024-10-26T17:00:00.000Z,False,True,False,True,2979.0,3897.0,Richardson Stadium,2166,Davidson,fcs,Pioneer,38.0,"[7, 10, 7, 14]",0.3590405575241348,,,2086,Butler,fcs,Pioneer,48.0,"[14, 14, 10, 10]",0.6409594424758652,,,3.7199909545,,,
401674325,2024,9,regular,2024-10-26T17:00:00.000Z,False,True,False,True,,6051.0,James S. Malosky Stadium,134,Minnesota Duluth,ii,Northern Sun,35.0,"[7, 14, 7, 7]",,,,568,Minot State,ii,Northern Sun,21.0,"[0, 7, 14, 0]",,,,,,,
401676003,2024,9,regular,2024-10-26T17:00:00.000Z,False,True,False,True,,6117.0,Knight Stadium,2896,Southern Virginia,iii,USA South,31.0,"[0, 17, 14, 0]",,,,286,North Carolina Wesleyan,iii,USA South,34.0,"[10, 14, 7, 3]",,,,,,,
401676134,2024,9,regular,2024-10-26T17:00:00.000Z,False,True,False,True,,6082.0,Big Cat Stadium,2399,Minnesota Morris,iii,Upper Midwest,27.0,"[0, 0, 6, 21]",,,,2257,Greenville,iii,Upper Midwest,42.0,"[7, 21, 14, 0]",,,,,,,
401676152,2024,9,regular,2024-10-26T17:00:00.000Z,False,True,False,True,,3733.0,Garcelon Field,121,Bates,iii,NESCAC,21.0,"[7, 7, 0, 7]",,,,2394,Middlebury,iii,NESCAC,20.0,"[0, 10, 7, 3]",,,,,,,
401676173,2024,9,regular,2024-10-26T17:00:00.000Z,False,True,False,True,,5792.0,Pratt Field at Lehrman Stadium,7,Amherst,iii,NESCAC,14.0,"[14, 0, 0, 0]",,,,336,Wesleyan (CT),iii,NESCAC,31.0,"[0, 10, 14, 7]",,,,,,,
401676212,2024,9,regular,2024-10-26T17:00:00.000Z,False,True,False,True,,6130.0,Fred Zollner Athletic Stadium,2651,Trine,iii,Michigan,35.0,"[0, 21, 7, 7]",,,,129738,Calvin,iii,Michigan,30.0,"[7, 7, 7, 9]",,,,,,,
401676719,2024,9,regular,2024-10-26T17:00:00.000Z,False,True,False,True,,6071.0,Jess Dow Field,2583,Southern Connecticut State,ii,Northeast 10,24.0,"[7, 10, 0, 7]",,,,112334,Franklin Pierce,ii,Northeast 10,35.0,"[0, 7, 7, 21]",,,,,,,
401676733,2024,9,regular,2024-10-26T17:00:00.000Z,False,True,True,True,,7422.0,Municipal Stadium,126086,Post,ii,Northeast 10,28.0,"[7, 7, 0, 14]",,,,2060,Bentley,ii,Northeast 10,61.0,"[27, 13, 14, 7]",,,,,,,
401676766,2024,9,regular,2024-10-26T17:00:00.000Z,False,True,False,True,,6143.0,Golden Bear Stadium,2702,Western New England,iii,Commonwealth Coast,7.0,"[7, 0, 0, 0]",,,,452,Endicott,iii,Commonwealth Coast,41.0,"[14, 7, 0, 20]",,,,,,,
401676780,2024,9,regular,2024-10-26T17:00:00.000Z,False,True,False,True,,6553.0,Helen and Leonard Moretz Stadium,2331,Lenoir Rhyne,ii,South Atlantic,21.0,"[0, 14, 0, 7]",,,,2336,Limestone,ii,South Atlantic,19.0,"[10, 3, 0, 6]",,,,,,,
401634176,2024,9,regular,2024-10-26T17:00:00.000Z,False,True,False,True,4266.0,3829.0,Memorial Stadium,282,Indiana State,fcs,MVFC,20.0,"[0, 0, 7, 13]",0.975533298381357,,,79,Southern Illinois,fcs,MVFC,17.0,"[0, 17, 0, 0]",0.02446670161864295,,,6.7180799032,,,
401674927,2024,9,regular,2024-10-26T17:00:00.000Z,False,True,False,True,,5790.0,Bahlke Field,2800,Alma,iii,Michigan,67.0,"[13, 20, 27, 7]",,,,354,Olivet,iii,Michigan,14.0,"[0, 14, 0, 0]",,,,,,,
401674694,2024,9,regular,2024-10-26T17:00:00.000Z,False,True,False,True,,6136.0,Patterson Field,2667,Ursinus,iii,Centennial,7.0,"[7, 0, 0, 0]",,,,118,Johns Hopkins,iii,Centennial,16.0,"[0, 10, 6, 0]",,,,,,,
401676650,2024,9,regular,2024-10-26T17:00:00.000Z,False,True,False,True,,5864.0,Robert E. Thorn Field,146,Grove City,iii,Presidents',59.0,"[14, 35, 0, 10]",,,,2644,Thiel,iii,Presidents',7.0,"[0, 0, 0, 7]",,,,,,,
401654591,2024,9,regular,2024-10-26T17:00:00.000Z,False,True,False,True,1117.0,6075.0,W.B. Mason Stadium,284,Stonehill,fcs,NEC,34.0,"[0, 6, 14, 14]",0.14854305968264042,,,2184,Duquesne,fcs,NEC,48.0,"[7, 24, 14, 3]",0.8514569403173595,,,2.3732950862,,,
401674831,2024,9,regular,2024-10-26T17:00:00.000Z,False,True,False,True,,5856.0,Boswell Field at David J. Urick Stadium,174,Hobart,iii,Liberty League,27.0,"[7, 6, 0, 14]",,,,237,Union,iii,Liberty League,0.0,"[0, 0, 0, 0]",,,,,,,
401674725,2024,9,regular,2024-10-26T17:00:00.000Z,False,True,False,True,,5637.0,Vendetti Field,2884,Nichols,iii,Commonwealth Coast,30.0,"[6, 8, 0, 16]",,,,111675,New England,iii,Commonwealth Coast,51.0,"[7, 10, 14, 20]",,,,,,,
401643816,2024,9,regular,2024-10-26T17:00:00.000Z,False,True,False,True,33783.0,3792.0,Kidd Brewer Stadium,2026,App State,fbs,Sun Belt,33.0,"[2, 16, 7, 8]",0.9117630693246408,1330.0,1337.0,2247,Georgia State,fbs,Sun Belt,26.0,"[0, 16, 7, 3]",0.0882369306753592,1291.0,1284.0,6.3790269201,,,
401674751,2024,9,regular,2024-10-26T17:00:00.000Z,False,True,False,True,,3675.0,Charles A. Gaetano Stadium,390,Utica,iii,Empire 8,34.0,"[7, 7, 7, 13]",,,,365,Alfred,iii,Empire 8,38.0,"[3, 21, 7, 7]",,,,,,,
401676040,2024,9,regular,2024-10-26T17:00:00.000Z,False,True,False,True,,5826.0,Concordia Stadium,2151,Concordia Chicago,iii,NACC,14.0,"[0, 7, 7, 0]",,,,2741,Wisconsin Lutheran,iii,NACC,49.0,"[21, 21, 0, 7]",,,,,,,
401638681,2024,9,regular,2024-10-26T17:00:00.000Z,False,True,False,True,1512.0,5116.0,O'Shaughnessy Stadium,2900,St. Thomas (MN),fcs,Pioneer,34.0,"[10, 10, 7, 7]",0.99169821393564,,,301,San Diego,fcs,Pioneer,14.0,"[0, 7, 7, 0]",0.00830178606436005,,,4.2848892612,,,
401676629,2024,9,regular,2024-10-26T17:00:00.000Z,False,True,False,True,,6139.0,Cameron Stadium,2686,Washington & Jefferson,iii,Presidents',48.0,"[21, 13, 7, 7]",,,,2062,Bethany (WV),iii,Presidents',7.0,"[0, 0, 0, 7]",,,,,,,
401676045,2024,9,regular,2024-10-26T17:00:00.000Z,False,True,False,True,,5910.0,Callaway Stadium,548,LaGrange,iii,USA South,52.0,"[0, 28, 14, 10]",,,,2256,Greensboro,iii,USA South,16.0,"[0, 6, 10, 0]",,,,,,,
401674759,2024,9,regular,2024-10-26T17:00:00.000Z,False,True,False,True,,5125.0,Stadium Red Field,2782,SUNY Cortland,iii,Empire 8,49.0,"[14, 14, 14, 7]",,,,374,St. John Fisher,iii,Empire 8,0.0,"[0, 0, 0, 0]",,,,,,,
401675576,2024,9,regular,2024-10-26T17:00:00.000Z,False,True,False,True,,6042.0,Alumni Stadium (KY),2310,Kentucky State,ii,SIAC,23.0,"[7, 10, 6, 0]",,,,2019,Allen,ii,SIAC,20.0,"[7, 6, 0, 7]",,,,,,,
401682277,2024,9,regular,2024-10-26T17:00:00.000Z,False,True,False,True,,4855.0,Leslie C. Quick Jr. Stadium,2725,Widener,iii,Mid Atlantic,34.0,"[14, 0, 10, 10]",,,,111674,Alvernia,iii,Mid Atlantic,24.0,"[7, 7, 3, 7]",,,,,,,
401676637,2024,9,regular,2024-10-26T17:00:00.000Z,False,True,False,True,,3677.0,Chuck Noll Field,2614,Saint Vincent,iii,Presidents',7.0,"[7, 0, 0, 0]",,,,2102,Carnegie Mellon,iii,Presidents',69.0,"[7, 31, 14, 17]",,,,,,,
401676406,2024,9,regular,2024-10-26T17:00:00.000Z,False,True,False,True,,6105.0,Day Field,2516,Randolph Macon,iii,Old Dominion,49.0,"[14, 21, 7, 7]",,,,2079,Bridgewater,iii,Old Dominion,16.0,"[0, 3, 13, 0]",,,,,,,
401676247,2024,9,regular,2024-10-26T17:00:00.000Z,False,True,False,True,,6114.0,Sea Gull Stadium,2532,Salisbury,iii,New Jersey,42.0,"[6, 7, 15, 14]",,,,2827,Rowan,iii,New Jersey,35.0,"[0, 21, 0, 14]",,,,,,,
401674285,2024,9,regular,2024-10-26T17:00:00.000Z,False,True,False,True,,5887.0,I.L. & Sue Morris Stadium,2249,Glenville State,ii,Mountain East,37.0,"[3, 13, 7, 14]",,,,2699,West Liberty,ii,Mountain East,14.0,"[7, 0, 7, 0]",,,,,,,
401676399,2024,9,regular,2024-10-26T17:00:00.000Z,False,True,False,True,,5896.0,Lewis C. Everett Stadium,297,Hampden Sydney,iii,Old Dominion,42.0,"[7, 6, 14, 15]",,,,2047,Averett,iii,Old Dominion,21.0,"[7, 7, 0, 7]",,,,,,,
401676678,2024,9,regular,2024-10-26T17:00:00.000Z,False,True,False,True,,7077.0,Shadek Stadium,2234,Franklin & Marshall,iii,Centennial,24.0,"[7, 14, 3, 0]",,,,2700,McDaniel,iii,Centennial,0.0,"[0, 0, 0, 0]",,,,,,,
401674813,2024,9,regular,2024-10-26T17:00:00.000Z,False,True,False,True,,5925.0,David Person Field,2354,Lycoming,iii,Landmark Conference,31.0,"[0, 7, 7, 17]",,,,122774,Keystone,iii,Landmark Conference,28.0,"[14, 7, 0, 7]",,,,,,,
401682324,2024,9,regular,2024-10-26T17:00:00.000Z,False,True,False,True,,6066.0,Pace Stadium,2487,Pace,ii,Northeast 10,7.0,"[7, 0, 0, 0]",,,,2022,American International,ii,Northeast 10,14.0,"[0, 7, 0, 7]",,,,,,,
401677736,2024,9,regular,2024-10-26T17:00:00.000Z,False,True,False,True,,5941.0,Roebuck Stadium,2207,Elizabeth City State,ii,CIAA,20.0,"[0, 13, 7, 0]",,,,2339,Lincoln (PA),ii,CIAA,21.0,"[14, 0, 7, 0]",,,,,,,
401675481,2024,9,regular,2024-10-26T17:00:00.000Z,False,True,False,True,,6061.0,Younts Stadium,2822,North Greenville,ii,Gulf South,47.0,"[7, 21, 3, 3, 3, 8, 0, 2]",,,,2170,Delta State,ii,Gulf South,45.0,"[7, 14, 3, 10, 3, 8, 0, 0]",,,,,,,
401674787,2024,9,regular,2024-10-26T17:30:00.000Z,False,True,False,True,,5930.0,Carl W. Burt Memorial Stadium,2362,Manchester,iii,Heartland,7.0,"[0, 0, 0, 7]",,,,2262,Hanover,iii,Heartland,55.0,"[14, 17, 14, 10]",,,,,,,
401673414,2024,9,regular,2024-10-26T17:30:00.000Z,False,True,False,True,,6086.0,Rocco Calvo Field,323,Moravian,iii,Landmark Conference,35.0,"[7, 7, 7, 14]",,,,246,Juniata,iii,Landmark Conference,13.0,"[0, 13, 0, 0]",,,,,,,
401674779,2024,9,regular,2024-10-26T17:30:00.000Z,False,True,False,True,,3716.0,"Stewart """"Red"""" Faught Stadium",2233,Franklin,iii,Heartland,43.0,"[7, 7, 0, 29]",,,,2419,Mount St Joseph,iii,Heartland,46.0,"[6, 14, 7, 19]",,,,,,,
401676344,2024,9,regular,2024-10-26T17:30:00.000Z,False,True,False,True,,6152.0,Wiliams Stadium (OH),2733,Wilmington (OH),iii,Ohio,14.0,"[7, 7, 0, 0]",,,,2302,John Carroll,iii,Ohio,66.0,"[14, 28, 21, 3]",,,,,,,
401679016,2024,9,regular,2024-10-26T17:30:00.000Z,False,True,False,True,,6131.0,Jessee/Miller Field,2977,Trinity (CT),iii,NESCAC,34.0,"[14, 7, 0, 13]",,,,340,Bowdoin,iii,NESCAC,14.0,"[0, 7, 7, 0]",,,,,,,
401654492,2024,9,regular,2024-10-26T17:30:00.000Z,False,True,False,True,12642.0,3802.0,Lawrence A. Wien Stadium,171,Columbia,fcs,Ivy,21.0,"[0, 0, 7, 14]",0.29338237001264633,,,159,Dartmouth,fcs,Ivy,24.0,"[0, 10, 14, 0]",0.7066176299873537,,,4.324041523,,,
401676357,2024,9,regular,2024-10-26T17:30:00.000Z,False,True,False,True,,6098.0,Dial-Roberson Stadium,427,Ohio Northern,iii,Ohio,13.0,"[0, 7, 3, 3]",,,,426,Mount Union,iii,Ohio,42.0,"[7, 7, 14, 14]",,,,,,,
401676339,2024,9,regular,2024-10-26T17:30:00.000Z,False,True,False,True,,5854.0,Hoernemann Stadium,191,Heidelberg,iii,Ohio,52.0,"[7, 14, 17, 14]",,,,332,Muskingum,iii,Ohio,24.0,"[0, 10, 7, 7]",,,,,,,
401654628,2024,9,regular,2024-10-26T17:30:00.000Z,False,True,False,True,5774.0,3721.0,Fisher Field,322,Lafayette,fcs,Patriot,28.0,"[0, 21, 0, 7]",0.12125844933096512,,,107,Holy Cross,fcs,Patriot,34.0,"[14, 17, 0, 3]",0.8787415506690349,,,4.1999780088,,,
401676167,2024,9,regular,2024-10-26T17:30:00.000Z,False,True,False,True,,6151.0,Farley-Lamb Field,2731,Williams,iii,NESCAC,24.0,"[0, 10, 0, 14]",,,,112,Tufts,iii,NESCAC,27.0,"[7, 7, 3, 10]",,,,,,,
401654608,2024,9,regular,2024-10-26T18:00:00.000Z,False,True,False,True,2657.0,3777.0,Joe Walton Stadium,2523,Robert Morris,fcs,NEC,17.0,"[7, 3, 7, 0]",0.9932682415854269,,,2598,Saint Francis,fcs,NEC,0.0,"[0, 0, 0, 0]",0.006731758414573075,,,5.0756678337,,,
401654644,2024,9,regular,2024-10-26T18:00:00.000Z,False,True,False,True,3579.0,3847.0,Cooper Field,46,Georgetown,fcs,Patriot,21.0,"[0, 14, 7, 0]",0.9021418926602016,,,2083,Bucknell,fcs,Patriot,20.0,"[7, 10, 0, 3]",0.09785810733979838,,,8.1727718406,,,
401634194,2024,9,regular,2024-10-26T18:00:00.000Z,False,True,False,True,6133.0,3909.0,Roy Stewart Stadium,93,Murray State,fcs,MVFC,6.0,"[0, 3, 0, 3]",0.0003648494910977253,,,2449,North Dakota State,fcs,MVFC,59.0,"[21, 21, 10, 7]",0.9996351505089023,,,1.2517197854,,,
401645352,2024,9,regular,2024-10-26T18:00:00.000Z,False,True,False,True,33744.0,3699.0,Dowdy-Ficklen Stadium,151,East Carolina,fbs,American Athletic,56.0,"[13, 14, 29, 0]",0.9873955243219903,1292.0,1328.0,218,Temple,fbs,American Athletic,34.0,"[14, 7, 7, 6]",0.012604475678009708,1126.0,1090.0,4.8834929966,,,
401654552,2024,9,regular,2024-10-26T18:00:00.000Z,False,True,False,True,15001.0,3991.0,"William Dick"""" Price Stadium""""",2450,Norfolk State,fcs,MEAC,21.0,"[0, 7, 7, 7]",0.6091732789821543,,,47,Howard,fcs,MEAC,20.0,"[7, 3, 0, 10]",0.39082672101784566,,,7.3325846794,,,
401628665,2024,9,regular,2024-10-26T18:00:00.000Z,False,True,False,True,,3620.0,Armstrong Stadium,2261,Hampton,fcs,CAA,41.0,"[10, 10, 7, 14]",0.9911759036375284,,,2210,Elon,fcs,CAA,21.0,"[0, 14, 7, 0]",0.008824096362471612,,,7.2428126438,,,
401634138,2024,9,regular,2024-10-26T18:00:00.000Z,False,True,False,True,4548.0,3737.0,Gibbs Stadium,2747,Wofford,fcs,Southern,7.0,"[0, 0, 7, 0]",0.02342916459254034,,,2193,East Tennessee State,fcs,Southern,24.0,"[0, 3, 14, 7]",0.9765708354074597,,,4.5277871916,,,
401638347,2024,9,regular,2024-10-26T18:00:00.000Z,False,True,False,True,8977.0,3782.0,Johnson Hagood Stadium,2643,The Citadel,fcs,Southern,28.0,"[0, 0, 14, 14]",0.9372798725441998,,,2535,Samford,fcs,Southern,11.0,"[0, 3, 0, 8]",0.06272012745580025,,,6.2804350714,,,
401675950,2024,9,regular,2024-10-26T18:00:00.000Z,False,True,False,True,,5900.0,Don and Nona Williams Stadium,2744,Wisconsin Stout,iii,Wisconsin,42.0,"[7, 21, 7, 7]",,,,2738,Wisconsin Eau Claire,iii,Wisconsin,24.0,"[7, 3, 0, 14]",,,,,,,
401675534,2024,9,regular,2024-10-26T18:00:00.000Z,False,True,False,True,,3633.0,Ben Altamirano Field,2703,Western New Mexico,ii,Lone Star,34.0,"[0, 14, 6, 14]",,,,2201,Eastern New Mexico,ii,Lone Star,41.0,"[20, 0, 14, 7]",,,,,,,
401675567,2024,9,regular,2024-10-26T18:00:00.000Z,False,True,False,True,,5867.0,Albany State University Coliseum,2013,Albany State,ii,SIAC,42.0,"[7, 21, 7, 7]",,,,2206,Edward Waters,ii,SIAC,34.0,"[14, 10, 3, 7]",,,,,,,
401675900,2024,9,regular,2024-10-26T18:00:00.000Z,False,True,False,True,,5823.0,Clark Field,2141,Coe,iii,American Rivers,7.0,"[0, 0, 0, 7]",,,,2685,Wartburg,iii,American Rivers,14.0,"[0, 0, 7, 7]",,,,,,,
401675942,2024,9,regular,2024-10-26T18:00:00.000Z,False,True,False,True,,5911.0,Ralph E. Davis Pioneer Stadium,272,Wisconsin Platteville,iii,Wisconsin,17.0,"[0, 7, 0, 10]",,,,2745,Wisconsin Whitewater,iii,Wisconsin,10.0,"[0, 10, 0, 0]",,,,,,,
401675956,2024,9,regular,2024-10-26T18:00:00.000Z,False,True,False,True,,5903.0,Community Stadium at Goerke Park,2743,Wisconsin Stevens Point,iii,Wisconsin,7.0,"[0, 0, 0, 7]",,,,271,Wisconsin Oshkosh,iii,Wisconsin,42.0,"[7, 21, 14, 0]",,,,,,,
401675986,2024,9,regular,2024-10-26T18:00:00.000Z,False,True,False,True,,5914.0,Veterans Memorial Stadium (WI),2740,Wisconsin La Crosse,iii,Wisconsin,28.0,"[7, 7, 7, 7]",,,,2723,Wisconsin River Falls,iii,Wisconsin,24.0,"[7, 10, 0, 7]",,,,,,,
401675993,2024,9,regular,2024-10-26T18:00:00.000Z,False,True,False,True,,5918.0,Taylor Field,6353,Lakeland,iii,NACC,14.0,"[7, 7, 0, 0]",,,,2044,Aurora,iii,NACC,49.0,"[14, 14, 14, 7]",,,,,,,
401676267,2024,9,regular,2024-10-26T18:00:00.000Z,False,True,False,True,,3823.0,Hardee-McGee Field,2553,Sewanee,iii,Southern Athletic,31.0,"[7, 7, 10, 7]",,,,2519,Rhodes,iii,Southern Athletic,7.0,"[7, 0, 0, 0]",,,,,,,
401676260,2024,9,regular,2024-10-26T18:00:00.000Z,False,True,False,True,,6132.0,Trinity University Stadium,386,Trinity (TX),iii,Southern Athletic,38.0,"[0, 14, 14, 7, 3]",,,,2757,Berry,iii,Southern Athletic,35.0,"[8, 9, 12, 6, 0]",,,,,,,
401674975,2024,9,regular,2024-10-26T18:00:00.000Z,False,True,False,True,,5117.0,Clemens Stadium,2600,Saint John's (MN),iii,Minnesota,34.0,"[0, 7, 14, 13]",,,,2968,Gustavus Adolphus,iii,Minnesota,0.0,"[0, 0, 0, 0]",,,,,,,
401676116,2024,9,regular,2024-10-26T18:00:00.000Z,False,True,False,True,,4427.0,John A. Farrell Stadium,223,West Chester,ii,Pennsylvania State Athletic,41.0,"[13, 0, 14, 14]",,,,210,Millersville,ii,Pennsylvania State Athletic,23.0,"[0, 3, 6, 14]",,,,,,,
401689232,2024,9,regular,2024-10-26T18:00:00.000Z,False,True,False,True,,6084.0,April Zorn Memorial Stadium,2919,Monmouth (IL),iii,Midwest,55.0,"[14, 21, 13, 7]",,,,266,Beloit,iii,Midwest,3.0,"[3, 0, 0, 0]",,,,,,,
401677397,2024,9,regular,2024-10-26T18:00:00.000Z,False,True,False,True,,6126.0,Bob Boozer Field,2781,Brockport,iii,Empire 8,24.0,"[0, 7, 7, 10]",,,,3110,SUNY Morrisville,iii,Empire 8,0.0,"[0, 0, 0, 0]",,,,,,,
401676788,2024,9,regular,2024-10-26T18:00:00.000Z,False,True,False,True,,6033.0,Carl Smith Stadium,2842,UVA Wise,ii,South Atlantic,17.0,"[10, 0, 7, 0]",,,,2369,Mars Hill,ii,South Atlantic,31.0,"[7, 17, 0, 7]",,,,,,,
401676034,2024,9,regular,2024-10-26T18:00:00.000Z,False,True,False,True,,5841.0,Pete FioRito Stadium at McKinzie Field,101,Eureka,iii,NACC,0.0,"[0, 0, 0, 0]",,,,2283,Benedictine (IL),iii,NACC,42.0,"[21, 21, 0, 0]",,,,,,,
401676705,2024,9,regular,2024-10-26T18:00:00.000Z,False,True,True,True,,3844.0,Morris Field,127991,Roosevelt,ii,GLIAC,14.0,"[7, 7, 0, 0]",,,,110254,Davenport,ii,GLIAC,19.0,"[3, 7, 7, 2]",,,,,,,
401676296,2024,9,regular,2024-10-26T18:00:00.000Z,False,True,False,True,,5931.0,Don Drumm Stadium,317,Marietta,iii,Ohio,47.0,"[7, 20, 7, 13]",,,,188,Baldwin Wallace,iii,Ohio,7.0,"[0, 0, 0, 7]",,,,,,,
401676097,2024,9,regular,2024-10-26T18:00:00.000Z,False,True,False,True,,4432.0,Andre Reed Stadium,2315,Kutztown,ii,Pennsylvania State Athletic,24.0,"[0, 17, 0, 7]",,,,2974,Shepherd,ii,Pennsylvania State Athletic,0.0,"[0, 0, 0, 0]",,,,,,,
401675583,2024,9,regular,2024-10-26T18:00:00.000Z,False,True,False,True,,5875.0,Charlie W. Johnson Stadium,490,Benedict,ii,SIAC,14.0,"[7, 0, 7, 0]",,,,2396,Miles,ii,SIAC,26.0,"[7, 13, 6, 0]",,,,,,,
401675003,2024,9,regular,2024-10-26T18:00:00.000Z,False,True,False,True,,5908.0,Harley Knosher Bowl,255,Knox,iii,Midwest,14.0,"[0, 7, 0, 7]",,,,65,Grinnell,iii,Midwest,21.0,"[0, 14, 0, 7]",,,,,,,
401674969,2024,9,regular,2024-10-26T18:00:00.000Z,False,True,False,True,,5928.0,Macalester Stadium,2359,Macalester,iii,Minnesota,7.0,"[0, 0, 0, 7]",,,,2152,Concordia (MN),iii,Minnesota,44.0,"[9, 28, 7, 0]",,,,,,,
401675830,2024,9,regular,2024-10-26T18:00:00.000Z,False,True,False,True,,3641.0,Blakeslee Stadium,2364,Minnesota State,ii,Northern Sun,16.0,"[0, 9, 0, 7]",,,,2043,Augustana (SD),ii,Northern Sun,34.0,"[7, 0, 17, 10]",,,,,,,
401674962,2024,9,regular,2024-10-26T18:00:00.000Z,False,True,False,True,,6122.0,Public Schools Stadium,375,St. Scholastica,iii,Minnesota,14.0,"[0, 7, 0, 7]",,,,2101,Carleton,iii,Minnesota,35.0,"[14, 7, 14, 0]",,,,,,,
401675602,2024,9,regular,2024-10-26T18:00:00.000Z,False,True,False,True,,6056.0,B.T. Harvey Stadium,60,Morehouse,ii,SIAC,20.0,"[3, 17, 0, 0]",,,,2232,Fort Valley State,ii,SIAC,42.0,"[21, 0, 14, 7]",,,,,,,
401676051,2024,9,regular,2024-10-26T18:00:00.000Z,False,True,False,True,,3915.0,Charles Lee Field at Samford Stadium,2938,Huntingdon,iii,USA South,21.0,"[0, 21, 0, 0]",,,,2913,Brevard,iii,USA South,25.0,"[0, 10, 15, 0]",,,,,,,
401676412,2024,9,regular,2024-10-26T18:00:00.000Z,False,True,False,True,,5843.0,W.B. Adams Stadium,366,Ferrum,iii,Old Dominion,0.0,"[0, 0, 0, 0]",,,,2688,Washington and Lee,iii,Old Dominion,34.0,"[7, 14, 7, 6]",,,,,,,
401676123,2024,9,regular,2024-10-26T18:00:00.000Z,False,True,False,True,,3843.0,MLC Bowl,446,Martin Luther,iii,Upper Midwest,46.0,"[12, 24, 0, 10]",,,,433,Westminster (MO),iii,Upper Midwest,14.0,"[8, 0, 0, 6]",,,,,,,
401632116,2024,9,regular,2024-10-26T18:00:00.000Z,False,True,False,True,2243.0,5888.0,University Stadium (GA),253,Southern Utah,fcs,UAC,28.0,"[7, 7, 14, 0]",0.9872781490613977,,,2698,West Georgia,fcs,UAC,17.0,"[0, 10, 0, 7]",0.012721850938602342,,,4.9265913877,,,
401674730,2024,9,regular,2024-10-26T18:00:00.000Z,False,True,False,True,,6093.0,Holmgren Athletic Complex,75,North Park,iii,CCIW,28.0,"[0, 7, 14, 7]",,,,306,Illinois Wesleyan,iii,CCIW,24.0,"[14, 3, 7, 0]",,,,,,,
401674642,2024,9,regular,2024-10-26T18:00:00.000Z,False,True,False,True,,5114.0,Shelton Stadium,2810,Hardin Simmons,iii,American Southwest,38.0,"[14, 7, 10, 7]",,,,2194,East Texas Baptist,iii,American Southwest,22.0,"[0, 7, 7, 8]",,,,,,,
401674621,2024,9,regular,2024-10-26T18:00:00.000Z,False,True,False,True,,5923.0,Legacy Field in Carlson Stadium,67,Luther,iii,American Rivers,14.0,"[0, 7, 0, 7]",,,,6845,Nebraska Wesleyan,iii,American Rivers,40.0,"[12, 14, 7, 7]",,,,,,,
401674598,2024,9,regular,2024-10-26T18:00:00.000Z,False,True,False,True,,5836.0,Chalmers Field,49,Dubuque,iii,American Rivers,21.0,"[0, 7, 7, 7]",,,,2964,Central College,iii,American Rivers,38.0,"[7, 21, 3, 7]",,,,,,,
401674588,2024,9,regular,2024-10-26T18:00:00.000Z,False,True,False,True,,3635.0,Bill Buxton Stadium,2564,Simpson (IA),iii,American Rivers,24.0,"[10, 14, 0, 0]",,,,63,Buena Vista,iii,American Rivers,16.0,"[0, 7, 3, 6]",,,,,,,
401674535,2024,9,regular,2024-10-26T18:00:00.000Z,False,True,False,True,,3878.0,Plaster Sports Complex,2586,Southwest Baptist,ii,Great Lakes,27.0,"[0, 20, 7, 0]",,,,2911,William Jewell,ii,Great Lakes,28.0,"[7, 14, 0, 7]",,,,,,,
401674406,2024,9,regular,2024-10-26T18:00:00.000Z,False,True,False,True,,5113.0,Ruggles Field at Carpenter-Haygood Stadium,2271,Henderson State,ii,Great American,42.0,"[7, 14, 14, 7]",,,,2028,Arkansas Monticello,ii,Great American,7.0,"[0, 7, 0, 0]",,,,,,,
401673971,2024,9,regular,2024-10-26T18:00:00.000Z,False,True,False,True,,6080.0,Frank M. Lindsay Field,74,Millikin,iii,CCIW,20.0,"[10, 7, 0, 3]",,,,2106,Carthage,iii,CCIW,24.0,"[7, 0, 10, 7]",,,,,,,
401673961,2024,9,regular,2024-10-26T18:00:00.000Z,False,True,False,True,,5839.0,Langhorst Field,72,Elmhurst,iii,CCIW,14.0,"[0, 0, 7, 7]",,,,32,Carroll (WI),iii,CCIW,45.0,"[7, 10, 14, 14]",,,,,,,
401644687,2024,9,regular,2024-10-26T18:00:00.000Z,False,True,False,True,10661.0,3996.0,Yager Stadium,193,Miami (OH),fbs,Mid-American,46.0,"[3, 13, 10, 20]",0.9803101001347525,1497.0,1569.0,2117,Central Michigan,fbs,Mid-American,7.0,"[7, 0, 0, 0]",0.019689899865247495,1188.0,1116.0,4.4323295747,,,
401673952,2024,9,regular,2024-10-26T18:00:00.000Z,False,True,False,True,,5796.0,Charles D. Lindberg Stadium,2042,Augustana (IL),iii,CCIW,10.0,"[7, 0, 0, 3]",,,,3071,North Central College,iii,CCIW,49.0,"[14, 28, 7, 0]",,,,,,,
401674345,2024,9,regular,2024-10-26T18:00:00.000Z,False,True,False,True,,4435.0,Robert B. Redman Stadium,2071,Bloomsburg,ii,Pennsylvania State Athletic,20.0,"[0, 13, 0, 7]",,,,2559,Shippensburg,ii,Pennsylvania State Athletic,10.0,"[0, 3, 7, 0]",,,,,,,
401674515,2024,9,regular,2024-10-26T18:00:00.000Z,False,True,False,True,,3609.0,Allgood-Bailey Stadium,2402,Missouri S&T,ii,Great Lakes,63.0,"[21, 7, 28, 7]",,,,2876,Lincoln (MO),ii,Great Lakes,21.0,"[7, 14, 0, 0]",,,,,,,
401674913,2024,9,regular,2024-10-26T18:00:00.000Z,False,True,False,True,,3755.0,Ray and Sue Smith Stadium,2812,Hope,iii,Michigan,45.0,"[7, 10, 21, 7]",,,,2003,Adrian,iii,Michigan,0.0,"[0, 0, 0, 0]",,,,,,,
401674954,2024,9,regular,2024-10-26T18:00:00.000Z,False,True,False,True,,5895.0,Klas Field,162,Hamline,iii,Minnesota,0.0,"[0, 0, 0, 0]",,,,2802,Bethel (MN),iii,Minnesota,70.0,"[14, 28, 14, 14]",,,,,,,
401674744,2024,9,regular,2024-10-26T18:00:00.000Z,False,True,False,True,,5897.0,Francis Field (MO),143,Washington St. Louis,iii,CCIW,20.0,"[3, 0, 0, 17]",,,,396,Wheaton (IL),iii,CCIW,27.0,"[0, 14, 13, 0]",,,,,,,
401674314,2024,9,regular,2024-10-26T18:00:00.000Z,False,True,False,True,,5780.0,Altra Federal Credit Union Stadium,2851,Winona State,ii,Northern Sun,31.0,"[7, 7, 7, 10]",,,,132,Bemidji State,ii,Northern Sun,28.0,"[7, 7, 7, 7]",,,,,,,
401674165,2024,9,regular,2024-10-26T18:00:00.000Z,False,True,False,True,,5890.0,Lewis Field Stadium,2231,Fort Hays,ii,Mid America,53.0,"[14, 7, 16, 16]",,,,2403,Missouri Southern State,ii,Mid America,9.0,"[0, 3, 0, 6]",,,,,,,
401673245,2024,9,regular,2024-10-26T18:00:00.000Z,False,True,False,True,,5883.0,Marv Kay Stadium at Campbell Field,2146,Colorado School of Mines,ii,Rocky Mountain,28.0,"[0, 7, 0, 21]",,,,2714,Western Colorado,ii,Rocky Mountain,38.0,"[0, 17, 7, 14]",,,,,,,
401675016,2024,9,regular,2024-10-26T18:00:00.000Z,False,True,False,True,,5915.0,Farwell Field,262,Lake Forest,iii,Midwest,66.0,"[14, 24, 7, 21]",,,,2891,Ripon,iii,Midwest,0.0,"[0, 0, 0, 0]",,,,,,,
401675032,2024,9,regular,2024-10-26T18:00:00.000Z,False,True,False,True,,6110.0,Sam Greeley Field,2524,Rockford,iii,NACC,35.0,"[0, 20, 7, 8]",,,,409,Concordia (WI),iii,NACC,42.0,"[14, 7, 14, 7]",,,,,,,
401674136,2024,9,regular,2024-10-26T18:30:00.000Z,False,True,False,True,,4724.0,Audrey J. Walton Stadium at Vernon Kennedy Field,2118,Central Missouri,ii,Mid America,31.0,"[7, 10, 7, 7]",,,,2687,Washburn,ii,Mid America,28.0,"[7, 7, 14, 0]",,,,,,,
401675414,2024,9,regular,2024-10-26T18:30:00.000Z,False,True,False,True,,3813.0,"Luther ""Nick"" Jeralds Stadium",2220,Fayetteville State,ii,CIAA,35.0,"[14, 7, 0, 14]",,,,2551,Shaw,ii,CIAA,38.0,"[0, 17, 7, 14]",,,,,,,
401676195,2024,9,regular,2024-10-26T18:30:00.000Z,False,True,False,True,,5899.0,"Alumni Stadium (Worcester, MA)",2749,WPI,iii,NEWMAC,35.0,"[7, 14, 7, 7]",,,,2383,Merchant Marine,iii,NEWMAC,24.0,"[0, 3, 14, 7]",,,,,,,
401674707,2024,9,regular,2024-10-26T18:30:00.000Z,False,True,False,True,,5830.0,Walter M. Katz Field,40,Curry,iii,Commonwealth Coast,34.0,"[13, 7, 7, 7]",,,,2280,Husson,iii,Commonwealth Coast,35.0,"[6, 7, 6, 16]",,,,,,,
401633995,2024,9,regular,2024-10-26T18:30:00.000Z,False,True,False,True,5498.0,3962.0,Tucker Stadium,2635,Tennessee Tech,fcs,Big South-OVC,28.0,"[3, 16, 0, 9]",0.7199289542175556,,,2127,Charleston Southern,fcs,Big South-OVC,23.0,"[7, 0, 14, 2]",0.28007104578244435,,,7.5158781265,,,
401644601,2024,9,regular,2024-10-26T19:00:00.000Z,False,True,False,True,12244.0,3750.0,Harvard Stadium,108,Harvard,fcs,Ivy,45.0,"[14, 10, 0, 21]",0.9978364978957066,,,163,Princeton,fcs,Ivy,13.0,"[7, 3, 3, 0]",0.002163502104293391,,,5.0895286428,,,
401674882,2024,9,regular,2024-10-26T19:00:00.000Z,False,True,False,True,,5845.0,Elliot Field Athletic Complex,114,Fitchburg State,iii,MSCAC,26.0,"[6, 6, 0, 14]",,,,293,Vermont State Castleton,iii,MSCAC,6.0,"[0, 0, 0, 6]",,,,,,,
401674481,2024,9,regular,2024-10-26T19:00:00.000Z,False,True,False,True,,4763.0,Ranger Field,2823,Northwestern (OK),ii,Great American,30.0,"[0, 13, 3, 14]",,,,319,Oklahoma Baptist,ii,Great American,28.0,"[0, 7, 0, 21]",,,,,,,
401633996,2024,9,regular,2024-10-26T19:00:00.000Z,False,True,False,True,4109.0,3748.0,Graham Stadium,2630,UT Martin,fcs,Big South-OVC,52.0,"[7, 14, 10, 21]",0.9889809199041155,,,2197,Eastern Illinois,fcs,Big South-OVC,17.0,"[7, 3, 7, 0]",0.011019080095884481,,,4.4921207488,,,
401636367,2024,9,regular,2024-10-26T19:00:00.000Z,False,True,False,True,10877.0,3850.0,Municipal Stadium,2065,Bethune-Cookman,fcs,SWAC,17.0,"[14, 3, 0, 0]",0.1341047122492385,,,2296,Jackson State,fcs,SWAC,37.0,"[7, 10, 14, 6]",0.8658952877507615,,,5.0407503241,,,
401654570,2024,9,regular,2024-10-26T19:00:00.000Z,False,True,False,False,13937.0,5238.0,Panther Stadium,2504,Prairie View A&M,fcs,SWAC,34.0,"[21, 0, 10, 3]",0.9265234523037577,,,2837,East Texas A&M,fcs,Southland,27.0,"[3, 0, 10, 14]",0.07347654769624234,,,4.2233722179,,,
401632120,2024,9,regular,2024-10-26T19:00:00.000Z,False,True,False,True,7491.0,3908.0,Roy Kidd Stadium,2198,Eastern Kentucky,fcs,UAC,28.0,"[0, 14, 7, 7]",0.9809531177052643,,,3101,Utah Tech,fcs,UAC,17.0,"[0, 3, 7, 7]",0.019046882294735723,,,5.6166410368,,,
401636359,2024,9,regular,2024-10-26T19:00:00.000Z,False,True,False,True,12437.0,3740.0,Golden Lion Stadium,2029,Arkansas-Pine Bluff,fcs,SWAC,35.0,"[7, 7, 7, 14]",0.6169837184238783,,,2400,Mississippi Valley State,fcs,SWAC,21.0,"[7, 7, 7, 0]",0.38301628157612166,,,6.4627695154,,,
401633997,2024,9,regular,2024-10-26T19:00:00.000Z,False,True,False,True,7295.0,7003.0,Houck Field,2546,Southeast Missouri State,fcs,Big South-OVC,30.0,"[0, 21, 6, 3]",0.4473660593330835,,,2241,Gardner-Webb,fcs,Big South-OVC,24.0,"[14, 0, 7, 3]",0.5526339406669165,,,8.3603664628,,,
401633998,2024,9,regular,2024-10-26T19:00:00.000Z,False,True,False,True,3697.0,3749.0,Hunter Stadium,2815,Lindenwood,fcs,Big South-OVC,49.0,"[14, 7, 14, 14]",0.9952189634845139,,,2710,Western Illinois,fcs,Big South-OVC,38.0,"[7, 10, 14, 7]",0.0047810365154861145,,,9.6790836597,,,
401628662,2024,9,regular,2024-10-26T19:00:00.000Z,False,True,False,True,17847.0,3695.0,Delaware Stadium,48,Delaware,fcs,CAA,28.0,"[14, 7, 0, 7]",0.948110915062381,,,399,UAlbany,fcs,CAA,14.0,"[7, 0, 7, 0]",0.05188908493761901,,,4.7330432501,,,
401674492,2024,9,regular,2024-10-26T19:00:00.000Z,False,True,False,True,,6073.0,Milam Stadium,2927,Southwestern Oklahoma State,ii,Great American,15.0,"[0, 7, 0, 8]",,,,199,Southeastern Oklahoma State,ii,Great American,30.0,"[9, 0, 21, 0]",,,,,,,
401674157,2024,9,regular,2024-10-26T19:00:00.000Z,False,True,False,True,,6057.0,Ron & Carol Cope Stadium at Foster Field,2438,Nebraska Kearney,ii,Mid America,35.0,"[7, 7, 7, 14]",,,,2214,Emporia State,ii,Mid America,42.0,"[0, 20, 7, 15]",,,,,,,
401674555,2024,9,regular,2024-10-26T19:00:00.000Z,False,True,False,True,,3811.0,Lubbers Stadium,125,Grand Valley State,ii,GLIAC,7.0,"[0, 0, 7, 0]",,,,2222,Ferris State,ii,GLIAC,34.0,"[3, 10, 14, 7]",,,,,,,
401674521,2024,9,regular,2024-10-26T19:00:00.000Z,False,True,False,True,,6077.0,Stokes Stadium,2654,Truman State,ii,Great Lakes,21.0,"[7, 7, 0, 7]",,,,2816,McKendree,ii,Great Lakes,28.0,"[7, 14, 7, 0]",,,,,,,
401634017,2024,9,regular,2024-10-26T19:00:00.000Z,False,True,False,True,6865.0,3963.0,Harry Turpin Stadium,2466,Northwestern State,fcs,Southland,10.0,"[0, 7, 0, 3]",0.0004468148594436606,,,2320,Lamar,fcs,Southland,42.0,"[7, 14, 21, 0]",0.9995531851405564,,,2.2217831839,,,
401675038,2024,9,regular,2024-10-26T19:00:00.000Z,False,True,False,True,,5820.0,Amos Alonzo Stagg Field,80,Chicago,iii,Midwest,33.0,"[14, 13, 3, 3]",,,,2155,Cornell (IA),iii,Midwest,14.0,"[0, 0, 0, 14]",,,,,,,
401634109,2024,9,regular,2024-10-26T19:00:00.000Z,False,True,False,True,3902.0,3856.0,Nottingham Field,2458,Northern Colorado,fcs,Big Sky,0.0,"[0, 0, 0, 0]",0.0065023607221793385,,,149,Montana,fcs,Big Sky,24.0,"[7, 7, 10, 0]",0.9934976392778206,,,3.2142327689,,,
401676371,2024,9,regular,2024-10-26T19:00:00.000Z,False,True,False,True,,6081.0,Harper Davis Field,2398,Millsaps,iii,Southern Athletic,27.0,"[7, 7, 13, 0]",,,,418,Hendrix,iii,Southern Athletic,26.0,"[7, 6, 0, 13]",,,,,,,
401674416,2024,9,regular,2024-10-26T19:00:00.000Z,False,True,False,True,,3934.0,Southern Nazarene University Football Stadium,200,Southern Nazarene,ii,Great American,30.0,"[14, 2, 14, 0]",,,,2191,East Central,ii,Great American,31.0,"[0, 7, 14, 10]",,,,,,,
401675473,2024,9,regular,2024-10-26T19:00:00.000Z,False,True,False,True,,3957.0,Tiger Stadium (AL),2695,West Alabama,ii,Gulf South,38.0,"[3, 14, 14, 7]",,,,2804,Chowan,ii,Gulf South,0.0,"[0, 0, 0, 0]",,,,,,,
401674396,2024,9,regular,2024-10-26T19:00:00.000Z,False,True,False,True,,5870.0,Thone Stadium at Buerkle Field,2033,Arkansas Tech,ii,Great American,7.0,"[0, 0, 0, 7]",,,,2888,Ouachita Baptist,ii,Great American,38.0,"[21, 0, 7, 10]",,,,,,,
401675768,2024,9,regular,2024-10-26T19:00:00.000Z,False,True,False,True,,5781.0,Irwin Belk Stadium,351,Wingate,ii,South Atlantic,24.0,"[7, 3, 7, 7]",,,,2107,Catawba,ii,South Atlantic,15.0,"[9, 0, 6, 0]",,,,,,,
401675610,2024,9,regular,2024-10-26T19:00:00.000Z,False,True,False,True,,3952.0,Ted Wright Stadium,2542,Savannah State,ii,SIAC,27.0,"[0, 7, 14, 0, 6]",,,,2323,Lane College,ii,SIAC,28.0,"[7, 0, 6, 8, 7]",,,,,,,
401674146,2024,9,regular,2024-10-26T19:00:00.000Z,False,True,False,True,,5878.0,Wantland Stadium,2122,Central Oklahoma,ii,Mid America,21.0,"[7, 7, 7, 0]",,,,90,Pittsburg State,ii,Mid America,35.0,"[14, 14, 0, 7]",,,,,,,
401645308,2024,9,regular,2024-10-26T19:30:00.000Z,False,True,False,False,14374.0,3985.0,Warren McGuirk Alumni Stadium,113,Massachusetts,fbs,FBS Independents,35.0,"[7, 14, 0, 14]",0.9750378003346585,986.0,986.0,2681,Wagner,fcs,NEC,7.0,"[0, 0, 7, 0]",0.024962199665341522,,,4.5456108691,,,
401644752,2024,9,regular,2024-10-26T19:30:00.000Z,False,True,False,True,4277.0,3768.0,InfoCision Stadium,2006,Akron,fbs,Mid-American,25.0,"[8, 10, 0, 7]",0.8402397523324775,1049.0,1059.0,2199,Eastern Michigan,fbs,Mid-American,21.0,"[0, 0, 14, 7]",0.1597602476675225,1262.0,1252.0,7.7669740021,,,
401645355,2024,9,regular,2024-10-26T19:30:00.000Z,False,True,False,True,17439.0,3674.0,Chapman Stadium,202,Tulsa,fbs,American Athletic,46.0,"[0, 7, 17, 22]",0.7968330724487508,1047.0,1057.0,2636,UTSA,fbs,American Athletic,45.0,"[14, 21, 7, 3]",0.2031669275512492,1391.0,1381.0,6.0190795343,,,
401628528,2024,9,regular,2024-10-26T19:30:00.000Z,False,True,False,True,48696.0,3953.0,Huntington Bank Stadium,135,Minnesota,fbs,Big Ten,48.0,"[21, 13, 7, 7]",0.9970971140811259,1534.0,1599.0,120,Maryland,fbs,Big Ten,23.0,"[0, 10, 0, 13]",0.0029028859188741096,1553.0,1488.0,2.7298827738,,,
401644753,2024,9,regular,2024-10-26T19:30:00.000Z,False,True,False,True,15318.0,3919.0,Scheumann Stadium,2050,Ball State,fbs,Mid-American,25.0,"[7, 12, 0, 6]",0.8486636054422304,1089.0,1094.0,2459,Northern Illinois,fbs,Mid-American,23.0,"[7, 7, 0, 9]",0.1513363945577696,1460.0,1455.0,7.8588104996,,,
401644756,2024,9,regular,2024-10-26T19:30:00.000Z,False,True,False,True,23537.0,3980.0,Waldo Stadium,2711,Western Michigan,fbs,Mid-American,52.0,"[14, 24, 7, 7]",0.9989648557142671,1242.0,1288.0,2309,Kent State,fbs,Mid-American,21.0,"[0, 7, 0, 14]",0.0010351442857329252,924.0,878.0,2.4884996685,,,
401628400,2024,9,regular,2024-10-26T19:30:00.000Z,False,True,False,True,100077.0,3657.0,Bryant-Denny Stadium,333,Alabama,fbs,SEC,34.0,"[3, 10, 14, 7]",0.998260781485511,1996.0,2058.0,142,Missouri,fbs,SEC,0.0,"[0, 0, 0, 0]",0.0017392185144889938,1735.0,1673.0,3.6589486898,,,
401644754,2024,9,regular,2024-10-26T19:30:00.000Z,False,True,False,True,29697.0,3739.0,Glass Bowl,2649,Toledo,fbs,Mid-American,26.0,"[7, 13, 6, 0]",0.13080836565884166,1518.0,1472.0,189,Bowling Green,fbs,Mid-American,41.0,"[14, 14, 3, 10]",0.8691916343411583,1410.0,1456.0,5.4645428296,,,
401643817,2024,9,regular,2024-10-26T19:30:00.000Z,False,True,False,True,25399.0,3651.0,Bridgeforth Stadium,256,James Madison,fbs,Sun Belt,32.0,"[0, 17, 8, 7]",0.9863226260269137,1788.0,1766.0,2572,Southern Miss,fbs,Sun Belt,15.0,"[3, 6, 6, 0]",0.013677373973086326,1074.0,1096.0,6.320345473,,,
401634149,2024,9,regular,2024-10-26T19:30:00.000Z,False,True,False,True,7389.0,4417.0,Five Star Stadium at the Moye Complex,2382,Mercer,fcs,Southern,44.0,"[0, 21, 13, 10]",0.9675780206684614,,,2717,Western Carolina,fcs,Southern,34.0,"[14, 10, 0, 10]",0.032421979331538564,,,6.577043295,,,
401635599,2024,9,regular,2024-10-26T19:30:00.000Z,False,True,False,True,23471.0,3940.0,Stanford Stadium,24,Stanford,fbs,ACC,24.0,"[0, 17, 0, 7]",0.32026565036279786,1208.0,1212.0,154,Wake Forest,fbs,ACC,27.0,"[14, 10, 0, 3]",0.6797343496372021,1353.0,1349.0,6.1936628219,,,
401636906,2024,9,regular,2024-10-26T19:30:00.000Z,False,True,False,True,44987.0,4727.0,McLane Stadium,239,Baylor,fbs,Big 12,38.0,"[3, 14, 7, 14]",0.998212140898507,1545.0,1558.0,197,Oklahoma State,fbs,Big 12,28.0,"[3, 14, 3, 8]",0.001787859101493039,1490.0,1477.0,7.6685131792,,,
401636910,2024,9,regular,2024-10-26T19:30:00.000Z,False,True,False,True,42144.0,3616.0,Amon G. Carter Stadium,2628,TCU,fbs,Big 12,35.0,"[14, 0, 7, 14]",0.9478216451126138,1525.0,1527.0,2641,Texas Tech,fbs,Big 12,34.0,"[3, 14, 14, 3]",0.0521783548873862,1556.0,1554.0,7.7070856477,,,
401636911,2024,9,regular,2024-10-26T19:30:00.000Z,False,True,False,True,42144.0,3652.0,FBC Mortgage Stadium,2116,UCF,fbs,Big 12,24.0,"[0, 10, 0, 14]",0.03313314175584659,1503.0,1489.0,252,BYU,fbs,Big 12,37.0,"[7, 17, 10, 3]",0.9668668582441534,1664.0,1678.0,2.3743109221,,,
401629035,2024,9,regular,2024-10-26T19:30:00.000Z,False,True,False,False,23711.0,3892.0,Pratt & Whitney Stadium,41,UConn,fbs,FBS Independents,17.0,"[0, 0, 7, 10]",0.9799536976195187,1424.0,1423.0,242,Rice,fbs,American Athletic,10.0,"[3, 0, 0, 7]",0.02004630238048133,1235.0,1236.0,6.1783739785,,,
401628527,2024,9,regular,2024-10-26T19:30:00.000Z,False,True,False,True,69250.0,3793.0,Kinnick Stadium,2294,Iowa,fbs,Big Ten,40.0,"[3, 9, 28, 0]",0.9887751918036539,1637.0,1693.0,77,Northwestern,fbs,Big Ten,14.0,"[0, 7, 0, 7]",0.011224808196346081,1543.0,1487.0,5.1362712138,,,
401628669,2024,9,regular,2024-10-26T19:30:00.000Z,False,True,False,True,7599.0,3788.0,Kenneth P. LaValle Stadium,2619,Stony Brook,fcs,CAA,35.0,"[7, 14, 7, 7]",0.5288598261184438,,,2729,William & Mary,fcs,CAA,13.0,"[6, 7, 0, 0]",0.47114017388155616,,,2.6846129296,,,
401654514,2024,9,regular,2024-10-26T19:30:00.000Z,False,True,False,True,,3862.0,O'Kelly-Riddick Stadium,2428,North Carolina Central,fcs,MEAC,16.0,"[0, 7, 3, 6]",0.9181662049374081,,,2415,Morgan State,fcs,MEAC,7.0,"[0, 0, 0, 7]",0.08183379506259192,,,8.0788962542,,,
401654500,2024,9,regular,2024-10-26T19:30:00.000Z,False,True,False,True,22169.0,3864.0,Oliver C. Dawson Stadium,2569,South Carolina State,fcs,MEAC,69.0,"[28, 21, 13, 7]",0.9989706125381681,,,2169,Delaware State,fcs,MEAC,35.0,"[7, 7, 0, 21]",0.0010293874618318988,,,2.8555567298,,,
401634255,2024,9,regular,2024-10-26T19:30:00.000Z,False,True,True,True,69125.0,3803.0,Legion Field,2010,Alabama A&M,fcs,SWAC,19.0,"[0, 3, 0, 16]",0.5118403150247954,,,2011,Alabama State,fcs,SWAC,27.0,"[10, 7, 10, 0]",0.48815968497520457,,,3.359485257,,,
401628668,2024,9,regular,2024-10-26T19:30:00.000Z,False,True,False,True,5015.0,717.0,Villanova Stadium,222,Villanova,fcs,CAA,14.0,"[0, 7, 0, 7]",0.9085082667505544,,,160,New Hampshire,fcs,CAA,6.0,"[3, 0, 0, 3]",0.0914917332494456,,,6.0024603494,,,
401628525,2024,9,regular,2024-10-26T19:30:00.000Z,False,True,False,True,59830.0,3626.0,Autzen Stadium,2483,Oregon,fbs,Big Ten,38.0,"[14, 21, 0, 3]",0.9988782056162032,1987.0,2020.0,356,Illinois,fbs,Big Ten,9.0,"[3, 0, 6, 0]",0.0011217943837967814,1602.0,1569.0,2.7313233829,,,
401676319,2024,9,regular,2024-10-26T20:00:00.000Z,False,True,False,True,,5920.0,Griswold Stadium,2333,Lewis & Clark,iii,Northwest,28.0,"[0, 7, 14, 7]",,,,2486,Pacific Lutheran,iii,Northwest,31.0,"[0, 21, 10, 0]",,,,,,,
401628664,2024,9,regular,2024-10-26T20:00:00.000Z,False,True,False,True,5591.0,3629.0,Barker-Lane Stadium,2097,Campbell,fcs,CAA,21.0,"[14, 0, 0, 7]",0.982077350325506,,,2448,North Carolina A&T,fcs,CAA,7.0,"[0, 0, 0, 7]",0.017922649674493973,,,4.6265431154,,,
401673268,2024,9,regular,2024-10-26T20:00:00.000Z,False,True,False,True,,5944.0,Ray Dennison Memorial Field,2237,Fort Lewis,ii,Rocky Mountain,0.0,"[0, 0, 0, 0]",,,,11,Colorado Mesa,ii,Rocky Mountain,49.0,"[0, 14, 21, 14]",,,,,,,
401632465,2024,9,regular,2024-10-26T20:00:00.000Z,False,True,False,True,8071.0,3720.0,Finley Stadium,236,Chattanooga,fcs,Southern,31.0,"[7, 7, 7, 10]",0.9906339288176518,,,2678,VMI,fcs,Southern,10.0,"[3, 7, 0, 0]",0.009366071182348223,,,4.820140066,,,
401674293,2024,9,regular,2024-10-26T20:00:00.000Z,False,True,False,True,,6060.0,Grace P. Johnson Stadium,2882,UNC Pembroke,ii,Mountain East,62.0,"[14, 27, 14, 7]",,,,2707,West Virginia State,ii,Mountain East,17.0,"[10, 7, 0, 0]",,,,,,,
401676324,2024,9,regular,2024-10-26T20:00:00.000Z,False,True,False,True,,6153.0,Hanson Stadium,205,Pacific (OR),iii,Northwest,32.0,"[7, 9, 6, 10]",,,,2721,Whitworth,iii,Northwest,39.0,"[3, 21, 7, 8]",,,,,,,
401674425,2024,9,regular,2024-10-26T20:00:00.000Z,False,True,False,True,,5885.0,First Security Stadium,2264,Harding,ii,Great American,49.0,"[14, 21, 7, 7]",,,,2568,Southern Arkansas,ii,Great American,17.0,"[3, 0, 7, 7]",,,,,,,
401632122,2024,9,regular,2024-10-26T20:00:00.000Z,False,True,False,True,8219.0,3742.0,Governors Stadium,2046,Austin Peay,fcs,UAC,17.0,"[3, 7, 7, 0]",0.015339314357335807,,,2627,Tarleton State,fcs,UAC,27.0,"[7, 10, 3, 7]",0.9846606856426642,,,5.8914785088,,,
401635594,2024,9,regular,2024-10-26T20:00:00.000Z,False,True,False,False,33090.0,3831.0,California Memorial Stadium,25,California,fbs,ACC,44.0,"[14, 17, 10, 3]",0.9989034675798805,1542.0,1653.0,204,Oregon State,fbs,Pac-12,7.0,"[0, 0, 0, 7]",0.0010965324201195337,1578.0,1467.0,4.1242971369,,,
401634026,2024,9,regular,2024-10-26T20:00:00.000Z,False,True,False,True,6593.0,3779.0,Manning Field at John L. Guidry Stadium,2447,Nicholls,fcs,Southland,24.0,"[2, 12, 3, 7]",0.8633794379348931,,,2377,McNeese,fcs,Southland,19.0,"[3, 7, 0, 9]",0.13662056206510687,,,8.9704113757,,,
401674908,2024,9,regular,2024-10-26T20:00:00.000Z,False,True,False,True,,6142.0,Westside Athletic Complex,2843,Western Connecticut State,iii,MSCAC,61.0,"[6, 20, 14, 21]",,,,402,Worcester State,iii,MSCAC,7.0,"[0, 0, 7, 0]",,,,,,,
401675759,2024,9,regular,2024-10-26T20:00:00.000Z,False,True,False,True,,3926.0,Setzler Field,2444,Newberry,ii,South Atlantic,41.0,"[0, 20, 13, 8]",,,,122666,Barton,ii,South Atlantic,25.0,"[7, 3, 8, 7]",,,,,,,
401676283,2024,9,regular,2024-10-26T20:00:00.000Z,False,True,False,True,,6149.0,McCulloch Stadium,2930,Willamette,iii,Northwest,7.0,"[0, 0, 0, 7]",,,,415,George Fox,iii,Northwest,28.0,"[14, 0, 14, 0]",,,,,,,
401676289,2024,9,regular,2024-10-26T20:00:00.000Z,False,True,False,True,,5119.0,Maxwell Field,203,Linfield,iii,Northwest,62.0,"[14, 21, 20, 7]",,,,2508,Puget Sound,iii,Northwest,13.0,"[0, 6, 0, 7]",,,,,,,
401676079,2024,9,regular,2024-10-26T20:00:00.000Z,False,True,False,True,,3859.0,Offutt Field,611,Seton Hill,ii,Pennsylvania State Athletic,31.0,"[7, 0, 7, 17]",,,,2134,Clarion,ii,Pennsylvania State Athletic,16.0,"[7, 6, 3, 0]",,,,,,,
401675552,2024,9,regular,2024-10-26T20:05:00.000Z,False,True,False,True,,5783.0,McArthur Field,2848,Western Oregon,ii,Lone Star,14.0,"[7, 0, 7, 0]",,,,2658,Texas A&M-Kingsville,ii,Lone Star,21.0,"[7, 7, 7, 0]",,,,,,,
401628405,2024,9,regular,2024-10-26T20:15:00.000Z,False,True,False,True,28934.0,3973.0,FirstBank Stadium,238,Vanderbilt,fbs,SEC,24.0,"[7, 3, 7, 7]",0.4011376899370136,1396.0,1428.0,251,Texas,fbs,SEC,27.0,"[14, 7, 3, 3]",0.5988623100629864,2089.0,2057.0,4.1653351519,,,
401634185,2024,9,regular,2024-10-26T21:00:00.000Z,False,True,False,True,10848.0,3967.0,UNI-Dome,2460,Northern Iowa,fcs,MVFC,42.0,"[7, 14, 7, 14]",0.22644564609936732,,,2623,Missouri State,fcs,MVFC,49.0,"[7, 14, 21, 7]",0.7735543539006327,,,4.8577505539,,,
401643741,2024,9,regular,2024-10-26T21:00:00.000Z,False,True,False,True,36980.0,5388.0,Canvas Stadium,36,Colorado State,fbs,Mountain West,17.0,"[0, 17, 0, 0]",0.9115852563177875,1295.0,1313.0,167,New Mexico,fbs,Mountain West,6.0,"[0, 3, 3, 0]",0.08841474368221247,1273.0,1255.0,4.9296393321,,,
401632123,2024,9,regular,2024-10-26T21:00:00.000Z,False,True,False,True,8794.0,3711.0,Estes Stadium,2110,Central Arkansas,fcs,UAC,24.0,"[3, 7, 7, 7]",0.8083896397501379,,,2453,North Alabama,fcs,UAC,19.0,"[0, 13, 0, 6]",0.1916103602498621,,,8.2675776484,,,
401643819,2024,9,regular,2024-10-26T21:00:00.000Z,False,True,False,True,16746.0,6526.0,Hancock Whitney Stadium,6,South Alabama,fbs,Sun Belt,46.0,"[7, 5, 20, 14]",0.9418698506478463,1606.0,1644.0,2433,UL Monroe,fbs,Sun Belt,17.0,"[7, 10, 0, 0]",0.05813014935215366,1272.0,1234.0,6.0528725941,,,
401658354,2024,9,regular,2024-10-26T21:00:00.000Z,False,True,False,True,,6053.0,Robinson-Hale Stadium,2401,Mississippi College,ii,Gulf South,42.0,"[7, 21, 7, 7]",,,,101784,Erskine,ii,Gulf South,7.0,"[0, 0, 7, 0]",,,,,,,
401675501,2024,9,regular,2024-10-26T21:00:00.000Z,False,True,True,True,,10803.0,Pen-Air Field,110242,West Florida,ii,Gulf South,35.0,"[21, 0, 7, 7]",,,,2560,Shorter,ii,Gulf South,16.0,"[0, 3, 7, 6]",,,,,,,
401674660,2024,9,regular,2024-10-26T21:00:00.000Z,False,True,False,True,,6125.0,Bulldog Stadium (TX),2639,Texas Lutheran,iii,Southern Collegiate Athletic,28.0,"[0, 14, 14, 0]",,,,241,McMurry,iii,Southern Collegiate Athletic,6.0,"[3, 0, 0, 3]",,,,,,,
401676437,2024,9,regular,2024-10-26T21:05:00.000Z,False,True,False,True,,5789.0,Frank B. Fuhrer Field,2018,Allegheny,iii,Presidents',41.0,"[0, 20, 0, 21]",,,,2845,Waynesburg,iii,Presidents',44.0,"[7, 6, 20, 11]",,,,,,,
401675975,2024,9,regular,2024-10-26T21:30:00.000Z,False,True,False,True,,5939.0,Cressy Field,379,UMass Dartmouth,iii,MSCAC,49.0,"[14, 21, 7, 7]",,,,18,Bridgewater State,iii,MSCAC,16.0,"[0, 3, 13, 0]",,,,,,,
401674270,2024,9,regular,2024-10-26T22:00:00.000Z,False,True,False,True,,5784.0,Cebe Ross Field,455,West Virginia Wesleyan,ii,Mountain East,31.0,"[6, 14, 3, 8]",,,,2148,Concord,ii,Mountain East,33.0,"[7, 3, 7, 16]",,,,,,,
401675391,2024,9,regular,2024-10-26T22:00:00.000Z,False,True,False,True,,6221.0,Mitchell Stadium,124180,Bluefield State,ii,CIAA,6.0,"[0, 6, 0, 0]",,,,330,Virginia State,ii,CIAA,45.0,"[3, 28, 7, 7]",,,,,,,
401634108,2024,9,regular,2024-10-26T22:00:00.000Z,False,True,False,True,5804.0,1930.0,Holt Arena,304,Idaho State,fcs,Big Sky,30.0,"[0, 21, 3, 0, 6]",0.40462487841250416,,,16,Sacramento State,fcs,Big Sky,27.0,"[7, 14, 0, 3, 3]",0.5953751215874958,,,4.3379338464,,,
401673237,2024,9,regular,2024-10-26T22:00:00.000Z,False,True,False,True,,5877.0,Lyle Hare Stadium,2069,Black Hills State,ii,Rocky Mountain,21.0,"[7, 7, 0, 7]",,,,2123,Chadron State,ii,Rocky Mountain,16.0,"[0, 7, 9, 0]",,,,,,,
401634203,2024,9,regular,2024-10-26T22:00:00.000Z,False,True,False,True,9979.0,844.0,Stambaugh Stadium,2754,Youngstown State,fcs,MVFC,41.0,"[7, 14, 10, 3, 7]",0.49346441164152605,,,155,North Dakota,fcs,MVFC,40.0,"[7, 13, 7, 7, 6]",0.5065355883584739,,,8.6325912771,,,
401676130,2024,9,regular,2024-10-26T22:00:00.000Z,False,True,False,True,,5829.0,Old National Bank Stadium,509,Crown,iii,Upper Midwest,10.0,"[0, 7, 0, 3]",,,,583,Northwestern (MN),iii,Upper Midwest,24.0,"[7, 7, 3, 7]",,,,,,,
401635596,2024,9,regular,2024-10-26T23:00:00.000Z,False,True,False,True,66200.0,3948.0,Hard Rock Stadium,2390,Miami,fbs,ACC,36.0,"[7, 10, 6, 13]",0.9909618573800546,1826.0,1848.0,52,Florida State,fbs,ACC,14.0,"[0, 7, 0, 7]",0.0090381426199454,1526.0,1504.0,6.0033018293,,,
401643745,2024,9,regular,2024-10-26T23:00:00.000Z,False,True,False,True,17724.0,3984.0,War Memorial Stadium,2751,Wyoming,fbs,Mountain West,25.0,"[3, 7, 6, 9]",0.876798881373885,1287.0,1278.0,328,Utah State,fbs,Mountain West,27.0,"[7, 10, 0, 10]",0.12320111862611505,1170.0,1179.0,8.0133648224,,,
401675120,2024,9,regular,2024-10-26T23:00:00.000Z,False,True,False,True,6246.0,3756.0,Homer Bryce Stadium,2617,Stephen F. Austin,fcs,Southland,55.0,"[3, 21, 21, 10]",0.9988474598603427,,,2277,Houston Christian,fcs,Southland,6.0,"[0, 6, 0, 0]",0.0011525401396572654,,,4.5430040404,,,
401643818,2024,9,regular,2024-10-26T23:00:00.000Z,False,True,False,True,17162.0,3625.0,Centennial Bank Stadium,2032,Arkansas State,fbs,Sun Belt,34.0,"[13, 10, 3, 8]",0.33265760871550765,1283.0,1286.0,2653,Troy,fbs,Sun Belt,31.0,"[0, 3, 21, 7]",0.6673423912844924,1432.0,1429.0,7.7146827131,,,
401636908,2024,9,regular,2024-10-26T23:00:00.000Z,False,True,False,True,28251.0,4728.0,TDECU Stadium,248,Houston,fbs,Big 12,17.0,"[0, 7, 0, 10]",0.8441237004950815,1334.0,1338.0,254,Utah,fbs,Big 12,14.0,"[7, 0, 7, 0]",0.15587629950491855,1572.0,1568.0,8.2922591272,,,
401636376,2024,9,regular,2024-10-26T23:00:00.000Z,False,True,False,True,,3650.0,Bragg Memorial Stadium,50,Florida A&M,fcs,SWAC,24.0,"[7, 0, 7, 10]",0.9803330072238174,,,2582,Southern,fcs,SWAC,6.0,"[3, 0, 3, 0]",0.019666992776182557,,,6.3868852954,,,
401636905,2024,9,regular,2024-10-26T23:00:00.000Z,False,True,False,True,49888.0,3619.0,Arizona Stadium,12,Arizona,fbs,Big 12,26.0,"[0, 7, 6, 13]",0.21146441783186035,1526.0,1518.0,277,West Virginia,fbs,Big 12,31.0,"[10, 7, 7, 7]",0.7885355821681397,1541.0,1549.0,3.4809917974,,,
401634032,2024,9,regular,2024-10-26T23:00:00.000Z,False,True,False,True,3116.0,3944.0,Strawberry Stadium,2545,SE Louisiana,fcs,Southland,31.0,"[3, 10, 10, 8]",0.2525181698172132,,,2916,Incarnate Word,fcs,Southland,34.0,"[7, 13, 7, 7]",0.7474818301827868,,,8.8884351965,,,
401675518,2024,9,regular,2024-10-26T23:00:00.000Z,False,True,False,True,,5869.0,LeGrand Stadium at 1st Community Credit Union Field,2025,Angelo State,ii,Lone Star,57.0,"[14, 22, 7, 14]",,,,2834,Sul Ross State,ii,Lone Star,10.0,"[3, 7, 0, 0]",,,,,,,
401673147,2024,9,regular,2024-10-26T23:00:00.000Z,False,True,False,True,,6059.0,Sanchez Family Stadium,2424,New Mexico Highlands,ii,Rocky Mountain,44.0,"[3, 7, 13, 21]",,,,2001,Adams State,ii,Rocky Mountain,27.0,"[0, 7, 6, 14]",,,,,,,
401636385,2024,9,regular,2024-10-26T23:00:00.000Z,False,True,False,True,10029.0,3631.0,BBVA Compass Stadium,2640,Texas Southern,fcs,SWAC,24.0,"[0, 14, 3, 7]",0.8949188232594958,,,2755,Grambling,fcs,SWAC,17.0,"[0, 3, 7, 7]",0.10508117674050421,,,5.4228756429,,,
401675512,2024,9,regular,2024-10-26T23:00:00.000Z,False,True,False,True,,6062.0,Gable Field at Doc Wadley Stadium,196,Northeastern State,ii,Independent DII,48.0,"[7, 21, 20, 0]",,,,124179,Lincoln (CA),ii,Independent DII,0.0,"[0, 0, 0, 0]",,,,,,,
401674633,2024,9,regular,2024-10-26T23:00:00.000Z,False,True,True,True,,10465.0,Mayo Field,101442,Centenary (LA),iii,Southern Collegiate Athletic,41.0,"[3, 16, 7, 15]",,,,2045,Austin,iii,Southern Collegiate Athletic,21.0,"[7, 14, 0, 0]",,,,,,,
401676424,2024,9,regular,2024-10-26T23:00:00.000Z,False,True,False,True,,6146.0,Memorial Field (PA),2849,Westminster (PA),iii,Presidents',17.0,"[0, 7, 7, 3]",,,,2963,Case Western Reserve,iii,Presidents',14.0,"[0, 7, 7, 0]",,,,,,,
401628531,2024,9,regular,2024-10-26T23:30:00.000Z,False,True,False,True,76403.0,347.0,Camp Randall Stadium,275,Wisconsin,fbs,Big Ten,13.0,"[3, 7, 3, 0]",0.0025452049103736733,1755.0,1734.0,213,Penn State,fbs,Big Ten,28.0,"[0, 7, 7, 14]",0.9974547950896263,1897.0,1918.0,6.5260801875,,,
401628529,2024,9,regular,2024-10-26T23:30:00.000Z,False,True,False,True,110849.0,3558.0,Michigan Stadium,130,Michigan,fbs,Big Ten,24.0,"[0, 9, 7, 8]",0.6235374783179265,1817.0,1808.0,127,Michigan State,fbs,Big Ten,17.0,"[7, 0, 3, 7]",0.3764625216820735,1456.0,1465.0,7.0561258048,,,
401628404,2024,9,regular,2024-10-26T23:30:00.000Z,False,True,False,True,108852.0,3795.0,Kyle Field,245,Texas A&M,fbs,SEC,38.0,"[7, 0, 14, 17]",0.9018287792367656,1771.0,1814.0,99,LSU,fbs,SEC,23.0,"[10, 7, 0, 6]",0.09817122076323437,1898.0,1855.0,6.6754087222,,,
401634218,2024,9,regular,2024-10-26T23:30:00.000Z,False,True,False,True,19351.0,5237.0,Dana J. Dykhouse Stadium,2571,South Dakota State,fcs,MVFC,20.0,"[7, 7, 0, 0, 6]",0.9372616172470309,,,233,South Dakota,fcs,MVFC,17.0,"[7, 0, 0, 7, 3]",0.06273838275296906,,,7.5393477082,,,
401628401,2024,9,regular,2024-10-26T23:45:00.000Z,False,True,False,True,60605.0,3683.0,Kroger Field,96,Kentucky,fbs,SEC,10.0,"[10, 0, 0, 0]",0.0014103188259993993,1559.0,1526.0,2,Auburn,fbs,SEC,24.0,"[0, 10, 7, 7]",0.9985896811740006,1552.0,1585.0,4.3559521997,,,
401643742,2024,9,regular,2024-10-27T00:00:00.000Z,False,True,False,True,41343.0,3660.0,Valley Children's Stadium,278,Fresno State,fbs,Mountain West,33.0,"[3, 17, 7, 6]",0.9262399371758028,1495.0,1559.0,23,San José State,fbs,Mountain West,10.0,"[7, 0, 0, 3]",0.07376006282419723,1561.0,1497.0,6.4113726518,,,
401675557,2024,9,regular,2024-10-27T00:00:00.000Z,False,True,False,True,,5884.0,Buffalo Stadium,2704,West Texas,ii,Lone Star,7.0,"[7, 0, 0, 0]",,,,110243,UT Permian Basin,ii,Lone Star,21.0,"[14, 7, 0, 0]",,,,,,,
401635595,2024,9,regular,2024-10-27T00:00:00.000Z,False,True,False,True,30241.0,3982.0,Wallace Wade Stadium,150,Duke,fbs,ACC,27.0,"[7, 0, 6, 8, 6]",0.05043302114683991,1604.0,1611.0,2567,SMU,fbs,ACC,28.0,"[0, 14, 7, 0, 7]",0.9495669788531601,1786.0,1779.0,7.2331183406,,,
401636909,2024,9,regular,2024-10-27T00:00:00.000Z,False,True,False,True,52074.0,3636.0,Bill Snyder Family Stadium,2306,Kansas State,fbs,Big 12,29.0,"[0, 16, 7, 6]",0.40494031006190556,1799.0,1797.0,2305,Kansas,fbs,Big 12,27.0,"[7, 7, 13, 0]",0.5950596899380944,1631.0,1633.0,9.2963759892,,,
401634107,2024,9,regular,2024-10-27T01:00:00.000Z,False,True,False,True,13277.0,3791.0,Kibbie Dome,70,Idaho,fcs,Big Sky,38.0,"[7, 10, 7, 14]",,,,331,Eastern Washington,fcs,Big Sky,28.0,"[7, 6, 0, 15]",,,,,,,
401675527,2024,9,regular,2024-10-27T01:00:00.000Z,False,True,False,True,,5879.0,Tomlinson Stadium,2120,Central Washington,ii,Lone Star,42.0,"[7, 14, 14, 7]",,,,2395,Midwestern State,ii,Lone Star,21.0,"[0, 7, 7, 7]",,,,,,,
401676181,2024,9,regular,2024-10-27T02:00:00.000Z,False,True,False,True,,5811.0,William Rolland Stadium,2094,Cal Lutheran,iii,So. Cal.,18.0,"[3, 0, 7, 8]",,,,411,Chapman,iii,So. Cal.,28.0,"[0, 7, 21, 0]",,,,,,,
401675929,2024,9,regular,2024-10-27T02:00:00.000Z,False,True,False,True,,6106.0,Ted Runner Stadium,29,Redlands,iii,So. Cal.,10.0,"[0, 3, 0, 7]",,,,17,Claremont Mudd Scripps,iii,So. Cal.,17.0,"[10, 0, 7, 0]",,,,,,,
401677684,2024,9,regular,2024-10-27T02:00:00.000Z,False,True,False,True,,6103.0,Merritt Field,2923,Pomona Pitzer,iii,So. Cal.,51.0,"[20, 21, 3, 7]",,,,2318,La Verne,iii,So. Cal.,14.0,"[0, 0, 0, 14]",,,,,,,
401636907,2024,9,regular,2024-10-27T02:15:00.000Z,False,True,False,True,53202.0,3726.0,Folsom Field,38,Colorado,fbs,Big 12,34.0,"[14, 10, 7, 3]",0.7238632794092985,1580.0,1598.0,2132,Cincinnati,fbs,Big 12,23.0,"[7, 7, 0, 9]",0.2761367205907015,1554.0,1536.0,4.9811711598,,,
401643744,2024,9,regular,2024-10-27T02:30:00.000Z,False,True,False,False,26937.0,7311.0,Snapdragon Stadium,21,San Diego State,fbs,Mountain West,26.0,"[6, 6, 7, 7]",0.07168529000815156,1344.0,1355.0,265,Washington State,fbs,Pac-12,29.0,"[7, 7, 0, 15]",0.9283147099918484,1608.0,1597.0,7.3872889871,,,
401643743,2024,9,regular,2024-10-27T03:59:00.000Z,False,True,False,True,12006.0,7220.0,Clarence T.C. Ching Athletics Complex,62,Hawai'i,fbs,Mountain West,34.0,"[14, 3, 7, 10]",0.9803126790918862,1167.0,1228.0,2440,Nevada,fbs,Mountain West,13.0,"[0, 0, 7, 6]",0.01968732090811376,1267.0,1206.0,4.6788166203,,,
401640985,2024,10,regular,2024-10-29T23:00:00.000Z,False,True,True,True,9103.0,2031.0,Pitbull Stadium,2229,Florida International,fbs,Conference USA,34.0,"[0, 7, 13, 14]",0.9987978636225876,1248.0,1297.0,166,New Mexico State,fbs,Conference USA,13.0,"[0, 6, 0, 7]",0.0012021363774123994,1164.0,1115.0,6.3519560546,,,
401643820,2024,10,regular,2024-10-29T23:30:00.000Z,False,True,False,True,16831.0,3644.0,Bobcat Stadium (TX),326,Texas State,fbs,Sun Belt,17.0,"[6, 0, 8, 3]",0.24266100411613284,1602.0,1586.0,309,Louisiana,fbs,Sun Belt,23.0,"[7, 7, 3, 6]",0.7573389958838672,1538.0,1554.0,5.7318149573,,,
401641012,2024,10,regular,2024-10-30T00:00:00.000Z,False,True,False,True,9128.0,3647.0,Elliott T. Bowers Stadium,2534,Sam Houston,fbs,Conference USA,9.0,"[2, 0, 7, 0]",0.9658381558453739,1415.0,1416.0,2348,Louisiana Tech,fbs,Conference USA,3.0,"[3, 0, 0, 0]",0.034161844154626086,1284.0,1283.0,6.8158413768,,,
401640994,2024,10,regular,2024-10-30T23:00:00.000Z,False,True,False,True,18069.0,3992.0,Williams Stadium (VA),2335,Liberty,fbs,Conference USA,21.0,"[7, 7, 0, 7]",0.1592485617629869,1575.0,1560.0,55,Jacksonville State,fbs,Conference USA,31.0,"[7, 7, 10, 7]",0.8407514382370131,1642.0,1657.0,5.5404093676,,,
401641020,2024,10,regular,2024-10-30T23:30:00.000Z,False,True,False,True,14547.0,3796.0,Houchens Industries-L.T. Smith Stadium,98,Western Kentucky,fbs,Conference USA,31.0,"[21, 3, 0, 7]",0.9978478668182061,1496.0,1512.0,338,Kennesaw State,fbs,Conference USA,14.0,"[7, 0, 0, 7]",0.0021521331817938583,1261.0,1245.0,4.1074294555,,,
401676080,2024,10,regular,2024-10-31T22:00:00.000Z,False,True,False,True,,4437.0,"Memorial Stadium (Clarion, PA)",2134,Clarion,ii,Pennsylvania State Athletic,22.0,"[7, 7, 0, 8]",,,,215,Slippery Rock,ii,Pennsylvania State Athletic,38.0,"[7, 14, 14, 3]",,,,,,,
401674900,2024,10,regular,2024-10-31T23:00:00.000Z,False,True,False,True,,5940.0,Clean Harbors Stadium,110,Mass Maritime,iii,MSCAC,10.0,"[0, 0, 10, 0]",,,,2909,Westfield State,iii,MSCAC,13.0,"[0, 7, 0, 6]",,,,,,,
401674488,2024,10,regular,2024-10-31T23:00:00.000Z,False,True,False,True,,6065.0,Cliff Harris Stadium,2888,Ouachita Baptist,ii,Great American,17.0,"[7, 3, 7, 0]",,,,200,Southern Nazarene,ii,Great American,18.0,"[3, 3, 3, 9]",,,,,,,
401654541,2024,10,regular,2024-10-31T23:30:00.000Z,False,True,False,True,11169.0,3864.0,Oliver C. Dawson Stadium,2569,South Carolina State,fcs,MEAC,24.0,"[10, 7, 7, 0]",0.8975829662540714,,,2428,North Carolina Central,fcs,MEAC,21.0,"[0, 0, 7, 14]",0.10241703374592859,,,5.5785808482,,,
401645356,2024,10,regular,2024-10-31T23:30:00.000Z,False,True,False,True,12268.0,4418.0,Jerry Richardson Stadium,2429,Charlotte,fbs,American Athletic,3.0,"[0, 3, 0, 0]",0.0004302629522892325,1207.0,1182.0,2655,Tulane,fbs,American Athletic,34.0,"[3, 7, 10, 14]",0.9995697370477108,1732.0,1757.0,2.7032661126,,,
401674426,2024,10,regular,2024-11-01T00:00:00.000Z,False,True,False,True,,5885.0,First Security Stadium,2264,Harding,ii,Great American,56.0,"[0, 28, 14, 14]",,,,199,Southeastern Oklahoma State,ii,Great American,14.0,"[0, 7, 0, 7]",,,,,,,
401676712,2024,10,regular,2024-11-01T22:00:00.000Z,False,True,False,True,,5868.0,Ronald J. Abdow Field,2022,American International,ii,Northeast 10,27.0,"[8, 0, 13, 6]",,,,2038,Assumption,ii,Northeast 10,24.0,"[3, 14, 0, 7]",,,,,,,
401654493,2024,10,regular,2024-11-01T23:00:00.000Z,False,True,False,True,3560.0,3802.0,Lawrence A. Wien Stadium,171,Columbia,fcs,Ivy,13.0,"[0, 3, 0, 10]",0.4471101495689082,,,43,Yale,fcs,Ivy,10.0,"[0, 7, 3, 0]",0.5528898504310917,,,5.8227736064,,,
401629036,2024,10,regular,2024-11-01T23:00:00.000Z,False,True,False,False,22028.0,3892.0,Pratt & Whitney Stadium,41,UConn,fbs,FBS Independents,34.0,"[10, 3, 7, 14]",0.9524868849171059,1423.0,1425.0,2247,Georgia State,fbs,Sun Belt,27.0,"[0, 10, 3, 14]",0.04751311508289413,1284.0,1282.0,6.4596963464,,,
401645357,2024,10,regular,2024-11-01T23:30:00.000Z,False,True,False,True,20111.0,3715.0,FAU Stadium,2226,Florida Atlantic,fbs,American Athletic,21.0,"[7, 7, 7, 0]",0.05572316655248034,1260.0,1207.0,58,South Florida,fbs,American Athletic,44.0,"[0, 7, 24, 13]",0.9442768334475197,1326.0,1379.0,6.9351106836,,,
401643747,2024,10,regular,2024-11-02T00:00:00.000Z,False,True,False,True,36838.0,3653.0,Albertsons Stadium,68,Boise State,fbs,Mountain West,56.0,"[21, 14, 7, 14]",0.9989695752354796,1717.0,1761.0,21,San Diego State,fbs,Mountain West,24.0,"[0, 10, 0, 14]",0.0010304247645204212,1355.0,1311.0,2.582577739,,,
401645359,2024,10,regular,2024-11-02T16:00:00.000Z,False,True,False,True,17198.0,3604.0,Alamodome,2636,UTSA,fbs,American Athletic,44.0,"[14, 10, 10, 10]",0.6137697230939547,1381.0,1408.0,235,Memphis,fbs,American Athletic,36.0,"[10, 14, 0, 12]",0.3862302769060453,1601.0,1574.0,6.1679760926,,,
401635601,2024,10,regular,2024-11-02T16:00:00.000Z,False,True,False,True,60189.0,3948.0,Hard Rock Stadium,2390,Miami,fbs,ACC,53.0,"[14, 3, 15, 21]",0.647674742762091,1848.0,1877.0,150,Duke,fbs,ACC,31.0,"[7, 14, 7, 3]",0.352325257237909,1611.0,1582.0,6.5023390558,,,
401682279,2024,10,regular,2024-11-02T16:00:00.000Z,False,True,False,True,,3819.0,Bowditch Field,2967,Framingham State,iii,MSCAC,20.0,"[0, 7, 6, 7]",,,,2972,Plymouth State,iii,MSCAC,41.0,"[13, 14, 0, 14]",,,,,,,
401676767,2024,10,regular,2024-11-02T16:00:00.000Z,False,True,False,True,,3995.0,Dr. John W. Winkin Sports Complex,2280,Husson,iii,Commonwealth Coast,49.0,"[7, 14, 14, 7, 7]",,,,2702,Western New England,iii,Commonwealth Coast,42.0,"[7, 14, 7, 14, 0]",,,,,,,
401675432,2024,10,regular,2024-11-02T16:00:00.000Z,False,True,False,True,,3698.0,Donnell Stadium,2224,Findlay,ii,Great Midwest Athletic,28.0,"[7, 0, 14, 7]",,,,2682,Walsh,ii,Great Midwest Athletic,17.0,"[0, 3, 7, 7]",,,,,,,
401674271,2024,10,regular,2024-11-02T16:00:00.000Z,False,True,False,True,,5943.0,Duvall-Rosier Field,2986,Fairmont State,ii,Mountain East,34.0,"[0, 28, 6, 0]",,,,2148,Concord,ii,Mountain East,19.0,"[9, 3, 7, 0]",,,,,,,
401674378,2024,10,regular,2024-11-02T16:00:00.000Z,False,True,False,True,,4440.0,Sox Harrison Stadium,2205,Edinboro,ii,Pennsylvania State Athletic,24.0,"[0, 14, 7, 3]",,,,611,Seton Hill,ii,Pennsylvania State Athletic,22.0,"[7, 0, 9, 6]",,,,,,,
401674384,2024,10,regular,2024-11-02T16:00:00.000Z,False,True,False,True,,4441.0,McConnell Family Stadium,367,Gannon,ii,Pennsylvania State Athletic,7.0,"[7, 0, 0, 0]",,,,2291,IU Pennsylvania,ii,Pennsylvania State Athletic,35.0,"[0, 21, 7, 7]",,,,,,,
401676021,2024,10,regular,2024-11-02T16:00:00.000Z,False,True,False,True,,5807.0,Brevard Memorial Stadium,2913,Brevard,iii,USA South,44.0,"[21, 20, 3, 0]",,,,291,Methodist,iii,USA South,21.0,"[0, 7, 0, 14]",,,,,,,
401676660,2024,10,regular,2024-11-02T16:00:00.000Z,False,True,False,True,,6202.0,Cardinal Stadium (DC),2108,Catholic,iii,Landmark Conference,42.0,"[28, 7, 7, 0]",,,,122774,Keystone,iii,Landmark Conference,24.0,"[7, 10, 0, 7]",,,,,,,
401673407,2024,10,regular,2024-11-02T16:00:00.000Z,False,True,False,True,,3877.0,Pioneer Stadium,3162,Alfred State,iii,ECFC,28.0,"[0, 21, 0, 7]",,,,417,Gallaudet,iii,ECFC,26.0,"[7, 13, 0, 6]",,,,,,,
401675283,2024,10,regular,2024-11-02T16:00:00.000Z,False,True,False,True,,5855.0,Charles A. Henry Field,2274,Hiram,iii,North Coast,20.0,"[6, 0, 7, 7]",,,,2748,Wooster,iii,North Coast,30.0,"[7, 9, 0, 14]",,,,,,,
401674346,2024,10,regular,2024-11-02T16:00:00.000Z,False,True,False,True,,5133.0,Ram Stadium (WV),2974,Shepherd,ii,Pennsylvania State Athletic,21.0,"[0, 7, 0, 7, 7, 0]",,,,2071,Bloomsburg,ii,Pennsylvania State Athletic,27.0,"[7, 0, 7, 0, 7, 6]",,,,,,,
401628410,2024,10,regular,2024-11-02T16:00:00.000Z,False,True,False,False,82831.0,3835.0,"Memorial Stadium (Norman, OK)",201,Oklahoma,fbs,SEC,59.0,"[7, 28, 14, 10]",0.9989428838230759,1682.0,1682.0,311,Maine,fcs,CAA,14.0,"[7, 0, 0, 7]",0.0010571161769240556,,,3.2441705147,,,
401676340,2024,10,regular,2024-11-02T16:00:00.000Z,False,True,False,True,,6101.0,"Memorial Stadium (Westerville, OH)",359,Otterbein,iii,Ohio,7.0,"[7, 0, 0, 0]",,,,191,Heidelberg,iii,Ohio,55.0,"[14, 27, 7, 7]",,,,,,,
401676221,2024,10,regular,2024-11-02T16:00:00.000Z,False,True,False,True,,6119.0,Stagg Field,81,Springfield,iii,NEWMAC,56.0,"[14, 14, 14, 14]",,,,2467,Norwich,iii,NEWMAC,14.0,"[0, 7, 0, 7]",,,,,,,
401676012,2024,10,regular,2024-11-02T16:00:00.000Z,False,True,False,True,,5852.0,Jamieson Stadium,2256,Greensboro,iii,USA South,21.0,"[0, 7, 14, 0]",,,,286,North Carolina Wesleyan,iii,USA South,23.0,"[6, 0, 14, 3]",,,,,,,
401682363,2024,10,regular,2024-11-02T16:00:00.000Z,False,True,False,True,,5822.0,Cadet Memorial Field,2557,Coast Guard,iii,NEWMAC,14.0,"[7, 0, 7, 0]",,,,2749,WPI,iii,NEWMAC,38.0,"[10, 14, 7, 7]",,,,,,,
401675826,2024,10,regular,2024-11-02T16:00:00.000Z,False,True,False,True,,6072.0,Schwan Regional Event Center,2587,Southwest Minnesota State,ii,Northern Sun,6.0,"[0, 6, 0, 0]",,,,559,University of Mary,ii,Northern Sun,15.0,"[0, 10, 2, 3]",,,,,,,
401676759,2024,10,regular,2024-11-02T16:00:00.000Z,False,True,False,True,,3709.0,Hempstead Stadium,452,Endicott,iii,Commonwealth Coast,50.0,"[7, 14, 21, 8]",,,,2884,Nichols,iii,Commonwealth Coast,10.0,"[3, 7, 0, 0]",,,,,,,
401628406,2024,10,regular,2024-11-02T16:00:00.000Z,False,True,False,True,72894.0,3887.0,Razorback Stadium,8,Arkansas,fbs,SEC,31.0,"[3, 7, 14, 7]",0.018898573183159847,1573.0,1524.0,145,Ole Miss,fbs,SEC,63.0,"[7, 28, 21, 7]",0.9811014268168402,1911.0,1960.0,2.2293838949,,,
401635516,2024,10,regular,2024-11-02T16:00:00.000Z,False,True,False,True,56919.0,3670.0,Carter-Finley Stadium,152,NC State,fbs,ACC,59.0,"[14, 17, 21, 7]",0.9980640612718844,1460.0,1514.0,24,Stanford,fbs,ACC,28.0,"[7, 7, 7, 7]",0.0019359387281155938,1212.0,1158.0,3.6194951636,,,
401674868,2024,10,regular,2024-11-02T16:00:00.000Z,False,True,False,True,,5127.0,Gene L. Shirk Stadium,2015,Albright,iii,Mid Atlantic,22.0,"[9, 0, 0, 7, 6]",,,,111674,Alvernia,iii,Mid Atlantic,19.0,"[0, 6, 3, 7, 3]",,,,,,,
401673434,2024,10,regular,2024-11-02T16:00:00.000Z,False,True,False,True,,3851.0,Mustang Stadium,471,Stevenson,iii,Mid Atlantic,19.0,"[0, 13, 6, 0]",,,,2221,FDU Florham,iii,Mid Atlantic,34.0,"[7, 13, 14, 0]",,,,,,,
401674844,2024,10,regular,2024-11-02T16:00:00.000Z,False,True,False,True,,3717.0,Edwin Fauver Stadium,184,Rochester (NY),iii,Liberty League,21.0,"[0, 7, 0, 14]",,,,2085,Buffalo State,iii,Liberty League,35.0,"[8, 7, 7, 13]",,,,,,,
401676657,2024,10,regular,2024-11-02T16:00:00.000Z,False,True,True,True,,7513.0,O'Hara Field,127954,Eastern,iii,Mid Atlantic,31.0,"[3, 7, 14, 7]",,,,2969,Misericordia,iii,Mid Atlantic,10.0,"[0, 3, 7, 0]",,,,,,,
401674892,2024,10,regular,2024-11-02T16:00:00.000Z,False,True,False,True,,5808.0,Edward C. Swenson Athletic Complex,18,Bridgewater State,iii,MSCAC,17.0,"[0, 10, 0, 7]",,,,114,Fitchburg State,iii,MSCAC,9.0,"[3, 6, 0, 0]",,,,,,,
401676667,2024,10,regular,2024-11-02T16:00:00.000Z,False,True,False,True,,3675.0,Charles A. Gaetano Stadium,390,Utica,iii,Empire 8,10.0,"[7, 0, 3, 0]",,,,2781,Brockport,iii,Empire 8,20.0,"[0, 10, 3, 7]",,,,,,,
401654592,2024,10,regular,2024-11-02T16:00:00.000Z,False,True,False,True,1654.0,3623.0,Arthur J. Rooney Athletic Field,2184,Duquesne,fcs,NEC,31.0,"[0, 7, 10, 14]",0.959671558630493,,,2385,Mercyhurst,fcs,NEC,24.0,"[7, 3, 7, 7]",0.04032844136950697,,,7.4140678563,,,
401658365,2024,10,regular,2024-11-02T16:00:00.000Z,False,True,False,True,,5785.0,Dickerson Stadium,2707,West Virginia State,ii,Mountain East,38.0,"[14, 7, 3, 14]",,,,341,Frostburg State,ii,Mountain East,24.0,"[7, 7, 7, 3]",,,,,,,
401675502,2024,10,regular,2024-11-02T16:00:00.000Z,False,True,False,False,,4015.0,Barron Stadium,2560,Shorter,ii,Gulf South,55.0,"[20, 7, 21, 7]",,,,2355,Virginia Lynchburg,,,0.0,"[0, 0, 0, 0]",,,,,,,
401676098,2024,10,regular,2024-11-02T16:00:00.000Z,False,True,False,True,,4431.0,Chryst Field at Biemesderfer Stadium,210,Millersville,ii,Pennsylvania State Athletic,17.0,"[0, 3, 0, 14]",,,,2315,Kutztown,ii,Pennsylvania State Athletic,49.0,"[28, 21, 0, 0]",,,,,,,
401676107,2024,10,regular,2024-11-02T16:00:00.000Z,False,True,False,True,,4427.0,John A. Farrell Stadium,223,West Chester,ii,Pennsylvania State Athletic,27.0,"[3, 14, 0, 10]",,,,209,Lock Haven,ii,Pennsylvania State Athletic,16.0,"[7, 3, 0, 6]",,,,,,,
401677456,2024,10,regular,2024-11-02T16:00:00.000Z,False,True,False,True,,5794.0,Caparso Field,15,Anna Maria College,iii,ECFC,63.0,"[21, 22, 13, 7]",,,,110438,Dean,iii,ECFC,0.0,"[0, 0, 0, 0]",,,,,,,
401674838,2024,10,regular,2024-11-02T16:00:00.000Z,False,True,False,True,,6134.0,Frank Bailey Field,237,Union,iii,Liberty League,0.0,"[0, 0, 0, 0]",,,,175,Ithaca,iii,Liberty League,24.0,"[7, 10, 0, 7]",,,,,,,
401635604,2024,10,regular,2024-11-02T16:00:00.000Z,False,True,False,True,38454.0,1964.0,JMA Wireless Dome,183,Syracuse,fbs,ACC,38.0,"[0, 3, 15, 13, 7]",0.10978376037100246,1360.0,1391.0,259,Virginia Tech,fbs,ACC,31.0,"[14, 0, 7, 10, 0]",0.8902162396289975,1697.0,1666.0,7.0122394034,,,
401644758,2024,10,regular,2024-11-02T16:00:00.000Z,False,True,False,True,13044.0,3912.0,Rynearson Stadium,2199,Eastern Michigan,fbs,Mid-American,28.0,"[7, 3, 9, 9]",0.42060547224993694,1252.0,1261.0,2649,Toledo,fbs,Mid-American,29.0,"[0, 7, 0, 22]",0.5793945277500631,1472.0,1463.0,6.6184400987,,,
401654578,2024,10,regular,2024-11-02T16:00:00.000Z,False,True,False,True,4152.0,3624.0,Arute Field,2115,Central Connecticut,fcs,NEC,24.0,"[7, 10, 0, 7]",0.9845631553936103,,,2681,Wagner,fcs,NEC,14.0,"[7, 0, 0, 7]",0.015436844606389721,,,6.3139972321,,,
401654459,2024,10,regular,2024-11-02T16:00:00.000Z,False,True,False,True,5071.0,3656.0,Brown Stadium,225,Brown,fcs,Ivy,28.0,"[0, 7, 7, 14]",0.011226708332144193,,,219,Pennsylvania,fcs,Ivy,38.0,"[7, 14, 10, 7]",0.9887732916678558,,,4.5348151954,,,
401654609,2024,10,regular,2024-11-02T16:00:00.000Z,False,True,False,False,1091.0,3777.0,Joe Walton Stadium,2523,Robert Morris,fcs,NEC,6.0,"[0, 0, 6, 0]",0.8186007723147177,,,2771,Merrimack,fcs,FCS Independents,0.0,"[0, 0, 0, 0]",0.18139922768528227,,,6.3657187081,,,
401644757,2024,10,regular,2024-11-02T16:00:00.000Z,False,True,False,True,4610.0,3768.0,InfoCision Stadium,2006,Akron,fbs,Mid-American,30.0,"[7, 0, 0, 23]",0.053870442245811695,1059.0,1048.0,2084,Buffalo,fbs,Mid-American,41.0,"[14, 10, 14, 3]",0.9461295577541883,1206.0,1217.0,4.8255888139,,,
401643746,2024,10,regular,2024-11-02T16:00:00.000Z,False,True,False,False,30046.0,3841.0,Michie Stadium,349,Army,fbs,American Athletic,20.0,"[3, 3, 7, 7]",0.9633326060577443,1649.0,1654.0,2005,Air Force,fbs,Mountain West,3.0,"[0, 3, 0, 0]",0.03666739394225571,1292.0,1287.0,4.7319735434,,,
401628533,2024,10,regular,2024-11-02T16:00:00.000Z,False,True,False,True,58088.0,3832.0,"Memorial Stadium (Champaign, IL)",356,Illinois,fbs,Big Ten,17.0,"[0, 10, 0, 7]",0.505560602657274,1569.0,1556.0,135,Minnesota,fbs,Big Ten,25.0,"[3, 10, 3, 9]",0.494439397342726,1599.0,1612.0,6.2528566502,,,
401628538,2024,10,regular,2024-11-02T16:00:00.000Z,False,True,False,True,61141.0,3907.0,Ross-Ade Stadium,2509,Purdue,fbs,Big Ten,20.0,"[3, 7, 3, 7, 0]",0.026807942074695553,1212.0,1220.0,77,Northwestern,fbs,Big Ten,26.0,"[10, 7, 0, 3, 6]",0.9731920579253045,1487.0,1479.0,7.1001722357,,,
401628539,2024,10,regular,2024-11-02T16:00:00.000Z,False,True,False,True,111030.0,3632.0,Beaver Stadium,213,Penn State,fbs,Big Ten,13.0,"[10, 0, 3, 0]",0.060240787459640795,1918.0,1916.0,194,Ohio State,fbs,Big Ten,20.0,"[7, 7, 3, 3]",0.9397592125403592,2063.0,2065.0,4.9702867862,,,
401654620,2024,10,regular,2024-11-02T16:30:00.000Z,False,True,False,True,3799.0,3847.0,Cooper Field,46,Georgetown,fcs,Patriot,6.0,"[0, 0, 0, 6]",0.025872753373444437,,,2329,Lehigh,fcs,Patriot,43.0,"[0, 24, 12, 7]",0.9741272466265556,,,2.2429597612,,,
401676162,2024,10,regular,2024-11-02T16:30:00.000Z,False,True,False,True,,6079.0,Alumni Stadium (VT),2394,Middlebury,iii,NESCAC,35.0,"[7, 14, 0, 14]",,,,348,Hamilton,iii,NESCAC,0.0,"[0, 0, 0, 0]",,,,,,,
401628407,2024,10,regular,2024-11-02T16:45:00.000Z,False,True,False,True,88043.0,3785.0,Jordan-Hare Stadium,2,Auburn,fbs,SEC,7.0,"[0, 7, 0, 0]",0.6765525361341936,1585.0,1550.0,238,Vanderbilt,fbs,SEC,17.0,"[7, 0, 3, 7]",0.32344746386580636,1428.0,1463.0,6.1417242135,,,
401674760,2024,10,regular,2024-11-02T17:00:00.000Z,False,True,False,True,,5125.0,Stadium Red Field,2782,SUNY Cortland,iii,Empire 8,68.0,"[21, 21, 20, 6]",,,,173,Hartwick,iii,Empire 8,10.0,"[0, 0, 7, 3]",,,,,,,
401673962,2024,10,regular,2024-11-02T17:00:00.000Z,False,True,False,True,,980.0,Benedetti-Wehrli Stadium,3071,North Central College,iii,CCIW,56.0,"[7, 21, 7, 21]",,,,32,Carroll (WI),iii,CCIW,3.0,"[0, 3, 0, 0]",,,,,,,
401674294,2024,10,regular,2024-11-02T17:00:00.000Z,False,True,False,True,,6060.0,Grace P. Johnson Stadium,2882,UNC Pembroke,ii,Mountain East,79.0,"[21, 35, 16, 7]",,,,455,West Virginia Wesleyan,ii,Mountain East,20.0,"[0, 7, 13, 0]",,,,,,,
401654629,2024,10,regular,2024-11-02T17:00:00.000Z,False,True,False,True,808.0,3676.0,Christy Mathewson-Memorial Stadium,2083,Bucknell,fcs,Patriot,21.0,"[7, 0, 0, 14]",0.4166815951126346,,,322,Lafayette,fcs,Patriot,14.0,"[7, 0, 7, 0]",0.5833184048873654,,,8.1985791033,,,
401673425,2024,10,regular,2024-11-02T17:00:00.000Z,False,True,False,True,,5907.0,McCarthy Stadium (Wilkes Barre),247,King's,iii,Mid Atlantic,14.0,"[7, 7, 0, 0]",,,,2808,Delaware Valley,iii,Mid Atlantic,6.0,"[0, 0, 0, 6]",,,,,,,
401654466,2024,10,regular,2024-11-02T17:00:00.000Z,False,True,False,True,7626.0,3881.0,Princeton University Stadium,163,Princeton,fcs,Ivy,35.0,"[0, 14, 0, 21]",0.0023012015692735247,,,172,Cornell,fcs,Ivy,49.0,"[21, 14, 14, 0]",0.9976987984307265,,,1.788248596,,,
401675584,2024,10,regular,2024-11-02T17:00:00.000Z,False,True,False,True,,5945.0,Wildcat Stadium (GA),2232,Fort Valley State,ii,SIAC,44.0,"[14, 21, 3, 6]",,,,490,Benedict,ii,SIAC,20.0,"[0, 0, 7, 13]",,,,,,,
401628670,2024,10,regular,2024-11-02T17:00:00.000Z,False,True,False,True,7355.0,3603.0,Aggie Stadium,2448,North Carolina A&T,fcs,CAA,7.0,"[0, 0, 7, 0]",0.0007498648801083535,,,2729,William & Mary,fcs,CAA,45.0,"[21, 7, 7, 10]",0.9992501351198917,,,1.6487667938,,,
401673388,2024,10,regular,2024-11-02T17:00:00.000Z,False,True,False,True,,6046.0,Meares Stadium,2369,Mars Hill,ii,South Atlantic,31.0,"[10, 7, 14, 0]",,,,2213,Emory & Henry,ii,South Atlantic,23.0,"[0, 7, 7, 9]",,,,,,,
401673442,2024,10,regular,2024-11-02T17:00:00.000Z,False,True,False,True,,3621.0,Arnold Field (PA),388,Lebanon Valley,iii,Mid Atlantic,21.0,"[7, 7, 0, 7]",,,,2725,Widener,iii,Mid Atlantic,24.0,"[0, 7, 14, 3]",,,,,,,
401673977,2024,10,regular,2024-11-02T17:00:00.000Z,False,True,False,True,,5115.0,McCully Stadium,396,Wheaton (IL),iii,CCIW,65.0,"[14, 17, 20, 14]",,,,72,Elmhurst,iii,CCIW,17.0,"[3, 7, 0, 7]",,,,,,,
401658345,2024,10,regular,2024-11-02T17:00:00.000Z,False,True,False,True,,3885.0,Harvey Randall Wickes Memorial Stadium,129,Saginaw Valley State,ii,GLIAC,24.0,"[3, 14, 0, 7]",,,,110254,Davenport,ii,GLIAC,14.0,"[0, 0, 0, 14]",,,,,,,
401677406,2024,10,regular,2024-11-02T17:00:00.000Z,False,True,False,True,,6087.0,Drake Field (NY),3110,SUNY Morrisville,iii,Empire 8,38.0,"[7, 17, 14, 0]",,,,125974,Hilbert,iii,Empire 8,8.0,"[0, 0, 0, 8]",,,,,,,
401674752,2024,10,regular,2024-11-02T17:00:00.000Z,False,True,False,True,,5788.0,Merrill Field at Yunevich Stadium,365,Alfred,iii,Empire 8,34.0,"[14, 3, 14, 3]",,,,374,St. John Fisher,iii,Empire 8,31.0,"[3, 14, 0, 14]",,,,,,,
401628673,2024,10,regular,2024-11-02T17:00:00.000Z,False,True,False,True,5200.0,3661.0,Bulldog Stadium,2803,Bryant,fcs,CAA,30.0,"[0, 7, 10, 7, 6]",0.2651944872594694,,,2619,Stony Brook,fcs,CAA,31.0,"[10, 7, 7, 0, 7]",0.7348055127405306,,,7.6413385418,,,
401673415,2024,10,regular,2024-11-02T17:00:00.000Z,False,True,False,True,,6124.0,Amos Alonzo Stagg Field (PA),216,Susquehanna,iii,Landmark Conference,49.0,"[7, 7, 14, 21]",,,,323,Moravian,iii,Landmark Conference,34.0,"[12, 8, 0, 14]",,,,,,,
401674806,2024,10,regular,2024-11-02T17:00:00.000Z,False,True,False,True,,5902.0,Knox Stadium,246,Juniata,iii,Landmark Conference,0.0,"[0, 0, 0, 0]",,,,2354,Lycoming,iii,Landmark Conference,45.0,"[28, 10, 0, 7]",,,,,,,
401674928,2024,10,regular,2024-11-02T17:00:00.000Z,False,True,False,True,,5790.0,Bahlke Field,2800,Alma,iii,Michigan,41.0,"[7, 14, 20, 0]",,,,2651,Trine,iii,Michigan,16.0,"[3, 0, 6, 7]",,,,,,,
401675392,2024,10,regular,2024-11-02T17:00:00.000Z,False,True,False,True,,3808.0,Lincoln University Stadium,2339,Lincoln (PA),ii,CIAA,0.0,"[0, 0, 0, 0]",,,,330,Virginia State,ii,CIAA,55.0,"[28, 13, 7, 7]",,,,,,,
401676174,2024,10,regular,2024-11-02T17:00:00.000Z,False,True,False,True,,6141.0,Corwin Stadium,336,Wesleyan (CT),iii,NESCAC,25.0,"[7, 3, 8, 7]",,,,2731,Williams,iii,NESCAC,24.0,"[7, 0, 7, 10]",,,,,,,
401676413,2024,10,regular,2024-11-02T17:00:00.000Z,False,True,False,True,,5892.0,Armfield Athletic Center,2258,Guilford,iii,Old Dominion,7.0,"[0, 7, 0, 0]",,,,366,Ferrum,iii,Old Dominion,20.0,"[10, 0, 3, 7]",,,,,,,
401676652,2024,10,regular,2024-11-02T17:00:00.000Z,False,True,False,True,,6128.0,Alumni Stadium (PA),2644,Thiel,iii,Presidents',20.0,"[0, 7, 0, 13]",,,,2614,Saint Vincent,iii,Presidents',10.0,"[7, 3, 0, 0]",,,,,,,
401676727,2024,10,regular,2024-11-02T17:00:00.000Z,False,True,False,True,,6058.0,Ralph F. DellaCamera Stadium,2441,New Haven,ii,Northeast 10,51.0,"[7, 14, 7, 23]",,,,126086,Post,ii,Northeast 10,7.0,"[7, 0, 0, 0]",,,,,,,
401674262,2024,10,regular,2024-11-02T17:00:00.000Z,False,True,False,True,,5886.0,West Family Stadium,2699,West Liberty,ii,Mountain East,0.0,"[0, 0, 0, 0]",,,,2128,Charleston (WV),ii,Mountain East,38.0,"[7, 17, 7, 7]",,,,,,,
401674571,2024,10,regular,2024-11-02T17:00:00.000Z,False,True,True,True,,3844.0,Morris Field,127991,Roosevelt,ii,GLIAC,7.0,"[0, 0, 0, 7]",,,,2392,Michigan Tech,ii,GLIAC,20.0,"[13, 7, 0, 0]",,,,,,,
401634177,2024,10,regular,2024-11-02T17:00:00.000Z,False,True,False,True,3013.0,3829.0,Memorial Stadium,282,Indiana State,fcs,MVFC,35.0,"[6, 15, 14, 0]",0.9371060602274116,,,155,North Dakota,fcs,MVFC,31.0,"[7, 14, 7, 3]",0.06289393977258839,,,7.8564589618,,,
401654501,2024,10,regular,2024-11-02T17:00:00.000Z,False,True,False,True,3309.0,3990.0,William H. Greene Stadium,47,Howard,fcs,MEAC,38.0,"[10, 14, 7, 7]",0.9989539947088358,,,2169,Delaware State,fcs,MEAC,0.0,"[0, 0, 0, 0]",0.0010460052911641649,,,2.9044709534,,,
401675592,2024,10,regular,2024-11-02T17:00:00.000Z,False,True,False,True,,5881.0,CAU Panther Stadium,2805,Clark Atlanta,ii,SIAC,36.0,"[6, 14, 6, 10]",,,,2657,Tuskegee,ii,SIAC,28.0,"[7, 0, 7, 14]",,,,,,,
401628675,2024,10,regular,2024-11-02T17:00:00.000Z,False,True,False,True,3225.0,4419.0,Bob Ford Field,399,UAlbany,fcs,CAA,14.0,"[0, 0, 0, 14]",0.0030918058370183804,,,160,New Hampshire,fcs,CAA,31.0,"[14, 10, 0, 7]",0.9969081941629816,,,2.8654475252,,,
401677472,2024,10,regular,2024-11-02T17:00:00.000Z,False,True,False,True,,5792.0,Pratt Field at Lehrman Stadium,7,Amherst,iii,NESCAC,20.0,"[7, 3, 7, 3]",,,,2977,Trinity (CT),iii,NESCAC,45.0,"[0, 28, 0, 17]",,,,,,,
401677463,2024,10,regular,2024-11-02T17:00:00.000Z,False,False,True,False,,5083.0,New Turner Stadium,620,Taylor,,,,,,,,190,Defiance College,,,,,,,,,,,
401674708,2024,10,regular,2024-11-02T17:00:00.000Z,False,True,False,True,,6135.0,Blue Storm Stadium,111675,New England,iii,Commonwealth Coast,10.0,"[3, 0, 7, 0]",,,,40,Curry,iii,Commonwealth Coast,24.0,"[0, 10, 7, 7]",,,,,,,
401676438,2024,10,regular,2024-11-02T17:00:00.000Z,False,True,False,True,,6140.0,John F. Wiley Stadium,2845,Waynesburg,iii,Presidents',0.0,"[0, 0, 0, 0]",,,,146,Grove City,iii,Presidents',51.0,"[14, 14, 14, 9]",,,,,,,
401674734,2024,10,regular,2024-11-02T17:00:00.000Z,False,True,False,True,,5897.0,Francis Field (MO),143,Washington St. Louis,iii,CCIW,70.0,"[21, 28, 14, 7]",,,,74,Millikin,iii,CCIW,21.0,"[0, 14, 7, 0]",,,,,,,
401674914,2024,10,regular,2024-11-02T17:00:00.000Z,False,True,False,True,,5787.0,Docking Stadium,2003,Adrian,iii,Michigan,35.0,"[14, 7, 0, 14]",,,,126,Kalamazoo,iii,Michigan,21.0,"[0, 7, 7, 7]",,,,,,,
401675424,2024,10,regular,2024-11-02T17:00:00.000Z,False,True,False,True,,3769.0,Jack Britt Memorial Stadium,437,Lake Erie,ii,Great Midwest Athletic,14.0,"[7, 0, 0, 7]",,,,308,Ashland,ii,Great Midwest Athletic,41.0,"[13, 7, 14, 7]",,,,,,,
401675410,2024,10,regular,2024-11-02T17:00:00.000Z,False,True,False,True,,6032.0,Hovey Field,2676,Virginia Union,ii,CIAA,91.0,"[7, 41, 21, 22]",,,,124180,Bluefield State,ii,CIAA,0.0,"[0, 0, 0, 0]",,,,,,,
401674676,2024,10,regular,2024-11-02T17:00:00.000Z,False,True,False,True,,5835.0,Biddle Field,2175,Dickinson,iii,Centennial,34.0,"[0, 20, 14, 0]",,,,2248,Gettysburg,iii,Centennial,14.0,"[7, 0, 0, 7]",,,,,,,
401677499,2024,10,regular,2024-11-02T17:00:00.000Z,False,True,False,True,,3889.0,Reinhart Field,2951,SUNY Maritime,iii,NEWMAC,25.0,"[7, 12, 0, 6]",,,,2776,Salve Regina,iii,NEWMAC,22.0,"[0, 12, 7, 3]",,,,,,,
401676103,2024,10,regular,2024-11-02T17:00:00.000Z,False,True,False,True,,5906.0,McBride Field,352,Kenyon,iii,North Coast,0.0,"[0, 0, 0, 0]",,,,83,DePauw,iii,North Coast,65.0,"[7, 21, 28, 9]",,,,,,,
401675415,2024,10,regular,2024-11-02T17:00:00.000Z,False,True,False,True,,6041.0,Irwin Belk Complex,2304,Johnson C. Smith,ii,CIAA,0.0,"[0, 0, 0, 0]",,,,2220,Fayetteville State,ii,CIAA,27.0,"[0, 14, 7, 6]",,,,,,,
401674370,2024,10,regular,2024-11-02T17:00:00.000Z,False,True,False,True,,4429.0,Seth Grove Stadium,2559,Shippensburg,ii,Pennsylvania State Athletic,0.0,"[0, 0, 0, 0]",,,,2188,East Stroudsburg,ii,Pennsylvania State Athletic,45.0,"[14, 10, 7, 14]",,,,,,,
401656602,2024,10,regular,2024-11-02T17:00:00.000Z,False,True,False,True,,150.0,Jack Coffey Field,2230,Fordham,fcs,Patriot,20.0,"[0, 0, 14, 6]",0.9749177222474172,,,2142,Colgate,fcs,Patriot,14.0,"[0, 7, 7, 0]",0.02508227775258276,,,6.754717498,,,
401654648,2024,10,regular,2024-11-02T17:00:00.000Z,False,True,False,True,,3694.0,DeGol Field,2598,Saint Francis,fcs,NEC,34.0,"[0, 20, 0, 14]",0.998942282480941,,,284,Stonehill,fcs,NEC,0.0,"[0, 0, 0, 0]",0.0010577175190590316,,,3.0180779292,,,
401674516,2024,10,regular,2024-11-02T17:00:00.000Z,False,True,False,True,,6077.0,Stokes Stadium,2654,Truman State,ii,Great Lakes,52.0,"[21, 21, 10, 0]",,,,2876,Lincoln (MO),ii,Great Lakes,7.0,"[0, 7, 0, 0]",,,,,,,
401674556,2024,10,regular,2024-11-02T17:00:00.000Z,False,True,False,True,,3950.0,Superior Dome,128,Northern Michigan,ii,GLIAC,9.0,"[0, 2, 0, 7]",,,,2222,Ferris State,ii,GLIAC,55.0,"[7, 20, 21, 7]",,,,,,,
401638686,2024,10,regular,2024-11-02T17:00:00.000Z,False,True,False,True,2518.0,3664.0,Butler Bowl,2086,Butler,fcs,Pioneer,46.0,"[10, 15, 7, 14]",0.9988938837100462,,,56,Stetson,fcs,Pioneer,13.0,"[0, 0, 7, 6]",0.001106116289953829,,,2.4618240041,,,
401638684,2024,10,regular,2024-11-02T17:00:00.000Z,False,True,False,True,1001.0,3627.0,Bailey Memorial Stadium,2506,Presbyterian,fcs,Pioneer,28.0,"[5, 10, 10, 3]",0.9915263325217918,,,2168,Dayton,fcs,Pioneer,7.0,"[0, 0, 7, 0]",0.008473667478208213,,,3.9495951101,,,
401628674,2024,10,regular,2024-11-02T17:00:00.000Z,False,True,False,True,5674.0,3824.0,Meade Stadium,227,Rhode Island,fcs,CAA,37.0,"[7, 10, 7, 13]",0.9828039429657277,,,2405,Monmouth,fcs,CAA,28.0,"[14, 7, 7, 0]",0.017196057034272294,,,8.4282397326,,,
401654515,2024,10,regular,2024-11-02T17:00:00.000Z,False,True,False,True,2489.0,3762.0,Hughes Stadium,2415,Morgan State,fcs,MEAC,38.0,"[3, 13, 6, 9, 7]",,,,2450,Norfolk State,fcs,MEAC,37.0,"[3, 21, 0, 7, 6]",,,,,,,
401638687,2024,10,regular,2024-11-02T17:00:00.000Z,False,True,False,True,4105.0,3774.0,Jayne Stadium,2413,Morehead State,fcs,Pioneer,21.0,"[7, 7, 7, 0]",0.9861044866435111,,,2900,St. Thomas (MN),fcs,Pioneer,7.0,"[7, 0, 0, 0]",0.013895513356488864,,,6.1024930248,,,
401628671,2024,10,regular,2024-11-02T17:00:00.000Z,False,True,False,True,1454.0,3620.0,Armstrong Stadium,2261,Hampton,fcs,CAA,14.0,"[7, 0, 7, 0]",0.928919629404713,,,222,Villanova,fcs,CAA,20.0,"[3, 7, 10, 0]",0.07108037059528705,,,6.5756487545,,,
401675456,2024,10,regular,2024-11-02T17:00:00.000Z,False,True,False,True,,3747.0,Hantz Stadium,2886,Northwood,ii,Great Midwest Athletic,37.0,"[7, 17, 7, 6]",,,,2477,Ohio Dominican,ii,Great Midwest Athletic,10.0,"[0, 3, 0, 7]",,,,,,,
401676261,2024,10,regular,2024-11-02T17:00:00.000Z,False,True,False,True,,4423.0,Young-Wise Memorial Stadium,418,Hendrix,iii,Southern Athletic,7.0,"[0, 7, 0, 0]",,,,386,Trinity (TX),iii,Southern Athletic,26.0,"[7, 10, 3, 6]",,,,,,,
401676720,2024,10,regular,2024-11-02T17:00:00.000Z,False,True,True,True,,6211.0,Sodexo Field,112334,Franklin Pierce,ii,Northeast 10,28.0,"[0, 7, 14, 7]",,,,2830,Saint Anselm,ii,Northeast 10,42.0,"[14, 21, 7, 0]",,,,,,,
401676400,2024,10,regular,2024-11-02T17:00:00.000Z,False,True,False,True,,5799.0,Daly Field at Frank R. Campbell Stadium,2047,Averett,iii,Old Dominion,14.0,"[0, 0, 0, 14]",,,,2828,Shenandoah,iii,Old Dominion,41.0,"[21, 10, 10, 0]",,,,,,,
401676268,2024,10,regular,2024-11-02T17:00:00.000Z,False,True,False,True,,3823.0,Hardee-McGee Field,2553,Sewanee,iii,Southern Athletic,10.0,"[3, 0, 0, 7]",,,,2588,Southwestern U,iii,Southern Athletic,35.0,"[3, 22, 3, 7]",,,,,,,
401676241,2024,10,regular,2024-11-02T17:00:00.000Z,False,True,False,False,,5905.0,Kean Alumni Stadium,2871,Kean,iii,New Jersey,14.0,"[7, 0, 0, 7]",,,,2234,Franklin & Marshall,iii,Centennial,34.0,"[7, 10, 3, 14]",,,,,,,
401676642,2024,10,regular,2024-11-02T17:00:00.000Z,False,True,False,True,,3671.0,Case Field,2963,Case Western Reserve,iii,Presidents',21.0,"[7, 0, 7, 7]",,,,2686,Washington & Jefferson,iii,Presidents',34.0,"[7, 14, 6, 7]",,,,,,,
401676425,2024,10,regular,2024-11-02T17:00:00.000Z,False,True,False,True,,5814.0,Gesling Stadium,2102,Carnegie Mellon,iii,Presidents',45.0,"[14, 14, 17, 0]",,,,2849,Westminster (PA),iii,Presidents',20.0,"[0, 0, 7, 13]",,,,,,,
401676374,2024,10,regular,2024-11-02T17:00:00.000Z,False,True,False,True,,4422.0,Valhalla Stadium,2757,Berry,iii,Southern Athletic,28.0,"[3, 18, 0, 7]",,,,2121,Centre,iii,Southern Athletic,21.0,"[7, 7, 7, 0]",,,,,,,
401676297,2024,10,regular,2024-11-02T17:00:00.000Z,False,True,False,True,,5801.0,George Finnie Stadium,188,Baldwin Wallace,iii,Ohio,54.0,"[6, 21, 7, 20]",,,,332,Muskingum,iii,Ohio,17.0,"[3, 7, 0, 7]",,,,,,,
401674922,2024,10,regular,2024-11-02T17:00:00.000Z,False,True,False,True,,3755.0,Ray and Sue Smith Stadium,2812,Hope,iii,Michigan,41.0,"[7, 14, 7, 13]",,,,2790,Albion,iii,Michigan,14.0,"[0, 0, 7, 7]",,,,,,,
401674286,2024,10,regular,2024-11-02T17:00:00.000Z,False,True,False,True,,6212.0,Bishop Schmitt Field,112335,Wheeling,ii,Mountain East,21.0,"[0, 7, 0, 14]",,,,2249,Glenville State,ii,Mountain East,28.0,"[14, 7, 0, 7]",,,,,,,
401676213,2024,10,regular,2024-11-02T17:00:00.000Z,False,True,False,True,,6100.0,Cutler Field,354,Olivet,iii,Michigan,21.0,"[7, 7, 0, 7]",,,,129738,Calvin,iii,Michigan,13.0,"[0, 3, 10, 0]",,,,,,,
401675951,2024,10,regular,2024-11-02T17:00:00.000Z,False,True,False,True,,5900.0,Don and Nona Williams Stadium,2744,Wisconsin Stout,iii,Wisconsin,31.0,"[14, 7, 0, 10]",,,,2740,Wisconsin La Crosse,iii,Wisconsin,33.0,"[3, 10, 9, 11]",,,,,,,
401676233,2024,10,regular,2024-11-02T17:00:00.000Z,False,True,False,True,,3879.0,TowneBank Stadium,3112,Christopher Newport,iii,New Jersey,45.0,"[21, 17, 0, 7]",,,,2970,William Paterson,iii,New Jersey,7.0,"[0, 0, 7, 0]",,,,,,,
401689236,2024,10,regular,2024-11-02T17:00:00.000Z,False,True,False,True,,6071.0,Jess Dow Field,2583,Southern Connecticut State,ii,Northeast 10,35.0,"[7, 7, 14, 7]",,,,2487,Pace,ii,Northeast 10,30.0,"[3, 3, 18, 6]",,,,,,,
401676781,2024,10,regular,2024-11-02T17:00:00.000Z,False,True,False,True,,6553.0,Helen and Leonard Moretz Stadium,2331,Lenoir Rhyne,ii,South Atlantic,10.0,"[0, 0, 10, 0]",,,,351,Wingate,ii,South Atlantic,14.0,"[0, 14, 0, 0]",,,,,,,
401676168,2024,10,regular,2024-11-02T17:00:00.000Z,False,True,False,True,,5689.0,Seaverns Field At Harold Alfond Stadium,33,Colby,iii,NESCAC,21.0,"[0, 14, 0, 7]",,,,112,Tufts,iii,NESCAC,28.0,"[14, 7, 7, 0]",,,,,,,
401675809,2024,10,regular,2024-11-02T17:00:00.000Z,False,True,False,True,,6068.0,George Williams Athletic Complex,2551,Shaw,ii,CIAA,24.0,"[0, 21, 3, 0]",,,,2940,Livingstone,ii,CIAA,17.0,"[14, 0, 0, 3]",,,,,,,
401676630,2024,10,regular,2024-11-02T17:00:00.000Z,False,True,False,True,,5803.0,Bison Stadium,2062,Bethany (WV),iii,Presidents',27.0,"[6, 14, 7, 0]",,,,2242,Geneva,iii,Presidents',34.0,"[7, 13, 14, 0]",,,,,,,
401678583,2024,10,regular,2024-11-02T17:00:00.000Z,False,True,False,True,,3922.0,Kenneth R. Gill Stadium,2700,McDaniel,iii,Centennial,0.0,"[0, 0, 0, 0]",,,,2667,Ursinus,iii,Centennial,42.0,"[0, 7, 14, 21]",,,,,,,
401675439,2024,10,regular,2024-11-02T17:00:00.000Z,False,True,False,True,,3729.0,"Frank ""Muddy"" Waters Stadium",2273,Hillsdale,ii,Great Midwest Athletic,38.0,"[14, 14, 3, 7]",,,,2646,Thomas More,ii,Great Midwest Athletic,17.0,"[0, 10, 0, 7]",,,,,,,
401675299,2024,10,regular,2024-11-02T17:00:00.000Z,False,True,False,True,,5123.0,Little Giant Stadium,89,Wabash,iii,North Coast,24.0,"[7, 0, 7, 10]",,,,2171,Denison,iii,North Coast,23.0,"[3, 6, 7, 7]",,,,,,,
401675384,2024,10,regular,2024-11-02T17:00:00.000Z,False,True,False,True,,5941.0,Roebuck Stadium,2207,Elizabeth City State,ii,CIAA,6.0,"[0, 0, 0, 6]",,,,2075,Bowie State,ii,CIAA,48.0,"[21, 0, 21, 6]",,,,,,,
401674780,2024,10,regular,2024-11-02T17:30:00.000Z,False,True,False,True,,3716.0,"Stewart """"Red"""" Faught Stadium",2233,Franklin,iii,Heartland,35.0,"[7, 0, 7, 21]",,,,2023,Anderson (IN),iii,Heartland,14.0,"[7, 0, 0, 7]",,,,,,,
401674770,2024,10,regular,2024-11-02T17:30:00.000Z,False,True,False,True,,3614.0,Alumni Stadium (IN),2262,Hanover,iii,Heartland,49.0,"[7, 7, 7, 28]",,,,2074,Bluffton,iii,Heartland,13.0,"[6, 0, 0, 7]",,,,,,,
401676345,2024,10,regular,2024-11-02T17:30:00.000Z,False,True,False,True,,6098.0,Dial-Roberson Stadium,427,Ohio Northern,iii,Ohio,13.0,"[0, 0, 6, 7]",,,,2302,John Carroll,iii,Ohio,49.0,"[14, 28, 7, 0]",,,,,,,
401676312,2024,10,regular,2024-11-02T17:30:00.000Z,False,True,False,True,,5812.0,Bernlohr Stadium,424,Capital,iii,Ohio,0.0,"[0, 0, 0, 0]",,,,426,Mount Union,iii,Ohio,54.0,"[7, 16, 14, 17]",,,,,,,
401674793,2024,10,regular,2024-11-02T17:30:00.000Z,False,True,False,True,,6111.0,Cook Stadium,86,Rose Hulman,iii,Heartland,70.0,"[14, 28, 21, 7]",,,,2362,Manchester,iii,Heartland,7.0,"[0, 7, 0, 0]",,,,,,,
401644602,2024,10,regular,2024-11-02T17:30:00.000Z,False,True,False,True,7711.0,3826.0,Memorial Field,159,Dartmouth,fcs,Ivy,27.0,"[0, 13, 14, 0]",0.8435948524191703,,,108,Harvard,fcs,Ivy,31.0,"[10, 0, 7, 14]",0.15640514758082968,,,8.0050609929,,,
401638348,2024,10,regular,2024-11-02T17:30:00.000Z,False,True,False,True,4012.0,3597.0,Alumni Memorial Field,2678,VMI,fcs,Southern,21.0,"[7, 14, 0, 0]",0.6121806053343197,,,231,Furman,fcs,Southern,17.0,"[7, 3, 7, 0]",0.3878193946656803,,,8.3168330937,,,
401676352,2024,10,regular,2024-11-02T17:30:00.000Z,False,True,False,True,,5931.0,Don Drumm Stadium,317,Marietta,iii,Ohio,52.0,"[14, 14, 17, 7]",,,,2733,Wilmington (OH),iii,Ohio,6.0,"[3, 0, 3, 0]",,,,,,,
401676248,2024,10,regular,2024-11-02T18:00:00.000Z,False,True,False,True,,5824.0,Lions Stadium,2442,The College of New Jersey,iii,New Jersey,35.0,"[14, 14, 0, 7]",,,,2532,Salisbury,iii,New Jersey,52.0,"[7, 21, 10, 14]",,,,,,,
401676407,2024,10,regular,2024-11-02T18:00:00.000Z,False,True,False,True,,5800.0,Jopson Athletic Complex,2079,Bridgewater,iii,Old Dominion,21.0,"[0, 7, 7, 7]",,,,297,Hampden Sydney,iii,Old Dominion,28.0,"[10, 7, 3, 8]",,,,,,,
401675026,2024,10,regular,2024-11-02T18:00:00.000Z,False,True,False,True,,6084.0,April Zorn Memorial Stadium,2919,Monmouth (IL),iii,Midwest,56.0,"[14, 28, 7, 7]",,,,2891,Ripon,iii,Midwest,13.0,"[6, 0, 0, 7]",,,,,,,
401675033,2024,10,regular,2024-11-02T18:00:00.000Z,False,True,False,True,,6110.0,Sam Greeley Field,2524,Rockford,iii,NACC,59.0,"[7, 17, 14, 21]",,,,101,Eureka,iii,NACC,6.0,"[6, 0, 0, 0]",,,,,,,
401674955,2024,10,regular,2024-11-02T18:00:00.000Z,False,True,False,True,,5804.0,Royal Stadium,2802,Bethel (MN),iii,Minnesota,56.0,"[14, 21, 7, 14]",,,,2101,Carleton,iii,Minnesota,7.0,"[0, 0, 7, 0]",,,,,,,
401674522,2024,10,regular,2024-11-02T18:00:00.000Z,False,True,False,True,,3609.0,Allgood-Bailey Stadium,2402,Missouri S&T,ii,Great Lakes,20.0,"[7, 6, 0, 7]",,,,2816,McKendree,ii,Great Lakes,27.0,"[0, 0, 6, 21]",,,,,,,
401675010,2024,10,regular,2024-11-02T18:00:00.000Z,False,True,False,True,,5828.0,Van Metre Field at Ash Park,2155,Cornell (IA),iii,Midwest,44.0,"[7, 23, 7, 7]",,,,255,Knox,iii,Midwest,14.0,"[0, 7, 0, 7]",,,,,,,
401674548,2024,10,regular,2024-11-02T18:00:00.000Z,False,True,False,True,,3723.0,QU Stadium,2825,Quincy,ii,Great Lakes,24.0,"[0, 17, 0, 7]",,,,2911,William Jewell,ii,Great Lakes,20.0,"[3, 7, 7, 3]",,,,,,,
401677677,2024,10,regular,2024-11-02T18:00:00.000Z,False,True,False,True,,6112.0,Richard Wackar Stadium,2827,Rowan,iii,New Jersey,16.0,"[0, 0, 7, 3, 0, 6]",,,,2818,Montclair State,iii,New Jersey,10.0,"[0, 0, 0, 10, 0, 0]",,,,,,,
401675446,2024,10,regular,2024-11-02T18:00:00.000Z,False,True,False,True,,5263.0,Steele Stadium,2316,Kentucky Wesleyan,ii,Great Midwest Athletic,14.0,"[7, 7, 0, 0]",,,,2838,Tiffin,ii,Great Midwest Athletic,54.0,"[21, 7, 17, 9]",,,,,,,
401674654,2024,10,regular,2024-11-02T18:00:00.000Z,False,True,False,True,,5838.0,Ornelas Stadium,2194,East Texas Baptist,iii,American Southwest,14.0,"[0, 7, 0, 7]",,,,2371,Mary Hardin Baylor,iii,American Southwest,27.0,"[7, 7, 7, 6]",,,,,,,
401674589,2024,10,regular,2024-11-02T18:00:00.000Z,False,True,False,True,,5809.0,J. Leslie Rollins Stadium,63,Buena Vista,iii,American Rivers,13.0,"[0, 0, 6, 7]",,,,2141,Coe,iii,American Rivers,35.0,"[7, 7, 7, 14]",,,,,,,
401675831,2024,10,regular,2024-11-02T18:00:00.000Z,False,True,False,True,,5872.0,Kirkeby-Over Stadium,2043,Augustana (SD),ii,Northern Sun,28.0,"[7, 7, 7, 7]",,,,3066,Concordia St. Paul,ii,Northern Sun,7.0,"[0, 0, 7, 0]",,,,,,,
401675957,2024,10,regular,2024-11-02T18:00:00.000Z,False,True,False,True,,5903.0,Community Stadium at Goerke Park,2743,Wisconsin Stevens Point,iii,Wisconsin,14.0,"[0, 7, 7, 0]",,,,272,Wisconsin Platteville,iii,Wisconsin,42.0,"[7, 14, 7, 14]",,,,,,,
401676046,2024,10,regular,2024-11-02T18:00:00.000Z,False,True,False,True,,3915.0,Charles Lee Field at Samford Stadium,2938,Huntingdon,iii,USA South,21.0,"[0, 7, 7, 7]",,,,548,LaGrange,iii,USA South,24.0,"[0, 7, 10, 7]",,,,,,,
401676072,2024,10,regular,2024-11-02T18:00:00.000Z,False,True,False,True,,5913.0,Warrior Field at Raabe Stadium,2741,Wisconsin Lutheran,iii,NACC,7.0,"[0, 0, 0, 7]",,,,2832,St. Norbert,iii,NACC,55.0,"[10, 17, 14, 14]",,,,,,,
401673972,2024,10,regular,2024-11-02T18:00:00.000Z,False,True,False,True,,5816.0,Art Keller Field,2106,Carthage,iii,CCIW,22.0,"[14, 0, 0, 8]",,,,75,North Park,iii,CCIW,21.0,"[7, 14, 0, 0]",,,,,,,
401674158,2024,10,regular,2024-11-02T18:00:00.000Z,False,True,False,True,,5942.0,Francis G. Welch Stadium,2214,Emporia State,ii,Mid America,7.0,"[0, 7, 0, 0]",,,,2231,Fort Hays,ii,Mid America,36.0,"[5, 14, 14, 3]",,,,,,,
401674599,2024,10,regular,2024-11-02T18:00:00.000Z,False,True,False,True,,5817.0,Ron and Joyce Schipper Stadium,2964,Central College,iii,American Rivers,45.0,"[0, 28, 17, 0]",,,,263,Loras,iii,American Rivers,7.0,"[7, 0, 0, 0]",,,,,,,
401674666,2024,10,regular,2024-11-02T18:00:00.000Z,False,True,False,True,,6125.0,Bulldog Stadium (TX),2639,Texas Lutheran,iii,Southern Collegiate Athletic,45.0,"[14, 14, 3, 14]",,,,101161,Lyon,iii,Southern Collegiate Athletic,10.0,"[7, 0, 3, 0]",,,,,,,
401675535,2024,10,regular,2024-11-02T18:00:00.000Z,False,True,False,True,,6123.0,Jackson Field,2834,Sul Ross State,ii,Lone Star,33.0,"[7, 0, 10, 16]",,,,2201,Eastern New Mexico,ii,Lone Star,28.0,"[7, 7, 14, 0]",,,,,,,
401674695,2024,10,regular,2024-11-02T18:00:00.000Z,False,True,False,True,,5124.0,Homewood Field,118,Johns Hopkins,iii,Centennial,26.0,"[3, 10, 0, 13]",,,,2422,Muhlenberg,iii,Centennial,13.0,"[0, 7, 6, 0]",,,,,,,
401676793,2024,10,regular,2024-11-02T18:00:00.000Z,False,True,False,True,,6033.0,Carl Smith Stadium,2842,UVA Wise,ii,South Atlantic,35.0,"[14, 0, 14, 7]",,,,2839,Tusculum,ii,South Atlantic,27.0,"[7, 7, 7, 6]",,,,,,,
401674996,2024,10,regular,2024-11-02T18:00:00.000Z,False,True,False,True,,3945.0,Strong Stadium,266,Beloit,iii,Midwest,17.0,"[0, 7, 0, 10]",,,,262,Lake Forest,iii,Midwest,62.0,"[14, 13, 21, 14]",,,,,,,
401675760,2024,10,regular,2024-11-02T18:00:00.000Z,False,True,False,True,,7075.0,Electric Supply Company Field,122666,Barton,ii,South Atlantic,49.0,"[7, 14, 7, 21]",,,,2107,Catawba,ii,South Atlantic,35.0,"[0, 14, 7, 14]",,,,,,,
401676131,2024,10,regular,2024-11-02T18:00:00.000Z,False,True,False,True,,6094.0,Reynolds Field,583,Northwestern (MN),iii,Upper Midwest,35.0,"[0, 7, 21, 7]",,,,446,Martin Luther,iii,Upper Midwest,7.0,"[0, 0, 0, 7]",,,,,,,
401674947,2024,10,regular,2024-11-02T18:00:00.000Z,False,True,False,True,,5825.0,Jake Christiansen Stadium,2152,Concordia (MN),iii,Minnesota,38.0,"[7, 14, 17, 0]",,,,124,Augsburg,iii,Minnesota,7.0,"[0, 0, 7, 0]",,,,,,,
401674183,2024,10,regular,2024-11-02T18:00:00.000Z,False,True,False,True,,6034.0,Yager Stadium at Moore Bowl,2687,Washburn,ii,Mid America,13.0,"[6, 7, 0, 0]",,,,2438,Nebraska Kearney,ii,Mid America,14.0,"[0, 0, 0, 14]",,,,,,,
401658355,2024,10,regular,2024-11-02T18:00:00.000Z,False,True,False,True,,7076.0,J.W. Babb Stadium,101784,Erskine,ii,Gulf South,0.0,"[0, 0, 0, 0]",,,,110242,West Florida,ii,Gulf South,70.0,"[7, 21, 21, 21]",,,,,,,
401638685,2024,10,regular,2024-11-02T18:00:00.000Z,False,True,False,True,2636.0,3701.0,Drake Stadium,2181,Drake,fcs,Pioneer,19.0,"[3, 10, 6, 0]",0.9957447491310886,,,2368,Marist,fcs,Pioneer,0.0,"[0, 0, 0, 0]",0.004255250868911431,,,4.3991307516,,,
401674976,2024,10,regular,2024-11-02T18:00:00.000Z,False,True,False,True,,5893.0,Hollingsworth Field,2968,Gustavus Adolphus,iii,Minnesota,21.0,"[7, 0, 7, 7]",,,,133,St. Olaf,iii,Minnesota,10.0,"[7, 0, 3, 0]",,,,,,,
401674986,2024,10,regular,2024-11-02T18:00:00.000Z,False,True,False,True,,6122.0,Public Schools Stadium,375,St. Scholastica,iii,Minnesota,0.0,"[0, 0, 0, 0]",,,,2600,Saint John's (MN),iii,Minnesota,70.0,"[35, 28, 0, 7]",,,,,,,
401676060,2024,10,regular,2024-11-02T18:00:00.000Z,False,True,False,True,,5827.0,Tomasini Stadium,409,Concordia (WI),iii,NACC,37.0,"[10, 7, 7, 13]",,,,6353,Lakeland,iii,NACC,34.0,"[6, 14, 7, 7]",,,,,,,
401674643,2024,10,regular,2024-11-02T18:00:00.000Z,False,True,False,True,,5114.0,Shelton Stadium,2810,Hardin Simmons,iii,American Southwest,44.0,"[10, 7, 0, 27]",,,,2758,Howard Payne,iii,American Southwest,17.0,"[0, 10, 0, 7]",,,,,,,
401676124,2024,10,regular,2024-11-02T18:00:00.000Z,False,True,False,True,,5853.0,Francis Field (IL),2257,Greenville,iii,Upper Midwest,45.0,"[21, 3, 7, 14]",,,,433,Westminster (MO),iii,Upper Midwest,7.0,"[0, 0, 0, 7]",,,,,,,
401628676,2024,10,regular,2024-11-02T18:00:00.000Z,False,True,False,True,7583.0,3894.0,Rhodes Stadium,2210,Elon,fcs,CAA,50.0,"[16, 10, 17, 7]",0.9441121872191686,,,2097,Campbell,fcs,CAA,27.0,"[6, 7, 7, 7]",0.055887812780831436,,,4.1675286909,,,
401675577,2024,10,regular,2024-11-02T18:00:00.000Z,False,True,False,True,,6217.0,W.C. Hawkins Stadium,2019,Allen,ii,SIAC,41.0,"[7, 21, 13, 0]",,,,2119,Central State,ii,SIAC,3.0,"[3, 0, 0, 0]",,,,,,,
401674607,2024,10,regular,2024-11-02T18:00:00.000Z,False,True,True,True,,6091.0,Abel Stadium,6845,Nebraska Wesleyan,iii,American Rivers,7.0,"[0, 0, 0, 7]",,,,49,Dubuque,iii,American Rivers,52.0,"[10, 14, 21, 7]",,,,,,,
401674625,2024,10,regular,2024-11-02T18:00:00.000Z,False,True,False,True,,6137.0,Walston-Hoover Stadium,2685,Wartburg,iii,American Rivers,49.0,"[14, 7, 21, 7]",,,,67,Luther,iii,American Rivers,10.0,"[7, 3, 0, 0]",,,,,,,
401674634,2024,10,regular,2024-11-02T18:00:00.000Z,False,True,False,True,,5996.0,Wilford Moore Stadium,241,McMurry,iii,Southern Collegiate Athletic,31.0,"[7, 14, 3, 7]",,,,2045,Austin,iii,Southern Collegiate Athletic,3.0,"[3, 0, 0, 0]",,,,,,,
401633999,2024,10,regular,2024-11-02T18:00:00.000Z,False,True,False,True,1977.0,3658.0,Buccaneer Field,2127,Charleston Southern,fcs,Big South-OVC,14.0,"[0, 0, 7, 7]",0.3970457252896284,,,2241,Gardner-Webb,fcs,Big South-OVC,17.0,"[0, 3, 7, 7]",0.6029542747103716,,,7.1335298598,,,
401675943,2024,10,regular,2024-11-02T18:00:00.000Z,False,True,False,True,,4854.0,Perkins Stadium,2745,Wisconsin Whitewater,iii,Wisconsin,13.0,"[0, 13, 0, 0]",,,,2723,Wisconsin River Falls,iii,Wisconsin,7.0,"[0, 0, 7, 0]",,,,,,,
401674326,2024,10,regular,2024-11-02T18:00:00.000Z,False,True,False,True,,5780.0,Altra Federal Credit Union Stadium,2851,Winona State,ii,Northern Sun,38.0,"[7, 21, 0, 10]",,,,134,Minnesota Duluth,ii,Northern Sun,42.0,"[7, 14, 7, 14]",,,,,,,
401674315,2024,10,regular,2024-11-02T18:00:00.000Z,False,True,False,True,,5874.0,Chet Anderson Stadium,132,Bemidji State,ii,Northern Sun,37.0,"[7, 20, 3, 7]",,,,2844,Wayne State (NE),ii,Northern Sun,20.0,"[7, 0, 13, 0]",,,,,,,
401628672,2024,10,regular,2024-11-02T18:00:00.000Z,False,True,False,True,5778.0,2068.0,E. Claiborne Robins Stadium,257,Richmond,fcs,CAA,35.0,"[9, 10, 3, 13]",0.8515462086564067,,,119,Towson,fcs,CAA,24.0,"[0, 10, 7, 7]",0.14845379134359327,,,7.5789451751,,,
401673255,2024,10,regular,2024-11-02T18:00:00.000Z,False,True,False,True,,5880.0,Elliott Field at Don Beebe Stadium,2123,Chadron State,ii,Rocky Mountain,17.0,"[3, 0, 7, 7]",,,,613,South Dakota Mines,ii,Rocky Mountain,24.0,"[7, 3, 7, 7]",,,,,,,
401673262,2024,10,regular,2024-11-02T18:00:00.000Z,False,True,False,True,,6059.0,Sanchez Family Stadium,2424,New Mexico Highlands,ii,Rocky Mountain,21.0,"[7, 0, 0, 14]",,,,2146,Colorado School of Mines,ii,Rocky Mountain,56.0,"[7, 14, 21, 14]",,,,,,,
401673452,2024,10,regular,2024-11-02T18:00:00.000Z,False,True,False,True,,5861.0,Rosenbloom Field,65,Grinnell,iii,Midwest,14.0,"[0, 7, 7, 0]",,,,2286,Illinois College,iii,Midwest,56.0,"[28, 7, 7, 14]",,,,,,,
401673953,2024,10,regular,2024-11-02T18:00:00.000Z,False,True,False,True,,5859.0,Tucci Stadium,306,Illinois Wesleyan,iii,CCIW,29.0,"[3, 9, 10, 7]",,,,2042,Augustana (IL),iii,CCIW,21.0,"[7, 7, 7, 0]",,,,,,,
401693680,2024,10,regular,2024-11-02T18:00:00.000Z,False,True,False,False,1812.0,5888.0,University Stadium (GA),2698,West Georgia,fcs,UAC,88.0,"[23, 28, 23, 14]",0.9989635051379183,,,124179,Lincoln (CA),ii,Independent DII,12.0,"[6, 6, 0, 0]",0.0010364948620816827,,,3.0599880316,,,
401675994,2024,10,regular,2024-11-02T18:00:00.000Z,False,True,False,True,,5797.0,Vago Field,2044,Aurora,iii,NACC,56.0,"[14, 14, 7, 21]",,,,2283,Benedictine (IL),iii,NACC,20.0,"[0, 7, 7, 6]",,,,,,,
401675983,2024,10,regular,2024-11-02T18:00:00.000Z,False,True,False,True,,5916.0,Carson Park,2738,Wisconsin Eau Claire,iii,Wisconsin,31.0,"[7, 17, 0, 7]",,,,271,Wisconsin Oshkosh,iii,Wisconsin,42.0,"[14, 14, 7, 7]",,,,,,,
401676028,2024,10,regular,2024-11-02T18:00:00.000Z,False,True,False,True,,5802.0,Belhaven Bowl Stadium,2056,Belhaven,iii,USA South,11.0,"[3, 0, 0, 8]",,,,2373,Maryville (TN),iii,USA South,42.0,"[7, 7, 14, 14]",,,,,,,
401674186,2024,10,regular,2024-11-02T18:30:00.000Z,False,True,False,False,,5134.0,Bearcat Stadium,138,Northwest Missouri State,ii,Mid America,44.0,"[7, 14, 9, 14]",,,,196,Northeastern State,ii,Independent DII,26.0,"[6, 7, 7, 6]",,,,,,,
401634001,2024,10,regular,2024-11-02T18:30:00.000Z,False,True,False,True,8144.0,3962.0,Tucker Stadium,2635,Tennessee Tech,fcs,Big South-OVC,52.0,"[7, 10, 28, 7]",0.9989601713016187,,,2815,Lindenwood,fcs,Big South-OVC,10.0,"[0, 0, 7, 3]",0.0010398286983812621,,,2.8718794904,,,
401632466,2024,10,regular,2024-11-02T18:30:00.000Z,False,True,False,True,11198.0,3704.0,E. J. Whitmire Stadium,2717,Western Carolina,fcs,Southern,38.0,"[0, 17, 14, 7]",0.935366057627124,,,236,Chattanooga,fcs,Southern,34.0,"[14, 7, 10, 3]",0.06463394237287601,,,11.1963806292,,,
401645358,2024,10,regular,2024-11-02T18:30:00.000Z,False,True,False,True,17944.0,7221.0,Protective Stadium,5,UAB,fbs,American Athletic,59.0,"[21, 24, 14, 0]",0.9984194481059699,1090.0,1195.0,202,Tulsa,fbs,American Athletic,21.0,"[0, 7, 7, 7]",0.0015805518940300578,1057.0,952.0,2.2607475667,,,
401674883,2024,10,regular,2024-11-02T18:30:00.000Z,False,True,False,True,,5638.0,Dave Wolk Stadium,293,Vermont State Castleton,iii,MSCAC,6.0,"[0, 6, 0, 0]",,,,402,Worcester State,iii,MSCAC,31.0,"[0, 10, 7, 14]",,,,,,,
401643821,2024,10,regular,2024-11-02T18:30:00.000Z,False,True,False,True,34954.0,3792.0,Kidd Brewer Stadium,2026,App State,fbs,Sun Belt,28.0,"[7, 7, 7, 7]",0.8755821837173045,1337.0,1359.0,295,Old Dominion,fbs,Sun Belt,20.0,"[3, 14, 3, 0]",0.12441781628269555,1494.0,1472.0,6.602430075,,,
401676443,2024,10,regular,2024-11-02T19:00:00.000Z,False,True,False,True,,6138.0,Wilson Field,2688,Washington and Lee,iii,Old Dominion,7.0,"[0, 0, 0, 7]",,,,2516,Randolph Macon,iii,Old Dominion,20.0,"[0, 10, 3, 7]",,,,,,,
401673238,2024,10,regular,2024-11-02T19:00:00.000Z,False,True,False,True,,5882.0,Ralph Stocker Stadium,11,Colorado Mesa,ii,Rocky Mountain,21.0,"[7, 0, 7, 7]",,,,2069,Black Hills State,ii,Rocky Mountain,13.0,"[0, 0, 7, 6]",,,,,,,
401674563,2024,10,regular,2024-11-02T19:00:00.000Z,False,True,False,True,,3811.0,Lubbers Stadium,125,Grand Valley State,ii,GLIAC,51.0,"[17, 20, 7, 7]",,,,131,Wayne State (MI),ii,GLIAC,28.0,"[0, 0, 14, 14]",,,,,,,
401674407,2024,10,regular,2024-11-02T19:00:00.000Z,False,True,False,True,,5871.0,Convoy Leslie Cotton Boll Stadium,2028,Arkansas Monticello,ii,Great American,24.0,"[0, 0, 10, 14]",,,,319,Oklahoma Baptist,ii,Great American,20.0,"[7, 3, 7, 3]",,,,,,,
401675821,2024,10,regular,2024-11-02T19:00:00.000Z,False,True,False,True,,3951.0,Swisher Field,425,Northern State,ii,Northern Sun,14.0,"[0, 7, 0, 7]",,,,2364,Minnesota State,ii,Northern Sun,24.0,"[0, 21, 0, 3]",,,,,,,
401674832,2024,10,regular,2024-11-02T19:00:00.000Z,False,True,False,True,,6107.0,ECAV Stadium,2528,Rensselaer,iii,Liberty League,21.0,"[0, 6, 0, 15]",,,,174,Hobart,iii,Liberty League,27.0,"[14, 10, 3, 0]",,,,,,,
401674336,2024,10,regular,2024-11-02T19:00:00.000Z,False,True,False,True,,6052.0,Herb Parker Stadium,568,Minot State,ii,Northern Sun,38.0,"[7, 10, 7, 14]",,,,2817,Minnesota St Moorhead,ii,Northern Sun,42.0,"[7, 14, 7, 14]",,,,,,,
401674147,2024,10,regular,2024-11-02T19:00:00.000Z,False,True,False,True,,6055.0,Craig Field at Spratt Memorial Stadium,137,Missouri Western,ii,Mid America,34.0,"[0, 7, 10, 17, 0]",,,,2122,Central Oklahoma,ii,Mid America,37.0,"[7, 7, 6, 14, 3]",,,,,,,
401675612,2024,10,regular,2024-11-02T19:00:00.000Z,False,True,False,True,,6027.0,Albert J. H. Sloan - Alumni Stadium,2396,Miles,ii,SIAC,37.0,"[19, 15, 0, 3]",,,,60,Morehouse,ii,SIAC,3.0,"[3, 0, 0, 0]",,,,,,,
401634035,2024,10,regular,2024-11-02T19:00:00.000Z,False,True,False,True,2189.0,3734.0,Gayle and Tom Benson Stadium,2916,Incarnate Word,fcs,Southland,45.0,"[10, 21, 14, 0]",0.9985483921464667,,,2277,Houston Christian,fcs,Southland,20.0,"[3, 3, 0, 14]",0.0014516078535332655,,,5.1822227413,,,
401675967,2024,10,regular,2024-11-02T19:00:00.000Z,False,True,False,True,,5939.0,Cressy Field,379,UMass Dartmouth,iii,MSCAC,41.0,"[21, 6, 7, 7]",,,,2843,Western Connecticut State,iii,MSCAC,30.0,"[7, 16, 7, 0]",,,,,,,
401674137,2024,10,regular,2024-11-02T19:00:00.000Z,False,True,False,True,,6067.0,Carnie Smith Stadium,90,Pittsburg State,ii,Mid America,13.0,"[3, 7, 3, 0]",,,,2118,Central Missouri,ii,Mid America,37.0,"[0, 24, 3, 10]",,,,,,,
401676303,2024,10,regular,2024-11-02T19:00:00.000Z,False,True,False,True,,6108.0,Crain Field,2519,Rhodes,iii,Southern Athletic,31.0,"[14, 10, 0, 7]",,,,2398,Millsaps,iii,Southern Athletic,24.0,"[7, 3, 7, 7]",,,,,,,
401675474,2024,10,regular,2024-11-02T19:00:00.000Z,False,True,False,True,,4851.0,Bazemore-Hyder Stadium,2673,Valdosta State,ii,Gulf South,52.0,"[0, 14, 17, 21]",,,,2804,Chowan,ii,Gulf South,0.0,"[0, 0, 0, 0]",,,,,,,
401675568,2024,10,regular,2024-11-02T19:00:00.000Z,False,True,False,True,,3952.0,Ted Wright Stadium,2542,Savannah State,ii,SIAC,28.0,"[21, 0, 7, 0]",,,,2013,Albany State,ii,SIAC,26.0,"[7, 12, 0, 7]",,,,,,,
401675495,2024,10,regular,2024-11-02T19:00:00.000Z,False,True,False,True,,3957.0,Tiger Stadium (AL),2695,West Alabama,ii,Gulf South,17.0,"[3, 7, 0, 7]",,,,2822,North Greenville,ii,Gulf South,14.0,"[3, 0, 0, 11]",,,,,,,
401636360,2024,10,regular,2024-11-02T19:00:00.000Z,False,True,False,True,34932.0,3976.0,Mississippi Veterans Memorial Stadium,2296,Jackson State,fcs,SWAC,41.0,"[14, 17, 7, 3]",0.9987002334462634,,,2029,Arkansas-Pine Bluff,fcs,SWAC,3.0,"[3, 0, 0, 0]",0.0012997665537366476,,,2.8317352446,,,
401674431,2024,10,regular,2024-11-02T19:00:00.000Z,False,True,False,True,,4763.0,Ranger Field,2823,Northwestern (OK),ii,Great American,10.0,"[0, 3, 0, 7]",,,,2271,Henderson State,ii,Great American,44.0,"[7, 9, 14, 14]",,,,,,,
401634000,2024,10,regular,2024-11-02T19:00:00.000Z,False,True,False,True,5369.0,3858.0,O'Brien Stadium,2197,Eastern Illinois,fcs,Big South-OVC,45.0,"[7, 10, 14, 14]",0.9702086925485909,,,2710,Western Illinois,fcs,Big South-OVC,38.0,"[0, 17, 7, 14]",0.02979130745140912,,,7.1799939731,,,
401674397,2024,10,regular,2024-11-02T19:00:00.000Z,False,True,False,True,,5870.0,Thone Stadium at Buerkle Field,2033,Arkansas Tech,ii,Great American,13.0,"[0, 0, 7, 6]",,,,2191,East Central,ii,Great American,23.0,"[3, 7, 3, 10]",,,,,,,
401634155,2024,10,regular,2024-11-02T19:00:00.000Z,False,True,False,True,4071.0,3925.0,Seibert Stadium,2535,Samford,fcs,Southern,13.0,"[0, 10, 3, 0]",0.22405635777748012,,,2747,Wofford,fcs,Southern,17.0,"[0, 7, 7, 3]",0.7759436422225199,,,7.778060258,,,
401634256,2024,10,regular,2024-11-02T19:00:00.000Z,False,True,False,True,8391.0,3809.0,Louis Crews Stadium,2010,Alabama A&M,fcs,SWAC,20.0,"[7, 3, 0, 10]",0.1409105758325982,,,2582,Southern,fcs,SWAC,25.0,"[0, 9, 10, 6]",0.8590894241674019,,,7.782811254,,,
401675599,2024,10,regular,2024-11-02T19:00:00.000Z,False,True,False,True,,6044.0,Lane Field,2323,Lane College,ii,SIAC,23.0,"[13, 7, 3, 0]",,,,2206,Edward Waters,ii,SIAC,37.0,"[14, 7, 6, 10]",,,,,,,
401675291,2024,10,regular,2024-11-02T19:00:00.000Z,False,True,False,True,,4757.0,Edwards-Maurer Field,2746,Wittenberg,iii,North Coast,77.0,"[14, 28, 14, 21]",,,,391,Oberlin,iii,North Coast,0.0,"[0, 0, 0, 0]",,,,,,,
401675365,2024,10,regular,2024-11-02T19:00:00.000Z,False,True,False,True,,6073.0,Milam Stadium,2927,Southwestern Oklahoma State,ii,Great American,14.0,"[7, 0, 0, 7]",,,,2568,Southern Arkansas,ii,Great American,48.0,"[14, 24, 3, 7]",,,,,,,
401673378,2024,10,regular,2024-11-02T19:00:00.000Z,False,True,False,True,,3663.0,Burke-Tarr Stadium,2105,Carson Newman,ii,South Atlantic,28.0,"[0, 7, 14, 7]",,,,129469,Anderson (SC),ii,South Atlantic,7.0,"[0, 0, 0, 7]",,,,,,,
401634165,2024,10,regular,2024-11-02T19:00:00.000Z,False,True,False,True,6381.0,3744.0,Hancock Stadium,2287,Illinois State,fcs,MVFC,23.0,"[3, 6, 14, 0]",0.8872145656326156,,,2754,Youngstown State,fcs,MVFC,16.0,"[2, 0, 7, 7]",0.11278543436738442,,,4.781784378,,,
401654571,2024,10,regular,2024-11-02T19:00:00.000Z,False,True,False,True,1952.0,3896.0,Rice-Totten Field,2400,Mississippi Valley State,fcs,SWAC,16.0,"[0, 0, 10, 6]",0.7278184362678757,,,2504,Prairie View A&M,fcs,SWAC,17.0,"[0, 3, 0, 14]",0.2721815637321243,,,7.280313387,,,
401636368,2024,10,regular,2024-11-02T19:00:00.000Z,False,True,False,True,5103.0,3850.0,Municipal Stadium,2065,Bethune-Cookman,fcs,SWAC,24.0,"[0, 7, 17, 0]",0.8912627693569093,,,2755,Grambling,fcs,SWAC,21.0,"[7, 7, 7, 0]",0.10873723064309071,,,8.0673196467,,,
401634139,2024,10,regular,2024-11-02T19:00:00.000Z,False,True,False,True,8692.0,4417.0,Five Star Stadium at the Moye Complex,2382,Mercer,fcs,Southern,37.0,"[3, 14, 14, 6]",0.5817157312727138,,,2193,East Tennessee State,fcs,Southern,31.0,"[14, 0, 7, 10]",0.4182842687272862,,,9.2645227914,,,
401673246,2024,10,regular,2024-11-02T19:00:00.000Z,False,True,False,True,,5782.0,Mountaineer Bowl,2714,Western Colorado,ii,Rocky Mountain,34.0,"[0, 14, 7, 13]",,,,2570,CSU Pueblo,ii,Rocky Mountain,44.0,"[10, 14, 13, 7]",,,,,,,
401634186,2024,10,regular,2024-11-02T19:00:00.000Z,False,True,False,True,8134.0,3878.0,Plaster Sports Complex,2623,Missouri State,fcs,MVFC,38.0,"[7, 17, 7, 7]",0.7704938320876996,,,79,Southern Illinois,fcs,MVFC,17.0,"[0, 7, 7, 3]",0.22950616791230039,,,4.7146694205,,,
401634195,2024,10,regular,2024-11-02T19:00:00.000Z,False,True,False,True,16376.0,5237.0,Dana J. Dykhouse Stadium,2571,South Dakota State,fcs,MVFC,52.0,"[14, 24, 14, 0]",0.9989131179990138,,,93,Murray State,fcs,MVFC,6.0,"[3, 3, 0, 0]",0.0010868820009861668,,,3.4899389717,,,
401628536,2024,10,regular,2024-11-02T19:30:00.000Z,False,True,False,True,110576.0,3558.0,Michigan Stadium,130,Michigan,fbs,Big Ten,17.0,"[7, 3, 7, 0]",0.026839761370403302,1808.0,1778.0,2483,Oregon,fbs,Big Ten,38.0,"[7, 21, 3, 7]",0.9731602386295967,2020.0,2050.0,3.2552169408,,,
401643822,2024,10,regular,2024-11-02T19:30:00.000Z,False,True,False,True,21478.0,3775.0,Joan C. Edwards Stadium,276,Marshall,fbs,Sun Belt,28.0,"[7, 7, 0, 14]",0.28710058433552904,1417.0,1415.0,2433,UL Monroe,fbs,Sun Belt,23.0,"[7, 7, 0, 9]",0.712899415664471,1234.0,1236.0,6.6169647572,,,
401634210,2024,10,regular,2024-11-02T19:30:00.000Z,False,True,False,True,14528.0,3714.0,Fargodome,2449,North Dakota State,fcs,MVFC,42.0,"[14, 14, 7, 7]",0.9987621833142977,,,2460,Northern Iowa,fcs,MVFC,19.0,"[3, 0, 16, 0]",0.001237816685702331,,,3.9911833588,,,
401628537,2024,10,regular,2024-11-02T19:30:00.000Z,False,True,False,True,87453.0,3834.0,"Memorial Stadium (Lincoln, NE)",158,Nebraska,fbs,Big Ten,20.0,"[0, 7, 7, 6]",0.00765968479251004,1467.0,1453.0,26,UCLA,fbs,Big Ten,27.0,"[3, 10, 14, 0]",0.99234031520749,1456.0,1470.0,4.0336124602,,,
401636913,2024,10,regular,2024-11-02T19:30:00.000Z,False,True,False,True,23085.0,4728.0,TDECU Stadium,248,Houston,fbs,Big 12,24.0,"[0, 10, 0, 14]",0.8327611468803445,1338.0,1364.0,2306,Kansas State,fbs,Big 12,19.0,"[3, 13, 3, 0]",0.16723885311965547,1797.0,1771.0,6.9058300992,,,
401628534,2024,10,regular,2024-11-02T19:30:00.000Z,False,True,False,True,68423.0,3936.0,Spartan Stadium,127,Michigan State,fbs,Big Ten,10.0,"[10, 0, 0, 0]",0.009606986273236702,1465.0,1402.0,84,Indiana,fbs,Big Ten,47.0,"[0, 21, 12, 14]",0.9903930137267632,1812.0,1875.0,3.3369924068,,,
401641026,2024,10,regular,2024-11-02T19:30:00.000Z,False,True,False,True,14775.0,3946.0,Sun Bowl,2638,UTEP,fbs,Conference USA,13.0,"[3, 7, 3, 0]",0.5420947423894649,1162.0,1147.0,2393,Middle Tennessee,fbs,Conference USA,20.0,"[3, 7, 3, 7]",0.45790525761053513,1137.0,1152.0,8.7961969822,,,
401635602,2024,10,regular,2024-11-02T19:30:00.000Z,False,True,False,True,55107.0,3697.0,Doak Campbell Stadium,52,Florida State,fbs,ACC,11.0,"[3, 0, 8, 0]",0.0006741219753864182,1504.0,1447.0,153,North Carolina,fbs,ACC,35.0,"[0, 14, 14, 7]",0.9993258780246136,1555.0,1612.0,3.4343611299,,,
401636916,2024,10,regular,2024-11-02T19:30:00.000Z,False,True,False,True,42110.0,3652.0,FBC Mortgage Stadium,2116,UCF,fbs,Big 12,56.0,"[14, 21, 14, 7]",0.9987704823612363,1489.0,1625.0,12,Arizona,fbs,Big 12,12.0,"[0, 6, 6, 0]",0.0012295176387636664,1518.0,1382.0,2.9223236571,,,
401636914,2024,10,regular,2024-11-02T19:30:00.000Z,False,True,False,True,61500.0,3772.0,Jack Trice Stadium,66,Iowa State,fbs,Big 12,22.0,"[3, 10, 0, 9]",0.48596865208953,1771.0,1759.0,2641,Texas Tech,fbs,Big 12,23.0,"[10, 0, 7, 6]",0.51403134791047,1554.0,1566.0,6.4834102391,,,
401636915,2024,10,regular,2024-11-02T19:30:00.000Z,False,True,False,True,52202.0,3646.0,Boone Pickens Stadium,197,Oklahoma State,fbs,Big 12,21.0,"[0, 14, 0, 7]",0.0017301732987625102,1477.0,1427.0,9,Arizona State,fbs,Big 12,42.0,"[7, 14, 7, 14]",0.9982698267012375,1513.0,1563.0,3.5309041035,,,
401628408,2024,10,regular,2024-11-02T19:30:00.000Z,False,True,True,True,76307.0,3712.0,EverBank Stadium,61,Georgia,fbs,SEC,34.0,"[3, 3, 14, 14]",0.9697807568208445,2058.0,2057.0,57,Florida,fbs,SEC,20.0,"[0, 13, 0, 7]",0.030219243179155475,1634.0,1635.0,9.0550589741,,,
401676784,2024,10,regular,2024-11-02T20:00:00.000Z,False,True,False,True,,3926.0,Setzler Field,2444,Newberry,ii,South Atlantic,14.0,"[7, 0, 0, 7]",,,,2336,Limestone,ii,South Atlantic,35.0,"[7, 14, 14, 0]",,,,,,,
401676284,2024,10,regular,2024-11-02T20:00:00.000Z,False,True,False,True,,6102.0,Sparks Stadium,2486,Pacific Lutheran,iii,Northwest,24.0,"[3, 7, 7, 7]",,,,415,George Fox,iii,Northwest,14.0,"[7, 0, 0, 7]",,,,,,,
401676328,2024,10,regular,2024-11-02T20:00:00.000Z,False,True,False,True,,6104.0,Baker Stadium,2508,Puget Sound,iii,Northwest,38.0,"[14, 17, 7, 0]",,,,2930,Willamette,iii,Northwest,23.0,"[3, 6, 0, 14]",,,,,,,
401643750,2024,10,regular,2024-11-02T20:00:00.000Z,False,True,False,True,15046.0,3971.0,University Stadium (NM),167,New Mexico,fbs,Mountain West,45.0,"[13, 22, 10, 0]",0.08663613272417485,1255.0,1250.0,2751,Wyoming,fbs,Mountain West,49.0,"[14, 21, 0, 14]",0.9133638672758252,1278.0,1283.0,7.3534857185,,,
401676325,2024,10,regular,2024-11-02T20:00:00.000Z,False,True,False,True,,6148.0,The Pine Bowl,2721,Whitworth,iii,Northwest,48.0,"[13, 14, 7, 14]",,,,2333,Lewis & Clark,iii,Northwest,9.0,"[0, 9, 0, 0]",,,,,,,
401645360,2024,10,regular,2024-11-02T20:00:00.000Z,False,True,False,True,21253.0,3895.0,Rice Stadium,242,Rice,fbs,American Athletic,24.0,"[14, 3, 7, 0]",0.4629824703551783,1236.0,1296.0,2426,Navy,fbs,American Athletic,10.0,"[0, 7, 0, 3]",0.5370175296448216,1564.0,1504.0,3.9986166134,,,
401634113,2024,10,regular,2024-11-02T20:00:00.000Z,False,True,False,True,10638.0,3602.0,Aggie Stadium,302,UC Davis,fcs,Big Sky,59.0,"[14, 10, 28, 7]",0.9986865914013864,,,2458,Northern Colorado,fcs,Big Sky,7.0,"[0, 0, 0, 7]",0.001313408598613619,,,2.6634328149,,,
401632125,2024,10,regular,2024-11-02T20:00:00.000Z,False,True,False,True,2526.0,3745.0,Greater Zion Stadium,3101,Utah Tech,fcs,UAC,34.0,"[3, 21, 0, 10]",,,,2110,Central Arkansas,fcs,UAC,21.0,"[0, 7, 7, 7]",,,,,,,
401675930,2024,10,regular,2024-11-02T20:00:00.000Z,False,True,False,True,,5909.0,Ortmayer Stadium,2318,La Verne,iii,So. Cal.,21.0,"[0, 7, 7, 7]",,,,29,Redlands,iii,So. Cal.,31.0,"[14, 0, 17, 0]",,,,,,,
401634111,2024,10,regular,2024-11-02T20:00:00.000Z,False,True,False,True,6258.0,3906.0,Roos Field,331,Eastern Washington,fcs,Big Sky,28.0,"[7, 7, 14, 0]",0.04246118325221438,,,147,Montana State,fcs,Big Sky,42.0,"[14, 14, 7, 7]",0.9575388167477856,,,4.1946796924,,,
401634112,2024,10,regular,2024-11-02T20:00:00.000Z,False,True,False,True,6154.0,2023.0,Walkup Skydome,2464,Northern Arizona,fcs,Big Sky,27.0,"[21, 0, 0, 6]",0.9980048693342012,,,2692,Weber State,fcs,Big Sky,6.0,"[0, 3, 3, 0]",0.0019951306657988166,,,2.8250585774,,,
401636377,2024,10,regular,2024-11-02T20:00:00.000Z,False,True,False,True,23271.0,3650.0,Bragg Memorial Stadium,50,Florida A&M,fcs,SWAC,52.0,"[7, 14, 21, 10]",,,,2640,Texas Southern,fcs,SWAC,28.0,"[0, 0, 21, 7]",,,,,,,
401675121,2024,10,regular,2024-11-02T20:00:00.000Z,False,True,False,True,5676.0,3779.0,Manning Field at John L. Guidry Stadium,2447,Nicholls,fcs,Southland,12.0,"[3, 3, 0, 6]",0.06383327766619175,,,2617,Stephen F. Austin,fcs,Southland,28.0,"[0, 21, 7, 0]",0.9361667223338083,,,5.0753893098,,,
401676290,2024,10,regular,2024-11-02T20:00:00.000Z,False,True,False,True,,6153.0,Hanson Stadium,205,Pacific (OR),iii,Northwest,28.0,"[0, 7, 7, 14]",,,,203,Linfield,iii,Northwest,68.0,"[14, 31, 7, 16]",,,,,,,
401638683,2024,10,regular,2024-11-02T20:00:00.000Z,False,True,False,True,,716.0,Torero Stadium,301,San Diego,fcs,Pioneer,40.0,"[7, 30, 0, 3]",0.9974134840883937,,,2166,Davidson,fcs,Pioneer,13.0,"[7, 6, 0, 0]",0.002586515911606302,,,3.1501432464,,,
401643824,2024,10,regular,2024-11-02T20:00:00.000Z,False,True,False,True,24223.0,3975.0,Veterans Memorial Stadium (AL),2653,Troy,fbs,Sun Belt,38.0,"[7, 21, 7, 3]",0.9968836682729194,1429.0,1455.0,324,Coastal Carolina,fbs,Sun Belt,24.0,"[7, 0, 17, 0]",0.00311633172708059,1402.0,1376.0,6.0846892671,,,
401634025,2024,10,regular,2024-11-02T20:00:00.000Z,False,True,False,True,5593.0,3882.0,Provost Umphrey Stadium,2320,Lamar,fcs,Southland,27.0,"[7, 7, 3, 7, 3]",0.5777286020797375,,,2545,SE Louisiana,fcs,Southland,30.0,"[0, 7, 14, 3, 6]",0.42227139792026247,,,9.198750705,,,
401632128,2024,10,regular,2024-11-02T20:00:00.000Z,False,True,False,True,9701.0,5440.0,Wildcat Stadium (TX),2000,Abilene Christian,fcs,UAC,28.0,"[14, 7, 0, 7]",0.9900414864512078,,,253,Southern Utah,fcs,UAC,25.0,"[0, 3, 7, 15]",0.00995851354879218,,,4.4704336632,,,
401628409,2024,10,regular,2024-11-02T20:15:00.000Z,False,True,False,False,48617.0,3693.0,Davis Wade Stadium,344,Mississippi State,fbs,SEC,45.0,"[0, 21, 14, 10]",0.7819472347062157,1322.0,1353.0,113,Massachusetts,fbs,FBS Independents,20.0,"[10, 0, 0, 10]",0.21805276529378426,1025.0,994.0,4.0898992303,,,
401636349,2024,10,regular,2024-11-02T21:00:00.000Z,False,True,True,True,7831.0,3797.0,Ladd Peebles Stadium,2011,Alabama State,fcs,SWAC,21.0,"[0, 7, 7, 7]",0.32459635456634434,,,2016,Alcorn State,fcs,SWAC,17.0,"[0, 7, 3, 7]",0.6754036454336556,,,9.7895340016,,,
401632126,2024,10,regular,2024-11-02T21:00:00.000Z,False,True,False,True,7268.0,4133.0,Braly Municipal Stadium,2453,North Alabama,fcs,UAC,17.0,"[0, 3, 14, 0]",0.0038160255045435643,,,2046,Austin Peay,fcs,UAC,31.0,"[10, 14, 0, 7]",0.9961839744954565,,,3.1361163637,,,
401634110,2024,10,regular,2024-11-02T21:00:00.000Z,False,True,False,True,10095.0,1027.0,Alex G. Spanos Stadium,13,Cal Poly,fcs,Big Sky,7.0,"[0, 0, 0, 7]",0.0061705274181515935,,,149,Montana,fcs,Big Sky,42.0,"[7, 7, 14, 14]",0.9938294725818484,,,3.6389906213,,,
401676135,2024,10,regular,2024-11-02T21:00:00.000Z,False,True,False,True,,5829.0,Old National Bank Stadium,509,Crown,iii,Upper Midwest,6.0,"[0, 6, 0, 0]",,,,2399,Minnesota Morris,iii,Upper Midwest,27.0,"[0, 14, 13, 0]",,,,,,,
401676153,2024,10,regular,2024-11-02T21:30:00.000Z,False,True,False,True,,3733.0,Garcelon Field,121,Bates,iii,NESCAC,24.0,"[10, 0, 7, 7]",,,,340,Bowdoin,iii,NESCAC,35.0,"[14, 7, 7, 7]",,,,,,,
401634002,2024,10,regular,2024-11-02T22:00:00.000Z,False,True,False,True,2845.0,3810.0,Nissan Stadium,2634,Tennessee State,fcs,Big South-OVC,21.0,"[14, 0, 7, 0]",0.00941493174447464,,,2630,UT Martin,fcs,Big South-OVC,28.0,"[21, 7, 0, 0]",0.9905850682555254,,,6.958030864,,,
401674505,2024,10,regular,2024-11-02T22:00:00.000Z,False,True,False,True,,6040.0,Key Stadium,2292,Indianapolis,ii,Great Lakes,58.0,"[7, 24, 17, 10]",,,,2586,Southwest Baptist,ii,Great Lakes,3.0,"[0, 0, 3, 0]",,,,,,,
401675022,2024,10,regular,2024-11-02T22:00:00.000Z,False,True,False,True,,5919.0,Ron Roberts Field at the Banta Bowl,268,Lawrence,iii,Midwest,14.0,"[7, 0, 0, 7]",,,,80,Chicago,iii,Midwest,64.0,"[14, 16, 17, 17]",,,,,,,
401675519,2024,10,regular,2024-11-02T23:00:00.000Z,False,True,False,True,,5869.0,LeGrand Stadium at 1st Community Credit Union Field,2025,Angelo State,ii,Lone Star,17.0,"[7, 10, 0, 0]",,,,2120,Central Washington,ii,Lone Star,16.0,"[3, 7, 0, 6]",,,,,,,
401643749,2024,10,regular,2024-11-02T23:00:00.000Z,False,True,False,True,41575.0,3660.0,Valley Children's Stadium,278,Fresno State,fbs,Mountain West,20.0,"[7, 6, 7, 0]",0.4175894403697216,1559.0,1540.0,62,Hawai'i,fbs,Mountain West,21.0,"[7, 0, 0, 14]",0.5824105596302784,1228.0,1247.0,7.1825140572,,,
401632124,2024,10,regular,2024-11-02T23:00:00.000Z,False,True,False,True,15281.0,3827.0,"Memorial Stadium (Stephenville, TX)",2627,Tarleton State,fcs,UAC,13.0,"[7, 6, 0, 0]",0.4487428482728004,,,2198,Eastern Kentucky,fcs,UAC,17.0,"[0, 7, 3, 7]",0.5512571517271996,,,8.1696735176,,,
401635600,2024,10,regular,2024-11-02T23:30:00.000Z,False,True,False,True,80446.0,3836.0,"Memorial Stadium (Clemson, SC)",228,Clemson,fbs,ACC,21.0,"[7, 0, 0, 14]",0.6049979350595786,1863.0,1819.0,97,Louisville,fbs,ACC,33.0,"[3, 14, 9, 7]",0.39500206494042145,1681.0,1725.0,4.2410658048,,,
401643823,2024,10,regular,2024-11-02T23:30:00.000Z,False,True,False,True,19667.0,6526.0,Hancock Whitney Stadium,6,South Alabama,fbs,Sun Belt,30.0,"[3, 10, 17, 0]",0.6027765635894256,1644.0,1618.0,290,Georgia Southern,fbs,Sun Belt,34.0,"[7, 7, 0, 20]",0.39722343641057445,1371.0,1397.0,4.9050448692,,,
401628540,2024,10,regular,2024-11-02T23:30:00.000Z,False,True,False,True,71251.0,3765.0,Husky Stadium,264,Washington,fbs,Big Ten,26.0,"[10, 10, 0, 6]",0.8116719776024703,1686.0,1695.0,30,USC,fbs,Big Ten,21.0,"[0, 7, 14, 0]",0.18832802239752966,1776.0,1767.0,8.0922618356,,,
401628411,2024,10,regular,2024-11-02T23:30:00.000Z,False,True,False,True,80298.0,3994.0,Williams-Brice Stadium,2579,South Carolina,fbs,SEC,44.0,"[14, 6, 10, 14]",0.9430706784421996,1744.0,1812.0,245,Texas A&M,fbs,SEC,20.0,"[3, 17, 0, 0]",0.056929321557800394,1814.0,1746.0,5.9248578889,,,
401628535,2024,10,regular,2024-11-02T23:30:00.000Z,False,True,False,True,69250.0,3793.0,Kinnick Stadium,2294,Iowa,fbs,Big Ten,42.0,"[0, 14, 14, 14]",0.9987136888626663,1693.0,1786.0,275,Wisconsin,fbs,Big Ten,10.0,"[3, 0, 0, 7]",0.0012863111373336844,1734.0,1641.0,3.7719334733,,,
401628412,2024,10,regular,2024-11-02T23:45:00.000Z,False,True,False,True,101915.0,3853.0,Neyland Stadium,2633,Tennessee,fbs,SEC,28.0,"[0, 7, 14, 7]",0.957040303957247,1950.0,1939.0,96,Kentucky,fbs,SEC,18.0,"[7, 3, 0, 8]",0.04295969604275296,1526.0,1537.0,8.1829708813,,,
401636912,2024,10,regular,2024-11-03T00:00:00.000Z,False,True,False,True,44171.0,4727.0,McLane Stadium,239,Baylor,fbs,Big 12,37.0,"[7, 6, 7, 17]",0.43434377789501794,1558.0,1559.0,2628,TCU,fbs,Big 12,34.0,"[7, 10, 10, 7]",0.5656562221049821,1527.0,1526.0,8.663106695,,,
401634020,2024,10,regular,2024-11-03T00:00:00.000Z,False,True,False,True,8584.0,3686.0,Cowboy Stadium,2377,McNeese,fcs,Southland,31.0,"[14, 10, 7, 0]",0.9900883175159029,,,2837,East Texas A&M,fcs,Southland,3.0,"[3, 0, 0, 0]",0.009911682484097128,,,3.9377623749,,,
401675553,2024,10,regular,2024-11-03T00:00:00.000Z,False,True,False,True,,6076.0,Javelina Stadium,2658,Texas A&M-Kingsville,ii,Lone Star,14.0,"[0, 7, 7, 0]",,,,2704,West Texas,ii,Lone Star,21.0,"[0, 0, 7, 14]",,,,,,,
401643748,2024,10,regular,2024-11-03T00:00:00.000Z,False,True,False,True,16019.0,3816.0,Mackay Stadium,2440,Nevada,fbs,Mountain West,21.0,"[0, 0, 7, 14]",0.5782702651320293,1206.0,1176.0,36,Colorado State,fbs,Mountain West,38.0,"[14, 3, 11, 10]",0.4217297348679707,1313.0,1343.0,1.7841988898,,,
401675542,2024,10,regular,2024-11-03T00:00:00.000Z,False,True,False,True,,6049.0,"Memorial Stadium (Wichita Falls, TX)",2395,Midwestern State,ii,Lone Star,16.0,"[3, 3, 7, 3]",,,,2848,Western Oregon,ii,Lone Star,21.0,"[14, 0, 7, 0]",,,,,,,
401635627,2024,10,regular,2024-11-03T00:00:00.000Z,False,True,False,True,34648.0,3735.0,Gerald J. Ford Stadium,2567,SMU,fbs,ACC,48.0,"[7, 24, 3, 14]",0.9986669764618659,1779.0,1814.0,221,Pittsburgh,fbs,ACC,25.0,"[3, 0, 8, 14]",0.001333023538134137,1576.0,1541.0,3.5768602725,,,
401673148,2024,10,regular,2024-11-03T00:00:00.000Z,False,True,False,True,,5866.0,Rex Stadium,2001,Adams State,ii,Rocky Mountain,17.0,"[3, 7, 0, 7]",,,,2237,Fort Lewis,ii,Rocky Mountain,27.0,"[3, 7, 7, 10]",,,,,,,
401674980,2024,10,regular,2024-11-03T00:00:00.000Z,False,True,False,True,,5928.0,Macalester Stadium,2359,Macalester,iii,Minnesota,35.0,"[0, 7, 7, 21]",,,,162,Hamline,iii,Minnesota,37.0,"[13, 10, 14, 0]",,,,,,,
401634114,2024,10,regular,2024-11-03T01:00:00.000Z,False,True,False,True,11055.0,3757.0,Hornet Stadium,16,Sacramento State,fcs,Big Sky,38.0,"[7, 14, 10, 7]",0.1472194671375976,,,2502,Portland State,fcs,Big Sky,58.0,"[7, 10, 20, 21]",0.8527805328624024,,,4.7825998449,,,
401676196,2024,10,regular,2024-11-03T02:00:00.000Z,False,True,False,True,,5819.0,Ernie Chapman Stadium,411,Chapman,iii,So. Cal.,9.0,"[0, 9, 0, 0]",,,,17,Claremont Mudd Scripps,iii,So. Cal.,7.0,"[0, 0, 7, 0]",,,,,,,
401676182,2024,10,regular,2024-11-03T02:00:00.000Z,False,True,False,True,,6103.0,Merritt Field,2923,Pomona Pitzer,iii,So. Cal.,32.0,"[7, 16, 3, 6]",,,,2094,Cal Lutheran,iii,So. Cal.,27.0,"[0, 7, 7, 13]",,,,,,,
401644760,2024,11,regular,2024-11-06T00:30:00.000Z,False,True,False,True,7832.0,3786.0,Kelly/Shorts Stadium,2117,Central Michigan,fbs,Mid-American,13.0,"[0, 7, 0, 6]",0.5514883502083159,1116.0,1123.0,189,Bowling Green,fbs,Mid-American,23.0,"[3, 6, 7, 7]",0.4485116497916841,1456.0,1449.0,3.4628314861,,,
401644688,2024,11,regular,2024-11-06T01:00:00.000Z,False,True,False,True,6412.0,3919.0,Scheumann Stadium,2050,Ball State,fbs,Mid-American,21.0,"[7, 6, 8, 0]",0.45153305370366215,1094.0,1115.0,193,Miami (OH),fbs,Mid-American,27.0,"[7, 14, 0, 6]",0.5484669462963379,1569.0,1548.0,5.7940036645,,,
401644762,2024,11,regular,2024-11-07T00:00:00.000Z,False,True,False,True,10346.0,3980.0,Waldo Stadium,2711,Western Michigan,fbs,Mid-American,28.0,"[7, 7, 7, 7]",0.07115971646594085,1288.0,1272.0,2459,Northern Illinois,fbs,Mid-American,42.0,"[0, 21, 21, 0]",0.9288402835340591,1455.0,1471.0,3.6264519232,,,
401644761,2024,11,regular,2024-11-07T00:00:00.000Z,False,True,False,True,5662.0,3696.0,Dix Stadium,2309,Kent State,fbs,Mid-American,0.0,"[0, 0, 0, 0]",0.001342140821977892,878.0,831.0,195,Ohio,fbs,Mid-American,41.0,"[10, 10, 14, 7]",0.9986578591780221,1463.0,1510.0,2.7053808295,,,
401645361,2024,11,regular,2024-11-08T01:00:00.000Z,False,True,False,True,30573.0,3699.0,Dowdy-Ficklen Stadium,151,East Carolina,fbs,American Athletic,49.0,"[21, 14, 7, 7]",0.9989689193958727,1328.0,1410.0,2226,Florida Atlantic,fbs,American Athletic,14.0,"[0, 7, 0, 7]",0.0010310806041272658,1207.0,1125.0,2.7443729107,,,
401643825,2024,11,regular,2024-11-08T01:00:00.000Z,False,True,False,True,19415.0,3654.0,Brooks Stadium (SC),324,Coastal Carolina,fbs,Sun Belt,38.0,"[14, 3, 14, 7]",0.9451358835042454,1376.0,1403.0,2026,App State,fbs,Sun Belt,24.0,"[0, 10, 0, 14]",0.05486411649575462,1359.0,1332.0,4.4861180165,,,
401654467,2024,11,regular,2024-11-08T23:00:00.000Z,False,True,False,True,3222.0,3881.0,Princeton University Stadium,163,Princeton,fcs,Ivy,17.0,"[7, 0, 7, 3]",0.11382614288666315,,,159,Dartmouth,fcs,Ivy,26.0,"[0, 21, 0, 5]",0.8861738571133368,,,6.0229892504,,,
401634773,2024,11,regular,2024-11-09T01:00:00.000Z,False,True,False,True,28455.0,3630.0,Allegacy Federal Credit Union Stadium,154,Wake Forest,fbs,ACC,36.0,"[7, 7, 7, 15]",0.18697994028614287,1349.0,1353.0,25,California,fbs,ACC,46.0,"[10, 19, 7, 10]",0.8130200597138572,1653.0,1649.0,6.1989117704,,,
401645362,2024,11,regular,2024-11-09T02:00:00.000Z,False,True,False,True,23692.0,3805.0,Simmons Bank Liberty Stadium,235,Memphis,fbs,American Athletic,27.0,"[0, 17, 0, 10]",0.9068114738286155,1574.0,1569.0,242,Rice,fbs,American Athletic,20.0,"[6, 7, 0, 7]",0.09318852617138451,1296.0,1301.0,6.8754092893,,,
401628542,2024,11,regular,2024-11-09T02:00:00.000Z,False,True,False,True,53467.0,1056.0,Rose Bowl,26,UCLA,fbs,Big Ten,20.0,"[0, 17, 0, 3]",0.3388965363628089,1470.0,1476.0,2294,Iowa,fbs,Big Ten,17.0,"[10, 0, 0, 7]",0.6611034636371911,1786.0,1780.0,7.1761600379,,,
401643754,2024,11,regular,2024-11-09T03:30:00.000Z,False,True,False,True,21832.0,7311.0,Snapdragon Stadium,21,San Diego State,fbs,Mountain West,16.0,"[3, 10, 3, 0]",0.10908058895713622,1311.0,1298.0,167,New Mexico,fbs,Mountain West,21.0,"[14, 0, 0, 7]",0.8909194110428638,1250.0,1263.0,8.2243428827,,,
401679157,2024,11,regular,2024-11-09T16:00:00.000Z,False,True,False,False,540.0,4428.0,Saxon Stadium,2385,Mercyhurst,fcs,NEC,66.0,"[14, 32, 7, 13]",0.9989674080573289,,,124179,Lincoln (CA),ii,Independent DII,0.0,"[0, 0, 0, 0]",0.001032591942671135,,,2.5240698613,,,
401674281,2024,11,regular,2024-11-09T17:00:00.000Z,False,True,False,True,,5943.0,Duvall-Rosier Field,2986,Fairmont State,ii,Mountain East,36.0,"[3, 14, 3, 16]",,,,2699,West Liberty,ii,Mountain East,35.0,"[7, 14, 14, 0]",,,,,,,
401675433,2024,11,regular,2024-11-09T17:00:00.000Z,False,True,False,True,,3698.0,Donnell Stadium,2224,Findlay,ii,Great Midwest Athletic,27.0,"[7, 6, 7, 7]",,,,2886,Northwood,ii,Great Midwest Athletic,17.0,"[0, 10, 0, 7]",,,,,,,
401674893,2024,11,regular,2024-11-09T17:00:00.000Z,False,True,False,True,,5845.0,Elliot Field Athletic Complex,114,Fitchburg State,iii,MSCAC,21.0,"[0, 14, 0, 7]",,,,2972,Plymouth State,iii,MSCAC,26.0,"[13, 0, 6, 7]",,,,,,,
401673416,2024,11,regular,2024-11-09T17:00:00.000Z,False,True,False,True,,6086.0,Rocco Calvo Field,323,Moravian,iii,Landmark Conference,34.0,"[7, 14, 6, 7]",,,,2354,Lycoming,iii,Landmark Conference,23.0,"[0, 3, 7, 13]",,,,,,,
401676029,2024,11,regular,2024-11-09T17:00:00.000Z,False,True,False,True,,5852.0,Jamieson Stadium,2256,Greensboro,iii,USA South,7.0,"[0, 0, 7, 0]",,,,2373,Maryville (TN),iii,USA South,47.0,"[0, 16, 21, 10]",,,,,,,
401635609,2024,11,regular,2024-11-09T17:00:00.000Z,False,True,False,True,47358.0,721.0,Bobby Dodd Stadium,59,Georgia Tech,fbs,ACC,28.0,"[7, 7, 7, 7]",0.9672381758930633,1558.0,1577.0,2390,Miami,fbs,ACC,23.0,"[10, 0, 6, 7]",0.03276182410693673,1877.0,1858.0,6.3333845141,,,
401674709,2024,11,regular,2024-11-09T17:00:00.000Z,False,True,False,True,,5637.0,Vendetti Field,2884,Nichols,iii,Commonwealth Coast,41.0,"[6, 6, 14, 15]",,,,40,Curry,iii,Commonwealth Coast,47.0,"[21, 20, 6, 0]",,,,,,,
401674576,2024,11,regular,2024-11-09T17:00:00.000Z,False,True,False,True,,5934.0,Farmers Insurance Athletic Complex,110254,Davenport,ii,GLIAC,52.0,"[3, 21, 14, 14]",,,,128,Northern Michigan,ii,GLIAC,31.0,"[7, 7, 10, 7]",,,,,,,
401674564,2024,11,regular,2024-11-09T17:00:00.000Z,False,True,False,True,,3927.0,Sherman Field,2392,Michigan Tech,ii,GLIAC,0.0,"[0, 0, 0, 0]",,,,125,Grand Valley State,ii,GLIAC,20.0,"[7, 7, 6, 0]",,,,,,,
401674385,2024,11,regular,2024-11-09T17:00:00.000Z,False,True,False,True,,4437.0,"Memorial Stadium (Clarion, PA)",2134,Clarion,ii,Pennsylvania State Athletic,28.0,"[0, 14, 7, 7]",,,,367,Gannon,ii,Pennsylvania State Athletic,34.0,"[7, 7, 7, 13]",,,,,,,
401675425,2024,11,regular,2024-11-09T17:00:00.000Z,False,True,False,True,,3718.0,Tom Benson Hall of Fame Stadium,2682,Walsh,ii,Great Midwest Athletic,24.0,"[7, 3, 0, 14]",,,,308,Ashland,ii,Great Midwest Athletic,10.0,"[0, 7, 3, 0]",,,,,,,
401676013,2024,11,regular,2024-11-09T17:00:00.000Z,False,True,False,True,,6092.0,Bishop Stadium,286,North Carolina Wesleyan,iii,USA South,30.0,"[3, 7, 7, 13]",,,,2913,Brevard,iii,USA South,24.0,"[0, 10, 7, 7]",,,,,,,
401676175,2024,11,regular,2024-11-09T17:00:00.000Z,False,True,False,True,,6131.0,Jessee/Miller Field,2977,Trinity (CT),iii,NESCAC,17.0,"[3, 14, 0, 0]",,,,336,Wesleyan (CT),iii,NESCAC,27.0,"[0, 14, 0, 13]",,,,,,,
401674869,2024,11,regular,2024-11-09T17:00:00.000Z,False,True,False,True,,5127.0,Gene L. Shirk Stadium,2015,Albright,iii,Mid Atlantic,6.0,"[6, 0, 0, 0]",,,,247,King's,iii,Mid Atlantic,41.0,"[7, 20, 14, 0]",,,,,,,
401675503,2024,11,regular,2024-11-09T17:00:00.000Z,False,True,False,True,,4015.0,Barron Stadium,2560,Shorter,ii,Gulf South,6.0,"[6, 0, 0, 0]",,,,2695,West Alabama,ii,Gulf South,31.0,"[7, 7, 7, 10]",,,,,,,
401634140,2024,11,regular,2024-11-09T17:00:00.000Z,False,True,False,True,12109.0,5400.0,William B. Greene Jr. Stadium,2193,East Tennessee State,fcs,Southern,24.0,"[10, 0, 7, 7]",0.8699359676737042,,,2717,Western Carolina,fcs,Southern,21.0,"[7, 0, 14, 0]",0.13006403232629582,,,8.0602161733,,,
401674884,2024,11,regular,2024-11-09T17:00:00.000Z,False,True,False,True,,5638.0,Dave Wolk Stadium,293,Vermont State Castleton,iii,MSCAC,20.0,"[0, 20, 0, 0]",,,,18,Bridgewater State,iii,MSCAC,31.0,"[0, 7, 21, 3]",,,,,,,
401674874,2024,11,regular,2024-11-09T17:00:00.000Z,False,True,False,True,,6083.0,Mangelsdorf Field,2969,Misericordia,iii,Mid Atlantic,17.0,"[0, 10, 7, 0]",,,,471,Stevenson,iii,Mid Atlantic,56.0,"[7, 21, 7, 21]",,,,,,,
401673435,2024,11,regular,2024-11-09T17:00:00.000Z,False,True,False,True,,5842.0,Robert T. Shields Field,2221,FDU Florham,iii,Mid Atlantic,7.0,"[0, 0, 7, 0]",,,,2725,Widener,iii,Mid Atlantic,10.0,"[0, 7, 0, 3]",,,,,,,
401654593,2024,11,regular,2024-11-09T17:00:00.000Z,False,True,False,True,2018.0,3623.0,Arthur J. Rooney Athletic Field,2184,Duquesne,fcs,NEC,31.0,"[7, 14, 0, 10]",0.9986555035540212,,,2523,Robert Morris,fcs,NEC,6.0,"[0, 0, 0, 6]",0.0013444964459787823,,,3.6823669563,,,
401674761,2024,11,regular,2024-11-09T17:00:00.000Z,False,True,False,True,,6126.0,Bob Boozer Field,2781,Brockport,iii,Empire 8,28.0,"[14, 7, 0, 7]",,,,2782,SUNY Cortland,iii,Empire 8,29.0,"[0, 17, 3, 9]",,,,,,,
401674718,2024,11,regular,2024-11-09T17:00:00.000Z,False,True,False,True,,3709.0,Hempstead Stadium,452,Endicott,iii,Commonwealth Coast,32.0,"[14, 15, 3, 0]",,,,2280,Husson,iii,Commonwealth Coast,6.0,"[0, 0, 0, 6]",,,,,,,
401676216,2024,11,regular,2024-11-09T17:00:00.000Z,False,True,False,True,,5997.0,Brooks Stadium (NY),2383,Merchant Marine,iii,NEWMAC,7.0,"[0, 0, 0, 7]",,,,81,Springfield,iii,NEWMAC,42.0,"[7, 14, 7, 14]",,,,,,,
401676154,2024,11,regular,2024-11-09T17:00:00.000Z,False,True,False,True,,5894.0,Steuben Field,348,Hamilton,iii,NESCAC,24.0,"[0, 7, 7, 10]",,,,121,Bates,iii,NESCAC,21.0,"[7, 7, 0, 7]",,,,,,,
401676664,2024,11,regular,2024-11-09T17:00:00.000Z,False,True,False,True,,7082.0,Athletic Field Complex,122774,Keystone,iii,Landmark Conference,38.0,"[14, 21, 0, 3]",,,,246,Juniata,iii,Landmark Conference,43.0,"[15, 0, 13, 15]",,,,,,,
401687162,2024,11,regular,2024-11-09T17:00:00.000Z,False,True,False,True,,6120.0,Growney Stadium,374,St. John Fisher,iii,Empire 8,11.0,"[0, 3, 0, 8]",,,,3110,SUNY Morrisville,iii,Empire 8,14.0,"[7, 7, 0, 0]",,,,,,,
401673426,2024,11,regular,2024-11-09T17:00:00.000Z,False,True,False,True,,5833.0,Robert A. Lipinski Field at James Work Memorial Stadium,2808,Delaware Valley,iii,Mid Atlantic,27.0,"[0, 12, 8, 7]",,,,127954,Eastern,iii,Mid Atlantic,0.0,"[0, 0, 0, 0]",,,,,,,
401654502,2024,11,regular,2024-11-09T17:00:00.000Z,False,True,False,True,3107.0,3613.0,Alumni Stadium,2169,Delaware State,fcs,MEAC,28.0,"[0, 21, 7, 0]",0.4050556231979115,,,2415,Morgan State,fcs,MEAC,36.0,"[7, 17, 3, 9]",0.5949443768020886,,,10.5192331825,,,
401654460,2024,11,regular,2024-11-09T17:00:00.000Z,False,True,False,True,4742.0,3997.0,Yale Bowl,43,Yale,fcs,Ivy,56.0,"[21, 14, 7, 14]",0.9435930183194251,,,225,Brown,fcs,Ivy,34.0,"[7, 10, 9, 8]",0.0564069816805749,,,4.655791855,,,
401676099,2024,11,regular,2024-11-09T17:00:00.000Z,False,True,False,True,,4432.0,Andre Reed Stadium,2315,Kutztown,ii,Pennsylvania State Athletic,31.0,"[7, 14, 10, 0]",,,,223,West Chester,ii,Pennsylvania State Athletic,13.0,"[0, 0, 7, 6]",,,,,,,
401654494,2024,11,regular,2024-11-09T17:00:00.000Z,False,True,False,True,7011.0,3750.0,Harvard Stadium,108,Harvard,fcs,Ivy,26.0,"[10, 3, 0, 13]",0.9892760163416577,,,171,Columbia,fcs,Ivy,6.0,"[0, 0, 0, 6]",0.010723983658342262,,,4.3346454848,,,
401638692,2024,11,regular,2024-11-09T17:00:00.000Z,False,True,False,True,3152.0,3988.0,Welcome Stadium,2168,Dayton,fcs,Pioneer,10.0,"[0, 0, 3, 7]",0.1708350572035441,,,301,San Diego,fcs,Pioneer,16.0,"[10, 3, 3, 0]",0.8291649427964559,,,3.4310663497,,,
401675761,2024,11,regular,2024-11-09T17:00:00.000Z,False,True,False,True,,4750.0,The Reservation,2336,Limestone,ii,South Atlantic,40.0,"[9, 7, 7, 17]",,,,122666,Barton,ii,South Atlantic,26.0,"[0, 20, 0, 6]",,,,,,,
401645363,2024,11,regular,2024-11-09T17:00:00.000Z,False,True,False,True,34091.0,3886.0,Raymond James Stadium,58,South Florida,fbs,American Athletic,7.0,"[0, 0, 0, 7]",0.0011647592581131266,1379.0,1339.0,2426,Navy,fbs,American Athletic,28.0,"[14, 7, 0, 7]",0.9988352407418869,1504.0,1544.0,2.5427475106,,,
401643828,2024,11,regular,2024-11-09T17:00:00.000Z,False,True,False,True,13720.0,3817.0,Malone Stadium,2433,UL Monroe,fbs,Sun Belt,17.0,"[0, 0, 14, 3]",0.09601844559715932,1236.0,1220.0,326,Texas State,fbs,Sun Belt,38.0,"[14, 14, 0, 10]",0.9039815544028407,1586.0,1602.0,1.7130948336,,,
401674356,2024,11,regular,2024-11-09T17:00:00.000Z,False,True,False,True,,4436.0,Adamson Stadium,2858,California (PA),ii,Pennsylvania State Athletic,28.0,"[7, 7, 7, 7]",,,,2205,Edinboro,ii,Pennsylvania State Athletic,14.0,"[0, 0, 7, 7]",,,,,,,
401636918,2024,11,regular,2024-11-09T17:00:00.000Z,False,True,False,True,38007.0,3854.0,Nippert Stadium,2132,Cincinnati,fbs,Big 12,24.0,"[7, 0, 7, 10]",0.7799606946109937,1536.0,1524.0,277,West Virginia,fbs,Big 12,31.0,"[0, 17, 7, 7]",0.2200393053890063,1549.0,1561.0,4.7838847338,,,
401654621,2024,11,regular,2024-11-09T17:00:00.000Z,False,True,False,True,12910.0,3722.0,Fitton Field,107,Holy Cross,fcs,Patriot,7.0,"[0, 7, 0, 0]",0.3118798696079773,,,2329,Lehigh,fcs,Patriot,10.0,"[0, 7, 3, 0]",0.6881201303920227,,,6.2869147809,,,
401654598,2024,11,regular,2024-11-09T17:00:00.000Z,False,True,False,False,3136.0,3668.0,Campus Field,2529,Sacred Heart,fcs,FCS Independents,7.0,"[0, 0, 7, 0]",0.00036544324632768,,,2341,Long Island University,fcs,NEC,28.0,"[21, 0, 7, 0]",0.9996345567536723,,,2.6994489721,,,
401674845,2024,11,regular,2024-11-09T17:00:00.000Z,False,True,False,True,,6134.0,Frank Bailey Field,237,Union,iii,Liberty League,34.0,"[0, 13, 14, 7]",,,,184,Rochester (NY),iii,Liberty League,13.0,"[0, 0, 0, 13]",,,,,,,
401635606,2024,11,regular,2024-11-09T17:00:00.000Z,False,True,False,True,44500.0,3615.0,"Alumni Stadium (Chestnut Hill, MA)",103,Boston College,fbs,ACC,37.0,"[7, 7, 16, 7]",0.9268653681577986,1428.0,1433.0,183,Syracuse,fbs,ACC,31.0,"[0, 14, 7, 10]",0.07313463184220137,1391.0,1386.0,7.5663226546,,,
401676743,2024,11,regular,2024-11-09T17:00:00.000Z,False,True,False,True,,6072.0,Schwan Regional Event Center,2587,Southwest Minnesota State,ii,Northern Sun,15.0,"[7, 0, 8, 0]",,,,2851,Winona State,ii,Northern Sun,37.0,"[14, 9, 14, 0]",,,,,,,
401628544,2024,11,regular,2024-11-09T17:00:00.000Z,False,True,False,True,44120.0,6577.0,SHI Stadium,164,Rutgers,fbs,Big Ten,26.0,"[7, 7, 0, 12]",0.8959742511255365,1412.0,1434.0,135,Minnesota,fbs,Big Ten,19.0,"[9, 0, 7, 3]",0.10402574887446348,1612.0,1590.0,8.7593936175,,,
401628417,2024,11,regular,2024-11-09T17:00:00.000Z,False,True,False,True,103375.0,3910.0,DKR-Texas Memorial Stadium,251,Texas,fbs,SEC,49.0,"[14, 21, 7, 7]",0.9980931582450592,2057.0,2094.0,57,Florida,fbs,SEC,17.0,"[0, 0, 10, 7]",0.0019068417549408245,1635.0,1598.0,2.8719110777,,,
401677362,2024,11,regular,2024-11-09T17:00:00.000Z,False,True,False,True,,6142.0,Westside Athletic Complex,2843,Western Connecticut State,iii,MSCAC,76.0,"[28, 27, 14, 7]",,,,2967,Framingham State,iii,MSCAC,18.0,"[6, 6, 0, 6]",,,,,,,
401676304,2024,11,regular,2024-11-09T17:00:00.000Z,False,True,False,True,,5818.0,Farris Stadium,2121,Centre,iii,Southern Athletic,49.0,"[7, 16, 13, 13]",,,,2519,Rhodes,iii,Southern Athletic,20.0,"[3, 10, 7, 0]",,,,,,,
401677500,2024,11,regular,2024-11-09T17:00:00.000Z,False,True,False,True,,6115.0,Toppa Field,2776,Salve Regina,iii,NEWMAC,21.0,"[0, 7, 0, 14]",,,,2749,WPI,iii,NEWMAC,14.0,"[0, 7, 7, 0]",,,,,,,
401676222,2024,11,regular,2024-11-09T17:00:00.000Z,False,True,False,True,,6095.0,Sabine Field at Haynes Family Stadium,2467,Norwich,iii,NEWMAC,0.0,"[0, 0, 0, 0]",,,,109,MIT,iii,NEWMAC,27.0,"[0, 20, 0, 7]",,,,,,,
401676104,2024,11,regular,2024-11-09T17:00:00.000Z,False,True,False,True,,5855.0,Charles A. Henry Field,2274,Hiram,iii,North Coast,7.0,"[0, 7, 0, 0]",,,,83,DePauw,iii,North Coast,58.0,"[7, 28, 16, 7]",,,,,,,
401676132,2024,11,regular,2024-11-09T17:00:00.000Z,False,True,False,True,,6094.0,Reynolds Field,583,Northwestern (MN),iii,Upper Midwest,42.0,"[7, 7, 21, 7]",,,,2257,Greenville,iii,Upper Midwest,34.0,"[0, 13, 7, 14]",,,,,,,
401682329,2024,11,regular,2024-11-09T17:00:00.000Z,False,True,False,True,,5822.0,Cadet Memorial Field,2557,Coast Guard,iii,NEWMAC,37.0,"[14, 14, 2, 7]",,,,2951,SUNY Maritime,iii,NEWMAC,55.0,"[21, 14, 13, 7]",,,,,,,
401628545,2024,11,regular,2024-11-09T17:00:00.000Z,False,True,False,True,103463.0,3861.0,Ohio Stadium,194,Ohio State,fbs,Big Ten,45.0,"[7, 14, 17, 7]",0.9989544595971486,2065.0,2093.0,2509,Purdue,fbs,Big Ten,0.0,"[0, 0, 0, 0]",0.0010455404028514304,1220.0,1192.0,3.116888687,,,
401676624,2024,11,regular,2024-11-09T17:00:00.000Z,False,True,False,True,,5814.0,Gesling Stadium,2102,Carnegie Mellon,iii,Presidents',63.0,"[28, 14, 21, 0]",,,,2018,Allegheny,iii,Presidents',10.0,"[0, 3, 0, 7]",,,,,,,
401682281,2024,11,regular,2024-11-09T17:00:00.000Z,False,True,False,True,,6144.0,"Alumni Field (Westfield, MA)",2909,Westfield State,iii,MSCAC,14.0,"[7, 0, 0, 7]",,,,379,UMass Dartmouth,iii,MSCAC,56.0,"[21, 14, 14, 7]",,,,,,,
401676188,2024,11,regular,2024-11-09T17:00:00.000Z,False,True,False,True,,6151.0,Farley-Lamb Field,2731,Williams,iii,NESCAC,21.0,"[7, 7, 0, 7]",,,,7,Amherst,iii,NESCAC,0.0,"[0, 0, 0, 0]",,,,,,,
401674901,2024,11,regular,2024-11-09T17:00:00.000Z,False,True,False,True,,5898.0,John Coughlin Memorial Field,402,Worcester State,iii,MSCAC,7.0,"[7, 0, 0, 0]",,,,110,Mass Maritime,iii,MSCAC,34.0,"[14, 6, 7, 7]",,,,,,,
401676169,2024,11,regular,2024-11-09T17:30:00.000Z,False,True,False,True,,6133.0,Ellis Oval at Zimman Field,112,Tufts,iii,NESCAC,17.0,"[0, 10, 0, 7]",,,,2394,Middlebury,iii,NESCAC,7.0,"[0, 0, 0, 7]",,,,,,,
401674851,2024,11,regular,2024-11-09T18:00:00.000Z,False,True,False,True,,5810.0,Coyer Field,2085,Buffalo State,iii,Liberty League,7.0,"[0, 7, 0, 0]",,,,2528,Rensselaer,iii,Liberty League,48.0,"[17, 7, 0, 24]",,,,,,,
401676108,2024,11,regular,2024-11-09T18:00:00.000Z,False,True,False,True,,3760.0,Hubert Jack Stadium,209,Lock Haven,ii,Pennsylvania State Athletic,42.0,"[0, 35, 0, 7]",,,,2559,Shippensburg,ii,Pennsylvania State Athletic,21.0,"[14, 0, 0, 7]",,,,,,,
401675958,2024,11,regular,2024-11-09T18:00:00.000Z,False,True,False,True,,5901.0,David Smith Stadium at Ramer Field,2723,Wisconsin River Falls,iii,Wisconsin,45.0,"[0, 28, 3, 14]",,,,2743,Wisconsin Stevens Point,iii,Wisconsin,17.0,"[7, 0, 10, 0]",,,,,,,
401675393,2024,11,regular,2024-11-09T18:00:00.000Z,False,True,False,True,,3904.0,Rogers Stadium (VA),330,Virginia State,ii,CIAA,35.0,"[7, 14, 14, 0]",,,,2676,Virginia Union,ii,CIAA,28.0,"[3, 10, 8, 7]",,,,,,,
401674929,2024,11,regular,2024-11-09T18:00:00.000Z,False,True,False,True,,5904.0,Angell Field,126,Kalamazoo,iii,Michigan,13.0,"[7, 0, 6, 0]",,,,2800,Alma,iii,Michigan,51.0,"[20, 0, 14, 17]",,,,,,,
401654652,2024,11,regular,2024-11-09T18:00:00.000Z,False,True,False,True,881.0,3676.0,Christy Mathewson-Memorial Stadium,2083,Bucknell,fcs,Patriot,28.0,"[7, 7, 7, 7]",0.11897598562527671,,,2230,Fordham,fcs,Patriot,27.0,"[0, 7, 12, 8]",0.8810240143747233,,,11.2421023256,,,
401674677,2024,11,regular,2024-11-09T18:00:00.000Z,False,True,False,True,,5124.0,Homewood Field,118,Johns Hopkins,iii,Centennial,30.0,"[0, 20, 0, 10]",,,,2175,Dickinson,iii,Centennial,0.0,"[0, 0, 0, 0]",,,,,,,
401673389,2024,11,regular,2024-11-09T18:00:00.000Z,False,True,False,True,,5840.0,Fred Selfe Stadium at Nicewonder Field,2213,Emory & Henry,ii,South Atlantic,62.0,"[14, 13, 21, 14]",,,,2842,UVA Wise,ii,South Atlantic,14.0,"[0, 6, 0, 8]",,,,,,,
401674788,2024,11,regular,2024-11-09T18:00:00.000Z,False,True,True,False,,5832.0,Justin F. Coressel Stadium,190,Defiance College,,,7.0,"[7, 0, 0, 0]",,,,2262,Hanover,iii,Heartland,31.0,"[0, 10, 7, 14]",,,,,,,
401676417,2024,11,regular,2024-11-09T18:00:00.000Z,False,True,False,True,,4422.0,Valhalla Stadium,2757,Berry,iii,Southern Athletic,45.0,"[7, 26, 6, 6]",,,,2398,Millsaps,iii,Southern Athletic,7.0,"[0, 0, 0, 7]",,,,,,,
401676430,2024,11,regular,2024-11-09T18:00:00.000Z,False,True,False,True,,6116.0,Shentel Stadium,2828,Shenandoah,iii,Old Dominion,35.0,"[7, 14, 0, 14]",,,,297,Hampden Sydney,iii,Old Dominion,7.0,"[0, 0, 7, 0]",,,,,,,
401676439,2024,11,regular,2024-11-09T18:00:00.000Z,False,True,False,True,,6140.0,John F. Wiley Stadium,2845,Waynesburg,iii,Presidents',37.0,"[0, 14, 6, 17]",,,,2644,Thiel,iii,Presidents',10.0,"[0, 3, 0, 7]",,,,,,,
401674686,2024,11,regular,2024-11-09T18:00:00.000Z,False,True,False,True,,6136.0,Patterson Field,2667,Ursinus,iii,Centennial,34.0,"[0, 20, 7, 7]",,,,2248,Gettysburg,iii,Centennial,0.0,"[0, 0, 0, 0]",,,,,,,
401675839,2024,11,regular,2024-11-09T18:00:00.000Z,False,True,False,True,,6035.0,"Memorial Stadium (Wayne, NE)",2844,Wayne State (NE),ii,Northern Sun,21.0,"[7, 7, 0, 7]",,,,425,Northern State,ii,Northern Sun,28.0,"[0, 14, 14, 0]",,,,,,,
401640995,2024,11,regular,2024-11-09T18:00:00.000Z,False,True,False,True,13500.0,3725.0,"Johnny ""Red"" Floyd Stadium",2393,Middle Tennessee,fbs,Conference USA,17.0,"[7, 0, 0, 10]",0.0013902106480170547,1152.0,1144.0,2335,Liberty,fbs,Conference USA,37.0,"[7, 20, 3, 7]",0.998609789351983,1560.0,1568.0,3.0078832387,,,
401674915,2024,11,regular,2024-11-09T18:00:00.000Z,False,True,False,True,,6130.0,Fred Zollner Athletic Stadium,2651,Trine,iii,Michigan,52.0,"[0, 14, 21, 17]",,,,2003,Adrian,iii,Michigan,32.0,"[7, 10, 8, 7]",,,,,,,
401673443,2024,11,regular,2024-11-09T18:00:00.000Z,False,True,False,True,,5791.0,Turf Field,111674,Alvernia,iii,Mid Atlantic,10.0,"[0, 0, 3, 7]",,,,388,Lebanon Valley,iii,Mid Atlantic,23.0,"[0, 6, 7, 10]",,,,,,,
401673978,2024,11,regular,2024-11-09T18:00:00.000Z,False,True,False,True,,980.0,Benedetti-Wehrli Stadium,3071,North Central College,iii,CCIW,70.0,"[21, 42, 7, 0]",,,,72,Elmhurst,iii,CCIW,7.0,"[0, 7, 0, 0]",,,,,,,
401674327,2024,11,regular,2024-11-09T18:00:00.000Z,False,True,False,True,,5933.0,Sea Foam Stadium,3066,Concordia St. Paul,ii,Northern Sun,7.0,"[0, 0, 7, 0]",,,,134,Minnesota Duluth,ii,Northern Sun,35.0,"[0, 14, 7, 14]",,,,,,,
401674701,2024,11,regular,2024-11-09T18:00:00.000Z,False,True,False,True,,7077.0,Shadek Stadium,2234,Franklin & Marshall,iii,Centennial,23.0,"[0, 3, 14, 6]",,,,2422,Muhlenberg,iii,Centennial,24.0,"[7, 7, 0, 10]",,,,,,,
401674753,2024,11,regular,2024-11-09T18:00:00.000Z,False,True,False,True,,5636.0,Wright Stadium,173,Hartwick,iii,Empire 8,0.0,"[0, 0, 0, 0]",,,,365,Alfred,iii,Empire 8,51.0,"[10, 28, 7, 6]",,,,,,,
401674923,2024,11,regular,2024-11-09T18:00:00.000Z,False,True,False,True,,5786.0,Sprankle-Sprandel Stadium,2790,Albion,iii,Michigan,49.0,"[14, 7, 21, 7]",,,,354,Olivet,iii,Michigan,14.0,"[7, 7, 0, 0]",,,,,,,
401676004,2024,11,regular,2024-11-09T18:00:00.000Z,False,True,False,True,,6117.0,Knight Stadium,2896,Southern Virginia,iii,USA South,0.0,"[0, 0, 0, 0]",,,,2938,Huntingdon,iii,USA South,51.0,"[14, 16, 21, 0]",,,,,,,
401676234,2024,11,regular,2024-11-09T18:00:00.000Z,False,True,False,True,,6085.0,Sprague Field,2818,Montclair State,iii,New Jersey,10.0,"[0, 3, 0, 7]",,,,3112,Christopher Newport,iii,New Jersey,33.0,"[3, 6, 10, 14]",,,,,,,
401658356,2024,11,regular,2024-11-09T18:00:00.000Z,False,True,False,True,,5220.0,Garrison Stadium,2804,Chowan,ii,Gulf South,21.0,"[14, 7, 0, 0]",,,,101784,Erskine,ii,Gulf South,3.0,"[0, 3, 0, 0]",,,,,,,
401675606,2024,11,regular,2024-11-09T18:00:00.000Z,False,True,False,True,,4749.0,McPherson Memorial Stadium,2119,Central State,ii,SIAC,14.0,"[7, 7, 0, 0]",,,,2310,Kentucky State,ii,SIAC,24.0,"[0, 6, 6, 12]",,,,,,,
401628678,2024,11,regular,2024-11-09T18:00:00.000Z,False,True,False,True,5548.0,3607.0,Alfond Stadium,311,Maine,fcs,CAA,38.0,"[14, 21, 3, 0]",0.9982588030628455,,,2803,Bryant,fcs,CAA,26.0,"[0, 0, 20, 6]",0.0017411969371544656,,,2.8364204116,,,
401675440,2024,11,regular,2024-11-09T18:00:00.000Z,False,True,False,True,,3729.0,"Frank ""Muddy"" Waters Stadium",2273,Hillsdale,ii,Great Midwest Athletic,20.0,"[6, 7, 0, 7]",,,,2838,Tiffin,ii,Great Midwest Athletic,17.0,"[7, 3, 7, 0]",,,,,,,
401676145,2024,11,regular,2024-11-09T18:00:00.000Z,False,True,False,True,,5906.0,McBride Field,352,Kenyon,iii,North Coast,13.0,"[0, 0, 3, 10]",,,,2980,Ohio Wesleyan,iii,North Coast,12.0,"[6, 0, 0, 6]",,,,,,,
401674316,2024,11,regular,2024-11-09T18:00:00.000Z,False,True,False,True,,3606.0,Scheels Field at Nemzek Stadium,2817,Minnesota St Moorhead,ii,Northern Sun,14.0,"[7, 7, 0, 0]",,,,132,Bemidji State,ii,Northern Sun,25.0,"[0, 9, 6, 10]",,,,,,,
401676734,2024,11,regular,2024-11-09T18:00:00.000Z,False,True,True,True,,7422.0,Municipal Stadium,126086,Post,ii,Northeast 10,27.0,"[7, 7, 13, 0]",,,,2022,American International,ii,Northeast 10,28.0,"[7, 7, 7, 7]",,,,,,,
401676214,2024,11,regular,2024-11-09T18:00:00.000Z,False,True,True,True,,10463.0,Grand Rapids Christian High School,129738,Calvin,iii,Michigan,7.0,"[0, 0, 0, 7]",,,,2812,Hope,iii,Michigan,38.0,"[21, 14, 0, 3]",,,,,,,
401675034,2024,11,regular,2024-11-09T18:00:00.000Z,False,True,False,True,,6110.0,Sam Greeley Field,2524,Rockford,iii,NACC,48.0,"[7, 14, 7, 14, 6]",,,,2741,Wisconsin Lutheran,iii,NACC,49.0,"[21, 14, 0, 7, 7]",,,,,,,
401675292,2024,11,regular,2024-11-09T18:00:00.000Z,False,True,False,True,,4757.0,Edwards-Maurer Field,2746,Wittenberg,iii,North Coast,28.0,"[7, 6, 0, 15]",,,,89,Wabash,iii,North Coast,31.0,"[0, 10, 14, 7]",,,,,,,
401674741,2024,11,regular,2024-11-09T18:00:00.000Z,False,True,False,True,,6093.0,Holmgren Athletic Complex,75,North Park,iii,CCIW,21.0,"[6, 8, 0, 7]",,,,143,Washington St. Louis,iii,CCIW,28.0,"[7, 7, 7, 7]",,,,,,,
401675593,2024,11,regular,2024-11-09T18:00:00.000Z,False,True,False,True,,6056.0,B.T. Harvey Stadium,60,Morehouse,ii,SIAC,17.0,[],,,,2805,Clark Atlanta,ii,SIAC,28.0,[],,,,,,,
401675416,2024,11,regular,2024-11-09T18:00:00.000Z,False,True,False,True,,3649.0,Bowman Gray Stadium,2736,Winston-Salem State,ii,CIAA,37.0,"[7, 3, 0, 14, 7, 6]",,,,2220,Fayetteville State,ii,CIAA,31.0,"[0, 7, 7, 10, 7, 0]",,,,,,,
401676041,2024,11,regular,2024-11-09T18:00:00.000Z,False,True,False,True,,5827.0,Tomasini Stadium,409,Concordia (WI),iii,NACC,52.0,"[14, 17, 14, 7]",,,,2151,Concordia Chicago,iii,NACC,24.0,"[3, 7, 7, 7]",,,,,,,
401658346,2024,11,regular,2024-11-09T18:00:00.000Z,False,True,False,True,,3960.0,Top Taggart Field,2222,Ferris State,ii,GLIAC,27.0,"[7, 13, 7, 0]",,,,129,Saginaw Valley State,ii,GLIAC,24.0,"[7, 10, 7, 0]",,,,,,,
401673379,2024,11,regular,2024-11-09T18:00:00.000Z,False,True,False,True,,6078.0,Pioneer Field (TN),2839,Tusculum,ii,South Atlantic,14.0,"[7, 0, 0, 7]",,,,2105,Carson Newman,ii,South Atlantic,56.0,"[0, 28, 7, 21]",,,,,,,
401674517,2024,11,regular,2024-11-09T18:00:00.000Z,False,True,False,False,,6045.0,Dwight T. Reed Stadium,2876,Lincoln (MO),ii,Great Lakes,28.0,"[7, 14, 0, 7]",,,,2323,Lane College,ii,SIAC,41.0,"[7, 20, 7, 7]",,,,,,,
401676242,2024,11,regular,2024-11-09T18:00:00.000Z,False,True,False,True,,6112.0,Richard Wackar Stadium,2827,Rowan,iii,New Jersey,42.0,"[28, 7, 7, 0]",,,,2871,Kean,iii,New Jersey,14.0,"[0, 0, 0, 14]",,,,,,,
401675385,2024,11,regular,2024-11-09T18:00:00.000Z,False,True,False,True,,5873.0,Bulldogs Stadium,2075,Bowie State,ii,CIAA,45.0,"[0, 21, 21, 3]",,,,2339,Lincoln (PA),ii,CIAA,7.0,"[7, 0, 0, 0]",,,,,,,
401675827,2024,11,regular,2024-11-09T18:00:00.000Z,False,True,False,True,,3641.0,Blakeslee Stadium,2364,Minnesota State,ii,Northern Sun,49.0,"[14, 0, 14, 21]",,,,559,University of Mary,ii,Northern Sun,21.0,"[0, 7, 7, 7]",,,,,,,
401676249,2024,11,regular,2024-11-09T18:00:00.000Z,False,True,False,False,,6114.0,Sea Gull Stadium,2532,Salisbury,iii,New Jersey,69.0,"[21, 28, 6, 14]",,,,2700,McDaniel,iii,Centennial,13.0,"[0, 0, 7, 6]",,,,,,,
401674581,2024,11,regular,2024-11-09T18:00:00.000Z,False,True,False,True,,3600.0,Tom Adams Field,131,Wayne State (MI),ii,GLIAC,38.0,"[7, 7, 14, 10]",,,,127991,Roosevelt,ii,GLIAC,14.0,"[7, 0, 0, 7]",,,,,,,
401676047,2024,11,regular,2024-11-09T18:00:00.000Z,False,True,False,True,,5802.0,Belhaven Bowl Stadium,2056,Belhaven,iii,USA South,36.0,"[3, 14, 6, 13]",,,,548,LaGrange,iii,USA South,9.0,"[0, 0, 9, 0]",,,,,,,
401676125,2024,11,regular,2024-11-09T18:00:00.000Z,False,True,False,True,,6145.0,Blue Jay Stadium,433,Westminster (MO),iii,Upper Midwest,27.0,"[0, 14, 6, 7]",,,,2399,Minnesota Morris,iii,Upper Midwest,47.0,"[17, 3, 6, 21]",,,,,,,
401676414,2024,11,regular,2024-11-09T18:00:00.000Z,False,True,False,True,,6105.0,Day Field,2516,Randolph Macon,iii,Old Dominion,35.0,"[14, 14, 7, 0]",,,,366,Ferrum,iii,Old Dominion,7.0,"[0, 0, 7, 0]",,,,,,,
401675017,2024,11,regular,2024-11-09T18:00:00.000Z,False,True,False,True,,5915.0,Farwell Field,262,Lake Forest,iii,Midwest,35.0,"[7, 14, 0, 14]",,,,2919,Monmouth (IL),iii,Midwest,28.0,"[7, 14, 7, 0]",,,,,,,
401676631,2024,11,regular,2024-11-09T18:00:00.000Z,False,True,False,True,,3677.0,Chuck Noll Field,2614,Saint Vincent,iii,Presidents',13.0,"[7, 6, 0, 0]",,,,2062,Bethany (WV),iii,Presidents',21.0,"[0, 7, 7, 7]",,,,,,,
401676643,2024,11,regular,2024-11-09T18:00:00.000Z,False,True,False,True,,5864.0,Robert E. Thorn Field,146,Grove City,iii,Presidents',30.0,"[9, 7, 7, 7]",,,,2963,Case Western Reserve,iii,Presidents',20.0,"[0, 0, 7, 13]",,,,,,,
401628680,2024,11,regular,2024-11-09T18:00:00.000Z,False,True,False,True,17326.0,3695.0,Delaware Stadium,48,Delaware,fcs,CAA,24.0,"[7, 10, 7, 0]",0.636574137379761,,,227,Rhode Island,fcs,CAA,21.0,"[14, 0, 0, 7]",0.363425862620239,,,7.5734483739,,,
401628681,2024,11,regular,2024-11-09T18:00:00.000Z,False,True,False,True,8131.0,3998.0,Zable Stadium,2729,William & Mary,fcs,CAA,36.0,"[7, 14, 0, 15]",0.4134575608808089,,,2210,Elon,fcs,CAA,40.0,"[7, 10, 10, 13]",0.5865424391191911,,,7.6345106358,,,
401628683,2024,11,regular,2024-11-09T18:00:00.000Z,False,True,False,True,5108.0,3688.0,Wildcat Stadium,160,New Hampshire,fcs,CAA,33.0,"[7, 13, 10, 3]",0.7106280163245968,,,2405,Monmouth,fcs,CAA,20.0,"[0, 14, 0, 6]",0.2893719836754032,,,6.3864830667,,,
401634023,2024,11,regular,2024-11-09T18:00:00.000Z,False,True,False,True,3321.0,3944.0,Strawberry Stadium,2545,SE Louisiana,fcs,Southland,41.0,"[14, 3, 14, 10]",0.9988819579625391,,,2466,Northwestern State,fcs,Southland,0.0,"[0, 0, 0, 0]",0.001118042037460909,,,3.1899589733,,,
401676768,2024,11,regular,2024-11-09T18:00:00.000Z,False,True,False,True,,6143.0,Golden Bear Stadium,2702,Western New England,iii,Commonwealth Coast,24.0,"[0, 10, 7, 7]",,,,111675,New England,iii,Commonwealth Coast,6.0,"[0, 0, 0, 6]",,,,,,,
401676254,2024,11,regular,2024-11-09T18:00:00.000Z,False,True,False,True,,6150.0,Wightman Stadium,2970,William Paterson,iii,New Jersey,14.0,"[7, 0, 0, 7]",,,,2442,The College of New Jersey,iii,New Jersey,21.0,"[14, 0, 7, 0]",,,,,,,
401676746,2024,11,regular,2024-11-09T18:00:00.000Z,False,True,False,True,,4430.0,Mihalik-Thompson Stadium,215,Slippery Rock,ii,Pennsylvania State Athletic,38.0,"[7, 3, 14, 14]",,,,611,Seton Hill,ii,Pennsylvania State Athletic,20.0,"[0, 7, 7, 6]",,,,,,,
401675452,2024,11,regular,2024-11-09T18:00:00.000Z,False,True,False,True,,3769.0,Jack Britt Memorial Stadium,437,Lake Erie,ii,Great Midwest Athletic,21.0,"[7, 0, 14, 0]",,,,2477,Ohio Dominican,ii,Great Midwest Athletic,38.0,"[7, 0, 14, 17]",,,,,,,
401675490,2024,11,regular,2024-11-09T18:00:00.000Z,False,True,False,False,,6053.0,Robinson-Hale Stadium,2401,Mississippi College,ii,Gulf South,35.0,"[0, 7, 14, 14]",,,,196,Northeastern State,ii,Independent DII,7.0,"[7, 0, 0, 0]",,,,,,,
401674371,2024,11,regular,2024-11-09T18:00:00.000Z,False,True,False,True,,4439.0,Eiler-Martin Stadium,2188,East Stroudsburg,ii,Pennsylvania State Athletic,28.0,"[7, 7, 0, 14]",,,,2974,Shepherd,ii,Pennsylvania State Athletic,7.0,"[0, 0, 7, 0]",,,,,,,
401676401,2024,11,regular,2024-11-09T18:00:00.000Z,False,True,False,True,,5799.0,Daly Field at Frank R. Campbell Stadium,2047,Averett,iii,Old Dominion,28.0,"[7, 7, 7, 7]",,,,2258,Guilford,iii,Old Dominion,21.0,"[7, 7, 0, 7]",,,,,,,
401676713,2024,11,regular,2024-11-09T18:00:00.000Z,False,True,False,True,,6066.0,Pace Stadium,2487,Pace,ii,Northeast 10,7.0,"[0, 7, 0, 0]",,,,2038,Assumption,ii,Northeast 10,14.0,"[7, 7, 0, 0]",,,,,,,
401677737,2024,11,regular,2024-11-09T18:00:00.000Z,False,True,False,True,,6221.0,Mitchell Stadium,124180,Bluefield State,ii,CIAA,21.0,"[7, 7, 0, 7]",,,,2207,Elizabeth City State,ii,CIAA,27.0,"[0, 21, 6, 0]",,,,,,,
401674272,2024,11,regular,2024-11-09T18:00:00.000Z,False,True,False,True,,3667.0,Callaghan Stadium,2148,Concord,ii,Mountain East,30.0,"[0, 16, 0, 14]",,,,112335,Wheeling,ii,Mountain East,50.0,"[15, 14, 21, 0]",,,,,,,
401658366,2024,11,regular,2024-11-09T18:00:00.000Z,False,True,False,True,,6060.0,Grace P. Johnson Stadium,2882,UNC Pembroke,ii,Mountain East,58.0,"[10, 13, 14, 21]",,,,341,Frostburg State,ii,Mountain East,17.0,"[7, 3, 7, 0]",,,,,,,
401674287,2024,11,regular,2024-11-09T18:00:00.000Z,False,True,False,True,,5887.0,I.L. & Sue Morris Stadium,2249,Glenville State,ii,Mountain East,40.0,"[7, 10, 20, 3]",,,,2707,West Virginia State,ii,Mountain East,14.0,"[0, 7, 7, 0]",,,,,,,
401674263,2024,11,regular,2024-11-09T18:00:00.000Z,False,True,False,True,,5784.0,Cebe Ross Field,455,West Virginia Wesleyan,ii,Mountain East,21.0,"[0, 7, 0, 14]",,,,2128,Charleston (WV),ii,Mountain East,69.0,"[14, 27, 21, 7]",,,,,,,
401654508,2024,11,regular,2024-11-09T18:00:00.000Z,False,True,False,True,,3921.0,Schoellkopf Field,172,Cornell,fcs,Ivy,49.0,"[21, 7, 7, 14]",0.007572019744048606,,,219,Pennsylvania,fcs,Ivy,67.0,"[7, 19, 20, 21]",0.9924279802559514,,,7.2618177871,,,
401654579,2024,11,regular,2024-11-09T18:00:00.000Z,False,True,False,True,1674.0,6075.0,W.B. Mason Stadium,284,Stonehill,fcs,NEC,17.0,"[0, 3, 14, 0]",0.206728922149564,,,2115,Central Connecticut,fcs,NEC,21.0,"[7, 7, 0, 7]",0.7932710778504359,,,5.4704321325,,,
401628677,2024,11,regular,2024-11-09T18:00:00.000Z,False,True,False,True,5717.0,3788.0,Kenneth P. LaValle Stadium,2619,Stony Brook,fcs,CAA,24.0,"[7, 0, 3, 14]",0.9744779056970583,,,399,UAlbany,fcs,CAA,6.0,"[0, 6, 0, 0]",0.025522094302941722,,,6.8017300222,,,
401638691,2024,11,regular,2024-11-09T18:00:00.000Z,False,True,False,True,2356.0,3897.0,Richardson Stadium,2166,Davidson,fcs,Pioneer,31.0,"[14, 3, 7, 7]",0.9988387604564741,,,2413,Morehead State,fcs,Pioneer,14.0,"[7, 7, 0, 0]",0.0011612395435258716,,,5.8947473163,,,
401638690,2024,11,regular,2024-11-09T18:00:00.000Z,False,True,False,True,1568.0,4416.0,Spec Martin Municipal Stadium,56,Stetson,fcs,Pioneer,31.0,"[7, 14, 7, 3]",0.11333550041230266,,,2368,Marist,fcs,Pioneer,40.0,"[13, 0, 20, 7]",0.8866644995876973,,,8.2520678862,,,
401628682,2024,11,regular,2024-11-09T18:00:00.000Z,False,True,False,True,4004.0,3781.0,Johnny Unitas Stadium,119,Towson,fcs,CAA,27.0,"[14, 13, 0, 0]",0.963979285369326,,,2261,Hampton,fcs,CAA,10.0,"[0, 0, 3, 7]",0.03602071463067402,,,3.2474015265,,,
401676092,2024,11,regular,2024-11-09T18:00:00.000Z,False,True,False,True,,5834.0,Deeds Field-Piper Stadium,2171,Denison,iii,North Coast,63.0,"[28, 21, 7, 7]",,,,391,Oberlin,iii,North Coast,0.0,"[0, 0, 0, 0]",,,,,,,
401634244,2024,11,regular,2024-11-09T18:00:00.000Z,False,True,False,True,4933.0,3913.0,Saluki Stadium,79,Southern Illinois,fcs,MVFC,37.0,"[0, 12, 6, 19]",0.9832351467107088,,,2754,Youngstown State,fcs,MVFC,33.0,"[14, 16, 3, 0]",0.016764853289291226,,,5.0159052877,,,
401628684,2024,11,regular,2024-11-09T18:00:00.000Z,False,True,False,True,4009.0,717.0,Villanova Stadium,222,Villanova,fcs,CAA,31.0,"[7, 3, 14, 7]",0.9982453491739912,,,2448,North Carolina A&T,fcs,CAA,3.0,"[0, 3, 0, 0]",0.0017546508260087856,,,3.7201750864,,,
401673963,2024,11,regular,2024-11-09T18:00:00.000Z,False,True,False,True,,5815.0,Schneider Stadium,32,Carroll (WI),iii,CCIW,21.0,"[0, 14, 7, 0]",,,,306,Illinois Wesleyan,iii,CCIW,24.0,"[7, 7, 0, 10]",,,,,,,
401676721,2024,11,regular,2024-11-09T18:00:00.000Z,False,True,True,True,,6211.0,Sodexo Field,112334,Franklin Pierce,ii,Northeast 10,26.0,"[0, 12, 8, 6]",,,,2060,Bentley,ii,Northeast 10,34.0,"[7, 7, 13, 7]",,,,,,,
401676728,2024,11,regular,2024-11-09T18:00:00.000Z,False,True,False,True,,6074.0,Grappone Stadium,2830,Saint Anselm,ii,Northeast 10,11.0,"[0, 3, 0, 8]",,,,2441,New Haven,ii,Northeast 10,14.0,"[0, 7, 0, 7]",,,,,,,
401676426,2024,11,regular,2024-11-09T18:00:00.000Z,False,True,False,True,,5849.0,Reeves Field (PA),2242,Geneva,iii,Presidents',7.0,"[0, 7, 0, 0]",,,,2849,Westminster (PA),iii,Presidents',56.0,"[14, 14, 21, 7]",,,,,,,
401676070,2024,11,regular,2024-11-09T18:00:00.000Z,False,True,False,True,,6121.0,Donald J. Schneider Stadium,2832,St. Norbert,iii,NACC,55.0,"[14, 27, 14, 0]",,,,6353,Lakeland,iii,NACC,13.0,"[0, 7, 0, 6]",,,,,,,
401675944,2024,11,regular,2024-11-09T18:00:00.000Z,False,True,False,True,,5914.0,Veterans Memorial Stadium (WI),2740,Wisconsin La Crosse,iii,Wisconsin,24.0,"[0, 10, 0, 14]",,,,2745,Wisconsin Whitewater,iii,Wisconsin,21.0,"[0, 0, 7, 14]",,,,,,,
401674839,2024,11,regular,2024-11-09T18:00:00.000Z,False,True,False,True,,5862.0,Butterfield Stadium,175,Ithaca,iii,Liberty League,41.0,"[7, 21, 7, 6]",,,,2779,St. Lawrence,iii,Liberty League,0.0,"[0, 0, 0, 0]",,,,,,,
401674825,2024,11,regular,2024-11-09T18:00:00.000Z,False,True,False,True,,6202.0,Cardinal Stadium (DC),2108,Catholic,iii,Landmark Conference,15.0,"[0, 0, 0, 15]",,,,398,Wilkes,iii,Landmark Conference,40.0,"[10, 16, 7, 7]",,,,,,,
401674590,2024,11,regular,2024-11-09T18:00:00.000Z,False,True,False,True,,5923.0,Legacy Field in Carlson Stadium,67,Luther,iii,American Rivers,13.0,"[0, 7, 0, 6]",,,,63,Buena Vista,iii,American Rivers,40.0,"[10, 0, 10, 20]",,,,,,,
401654630,2024,11,regular,2024-11-09T18:00:00.000Z,False,True,False,True,1208.0,3617.0,Andy Kerr Stadium,2142,Colgate,fcs,Patriot,20.0,"[0, 10, 0, 10]",0.7190240973992222,,,322,Lafayette,fcs,Patriot,21.0,"[0, 7, 0, 14]",0.28097590260077776,,,8.3268092872,,,
401676298,2024,11,regular,2024-11-09T18:30:00.000Z,False,True,False,True,,5801.0,George Finnie Stadium,188,Baldwin Wallace,iii,Ohio,27.0,"[7, 0, 7, 13]",,,,427,Ohio Northern,iii,Ohio,26.0,"[7, 7, 6, 6]",,,,,,,
401676792,2024,11,regular,2024-11-09T18:30:00.000Z,False,True,False,True,,5781.0,Irwin Belk Stadium,351,Wingate,ii,South Atlantic,38.0,"[14, 7, 14, 3]",,,,2444,Newberry,ii,South Atlantic,0.0,"[0, 0, 0, 0]",,,,,,,
401676341,2024,11,regular,2024-11-09T18:30:00.000Z,False,True,False,True,,6152.0,Wiliams Stadium (OH),2733,Wilmington (OH),iii,Ohio,20.0,"[0, 14, 0, 6]",,,,191,Heidelberg,iii,Ohio,30.0,"[0, 21, 0, 9]",,,,,,,
401676346,2024,11,regular,2024-11-09T18:30:00.000Z,False,True,False,True,,5863.0,Don Shula Stadium at Wasmer Field,2302,John Carroll,iii,Ohio,56.0,"[14, 21, 14, 7]",,,,359,Otterbein,iii,Ohio,0.0,"[0, 0, 0, 0]",,,,,,,
401634150,2024,11,regular,2024-11-09T18:30:00.000Z,False,True,False,True,3580.0,3597.0,Alumni Memorial Field,2678,VMI,fcs,Southern,0.0,"[0, 0, 0, 0]",0.0009348541573139373,,,2382,Mercer,fcs,Southern,34.0,"[3, 14, 10, 7]",0.999065145842686,,,2.9206482273,,,
401674771,2024,11,regular,2024-11-09T18:30:00.000Z,False,True,False,True,,5805.0,Alumni Field (OH),2074,Bluffton,iii,Heartland,28.0,"[14, 7, 7, 0]",,,,2233,Franklin,iii,Heartland,22.0,"[0, 0, 13, 9]",,,,,,,
401674800,2024,11,regular,2024-11-09T18:30:00.000Z,False,True,False,True,,5793.0,Macholtz Stadium,2023,Anderson (IN),iii,Heartland,9.0,"[2, 0, 0, 7]",,,,86,Rose Hulman,iii,Heartland,28.0,"[0, 7, 7, 14]",,,,,,,
401676353,2024,11,regular,2024-11-09T18:30:00.000Z,False,True,False,True,,4856.0,Mount Union Stadium,426,Mount Union,iii,Ohio,28.0,"[7, 7, 0, 14]",,,,317,Marietta,iii,Ohio,21.0,"[7, 7, 7, 0]",,,,,,,
401674794,2024,11,regular,2024-11-09T18:30:00.000Z,False,True,False,True,,5930.0,Carl W. Burt Memorial Stadium,2362,Manchester,iii,Heartland,7.0,"[0, 0, 7, 0]",,,,2419,Mount St Joseph,iii,Heartland,43.0,"[28, 9, 6, 0]",,,,,,,
401634004,2024,11,regular,2024-11-09T18:30:00.000Z,False,True,False,True,2451.0,3710.0,Ernest W. Spangler Stadium,2241,Gardner-Webb,fcs,Big South-OVC,31.0,"[10, 14, 7, 0]",0.8747370331702966,,,2197,Eastern Illinois,fcs,Big South-OVC,28.0,"[0, 7, 7, 14]",0.1252629668297034,,,5.1180186424,,,
401676313,2024,11,regular,2024-11-09T18:30:00.000Z,False,True,False,True,,6090.0,Sherman Field at McConagha Stadium,332,Muskingum,iii,Ohio,51.0,"[14, 14, 2, 21]",,,,424,Capital,iii,Ohio,20.0,"[0, 7, 6, 7]",,,,,,,
401674987,2024,11,regular,2024-11-09T19:00:00.000Z,False,True,False,True,,5117.0,Clemens Stadium,2600,Saint John's (MN),iii,Minnesota,55.0,"[14, 20, 21, 0]",,,,133,St. Olaf,iii,Minnesota,6.0,"[0, 0, 6, 0]",,,,,,,
401674981,2024,11,regular,2024-11-09T19:00:00.000Z,False,True,False,True,,5895.0,Klas Field,162,Hamline,iii,Minnesota,28.0,"[7, 7, 7, 7]",,,,375,St. Scholastica,iii,Minnesota,42.0,"[14, 7, 14, 7]",,,,,,,
401675980,2024,11,regular,2024-11-09T19:00:00.000Z,False,True,False,True,,5911.0,Ralph E. Davis Pioneer Stadium,272,Wisconsin Platteville,iii,Wisconsin,56.0,"[14, 35, 7, 0]",,,,2738,Wisconsin Eau Claire,iii,Wisconsin,14.0,"[0, 7, 7, 0]",,,,,,,
401674735,2024,11,regular,2024-11-09T19:00:00.000Z,False,True,False,True,,6080.0,Frank M. Lindsay Field,74,Millikin,iii,CCIW,10.0,"[3, 0, 0, 7]",,,,396,Wheaton (IL),iii,CCIW,64.0,"[14, 29, 14, 7]",,,,,,,
401674644,2024,11,regular,2024-11-09T19:00:00.000Z,False,True,False,True,,5114.0,Shelton Stadium,2810,Hardin Simmons,iii,American Southwest,27.0,"[0, 20, 7, 0]",,,,2371,Mary Hardin Baylor,iii,American Southwest,19.0,"[3, 0, 0, 16]",,,,,,,
401673453,2024,11,regular,2024-11-09T19:00:00.000Z,False,True,False,True,,5858.0,England Stadium,2286,Illinois College,iii,Midwest,42.0,"[21, 0, 14, 7]",,,,2155,Cornell (IA),iii,Midwest,14.0,"[0, 0, 7, 7]",,,,,,,
401634116,2024,11,regular,2024-11-09T19:00:00.000Z,False,True,False,True,1880.0,3856.0,Nottingham Field,2458,Northern Colorado,fcs,Big Sky,15.0,"[0, 8, 7, 0]",0.050164914301694855,,,331,Eastern Washington,fcs,Big Sky,43.0,"[22, 7, 7, 7]",0.9498350856983051,,,2.9033527086,,,
401676668,2024,11,regular,2024-11-09T19:00:00.000Z,False,True,True,True,,7512.0,St. Francis High School,125974,Hilbert,iii,Empire 8,6.0,"[0, 6, 0, 0]",,,,390,Utica,iii,Empire 8,36.0,"[13, 20, 3, 0]",,,,,,,
401632077,2024,11,regular,2024-11-09T19:00:00.000Z,False,True,False,True,2634.0,5888.0,University Stadium (GA),2698,West Georgia,fcs,UAC,21.0,"[7, 7, 7, 0]",0.04473682601644595,,,2627,Tarleton State,fcs,UAC,38.0,"[7, 14, 7, 10]",0.9552631739835541,,,5.6467744655,,,
401632140,2024,11,regular,2024-11-09T19:00:00.000Z,False,True,False,True,7902.0,3908.0,Roy Kidd Stadium,2198,Eastern Kentucky,fcs,UAC,31.0,"[7, 10, 7, 7]",0.47221834006168323,,,2110,Central Arkansas,fcs,UAC,24.0,"[10, 7, 7, 0]",0.5277816599383167,,,9.1667125824,,,
401675496,2024,11,regular,2024-11-09T19:00:00.000Z,False,True,True,True,,10803.0,Pen-Air Field,110242,West Florida,ii,Gulf South,35.0,"[14, 14, 0, 7]",,,,2822,North Greenville,ii,Gulf South,14.0,"[0, 14, 0, 0]",,,,,,,
401676139,2024,11,regular,2024-11-09T19:00:00.000Z,False,True,False,True,,3843.0,MLC Bowl,446,Martin Luther,iii,Upper Midwest,13.0,"[3, 0, 7, 3]",,,,509,Crown,iii,Upper Midwest,0.0,"[0, 0, 0, 0]",,,,,,,
401676408,2024,11,regular,2024-11-09T19:00:00.000Z,False,True,False,True,,5800.0,Jopson Athletic Complex,2079,Bridgewater,iii,Old Dominion,7.0,"[0, 0, 0, 7]",,,,2688,Washington and Lee,iii,Old Dominion,23.0,"[14, 9, 0, 0]",,,,,,,
401674148,2024,11,regular,2024-11-09T19:00:00.000Z,False,True,False,True,,6034.0,Yager Stadium at Moore Bowl,2687,Washburn,ii,Mid America,27.0,"[0, 7, 14, 6]",,,,2122,Central Oklahoma,ii,Mid America,28.0,"[6, 7, 0, 15]",,,,,,,
401634003,2024,11,regular,2024-11-09T19:00:00.000Z,False,True,False,True,3614.0,3658.0,Buccaneer Field,2127,Charleston Southern,fcs,Big South-OVC,14.0,"[7, 0, 0, 7]",0.0011501256034490124,,,2630,UT Martin,fcs,Big South-OVC,40.0,"[16, 3, 14, 7]",0.998849874396551,,,2.911343107,,,
401634005,2024,11,regular,2024-11-09T19:00:00.000Z,False,True,False,True,5108.0,3749.0,Hunter Stadium,2815,Lindenwood,fcs,Big South-OVC,24.0,"[0, 14, 7, 3]",0.978872421632161,,,2546,Southeast Missouri State,fcs,Big South-OVC,12.0,"[0, 6, 6, 0]",0.02112757836783896,,,6.6777926418,,,
401634178,2024,11,regular,2024-11-09T19:00:00.000Z,False,True,False,True,5515.0,1905.0,DakotaDome,233,South Dakota,fcs,MVFC,49.0,"[7, 14, 14, 14]",0.998953341253399,,,282,Indiana State,fcs,MVFC,0.0,"[0, 0, 0, 0]",0.0010466587466010369,,,3.1825507357,,,
401634187,2024,11,regular,2024-11-09T19:00:00.000Z,False,True,False,True,5127.0,3909.0,Roy Stewart Stadium,93,Murray State,fcs,MVFC,31.0,"[6, 11, 14, 0]",0.022013834594282855,,,2623,Missouri State,fcs,MVFC,59.0,"[7, 21, 21, 10]",0.9779861654057171,,,3.6902566403,,,
401634006,2024,11,regular,2024-11-09T19:00:00.000Z,False,True,False,True,,3746.0,Hanson Field,2710,Western Illinois,fcs,Big South-OVC,20.0,"[0, 13, 0, 7]",0.017604617007209344,,,2634,Tennessee State,fcs,Big South-OVC,45.0,"[14, 14, 7, 10]",0.9823953829927906,,,4.0204047166,,,
401634156,2024,11,regular,2024-11-09T19:00:00.000Z,False,True,False,True,8327.0,3868.0,Paladin Stadium,231,Furman,fcs,Southern,13.0,"[7, 3, 0, 3]",0.04502790938467735,,,2747,Wofford,fcs,Southern,19.0,"[7, 3, 9, 0]",0.9549720906153226,,,7.2023902537,,,
401634204,2024,11,regular,2024-11-09T19:00:00.000Z,False,True,False,True,9797.0,3605.0,Alerus Center,155,North Dakota,fcs,MVFC,7.0,"[7, 0, 0, 0]",0.06789879064309999,,,2571,South Dakota State,fcs,MVFC,38.0,"[3, 28, 7, 0]",0.9321012093569,,,2.3512663131,,,
401634166,2024,11,regular,2024-11-09T19:00:00.000Z,False,True,False,True,1880.0,3967.0,UNI-Dome,2460,Northern Iowa,fcs,MVFC,9.0,"[0, 3, 3, 3]",0.0009249385473276355,,,2287,Illinois State,fcs,MVFC,31.0,"[3, 7, 7, 14]",0.9990750614526723,,,3.5890744431,,,
401632467,2024,11,regular,2024-11-09T19:00:00.000Z,False,True,False,True,12513.0,3782.0,Johnson Hagood Stadium,2643,The Citadel,fcs,Southern,7.0,"[0, 0, 7, 0]",0.0412146941765204,,,236,Chattanooga,fcs,Southern,31.0,"[0, 14, 10, 7]",0.9587853058234796,,,4.0205312433,,,
401675832,2024,11,regular,2024-11-09T19:00:00.000Z,False,True,False,True,,5872.0,Kirkeby-Over Stadium,2043,Augustana (SD),ii,Northern Sun,27.0,"[7, 10, 3, 7]",,,,2894,Sioux Falls,ii,Northern Sun,21.0,"[7, 0, 7, 7]",,,,,,,
401638689,2024,11,regular,2024-11-09T19:00:00.000Z,False,True,False,True,5370.0,5116.0,O'Shaughnessy Stadium,2900,St. Thomas (MN),fcs,Pioneer,19.0,"[0, 10, 3, 6]",0.8464716674212168,,,2181,Drake,fcs,Pioneer,22.0,"[0, 10, 7, 5]",0.15352833257878318,,,6.2471222582,,,
401675901,2024,11,regular,2024-11-09T19:00:00.000Z,False,True,False,True,,5823.0,Clark Field,2141,Coe,iii,American Rivers,47.0,"[0, 19, 21, 7]",,,,2564,Simpson (IA),iii,American Rivers,10.0,"[3, 0, 0, 7]",,,,,,,
401674614,2024,11,regular,2024-11-09T19:00:00.000Z,False,True,False,True,,5921.0,Rock Bowl,263,Loras,iii,American Rivers,32.0,"[13, 10, 3, 6]",,,,6845,Nebraska Wesleyan,iii,American Rivers,22.0,"[14, 0, 0, 8]",,,,,,,
401638688,2024,11,regular,2024-11-09T19:00:00.000Z,False,True,False,True,1783.0,3655.0,Brown Field,2674,Valparaiso,fcs,Pioneer,17.0,"[0, 10, 0, 7]",0.11388325519593114,,,2086,Butler,fcs,Pioneer,24.0,"[7, 10, 0, 7]",0.8861167448040689,,,4.4815436226,,,
401674997,2024,11,regular,2024-11-09T19:00:00.000Z,False,True,False,True,,6109.0,Ingalls Field,2891,Ripon,iii,Midwest,16.0,"[0, 10, 0, 6]",,,,266,Beloit,iii,Midwest,7.0,"[0, 0, 0, 7]",,,,,,,
401674608,2024,11,regular,2024-11-09T19:00:00.000Z,False,True,False,True,,5836.0,Chalmers Field,49,Dubuque,iii,American Rivers,14.0,"[7, 7, 0, 0]",,,,2685,Wartburg,iii,American Rivers,24.0,"[14, 10, 0, 0]",,,,,,,
401676262,2024,11,regular,2024-11-09T19:00:00.000Z,False,True,False,True,,6132.0,Trinity University Stadium,386,Trinity (TX),iii,Southern Athletic,34.0,"[7, 14, 7, 6]",,,,2588,Southwestern U,iii,Southern Athletic,7.0,"[0, 0, 0, 7]",,,,,,,
401675447,2024,11,regular,2024-11-09T19:00:00.000Z,False,True,True,True,,6129.0,BB&T Field at Griffin Plaza,2646,Thomas More,ii,Great Midwest Athletic,47.0,"[7, 28, 6, 6]",,,,2316,Kentucky Wesleyan,ii,Great Midwest Athletic,12.0,"[6, 0, 0, 6]",,,,,,,
401675554,2024,11,regular,2024-11-09T19:00:00.000Z,False,True,False,True,,3633.0,Ben Altamirano Field,2703,Western New Mexico,ii,Lone Star,20.0,"[0, 6, 0, 14]",,,,2658,Texas A&M-Kingsville,ii,Lone Star,28.0,"[7, 14, 7, 0]",,,,,,,
401675613,2024,11,regular,2024-11-09T19:00:00.000Z,False,True,False,True,,4747.0,Abbott Memorial Alumni Stadium,2657,Tuskegee,ii,SIAC,7.0,"[0, 0, 0, 7]",,,,2396,Miles,ii,SIAC,37.0,"[7, 10, 7, 13]",,,,,,,
401674523,2024,11,regular,2024-11-09T19:00:00.000Z,False,True,False,True,,6047.0,Leemon Field,2816,McKendree,ii,Great Lakes,24.0,"[0, 7, 7, 10]",,,,389,Upper Iowa,ii,Great Lakes,28.0,"[0, 0, 7, 21]",,,,,,,
401674667,2024,11,regular,2024-11-09T19:00:00.000Z,False,True,True,True,,10465.0,Mayo Field,101442,Centenary (LA),iii,Southern Collegiate Athletic,23.0,"[0, 12, 8, 3]",,,,2639,Texas Lutheran,iii,Southern Collegiate Athletic,46.0,"[7, 10, 19, 10]",,,,,,,
401674970,2024,11,regular,2024-11-09T19:00:00.000Z,False,True,False,True,,5825.0,Jake Christiansen Stadium,2152,Concordia (MN),iii,Minnesota,16.0,"[0, 3, 0, 13]",,,,2802,Bethel (MN),iii,Minnesota,49.0,"[12, 9, 14, 14]",,,,,,,
401675004,2024,11,regular,2024-11-09T19:00:00.000Z,False,True,False,True,,5820.0,Amos Alonzo Stagg Field,80,Chicago,iii,Midwest,42.0,"[21, 21, 0, 0]",,,,65,Grinnell,iii,Midwest,6.0,"[6, 0, 0, 0]",,,,,,,
401674536,2024,11,regular,2024-11-09T19:00:00.000Z,False,True,False,True,,3878.0,Plaster Sports Complex,2586,Southwest Baptist,ii,Great Lakes,25.0,"[7, 12, 0, 6]",,,,2825,Quincy,ii,Great Lakes,34.0,"[7, 10, 17, 0]",,,,,,,
401674651,2024,11,regular,2024-11-09T19:00:00.000Z,False,True,False,True,,5857.0,Gordon Wood Stadium,2758,Howard Payne,iii,American Southwest,17.0,"[0, 3, 0, 14]",,,,2194,East Texas Baptist,iii,American Southwest,38.0,"[14, 7, 0, 17]",,,,,,,
401675569,2024,11,regular,2024-11-09T19:00:00.000Z,False,True,True,True,,4110.0,A.J. McClung Stadium,2232,Fort Valley State,ii,SIAC,15.0,"[3, 12, 0, 0]",,,,2013,Albany State,ii,SIAC,20.0,"[7, 13, 0, 0]",,,,,,,
401674963,2024,11,regular,2024-11-09T19:00:00.000Z,False,True,False,True,,7079.0,Laird Stadium,2101,Carleton,iii,Minnesota,51.0,"[0, 17, 21, 13]",,,,2968,Gustavus Adolphus,iii,Minnesota,17.0,"[3, 7, 0, 7]",,,,,,,
401674432,2024,11,regular,2024-11-09T19:00:00.000Z,False,True,False,True,,5113.0,Ruggles Field at Carpenter-Haygood Stadium,2271,Henderson State,ii,Great American,35.0,"[0, 7, 21, 7]",,,,2927,Southwestern Oklahoma State,ii,Great American,17.0,"[3, 0, 0, 14]",,,,,,,
401675578,2024,11,regular,2024-11-09T19:00:00.000Z,False,True,False,True,,3705.0,Earl Kitchings Stadium,2206,Edward Waters,ii,SIAC,33.0,"[7, 13, 3, 10]",,,,2019,Allen,ii,SIAC,28.0,"[7, 7, 7, 7]",,,,,,,
401674948,2024,11,regular,2024-11-09T19:00:00.000Z,False,True,False,True,,5795.0,Edor Nelson Field,124,Augsburg,iii,Minnesota,33.0,"[7, 2, 10, 14]",,,,2359,Macalester,iii,Minnesota,3.0,"[0, 0, 3, 0]",,,,,,,
401674506,2024,11,regular,2024-11-09T19:00:00.000Z,False,True,False,True,,6040.0,Key Stadium,2292,Indianapolis,ii,Great Lakes,55.0,"[14, 17, 10, 14]",,,,2402,Missouri S&T,ii,Great Lakes,10.0,"[7, 0, 3, 0]",,,,,,,
401673256,2024,11,regular,2024-11-09T19:00:00.000Z,False,True,False,True,,3860.0,O'Harra Stadium,613,South Dakota Mines,ii,Rocky Mountain,17.0,"[0, 7, 0, 10]",,,,11,Colorado Mesa,ii,Rocky Mountain,14.0,"[0, 0, 7, 7]",,,,,,,
401673263,2024,11,regular,2024-11-09T19:00:00.000Z,False,True,False,True,,5944.0,Ray Dennison Memorial Field,2237,Fort Lewis,ii,Rocky Mountain,44.0,"[7, 17, 6, 14]",,,,2424,New Mexico Highlands,ii,Rocky Mountain,22.0,"[7, 7, 0, 8]",,,,,,,
401673954,2024,11,regular,2024-11-09T19:00:00.000Z,False,True,False,True,,5796.0,Charles D. Lindberg Stadium,2042,Augustana (IL),iii,CCIW,31.0,"[14, 7, 7, 3]",,,,2106,Carthage,iii,CCIW,21.0,"[0, 6, 7, 8]",,,,,,,
401674138,2024,11,regular,2024-11-09T19:00:00.000Z,False,True,False,True,,5942.0,Francis G. Welch Stadium,2214,Emporia State,ii,Mid America,36.0,"[7, 7, 14, 8]",,,,2118,Central Missouri,ii,Mid America,45.0,"[3, 21, 14, 7]",,,,,,,
401674347,2024,11,regular,2024-11-09T19:00:00.000Z,False,True,False,True,,4435.0,Robert B. Redman Stadium,2071,Bloomsburg,ii,Pennsylvania State Athletic,35.0,"[14, 0, 21, 0]",,,,210,Millersville,ii,Pennsylvania State Athletic,27.0,"[0, 16, 0, 11]",,,,,,,
401675803,2024,11,regular,2024-11-09T19:00:00.000Z,False,True,False,True,,3612.0,Alumni Memorial Stadium (NC),2940,Livingstone,ii,CIAA,15.0,[],,,,2304,Johnson C. Smith,ii,CIAA,10.0,[],,,,,,,
401675011,2024,11,regular,2024-11-09T19:00:00.000Z,False,True,False,True,,5919.0,Ron Roberts Field at the Banta Bowl,268,Lawrence,iii,Midwest,34.0,"[7, 7, 0, 20]",,,,255,Knox,iii,Midwest,35.0,"[0, 7, 21, 7]",,,,,,,
401675536,2024,11,regular,2024-11-09T19:00:00.000Z,False,True,False,True,,5938.0,Al Whitehead Field at Greyhound Stadium,2201,Eastern New Mexico,ii,Lone Star,14.0,"[7, 0, 0, 7]",,,,110243,UT Permian Basin,ii,Lone Star,64.0,"[15, 14, 14, 21]",,,,,,,
401675585,2024,11,regular,2024-11-09T19:00:00.000Z,False,True,False,True,,5875.0,Charlie W. Johnson Stadium,490,Benedict,ii,SIAC,35.0,"[0, 12, 16, 7]",,,,2542,Savannah State,ii,SIAC,27.0,"[7, 14, 0, 6]",,,,,,,
401676269,2024,11,regular,2024-11-09T19:00:00.000Z,False,True,False,True,,3823.0,Hardee-McGee Field,2553,Sewanee,iii,Southern Athletic,15.0,"[3, 7, 3, 2]",,,,418,Hendrix,iii,Southern Athletic,27.0,"[7, 12, 8, 0]",,,,,,,
401629037,2024,11,regular,2024-11-09T19:30:00.000Z,False,True,False,False,18351.0,7221.0,Protective Stadium,5,UAB,fbs,American Athletic,23.0,"[3, 17, 3, 0]",0.011210213562088256,1195.0,1197.0,41,UConn,fbs,FBS Independents,31.0,"[3, 0, 7, 21]",0.9887897864379117,1425.0,1423.0,6.2548161297,,,
401673149,2024,11,regular,2024-11-09T20:00:00.000Z,False,True,False,True,,5877.0,Lyle Hare Stadium,2069,Black Hills State,ii,Rocky Mountain,45.0,"[0, 10, 14, 21]",,,,2001,Adams State,ii,Rocky Mountain,3.0,"[0, 0, 3, 0]",,,,,,,
401634027,2024,11,regular,2024-11-09T20:00:00.000Z,False,True,False,True,2081.0,4424.0,Husky Stadium,2277,Houston Christian,fcs,Southland,24.0,"[0, 0, 14, 10]",0.7665993426539038,,,2447,Nicholls,fcs,Southland,21.0,"[0, 14, 0, 7]",0.23340065734609616,,,10.4238899509,,,
401636369,2024,11,regular,2024-11-09T20:00:00.000Z,False,True,False,True,15443.0,3599.0,Ace W. Mumford Stadium,2582,Southern,fcs,SWAC,25.0,"[0, 0, 0, 10, 7, 6, 0, 0, 2]",,,,2065,Bethune-Cookman,fcs,SWAC,23.0,"[3, 0, 0, 7, 7, 6, 0, 0, 0]",,,,,,,
401636378,2024,11,regular,2024-11-09T20:00:00.000Z,False,True,False,True,3091.0,5238.0,Panther Stadium,2504,Prairie View A&M,fcs,SWAC,31.0,"[10, 7, 0, 14]",0.9983331111571055,,,50,Florida A&M,fcs,SWAC,12.0,"[3, 0, 9, 0]",0.001666888842894454,,,5.0304746798,,,
401636391,2024,11,regular,2024-11-09T20:00:00.000Z,False,True,False,True,13954.0,3976.0,Mississippi Veterans Memorial Stadium,2296,Jackson State,fcs,SWAC,51.0,"[6, 17, 14, 14]",0.9641413609687389,,,2400,Mississippi Valley State,fcs,SWAC,14.0,"[7, 7, 0, 0]",0.035858639031261075,,,5.523049494,,,
401674173,2024,11,regular,2024-11-09T20:00:00.000Z,False,True,False,True,,6054.0,Fred G. Hughes Stadium,2403,Missouri Southern State,ii,Mid America,24.0,"[0, 14, 7, 3]",,,,2438,Nebraska Kearney,ii,Mid America,13.0,"[7, 0, 0, 6]",,,,,,,
401674661,2024,11,regular,2024-11-09T20:00:00.000Z,False,True,True,True,,3877.0,Pioneer Stadium,101161,Lyon,iii,Southern Collegiate Athletic,0.0,"[0, 0, 0, 0]",,,,241,McMurry,iii,Southern Collegiate Athletic,28.0,"[14, 7, 0, 7]",,,,,,,
401632135,2024,11,regular,2024-11-09T20:00:00.000Z,False,True,False,True,3042.0,3706.0,Eccles Coliseum,2453,North Alabama,fcs,UAC,26.0,"[0, 7, 19, 0]",0.05869923587188295,,,253,Southern Utah,fcs,UAC,38.0,"[7, 14, 10, 7]",0.941300764128117,,,7.0213175947,,,
401634028,2024,11,regular,2024-11-09T20:00:00.000Z,False,True,False,True,2055.0,3734.0,Gayle and Tom Benson Stadium,2916,Incarnate Word,fcs,Southland,41.0,"[10, 10, 14, 7]",0.9760537545500684,,,2320,Lamar,fcs,Southland,20.0,"[7, 6, 7, 0]",0.023946245449931625,,,4.9241965011,,,
401674398,2024,11,regular,2024-11-09T20:00:00.000Z,False,True,False,True,,3875.0,Paul Laird Field,199,Southeastern Oklahoma State,ii,Great American,0.0,"[0, 0, 0, 0]",,,,2033,Arkansas Tech,ii,Great American,6.0,"[0, 0, 3, 3]",,,,,,,
401634257,2024,11,regular,2024-11-09T20:00:00.000Z,False,True,False,True,3182.0,3740.0,Golden Lion Stadium,2029,Arkansas-Pine Bluff,fcs,SWAC,24.0,"[10, 7, 0, 7]",0.0009553766695932957,,,2010,Alabama A&M,fcs,SWAC,52.0,"[7, 28, 14, 3]",0.9990446233304067,,,6.0451291467,,,
401655656,2024,11,regular,2024-11-09T20:00:00.000Z,False,True,False,False,3013.0,3925.0,Seibert Stadium,2535,Samford,fcs,Southern,7.0,"[0, 0, 0, 7]",0.03970223955878246,,,2635,Tennessee Tech,fcs,Big South-OVC,27.0,"[0, 0, 20, 7]",0.9602977604412175,,,5.68665045,,,
401674496,2024,11,regular,2024-11-09T20:00:00.000Z,False,True,False,True,,5891.0,Wilkins Stadium,2568,Southern Arkansas,ii,Great American,78.0,"[20, 34, 17, 7]",,,,2823,Northwestern (OK),ii,Great American,0.0,"[0, 0, 0, 0]",,,,,,,
401674482,2024,11,regular,2024-11-09T20:00:00.000Z,False,True,False,True,,6064.0,Crain Family Stadium,319,Oklahoma Baptist,ii,Great American,0.0,"[0, 0, 0, 0]",,,,2888,Ouachita Baptist,ii,Great American,55.0,"[7, 27, 14, 7]",,,,,,,
401643829,2024,11,regular,2024-11-09T20:00:00.000Z,False,True,False,True,20502.0,3815.0,M. M. Roberts Stadium,2572,Southern Miss,fbs,Sun Belt,3.0,"[0, 3, 0, 0]",0.0005957322042091129,1096.0,1039.0,276,Marshall,fbs,Sun Belt,37.0,"[3, 14, 17, 3]",0.9994042677957908,1415.0,1472.0,2.9966561677,,,
401634118,2024,11,regular,2024-11-09T20:00:00.000Z,False,True,False,True,7223.0,3942.0,Stewart Stadium,2692,Weber State,fcs,Big Sky,35.0,"[0, 14, 7, 14]",0.3716843623809639,,,304,Idaho State,fcs,Big Sky,43.0,"[6, 16, 7, 14]",0.6283156376190361,,,5.0631924945,,,
401673247,2024,11,regular,2024-11-09T20:00:00.000Z,False,True,False,True,,5782.0,Mountaineer Bowl,2714,Western Colorado,ii,Rocky Mountain,21.0,"[7, 0, 7, 7]",,,,2123,Chadron State,ii,Rocky Mountain,17.0,"[0, 10, 7, 0]",,,,,,,
401673273,2024,11,regular,2024-11-09T20:00:00.000Z,False,True,False,True,,4852.0,Neta and Eddie DeRose ThunderBowl,2570,CSU Pueblo,ii,Rocky Mountain,28.0,"[0, 14, 7, 7]",,,,2146,Colorado School of Mines,ii,Rocky Mountain,13.0,"[3, 3, 7, 0]",,,,,,,
401654568,2024,11,regular,2024-11-09T20:00:00.000Z,False,True,False,True,2112.0,3771.0,Jack Spinks Stadium,2016,Alcorn State,fcs,SWAC,42.0,"[7, 7, 14, 14]",0.9989207925942604,,,2640,Texas Southern,fcs,SWAC,21.0,"[7, 7, 0, 7]",0.001079207405739635,,,5.6586909359,,,
401636350,2024,11,regular,2024-11-09T20:00:00.000Z,False,True,False,True,3621.0,3902.0,Eddie Robinson Stadium,2755,Grambling,fcs,SWAC,24.0,"[3, 7, 0, 14]",0.4086088797591194,,,2011,Alabama State,fcs,SWAC,23.0,"[3, 17, 3, 0]",0.5913911202408806,,,7.4813290096,,,
401675482,2024,11,regular,2024-11-09T20:00:00.000Z,False,True,False,True,,5935.0,Parker Field at McCool Stadium,2170,Delta State,ii,Gulf South,20.0,"[7, 6, 0, 7]",,,,2673,Valdosta State,ii,Gulf South,49.0,"[14, 14, 14, 7]",,,,,,,
401675952,2024,11,regular,2024-11-09T20:00:00.000Z,False,True,False,True,,5120.0,J.J. Keller Field at Titan Stadium,271,Wisconsin Oshkosh,iii,Wisconsin,42.0,"[14, 0, 7, 21]",,,,2744,Wisconsin Stout,iii,Wisconsin,45.0,"[14, 14, 14, 3]",,,,,,,
401674178,2024,11,regular,2024-11-09T20:00:00.000Z,False,True,False,True,,6055.0,Craig Field at Spratt Memorial Stadium,137,Missouri Western,ii,Mid America,23.0,"[3, 10, 0, 10]",,,,138,Northwest Missouri State,ii,Mid America,33.0,"[6, 10, 14, 3]",,,,,,,
401674417,2024,11,regular,2024-11-09T20:00:00.000Z,False,True,False,True,,5936.0,Koi Ishto Stadium,2191,East Central,ii,Great American,7.0,"[0, 7, 0, 0]",,,,2264,Harding,ii,Great American,34.0,"[7, 13, 7, 7]",,,,,,,
401674408,2024,11,regular,2024-11-09T20:00:00.000Z,False,True,False,True,,3934.0,Southern Nazarene University Football Stadium,200,Southern Nazarene,ii,Great American,24.0,"[7, 10, 0, 7]",,,,2028,Arkansas Monticello,ii,Great American,21.0,"[7, 0, 7, 7]",,,,,,,
401634120,2024,11,regular,2024-11-09T20:00:00.000Z,False,True,False,True,21987.0,3643.0,Bobcat Stadium,147,Montana State,fcs,Big Sky,49.0,"[14, 14, 14, 7]",0.9989702371814242,,,16,Sacramento State,fcs,Big Sky,7.0,"[0, 0, 7, 0]",0.0010297628185758079,,,2.873024481,,,
401636919,2024,11,regular,2024-11-09T20:30:00.000Z,False,True,True,True,51109.0,3622.0,GEHA Field at Arrowhead Stadium,2305,Kansas,fbs,Big 12,45.0,"[14, 17, 7, 7]",0.9694120836337419,1633.0,1664.0,66,Iowa State,fbs,Big 12,36.0,"[7, 6, 7, 16]",0.030587916366258128,1759.0,1728.0,4.0134143921,,,
401628414,2024,11,regular,2024-11-09T20:30:00.000Z,False,True,False,True,68126.0,3974.0,Vaught-Hemingway Stadium,145,Ole Miss,fbs,SEC,28.0,"[10, 6, 6, 6]",0.9945842356898992,1960.0,2010.0,61,Georgia,fbs,SEC,10.0,"[7, 0, 3, 0]",0.0054157643101008235,2057.0,2007.0,4.7063643223,,,
401628541,2024,11,regular,2024-11-09T20:30:00.000Z,False,True,False,True,53082.0,3830.0,"Memorial Stadium (Bloomington, IN)",84,Indiana,fbs,Big Ten,20.0,"[7, 10, 0, 3]",0.9045271523255871,1875.0,1876.0,130,Michigan,fbs,Big Ten,15.0,"[3, 0, 6, 6]",0.09547284767441289,1778.0,1777.0,5.8572108001,,,
401643755,2024,11,regular,2024-11-09T20:30:00.000Z,False,True,False,False,37187.0,3893.0,Reser Stadium,204,Oregon State,fbs,Pac-12,13.0,"[0, 10, 3, 0]",0.02295216129831264,1467.0,1446.0,23,San José State,fbs,Mountain West,24.0,"[0, 10, 0, 14]",0.9770478387016873,1497.0,1518.0,6.717181704,,,
401643826,2024,11,regular,2024-11-09T20:30:00.000Z,False,True,False,True,25709.0,3651.0,Bridgeforth Stadium,256,James Madison,fbs,Sun Belt,38.0,"[14, 14, 10, 0]",0.9955390489494149,1766.0,1794.0,2247,Georgia State,fbs,Sun Belt,7.0,"[0, 7, 0, 0]",0.0044609510505850825,1282.0,1254.0,3.907631635,,,
401629045,2024,11,regular,2024-11-09T20:30:00.000Z,False,True,False,True,28519.0,3825.0,DATCU Stadium,249,North Texas,fbs,American Athletic,3.0,"[3, 0, 0, 0]",0.0007455516011613515,1462.0,1455.0,349,Army,fbs,American Athletic,14.0,"[7, 0, 0, 7]",0.9992544483988387,1654.0,1661.0,3.8212731033,,,
401635608,2024,11,regular,2024-11-09T20:30:00.000Z,False,True,False,True,56919.0,3670.0,Carter-Finley Stadium,152,NC State,fbs,ACC,19.0,"[0, 9, 3, 7]",0.09583674388955982,1514.0,1499.0,150,Duke,fbs,ACC,29.0,"[12, 0, 7, 10]",0.9041632561104402,1582.0,1597.0,4.7482868814,,,
401628679,2024,11,regular,2024-11-09T20:30:00.000Z,False,True,False,True,3371.0,3629.0,Barker-Lane Stadium,2097,Campbell,fcs,CAA,24.0,"[7, 10, 0, 7]",0.32193700220004945,,,257,Richmond,fcs,CAA,27.0,"[0, 7, 10, 10]",0.6780629977999506,,,8.0447407665,,,
401654542,2024,11,regular,2024-11-09T20:30:00.000Z,False,True,False,True,3891.0,3990.0,William H. Greene Stadium,47,Howard,fcs,MEAC,14.0,"[7, 0, 7, 0]",0.020188080707901353,,,2569,South Carolina State,fcs,MEAC,38.0,"[7, 14, 7, 10]",0.9798119192920987,,,3.9992469108,,,
401635607,2024,11,regular,2024-11-09T20:30:00.000Z,False,True,False,True,65632.0,3799.0,Lane Stadium,259,Virginia Tech,fbs,ACC,14.0,"[0, 7, 0, 7]",0.1293131036116478,1666.0,1658.0,228,Clemson,fbs,ACC,24.0,"[0, 0, 14, 10]",0.8706868963883522,1819.0,1827.0,5.6559177666,,,
401645364,2024,11,regular,2024-11-09T21:00:00.000Z,False,True,False,True,30000.0,4729.0,Yulman Stadium,2655,Tulane,fbs,American Athletic,52.0,"[7, 21, 14, 10]",0.9989675061198742,1757.0,1807.0,218,Temple,fbs,American Athletic,6.0,"[0, 0, 0, 6]",0.0010324938801258288,1090.0,1040.0,2.7719410032,,,
401675796,2024,11,regular,2024-11-09T21:00:00.000Z,False,True,True,True,,10461.0,Spero Financial Field,129469,Anderson (SC),ii,South Atlantic,16.0,"[0, 6, 10, 0]",,,,2369,Mars Hill,ii,South Atlantic,31.0,"[3, 7, 7, 14]",,,,,,,
401632130,2024,11,regular,2024-11-09T21:00:00.000Z,False,True,False,True,3741.0,3742.0,Governors Stadium,2046,Austin Peay,fcs,UAC,34.0,"[14, 13, 0, 7]",0.2781310468084481,,,2000,Abilene Christian,fcs,UAC,35.0,"[14, 0, 14, 7]",0.7218689531915519,,,7.1713785974,,,
401634117,2024,11,regular,2024-11-09T21:00:00.000Z,False,True,False,True,,4765.0,Hillsboro Stadium,2502,Portland State,fcs,Big Sky,30.0,"[7, 14, 3, 6]",0.017871187667100146,,,70,Idaho,fcs,Big Sky,39.0,"[14, 14, 3, 8]",0.9821288123328998,,,5.2628775548,,,
401636921,2024,11,regular,2024-11-09T21:00:00.000Z,False,True,False,True,60229.0,3784.0,Jones AT&T Stadium,2641,Texas Tech,fbs,Big 12,27.0,"[13, 0, 7, 7]",0.26464738039038926,1566.0,1537.0,38,Colorado,fbs,Big 12,41.0,"[0, 10, 21, 10]",0.7353526196096107,1598.0,1627.0,5.6687912611,,,
401676291,2024,11,regular,2024-11-09T21:00:00.000Z,False,True,False,True,,5119.0,Maxwell Field,203,Linfield,iii,Northwest,38.0,"[7, 10, 7, 14]",,,,2486,Pacific Lutheran,iii,Northwest,10.0,"[0, 3, 0, 7]",,,,,,,
401675931,2024,11,regular,2024-11-09T21:00:00.000Z,False,True,False,True,,6106.0,Ted Runner Stadium,29,Redlands,iii,So. Cal.,10.0,"[0, 3, 0, 7]",,,,2923,Pomona Pitzer,iii,So. Cal.,21.0,"[14, 0, 7, 0]",,,,,,,
401676329,2024,11,regular,2024-11-09T21:00:00.000Z,False,True,False,True,,6149.0,McCulloch Stadium,2930,Willamette,iii,Northwest,10.0,"[0, 7, 0, 3]",,,,205,Pacific (OR),iii,Northwest,24.0,"[0, 10, 7, 7]",,,,,,,
401676285,2024,11,regular,2024-11-09T21:00:00.000Z,False,True,False,True,,5850.0,Stoffer Family Stadium,415,George Fox,iii,Northwest,0.0,"[0, 0, 0, 0]",,,,2721,Whitworth,iii,Northwest,31.0,"[0, 14, 7, 10]",,,,,,,
401674542,2024,11,regular,2024-11-09T21:00:00.000Z,False,True,True,True,,7504.0,Liberty North High School,2911,William Jewell,ii,Great Lakes,0.0,"[0, 0, 0, 0]",,,,2654,Truman State,ii,Great Lakes,34.0,"[10, 14, 7, 3]",,,,,,,
401682377,2024,11,regular,2024-11-09T21:00:00.000Z,False,True,False,True,,6104.0,Baker Stadium,2508,Puget Sound,iii,Northwest,28.0,"[7, 7, 7, 7]",,,,2333,Lewis & Clark,iii,Northwest,55.0,"[21, 21, 10, 3]",,,,,,,
401676183,2024,11,regular,2024-11-09T21:00:00.000Z,False,True,False,True,,5821.0,Fritz B. Burns Stadium,17,Claremont Mudd Scripps,iii,So. Cal.,41.0,"[0, 7, 20, 14]",,,,2094,Cal Lutheran,iii,So. Cal.,24.0,"[3, 14, 0, 7]",,,,,,,
401676201,2024,11,regular,2024-11-09T21:00:00.000Z,False,True,False,True,,5909.0,Ortmayer Stadium,2318,La Verne,iii,So. Cal.,21.0,"[7, 0, 7, 7]",,,,411,Chapman,iii,So. Cal.,42.0,"[21, 21, 0, 0]",,,,,,,
401641021,2024,11,regular,2024-11-09T21:00:00.000Z,False,True,False,True,14728.0,3946.0,Sun Bowl,2638,UTEP,fbs,Conference USA,43.0,"[7, 7, 7, 7, 7, 8]",0.9954500724529952,1147.0,1165.0,338,Kennesaw State,fbs,Conference USA,35.0,"[7, 0, 14, 7, 7, 0]",0.004549927547004784,1245.0,1227.0,10.8527197235,,,
401675520,2024,11,regular,2024-11-09T21:05:00.000Z,False,True,False,True,,5783.0,McArthur Field,2848,Western Oregon,ii,Lone Star,16.0,"[3, 10, 3, 0]",,,,2025,Angelo State,ii,Lone Star,38.0,"[3, 14, 14, 7]",,,,,,,
401628418,2024,11,regular,2024-11-09T21:15:00.000Z,False,True,False,True,28934.0,3973.0,FirstBank Stadium,238,Vanderbilt,fbs,SEC,7.0,"[0, 0, 7, 0]",0.00047113410599616216,1463.0,1446.0,2579,South Carolina,fbs,SEC,28.0,"[0, 7, 14, 7]",0.9995288658940038,1812.0,1829.0,3.7723916141,,,
401641004,2024,11,regular,2024-11-09T21:30:00.000Z,False,True,False,True,16345.0,3776.0,Joe Aillet Stadium,2348,Louisiana Tech,fbs,Conference USA,37.0,"[7, 14, 9, 7, 0]",0.32288960811291323,1283.0,1297.0,55,Jacksonville State,fbs,Conference USA,44.0,"[7, 21, 0, 9, 7]",0.6771103918870868,1657.0,1643.0,7.792374014,,,
401675122,2024,11,regular,2024-11-09T21:30:00.000Z,False,True,False,True,3652.0,4762.0,Memorial Stadium (Commerce TX),2837,East Texas A&M,fcs,Southland,19.0,"[3, 7, 3, 6]",0.8874366912510464,,,2617,Stephen F. Austin,fcs,Southland,14.0,"[0, 14, 0, 0]",0.1125633087489536,,,8.3466838311,,,
401643827,2024,11,regular,2024-11-09T22:00:00.000Z,False,True,False,True,16451.0,3666.0,Cajun Field,309,Louisiana,fbs,Sun Belt,55.0,"[10, 21, 17, 7]",0.9966026128794084,1554.0,1621.0,2032,Arkansas State,fbs,Sun Belt,19.0,"[0, 6, 6, 7]",0.0033973871205915662,1286.0,1219.0,2.6501837172,,,
401679014,2024,11,regular,2024-11-09T22:00:00.000Z,False,True,False,True,,5806.0,Whittier Field,340,Bowdoin,iii,NESCAC,10.0,"[7, 3, 0, 0]",,,,33,Colby,iii,NESCAC,34.0,"[17, 10, 0, 7]",,,,,,,
401641036,2024,11,regular,2024-11-09T23:00:00.000Z,False,True,False,True,12710.0,3601.0,Aggie Memorial Stadium,166,New Mexico State,fbs,Conference USA,28.0,"[7, 0, 14, 7]",0.41310645754636394,1115.0,1121.0,98,Western Kentucky,fbs,Conference USA,41.0,"[14, 10, 7, 10]",0.5868935424536361,1512.0,1506.0,3.7419052406,,,
401675769,2024,11,regular,2024-11-09T23:00:00.000Z,False,True,False,True,,5122.0,Shuford Stadium,2107,Catawba,ii,South Atlantic,14.0,"[14, 0, 0, 0]",,,,2331,Lenoir Rhyne,ii,South Atlantic,33.0,"[3, 7, 9, 14]",,,,,,,
401675995,2024,11,regular,2024-11-10T00:00:00.000Z,False,True,False,True,,5841.0,Pete FioRito Stadium at McKinzie Field,101,Eureka,iii,NACC,0.0,"[0, 0, 0, 0]",,,,2044,Aurora,iii,NACC,56.0,"[20, 20, 7, 9]",,,,,,,
401628416,2024,11,regular,2024-11-10T00:00:00.000Z,False,True,False,True,101915.0,3853.0,Neyland Stadium,2633,Tennessee,fbs,SEC,33.0,"[7, 13, 10, 3]",0.9685622489341695,1939.0,1930.0,344,Mississippi State,fbs,SEC,14.0,"[0, 7, 7, 0]",0.031437751065830466,1353.0,1362.0,8.3072896155,,,
401628543,2024,11,regular,2024-11-10T00:00:00.000Z,False,True,False,True,59245.0,3626.0,Autzen Stadium,2483,Oregon,fbs,Big Ten,39.0,"[7, 14, 8, 10]",0.9983741121151635,2050.0,2047.0,120,Maryland,fbs,Big Ten,18.0,"[3, 7, 0, 8]",0.00162588788483653,1488.0,1491.0,5.0597159335,,,
401675543,2024,11,regular,2024-11-10T00:00:00.000Z,False,True,False,True,,5884.0,Buffalo Stadium,2704,West Texas,ii,Lone Star,17.0,"[0, 10, 7, 0]",,,,2395,Midwestern State,ii,Lone Star,12.0,"[0, 0, 3, 9]",,,,,,,
401636917,2024,11,regular,2024-11-10T00:00:00.000Z,False,True,False,True,44940.0,3947.0,Mountain America Stadium,9,Arizona State,fbs,Big 12,35.0,"[7, 14, 7, 7]",0.21722126854343723,1563.0,1568.0,2116,UCF,fbs,Big 12,31.0,"[7, 10, 7, 7]",0.7827787314565627,1625.0,1620.0,8.7814541459,,,
401636920,2024,11,regular,2024-11-10T00:00:00.000Z,False,True,False,True,45348.0,3616.0,Amon G. Carter Stadium,2628,TCU,fbs,Big 12,38.0,"[10, 14, 7, 7]",0.9634056053080869,1526.0,1578.0,197,Oklahoma State,fbs,Big 12,13.0,"[0, 0, 6, 7]",0.03659439469191306,1427.0,1375.0,3.5054858606,,,
401628984,2024,11,regular,2024-11-10T00:30:00.000Z,False,True,False,False,77622.0,3855.0,Notre Dame Stadium,87,Notre Dame,fbs,FBS Independents,52.0,"[7, 14, 10, 21]",0.9979936321773281,2069.0,2133.0,52,Florida State,fbs,ACC,3.0,"[3, 0, 0, 0]",0.0020063678226719395,1447.0,1383.0,6.1236018995,,,
401628413,2024,11,regular,2024-11-10T00:30:00.000Z,False,True,False,True,102283.0,3958.0,Tiger Stadium (LA),99,LSU,fbs,SEC,13.0,"[3, 3, 0, 7]",0.0007481401510463615,1855.0,1800.0,333,Alabama,fbs,SEC,42.0,"[14, 7, 7, 14]",0.9992518598489536,2058.0,2113.0,3.3003434762,,,
401628415,2024,11,regular,2024-11-10T00:45:00.000Z,False,True,False,True,62621.0,3838.0,Memorial Stadium,142,Missouri,fbs,SEC,30.0,"[0, 3, 7, 20]",0.7676031624758273,1673.0,1683.0,201,Oklahoma,fbs,SEC,23.0,"[0, 9, 0, 14]",0.23239683752417273,1688.0,1678.0,8.4845676125,,,
401643752,2024,11,regular,2024-11-10T01:00:00.000Z,False,True,False,True,37143.0,3653.0,Albertsons Stadium,68,Boise State,fbs,Mountain West,28.0,"[14, 0, 7, 7]",0.9068377676743614,1761.0,1741.0,2440,Nevada,fbs,Mountain West,21.0,"[7, 7, 0, 7]",0.09316223232563858,1176.0,1196.0,6.2330369427,,,
401628546,2024,11,regular,2024-11-10T01:00:00.000Z,False,True,False,True,110233.0,3632.0,Beaver Stadium,213,Penn State,fbs,Big Ten,35.0,"[7, 21, 0, 7]",0.9986744458079607,1916.0,1967.0,264,Washington,fbs,Big Ten,6.0,"[0, 0, 3, 3]",0.00132555419203928,1695.0,1644.0,3.3476755478,,,
401634115,2024,11,regular,2024-11-10T01:00:00.000Z,False,True,False,True,6231.0,1027.0,Alex G. Spanos Stadium,13,Cal Poly,fcs,Big Sky,14.0,"[0, 7, 7, 0]",0.043539839851649165,,,2464,Northern Arizona,fcs,Big Sky,31.0,"[14, 10, 0, 7]",0.9564601601483509,,,2.5420000719,,,
401635610,2024,11,regular,2024-11-10T01:00:00.000Z,False,True,False,True,56693.0,3752.0,Acrisure Stadium,221,Pittsburgh,fbs,ACC,19.0,"[0, 13, 0, 6]",0.20914032954089304,1541.0,1519.0,258,Virginia,fbs,ACC,24.0,"[0, 7, 14, 3]",0.790859670459107,1359.0,1381.0,7.3938992017,,,
401643753,2024,11,regular,2024-11-10T02:00:00.000Z,False,True,False,True,12691.0,7220.0,Clarence T.C. Ching Athletics Complex,62,Hawai'i,fbs,Mountain West,27.0,"[7, 3, 10, 7]",0.40713149992716013,1247.0,1265.0,2439,UNLV,fbs,Mountain West,29.0,"[12, 0, 10, 7]",0.5928685000728399,1668.0,1650.0,8.2365350129,,,
401675528,2024,11,regular,2024-11-10T02:00:00.000Z,False,True,False,True,,5879.0,Tomlinson Stadium,2120,Central Washington,ii,Lone Star,66.0,"[35, 24, 7, 0]",,,,2834,Sul Ross State,ii,Lone Star,0.0,"[0, 0, 0, 0]",,,,,,,
401643751,2024,11,regular,2024-11-10T02:45:00.000Z,False,True,False,True,14794.0,3713.0,Falcon Stadium,2005,Air Force,fbs,Mountain West,36.0,"[7, 10, 9, 10]",0.9407530778712846,1287.0,1316.0,278,Fresno State,fbs,Mountain West,28.0,"[7, 14, 0, 7]",0.05924692212871541,1540.0,1511.0,6.232952863,,,
401636922,2024,11,regular,2024-11-10T03:15:00.000Z,False,True,False,True,54383.0,587.0,Rice-Eccles Stadium,254,Utah,fbs,Big 12,21.0,"[0, 21, 0, 0]",0.711458986690349,1568.0,1572.0,252,BYU,fbs,Big 12,22.0,"[3, 7, 3, 9]",0.288541013309651,1678.0,1674.0,6.4814276102,,,
401634119,2024,11,regular,2024-11-10T03:15:00.000Z,False,True,False,True,26012.0,3987.0,Washington-Grizzly Stadium,149,Montana,fcs,Big Sky,14.0,"[7, 0, 7, 0]",0.02433458699198582,,,302,UC Davis,fcs,Big Sky,30.0,"[7, 6, 7, 10]",0.9756654130080141,,,4.5322163506,,,
401643756,2024,11,regular,2024-11-10T03:30:00.000Z,False,True,False,False,20011.0,3820.0,Gesa Field,265,Washington State,fbs,Pac-12,49.0,"[7, 14, 14, 14]",0.996625517050503,1597.0,1606.0,328,Utah State,fbs,Mountain West,28.0,"[7, 0, 7, 14]",0.0033744829494970485,1179.0,1170.0,4.7296645388,,,
401644765,2024,12,regular,2024-11-13T00:00:00.000Z,False,True,False,True,14661.0,3739.0,Glass Bowl,2649,Toledo,fbs,Mid-American,37.0,"[7, 20, 7, 3]",0.9981858508738058,1463.0,1495.0,2117,Central Michigan,fbs,Mid-American,10.0,"[3, 0, 0, 7]",0.0018141491261941534,1123.0,1091.0,3.9677424339,,,
401644764,2024,12,regular,2024-11-13T00:00:00.000Z,False,True,False,True,1156.0,3700.0,Doyt L. Perry Stadium,189,Bowling Green,fbs,Mid-American,31.0,"[3, 14, 14, 0]",0.9962211567439763,1449.0,1472.0,2711,Western Michigan,fbs,Mid-American,13.0,"[0, 7, 6, 0]",0.003778843256023734,1272.0,1249.0,4.4086505192,,,
401644763,2024,12,regular,2024-11-13T00:00:00.000Z,False,True,False,True,12708.0,3965.0,UB Stadium,2084,Buffalo,fbs,Mid-American,51.0,"[7, 17, 7, 14, 6]",0.5372519914964371,1217.0,1217.0,2050,Ball State,fbs,Mid-American,48.0,"[7, 21, 7, 10, 3]",0.4627480085035629,1115.0,1115.0,7.8944491597,,,
401644689,2024,12,regular,2024-11-14T00:00:00.000Z,False,True,False,True,5328.0,3996.0,Yager Stadium,193,Miami (OH),fbs,Mid-American,34.0,"[10, 7, 14, 3]",,1548.0,1544.0,2309,Kent State,fbs,Mid-American,7.0,"[7, 0, 0, 0]",,831.0,835.0,,,,
401644767,2024,12,regular,2024-11-14T00:00:00.000Z,False,True,False,True,14133.0,3876.0,Peden Stadium,195,Ohio,fbs,Mid-American,35.0,"[0, 14, 7, 14]",0.9985919690578666,1510.0,1546.0,2199,Eastern Michigan,fbs,Mid-American,10.0,"[0, 7, 0, 3]",0.0014080309421333759,1261.0,1225.0,6.412877157,,,
401644766,2024,12,regular,2024-11-14T00:00:00.000Z,False,True,False,True,6795.0,3764.0,Huskie Stadium,2459,Northern Illinois,fbs,Mid-American,29.0,"[17, 6, 0, 6]",0.998337728406925,1471.0,1464.0,2006,Akron,fbs,Mid-American,16.0,"[6, 10, 0, 0]",0.001662271593074971,1048.0,1055.0,8.1149102449,,,
401645365,2024,12,regular,2024-11-15T00:30:00.000Z,False,True,False,True,17979.0,3674.0,Chapman Stadium,202,Tulsa,fbs,American Athletic,31.0,"[3, 14, 7, 7]",0.052563064473721964,952.0,971.0,151,East Carolina,fbs,American Athletic,38.0,"[7, 10, 7, 14]",0.9474369355262781,1410.0,1391.0,9.0698727819,,,
401634258,2024,12,regular,2024-11-15T01:00:00.000Z,False,True,False,True,3595.0,3809.0,Louis Crews Stadium,2010,Alabama A&M,fcs,SWAC,22.0,"[3, 3, 13, 3]",0.723303566852806,,,2755,Grambling,fcs,SWAC,17.0,"[3, 14, 0, 0]",0.27669643314719405,,,10.3246561577,,,
401643759,2024,12,regular,2024-11-16T01:00:00.000Z,False,True,False,True,36720.0,5388.0,Canvas Stadium,36,Colorado State,fbs,Mountain West,24.0,"[14, 3, 7, 0]",0.9983913140900289,1343.0,1366.0,2751,Wyoming,fbs,Mountain West,10.0,"[0, 3, 7, 0]",0.001608685909971097,1283.0,1260.0,4.2170813191,,,
401645366,2024,12,regular,2024-11-16T01:00:00.000Z,False,True,False,True,21350.0,3604.0,Alamodome,2636,UTSA,fbs,American Athletic,48.0,"[14, 13, 3, 18]",0.9924460223407064,1408.0,1463.0,249,North Texas,fbs,American Athletic,27.0,"[0, 7, 13, 7]",0.007553977659293554,1455.0,1400.0,4.4650091603,,,
401654556,2024,12,regular,2024-11-16T01:00:00.000Z,False,True,False,True,5429.0,3862.0,O'Kelly-Riddick Stadium,2428,North Carolina Central,fcs,MEAC,26.0,"[0, 6, 7, 13]",0.9987691811084776,,,47,Howard,fcs,MEAC,3.0,"[3, 0, 0, 0]",0.0012308188915224338,,,6.4446068184,,,
401628553,2024,12,regular,2024-11-16T02:00:00.000Z,False,True,False,True,68811.0,3765.0,Husky Stadium,264,Washington,fbs,Big Ten,31.0,"[7, 7, 3, 14]",0.8477243937188877,1644.0,1654.0,26,UCLA,fbs,Big Ten,19.0,"[0, 10, 3, 6]",0.15227560628111225,1476.0,1466.0,5.9580083077,,,
401636923,2024,12,regular,2024-11-16T03:15:00.000Z,False,True,False,True,38538.0,3619.0,Arizona Stadium,12,Arizona,fbs,Big 12,27.0,"[7, 3, 17, 0]",0.9517441364487145,1382.0,1440.0,248,Houston,fbs,Big 12,3.0,"[0, 3, 0, 0]",0.04825586355128553,1364.0,1306.0,4.4978273245,,,
401675434,2024,12,regular,2024-11-16T17:00:00.000Z,False,True,False,True,,3731.0,Frost-Kalnow Stadium,2838,Tiffin,ii,Great Midwest Athletic,37.0,"[14, 7, 6, 10]",,,,2224,Findlay,ii,Great Midwest Athletic,14.0,"[0, 14, 0, 0]",,,,,,,
401676714,2024,12,regular,2024-11-16T17:00:00.000Z,False,True,False,True,,3848.0,Multi-Sport Stadium,2038,Assumption,ii,Northeast 10,19.0,"[0, 0, 7, 6, 0, 6]",,,,112334,Franklin Pierce,ii,Northeast 10,21.0,"[0, 6, 0, 7, 0, 8]",,,,,,,
401645370,2024,12,regular,2024-11-16T17:00:00.000Z,False,True,False,True,38914.0,3852.0,Navy-Marine Corps Memorial Stadium,2426,Navy,fbs,American Athletic,0.0,"[0, 0, 0, 0]",0.0003781563619851414,1544.0,1477.0,2655,Tulane,fbs,American Athletic,35.0,"[7, 7, 7, 14]",0.9996218436380149,1807.0,1874.0,2.5201108119,,,
401675770,2024,12,regular,2024-11-16T17:00:00.000Z,False,True,False,True,,4750.0,The Reservation,2336,Limestone,ii,South Atlantic,31.0,"[0, 0, 10, 21]",,,,2369,Mars Hill,ii,South Atlantic,26.0,"[0, 6, 6, 14]",,,,,,,
401628686,2024,12,regular,2024-11-16T17:00:00.000Z,False,True,False,True,,5389.0,Kessler Stadium,2405,Monmouth,fcs,CAA,40.0,"[6, 13, 14, 7]",0.9984566905796788,,,222,Villanova,fcs,CAA,33.0,"[7, 7, 3, 16]",0.001543309420321215,,,4.8339879067,,,
401641013,2024,12,regular,2024-11-16T17:00:00.000Z,False,True,False,True,13312.0,3796.0,Houchens Industries-L.T. Smith Stadium,98,Western Kentucky,fbs,Conference USA,7.0,"[0, 7, 0, 0]",0.29488992600726116,1506.0,1482.0,2348,Louisiana Tech,fbs,Conference USA,12.0,"[3, 6, 0, 3]",0.7051100739927388,1297.0,1321.0,6.4233035371,,,
401673436,2024,12,regular,2024-11-16T17:00:00.000Z,False,True,False,True,,5842.0,Robert T. Shields Field,2221,FDU Florham,iii,Mid Atlantic,33.0,"[6, 27, 0, 0]",,,,127954,Eastern,iii,Mid Atlantic,37.0,"[7, 7, 3, 20]",,,,,,,
401674894,2024,12,regular,2024-11-16T17:00:00.000Z,False,True,False,True,,6144.0,"Alumni Field (Westfield, MA)",2909,Westfield State,iii,MSCAC,22.0,"[6, 6, 7, 3]",,,,114,Fitchburg State,iii,MSCAC,7.0,"[0, 0, 0, 7]",,,,,,,
401674902,2024,12,regular,2024-11-16T17:00:00.000Z,False,True,False,True,,5808.0,Edward C. Swenson Athletic Complex,18,Bridgewater State,iii,MSCAC,20.0,"[7, 6, 7, 0]",,,,110,Mass Maritime,iii,MSCAC,0.0,"[0, 0, 0, 0]",,,,,,,
401674909,2024,12,regular,2024-11-16T17:00:00.000Z,False,True,False,True,,3819.0,Bowditch Field,2967,Framingham State,iii,MSCAC,30.0,"[0, 16, 7, 7]",,,,402,Worcester State,iii,MSCAC,20.0,"[6, 0, 0, 14]",,,,,,,
401676223,2024,12,regular,2024-11-16T17:00:00.000Z,False,True,False,True,,6115.0,Toppa Field,2776,Salve Regina,iii,NEWMAC,31.0,"[14, 10, 7, 0]",,,,2467,Norwich,iii,NEWMAC,30.0,"[10, 7, 0, 13]",,,,,,,
401676229,2024,12,regular,2024-11-16T17:00:00.000Z,False,True,False,True,,3889.0,Reinhart Field,2951,SUNY Maritime,iii,NEWMAC,20.0,"[0, 7, 7, 6]",,,,81,Springfield,iii,NEWMAC,55.0,"[14, 13, 7, 21]",,,,,,,
401687157,2024,12,regular,2024-11-16T17:00:00.000Z,False,True,False,True,,6087.0,Drake Field (NY),3110,SUNY Morrisville,iii,Empire 8,31.0,"[7, 17, 0, 7]",,,,173,Hartwick,iii,Empire 8,14.0,"[0, 7, 7, 0]",,,,,,,
401628419,2024,12,regular,2024-11-16T17:00:00.000Z,False,True,False,True,74929.0,3887.0,Razorback Stadium,8,Arkansas,fbs,SEC,10.0,"[0, 0, 7, 3]",0.12650835218280748,1524.0,1547.0,251,Texas,fbs,SEC,20.0,"[7, 3, 3, 7]",0.8734916478171926,2094.0,2071.0,5.199472338,,,
401628550,2024,12,regular,2024-11-16T17:00:00.000Z,False,True,True,True,38147.0,4250.0,Wrigley Field,77,Northwestern,fbs,Big Ten,7.0,"[0, 7, 0, 0]",0.0047227490781524065,1479.0,1486.0,194,Ohio State,fbs,Big Ten,31.0,"[0, 21, 10, 0]",0.9952772509218476,2093.0,2086.0,2.7808929633,,,
401733667,2024,12,regular,2024-11-16T17:00:00.000Z,False,True,False,True,,6027.0,Albert J. H. Sloan - Alumni Stadium,2396,Miles,ii,SIAC,53.0,"[16, 13, 10, 14]",,,,2805,Clark Atlanta,ii,SIAC,25.0,"[0, 14, 2, 9]",,,,,,SIAC Championship Game,
401635582,2024,12,regular,2024-11-16T17:00:00.000Z,False,True,False,True,58667.0,3752.0,Acrisure Stadium,221,Pittsburgh,fbs,ACC,20.0,"[7, 0, 0, 13]",0.12168609862905368,1519.0,1531.0,228,Clemson,fbs,ACC,24.0,"[7, 10, 0, 7]",0.8783139013709463,1827.0,1815.0,5.9101362314,,,
401629046,2024,12,regular,2024-11-16T17:00:00.000Z,False,True,False,False,9115.0,3985.0,Warren McGuirk Alumni Stadium,113,Massachusetts,fbs,FBS Independents,34.0,"[7, 13, 0, 8, 6]",0.29384254862932685,994.0,1017.0,2335,Liberty,fbs,Conference USA,35.0,"[0, 7, 7, 14, 7]",0.7061574513706732,1568.0,1545.0,8.8553013202,,,
401636925,2024,12,regular,2024-11-16T17:00:00.000Z,False,True,False,True,54646.0,3726.0,Folsom Field,38,Colorado,fbs,Big 12,49.0,"[14, 7, 7, 21]",0.9847781812601605,1627.0,1684.0,254,Utah,fbs,Big 12,24.0,"[3, 6, 7, 8]",0.015221818739839521,1572.0,1515.0,5.0676713463,,,
401682282,2024,12,regular,2024-11-16T17:00:00.000Z,False,True,False,True,,3690.0,Charles L. Currier Memorial Field,2972,Plymouth State,iii,MSCAC,42.0,"[0, 14, 21, 7]",,,,379,UMass Dartmouth,iii,MSCAC,47.0,"[7, 20, 8, 12]",,,,,,,
401676739,2024,12,regular,2024-11-16T17:00:00.000Z,False,True,False,True,,5876.0,Bentley University Football Stadium,2060,Bentley,ii,Northeast 10,41.0,"[7, 14, 13, 7]",,,,2830,Saint Anselm,ii,Northeast 10,14.0,"[0, 0, 0, 14]",,,,,,,
401676769,2024,12,regular,2024-11-16T17:00:00.000Z,False,True,False,True,,5637.0,Vendetti Field,2884,Nichols,iii,Commonwealth Coast,28.0,"[7, 7, 0, 14]",,,,2702,Western New England,iii,Commonwealth Coast,56.0,"[14, 14, 14, 14]",,,,,,,
401677497,2024,12,regular,2024-11-16T17:00:00.000Z,False,True,False,True,,5899.0,"Alumni Stadium (Worcester, MA)",2749,WPI,iii,NEWMAC,34.0,"[7, 7, 6, 14]",,,,109,MIT,iii,NEWMAC,12.0,"[3, 2, 0, 7]",,,,,,,
401676747,2024,12,regular,2024-11-16T17:00:00.000Z,False,True,False,True,,3859.0,Offutt Field,611,Seton Hill,ii,Pennsylvania State Athletic,10.0,"[3, 7, 0, 0]",,,,2974,Shepherd,ii,Pennsylvania State Athletic,13.0,"[0, 7, 6, 0]",,,,,,,
401676113,2024,12,regular,2024-11-16T17:00:00.000Z,False,True,False,True,,6096.0,Austin E. Knowlton Athletics Complex,391,Oberlin,iii,North Coast,20.0,"[7, 10, 0, 3]",,,,2274,Hiram,iii,North Coast,17.0,"[0, 10, 7, 0]",,,,,,,
401682325,2024,12,regular,2024-11-16T17:00:00.000Z,False,True,False,True,,5868.0,Ronald J. Abdow Field,2022,American International,ii,Northeast 10,21.0,"[7, 7, 7, 0]",,,,2583,Southern Connecticut State,ii,Northeast 10,50.0,"[19, 14, 0, 17]",,,,,,,
401676014,2024,12,regular,2024-11-16T17:00:00.000Z,False,True,False,True,,5932.0,Lloyd L. Thornton Stadium,2373,Maryville (TN),iii,USA South,35.0,"[7, 14, 7, 7]",,,,286,North Carolina Wesleyan,iii,USA South,14.0,"[0, 14, 0, 0]",,,,,,,
401676126,2024,12,regular,2024-11-16T17:00:00.000Z,False,True,False,True,,6145.0,Blue Jay Stadium,433,Westminster (MO),iii,Upper Midwest,21.0,"[7, 0, 7, 7]",,,,583,Northwestern (MN),iii,Upper Midwest,33.0,"[0, 7, 13, 13]",,,,,,,
401676217,2024,12,regular,2024-11-16T17:00:00.000Z,False,True,False,True,,5997.0,Brooks Stadium (NY),2383,Merchant Marine,iii,NEWMAC,21.0,"[0, 7, 7, 7]",,,,2557,Coast Guard,iii,NEWMAC,42.0,"[0, 21, 7, 14]",,,,,,,
401674379,2024,12,regular,2024-11-16T17:00:00.000Z,False,True,False,True,,4440.0,Sox Harrison Stadium,2205,Edinboro,ii,Pennsylvania State Athletic,21.0,"[0, 0, 7, 14]",,,,210,Millersville,ii,Pennsylvania State Athletic,23.0,"[7, 6, 7, 3]",,,,,,,
401674372,2024,12,regular,2024-11-16T17:00:00.000Z,False,True,False,True,,4437.0,"Memorial Stadium (Clarion, PA)",2134,Clarion,ii,Pennsylvania State Athletic,19.0,"[0, 7, 6, 6]",,,,2188,East Stroudsburg,ii,Pennsylvania State Athletic,22.0,"[7, 7, 0, 8]",,,,,,,
401676367,2024,12,regular,2024-11-16T17:00:00.000Z,False,True,False,True,,6101.0,"Memorial Stadium (Westerville, OH)",359,Otterbein,iii,Ohio,15.0,"[0, 9, 0, 6]",,,,427,Ohio Northern,iii,Ohio,47.0,"[0, 10, 22, 15]",,,,,,,
401654614,2024,12,regular,2024-11-16T17:00:00.000Z,False,True,False,True,2896.0,6048.0,Duane Stadium,2771,Merrimack,fcs,FCS Independents,20.0,"[10, 7, 3, 0]",0.016420348097648134,,,2529,Sacred Heart,fcs,FCS Independents,31.0,"[7, 7, 7, 10]",0.9835796519023519,,,5.6958423333,,,
401654594,2024,12,regular,2024-11-16T17:00:00.000Z,False,True,False,True,1653.0,3623.0,Arthur J. Rooney Athletic Field,2184,Duquesne,fcs,NEC,42.0,"[0, 21, 14, 7]",0.9833849153883804,,,2681,Wagner,fcs,NEC,21.0,"[7, 0, 14, 0]",0.016615084611619646,,,4.5462515754,,,
401654503,2024,12,regular,2024-11-16T17:00:00.000Z,False,True,False,True,3002.0,3991.0,"William Dick"""" Price Stadium""""",2450,Norfolk State,fcs,MEAC,38.0,"[7, 3, 21, 7]",0.9947688785051202,,,2169,Delaware State,fcs,MEAC,19.0,"[3, 10, 0, 6]",0.005231121494879809,,,5.0871846918,,,
401654599,2024,12,regular,2024-11-16T17:00:00.000Z,False,True,True,True,684.0,6043.0,Bethpage Federal Credit Union Stadium,2341,Long Island University,fcs,NEC,27.0,"[7, 10, 10, 0]",,,,2598,Saint Francis,fcs,NEC,34.0,"[0, 17, 7, 10]",,,,,,,
401654495,2024,12,regular,2024-11-16T17:00:00.000Z,False,True,False,True,2976.0,3656.0,Brown Stadium,225,Brown,fcs,Ivy,12.0,"[0, 3, 0, 9]",0.13952113295558985,,,171,Columbia,fcs,Ivy,21.0,"[0, 7, 7, 7]",0.8604788670444101,,,4.9418945536,,,
401654580,2024,12,regular,2024-11-16T17:00:00.000Z,False,True,False,True,3192.0,3624.0,Arute Field,2115,Central Connecticut,fcs,NEC,35.0,"[0, 10, 0, 17, 0, 8]",,,,2523,Robert Morris,fcs,NEC,33.0,"[3, 14, 7, 3, 0, 6]",,,,,,,
401628685,2024,12,regular,2024-11-16T17:00:00.000Z,False,True,False,True,1657.0,3620.0,Armstrong Stadium,2261,Hampton,fcs,CAA,21.0,"[7, 0, 7, 7]",0.3142635038918882,,,257,Richmond,fcs,CAA,24.0,"[14, 3, 7, 0]",0.6857364961081118,,,5.7590476864,,,
401654468,2024,12,regular,2024-11-16T17:00:00.000Z,False,True,False,True,7594.0,3997.0,Yale Bowl,43,Yale,fcs,Ivy,42.0,"[7, 14, 14, 7]",0.9980458343065084,,,163,Princeton,fcs,Ivy,28.0,"[7, 14, 7, 0]",0.001954165693491605,,,6.1338916501,,,
401638697,2024,12,regular,2024-11-16T17:00:00.000Z,False,True,False,True,2921.0,3988.0,Welcome Stadium,2168,Dayton,fcs,Pioneer,26.0,"[0, 14, 3, 9]",0.7516328765945812,,,2674,Valparaiso,fcs,Pioneer,14.0,"[7, 0, 0, 7]",0.24836712340541878,,,6.9313171201,,,
401634141,2024,12,regular,2024-11-16T17:00:00.000Z,False,True,False,True,8436.0,5400.0,William B. Greene Jr. Stadium,2193,East Tennessee State,fcs,Southern,21.0,"[7, 0, 14, 0]",0.5600779210340332,,,231,Furman,fcs,Southern,24.0,"[7, 7, 7, 3]",0.4399220789659668,,,7.2469627551,,,
401654639,2024,12,regular,2024-11-16T17:00:00.000Z,False,True,False,True,11357.0,3722.0,Fitton Field,107,Holy Cross,fcs,Patriot,40.0,"[0, 10, 14, 16]",0.977834567282911,,,2083,Bucknell,fcs,Patriot,38.0,"[14, 7, 10, 7]",0.02216543271708904,,,7.8434680929,,,
401634249,2024,12,regular,2024-11-16T17:00:00.000Z,False,True,False,True,7038.0,844.0,Stambaugh Stadium,2754,Youngstown State,fcs,MVFC,39.0,"[7, 7, 0, 17, 8]",0.7553602569124855,,,2460,Northern Iowa,fcs,MVFC,38.0,"[0, 7, 14, 10, 7]",0.24463974308751446,,,7.9719872181,,,
401674386,2024,12,regular,2024-11-16T17:00:00.000Z,False,True,False,True,,4441.0,McConnell Family Stadium,367,Gannon,ii,Pennsylvania State Athletic,13.0,"[7, 3, 3, 0]",,,,209,Lock Haven,ii,Pennsylvania State Athletic,21.0,"[7, 7, 0, 7]",,,,,,,
401638694,2024,12,regular,2024-11-16T17:00:00.000Z,False,True,False,True,1393.0,36.0,Leonidoff Field,2368,Marist,fcs,Pioneer,23.0,"[13, 3, 0, 7]",0.00420978522322017,,,2506,Presbyterian,fcs,Pioneer,42.0,"[14, 14, 14, 0]",0.9957902147767799,,,3.4739290095,,,
401654622,2024,12,regular,2024-11-16T17:00:00.000Z,False,True,False,True,3321.0,3741.0,Goodman Stadium,2329,Lehigh,fcs,Patriot,45.0,"[7, 10, 14, 14]",0.9989484731251961,,,2142,Colgate,fcs,Patriot,17.0,"[3, 0, 0, 14]",0.0010515268748039208,,,3.2716838918,,,
401673417,2024,12,regular,2024-11-16T17:00:00.000Z,False,True,False,True,,3920.0,Schmidt Stadium,398,Wilkes,iii,Landmark Conference,47.0,"[0, 26, 21, 0]",,,,323,Moravian,iii,Landmark Conference,28.0,"[0, 7, 7, 14]",,,,,,,
401674696,2024,12,regular,2024-11-16T17:00:00.000Z,False,True,False,True,,3922.0,Kenneth R. Gill Stadium,2700,McDaniel,iii,Centennial,0.0,"[0, 0, 0, 0]",,,,118,Johns Hopkins,iii,Centennial,35.0,"[7, 14, 7, 7]",,,,,,,
401674710,2024,12,regular,2024-11-16T17:00:00.000Z,False,True,False,True,,5830.0,Walter M. Katz Field,40,Curry,iii,Commonwealth Coast,14.0,"[0, 7, 0, 7]",,,,452,Endicott,iii,Commonwealth Coast,49.0,"[14, 21, 14, 0]",,,,,,,
401674762,2024,12,regular,2024-11-16T17:00:00.000Z,False,True,False,False,,5125.0,Stadium Red Field,2782,SUNY Cortland,iii,Empire 8,28.0,"[7, 7, 7, 7]",,,,175,Ithaca,iii,Liberty League,17.0,"[14, 0, 3, 0]",,,,,,,
401674357,2024,12,regular,2024-11-16T17:00:00.000Z,False,True,False,True,,4436.0,Adamson Stadium,2858,California (PA),ii,Pennsylvania State Athletic,14.0,"[0, 0, 7, 7]",,,,2315,Kutztown,ii,Pennsylvania State Athletic,21.0,"[7, 0, 7, 7]",,,,,,,
401674852,2024,12,regular,2024-11-16T17:00:00.000Z,False,True,False,True,,6107.0,ECAV Stadium,2528,Rensselaer,iii,Liberty League,24.0,"[0, 10, 7, 7]",,,,237,Union,iii,Liberty League,7.0,"[0, 7, 0, 0]",,,,,,,
401674875,2024,12,regular,2024-11-16T17:00:00.000Z,False,True,False,True,,5907.0,McCarthy Stadium (Wilkes Barre),247,King's,iii,Mid Atlantic,33.0,"[0, 13, 7, 13]",,,,471,Stevenson,iii,Mid Atlantic,21.0,"[7, 7, 0, 7]",,,,,,,
401673427,2024,12,regular,2024-11-16T17:00:00.000Z,False,True,False,True,,4855.0,Leslie C. Quick Jr. Stadium,2725,Widener,iii,Mid Atlantic,26.0,"[0, 0, 20, 6]",,,,2808,Delaware Valley,iii,Mid Atlantic,49.0,"[0, 21, 14, 14]",,,,,,,
401674264,2024,12,regular,2024-11-16T17:00:00.000Z,False,True,False,True,,5121.0,University of Charleston Stadium,2128,Charleston (WV),ii,Mountain East,52.0,"[18, 14, 20, 0]",,,,2707,West Virginia State,ii,Mountain East,17.0,"[0, 0, 3, 14]",,,,,,,
401674814,2024,12,regular,2024-11-16T17:00:00.000Z,False,True,False,True,,5925.0,David Person Field,2354,Lycoming,iii,Landmark Conference,7.0,"[0, 0, 0, 7]",,,,216,Susquehanna,iii,Landmark Conference,55.0,"[14, 27, 7, 7]",,,,,,,
401675441,2024,12,regular,2024-11-16T17:00:00.000Z,False,True,False,True,,3870.0,Panther Stadium (OH),2477,Ohio Dominican,ii,Great Midwest Athletic,6.0,"[0, 6, 0, 0]",,,,2273,Hillsdale,ii,Great Midwest Athletic,28.0,"[7, 7, 7, 7]",,,,,,,
401628688,2024,12,regular,2024-11-16T17:00:00.000Z,False,True,False,True,3960.0,3781.0,Johnny Unitas Stadium,119,Towson,fcs,CAA,31.0,"[10, 7, 7, 7]",0.998044076107299,,,2448,North Carolina A&T,fcs,CAA,13.0,"[0, 0, 0, 13]",0.0019559238927010503,,,3.6698353613,,,
401654631,2024,12,regular,2024-11-16T17:30:00.000Z,False,True,False,False,2856.0,3721.0,Fisher Field,322,Lafayette,fcs,Patriot,42.0,"[21, 7, 7, 7]",0.9987725580842662,,,284,Stonehill,fcs,NEC,10.0,"[0, 3, 0, 7]",0.0012274419157337624,,,2.7849235604,,,
401628426,2024,12,regular,2024-11-16T17:45:00.000Z,False,True,False,False,88043.0,3785.0,Jordan-Hare Stadium,2,Auburn,fbs,SEC,48.0,"[10, 14, 14, 10]",0.9982394798783483,1550.0,1604.0,2433,UL Monroe,fbs,Sun Belt,14.0,"[0, 0, 7, 7]",0.0017605201216517319,1220.0,1166.0,2.9019414298,,,
401676141,2024,12,regular,2024-11-16T18:00:00.000Z,False,True,False,True,,5829.0,Old National Bank Stadium,509,Crown,iii,Upper Midwest,0.0,"[0, 0, 0, 0]",,,,2257,Greenville,iii,Upper Midwest,29.0,"[0, 13, 7, 9]",,,,,,,
401676278,2024,12,regular,2024-11-16T18:00:00.000Z,False,True,False,True,,6150.0,Wightman Stadium,2970,William Paterson,iii,New Jersey,0.0,"[0, 0, 0, 0]",,,,2827,Rowan,iii,New Jersey,45.0,"[14, 14, 7, 10]",,,,,,,
401676270,2024,12,regular,2024-11-16T18:00:00.000Z,False,True,False,True,,5818.0,Farris Stadium,2121,Centre,iii,Southern Athletic,35.0,"[14, 14, 0, 7]",,,,2553,Sewanee,iii,Southern Athletic,8.0,"[0, 8, 0, 0]",,,,,,,
401676243,2024,12,regular,2024-11-16T18:00:00.000Z,False,True,False,True,,5905.0,Kean Alumni Stadium,2871,Kean,iii,New Jersey,28.0,"[0, 7, 7, 14]",,,,2532,Salisbury,iii,New Jersey,58.0,"[14, 21, 7, 16]",,,,,,,
401734011,2024,12,regular,2024-11-16T18:00:00.000Z,False,True,False,True,,5893.0,Hollingsworth Field,2968,Gustavus Adolphus,iii,Minnesota,13.0,"[3, 3, 0, 7]",,,,2152,Concordia (MN),iii,Minnesota,17.0,"[3, 7, 0, 7]",,,,,,,
401675012,2024,12,regular,2024-11-16T18:00:00.000Z,False,True,False,True,,5908.0,Harley Knosher Bowl,255,Knox,iii,Midwest,0.0,"[0, 0, 0, 0]",,,,2919,Monmouth (IL),iii,Midwest,49.0,"[7, 21, 14, 7]",,,,,,,
401675426,2024,12,regular,2024-11-16T18:00:00.000Z,False,True,False,True,,3770.0,Jack Miller Stadium,308,Ashland,ii,Great Midwest Athletic,44.0,"[0, 27, 10, 7]",,,,2316,Kentucky Wesleyan,ii,Great Midwest Athletic,30.0,"[10, 13, 7, 0]",,,,,,,
401675453,2024,12,regular,2024-11-16T18:00:00.000Z,False,True,False,True,,3769.0,Jack Britt Memorial Stadium,437,Lake Erie,ii,Great Midwest Athletic,25.0,"[10, 7, 0, 8]",,,,2646,Thomas More,ii,Great Midwest Athletic,28.0,"[7, 14, 7, 0]",,,,,,,
401675284,2024,12,regular,2024-11-16T18:00:00.000Z,False,True,False,True,,6127.0,John P. Papp Stadium,2748,Wooster,iii,North Coast,27.0,"[7, 7, 6, 7]",,,,2746,Wittenberg,iii,North Coast,48.0,"[17, 17, 14, 0]",,,,,,,
401675023,2024,12,regular,2024-11-16T18:00:00.000Z,False,True,False,True,,6109.0,Ingalls Field,2891,Ripon,iii,Midwest,41.0,"[13, 14, 7, 7]",,,,268,Lawrence,iii,Midwest,0.0,"[0, 0, 0, 0]",,,,,,,
401634167,2024,12,regular,2024-11-16T18:00:00.000Z,False,True,False,True,3188.0,3829.0,Memorial Stadium,282,Indiana State,fcs,MVFC,19.0,"[7, 0, 0, 12]",0.18281245528336743,,,2287,Illinois State,fcs,MVFC,31.0,"[0, 17, 14, 0]",0.8171875447166326,,,3.4769051369,,,
401676632,2024,12,regular,2024-11-16T18:00:00.000Z,False,True,False,True,,5803.0,Bison Stadium,2062,Bethany (WV),iii,Presidents',23.0,"[7, 3, 6, 7]",,,,2644,Thiel,iii,Presidents',30.0,"[18, 6, 6, 0]",,,,,,,
401676440,2024,12,regular,2024-11-16T18:00:00.000Z,False,True,False,True,,5849.0,Reeves Field (PA),2242,Geneva,iii,Presidents',33.0,"[7, 14, 7, 5]",,,,2845,Waynesburg,iii,Presidents',6.0,"[0, 6, 0, 0]",,,,,,,
401734015,2024,12,regular,2024-11-16T18:00:00.000Z,False,True,False,True,,5813.0,Klein Field at Manitou,133,St. Olaf,iii,Minnesota,41.0,"[7, 14, 17, 3]",,,,124,Augsburg,iii,Minnesota,26.0,"[7, 7, 6, 6]",,,,,,,
401676625,2024,12,regular,2024-11-16T18:00:00.000Z,False,True,False,True,,5789.0,Frank B. Fuhrer Field,2018,Allegheny,iii,Presidents',0.0,"[0, 0, 0, 0]",,,,2686,Washington & Jefferson,iii,Presidents',45.0,"[14, 21, 7, 3]",,,,,,,
401677468,2024,12,regular,2024-11-16T18:00:00.000Z,False,True,False,True,,5791.0,Turf Field,111674,Alvernia,iii,Mid Atlantic,34.0,"[7, 7, 0, 14, 6]",,,,2969,Misericordia,iii,Mid Atlantic,31.0,"[6, 15, 7, 0, 3]",,,,,,,
401734013,2024,12,regular,2024-11-16T18:00:00.000Z,False,True,False,True,,7079.0,Laird Stadium,2101,Carleton,iii,Minnesota,21.0,"[0, 14, 7, 0]",,,,162,Hamline,iii,Minnesota,9.0,"[3, 0, 0, 6]",,,,,,,
401674537,2024,12,regular,2024-11-16T18:00:00.000Z,False,True,False,True,,6077.0,Stokes Stadium,2654,Truman State,ii,Great Lakes,55.0,"[7, 28, 13, 7]",,,,2586,Southwest Baptist,ii,Great Lakes,3.0,"[3, 0, 0, 0]",,,,,,,
401643832,2024,12,regular,2024-11-16T18:00:00.000Z,False,True,False,True,24175.0,3775.0,Joan C. Edwards Stadium,276,Marshall,fbs,Sun Belt,31.0,"[3, 14, 7, 7]",0.8907232528989656,1472.0,1489.0,324,Coastal Carolina,fbs,Sun Belt,19.0,"[7, 0, 0, 12]",0.10927674710103441,1403.0,1386.0,6.5761499991,,,
401675550,2024,12,regular,2024-11-16T18:00:00.000Z,False,True,False,True,,6123.0,Jackson Field,2834,Sul Ross State,ii,Lone Star,7.0,"[0, 0, 7, 0]",,,,110243,UT Permian Basin,ii,Lone Star,75.0,"[28, 20, 14, 13]",,,,,,,
401676431,2024,12,regular,2024-11-16T18:00:00.000Z,False,True,False,True,,5896.0,Lewis C. Everett Stadium,297,Hampden Sydney,iii,Old Dominion,6.0,"[6, 0, 0, 0]",,,,2516,Randolph Macon,iii,Old Dominion,27.0,"[0, 0, 13, 14]",,,,,,,
401676005,2024,12,regular,2024-11-16T18:00:00.000Z,False,True,False,True,,5910.0,Callaway Stadium,548,LaGrange,iii,USA South,50.0,"[20, 14, 3, 13]",,,,2896,Southern Virginia,iii,USA South,24.0,"[7, 10, 7, 0]",,,,,,,
401675475,2024,12,regular,2024-11-16T18:00:00.000Z,False,True,False,True,,6061.0,Younts Stadium,2822,North Greenville,ii,Gulf South,31.0,"[7, 7, 7, 10]",,,,2804,Chowan,ii,Gulf South,27.0,"[0, 7, 12, 8]",,,,,,,
401676042,2024,12,regular,2024-11-16T18:00:00.000Z,False,True,False,True,,5826.0,Concordia Stadium,2151,Concordia Chicago,iii,NACC,14.0,"[0, 0, 7, 7]",,,,2283,Benedictine (IL),iii,NACC,49.0,"[21, 21, 7, 0]",,,,,,,
401673390,2024,12,regular,2024-11-16T18:00:00.000Z,False,True,False,True,,3926.0,Setzler Field,2444,Newberry,ii,South Atlantic,7.0,"[0, 7, 0, 0]",,,,2213,Emory & Henry,ii,South Atlantic,27.0,"[0, 7, 10, 10]",,,,,,,
401673444,2024,12,regular,2024-11-16T18:00:00.000Z,False,True,False,True,,3621.0,Arnold Field (PA),388,Lebanon Valley,iii,Mid Atlantic,27.0,"[10, 3, 7, 7]",,,,2015,Albright,iii,Mid Atlantic,3.0,"[0, 0, 3, 0]",,,,,,,
401673955,2024,12,regular,2024-11-16T18:00:00.000Z,False,True,False,True,,5897.0,Francis Field (MO),143,Washington St. Louis,iii,CCIW,45.0,"[10, 14, 14, 7]",,,,2042,Augustana (IL),iii,CCIW,24.0,"[14, 3, 7, 0]",,,,,,,
401674166,2024,12,regular,2024-11-16T18:00:00.000Z,False,True,False,True,,6057.0,Ron & Carol Cope Stadium at Foster Field,2438,Nebraska Kearney,ii,Mid America,20.0,"[0, 0, 14, 6]",,,,2231,Fort Hays,ii,Mid America,27.0,"[7, 17, 0, 3]",,,,,,,
401674337,2024,12,regular,2024-11-16T18:00:00.000Z,False,True,False,True,,3638.0,MDU Resources Community Bowl,559,University of Mary,ii,Northern Sun,3.0,"[3, 0, 0, 0]",,,,2817,Minnesota St Moorhead,ii,Northern Sun,52.0,"[0, 24, 14, 14]",,,,,,,
401674348,2024,12,regular,2024-11-16T18:00:00.000Z,False,True,False,True,,4430.0,Mihalik-Thompson Stadium,215,Slippery Rock,ii,Pennsylvania State Athletic,27.0,"[7, 10, 10, 0]",,,,2071,Bloomsburg,ii,Pennsylvania State Athletic,7.0,"[7, 0, 0, 0]",,,,,,,
401674678,2024,12,regular,2024-11-16T18:00:00.000Z,False,True,False,True,,5835.0,Biddle Field,2175,Dickinson,iii,Centennial,13.0,"[0, 6, 0, 7]",,,,2667,Ursinus,iii,Centennial,24.0,"[0, 3, 7, 14]",,,,,,,
401676093,2024,12,regular,2024-11-16T18:00:00.000Z,False,True,False,True,,6099.0,Selby Stadium,2980,Ohio Wesleyan,iii,North Coast,14.0,"[0, 0, 14, 0]",,,,2171,Denison,iii,North Coast,28.0,"[14, 7, 7, 0]",,,,,,,
401674288,2024,12,regular,2024-11-16T18:00:00.000Z,False,True,False,True,,5784.0,Cebe Ross Field,455,West Virginia Wesleyan,ii,Mountain East,23.0,"[7, 7, 3, 6]",,,,2249,Glenville State,ii,Mountain East,42.0,"[7, 7, 14, 14]",,,,,,,
401674833,2024,12,regular,2024-11-16T18:00:00.000Z,False,True,False,True,,5856.0,Boswell Field at David J. Urick Stadium,174,Hobart,iii,Liberty League,37.0,"[13, 7, 3, 14]",,,,184,Rochester (NY),iii,Liberty League,7.0,"[0, 0, 0, 7]",,,,,,,
401674557,2024,12,regular,2024-11-16T18:00:00.000Z,False,True,False,True,,3960.0,Top Taggart Field,2222,Ferris State,ii,GLIAC,24.0,"[0, 7, 7, 10]",,,,110254,Davenport,ii,GLIAC,9.0,"[3, 6, 0, 0]",,,,,,,
401673454,2024,12,regular,2024-11-16T18:00:00.000Z,False,True,False,True,,5858.0,England Stadium,2286,Illinois College,iii,Midwest,96.0,"[35, 34, 21, 6]",,,,266,Beloit,iii,Midwest,14.0,"[0, 14, 0, 0]",,,,,,,
401676445,2024,12,regular,2024-11-16T18:00:00.000Z,False,True,False,True,,6138.0,Wilson Field,2688,Washington and Lee,iii,Old Dominion,21.0,"[0, 0, 7, 14]",,,,2828,Shenandoah,iii,Old Dominion,28.0,"[7, 14, 0, 7]",,,,,,,
401674507,2024,12,regular,2024-11-16T18:00:00.000Z,False,True,False,True,,6045.0,Dwight T. Reed Stadium,2876,Lincoln (MO),ii,Great Lakes,0.0,"[0, 0, 0, 0]",,,,2292,Indianapolis,ii,Great Lakes,52.0,"[21, 17, 7, 7]",,,,,,,
401674687,2024,12,regular,2024-11-16T18:00:00.000Z,False,True,False,True,,5851.0,Shirk Field at Musselman Stadium,2248,Gettysburg,iii,Centennial,19.0,"[7, 0, 12, 0]",,,,2234,Franklin & Marshall,iii,Centennial,55.0,"[20, 7, 21, 7]",,,,,,,
401674702,2024,12,regular,2024-11-16T18:00:00.000Z,False,True,False,False,,6089.0,Scotty Wood Stadium,2422,Muhlenberg,iii,Centennial,21.0,"[14, 0, 7, 0]",,,,2818,Montclair State,iii,New Jersey,0.0,"[0, 0, 0, 0]",,,,,,,
401674932,2024,12,regular,2024-11-16T18:00:00.000Z,False,True,False,True,,6100.0,Cutler Field,354,Olivet,iii,Michigan,12.0,"[0, 0, 6, 6]",,,,2812,Hope,iii,Michigan,48.0,"[35, 6, 7, 0]",,,,,,,
401674719,2024,12,regular,2024-11-16T18:00:00.000Z,False,True,False,True,,3995.0,Dr. John W. Winkin Sports Complex,2280,Husson,iii,Commonwealth Coast,14.0,"[7, 0, 7, 0]",,,,111675,New England,iii,Commonwealth Coast,25.0,"[7, 6, 0, 12]",,,,,,,
401674532,2024,12,regular,2024-11-16T18:00:00.000Z,False,True,False,True,,6030.0,Harms-Eischeid Stadium,389,Upper Iowa,ii,Great Lakes,51.0,"[3, 20, 21, 7]",,,,2402,Missouri S&T,ii,Great Lakes,7.0,"[0, 7, 0, 0]",,,,,,,
401674662,2024,12,regular,2024-11-16T18:00:00.000Z,False,True,False,True,,5996.0,Wilford Moore Stadium,241,McMurry,iii,Southern Collegiate Athletic,49.0,"[7, 16, 26, 0]",,,,101442,Centenary (LA),iii,Southern Collegiate Athletic,12.0,"[0, 6, 6, 0]",,,,,,,
401674807,2024,12,regular,2024-11-16T18:00:00.000Z,False,True,False,True,,5902.0,Knox Stadium,246,Juniata,iii,Landmark Conference,22.0,"[6, 3, 6, 7]",,,,2108,Catholic,iii,Landmark Conference,56.0,"[14, 28, 14, 0]",,,,,,,
401674857,2024,12,regular,2024-11-16T18:00:00.000Z,False,True,False,True,,6113.0,Leckonby Stadium,2779,St. Lawrence,iii,Liberty League,26.0,"[7, 12, 7, 0]",,,,2085,Buffalo State,iii,Liberty League,18.0,"[7, 8, 3, 0]",,,,,,,
401675005,2024,12,regular,2024-11-16T18:00:00.000Z,False,True,False,True,,5828.0,Van Metre Field at Ash Park,2155,Cornell (IA),iii,Midwest,26.0,"[0, 13, 0, 13]",,,,65,Grinnell,iii,Midwest,7.0,"[7, 0, 0, 0]",,,,,,,
401675797,2024,12,regular,2024-11-16T18:00:00.000Z,False,True,False,True,,6553.0,Helen and Leonard Moretz Stadium,2331,Lenoir Rhyne,ii,South Atlantic,27.0,"[0, 10, 14, 3]",,,,129469,Anderson (SC),ii,South Atlantic,24.0,"[0, 7, 7, 10]",,,,,,,
401675838,2024,12,regular,2024-11-16T18:00:00.000Z,False,True,False,True,,6035.0,"Memorial Stadium (Wayne, NE)",2844,Wayne State (NE),ii,Northern Sun,21.0,"[3, 10, 8, 0]",,,,3066,Concordia St. Paul,ii,Northern Sun,0.0,"[0, 0, 0, 0]",,,,,,,
401676022,2024,12,regular,2024-11-16T18:00:00.000Z,False,True,False,True,,5998.0,Monarch Stadium,291,Methodist,iii,USA South,3.0,"[0, 3, 0, 0]",,,,2056,Belhaven,iii,USA South,26.0,"[6, 10, 3, 7]",,,,,,,
401676729,2024,12,regular,2024-11-16T18:00:00.000Z,False,True,False,True,,6058.0,Ralph F. DellaCamera Stadium,2441,New Haven,ii,Northeast 10,41.0,"[14, 7, 13, 7]",,,,2487,Pace,ii,Northeast 10,14.0,"[7, 0, 0, 7]",,,,,,,
401628689,2024,12,regular,2024-11-16T18:00:00.000Z,False,True,False,True,4605.0,3824.0,Meade Stadium,227,Rhode Island,fcs,CAA,20.0,"[0, 0, 13, 7]",0.33547905499485897,,,399,UAlbany,fcs,CAA,17.0,"[10, 7, 0, 0]",0.664520945005141,,,2.5385788083,,,
401674577,2024,12,regular,2024-11-16T18:00:00.000Z,False,True,False,True,,3600.0,Tom Adams Field,131,Wayne State (MI),ii,GLIAC,30.0,"[14, 10, 0, 6]",,,,128,Northern Michigan,ii,GLIAC,14.0,"[0, 7, 0, 7]",,,,,,,
401734012,2024,12,regular,2024-11-16T18:00:00.000Z,False,True,False,True,,5117.0,Clemens Stadium,2600,Saint John's (MN),iii,Minnesota,41.0,"[3, 10, 14, 14]",,,,2802,Bethel (MN),iii,Minnesota,33.0,"[0, 9, 7, 17]",,,,,,,
401673964,2024,12,regular,2024-11-16T18:00:00.000Z,False,True,False,True,,5815.0,Schneider Stadium,32,Carroll (WI),iii,CCIW,27.0,"[7, 10, 3, 7]",,,,2106,Carthage,iii,CCIW,7.0,"[0, 0, 7, 0]",,,,,,,
401674742,2024,12,regular,2024-11-16T18:00:00.000Z,False,True,False,True,,5115.0,McCully Stadium,396,Wheaton (IL),iii,CCIW,66.0,"[21, 28, 10, 7]",,,,75,North Park,iii,CCIW,14.0,"[7, 0, 0, 7]",,,,,,,
401674754,2024,12,regular,2024-11-16T18:00:00.000Z,False,True,False,True,,5788.0,Merrill Field at Yunevich Stadium,365,Alfred,iii,Empire 8,23.0,"[7, 13, 0, 3]",,,,2781,Brockport,iii,Empire 8,14.0,"[0, 14, 0, 0]",,,,,,,
401676427,2024,12,regular,2024-11-16T18:00:00.000Z,False,True,False,True,,6146.0,Memorial Field (PA),2849,Westminster (PA),iii,Presidents',9.0,"[0, 3, 6, 0]",,,,146,Grove City,iii,Presidents',36.0,"[7, 13, 6, 10]",,,,,,,
401676409,2024,12,regular,2024-11-16T18:00:00.000Z,False,True,False,True,,5892.0,Armfield Athletic Center,2258,Guilford,iii,Old Dominion,0.0,"[0, 0, 0, 0]",,,,2079,Bridgewater,iii,Old Dominion,58.0,"[6, 21, 21, 10]",,,,,,,
401676073,2024,12,regular,2024-11-16T18:00:00.000Z,False,True,False,True,,6121.0,Donald J. Schneider Stadium,2832,St. Norbert,iii,NACC,61.0,"[28, 20, 3, 10]",,,,101,Eureka,iii,NACC,0.0,"[0, 0, 0, 0]",,,,,,,
401676064,2024,12,regular,2024-11-16T18:00:00.000Z,False,True,True,False,,3789.0,Kentucky Christian,3077,Kentucky Christian,,,25.0,"[0, 7, 0, 18]",,,,2913,Brevard,iii,USA South,41.0,"[0, 17, 17, 7]",,,,,,,
401676215,2024,12,regular,2024-11-16T18:00:00.000Z,False,True,True,True,,10463.0,Grand Rapids Christian High School,129738,Calvin,iii,Michigan,21.0,"[7, 14, 0, 0]",,,,2790,Albion,iii,Michigan,41.0,"[14, 7, 7, 13]",,,,,,,
401676669,2024,12,regular,2024-11-16T18:00:00.000Z,False,True,False,True,,6120.0,Growney Stadium,374,St. John Fisher,iii,Empire 8,20.0,"[7, 6, 0, 7]",,,,390,Utica,iii,Empire 8,35.0,"[7, 7, 7, 14]",,,,,,,
401654645,2024,12,regular,2024-11-16T18:00:00.000Z,False,True,False,True,,150.0,Jack Coffey Field,2230,Fordham,fcs,Patriot,31.0,"[14, 3, 7, 7]",,,,46,Georgetown,fcs,Patriot,3.0,"[0, 3, 0, 0]",,,,,,,
401676235,2024,12,regular,2024-11-16T18:00:00.000Z,False,True,False,True,,3879.0,TowneBank Stadium,3112,Christopher Newport,iii,New Jersey,70.0,"[14, 21, 7, 28]",,,,2442,The College of New Jersey,iii,New Jersey,31.0,"[3, 0, 14, 14]",,,,,,,
401628691,2024,12,regular,2024-11-16T18:00:00.000Z,False,True,False,True,16422.0,3695.0,Delaware Stadium,48,Delaware,fcs,CAA,41.0,"[12, 15, 0, 14]",0.9982574847057152,,,2097,Campbell,fcs,CAA,22.0,"[6, 10, 6, 0]",0.0017425152942848188,,,5.1338229759,,,
401628690,2024,12,regular,2024-11-16T18:00:00.000Z,False,True,False,True,7186.0,3998.0,Zable Stadium,2729,William & Mary,fcs,CAA,22.0,"[8, 7, 0, 7]",0.9626185552074693,,,2803,Bryant,fcs,CAA,12.0,"[0, 9, 3, 0]",0.037381444792530694,,,7.1969520079,,,
401634205,2024,12,regular,2024-11-16T18:00:00.000Z,False,True,False,True,8974.0,3605.0,Alerus Center,155,North Dakota,fcs,MVFC,36.0,"[7, 14, 0, 15]",0.10363730615402854,,,233,South Dakota,fcs,MVFC,42.0,"[0, 17, 10, 15]",0.8963626938459714,,,4.1356271456,,,
401638696,2024,12,regular,2024-11-16T18:00:00.000Z,False,True,False,True,2926.0,3664.0,Butler Bowl,2086,Butler,fcs,Pioneer,36.0,"[7, 6, 10, 13]",0.9700812649397051,,,2900,St. Thomas (MN),fcs,Pioneer,20.0,"[7, 0, 7, 6]",0.029918735060294854,,,5.2888298176,,,
401644604,2024,12,regular,2024-11-16T18:00:00.000Z,False,True,False,True,,3730.0,Franklin Field,219,Pennsylvania,fcs,Ivy,28.0,"[0, 14, 7, 7]",0.4909413122560075,,,108,Harvard,fcs,Ivy,31.0,"[0, 7, 14, 10]",0.5090586877439924,,,7.5877697614,,,
401638349,2024,12,regular,2024-11-16T18:00:00.000Z,False,True,False,True,13022.0,3704.0,E. J. Whitmire Stadium,2717,Western Carolina,fcs,Southern,58.0,"[6, 35, 3, 14]",0.9923474576866398,,,2678,VMI,fcs,Southern,28.0,"[7, 0, 14, 7]",0.007652542313360211,,,3.4920978532,,,
401636379,2024,12,regular,2024-11-16T18:00:00.000Z,False,True,False,True,12485.0,3650.0,Bragg Memorial Stadium,50,Florida A&M,fcs,SWAC,21.0,"[7, 3, 3, 8]",0.21077904902872022,,,2400,Mississippi Valley State,fcs,SWAC,24.0,"[7, 17, 0, 0]",0.7892209509712798,,,5.7831627133,,,
401638693,2024,12,regular,2024-11-16T18:00:00.000Z,False,True,False,True,2976.0,3701.0,Drake Stadium,2181,Drake,fcs,Pioneer,20.0,"[2, 7, 3, 8]",0.023345607716495156,,,2413,Morehead State,fcs,Pioneer,29.0,"[0, 0, 13, 16]",0.9766543922835048,,,7.556430757,,,
401628692,2024,12,regular,2024-11-16T18:00:00.000Z,False,True,False,True,4760.0,3688.0,Wildcat Stadium,160,New Hampshire,fcs,CAA,31.0,"[0, 10, 0, 21]",0.5149748790882553,,,2619,Stony Brook,fcs,CAA,30.0,"[3, 10, 10, 7]",0.48502512091174466,,,6.8271184051,,,
401693681,2024,12,regular,2024-11-16T18:00:00.000Z,False,True,True,False,,,,124179,Lincoln (CA),ii,Independent DII,8.0,"[0, 0, 8, 0]",,,,125762,Florida Memorial University,,,48.0,"[14, 7, 7, 20]",,,,,,,
401654476,2024,12,regular,2024-11-16T18:00:00.000Z,False,True,False,True,4212.0,3921.0,Schoellkopf Field,172,Cornell,fcs,Ivy,39.0,"[3, 10, 6, 20]",0.6893064537800834,,,159,Dartmouth,fcs,Ivy,22.0,"[0, 7, 7, 8]",0.3106935462199166,,,7.5076142271,,,
401634007,2024,12,regular,2024-11-16T18:00:00.000Z,False,True,False,True,1895.0,3858.0,O'Brien Stadium,2197,Eastern Illinois,fcs,Big South-OVC,16.0,"[0, 13, 0, 0, 3]",0.9647354252830987,,,2127,Charleston Southern,fcs,Big South-OVC,13.0,"[0, 6, 0, 7, 0]",0.035264574716901254,,,8.8668588105,,,
401658367,2024,12,regular,2024-11-16T18:00:00.000Z,False,True,False,True,,3642.0,Bobcat Stadium (MD),341,Frostburg State,ii,Mountain East,28.0,"[7, 7, 14, 0]",,,,2986,Fairmont State,ii,Mountain East,31.0,"[7, 14, 0, 10]",,,,,,,
401734014,2024,12,regular,2024-11-16T18:00:00.000Z,False,True,False,True,,6122.0,Public Schools Stadium,375,St. Scholastica,iii,Minnesota,44.0,"[7, 7, 13, 14, 3]",,,,2359,Macalester,iii,Minnesota,41.0,"[6, 8, 12, 15, 0]",,,,,,,
401674916,2024,12,regular,2024-11-16T18:00:00.000Z,False,True,False,True,,5787.0,Docking Stadium,2003,Adrian,iii,Michigan,7.0,"[7, 0, 0, 0]",,,,2800,Alma,iii,Michigan,31.0,"[10, 14, 7, 0]",,,,,,,
401674935,2024,12,regular,2024-11-16T18:00:00.000Z,False,True,False,True,,5904.0,Angell Field,126,Kalamazoo,iii,Michigan,14.0,"[7, 0, 7, 0]",,,,2651,Trine,iii,Michigan,37.0,"[7, 21, 7, 2]",,,,,,,
401675457,2024,12,regular,2024-11-16T18:00:00.000Z,False,True,False,True,,3747.0,Hantz Stadium,2886,Northwood,ii,Great Midwest Athletic,49.0,"[7, 7, 21, 14]",,,,2682,Walsh,ii,Great Midwest Athletic,42.0,"[0, 7, 14, 21]",,,,,,,
401674273,2024,12,regular,2024-11-16T18:00:00.000Z,False,True,False,True,,3667.0,Callaghan Stadium,2148,Concord,ii,Mountain East,7.0,"[7, 0, 0, 0]",,,,2882,UNC Pembroke,ii,Mountain East,63.0,"[14, 14, 14, 21]",,,,,,,
401658347,2024,12,regular,2024-11-16T18:00:00.000Z,False,True,False,True,,3885.0,Harvey Randall Wickes Memorial Stadium,129,Saginaw Valley State,ii,GLIAC,28.0,"[7, 21, 0, 0]",,,,2392,Michigan Tech,ii,GLIAC,32.0,"[7, 3, 0, 22]",,,,,,,
401675483,2024,12,regular,2024-11-16T18:00:00.000Z,False,True,False,True,,6053.0,Robinson-Hale Stadium,2401,Mississippi College,ii,Gulf South,14.0,"[7, 0, 7, 0]",,,,2170,Delta State,ii,Gulf South,20.0,"[7, 13, 0, 0]",,,,,,,
401674328,2024,12,regular,2024-11-16T18:00:00.000Z,False,True,False,True,,6051.0,James S. Malosky Stadium,134,Minnesota Duluth,ii,Northern Sun,30.0,"[0, 13, 14, 3]",,,,2364,Minnesota State,ii,Northern Sun,16.0,"[7, 2, 0, 7]",,,,,,,
401675300,2024,12,regular,2024-11-16T18:07:00.000Z,False,True,False,True,,3640.0,Blackstock Stadium,83,DePauw,iii,North Coast,42.0,"[7, 7, 14, 14]",,,,89,Wabash,iii,North Coast,21.0,"[0, 7, 7, 7]",,,,,,,
401674795,2024,12,regular,2024-11-16T18:30:00.000Z,False,True,False,True,,5793.0,Macholtz Stadium,2023,Anderson (IN),iii,Heartland,31.0,"[7, 3, 14, 7]",,,,2362,Manchester,iii,Heartland,17.0,"[0, 7, 0, 10]",,,,,,,
401674772,2024,12,regular,2024-11-16T18:30:00.000Z,False,True,False,False,,5805.0,Alumni Field (OH),2074,Bluffton,iii,Heartland,21.0,"[7, 7, 0, 7]",,,,190,Defiance College,,,23.0,"[6, 3, 7, 7]",,,,,,,
401676314,2024,12,regular,2024-11-16T18:30:00.000Z,False,True,False,True,,5812.0,Bernlohr Stadium,424,Capital,iii,Ohio,50.0,"[14, 14, 9, 13]",,,,2733,Wilmington (OH),iii,Ohio,31.0,"[7, 10, 7, 7]",,,,,,,
401676358,2024,12,regular,2024-11-16T18:30:00.000Z,False,True,False,True,,6090.0,Sherman Field at McConagha Stadium,332,Muskingum,iii,Ohio,28.0,"[0, 7, 7, 14]",,,,426,Mount Union,iii,Ohio,35.0,"[7, 7, 7, 14]",,,,,,,
401674781,2024,12,regular,2024-11-16T18:30:00.000Z,False,True,False,True,,3716.0,"Stewart """"Red"""" Faught Stadium",2233,Franklin,iii,Heartland,27.0,"[7, 7, 7, 6]",,,,2262,Hanover,iii,Heartland,31.0,"[0, 13, 3, 15]",,,,,,,
401632468,2024,12,regular,2024-11-16T18:30:00.000Z,False,True,False,True,7691.0,3720.0,Finley Stadium,236,Chattanooga,fcs,Southern,13.0,"[0, 13, 0, 0]",0.0021670394103619844,,,2535,Samford,fcs,Southern,36.0,"[3, 19, 7, 7]",0.997832960589638,,,4.9397370884,,,
401634008,2024,12,regular,2024-11-16T18:30:00.000Z,False,True,False,True,3763.0,3710.0,Ernest W. Spangler Stadium,2241,Gardner-Webb,fcs,Big South-OVC,20.0,"[2, 7, 3, 8]",0.03485018271226455,,,2634,Tennessee State,fcs,Big South-OVC,23.0,"[13, 0, 0, 10]",0.9651498172877354,,,7.6107798076,,,
401628422,2024,12,regular,2024-11-16T18:30:00.000Z,False,True,False,False,48370.0,3683.0,Kroger Field,96,Kentucky,fbs,SEC,48.0,"[14, 10, 10, 14]",0.9989151043390855,1527.0,1527.0,93,Murray State,fcs,MVFC,6.0,"[0, 0, 3, 3]",0.00108489566091452,,,3.2196359238,,,
401676299,2024,12,regular,2024-11-16T18:30:00.000Z,False,True,False,True,,5854.0,Hoernemann Stadium,191,Heidelberg,iii,Ohio,10.0,"[0, 7, 0, 3]",,,,188,Baldwin Wallace,iii,Ohio,14.0,"[7, 7, 0, 0]",,,,,,,
401634157,2024,12,regular,2024-11-16T18:30:00.000Z,False,True,False,True,4341.0,3737.0,Gibbs Stadium,2747,Wofford,fcs,Southern,17.0,"[14, 3, 0, 0]",0.2989834157091194,,,2643,The Citadel,fcs,Southern,30.0,"[3, 10, 10, 7]",0.7010165842908807,,,5.0671846491,,,
401674801,2024,12,regular,2024-11-16T18:30:00.000Z,False,True,False,True,,6088.0,Schueler Field,2419,Mount St Joseph,iii,Heartland,38.0,"[7, 21, 7, 3]",,,,86,Rose Hulman,iii,Heartland,21.0,"[7, 0, 7, 7]",,,,,,,
401676638,2024,12,regular,2024-11-16T18:30:00.000Z,False,True,False,True,,3671.0,Case Field,2963,Case Western Reserve,iii,Presidents',30.0,"[7, 3, 6, 14]",,,,2102,Carnegie Mellon,iii,Presidents',37.0,"[7, 10, 9, 11]",,,,,,,
401634009,2024,12,regular,2024-11-16T19:00:00.000Z,False,True,False,True,4839.0,7003.0,Houck Field,2546,Southeast Missouri State,fcs,Big South-OVC,54.0,"[10, 21, 13, 10]",0.6658838074155521,,,2710,Western Illinois,fcs,Big South-OVC,45.0,"[14, 13, 6, 12]",0.3341161925844479,,,7.174894854,,,
401675018,2024,12,regular,2024-11-16T19:00:00.000Z,False,True,False,True,,5820.0,Amos Alonzo Stagg Field,80,Chicago,iii,Midwest,9.0,"[0, 3, 0, 6]",,,,262,Lake Forest,iii,Midwest,28.0,"[7, 14, 0, 7]",,,,,,,
401674139,2024,12,regular,2024-11-16T19:00:00.000Z,False,True,False,True,,4724.0,Audrey J. Walton Stadium at Vernon Kennedy Field,2118,Central Missouri,ii,Mid America,62.0,"[21, 14, 13, 14]",,,,2403,Missouri Southern State,ii,Mid America,47.0,"[7, 27, 6, 7]",,,,,,,
401674600,2024,12,regular,2024-11-16T19:00:00.000Z,False,True,True,True,,6091.0,Abel Stadium,6845,Nebraska Wesleyan,iii,American Rivers,0.0,"[0, 0, 0, 0]",,,,2964,Central College,iii,American Rivers,32.0,"[7, 10, 0, 15]",,,,,,,
401676742,2024,12,regular,2024-11-16T19:00:00.000Z,False,True,False,True,,6070.0,Bob Young Field,2894,Sioux Falls,ii,Northern Sun,41.0,"[21, 10, 7, 3]",,,,2587,Southwest Minnesota State,ii,Northern Sun,14.0,"[7, 0, 0, 7]",,,,,,,
401634010,2024,12,regular,2024-11-16T19:00:00.000Z,False,True,False,True,2914.0,3748.0,Graham Stadium,2630,UT Martin,fcs,Big South-OVC,9.0,"[0, 0, 0, 9]",0.30575874264866226,,,2635,Tennessee Tech,fcs,Big South-OVC,10.0,"[10, 0, 0, 0]",0.6942412573513377,,,6.598262414,,,
401675903,2024,12,regular,2024-11-16T19:00:00.000Z,False,True,False,True,,3635.0,Bill Buxton Stadium,2564,Simpson (IA),iii,American Rivers,29.0,"[0, 7, 7, 15]",,,,67,Luther,iii,American Rivers,15.0,"[7, 0, 0, 8]",,,,,,,
401634126,2024,12,regular,2024-11-16T19:00:00.000Z,False,True,False,True,2279.0,3856.0,Nottingham Field,2458,Northern Colorado,fcs,Big Sky,3.0,"[3, 0, 0, 0]",0.000626831034259812,,,2464,Northern Arizona,fcs,Big Sky,44.0,"[7, 7, 16, 14]",0.9993731689657401,,,2.9014310393,,,
401634021,2024,12,regular,2024-11-16T19:00:00.000Z,False,True,False,True,2354.0,4762.0,Memorial Stadium (Commerce TX),2837,East Texas A&M,fcs,Southland,41.0,"[14, 7, 14, 6]",0.03103981886959672,,,2277,Houston Christian,fcs,Southland,40.0,"[7, 7, 26, 0]",0.9689601811304033,,,8.899223857,,,
401632119,2024,12,regular,2024-11-16T19:00:00.000Z,False,True,False,True,6117.0,3742.0,Governors Stadium,2046,Austin Peay,fcs,UAC,27.0,"[10, 14, 0, 0, 3]",0.03608865296515605,,,2198,Eastern Kentucky,fcs,UAC,30.0,"[7, 0, 3, 14, 6]",0.9639113470348439,,,7.0572911496,,,
401676136,2024,12,regular,2024-11-16T19:00:00.000Z,False,True,False,True,,6082.0,Big Cat Stadium,2399,Minnesota Morris,iii,Upper Midwest,41.0,"[0, 7, 20, 14]",,,,446,Martin Luther,iii,Upper Midwest,7.0,"[0, 0, 0, 7]",,,,,,,
401658352,2024,12,regular,2024-11-16T19:00:00.000Z,False,True,False,True,,3957.0,Tiger Stadium (AL),2695,West Alabama,ii,Gulf South,63.0,"[14, 21, 14, 14]",,,,101784,Erskine,ii,Gulf South,0.0,"[0, 0, 0, 0]",,,,,,,
401674149,2024,12,regular,2024-11-16T19:00:00.000Z,False,True,False,True,,5878.0,Wantland Stadium,2122,Central Oklahoma,ii,Mid America,55.0,"[14, 10, 14, 17]",,,,2214,Emporia State,ii,Mid America,38.0,"[0, 7, 10, 21]",,,,,,,
401674565,2024,12,regular,2024-11-16T19:00:00.000Z,False,True,True,True,,3844.0,Morris Field,127991,Roosevelt,ii,GLIAC,21.0,"[0, 7, 0, 14]",,,,125,Grand Valley State,ii,GLIAC,34.0,"[7, 10, 10, 7]",,,,,,,
401674228,2024,12,regular,2024-11-16T19:00:00.000Z,False,True,False,True,,6052.0,Herb Parker Stadium,568,Minot State,ii,Northern Sun,56.0,"[7, 28, 14, 7]",,,,2851,Winona State,ii,Northern Sun,23.0,"[0, 0, 8, 15]",,,,,,,
401676087,2024,12,regular,2024-11-16T19:00:00.000Z,False,True,False,True,,4433.0,George P. Miller Stadium,2291,IU Pennsylvania,ii,Pennsylvania State Athletic,38.0,"[14, 10, 7, 7]",,,,2559,Shippensburg,ii,Pennsylvania State Athletic,7.0,"[0, 7, 0, 0]",,,,,,,
401675959,2024,12,regular,2024-11-16T19:00:00.000Z,False,True,False,True,,5914.0,Veterans Memorial Stadium (WI),2740,Wisconsin La Crosse,iii,Wisconsin,56.0,"[7, 21, 21, 7]",,,,2743,Wisconsin Stevens Point,iii,Wisconsin,14.0,"[7, 0, 7, 0]",,,,,,,
401640986,2024,12,regular,2024-11-16T19:00:00.000Z,False,True,False,True,17688.0,3662.0,AmFirst Stadium,55,Jacksonville State,fbs,Conference USA,34.0,"[3, 17, 0, 14]",0.48224014442684765,1643.0,1640.0,2229,Florida International,fbs,Conference USA,31.0,"[3, 14, 7, 7]",0.5177598555731524,1297.0,1300.0,9.6577777256,,,
401676347,2024,12,regular,2024-11-16T19:00:00.000Z,False,True,False,True,,5863.0,Don Shula Stadium at Wasmer Field,2302,John Carroll,iii,Ohio,49.0,"[14, 7, 7, 21]",,,,317,Marietta,iii,Ohio,35.0,"[0, 7, 7, 21]",,,,,,,
401676305,2024,12,regular,2024-11-16T19:00:00.000Z,False,True,False,True,,6108.0,Crain Field,2519,Rhodes,iii,Southern Athletic,14.0,"[0, 0, 14, 0]",,,,2757,Berry,iii,Southern Athletic,48.0,"[6, 6, 8, 28]",,,,,,,
401674731,2024,12,regular,2024-11-16T19:00:00.000Z,False,True,False,True,,5859.0,Tucci Stadium,306,Illinois Wesleyan,iii,CCIW,20.0,"[7, 6, 7, 0]",,,,3071,North Central College,iii,CCIW,42.0,"[7, 14, 7, 14]",,,,,,,
401674645,2024,12,regular,2024-11-16T19:00:00.000Z,False,True,False,True,,5838.0,Ornelas Stadium,2194,East Texas Baptist,iii,American Southwest,23.0,"[7, 6, 0, 10]",,,,2810,Hardin Simmons,iii,American Southwest,45.0,"[14, 21, 3, 7]",,,,,,,
401674524,2024,12,regular,2024-11-16T19:00:00.000Z,False,True,True,True,,7504.0,Liberty North High School,2911,William Jewell,ii,Great Lakes,45.0,"[14, 10, 21, 0]",,,,2816,McKendree,ii,Great Lakes,14.0,"[7, 7, 0, 0]",,,,,,,
401674885,2024,12,regular,2024-11-16T19:00:00.000Z,False,True,False,True,,6142.0,Westside Athletic Complex,2843,Western Connecticut State,iii,MSCAC,57.0,"[17, 12, 0, 28]",,,,293,Vermont State Castleton,iii,MSCAC,18.0,"[6, 0, 6, 6]",,,,,,,
401675945,2024,12,regular,2024-11-16T19:00:00.000Z,False,True,False,True,,5916.0,Carson Park,2738,Wisconsin Eau Claire,iii,Wisconsin,7.0,"[0, 0, 0, 7]",,,,2745,Wisconsin Whitewater,iii,Wisconsin,48.0,"[3, 17, 14, 14]",,,,,,,
401673269,2024,12,regular,2024-11-16T19:00:00.000Z,False,True,False,True,,5883.0,Marv Kay Stadium at Campbell Field,2146,Colorado School of Mines,ii,Rocky Mountain,67.0,"[21, 13, 13, 20]",,,,2237,Fort Lewis,ii,Rocky Mountain,9.0,"[0, 7, 2, 0]",,,,,,,
401674615,2024,12,regular,2024-11-16T19:00:00.000Z,False,True,False,True,,6137.0,Walston-Hoover Stadium,2685,Wartburg,iii,American Rivers,69.0,"[14, 27, 14, 14]",,,,263,Loras,iii,American Rivers,14.0,"[7, 0, 0, 7]",,,,,,,
401674635,2024,12,regular,2024-11-16T19:00:00.000Z,False,True,False,True,,5798.0,Jerry E. Apple Stadium,2045,Austin,iii,Southern Collegiate Athletic,31.0,"[0, 7, 10, 14]",,,,101161,Lyon,iii,Southern Collegiate Athletic,21.0,"[0, 7, 0, 14]",,,,,,,
401675035,2024,12,regular,2024-11-16T19:00:00.000Z,False,True,False,True,,5918.0,Taylor Field,6353,Lakeland,iii,NACC,35.0,"[7, 6, 8, 14]",,,,2524,Rockford,iii,NACC,28.0,"[7, 0, 0, 21]",,,,,,,
401676082,2024,12,regular,2024-11-16T19:00:00.000Z,False,True,False,True,,5913.0,Warrior Field at Raabe Stadium,2741,Wisconsin Lutheran,iii,NACC,27.0,"[7, 6, 7, 7]",,,,409,Concordia (WI),iii,NACC,17.0,"[7, 10, 0, 0]",,,,,,,
401673239,2024,12,regular,2024-11-16T19:00:00.000Z,False,True,False,True,,6059.0,Sanchez Family Stadium,2424,New Mexico Highlands,ii,Rocky Mountain,31.0,"[12, 13, 0, 6]",,,,2069,Black Hills State,ii,Rocky Mountain,48.0,"[10, 7, 17, 14]",,,,,,,
401673274,2024,12,regular,2024-11-16T19:00:00.000Z,False,True,False,True,,5880.0,Elliott Field at Don Beebe Stadium,2123,Chadron State,ii,Rocky Mountain,21.0,"[0, 21, 0, 0]",,,,2570,CSU Pueblo,ii,Rocky Mountain,38.0,"[7, 0, 24, 7]",,,,,,,
401673979,2024,12,regular,2024-11-16T19:00:00.000Z,False,True,False,True,,5839.0,Langhorst Field,72,Elmhurst,iii,CCIW,35.0,"[7, 7, 14, 7]",,,,74,Millikin,iii,CCIW,7.0,"[0, 0, 7, 0]",,,,,,,
401674190,2024,12,regular,2024-11-16T19:00:00.000Z,False,True,False,False,,6062.0,Gable Field at Doc Wadley Stadium,196,Northeastern State,ii,Independent DII,28.0,"[7, 7, 0, 14]",,,,2687,Washburn,ii,Mid America,35.0,"[7, 14, 7, 7]",,,,,,,
401674317,2024,12,regular,2024-11-16T19:00:00.000Z,False,True,False,True,,5874.0,Chet Anderson Stadium,132,Bemidji State,ii,Northern Sun,17.0,"[0, 7, 0, 10]",,,,2043,Augustana (SD),ii,Northern Sun,10.0,"[0, 3, 7, 0]",,,,,,,
401674433,2024,12,regular,2024-11-16T19:00:00.000Z,False,True,False,True,,5113.0,Ruggles Field at Carpenter-Haygood Stadium,2271,Henderson State,ii,Great American,20.0,"[3, 3, 0, 14]",,,,2888,Ouachita Baptist,ii,Great American,27.0,"[3, 7, 0, 17]",,,,,,,
401674591,2024,12,regular,2024-11-16T19:00:00.000Z,False,True,False,True,,5809.0,J. Leslie Rollins Stadium,63,Buena Vista,iii,American Rivers,21.0,"[7, 14, 0, 0]",,,,49,Dubuque,iii,American Rivers,56.0,"[21, 21, 14, 0]",,,,,,,
401674655,2024,12,regular,2024-11-16T19:00:00.000Z,False,True,False,True,,4463.0,Crusader Stadium,2371,Mary Hardin Baylor,iii,American Southwest,63.0,"[6, 16, 23, 18]",,,,2758,Howard Payne,iii,American Southwest,7.0,"[0, 0, 0, 7]",,,,,,,
401675953,2024,12,regular,2024-11-16T19:00:00.000Z,False,True,False,True,,5900.0,Don and Nona Williams Stadium,2744,Wisconsin Stout,iii,Wisconsin,38.0,[],,,,272,Wisconsin Platteville,iii,Wisconsin,46.0,[],,,,,,,
401674668,2024,12,regular,2024-11-16T19:00:00.000Z,False,True,False,False,,6125.0,Bulldog Stadium (TX),2639,Texas Lutheran,iii,Southern Collegiate Athletic,17.0,"[0, 0, 0, 10, 7]",,,,2588,Southwestern U,iii,Southern Athletic,10.0,"[0, 7, 3, 0, 0]",,,,,,,
401675544,2024,12,regular,2024-11-16T19:00:00.000Z,False,True,False,True,,6049.0,"Memorial Stadium (Wichita Falls, TX)",2395,Midwestern State,ii,Lone Star,52.0,"[7, 7, 14, 24]",,,,2703,Western New Mexico,ii,Lone Star,24.0,"[7, 7, 10, 0]",,,,,,,
401676263,2024,12,regular,2024-11-16T19:00:00.000Z,False,True,False,True,,6081.0,Harper Davis Field,2398,Millsaps,iii,Southern Athletic,24.0,"[10, 0, 7, 7]",,,,386,Trinity (TX),iii,Southern Athletic,38.0,"[0, 31, 7, 0]",,,,,,,
401675984,2024,12,regular,2024-11-16T19:00:00.000Z,False,True,False,True,,5901.0,David Smith Stadium at Ramer Field,2723,Wisconsin River Falls,iii,Wisconsin,28.0,"[7, 7, 7, 7]",,,,271,Wisconsin Oshkosh,iii,Wisconsin,14.0,"[0, 7, 0, 7]",,,,,,,
401676052,2024,12,regular,2024-11-16T19:00:00.000Z,False,True,False,True,,3915.0,Charles Lee Field at Samford Stadium,2938,Huntingdon,iii,USA South,38.0,"[7, 17, 7, 7]",,,,2256,Greensboro,iii,USA South,7.0,"[7, 0, 0, 0]",,,,,,,
401628687,2024,12,regular,2024-11-16T19:00:00.000Z,False,True,False,True,2835.0,3894.0,Rhodes Stadium,2210,Elon,fcs,CAA,31.0,"[7, 7, 14, 3]",0.9945408533205446,,,311,Maine,fcs,CAA,25.0,"[3, 7, 8, 7]",0.005459146679455351,,,5.6334462873,,,
401645369,2024,12,regular,2024-11-16T19:00:00.000Z,False,True,False,True,12291.0,3806.0,Lincoln Financial Field,218,Temple,fbs,American Athletic,18.0,"[3, 0, 3, 9, 3]",0.5248474893336113,1040.0,1042.0,2226,Florida Atlantic,fbs,American Athletic,15.0,"[0, 7, 0, 8, 0]",0.47515251066638875,1125.0,1123.0,8.0225794468,,,
401634036,2024,12,regular,2024-11-16T19:00:00.000Z,False,True,False,True,7754.0,3963.0,Harry Turpin Stadium,2466,Northwestern State,fcs,Southland,3.0,"[0, 3, 0, 0]",0.022089367470549917,,,2377,McNeese,fcs,Southland,35.0,"[0, 14, 14, 7]",0.9779106325294501,,,3.1546851041,,,
401628425,2024,12,regular,2024-11-16T19:00:00.000Z,False,True,False,False,100077.0,3657.0,Bryant-Denny Stadium,333,Alabama,fbs,SEC,52.0,"[14, 17, 7, 14]",0.9989495569406649,2130.0,2130.0,2382,Mercer,fcs,Southern,7.0,"[0, 7, 0, 0]",0.0010504430593351044,,,3.0558763384,,,
401628547,2024,12,regular,2024-11-16T19:30:00.000Z,False,True,False,True,52660.0,3832.0,"Memorial Stadium (Champaign, IL)",356,Illinois,fbs,Big Ten,38.0,"[14, 7, 3, 14]",0.9539072866695786,1556.0,1593.0,127,Michigan State,fbs,Big Ten,16.0,"[6, 3, 7, 0]",0.04609271333042142,1402.0,1365.0,5.2826732171,,,
401674187,2024,12,regular,2024-11-16T19:30:00.000Z,False,True,False,True,,5134.0,Bearcat Stadium,138,Northwest Missouri State,ii,Mid America,7.0,"[0, 0, 0, 7]",,,,90,Pittsburg State,ii,Mid America,23.0,"[7, 14, 0, 2]",,,,,,,
401674409,2024,12,regular,2024-11-16T20:00:00.000Z,False,True,False,True,,5871.0,Convoy Leslie Cotton Boll Stadium,2028,Arkansas Monticello,ii,Great American,22.0,"[0, 9, 7, 6]",,,,2568,Southern Arkansas,ii,Great American,54.0,"[24, 3, 7, 20]",,,,,,,
401734008,2024,12,regular,2024-11-16T20:00:00.000Z,False,True,True,True,,4134.0,Salem Stadium,330,Virginia State,ii,CIAA,13.0,"[0, 3, 7, 3]",,,,2676,Virginia Union,ii,CIAA,17.0,"[7, 3, 0, 7]",,,,,,CIAA Championship,
401641022,2024,12,regular,2024-11-16T20:00:00.000Z,False,True,False,True,7736.0,4899.0,Fifth Third Stadium,338,Kennesaw State,fbs,Conference USA,17.0,"[0, 3, 7, 7, 0]",0.7095863659064612,1227.0,1230.0,2534,Sam Houston,fbs,Conference USA,23.0,"[0, 3, 7, 7, 6]",0.2904136340935388,1416.0,1413.0,7.3070686911,,,
401634239,2024,12,regular,2024-11-16T20:00:00.000Z,False,True,False,True,17268.0,5237.0,Dana J. Dykhouse Stadium,2571,South Dakota State,fcs,MVFC,41.0,"[3, 28, 10, 0]",0.9989407868044179,,,79,Southern Illinois,fcs,MVFC,10.0,"[0, 0, 7, 3]",0.0010592131955821094,,,3.6439549194,,,
401654572,2024,12,regular,2024-11-16T20:00:00.000Z,False,True,False,True,4869.0,5238.0,Panther Stadium,2504,Prairie View A&M,fcs,SWAC,13.0,"[0, 7, 6, 0]",0.016524509800870158,,,2016,Alcorn State,fcs,SWAC,26.0,"[13, 6, 0, 7]",0.9834754901991298,,,3.587016898,,,
401634124,2024,12,regular,2024-11-16T20:00:00.000Z,False,True,False,True,24773.0,3987.0,Washington-Grizzly Stadium,149,Montana,fcs,Big Sky,28.0,"[0, 0, 21, 7]",0.37627121566608057,,,2502,Portland State,fcs,Big Sky,17.0,"[3, 0, 14, 0]",0.6237287843339194,,,7.9218150962,,,
401636351,2024,12,regular,2024-11-16T20:00:00.000Z,False,True,False,True,21798.0,4582.0,Hornet Stadium,2011,Alabama State,fcs,SWAC,10.0,"[3, 0, 7, 0]",0.7401531512162103,,,2296,Jackson State,fcs,SWAC,16.0,"[0, 7, 7, 2]",0.2598468487837897,,,6.5972430404,,,
401636361,2024,12,regular,2024-11-16T20:00:00.000Z,False,True,False,True,17740.0,3599.0,Ace W. Mumford Stadium,2582,Southern,fcs,SWAC,31.0,"[0, 14, 10, 7]",0.9881438252578013,,,2029,Arkansas-Pine Bluff,fcs,SWAC,9.0,"[6, 0, 3, 0]",0.011856174742198688,,,4.571991657,,,
401675123,2024,12,regular,2024-11-16T20:00:00.000Z,False,True,False,True,4116.0,3756.0,Homer Bryce Stadium,2617,Stephen F. Austin,fcs,Southland,20.0,"[6, 3, 3, 8]",0.1416063398494878,,,2916,Incarnate Word,fcs,Southland,27.0,"[3, 10, 7, 7]",0.8583936601505122,,,7.073495012,,,
401636370,2024,12,regular,2024-11-16T20:00:00.000Z,False,True,False,True,6916.0,3631.0,BBVA Compass Stadium,2640,Texas Southern,fcs,SWAC,17.0,"[0, 0, 10, 7]",0.8915661846876147,,,2065,Bethune-Cookman,fcs,SWAC,14.0,"[0, 7, 0, 7]",0.10843381531238527,,,5.733480692,,,
401673248,2024,12,regular,2024-11-16T20:00:00.000Z,False,True,False,True,,5882.0,Ralph Stocker Stadium,11,Colorado Mesa,ii,Rocky Mountain,7.0,"[0, 0, 7, 0]",,,,2714,Western Colorado,ii,Rocky Mountain,37.0,"[7, 10, 20, 0]",,,,,,,
401674179,2024,12,regular,2024-11-16T20:00:00.000Z,False,True,False,False,,6055.0,Craig Field at Spratt Memorial Stadium,137,Missouri Western,ii,Mid America,31.0,"[14, 0, 3, 14]",,,,2825,Quincy,ii,Great Lakes,16.0,"[9, 7, 0, 0]",,,,,,,
401635581,2024,12,regular,2024-11-16T20:00:00.000Z,False,True,False,True,33493.0,3831.0,California Memorial Stadium,25,California,fbs,ACC,25.0,"[0, 7, 7, 11]",0.19998453357890436,1649.0,1610.0,183,Syracuse,fbs,ACC,33.0,"[6, 21, 3, 3]",0.8000154664210957,1386.0,1425.0,2.3380423537,,,
401643760,2024,12,regular,2024-11-16T20:00:00.000Z,False,True,False,True,,3905.0,Maverik Stadium,328,Utah State,fbs,Mountain West,55.0,"[17, 7, 21, 10]",0.9984432794352859,1170.0,1321.0,62,Hawai'i,fbs,Mountain West,10.0,"[0, 3, 0, 7]",0.0015567205647141202,1265.0,1114.0,3.0037985427,,,
401673380,2024,12,regular,2024-11-16T20:00:00.000Z,False,True,False,True,,5781.0,Irwin Belk Stadium,351,Wingate,ii,South Atlantic,28.0,"[6, 3, 10, 9]",,,,2105,Carson Newman,ii,South Atlantic,13.0,"[0, 6, 0, 7]",,,,,,,
401674399,2024,12,regular,2024-11-16T20:00:00.000Z,False,True,False,True,,5885.0,First Security Stadium,2264,Harding,ii,Great American,57.0,"[23, 20, 14, 0]",,,,2033,Arkansas Tech,ii,Great American,27.0,"[0, 7, 7, 13]",,,,,,,
401674418,2024,12,regular,2024-11-16T20:00:00.000Z,False,True,False,True,,5936.0,Koi Ishto Stadium,2191,East Central,ii,Great American,20.0,"[0, 3, 17, 0]",,,,199,Southeastern Oklahoma State,ii,Great American,13.0,"[0, 6, 0, 7]",,,,,,,
401674483,2024,12,regular,2024-11-16T20:00:00.000Z,False,True,False,True,,6064.0,Crain Family Stadium,319,Oklahoma Baptist,ii,Great American,21.0,"[7, 7, 0, 7]",,,,200,Southern Nazarene,ii,Great American,49.0,"[7, 21, 7, 14]",,,,,,,
401673150,2024,12,regular,2024-11-16T20:00:00.000Z,False,True,False,True,,5866.0,Rex Stadium,2001,Adams State,ii,Rocky Mountain,6.0,"[3, 3, 0, 0]",,,,613,South Dakota Mines,ii,Rocky Mountain,44.0,"[14, 10, 13, 7]",,,,,,,
401676292,2024,12,regular,2024-11-16T20:00:00.000Z,False,True,False,True,,6148.0,The Pine Bowl,2721,Whitworth,iii,Northwest,7.0,"[7, 0, 0, 0]",,,,203,Linfield,iii,Northwest,34.0,"[7, 9, 7, 11]",,,,,,,
401635517,2024,12,regular,2024-11-16T20:30:00.000Z,False,True,False,True,18685.0,3940.0,Stanford Stadium,24,Stanford,fbs,ACC,38.0,"[10, 3, 8, 17]",0.5560877255633588,1158.0,1168.0,97,Louisville,fbs,ACC,35.0,"[7, 14, 7, 7]",0.44391227443664116,1725.0,1715.0,4.9982210658,,,
401634188,2024,12,regular,2024-11-16T20:30:00.000Z,False,True,False,True,14679.0,3714.0,Fargodome,2449,North Dakota State,fcs,MVFC,59.0,"[21, 14, 14, 10]",0.9987086998523005,,,2623,Missouri State,fcs,MVFC,21.0,"[0, 14, 0, 7]",0.0012913001476995145,,,5.4550296689,,,
401676402,2024,12,regular,2024-11-16T20:30:00.000Z,False,True,False,True,,5843.0,W.B. Adams Stadium,366,Ferrum,iii,Old Dominion,35.0,"[14, 7, 14, 0]",,,,2047,Averett,iii,Old Dominion,6.0,"[0, 0, 0, 6]",,,,,,,
401628420,2024,12,regular,2024-11-16T20:30:00.000Z,False,True,False,True,90067.0,3634.0,Ben Hill Griffin Stadium,57,Florida,fbs,SEC,27.0,"[7, 3, 3, 14]",0.8552429166497523,1598.0,1634.0,99,LSU,fbs,SEC,16.0,"[0, 10, 3, 3]",0.14475708335024773,1800.0,1764.0,7.8136556145,,,
401628552,2024,12,regular,2024-11-16T20:30:00.000Z,False,True,False,True,58346.0,3907.0,Ross-Ade Stadium,2509,Purdue,fbs,Big Ten,10.0,"[0, 3, 0, 7]",0.000837622019717758,1192.0,1172.0,213,Penn State,fbs,Big Ten,49.0,"[14, 7, 21, 7]",0.9991623779802823,1967.0,1987.0,1.8035917166,,,
401628985,2024,12,regular,2024-11-16T20:30:00.000Z,False,True,False,False,77622.0,3855.0,Notre Dame Stadium,87,Notre Dame,fbs,FBS Independents,35.0,"[7, 21, 7, 0]",0.9970737339138372,2133.0,2115.0,258,Virginia,fbs,ACC,14.0,"[0, 0, 7, 7]",0.0029262660861627543,1381.0,1399.0,5.9709010393,,,
401643757,2024,12,regular,2024-11-16T20:30:00.000Z,False,True,False,False,21385.0,3713.0,Falcon Stadium,2005,Air Force,fbs,Mountain West,28.0,"[7, 7, 0, 14]",0.998945049341131,1316.0,1406.0,204,Oregon State,fbs,Pac-12,0.0,"[0, 0, 0, 0]",0.0010549506588689583,1446.0,1356.0,3.907187339,,,
401645368,2024,12,regular,2024-11-16T20:30:00.000Z,False,True,False,True,15030.0,4418.0,Jerry Richardson Stadium,2429,Charlotte,fbs,American Athletic,24.0,"[7, 3, 7, 7]",0.010981965757693606,1182.0,1101.0,58,South Florida,fbs,American Athletic,59.0,"[7, 7, 31, 14]",0.9890180342423064,1339.0,1420.0,4.4247113788,,,
401635580,2024,12,regular,2024-11-16T20:30:00.000Z,False,True,False,True,34438.0,3735.0,Gerald J. Ford Stadium,2567,SMU,fbs,ACC,38.0,"[10, 10, 11, 7]",0.6933461738842422,1814.0,1806.0,103,Boston College,fbs,ACC,28.0,"[0, 14, 7, 7]",0.30665382611575775,1433.0,1441.0,7.8413553085,,,
401643833,2024,12,regular,2024-11-16T21:00:00.000Z,False,True,False,True,21984.0,3918.0,S.B. Ballard Stadium,295,Old Dominion,fbs,Sun Belt,32.0,"[7, 17, 0, 8]",0.41225598505539546,1472.0,1486.0,256,James Madison,fbs,Sun Belt,35.0,"[7, 14, 7, 7]",0.5877440149446045,1794.0,1780.0,8.3624957585,,,
401636929,2024,12,regular,2024-11-16T21:00:00.000Z,False,True,False,True,52376.0,3842.0,Milan Puskar Stadium,277,West Virginia,fbs,Big 12,35.0,"[7, 21, 0, 7]",0.02505320784828458,1561.0,1529.0,239,Baylor,fbs,Big 12,49.0,"[14, 21, 0, 14]",0.9749467921517154,1559.0,1591.0,5.2564139931,,,
401675529,2024,12,regular,2024-11-16T21:00:00.000Z,False,True,False,True,,5879.0,Tomlinson Stadium,2120,Central Washington,ii,Lone Star,13.0,"[3, 0, 3, 7]",,,,2848,Western Oregon,ii,Lone Star,3.0,"[0, 3, 0, 0]",,,,,,,
401643830,2024,12,regular,2024-11-16T21:00:00.000Z,False,True,False,True,21762.0,3608.0,Allen E. Paulson Stadium,290,Georgia Southern,fbs,Sun Belt,20.0,"[7, 3, 7, 3]",0.0011709459571212116,1397.0,1386.0,2653,Troy,fbs,Sun Belt,28.0,"[0, 7, 7, 14]",0.9988290540428788,1455.0,1466.0,6.376703024,,,
401628549,2024,12,regular,2024-11-16T21:00:00.000Z,False,True,False,True,75304.0,477.0,Los Angeles Memorial Coliseum,30,USC,fbs,Big Ten,28.0,"[7, 7, 7, 7]",0.995826166219086,1767.0,1761.0,158,Nebraska,fbs,Big Ten,20.0,"[7, 7, 6, 0]",0.00417383378091396,1453.0,1459.0,7.8481713683,,,
401634037,2024,12,regular,2024-11-16T21:00:00.000Z,False,True,False,True,6275.0,3882.0,Provost Umphrey Stadium,2320,Lamar,fcs,Southland,24.0,"[7, 3, 7, 7]",0.9652566235004603,,,2447,Nicholls,fcs,Southland,7.0,"[0, 7, 0, 0]",0.034743376499539735,,,5.0837010861,,,
401632129,2024,12,regular,2024-11-16T21:00:00.000Z,False,True,False,True,2791.0,3745.0,Greater Zion Stadium,3101,Utah Tech,fcs,UAC,31.0,"[14, 10, 0, 7]",0.8592356772233806,,,2698,West Georgia,fcs,UAC,34.0,"[7, 7, 10, 10]",0.14076432277661943,,,2.6934831741,,,
401676320,2024,12,regular,2024-11-16T21:00:00.000Z,False,True,False,True,,6102.0,Sparks Stadium,2486,Pacific Lutheran,iii,Northwest,34.0,"[21, 0, 0, 13]",,,,2508,Puget Sound,iii,Northwest,21.0,"[14, 7, 0, 0]",,,,,,,
401734017,2024,12,regular,2024-11-16T21:00:00.000Z,False,True,False,True,,5811.0,William Rolland Stadium,2094,Cal Lutheran,iii,So. Cal.,38.0,"[14, 14, 3, 7]",,,,2318,La Verne,iii,So. Cal.,14.0,"[0, 7, 0, 7]",,,,,,,
401638695,2024,12,regular,2024-11-16T21:00:00.000Z,False,True,False,True,1996.0,716.0,Torero Stadium,301,San Diego,fcs,Pioneer,45.0,"[21, 14, 7, 3]",0.9989691822042381,,,56,Stetson,fcs,Pioneer,6.0,"[0, 0, 0, 6]",0.0010308177957618625,,,2.2613245492,,,
401676286,2024,12,regular,2024-11-16T21:00:00.000Z,False,True,False,True,,6153.0,Hanson Stadium,205,Pacific (OR),iii,Northwest,39.0,"[7, 12, 7, 13]",,,,415,George Fox,iii,Northwest,11.0,"[0, 2, 0, 9]",,,,,,,
401654536,2024,12,regular,2024-11-16T21:00:00.000Z,False,True,False,True,1265.0,3762.0,Hughes Stadium,2415,Morgan State,fcs,MEAC,7.0,"[0, 7, 0, 0]",,,,2569,South Carolina State,fcs,MEAC,54.0,"[7, 26, 14, 7]",,,,,,,
401634122,2024,12,regular,2024-11-16T21:00:00.000Z,False,True,False,True,4854.0,3906.0,Roos Field,331,Eastern Washington,fcs,Big Sky,77.0,"[21, 28, 7, 21]",0.9989312145581117,,,304,Idaho State,fcs,Big Sky,42.0,"[14, 14, 7, 7]",0.0010687854418882647,,,3.1523746753,,,
401734018,2024,12,regular,2024-11-16T21:00:00.000Z,False,True,False,True,,5821.0,Fritz B. Burns Stadium,17,Claremont Mudd Scripps,iii,So. Cal.,24.0,"[7, 7, 10, 0]",,,,29,Redlands,iii,So. Cal.,0.0,"[0, 0, 0, 0]",,,,,,,
401674497,2024,12,regular,2024-11-16T21:00:00.000Z,False,True,False,True,,6073.0,Milam Stadium,2927,Southwestern Oklahoma State,ii,Great American,50.0,"[14, 0, 21, 15]",,,,2823,Northwestern (OK),ii,Great American,0.0,"[0, 0, 0, 0]",,,,,,,
401628423,2024,12,regular,2024-11-16T21:15:00.000Z,False,True,False,True,79361.0,3994.0,Williams-Brice Stadium,2579,South Carolina,fbs,SEC,34.0,"[7, 14, 0, 13]",0.8032895830087494,1829.0,1828.0,142,Missouri,fbs,SEC,30.0,"[6, 0, 6, 18]",0.19671041699125058,1683.0,1684.0,6.4487806706,,,
401634121,2024,12,regular,2024-11-16T22:00:00.000Z,False,True,False,True,,1027.0,Alex G. Spanos Stadium,13,Cal Poly,fcs,Big Sky,26.0,"[3, 17, 3, 3]",0.9649231090826047,,,16,Sacramento State,fcs,Big Sky,23.0,"[0, 13, 10, 0]",0.0350768909173953,,,8.4527412648,,,
401678916,2024,12,regular,2024-11-16T22:00:00.000Z,False,True,False,True,4024.0,3711.0,Estes Stadium,2110,Central Arkansas,fcs,UAC,31.0,"[14, 7, 3, 7]",0.9972547212932129,,,253,Southern Utah,fcs,UAC,38.0,"[3, 18, 10, 7]",0.002745278706787091,,,2.4131672385,,,
401643831,2024,12,regular,2024-11-16T22:00:00.000Z,False,True,False,True,14047.0,4246.0,Center Parc Stadium,2247,Georgia State,fbs,Sun Belt,20.0,"[7, 0, 7, 6]",0.04484336522551811,1254.0,1238.0,2032,Arkansas State,fbs,Sun Belt,27.0,"[7, 0, 10, 10]",0.9551566347744819,1219.0,1235.0,6.9087473194,,,
401734016,2024,12,regular,2024-11-16T22:30:00.000Z,False,True,False,True,,6103.0,Merritt Field,2923,Pomona Pitzer,iii,So. Cal.,37.0,"[0, 7, 16, 14]",,,,411,Chapman,iii,So. Cal.,34.0,"[7, 21, 0, 6]",,,,,,SIAC Championship Game,
401676330,2024,12,regular,2024-11-16T22:30:00.000Z,False,True,False,True,,5920.0,Griswold Stadium,2333,Lewis & Clark,iii,Northwest,35.0,"[7, 14, 7, 7]",,,,2930,Willamette,iii,Northwest,7.0,"[0, 0, 7, 0]",,,,,,,
401675762,2024,12,regular,2024-11-16T23:00:00.000Z,False,True,False,True,,7075.0,Electric Supply Company Field,122666,Barton,ii,South Atlantic,21.0,"[0, 7, 0, 14]",,,,2842,UVA Wise,ii,South Atlantic,24.0,"[0, 21, 3, 0]",,,,,,,
401628548,2024,12,regular,2024-11-16T23:00:00.000Z,False,True,False,True,31433.0,3665.0,SECU Stadium,120,Maryland,fbs,Big Ten,17.0,"[3, 7, 7, 0]",0.009584806456856852,1491.0,1453.0,164,Rutgers,fbs,Big Ten,31.0,"[0, 14, 7, 10]",0.9904151935431431,1434.0,1472.0,5.5597463729,,,
401676794,2024,12,regular,2024-11-16T23:00:00.000Z,False,True,False,True,,5122.0,Shuford Stadium,2107,Catawba,ii,South Atlantic,47.0,"[10, 10, 6, 21]",,,,2839,Tusculum,ii,South Atlantic,15.0,"[0, 7, 8, 0]",,,,,,,
401674299,2024,12,regular,2024-11-16T23:00:00.000Z,False,True,False,True,,6212.0,Bishop Schmitt Field,112335,Wheeling,ii,Mountain East,40.0,"[7, 21, 6, 6]",,,,2699,West Liberty,ii,Mountain East,16.0,"[0, 10, 6, 0]",,,,,,,
401636927,2024,12,regular,2024-11-17T00:00:00.000Z,False,True,False,True,51880.0,3636.0,Bill Snyder Family Stadium,2306,Kansas State,fbs,Big 12,14.0,"[0, 0, 6, 8]",0.16738662361819984,1771.0,1731.0,9,Arizona State,fbs,Big 12,24.0,"[7, 14, 3, 0]",0.8326133763818002,1568.0,1608.0,2.8937242133,,,
401643834,2024,12,regular,2024-11-17T00:00:00.000Z,False,True,False,True,16063.0,3666.0,Cajun Field,309,Louisiana,fbs,Sun Belt,22.0,"[0, 3, 3, 16]",0.6575060217689207,1621.0,1618.0,6,South Alabama,fbs,Sun Belt,24.0,"[7, 17, 0, 0]",0.3424939782310793,1618.0,1621.0,3.6911164886,,,
401643758,2024,12,regular,2024-11-17T00:00:00.000Z,False,True,False,True,20517.0,3935.0,CEFCU Stadium,23,San José State,fbs,Mountain West,21.0,"[7, 7, 7, 0]",0.05683987582393824,1518.0,1489.0,68,Boise State,fbs,Mountain West,42.0,"[0, 14, 14, 14]",0.9431601241760618,1741.0,1770.0,4.6743704896,,,
401675521,2024,12,regular,2024-11-17T00:00:00.000Z,False,True,False,True,,5869.0,LeGrand Stadium at 1st Community Credit Union Field,2025,Angelo State,ii,Lone Star,56.0,"[14, 21, 14, 7]",,,,2704,West Texas,ii,Lone Star,19.0,"[7, 12, 0, 0]",,,,,,,
401675507,2024,12,regular,2024-11-17T00:00:00.000Z,False,True,False,True,,4851.0,Bazemore-Hyder Stadium,2673,Valdosta State,ii,Gulf South,28.0,"[0, 14, 7, 7]",,,,110242,West Florida,ii,Gulf South,7.0,"[0, 0, 7, 0]",,,,,,,
401643835,2024,12,regular,2024-11-17T00:00:00.000Z,False,True,False,True,22618.0,3644.0,Bobcat Stadium (TX),326,Texas State,fbs,Sun Belt,58.0,"[21, 13, 17, 7]",0.9989551735653182,1602.0,1693.0,2572,Southern Miss,fbs,Sun Belt,3.0,"[0, 3, 0, 0]",0.0010448264346818448,1039.0,948.0,3.0177317569,,,
401632139,2024,12,regular,2024-11-17T00:00:00.000Z,False,True,False,True,22348.0,3827.0,"Memorial Stadium (Stephenville, TX)",2627,Tarleton State,fcs,UAC,31.0,"[14, 0, 7, 10]",0.9898783081879717,,,2000,Abilene Christian,fcs,UAC,35.0,"[10, 7, 3, 15]",0.010121691812028266,,,7.9546337276,,,
401628551,2024,12,regular,2024-11-17T00:30:00.000Z,False,True,False,True,76298.0,347.0,Camp Randall Stadium,275,Wisconsin,fbs,Big Ten,13.0,"[0, 10, 3, 0]",0.1357708985729445,1641.0,1659.0,2483,Oregon,fbs,Big Ten,16.0,"[6, 0, 0, 10]",0.8642291014270556,2047.0,2029.0,9.1650230893,,,
401628421,2024,12,regular,2024-11-17T00:30:00.000Z,False,True,False,True,93033.0,3917.0,Sanford Stadium,61,Georgia,fbs,SEC,31.0,"[0, 17, 7, 7]",0.9403962789332209,2007.0,2029.0,2633,Tennessee,fbs,SEC,17.0,"[10, 7, 0, 0]",0.059603721066779136,1930.0,1908.0,6.9384073058,,,
401628424,2024,12,regular,2024-11-17T00:45:00.000Z,False,True,False,False,105815.0,3795.0,Kyle Field,245,Texas A&M,fbs,SEC,38.0,"[17, 7, 7, 7]",0.998807050189291,1746.0,1770.0,166,New Mexico State,fbs,Conference USA,3.0,"[0, 0, 0, 3]",0.0011929498107090541,1121.0,1097.0,2.6871951399,,,
401634125,2024,12,regular,2024-11-17T01:00:00.000Z,False,True,False,True,13947.0,3602.0,Aggie Stadium,302,UC Davis,fcs,Big Sky,28.0,"[8, 0, 0, 20]",0.30683469367856164,,,147,Montana State,fcs,Big Sky,30.0,"[7, 16, 7, 0]",0.6931653063214384,,,3.0587683243,,,
401675537,2024,12,regular,2024-11-17T01:00:00.000Z,False,True,False,True,,6076.0,Javelina Stadium,2658,Texas A&M-Kingsville,ii,Lone Star,28.0,[],,,,2201,Eastern New Mexico,ii,Lone Star,13.0,[],,,,,,,
401636926,2024,12,regular,2024-11-17T01:00:00.000Z,False,True,False,True,52881.0,3772.0,Jack Trice Stadium,66,Iowa State,fbs,Big 12,34.0,"[7, 3, 10, 14]",0.37561146084741104,1728.0,1746.0,2132,Cincinnati,fbs,Big 12,17.0,"[7, 3, 0, 7]",0.624388539152589,1524.0,1506.0,7.617443607,,,
401635583,2024,12,regular,2024-11-17T01:00:00.000Z,False,True,False,True,48364.0,3787.0,Kenan Stadium,153,North Carolina,fbs,ACC,31.0,"[0, 10, 14, 7]",0.848101063189074,1612.0,1608.0,154,Wake Forest,fbs,ACC,24.0,"[3, 0, 14, 7]",0.15189893681092603,1353.0,1357.0,9.1776074687,,,
401645367,2024,12,regular,2024-11-17T01:00:00.000Z,False,True,False,True,24225.0,3805.0,Simmons Bank Liberty Stadium,235,Memphis,fbs,American Athletic,53.0,"[11, 7, 7, 28]",0.9984351077215874,1569.0,1621.0,5,UAB,fbs,American Athletic,18.0,"[0, 8, 3, 7]",0.0015648922784126107,1197.0,1145.0,4.4424370493,,,
401634123,2024,12,regular,2024-11-17T01:00:00.000Z,False,True,False,True,9851.0,3791.0,Kibbie Dome,70,Idaho,fcs,Big Sky,31.0,"[7, 3, 6, 15]",0.9598142112917175,,,2692,Weber State,fcs,Big Sky,24.0,"[0, 14, 0, 10]",0.04018578870828249,,,6.3623104994,,,
401643761,2024,12,regular,2024-11-17T02:30:00.000Z,False,True,False,False,14067.0,3971.0,University Stadium (NM),167,New Mexico,fbs,Mountain West,38.0,"[7, 7, 14, 10]",0.38932960123114607,1263.0,1269.0,265,Washington State,fbs,Pac-12,35.0,"[14, 14, 0, 7]",0.610670398768854,1606.0,1600.0,8.4413070753,,,
401636924,2024,12,regular,2024-11-17T03:15:00.000Z,False,True,False,True,62704.0,3801.0,LaVell Edwards Stadium,252,BYU,fbs,Big 12,13.0,"[0, 10, 3, 0]",0.16761438578764792,1674.0,1667.0,2305,Kansas,fbs,Big 12,17.0,"[7, 3, 0, 7]",0.832385614212352,1664.0,1671.0,4.8504609167,,,
401643762,2024,12,regular,2024-11-17T03:30:00.000Z,False,True,False,True,30386.0,6501.0,Allegiant Stadium,2439,UNLV,fbs,Mountain West,41.0,"[7, 21, 10, 3]",0.9493838644492044,1650.0,1665.0,21,San Diego State,fbs,Mountain West,20.0,"[0, 6, 7, 7]",0.05061613555079558,1298.0,1283.0,3.2116589972,,,
401644769,2024,13,regular,2024-11-20T00:00:00.000Z,False,True,False,True,6768.0,3696.0,Dix Stadium,2309,Kent State,fbs,Mid-American,17.0,"[7, 3, 0, 7]",0.08535054685631888,835.0,805.0,2006,Akron,fbs,Mid-American,38.0,"[10, 13, 15, 0]",0.9146494531436811,1055.0,1085.0,2.9314566807,,,
401644770,2024,13,regular,2024-11-20T00:30:00.000Z,False,True,False,True,13102.0,3786.0,Kelly/Shorts Stadium,2117,Central Michigan,fbs,Mid-American,16.0,"[7, 6, 0, 3]",0.9359869054029619,1091.0,1094.0,2711,Western Michigan,fbs,Mid-American,14.0,"[0, 0, 7, 7]",0.06401309459703808,1249.0,1246.0,7.6227191691,,,
401644690,2024,13,regular,2024-11-20T01:00:00.000Z,False,True,False,True,5891.0,3996.0,Yager Stadium,193,Miami (OH),fbs,Mid-American,20.0,"[7, 10, 0, 3]",0.8467448377644089,1544.0,1558.0,2459,Northern Illinois,fbs,Mid-American,9.0,"[0, 3, 0, 6]",0.1532551622355911,1464.0,1450.0,5.0882015895,,,
401644772,2024,13,regular,2024-11-21T00:00:00.000Z,False,True,False,True,12004.0,3912.0,Rynearson Stadium,2199,Eastern Michigan,fbs,Mid-American,20.0,"[0, 0, 13, 7]",0.23655525915298456,1225.0,1183.0,2084,Buffalo,fbs,Mid-American,37.0,"[8, 9, 6, 14]",0.7634447408470154,1217.0,1259.0,3.3164404777,,,
401644773,2024,13,regular,2024-11-21T00:00:00.000Z,False,True,False,True,14543.0,3739.0,Glass Bowl,2649,Toledo,fbs,Mid-American,7.0,"[0, 7, 0, 0]",0.09089421557767635,1495.0,1459.0,195,Ohio,fbs,Mid-American,24.0,"[0, 0, 7, 17]",0.9091057844223236,1546.0,1582.0,5.8681395512,,,
401634039,2024,13,regular,2024-11-22T00:00:00.000Z,False,True,False,True,6955.0,3779.0,Manning Field at John L. Guidry Stadium,2447,Nicholls,fcs,Southland,16.0,"[7, 3, 0, 6]",0.8988071163589442,,,2545,SE Louisiana,fcs,Southland,19.0,"[10, 6, 0, 3]",0.10119288364105583,,,7.6592432557,,,
401634772,2024,13,regular,2024-11-22T00:30:00.000Z,False,True,False,True,34591.0,721.0,Bobby Dodd Stadium,59,Georgia Tech,fbs,ACC,30.0,"[7, 6, 3, 14]",0.5960285342364573,1577.0,1575.0,152,NC State,fbs,ACC,29.0,"[7, 0, 0, 22]",0.4039714657635427,1499.0,1501.0,7.9663405124,,,
401645374,2024,13,regular,2024-11-23T00:00:00.000Z,False,True,False,True,20121.0,3604.0,Alamodome,2636,UTSA,fbs,American Athletic,51.0,"[7, 21, 10, 13]",0.9982099081136507,1463.0,1479.0,218,Temple,fbs,American Athletic,27.0,"[3, 14, 7, 3]",0.0017900918863492654,1042.0,1026.0,4.875712441,,,
401628558,2024,13,regular,2024-11-23T01:00:00.000Z,False,True,False,True,57558.0,3936.0,Spartan Stadium,127,Michigan State,fbs,Big Ten,24.0,"[7, 17, 0, 0]",0.6159163024647112,1365.0,1364.0,2509,Purdue,fbs,Big Ten,17.0,"[3, 0, 7, 7]",0.3840836975352888,1172.0,1173.0,5.7660290117,,,
401643767,2024,13,regular,2024-11-23T03:00:00.000Z,False,True,False,True,13671.0,3935.0,CEFCU Stadium,23,San José State,fbs,Mountain West,16.0,"[0, 16, 0, 0]",0.01981939901137126,1489.0,1481.0,2439,UNLV,fbs,Mountain West,27.0,"[3, 7, 10, 7]",0.9801806009886287,1665.0,1673.0,6.9363993185,,,
401635518,2024,13,regular,2024-11-23T17:00:00.000Z,False,True,False,False,35453.0,1964.0,JMA Wireless Dome,183,Syracuse,fbs,ACC,31.0,"[7, 14, 3, 7]",0.9947143910183219,1425.0,1434.0,41,UConn,fbs,FBS Independents,24.0,"[7, 7, 3, 7]",0.005285608981678069,1423.0,1414.0,6.3584075537,,,
401628555,2024,13,regular,2024-11-23T17:00:00.000Z,False,True,False,True,105751.0,3861.0,Ohio Stadium,194,Ohio State,fbs,Big Ten,38.0,"[0, 14, 14, 10]",0.9943035860926716,2086.0,2120.0,84,Indiana,fbs,Big Ten,15.0,"[7, 0, 0, 8]",0.005696413907328446,1876.0,1842.0,3.6017334987,,,
401734580,2024,13,regular,2024-11-23T17:00:00.000Z,False,True,False,False,,6027.0,Albert J. H. Sloan - Alumni Stadium,2396,Miles,ii,SIAC,14.0,"[7, 7, 0, 0]",,,,2105,Carson Newman,ii,South Atlantic,13.0,"[0, 10, 0, 3]",,,,,,Division II Championship - First Round,
401734571,2024,13,regular,2024-11-23T17:00:00.000Z,False,True,False,False,,3709.0,Hempstead Stadium,452,Endicott,iii,Commonwealth Coast,44.0,"[3, 13, 7, 21]",,,,3162,Alfred State,iii,ECFC,0.0,"[0, 0, 0, 0]",,,,,,Division III Championship - First Round,
401628556,2024,13,regular,2024-11-23T17:00:00.000Z,False,True,False,True,30214.0,3665.0,SECU Stadium,120,Maryland,fbs,Big Ten,13.0,"[0, 0, 6, 7]",0.04890251986657082,1453.0,1447.0,2294,Iowa,fbs,Big Ten,29.0,"[3, 10, 6, 10]",0.9510974801334292,1780.0,1786.0,3.935895694,,,
401628554,2024,13,regular,2024-11-23T17:00:00.000Z,False,True,False,True,47524.0,6577.0,SHI Stadium,164,Rutgers,fbs,Big Ten,31.0,"[3, 14, 0, 14]",0.22714076645233058,1472.0,1468.0,356,Illinois,fbs,Big Ten,38.0,"[0, 9, 6, 23]",0.7728592335476694,1593.0,1597.0,9.5060148834,,,
401628429,2024,13,regular,2024-11-23T17:00:00.000Z,False,True,False,True,89942.0,3634.0,Ben Hill Griffin Stadium,57,Florida,fbs,SEC,24.0,"[0, 14, 3, 7]",0.9088706931211737,1634.0,1667.0,145,Ole Miss,fbs,SEC,17.0,"[0, 14, 3, 0]",0.09112930687882626,2010.0,1977.0,8.5089973208,,,
401634142,2024,13,regular,2024-11-23T17:00:00.000Z,False,True,False,True,3825.0,3597.0,Alumni Memorial Field,2678,VMI,fcs,Southern,9.0,"[3, 0, 3, 3]",0.17186858264955113,,,2193,East Tennessee State,fcs,Southern,16.0,"[3, 10, 3, 0]",0.8281314173504488,,,5.1073677614,,,
401644605,2024,13,regular,2024-11-23T17:00:00.000Z,False,True,False,True,27105.0,3750.0,Harvard Stadium,108,Harvard,fcs,Ivy,29.0,"[0, 7, 0, 22]",,,,43,Yale,fcs,Ivy,34.0,"[0, 14, 10, 10]",,,,,,,
401654600,2024,13,regular,2024-11-23T17:00:00.000Z,False,True,False,True,2467.0,3979.0,Wagner College Stadium,2681,Wagner,fcs,NEC,28.0,"[7, 7, 7, 7]",,,,2341,Long Island University,fcs,NEC,35.0,"[21, 7, 0, 7]",,,,,,,
401635612,2024,13,regular,2024-11-23T17:00:00.000Z,False,True,False,True,37801.0,3615.0,"Alumni Stadium (Chestnut Hill, MA)",103,Boston College,fbs,ACC,41.0,"[3, 21, 3, 14]",0.9970125994666024,1441.0,1506.0,153,North Carolina,fbs,ACC,21.0,"[0, 7, 0, 14]",0.002987400533397633,1608.0,1543.0,4.4230952661,,,
401635619,2024,13,regular,2024-11-23T17:00:00.000Z,False,True,False,True,36305.0,3923.0,Scott Stadium,258,Virginia,fbs,ACC,7.0,"[0, 0, 0, 7]",0.0005945321856068563,1399.0,1375.0,2567,SMU,fbs,ACC,33.0,"[7, 10, 3, 13]",0.9994054678143931,1806.0,1830.0,2.5273731561,,,
401628695,2024,13,regular,2024-11-23T17:00:00.000Z,False,True,False,True,7526.0,2068.0,E. Claiborne Robins Stadium,257,Richmond,fcs,CAA,27.0,"[10, 7, 0, 10]",0.9969185639055648,,,2729,William & Mary,fcs,CAA,0.0,"[0, 0, 0, 0]",0.0030814360944352304,,,3.2046911433,,,
401641005,2024,13,regular,2024-11-23T17:00:00.000Z,False,True,False,True,16312.0,3662.0,AmFirst Stadium,55,Jacksonville State,fbs,Conference USA,21.0,"[7, 7, 0, 7]",0.9851385956019506,1640.0,1641.0,2534,Sam Houston,fbs,Conference USA,11.0,"[0, 3, 8, 0]",0.014861404398049394,1413.0,1412.0,5.6381419293,,,
401734588,2024,13,regular,2024-11-23T17:00:00.000Z,False,True,False,False,,4422.0,Valhalla Stadium,2757,Berry,iii,Southern Athletic,16.0,"[6, 7, 3, 0]",,,,2373,Maryville (TN),iii,USA South,20.0,"[7, 0, 0, 13]",,,,,,Division III Championship - First Round,
401734590,2024,13,regular,2024-11-23T17:00:00.000Z,False,True,False,False,,5863.0,Don Shula Stadium at Wasmer Field,2302,John Carroll,iii,Ohio,52.0,"[10, 21, 14, 7]",,,,2419,Mount St Joseph,iii,Heartland,7.0,"[0, 0, 0, 7]",,,,,,Division III Championship - First Round,
401734589,2024,13,regular,2024-11-23T17:00:00.000Z,False,True,False,False,,5907.0,McCarthy Stadium (Wilkes Barre),247,King's,iii,Mid Atlantic,32.0,"[0, 13, 6, 13]",,,,2667,Ursinus,iii,Centennial,29.0,"[5, 7, 10, 7]",,,,,,Division III Championship - First Round,
401654581,2024,13,regular,2024-11-23T17:00:00.000Z,False,True,False,True,3707.0,3624.0,Arute Field,2115,Central Connecticut,fcs,NEC,21.0,"[0, 13, 0, 8]",0.07402841555907295,,,2184,Duquesne,fcs,NEC,14.0,"[0, 7, 7, 0]",0.9259715844409271,,,6.9893361921,,,
401654610,2024,13,regular,2024-11-23T17:00:00.000Z,False,True,False,True,862.0,3777.0,Joe Walton Stadium,2523,Robert Morris,fcs,NEC,31.0,"[21, 0, 0, 10]",0.9965541662857448,,,284,Stonehill,fcs,NEC,13.0,"[0, 10, 3, 0]",0.0034458337142552198,,,3.9950146299,,,
401654623,2024,13,regular,2024-11-23T17:00:00.000Z,False,True,False,True,15097.0,3741.0,Goodman Stadium,2329,Lehigh,fcs,Patriot,38.0,"[7, 21, 3, 7]",0.9985252936926551,,,322,Lafayette,fcs,Patriot,14.0,"[7, 0, 7, 0]",0.0014747063073449196,,,3.3107047131,,,
401654462,2024,13,regular,2024-11-23T17:00:00.000Z,False,True,False,True,2769.0,3826.0,Memorial Field,159,Dartmouth,fcs,Ivy,56.0,"[7, 14, 21, 14]",0.998680592191813,,,225,Brown,fcs,Ivy,28.0,"[0, 14, 14, 0]",0.0013194078081869565,,,5.4430052839,,,
401654496,2024,13,regular,2024-11-23T17:00:00.000Z,False,True,False,True,4224.0,3802.0,Lawrence A. Wien Stadium,171,Columbia,fcs,Ivy,17.0,"[0, 7, 7, 3]",0.9673151135265459,,,172,Cornell,fcs,Ivy,9.0,"[0, 3, 0, 6]",0.03268488647345413,,,6.3486653565,,,
401635618,2024,13,regular,2024-11-23T17:00:00.000Z,False,True,False,True,64210.0,3948.0,Hard Rock Stadium,2390,Miami,fbs,ACC,42.0,"[10, 10, 0, 22]",0.9988990788133469,1858.0,1877.0,154,Wake Forest,fbs,ACC,14.0,"[7, 7, 0, 0]",0.0011009211866530588,1357.0,1338.0,7.4806055202,,,
401654640,2024,13,regular,2024-11-23T17:30:00.000Z,False,True,False,True,3575.0,3847.0,Cooper Field,46,Georgetown,fcs,Patriot,0.0,"[0, 0, 0, 0]",0.0020753803335620087,,,107,Holy Cross,fcs,Patriot,34.0,"[17, 3, 7, 7]",0.997924619666438,,,1.6469261324,,,
401628430,2024,13,regular,2024-11-23T17:45:00.000Z,False,True,False,False,93033.0,3917.0,Sanford Stadium,61,Georgia,fbs,SEC,59.0,"[7, 21, 17, 14]",0.833138177677892,2029.0,2023.0,113,Massachusetts,fbs,FBS Independents,21.0,"[7, 7, 7, 0]",0.166861822322108,1017.0,1023.0,3.4536139842,,,
401628698,2024,13,regular,2024-11-23T18:00:00.000Z,False,True,False,True,2341.0,4419.0,Bob Ford Field,399,UAlbany,fcs,CAA,41.0,"[0, 7, 10, 24]",0.012120975046755604,,,2261,Hampton,fcs,CAA,34.0,"[14, 14, 0, 6]",0.9878790249532444,,,6.8415036724,,,
401628435,2024,13,regular,2024-11-23T18:00:00.000Z,False,True,False,False,101915.0,3853.0,Neyland Stadium,2633,Tennessee,fbs,SEC,56.0,"[0, 28, 21, 7]",0.9986035506607549,1908.0,1979.0,2638,UTEP,fbs,Conference USA,0.0,"[0, 0, 0, 0]",0.0013964493392450983,1165.0,1094.0,5.7425869558,,,
401640996,2024,13,regular,2024-11-23T18:00:00.000Z,False,True,False,True,17930.0,3992.0,Williams Stadium (VA),2335,Liberty,fbs,Conference USA,38.0,"[0, 21, 7, 10]",0.9980392195185619,1545.0,1576.0,98,Western Kentucky,fbs,Conference USA,21.0,"[0, 7, 14, 0]",0.001960780481438107,1482.0,1451.0,6.9397913966,,,
401734579,2024,13,regular,2024-11-23T18:00:00.000Z,False,True,False,True,,4436.0,Adamson Stadium,2858,California (PA),ii,Pennsylvania State Athletic,30.0,"[3, 10, 6, 11]",,,,2188,East Stroudsburg,ii,Pennsylvania State Athletic,27.0,"[7, 14, 6, 0]",,,,,,Division II Championship - First Round,
401734587,2024,13,regular,2024-11-23T18:00:00.000Z,False,True,False,False,,6132.0,Trinity University Stadium,386,Trinity (TX),iii,Southern Athletic,22.0,"[0, 12, 0, 10]",,,,2371,Mary Hardin Baylor,iii,American Southwest,29.0,"[7, 7, 7, 8]",,,,,,Division III Championship - First Round,
401734578,2024,13,regular,2024-11-23T18:00:00.000Z,False,True,False,False,,5121.0,University of Charleston Stadium,2128,Charleston (WV),ii,Mountain East,38.0,"[0, 14, 7, 17]",,,,308,Ashland,ii,Great Midwest Athletic,40.0,"[10, 0, 7, 23]",,,,,,Division II Championship - First Round,
401734577,2024,13,regular,2024-11-23T18:00:00.000Z,False,True,False,False,,4430.0,Mihalik-Thompson Stadium,215,Slippery Rock,ii,Pennsylvania State Athletic,14.0,"[7, 0, 7, 0]",,,,2441,New Haven,ii,Northeast 10,7.0,"[0, 0, 7, 0]",,,,,,Division II Championship - First Round,
401654504,2024,13,regular,2024-11-23T18:00:00.000Z,False,True,False,True,2313.0,3613.0,Alumni Stadium,2169,Delaware State,fcs,MEAC,10.0,"[3, 0, 0, 7]",0.0008306752151514729,,,2428,North Carolina Central,fcs,MEAC,52.0,"[21, 14, 14, 3]",0.9991693247848485,,,1.7678321457,,,
401654615,2024,13,regular,2024-11-23T18:00:00.000Z,False,True,False,False,,150.0,Jack Coffey Field,2230,Fordham,fcs,Patriot,3.0,"[0, 3, 0, 0]",0.00032161612634541947,,,2771,Merrimack,fcs,FCS Independents,19.0,"[9, 0, 7, 3]",0.9996783838736546,,,3.8654193671,,,
401654635,2024,13,regular,2024-11-23T18:00:00.000Z,False,True,False,True,826.0,4428.0,Saxon Stadium,2385,Mercyhurst,fcs,NEC,21.0,"[0, 3, 3, 15]",0.2633945409554081,,,2598,Saint Francis,fcs,NEC,20.0,"[7, 6, 0, 7]",0.7366054590445918,,,6.3812931779,,,
401634168,2024,13,regular,2024-11-23T18:00:00.000Z,False,True,False,True,5631.0,3744.0,Hancock Stadium,2287,Illinois State,fcs,MVFC,35.0,"[14, 0, 14, 7]",0.9977696694463246,,,155,North Dakota,fcs,MVFC,13.0,"[7, 3, 0, 3]",0.002230330553675386,,,5.3112656203,,,
401638702,2024,13,regular,2024-11-23T18:00:00.000Z,False,True,False,True,3800.0,3774.0,Jayne Stadium,2413,Morehead State,fcs,Pioneer,14.0,"[0, 7, 7, 0]",0.007584202061043226,,,301,San Diego,fcs,Pioneer,37.0,"[10, 7, 10, 10]",0.9924157979389567,,,3.9411335538,,,
401634196,2024,13,regular,2024-11-23T18:00:00.000Z,False,True,False,True,5310.0,3913.0,Saluki Stadium,79,Southern Illinois,fcs,MVFC,62.0,"[13, 28, 14, 7]",0.9989179153796995,,,93,Murray State,fcs,MVFC,0.0,"[0, 0, 0, 0]",0.0010820846203004608,,,4.0568821778,,,
401734598,2024,13,regular,2024-11-23T18:00:00.000Z,False,True,False,True,,5872.0,Kirkeby-Over Stadium,2043,Augustana (SD),ii,Northern Sun,19.0,"[0, 9, 7, 3]",,,,2364,Minnesota State,ii,Northern Sun,20.0,"[0, 7, 3, 10]",,,,,,Division II Championship - First Round,
401734596,2024,13,regular,2024-11-23T18:00:00.000Z,False,True,False,False,,3811.0,Lubbers Stadium,125,Grand Valley State,ii,GLIAC,24.0,"[7, 0, 7, 10]",,,,2292,Indianapolis,ii,Great Lakes,7.0,"[0, 0, 7, 0]",,,,,,Division II Championship - First Round,
401734570,2024,13,regular,2024-11-23T18:00:00.000Z,False,True,False,False,,5823.0,Clark Field,2141,Coe,iii,American Rivers,26.0,"[7, 13, 0, 6]",,,,2802,Bethel (MN),iii,Minnesota,31.0,"[7, 14, 10, 0]",,,,,,Division III Championship - First Round,
401628694,2024,13,regular,2024-11-23T18:00:00.000Z,False,True,False,True,7105.0,717.0,Villanova Stadium,222,Villanova,fcs,CAA,38.0,"[14, 7, 7, 10]",0.9099442112300864,,,48,Delaware,fcs,CAA,28.0,"[0, 21, 7, 0]",0.0900557887699136,,,7.8161629732,,,
401734569,2024,13,regular,2024-11-23T18:00:00.000Z,False,True,False,False,,5914.0,Veterans Memorial Stadium (WI),2740,Wisconsin La Crosse,iii,Wisconsin,59.0,"[17, 28, 7, 7]",,,,583,Northwestern (MN),iii,Upper Midwest,14.0,"[0, 7, 0, 7]",,,,,,Division III Championship - First Round,
401734581,2024,13,regular,2024-11-23T18:00:00.000Z,False,True,False,False,,5781.0,Irwin Belk Stadium,351,Wingate,ii,South Atlantic,31.0,"[10, 10, 6, 2, 3]",,,,2676,Virginia Union,ii,CIAA,34.0,"[7, 14, 0, 7, 6]",,,,,,Division II Championship - First Round,
401628697,2024,13,regular,2024-11-23T18:00:00.000Z,False,True,False,True,5263.0,3788.0,Kenneth P. LaValle Stadium,2619,Stony Brook,fcs,CAA,47.0,"[13, 17, 14, 3]",0.1501469517268101,,,2405,Monmouth,fcs,CAA,55.0,"[14, 28, 7, 6]",0.8498530482731899,,,5.8970009275,,,
401628696,2024,13,regular,2024-11-23T18:00:00.000Z,False,True,False,True,3033.0,3603.0,Aggie Stadium,2448,North Carolina A&T,fcs,CAA,21.0,"[0, 7, 6, 8]",0.07584509784384896,,,2210,Elon,fcs,CAA,31.0,"[7, 10, 14, 0]",0.924154902156151,,,4.0237723736,,,
401628693,2024,13,regular,2024-11-23T18:00:00.000Z,False,True,False,True,3190.0,3607.0,Alfond Stadium,311,Maine,fcs,CAA,9.0,"[9, 0, 0, 0]",0.03538338479825866,,,160,New Hampshire,fcs,CAA,27.0,"[0, 7, 10, 10]",0.9646166152017414,,,4.4003509949,,,
401628699,2024,13,regular,2024-11-23T18:00:00.000Z,False,True,False,True,2850.0,3661.0,Bulldog Stadium,2803,Bryant,fcs,CAA,21.0,"[0, 14, 0, 7]",,,,227,Rhode Island,fcs,CAA,35.0,"[3, 10, 15, 7]",,,,,,,
401654653,2024,13,regular,2024-11-23T18:00:00.000Z,False,True,False,True,762.0,3676.0,Christy Mathewson-Memorial Stadium,2083,Bucknell,fcs,Patriot,48.0,"[10, 14, 7, 17]",0.9195952852027178,,,2142,Colgate,fcs,Patriot,34.0,"[7, 10, 3, 14]",0.08040471479728217,,,6.7854013512,,,
401634259,2024,13,regular,2024-11-23T18:00:00.000Z,False,True,False,True,3759.0,3896.0,Rice-Totten Field,2400,Mississippi Valley State,fcs,SWAC,35.0,"[7, 21, 0, 7]",0.08465282309963056,,,2010,Alabama A&M,fcs,SWAC,49.0,"[14, 14, 21, 0]",0.9153471769003695,,,4.9456749331,,,
401654537,2024,13,regular,2024-11-23T18:00:00.000Z,False,True,False,True,973.0,3762.0,Hughes Stadium,2415,Morgan State,fcs,MEAC,35.0,"[7, 14, 14, 0]",,,,47,Howard,fcs,MEAC,21.0,"[7, 0, 0, 14]",,,,,,,
401634011,2024,13,regular,2024-11-23T18:00:00.000Z,False,True,False,True,6790.0,3962.0,Tucker Stadium,2635,Tennessee Tech,fcs,Big South-OVC,23.0,"[3, 10, 3, 7]",0.9560773663517721,,,2197,Eastern Illinois,fcs,Big South-OVC,6.0,"[0, 0, 6, 0]",0.043922633648227905,,,4.2096691073,,,
401638698,2024,13,regular,2024-11-23T18:00:00.000Z,False,True,False,True,4000.0,3627.0,Bailey Memorial Stadium,2506,Presbyterian,fcs,Pioneer,30.0,"[0, 14, 13, 3]",0.9663758273147582,,,2086,Butler,fcs,Pioneer,27.0,"[0, 6, 14, 7]",0.03362417268524176,,,7.2187477502,,,
401654469,2024,13,regular,2024-11-23T18:00:00.000Z,False,True,False,True,3914.0,3881.0,Princeton University Stadium,163,Princeton,fcs,Ivy,20.0,"[7, 3, 10, 0]",0.10532797496560746,,,219,Pennsylvania,fcs,Ivy,17.0,"[7, 10, 0, 0]",0.8946720250343926,,,7.504898667,,,
401638701,2024,13,regular,2024-11-23T18:00:00.000Z,False,True,False,True,1244.0,4416.0,Spec Martin Municipal Stadium,56,Stetson,fcs,Pioneer,10.0,"[7, 3, 0, 0]",0.005932638978190708,,,2181,Drake,fcs,Pioneer,49.0,"[14, 14, 14, 7]",0.9940673610218093,,,2.6670174676,,,
401635616,2024,13,regular,2024-11-23T18:30:00.000Z,False,True,False,False,43711.0,3697.0,Doak Campbell Stadium,52,Florida State,fbs,ACC,41.0,"[0, 17, 14, 10]",0.9988011823371064,1353.0,1353.0,2127,Charleston Southern,fcs,Big South-OVC,7.0,"[0, 0, 0, 7]",0.0011988176628936476,,,4.3942707608,,,
401654543,2024,13,regular,2024-11-23T18:30:00.000Z,False,True,False,True,9169.0,3864.0,Oliver C. Dawson Stadium,2569,South Carolina State,fcs,MEAC,53.0,"[10, 7, 16, 20]",0.9986732467769887,,,2450,Norfolk State,fcs,MEAC,21.0,"[14, 0, 0, 7]",0.0013267532230113455,,,5.6330545385,,,
401638699,2024,13,regular,2024-11-23T19:00:00.000Z,False,True,False,True,1058.0,3655.0,Brown Field,2674,Valparaiso,fcs,Pioneer,18.0,"[0, 10, 0, 8]",0.1331287708484537,,,2166,Davidson,fcs,Pioneer,17.0,"[7, 7, 0, 3]",0.8668712291515464,,,6.0159126075,,,
401634130,2024,13,regular,2024-11-23T19:00:00.000Z,False,True,False,True,22057.0,3643.0,Bobcat Stadium,147,Montana State,fcs,Big Sky,34.0,"[7, 13, 7, 7]",0.9978686133776175,,,149,Montana,fcs,Big Sky,11.0,"[0, 3, 0, 8]",0.0021313866223825473,,,3.8622070935,,,
401634012,2024,13,regular,2024-11-23T19:00:00.000Z,False,True,False,True,2021.0,3746.0,Hanson Field,2710,Western Illinois,fcs,Big South-OVC,45.0,"[7, 7, 14, 17]",0.9986637304719985,,,2241,Gardner-Webb,fcs,Big South-OVC,28.0,"[7, 7, 14, 0]",0.001336269528001477,,,8.1735673102,,,
401632132,2024,13,regular,2024-11-23T19:00:00.000Z,False,True,False,True,4226.0,3908.0,Roy Kidd Stadium,2198,Eastern Kentucky,fcs,UAC,21.0,"[0, 14, 0, 7]",0.9867012461311381,,,2453,North Alabama,fcs,UAC,15.0,"[0, 0, 8, 7]",0.013298753868861923,,,2.7606039646,,,
401734595,2024,13,regular,2024-11-23T19:00:00.000Z,False,True,False,False,,5878.0,Wantland Stadium,2122,Central Oklahoma,ii,Mid America,38.0,"[7, 7, 10, 7, 7]",,,,2888,Ouachita Baptist,ii,Great American,31.0,"[7, 0, 7, 17, 0]",,,,,,Division II Championship - First Round,
401634179,2024,13,regular,2024-11-23T19:00:00.000Z,False,True,False,True,8398.0,3967.0,UNI-Dome,2460,Northern Iowa,fcs,MVFC,41.0,"[10, 14, 10, 7]",0.9960384607550533,,,282,Indiana State,fcs,MVFC,34.0,"[7, 10, 7, 10]",0.003961539244946688,,,7.099697884,,,
401632142,2024,13,regular,2024-11-23T19:00:00.000Z,False,True,False,False,6105.0,3742.0,Governors Stadium,2046,Austin Peay,fcs,UAC,17.0,"[0, 10, 0, 7]",0.05141575997021772,,,236,Chattanooga,fcs,Southern,24.0,"[10, 0, 7, 7]",0.9485842400297823,,,6.766446415,,,
401634211,2024,13,regular,2024-11-23T19:00:00.000Z,False,True,False,True,9062.0,1905.0,DakotaDome,233,South Dakota,fcs,MVFC,29.0,"[7, 7, 3, 12]",0.6278512906633265,,,2449,North Dakota State,fcs,MVFC,28.0,"[0, 14, 7, 7]",0.37214870933667354,,,6.2913523095,,,
401628700,2024,13,regular,2024-11-23T19:00:00.000Z,False,True,False,True,3410.0,3629.0,Barker-Lane Stadium,2097,Campbell,fcs,CAA,23.0,"[6, 3, 7, 7]",0.02277897826928349,,,119,Towson,fcs,CAA,45.0,"[7, 7, 7, 24]",0.9772210217307165,,,4.4061116509,,,
401734600,2024,13,regular,2024-11-23T19:00:00.000Z,False,True,False,False,,5869.0,LeGrand Stadium at 1st Community Credit Union Field,2025,Angelo State,ii,Lone Star,14.0,"[0, 7, 0, 7]",,,,132,Bemidji State,ii,Northern Sun,24.0,"[7, 7, 0, 10]",,,,,,Division II Championship - First Round,
401734582,2024,13,regular,2024-11-23T19:00:00.000Z,False,True,False,False,,3957.0,Tiger Stadium (AL),2695,West Alabama,ii,Gulf South,34.0,"[7, 20, 7, 0]",,,,2331,Lenoir Rhyne,ii,South Atlantic,37.0,"[7, 17, 10, 3]",,,,,,Division II Championship - First Round,
401634041,2024,13,regular,2024-11-23T19:00:00.000Z,False,True,False,True,3724.0,4762.0,Memorial Stadium (Commerce TX),2837,East Texas A&M,fcs,Southland,24.0,"[7, 10, 7, 0]",0.023653619916795973,,,2916,Incarnate Word,fcs,Southland,38.0,"[7, 10, 0, 21]",0.9763463800832041,,,3.574184708,,,
401638700,2024,13,regular,2024-11-23T19:00:00.000Z,False,True,False,True,2171.0,5116.0,O'Shaughnessy Stadium,2900,St. Thomas (MN),fcs,Pioneer,32.0,"[7, 18, 0, 7]",0.9979180266041181,,,2168,Dayton,fcs,Pioneer,9.0,"[3, 0, 0, 6]",0.0020819733958818976,,,3.4238024756,,,
401644774,2024,13,regular,2024-11-23T19:00:00.000Z,False,True,False,True,7116.0,3919.0,Scheumann Stadium,2050,Ball State,fbs,Mid-American,13.0,"[0, 7, 0, 6]",0.005146142392136814,1115.0,1089.0,189,Bowling Green,fbs,Mid-American,38.0,"[7, 3, 18, 10]",0.9948538576078632,1472.0,1498.0,3.6784536429,,,
401645373,2024,13,regular,2024-11-23T19:00:00.000Z,False,True,False,True,16181.0,7221.0,Protective Stadium,5,UAB,fbs,American Athletic,40.0,"[14, 13, 0, 13]",0.998814359056721,1145.0,1231.0,242,Rice,fbs,American Athletic,14.0,"[14, 0, 0, 0]",0.0011856409432789983,1301.0,1215.0,5.3822916934,,,
401734597,2024,13,regular,2024-11-23T19:00:00.000Z,False,True,False,False,,6067.0,Carnie Smith Stadium,90,Pittsburg State,ii,Mid America,3.0,"[3, 0, 0, 0]",,,,2264,Harding,ii,Great American,48.0,"[0, 24, 14, 10]",,,,,,Division II Championship - First Round,
401643836,2024,13,regular,2024-11-23T19:30:00.000Z,False,True,False,True,34012.0,3792.0,Kidd Brewer Stadium,2026,App State,fbs,Sun Belt,34.0,"[0, 24, 7, 3]",0.9597617954496301,1332.0,1405.0,256,James Madison,fbs,Sun Belt,20.0,"[7, 10, 3, 0]",0.04023820455036986,1780.0,1707.0,6.1415880256,,,
401641027,2024,13,regular,2024-11-23T19:30:00.000Z,False,True,False,True,10123.0,3725.0,"Johnny ""Red"" Floyd Stadium",2393,Middle Tennessee,fbs,Conference USA,21.0,"[0, 7, 7, 7]",0.028019728992069188,1144.0,1104.0,166,New Mexico State,fbs,Conference USA,36.0,"[10, 3, 13, 10]",0.9719802710079308,1097.0,1137.0,4.8354313983,,,
401634013,2024,13,regular,2024-11-23T20:00:00.000Z,False,True,False,True,2208.0,3748.0,Graham Stadium,2630,UT Martin,fcs,Big South-OVC,33.0,"[0, 7, 13, 6, 7]",0.10197750609926635,,,2815,Lindenwood,fcs,Big South-OVC,26.0,"[6, 7, 5, 8, 0]",0.8980224939007336,,,3.636551343,,,
401640987,2024,13,regular,2024-11-23T20:00:00.000Z,False,True,False,True,6210.0,4899.0,Fifth Third Stadium,338,Kennesaw State,fbs,Conference USA,27.0,"[3, 14, 0, 10]",0.18940278006243344,1230.0,1233.0,2229,Florida International,fbs,Conference USA,26.0,"[0, 20, 6, 0]",0.8105972199375666,1300.0,1297.0,7.7000071702,,,
401643839,2024,13,regular,2024-11-23T20:00:00.000Z,False,True,False,True,14029.0,3625.0,Centennial Bank Stadium,2032,Arkansas State,fbs,Sun Belt,28.0,"[7, 7, 7, 7]",0.7236342121276668,1235.0,1241.0,2433,UL Monroe,fbs,Sun Belt,21.0,"[7, 0, 7, 7]",0.27636578787233324,1166.0,1160.0,6.5147873776,,,
401734572,2024,13,regular,2024-11-23T20:00:00.000Z,False,True,False,False,,6148.0,The Pine Bowl,2721,Whitworth,iii,Northwest,21.0,"[14, 0, 0, 7]",,,,2923,Pomona Pitzer,iii,So. Cal.,13.0,"[3, 7, 0, 3]",,,,,,Division III Championship - First Round,
401634040,2024,13,regular,2024-11-23T20:00:00.000Z,False,True,False,True,1783.0,4424.0,Husky Stadium,2277,Houston Christian,fcs,Southland,62.0,"[17, 7, 35, 3]",0.9989559274295479,,,2466,Northwestern State,fcs,Southland,24.0,"[0, 14, 3, 7]",0.001044072570452137,,,4.2288025636,,,
401645371,2024,13,regular,2024-11-23T20:00:00.000Z,False,True,False,True,15066.0,3715.0,FAU Stadium,2226,Florida Atlantic,fbs,American Athletic,27.0,"[3, 7, 10, 7]",0.7874519151169872,1123.0,1095.0,2429,Charlotte,fbs,American Athletic,39.0,"[10, 6, 10, 13]",0.2125480848830128,1101.0,1129.0,6.210340242,,,
401643841,2024,13,regular,2024-11-23T20:00:00.000Z,False,True,False,True,20074.0,3815.0,M. M. Roberts Stadium,2572,Southern Miss,fbs,Sun Belt,14.0,"[8, 3, 0, 3]",0.0007325958791700735,948.0,961.0,6,South Alabama,fbs,Sun Belt,35.0,"[0, 14, 14, 7]",0.9992674041208299,1621.0,1608.0,4.3223525767,,,
401734599,2024,13,regular,2024-11-23T20:00:00.000Z,False,True,False,False,,5782.0,Mountaineer Bowl,2714,Western Colorado,ii,Rocky Mountain,28.0,"[7, 7, 7, 7]",,,,2120,Central Washington,ii,Lone Star,21.0,"[7, 3, 0, 11]",,,,,,Division II Championship - First Round,
401636352,2024,13,regular,2024-11-23T20:00:00.000Z,False,True,False,True,8265.0,4582.0,Hornet Stadium,2011,Alabama State,fcs,SWAC,9.0,"[3, 3, 0, 3]",0.5554903480827157,,,2504,Prairie View A&M,fcs,SWAC,6.0,"[3, 3, 0, 0]",0.4445096519172843,,,8.8044621939,,,
401636392,2024,13,regular,2024-11-23T20:00:00.000Z,False,True,False,True,22617.0,3771.0,Jack Spinks Stadium,2016,Alcorn State,fcs,SWAC,10.0,"[7, 0, 3, 0]",0.003307649836060255,,,2296,Jackson State,fcs,SWAC,48.0,"[14, 13, 14, 7]",0.9966923501639398,,,2.1462496476,,,
401634189,2024,13,regular,2024-11-23T20:00:00.000Z,False,True,False,True,7142.0,3878.0,Plaster Sports Complex,2623,Missouri State,fcs,MVFC,9.0,"[0, 9, 0, 0]",0.0005945221092919961,,,2571,South Dakota State,fcs,MVFC,45.0,"[7, 17, 14, 7]",0.999405477890708,,,2.4511140165,,,
401632143,2024,13,regular,2024-11-23T20:00:00.000Z,False,True,False,True,4115.0,3706.0,Eccles Coliseum,253,Southern Utah,fcs,UAC,37.0,"[7, 14, 10, 0, 3, 3]",0.9931885439593802,,,3101,Utah Tech,fcs,UAC,34.0,"[14, 0, 7, 10, 3, 0]",0.006811456040619834,,,9.3105601668,,,
401634128,2024,13,regular,2024-11-23T20:00:00.000Z,False,True,False,True,7113.0,2023.0,Walkup Skydome,2464,Northern Arizona,fcs,Big Sky,30.0,"[7, 7, 3, 13]",0.9966701982389777,,,331,Eastern Washington,fcs,Big Sky,18.0,"[0, 7, 11, 0]",0.0033298017610222663,,,7.256461502,,,
401636935,2024,13,regular,2024-11-23T20:00:00.000Z,False,True,False,True,42977.0,3616.0,Amon G. Carter Stadium,2628,TCU,fbs,Big 12,49.0,"[14, 7, 14, 14]",0.9897123020256314,1578.0,1614.0,12,Arizona,fbs,Big 12,28.0,"[7, 6, 0, 15]",0.01028769797436857,1440.0,1404.0,4.7549952564,,,
401636362,2024,13,regular,2024-11-23T20:00:00.000Z,False,True,False,True,3723.0,3740.0,Golden Lion Stadium,2029,Arkansas-Pine Bluff,fcs,SWAC,23.0,"[0, 10, 3, 10]",0.15680893188862877,,,2640,Texas Southern,fcs,SWAC,31.0,"[7, 0, 17, 7]",0.8431910681113712,,,6.8641841938,,,
401638350,2024,13,regular,2024-11-23T20:00:00.000Z,False,True,False,True,4723.0,3925.0,Seibert Stadium,2535,Samford,fcs,Southern,42.0,"[0, 14, 21, 7]",0.03882430126175427,,,2717,Western Carolina,fcs,Southern,47.0,"[14, 23, 0, 10]",0.9611756987382457,,,6.621073783,,,
401678896,2024,13,regular,2024-11-23T20:00:00.000Z,False,True,False,False,,3756.0,Homer Bryce Stadium,2617,Stephen F. Austin,fcs,Southland,32.0,"[9, 7, 16, 0]",0.9164231345184903,,,2000,Abilene Christian,fcs,UAC,19.0,"[0, 6, 7, 6]",0.08357686548150967,,,6.1980719197,,,
401634151,2024,13,regular,2024-11-23T20:00:00.000Z,False,True,False,True,8453.0,4417.0,Five Star Stadium at the Moye Complex,2382,Mercer,fcs,Southern,49.0,"[21, 7, 14, 7]",0.9983137924556716,,,231,Furman,fcs,Southern,23.0,"[10, 3, 3, 7]",0.0016862075443283553,,,4.3243025365,,,
401632131,2024,13,regular,2024-11-23T20:00:00.000Z,False,True,False,True,14800.0,3827.0,"Memorial Stadium (Stephenville, TX)",2627,Tarleton State,fcs,UAC,39.0,"[7, 7, 8, 17]",0.9915260663232084,,,2110,Central Arkansas,fcs,UAC,14.0,"[0, 7, 7, 0]",0.008473933676791612,,,4.5337244578,,,
401634127,2024,13,regular,2024-11-23T20:00:00.000Z,False,True,False,True,4279.0,3942.0,Stewart Stadium,2692,Weber State,fcs,Big Sky,28.0,"[6, 3, 3, 16]",0.9642413903169408,,,13,Cal Poly,fcs,Big Sky,17.0,"[0, 0, 14, 3]",0.03575860968305922,,,8.5386121195,,,
401636371,2024,13,regular,2024-11-23T20:30:00.000Z,False,True,True,True,5645.0,4013.0,Camping World Stadium,2065,Bethune-Cookman,fcs,SWAC,38.0,"[7, 14, 3, 14]",0.3834759735491569,,,50,Florida A&M,fcs,SWAC,41.0,"[10, 7, 10, 14]",0.6165240264508431,,,8.3859944492,,Florida Classic,
401635614,2024,13,regular,2024-11-23T20:30:00.000Z,False,True,False,False,80300.0,3836.0,"Memorial Stadium (Clemson, SC)",228,Clemson,fbs,ACC,51.0,"[14, 21, 10, 6]",0.9989669468883322,1824.0,1824.0,2643,The Citadel,fcs,Southern,14.0,"[0, 0, 7, 7]",0.0010330531116677921,,,2.4320682979,,,
401636930,2024,13,regular,2024-11-23T20:30:00.000Z,False,True,False,True,55400.0,3947.0,Mountain America Stadium,9,Arizona State,fbs,Big 12,28.0,"[7, 14, 7, 0]",0.8767034844197439,1608.0,1615.0,252,BYU,fbs,Big 12,23.0,"[0, 3, 14, 6]",0.12329651558025612,1667.0,1660.0,5.3435381132,,,
401636932,2024,13,regular,2024-11-23T20:30:00.000Z,False,True,True,True,56470.0,3622.0,GEHA Field at Arrowhead Stadium,2305,Kansas,fbs,Big 12,37.0,"[10, 13, 7, 7]",0.9969567747278307,1671.0,1714.0,38,Colorado,fbs,Big 12,21.0,"[0, 14, 7, 0]",0.00304322527216927,1684.0,1641.0,5.0171919651,,,
401636934,2024,13,regular,2024-11-23T20:30:00.000Z,False,True,False,True,52202.0,3646.0,Boone Pickens Stadium,197,Oklahoma State,fbs,Big 12,48.0,"[7, 7, 14, 20]",0.37191522066444943,1375.0,1372.0,2641,Texas Tech,fbs,Big 12,56.0,"[14, 7, 14, 21]",0.6280847793355506,1537.0,1540.0,7.5014400752,,,
401635613,2024,13,regular,2024-11-23T20:30:00.000Z,False,True,False,True,52428.0,3831.0,California Memorial Stadium,25,California,fbs,ACC,24.0,"[0, 7, 3, 14]",0.8187295997031043,1610.0,1606.0,24,Stanford,fbs,ACC,21.0,"[14, 0, 7, 0]",0.18127040029689567,1168.0,1172.0,4.8024372895,,,
401636937,2024,13,regular,2024-11-23T20:30:00.000Z,False,True,False,True,40722.0,3842.0,Milan Puskar Stadium,277,West Virginia,fbs,Big 12,31.0,"[14, 7, 7, 3]",0.3870661633047699,1529.0,1553.0,2116,UCF,fbs,Big 12,21.0,"[0, 7, 7, 7]",0.6129338366952302,1620.0,1596.0,4.4217794942,,,
401645375,2024,13,regular,2024-11-23T20:30:00.000Z,False,True,False,True,27623.0,3886.0,Raymond James Stadium,58,South Florida,fbs,American Athletic,63.0,"[28, 14, 7, 14]",0.9989188929407493,1420.0,1457.0,202,Tulsa,fbs,American Athletic,30.0,"[0, 7, 0, 23]",0.0010811070592506855,971.0,934.0,2.5536432679,,,
401645372,2024,13,regular,2024-11-23T20:30:00.000Z,False,True,False,True,17387.0,3825.0,DATCU Stadium,249,North Texas,fbs,American Athletic,28.0,"[14, 7, 7, 0]",0.06481296643458724,1400.0,1373.0,151,East Carolina,fbs,American Athletic,40.0,"[0, 7, 24, 9]",0.9351870335654128,1391.0,1418.0,5.8323354016,,,
401643837,2024,13,regular,2024-11-23T20:30:00.000Z,False,True,False,True,14556.0,3654.0,Brooks Stadium (SC),324,Coastal Carolina,fbs,Sun Belt,6.0,"[3, 0, 3, 0]",0.031203776914788393,1386.0,1335.0,290,Georgia Southern,fbs,Sun Belt,26.0,"[10, 3, 0, 13]",0.9687962230852116,1386.0,1437.0,5.1594818848,,,
401628557,2024,13,regular,2024-11-23T20:30:00.000Z,False,True,False,True,109830.0,3558.0,Michigan Stadium,130,Michigan,fbs,Big Ten,50.0,"[10, 7, 14, 19]",0.9975037396874484,1777.0,1867.0,77,Northwestern,fbs,Big Ten,6.0,"[0, 6, 0, 0]",0.002496260312551568,1486.0,1396.0,3.4773768545,,,
401628559,2024,13,regular,2024-11-23T20:30:00.000Z,False,True,False,True,44266.0,3953.0,Huntington Bank Stadium,135,Minnesota,fbs,Big Ten,25.0,"[7, 12, 3, 3]",0.3936757829996285,1590.0,1606.0,213,Penn State,fbs,Big Ten,26.0,"[0, 16, 7, 3]",0.6063242170003715,1987.0,1971.0,5.9747051446,,,
401643766,2024,13,regular,2024-11-23T20:30:00.000Z,False,True,False,True,12583.0,3905.0,Maverik Stadium,328,Utah State,fbs,Mountain West,41.0,"[0, 14, 7, 20]",0.9985195200770841,1321.0,1367.0,21,San Diego State,fbs,Mountain West,20.0,"[3, 10, 0, 7]",0.0014804799229158894,1283.0,1237.0,6.1729697376,,,
401628436,2024,13,regular,2024-11-23T20:30:00.000Z,False,True,False,True,102811.0,3910.0,DKR-Texas Memorial Stadium,251,Texas,fbs,SEC,31.0,"[7, 17, 0, 7]",0.9965531842080707,2071.0,2063.0,96,Kentucky,fbs,SEC,14.0,"[0, 7, 7, 0]",0.003446815791929292,1537.0,1545.0,5.0504497603,,,
401628560,2024,13,regular,2024-11-23T20:30:00.000Z,False,True,False,True,86923.0,3834.0,"Memorial Stadium (Lincoln, NE)",158,Nebraska,fbs,Big Ten,44.0,"[7, 17, 10, 10]",0.8939495444892308,1459.0,1524.0,275,Wisconsin,fbs,Big Ten,25.0,"[7, 3, 7, 8]",0.10605045551076919,1659.0,1594.0,4.201190015,,,
401634131,2024,13,regular,2024-11-23T21:00:00.000Z,False,True,False,True,1791.0,4765.0,Hillsboro Stadium,2502,Portland State,fcs,Big Sky,45.0,"[3, 14, 14, 14]",0.9949182196937053,,,2458,Northern Colorado,fcs,Big Sky,13.0,"[0, 7, 0, 6]",0.005081780306294692,,,5.379589033,,,
401635617,2024,13,regular,2024-11-23T21:00:00.000Z,False,True,False,True,49441.0,3873.0,L&N Federal Credit Union Stadium,97,Louisville,fbs,ACC,37.0,"[10, 17, 10, 0]",0.9986454166487777,1715.0,1767.0,221,Pittsburgh,fbs,ACC,9.0,"[0, 0, 7, 2]",0.0013545833512222938,1531.0,1479.0,3.162664048,,,
401628427,2024,13,regular,2024-11-23T21:00:00.000Z,False,True,False,False,66041.0,3887.0,Razorback Stadium,8,Arkansas,fbs,SEC,35.0,"[0, 14, 7, 14]",0.9978082504753316,1547.0,1574.0,2348,Louisiana Tech,fbs,Conference USA,14.0,"[0, 0, 7, 7]",0.002191749524668385,1321.0,1294.0,6.40634552,,,
401628434,2024,13,regular,2024-11-23T21:00:00.000Z,False,True,False,False,79078.0,3994.0,Williams-Brice Stadium,2579,South Carolina,fbs,SEC,56.0,"[7, 14, 14, 21]",0.9988939582781906,1827.0,1827.0,2747,Wofford,fcs,Southern,12.0,"[3, 6, 0, 3]",0.001106041721809392,,,5.0921718838,,,
401628432,2024,13,regular,2024-11-23T21:15:00.000Z,False,True,False,True,47824.0,3693.0,Davis Wade Stadium,344,Mississippi State,fbs,SEC,20.0,"[10, 3, 7, 0]",0.0008143081951796834,1362.0,1348.0,142,Missouri,fbs,SEC,39.0,"[14, 14, 3, 8]",0.9991856918048203,1684.0,1698.0,3.4778164696,,,
401634014,2024,13,regular,2024-11-23T21:30:00.000Z,False,True,False,True,1536.0,3810.0,Nissan Stadium,2634,Tennessee State,fcs,Big South-OVC,28.0,"[21, 0, 0, 7]",0.9469382327237396,,,2546,Southeast Missouri State,fcs,Big South-OVC,21.0,"[0, 14, 0, 7]",0.05306176727626044,,,8.0423670118,,,
401634132,2024,13,regular,2024-11-23T22:00:00.000Z,False,True,False,True,16239.0,3757.0,Hornet Stadium,16,Sacramento State,fcs,Big Sky,39.0,"[7, 7, 10, 15]",0.20232000286405205,,,302,UC Davis,fcs,Big Sky,42.0,"[7, 14, 0, 21]",0.797679997135948,,,5.2759823737,,,
401643840,2024,13,regular,2024-11-23T22:00:00.000Z,False,True,False,True,15501.0,3666.0,Cajun Field,309,Louisiana,fbs,Sun Belt,51.0,"[7, 27, 3, 14]",0.9356443974601732,1618.0,1652.0,2653,Troy,fbs,Sun Belt,30.0,"[14, 0, 8, 8]",0.06435560253982675,1466.0,1432.0,4.729033844,,,
401634129,2024,13,regular,2024-11-23T23:00:00.000Z,False,True,False,True,10032.0,1930.0,Holt Arena,304,Idaho State,fcs,Big Sky,17.0,"[0, 7, 3, 7]",0.0064601160117307675,,,70,Idaho,fcs,Big Sky,40.0,"[10, 7, 13, 10]",0.9935398839882692,,,3.3984530325,,,
401636931,2024,13,regular,2024-11-24T00:00:00.000Z,False,True,False,True,34166.0,4728.0,TDECU Stadium,248,Houston,fbs,Big 12,10.0,"[7, 0, 0, 3]",0.2133737052761575,1306.0,1309.0,239,Baylor,fbs,Big 12,20.0,"[7, 10, 0, 3]",0.7866262947238425,1591.0,1588.0,4.999600321,,,
401643842,2024,13,regular,2024-11-24T00:00:00.000Z,False,True,False,True,18271.0,3644.0,Bobcat Stadium (TX),326,Texas State,fbs,Sun Belt,44.0,"[14, 7, 0, 23]",0.06184990509359186,1693.0,1635.0,2247,Georgia State,fbs,Sun Belt,52.0,"[14, 24, 7, 7]",0.9381500949064081,1238.0,1296.0,3.6713008688,,,
401643764,2024,13,regular,2024-11-24T00:00:00.000Z,False,True,False,True,18094.0,3984.0,War Memorial Stadium,2751,Wyoming,fbs,Mountain West,13.0,"[3, 7, 0, 3]",0.7212125149793001,1260.0,1283.0,68,Boise State,fbs,Mountain West,17.0,"[7, 3, 0, 7]",0.27878748502069994,1770.0,1747.0,7.5855508451,,,
401640959,2024,13,regular,2024-11-24T00:00:00.000Z,False,True,True,False,47342.0,4102.0,Yankee Stadium,87,Notre Dame,fbs,FBS Independents,49.0,"[14, 14, 14, 7]",0.9989435155454186,2115.0,2165.0,349,Army,fbs,American Athletic,14.0,"[0, 7, 0, 7]",0.0010564844545813967,1661.0,1611.0,2.6373925698,,,
401628572,2024,13,regular,2024-11-24T00:00:00.000Z,False,True,False,True,38008.0,3893.0,Reser Stadium,204,Oregon State,fbs,Pac-12,41.0,"[7, 14, 10, 10]",0.27376107445477166,1356.0,1360.0,265,Washington State,fbs,Pac-12,38.0,"[7, 10, 7, 14]",0.7262389255452284,1600.0,1596.0,7.658751011,,,
401628428,2024,13,regular,2024-11-24T00:30:00.000Z,False,True,False,True,88043.0,3785.0,Jordan-Hare Stadium,2,Auburn,fbs,SEC,43.0,"[14, 7, 7, 3, 7, 3, 0, 2]",0.5423385562984405,1604.0,1607.0,245,Texas A&M,fbs,SEC,41.0,"[0, 7, 14, 10, 7, 3, 0, 0]",0.4576614437015595,1770.0,1767.0,9.219958917,,,
401628433,2024,13,regular,2024-11-24T00:30:00.000Z,False,True,False,True,84053.0,3835.0,"Memorial Stadium (Norman, OK)",201,Oklahoma,fbs,SEC,24.0,"[0, 10, 14, 0]",0.9979876881477157,1678.0,1780.0,333,Alabama,fbs,SEC,3.0,"[3, 0, 0, 0]",0.002012311852284343,2113.0,2011.0,4.1536928647,,,
401643838,2024,13,regular,2024-11-24T00:30:00.000Z,False,True,False,True,18083.0,3918.0,S.B. Ballard Stadium,295,Old Dominion,fbs,Sun Belt,35.0,"[0, 7, 21, 7]",0.6173487362334923,1486.0,1473.0,276,Marshall,fbs,Sun Belt,42.0,"[3, 14, 10, 15]",0.3826512637665077,1489.0,1502.0,6.9754188366,,,
401636936,2024,13,regular,2024-11-24T00:30:00.000Z,False,True,False,True,52152.0,587.0,Rice-Eccles Stadium,254,Utah,fbs,Big 12,28.0,"[3, 10, 0, 15]",0.8462294608654207,1515.0,1524.0,66,Iowa State,fbs,Big 12,31.0,"[7, 10, 7, 7]",0.15377053913457928,1746.0,1737.0,6.295511082,,,
401628431,2024,13,regular,2024-11-24T00:45:00.000Z,False,True,False,True,102086.0,3958.0,Tiger Stadium (LA),99,LSU,fbs,SEC,24.0,"[7, 7, 7, 3]",0.9215569106403879,1764.0,1757.0,238,Vanderbilt,fbs,SEC,17.0,"[7, 0, 3, 7]",0.07844308935961208,1446.0,1453.0,4.8747119749,,,
401635615,2024,13,regular,2024-11-24T01:00:00.000Z,False,True,False,True,22462.0,3982.0,Wallace Wade Stadium,150,Duke,fbs,ACC,31.0,"[14, 7, 10, 0]",0.9072339610133376,1597.0,1599.0,259,Virginia Tech,fbs,ACC,28.0,"[7, 10, 0, 11]",0.09276603898666236,1658.0,1656.0,8.334691174,,,
401634042,2024,13,regular,2024-11-24T01:00:00.000Z,False,True,False,True,7244.0,3686.0,Cowboy Stadium,2377,McNeese,fcs,Southland,24.0,"[0, 7, 3, 14]",0.6318539458979531,,,2320,Lamar,fcs,Southland,26.0,"[10, 7, 3, 6]",0.3681460541020469,,,6.9320646076,,,
401636933,2024,13,regular,2024-11-24T01:00:00.000Z,False,True,False,True,50988.0,3636.0,Bill Snyder Family Stadium,2306,Kansas State,fbs,Big 12,41.0,"[10, 17, 0, 14]",0.9958220506202534,1731.0,1772.0,2132,Cincinnati,fbs,Big 12,15.0,"[0, 3, 6, 6]",0.004177949379746582,1506.0,1465.0,3.0258991048,,,
401628561,2024,13,regular,2024-11-24T03:30:00.000Z,False,True,False,True,59473.0,1056.0,Rose Bowl,26,UCLA,fbs,Big Ten,13.0,"[3, 0, 10, 0]",0.921876989457655,1466.0,1476.0,30,USC,fbs,Big Ten,19.0,"[3, 6, 0, 10]",0.07812301054234505,1761.0,1751.0,6.0413408276,,,
401643765,2024,13,regular,2024-11-24T03:30:00.000Z,False,True,False,True,39543.0,3660.0,Valley Children's Stadium,278,Fresno State,fbs,Mountain West,28.0,"[7, 21, 0, 0]",0.8797291371909506,1511.0,1511.0,36,Colorado State,fbs,Mountain West,22.0,"[7, 0, 7, 8]",0.12027086280904942,1366.0,1366.0,5.6302113159,,,
401643763,2024,13,regular,2024-11-24T03:30:00.000Z,False,True,False,True,12228.0,3816.0,Mackay Stadium,2440,Nevada,fbs,Mountain West,19.0,"[0, 6, 6, 7]",0.12469034617243689,1196.0,1204.0,2005,Air Force,fbs,Mountain West,22.0,"[0, 7, 0, 15]",0.8753096538275631,1406.0,1398.0,6.9270209058,,,
401644775,2024,14,regular,2024-11-27T00:00:00.000Z,False,True,False,True,4716.0,3768.0,InfoCision Stadium,2006,Akron,fbs,Mid-American,21.0,"[7, 0, 0, 7, 7]",0.2844975789747403,1085.0,1118.0,2649,Toledo,fbs,Mid-American,14.0,"[0, 0, 0, 14, 0]",0.7155024210252596,1459.0,1426.0,7.1114876651,,,
401644776,2024,14,regular,2024-11-27T00:00:00.000Z,False,True,False,True,11916.0,3965.0,UB Stadium,2084,Buffalo,fbs,Mid-American,43.0,"[13, 13, 7, 10]",0.9986797157103546,1259.0,1304.0,2309,Kent State,fbs,Mid-American,7.0,"[0, 0, 7, 0]",0.0013202842896453681,805.0,760.0,3.0737114671,,,
401636353,2024,14,regular,2024-11-28T19:00:00.000Z,False,True,False,False,21567.0,4582.0,Hornet Stadium,2011,Alabama State,fcs,SWAC,34.0,"[21, 7, 6, 0]",0.9964260160923144,,,2657,Tuskegee,ii,SIAC,6.0,"[3, 3, 0, 0]",0.003573983907685596,,,2.4368487589,,Turkey Day Classic,
401645376,2024,14,regular,2024-11-29T00:30:00.000Z,False,True,False,True,25021.0,4729.0,Yulman Stadium,2655,Tulane,fbs,American Athletic,24.0,"[10, 0, 0, 14]",0.044377860509926904,1874.0,1829.0,235,Memphis,fbs,American Athletic,34.0,"[7, 10, 7, 10]",0.9556221394900731,1621.0,1666.0,4.2262920592,,,
401644691,2024,14,regular,2024-11-29T17:00:00.000Z,False,True,False,True,9345.0,3700.0,Doyt L. Perry Stadium,189,Bowling Green,fbs,Mid-American,12.0,"[0, 5, 0, 7]",0.011332963568387195,1498.0,1466.0,193,Miami (OH),fbs,Mid-American,28.0,"[7, 7, 0, 14]",0.9886670364316128,1558.0,1590.0,3.8709650579,,,
401645379,2024,14,regular,2024-11-29T17:00:00.000Z,False,True,False,True,35663.0,3699.0,Dowdy-Ficklen Stadium,151,East Carolina,fbs,American Athletic,20.0,"[0, 3, 0, 17]",0.006420098891402485,1418.0,1392.0,2426,Navy,fbs,American Athletic,34.0,"[0, 0, 14, 20]",0.9935799011085975,1477.0,1503.0,5.6325040367,,,
401644777,2024,14,regular,2024-11-29T17:00:00.000Z,False,True,False,True,11804.0,3876.0,Peden Stadium,195,Ohio,fbs,Mid-American,42.0,"[14, 7, 14, 7]",0.998880141430811,1582.0,1585.0,2050,Ball State,fbs,Mid-American,21.0,"[0, 7, 7, 7]",0.0011198585691889473,1089.0,1086.0,5.7309179002,,,
401636938,2024,14,regular,2024-11-29T17:00:00.000Z,False,True,False,True,51030.0,3726.0,Folsom Field,38,Colorado,fbs,Big 12,52.0,"[21, 0, 17, 14]",0.9989571361132871,1641.0,1762.0,197,Oklahoma State,fbs,Big 12,0.0,"[0, 0, 0, 0]",0.0010428638867129303,1372.0,1251.0,2.7476275523,,,
401643769,2024,14,regular,2024-11-29T17:00:00.000Z,False,True,False,False,37264.0,3653.0,Albertsons Stadium,68,Boise State,fbs,Mountain West,34.0,"[14, 7, 6, 7]",0.9418541814960487,1747.0,1748.0,204,Oregon State,fbs,Pac-12,18.0,"[0, 7, 3, 8]",0.058145818503951285,1360.0,1359.0,4.511954859,,,
401628568,2024,14,regular,2024-11-29T17:00:00.000Z,False,True,False,True,76059.0,347.0,Camp Randall Stadium,275,Wisconsin,fbs,Big Ten,7.0,"[0, 0, 7, 0]",0.0009386543860333801,1594.0,1554.0,135,Minnesota,fbs,Big Ten,24.0,"[7, 7, 7, 3]",0.9990613456139666,1606.0,1646.0,3.3258566397,,,
401643770,2024,14,regular,2024-11-29T20:30:00.000Z,False,True,False,True,24772.0,5388.0,Canvas Stadium,36,Colorado State,fbs,Mountain West,42.0,"[0, 13, 0, 29]",0.23687846901861767,1366.0,1371.0,328,Utah State,fbs,Mountain West,37.0,"[13, 3, 14, 7]",0.7631215309813824,1367.0,1362.0,8.1634958871,,,
401640997,2024,14,regular,2024-11-29T20:30:00.000Z,False,True,False,True,8651.0,3647.0,Elliott T. Bowers Stadium,2534,Sam Houston,fbs,Conference USA,20.0,"[3, 14, 3, 0]",0.8588682212916633,1412.0,1415.0,2335,Liberty,fbs,Conference USA,18.0,"[2, 7, 0, 9]",0.1411317787083367,1576.0,1573.0,5.6355656693,,,
401643843,2024,14,regular,2024-11-29T20:30:00.000Z,False,True,False,True,15569.0,6526.0,Hancock Whitney Stadium,6,South Alabama,fbs,Sun Belt,38.0,"[14, 14, 7, 3]",0.21619645942292331,1608.0,1597.0,326,Texas State,fbs,Sun Belt,45.0,"[14, 7, 10, 14]",0.7838035405770767,1635.0,1646.0,6.3088466293,,,
401628442,2024,14,regular,2024-11-29T20:30:00.000Z,False,True,False,True,67896.0,3974.0,Vaught-Hemingway Stadium,145,Ole Miss,fbs,SEC,26.0,"[10, 7, 3, 6]",0.9791243711500325,1977.0,1956.0,344,Mississippi State,fbs,SEC,14.0,"[14, 0, 0, 0]",0.02087562884996752,1348.0,1369.0,6.7842309695,,,
401635625,2024,14,regular,2024-11-29T21:00:00.000Z,False,True,False,False,19117.0,3935.0,CEFCU Stadium,23,San José State,fbs,Mountain West,34.0,"[0, 17, 10, 7]",0.2736914275899505,1481.0,1478.0,24,Stanford,fbs,ACC,31.0,"[3, 7, 7, 14]",0.7263085724100495,1172.0,1175.0,7.035871014,,,
401634252,2024,14,regular,2024-11-29T21:00:00.000Z,False,True,False,True,,3650.0,Bragg Memorial Stadium,50,Florida A&M,fcs,SWAC,28.0,"[14, 7, 7, 0]",0.9964179713384561,,,2010,Alabama A&M,fcs,SWAC,20.0,"[3, 10, 0, 7]",0.00358202866154389,,,7.1499670222,,,
401628562,2024,14,regular,2024-11-30T00:30:00.000Z,False,True,False,True,69250.0,3793.0,Kinnick Stadium,2294,Iowa,fbs,Big Ten,13.0,"[0, 0, 3, 10]",0.060828858245351496,1786.0,1784.0,158,Nebraska,fbs,Big Ten,10.0,"[3, 7, 0, 0]",0.9391711417546486,1524.0,1526.0,6.8061849771,,,
401628439,2024,14,regular,2024-11-30T00:30:00.000Z,False,True,False,False,93033.0,3917.0,Sanford Stadium,61,Georgia,fbs,SEC,44.0,"[0, 0, 6, 21, 7, 6, 0, 0, 2, 0, 0, 2]",0.2112126985931276,2023.0,2017.0,59,Georgia Tech,fbs,ACC,42.0,"[3, 14, 0, 10, 7, 6, 0, 0, 2, 0, 0, 0]",0.7887873014068724,1575.0,1581.0,5.6413344753,,,
401636939,2024,14,regular,2024-11-30T01:00:00.000Z,False,True,False,True,40747.0,3652.0,FBC Mortgage Stadium,2116,UCF,fbs,Big 12,14.0,"[0, 7, 0, 7]",0.12002435906985308,1596.0,1557.0,254,Utah,fbs,Big 12,28.0,"[3, 10, 0, 15]",0.8799756409301469,1524.0,1563.0,5.3843456843,,,
401629038,2024,14,regular,2024-11-30T17:00:00.000Z,False,True,False,True,10365.0,3985.0,Warren McGuirk Alumni Stadium,113,Massachusetts,fbs,FBS Independents,42.0,"[14, 14, 0, 14]",0.7042563147039983,1023.0,1040.0,41,UConn,fbs,FBS Independents,47.0,"[14, 13, 6, 14]",0.2957436852960017,1414.0,1397.0,6.5079667639,,,
401643848,2024,14,regular,2024-11-30T17:00:00.000Z,False,True,False,True,15006.0,3817.0,Malone Stadium,2433,UL Monroe,fbs,Sun Belt,23.0,"[3, 10, 3, 7]",0.07179862294126547,1160.0,1172.0,309,Louisiana,fbs,Sun Belt,37.0,"[6, 7, 7, 17]",0.9282013770587345,1652.0,1640.0,5.6767894603,,,
401734573,2024,14,regular,2024-11-30T17:00:00.000Z,False,True,False,False,,6124.0,Amos Alonzo Stagg Field (PA),216,Susquehanna,iii,Landmark Conference,42.0,"[7, 21, 7, 7]",,,,174,Hobart,iii,Liberty League,35.0,"[0, 7, 14, 14]",,,,,,Division III Championship - Second Round,
401734994,2024,14,regular,2024-11-30T17:00:00.000Z,False,True,False,False,,3960.0,Top Taggart Field,2222,Ferris State,ii,GLIAC,78.0,"[7, 34, 28, 9]",,,,2122,Central Oklahoma,ii,Mid America,17.0,"[7, 10, 0, 0]",,,,,,Division II Championship - Second Round,
401645381,2024,14,regular,2024-11-30T17:00:00.000Z,False,True,False,True,,3806.0,Lincoln Financial Field,218,Temple,fbs,American Athletic,17.0,"[3, 14, 0, 0]",0.007678029612514481,1026.0,1038.0,249,North Texas,fbs,American Athletic,24.0,"[17, 7, 0, 0]",0.9923219703874855,1373.0,1361.0,6.3887081142,,,
401734594,2024,14,regular,2024-11-30T17:00:00.000Z,False,True,False,False,,5814.0,Gesling Stadium,2102,Carnegie Mellon,iii,Presidents',24.0,"[7, 3, 0, 14]",,,,2121,Centre,iii,Southern Athletic,15.0,"[0, 0, 7, 8]",,,,,,Division III Championship - Second Round,
401734593,2024,14,regular,2024-11-30T17:00:00.000Z,False,True,False,False,,6105.0,Day Field,2516,Randolph Macon,iii,Old Dominion,38.0,"[0, 24, 7, 7]",,,,2686,Washington & Jefferson,iii,Presidents',22.0,"[14, 0, 0, 8]",,,,,,Division III Championship - Second Round,
401734592,2024,14,regular,2024-11-30T17:00:00.000Z,False,True,False,False,,5124.0,Homewood Field,118,Johns Hopkins,iii,Centennial,17.0,"[7, 0, 3, 7]",,,,146,Grove City,iii,Presidents',14.0,"[0, 0, 0, 14]",,,,,,Division III Championship - Second Round,
401734575,2024,14,regular,2024-11-30T17:00:00.000Z,False,True,False,False,,6119.0,Stagg Field,81,Springfield,iii,NEWMAC,54.0,"[21, 13, 7, 13]",,,,379,UMass Dartmouth,iii,MSCAC,27.0,"[7, 7, 7, 6]",,,,,,Division III Championship - Second Round,
401645378,2024,14,regular,2024-11-30T17:00:00.000Z,False,True,False,True,22120.0,3841.0,Michie Stadium,349,Army,fbs,American Athletic,29.0,"[7, 6, 3, 13]",0.9204104546089289,1611.0,1611.0,2636,UTSA,fbs,American Athletic,24.0,"[7, 3, 7, 7]",0.0795895453910711,1479.0,1479.0,7.9327251907,,,
401635622,2024,14,regular,2024-11-30T17:00:00.000Z,False,True,False,True,24776.0,3630.0,Allegacy Federal Credit Union Stadium,154,Wake Forest,fbs,ACC,17.0,"[0, 10, 7, 0]",0.6958491086454279,1338.0,1346.0,150,Duke,fbs,ACC,23.0,"[0, 3, 7, 13]",0.3041508913545721,1599.0,1591.0,8.1532737621,,,
401628566,2024,14,regular,2024-11-30T17:00:00.000Z,False,True,False,True,106005.0,3861.0,Ohio Stadium,194,Ohio State,fbs,Big Ten,10.0,"[3, 7, 0, 0]",0.5312440212481095,2120.0,2099.0,130,Michigan,fbs,Big Ten,13.0,"[0, 10, 0, 3]",0.46875597875189046,1867.0,1888.0,5.8773789703,,,
401628563,2024,14,regular,2024-11-30T17:00:00.000Z,False,True,True,True,26378.0,4250.0,Wrigley Field,77,Northwestern,fbs,Big Ten,28.0,"[10, 0, 10, 8]",0.02321332900381131,1396.0,1397.0,356,Illinois,fbs,Big Ten,38.0,"[7, 7, 14, 10]",0.9767866709961887,1597.0,1596.0,4.3141013947,,,
401628444,2024,14,regular,2024-11-30T17:00:00.000Z,False,True,False,False,81500.0,3836.0,"Memorial Stadium (Clemson, SC)",228,Clemson,fbs,ACC,14.0,"[0, 7, 7, 0]",0.1823213457225503,1815.0,1811.0,2579,South Carolina,fbs,SEC,17.0,"[0, 7, 0, 10]",0.8176786542774497,1828.0,1832.0,7.3032535022,,,
401734925,2024,14,regular,2024-11-30T17:00:00.000Z,False,True,False,False,,3640.0,Blackstock Stadium,83,DePauw,iii,North Coast,45.0,"[10, 14, 14, 7]",,,,2373,Maryville (TN),iii,USA South,20.0,"[0, 6, 7, 7]",,,,,,Division III Championship - Second Round,
401636945,2024,14,regular,2024-11-30T17:00:00.000Z,False,True,False,True,52785.0,3784.0,Jones AT&T Stadium,2641,Texas Tech,fbs,Big 12,52.0,"[6, 29, 7, 10]",0.9985769484963855,1540.0,1647.0,277,West Virginia,fbs,Big 12,15.0,"[3, 0, 6, 6]",0.0014230515036145475,1553.0,1446.0,2.9471723932,,,
401734989,2024,14,regular,2024-11-30T17:00:00.000Z,False,True,False,True,,4432.0,Andre Reed Stadium,2315,Kutztown,ii,Pennsylvania State Athletic,24.0,"[0, 7, 0, 10, 7]",,,,215,Slippery Rock,ii,Pennsylvania State Athletic,25.0,"[6, 3, 0, 8, 8]",,,,,,Division II Championship - Second Round,
401734924,2024,14,regular,2024-11-30T17:00:00.000Z,False,True,False,True,,4856.0,Mount Union Stadium,426,Mount Union,iii,Ohio,42.0,"[14, 14, 7, 7]",,,,2302,John Carroll,iii,Ohio,7.0,"[7, 0, 0, 0]",,,,,,Division III Championship - Second Round,
401729737,2024,14,regular,2024-11-30T17:00:00.000Z,False,True,False,False,3522.0,3824.0,Meade Stadium,227,Rhode Island,fcs,CAA,21.0,"[14, 0, 0, 7]",0.9892407890949982,,,2115,Central Connecticut,fcs,NEC,17.0,"[0, 7, 7, 3]",0.01075921090500176,,,7.5315817597,,FCS Championship - First Round,
401734923,2024,14,regular,2024-11-30T17:00:00.000Z,False,True,False,False,,6114.0,Sea Gull Stadium,2532,Salisbury,iii,New Jersey,33.0,"[13, 6, 7, 7]",,,,247,King's,iii,Mid Atlantic,13.0,"[0, 6, 0, 7]",,,,,,Division III Championship - Second Round,
401729731,2024,14,regular,2024-11-30T17:00:00.000Z,False,True,False,False,,7003.0,Houck Field,2546,Southeast Missouri State,fcs,Big South-OVC,27.0,"[7, 0, 7, 13]",0.19027801905237093,,,2287,Illinois State,fcs,MVFC,35.0,"[7, 21, 7, 0]",0.809721980947629,,,3.6713529371,,FCS Championship - First Round,
401734922,2024,14,regular,2024-11-30T17:00:00.000Z,False,True,False,False,,5125.0,Stadium Red Field,2782,SUNY Cortland,iii,Empire 8,17.0,"[7, 7, 0, 3]",,,,452,Endicott,iii,Commonwealth Coast,9.0,"[0, 0, 9, 0]",,,,,,Division III Championship - Second Round,
401628446,2024,14,regular,2024-11-30T17:00:00.000Z,False,True,False,True,28934.0,3973.0,FirstBank Stadium,238,Vanderbilt,fbs,SEC,23.0,"[17, 0, 0, 6]",0.0007556686111774126,1453.0,1469.0,2633,Tennessee,fbs,SEC,36.0,"[7, 17, 9, 3]",0.9992443313888226,1979.0,1963.0,3.8925994934,,,
401628440,2024,14,regular,2024-11-30T17:00:00.000Z,False,True,False,False,58612.0,3683.0,Kroger Field,96,Kentucky,fbs,SEC,14.0,"[0, 0, 7, 7]",0.04744836669828061,1545.0,1498.0,97,Louisville,fbs,ACC,41.0,"[7, 13, 14, 7]",0.9525516333017194,1767.0,1814.0,2.8261398088,,,
401734576,2024,14,regular,2024-11-30T17:00:00.000Z,False,True,False,False,,3755.0,Ray and Sue Smith Stadium,2812,Hope,iii,Michigan,49.0,"[7, 14, 14, 14]",,,,2044,Aurora,iii,NACC,21.0,"[7, 0, 7, 7]",,,,,,Division III Championship - Second Round,
401636941,2024,14,regular,2024-11-30T17:00:00.000Z,False,True,False,True,36585.0,4727.0,McLane Stadium,239,Baylor,fbs,Big 12,45.0,"[14, 7, 21, 3]",0.9768985872440337,1588.0,1677.0,2305,Kansas,fbs,Big 12,17.0,"[7, 3, 7, 0]",0.023101412755966333,1714.0,1625.0,3.8086096618,,,
401729729,2024,14,regular,2024-11-30T18:00:00.000Z,False,True,False,False,1573.0,3688.0,Wildcat Stadium,160,New Hampshire,fcs,CAA,10.0,"[7, 0, 3, 0]",0.0003006735149753538,,,2630,UT Martin,fcs,Big South-OVC,41.0,"[7, 20, 0, 14]",0.9996993264850247,,,2.5852652193,,FCS Championship - First Round,
401734992,2024,14,regular,2024-11-30T18:00:00.000Z,False,True,False,False,,3811.0,Lubbers Stadium,125,Grand Valley State,ii,GLIAC,26.0,"[7, 0, 6, 13]",,,,2264,Harding,ii,Great American,44.0,"[0, 17, 14, 13]",,,,,,Division II Championship - Second Round,
401734991,2024,14,regular,2024-11-30T18:00:00.000Z,False,True,False,False,,4436.0,Adamson Stadium,2858,California (PA),ii,Pennsylvania State Athletic,34.0,"[7, 7, 7, 13]",,,,308,Ashland,ii,Great Midwest Athletic,33.0,"[7, 13, 7, 6]",,,,,,Division II Championship - Second Round,
401734988,2024,14,regular,2024-11-30T18:00:00.000Z,False,True,False,False,,5117.0,Clemens Stadium,2600,Saint John's (MN),iii,Minnesota,24.0,"[3, 0, 14, 7]",,,,2740,Wisconsin La Crosse,iii,Wisconsin,13.0,"[0, 0, 7, 6]",,,,,,Division III Championship - Second Round,
401734921,2024,14,regular,2024-11-30T18:00:00.000Z,False,True,False,False,,4851.0,Bazemore-Hyder Stadium,2673,Valdosta State,ii,Gulf South,33.0,"[13, 3, 14, 3]",,,,2396,Miles,ii,SIAC,17.0,"[3, 0, 0, 14]",,,,,,Division II Championship - Second Round,
401734574,2024,14,regular,2024-11-30T18:00:00.000Z,False,True,False,False,,6137.0,Walston-Hoover Stadium,2685,Wartburg,iii,American Rivers,19.0,"[10, 0, 3, 6]",,,,272,Wisconsin Platteville,iii,Wisconsin,14.0,"[0, 7, 0, 7]",,,,,,Division III Championship - Second Round,
401734987,2024,14,regular,2024-11-30T18:00:00.000Z,False,True,False,True,,5114.0,Shelton Stadium,2810,Hardin Simmons,iii,American Southwest,13.0,"[0, 7, 3, 3]",,,,2371,Mary Hardin Baylor,iii,American Southwest,17.0,"[14, 0, 0, 3]",,,,,,Division III Championship - Second Round,
401734926,2024,14,regular,2024-11-30T18:00:00.000Z,False,True,False,False,,5804.0,Royal Stadium,262,Lake Forest,iii,Midwest,21.0,"[7, 7, 0, 7]",,,,2802,Bethel (MN),iii,Minnesota,48.0,"[3, 10, 21, 14]",,,,,,Division III Championship - Second Round,
401734996,2024,14,regular,2024-11-30T18:00:00.000Z,False,True,False,False,,6553.0,Helen and Leonard Moretz Stadium,2676,Virginia Union,ii,CIAA,44.0,"[7, 13, 7, 17]",,,,2331,Lenoir Rhyne,ii,South Atlantic,12.0,"[0, 6, 0, 6]",,,,,,Division II Championship - Second Round,
401734997,2024,14,regular,2024-11-30T18:00:00.000Z,False,True,False,False,,980.0,Benedetti-Wehrli Stadium,3071,North Central College,iii,CCIW,42.0,"[21, 7, 7, 7]",,,,2721,Whitworth,iii,Northwest,17.0,"[0, 3, 0, 14]",,,,,,Division III Championship - Second Round,
401644780,2024,14,regular,2024-11-30T18:30:00.000Z,False,True,False,True,,3980.0,Waldo Stadium,2711,Western Michigan,fbs,Mid-American,26.0,"[0, 16, 7, 3]",0.9105388555960335,1246.0,1254.0,2199,Eastern Michigan,fbs,Mid-American,18.0,"[0, 0, 15, 3]",0.08946114440396646,1183.0,1175.0,6.2258019605,,,
401729730,2024,14,regular,2024-11-30T19:00:00.000Z,False,True,False,False,3220.0,2068.0,E. Claiborne Robins Stadium,257,Richmond,fcs,CAA,16.0,"[3, 6, 0, 7]",0.2572096028436183,,,2329,Lehigh,fcs,Patriot,20.0,"[0, 7, 0, 13]",0.7427903971563816,,,6.7071904251,,FCS Championship - First Round,
401645382,2024,14,regular,2024-11-30T19:00:00.000Z,False,True,False,True,16430.0,3895.0,Rice Stadium,242,Rice,fbs,American Athletic,35.0,"[17, 10, 8, 0]",0.6985070029587165,1215.0,1239.0,58,South Florida,fbs,American Athletic,28.0,"[7, 0, 7, 14]",0.3014929970412835,1457.0,1433.0,5.1192951089,,,
401640988,2024,14,regular,2024-11-30T19:00:00.000Z,False,True,True,True,8962.0,2031.0,Pitbull Stadium,2229,Florida International,fbs,Conference USA,35.0,"[14, 14, 0, 7]",0.9719740921508259,1297.0,1308.0,2393,Middle Tennessee,fbs,Conference USA,24.0,"[0, 17, 0, 7]",0.028025907849174136,1104.0,1093.0,5.1268858168,,,
401643845,2024,14,regular,2024-11-30T19:00:00.000Z,False,True,False,True,12606.0,4246.0,Center Parc Stadium,2247,Georgia State,fbs,Sun Belt,27.0,"[0, 10, 9, 8]",0.0011097833109109014,1296.0,1247.0,324,Coastal Carolina,fbs,Sun Belt,48.0,"[7, 10, 14, 17]",0.9988902166890891,1335.0,1384.0,4.1119588589,,,
401643849,2024,14,regular,2024-11-30T19:00:00.000Z,False,True,False,True,19521.0,3975.0,Veterans Memorial Stadium (AL),2653,Troy,fbs,Sun Belt,52.0,"[10, 7, 14, 21]",0.9984693597815943,1432.0,1464.0,2572,Southern Miss,fbs,Sun Belt,20.0,"[8, 0, 6, 6]",0.0015306402184056545,961.0,929.0,5.5417416996,,,
401636386,2024,14,regular,2024-11-30T19:00:00.000Z,False,True,True,True,63207.0,3493.0,Caesars Superdome,2582,Southern,fcs,SWAC,24.0,"[7, 3, 7, 7]",0.9982104137917412,,,2755,Grambling,fcs,SWAC,14.0,"[0, 7, 0, 7]",0.0017895862082587533,,,26.8104946543,,,
401729736,2024,14,regular,2024-11-30T19:00:00.000Z,False,True,False,False,1722.0,717.0,Villanova Stadium,222,Villanova,fcs,CAA,22.0,"[0, 9, 7, 6]",,,,2198,Eastern Kentucky,fcs,UAC,17.0,"[14, 3, 0, 0]",,,,,,FCS Championship - First Round,
401729738,2024,14,regular,2024-11-30T20:00:00.000Z,False,True,False,False,5210.0,5440.0,Wildcat Stadium (TX),2000,Abilene Christian,fcs,UAC,24.0,"[7, 3, 0, 14]",0.9988888949730536,,,2464,Northern Arizona,fcs,Big Sky,0.0,"[0, 0, 0, 0]",0.0011111050269464462,,,4.7047610054,,FCS Championship - First Round,
401734995,2024,14,regular,2024-11-30T20:00:00.000Z,False,True,False,False,,5782.0,Mountaineer Bowl,2714,Western Colorado,ii,Rocky Mountain,19.0,"[3, 9, 7, 0]",,,,132,Bemidji State,ii,Northern Sun,20.0,"[7, 0, 7, 6]",,,,,,Division II Championship - Second Round,
401734591,2024,14,regular,2024-11-30T20:00:00.000Z,False,True,False,False,,5119.0,Maxwell Field,203,Linfield,iii,Northwest,65.0,"[21, 30, 7, 7]",,,,2639,Texas Lutheran,iii,Southern Collegiate Athletic,3.0,"[3, 0, 0, 0]",,,,,,Division III Championship - Second Round,
401729732,2024,14,regular,2024-11-30T20:00:00.000Z,False,True,False,False,3583.0,3827.0,"Memorial Stadium (Stephenville, TX)",2627,Tarleton State,fcs,UAC,43.0,"[3, 19, 7, 14]",0.9956491348152932,,,2181,Drake,fcs,Pioneer,29.0,"[14, 0, 7, 8]",0.0043508651847068425,,,5.6894348276,,FCS Championship - First Round,
401635620,2024,14,regular,2024-11-30T20:00:00.000Z,False,True,False,True,29704.0,3615.0,"Alumni Stadium (Chestnut Hill, MA)",103,Boston College,fbs,ACC,34.0,"[6, 14, 7, 7]",0.9320899715386084,1506.0,1524.0,221,Pittsburgh,fbs,ACC,23.0,"[0, 10, 7, 6]",0.0679100284613916,1479.0,1461.0,6.4826142012,,,
401734990,2024,14,regular,2024-11-30T20:00:00.000Z,False,True,False,False,,4852.0,Neta and Eddie DeRose ThunderBowl,2570,CSU Pueblo,ii,Rocky Mountain,23.0,"[0, 13, 3, 7]",,,,2364,Minnesota State,ii,Northern Sun,26.0,"[3, 3, 0, 20]",,,,,,Division II Championship - Second Round,
401643847,2024,14,regular,2024-11-30T20:00:00.000Z,False,True,False,True,13584.0,3625.0,Centennial Bank Stadium,2032,Arkansas State,fbs,Sun Belt,32.0,"[7, 7, 15, 3]",0.004222369704036244,1241.0,1243.0,295,Old Dominion,fbs,Sun Belt,40.0,"[14, 7, 19, 0]",0.9957776302959638,1473.0,1471.0,4.1250573731,,,
401635621,2024,14,regular,2024-11-30T20:30:00.000Z,False,True,False,True,33178.0,3735.0,Gerald J. Ford Stadium,2567,SMU,fbs,ACC,38.0,"[14, 7, 0, 17]",0.99779013392185,1830.0,1890.0,25,California,fbs,ACC,6.0,"[0, 0, 3, 3]",0.0022098660781499913,1606.0,1546.0,3.0794154021,,,
401628570,2024,14,regular,2024-11-30T20:30:00.000Z,False,True,False,False,35018.0,1056.0,Rose Bowl,26,UCLA,fbs,Big Ten,20.0,"[3, 3, 7, 7]",0.8719021228065362,1476.0,1488.0,278,Fresno State,fbs,Mountain West,13.0,"[0, 10, 0, 3]",0.12809787719346377,1511.0,1499.0,8.346909493,,,
401628567,2024,14,regular,2024-11-30T20:30:00.000Z,False,True,False,True,50038.0,3936.0,Spartan Stadium,127,Michigan State,fbs,Big Ten,14.0,"[7, 0, 0, 7]",0.04693542637151268,1364.0,1303.0,164,Rutgers,fbs,Big Ten,41.0,"[10, 13, 8, 10]",0.9530645736284873,1468.0,1529.0,2.4519777937,,,
401628571,2024,14,regular,2024-11-30T20:30:00.000Z,False,True,False,False,73241.0,477.0,Los Angeles Memorial Coliseum,30,USC,fbs,Big Ten,35.0,"[0, 14, 7, 14]",0.002167694477008406,1751.0,1756.0,87,Notre Dame,fbs,FBS Independents,49.0,"[7, 7, 21, 14]",0.9978323055229916,2165.0,2160.0,6.406879225,,,
401645380,2024,14,regular,2024-11-30T20:30:00.000Z,False,True,False,True,15243.0,3674.0,Chapman Stadium,202,Tulsa,fbs,American Athletic,16.0,"[2, 7, 7, 0]",0.0003588341836969184,934.0,812.0,2226,Florida Atlantic,fbs,American Athletic,63.0,"[7, 35, 14, 7]",0.9996411658163031,1095.0,1217.0,2.2469855782,,,
401635624,2024,14,regular,2024-11-30T20:30:00.000Z,False,True,False,True,50500.0,3787.0,Kenan Stadium,153,North Carolina,fbs,ACC,30.0,"[0, 6, 14, 10]",0.06387239155893788,1543.0,1531.0,152,NC State,fbs,ACC,35.0,"[7, 0, 6, 22]",0.9361276084410621,1501.0,1513.0,7.7781583966,,,
401628565,2024,14,regular,2024-11-30T20:30:00.000Z,False,True,False,True,104044.0,3632.0,Beaver Stadium,213,Penn State,fbs,Big Ten,44.0,"[3, 28, 0, 13]",0.9979505941918048,1971.0,2011.0,120,Maryland,fbs,Big Ten,7.0,"[7, 0, 0, 0]",0.002049405808195237,1447.0,1407.0,3.4070132564,,,
401628437,2024,14,regular,2024-11-30T20:30:00.000Z,False,True,False,True,100077.0,3657.0,Bryant-Denny Stadium,333,Alabama,fbs,SEC,28.0,"[7, 7, 14, 0]",0.9855541427962963,2011.0,2007.0,2,Auburn,fbs,SEC,14.0,"[0, 6, 8, 0]",0.014445857203703727,1607.0,1611.0,4.2747989352,,,
401635623,2024,14,regular,2024-11-30T20:30:00.000Z,False,True,False,True,40486.0,1964.0,JMA Wireless Dome,183,Syracuse,fbs,ACC,42.0,"[0, 14, 21, 7]",0.42545169040070274,1434.0,1452.0,2390,Miami,fbs,ACC,38.0,"[14, 7, 7, 10]",0.5745483095992973,1877.0,1859.0,7.7483994146,,,
401628443,2024,14,regular,2024-11-30T20:30:00.000Z,False,True,False,True,62621.0,3838.0,Memorial Stadium,142,Missouri,fbs,SEC,28.0,"[7, 0, 3, 18]",0.7171060630184782,1698.0,1701.0,8,Arkansas,fbs,SEC,21.0,"[0, 7, 7, 7]",0.28289393698152177,1574.0,1571.0,8.103636049,,,
401636940,2024,14,regular,2024-11-30T20:30:00.000Z,False,True,False,True,49813.0,3619.0,Arizona Stadium,12,Arizona,fbs,Big 12,7.0,"[0, 0, 7, 0]",0.0003264983132494968,1404.0,1307.0,9,Arizona State,fbs,Big 12,49.0,"[14, 21, 0, 14]",0.9996735016867505,1615.0,1712.0,1.4601853389,,,
401645377,2024,14,regular,2024-11-30T20:30:00.000Z,False,True,False,True,8091.0,4418.0,Jerry Richardson Stadium,2429,Charlotte,fbs,American Athletic,29.0,"[7, 6, 6, 10]",0.21553316826469893,1129.0,1131.0,5,UAB,fbs,American Athletic,27.0,"[0, 14, 0, 13]",0.7844668317353011,1231.0,1229.0,8.5144862831,,,
401644779,2024,14,regular,2024-11-30T20:30:00.000Z,False,True,False,True,5843.0,3764.0,Huskie Stadium,2459,Northern Illinois,fbs,Mid-American,24.0,"[19, 2, 3, 0]",0.8113495378916382,1450.0,1441.0,2117,Central Michigan,fbs,Mid-American,16.0,"[0, 16, 0, 0]",0.18865046210836178,1094.0,1103.0,5.7512354549,,,
401641006,2024,14,regular,2024-11-30T21:00:00.000Z,False,True,False,True,6547.0,3796.0,Houchens Industries-L.T. Smith Stadium,98,Western Kentucky,fbs,Conference USA,19.0,"[7, 3, 3, 6]",0.19183090268586367,1451.0,1454.0,55,Jacksonville State,fbs,Conference USA,17.0,"[3, 7, 0, 7]",0.8081690973141363,1641.0,1638.0,9.0447421074,,,
401641014,2024,14,regular,2024-11-30T21:00:00.000Z,False,True,False,True,14686.0,3776.0,Joe Aillet Stadium,2348,Louisiana Tech,fbs,Conference USA,33.0,"[7, 10, 9, 7]",0.9986963903527133,1294.0,1377.0,338,Kennesaw State,fbs,Conference USA,0.0,"[0, 0, 0, 0]",0.0013036096472867076,1233.0,1150.0,3.2926980818,,,
401641031,2024,14,regular,2024-11-30T21:00:00.000Z,False,True,False,True,15358.0,3601.0,Aggie Memorial Stadium,166,New Mexico State,fbs,Conference USA,35.0,"[17, 7, 0, 11]",0.2301922011985636,1137.0,1120.0,2638,UTEP,fbs,Conference USA,42.0,"[7, 7, 14, 14]",0.7698077988014365,1094.0,1111.0,6.1515474424,,,
401643844,2024,14,regular,2024-11-30T23:00:00.000Z,False,True,False,True,23383.0,3608.0,Allen E. Paulson Stadium,290,Georgia Southern,fbs,Sun Belt,29.0,"[8, 7, 0, 14]",0.7951370003122996,1437.0,1449.0,2026,App State,fbs,Sun Belt,20.0,"[0, 6, 7, 7]",0.2048629996877004,1405.0,1393.0,7.3852553367,,,
401636943,2024,14,regular,2024-11-30T23:00:00.000Z,False,True,False,True,30021.0,3854.0,Nippert Stadium,2132,Cincinnati,fbs,Big 12,13.0,"[0, 7, 0, 6]",0.3942468214453031,1465.0,1463.0,2628,TCU,fbs,Big 12,20.0,"[7, 13, 0, 0]",0.6057531785546969,1614.0,1616.0,3.9373857194,,,
401643773,2024,14,regular,2024-11-30T23:30:00.000Z,False,True,False,False,17088.0,3820.0,Gesa Field,265,Washington State,fbs,Pac-12,14.0,"[7, 7, 0, 0]",0.9130285102065202,1596.0,1578.0,2751,Wyoming,fbs,Mountain West,15.0,"[3, 3, 3, 6]",0.0869714897934798,1283.0,1301.0,6.7087693058,,,
401628438,2024,14,regular,2024-12-01T00:00:00.000Z,False,True,False,False,55107.0,3697.0,Doak Campbell Stadium,52,Florida State,fbs,ACC,11.0,"[0, 0, 3, 8]",0.029456870835404783,1383.0,1363.0,57,Florida,fbs,SEC,31.0,"[7, 7, 3, 14]",0.9705431291645952,1667.0,1687.0,3.7815068548,,,
401628441,2024,14,regular,2024-12-01T00:00:00.000Z,False,True,False,True,99364.0,3958.0,Tiger Stadium (LA),99,LSU,fbs,SEC,37.0,"[7, 17, 7, 6]",0.9624359723437104,1757.0,1806.0,201,Oklahoma,fbs,SEC,17.0,"[7, 10, 0, 0]",0.037564027656289634,1780.0,1731.0,5.4091587247,,,
401628564,2024,14,regular,2024-12-01T00:00:00.000Z,False,True,False,True,53082.0,3830.0,"Memorial Stadium (Bloomington, IN)",84,Indiana,fbs,Big Ten,66.0,"[7, 21, 17, 21]",0.9989508103754811,1842.0,1954.0,2509,Purdue,fbs,Big Ten,0.0,"[0, 0, 0, 0]",0.0010491896245189425,1173.0,1061.0,3.5743261982,,,
401628445,2024,14,regular,2024-12-01T00:30:00.000Z,False,True,False,True,109028.0,3795.0,Kyle Field,245,Texas A&M,fbs,SEC,7.0,"[0, 0, 7, 0]",0.05825409787499234,1767.0,1771.0,251,Texas,fbs,SEC,17.0,"[7, 10, 0, 0]",0.9417459021250076,2063.0,2059.0,3.2865833859,,,
401628569,2024,14,regular,2024-12-01T00:30:00.000Z,False,True,False,True,59603.0,3626.0,Autzen Stadium,2483,Oregon,fbs,Big Ten,49.0,"[7, 21, 7, 14]",0.9986945484596655,2029.0,2060.0,264,Washington,fbs,Big Ten,21.0,"[3, 11, 0, 7]",0.0013054515403344569,1654.0,1623.0,3.4620579277,,,
401636944,2024,14,regular,2024-12-01T00:30:00.000Z,False,True,False,True,56228.0,3772.0,Jack Trice Stadium,66,Iowa State,fbs,Big 12,29.0,"[7, 17, 0, 5]",0.046366059193549615,1737.0,1751.0,2306,Kansas State,fbs,Big 12,21.0,"[7, 7, 7, 0]",0.9536339408064504,1772.0,1758.0,8.79215449,,,
401643846,2024,14,regular,2024-12-01T01:00:00.000Z,False,True,False,True,23341.0,3651.0,Bridgeforth Stadium,256,James Madison,fbs,Sun Belt,33.0,"[14, 3, 0, 7, 3, 6]",0.9707049378406948,1707.0,1692.0,276,Marshall,fbs,Sun Belt,35.0,"[0, 0, 17, 7, 3, 8]",0.02929506215930522,1502.0,1517.0,5.7902123187,,,
401643772,2024,14,regular,2024-12-01T01:00:00.000Z,False,True,False,True,40122.0,6501.0,Allegiant Stadium,2439,UNLV,fbs,Mountain West,38.0,"[10, 14, 7, 7]",0.9972477283362406,1673.0,1685.0,2440,Nevada,fbs,Mountain West,14.0,"[7, 0, 0, 7]",0.0027522716637593536,1204.0,1192.0,4.0523778842,,,
401635640,2024,14,regular,2024-12-01T01:00:00.000Z,False,True,False,True,65632.0,3799.0,Lane Stadium,259,Virginia Tech,fbs,ACC,37.0,"[10, 10, 10, 7]",0.9966864315234232,1656.0,1675.0,258,Virginia,fbs,ACC,17.0,"[0, 3, 8, 6]",0.0033135684765768225,1375.0,1356.0,3.7440119529,,,
401636942,2024,14,regular,2024-12-01T03:15:00.000Z,False,True,False,True,59213.0,3801.0,LaVell Edwards Stadium,252,BYU,fbs,Big 12,30.0,"[7, 14, 3, 6]",0.885255685922113,1660.0,1656.0,248,Houston,fbs,Big 12,18.0,"[7, 3, 0, 8]",0.11474431407788699,1309.0,1313.0,6.2953126879,,,
401729734,2024,14,regular,2024-12-01T03:15:00.000Z,False,True,False,False,12479.0,3987.0,Washington-Grizzly Stadium,149,Montana,fcs,Big Sky,41.0,"[3, 13, 11, 14]",0.7576004583681354,,,2634,Tennessee State,fcs,Big South-OVC,27.0,"[3, 0, 10, 14]",0.2423995416318646,,,6.2054101488,,FCS Championship - First Round,
401643768,2024,14,regular,2024-12-01T03:30:00.000Z,False,True,False,True,18045.0,7311.0,Snapdragon Stadium,21,San Diego State,fbs,Mountain West,20.0,"[7, 7, 0, 6]",0.00039645170331632367,1237.0,1228.0,2005,Air Force,fbs,Mountain West,31.0,"[14, 3, 14, 0]",0.9996035482966836,1398.0,1407.0,3.7986871713,,,
401643771,2024,14,regular,2024-12-01T04:00:00.000Z,False,True,False,True,12046.0,7220.0,Clarence T.C. Ching Athletics Complex,62,Hawai'i,fbs,Mountain West,38.0,"[7, 14, 10, 7]",0.37522559818728757,1114.0,1136.0,167,New Mexico,fbs,Mountain West,30.0,"[0, 9, 7, 14]",0.6247744018127124,1269.0,1247.0,6.2034023619,,,
401673466,2024,15,regular,2024-12-07T00:00:00.000Z,False,True,False,True,15628.0,3662.0,AmFirst Stadium,55,Jacksonville State,fbs,Conference USA,52.0,"[14, 14, 10, 14]",0.9988904852113052,1638.0,1729.0,98,Western Kentucky,fbs,Conference USA,12.0,"[3, 3, 6, 0]",0.0011095147886948098,1454.0,1363.0,4.2917622329,,Conference USA Championship,
401673468,2024,15,regular,2024-12-07T01:00:00.000Z,False,True,False,True,36663.0,3653.0,Albertsons Stadium,68,Boise State,fbs,Mountain West,21.0,"[7, 14, 0, 0]",0.9841156820163207,1748.0,1771.0,2439,UNLV,fbs,Mountain West,7.0,"[0, 0, 0, 7]",0.015884317983679286,1685.0,1662.0,5.2087786463,,Mountain West Championship,
401673462,2024,15,regular,2024-12-07T01:00:00.000Z,False,True,False,True,14016.0,3841.0,Michie Stadium,349,Army,fbs,American Athletic,35.0,"[7, 14, 7, 7]",0.9987863316744908,1611.0,1686.0,2655,Tulane,fbs,American Athletic,14.0,"[0, 7, 0, 7]",0.0012136683255091762,1829.0,1754.0,2.782052003,,American Athletic Championship,
401735972,2024,15,regular,2024-12-07T17:00:00.000Z,False,True,False,False,,6114.0,Sea Gull Stadium,2532,Salisbury,iii,New Jersey,35.0,"[0, 14, 14, 7]",,,,2516,Randolph Macon,iii,Old Dominion,14.0,"[0, 0, 0, 14]",,,,,,Division III Championship - Third Round,
401735971,2024,15,regular,2024-12-07T17:00:00.000Z,False,True,False,False,,5125.0,Stadium Red Field,2782,SUNY Cortland,iii,Empire 8,28.0,"[7, 14, 7, 0]",,,,81,Springfield,iii,NEWMAC,40.0,"[20, 7, 7, 6]",,,,,,Division III Championship - Third Round,
401735948,2024,15,regular,2024-12-07T17:00:00.000Z,False,True,False,False,,4856.0,Mount Union Stadium,2102,Carnegie Mellon,iii,Presidents',19.0,"[7, 6, 0, 6]",,,,426,Mount Union,iii,Ohio,24.0,"[7, 7, 10, 0]",,,,,,Division III Championship - Third Round,
401673465,2024,15,regular,2024-12-07T17:00:00.000Z,False,True,True,True,55889.0,3687.0,AT&T Stadium,9,Arizona State,fbs,Big 12,45.0,"[10, 14, 21, 0]",0.9982412367788673,1712.0,1792.0,66,Iowa State,fbs,Big 12,19.0,"[7, 3, 0, 9]",0.0017587632211326643,1751.0,1671.0,3.6565589863,,Dr Pepper Big 12 Championship,
401735947,2024,15,regular,2024-12-07T17:00:00.000Z,False,True,False,False,,3640.0,Blackstock Stadium,118,Johns Hopkins,iii,Centennial,14.0,"[0, 14, 0, 0]",,,,83,DePauw,iii,North Coast,9.0,"[0, 0, 3, 6]",,,,,,Division III Championship - Third Round,
401673467,2024,15,regular,2024-12-07T17:00:00.000Z,False,True,True,True,15478.0,3727.0,Ford Field,193,Miami (OH),fbs,Mid-American,3.0,"[3, 0, 0, 0]",0.0009088165316644812,1590.0,1496.0,195,Ohio,fbs,Mid-American,38.0,"[7, 14, 10, 7]",0.9990911834683355,1585.0,1679.0,2.1715313375,,MAC Championship,
401735987,2024,15,regular,2024-12-07T18:00:00.000Z,False,True,False,False,,3960.0,Top Taggart Field,2222,Ferris State,ii,GLIAC,41.0,"[13, 7, 14, 7]",,,,2264,Harding,ii,Great American,7.0,"[0, 0, 0, 7]",,,,,,Division II Championship - Quarterfinal,
401735968,2024,15,regular,2024-12-07T18:00:00.000Z,False,True,False,True,,4436.0,Adamson Stadium,2858,California (PA),ii,Pennsylvania State Athletic,13.0,"[0, 0, 7, 6]",,,,215,Slippery Rock,ii,Pennsylvania State Athletic,31.0,"[14, 7, 3, 7]",,,,,,Division II Championship - Quarterfinal,
401735969,2024,15,regular,2024-12-07T18:00:00.000Z,False,True,False,False,,5117.0,Clemens Stadium,2600,Saint John's (MN),iii,Minnesota,38.0,"[3, 14, 7, 14]",,,,216,Susquehanna,iii,Landmark Conference,41.0,"[0, 17, 14, 10]",,,,,,Division III Championship - Third Round,
401735988,2024,15,regular,2024-12-07T18:00:00.000Z,False,True,False,False,,6137.0,Walston-Hoover Stadium,2685,Wartburg,iii,American Rivers,14.0,"[7, 0, 7, 0]",,,,2802,Bethel (MN),iii,Minnesota,24.0,"[7, 10, 0, 7]",,,,,,Division III Championship - Third Round,
401735970,2024,15,regular,2024-12-07T18:00:00.000Z,False,True,False,False,,4851.0,Bazemore-Hyder Stadium,2673,Valdosta State,ii,Gulf South,49.0,"[7, 21, 14, 7]",,,,2676,Virginia Union,ii,CIAA,14.0,"[0, 7, 0, 7]",,,,,,Division II Championship - Quarterfinal,
401735967,2024,15,regular,2024-12-07T18:00:00.000Z,False,True,False,False,,980.0,Benedetti-Wehrli Stadium,2812,Hope,iii,Michigan,21.0,"[0, 7, 7, 7]",,,,3071,North Central College,iii,CCIW,41.0,"[0, 21, 13, 7]",,,,,,Division III Championship - Third Round,
401729756,2024,15,regular,2024-12-07T19:00:00.000Z,False,True,False,False,8012.0,4417.0,Five Star Stadium at the Moye Complex,2382,Mercer,fcs,Southern,17.0,"[7, 0, 0, 10]",0.6949533165668501,,,227,Rhode Island,fcs,CAA,10.0,"[0, 3, 7, 0]",0.3050466834331499,,,8.1456510418,,FCS Championship - Second Round,
401673471,2024,15,regular,2024-12-07T19:00:00.000Z,False,True,False,True,23765.0,3976.0,Mississippi Veterans Memorial Stadium,2296,Jackson State,fcs,SWAC,41.0,"[3, 7, 17, 14]",0.9746452874696969,,,2582,Southern,fcs,SWAC,13.0,"[0, 10, 0, 3]",0.02535471253030308,,,5.1167549191,,SWAC Championship,
401729754,2024,15,regular,2024-12-07T19:00:00.000Z,False,True,False,False,1926.0,3734.0,Gayle and Tom Benson Stadium,2916,Incarnate Word,fcs,Southland,13.0,"[0, 3, 0, 10]",0.9981303056091456,,,222,Villanova,fcs,CAA,6.0,"[0, 3, 3, 0]",0.0018696943908543817,,,7.835413695,,FCS Championship - Second Round,
401729750,2024,15,regular,2024-12-07T19:00:00.000Z,False,True,False,False,10376.0,5237.0,Dana J. Dykhouse Stadium,2571,South Dakota State,fcs,MVFC,35.0,"[7, 14, 0, 14]",0.9981577574719119,,,149,Montana,fcs,Big Sky,18.0,"[3, 0, 0, 15]",0.0018422425280880672,,,3.3221111598,,FCS Championship - Second Round,
401729752,2024,15,regular,2024-12-07T20:00:00.000Z,False,True,False,False,6231.0,1905.0,DakotaDome,233,South Dakota,fcs,MVFC,42.0,"[7, 7, 7, 21]",0.2906554841065278,,,2627,Tarleton State,fcs,UAC,31.0,"[7, 14, 7, 3]",0.7093445158934721,,,5.7792899454,,FCS Championship - Second Round,
401729743,2024,15,regular,2024-12-07T20:00:00.000Z,False,True,False,False,17017.0,3643.0,Bobcat Stadium,147,Montana State,fcs,Big Sky,49.0,"[14, 14, 14, 7]",0.9989380665988046,,,2630,UT Martin,fcs,Big South-OVC,17.0,"[0, 10, 0, 7]",0.0010619334011954251,,,2.9650035479,,FCS Championship - Second Round,
401729745,2024,15,regular,2024-12-07T20:00:00.000Z,False,True,False,False,10373.0,3714.0,Fargodome,2449,North Dakota State,fcs,MVFC,51.0,"[3, 17, 21, 10]",0.9504464132377279,,,2000,Abilene Christian,fcs,UAC,31.0,"[14, 3, 7, 7]",0.04955358676227206,,,6.1823533771,,FCS Championship - Second Round,
401735990,2024,15,regular,2024-12-07T20:00:00.000Z,False,True,False,True,,3641.0,Blakeslee Stadium,2364,Minnesota State,ii,Northern Sun,27.0,"[0, 14, 7, 6]",,,,132,Bemidji State,ii,Northern Sun,23.0,"[3, 14, 6, 0]",,,,,,Division II Championship - Quarterfinal,
401735989,2024,15,regular,2024-12-07T20:00:00.000Z,False,True,False,False,,5119.0,Maxwell Field,2371,Mary Hardin Baylor,iii,American Southwest,28.0,"[0, 14, 7, 7]",,,,203,Linfield,iii,Northwest,18.0,"[3, 0, 7, 8]",,,,,,Division III Championship - Third Round,
401673469,2024,15,regular,2024-12-07T21:00:00.000Z,False,True,True,True,74916.0,5348.0,Mercedes-Benz Stadium,251,Texas,fbs,SEC,19.0,"[3, 3, 0, 10, 3]",0.19901744021264575,2059.0,2057.0,61,Georgia,fbs,SEC,22.0,"[0, 3, 10, 3, 6]",0.8009825597873542,2017.0,2019.0,9.0988909313,,SEC Championship,
401729753,2024,15,regular,2024-12-07T21:00:00.000Z,False,True,False,False,6317.0,3602.0,Aggie Stadium,302,UC Davis,fcs,Big Sky,42.0,"[7, 21, 0, 14]",0.9987340485188881,,,2287,Illinois State,fcs,MVFC,10.0,"[7, 3, 0, 0]",0.00126595148111186,,,5.9362939119,,FCS Championship - Second Round,
401673470,2024,15,regular,2024-12-08T00:30:00.000Z,False,True,False,True,20067.0,3666.0,Cajun Field,309,Louisiana,fbs,Sun Belt,3.0,"[3, 0, 0, 0]",0.0028983592708610043,1640.0,1546.0,276,Marshall,fbs,Sun Belt,31.0,"[7, 10, 7, 7]",0.997101640729139,1517.0,1611.0,2.851599545,,Sun Belt Championship,
401673463,2024,15,regular,2024-12-08T01:00:00.000Z,False,True,True,True,53808.0,3628.0,Bank of America Stadium,2567,SMU,fbs,ACC,31.0,"[7, 0, 7, 17]",0.5723337698666536,1890.0,1886.0,228,Clemson,fbs,ACC,34.0,"[21, 3, 7, 3]",0.42766623013334637,1811.0,1815.0,6.6590010605,,ACC Championship,
401673464,2024,15,regular,2024-12-08T01:00:00.000Z,False,True,True,True,67469.0,3812.0,Lucas Oil Stadium,2483,Oregon,fbs,Big Ten,45.0,"[14, 17, 7, 7]",0.5853470565045124,2060.0,2075.0,213,Penn State,fbs,Big Ten,37.0,"[10, 14, 0, 13]",0.41465294349548765,2011.0,1996.0,6.1133501347,,Big Ten Championship,
401729759,2024,15,regular,2024-12-08T02:00:00.000Z,False,True,False,False,7346.0,3791.0,Kibbie Dome,70,Idaho,fcs,Big Sky,34.0,"[6, 13, 15, 0]",,,,2329,Lehigh,fcs,Patriot,13.0,"[0, 6, 0, 7]",,,,,,FCS Championship - Second Round,
401729780,2024,16,regular,2024-12-14T02:00:00.000Z,False,True,False,True,18127.0,3643.0,Bobcat Stadium,147,Montana State,fcs,Big Sky,52.0,"[7, 24, 14, 7]",,,,70,Idaho,fcs,Big Sky,19.0,"[7, 3, 0, 9]",,,,,,FCS Championship - Quarterfinals,
401729781,2024,16,regular,2024-12-14T17:00:00.000Z,False,True,False,False,8671.0,5237.0,Dana J. Dykhouse Stadium,2571,South Dakota State,fcs,MVFC,55.0,"[7, 24, 7, 17]",0.9941291792838403,,,2916,Incarnate Word,fcs,Southland,14.0,"[0, 0, 14, 0]",0.0058708207161597414,,,2.6661739249,,FCS Championship - Quarterfinals,
401737151,2024,16,regular,2024-12-14T17:00:00.000Z,False,True,False,False,,5124.0,Homewood Field,118,Johns Hopkins,iii,Centennial,17.0,"[3, 14, 0, 0]",,,,2371,Mary Hardin Baylor,iii,American Southwest,10.0,"[0, 7, 3, 0]",,,,,,Division III Championship - Quarterfinal,
401737149,2024,16,regular,2024-12-14T17:00:00.000Z,False,True,False,False,,6124.0,Amos Alonzo Stagg Field (PA),216,Susquehanna,iii,Landmark Conference,24.0,"[0, 7, 7, 10]",,,,2802,Bethel (MN),iii,Minnesota,21.0,"[7, 7, 0, 7]",,,,,,Division III Championship - Quarterfinal,
401737153,2024,16,regular,2024-12-14T17:00:00.000Z,False,True,False,False,,4851.0,Bazemore-Hyder Stadium,2673,Valdosta State,ii,Gulf South,35.0,"[7, 7, 14, 7]",,,,2364,Minnesota State,ii,Northern Sun,21.0,"[0, 7, 7, 7]",,,,,,Division II Championship - Semifinal,
401737147,2024,16,regular,2024-12-14T17:00:00.000Z,False,True,False,False,,6114.0,Sea Gull Stadium,2532,Salisbury,iii,New Jersey,17.0,"[7, 3, 0, 7]",,,,426,Mount Union,iii,Ohio,38.0,"[7, 14, 7, 10]",,,,,,Division III Championship - Quarterfinal,
401737148,2024,16,regular,2024-12-14T18:00:00.000Z,False,True,False,False,,980.0,Benedetti-Wehrli Stadium,3071,North Central College,iii,CCIW,27.0,"[7, 10, 3, 7]",,,,81,Springfield,iii,NEWMAC,3.0,"[0, 3, 0, 0]",,,,,,Division III Championship - Quarterfinal,
401645383,2024,16,regular,2024-12-14T20:00:00.000Z,False,True,True,True,60726.0,3719.0,Northwest Stadium,349,Army,fbs,American Athletic,13.0,"[0, 7, 3, 3]",0.027815874756800134,1686.0,1630.0,2426,Navy,fbs,American Athletic,31.0,"[7, 7, 7, 10]",0.9721841252431999,1503.0,1559.0,3.2772498733,,,
401737154,2024,16,regular,2024-12-14T20:30:00.000Z,False,True,False,False,,3960.0,Top Taggart Field,2222,Ferris State,ii,GLIAC,48.0,"[7, 20, 7, 14]",,,,215,Slippery Rock,ii,Pennsylvania State Athletic,38.0,"[21, 17, 0, 0]",,,,,,Division II Championship - Semifinal,
401729785,2024,16,regular,2024-12-14T20:30:00.000Z,False,True,False,False,10353.0,3714.0,Fargodome,2449,North Dakota State,fcs,MVFC,31.0,"[14, 10, 0, 7]",0.9973094953559052,,,2382,Mercer,fcs,Southern,7.0,"[7, 0, 0, 0]",0.0026905046440948155,,,3.6248577618,,FCS Championship - Quarterfinals,
401729783,2024,16,regular,2024-12-14T21:00:00.000Z,False,True,False,False,6135.0,1905.0,DakotaDome,233,South Dakota,fcs,MVFC,35.0,"[14, 7, 7, 7]",0.9190675030989107,,,302,UC Davis,fcs,Big Sky,21.0,"[7, 7, 0, 7]",0.08093249690108928,,,6.1812625041,,FCS Championship - Quarterfinals,
