gameId,season,week,seasonType,team,conference,homeAway,points,rushingTDs,passingTDs,kickReturnYards,kickReturnTDs,kickReturns,kickingPoints,interceptionYards,interceptionTDs,passesIntercepted,fumblesRecovered,totalFumbles,possessionTime,interceptions,fumblesLost,turnovers,totalPenaltiesYards,yardsPerRushAttempt,rushingAttempts,rushingYards,yardsPerPass,completionAttempts,netPassingYards,totalYards,fourthDownEff,thirdDownEff,firstDowns,puntReturnYards,puntReturnTDs,puntReturns,tacklesForLoss,defensiveTDs,tackles,sacks,qbHurries,passesDeflected
401540244,2023,1,regular,Lamar,Southland,home,17,1,1,82,0,4,5,0,0,1,1,1,29:44,1,0,1,5-35,2.3,31,71,5.0,15-24,119,190,0-0,6-13,16,,,,,,,,,
401540244,2023,1,regular,Idaho,Big Sky,away,42,2,4,0,0,1,4,13,0,1,0,3,30:16,1,1,2,8-101,7.6,36,273,10.7,16-21,224,497,0-0,6-9,20,26,0,3,,,,,,
401520154,2023,1,regular,UT Martin,Big South-OVC,away,7,0,1,7,0,1,1,,,,0,1,29:35,1,0,1,10-72,4.6,29,134,3.9,18-33,128,262,1-1,2-14,15,,,,4,0,45,0,0,3
401520154,2023,1,regular,Georgia,SEC,home,48,3,2,31,0,1,12,26,1,1,0,1,30:25,0,0,0,5-42,5.3,30,159,10.3,26-39,400,559,0-0,5-12,28,19,0,2,4,1,28,1,0,2
401520176,2023,1,regular,Utah,Pac-12,home,24,2,1,16,0,1,6,2,0,1,0,1,28:08,0,0,0,5-37,3.5,30,105,7.2,15-23,165,270,0-0,3-13,14,5,0,3,7,0,37,5,0,4
401520176,2023,1,regular,Florida,SEC,away,11,0,1,47,0,2,3,,,,0,1,31:52,1,0,1,9-46,0.6,21,13,7.6,31-44,333,346,2-5,1-13,17,5,0,2,4,0,29,0,2,2
401520179,2023,1,regular,Virginia,ACC,away,13,1,0,21,0,1,7,,,,1,0,32:54,0,0,0,2-10,2.4,40,95,4.4,11-24,106,201,0-1,5-18,12,,,,1,0,54,1,0,5
401520179,2023,1,regular,Tennessee,SEC,home,49,5,2,34,0,1,7,,,,0,1,27:06,0,1,1,4-35,5.5,52,287,6.4,23-33,212,499,2-3,5-13,29,105,0,3,11,0,32,4,2,5
401520167,2023,1,regular,North Carolina,ACC,home,31,2,2,16,0,1,7,,,,0,,32:37,2,0,2,7-49,4.3,39,168,8.4,24-32,269,437,1-2,8-13,21,,,,16,0,46,9,0,1
401520167,2023,1,regular,South Carolina,SEC,away,17,2,0,43,0,2,5,22,0,2,0,,27:23,0,0,0,6-35,-0.1,31,-2,9.1,30-39,353,351,0-4,4-14,20,,,,1,0,32,0,2,1
401520159,2023,1,regular,Ball State,Mid-American,away,14,1,1,,,,2,0,0,1,0,3,38:16,0,2,2,4-26,1.8,41,72,7.4,22-30,223,295,1-2,9-17,18,3,0,1,3,0,27,1,2,2
401520159,2023,1,regular,Kentucky,SEC,home,44,2,1,117,1,2,14,,,,2,0,21:44,1,0,1,7-51,5.7,20,113,7.8,18-31,241,354,0-1,4-9,17,27,0,2,8,1,44,3,1,1
401520147,2023,1,regular,Hawai'i,Mountain West,away,28,1,3,90,0,4,4,,,,0,1,31:22,2,0,2,7-59,1.6,25,40,10.0,27-35,351,391,3-4,3-11,19,,,,9,0,35,3,2,6
401520147,2023,1,regular,Vanderbilt,SEC,home,35,1,3,97,1,1,3,9,0,2,0,,28:38,0,0,0,8-72,1.5,26,39,8.6,19-30,258,297,1-3,5-12,17,27,0,1,8,1,37,3,4,4
401520178,2023,1,regular,Alabama A&M,SWAC,away,13,0,1,50,0,3,7,8,0,1,0,,32:22,1,0,1,9-50,4.1,33,135,4.2,18-34,143,278,1-1,6-18,14,,,,4,0,37,1,1,6
401520178,2023,1,regular,Vanderbilt,SEC,home,47,3,3,69,0,3,9,5,0,1,0,,27:38,1,0,1,3-20,6.3,34,215,7.9,17-31,246,461,0-1,9-14,24,96,0,6,7,0,30,2,3,2
401525450,2023,1,regular,New Mexico State,Conference USA,home,30,1,3,38,0,2,6,,,,0,1,31:45,2,1,3,3-40,5.8,38,222,9.2,16-27,248,470,1-1,2-9,22,7,0,1,4,0,33,0,2,4
401525450,2023,1,regular,Massachusetts,FBS Independents,away,41,4,0,6,0,1,11,55,1,2,1,0,28:15,0,0,0,8-69,5.3,37,197,11.3,10-17,192,389,1-1,4-12,17,,,,4,1,42,3,0,2
401520151,2023,1,regular,Auburn,SEC,home,59,6,1,86,0,3,11,50,1,1,1,0,30:35,0,0,0,4-40,6.6,44,289,8.1,14-25,203,492,0-1,6-10,27,67,0,2,7,1,32,4,6,0
401520151,2023,1,regular,Massachusetts,FBS Independents,away,14,1,1,55,0,3,2,,,,0,1,29:25,1,1,2,9-73,5.2,27,140,6.7,14-24,161,301,0-2,1-9,11,17,0,1,4,0,42,1,2,4
401525823,2023,1,regular,Central Arkansas,UAC,away,13,0,2,31,0,2,1,0,0,1,0,1,27:30,0,1,1,9-63,4.4,28,123,7.2,24-37,268,391,0-0,5-13,19,5,0,2,4,0,35,1,4,3
401525823,2023,1,regular,Oklahoma State,Big 12,home,27,2,1,25,0,2,9,,,,1,0,32:30,1,0,1,5-41,4.8,31,149,6.3,30-48,304,453,1-2,6-15,24,0,0,1,9,0,42,5,1,5
401525821,2023,1,regular,Southeast Missouri State,Big South-OVC,away,0,0,0,37,0,2,,20,0,1,0,,30:35,0,0,0,5-65,0.2,26,6,6.0,25-37,221,227,0-2,4-14,13,,,,3,0,45,0,1,1
401525821,2023,1,regular,Kansas State,Big 12,home,45,3,3,33,0,1,9,,,,0,1,29:25,1,0,1,4-36,5.7,40,228,11.6,22-31,360,588,1-2,4-10,28,,,,11,0,46,4,2,2
401525817,2023,1,regular,Texas State,Sun Belt,away,42,3,3,51,0,2,6,0,0,1,1,4,26:12,0,2,2,4-31,3.7,39,143,9.9,22-30,298,441,4-4,5-13,20,7,0,1,10,0,49,3,1,4
401525817,2023,1,regular,Baylor,Big 12,home,31,1,2,145,0,6,11,,,,2,2,33:48,1,1,2,9-45,3.4,32,108,9.5,27-44,416,524,3-4,8-18,22,6,0,1,6,0,36,1,1,2
401525820,2023,1,regular,Northern Iowa,MVFC,away,9,0,1,24,0,1,3,,,,0,,34:24,2,0,2,6-52,2.9,37,106,4.9,17-35,173,279,2-3,3-15,19,11,0,2,3,0,27,0,1,1
401525820,2023,1,regular,Iowa State,Big 12,home,30,1,2,26,0,2,6,88,1,2,0,,25:36,0,0,0,9-81,5.0,27,134,6.4,14-18,116,250,1-1,2-11,10,60,0,2,9,1,34,5,5,7
401525825,2023,1,regular,Wyoming,Mountain West,home,35,2,2,,,,9,4,0,1,0,3,34:02,0,2,2,3-15,3.9,44,171,4.4,18-34,149,320,2-2,6-15,24,,,,4,0,47,3,2,9
401525825,2023,1,regular,Texas Tech,Big 12,away,33,1,3,45,0,2,9,,,,2,1,25:58,1,0,1,7-69,2.8,33,93,7.2,31-47,338,431,2-2,7-17,26,8,0,1,6,0,47,2,1,4
401525815,2023,1,regular,Missouri State,MVFC,away,17,1,1,18,0,1,5,,,,1,1,26:13,2,0,2,6-50,2.7,27,74,6.8,14-21,143,217,1-1,1-9,10,,,,3,0,51,0,0,3
401525815,2023,1,regular,Kansas,Big 12,home,48,4,2,61,0,2,12,12,0,2,0,1,33:47,0,1,1,3-35,6.4,38,245,9.9,22-28,276,521,1-2,6-11,27,,,,9,0,26,1,2,2
401523994,2023,1,regular,Colorado,Pac-12,away,45,2,4,18,0,1,9,0,0,2,0,1,34:33,0,1,1,6-35,1.6,34,55,10.9,38-47,510,565,2-2,9-15,30,2,0,1,0,0,46,0,2,3
401523994,2023,1,regular,TCU,Big 12,home,42,4,2,150,0,5,6,,,,1,1,25:27,2,0,2,10-78,7.1,37,262,6.6,24-42,279,541,1-2,10-17,27,,,,7,0,44,4,2,2
401520169,2023,1,regular,Penn State,Big Ten,home,38,2,3,19,0,1,8,,,,0,,28:44,0,0,0,1-5,4.2,35,146,11.1,22-30,332,478,1-1,3-9,27,,,,6,0,45,3,3,2
401520169,2023,1,regular,West Virginia,Big 12,away,15,2,0,20,0,1,1,,,,0,,31:16,0,0,0,5-55,3.7,40,146,6.0,16-27,162,308,3-6,4-14,17,4,0,1,4,0,41,1,3,2
401523987,2023,1,regular,Arizona State,Pac-12,home,24,1,2,100,0,2,6,,,,0,,29:12,0,0,0,9-100,4.0,34,135,7.6,18-31,236,371,1-1,4-14,19,0,0,1,3,0,27,0,2,3
401523987,2023,1,regular,Southern Utah,UAC,away,21,1,1,49,0,4,3,,,,0,3,30:48,0,0,0,8-71,2.8,31,87,7.7,9-18,139,226,0-0,5-13,11,45,0,3,4,1,38,1,1,4
401540219,2023,1,regular,Montana State,Big Sky,home,63,7,2,14,0,1,9,16,0,3,0,,35:22,0,0,0,3-33,7.7,53,407,12.8,12-18,231,638,1-2,9-12,29,3,0,1,,,,,,
401540219,2023,1,regular,Utah Tech,UAC,away,20,0,2,,,,8,,,,0,,24:38,3,0,3,7-31,3.3,15,49,6.3,21-41,260,309,0-0,4-11,16,,,,,,,,,
401540508,2023,1,regular,New Hampshire,Coastal Athletic,away,51,1,5,82,0,3,9,4,0,1,1,0,34:11,0,0,0,15-121,4.4,35,153,10.1,19-28,284,437,1-1,6-13,21,119,1,2,,,,,,
401540508,2023,1,regular,Stonehill,NEC,home,17,2,0,61,0,5,5,,,,0,1,25:49,1,1,2,3-20,3.5,36,125,6.1,15-29,178,303,1-2,3-14,17,2,0,1,,,,,,
401540363,2023,1,regular,Presbyterian,Pioneer,away,10,1,0,29,0,3,4,,,,0,,23:07,1,0,1,4-35,4.2,23,97,4.1,11-24,99,196,0-0,3-12,11,,,,,,,,,
401540363,2023,1,regular,Murray State,MVFC,home,41,3,2,46,0,2,11,23,0,1,0,,36:53,0,0,0,9-85,5.3,44,231,10.5,14-24,253,484,1-1,8-15,21,18,0,2,,,,,,
401540278,2023,1,regular,Northern Colorado,Big Sky,away,11,0,1,16,0,1,3,,,,0,,26:54,0,0,0,2-30,3.2,26,84,3.3,18-32,106,190,2-3,5-15,13,,,,,,,,,
401540278,2023,1,regular,Abilene Christian,UAC,home,31,3,1,,,,7,,,,0,1,33:06,0,0,0,11-85,6.5,41,268,7.8,18-29,225,493,1-2,6-11,28,3,0,4,,,,,,
401540173,2023,1,regular,Southern Illinois,MVFC,home,49,3,3,15,0,2,7,26,1,2,1,1,37:40,0,1,1,12-130,3.8,44,169,8.8,20-30,263,432,3-3,5-12,23,-2,0,1,,,,,,
401540173,2023,1,regular,Austin Peay,UAC,away,23,1,2,84,0,6,5,,,,1,1,22:20,2,1,3,6-60,1.7,23,39,6.3,20-34,214,253,1-1,3-12,18,5,0,1,,,,,,
401525818,2023,1,regular,Cincinnati,Big 12,home,66,3,6,42,0,2,12,6,0,2,1,3,31:46,0,1,1,7-55,5.2,44,229,16.2,23-27,438,667,2-2,10-14,30,34,0,4,7,0,32,3,1,2
401525818,2023,1,regular,Eastern Kentucky,UAC,away,13,0,1,118,0,6,7,,,,1,3,28:14,2,1,3,7-42,3.9,32,125,7.1,13-25,177,302,0-1,3-11,15,,,,6,0,32,2,0,1
401540200,2023,1,regular,Chattanooga,Southern,away,27,1,2,56,0,3,9,,,,1,1,34:19,1,0,1,6-62,4.2,42,177,6.8,22-46,311,488,0-1,5-16,29,28,0,4,,,,,,
401540200,2023,1,regular,North Alabama,UAC,home,41,2,4,56,0,3,5,0,0,1,0,2,25:41,0,1,1,6-75,7.0,35,246,9.3,16-29,271,517,2-4,2-12,21,25,0,3,,,,,,
401540199,2023,1,regular,Mercer,Southern,home,17,1,1,43,0,1,5,,,,0,2,32:35,0,2,2,6-43,3.2,53,170,6.8,12-17,115,285,2-3,6-16,21,7,0,3,,,,,,
401540199,2023,1,regular,North Alabama,UAC,away,7,1,0,38,0,3,1,,,,2,,27:25,0,0,0,8-73,4.3,36,156,3.8,12-24,92,248,2-5,4-15,12,0,0,1,,,,,,
401540213,2023,1,regular,McNeese,Southland,home,34,3,0,91,0,1,10,0,0,2,1,0,32:09,1,0,1,8-80,2.4,37,89,4.6,18-41,189,278,3-4,4-19,18,,,,,,,,,
401540213,2023,1,regular,Tarleton State,UAC,away,52,3,3,55,0,3,10,71,1,1,0,2,27:51,2,1,3,9-71,5.3,40,210,10.1,20-34,344,554,0-0,8-12,30,35,0,1,,,,,,
401520182,2023,1,regular,Florida State,ACC,home,45,2,4,0,0,1,9,0,0,1,1,0,35:23,1,0,1,7-64,4.0,34,135,11.2,24-32,359,494,1-1,9-14,22,,,,5,0,33,4,1,4
401520182,2023,1,regular,LSU,SEC,away,24,2,1,51,0,4,6,2,0,1,0,1,24:37,1,1,2,2-30,4.2,27,113,9.4,22-37,346,459,0-3,3-10,23,-3,0,1,4,0,27,0,4,2
401525463,2023,1,regular,Miami,ACC,home,38,3,1,40,0,1,12,,,,0,,32:53,1,0,1,8-60,6.9,36,250,9.7,20-25,243,493,0-0,3-7,26,4,0,3,6,0,22,3,0,4
401525463,2023,1,regular,Miami (OH),Mid-American,away,3,0,0,27,0,1,3,0,0,1,0,,27:07,0,0,0,5-49,2.0,25,51,6.8,13-24,164,215,0-3,2-12,9,-2,0,1,1,0,40,1,0,0
401532392,2023,1,regular,San Diego State,Mountain West,home,20,0,2,44,0,2,8,47,0,3,0,1,27:24,0,1,1,6-57,5.0,31,154,5.9,18-28,164,318,1-2,3-12,16,,,,3,0,46,2,10,8
401532392,2023,1,regular,Ohio,Mid-American,away,13,0,1,61,0,3,7,,,,1,0,32:36,3,0,3,6-55,3.6,31,111,5.5,26-51,279,390,2-2,7-17,25,13,0,3,5,0,26,0,4,2
401532395,2023,1,regular,Long Island University,NEC,away,10,0,1,12,0,1,4,6,0,1,1,0,26:51,2,0,2,5-40,1.5,22,34,5.2,21-33,172,206,2-4,3-13,13,,,,9,0,24,1,4,1
401532395,2023,1,regular,Ohio,Mid-American,home,27,0,3,,,,9,29,0,2,0,1,33:09,1,1,2,3-30,4.4,45,199,6.9,12-15,104,303,0-1,6-12,18,0,0,1,8,0,17,4,8,3
401525816,2023,1,regular,UCF,Big 12,home,56,5,3,,,,8,0,0,1,0,1,31:26,2,1,3,7-70,8.5,46,389,9.5,25-35,334,723,1-1,9-13,32,,,,,,,,,
401525816,2023,1,regular,Kent State,Mid-American,away,6,0,0,80,0,3,6,0,0,2,1,0,28:34,1,0,1,4-30,2.6,36,94,4.5,12-32,145,239,0-1,7-17,15,,,,,,,,,
401531387,2023,1,regular,Temple,American Athletic,home,24,1,2,51,0,3,4,2,0,1,0,,29:35,0,0,0,3-15,2.2,28,61,6.0,28-49,292,353,1-2,8-17,20,-1,0,2,4,0,37,2,0,1
401531387,2023,1,regular,Akron,Mid-American,away,21,1,2,49,0,3,3,,,,0,2,30:25,1,0,1,10-82,2.6,28,74,7.1,17-29,205,279,1-1,3-12,13,30,0,3,2.5,0,33,0,0,5
401520155,2023,1,regular,Illinois,Big Ten,home,30,1,2,77,0,5,6,48,1,1,0,,27:03,1,0,1,10-100,4.8,35,168,7.9,18-26,206,374,2-3,2-8,21,,,,5,1,50,1,1,3
401520155,2023,1,regular,Toledo,Mid-American,away,28,1,2,61,0,4,10,0,0,1,0,2,32:57,1,0,1,7-40,4.4,42,186,6.2,20-37,230,416,2-2,7-15,27,4,0,1,4,0,44,2,2,3
401531841,2023,1,regular,Troy,Sun Belt,home,48,1,4,88,0,3,12,45,1,1,0,3,32:14,1,3,4,5-43,8.1,42,342,9.0,14-22,198,540,0-0,7-12,24,7,0,2,4,1,29,0,3,2
401531841,2023,1,regular,Stephen F. Austin,UAC,away,30,2,0,99,0,5,12,6,0,1,3,0,27:46,1,0,1,3-35,3.7,28,104,4.4,18-31,136,240,0-2,4-13,17,,,,6,0,37,0,1,4
401532572,2023,1,regular,UNLV,Mountain West,home,44,5,0,158,0,3,14,8,0,1,0,1,20:56,1,1,2,6-45,6.7,40,268,5.3,15-24,126,394,0-0,9-15,20,-7,0,1,,,,,,
401532572,2023,1,regular,Bryant,Big South-OVC,away,14,2,0,95,0,6,2,0,0,1,1,0,39:04,1,0,1,6-59,4.5,40,179,7.4,19-31,230,409,1-4,4-13,19,,,,,,,,,
401520181,2023,1,regular,South Florida,American Athletic,away,24,2,1,32,0,2,6,,,,0,1,30:29,2,1,3,11-100,6.1,61,374,4.9,15-34,166,540,4-5,8-21,26,4,0,3,5,0,46,0,2,5
401520181,2023,1,regular,Western Kentucky,Conference USA,home,41,2,2,63,0,4,11,8,0,2,1,0,29:31,0,0,0,9-55,5.6,23,129,6.7,29-50,336,465,1-2,6-16,22,-1,0,1,6,0,54,5,4,6
401520177,2023,1,regular,Incarnate Word,Southland,away,14,1,1,80,0,4,2,,,,0,2,24:28,1,0,1,10-93,2.4,27,64,7.9,18-31,245,308,2-3,5-14,19,38,0,2,1,0,28,1,2,0
401520177,2023,1,regular,UTEP,Conference USA,home,28,2,2,22,0,1,4,0,0,1,0,,35:32,0,0,0,10-102,6.6,50,329,7.2,10-13,94,423,0-0,6-9,25,,,,4,0,34,2,0,5
401520145,2023,1,regular,Jacksonville State,Conference USA,home,17,2,0,,,,5,1,0,2,1,0,25:22,0,0,0,4-52,4.7,44,208,3.4,10-20,67,275,1-2,7-16,15,1,0,1,3,0,28,2,4,3
401520145,2023,1,regular,UTEP,Conference USA,away,14,1,1,,,,2,,,,0,1,34:38,2,1,3,5-55,3.6,43,156,7.2,17-29,208,364,1-3,3-12,22,5,0,1,4,0,33,1,2,2
401520172,2023,1,regular,SMU,American Athletic,home,38,1,3,,,,8,16,1,1,0,,33:59,0,0,0,6-42,5.1,41,209,6.5,23-38,248,457,3-4,7-19,24,19,0,2,11,1,35,6,3,3
401520172,2023,1,regular,Louisiana Tech,Conference USA,away,14,1,1,51,0,3,2,,,,0,,26:01,1,0,1,5-54,1.2,24,28,7.3,21-33,241,269,0-2,5-14,11,11,0,2,4,0,49,0,1,6
401520146,2023,1,regular,Florida International,Conference USA,away,17,2,0,,,,5,17,0,1,1,0,21:42,1,0,1,5-50,5.9,30,178,0.3,5-14,4,182,0-0,3-12,8,,,,8,0,45,2,1,0
401520146,2023,1,regular,Louisiana Tech,Conference USA,home,22,1,1,25,0,1,10,0,0,1,0,2,38:18,1,1,2,5-47,2.9,39,114,7.6,34-44,333,447,1-1,8-16,27,0,0,1,6,0,14,2,0,1
401520153,2023,1,regular,Maine,Coastal Athletic,away,12,1,0,17,0,1,6,0,0,1,2,3,37:35,0,1,1,5-50,4.0,41,165,4.8,21-44,213,378,1-3,5-15,27,,,,,,,,,
401520153,2023,1,regular,Florida International,Conference USA,home,14,0,2,44,0,2,2,,,,1,3,22:25,1,2,3,8-79,0.5,24,13,9.7,15-30,292,305,0-3,3-12,12,34,0,2,,,,,,
401540115,2023,1,regular,Southern,SWAC,away,10,0,1,32,0,2,4,,,,0,2,30:44,2,2,4,6-50,2.6,27,69,4.7,17-35,166,235,4-5,4-14,15,,,,,,,,,
401540115,2023,1,regular,Alabama State,SWAC,home,14,0,2,,,,2,-4,0,2,2,0,29:16,0,0,0,4-20,2.3,37,86,8.6,15-21,180,266,0-2,5-13,13,31,0,1,,,,,,
401520149,2023,1,regular,Alabama,SEC,home,56,5,3,23,0,1,8,13,0,1,1,1,29:03,0,0,0,2-19,5.1,40,205,9.4,17-24,226,431,0-0,10-13,23,67,0,6,7,0,36,3,6,1
401520149,2023,1,regular,Middle Tennessee,Conference USA,away,7,0,1,21,0,2,1,,,,0,3,30:57,1,1,2,9-84,3.0,26,78,3.8,24-35,133,211,0-0,6-16,13,,,,4,0,42,2,1,2
401531337,2023,1,regular,Tulsa,American Athletic,home,42,2,4,50,0,1,6,-3,0,1,0,2,26:55,2,1,3,4-44,5.3,49,260,12.9,16-20,257,517,0-0,5-9,26,35,0,3,12,0,34,4,1,0
401531337,2023,1,regular,Arkansas-Pine Bluff,SWAC,away,7,1,0,45,0,3,1,23,0,2,1,0,33:05,1,0,1,4-37,2.4,43,102,5.8,15-26,150,252,0-1,5-16,18,3,0,1,8,0,43,2,0,0
401540155,2023,1,regular,Hampton,Coastal Athletic,home,35,3,2,54,0,5,5,,,,0,1,32:45,2,0,2,10-86,5.9,47,279,7.4,14-21,155,434,1-1,6-13,26,19,0,1,,,,,,
401540155,2023,1,regular,Grambling,SWAC,away,31,2,2,68,0,6,3,21,0,2,0,,27:15,0,0,0,9-85,3.4,29,100,8.2,25-38,311,411,0-0,7-13,19,2,0,1,,,,,,
401540148,2023,1,regular,Florida A&M,SWAC,home,28,1,2,130,1,3,4,,,,2,0,30:59,0,0,0,6-50,5.3,39,208,6.8,12-22,150,358,0-1,6-13,18,95,0,3,,,,,,
401540148,2023,1,regular,Jackson State,SWAC,away,10,0,1,81,0,3,4,,,,0,3,29:01,0,2,2,4-30,2.3,32,72,6.8,20-34,231,303,3-4,2-14,17,5,0,1,,,,,,
401539999,2023,1,regular,South Carolina State,MEAC,away,7,0,1,45,0,2,1,,,,1,0,26:49,1,0,1,9-69,4.0,34,137,2.8,8-23,64,201,0-1,6-14,14,,,,,,,,,
401539999,2023,1,regular,Jackson State,SWAC,home,37,1,3,14,0,2,13,0,0,1,0,2,33:11,0,1,1,5-55,4.2,33,138,11.9,26-30,356,494,1-1,3-9,24,,,,,,,,,
401532573,2023,1,regular,San José State,Mountain West,home,17,1,1,16,0,2,5,,,,0,3,28:05,0,1,1,5-40,2.5,22,56,5.5,25-42,232,288,2-3,4-13,20,7,0,1,3,0,41,1,1,2
401532573,2023,1,regular,Oregon State,Pac-12,away,42,3,3,16,0,2,6,,,,1,0,31:55,0,0,0,9-76,5.6,35,197,9.9,22-28,276,473,0-1,5-8,27,8,0,1,5,0,32,3,1,6
401523990,2023,1,regular,Colorado State,Mountain West,home,24,0,2,98,1,1,6,,,,2,0,22:20,2,0,2,4-40,1.9,20,37,7.3,28-44,320,357,1-3,5-14,18,-3,0,1,,,,,,
401523990,2023,1,regular,Washington State,Pac-12,away,50,3,3,5,0,1,8,37,1,2,0,3,37:40,0,2,2,3-20,2.4,37,90,9.3,38-50,466,556,0-2,11-17,30,31,0,3,,,,,,
401531837,2023,1,regular,Bucknell,Patriot,away,3,0,0,,,,3,6,0,1,0,1,32:07,0,1,1,7-70,1.8,34,62,6.3,15-23,146,208,0-1,3-15,9,9,0,1,5,0,35,1,0,4
401531837,2023,1,regular,James Madison,Sun Belt,home,38,3,2,,,,8,,,,1,1,27:53,1,0,1,4-25,6.4,41,261,7.3,12-24,175,436,0-2,5-12,22,94,0,6,9,0,33,3,0,1
401531838,2023,1,regular,UAlbany,Coastal Athletic,away,17,1,1,,,,5,12,0,1,0,1,35:09,0,0,0,5-47,2.9,36,106,5.1,22-38,194,300,2-4,4-16,19,,,,3,0,34,0,2,2
401531838,2023,1,regular,Marshall,Sun Belt,home,21,2,1,54,0,3,3,,,,0,1,24:51,1,0,1,5-54,5.6,26,145,7.7,28-35,268,413,1-3,1-10,21,-2,0,2,10,0,29,7,20,1
401540166,2023,1,regular,Texas Southern,SWAC,home,34,1,3,121,0,7,10,0,0,1,1,1,24:09,3,1,4,6-58,7.1,28,200,7.5,18-38,286,486,0-0,4-11,20,25,0,4,,,,,,
401540166,2023,1,regular,Prairie View A&M,SWAC,away,37,2,2,121,0,7,13,23,0,3,1,1,35:51,1,1,2,3-41,3.4,53,180,8.3,20-33,275,455,1-2,9-20,27,,,,,,,,,
401523996,2023,1,regular,Nevada,Mountain West,away,14,1,1,68,0,4,2,,,,1,2,35:59,0,1,1,4-49,1.3,38,49,9.1,22-34,311,360,2-4,5-19,12,,,,3,0,31,1,0,2
401523996,2023,1,regular,USC,Pac-12,home,66,2,6,42,0,3,12,,,,1,2,24:01,0,1,1,8-75,10.8,20,215,13.3,25-34,453,668,1-1,2-6,27,12,0,1,10,0,44,5,1,3
401523986,2023,1,regular,San José State,Mountain West,away,28,1,3,53,0,3,4,,,,0,1,31:02,0,0,0,3-21,7.3,27,198,5.1,21-39,198,396,0-1,5-13,23,,,,4,0,46,2,1,2
401523986,2023,1,regular,USC,Pac-12,home,56,3,4,96,1,1,8,,,,0,,28:58,0,0,0,8-57,4.7,34,160,9.7,24-35,341,501,1-2,9-13,25,66,0,3,7,1,41,1,1,4
401523995,2023,1,regular,Coastal Carolina,Sun Belt,away,13,0,1,15,0,1,7,29,0,3,0,1,34:50,2,1,3,3-45,1.6,34,56,6.7,28-43,289,345,1-2,8-16,21,-1,0,1,2,0,30,1,3,3
401523995,2023,1,regular,UCLA,Pac-12,home,27,0,3,39,0,2,9,8,0,2,1,1,25:10,3,0,3,8-55,4.9,31,153,9.1,17-29,264,417,0-0,7-12,19,,,,10,0,46,4,7,1
401523991,2023,1,regular,North Texas,American Athletic,home,21,0,3,74,0,4,3,37,0,1,1,2,20:53,3,0,3,2-20,1.5,27,41,7.1,15-26,184,225,0-1,2-11,10,0,0,1,7,0,56,1,7,4
401523991,2023,1,regular,California,Pac-12,away,58,6,2,,,,8,45,0,3,0,2,39:07,1,1,2,8-60,6.4,56,361,8.3,27-39,322,683,3-3,9-18,29,0,0,1,6,0,28,3,2,3
401523988,2023,1,regular,Hawai'i,Mountain West,home,24,0,3,67,0,3,4,,,,0,,26:05,0,0,0,11-114,-0.3,16,-5,6.7,30-53,355,350,1-3,8-16,20,14,0,1,4,0,45,0,0,6
401523988,2023,1,regular,Stanford,Pac-12,away,37,2,2,,,,13,,,,0,,33:55,0,0,0,9-81,4.6,34,158,6.9,25-36,248,406,0-0,6-14,24,14,0,1,8,0,37,6,1,3
401523989,2023,1,regular,Northern Arizona,Big Sky,away,3,0,0,25,0,1,3,0,0,1,1,2,35:04,0,1,1,11-84,1.9,41,78,6.4,18-29,186,264,0-3,6-18,18,,,,2,0,31,1,0,2
401523989,2023,1,regular,Arizona,Pac-12,home,38,1,3,,,,8,,,,1,1,24:56,1,1,2,11-91,6.9,27,186,11.2,20-26,292,478,0-2,1-5,22,,,,8,0,41,1,2,6
401531836,2023,1,regular,The Citadel,Southern,away,0,0,0,,,,,0,0,1,1,1,28:21,0,1,1,4-28,4.6,43,198,1.8,2-8,14,212,0-0,2-12,12,,,,5,0,41,2,3,1
401531836,2023,1,regular,Georgia Southern,Sun Belt,home,34,2,2,16,0,1,10,,,,1,3,31:39,1,1,2,9-95,5.9,34,200,6.8,31-40,273,473,1-1,2-7,29,70,0,6,6,0,34,1,2,3
401525467,2023,1,regular,Virginia Tech,ACC,home,36,1,3,55,0,3,10,32,0,1,2,0,33:40,0,0,0,4-39,2.5,43,109,8.6,18-30,259,368,1-3,8-16,18,86,0,3,10,0,35,5,2,1
401525467,2023,1,regular,Old Dominion,Sun Belt,away,17,0,2,32,0,2,5,,,,0,3,26:20,1,2,3,4-36,4.7,43,201,3.8,13-25,94,295,0-2,8-15,19,,,,3,0,35,0,0,1
401531835,2023,1,regular,Gardner-Webb,Big South-OVC,away,24,2,1,21,0,1,6,,,,0,1,28:18,2,1,3,5-50,5.0,27,134,5.0,30-46,231,365,2-3,7-17,19,27,0,2,6,0,28,2,3,3
401531835,2023,1,regular,App State,Sun Belt,home,45,1,5,57,0,2,9,37,0,2,1,1,31:42,0,0,0,2-20,3.4,43,147,10.3,18-24,247,394,3-3,4-13,22,,,,2,0,28,0,9,5
401531834,2023,1,regular,Rhode Island,Coastal Athletic,away,35,1,4,33,0,2,5,,,,0,2,36:19,2,0,2,9-70,3.2,35,112,10.2,24-40,408,520,1-1,13-20,22,31,0,2,3,0,46,0,0,3
401531834,2023,1,regular,Georgia State,Sun Belt,home,42,3,2,110,0,5,6,21,1,2,0,,23:41,0,0,0,5-65,6.1,38,231,9.7,16-20,193,424,1-1,6-12,20,,,,5,1,43,2,2,4
401531347,2023,1,regular,Tulane,American Athletic,home,37,0,4,,,,13,5,0,2,3,3,30:37,0,3,3,7-70,3.7,38,142,19.6,14-15,294,436,0-0,4-8,16,,,,7,0,43,5,0,3
401531347,2023,1,regular,South Alabama,Sun Belt,away,17,1,1,59,0,3,5,,,,3,3,29:23,2,3,5,7-60,2.3,32,75,6.3,23-30,190,265,0-1,8-13,18,,,,4,0,30,1,0,0
401531839,2023,1,regular,Northwestern State,Southland,away,13,0,1,15,0,1,7,5,0,1,2,2,32:58,0,1,1,7-70,1.9,40,77,3.9,12-28,110,187,3-3,2-19,8,,,,4,0,32,2,6,3
401531839,2023,1,regular,Louisiana,Sun Belt,home,38,2,3,119,0,4,8,,,,1,2,27:02,1,2,3,2-20,6.1,34,206,7.0,14-32,223,429,2-2,4-14,20,0,0,2,8,0,43,5,0,4
401525822,2023,1,regular,Oklahoma,Big 12,home,73,6,3,,,,13,,,,1,1,36:56,0,0,0,6-65,4.5,49,220,12.8,30-33,422,642,0-0,11-14,36,90,1,4,6,1,25,1,2,2
401525822,2023,1,regular,Arkansas State,Sun Belt,away,0,0,0,42,0,2,0,,,,0,1,23:04,0,1,1,14-111,2.1,23,48,5.9,13-27,160,208,0-1,2-12,10,,,,6,0,54,0,0,1
401520175,2023,1,regular,Army,FBS Independents,away,13,0,0,,,,7,59,1,2,0,4,35:43,2,3,5,3-35,3.4,50,172,8.9,6-12,107,279,0-0,6-15,14,,,,5,1,29,1,0,3
401520175,2023,1,regular,UL Monroe,Sun Belt,home,17,1,1,30,0,2,5,13,0,2,3,1,24:17,2,0,2,5-35,6.5,32,207,2.9,15-31,91,298,1-1,4-15,15,,,,5,0,42,1,1,1
401531840,2023,1,regular,Alcorn State,SWAC,away,14,2,0,118,0,6,2,8,0,1,0,,21:43,2,0,2,7-77,6.3,29,182,3.1,5-14,44,226,0-0,3-11,8,0,0,1,7,0,36,4,2,2
401531840,2023,1,regular,Southern Miss,Sun Belt,home,40,1,3,39,0,2,16,0,0,2,0,1,38:17,1,0,1,5-35,3.8,38,145,9.5,24-31,296,441,2-2,5-14,25,28,0,3,2,0,21,0,2,4
401520168,2023,1,regular,Mercer,Southern,away,7,1,0,60,0,3,1,,,,1,3,35:10,1,2,3,7-50,2.5,37,93,4.6,17-31,142,235,1-2,3-14,15,40,0,1,6,0,38,0,2,1
401520168,2023,1,regular,Ole Miss,SEC,home,73,3,6,21,0,2,13,19,0,1,2,1,24:50,0,1,1,7-65,4.3,33,143,12.8,29-41,524,667,1-1,8-11,32,69,1,3,11,1,37,4,6,4
401520164,2023,1,regular,SE Louisiana,Southland,away,7,0,1,142,0,7,1,,,,0,4,28:58,0,1,1,5-25,3.2,26,83,4.5,16-28,125,208,1-2,5-15,10,,,,2,0,22,1,4,1
401520164,2023,1,regular,Mississippi State,SEC,home,48,3,2,,,,12,,,,1,1,31:02,0,0,0,1-15,7.6,39,298,7.8,20-29,227,525,1-2,5-11,23,37,1,3,3,1,20,3,5,2
401520150,2023,1,regular,Western Carolina,Southern,away,13,1,0,37,0,2,7,,,,0,1,30:43,4,1,5,3-30,2.1,30,64,5.7,25-40,227,291,1-2,4-15,18,1,0,2,4,0,31,1,1,1
401520150,2023,1,regular,Arkansas,SEC,home,56,3,4,46,0,2,8,101,1,4,1,2,29:17,0,0,0,7-86,2.9,36,105,11.0,20-25,274,379,2-2,6-13,21,51,0,2,10,1,37,2,1,2
401532393,2023,1,regular,Saint Francis,NEC,away,17,1,1,69,0,4,5,0,0,1,0,,21:55,0,0,0,6-51,2.3,22,51,9.6,14-24,230,281,0-0,5-12,12,14,0,1,3,0,76,1,1,1
401532393,2023,1,regular,Western Michigan,Mid-American,home,35,4,1,58,0,3,5,,,,0,1,38:05,1,0,1,3-30,5.1,67,339,6.5,18-26,170,509,3-3,10-17,29,,,,6,0,31,3,0,4
401532394,2023,1,regular,Howard,MEAC,away,23,1,2,29,0,2,5,0,0,1,0,2,29:47,0,0,0,11-59,4.9,42,204,5.9,16-33,194,398,1-5,7-16,21,,,,3,0,33,0,2,4
401532394,2023,1,regular,Eastern Michigan,Mid-American,home,33,1,1,224,2,5,7,,,,0,,29:47,1,0,1,6-79,3.7,30,110,6.3,19-28,175,285,2-2,5-12,16,42,0,2,7,2,37,4,8,4
401520163,2023,1,regular,Michigan State,Big Ten,home,31,2,2,42,0,2,7,2,0,1,0,,25:34,0,0,0,8-66,4.1,31,127,8.5,18-33,279,406,0-2,5-13,20,55,0,6,10,0,30,3,3,5
401520163,2023,1,regular,Central Michigan,Mid-American,away,7,0,1,43,0,2,1,,,,0,,34:26,1,0,1,7-75,3.0,41,123,3.8,13-25,96,219,0-1,3-16,19,,,,7,0,32,2,1,3
401525464,2023,1,regular,Boston College,ACC,home,24,1,2,51,0,4,6,,,,1,0,23:07,1,0,1,10-93,5.2,28,146,4.4,17-38,168,314,2-2,6-17,19,,,,6,0,42,1,4,5
401525464,2023,1,regular,Northern Illinois,Mid-American,away,27,3,1,15,0,1,3,0,0,1,0,1,36:53,0,1,1,4-35,3.5,48,166,5.9,14-29,172,338,0-0,10-17,21,,,,2,0,34,1,4,1
401525466,2023,1,regular,Syracuse,ACC,home,65,1,7,0,0,1,11,66,1,2,1,4,30:40,1,2,3,7-60,5.2,52,271,11.0,28-37,406,677,1-2,9-16,34,72,0,7,9,1,11,3,3,1
401525466,2023,1,regular,Colgate,Patriot,away,0,0,0,,,,,16,0,1,2,3,29:20,2,1,3,6-40,1.4,38,54,2.6,11-20,52,106,0-2,3-17,7,,,,6.5,0,33,3,1,2
401540628,2023,1,regular,UAlbany,Coastal Athletic,home,34,0,4,89,0,3,10,,,,1,0,34:27,0,0,0,7-60,4.9,30,146,6.3,23-40,253,399,0-1,9-16,23,33,0,3,,,,,,
401540628,2023,1,regular,Fordham,Patriot,away,13,0,1,112,0,7,7,,,,0,1,25:33,0,1,1,9-60,1.2,31,37,6.4,18-31,198,235,1-2,2-12,16,33,0,1,,,,,,
401540043,2023,1,regular,Wagner,NEC,away,16,0,2,110,0,5,4,,,,0,1,27:17,1,2,3,8-55,3.3,27,88,8.8,20-39,344,432,1-3,4-14,15,3,0,1,,,,,,
401540043,2023,1,regular,Fordham,Patriot,home,46,2,5,35,0,2,4,51,0,1,2,0,32:43,0,0,0,9-99,4.1,47,194,10.3,24-31,319,513,1-1,8-14,27,,,,,,,,,
401540065,2023,1,regular,Merrimack,NEC,away,20,2,0,55,0,3,8,0,0,1,0,,38:32,0,0,0,8-94,3.6,49,175,5.9,15-30,176,351,1-2,7-15,27,,,,,,,,,
401540065,2023,1,regular,Holy Cross,Patriot,home,42,4,2,58,0,3,6,,,,0,,21:28,1,0,1,6-55,7.1,34,242,13.6,9-14,190,432,0-1,4-6,22,9,0,1,,,,,,
401540027,2023,1,regular,Sacred Heart,NEC,home,14,1,1,96,0,4,2,25,0,1,3,2,35:04,1,0,1,9-73,3.0,39,116,4.9,17-28,138,254,2-3,9-18,18,3,0,2,,,,,,
401540027,2023,1,regular,Lafayette,Patriot,away,19,3,0,27,0,1,1,0,0,1,0,1,24:56,1,1,2,7-65,6.4,35,223,4.6,8-15,69,292,1-1,3-9,20,6,0,1,,,,,,
401540078,2023,1,regular,Villanova,Coastal Athletic,away,38,3,2,22,0,1,8,18,0,2,1,0,31:51,1,0,1,5-45,9.2,31,284,4.9,15-26,128,412,2-2,1-10,18,,,,,,,,,
401540078,2023,1,regular,Lehigh,Patriot,home,10,0,1,24,0,2,4,30,0,1,0,1,28:09,2,1,3,5-45,3.4,23,78,5.3,23-39,206,284,1-2,2-14,13,19,0,2,,,,,,
401520174,2023,1,regular,NC State,ACC,away,24,3,0,87,0,3,6,4,0,1,0,,34:00,0,0,0,1-5,4.5,46,209,6.0,17-26,155,364,0-1,8-15,23,,,,4,0,30,2,0,6
401520174,2023,1,regular,UConn,FBS Independents,home,14,2,0,29,0,1,2,,,,0,,26:00,1,0,1,6-61,6.2,26,160,4.2,14-27,113,273,2-2,4-12,15,,,,7,0,46,1,1,3
401531426,2023,1,regular,Memphis,American Athletic,home,56,5,2,27,0,1,12,,,,1,1,36:43,2,1,3,5-55,4.8,43,208,9.0,28-38,343,551,2-2,4-12,27,55,0,4,8,0,30,4,2,4
401531426,2023,1,regular,Bethune-Cookman,SWAC,away,14,0,0,18,0,1,2,69,1,2,1,2,23:17,0,1,1,7-50,2.2,24,52,1.6,13-24,39,91,0-1,1-15,4,,,,4,1,48,1,1,2
401540258,2023,1,regular,Montana,Big Sky,home,35,3,1,84,0,4,9,0,0,1,1,0,31:15,2,0,2,6-65,5.1,45,230,7.3,17-29,211,441,2-3,6-15,24,10,0,1,,,,,,
401540258,2023,1,regular,Butler,Pioneer,away,20,0,2,29,0,2,8,0,0,2,0,1,28:45,1,1,2,5-45,1.6,26,41,7.3,24-36,263,304,1-2,2-13,15,7,0,1,,,,,,
401540323,2023,1,regular,Stony Brook,Coastal Athletic,home,13,1,0,82,0,5,7,25,0,3,1,0,28:41,3,0,3,2-15,5.5,30,164,4.0,14-41,163,327,0-2,4-13,20,,,,,,,,,
401540323,2023,1,regular,Delaware,CAA,away,37,3,1,52,0,3,7,50,1,3,0,2,31:19,3,1,4,2-30,4.3,34,145,9.2,28-45,414,559,2-4,3-12,28,-14,0,2,,,,,,
401523992,2023,1,regular,Portland State,Big Sky,away,7,0,1,44,0,3,1,,,,0,,28:41,0,1,1,4-50,4.0,37,148,2.6,8-20,52,200,0-1,4-15,9,,,,2,0,34,0,0,2
401523992,2023,1,regular,Oregon,Pac-12,home,81,7,4,,,,13,,,,1,1,31:23,0,0,0,2-20,10.2,34,348,10.0,33-38,381,729,2-2,3-7,37,34,0,5,3,0,22,0,3,7
401523997,2023,1,regular,Boise State,Mountain West,away,19,1,1,65,0,4,7,,,,0,,30:12,2,0,2,3-29,4.9,28,138,5.6,22-47,264,402,1-2,6-17,21,,,,6,0,38,1,0,2
401523997,2023,1,regular,Washington,Pac-12,home,56,2,6,98,0,5,8,33,0,2,0,2,29:48,0,0,0,5-60,4.1,19,78,11.7,31-42,490,568,1-1,4-10,22,10,0,3,3,0,39,1,0,6
401540225,2023,1,regular,San Diego,Pioneer,away,10,0,0,71,0,4,4,48,1,1,1,2,34:16,0,1,1,11-95,2.8,34,96,5.4,15-27,145,241,1-3,4-16,11,4,0,1,,,,,,
401540225,2023,1,regular,Cal Poly,Big Sky,home,27,2,1,49,0,2,9,,,,1,2,25:44,1,1,2,4-25,3.6,27,96,7.8,24-42,326,422,0-1,3-10,22,43,0,2,,,,,,
401540288,2023,1,regular,East Texas A&M,Southland,home,10,0,1,62,0,3,4,40,0,3,1,1,27:42,3,0,3,13-107,3.8,37,142,7.5,11-19,143,285,0-2,4-13,11,,,,,,,,,
401540288,2023,1,regular,UC Davis,Big Sky,away,48,5,1,29,0,1,24,9,0,3,0,1,32:18,3,1,4,0-0,6.2,45,279,7.6,23-33,250,529,1-1,6-11,31,0,0,3,,,,,,
401520152,2023,1,regular,Sam Houston,Conference USA,away,0,0,0,,,,,,,,0,,28:27,3,0,3,7-47,1.6,24,38,4.5,18-33,147,185,0-1,2-14,11,17,0,4,3,0,38,0,3,5
401520152,2023,1,regular,BYU,Big 12,home,14,2,0,21,0,1,2,0,0,3,0,,31:33,0,0,0,8-66,3.3,34,112,4.4,20-33,145,257,1-3,5-16,12,22,0,5,6,0,27,1,7,4
401525819,2023,1,regular,UTSA,American Athletic,away,14,1,1,30,0,3,2,,,,0,1,29:47,3,0,3,8-64,5.9,35,208,5.8,18-36,209,417,2-2,4-13,22,,,,8,0,46,3,4,2
401525819,2023,1,regular,Houston,Big 12,home,17,0,2,14,0,1,5,19,0,3,0,,30:13,0,0,0,3-25,2.7,38,101,6.9,22-34,233,334,0-2,5-15,19,48,0,1,5,0,37,1,2,2
401540235,2023,1,regular,Eastern Washington,Big Sky,away,10,0,1,66,0,3,4,,,,0,,23:56,1,0,1,8-57,2.6,28,72,6.8,23-39,266,338,1-1,5-17,16,6,0,1,,,,,,
401540235,2023,1,regular,North Dakota State,MVFC,home,35,3,2,19,0,1,5,39,0,1,0,,36:04,0,0,0,4-35,8.6,39,337,6.3,19-28,176,513,0-2,8-14,22,4,0,1,,,,,,
401520180,2023,1,regular,Wisconsin,Big Ten,home,38,4,1,,,,8,,,,0,,30:26,2,0,2,3-30,7.9,40,314,6.1,24-31,189,503,0-0,4-12,23,17,0,2,3,0,46,0,5,2
401520180,2023,1,regular,Buffalo,Mid-American,away,17,0,2,43,0,2,5,66,0,2,0,,29:34,0,0,0,6-70,4.1,30,122,4.7,26-41,194,316,1-4,2-15,14,,,,5,0,40,1,0,0
401520160,2023,1,regular,Liberty,Conference USA,home,34,1,2,69,0,3,10,75,1,5,0,2,32:55,0,1,1,4-51,5.0,49,246,7.2,11-20,143,389,0-1,5-12,22,24,0,2,7,1,19,2,5,2
401520160,2023,1,regular,Bowling Green,Mid-American,away,24,1,1,55,0,5,6,,,,1,0,27:05,5,0,5,9-86,6.2,31,191,4.4,11-31,137,328,3-4,2-12,19,,,,5,0,37,2,1,2
401520165,2023,1,regular,South Dakota,MVFC,away,10,0,1,14,0,1,4,23,0,1,0,1,30:58,0,0,0,6-57,1.3,35,46,5.9,15-25,148,194,2-3,2-13,14,,,,6,0,47,1,0,2
401520165,2023,1,regular,Missouri,SEC,home,35,3,2,56,0,3,5,,,,0,,29:02,1,0,1,7-56,5.3,40,211,8.7,20-26,226,437,0-0,6-10,22,18,0,2,5,0,43,2,1,1
401520173,2023,1,regular,New Mexico,Mountain West,away,10,1,0,92,0,7,4,,,,0,1,34:20,1,0,1,10-114,2.8,32,91,4.7,16-28,131,222,1-2,3-13,18,-1,0,1,5,0,41,2,2,3
401520173,2023,1,regular,Texas A&M,SEC,home,52,1,6,27,0,1,10,0,0,1,0,1,25:40,0,0,0,9-88,4.6,29,134,8.1,24-34,277,411,1-1,3-7,27,53,0,4,10,0,38,2,5,5
401520156,2023,1,regular,Indiana,Big Ten,home,3,0,0,38,0,3,3,11,0,1,0,,28:05,0,0,0,8-75,2.2,33,71,4.1,9-20,82,153,0-2,4-15,8,51,0,2,5,0,41,0,0,8
401520156,2023,1,regular,Ohio State,Big Ten,away,23,2,0,23,0,1,11,,,,0,,31:55,1,0,1,5-41,4.6,31,143,6.6,21-36,237,380,2-3,2-12,22,14,0,2,6,0,34,1,0,4
401520161,2023,1,regular,Towson,Coastal Athletic,away,6,0,0,11,0,1,6,,,,0,,26:52,0,0,0,10-90,4.4,34,148,4.1,16-31,128,276,1-3,5-15,16,12,0,2,3,0,45,1,2,3
401520161,2023,1,regular,Maryland,Big Ten,home,38,2,3,47,0,2,8,,,,0,,33:08,0,0,0,6-54,4.6,36,166,6.6,26-43,283,449,2-2,7-14,30,,,,3,0,41,2,1,2
401520171,2023,1,regular,Northwestern,Big Ten,away,7,0,1,,,,1,,,,1,2,22:04,2,0,2,3-30,0.5,22,12,4.6,24-41,189,201,1-3,5-15,13,,,,2,0,21,0,1,2
401520171,2023,1,regular,Rutgers,Big Ten,home,24,2,1,,,,6,0,0,2,0,1,37:56,0,1,1,2-19,2.8,44,122,5.6,17-29,163,285,3-3,8-18,20,-1,0,1,8,0,27,5,2,5
401520162,2023,1,regular,East Carolina,American Athletic,away,3,0,0,14,0,1,3,,,,0,,26:34,1,0,1,10-88,4.0,26,103,4.6,17-29,132,235,0-1,5-13,12,,,,5,0,35,0,1,3
401520162,2023,1,regular,Michigan,Big Ten,home,30,1,3,,,,6,7,0,1,0,1,33:26,0,0,0,5-35,3.9,31,122,9.0,26-31,280,402,0-1,6-10,26,14,0,4,4,0,24,0,3,2
401540099,2023,1,regular,Dayton,Pioneer,away,0,0,0,45,0,3,0,,,,1,1,36:39,0,1,1,5-35,2.1,46,97,3.4,17-31,106,203,2-4,5-19,16,,,,,,,,,
401540099,2023,1,regular,Illinois State,MVFC,home,41,3,1,,,,11,,,,1,2,23:21,0,1,1,4-45,8.0,24,193,7.6,29-37,280,473,0-0,6-12,23,13,0,2,,,,,,
401520166,2023,1,regular,New Mexico State,Conference USA,home,58,5,3,48,0,2,10,,,,0,,32:55,0,0,0,6-73,6.4,42,270,17.3,17-22,380,650,1-1,7-10,27,8,0,3,12,0,18,4,6,4
401520166,2023,1,regular,Western Illinois,MVFC,away,21,1,2,,,,3,,,,0,,27:05,0,0,0,8-70,1.1,28,32,7.8,18-32,248,280,0-0,8-16,17,,,,4,0,36,1,0,0
401540451,2023,1,regular,Valparaiso,Pioneer,away,10,1,0,139,0,9,4,,,,0,3,25:31,0,3,3,2-10,1.5,26,40,5.2,17-30,155,195,0-1,4-13,14,0,0,1,,,,,,
401540451,2023,1,regular,Youngstown State,MVFC,home,52,4,1,29,0,2,10,,,,3,0,34:29,0,0,0,8-91,7.4,41,303,6.5,16-26,169,472,0-0,6-11,21,35,1,2,,,,,,
401539978,2023,1,regular,Richmond,Coastal Athletic,home,10,1,0,34,0,3,4,0,0,1,2,3,30:10,1,3,4,7-45,2.6,37,95,5.6,23-30,169,264,1-1,3-12,18,13,0,2,,,,,,
401539978,2023,1,regular,Morgan State,MEAC,away,17,2,0,28,0,3,5,25,0,1,3,4,29:50,1,2,3,4-28,2.5,46,114,7.6,7-13,99,213,0-1,4-13,15,,,,,,,,,
401531402,2023,1,regular,Charlotte,American Athletic,home,24,2,1,44,0,2,6,27,0,1,0,1,32:21,2,0,2,6-39,4.7,47,220,6.6,13-19,125,345,1-1,4-13,18,20,0,3,7,0,27,3,6,1
401531402,2023,1,regular,South Carolina State,MEAC,away,3,0,0,,,,3,3,0,2,0,,27:39,1,0,1,6-51,2.9,38,109,3.5,6-17,59,168,1-3,3-14,8,7,0,1,9,0,45,2,1,0
401540369,2023,1,regular,Drake,Pioneer,away,7,0,1,129,0,5,1,,,,1,1,26:09,1,1,2,6-50,4.1,26,106,5.1,18-44,226,332,1-5,6-18,14,,,,,,,,,
401540369,2023,1,regular,North Dakota,MVFC,home,55,4,4,21,0,1,7,4,0,1,1,1,33:51,0,1,1,5-35,8.5,34,288,11.7,26-31,364,652,0-1,6-9,29,,,,,,,,,
401531377,2023,1,regular,North Carolina A&T,Coastal Athletic,away,6,0,0,70,0,3,6,,,,1,1,28:52,0,0,0,2-10,3.6,41,147,2.0,2-8,16,163,0-1,4-12,12,,,,7,0,42,0,0,2
401531377,2023,1,regular,UAB,American Athletic,home,35,2,3,41,0,2,5,,,,0,1,31:08,0,1,1,5-45,5.6,30,167,7.1,38-41,291,458,0-0,8-10,31,,,,9,0,28,6,1,2
401531418,2023,1,regular,Monmouth,Coastal Athletic,away,20,1,2,31,0,2,2,0,0,1,1,0,34:21,1,0,1,8-62,3.1,36,112,5.3,26-47,249,361,3-6,7-20,19,,,,3,0,38,0,1,1
401531418,2023,1,regular,Florida Atlantic,American Athletic,home,42,1,5,37,0,3,6,0,0,1,0,1,25:39,1,1,2,3-33,6.7,32,213,10.4,22-27,280,493,0-2,3-9,22,26,0,1,6,0,46,1,1,4
401525824,2023,1,regular,Texas,Big 12,home,37,1,3,13,0,1,13,0,0,2,1,0,31:36,0,0,0,5-40,4.1,39,158,8.3,22-36,300,458,1-3,6-15,24,21,0,1,,,,,,
401525824,2023,1,regular,Rice,American Athletic,away,10,0,1,26,0,2,4,,,,0,1,28:24,2,1,3,5-25,1.1,25,27,5.7,14-26,149,176,1-2,4-13,8,,,,,,,,,
401520158,2023,1,regular,East Tennessee State,Southern,away,3,0,0,46,0,3,3,,,,0,3,29:17,2,2,4,9-88,2.3,38,87,6.5,10-18,117,204,0-0,1-11,12,,,,4,0,42,1,3,2
401520158,2023,1,regular,Jacksonville State,Conference USA,home,49,6,1,,,,7,32,0,2,2,3,30:43,0,0,0,7-65,4.2,56,237,6.7,13-19,127,364,0-0,7-13,25,16,0,2,8,0,25,3,5,1
401540396,2023,1,regular,Davidson,Pioneer,away,7,0,1,37,0,2,1,19,0,1,1,2,25:47,1,0,1,1-5,2.6,39,101,6.9,6-12,83,184,2-2,2-13,8,12,0,2,,,,,,
401540396,2023,1,regular,VMI,Southern,home,12,1,1,18,0,1,0,0,0,1,0,2,34:13,1,1,2,7-54,3.8,46,173,8.9,17-27,239,412,0-2,6-14,22,14,0,3,,,,,,
401540354,2023,1,regular,Arkansas Baptist,,away,0,0,0,131,0,6,0,,,,2,2,36:41,1,2,3,9-70,1.6,53,85,2.9,6-16,47,132,0-0,6-20,10,-2,0,1,,,,,,
401540354,2023,1,regular,Houston Christian,Southland,home,66,5,3,17,0,1,12,16,0,1,2,2,23:19,0,2,2,8-55,6.9,35,242,11.6,16-20,232,474,0-0,3-8,20,49,0,4,,,,,,
401520148,2023,1,regular,Nebraska,Big Ten,away,10,0,1,78,0,2,4,0,0,1,0,1,29:18,3,1,4,7-55,4.9,37,181,6.0,11-19,114,295,0-0,5-11,18,8,0,2,5,0,36,3,3,4
401520148,2023,1,regular,Minnesota,Big Ten,home,13,0,1,49,0,3,7,14,0,3,1,0,30:42,1,0,1,3-25,2.2,25,55,4.5,24-44,196,251,2-2,8-17,20,10,0,1,5,0,38,3,5,3
401520157,2023,1,regular,Utah State,Mountain West,away,14,0,1,,,,6,,,,0,,27:48,1,0,1,10-91,4.8,24,116,4.4,32-48,213,329,1-3,5-17,19,22,0,2,9,0,44,1,1,5
401520157,2023,1,regular,Iowa,Big Ten,home,24,1,2,54,0,1,6,0,0,1,0,2,32:12,0,0,0,7-50,2.4,36,88,5.9,18-33,196,284,1-2,6-17,17,3,0,3,4,0,41,1,4,4
401520170,2023,1,regular,Fresno State,Mountain West,away,39,1,4,50,0,2,7,,,,0,,36:33,1,0,1,7-66,3.1,37,116,8.2,32-45,371,487,0-0,11-17,27,0,0,1,4,0,37,0,2,5
401520170,2023,1,regular,Purdue,Big Ten,home,35,2,2,144,1,3,5,0,0,1,0,1,23:27,0,0,0,4-35,3.6,30,109,8.5,17-30,254,363,2-4,3-12,19,29,0,1,4,1,55,2,2,3
401525435,2023,1,regular,Tennessee State,Big South-OVC,away,3,0,0,76,0,2,3,,,,1,1,26:16,2,0,2,5-45,2.6,35,91,3.0,8-22,67,158,1-1,4-14,12,,,,6,0,45,0,1,1
401525435,2023,1,regular,Notre Dame,FBS Independents,home,56,3,4,8,0,1,8,33,1,2,0,1,33:44,0,1,1,4-36,6.7,33,221,11.2,24-30,336,557,0-0,9-11,26,27,0,3,5,1,32,1,10,4
401525434,2023,1,regular,Navy,American Athletic,away,3,0,0,12,0,1,3,,,,0,3,33:14,0,0,0,3-26,2.6,48,126,6.1,3-7,43,169,3-4,4-14,12,,,,2,0,42,0,1,2
401525434,2023,1,regular,Notre Dame,FBS Independents,home,42,2,4,41,0,2,6,,,,0,2,26:46,0,0,0,1-10,6.0,32,191,10.1,20-25,253,444,1-1,5-7,27,11,0,1,5,0,41,2,2,0
401540285,2023,1,regular,Nicholls,Southland,home,24,2,1,126,0,6,6,38,0,1,0,,26:49,1,0,1,4-40,2.7,36,97,6.8,15-29,196,293,0-1,4-14,18,,,,,,,,,
401540285,2023,1,regular,Sacramento State,Big Sky,away,38,3,2,64,0,3,8,0,0,1,0,,33:11,1,0,1,8-80,3.8,49,185,9.5,16-27,256,441,1-1,7-15,22,53,0,4,,,,,,
401525462,2023,1,regular,Louisville,ACC,away,39,1,3,23,0,1,15,-1,0,1,1,1,29:54,1,0,1,7-59,6.7,34,227,8.0,18-31,247,474,1-1,1-11,21,6,0,2,2,0,52,1,3,2
401525462,2023,1,regular,Georgia Tech,ACC,home,34,2,3,35,0,2,4,0,0,1,0,1,30:06,1,1,2,2-20,4.6,38,175,9.8,19-32,313,488,0-1,6-13,23,24,0,3,0,0,39,0,2,4
401525468,2023,1,regular,Clemson,ACC,away,7,0,1,22,0,1,1,,,,2,0,33:33,1,2,3,1-5,5.3,40,213,4.9,27-43,209,422,0-2,7-15,29,3,0,2,0,0,2,0,0,3
401525468,2023,1,regular,Duke,ACC,home,28,3,0,22,0,1,8,0,0,1,2,0,26:27,0,2,2,7-45,6.6,30,199,5.1,17-34,175,374,1-1,5-15,17,27,0,2,2,0,3,2,0,9
401525461,2023,1,regular,Elon,Coastal Athletic,away,17,1,0,67,0,3,5,50,1,1,0,,31:50,2,0,2,4-35,3.6,29,104,4.1,21-36,147,251,3-3,2-16,13,7,0,1,8,1,36,4,2,4
401525461,2023,1,regular,Wake Forest,ACC,home,37,1,3,96,0,4,13,0,0,2,0,,28:09,1,0,1,4-50,2.8,35,98,11.0,19-30,329,427,0-0,6-13,22,39,0,4,10,0,25,4,6,3
401525465,2023,1,regular,Wofford,Southern,away,7,0,1,,,,1,,,,0,1,18:27,0,1,1,2-20,-0.1,19,-1,7.5,12-17,127,126,0-0,1-9,7,,,,3,0,32,1,3,1
401525465,2023,1,regular,Pittsburgh,ACC,home,45,4,2,17,0,1,9,,,,1,0,41:33,0,0,0,7-62,4.8,45,217,8.6,22-32,274,491,3-3,8-14,30,20,0,4,6,0,16,4,2,2
401532571,2023,1,regular,Idaho State,Big Sky,away,28,1,2,91,0,3,8,0,0,1,2,2,25:32,3,0,3,6-50,1.3,17,22,5.1,31-63,322,344,0-3,7-15,24,,,,5,0,44,1,3,2
401532571,2023,1,regular,San Diego State,Mountain West,home,36,4,0,80,0,5,10,0,0,3,0,3,34:28,1,2,3,14-125,6.5,47,304,4.3,13-20,85,389,0-0,5-13,18,17,0,2,5,0,33,3,14,10
401532570,2023,1,regular,Robert Morris,Big South,away,7,0,1,91,0,3,1,,,,1,2,27:49,0,1,1,9-61,2.1,25,52,4.7,18-24,113,165,0-1,3-11,9,,,,3,0,30,0,0,0
401532570,2023,1,regular,Air Force,Mountain West,home,42,5,1,,,,6,,,,2,3,32:11,0,1,1,2-10,7.5,48,362,31.7,2-3,95,457,1-3,6-10,24,-1,0,2,7,0,31,2,2,0
401540311,2023,1,regular,William & Mary,Coastal Athletic,away,34,2,2,50,0,3,10,,,,2,0,37:09,0,0,0,4-30,5.9,46,270,6.7,17-27,182,452,2-3,8-15,27,-3,0,3,,,,,,
401540311,2023,1,regular,Campbell,Coastal Athletic,home,24,2,1,117,0,6,6,,,,0,2,22:51,0,2,2,6-37,2.9,29,84,8.7,22-26,226,310,1-1,2-8,21,16,0,2,,,,,,
401540299,2023,1,regular,Indiana State,MVFC,home,0,0,0,108,0,5,,35,0,1,0,3,30:11,4,2,6,3-22,2.9,35,103,4.5,13-26,116,219,1-4,4-14,16,,,,,,,,,
401540299,2023,1,regular,Eastern Illinois,Big South-OVC,away,27,0,2,37,0,2,1,103,2,4,2,2,29:49,1,0,1,4-55,3.4,28,94,7.9,19-31,244,338,0-3,5-12,17,,,,,,,,,
401540534,2023,1,regular,Tennessee Tech,Big South-OVC,away,10,0,1,29,0,1,4,9,0,1,1,3,31:14,4,2,6,6-35,2.8,31,86,5.0,26-42,212,298,1-3,7-17,18,6,0,4,,,,,,
401540534,2023,1,regular,Furman,Southern,home,45,4,0,56,0,3,9,110,2,4,2,2,28:46,1,1,2,8-53,5.0,39,196,6.6,16-29,190,386,1-2,9-16,18,31,0,2,,,,,,
401540057,2023,1,regular,Marist,Pioneer,away,7,1,0,162,0,7,1,,,,1,0,26:19,2,0,2,7-57,4.0,28,113,3.6,11-25,89,202,0-0,5-13,12,,,,,,,,,
401540057,2023,1,regular,Georgetown,Patriot,home,49,4,2,18,0,2,7,95,1,2,0,1,33:41,0,1,1,5-35,6.1,48,294,6.7,12-16,107,401,1-1,7-11,25,48,0,4,,,,,,
401540565,2023,1,regular,St. Thomas University (Fl),,away,33,4,0,74,0,4,9,,,,0,1,30:01,1,0,1,11-118,6.8,41,279,8.2,21-37,303,582,0-0,6-14,27,5,0,1,,,,,,
401540565,2023,1,regular,Stetson,Pioneer,home,34,4,0,24,0,1,10,0,0,1,0,,29:59,0,0,0,9-73,4.2,40,169,6.0,19-34,205,374,0-1,7-16,25,-2,0,1,,,,,,
401532576,2023,2,regular,Nevada,Mountain West,home,6,0,0,29,0,2,6,,,,1,1,26:02,2,1,3,3-15,4.7,25,118,3.9,20-38,148,266,1-3,5-16,14,,,,7,0,39,3,0,1
401532576,2023,2,regular,Idaho,Big Sky,away,33,1,2,26,0,1,15,0,0,2,1,1,33:58,0,1,1,3-30,3.9,38,150,14.9,15-21,313,463,3-3,3-12,18,,,,6,0,38,0,1,9
401520191,2023,2,regular,Ball State,Mid-American,away,3,0,0,9,0,1,3,45,0,1,0,1,31:28,3,0,3,3-27,2.8,28,77,4.0,18-37,147,224,1-2,4-15,13,,,,3,0,39,1,0,3
401520191,2023,2,regular,Georgia,SEC,home,45,3,2,70,0,2,9,10,0,3,0,1,28:32,1,0,1,3-40,3.5,28,99,8.7,24-33,287,386,0-0,6-12,22,117,1,4,6,1,31,0,0,4
401520190,2023,2,regular,McNeese,Southland,away,7,1,0,7,0,1,1,,,,1,1,23:51,0,0,0,5-34,1.8,26,46,4.7,7-14,66,112,1-1,2-10,6,4,0,1,2,0,42,0,0,0
401520190,2023,2,regular,Florida,SEC,home,49,6,1,17,0,2,5,,,,0,1,36:09,0,1,1,4-20,6.4,51,327,10.1,18-23,233,560,0-0,5-6,33,0,0,1,7,0,18,2,0,3
401520213,2023,2,regular,Austin Peay,UAC,away,13,0,1,,,,7,,,,1,1,39:01,1,1,2,9-75,2.3,34,79,6.3,29-41,260,339,2-5,5-18,19,-1,0,1,5,0,30,1,3,4
401520213,2023,2,regular,Tennessee,SEC,home,30,1,2,41,0,2,12,0,0,1,1,1,20:44,0,1,1,10-88,7.1,32,228,6.9,21-33,228,456,0-1,3-12,17,18,0,2,14,0,44,7,2,6
401520212,2023,2,regular,Furman,Southern,away,21,1,2,,,,3,,,,1,0,28:07,1,0,1,6-53,2.6,31,80,7.1,20-34,243,323,1-2,6-15,16,0,0,1,7,0,57,1,3,0
401520212,2023,2,regular,South Carolina,SEC,home,47,2,5,36,0,2,5,3,0,1,0,2,31:53,0,1,1,8-60,2.8,39,108,12.2,32-38,463,571,1-1,9-15,25,9,0,2,4,0,41,3,2,5
401520196,2023,2,regular,Eastern Kentucky,UAC,away,17,1,1,,,,5,0,0,1,0,1,27:53,1,1,2,4-37,3.4,27,92,7.6,19-29,219,311,0-0,6-12,15,3,0,1,3,0,30,1,4,4
401520196,2023,2,regular,Kentucky,SEC,home,28,0,4,34,0,2,4,0,0,1,1,1,32:07,1,0,1,10-70,5.0,23,115,7.9,24-38,299,414,0-1,5-11,21,47,0,2,5,0,27,2,3,1
401520216,2023,2,regular,Wake Forest,ACC,home,36,1,2,15,0,1,12,66,0,2,1,1,34:17,0,1,1,3-25,6.0,48,288,7.5,17-26,196,484,0-0,10-15,29,2,0,1,3,0,28,2,4,6
401520216,2023,2,regular,Vanderbilt,SEC,away,20,0,3,44,0,2,2,,,,1,1,25:43,2,1,3,5-42,4.5,24,109,8.1,26-39,314,423,0-3,6-12,21,-11,0,2,2,0,43,2,1,5
401526833,2023,2,regular,Miami (OH),Mid-American,away,41,0,4,77,0,3,11,17,0,1,1,2,30:59,2,1,3,8-70,4.1,35,144,13.7,12-22,302,446,0-0,2-8,17,34,0,3,6,0,33,3,1,7
401526833,2023,2,regular,Massachusetts,FBS Independents,home,28,0,3,63,0,4,4,53,1,2,1,3,29:01,1,1,2,7-82,2.1,30,62,7.0,22-35,244,306,0-1,6-14,18,2,0,1,6,1,26,3,3,3
401523998,2023,2,regular,Arizona State,Pac-12,home,15,1,1,22,0,1,1,,,,1,1,28:43,1,0,1,4-30,3.2,34,110,5.8,16-29,167,277,1-5,6-14,15,,,,6,0,29,3,6,2
401523998,2023,2,regular,Oklahoma State,Big 12,away,27,1,2,,,,9,0,0,1,0,,31:17,0,0,0,9-62,3.6,31,113,6.0,22-32,191,304,0-0,8-16,16,13,0,1,8,0,30,3,2,1
401525829,2023,2,regular,Troy,Sun Belt,away,13,0,1,51,0,2,7,0,0,1,0,3,30:23,1,1,2,3-22,2.5,28,70,5.7,22-38,216,286,1-3,6-17,15,,,,6,0,49,1,2,2
401525829,2023,2,regular,Kansas State,Big 12,home,42,3,3,63,0,3,6,11,0,1,1,0,29:37,1,0,1,5-45,3.9,38,147,7.8,21-32,250,397,0-0,10-15,20,37,0,3,9,0,36,4,2,4
401523999,2023,2,regular,Utah,Pac-12,away,20,2,0,24,0,1,8,9,0,2,0,,36:17,1,0,1,7-59,4.8,47,224,5.9,12-26,153,377,0-1,8-17,20,28,0,2,3,0,34,0,2,3
401523999,2023,2,regular,Baylor,Big 12,home,13,1,0,52,0,3,7,3,0,1,0,,23:43,2,0,2,5-35,4.2,29,121,7.8,12-28,218,339,0-0,3-11,14,,,,6,0,43,3,3,7
401520194,2023,2,regular,Iowa,Big Ten,away,20,1,0,38,0,2,8,30,1,1,0,,26:30,1,0,1,0-0,3.9,29,112,5.6,12-22,123,235,0-0,5-14,9,5,0,2,5,1,33,0,3,7
401520194,2023,2,regular,Iowa State,Big 12,home,13,0,1,,,,7,0,0,1,0,,33:30,1,0,1,2-24,2.8,31,87,4.6,23-44,203,290,1-2,7-18,19,-4,0,3,5,0,25,1,4,3
401524002,2023,2,regular,Oregon,Pac-12,away,38,1,2,37,0,2,12,45,1,3,1,1,32:15,0,0,0,14-124,3.6,31,113,8.2,32-44,359,472,0-1,10-18,21,,,,5,1,42,4,2,2
401524002,2023,2,regular,Texas Tech,Big 12,home,30,1,3,31,0,1,6,,,,0,2,27:45,3,1,4,6-65,5.4,32,174,7.4,24-38,282,456,1-2,7-12,27,33,0,1,5,0,45,1,1,0
401520195,2023,2,regular,Illinois,Big Ten,away,23,2,1,30,0,1,1,0,0,1,1,0,23:21,2,0,2,6-58,5.0,28,139,7.2,19-28,202,341,1-2,4-10,19,,,,5,0,57,2,3,1
401520195,2023,2,regular,Kansas,Big 12,home,34,2,2,41,0,2,10,0,0,2,0,2,36:39,1,1,2,4-34,6.0,44,262,9.6,21-29,277,539,0-1,9-13,27,-2,0,1,9,0,30,6,1,5
401525832,2023,2,regular,Nicholls,Southland,away,6,0,0,56,0,3,6,0,0,1,1,1,35:26,1,1,2,7-45,2.2,39,86,4.9,17-36,177,263,0-2,8-20,15,6,0,1,,,,,,
401525832,2023,2,regular,TCU,Big 12,home,41,1,3,64,0,3,11,0,0,1,1,2,24:34,1,1,2,5-50,3.5,37,129,9.5,28-33,313,442,2-4,4-12,22,68,1,5,,,,,,
401525833,2023,2,regular,Duquesne,NEC,away,17,0,2,,,,5,,,,2,0,30:49,2,0,2,3-35,0.1,28,3,7.2,15-32,231,234,0-1,5-16,10,,,,4,0,35,1,0,4
401525833,2023,2,regular,West Virginia,Big 12,home,56,4,4,,,,8,29,0,2,0,2,29:11,0,2,2,4-30,6.2,49,304,9.8,17-32,315,619,3-5,6-13,30,37,0,4,14,0,23,3,4,3
401525828,2023,2,regular,BYU,Big 12,home,41,2,4,87,0,3,5,0,0,1,1,0,28:41,1,0,1,3-25,2.0,23,46,10.9,22-32,348,394,2-2,3-9,18,0,0,1,4,0,29,0,7,3
401525828,2023,2,regular,Southern Utah,UAC,away,16,1,1,,,,4,0,0,1,0,2,31:19,1,1,2,5-43,3.1,27,84,7.9,17-33,262,346,0-0,8-16,16,-4,0,4,5,0,21,0,9,1
401540220,2023,2,regular,Montana,Big Sky,away,43,4,1,,,,5,0,0,3,1,3,35:29,0,1,1,5-45,4.6,57,262,6.4,13-21,135,397,0-0,6-13,26,47,0,2,,,,,,
401540220,2023,2,regular,Utah Tech,UAC,home,13,0,2,60,0,2,1,,,,1,1,24:31,3,1,4,5-60,4.9,21,103,5.3,21-49,258,361,1-3,5-18,17,,,,,,,,,
401540004,2023,2,regular,Central Connecticut,NEC,home,30,0,1,86,0,3,1,,,,0,2,13:31,0,3,3,3-20,2.6,21,54,10.4,9-14,145,199,0-0,2-8,9,6,0,2,,,,,,
401540004,2023,2,regular,Stonehill,NEC,away,33,1,1,19,0,1,4,,,,3,0,15:36,0,0,0,3-40,4.2,18,75,5.3,10-19,101,176,0-0,3-8,10,,,,,,,,,
401525469,2023,2,regular,Louisville,ACC,home,56,6,2,,,,8,0,0,1,2,3,31:07,2,0,2,7-44,7.8,44,344,10.2,25-34,346,690,3-4,4-11,29,6,0,6,5,0,25,1,6,2
401525469,2023,2,regular,Murray State,MVFC,away,0,0,0,12,0,1,,55,0,2,0,2,28:53,1,2,3,7-65,2.9,32,94,3.3,8-22,72,166,1-1,3-14,8,,,,4,0,45,1,0,3
401540167,2023,2,regular,Prairie View A&M,SWAC,home,16,2,0,,,,4,0,0,1,1,3,38:30,1,2,3,6-37,5.0,60,299,9.0,14-26,234,533,0-0,6-15,27,,,,,,,,,
401540167,2023,2,regular,Abilene Christian,UAC,away,45,0,4,56,0,2,9,0,0,1,2,3,21:30,1,1,2,6-45,3.7,23,86,14.3,12-22,314,400,0-0,5-11,15,47,0,3,,,,,,
401540183,2023,2,regular,Texas College,,away,2,0,0,73,0,5,,,,,1,2,33:22,3,1,4,3-15,2.7,24,65,1.4,12-31,43,108,0-0,3-14,10,,,,,,,,,
401540183,2023,2,regular,Central Arkansas,UAC,home,70,8,2,,,,10,17,0,3,1,0,26:38,0,0,0,6-62,9.9,40,396,9.4,8-11,103,499,1-2,2-4,22,,,,,,,,,
401540201,2023,2,regular,Tarleton State,UAC,home,52,2,4,93,0,2,10,50,1,1,4,1,23:47,1,1,2,11-114,5.3,33,176,13.7,13-22,301,477,0-2,2-10,17,9,0,1,,,,,,
401540201,2023,2,regular,North Alabama,UAC,away,31,4,0,33,0,3,7,0,0,1,1,5,36:13,1,4,5,8-70,5.0,45,223,5.3,36-64,342,565,3-5,12-23,33,0,0,1,,,,,,
401520186,2023,2,regular,California,Pac-12,home,10,1,0,16,0,1,4,0,0,1,3,2,34:48,2,1,3,4-45,2.8,40,113,4.2,21-38,160,273,3-6,4-18,19,0,0,1,5,0,33,3,0,3
401520186,2023,2,regular,Auburn,SEC,away,14,0,2,58,0,3,2,25,0,2,1,3,25:12,1,3,4,7-56,3.6,38,136,5.5,10-17,94,230,0-1,4-12,12,10,0,2,4,0,44,2,3,3
401520199,2023,2,regular,Grambling,SWAC,away,10,0,1,93,0,7,4,,,,0,3,26:49,1,1,2,13-104,5.6,29,163,5.1,15-31,157,320,0-1,3-12,16,,,,2,0,45,1,0,1
401520199,2023,2,regular,LSU,SEC,home,72,5,5,86,0,4,10,0,0,1,1,1,33:11,0,0,0,2-20,6.3,48,302,9.4,24-34,320,622,2-3,11-14,34,22,0,1,5,0,25,1,4,6
401531419,2023,2,regular,Florida Atlantic,American Athletic,home,10,0,0,86,0,5,4,72,1,2,1,2,22:47,2,0,2,5-64,0.3,15,5,4.2,23-43,180,185,0-1,5-15,13,29,0,1,6,1,37,1,0,1
401531419,2023,2,regular,Ohio,Mid-American,away,17,1,1,,,,5,4,0,2,0,2,37:13,2,1,3,1-10,3.4,45,151,7.0,18-29,203,354,0-1,6-15,23,4,0,2,9,0,26,3,3,5
401520184,2023,2,regular,Arkansas,SEC,home,28,1,2,17,0,1,4,25,1,1,0,,32:16,0,0,0,4-34,3.8,45,172,7.2,13-19,136,308,1-2,9-14,19,8,0,1,11,1,21,7,1,2
401520184,2023,2,regular,Kent State,Mid-American,away,6,0,0,,,,6,,,,0,,27:44,1,0,1,5-39,0.7,36,26,10.2,11-17,174,200,0-1,4-12,14,,,,6,0,27,2,0,1
401532399,2023,2,regular,Morgan State,MEAC,away,21,0,3,67,0,4,3,90,0,3,2,0,32:45,2,1,3,5-51,2.0,39,79,4.6,15-33,152,231,2-4,2-16,17,,,,,,,,,
401532399,2023,2,regular,Akron,Mid-American,home,24,0,1,105,0,3,6,114,1,2,1,3,27:04,3,2,5,8-70,0.2,25,4,7.8,25-34,266,270,0-1,4-11,17,29,0,4,,,,,,
401532398,2023,2,regular,Texas Southern,SWAC,away,3,0,0,17,0,3,3,,,,0,1,28:03,1,1,2,11-108,3.5,40,141,4.6,9-21,97,238,0-0,4-12,17,,,,3,0,26,0,0,1
401532398,2023,2,regular,Toledo,Mid-American,home,71,5,5,54,0,2,9,23,0,1,1,1,31:57,0,0,0,4-43,4.1,43,178,11.6,27-32,371,549,0-0,10-12,33,17,0,2,7,0,25,5,1,1
401540125,2023,2,regular,Alcorn State,SWAC,away,10,1,0,39,0,3,4,0,0,2,0,,29:47,0,0,0,8-64,3.9,37,145,4.7,7-18,84,229,0-1,4-13,11,,,,,,,,,
401540125,2023,2,regular,Stephen F. Austin,UAC,home,38,3,1,55,0,4,10,,,,0,,30:13,3,0,3,4-30,6.5,38,248,6.4,18-37,237,485,1-1,8-15,23,1,0,1,,,,,,
401540020,2023,2,regular,Long Island University,NEC,away,10,1,0,15,0,1,4,,,,0,4,26:29,1,3,4,2-20,6.8,33,224,6.1,14-29,178,402,1-2,5-13,16,,,,,,,,,
401540020,2023,2,regular,Bryant,Big South-OVC,home,21,1,2,62,0,3,1,7,0,1,2,1,33:31,0,0,0,4-30,3.6,36,129,8.1,18-34,274,403,1-2,4-14,21,0,0,1,,,,,,
401520218,2023,2,regular,Houston Christian,Southland,away,22,1,2,7,0,1,2,,,,0,5,29:47,1,2,3,9-92,4.4,35,155,7.3,18-29,213,368,0-1,7-12,24,,,,6,0,29,0,0,1
401520218,2023,2,regular,Western Kentucky,Conference USA,home,52,1,5,11,0,1,10,53,1,1,1,1,30:16,0,0,0,4-50,4.6,25,115,8.4,32-38,318,433,1-1,5-10,26,,,,4,1,31,1,3,3
401520207,2023,2,regular,Northwestern,Big Ten,home,38,3,2,18,0,1,8,28,0,3,0,,28:39,0,0,0,4-33,4.7,39,184,10.4,13-20,207,391,0-0,6-11,17,,,,9,0,48,4,2,3
401520207,2023,2,regular,UTEP,Conference USA,away,7,0,1,83,0,4,1,,,,0,,31:21,3,0,3,6-42,3.0,35,104,7.2,19-30,215,319,2-4,3-12,18,5,0,1,5,0,43,2,0,4
401520197,2023,2,regular,Northwestern State,Southland,away,21,2,1,20,0,1,3,-5,0,1,1,1,31:41,3,0,3,9-97,3.6,51,185,5.1,12-27,139,324,0-2,6-17,20,,,,7,0,29,1,3,1
401520197,2023,2,regular,Louisiana Tech,Conference USA,home,51,4,1,,,,15,49,1,3,0,3,28:19,1,1,2,8-80,9.7,38,367,5.0,12-22,111,478,0-0,3-11,22,16,0,4,12,1,31,4,1,3
401520189,2023,2,regular,North Texas,American Athletic,away,39,2,3,148,0,7,9,0,0,2,1,2,32:16,2,1,3,3-35,5.3,47,247,8.6,21-35,301,548,2-4,5-14,26,0,0,1,,,,,,
401520189,2023,2,regular,Florida International,Conference USA,home,46,4,1,17,0,1,8,40,1,2,1,2,27:44,2,1,3,6-55,6.4,35,223,9.1,20-32,291,514,3-3,3-12,21,,,,,,,,,
401520206,2023,2,regular,Missouri,SEC,home,23,1,2,52,0,3,5,,,,0,1,32:00,0,0,0,5-50,2.4,46,112,10.7,14-19,204,316,0-0,7-13,21,15,0,2,12,0,33,4,5,5
401520206,2023,2,regular,Middle Tennessee,Conference USA,away,19,0,2,25,0,1,5,,,,0,,28:00,0,0,0,6-42,2.4,29,71,5.9,22-36,214,285,2-3,9-18,16,,,,7,0,48,4,0,3
401524000,2023,2,regular,UC Davis,Big Sky,away,7,0,1,24,0,2,1,,,,0,2,28:16,1,1,2,4-20,1.6,29,47,4.0,17-30,119,166,1-1,4-14,12,-3,0,2,3,0,29,0,1,0
401524000,2023,2,regular,Oregon State,Pac-12,home,55,3,3,36,0,2,13,0,0,1,1,0,31:44,0,0,0,2-25,7.3,37,269,7.0,17-26,181,450,0-0,5-10,23,106,1,4,12,1,33,3,1,5
401520217,2023,2,regular,Wisconsin,Big Ten,away,22,1,1,31,0,1,10,,,,0,3,29:32,0,3,3,4-30,3.1,29,91,6.9,25-40,277,368,0-1,6-14,20,23,0,2,9,0,40,4,5,4
401520217,2023,2,regular,Washington State,Pac-12,home,31,1,2,33,0,2,7,,,,3,0,30:28,0,0,0,8-52,2.5,34,86,7.3,22-34,247,333,1-1,7-15,19,,,,5,0,38,3,3,5
401525498,2023,2,regular,Virginia,ACC,home,35,3,2,18,0,1,5,,,,0,3,29:08,1,0,1,8-80,0.5,35,18,14.5,20-26,377,395,1-2,4-13,16,1,0,2,6,0,28,1,2,6
401525498,2023,2,regular,James Madison,Sun Belt,away,36,2,2,28,0,2,6,0,0,1,0,,30:52,0,0,0,7-56,4.9,34,167,7.1,21-32,228,395,0-1,6-14,18,26,1,3,10,1,27,4,3,1
401531411,2023,2,regular,East Carolina,American Athletic,home,13,0,1,47,0,2,7,,,,1,0,29:55,2,0,2,11-112,3.8,38,146,4.0,13-31,123,269,2-4,5-17,13,8,0,2,10,0,28,0,0,4
401531411,2023,2,regular,Marshall,Sun Belt,away,31,3,1,32,0,2,7,2,0,2,0,2,30:05,0,1,1,4-39,3.4,38,131,9.0,17-29,261,392,1-3,6-15,21,2,0,1,9,0,35,3,1,2
401524003,2023,2,regular,Stanford,Pac-12,away,10,1,0,57,0,3,4,,,,1,4,32:08,1,2,3,5-40,5.1,41,209,5.6,10-25,140,349,0-1,4-13,20,,,,,,,,,
401524003,2023,2,regular,USC,Pac-12,home,56,4,3,,,,8,39,0,1,2,0,27:52,0,0,0,8-85,6.4,28,180,10.9,30-36,393,573,0-0,4-9,27,97,1,5,,,,,,
401524001,2023,2,regular,San Diego State,Mountain West,home,10,0,1,41,0,2,4,,,,2,0,34:55,3,0,3,4-40,1.9,33,63,5.2,20-38,196,259,0-1,5-17,17,15,0,2,5,0,36,2,3,2
401524001,2023,2,regular,UCLA,Pac-12,away,35,2,3,23,0,1,5,3,0,3,0,2,25:05,0,2,2,7-89,6.5,39,254,10.2,18-29,296,550,1-1,5-11,26,15,0,3,10,0,48,3,3,4
401520205,2023,2,regular,Mississippi State,SEC,home,31,1,3,21,0,1,7,49,0,4,1,1,27:38,0,1,1,9-90,3.7,39,145,9.5,13-17,162,307,1-2,3-11,16,25,0,1,9,0,36,1,3,8
401520205,2023,2,regular,Arizona,Pac-12,away,24,1,2,35,0,2,6,,,,0,1,32:22,4,1,5,5-55,3.6,25,91,7.2,33-47,340,431,2-3,4-13,23,,,,6,0,21,2,0,0
401531395,2023,2,regular,UTSA,American Athletic,home,20,1,1,58,0,3,8,,,,0,1,37:23,0,1,1,1-5,2.9,54,158,5.6,26-38,214,372,2-3,12-22,28,0,0,1,10,0,36,7,3,5
401531395,2023,2,regular,Texas State,Sun Belt,away,13,1,0,119,0,4,7,,,,1,1,22:37,0,0,0,6-40,1.1,29,31,7.0,16-30,211,242,1-2,3-14,13,-3,0,2,11,0,52,5,4,5
401531378,2023,2,regular,UAB,American Athletic,away,35,3,2,17,0,1,3,23,0,1,1,4,27:20,1,2,3,4-45,3.2,29,92,9.0,33-43,385,477,0-2,8-13,23,19,0,1,4,0,44,0,3,2
401531378,2023,2,regular,Georgia Southern,Sun Belt,home,49,3,3,107,0,5,11,9,0,1,2,1,32:40,1,1,2,6-55,4.7,25,118,7.2,39-48,344,462,0-0,10-13,26,7,0,1,9,0,44,1,3,4
401531842,2023,2,regular,Louisiana,Sun Belt,away,31,2,2,167,0,7,7,,,,0,1,37:31,0,0,0,10-70,4.3,40,173,7.9,25-36,285,458,2-3,6-14,24,,,,3,0,21,3,1,2
401531842,2023,2,regular,Old Dominion,Sun Belt,home,38,1,4,128,0,6,8,,,,0,,22:29,0,0,0,3-21,4.1,35,145,13.0,13-19,247,392,0-1,5-9,20,,,,6,0,27,0,2,3
401520187,2023,2,regular,Jacksonville State,Conference USA,away,16,1,0,41,0,2,10,,,,0,2,24:01,0,2,2,7-45,4.1,45,186,7.4,16-28,207,393,0-2,6-15,21,,,,8,0,33,3,1,2
401520187,2023,2,regular,Coastal Carolina,Sun Belt,home,30,2,1,37,0,2,12,,,,1,0,35:59,0,0,0,4-27,2.9,45,131,9.2,21-29,268,399,0-1,8-17,19,,,,12,0,39,3,2,2
401525495,2023,2,regular,North Carolina,ACC,home,40,5,0,,,,10,7,0,1,0,,26:21,0,0,0,5-60,7.1,45,319,6.9,21-30,208,527,0-1,8-13,27,,,,4,0,43,0,9,6
401525495,2023,2,regular,App State,Sun Belt,away,34,2,2,41,0,1,10,,,,0,2,33:39,1,0,1,7-70,5.0,44,219,6.4,22-43,275,494,2-3,8-17,30,,,,6,0,44,2,5,0
401520192,2023,2,regular,UConn,FBS Independents,away,14,0,2,77,0,4,2,,,,1,3,32:32,1,2,3,8-65,1.6,31,50,7.1,23-39,276,326,0-1,10-18,19,7,0,3,9,0,43,1,2,0
401520192,2023,2,regular,Georgia State,Sun Belt,home,35,4,1,20,0,2,5,42,0,1,2,1,27:28,0,1,1,2-23,5.6,45,250,5.5,15-26,144,394,1-2,8-17,18,7,0,1,5,0,43,1,2,2
401531844,2023,2,regular,SE Louisiana,Southland,away,17,1,1,61,0,4,5,0,0,1,0,1,31:51,1,1,2,7-55,2.4,26,62,9.7,25-36,350,412,0-0,5-11,20,,,,2,0,42,0,1,0
401531844,2023,2,regular,South Alabama,Sun Belt,home,35,4,1,25,0,1,5,0,0,1,1,0,28:09,1,0,1,6-80,7.1,35,248,9.7,20-27,261,509,3-3,6-12,23,,,,7,0,40,2,2,1
401531427,2023,2,regular,Memphis,American Athletic,away,37,2,2,25,0,2,7,36,1,2,2,0,35:28,0,0,0,3-40,3.7,41,150,8.2,21-29,239,389,3-3,5-16,18,-1,0,1,9,1,42,3,1,7
401531427,2023,2,regular,Arkansas State,Sun Belt,home,3,0,0,76,0,4,3,,,,0,2,24:28,2,2,4,3-40,2.1,30,64,4.0,22-41,166,230,1-3,3-14,18,18,0,2,8,0,41,2,1,1
401531843,2023,2,regular,Lamar,Southland,away,14,1,1,48,0,2,2,,,,0,1,33:58,2,0,2,2-15,3.4,36,121,7.3,19-26,190,311,1-2,7-15,17,,,,3,0,16,1,3,0
401531843,2023,2,regular,UL Monroe,Sun Belt,home,24,2,0,35,0,2,6,28,0,2,0,,26:02,0,0,0,3-30,7.1,40,285,4.5,12-22,99,384,1-1,6-14,19,21,1,2,7,1,14,4,1,2
401525493,2023,2,regular,Florida State,ACC,home,66,4,4,66,0,3,12,30,1,1,0,,32:33,0,0,0,3-45,8.3,37,306,7.8,18-32,248,554,4-5,4-12,26,21,0,3,2,0,2,2,0,5
401525493,2023,2,regular,Southern Miss,Sun Belt,away,13,1,0,82,0,4,7,,,,0,,27:19,1,0,1,13-90,3.7,28,104,4.5,11-34,154,258,0-1,3-13,18,,,,1,0,2,2,0,7
401520183,2023,2,regular,Texas,Big 12,away,34,1,3,22,0,1,10,48,0,2,0,2,32:31,0,0,0,4-40,2.8,37,105,9.2,24-38,349,454,2-3,7-18,23,,,,9,0,36,5,4,1
401520183,2023,2,regular,Alabama,SEC,home,24,0,2,18,0,1,10,,,,0,,27:29,2,0,2,10-90,3.1,35,107,9.4,14-27,255,362,1-1,5-14,18,-6,0,1,2,0,35,0,3,5
401520214,2023,2,regular,Tulane,American Athletic,home,20,1,1,18,0,3,8,2,0,1,0,2,34:45,1,1,2,2-10,2.5,45,111,6.2,15-37,231,342,2-5,9-22,18,47,0,3,8,0,43,4,3,3
401520214,2023,2,regular,Ole Miss,SEC,away,37,1,2,41,0,2,13,44,0,1,1,0,25:15,1,0,1,5-51,2.5,35,89,9.8,18-28,274,363,3-3,1-13,18,3,0,1,6,0,54,4,3,6
401525497,2023,2,regular,Syracuse,ACC,home,48,4,1,41,0,2,12,84,1,1,0,1,29:03,0,0,0,9-72,4.1,37,153,8.8,24-39,343,496,0-0,8-15,26,28,0,4,6,1,39,4,3,5
401525497,2023,2,regular,Western Michigan,Mid-American,away,7,1,0,,,,1,,,,0,,30:57,1,0,1,9-99,3.7,26,97,4.7,28-47,221,318,1-5,5-17,15,0,0,1,6,0,40,2,1,2
401520204,2023,2,regular,Minnesota,Big Ten,home,25,2,0,58,0,3,11,19,0,1,0,2,39:34,1,1,2,2-17,5.3,56,296,7.8,10-15,117,413,0-1,8-13,28,30,0,3,5,0,24,4,2,3
401520204,2023,2,regular,Eastern Michigan,Mid-American,away,6,0,0,,,,6,0,0,1,1,1,20:26,1,0,1,8-75,3.7,22,81,3.6,9-20,71,152,0-0,3-10,9,,,,4,0,52,1,0,2
401532396,2023,2,regular,New Hampshire,Coastal Athletic,away,42,2,4,28,0,1,6,6,0,2,0,1,28:11,1,1,2,8-73,3.2,14,45,9.5,32-52,493,538,1-2,6-14,24,18,0,1,8,0,33,3,4,2
401532396,2023,2,regular,Central Michigan,Mid-American,home,45,3,2,157,1,4,9,0,0,1,1,1,31:49,2,0,2,8-66,4.5,52,236,10.2,8-20,204,440,3-3,5-15,19,18,0,2,3,1,37,1,3,5
401532397,2023,2,regular,Southern Illinois,MVFC,away,14,2,0,20,0,1,2,-4,0,3,0,,24:01,0,0,0,6-39,2.7,26,71,6.2,16-24,148,219,0-0,1-11,11,,,,11,0,39,4,0,4
401532397,2023,2,regular,Northern Illinois,Mid-American,home,11,0,1,12,0,1,3,,,,0,,35:59,3,0,3,7-70,1.9,34,63,7.8,23-38,297,360,0-1,8-16,18,37,0,2,5,0,32,5,3,2
401540047,2023,2,regular,VMI,Southern,away,13,0,2,101,0,4,1,,,,1,1,30:09,0,0,0,6-70,1.9,40,75,7.3,20-30,220,295,0-0,5-15,20,46,0,4,,,,,,
401540047,2023,2,regular,Bucknell,Patriot,home,21,1,2,39,0,3,3,,,,0,1,29:51,0,1,1,8-85,3.8,46,173,7.5,19-30,224,397,0-0,6-14,21,26,0,4,,,,,,
401540605,2023,2,regular,Villanova,Coastal Athletic,home,42,4,2,40,0,4,6,0,0,1,1,2,31:38,0,1,1,6-51,3.7,41,152,28.2,8-11,310,462,1-1,6-11,15,-1,0,1,,,,,,
401540605,2023,2,regular,Colgate,Patriot,away,19,1,1,72,0,4,7,,,,1,0,28:22,1,0,1,7-42,1.1,31,33,7.5,16-30,225,258,0-0,5-15,15,25,0,3,,,,,,
401532401,2023,2,regular,Buffalo,Mid-American,home,37,2,3,86,0,3,5,,,,0,2,25:46,0,1,1,8-56,3.2,30,97,8.8,24-30,265,362,2-3,5-11,23,8,0,2,9,0,44,2,2,8
401532401,2023,2,regular,Fordham,Patriot,away,40,0,5,50,0,3,10,,,,1,0,34:14,0,0,0,9-63,3.5,43,150,8.6,23-36,309,459,2-2,11-19,27,,,,4,0,38,1,1,2
401525490,2023,2,regular,Boston College,ACC,home,31,2,2,29,0,2,7,,,,1,3,31:29,0,0,0,10-109,4.5,45,202,8.7,17-23,201,403,2-2,7-13,24,14,0,2,3,0,34,1,0,1
401525490,2023,2,regular,Holy Cross,Patriot,away,28,4,0,15,0,1,4,,,,0,2,28:31,0,1,1,11-99,6.8,39,264,8.7,10-15,130,394,2-2,4-9,21,,,,1,0,42,0,2,2
401525492,2023,2,regular,Duke,ACC,home,42,4,2,2,0,1,6,0,0,2,0,1,32:41,0,1,1,4-25,5.8,45,261,12.1,20-21,254,515,2-3,5-8,28,2,0,1,6,0,26,2,1,3
401525492,2023,2,regular,Lafayette,Patriot,away,7,0,1,0,0,1,1,,,,1,0,27:19,2,0,2,6-74,3.8,33,126,4.8,9-18,87,213,1-2,4-11,14,,,,3,0,30,0,0,0
401540079,2023,2,regular,Merrimack,NEC,home,12,1,0,88,0,3,6,34,0,2,0,2,32:23,0,1,1,6-60,4.3,43,186,3.3,10-27,90,276,1-3,1-14,15,30,0,3,,,,,,
401540079,2023,2,regular,Lehigh,Patriot,away,14,0,2,33,0,2,2,,,,1,1,27:37,2,0,2,7-55,2.9,24,69,6.3,20-41,260,329,1-1,2-14,17,-1,0,2,,,,,,
401541636,2023,2,regular,Taylor,,away,13,0,2,93,0,6,1,,,,0,1,32:18,0,1,1,2-20,3.6,43,156,8.5,11-20,169,325,2-5,4-15,13,-6,0,1,,,,,,
401541636,2023,2,regular,Butler,Pioneer,home,41,3,1,17,0,1,11,,,,1,1,27:42,0,0,0,6-44,7.3,35,254,8.0,14-23,185,439,3-3,3-13,16,9,0,3,,,,,,
401520209,2023,2,regular,Penn State,Big Ten,home,63,6,2,26,0,1,9,26,1,1,1,1,42:22,0,0,0,7-55,5.3,60,315,7.3,25-31,226,541,3-3,8-14,34,30,0,5,7,1,21,4,7,1
401520209,2023,2,regular,Delaware,CAA,away,7,1,0,19,0,2,1,,,,0,2,17:38,1,1,2,5-33,3.4,24,82,3.4,6-17,58,140,0-0,2-11,5,,,,3,0,60,0,2,1
401524004,2023,2,regular,Tulsa,American Athletic,away,10,0,1,13,0,1,4,0,0,1,1,0,30:04,1,0,1,7-65,4.2,40,168,4.7,18-32,150,318,2-4,7-17,22,,,,3,0,27,0,0,2
401524004,2023,2,regular,Washington,Pac-12,home,43,3,3,25,0,2,5,0,0,1,0,1,29:56,1,1,2,7-93,5.0,22,109,11.4,30-40,454,563,1-1,5-7,30,6,0,1,4,0,48,2,0,5
401520188,2023,2,regular,Nebraska,Big Ten,away,14,1,1,23,0,1,2,,,,1,4,29:41,1,3,4,6-40,5.4,41,222,5.4,11-22,119,341,0-2,4-13,15,,,,11,0,57,8,4,2
401520188,2023,2,regular,Colorado,Pac-12,home,36,2,2,,,,12,4,0,1,3,1,30:19,0,1,1,9-80,1.8,33,58,9.0,32-44,396,454,0-1,9-18,23,11,0,2,6,0,39,2,3,3
401532578,2023,2,regular,San José State,Mountain West,home,59,5,2,,,,11,0,0,1,2,0,35:30,0,0,0,6-55,6.2,43,267,8.9,15-23,205,472,1-2,5-11,24,75,1,1,8,1,35,2,5,2
401532578,2023,2,regular,Cal Poly,Big Sky,away,3,0,0,33,0,3,3,,,,0,2,24:30,1,2,3,5-50,2.9,33,95,3.1,13-24,74,169,2-4,2-14,11,-1,0,1,6,0,31,1,0,1
401525496,2023,2,regular,Pittsburgh,ACC,home,21,0,3,28,0,2,3,2,0,1,0,2,25:07,0,1,1,5-35,2.9,29,83,5.6,10-32,179,262,2-3,5-14,18,8,0,2,6,0,34,2,8,1
401525496,2023,2,regular,Cincinnati,Big 12,away,27,1,2,15,0,1,9,,,,1,0,34:43,1,0,1,7-90,5.1,42,216,5.7,19-27,155,371,2-2,6-16,20,5,0,2,8,0,26,5,6,8
401525831,2023,2,regular,Rice,American Athletic,home,43,3,3,69,0,4,5,0,0,1,0,1,31:50,1,1,2,4-38,2.2,31,69,9.5,28-42,401,470,1-1,8-14,24,0,0,1,,,,,,
401525831,2023,2,regular,Houston,Big 12,away,41,4,2,37,0,3,5,0,0,1,1,0,28:10,1,0,1,6-44,4.8,38,183,6.0,24-43,260,443,2-4,9-17,27,24,0,2,,,,,,
401525827,2023,2,regular,Boise State,Mountain West,home,16,0,2,28,0,1,4,0,0,2,0,,31:57,1,0,1,4-39,4.4,39,173,7.8,14-27,211,384,1-1,6-14,22,7,0,1,,,,,,
401525827,2023,2,regular,UCF,Big 12,away,18,1,0,50,0,2,12,1,0,1,0,,28:03,2,0,2,4-25,6.3,41,258,11.3,16-24,272,530,0-1,4-10,23,5,0,1,,,,,,
401540346,2023,2,regular,UT Martin,Big South-OVC,home,38,3,2,20,0,2,8,5,0,1,1,0,26:03,0,0,0,5-35,9.9,41,405,3.2,14-33,107,512,0-1,7-14,24,-4,0,2,,,,,,
401540346,2023,2,regular,Missouri State,MVFC,away,31,1,3,45,0,3,7,,,,0,1,33:57,1,1,2,2-20,3.1,36,111,8.4,27-48,402,513,3-3,10-21,26,15,0,3,,,,,,
401540383,2023,2,regular,Maine,Coastal Athletic,away,7,1,0,24,0,1,1,,,,0,1,24:51,3,1,4,6-46,4.2,25,106,4.0,18-29,117,223,0-2,3-11,13,,,,,,,,,
401540383,2023,2,regular,North Dakota State,MVFC,home,44,5,0,,,,14,26,0,2,1,0,35:09,0,0,0,9-90,5.6,47,264,8.0,17-24,192,456,1-3,7-15,24,,,,,,,,,
401540033,2023,2,regular,Robert Morris,Big South,home,31,0,4,36,0,1,7,15,0,2,1,2,35:46,0,1,1,7-44,2.7,40,107,10.9,22-28,306,413,2-3,6-15,22,-3,0,2,,,,,,
401540033,2023,2,regular,Saint Francis,NEC,away,21,2,1,96,0,4,3,,,,1,1,24:14,2,1,3,5-45,3.1,22,68,7.2,19-26,187,255,1-2,2-8,12,16,0,1,,,,,,
401532400,2023,2,regular,Eastern Illinois,Big South-OVC,away,15,0,2,77,0,6,3,,,,0,,29:48,1,0,1,7-51,2.9,26,75,7.6,21-33,250,325,3-5,1-10,20,,,,4,0,34,0,0,2
401532400,2023,2,regular,Bowling Green,Mid-American,home,38,2,3,43,0,2,8,0,0,1,0,,30:12,0,0,0,6-60,4.1,34,141,12.3,25-30,368,509,1-1,4-9,26,10,0,3,9,0,27,5,5,5
401520201,2023,2,regular,Miami,ACC,home,48,0,5,110,1,3,12,30,0,2,1,2,27:43,0,1,1,10-115,3.2,24,77,12.5,21-30,374,451,0-0,3-9,16,2,0,1,5,1,40,0,4,2
401520201,2023,2,regular,Texas A&M,SEC,away,33,2,2,68,0,4,9,,,,1,1,32:17,2,1,3,7-55,3.3,29,97,6.3,31-53,336,433,2-3,8-18,25,2,0,1,6,0,33,2,0,4
401520208,2023,2,regular,Youngstown State,MVFC,away,7,1,0,41,0,3,1,,,,0,2,34:00,1,0,1,9-76,3.0,33,99,5.2,17-26,135,234,0-1,7-15,12,-9,0,2,4,0,36,2,0,4
401520208,2023,2,regular,Ohio State,Big Ten,home,35,2,3,40,0,2,5,0,0,1,0,1,26:00,0,0,0,6-65,4.6,27,123,10.9,21-33,359,482,2-3,5-12,23,3,0,2,3,0,36,2,0,2
401520203,2023,2,regular,Richmond,Coastal Athletic,away,14,0,1,,,,2,,,,2,1,29:49,0,1,1,3-25,2.6,29,75,4.7,18-25,118,193,1-2,1-12,11,0,0,1,6,0,32,0,1,2
401520203,2023,2,regular,Michigan State,Big Ten,home,45,3,3,45,0,2,9,,,,1,2,30:11,0,2,2,5-45,4.3,38,162,13.2,19-23,303,465,0-0,5-9,21,10,0,1,13,0,22,7,3,4
401520200,2023,2,regular,Charlotte,American Athletic,away,20,1,1,24,0,1,2,16,1,2,0,1,30:17,1,1,2,6-40,3.7,34,125,9.5,13-20,189,314,1-1,2-10,16,5,0,1,4,1,43,0,0,1
401520200,2023,2,regular,Maryland,Big Ten,home,38,3,1,8,0,2,12,19,0,1,1,2,29:43,2,0,2,4-50,6.9,35,243,8.0,25-36,287,530,1-1,7-15,25,13,0,3,6,0,37,3,0,2
401520210,2023,2,regular,Temple,American Athletic,away,7,0,1,,,,1,,,,1,2,25:01,2,0,2,7-51,2.8,24,68,4.9,20-47,230,298,2-4,5-16,20,,,,7,0,24,1,1,5
401520210,2023,2,regular,Rutgers,Big Ten,home,36,3,1,,,,12,39,0,2,0,1,34:59,0,1,1,5-56,4.9,52,254,9.4,10-21,198,452,0-0,8-15,20,,,,2,0,16,1,6,13
401520202,2023,2,regular,UNLV,Mountain West,away,7,1,0,,,,1,11,0,1,0,1,28:54,0,0,0,3-35,2.0,31,61,6.5,15-26,168,229,0-3,3-12,15,24,0,2,1,0,47,0,0,2
401520202,2023,2,regular,Michigan,Big Ten,home,35,3,2,54,0,2,5,,,,0,,31:06,1,0,1,4-30,5.4,33,179,11.2,23-28,313,492,0-1,7-12,23,24,0,2,10,0,29,5,1,3
401520193,2023,2,regular,Indiana State,MVFC,away,7,0,0,17,0,1,1,,,,1,0,23:11,1,0,1,8-65,2.3,32,72,1.9,3-11,21,93,0-1,2-11,8,0,0,1,3,0,46,1,0,1
401520193,2023,2,regular,Indiana,Big Ten,home,41,5,0,39,0,2,11,0,0,1,0,2,36:49,0,1,1,7-60,5.1,42,214,9.3,27-37,344,558,0-0,12-16,33,-17,0,2,7,0,26,4,2,1
401540100,2023,2,regular,Western Illinois,MVFC,home,18,1,1,49,0,2,6,,,,3,2,30:55,0,0,0,5-42,-0.2,29,-5,5.0,22-40,199,194,0-1,9-19,17,53,0,2,,,,,,
401540100,2023,2,regular,Illinois State,MVFC,away,34,4,1,6,0,2,4,,,,1,3,29:05,0,2,2,6-72,6.7,41,276,7.1,18-26,185,461,2-2,6-14,24,1,0,1,,,,,,
401540310,2023,2,regular,Weber State,Big Sky,away,34,3,1,78,0,3,10,22,0,3,3,0,30:09,1,0,1,9-90,4.9,43,211,7.8,11-23,179,390,2-2,5-15,15,27,0,2,,,,,,
401540310,2023,2,regular,Northern Iowa,MVFC,home,17,1,1,75,0,4,5,0,0,1,0,4,29:51,3,3,6,6-58,1.6,28,46,7.6,23-41,312,358,0-0,6-15,21,-2,0,1,,,,,,
401540028,2023,2,regular,Georgetown,Patriot,home,27,2,1,,,,9,0,0,1,0,1,26:10,0,1,1,5-40,6.8,40,272,6.7,12-22,148,420,0-0,2-9,20,26,0,2,,,,,,
401540028,2023,2,regular,Sacred Heart,NEC,away,10,1,0,49,0,2,4,,,,1,1,15:31,1,0,1,3-20,5.3,26,137,2.4,4-14,33,170,1-1,1-10,8,3,0,1,,,,,,
401531432,2023,2,regular,Navy,American Athletic,home,24,2,1,,,,6,0,0,1,1,1,27:51,0,0,0,4-35,5.6,44,245,9.1,11-18,163,408,0-1,4-13,18,38,0,1,5,0,25,1,5,4
401531432,2023,2,regular,Wagner,NEC,away,0,0,0,17,0,1,,,,,0,1,32:09,1,1,2,9-65,2.6,32,84,4.1,18-35,143,227,1-2,6-17,12,,,,2,0,31,0,0,1
401520185,2023,2,regular,Army,FBS Independents,home,57,5,3,48,0,1,7,,,,2,1,28:21,0,1,1,4-50,6.7,43,287,15.9,11-15,238,525,4-4,2-7,23,49,0,2,10,0,43,3,3,0
401520185,2023,2,regular,Delaware State,MEAC,away,0,0,0,46,0,3,0,,,,1,3,31:39,0,2,2,6-45,0.7,34,24,5.7,20-34,195,219,0-2,6-16,16,,,,2,0,36,0,0,0
401539987,2023,2,regular,Hampton,Coastal Athletic,home,23,1,2,33,0,2,5,0,0,1,1,2,25:13,2,2,4,5-37,7.5,30,224,8.1,14-26,211,435,0-0,2-10,19,,,,,,,,,
401539987,2023,2,regular,Norfolk State,MEAC,away,31,1,3,69,0,3,7,14,0,2,2,0,34:47,1,1,2,7-65,3.4,41,141,10.0,15-20,199,340,0-2,5-15,12,,,,,,,,,
401539994,2023,2,regular,North Carolina A&T,Coastal Athletic,home,16,1,0,119,0,5,4,,,,0,1,24:00,0,1,1,8-85,5.2,30,156,3.2,7-16,51,207,0-1,2-10,12,,,,,,,,,
401539994,2023,2,regular,North Carolina Central,MEAC,away,30,4,0,49,0,3,6,,,,1,0,36:00,0,0,0,4-30,5.5,40,218,5.5,15-23,127,345,0-0,7-14,20,-4,0,1,,,,,,
401525494,2023,2,regular,Georgia Tech,ACC,home,48,2,4,55,0,2,12,12,0,1,1,1,28:27,1,1,2,3-45,8.1,33,268,9.1,24-34,310,578,1-1,6-10,28,60,0,4,4,0,23,0,0,2
401525494,2023,2,regular,South Carolina State,MEAC,away,13,2,0,,,,1,0,0,1,1,2,31:33,1,1,2,6-29,4.7,42,196,5.0,10-19,95,291,0-1,7-15,14,,,,7,0,39,0,0,4
401540272,2023,2,regular,Northern Arizona,Big Sky,away,22,1,2,113,0,6,4,,,,0,1,25:33,0,1,1,11-74,5.2,33,171,8.1,21-34,274,445,1-2,7-13,23,1,0,1,,,,,,
401540272,2023,2,regular,North Dakota,MVFC,home,37,4,1,38,0,3,3,,,,2,2,34:27,0,0,0,3-15,4.1,37,150,9.6,22-31,298,448,3-3,6-11,27,2,0,2,,,,,,
401540441,2023,2,regular,St. Thomas (MN),Pioneer,away,0,0,0,13,0,1,,,,,0,3,31:20,0,2,2,3-25,1.0,33,33,6.0,15-22,133,166,0-1,5-13,14,2,0,2,,,,,,
401540441,2023,2,regular,South Dakota,MVFC,home,24,1,2,16,0,1,6,,,,2,0,28:40,0,0,0,6-60,3.5,30,106,7.0,16-29,203,309,0-1,5-12,18,27,0,2,,,,,,
401540266,2023,2,regular,Montana State,Big Sky,away,16,1,0,77,0,2,10,,,,1,0,35:23,1,0,1,12-80,4.4,48,211,5.8,9-15,87,298,1-1,4-11,17,15,0,1,,,,,,
401540266,2023,2,regular,South Dakota State,MVFC,home,20,1,2,,,,2,0,0,1,0,1,24:37,0,1,1,7-75,5.4,29,157,8.4,13-22,184,341,0-0,5-9,20,,,,,,,,,
401520198,2023,2,regular,New Mexico State,Conference USA,away,17,1,1,27,0,2,5,,,,1,2,22:06,2,1,3,6-48,7.1,24,170,6.5,14-26,169,339,0-1,6-10,16,6,0,1,4,0,34,0,2,1
401520198,2023,2,regular,Liberty,Conference USA,home,33,2,2,30,0,1,9,0,0,2,1,1,37:54,0,1,1,7-82,4.8,52,250,11.0,15-25,276,526,0-0,9-14,26,,,,3,0,21,2,2,3
401520211,2023,2,regular,Air Force,Mountain West,away,13,1,0,19,0,1,7,,,,0,3,36:38,0,1,1,2-20,4.1,59,244,4.7,1-3,14,258,0-1,5-13,18,,,,6,0,34,4,1,1
401520211,2023,2,regular,Sam Houston,Conference USA,home,3,0,0,33,0,3,3,,,,1,0,23:22,0,0,0,2-25,1.2,30,36,3.1,8-14,44,80,1-1,3-13,6,,,,4,0,48,2,0,0
401540286,2023,2,regular,Sacramento State,Big Sky,home,34,3,1,76,0,2,10,0,0,1,0,,29:03,1,0,1,3-25,6.8,42,285,7.4,17-26,192,477,1-2,4-10,27,19,0,3,,,,,,
401540286,2023,2,regular,East Texas A&M,Southland,away,6,1,0,57,0,3,,61,0,1,0,1,25:30,1,0,1,3-25,4.9,28,136,2.5,12-25,63,199,1-2,2-12,11,,,,,,,,,
401540528,2023,2,regular,Morehead State,Pioneer,away,22,0,2,58,0,3,10,,,,0,,34:26,1,0,1,4-40,3.0,36,109,7.0,15-28,196,305,1-2,5-13,20,,,,,,,,,
401540528,2023,2,regular,Mercer,Southern,home,48,4,1,,,,10,,,,0,,22:27,0,0,0,10-103,6.9,27,186,14.1,13-19,268,454,0-0,4-9,18,,,,,,,,,
401540279,2023,2,regular,Northern Colorado,Big Sky,home,7,0,1,22,0,1,1,4,0,1,1,1,28:57,1,1,2,7-65,2.5,37,93,5.3,15-32,168,261,2-3,2-18,14,20,0,2,,,,,,
401540279,2023,2,regular,Incarnate Word,Southland,away,42,3,3,,,,6,0,0,1,1,2,31:03,1,1,2,9-94,5.6,42,235,9.6,29-40,382,617,1-2,7-15,29,20,0,4,,,,,,
401540625,2023,2,regular,Western Carolina,Southern,home,30,1,2,21,0,1,12,,,,1,0,41:09,0,0,0,4-35,5.8,49,284,7.5,29-35,262,546,1-2,7-13,34,0,0,1,,,,,,
401540625,2023,2,regular,Samford,Southern,away,7,0,1,79,0,6,1,,,,0,2,18:51,0,1,1,4-55,2.0,23,46,9.3,21-34,315,361,0-3,6-13,15,,,,,,,,,
401520215,2023,2,regular,Virginia Tech,ACC,home,17,0,2,79,0,3,5,,,,0,1,21:59,2,0,2,3-25,0.5,22,11,6.9,18-40,275,286,1-2,2-12,19,1,0,1,8,0,44,2,2,4
401520215,2023,2,regular,Purdue,Big Ten,away,24,3,0,,,,6,5,0,2,0,,38:01,0,0,0,7-48,3.9,46,179,7.3,23-34,248,427,0-1,7-17,22,28,0,4,9,0,36,3,8,2
401525830,2023,2,regular,SMU,American Athletic,away,11,0,1,6,0,1,3,,,,0,2,32:20,1,1,2,2-15,3.4,34,117,5.6,26-45,250,367,2-4,4-16,21,-5,0,2,,,,,,
401525830,2023,2,regular,Oklahoma,Big 12,home,28,0,4,29,0,1,4,5,0,1,1,0,27:40,0,0,0,9-88,4.0,47,189,6.5,19-27,176,365,2-3,7-15,22,7,0,1,,,,,,
401540581,2023,2,regular,Chattanooga,Southern,home,27,0,3,12,0,1,9,,,,0,3,32:00,1,1,2,6-55,4.0,31,123,9.9,23-28,276,399,0-0,5-10,23,8,0,2,,,,,,
401540581,2023,2,regular,Kennesaw State,FCS Independents,away,20,1,1,41,0,2,8,17,0,1,1,1,28:00,0,0,0,7-64,2.9,35,102,11.3,12-16,181,283,1-2,3-12,12,63,0,2,,,,,,
401525436,2023,2,regular,NC State,ACC,home,24,1,2,52,0,2,6,,,,1,3,27:07,3,0,3,8-54,2.8,30,84,5.4,22-48,260,344,0-1,8-19,20,41,0,4,5,0,20,4,3,0
401525436,2023,2,regular,Notre Dame,FBS Independents,away,45,2,4,45,0,2,9,0,0,3,0,2,32:53,0,1,1,10-82,4.6,37,170,11.9,15-24,286,456,0-0,5-14,16,,,,3,0,33,1,6,8
401531422,2023,2,regular,Florida A&M,SWAC,away,24,2,1,45,0,3,6,,,,0,2,31:47,3,2,5,12-115,0.7,29,19,8.7,24-43,374,393,1-2,4-11,25,,,,13,0,53,6,1,1
401531422,2023,2,regular,South Florida,American Athletic,home,38,2,3,30,0,2,8,29,0,3,2,0,28:22,0,0,0,14-114,2.5,44,108,6.3,22-37,234,342,2-4,8-19,24,4,0,2,12,0,37,4,3,2
401525491,2023,2,regular,Charleston Southern,Big South-OVC,away,17,1,0,,,,5,67,1,1,1,0,24:39,1,0,1,2-20,0.4,30,12,3.8,6-16,61,73,0-0,3-14,4,6,0,1,4,1,61,1,0,3
401525491,2023,2,regular,Clemson,ACC,home,66,3,5,17,0,2,12,35,1,1,0,1,35:21,1,1,2,4-30,6.5,42,274,9.0,36-45,405,679,2-3,6-12,36,29,0,2,10,1,29,2,5,3
401532575,2023,2,regular,UAlbany,Coastal Athletic,away,20,1,0,18,0,1,8,35,1,3,0,1,26:49,1,1,2,6-70,3.4,36,124,3.6,11-32,115,239,0-2,7-18,15,0,0,1,7,1,53,5,2,3
401532575,2023,2,regular,Hawai'i,Mountain West,home,31,0,4,48,0,3,7,14,0,1,1,0,33:11,3,0,3,11-100,3.1,37,113,6.7,23-40,266,379,2-4,7-17,19,36,0,4,9,0,45,4,0,5
401532577,2023,2,regular,Tennessee Tech,Big South-OVC,away,10,0,1,14,0,1,4,53,0,2,0,2,31:04,0,2,2,12-93,3.2,33,107,4.9,20-37,182,289,0-2,10-18,20,,,,5,0,26,0,2,2
401532577,2023,2,regular,New Mexico,Mountain West,home,56,4,4,13,0,1,8,,,,2,0,28:56,2,0,2,11-95,8.2,36,296,14.6,15-20,291,587,0-0,6-9,24,0,0,1,4,0,36,1,3,8
401532574,2023,2,regular,Eastern Washington,Big Sky,away,31,2,2,9,0,1,7,17,0,1,0,1,30:57,1,1,2,5-56,3.5,38,133,5.1,27-46,233,366,3-5,7-18,22,,,,7,0,41,3,1,4
401532574,2023,2,regular,Fresno State,Mountain West,home,34,2,2,58,0,2,10,0,0,1,1,0,29:03,1,0,1,7-52,3.9,34,131,6.0,23-39,233,364,1-1,4-15,21,6,0,1,7,0,47,1,8,2
401532579,2023,2,regular,Idaho State,Big Sky,away,28,1,3,59,0,3,4,,,,0,2,33:27,2,1,3,0-0,3.4,30,101,6.1,34-53,323,424,1-2,7-16,28,,,,5,0,36,1,1,1
401532579,2023,2,regular,Utah State,Mountain West,home,78,5,4,70,0,3,12,122,2,2,1,1,26:33,0,0,0,4-35,9.3,41,380,7.5,22-28,211,591,2-2,5-10,23,16,0,3,8,2,33,2,3,8
401532580,2023,2,regular,Portland State,Big Sky,away,17,1,1,,,,5,22,0,1,1,1,32:18,1,1,2,2-15,2.3,40,90,6.5,23-39,254,344,1-2,11-20,20,,,,,,,,,
401532580,2023,2,regular,Wyoming,Mountain West,home,31,1,3,,,,7,10,0,1,1,1,27:42,1,1,2,3-24,4.4,39,170,12.6,11-16,201,371,0-0,4-8,19,1,0,3,,,,,,
401540312,2023,2,regular,The Citadel,Southern,home,7,0,1,63,0,3,1,,,,0,1,31:25,0,1,1,7-68,4.0,37,148,8.8,14-21,184,332,1-4,4-13,15,,,,,,,,,
401540312,2023,2,regular,Campbell,Coastal Athletic,away,56,5,3,,,,8,,,,1,0,28:35,0,0,0,8-70,6.6,40,263,10.5,25-33,348,611,2-2,5-9,32,10,0,1,,,,,,
401540513,2023,2,regular,Northwestern (IA),,away,27,2,1,48,0,2,7,0,0,1,1,1,31:55,0,0,0,6-36,5.2,28,145,6.4,25-35,224,369,1-1,5-13,27,2,0,1,,,,,,
401540513,2023,2,regular,Drake,Pioneer,home,24,1,2,59,0,4,6,,,,0,,28:05,1,0,1,14-153,3.7,27,100,7.9,24-32,253,353,0-0,6-12,21,13,0,1,,,,,,
401540410,2023,2,regular,Gardner-Webb,Big South-OVC,home,34,2,2,47,0,3,10,2,0,1,0,2,29:22,0,2,2,4-30,4.2,33,139,6.1,32-49,298,437,2-2,9-18,25,17,0,2,,,,,,
401540410,2023,2,regular,Elon,Coastal Athletic,away,27,0,3,67,0,4,9,,,,2,0,30:38,1,0,1,3-25,3.6,35,127,6.5,18-31,202,329,2-3,4-15,17,18,0,3,,,,,,
401540494,2023,2,regular,Southeast Missouri State,Big South-OVC,home,45,2,3,10,0,1,9,94,1,3,0,1,34:49,0,0,0,6-75,5.7,39,221,7.4,29-37,274,495,2-2,6-13,25,17,0,2,,,,,,
401540494,2023,2,regular,Lindenwood,Big South-OVC,away,7,1,0,101,0,5,1,,,,0,,25:11,3,0,3,2-30,4.6,28,129,3.1,17-39,122,251,1-3,4-15,17,,,,,,,,,
401540503,2023,2,regular,Towson,Coastal Athletic,home,23,0,1,30,0,1,4,,,,1,0,10:44,0,0,0,4-33,4.5,14,63,9.7,6-12,116,179,0-0,0-5,6,,,,,,,,,
401540503,2023,2,regular,Monmouth,Coastal Athletic,away,42,2,1,15,0,2,3,,,,0,1,23:32,0,1,1,3-25,4.8,29,138,7.9,16-23,182,320,3-4,3-8,17,,,,,,,,,
401540553,2023,2,regular,Virginia Lynchburg,,away,17,0,1,134,0,7,5,,,,1,0,23:27,1,0,1,12-88,-0.3,23,-8,6.9,12-26,180,172,0-0,3-13,8,38,1,2,,,,,,
401540553,2023,2,regular,Presbyterian,Pioneer,home,48,1,4,58,0,4,12,32,1,1,0,1,36:33,0,1,1,8-60,4.7,48,227,11.8,18-26,307,534,2-2,5-12,26,49,0,2,,,,,,
401540548,2023,2,regular,Stony Brook,Coastal Athletic,away,14,1,1,56,0,3,2,,,,1,2,30:47,1,1,2,8-80,3.5,31,109,4.6,17-30,139,248,1-1,2-12,16,,,,,,,,,
401540548,2023,2,regular,Rhode Island,Coastal Athletic,home,35,2,2,,,,5,0,0,1,1,0,29:13,0,0,0,9-95,0.9,125,115,11.5,17-26,299,414,1-1,4-12,18,15,0,4,,,,,,
401540566,2023,2,regular,Webber International,,away,28,2,1,190,1,6,2,13,0,1,1,2,28:52,1,2,3,6-50,4.5,36,162,5.4,9-21,113,275,0-1,5-12,15,18,0,3,,,,,,
401540566,2023,2,regular,Stetson,Pioneer,home,38,2,3,58,0,3,8,7,0,1,2,3,31:08,1,1,2,5-47,4.4,44,195,9.3,18-31,289,484,0-1,7-14,23,,,,,,,,,
401540454,2023,2,regular,Indiana Wesleyan,,home,24,0,3,41,0,3,6,49,0,5,1,0,23:58,1,0,1,11-123,2.1,26,55,5.2,13-33,170,225,0-0,2-13,13,,,,,,,,,
401540454,2023,2,regular,Valparaiso,Pioneer,away,22,0,2,63,0,5,10,0,0,1,0,1,36:02,5,1,6,7-49,1.8,36,65,5.4,19-36,194,259,1-2,6-18,21,11,0,2,,,,,,
401540616,2023,2,regular,Wofford,Southern,away,6,0,0,107,0,5,6,,,,0,,27:16,0,0,0,11-95,3.1,33,103,3.1,8-17,53,156,1-1,1-13,9,12,0,1,,,,,,
401540616,2023,2,regular,William & Mary,Coastal Athletic,home,23,1,1,64,0,3,11,,,,0,1,32:44,0,0,0,6-60,4.8,41,197,7.7,12-24,185,382,0-1,5-13,20,15,0,3,,,,,,
401524006,2023,3,regular,California,Pac-12,home,31,2,2,48,0,3,7,0,0,1,2,0,27:17,0,0,0,6-50,6.0,43,256,4.6,13-25,114,370,2-3,5-14,23,,,,1,0,34,1,8,6
401524006,2023,3,regular,Idaho,Big Sky,away,17,2,0,62,0,5,5,,,,0,4,32:43,1,2,3,9-82,4.2,26,108,6.1,28-46,279,387,2-5,6-15,22,6,0,2,5,0,33,2,0,3
401520225,2023,3,regular,South Carolina,SEC,away,14,1,1,15,0,1,2,,,,0,,22:47,2,0,2,11-73,3.3,16,53,6.1,22-42,256,309,1-2,5-13,17,,,,5,0,52,2,0,2
401520225,2023,3,regular,Georgia,SEC,home,24,3,0,15,0,1,6,0,0,2,0,,37:13,0,0,0,6-45,4.3,44,189,7.7,27-35,269,458,2-2,5-13,29,,,,7,0,26,3,0,7
401520224,2023,3,regular,Tennessee,SEC,away,16,0,2,,,,4,,,,0,1,22:32,1,0,1,10-79,3.3,30,100,8.4,20-34,287,387,0-3,8-15,17,,,,7,0,42,1,1,0
401520224,2023,3,regular,Florida,SEC,home,29,3,1,,,,5,39,0,1,0,1,37:28,0,0,0,5-30,4.3,43,183,6.9,19-24,166,349,0-1,7-14,21,6,0,1,3,0,32,1,3,4
401520228,2023,3,regular,Akron,Mid-American,away,3,0,0,53,0,3,3,2,0,1,2,1,34:47,0,1,1,6-41,2.0,25,49,4.6,29-41,190,239,0-1,6-15,16,0,0,1,7,0,22,1,2,2
401520228,2023,3,regular,Kentucky,SEC,home,35,2,3,16,0,1,5,,,,1,2,25:13,1,2,3,5-45,6.1,22,135,12.1,16-26,315,450,0-0,5-8,18,-7,0,1,7,0,40,5,5,6
401520247,2023,3,regular,UNLV,Mountain West,home,40,2,1,101,0,4,16,36,0,1,3,2,28:38,2,0,2,10-64,3.2,40,127,7.5,21-37,276,403,0-0,11-20,21,22,0,1,10,0,30,3,0,6
401520247,2023,3,regular,Vanderbilt,SEC,away,37,0,3,81,0,6,13,50,1,2,0,5,31:22,1,3,4,2-30,2.1,39,83,9.1,18-37,337,420,2-3,7-19,21,5,0,1,9,1,26,2,0,1
401526834,2023,3,regular,Eastern Michigan,Mid-American,home,19,1,1,30,0,2,7,22,0,3,1,1,27:24,0,1,1,10-100,8.2,26,214,6.0,13-26,157,371,0-0,3-12,14,19,0,2,10,0,35,3,6,7
401526834,2023,3,regular,Massachusetts,FBS Independents,away,17,1,1,55,0,4,5,,,,0,3,32:36,3,1,4,7-81,3.6,34,124,8.3,23-41,340,464,1-3,5-14,23,1,0,1,5,0,27,2,1,7
401525839,2023,3,regular,South Alabama,Sun Belt,away,33,2,2,17,0,1,9,24,0,1,1,1,34:40,0,0,0,8-40,5.2,47,243,9.5,10-16,152,395,0-0,6-14,18,9,0,3,4,0,34,4,5,3
401525839,2023,3,regular,Oklahoma State,Big 12,home,7,1,0,42,0,2,1,,,,0,1,25:20,1,1,2,7-64,3.2,29,94,3.3,16-35,114,208,1-1,4-15,14,0,0,1,3,0,35,2,0,1
401520236,2023,3,regular,Missouri,SEC,home,30,1,2,42,0,2,12,3,0,1,0,,26:00,0,0,0,6-40,2.6,28,74,9.9,23-36,356,430,1-1,3-13,20,,,,4,0,46,3,6,6
401520236,2023,3,regular,Kansas State,Big 12,away,27,0,3,36,0,1,9,,,,0,,34:00,1,0,1,7-65,3.9,35,138,6.9,25-39,270,408,0-0,8-17,19,31,0,3,8,0,43,2,2,4
401525834,2023,3,regular,Long Island University,NEC,away,7,1,0,,,,1,,,,2,1,23:36,1,0,1,5-45,4.9,29,143,2.9,6-14,40,183,1-3,1-9,10,,,,4,0,49,0,4,4
401525834,2023,3,regular,Baylor,Big 12,home,30,3,1,35,0,3,4,0,0,1,0,1,36:24,0,1,1,2-15,5.6,48,270,4.5,13-27,121,391,5-6,6-14,26,5,0,1,7,0,24,3,1,1
401525838,2023,3,regular,Ohio,Mid-American,home,10,0,1,16,0,1,4,22,0,2,0,,35:51,0,0,0,1-15,3.0,37,112,4.2,16-32,135,247,0-0,6-16,18,-1,0,1,5,0,17,1,5,3
401525838,2023,3,regular,Iowa State,Big 12,away,7,0,1,41,0,2,1,,,,0,,24:09,2,0,2,5-50,1.7,23,38,9.7,17-24,233,271,1-1,3-11,13,4,0,1,3,0,18,0,18,5
401525841,2023,3,regular,Tarleton State,UAC,away,3,0,0,58,0,3,3,0,0,1,0,,32:31,3,0,3,5-56,4.0,36,145,4.5,24-44,197,342,2-4,6-17,19,,,,6,0,44,3,2,2
401525841,2023,3,regular,Texas Tech,Big 12,home,41,1,3,46,0,2,11,56,1,3,0,,27:29,1,0,1,2-24,5.7,39,221,5.9,18-33,195,416,2-2,6-14,26,,,,5,1,52,3,1,6
401525837,2023,3,regular,Nevada,Mountain West,home,24,3,0,,,,6,,,,1,3,28:09,0,0,0,3-30,4.1,37,150,5.1,15-22,113,263,0-1,7-15,14,,,,,,,,,
401525837,2023,3,regular,Kansas,Big 12,away,31,4,0,,,,7,,,,0,2,31:51,0,1,1,7-53,3.6,40,143,11.0,21-27,298,441,0-0,7-11,24,,,,,,,,,
401525836,2023,3,regular,Houston,Big 12,home,13,0,0,201,1,6,7,35,0,1,1,0,25:44,2,0,2,7-60,1.5,27,41,6.4,17-35,225,266,0-4,4-15,12,-1,0,1,6,1,50,3,3,5
401525836,2023,3,regular,TCU,Big 12,away,36,2,2,28,0,1,12,1,0,2,0,1,34:16,1,1,2,7-75,4.9,51,250,8.5,24-37,314,564,2-3,6-15,35,0,0,1,8,0,41,6,3,1
401525503,2023,3,regular,Pittsburgh,ACC,away,6,0,0,138,0,6,6,,,,1,0,26:47,3,0,3,9-65,3.6,36,130,4.1,8-20,81,211,0-2,4-13,12,2,0,3,2,0,32,2,0,3
401525503,2023,3,regular,West Virginia,Big 12,home,17,1,1,18,0,1,5,66,0,3,0,1,33:13,0,1,1,4-52,3.0,51,151,5.5,6-11,60,211,1-3,4-12,14,15,0,2,5,0,33,1,2,4
401540206,2023,3,regular,UC Davis,Big Sky,home,23,0,2,,,,11,3,0,1,0,,31:45,0,0,0,6-50,2.7,35,93,6.7,21-38,256,349,1-2,7-17,19,-56,0,3,,,,,,
401540206,2023,3,regular,Southern Utah,UAC,away,21,0,3,25,0,1,3,,,,0,,28:15,1,0,1,11-57,2.3,25,57,7.7,20-42,324,381,1-1,7-16,18,4,0,1,,,,,,
401540221,2023,3,regular,Northern Arizona,Big Sky,home,36,2,2,45,0,2,3,,,,0,2,34:24,3,2,5,7-65,3.8,39,147,7.1,22-35,247,394,0-1,8-14,20,2,0,1,,,,,,
401540221,2023,3,regular,Utah Tech,UAC,away,50,1,2,,,,19,0,1,3,2,0,21:49,0,0,0,6-68,2.3,28,64,9.9,19-32,318,382,0-0,7-15,15,,,,,,,,,
401540039,2023,3,regular,Georgetown,Patriot,home,20,0,3,,,,2,,,,0,2,27:21,0,1,1,5-50,5.2,35,182,7.2,19-27,195,377,2-2,5-12,19,-2,0,1,,,,,,
401540039,2023,3,regular,Stonehill,NEC,away,23,2,1,,,,5,,,,2,0,32:39,0,0,0,9-85,4.1,42,173,7.3,15-24,175,348,2-2,9-16,19,,,,,,,,,
401520234,2023,3,regular,Middle Tennessee,Conference USA,home,35,3,2,24,0,1,5,,,,3,1,24:14,1,0,1,12-110,8.3,26,217,8.6,28-34,291,508,0-1,5-12,20,18,0,2,8,0,47,2,1,0
401520234,2023,3,regular,Murray State,MVFC,away,14,1,1,95,0,5,2,0,0,1,0,4,35:46,0,3,3,6-50,5.4,38,207,6.1,23-32,194,401,1-3,5-14,16,2,0,1,2,0,36,0,1,2
401541630,2023,3,regular,Incarnate Word,Southland,away,27,2,1,,,,6,0,0,1,0,1,22:08,1,0,1,5-48,4.5,22,98,9.9,21-33,326,424,0-1,5-12,16,7,0,2,,,,,,
401541630,2023,3,regular,Abilene Christian,UAC,home,20,1,0,,,,4,0,0,1,0,1,27:46,1,0,1,5-50,4.2,32,135,3.7,10-20,74,209,0-1,3-11,13,,,,,,,,,
401540174,2023,3,regular,East Tennessee State,Southern,away,3,0,0,52,0,2,3,,,,0,2,30:14,1,1,2,2-20,4.2,46,192,4.8,7-16,77,269,0-0,2-14,15,,,,,,,,,
401540174,2023,3,regular,Austin Peay,UAC,home,63,2,5,35,0,2,9,,,,1,1,29:46,0,0,0,3-40,5.9,29,171,9.6,37-46,441,612,3-4,8-13,26,149,1,5,,,,,,
401540184,2023,3,regular,North Dakota State,MVFC,home,49,4,2,39,0,4,7,35,1,1,1,0,34:35,0,0,0,8-75,5.9,40,235,11.2,20-22,246,481,1-1,6-10,26,4,0,1,,,,,,
401540184,2023,3,regular,Central Arkansas,UAC,away,31,3,1,99,0,4,7,,,,0,1,25:25,1,1,2,9-79,8.2,27,221,6.8,22-31,210,431,2-2,3-12,18,1,0,1,,,,,,
401540192,2023,3,regular,Western Carolina,Southern,away,27,1,3,11,0,1,3,30,0,1,0,1,24:46,1,1,2,6-47,5.9,36,211,10.3,18-33,340,551,1-1,4-12,23,41,0,2,,,,,,
401540192,2023,3,regular,Eastern Kentucky,UAC,home,24,0,2,,,,10,0,0,1,1,0,36:04,1,0,1,6-59,4.9,29,143,8.0,27-46,366,509,0-0,4-12,26,0,0,2,,,,,,
401540202,2023,3,regular,Tennessee Tech,Big South-OVC,home,7,0,0,42,0,3,1,85,1,2,1,4,31:58,3,2,5,6-40,2.6,38,99,5.6,16-35,197,296,1-4,6-17,19,12,0,3,,,,,,
401540202,2023,3,regular,North Alabama,UAC,away,20,0,1,,,,8,60,1,3,2,1,28:02,2,1,3,4-23,3.8,47,178,5.4,8-15,81,259,1-1,4-15,15,,,,,,,,,
401520221,2023,3,regular,Samford,Southern,away,13,1,1,26,0,1,1,0,0,2,1,0,26:32,2,0,2,1-5,2.6,28,74,4.4,19-33,144,218,1-2,5-14,12,,,,5,0,61,1,3,1
401520221,2023,3,regular,Auburn,SEC,home,45,4,2,89,0,3,9,12,0,2,0,2,33:28,2,1,3,5-45,5.2,43,222,9.4,27-36,340,562,2-3,7-14,26,-8,0,3,7,0,34,2,2,6
401520235,2023,3,regular,Mississippi State,SEC,home,14,1,1,102,0,3,2,,,,0,,21:21,0,0,0,4-41,4.5,21,94,3.7,12-29,107,201,2-3,3-13,10,,,,6,0,30,2,2,2
401520235,2023,3,regular,LSU,SEC,away,41,3,2,,,,11,,,,0,,38:39,0,0,0,6-50,4.2,39,163,9.9,31-37,367,530,2-2,9-16,26,13,0,1,7,0,19,4,4,4
401525835,2023,3,regular,Cincinnati,Big 12,home,24,2,0,31,0,2,10,33,0,1,1,1,36:18,2,0,2,10-78,4.8,57,273,7.8,18-34,265,538,1-3,8-17,30,0,0,2,5,0,23,2,2,1
401525835,2023,3,regular,Miami (OH),Mid-American,away,31,1,3,48,0,3,7,25,0,2,0,1,23:42,1,1,2,7-42,4.2,29,121,11.9,12-20,237,358,1-1,4-10,16,,,,6,0,40,2,3,5
401532404,2023,3,regular,Central Connecticut,NEC,away,10,1,0,73,0,5,4,0,0,1,0,1,26:21,2,0,2,6-35,2.9,36,103,2.9,6-17,50,153,0-1,4-14,10,26,0,2,7,0,57,0,1,1
401532404,2023,3,regular,Kent State,Mid-American,home,38,4,1,38,0,2,8,0,0,2,0,,33:39,1,0,1,7-64,5.5,54,295,10.8,12-16,172,467,2-3,7-16,20,33,0,3,11,0,37,0,2,3
401532403,2023,3,regular,San José State,Mountain West,away,17,1,1,15,0,3,5,6,0,1,2,0,34:55,1,0,1,4-31,1.4,29,40,5.4,24-42,228,268,0-2,8-18,18,8,0,3,3,0,21,1,0,5
401532403,2023,3,regular,Toledo,Mid-American,home,21,1,1,1,0,4,3,25,1,1,0,2,25:05,1,2,3,8-73,6.4,36,229,4.0,13-23,92,321,1-1,6-14,16,1,0,2,7,1,28,5,3,8
401540409,2023,3,regular,Northwestern State,Southland,home,7,0,1,117,0,7,1,,,,0,4,22:25,3,3,6,2-10,2.4,35,84,4.1,13-30,124,208,1-3,2-14,11,1,0,1,,,,,,
401540409,2023,3,regular,Stephen F. Austin,UAC,away,41,1,3,,,,11,0,0,2,3,0,35:00,1,0,1,5-35,4.3,43,186,7.7,17-35,268,454,1-3,8-20,18,-1,0,2,,,,,,
401540290,2023,3,regular,Brown,Ivy,away,29,1,3,94,0,4,5,51,0,1,3,1,34:57,0,0,0,5-65,2.2,33,73,7.2,36-49,355,428,2-4,7-16,27,,,,,,,,,
401540290,2023,3,regular,Bryant,Big South-OVC,home,25,1,2,100,0,5,5,,,,0,2,25:03,2,2,4,4-45,6.2,28,173,7.1,20-37,262,435,0-1,5-10,23,,,,,,,,,
401520240,2023,3,regular,Ohio State,Big Ten,home,63,3,4,40,0,2,9,58,1,2,2,2,27:26,1,1,2,5-40,6.2,33,204,13.3,22-27,358,562,2-2,5-10,24,18,0,1,8,1,38,2,2,6
401520240,2023,3,regular,Western Kentucky,Conference USA,away,10,0,1,16,0,1,4,0,0,1,1,3,32:34,2,2,4,3-24,2.4,33,80,5.2,22-39,204,284,3-6,3-15,15,,,,2,0,40,1,1,1
401520219,2023,3,regular,Arizona,Pac-12,home,31,1,3,42,0,3,7,,,,1,1,30:17,0,1,1,6-34,7.6,32,244,9.4,25-32,300,544,0-0,5-10,26,0,0,1,5,0,22,3,5,3
401520219,2023,3,regular,UTEP,Conference USA,away,10,0,1,,,,4,,,,1,1,29:43,0,1,1,6-60,1.9,26,49,8.1,18-35,283,332,0-1,6-16,13,,,,4,0,40,3,3,1
401520229,2023,3,regular,North Texas,American Athletic,away,40,2,2,10,0,2,16,,,,1,1,33:24,0,1,1,9-115,5.3,47,249,7.8,24-40,313,562,2-2,11-18,32,19,0,2,3,0,29,1,3,2
401520229,2023,3,regular,Louisiana Tech,Conference USA,home,37,2,3,-18,0,2,7,,,,1,1,26:36,0,1,1,5-41,5.4,40,215,9.0,15-24,217,432,1-3,4-13,21,,,,4,0,40,1,2,5
401520246,2023,3,regular,UConn,FBS Independents,home,17,1,1,84,0,4,5,,,,0,,32:18,0,0,0,6-60,4.3,40,173,5.3,15-32,170,343,0-1,7-18,20,,,,9,0,34,3,2,6
401520246,2023,3,regular,Florida International,Conference USA,away,24,1,2,32,0,1,6,,,,0,3,27:42,0,0,0,8-65,2.4,33,80,10.5,15-27,284,364,0-0,3-13,16,57,0,7,9,0,48,1,4,3
401540156,2023,3,regular,Florida Memorial University,,away,22,2,1,91,0,7,4,,,,0,3,36:15,2,3,5,9-61,4.6,51,233,7.6,13-28,212,445,2-2,7-15,22,0,0,1,,,,,,
401540156,2023,3,regular,Grambling,SWAC,home,58,3,3,99,0,6,8,32,1,2,3,0,23:45,0,0,0,10-78,5.2,35,183,8.1,14-27,220,403,0-2,5-11,18,24,0,3,,,,,,
401531847,2023,3,regular,Texas State,Sun Belt,home,77,8,3,183,0,6,11,0,0,1,0,2,25:14,1,0,1,10-100,9.7,41,399,11.4,19-25,285,684,2-2,4-6,34,36,0,2,13,0,41,6,2,5
401531847,2023,3,regular,Jackson State,SWAC,away,34,3,2,110,0,6,4,0,0,1,0,2,34:46,1,0,1,9-86,3.0,39,118,7.8,23-36,282,400,2-3,8-17,23,,,,1,0,35,0,1,0
401524009,2023,3,regular,San Diego State,Mountain West,away,9,1,0,64,0,3,3,0,0,2,0,,33:21,1,0,1,1-5,2.1,34,70,8.0,20-32,256,326,1-1,5-15,18,1,0,2,3,0,25,0,6,3
401524009,2023,3,regular,Oregon State,Pac-12,home,26,2,1,10,0,1,8,0,0,1,0,,26:39,2,0,2,4-40,6.0,32,191,9.5,14-30,284,475,0-0,4-11,20,,,,9,0,35,6,3,1
401524013,2023,3,regular,Northern Colorado,Big Sky,away,21,1,2,,,,3,0,0,1,0,,29:11,0,0,0,7-80,5.1,31,158,6.9,18-30,208,366,0-0,5-13,16,,,,1,0,39,0,1,4
401524013,2023,3,regular,Washington State,Pac-12,home,64,3,6,,,,8,,,,0,,30:49,1,0,1,5-56,6.6,36,239,12.6,29-38,479,718,1-1,8-10,34,12,0,1,5,0,36,2,5,1
401531848,2023,3,regular,Troy,Sun Belt,home,14,0,2,32,0,2,2,,,,0,2,26:17,1,0,1,6-40,-0.6,19,-12,7.2,25-46,332,320,2-4,3-15,18,11,0,2,9,0,44,3,2,2
401531848,2023,3,regular,James Madison,Sun Belt,away,16,0,1,30,0,2,10,7,0,1,0,1,33:43,0,0,0,6-40,2.3,39,90,7.7,18-26,200,290,1-1,3-16,13,,,,10,0,33,6,1,9
401531438,2023,3,regular,SMU,American Athletic,home,69,2,7,29,0,1,9,,,,0,,25:46,1,0,1,7-68,4.5,39,177,15.0,20-26,389,566,0-1,5-7,28,12,0,2,7,0,40,3,4,3
401531438,2023,3,regular,Prairie View A&M,SWAC,away,0,0,0,16,0,1,0,0,0,1,0,1,34:14,0,0,0,9-94,2.4,40,94,3.6,7-17,62,156,0-0,4-15,10,,,,1,0,39,0,0,2
401531441,2023,3,regular,Rice,American Athletic,home,59,4,4,26,0,1,11,,,,2,0,35:34,0,0,0,6-60,4.5,51,231,14.1,12-18,254,485,1-2,6-12,23,33,0,4,7,0,32,1,2,3
401531441,2023,3,regular,Texas Southern,SWAC,away,7,0,1,35,0,2,1,,,,0,3,24:26,0,2,2,11-94,2.6,31,81,5.5,9-19,104,185,0-1,2-13,10,,,,3,0,41,0,0,3
401524011,2023,3,regular,North Carolina Central,MEAC,away,7,1,0,36,0,2,1,0,0,1,0,1,36:13,1,1,2,4-25,2.4,37,90,4.6,17-31,142,232,1-1,5-16,14,,,,4,0,28,1,0,0
401524011,2023,3,regular,UCLA,Pac-12,home,59,6,2,27,0,1,11,25,0,1,1,0,23:47,1,0,1,3-20,10.4,39,404,12.4,10-17,210,614,0-1,4-8,22,21,0,4,7,0,38,3,6,1
401524010,2023,3,regular,Sacramento State,Big Sky,away,30,2,1,,,,12,0,0,2,0,,30:57,2,0,2,5-50,4.7,36,169,8.5,21-33,279,448,1-1,11-16,23,,,,6,0,31,6,7,2
401524010,2023,3,regular,Stanford,Pac-12,home,23,1,1,73,0,4,11,5,0,2,0,,29:03,2,0,2,6-65,4.3,42,180,8.6,11-24,207,387,0-1,7-14,18,0,0,1,3,0,33,0,1,3
401524005,2023,3,regular,Fresno State,Mountain West,away,29,0,2,,,,17,23,0,5,3,0,37:06,0,0,0,9-53,2.0,34,69,5.7,32-49,281,350,1-1,8-19,24,12,0,1,5,0,34,5,3,4
401524005,2023,3,regular,Arizona State,Pac-12,home,0,0,0,102,0,5,,,,,0,3,22:54,5,3,8,2-30,1.6,27,42,5.1,17-37,188,230,0-1,5-14,15,7,0,1,8,0,51,6,6,3
401520249,2023,3,regular,Wisconsin,Big Ten,home,35,5,0,24,0,1,5,19,0,5,1,0,28:37,0,0,0,8-88,5.4,38,207,7.9,20-31,244,451,0-1,3-11,22,3,0,1,7,0,43,6,5,4
401520249,2023,3,regular,Georgia Southern,Sun Belt,away,14,1,1,87,0,4,2,,,,0,1,31:23,5,1,6,5-40,2.6,28,72,7.4,33-52,383,455,0-1,9-17,23,2,0,1,1,0,46,1,2,7
401525504,2023,3,regular,Wake Forest,ACC,away,27,0,3,20,0,1,9,56,0,1,1,4,34:50,2,1,3,6-65,2.3,43,97,7.6,24-41,312,409,0-0,5-17,25,35,0,2,12,0,29,10,3,1
401525504,2023,3,regular,Old Dominion,Sun Belt,home,24,0,1,79,0,4,6,66,1,2,1,1,25:10,1,1,2,5-35,1.9,36,67,8.6,11-27,233,300,0-1,3-15,14,,,,11,1,33,4,6,10
401531845,2023,3,regular,Duquesne,NEC,away,7,0,1,17,0,1,1,,,,1,1,33:45,3,1,4,9-62,5.1,36,183,6.3,13-26,164,347,2-2,4-13,16,,,,3,0,27,0,3,0
401531845,2023,3,regular,Coastal Carolina,Sun Belt,home,66,4,3,22,0,2,12,173,2,3,1,1,26:15,0,1,1,3-20,6.9,35,241,13.7,15-20,274,515,0-1,6-8,23,59,0,3,5,2,25,0,3,4
401531412,2023,3,regular,East Carolina,American Athletic,away,28,2,0,71,0,3,4,8,1,1,1,0,28:32,3,0,3,11-80,2.7,29,79,4.9,19-33,161,240,0-1,2-10,14,11,0,1,3,1,36,1,3,2
401531412,2023,3,regular,App State,Sun Belt,home,43,3,3,55,0,2,7,26,0,3,0,1,31:28,1,1,2,3-25,4.9,46,224,8.3,17-29,241,465,0-1,7-14,23,23,0,1,7,0,27,4,4,6
401531403,2023,3,regular,Charlotte,American Athletic,home,25,1,1,39,0,2,5,,,,0,2,28:28,1,1,2,7-65,3.0,29,88,7.7,23-35,268,356,3-6,3-14,18,80,1,4,6,1,30,2,4,1
401531403,2023,3,regular,Georgia State,Sun Belt,away,41,2,3,33,0,2,11,-1,0,1,1,0,31:32,0,0,0,11-80,2.6,39,102,14.1,27-33,466,568,0-0,9-15,23,5,0,1,10,0,40,4,2,3
401531379,2023,3,regular,UAB,American Athletic,home,21,2,1,98,0,4,3,58,0,1,2,1,30:55,2,0,2,9-98,3.3,35,116,7.4,27-38,280,396,2-3,3-13,21,,,,3,0,33,3,2,7
401531379,2023,3,regular,Louisiana,Sun Belt,away,41,4,1,20,0,3,11,21,0,2,0,5,29:05,1,2,3,8-65,7.6,40,305,8.7,16-24,208,513,0-1,5-11,22,12,0,3,8,0,48,7,2,3
401531846,2023,3,regular,Stony Brook,Coastal Athletic,away,7,0,1,40,0,3,1,,,,0,1,32:00,0,0,0,8-45,3.1,29,90,6.7,21-33,221,311,1-2,5-14,14,0,0,1,3,0,45,2,2,2
401531846,2023,3,regular,Arkansas State,Sun Belt,home,31,3,1,41,0,1,7,,,,0,,28:00,0,0,0,4-40,7.5,46,345,6.1,11-23,140,485,1-1,7-14,24,0,0,1,11,0,35,4,4,5
401520245,2023,3,regular,Texas A&M,SEC,home,47,3,2,57,0,2,17,,,,0,2,34:29,0,0,0,8-50,4.8,33,158,10.0,32-40,399,557,0-0,9-14,28,19,0,4,3,0,29,2,1,6
401520245,2023,3,regular,UL Monroe,Sun Belt,away,3,0,0,12,0,1,3,,,,0,1,25:31,0,0,0,6-55,4.1,31,127,5.6,6-17,95,222,1-2,1-12,8,,,,4,0,55,2,4,4
401531348,2023,3,regular,Tulane,American Athletic,away,21,1,2,,,,3,,,,0,,28:23,0,0,0,4-35,3.5,37,128,9.8,12-19,186,314,0-1,4-11,18,-10,0,1,11,0,33,3,3,7
401531348,2023,3,regular,Southern Miss,Sun Belt,home,3,0,0,30,0,1,3,,,,0,,31:37,0,0,0,6-60,1.2,30,35,5.2,19-34,177,212,1-3,5-16,14,13,0,1,6,0,27,3,1,1
401520244,2023,3,regular,South Florida,American Athletic,home,3,0,0,,,,3,,,,1,1,30:26,1,1,2,5-40,3.8,46,177,3.1,14-28,87,264,2-6,5-17,14,22,0,3,8,0,23,5,5,3
401520244,2023,3,regular,Alabama,SEC,away,17,2,0,22,0,1,5,0,0,1,1,1,29:34,0,1,1,5-35,4.8,42,203,4.7,10-23,107,310,0-0,5-15,15,-1,0,1,10,0,38,5,1,3
401520241,2023,3,regular,Georgia Tech,ACC,away,23,1,2,16,0,1,5,,,,0,1,39:17,0,0,0,0-0,3.6,47,167,7.3,28-42,307,474,2-5,11-20,26,,,,3,0,20,1,2,5
401520241,2023,3,regular,Ole Miss,SEC,home,48,5,1,47,0,2,12,,,,0,,20:43,0,0,0,5-40,8.1,37,299,13.2,10-19,251,550,1-2,5-10,19,,,,7,0,41,2,7,4
401520220,2023,3,regular,BYU,Big 12,away,38,2,3,56,0,2,8,24,0,1,1,2,24:50,0,1,1,7-45,2.5,31,77,7.8,14-26,204,281,0-0,4-13,17,11,0,2,6,0,31,4,1,3
401520220,2023,3,regular,Arkansas,SEC,home,31,2,1,49,0,3,7,,,,1,2,35:10,1,1,2,14-125,4.5,39,177,7.1,24-35,247,424,1-2,2-13,21,95,1,3,9,1,32,3,4,5
401520227,2023,3,regular,Iowa,Big Ten,home,41,3,2,88,0,3,7,,,,1,1,33:53,2,0,2,1-5,5.9,43,254,6.0,11-22,133,387,1-1,4-12,19,92,0,6,5,0,30,2,3,0
401520227,2023,3,regular,Western Michigan,Mid-American,away,10,0,1,,,,4,0,0,2,0,2,26:07,0,1,1,8-64,3.3,36,117,6.8,7-18,122,239,0-1,5-16,8,,,,6,0,44,4,1,4
401532402,2023,3,regular,Indiana State,MVFC,away,7,0,1,110,0,4,1,,,,1,2,26:59,1,2,3,4-40,3.3,32,104,7.5,9-21,157,261,0-0,6-15,12,5,0,1,7,0,35,3,2,1
401532402,2023,3,regular,Ball State,Mid-American,home,45,3,2,46,0,2,9,6,0,1,2,2,33:01,0,1,1,4-35,6.9,42,288,5.7,18-24,137,425,0-0,5-11,26,,,,8,0,21,4,1,3
401525437,2023,3,regular,Notre Dame,FBS Independents,home,41,2,3,20,0,1,11,,,,0,,30:33,0,0,0,8-72,6.4,37,236,12.2,17-28,342,578,2-2,5-12,23,9,0,2,,,,,,
401525437,2023,3,regular,Central Michigan,Mid-American,away,17,2,0,17,0,1,5,,,,0,2,29:27,0,0,0,2-20,3.9,34,131,6.9,10-20,137,268,1-1,3-13,14,7,0,2,,,,,,
401520237,2023,3,regular,Nebraska,Big Ten,home,35,3,2,16,0,2,5,12,0,1,0,1,36:17,0,1,1,5-70,5.1,44,224,6.6,14-24,158,382,0-0,8-14,23,3,0,2,5,0,23,3,3,4
401520237,2023,3,regular,Northern Illinois,Mid-American,away,11,0,1,13,0,1,3,,,,1,0,23:43,1,0,1,2-10,1.2,22,26,3.4,17-36,123,149,1-1,4-15,12,-2,0,1,4,0,34,1,1,3
401549200,2023,3,regular,Pennsylvania,Ivy,away,20,0,2,44,0,2,8,24,0,2,0,,30:44,1,0,1,9-70,4.4,25,110,3.9,26-43,166,276,0-1,5-13,19,-6,0,2,,,,,,
401549200,2023,3,regular,Colgate,Patriot,home,6,0,0,24,0,1,6,0,0,1,0,1,29:16,2,0,2,8-79,1.8,34,60,4.6,19-43,197,257,2-5,4-17,19,0,0,2,,,,,,
401540066,2023,3,regular,Yale,Ivy,home,24,1,2,21,0,1,6,,,,0,1,29:58,0,1,1,8-68,4.6,49,226,6.0,15-24,143,369,1-3,10-16,20,,,,,,,,,
401540066,2023,3,regular,Holy Cross,Patriot,away,49,3,4,29,0,2,7,,,,1,0,30:02,0,0,0,3-38,5.5,39,216,8.9,23-31,275,491,2-2,8-12,27,7,0,2,,,,,,
401540072,2023,3,regular,Columbia,Ivy,away,3,0,0,84,0,5,3,,,,1,1,24:02,1,0,1,5-20,2.5,30,74,3.3,9-25,83,157,1-4,2-11,11,27,0,2,,,,,,
401540072,2023,3,regular,Lafayette,Patriot,home,24,3,0,24,0,2,6,12,0,1,0,1,35:58,0,1,1,3-20,4.7,52,243,6.8,15-22,149,392,3-3,9-17,20,8,0,1,,,,,,
401540080,2023,3,regular,Cornell,Ivy,away,23,0,2,35,0,2,11,0,0,2,0,,38:39,0,0,0,5-28,2.7,40,108,9.5,19-31,293,401,1-3,6-16,18,55,0,3,,,,,,
401540080,2023,3,regular,Lehigh,Patriot,home,20,2,1,80,0,3,2,,,,0,1,21:21,2,0,2,2-17,2.2,21,47,4.6,21-42,192,239,1-1,8-16,18,28,0,1,,,,,,
401540375,2023,3,regular,South Dakota,MVFC,home,35,4,1,48,0,2,5,15,0,2,0,1,28:19,1,1,2,6-67,7.8,39,305,10.7,7-9,96,401,1-1,2-3,22,,,,,,,,,
401540375,2023,3,regular,Lamar,Southland,away,6,0,0,66,0,3,6,0,0,1,1,0,31:41,2,0,2,5-49,2.7,39,105,5.8,16-29,169,274,2-2,6-16,22,,,,,,,,,
401540389,2023,3,regular,McNeese,Southland,away,3,0,0,15,0,2,3,,,,0,1,21:37,2,1,3,4-35,4.5,24,107,5.3,13-24,127,234,0-0,3-8,16,,,,,,,,,
401540389,2023,3,regular,Alcorn State,SWAC,home,17,2,0,13,0,1,5,1,0,2,1,0,38:23,0,0,0,7-68,4.0,50,201,6.8,18-23,157,358,0-2,10-16,22,,,,,,,,,
401525499,2023,3,regular,Miami,ACC,home,48,5,2,51,0,2,6,,,,1,1,35:02,0,1,1,5-34,6.7,36,240,10.3,28-34,349,589,1-1,7-9,32,21,0,2,10,0,29,4,2,1
401525499,2023,3,regular,Bethune-Cookman,SWAC,away,7,1,0,,,,1,,,,1,2,24:58,0,1,1,6-35,1.1,30,33,7.8,11-17,132,165,0-0,6-13,8,10,0,1,4,0,38,1,3,2
401540034,2023,3,regular,Saint Francis,NEC,away,14,0,2,11,0,1,2,,,,0,2,36:15,2,1,3,11-104,4.0,36,145,6.0,17-29,175,320,1-2,6-14,17,,,,,,,,,
401540034,2023,3,regular,Delaware,CAA,home,42,2,3,,,,6,11,0,1,1,,23:45,0,0,0,4-30,4.7,35,164,8.0,14-28,223,387,1-1,7-13,23,9,0,1,,,,,,
401524008,2023,3,regular,Hawai'i,Mountain West,away,10,0,1,13,0,1,4,,,,0,,30:23,1,0,1,5-27,3.1,19,59,3.2,28-44,142,201,2-3,2-14,15,12,0,1,4,0,39,0,0,1
401524008,2023,3,regular,Oregon,Pac-12,home,55,3,4,10,0,2,13,7,0,1,0,,29:37,0,0,0,9-76,7.6,30,227,9.8,26-34,333,560,2-2,6-11,25,59,0,6,7,0,29,2,3,2
401520233,2023,3,regular,Michigan State,Big Ten,home,7,1,0,49,0,3,1,0,0,1,0,,24:28,1,0,1,11-83,2.0,27,53,5.9,14-35,208,261,0-1,6-16,15,1,0,1,2,0,34,0,9,2
401520233,2023,3,regular,Washington,Pac-12,away,41,1,4,30,0,1,11,7,0,1,0,2,35:32,1,0,1,11-110,5.4,33,177,13.7,29-39,536,713,1-2,3-10,28,1,0,2,7,0,23,2,8,2
401524012,2023,3,regular,Weber State,Big Sky,away,7,1,0,137,0,5,1,,,,0,1,19:55,1,1,2,7-60,3.2,19,61,2.9,11-23,66,127,0-0,3-11,5,10,0,1,4,0,42,1,0,2
401524012,2023,3,regular,Utah,Pac-12,home,31,2,1,53,0,2,7,23,1,1,1,1,40:05,0,0,0,5-35,4.4,52,231,9.2,13-21,193,424,2-4,6-15,23,9,0,3,6,1,20,2,0,3
401524007,2023,3,regular,Colorado State,Mountain West,away,35,0,4,54,0,2,5,0,0,1,1,2,34:37,3,1,4,17-182,2.6,39,102,8.3,35-48,397,499,0-1,10-20,23,28,0,2,9,1,59,4,2,1
401524007,2023,3,regular,Colorado,Pac-12,home,43,0,4,46,0,2,9,80,1,3,1,2,25:23,1,1,2,10-87,2.8,25,70,7.4,38-47,348,418,0-0,4-13,23,,,,9,1,62,3,5,3
401525843,2023,3,regular,Villanova,Coastal Athletic,away,14,2,0,18,0,1,2,,,,0,,27:08,1,0,1,3-20,2.8,30,84,6.3,9-23,144,228,2-2,1-12,11,13,0,1,6,0,55,2,2,3
401525843,2023,3,regular,UCF,Big 12,home,48,4,2,20,0,2,12,42,0,1,0,1,32:52,0,0,0,7-43,4.6,54,251,10.6,24-33,349,600,2-3,7-15,31,94,0,6,5,0,22,2,2,1
401520222,2023,3,regular,Liberty,Conference USA,away,55,2,5,33,0,2,13,6,0,2,0,1,28:35,0,0,0,10-90,6.3,36,225,11.9,16-29,344,569,0-2,3-11,19,13,0,2,,,,,,
401520222,2023,3,regular,Buffalo,Mid-American,home,27,0,4,40,0,4,3,,,,0,1,31:25,2,0,2,6-75,2.9,30,87,5.4,29-51,276,363,1-4,5-18,22,4,0,2,,,,,,
401520232,2023,3,regular,Michigan,Big Ten,home,31,2,2,26,0,3,7,11,0,2,1,2,23:36,3,1,4,1-10,5.5,31,169,11.0,8-13,143,312,0-0,1-5,15,30,0,3,10,0,34,3,1,1
401520232,2023,3,regular,Bowling Green,Mid-American,away,6,0,0,,,,6,29,0,3,1,2,36:24,2,1,3,2-15,2.2,36,79,5.9,14-21,124,203,0-0,5-15,10,0,0,2,1,0,30,1,0,0
401520231,2023,3,regular,Virginia,ACC,away,14,1,1,16,0,1,2,,,,0,1,31:27,3,1,4,7-46,3.0,30,91,6.7,23-39,263,354,0-0,7-13,25,,,,5,0,38,1,0,2
401520231,2023,3,regular,Maryland,Big Ten,home,42,4,1,129,1,3,6,0,0,3,1,1,28:33,0,0,0,7-80,3.8,31,119,11.4,19-30,342,461,1-1,7-13,20,,,,5,1,35,2,0,0
401520243,2023,3,regular,Virginia Tech,ACC,away,16,1,1,12,0,1,4,,,,0,1,33:44,1,1,2,7-75,3.3,39,129,5.9,19-32,190,319,2-3,5-15,18,25,0,1,3,0,17,0,0,1
401520243,2023,3,regular,Rutgers,Big Ten,home,35,4,1,,,,5,0,0,1,1,0,26:16,0,0,0,4-35,7.5,34,256,2.9,7-16,46,302,0-0,6-13,14,4,0,1,6,0,32,4,6,2
401520226,2023,3,regular,Illinois,Big Ten,home,13,1,1,29,0,2,1,,,,0,1,28:08,4,1,5,6-47,2.1,29,62,6.6,25-44,292,354,1-1,6-16,20,32,0,3,4,0,34,1,3,6
401520226,2023,3,regular,Penn State,Big Ten,away,30,2,1,54,0,3,12,39,0,4,1,1,31:52,0,0,0,7-70,4.1,40,164,5.9,17-37,219,383,0-1,7-18,19,16,0,2,7,0,39,3,2,3
401520230,2023,3,regular,Louisville,ACC,away,21,2,1,,,,3,0,0,1,0,,28:48,1,0,1,6-50,4.7,39,184,10.3,13-23,238,422,0-0,7-12,20,9,0,2,6,0,36,0,2,3
401520230,2023,3,regular,Indiana,Big Ten,home,14,1,1,,,,2,0,0,1,0,2,31:12,1,0,1,4-20,2.1,27,58,8.8,24-34,299,357,0-2,5-13,19,,,,4,0,36,2,3,3
401540101,2023,3,regular,Eastern Illinois,Big South-OVC,home,14,0,2,0,0,1,2,0,0,3,1,2,35:49,2,1,3,5-50,0.7,27,20,5.7,35-48,273,293,0-1,8-17,19,,,,,,,,,
401540101,2023,3,regular,Illinois State,MVFC,away,13,0,0,30,0,2,1,0,0,2,1,1,24:11,3,1,4,5-36,3.6,30,108,6.3,20-37,234,342,2-3,2-12,20,28,0,3,,,,,,
401544199,2023,3,regular,Virginia Lynchburg,,away,0,0,0,97,0,5,,,,,0,5,34:18,1,1,2,10-76,-0.1,29,-4,4.9,6-16,78,74,0-0,0-10,7,12,0,3,,,,,,
401544199,2023,3,regular,Merrimack,NEC,home,44,5,1,34,0,2,6,0,0,1,3,0,25:42,0,0,0,6-50,6.6,51,338,5.3,2-6,32,370,0-0,4-10,19,,,,,,,,,
401540251,2023,3,regular,Idaho State,Big Sky,home,17,1,1,32,0,2,5,,,,0,1,23:33,1,1,2,6-64,1.6,17,28,7.2,30-44,318,346,1-2,6-12,22,,,,,,,,,
401540251,2023,3,regular,Northern Iowa,MVFC,away,41,3,2,0,0,1,11,21,0,1,1,0,36:27,0,0,0,9-95,3.6,39,139,9.7,29-40,388,527,1-1,7-12,32,,,,,,,,,
401540044,2023,3,regular,Wagner,NEC,away,17,0,1,23,0,2,5,53,1,3,0,1,27:47,1,0,1,3-25,3.4,39,133,3.2,10-27,86,219,0-1,8-19,13,,,,,,,,,
401540044,2023,3,regular,Sacred Heart,NEC,home,10,1,0,23,0,1,4,0,0,1,0,,32:13,3,0,3,4-40,4.9,47,232,4.1,12-27,110,342,1-3,2-11,21,9,0,1,,,,,,
401540446,2023,3,regular,Southeast Missouri State,Big South-OVC,home,25,1,1,,,,11,0,0,2,2,0,30:26,0,1,1,1-5,2.8,31,86,5.6,26-45,251,337,0-0,6-18,23,,,,,,,,,
401540446,2023,3,regular,Southern Illinois,MVFC,away,26,1,3,66,0,3,2,,,,0,2,29:23,2,2,4,7-73,3.5,24,85,9.0,37-51,458,543,4-6,2-11,23,9,0,3,,,,,,
401540450,2023,3,regular,Lindenwood,Big South-OVC,away,43,1,5,70,0,2,5,,,,0,1,23:23,1,1,2,7-63,6.7,28,188,12.3,16-22,270,458,0-1,6-9,19,,,,,,,,,
401540450,2023,3,regular,Western Illinois,MVFC,home,40,2,3,51,0,3,10,0,0,1,1,2,36:37,0,0,0,4-20,2.3,38,88,9.3,26-42,392,480,1-4,5-13,27,0,0,1,,,,,,
401540452,2023,3,regular,Robert Morris,Big South,away,28,1,3,143,0,7,4,30,0,1,1,1,24:58,0,0,0,10-71,5.0,22,111,5.6,20-32,179,290,1-1,5-13,17,,,,,,,,,
401540452,2023,3,regular,Youngstown State,MVFC,home,48,6,1,35,0,2,6,,,,0,1,35:02,1,1,2,9-53,6.0,43,256,13.0,21-26,339,595,0-0,4-7,31,5,0,1,,,,,,
401539971,2023,3,regular,Richmond,Coastal Athletic,home,38,2,2,11,0,2,8,,,,0,,28:15,0,0,0,6-70,4.4,28,124,10.0,21-26,260,384,0-1,4-7,21,17,0,2,,,,,,
401539971,2023,3,regular,Delaware State,MEAC,away,6,0,0,,,,6,,,,0,1,31:45,2,0,2,5-40,3.2,28,89,6.0,14-26,156,245,0-0,5-11,15,,,,,,,,,
401534851,2023,3,regular,Hampton,Coastal Athletic,away,35,4,1,102,0,6,5,0,0,1,0,1,26:49,0,1,1,11-96,7.6,34,258,5.3,10-21,111,369,1-2,2-8,17,,,,,,,,,
401534851,2023,3,regular,Howard,MEAC,home,34,1,3,65,0,4,10,,,,1,0,33:11,1,0,1,5-59,3.0,39,116,7.1,20-39,275,391,0-1,14-20,25,0,0,2,,,,,,
401539979,2023,3,regular,Towson,Coastal Athletic,away,20,1,1,20,0,3,8,28,0,3,1,1,27:33,1,0,1,7-53,5.0,37,184,4.9,18-34,168,352,0-0,5-16,17,2,0,1,,,,,,
401539979,2023,3,regular,Morgan State,MEAC,home,10,0,0,101,0,4,4,0,0,1,0,1,32:27,3,1,4,10-114,3.7,26,97,4.3,20-44,188,285,0-1,8-17,16,14,0,1,,,,,,
401531388,2023,3,regular,Temple,American Athletic,home,41,4,1,37,0,2,11,,,,0,1,29:36,0,1,1,9-70,7.1,41,290,10.5,15-23,242,532,4-4,4-10,27,32,0,3,5,0,35,1,0,0
401531388,2023,3,regular,Norfolk State,MEAC,away,9,0,1,43,0,3,1,,,,1,2,30:24,0,0,0,4-36,3.3,39,130,5.0,12-22,110,240,1-2,4-15,15,,,,7,0,39,0,0,3
401532582,2023,3,regular,Boise State,Mountain West,home,42,4,2,29,0,2,6,,,,2,3,28:26,1,2,3,4-37,3.8,35,132,7.9,22-33,262,394,0-0,10-14,21,0,0,2,7,0,30,6,2,4
401532582,2023,3,regular,North Dakota,MVFC,away,18,2,1,42,0,2,0,13,0,1,2,3,31:34,0,2,2,3-37,1.2,34,41,4.6,17-31,142,183,2-3,4-13,14,,,,6,0,37,1,0,3
401540464,2023,3,regular,Drake,Pioneer,away,7,0,1,14,0,1,1,0,0,1,0,,32:11,0,0,0,6-36,1.7,27,47,6.5,20-34,220,267,1-1,3-16,10,,,,,,,,,
401540464,2023,3,regular,South Dakota State,MVFC,home,70,5,5,73,0,2,10,,,,0,,27:49,1,0,1,5-65,10.9,33,359,8.6,21-30,259,618,0-0,6-8,28,34,0,3,,,,,,
401525501,2023,3,regular,Clemson,ACC,home,48,3,3,50,0,2,6,105,1,3,1,1,25:53,0,1,1,5-55,4.9,33,163,6.2,20-33,204,367,0-1,6-12,20,58,0,3,10,1,42,2,8,7
401525501,2023,3,regular,Florida Atlantic,American Athletic,away,14,1,1,52,0,2,2,,,,1,3,34:07,3,1,4,6-60,2.3,36,83,4.6,27-46,210,293,1-3,6-18,20,,,,2,0,43,0,6,3
401531396,2023,3,regular,Army,FBS Independents,away,37,3,1,13,0,1,13,,,,1,1,44:25,0,0,0,0-0,3.9,65,254,10.4,8-18,188,442,6-6,8-20,23,,,,3,0,26,1,3,1
401531396,2023,3,regular,UTSA,American Athletic,home,29,1,3,,,,3,,,,0,1,15:35,0,1,1,5-35,5.5,22,121,8.9,17-27,239,360,1-2,4-10,14,16,0,1,3,0,44,0,4,1
401520238,2023,3,regular,New Mexico,Mountain West,home,17,1,1,51,0,2,5,,,,0,1,32:07,0,1,1,7-55,4.8,32,154,6.3,20-39,247,401,1-1,6-12,26,-6,0,1,2,0,32,1,4,2
401520238,2023,3,regular,New Mexico State,Conference USA,away,27,1,2,42,0,2,9,,,,1,1,27:53,0,0,0,7-76,5.9,30,177,14.7,10-15,220,397,0-0,2-7,15,21,0,2,6,0,41,1,1,6
401525502,2023,3,regular,NC State,ACC,home,45,3,1,94,1,2,9,30,1,1,0,,39:03,0,0,0,6-61,5.2,45,234,8.3,27-32,264,498,1-1,10-14,26,68,0,3,7,2,15,3,5,3
401525502,2023,3,regular,VMI,Southern,away,7,0,1,18,0,1,1,,,,0,,20:57,1,0,1,3-30,0.7,21,15,7.3,14-24,176,191,0-0,1-10,10,9,0,1,8,0,46,1,0,2
401540355,2023,3,regular,UT Martin,Big South-OVC,home,66,2,6,123,1,2,12,0,0,2,1,2,38:22,0,1,1,5-40,5.6,48,271,12.1,27-36,437,708,3-3,9-15,32,14,0,2,,,,,,
401540355,2023,3,regular,Houston Christian,Southland,away,7,0,1,60,0,2,1,,,,1,1,21:38,2,1,3,4-40,2.0,24,48,6.2,12-28,174,222,0-1,3-15,7,,,,,,,,,
401540236,2023,3,regular,Eastern Washington,Big Sky,home,40,0,2,21,0,1,5,,,,0,1,18:48,0,0,0,3-30,4.0,21,83,7.7,24-32,246,329,2-3,4-9,21,6,0,1,,,,,,
401540236,2023,3,regular,SE Louisiana,Southland,away,29,1,1,88,0,3,2,,,,0,1,11:12,0,0,0,4-40,4.9,14,68,7.2,7-14,101,169,0-0,2-5,7,,,,,,,,,
401520239,2023,3,regular,North Carolina,ACC,home,31,2,2,,,,7,0,0,2,0,,33:10,2,0,2,5-47,2.8,37,105,10.4,29-40,414,519,1-1,12-17,26,,,,1,0,28,1,7,8
401520239,2023,3,regular,Minnesota,Big Ten,away,13,1,0,,,,7,17,0,2,0,,26:50,2,0,2,3-25,5.5,31,170,4.4,11-30,133,303,1-1,3-12,19,,,,5,0,40,2,4,2
401520223,2023,3,regular,Duke,ACC,home,38,5,0,16,0,1,8,5,0,1,0,,31:06,0,0,0,1-15,6.7,40,268,11.0,15-20,219,487,0-1,5-9,25,,,,5,0,25,2,3,5
401520223,2023,3,regular,Northwestern,Big Ten,away,14,1,1,101,0,4,2,,,,0,,28:54,1,0,1,1-8,3.5,30,104,4.1,22-40,163,267,1-3,9-18,19,-3,0,1,5,0,24,2,1,1
401520242,2023,3,regular,Syracuse,ACC,away,35,5,0,52,0,4,5,14,0,1,3,1,29:28,1,0,1,9-105,6.2,44,271,6.6,14-28,184,455,0-1,7-12,27,,,,5,0,51,2,0,5
401520242,2023,3,regular,Purdue,Big Ten,home,20,2,1,,,,2,0,0,1,0,7,30:32,1,3,4,11-127,2.5,32,80,7.0,32-46,323,403,1-4,7-14,29,6,0,1,7,0,41,4,1,5
401525840,2023,3,regular,Wyoming,Mountain West,away,10,1,0,11,0,5,4,,,,1,0,38:47,1,0,1,3-30,4.1,38,155,4.9,17-28,136,291,1-1,4-14,17,17,0,2,2,0,27,1,0,3
401525840,2023,3,regular,Texas,Big 12,home,31,1,2,52,0,2,7,27,1,1,0,1,21:13,0,1,1,6-40,6.0,31,185,6.2,11-21,131,316,2-2,4-12,13,59,0,4,5,1,44,1,2,3
401525842,2023,3,regular,Tulsa,American Athletic,home,17,0,2,16,0,1,5,0,0,1,1,1,33:17,5,0,5,7-33,1.6,46,75,8.0,17-27,217,292,1-1,8-19,17,,,,3,0,30,0,1,2
401525842,2023,3,regular,Oklahoma,Big 12,away,66,2,6,105,0,3,12,67,1,5,0,1,26:43,1,1,2,7-65,4.3,28,119,13.6,30-35,476,595,1-1,7-9,27,8,0,2,15,1,42,3,1,3
401540598,2023,3,regular,Furman,Southern,away,31,4,0,74,0,2,7,0,0,1,0,,32:15,0,0,0,3-30,4.0,40,160,7.4,24-32,237,397,0-0,7-16,22,12,0,2,,,,,,
401540598,2023,3,regular,Kennesaw State,FCS Independents,home,28,2,2,83,0,4,4,,,,0,1,27:40,1,0,1,7-68,5.7,32,182,9.9,17-31,308,490,0-1,2-10,17,26,0,3,,,,,,
401531428,2023,3,regular,Navy,American Athletic,away,24,2,1,38,0,2,6,25,0,1,1,3,32:49,0,2,2,2-10,6.0,50,299,6.7,10-20,133,432,0-2,8-16,19,,,,5,0,38,2,1,4
401531428,2023,3,regular,Memphis,American Athletic,home,28,3,1,17,0,1,4,,,,2,1,27:11,1,1,2,3-26,6.1,31,190,6.2,23-35,218,408,0-0,4-12,19,0,0,1,5,0,47,1,0,1
401525500,2023,3,regular,Boston College,ACC,home,29,2,1,36,0,2,5,,,,1,0,33:50,1,0,1,18-131,3.7,41,152,9.0,20-34,305,457,4-5,8-19,20,,,,1,0,27,0,2,1
401525500,2023,3,regular,Florida State,ACC,away,31,2,2,39,0,3,7,0,0,1,0,3,26:10,0,2,2,5-45,3.8,34,128,8.8,15-24,212,340,1-1,1-9,20,-4,0,2,10,0,44,2,0,4
401532581,2023,3,regular,Air Force,Mountain West,home,39,5,0,,,,7,8,0,1,1,0,38:40,0,0,0,6-60,5.4,64,344,21.0,3-4,84,428,1-1,9-13,24,,,,9,0,33,5,1,7
401532581,2023,3,regular,Utah State,Mountain West,away,21,0,3,39,0,2,3,,,,0,1,21:20,1,1,2,4-17,2.1,26,54,7.1,20-35,248,302,2-3,3-11,20,11,0,1,1,0,40,1,0,0
401540313,2023,3,regular,Monmouth,Coastal Athletic,home,31,3,1,,,,,,,,1,,39:29,0,0,0,6-55,5.3,39,205,6.2,14-25,156,361,5-7,4-13,20,,,,,,,,,
401540313,2023,3,regular,Campbell,Coastal Athletic,away,45,3,1,10,0,1,,,,,0,,26:16,0,1,1,3-20,5.7,32,182,7.4,16-25,184,366,3-4,5-10,20,,,,,,,,,
401540471,2023,3,regular,William & Mary,Coastal Athletic,away,15,1,0,19,0,2,7,0,0,2,0,1,34:17,1,0,1,8-85,5.0,37,186,7.5,14-28,209,395,1-2,5-15,16,-5,0,2,,,,,,
401540471,2023,3,regular,Charleston Southern,Big South-OVC,home,7,0,0,149,1,4,1,0,0,1,0,2,25:43,2,0,2,5-45,1.3,30,40,4.1,9-14,57,97,1-2,1-10,8,23,0,3,,,,,,
401540582,2023,3,regular,The Citadel,Southern,away,3,0,0,68,0,4,3,,,,0,2,27:34,1,1,2,6-55,3.0,30,90,4.5,10-15,68,158,0-1,1-9,8,0,0,1,,,,,,
401540582,2023,3,regular,Chattanooga,Southern,home,48,2,4,17,0,1,12,0,0,1,1,1,32:26,0,0,0,0-0,4.5,41,183,15.1,13-17,257,440,1-1,4-9,21,,,,,,,,,
401540334,2023,3,regular,New Hampshire,Coastal Athletic,home,24,2,1,,,,6,77,0,2,1,0,33:26,0,0,0,8-80,5.2,40,207,2.9,11-23,67,274,2-4,4-14,17,12,0,3,,,,,,
401540334,2023,3,regular,Dartmouth,Ivy,away,7,1,0,49,0,3,1,,,,0,2,26:34,2,1,3,8-70,3.8,31,119,5.6,16-35,195,314,1-3,2-13,15,0,0,1,,,,,,
401540398,2023,3,regular,Marist,Pioneer,home,21,0,3,131,0,6,3,,,,0,1,24:17,1,1,2,6-70,1.2,19,22,7.0,21-46,321,343,2-3,3-15,15,2,0,1,,,,,,
401540398,2023,3,regular,Davidson,Pioneer,away,49,2,5,65,0,4,7,0,0,1,1,1,35:43,0,0,0,4-45,4.0,52,209,13.3,18-23,305,514,1-3,2-8,28,8,0,1,,,,,,
401540466,2023,3,regular,Taylor,,away,20,2,1,101,0,6,0,1,0,1,0,1,32:00,0,1,1,3-35,4.2,44,183,7.5,14-22,165,348,1-4,7-14,20,12,0,1,,,,,,
401540466,2023,3,regular,Dayton,Pioneer,home,52,5,2,36,0,2,10,,,,1,0,28:00,1,0,1,3-25,5.9,43,253,12.1,13-25,303,556,2-3,6-11,25,8,0,1,,,,,,
401540411,2023,3,regular,North Carolina A&T,Coastal Athletic,away,3,0,0,96,0,5,3,,,,0,,16:36,2,0,2,6-59,3.0,21,63,2.6,6-18,46,109,0-0,2-11,4,0,0,1,,,,,,
401540411,2023,3,regular,Elon,Coastal Athletic,home,27,1,2,18,0,1,9,0,0,1,0,1,30:10,1,0,1,7-83,6.1,39,236,5.4,9-17,92,328,2-2,0-11,16,13,0,3,,,,,,
401540484,2023,3,regular,Tennessee State,Big South-OVC,home,27,2,1,33,0,1,9,,,,0,2,31:08,1,1,2,11-73,3.4,35,120,4.9,21-45,221,341,0-0,7-20,17,0,0,1,,,,,,
401540484,2023,3,regular,Gardner-Webb,Big South-OVC,away,25,1,2,105,0,6,5,0,0,1,1,1,28:52,0,0,0,4-45,5.5,34,187,4.4,20-50,219,406,2-4,5-22,18,40,0,4,,,,,,
401540488,2023,3,regular,Rhode Island,Coastal Athletic,away,34,2,2,66,0,3,10,0,0,1,0,1,32:14,1,1,2,3-25,4.9,42,206,7.3,18-32,234,440,0-0,13-18,25,57,0,3,,,,,,
401540488,2023,3,regular,Maine,Coastal Athletic,home,17,2,0,96,0,6,5,0,0,1,1,2,27:46,1,0,1,8-76,4.1,26,107,5.5,20-30,164,271,0-0,3-11,17,0,0,1,,,,,,
401540267,2023,3,regular,Stetson,Pioneer,away,20,2,0,,,,8,,,,1,0,29:55,2,0,2,4-14,3.3,34,111,6.4,15-27,172,283,0-0,6-14,16,,,,,,,,,
401540267,2023,3,regular,Montana State,Big Sky,home,57,6,0,,,,15,77,2,3,0,1,23:57,0,1,1,3-22,11.0,29,318,9.1,16-30,272,590,1-1,4-8,24,21,0,1,,,,,,
401540283,2023,3,regular,North American,,away,0,0,0,32,0,3,,,,,0,1,31:55,2,0,2,8-65,-1.6,31,-49,1.2,10-21,26,-23,0-2,1-15,2,-1,0,2,,,,,,
401540283,2023,3,regular,Portland State,Big Sky,home,91,7,4,57,0,1,13,40,1,2,0,,28:05,0,0,0,10-100,6.4,46,293,11.2,8-12,134,427,0-0,7-9,21,119,1,4,,,,,,
401540554,2023,3,regular,Wofford,Southern,home,20,2,0,97,0,4,8,-3,0,1,0,,27:01,0,0,0,7-68,6.0,32,193,4.9,12-24,117,310,1-1,5-14,12,3,0,1,,,,,,
401540554,2023,3,regular,Presbyterian,Pioneer,away,23,0,2,11,0,1,11,,,,0,,32:59,1,0,1,2-15,3.9,32,124,6.7,16-42,281,405,2-3,8-20,21,,,,,,,,,
401540559,2023,3,regular,San Diego,Pioneer,home,12,1,0,26,0,1,6,15,0,1,1,1,27:33,0,0,0,5-35,-0.7,21,-15,5.6,20-37,209,194,0-1,4-16,9,10,0,3,,,,,,
401540559,2023,3,regular,Princeton,Ivy,away,23,1,2,43,0,2,3,,,,0,1,32:27,1,1,2,8-75,4.3,37,159,6.3,23-38,240,399,0-2,5-16,19,16,0,3,,,,,,
401540291,2023,4,regular,Brown,Ivy,away,31,3,1,43,0,2,7,0,0,1,0,1,34:25,0,0,0,1-15,2.4,35,83,7.0,36-52,364,447,1-2,12-19,29,,,,,,,,,
401540291,2023,4,regular,Harvard,Ivy,home,34,2,3,75,0,2,4,,,,0,,25:35,1,0,1,4-60,7.7,34,261,7.8,15-26,203,464,0-0,5-9,24,4,0,1,,,,,,
401540245,2023,4,regular,Sacramento State,Big Sky,away,27,1,2,50,0,4,9,,,,2,2,21:21,0,1,1,3-35,2.4,29,69,8.1,15-29,236,305,2-3,5-13,18,,,,,,,,,
401540245,2023,4,regular,Idaho,Big Sky,home,36,1,2,82,0,4,12,,,,1,3,38:39,0,2,2,5-49,4.0,44,178,11.1,15-21,234,412,0-0,7-13,21,,,,,,,,,
401520252,2023,4,regular,UAB,American Athletic,away,21,1,2,100,0,5,3,30,0,1,2,1,25:35,1,0,1,4-29,3.3,26,86,4.9,32-51,250,336,2-4,4-15,20,,,,1,0,56,1,0,3
401520252,2023,4,regular,Georgia,SEC,home,49,4,3,85,0,4,7,0,0,1,0,3,34:25,1,2,3,5-40,5.2,36,188,9.9,28-40,394,582,0-1,10-13,31,43,0,4,5,0,54,1,0,4
401520251,2023,4,regular,Charlotte,American Athletic,away,7,1,0,,,,1,,,,2,1,28:25,0,0,0,7-48,2.7,29,78,5.3,14-25,133,211,0-1,3-13,10,,,,7,0,34,3,2,0
401520251,2023,4,regular,Florida,SEC,home,22,0,1,22,0,1,16,,,,0,2,31:35,0,2,2,5-35,3.8,36,136,11.3,20-23,259,395,0-1,1-9,21,53,0,4,6,0,28,4,10,1
401520269,2023,4,regular,UTSA,American Athletic,away,14,0,2,,,,2,,,,1,1,37:12,2,1,3,5-40,2.2,40,88,5.6,30-41,231,319,1-3,8-19,16,,,,5,0,33,2,3,6
401520269,2023,4,regular,Tennessee,SEC,home,45,4,2,34,0,2,9,13,0,2,1,2,22:48,0,1,1,5-40,9.2,33,303,6.3,18-33,209,512,0-0,6-15,21,1,0,2,7,0,37,4,6,1
401520267,2023,4,regular,Mississippi State,SEC,away,30,2,1,14,0,1,12,,,,1,2,28:18,1,1,2,5-48,1.4,23,32,10.1,30-48,487,519,2-3,5-14,20,19,0,3,5,0,47,4,0,0
401520267,2023,4,regular,South Carolina,SEC,home,37,2,3,,,,7,0,0,1,1,1,31:42,0,1,1,4-35,3.1,47,144,14.4,18-20,288,432,1-1,5-13,19,22,0,1,9,0,43,4,2,8
401520274,2023,4,regular,Vanderbilt,SEC,home,28,2,1,27,0,1,8,6,0,2,0,,28:49,4,0,4,7-75,3.6,27,97,4.9,20-47,231,328,1-1,6-17,20,,,,3,0,19,1,3,4
401520274,2023,4,regular,Kentucky,SEC,away,45,3,1,13,0,1,9,84,2,3,0,1,31:11,2,0,2,10-106,5.2,31,160,7.1,15-29,205,365,0-0,5-11,18,,,,2,2,37,1,8,7
401526835,2023,4,regular,New Mexico,Mountain West,away,34,4,1,85,0,6,4,,,,0,3,27:49,0,0,0,6-55,3.6,38,136,11.3,9-17,192,328,0-0,4-10,18,,,,5,0,33,1,0,3
401526835,2023,4,regular,Massachusetts,FBS Independents,home,31,1,2,83,0,4,11,,,,0,1,32:11,0,0,0,11-75,4.4,45,197,11.9,16-25,298,495,0-3,6-13,21,14,0,2,8,0,20,3,1,5
401525846,2023,4,regular,Iowa State,Big 12,home,34,1,3,0,0,1,10,19,0,2,0,,34:41,0,0,0,5-40,2.2,34,74,9.2,27-38,348,422,1-1,6-17,20,15,0,3,3,0,24,1,11,3
401525846,2023,4,regular,Oklahoma State,Big 12,away,27,1,2,,,,9,,,,0,,25:19,2,0,2,3-25,5.5,24,131,5.8,23-48,278,409,2-3,5-17,18,,,,5,0,40,0,2,2
401525848,2023,4,regular,UCF,Big 12,away,31,1,3,95,0,3,7,3,0,1,0,1,25:37,1,1,2,10-80,4.2,34,143,10.6,14-25,264,407,1-2,5-12,19,12,0,1,2,0,52,1,0,4
401525848,2023,4,regular,Kansas State,Big 12,home,44,6,0,50,0,4,8,0,0,1,1,0,34:23,1,0,1,5-63,7.0,40,281,6.1,27-42,255,536,1-2,9-15,32,0,0,1,8,0,43,4,3,2
401525844,2023,4,regular,Texas,Big 12,away,38,4,1,12,0,2,8,5,0,1,0,3,26:30,0,2,2,2-20,5.1,34,175,13.1,19-25,328,503,0-0,3-9,24,51,0,4,8,0,45,5,4,2
401525844,2023,4,regular,Baylor,Big 12,home,6,0,0,15,0,1,6,,,,2,0,33:30,1,0,1,4-21,1.9,31,60,5.8,29-53,305,365,1-5,5-18,19,,,,7,0,40,3,0,2
401525850,2023,4,regular,West Virginia,Big 12,home,20,1,1,31,0,2,8,,,,0,,34:50,2,0,2,3-20,3.7,42,157,4.5,13-22,99,256,1-1,3-13,16,45,0,3,4,0,42,2,5,10
401525850,2023,4,regular,Texas Tech,Big 12,away,13,0,1,108,0,5,7,26,0,2,0,2,25:10,0,0,0,9-96,4.2,38,160,3.7,15-43,161,321,5-8,2-18,18,0,0,1,4,0,35,1,0,1
401525847,2023,4,regular,BYU,Big 12,away,27,1,2,25,0,1,9,,,,0,2,30:05,2,1,3,3-30,0.4,22,9,7.0,30-51,357,366,2-4,6-14,23,,,,4,0,43,1,0,2
401525847,2023,4,regular,Kansas,Big 12,home,38,0,3,47,0,3,8,54,1,2,1,0,29:55,0,0,0,7-70,6.0,37,221,6.8,14-19,130,351,0-1,4-8,23,13,0,1,7,1,41,3,2,9
401525849,2023,4,regular,SMU,American Athletic,away,17,2,0,5,0,1,5,,,,0,,30:12,2,0,2,4-20,4.1,39,158,7.4,16-35,258,416,1-3,5-15,21,,,,6,0,46,2,2,1
401525849,2023,4,regular,TCU,Big 12,home,34,1,3,22,0,1,10,53,0,2,0,,29:48,0,0,0,6-48,4.4,44,192,8.0,24-33,265,457,3-5,6-15,25,,,,5,0,31,3,4,6
401540207,2023,4,regular,Western Illinois,MVFC,away,17,1,1,12,0,1,5,14,0,2,0,1,24:23,3,1,4,5-45,-0.4,18,-7,5.8,30-49,283,276,1-2,3-14,21,11,0,2,,,,,,
401540207,2023,4,regular,Southern Utah,UAC,home,37,2,2,31,0,2,7,81,1,3,1,1,35:37,2,0,2,8-103,2.7,35,96,6.9,24-35,242,338,0-0,5-14,22,11,0,2,,,,,,
401540222,2023,4,regular,Missouri State,MVFC,home,59,2,5,,,,11,10,1,2,0,5,30:57,0,2,2,11-129,6.8,31,210,14.9,24-31,462,672,0-0,7-11,23,35,0,2,,,,,,
401540222,2023,4,regular,Utah Tech,UAC,away,14,2,0,0,0,1,2,,,,2,1,29:03,4,0,4,6-75,5.1,25,127,3.9,18-44,173,300,1-2,4-13,18,,,,,,,,,
401540040,2023,4,regular,Fordham,Patriot,home,44,3,2,,,,8,,,,0,3,26:30,0,1,1,4-15,6.6,37,245,11.5,15-22,252,497,2-2,3-11,19,20,0,2,,,,,,
401540040,2023,4,regular,Stonehill,NEC,away,0,0,0,114,0,8,0,,,,1,2,33:30,0,0,0,2-15,4.5,35,156,2.7,15-37,101,257,0-1,3-16,15,19,0,3,,,,,,
401540185,2023,4,regular,Central Arkansas,UAC,home,52,3,2,19,0,1,10,,,,2,0,35:21,0,0,0,5-50,8.4,45,380,6.8,18-31,212,592,1-3,6-13,29,-1,0,1,,,,,,
401540185,2023,4,regular,Abilene Christian,UAC,away,17,1,1,130,0,6,5,,,,0,2,24:39,0,2,2,5-42,2.0,22,43,6.1,16-31,189,232,0-0,3-12,12,5,0,2,,,,,,
401540175,2023,4,regular,Stephen F. Austin,UAC,home,20,1,1,,,,8,12,0,2,0,,23:27,2,0,2,9-62,4.0,33,131,4.8,22-40,193,324,4-6,2-14,18,,,,,,,,,
401540175,2023,4,regular,Austin Peay,UAC,away,22,1,1,111,0,4,2,20,1,2,0,,36:33,2,0,2,3-22,5.4,42,227,6.2,8-13,81,308,0-3,2-10,15,0,0,1,,,,,,
401540193,2023,4,regular,Southeast Missouri State,Big South-OVC,away,38,2,3,22,0,1,8,,,,0,1,31:39,0,0,0,6-65,2.3,27,63,8.5,30-42,355,418,0-0,8-14,26,46,0,2,,,,,,
401540193,2023,4,regular,Eastern Kentucky,UAC,home,41,2,2,59,0,3,7,,,,0,,25:47,0,0,0,4-21,8.8,30,264,5.4,27-45,245,509,2-2,4-11,29,,,,,,,,,
401540203,2023,4,regular,UT Martin,Big South-OVC,away,37,4,1,,,,7,11,0,1,1,2,30:38,1,1,2,6-55,6.0,51,308,5.7,13-30,172,480,2-3,8-17,21,0,0,1,,,,,,
401540203,2023,4,regular,North Alabama,UAC,home,21,0,3,,,,3,4,0,1,1,1,29:22,1,1,2,4-35,2.6,36,95,5.6,31-53,296,391,2-4,10-22,23,-1,0,1,,,,,,
401520270,2023,4,regular,Texas A&M,SEC,home,27,1,2,15,0,1,9,,,,0,1,27:45,0,1,1,7-50,6.3,33,209,7.7,15-25,193,402,0-0,5-12,16,30,0,3,15,0,39,7,1,3
401520270,2023,4,regular,Auburn,SEC,away,10,0,0,16,0,1,4,,,,1,1,32:15,0,0,0,10-64,3.5,41,144,2.4,9-23,56,200,1-2,3-15,14,14,0,2,4,0,34,2,2,2
401520258,2023,4,regular,Arkansas,SEC,away,31,0,3,19,0,2,11,15,0,1,0,2,34:22,2,0,2,11-69,3.7,37,137,9.3,21-31,289,426,1-1,8-13,25,,,,2,0,25,2,1,2
401520258,2023,4,regular,LSU,SEC,home,34,0,4,,,,10,0,0,2,0,,25:38,1,0,1,5-51,6.5,29,189,11.0,20-29,320,509,0-0,6-10,26,,,,6,0,32,4,3,3
401532408,2023,4,regular,Delaware State,MEAC,away,20,0,3,,,,2,,,,0,1,31:34,0,0,0,8-57,2.8,28,77,8.3,21-33,274,351,2-4,5-15,14,,,,0,0,33,0,0,3
401532408,2023,4,regular,Miami (OH),Mid-American,home,62,6,2,,,,14,,,,0,,25:40,0,0,0,4-45,10.8,43,466,8.2,15-22,180,646,0-1,8-10,28,29,0,2,8,0,31,0,4,4
401532405,2023,4,regular,Bowling Green,Mid-American,home,7,1,0,49,0,3,1,,,,1,3,25:47,2,2,4,12-123,4.6,22,102,3.5,16-31,109,211,0-1,2-11,10,5,0,1,6,0,37,1,2,1
401532405,2023,4,regular,Ohio,Mid-American,away,38,0,3,44,0,2,8,21,0,2,2,3,34:13,0,1,1,8-65,3.4,37,127,10.6,16-19,201,328,0-1,6-12,19,4,0,1,7,0,29,3,3,3
401532407,2023,4,regular,Fresno State,Mountain West,home,53,2,5,57,0,3,9,,,,0,1,32:21,0,0,0,3-25,4.3,33,143,10.9,26-34,370,513,1-2,8-10,29,,,,6,0,29,0,3,2
401532407,2023,4,regular,Kent State,Mid-American,away,10,1,0,95,0,5,4,,,,0,,27:39,0,0,0,11-72,3.5,37,129,6.8,8-15,102,231,1-2,3-12,11,,,,1,0,40,0,1,3
401520256,2023,4,regular,Indiana,Big Ten,home,29,1,1,39,0,3,9,66,1,3,0,1,25:36,1,1,2,5-50,2.7,34,92,7.3,11-26,190,282,0-2,3-14,14,0,0,1,6,1,46,2,1,4
401520256,2023,4,regular,Akron,Mid-American,away,27,3,0,55,0,3,9,25,0,1,1,0,34:24,3,0,3,10-98,6.6,40,263,4.8,26-44,211,474,0-2,5-17,24,-1,0,1,5,0,33,3,2,2
401532406,2023,4,regular,Western Michigan,Mid-American,away,31,3,0,51,0,2,7,8,0,2,2,4,33:43,2,2,4,5-50,4.2,55,230,6.3,13-26,163,393,1-4,5-14,24,,,,3,0,32,0,1,5
401532406,2023,4,regular,Toledo,Mid-American,home,49,3,4,25,0,1,7,12,0,2,2,3,26:17,2,2,4,11-95,6.1,44,269,9.5,14-24,228,497,0-1,5-11,23,,,,6,0,40,3,0,2
401540422,2023,4,regular,Princeton,Ivy,home,13,2,0,48,0,3,1,,,,1,2,27:04,1,1,2,3-35,4.8,35,167,3.7,16-30,110,277,0-3,5-14,16,,,,,,,,,
401540422,2023,4,regular,Bryant,Big South-OVC,away,16,0,1,54,0,3,10,17,0,1,1,3,32:56,0,1,1,6-45,2.1,39,83,4.5,19-28,126,209,2-2,4-17,14,3,0,1,,,,,,
401540087,2023,4,regular,Arkansas-Pine Bluff,SWAC,away,24,0,3,160,0,5,6,,,,1,2,28:44,1,1,2,10-84,2.8,28,78,6.9,20-35,242,320,0-0,6-13,22,,,,,,,,,
401540087,2023,4,regular,Alabama A&M,SWAC,home,31,1,3,86,0,5,7,0,0,1,1,1,31:16,0,1,1,11-100,4.7,38,177,9.9,27-33,328,505,0-2,4-10,24,,,,,,,,,
401520271,2023,4,regular,Troy,Sun Belt,home,27,2,1,16,0,1,9,,,,2,5,38:59,0,3,3,7-71,3.7,46,172,10.0,22-35,349,521,2-2,9-18,24,1,0,1,3,0,25,1,4,5
401520271,2023,4,regular,Western Kentucky,Conference USA,away,24,1,2,22,0,1,6,,,,2,2,21:01,0,2,2,3-21,1.0,13,13,6.9,24-40,275,288,1-2,2-10,16,-1,0,1,7,0,44,5,4,3
401520273,2023,4,regular,UNLV,Mountain West,away,45,6,0,56,0,3,9,0,0,3,0,,29:51,1,0,1,10-96,6.4,48,307,7.0,15-27,190,497,0-1,10-17,23,13,0,2,,,,,,
401520273,2023,4,regular,UTEP,Conference USA,home,28,3,1,54,0,3,4,17,0,1,0,,30:09,3,0,3,8-74,2.7,34,91,7.3,14-31,225,316,1-1,4-14,21,,,,,,,,,
401520263,2023,4,regular,Nebraska,Big Ten,home,28,3,1,47,0,2,4,3,0,1,0,3,31:58,0,0,0,6-55,6.5,48,312,5.9,8-18,107,419,2-2,3-11,20,8,0,1,4,0,30,0,1,4
401520263,2023,4,regular,Louisiana Tech,Conference USA,away,14,1,1,33,0,2,2,,,,0,3,28:02,1,0,1,12-100,2.2,21,46,7.0,27-42,292,338,0-1,3-12,17,32,0,5,9,0,37,3,2,3
401520275,2023,4,regular,Liberty,Conference USA,away,38,3,2,41,0,2,8,0,0,1,1,3,33:09,1,2,3,4-49,8.3,44,364,7.4,11-21,156,520,0-0,6-10,22,0,0,1,11,0,30,5,2,2
401520275,2023,4,regular,Florida International,Conference USA,home,6,1,0,41,0,3,0,0,0,1,2,1,26:51,1,1,2,5-43,1.9,33,64,6.1,11-24,147,211,0-3,3-12,11,,,,0,0,29,0,1,2
401540117,2023,4,regular,Florida A&M,SWAC,home,23,0,2,29,0,2,5,,,,0,2,34:06,0,2,2,7-57,2.5,19,47,7.8,24-37,290,337,0-0,5-10,21,,,,,,,,,
401540117,2023,4,regular,Alabama State,SWAC,away,10,0,1,40,0,5,4,,,,2,3,23:43,1,0,1,12-93,0.6,23,14,7.6,23-38,288,302,2-4,4-15,13,17,0,2,,,,,,
401520262,2023,4,regular,Colorado State,Mountain West,away,31,0,3,83,0,5,7,,,,2,0,26:03,1,0,1,11-90,1.7,19,33,7.8,31-44,345,378,1-1,8-15,18,,,,8,0,46,3,1,4
401520262,2023,4,regular,Middle Tennessee,Conference USA,home,23,1,2,,,,5,0,0,1,0,2,33:57,0,2,2,6-65,3.5,43,151,6.8,30-41,279,430,2-4,7-17,26,,,,6,0,34,1,7,1
401540157,2023,4,regular,Texas Southern,SWAC,away,23,0,3,121,0,5,5,,,,1,0,25:40,0,0,0,6-36,3.8,31,118,6.4,14-24,153,271,0-1,2-12,13,,,,,,,,,
401540157,2023,4,regular,Grambling,SWAC,home,35,3,2,66,0,4,5,,,,0,1,34:20,0,1,1,11-98,5.9,48,282,8.5,14-23,195,477,1-1,6-14,23,6,0,3,,,,,,
401540142,2023,4,regular,Bethune-Cookman,SWAC,away,16,1,1,0,0,2,4,33,0,1,0,2,26:13,1,2,3,3-35,2.3,25,58,4.8,19-36,172,230,2-3,0-14,14,,,,,,,,,
401540142,2023,4,regular,Jackson State,SWAC,home,22,1,1,83,0,4,,0,0,1,2,0,33:47,1,0,1,8-84,5.8,45,260,3.5,14-25,88,348,1-2,4-15,19,,,,,,,,,
401524019,2023,4,regular,Washington State,Pac-12,home,38,1,4,60,0,3,8,2,0,1,0,2,28:27,0,2,2,7-60,3.5,30,106,12.1,29-35,422,528,1-2,5-9,27,,,,6,0,31,2,12,3
401524019,2023,4,regular,Oregon State,Pac-12,away,35,4,1,36,0,1,5,,,,2,2,31:33,1,0,1,5-31,6.2,39,242,5.8,17-34,198,440,2-4,6-14,25,,,,4,0,34,1,3,3
401539995,2023,4,regular,North Carolina Central,MEAC,home,45,1,5,20,0,1,9,10,0,1,0,1,29:24,0,0,0,4-50,4.6,33,153,9.4,17-28,263,416,0-1,3-8,21,15,0,2,,,,,,
401539995,2023,4,regular,Mississippi Valley State,SWAC,away,3,0,0,120,0,8,3,,,,0,1,30:36,1,0,1,9-92,3.6,31,112,3.3,14-32,104,216,1-2,4-17,13,,,,,,,,,
401531872,2023,4,regular,Utah State,Mountain West,home,38,1,4,46,0,3,8,16,0,2,3,0,30:15,3,0,3,9-80,3.2,31,98,8.2,27-49,402,500,2-4,7-18,21,35,0,1,5,0,35,1,4,5
401531872,2023,4,regular,James Madison,Sun Belt,away,45,2,4,56,0,2,9,15,0,3,0,3,29:45,2,3,5,6-35,3.8,39,148,10.7,23-34,364,512,1-1,3-12,23,18,0,2,12,0,38,5,6,10
401525511,2023,4,regular,Virginia Tech,ACC,away,17,2,0,30,0,4,5,4,0,2,0,3,27:14,0,1,1,9-70,6.1,30,184,4.5,19-35,159,343,1-3,2-13,16,31,0,3,6,0,33,2,3,1
401525511,2023,4,regular,Marshall,Sun Belt,home,24,2,1,26,0,1,6,,,,1,0,32:46,2,0,2,3-30,4.9,44,214,6.1,16-27,166,380,0-0,5-14,19,,,,6,0,26,4,11,6
401540126,2023,4,regular,Alcorn State,SWAC,home,20,0,2,18,0,2,8,14,0,1,0,,28:50,0,0,0,3-40,4.2,23,97,7.8,26-37,287,384,1-1,4-12,21,,,,,,,,,
401540126,2023,4,regular,Prairie View A&M,SWAC,away,23,2,1,62,0,4,5,,,,0,,31:10,1,0,1,11-75,3.5,35,121,9.8,12-19,187,308,0-0,3-9,16,56,0,3,,,,,,
401524014,2023,4,regular,Arizona State,Pac-12,home,28,1,2,83,0,3,8,,,,1,2,31:48,1,1,2,4-26,2.8,32,90,6.7,23-39,263,353,3-4,6-16,21,,,,4,0,32,2,3,3
401524014,2023,4,regular,USC,Pac-12,away,42,2,3,46,0,3,10,11,0,1,1,2,28:12,0,1,1,10-85,7.3,29,213,10.4,20-31,322,535,1-2,3-10,22,,,,14,0,39,8,1,2
401524017,2023,4,regular,Utah,Pac-12,home,14,0,1,,,,2,21,1,1,1,3,34:28,0,1,1,4-30,2.1,48,102,6.9,9-17,117,219,0-1,6-17,13,12,0,5,11,1,31,7,0,4
401524017,2023,4,regular,UCLA,Pac-12,away,7,0,1,36,0,2,1,,,,1,3,25:32,1,1,2,6-36,0.3,32,9,6.7,15-35,234,243,1-4,3-17,11,6,0,1,11,0,41,4,0,3
401524018,2023,4,regular,Washington,Pac-12,home,59,2,4,66,0,3,11,87,1,3,0,,30:10,1,0,1,9-83,4.7,30,140,12.2,23-32,389,529,1-2,5-11,23,83,1,1,2,2,47,0,0,3
401524018,2023,4,regular,California,Pac-12,away,32,2,3,74,0,4,2,0,0,1,0,1,29:50,3,0,3,2-10,4.0,35,139,7.9,27-46,363,502,0-0,10-17,28,2,0,1,3,0,36,0,0,2
401524016,2023,4,regular,Arizona,Pac-12,away,21,2,1,6,0,1,3,,,,0,,28:51,0,0,0,5-36,3.9,37,145,6.8,18-30,204,349,1-2,6-13,20,10,0,2,11,0,34,5,4,3
401524016,2023,4,regular,Stanford,Pac-12,home,20,2,0,,,,8,,,,0,1,31:09,0,0,0,6-45,3.2,35,112,7.7,18-32,246,358,1-1,7-16,19,,,,3,0,30,2,5,1
401531877,2023,4,regular,Nevada,Mountain West,away,24,2,0,64,0,3,6,98,1,1,2,4,31:25,1,2,3,3-35,4.3,37,159,5.9,22-33,194,353,1-2,8-15,20,0,0,1,4,1,39,2,0,2
401531877,2023,4,regular,Texas State,Sun Belt,home,35,3,2,26,0,2,5,17,0,1,2,2,28:35,1,2,3,9-79,8.1,34,276,9.3,26-32,298,574,1-4,6-11,24,2,0,2,7,0,49,1,1,3
401531871,2023,4,regular,Ball State,Mid-American,home,3,0,0,30,0,2,3,,,,0,1,29:19,2,0,2,3-25,1.3,28,37,5.5,14-29,160,197,0-0,3-15,10,,,,3,0,43,1,3,1
401531871,2023,4,regular,Georgia Southern,Sun Belt,away,40,0,4,32,0,2,16,0,0,2,0,,30:41,0,0,0,5-35,6.2,27,167,7.3,36-50,363,530,2-2,4-14,25,15,0,3,10,0,27,4,4,4
401531873,2023,4,regular,East Texas A&M,Southland,away,9,0,1,30,0,2,3,46,0,3,2,1,35:08,0,1,1,8-79,3.0,42,126,4.8,15-26,124,250,0-2,4-16,16,0,0,2,9,0,38,8,2,4
401531873,2023,4,regular,Old Dominion,Sun Belt,home,10,0,1,16,0,1,4,,,,1,3,24:52,3,2,5,7-88,0.5,30,15,10.6,19-31,328,343,0-2,5-12,15,31,0,4,11,0,26,3,3,1
401531849,2023,4,regular,Georgia State,Sun Belt,away,30,2,1,0,0,1,12,,,,0,3,28:16,0,1,1,9-66,4.2,43,182,7.1,15-27,191,373,0-1,8-14,24,2,0,1,6,0,31,2,4,2
401531849,2023,4,regular,Coastal Carolina,Sun Belt,home,17,0,1,48,0,3,5,,,,1,0,31:44,0,0,0,10-88,4.3,25,107,7.0,26-42,295,402,0-1,6-14,21,,,,4,0,28,0,1,2
401531870,2023,4,regular,Wyoming,Mountain West,home,22,2,0,,,,2,0,0,1,1,0,19:35,1,0,1,8-65,6.6,27,177,2.1,5-15,31,208,0-0,3-12,7,5,0,2,2,0,51,1,6,5
401531870,2023,4,regular,App State,Sun Belt,away,19,0,0,40,0,2,13,18,1,1,0,1,40:25,1,1,2,2-15,4.3,50,217,5.0,22-40,200,417,0-1,10-19,27,,,,4,1,24,3,0,3
401531876,2023,4,regular,Central Michigan,Mid-American,away,34,4,1,31,0,2,4,,,,0,,33:44,0,0,0,4-30,3.3,38,125,7.4,20-31,230,355,1-1,9-16,19,,,,6,0,29,2,4,2
401531876,2023,4,regular,South Alabama,Sun Belt,home,30,2,2,18,0,1,6,,,,0,,26:16,0,0,0,5-49,4.6,33,151,9.4,17-27,254,405,0-1,7-13,19,27,0,2,6,0,33,2,5,2
401531875,2023,4,regular,Buffalo,Mid-American,away,38,4,1,53,0,3,6,0,0,2,1,0,33:22,2,0,2,6-42,4.0,44,178,5.6,18-35,195,373,2-3,6-17,19,0,0,1,6,0,41,2,0,2
401531875,2023,4,regular,Louisiana,Sun Belt,home,45,4,1,17,0,2,9,55,1,2,0,3,26:38,2,1,3,5-32,7.1,38,269,8.6,22-29,249,518,0-1,5-12,24,21,0,3,7,1,47,3,6,5
401531874,2023,4,regular,Southern Miss,Sun Belt,away,37,2,2,87,0,4,13,0,0,1,0,,30:28,2,0,2,5-45,6.9,34,234,6.0,20-36,215,449,2-2,7-15,20,,,,7,0,35,4,3,4
401531874,2023,4,regular,Arkansas State,Sun Belt,home,44,2,3,146,0,6,14,6,0,2,0,,29:32,1,0,1,3-15,4.4,44,192,11.1,11-21,233,425,0-0,7-14,18,3,0,1,2,0,33,1,8,4
401520250,2023,4,regular,Ole Miss,SEC,away,10,1,0,26,0,3,4,0,0,1,0,2,25:37,1,0,1,8-69,1.9,29,56,6.8,21-36,245,301,3-4,3-14,17,,,,9,0,38,4,1,0
401520250,2023,4,regular,Alabama,SEC,home,24,1,1,,,,10,37,0,1,0,1,34:23,1,0,1,6-60,2.9,45,131,10.7,17-21,225,356,0-0,6-13,20,4,0,1,10,0,40,5,8,4
401520257,2023,4,regular,Jacksonville State,Conference USA,home,21,2,1,,,,3,34,0,3,0,,29:14,0,0,0,4-35,5.4,55,295,4.9,9-19,93,388,1-2,3-14,23,7,0,2,13,0,32,6,0,5
401520257,2023,4,regular,Eastern Michigan,Mid-American,away,0,0,0,,,,,,,,0,,30:46,3,0,3,3-15,1.6,35,57,3.3,13-29,95,152,0-3,1-15,11,,,,2,0,38,0,1,2
401531338,2023,4,regular,Tulsa,American Athletic,away,22,2,0,33,0,2,8,0,0,2,1,1,27:48,2,1,3,3-29,3.7,48,179,5.1,8-20,102,281,0-0,6-15,17,9,0,1,5,0,43,0,4,1
401531338,2023,4,regular,Northern Illinois,Mid-American,home,14,1,1,44,0,3,2,22,0,2,1,3,32:12,2,1,3,5-38,4.1,41,167,4.4,17-29,128,295,2-4,5-14,18,2,0,1,7,0,44,3,3,1
401540048,2023,4,regular,Pennsylvania,Ivy,away,37,2,3,95,0,4,7,,,,0,,41:29,2,0,2,2-20,4.4,37,161,7.2,35-49,354,515,2-2,9-17,28,23,0,6,,,,,,
401540048,2023,4,regular,Bucknell,Patriot,home,21,0,3,89,0,5,3,5,0,2,0,,18:31,0,0,0,5-39,0.5,17,8,6.8,18-34,230,238,1-1,3-12,13,21,0,1,,,,,,
401540067,2023,4,regular,Holy Cross,Patriot,home,47,3,4,38,0,2,5,0,0,2,0,1,27:19,0,0,0,1-15,8.1,39,317,7.0,17-27,190,507,1-2,5-9,25,2,0,2,,,,,,
401540067,2023,4,regular,Colgate,Patriot,away,7,1,0,61,0,4,1,,,,0,,32:41,2,0,2,9-72,3.9,37,143,4.3,19-32,137,280,2-4,7-16,16,0,0,1,,,,,,
401540073,2023,4,regular,Monmouth,Coastal Athletic,away,20,0,2,57,0,3,6,,,,0,2,33:04,0,2,2,10-60,1.6,36,59,7.1,21-33,234,293,3-5,6-16,19,,,,,,,,,
401540073,2023,4,regular,Lafayette,Patriot,home,28,2,2,30,0,2,4,,,,2,0,26:56,0,0,0,5-39,4.3,48,206,7.9,10-14,110,316,1-2,7-13,19,,,,,,,,,
401540081,2023,4,regular,Dartmouth,Ivy,home,34,3,1,49,0,2,10,0,0,1,1,3,38:18,1,2,3,2-8,4.2,52,219,5.0,21-26,130,349,4-4,5-14,24,50,0,3,,,,,,
401540081,2023,4,regular,Lehigh,Patriot,away,17,1,0,70,0,4,5,0,0,1,2,2,21:42,1,1,2,4-28,2.9,18,52,3.8,19-30,115,167,0-1,1-10,8,,,,,,,,,
401540376,2023,4,regular,Lincoln (CA),,away,0,0,0,80,0,3,,,,,2,1,30:14,0,0,0,10-92,2.4,34,80,1.2,9-22,26,106,0-3,4-15,10,,,,,,,,,
401540376,2023,4,regular,Lamar,Southland,home,38,3,2,,,,8,,,,0,2,29:46,0,2,2,9-115,6.7,45,301,9.6,15-20,192,493,1-1,6-12,26,18,0,3,,,,,,
401520272,2023,4,regular,Duke,ACC,away,41,3,1,,,,11,,,,2,1,29:50,0,0,0,8-59,2.7,27,74,7.3,23-34,248,322,1-2,5-13,20,73,0,4,8,0,42,2,2,3
401520272,2023,4,regular,UConn,FBS Independents,home,7,1,0,66,0,4,1,,,,0,2,30:10,0,2,2,4-49,2.4,37,89,4.1,13-28,114,203,0-2,4-14,14,25,0,3,3,0,33,0,0,4
401540567,2023,4,regular,Stetson,Pioneer,home,18,0,1,69,0,4,4,30,1,1,0,,26:35,3,0,3,2-20,3.5,26,91,5.2,18-32,167,258,0-0,5-12,15,0,0,1,,,,,,
401540567,2023,4,regular,Butler,Pioneer,away,28,4,0,45,0,2,4,64,0,3,0,1,33:25,1,0,1,9-70,6.7,48,322,2.8,9-19,54,376,2-4,5-14,15,12,0,2,,,,,,
401540324,2023,4,regular,New Hampshire,Coastal Athletic,away,25,0,2,141,0,3,5,,,,0,,32:24,1,0,1,5-55,3.6,14,51,6.6,34-59,387,438,2-4,4-12,27,27,0,2,,,,,,
401540324,2023,4,regular,Delaware,CAA,home,29,1,3,78,0,4,3,18,0,1,0,,27:36,0,0,0,4-53,5.7,29,165,9.1,24-37,336,501,1-3,5-12,24,,,,,,,,,
401524015,2023,4,regular,Colorado,Pac-12,away,6,0,1,,,,0,0,0,1,0,,24:54,0,0,0,12-106,1.6,25,40,4.8,23-33,159,199,1-1,5-14,13,2,0,1,6,0,40,2,0,2
401524015,2023,4,regular,Oregon,Pac-12,home,42,3,3,24,0,1,4,,,,0,1,35:06,1,0,1,9-80,6.3,38,240,8.1,30-35,282,522,3-4,3-10,30,15,0,2,7,0,26,7,1,6
401540227,2023,4,regular,Portland State,Big Sky,home,59,6,1,124,1,2,11,26,0,1,0,2,30:06,0,2,2,7-64,8.9,45,399,6.6,9-11,73,472,0-0,7-10,17,-10,0,1,,,,,,
401540227,2023,4,regular,Cal Poly,Big Sky,away,21,1,2,,,,3,,,,2,1,25:48,1,1,2,5-40,2.9,34,97,5.9,14-28,166,263,0-0,5-15,14,-1,0,1,,,,,,
401540237,2023,4,regular,Eastern Washington,Big Sky,away,27,1,0,39,0,1,5,,,,1,1,11:42,0,0,0,0-0,1.1,15,17,6.7,11-16,107,124,2-2,1-7,7,,,,,,,,,
401540237,2023,4,regular,UC Davis,Big Sky,home,24,1,0,,,,4,,,,0,1,13:35,1,1,2,1-10,11.9,14,167,4.1,12-17,69,236,0-0,2-7,7,12,0,1,,,,,,
401525845,2023,4,regular,Oklahoma,Big 12,away,20,1,1,9,0,1,8,0,0,2,0,2,27:35,0,1,1,8-53,3.0,34,103,8.5,26-38,322,425,1-1,6-16,21,7,0,1,7,0,33,2,2,3
401525845,2023,4,regular,Cincinnati,Big 12,home,6,0,0,,,,6,,,,1,0,32:25,2,0,2,2-20,3.8,37,141,5.6,22-42,235,376,1-4,3-15,21,2,0,2,6,0,32,2,3,5
401520254,2023,4,regular,Sam Houston,Conference USA,away,7,1,0,33,0,2,1,,,,0,2,25:05,1,1,2,10-91,2.1,25,52,5.5,15-23,126,178,1-1,3-13,8,0,0,1,3,0,46,0,1,4
401520254,2023,4,regular,Houston,Big 12,home,38,3,2,0,0,1,8,38,0,1,1,2,34:55,0,0,0,11-95,5.0,37,186,8.4,32-42,352,538,0-1,7-13,27,-5,0,3,5,0,28,2,3,1
401540029,2023,4,regular,Sacred Heart,NEC,away,37,2,2,98,0,5,13,6,0,1,0,1,30:36,0,0,0,4-50,4.7,51,238,7.4,14-25,185,423,0-0,6-13,24,9,0,1,,,,,,
401540029,2023,4,regular,Saint Francis,NEC,home,34,1,3,17,0,3,10,,,,0,,29:24,1,0,1,8-54,6.2,37,228,6.9,16-28,193,421,2-2,3-13,21,21,0,1,,,,,,
401520259,2023,4,regular,Memphis,American Athletic,away,27,0,3,0,0,1,9,,,,1,2,32:40,2,0,2,5-39,2.9,29,83,6.7,31-47,316,399,3-4,7-18,21,21,0,2,6,0,34,2,1,3
401520259,2023,4,regular,Missouri,SEC,home,34,2,2,58,0,3,10,0,0,2,0,1,27:20,0,1,1,7-37,5.6,36,201,13.6,18-25,341,542,1-2,0-8,22,,,,7,0,42,3,5,4
401521330,2023,4,regular,Notre Dame,FBS Independents,home,14,1,1,23,0,1,2,,,,0,,34:59,0,0,0,4-50,4.5,39,176,7.0,17-25,175,351,0-2,5-10,22,,,,2,0,32,1,2,6
401521330,2023,4,regular,Ohio State,Big Ten,away,17,2,0,32,0,1,5,,,,0,,25:01,0,0,0,5-35,4.7,27,126,6.3,21-38,240,366,1-3,10-17,19,8,0,1,2,0,36,0,3,5
401520261,2023,4,regular,Maryland,Big Ten,away,31,1,3,23,0,1,7,37,0,3,2,0,28:36,1,0,1,4-50,4.5,31,139,6.2,21-36,223,362,2-2,6-15,18,,,,6,0,38,3,2,5
401520261,2023,4,regular,Michigan State,Big Ten,home,9,0,1,75,0,3,3,0,0,1,0,3,31:24,3,2,5,6-70,3.3,31,102,6.2,26-44,274,376,3-4,5-13,25,,,,3,0,26,0,7,5
401520260,2023,4,regular,Michigan,Big Ten,home,31,2,1,21,0,2,7,71,1,1,0,,36:08,0,0,0,3-18,5.0,40,201,10.2,15-21,214,415,2-2,8-13,20,0,0,1,3,1,21,0,5,1
401520260,2023,4,regular,Rutgers,Big Ten,away,7,0,1,,,,1,,,,0,,23:52,1,0,1,5-30,3.3,23,77,8.6,11-21,180,257,0-3,3-10,10,,,,2,0,41,2,1,2
401520265,2023,4,regular,Iowa,Big Ten,away,0,0,0,,,,,,,,0,6,14:33,0,4,4,4-28,1.2,17,20,3.5,6-16,56,76,0-0,1-9,4,15,0,3,6,0,56,0,3,0
401520265,2023,4,regular,Penn State,Big Ten,home,31,0,4,,,,7,,,,4,1,45:27,0,0,0,4-45,3.8,57,215,4.6,26-40,182,397,4-4,9-20,28,-3,0,3,5,0,16,3,6,4
401540102,2023,4,regular,Lindenwood,Big South-OVC,away,17,1,1,27,0,1,5,,,,1,1,27:16,0,1,1,7-71,3.2,38,122,8.7,13-22,192,314,1-1,6-14,17,,,,,,,,,
401540102,2023,4,regular,Illinois State,MVFC,home,48,4,3,8,0,1,6,,,,1,1,32:44,0,1,1,4-35,5.0,41,203,8.6,30-37,318,521,2-2,7-11,32,,,,,,,,,
401540045,2023,4,regular,Wagner,NEC,home,30,2,2,72,0,4,6,6,0,1,1,4,31:38,0,1,1,6-55,5.1,34,175,4.5,14-26,118,293,3-3,1-13,13,2,0,1,,,,,,
401540045,2023,4,regular,Merrimack,NEC,away,27,2,0,116,0,5,3,,,,1,2,28:22,1,1,2,3-17,2.0,40,81,8.8,11-20,176,257,0-1,5-14,13,44,0,3,,,,,,
401539980,2023,4,regular,UAlbany,Coastal Athletic,away,23,1,2,16,0,1,,,,,0,5,29:45,1,3,4,11-100,2.4,48,116,6.2,10-23,142,258,0-0,7-17,16,,,,,,,,,
401539980,2023,4,regular,Morgan State,MEAC,home,17,1,1,30,0,2,,0,0,1,3,1,30:15,0,0,0,11-95,1.2,39,45,3.7,19-39,144,189,0-3,3-18,14,0,0,1,,,,,,
401539988,2023,4,regular,Towson,Coastal Athletic,home,14,2,0,93,0,4,2,0,0,1,0,1,23:06,1,1,2,9-72,4.5,31,140,5.6,21-36,201,341,1-2,4-12,21,17,0,2,,,,,,
401539988,2023,4,regular,Norfolk State,MEAC,away,21,2,1,10,0,1,3,4,0,1,1,1,36:54,1,0,1,6-41,6.5,54,350,6.2,6-15,93,443,0-2,6-16,20,,,,,,,,,
401540000,2023,4,regular,The Citadel,Southern,away,10,0,1,57,0,4,4,80,0,2,0,1,24:45,1,0,1,7-59,2.3,24,54,5.7,12-26,148,202,0-2,5-13,10,,,,,,,,,
401540000,2023,4,regular,South Carolina State,MEAC,home,31,1,3,27,0,3,7,0,0,1,0,,35:15,2,0,2,6-51,5.6,43,239,11.7,20-27,317,556,2-3,5-10,28,42,0,4,,,,,,
401520255,2023,4,regular,Illinois,Big Ten,home,23,2,1,22,0,1,5,0,0,1,0,2,31:27,0,2,2,6-72,5.0,41,207,8.4,25-36,303,510,0-1,6-12,26,15,0,1,5,0,31,1,5,11
401520255,2023,4,regular,Florida Atlantic,American Athletic,away,17,0,2,21,0,1,5,,,,2,1,28:33,1,0,1,6-54,4.0,24,97,5.2,28-49,256,353,1-3,6-17,19,32,0,2,8,0,43,4,1,4
401531423,2023,4,regular,South Florida,American Athletic,home,42,3,2,5,0,1,10,,,,0,2,27:33,0,1,1,9-89,4.0,41,162,15.0,22-29,435,597,0-0,6-11,25,11,0,2,11,0,39,4,2,3
401531423,2023,4,regular,Rice,American Athletic,away,29,0,4,80,0,4,3,,,,1,0,32:27,0,0,0,6-41,0.1,20,1,9.8,34-50,491,492,4-5,7-18,19,,,,8,0,27,3,0,2
401520253,2023,4,regular,Hawai'i,Mountain West,home,20,1,1,19,0,1,8,,,,1,2,33:13,0,1,1,4-25,3.3,30,98,6.6,26-37,245,343,1-1,6-15,21,2,0,1,3,0,32,1,0,5
401520253,2023,4,regular,New Mexico State,Conference USA,away,17,0,2,25,0,1,5,,,,1,2,26:47,0,1,1,3-40,5.6,32,180,10.3,9-15,155,335,0-0,5-10,16,0,0,1,7,0,45,3,1,4
401540599,2023,4,regular,Furman,Southern,home,38,4,1,55,0,3,8,,,,1,0,33:41,0,0,0,5-59,5.4,41,222,6.3,21-26,165,387,0-1,5-12,23,17,0,2,,,,,,
401540599,2023,4,regular,Mercer,Southern,away,14,1,1,45,0,2,2,,,,0,1,26:19,0,1,1,6-41,4.1,35,144,7.2,11-17,123,267,0-3,5-13,15,2,0,2,,,,,,
401540622,2023,4,regular,Wofford,Southern,away,14,2,0,12,0,2,2,0,0,2,0,3,27:38,0,2,2,11-53,4.8,34,163,8.2,16-22,180,343,1-2,0-10,11,12,0,1,,,,,,
401540622,2023,4,regular,VMI,Southern,home,17,1,1,2,0,1,5,,,,2,3,32:22,2,0,2,1-5,3.0,51,154,5.2,9-12,62,216,0-0,3-13,12,,,,,,,,,
401540356,2023,4,regular,SE Louisiana,Southland,home,19,1,2,59,0,2,1,,,,0,3,26:06,0,0,0,5-50,1.3,22,29,7.9,25-42,331,360,0-2,8-15,20,38,0,2,,,,,,
401540356,2023,4,regular,Houston Christian,Southland,away,34,1,3,12,0,1,10,,,,0,1,33:54,0,0,0,3-25,5.8,46,267,10.4,16-27,282,549,2-2,9-16,25,7,0,2,,,,,,
401544201,2023,4,regular,North American,,away,3,0,0,70,0,4,3,,,,3,0,36:05,2,0,2,6-36,0.4,25,10,0.1,15-24,2,12,0-0,1-15,3,,,,,,,,,
401544201,2023,4,regular,Incarnate Word,Southland,home,63,4,3,41,0,2,9,78,2,2,0,2,23:55,0,2,2,7-68,7.4,34,250,9.7,18-29,281,531,2-3,6-9,26,89,0,7,,,,,,
401540583,2023,4,regular,Chattanooga,Southern,away,47,3,1,,,,11,38,1,1,1,0,32:43,0,0,0,4-29,2.9,36,106,12.4,21-26,323,429,1-1,7-12,21,,,,,,,,,
401540583,2023,4,regular,Samford,Southern,home,24,2,1,47,0,1,6,,,,0,1,27:17,2,1,3,10-104,5.3,33,174,6.2,33-48,299,473,2-4,8-16,27,-10,0,1,,,,,,
401520266,2023,4,regular,Purdue,Big Ten,home,17,2,0,33,0,2,5,16,0,1,0,2,26:06,2,1,3,7-73,6.3,31,194,5.3,21-38,202,396,0-2,6-13,23,,,,6,0,44,1,1,4
401520266,2023,4,regular,Wisconsin,Big Ten,away,38,4,0,73,0,2,12,28,0,2,1,0,33:54,1,0,1,11-70,4.5,43,195,6.9,18-28,193,388,0-0,12-18,20,,,,8,0,39,2,0,7
401520264,2023,4,regular,Northwestern,Big Ten,home,37,1,4,,,,7,,,,0,2,29:50,0,1,1,8-87,3.2,29,92,7.8,34-51,400,492,0-0,8-17,25,,,,,,,,,
401520264,2023,4,regular,Minnesota,Big Ten,away,34,2,2,20,0,2,10,,,,1,0,30:10,0,0,0,5-59,5.8,42,244,8.1,14-19,153,397,1-1,3-13,15,,,,,,,,,
401520268,2023,4,regular,Syracuse,ACC,home,29,2,1,,,,11,22,0,2,0,,26:40,1,0,1,6-65,4.3,37,158,9.4,21-26,245,403,1-2,3-11,20,17,0,3,8,0,39,4,3,1
401520268,2023,4,regular,Army,FBS Independents,away,16,1,1,12,0,1,4,37,0,1,0,1,33:20,2,0,2,1-10,2.7,46,125,6.9,9-21,145,270,3-4,6-17,16,2,0,1,3,0,45,2,0,2
401540535,2023,4,regular,Tennessee Tech,Big South-OVC,home,17,2,0,,,,5,,,,0,,33:20,1,0,1,7-55,4.4,51,224,7.2,9-19,137,361,3-3,4-14,19,9,0,2,,,,,,
401540535,2023,4,regular,Kennesaw State,FCS Independents,away,7,0,1,72,0,3,1,36,0,1,0,,26:40,0,0,0,5-40,3.0,32,96,3.2,8-24,76,172,2-3,3-15,11,,,,,,,,,
401531413,2023,4,regular,Gardner-Webb,Big South-OVC,away,0,0,0,62,0,4,,,,,1,7,27:16,0,5,5,1-15,1.9,40,77,1.4,8-21,30,107,0-2,6-15,11,,,,6,0,33,2,1,3
401531413,2023,4,regular,East Carolina,American Athletic,home,44,5,1,19,0,1,8,,,,5,1,32:44,0,1,1,5-41,4.2,43,182,5.8,18-32,184,366,1-1,7-15,23,,,,8,0,34,2,1,4
401525509,2023,4,regular,Miami,ACC,away,41,2,3,48,0,2,11,0,0,2,1,0,32:34,0,0,0,7-65,7.7,42,323,8.8,17-25,220,543,0-1,5-11,24,0,0,1,6,0,33,3,2,5
401525509,2023,4,regular,Temple,American Athletic,home,7,0,1,115,0,6,1,,,,0,1,27:26,2,1,3,6-37,0.7,16,11,6.4,23-42,268,279,0-3,5-13,13,,,,3,0,44,0,0,2
401531349,2023,4,regular,Nicholls,Southland,away,7,0,1,42,0,2,1,0,0,2,1,0,32:26,4,0,4,7-55,2.3,27,62,7.0,27-39,273,335,2-3,2-11,21,,,,4,0,42,2,1,2
401531349,2023,4,regular,Tulane,American Athletic,home,36,1,2,50,0,2,12,102,0,4,0,1,27:34,2,1,3,9-90,5.4,28,150,8.6,22-30,258,408,0-0,6-12,19,61,1,3,7,1,35,3,2,3
401525507,2023,4,regular,Clemson,ACC,home,24,2,1,46,0,2,6,,,,0,2,34:36,0,1,1,6-50,3.6,41,146,7.4,25-38,283,429,1-2,6-14,25,21,0,2,5,0,21,2,3,5
401525507,2023,4,regular,Florida State,ACC,away,31,1,2,,,,7,,,,1,0,25:24,0,0,0,7-60,1.1,20,22,7.8,21-37,289,311,1-2,4-13,16,9,0,1,6,0,43,3,1,7
401525508,2023,4,regular,Wake Forest,ACC,home,16,1,1,44,0,2,4,13,0,1,0,4,31:59,3,2,5,2-15,4.3,52,224,5.4,16-30,162,386,1-3,7-14,29,-3,0,1,5,0,30,0,2,2
401525508,2023,4,regular,Georgia Tech,ACC,away,30,1,2,38,0,2,12,37,0,3,2,0,28:01,1,0,1,14-142,4.9,32,158,8.2,16-27,222,380,0-1,7-15,13,,,,11,0,37,9.5,1,5
401525506,2023,4,regular,Boston College,ACC,away,28,1,3,33,0,2,4,,,,0,,25:24,0,0,0,7-61,4.3,31,132,7.2,21-41,295,427,1-4,6-14,23,,,,5,0,36,2,1,1
401525506,2023,4,regular,Louisville,ACC,home,56,3,5,49,0,3,8,,,,0,1,34:36,0,0,0,4-50,4.7,41,194,18.5,18-21,388,582,1-1,8-13,22,,,,3,0,38,3,4,7
401525505,2023,4,regular,Virginia,ACC,home,21,0,2,23,0,1,7,11,0,1,0,1,32:34,2,0,2,7-69,2.8,41,113,9.0,18-30,271,384,1-2,5-14,20,10,0,6,5,0,38,2,5,4
401525505,2023,4,regular,NC State,ACC,away,24,1,2,58,0,4,6,9,0,2,0,,27:26,1,0,1,7-62,3.9,36,139,5.8,15-31,180,319,0-0,6-14,21,5,0,1,7,0,38,2,5,3
401525510,2023,4,regular,Pittsburgh,ACC,home,24,2,0,120,1,3,6,,,,0,2,28:53,2,1,3,11-84,4.0,28,113,5.9,18-33,194,307,0-2,4-11,18,13,0,3,9,1,34,5,1,2
401525510,2023,4,regular,North Carolina,ACC,away,41,3,1,18,0,1,11,33,0,2,1,0,31:07,0,0,0,3-29,2.0,39,77,9.9,22-30,296,373,1-2,5-14,22,81,1,2,5,1,28,2,7,5
401532583,2023,4,regular,Boise State,Mountain West,away,34,3,1,101,0,4,10,,,,2,0,27:50,0,0,0,4-35,5.9,41,241,7.4,12-22,162,403,1-1,5-13,19,-1,0,1,3,0,47,1,3,1
401532583,2023,4,regular,San Diego State,Mountain West,home,31,3,1,104,0,3,7,,,,0,2,32:10,0,2,2,5-23,4.2,40,166,11.9,17-23,273,439,0-0,7-13,22,61,0,3,5,0,42,1,3,6
401532584,2023,4,regular,Air Force,Mountain West,away,45,6,0,,,,9,51,0,1,0,,39:05,0,0,0,4-43,5.5,73,400,14.0,2-2,28,428,3-3,10-15,25,,,,2,0,26,0,2,2
401532584,2023,4,regular,San José State,Mountain West,home,20,3,0,81,0,5,2,,,,0,1,20:55,1,0,1,6-48,6.8,17,115,6.8,24-35,239,354,0-2,3-8,18,1,0,1,3,0,37,0,0,0
401540314,2023,4,regular,Elon,Coastal Athletic,away,28,4,0,,,,4,4,0,1,0,2,29:44,1,1,2,4-25,5.8,41,236,4.4,12-23,102,338,2-2,6-12,24,,,,,,,,,
401540314,2023,4,regular,Campbell,Coastal Athletic,home,24,1,0,9,0,1,4,0,0,1,1,1,19:07,1,0,1,9-76,0.4,18,8,6.6,24-34,223,231,0-0,5-11,15,,,,,,,,,
401540472,2023,4,regular,Western Carolina,Southern,home,77,4,7,10,0,1,11,0,0,1,0,1,25:58,0,0,0,8-73,5.9,40,237,18.6,20-24,446,683,0-1,7-10,33,106,0,6,,,,,,
401540472,2023,4,regular,Charleston Southern,Big South-OVC,away,21,2,0,44,0,4,3,,,,1,0,34:02,1,0,1,7-66,3.4,42,141,3.6,11-23,82,223,4-4,4-18,12,,,,,,,,,
401540058,2023,4,regular,Georgetown,Patriot,away,0,0,0,35,0,3,,,,,0,,28:21,0,0,0,7-40,1.3,24,32,3.6,16-37,135,167,1-4,3-16,14,16,0,2,,,,,,
401540058,2023,4,regular,Columbia,Ivy,home,30,3,1,48,0,1,6,,,,0,1,31:39,0,0,0,7-59,4.7,47,222,7.3,11-26,189,411,2-3,6-14,24,60,0,2,,,,,,
401540307,2023,4,regular,Yale,Ivy,home,21,1,2,20,0,1,3,,,,1,0,21:19,1,0,1,2-20,5.1,34,172,7.2,7-18,129,301,1-1,5-11,17,,,,,,,,,
401540307,2023,4,regular,Cornell,Ivy,away,23,1,1,63,0,3,11,5,0,1,0,2,38:41,0,1,1,5-59,4.0,43,174,5.5,26-36,197,371,2-3,8-17,24,10,0,1,,,,,,
401540399,2023,4,regular,St. Andrews,,away,6,1,0,117,0,8,0,,,,0,4,25:36,0,2,2,5-35,3.1,37,115,0.0,0-1,-25,90,0-0,0-9,6,,,,,,,,,
401540399,2023,4,regular,Davidson,Pioneer,home,84,9,2,0,0,1,12,,,,2,1,34:24,0,0,0,6-60,8.8,53,467,14.1,16-18,253,720,1-1,8-10,35,,,,,,,,,
401540467,2023,4,regular,San Diego,Pioneer,home,40,2,3,53,0,2,4,27,1,3,2,1,32:53,0,0,0,12-122,4.6,32,146,10.1,19-26,262,408,0-0,8-14,19,7,0,1,,,,,,
401540467,2023,4,regular,Dayton,Pioneer,away,25,2,1,,,,5,,,,0,5,26:19,3,3,6,6-62,3.6,44,159,5.5,10-24,132,291,1-2,5-14,19,10,0,1,,,,,,
401540390,2023,4,regular,McNeese,Southland,away,28,2,2,17,0,1,4,,,,0,,24:12,0,0,0,5-60,8.2,33,272,8.2,13-24,196,468,0-1,4-9,24,,,,,,,,,
401540390,2023,4,regular,Eastern Illinois,Big South-OVC,home,31,4,0,61,0,3,7,,,,0,,35:48,0,0,0,6-42,6.3,49,311,4.1,21-34,141,452,2-3,8-16,27,,,,,,,,,
401540252,2023,4,regular,Northern Colorado,Big Sky,away,21,3,0,65,0,3,3,0,0,1,0,1,31:13,2,1,3,8-68,6.1,40,242,3.8,22-32,123,365,2-3,1-11,25,13,0,2,,,,,,
401540252,2023,4,regular,Idaho State,Big Sky,home,35,3,2,,,,5,5,0,2,1,0,28:47,1,0,1,4-50,3.4,30,103,7.8,26-42,326,429,1-1,6-13,26,,,,,,,,,
401540489,2023,4,regular,William & Mary,Coastal Athletic,home,28,2,1,19,0,1,3,,,,0,2,27:10,0,1,1,3-15,5.7,40,226,4.1,6-10,41,267,0-0,7-13,11,20,0,4,,,,,,
401540489,2023,4,regular,Maine,Coastal Athletic,away,3,0,0,59,0,3,3,,,,1,1,19:16,1,0,1,5-45,2.8,21,59,3.8,8-17,64,123,0-0,3-11,5,27,0,3,,,,,,
401540455,2023,4,regular,Valparaiso,Pioneer,home,30,1,3,160,0,6,6,,,,1,1,26:27,1,1,2,3-25,1.9,29,55,9.4,16-25,234,289,0-1,6-13,14,-9,0,1,,,,,,
401540455,2023,4,regular,Marist,Pioneer,away,36,2,3,55,0,3,6,0,0,1,1,1,33:33,0,1,1,9-89,2.1,37,79,6.5,20-38,248,327,2-3,10-19,19,25,0,1,,,,,,
401540260,2023,4,regular,Northern Arizona,Big Sky,home,28,2,2,38,0,2,4,,,,1,0,21:07,2,0,2,2-20,4.2,24,101,7.8,18-24,188,289,3-3,3-9,17,,,,,,,,,
401540260,2023,4,regular,Montana,Big Sky,away,14,1,1,,,,0,0,0,1,0,,16:06,1,1,2,3-15,3.3,17,56,6.1,13-18,110,166,0-0,2-6,8,,,,,,,,,
401540268,2023,4,regular,Weber State,Big Sky,home,0,0,0,24,0,1,,,,,0,1,29:10,0,1,1,5-44,2.6,41,107,3.5,14-29,101,208,2-6,3-17,13,13,0,2,,,,,,
401540268,2023,4,regular,Montana State,Big Sky,away,40,4,2,,,,4,,,,1,2,30:50,0,0,0,5-50,7.7,45,346,10.1,8-17,172,518,0-0,5-12,24,15,0,3,,,,,,
401540529,2023,4,regular,St. Thomas (MN),Pioneer,home,35,2,2,60,0,3,5,,,,0,,29:30,1,0,1,11-109,7.3,39,285,8.6,10-16,137,422,0-1,6-13,15,33,0,1,,,,,,
401540529,2023,4,regular,Morehead State,Pioneer,away,28,2,2,83,0,4,4,12,0,1,0,1,30:30,0,0,0,13-105,2.4,28,66,6.7,21-45,302,368,1-2,4-15,22,0,0,1,,,,,,
401540549,2023,4,regular,Villanova,Coastal Athletic,home,35,5,0,15,0,1,5,81,0,1,1,0,32:57,1,0,1,12-105,6.7,43,287,10.8,9-16,172,459,0-1,8-12,18,,,,,,,,,
401540549,2023,4,regular,Rhode Island,Coastal Athletic,away,9,1,0,105,0,6,3,0,0,1,0,1,27:03,1,1,2,3-40,2.1,28,60,6.7,15-27,181,241,1-2,5-14,16,2,0,1,,,,,,
401540573,2023,4,regular,Stony Brook,Coastal Athletic,home,19,0,1,31,0,2,4,32,0,3,1,2,21:56,1,1,2,9-61,3.3,27,89,8.4,9-15,126,215,0-1,0-9,9,,,,,,,,,
401540573,2023,4,regular,Richmond,Coastal Athletic,away,20,1,1,34,0,2,5,30,0,1,1,1,26:43,4,1,5,2-20,4.5,38,171,4.9,5-16,78,249,0-0,3-12,14,,,,,,,,,
401540499,2023,4,regular,Virginia Lynchburg,,away,0,0,0,64,0,4,,52,0,1,0,5,24:25,0,2,2,11-65,0.2,32,6,2.6,8-20,51,57,0-1,2-13,8,,,,,,,,,
401540499,2023,4,regular,Robert Morris,Big South,home,46,1,5,49,0,2,8,,,,2,0,35:35,1,0,1,8-74,4.7,46,214,16.1,13-20,322,536,0-2,4-10,22,40,0,4,,,,,,
401540068,2023,5,regular,Holy Cross,Patriot,home,28,0,4,135,0,6,4,,,,0,2,26:14,3,2,5,3-31,4.1,36,148,12.3,15-26,320,468,3-5,3-11,19,-2,0,1,,,,,,
401540068,2023,5,regular,Harvard,Ivy,away,38,2,2,62,0,3,8,49,1,3,2,0,33:46,0,0,0,4-35,4.3,49,209,7.6,9-20,151,360,2-3,5-15,20,,,,,,,,,
401540238,2023,5,regular,Eastern Washington,Big Sky,home,36,3,2,58,0,3,4,3,0,1,0,1,27:18,0,0,0,6-53,5.4,42,226,4.5,13-28,126,352,4-5,8-16,21,,,,,,,,,
401540238,2023,5,regular,Idaho,Big Sky,away,44,5,1,151,0,4,8,,,,1,2,32:42,1,0,1,4-35,7.4,49,363,7.1,8-18,128,491,3-3,6-12,25,,,,,,,,,
401520280,2023,5,regular,Auburn,SEC,home,20,2,0,57,0,2,8,0,0,1,1,0,30:09,1,0,1,1-5,5.1,43,219,4.4,11-20,88,307,1-3,2-12,17,,,,8,0,42,0,3,4
401520280,2023,5,regular,Georgia,SEC,away,27,2,1,80,0,3,9,21,0,1,0,2,29:51,1,1,2,3-30,3.6,30,107,9.5,23-33,313,420,0-0,8-13,19,-6,0,1,6,0,46,3,0,4
401520282,2023,5,regular,Kentucky,SEC,home,33,3,1,32,0,1,9,21,0,1,0,,28:46,0,0,0,3-25,9.1,36,329,3.6,9-19,69,398,0-0,1-8,22,4,0,1,9,0,40,3,0,2
401520282,2023,5,regular,Florida,SEC,away,14,0,2,,,,2,,,,0,1,31:14,1,0,1,10-86,2.4,29,69,8.1,25-30,244,313,1-3,4-13,15,5,0,1,4,0,25,0,0,4
401520291,2023,5,regular,South Carolina,SEC,away,20,2,0,20,0,1,8,16,0,2,0,,30:15,1,0,1,4-30,4.9,27,132,5.6,25-36,201,333,2-5,2-15,11,,,,1,0,34,1,1,3
401520291,2023,5,regular,Tennessee,SEC,home,41,3,1,21,0,1,11,28,1,1,0,2,29:45,2,0,2,7-58,6.0,40,238,7.5,21-32,239,477,1-1,7-15,24,24,0,4,8,1,34,6,3,5
401520293,2023,5,regular,Missouri,SEC,away,38,1,4,14,0,1,8,0,0,1,0,1,35:58,0,1,1,9-75,4.0,34,137,9.6,33-41,395,532,0-1,6-12,28,17,0,1,5,0,28,1,10,3
401520293,2023,5,regular,Vanderbilt,SEC,home,21,1,2,32,0,2,3,,,,1,0,24:02,1,0,1,4-25,2.1,20,41,8.4,20-31,259,300,1-2,2-10,15,,,,6,0,43,0,4,2
401526836,2023,5,regular,Arkansas State,Sun Belt,away,52,1,6,91,0,4,10,23,0,1,0,,29:58,0,0,0,10-104,4.3,40,173,15.3,20-25,383,556,0-1,6-10,32,28,0,2,9,0,36,4,1,2
401526836,2023,5,regular,Massachusetts,FBS Independents,home,28,2,1,142,0,6,8,,,,0,,30:02,1,0,1,12-127,4.5,25,112,7.1,29-38,269,381,0-0,5-13,22,-4,0,1,2,0,27,1,0,1
401525856,2023,5,regular,UCF,Big 12,home,35,2,2,67,0,4,5,,,,1,1,24:29,1,1,2,7-74,6.7,35,235,9.0,13-26,234,469,2-2,5-13,18,8,0,1,7,0,48,4,1,6
401525856,2023,5,regular,Baylor,Big 12,away,36,2,1,90,0,4,8,5,0,1,1,2,35:31,0,1,1,4-35,3.6,43,153,8.6,21-34,293,446,0-1,10-18,22,18,0,2,5,0,39,1,1,3
401525852,2023,5,regular,Oklahoma,Big 12,home,50,2,3,65,0,3,12,46,1,2,0,,33:04,1,0,1,5-35,3.8,41,157,9.4,26-39,366,523,3-3,6-14,30,22,0,3,9,1,25,2,6,1
401525852,2023,5,regular,Iowa State,Big 12,away,20,0,2,,,,8,0,0,1,0,,26:56,2,0,2,6-41,5.6,27,150,5.5,19-37,202,352,1-2,4-15,16,,,,4,0,48,1,2,8
401525855,2023,5,regular,Houston,Big 12,away,28,0,4,27,0,2,4,,,,0,1,35:11,0,0,0,4-47,4.5,34,154,8.2,29-41,335,489,0-1,9-15,26,-1,0,1,3,0,34,1,1,3
401525855,2023,5,regular,Texas Tech,Big 12,home,49,3,2,112,1,2,7,,,,0,,24:49,0,0,0,1-5,6.5,37,239,7.3,14-22,161,400,1-1,6-11,21,33,1,2,4,2,55,1,4,1
401525854,2023,5,regular,Texas,Big 12,home,40,4,1,0,0,1,10,,,,1,0,39:41,1,0,1,4-34,6.6,51,336,9.3,25-35,325,661,2-2,9-15,33,,,,3,0,23,0,4,1
401525854,2023,5,regular,Kansas,Big 12,away,14,1,1,32,0,2,2,6,0,1,0,3,20:19,0,1,1,3-20,5.0,25,124,6.5,9-21,136,260,0-2,0-8,11,,,,6,0,54,2,2,2
401525853,2023,5,regular,West Virginia,Big 12,away,24,3,0,18,0,1,6,,,,0,1,33:27,0,0,0,2-10,4.7,43,201,6.8,10-21,142,343,1-3,4-13,20,32,0,2,9,0,45,5,5,6
401525853,2023,5,regular,TCU,Big 12,home,21,1,2,43,0,2,3,,,,0,1,26:33,0,0,0,7-39,3.6,38,135,7.3,23-41,298,433,1-2,6-16,23,1,0,2,5,0,32,0,0,4
401540186,2023,5,regular,Central Arkansas,UAC,away,29,0,3,10,0,1,11,0,0,1,1,0,34:14,1,0,1,14-147,3.2,38,122,7.1,29-49,349,471,0-1,6-19,28,-2,0,1,,,,,,
401540186,2023,5,regular,Southern Utah,UAC,home,27,0,4,82,0,5,3,0,0,1,1,1,25:46,1,1,2,4-39,2.0,23,46,4.2,20-44,186,232,3-4,2-14,16,,,,,,,,,
401532585,2023,5,regular,Colorado State,Mountain West,home,41,2,4,57,0,2,5,23,0,1,0,1,25:41,2,1,3,8-80,3.9,29,112,13.9,27-34,474,586,0-1,3-8,25,10,0,2,7,0,28,3,6,4
401532585,2023,5,regular,Utah Tech,UAC,away,20,0,2,,,,8,0,0,2,1,0,34:19,1,0,1,4-45,4.7,35,164,5.6,21-33,185,349,1-3,7-16,18,0,0,1,4,0,30,0,2,0
401540035,2023,5,regular,Saint Francis,NEC,away,15,1,1,60,0,2,3,6,0,2,1,1,31:57,2,0,2,10-91,4.2,43,180,5.2,10-25,129,309,0-0,6-16,18,26,0,3,,,,,,
401540035,2023,5,regular,Stonehill,NEC,home,10,0,1,48,0,3,4,0,0,2,0,1,28:03,2,1,3,7-60,3.6,38,137,4.6,10-27,123,260,0-1,7-16,14,8,0,1,,,,,,
401540300,2023,5,regular,Indiana State,MVFC,away,28,3,1,19,0,1,2,,,,0,,34:37,1,0,1,6-51,5.2,45,235,5.9,15-27,159,394,2-3,3-10,30,8,0,1,,,,,,
401540300,2023,5,regular,Murray State,MVFC,home,30,1,2,28,0,2,4,32,1,1,0,,25:23,0,0,0,11-125,2.9,35,101,9.2,11-17,157,258,1-1,3-10,14,0,0,1,,,,,,
401531436,2023,5,regular,North Texas,American Athletic,home,45,3,3,39,0,2,9,0,0,1,0,1,32:18,0,0,0,6-65,5.2,40,209,8.9,23-36,321,530,2-2,5-14,27,5,0,1,3,0,36,2,6,5
401531436,2023,5,regular,Abilene Christian,UAC,away,31,0,4,,,,7,,,,0,,27:42,1,0,1,4-33,5.2,33,170,5.7,19-38,217,387,0-1,8-17,20,,,,3,0,41,0,0,5
401540176,2023,5,regular,Lindenwood,Big South-OVC,home,10,1,0,61,0,3,4,-3,0,1,1,1,36:04,3,0,3,7-64,5.1,45,228,4.5,22-45,202,430,1-2,6-20,23,,,,,,,,,
401540176,2023,5,regular,Austin Peay,UAC,away,52,3,4,28,0,2,10,50,0,3,1,1,23:56,1,1,2,9-85,6.8,40,270,11.7,20-36,420,690,1-3,5-13,27,40,0,1,,,,,,
401540194,2023,5,regular,North Alabama,UAC,home,22,0,3,,,,2,8,0,2,0,2,32:56,2,2,4,8-74,3.3,41,135,8.9,31-48,425,560,5-7,3-14,29,11,0,1,,,,,,
401540194,2023,5,regular,Eastern Kentucky,UAC,away,32,2,2,43,0,1,6,25,0,2,2,0,27:04,2,0,2,3-35,5.8,35,204,11.6,14-22,256,460,0-0,3-11,18,,,,,,,,,
401540215,2023,5,regular,SE Louisiana,Southland,home,13,1,1,22,0,1,1,0,0,1,0,1,34:25,2,1,3,6-47,4.3,40,170,6.9,22-35,240,410,2-3,7-15,22,7,0,1,,,,,,
401540215,2023,5,regular,Tarleton State,UAC,away,14,1,0,,,,2,23,1,2,1,1,25:35,1,0,1,0-0,3.7,38,140,2.7,9-23,63,203,1-1,6-15,15,,,,,,,,,
401520288,2023,5,regular,Ole Miss,SEC,home,55,3,4,24,0,2,11,,,,1,0,30:43,0,0,0,11-121,6.5,49,317,10.0,26-39,389,706,2-3,9-16,32,3,0,1,4,0,37,3,4,5
401520288,2023,5,regular,LSU,SEC,away,49,3,4,33,0,2,7,,,,0,1,29:17,0,1,1,6-35,6.0,37,223,10.9,27-38,414,637,0-0,5-10,33,,,,6,0,40,0,4,6
401532413,2023,5,regular,Kent State,Mid-American,home,3,0,0,37,0,2,3,,,,0,,29:44,0,0,0,5-50,1.0,35,36,5.7,18-30,170,206,1-3,3-15,14,13,0,2,5,0,34,4,4,5
401532413,2023,5,regular,Miami (OH),Mid-American,away,23,1,1,22,0,1,11,,,,0,,30:16,0,0,0,3-20,2.2,34,76,9.4,11-23,216,292,0-0,3-12,16,20,0,2,11,0,46,7,2,5
401532412,2023,5,regular,Buffalo,Mid-American,away,13,0,1,24,0,2,7,,,,1,0,33:22,0,0,0,7-65,3.1,36,112,4.2,19-34,142,254,1-2,8-19,16,3,0,2,9,0,26,5,1,4
401532412,2023,5,regular,Akron,Mid-American,home,10,0,1,,,,4,,,,0,1,26:38,0,1,1,2-20,4.3,27,117,4.9,19-28,136,253,1-1,2-11,15,18,0,2,6,0,34,4,2,3
401532411,2023,5,regular,Northern Illinois,Mid-American,away,33,1,2,90,0,5,9,,,,1,2,30:36,0,1,1,5-40,5.8,32,186,8.3,21-31,258,444,0-0,2-10,22,,,,2,0,37,0,2,1
401532411,2023,5,regular,Toledo,Mid-American,home,35,3,2,139,0,6,5,,,,1,2,29:24,0,1,1,8-77,6.1,43,261,14.1,16-20,281,542,2-3,2-10,23,4,0,1,5,0,37,2,1,3
401540438,2023,5,regular,East Texas A&M,Southland,away,27,1,3,94,0,6,3,25,0,1,1,1,26:32,0,0,0,8-71,5.1,29,148,6.0,24-37,222,370,0-3,8-15,22,,,,,,,,,
401540438,2023,5,regular,Stephen F. Austin,UAC,home,56,2,6,60,0,3,8,,,,0,2,33:28,1,1,2,8-64,3.9,33,130,7.5,36-57,425,555,3-4,15-20,31,,,,,,,,,
401540423,2023,5,regular,Rhode Island,Coastal Athletic,home,49,3,4,44,0,2,7,0,0,1,0,,23:59,1,0,1,7-75,2.7,29,78,11.3,20-34,385,463,0-0,6-13,18,,,,,,,,,
401540423,2023,5,regular,Bryant,Big South-OVC,away,26,1,2,56,0,4,2,0,0,1,0,,36:01,1,0,1,6-56,3.5,39,137,4.8,16-29,138,275,1-2,5-16,16,48,1,1,,,,,,
401520277,2023,5,regular,Middle Tennessee,Conference USA,away,10,1,0,28,0,2,4,20,0,1,0,1,28:07,2,1,3,7-40,4.3,28,121,5.6,27-45,252,373,2-4,5-16,20,4,0,1,4,0,41,0,1,7
401520277,2023,5,regular,Western Kentucky,Conference USA,home,31,2,2,15,0,1,5,0,0,2,1,0,31:53,1,0,1,8-68,5.3,28,147,5.7,30-52,297,444,1-1,10-19,22,7,0,3,4,0,33,1,3,3
401520278,2023,5,regular,Louisiana Tech,Conference USA,away,24,1,1,,,,6,,,,1,2,27:08,0,0,0,13-123,4.6,31,142,7.6,9-20,152,294,0-0,3-11,14,72,1,3,5,1,34,1,3,10
401520278,2023,5,regular,UTEP,Conference USA,home,10,1,0,,,,4,,,,0,2,32:52,0,1,1,9-78,4.9,46,224,3.7,9-27,101,325,2-3,3-17,18,19,0,2,5,0,27,2,2,4
401540118,2023,5,regular,Alcorn State,SWAC,away,23,0,2,15,0,1,11,,,,4,0,28:22,1,0,1,7-60,3.1,19,58,8.0,32-46,370,428,1-1,4-13,21,,,,,,,,,
401540118,2023,5,regular,Alabama State,SWAC,home,20,2,0,78,0,4,2,0,0,1,0,7,31:38,0,3,3,4-45,5.1,50,257,5.3,12-18,96,353,1-1,6-15,18,31,0,2,,,,,,
401540135,2023,5,regular,Southern,SWAC,away,27,1,2,43,0,1,9,0,0,1,3,1,28:22,1,1,2,8-68,5.3,43,230,10.3,20-25,258,488,0-1,3-9,27,,,,,,,,,
401540135,2023,5,regular,Arkansas-Pine Bluff,SWAC,home,0,0,0,60,0,3,0,0,0,1,1,3,31:38,1,3,4,4-47,2.4,49,116,5.0,13-21,105,221,0-1,7-18,17,,,,,,,,,
401540158,2023,5,regular,Prairie View A&M,SWAC,home,20,2,0,126,0,8,8,,,,0,,21:48,1,0,1,7-79,4.2,30,126,10.2,11-22,224,350,0-3,3-11,14,,,,,,,,,
401540158,2023,5,regular,Grambling,SWAC,away,35,2,2,62,0,4,11,0,0,1,0,,38:12,0,0,0,12-85,5.2,40,208,5.9,26-41,241,449,3-3,7-18,25,,,,,,,,,
401524020,2023,5,regular,Utah,Pac-12,away,7,0,1,15,0,1,1,1,0,1,0,,28:54,1,0,1,3-15,1.8,32,57,4.5,13-31,141,198,1-4,2-13,14,-1,0,1,13,0,26,3,3,3
401524020,2023,5,regular,Oregon State,Pac-12,home,21,2,1,,,,3,10,0,1,0,,31:06,1,0,1,11-100,3.6,36,131,8.7,15-26,227,358,2-3,4-15,15,7,0,1,5,0,31,3,6,5
401531880,2023,5,regular,South Alabama,Sun Belt,away,23,1,2,13,0,1,5,0,0,1,0,,28:46,2,0,2,5-50,1.1,24,27,6.0,28-50,299,326,1-4,5-18,20,22,0,3,9,0,31,2,3,3
401531880,2023,5,regular,James Madison,Sun Belt,home,31,0,3,42,0,3,7,18,1,2,0,,31:14,1,0,1,10-108,3.1,44,136,11.0,12-22,241,377,0-2,2-14,15,,,,10,1,34,5,2,10
401531881,2023,5,regular,Old Dominion,Sun Belt,away,35,4,1,37,0,4,5,0,0,1,2,0,18:39,3,0,3,9-82,10.9,31,339,4.1,11-23,95,434,0-2,3-13,11,15,0,3,4,0,41,0,0,3
401531881,2023,5,regular,Marshall,Sun Belt,home,41,2,2,121,0,4,11,91,1,3,0,2,41:21,1,2,3,10-91,3.8,49,186,7.9,29-35,278,464,0-1,4-13,30,2,0,1,5,1,23,1,6,3
401540172,2023,5,regular,Lincoln (CA),,away,7,1,0,77,0,8,1,,,,0,,31:31,0,0,0,10-65,2.9,35,102,5.4,12-25,136,238,0-2,4-16,12,,,,,,,,,
401540172,2023,5,regular,Texas Southern,SWAC,home,52,6,1,48,0,2,10,,,,0,,28:29,0,0,0,7-85,9.0,42,376,7.4,16-26,192,568,0-0,6-10,26,8,0,3,,,,,,
401524023,2023,5,regular,Colorado,Pac-12,home,41,2,4,17,0,1,5,0,0,1,0,,32:05,1,0,1,7-60,4.3,45,193,8.2,30-45,371,564,1-2,9-18,32,,,,4,0,39,2,2,2
401524023,2023,5,regular,USC,Pac-12,away,48,1,6,44,0,2,6,23,0,1,0,,27:55,1,0,1,6-53,3.8,25,95,10.1,30-40,403,498,0-0,3-9,26,3,0,2,8,0,57,3,4,4
401524022,2023,5,regular,Arizona State,Pac-12,away,21,2,0,128,0,4,7,,,,0,1,30:18,1,1,2,5-35,2.3,29,68,8.4,27-43,362,430,2-5,2-15,17,32,0,3,8,0,25,2,2,3
401524022,2023,5,regular,California,Pac-12,home,24,2,1,14,0,1,6,19,0,1,1,2,29:42,0,0,0,7-51,4.1,48,196,4.5,12-29,130,326,1-3,7-18,19,,,,3,0,33,0,1,5
401524024,2023,5,regular,Oregon,Pac-12,away,42,2,4,20,0,1,6,,,,0,,24:24,0,0,0,2-20,7.4,28,208,9.0,28-33,298,506,1-1,6-9,26,,,,11,0,38,5,2,5
401524024,2023,5,regular,Stanford,Pac-12,home,6,0,0,23,0,1,6,,,,0,1,35:36,0,0,0,4-25,1.9,46,89,5.5,14-24,133,222,3-6,6-18,16,,,,2,0,28,0,0,1
401524021,2023,5,regular,Washington,Pac-12,away,31,4,0,1,0,1,7,1,0,1,0,2,29:51,0,1,1,12-125,4.3,26,111,9.1,30-40,363,474,1-1,6-10,26,,,,5,0,34,1,0,4
401524021,2023,5,regular,Arizona,Pac-12,home,24,0,3,-1,0,1,6,,,,1,1,30:09,1,0,1,8-60,3.5,31,110,5.9,27-39,232,342,3-4,5-13,27,-1,0,1,5,0,33,2,2,3
401531883,2023,5,regular,Southern Miss,Sun Belt,home,36,3,2,125,0,5,6,,,,3,1,36:38,1,1,2,7-30,5.2,45,235,6.0,21-46,275,510,1-5,10-20,30,0,0,1,6,0,26,3,4,2
401531883,2023,5,regular,Texas State,Sun Belt,away,50,4,2,150,1,4,6,0,0,1,1,4,23:22,0,3,3,8-87,5.2,34,178,14.1,19-24,338,516,0-0,4-9,22,2,0,1,7,1,35,2,13,5
401531878,2023,5,regular,Coastal Carolina,Sun Belt,away,28,3,1,36,0,4,4,,,,0,3,27:30,4,0,4,10-110,5.5,30,166,7.7,22-39,299,465,3-4,4-14,21,3,0,1,3,0,42,2,3,9
401531878,2023,5,regular,Georgia Southern,Sun Belt,home,38,1,3,46,0,2,8,22,1,4,0,,32:30,0,0,0,10-90,4.8,24,116,5.8,34-56,322,438,1-1,8-17,27,5,0,1,5,1,32,1,6,4
401531882,2023,5,regular,UL Monroe,Sun Belt,home,40,2,4,43,0,3,4,23,0,2,2,1,29:04,1,1,2,5-57,5.1,40,203,9.9,18-27,268,471,2-3,3-11,22,,,,4,0,31,1,6,3
401531882,2023,5,regular,App State,Sun Belt,away,41,1,3,43,0,2,11,23,1,1,1,3,30:56,2,2,4,6-48,5.4,37,201,8.6,27-39,335,536,1-2,7-13,28,,,,7,1,33,3,5,0
401531879,2023,5,regular,Troy,Sun Belt,away,28,2,1,23,0,1,8,10,0,2,1,0,34:48,1,0,1,4-35,4.4,35,154,8.5,23-30,256,410,1-1,6-13,21,,,,5,0,40,1,1,3
401531879,2023,5,regular,Georgia State,Sun Belt,home,7,1,0,,,,1,0,0,1,0,2,25:12,2,1,3,5-36,3.4,31,105,6.7,19-29,193,298,2-3,5-13,16,0,0,1,3,0,40,0,1,1
401520284,2023,5,regular,Minnesota,Big Ten,home,35,3,2,3,0,3,5,0,0,2,0,1,35:35,1,0,1,1-15,3.9,51,201,10.4,12-14,146,347,3-3,7-13,26,,,,1,0,23,0,5,3
401520284,2023,5,regular,Louisiana,Sun Belt,away,24,1,2,17,0,1,6,0,0,1,0,,24:25,2,0,2,7-60,6.6,27,177,6.9,14-25,172,349,1-2,5-11,15,,,,3,0,41,1,2,0
401520285,2023,5,regular,Mississippi State,SEC,home,17,1,1,110,0,5,5,,,,0,,29:50,3,0,3,3-15,4.4,35,154,4.0,15-27,107,261,0-3,5-13,15,,,,7,0,21,4,1,0
401520285,2023,5,regular,Alabama,SEC,away,40,3,0,73,0,3,16,41,1,3,0,2,30:10,0,0,0,6-40,4.5,43,193,12.6,10-13,164,357,0-0,5-12,17,-4,0,1,8,1,20,4,5,2
401520279,2023,5,regular,Texas A&M,SEC,away,34,0,2,,,,10,0,1,1,0,3,30:33,1,2,3,6-40,5.2,39,204,7.5,17-28,210,414,0-1,8-15,19,131,1,4,15,2,34,7,2,4
401520279,2023,5,regular,Arkansas,SEC,home,22,0,1,82,0,3,10,20,1,1,2,2,29:27,1,0,1,0-0,1.1,39,42,7.8,9-17,132,174,0-1,5-15,10,3,0,1,4,1,39,0,2,4
401532409,2023,5,regular,Ball State,Mid-American,away,24,0,3,68,0,3,6,,,,0,2,29:37,0,1,1,10-107,1.8,26,48,8.5,26-37,316,364,0-1,3-12,19,-15,0,1,2,0,49,1,1,6
401532409,2023,5,regular,Western Michigan,Mid-American,home,42,3,3,29,0,3,6,,,,1,1,30:23,0,0,0,9-75,3.7,36,133,8.4,24-39,328,461,0-0,5-11,26,16,0,2,10,0,44,6,1,3
401532410,2023,5,regular,Central Michigan,Mid-American,home,26,2,1,88,0,4,6,,,,0,,25:34,1,0,1,8-88,7.1,27,193,8.4,19-26,218,411,0-0,2-6,24,,,,6,0,45,3,1,2
401532410,2023,5,regular,Eastern Michigan,Mid-American,away,23,2,1,45,0,2,5,0,0,1,0,1,34:26,0,0,0,4-40,4.1,38,155,7.2,20-26,186,341,1-2,7-14,21,13,0,1,2,0,22,1,4,3
401540049,2023,5,regular,Lafayette,Patriot,home,56,4,4,20,0,1,8,25,0,1,0,,34:22,0,0,0,7-82,6.7,47,316,9.5,16-24,229,545,1-1,8-12,28,30,0,2,,,,,,
401540049,2023,5,regular,Bucknell,Patriot,away,22,1,2,137,0,4,4,,,,0,,25:38,1,0,1,9-58,-1.1,22,-24,6.8,31-49,333,309,0-1,6-15,22,16,0,3,,,,,,
401540308,2023,5,regular,Cornell,Ivy,home,25,2,1,37,0,2,5,0,0,1,1,2,29:08,0,2,2,6-64,4.0,31,123,6.1,27-43,261,384,2-4,4-16,19,,,,,,,,,
401540308,2023,5,regular,Colgate,Patriot,away,35,2,2,75,0,3,5,,,,2,1,30:52,1,1,2,6-55,4.5,48,216,7.2,16-25,179,395,0-1,10-17,22,9,0,1,,,,,,
401540059,2023,5,regular,Georgetown,Patriot,home,28,1,3,82,0,4,2,,,,0,,39:27,3,0,3,5-65,6.0,37,221,6.2,24-35,216,437,1-3,8-14,24,0,0,1,,,,,,
401540059,2023,5,regular,Fordham,Patriot,away,24,0,3,90,0,5,6,0,0,3,0,,20:33,0,0,0,9-58,3.3,22,73,5.5,16-34,186,259,1-1,4-13,18,,,,,,,,,
401540082,2023,5,regular,Monmouth,Coastal Athletic,home,49,2,4,33,0,2,7,36,1,1,2,0,32:34,0,0,0,5-55,6.4,36,231,11.1,28-35,388,619,0-1,8-15,27,16,0,2,,,,,,
401540082,2023,5,regular,Lehigh,Patriot,away,7,1,0,122,0,7,1,,,,0,2,27:26,1,2,3,8-81,4.1,29,118,5.1,18-32,163,281,2-2,2-13,15,0,0,1,,,,,,
401540357,2023,5,regular,Houston Christian,Southland,home,19,2,0,34,0,2,7,,,,3,1,30:19,0,1,1,5-45,4.3,44,189,6.5,17-35,228,417,0-3,9-18,25,,,,,,,,,
401540357,2023,5,regular,Lamar,Southland,away,21,1,2,25,0,1,3,,,,1,3,29:41,0,3,3,8-90,3.1,38,118,9.8,19-30,294,412,0-1,5-13,22,62,0,2,,,,,,
401520292,2023,5,regular,Utah State,Mountain West,away,34,0,4,22,0,1,10,0,0,1,0,,21:31,2,0,2,7-67,3.2,32,101,13.1,17-24,315,416,1-1,4-11,20,35,0,3,5,0,39,1,2,1
401520292,2023,5,regular,UConn,FBS Independents,home,33,2,2,43,0,4,9,0,0,2,0,3,38:29,1,0,1,9-97,4.8,45,218,8.0,23-32,255,473,2-3,5-14,27,,,,3,0,28,1,1,1
401540555,2023,5,regular,Presbyterian,Pioneer,away,17,0,2,20,0,2,5,0,0,1,2,1,18:41,0,0,0,7-60,1.9,17,33,11.5,17-28,323,356,0-1,2-10,13,-2,0,1,,,,,,
401540555,2023,5,regular,Butler,Pioneer,home,27,2,1,55,0,3,9,,,,1,2,41:19,1,1,2,3-35,5.2,57,299,6.1,18-27,165,464,3-3,7-14,30,4,0,2,,,,,,
401540228,2023,5,regular,UC Davis,Big Sky,away,31,3,1,43,0,2,7,0,0,1,1,1,30:55,0,1,1,6-60,4.9,38,188,5.0,27-48,242,430,1-4,7-15,28,21,0,3,,,,,,
401540228,2023,5,regular,Cal Poly,Big Sky,home,13,1,1,50,0,2,1,,,,1,2,26:26,1,2,3,8-50,0.5,26,14,4.8,22-41,197,211,2-2,6-16,18,,,,,,,,,
401525851,2023,5,regular,Cincinnati,Big 12,away,27,0,3,,,,9,,,,0,1,35:01,1,1,2,7-63,5.1,47,242,6.9,23-37,256,498,1-3,9-18,26,2,0,2,7,0,21,0,5,3
401525851,2023,5,regular,BYU,Big 12,home,35,2,2,18,0,2,5,42,1,1,1,2,24:59,0,0,0,4-25,2.5,28,70,9.0,14-25,225,295,0-0,4-11,17,-1,0,1,2,1,38,1,1,3
401540347,2023,5,regular,Southern Illinois,MVFC,home,33,3,1,68,0,3,9,,,,1,0,31:39,0,0,0,9-65,4.5,27,122,8.1,26-35,285,407,3-3,4-12,21,,,,,,,,,
401540347,2023,5,regular,Missouri State,MVFC,away,20,0,2,35,0,2,8,,,,0,2,28:21,0,1,1,6-42,1.1,27,31,8.2,24-37,305,336,2-3,6-14,23,3,0,1,,,,,,
401540384,2023,5,regular,South Dakota,MVFC,away,24,1,2,69,0,3,6,0,0,1,0,,24:28,0,0,0,4-25,3.9,26,101,14.0,10-12,168,269,0-0,2-4,15,,,,,,,,,
401540384,2023,5,regular,North Dakota State,MVFC,home,19,1,1,37,0,3,7,,,,0,,35:32,1,0,1,6-52,4.7,40,189,6.4,18-25,159,348,2-2,6-12,23,,,,,,,,,
401525515,2023,5,regular,Georgia Tech,ACC,home,27,0,4,142,0,6,3,,,,0,1,17:15,2,1,3,6-46,3.3,21,69,9.4,23-37,348,417,1-3,2-8,27,,,,8,0,35,2,2,4
401525515,2023,5,regular,Bowling Green,Mid-American,away,38,3,1,,,,8,45,1,2,1,0,42:45,0,0,0,10-113,3.9,45,175,8.0,21-33,263,438,1-2,10-17,26,15,0,1,6,1,32,3,1,2
401520281,2023,5,regular,Iowa,Big Ten,home,26,0,1,20,0,1,14,0,0,3,1,1,26:12,1,1,2,3-25,2.3,27,61,5.0,14-32,161,222,0-0,2-13,15,70,1,1,4,1,43,0,4,3
401520281,2023,5,regular,Michigan State,Big Ten,away,16,0,0,19,0,1,10,2,0,1,1,1,33:48,3,1,4,10-94,4.9,32,156,4.4,25-44,193,349,1-2,3-15,20,16,0,2,3,0,32,1,1,3
401520283,2023,5,regular,Indiana,Big Ten,away,17,0,2,79,0,2,5,,,,0,1,38:04,1,0,1,4-30,3.1,37,116,5.0,25-41,205,321,3-6,5-17,20,-8,0,3,4,0,33,1,0,4
401520283,2023,5,regular,Maryland,Big Ten,home,44,1,5,,,,8,0,0,1,0,1,21:56,0,0,0,4-15,5.2,23,120,10.4,24-34,352,472,1-1,5-11,20,23,0,1,8,0,54,3,1,3
401520290,2023,5,regular,Wagner,NEC,away,3,0,0,88,0,3,3,,,,0,,22:23,0,0,0,4-29,2.9,29,83,2.9,5-8,23,106,0-1,1-9,6,,,,5,0,34,1,0,1
401520290,2023,5,regular,Rutgers,Big Ten,home,52,6,1,88,0,1,10,,,,0,,37:37,0,0,0,4-30,5.2,52,268,8.0,14-21,169,437,5-5,4-10,28,9,0,2,5,0,21,3,1,0
401520286,2023,5,regular,Nebraska,Big Ten,home,7,1,0,42,0,2,1,,,,0,3,21:59,1,0,1,4-30,5.0,21,106,8.0,14-25,199,305,1-3,3-10,10,,,,1,0,31,0,1,3
401520286,2023,5,regular,Michigan,Big Ten,away,45,3,3,,,,9,-3,0,1,0,1,38:01,0,0,0,0-0,4.9,51,249,8.1,16-23,187,436,2-3,8-13,26,41,0,3,4,0,25,4,4,5
401520287,2023,5,regular,Northwestern,Big Ten,home,13,1,0,78,0,3,7,,,,1,0,27:52,1,0,1,4-18,1.4,32,45,4.2,16-31,130,175,0-2,5-16,12,15,0,1,2,0,41,1,3,4
401520287,2023,5,regular,Penn State,Big Ten,away,41,3,2,26,0,2,11,34,0,1,0,3,32:08,0,1,1,6-45,3.4,39,134,6.4,19-34,219,353,2-2,8-17,19,2,0,1,12,0,44,7,6,3
401540013,2023,5,regular,Duquesne,NEC,away,31,1,3,12,0,1,7,15,0,1,1,1,33:00,2,0,2,8-78,4.4,41,182,8.8,17-29,254,436,1-1,6-12,24,1,0,1,,,,,,
401540013,2023,5,regular,Long Island University,NEC,home,28,3,1,45,0,5,4,-3,0,2,0,3,27:00,1,1,2,6-60,8.6,34,294,7.5,8-14,105,399,1-2,2-10,15,8,0,2,,,,,,
401540030,2023,5,regular,Sacred Heart,NEC,home,7,0,0,16,0,1,1,0,0,1,4,3,23:53,2,1,3,7-50,3.0,32,96,3.9,16-33,129,225,1-3,1-15,11,1,0,2,,,,,,
401540030,2023,5,regular,Merrimack,NEC,away,17,1,0,39,0,2,5,35,1,2,1,2,36:07,1,2,3,9-64,4.0,56,223,0.0,0-8,-18,223,0-1,3-15,12,17,0,1,,,,,,
401540407,2023,5,regular,Youngstown State,MVFC,away,41,3,2,42,0,2,11,5,0,1,0,,33:23,1,0,1,4-12,3.1,27,85,8.1,31-41,333,418,0-1,5-13,20,14,0,2,,,,,,
401540407,2023,5,regular,Northern Iowa,MVFC,home,44,2,4,128,0,6,8,0,0,1,0,,26:37,1,0,1,4-44,3.5,28,99,11.6,21-29,337,436,0-0,3-10,24,10,0,2,,,,,,
401539972,2023,5,regular,Virginia Lynchburg,,away,10,0,1,93,0,7,4,3,0,3,0,2,28:06,2,0,2,4-34,2.2,27,60,4.0,15-34,137,197,0-1,4-15,10,7,0,1,,,,,,
401539972,2023,5,regular,Delaware State,MEAC,home,48,1,2,145,0,3,12,25,1,2,0,,31:54,3,0,3,9-79,5.6,44,248,8.4,14-24,201,449,1-2,5-12,21,66,0,3,,,,,,
401534852,2023,5,regular,Robert Morris,Big South,home,10,0,1,131,0,5,4,20,0,1,0,2,30:06,1,0,1,4-42,1.7,25,43,4.6,25-39,178,221,1-2,8-18,15,4,0,1,,,,,,
401534852,2023,5,regular,Howard,MEAC,away,35,3,1,88,1,1,5,26,0,1,0,,29:54,1,0,1,6-60,4.4,38,167,10.0,13-17,170,337,1-1,4-10,18,42,0,2,,,,,,
401539981,2023,5,regular,Yale,Ivy,home,45,1,4,,,,9,39,1,2,0,1,30:04,0,1,1,5-45,4.8,32,155,9.2,30-40,366,521,0-0,8-15,25,3,0,1,,,,,,
401539981,2023,5,regular,Morgan State,MEAC,away,3,0,0,100,0,5,3,,,,1,0,29:56,2,0,2,4-48,2.4,36,86,3.9,15-30,118,204,0-2,5-17,12,46,0,2,,,,,,
401539989,2023,5,regular,North Carolina A&T,Coastal Athletic,away,28,4,0,94,0,4,4,,,,1,3,25:36,1,1,2,4-17,6.7,41,275,9.8,6-10,98,373,1-1,2-9,15,0,0,1,,,,,,
401539989,2023,5,regular,Norfolk State,MEAC,home,26,0,3,23,0,2,5,0,0,1,1,3,34:24,0,1,1,5-45,5.1,45,230,5.5,15-30,165,395,2-2,6-17,21,,,,,,,,,
401539996,2023,5,regular,Campbell,Coastal Athletic,away,48,1,5,90,0,5,6,,,,0,2,19:50,1,0,1,9-99,4.2,26,108,11.6,20-26,302,410,0-1,5-8,21,34,0,1,,,,,,
401539996,2023,5,regular,North Carolina Central,MEAC,home,49,6,1,48,0,3,7,19,0,1,0,2,40:10,0,0,0,7-66,4.0,45,182,7.6,21-35,265,447,4-4,8-17,30,22,0,2,,,,,,
401540370,2023,5,regular,South Dakota State,MVFC,home,42,5,1,41,0,1,6,,,,0,,30:21,0,0,0,6-68,7.2,37,266,7.6,13-22,167,433,1-1,6-8,26,59,0,2,,,,,,
401540370,2023,5,regular,North Dakota,MVFC,away,21,2,1,30,0,2,3,,,,0,,29:39,0,0,0,3-17,2.6,26,68,5.0,25-33,166,234,1-1,6-13,17,,,,,,,,,
401531370,2023,5,regular,Tulane,American Athletic,home,35,3,2,83,0,3,5,,,,1,2,29:55,0,2,2,5-37,6.4,41,264,8.0,14-23,184,448,3-3,3-10,24,,,,7,0,51,2,1,3
401531370,2023,5,regular,UAB,American Athletic,away,23,2,0,46,0,3,11,,,,2,2,30:05,0,1,1,3-12,4.5,38,170,7.3,28-36,264,434,1-3,5-13,25,,,,4,0,37,1,1,2
401531404,2023,5,regular,SMU,American Athletic,home,34,2,2,54,0,3,10,15,0,1,0,1,24:35,1,0,1,8-77,6.0,38,228,5.9,14-23,135,363,1-1,8-14,20,15,0,2,8,0,43,2,7,4
401531404,2023,5,regular,Charlotte,American Athletic,away,16,1,1,65,0,3,4,0,0,1,0,1,35:25,1,0,1,7-73,4.0,42,167,5.1,19-32,164,331,4-6,4-15,24,35,0,2,5,0,41,3,3,3
401531414,2023,5,regular,East Carolina,American Athletic,away,17,1,0,66,0,3,9,0,0,1,0,,34:58,1,0,1,6-52,3.8,38,145,5.5,21-45,246,391,2-6,6-18,25,18,0,1,9,0,27,1,3,8
401531414,2023,5,regular,Rice,American Athletic,home,24,1,2,,,,6,15,0,1,0,,25:02,1,0,1,10-68,1.9,20,37,7.1,19-34,240,277,0-0,4-11,14,39,0,1,7,0,45,3,7,6
401520276,2023,5,regular,Sam Houston,Conference USA,home,28,2,2,58,0,3,4,32,0,1,2,3,42:24,1,0,1,8-85,2.5,55,136,7.7,23-39,299,435,2-3,7-20,25,14,0,4,3,0,40,1,4,5
401520276,2023,5,regular,Jacksonville State,Conference USA,away,35,2,3,65,0,3,3,0,0,1,0,2,17:36,1,2,3,6-43,5.9,33,196,6.0,16-33,197,393,0-0,3-12,20,22,0,4,5,0,65,0,5,2
401540591,2023,5,regular,Samford,Southern,home,42,5,1,98,0,4,6,16,0,1,0,2,33:54,2,2,4,5-38,3.5,42,148,8.0,42-50,399,547,1-2,7-15,34,43,0,4,,,,,,
401540591,2023,5,regular,East Tennessee State,Southern,away,28,3,1,99,0,4,4,32,0,2,2,0,26:06,1,0,1,7-81,6.8,33,224,5.1,9-23,118,342,0-2,3-10,15,,,,,,,,,
401540611,2023,5,regular,VMI,Southern,away,3,0,0,119,0,6,3,,,,0,2,26:17,1,2,3,3-40,1.8,23,42,5.2,19-33,172,214,1-2,3-15,10,5,0,1,,,,,,
401540611,2023,5,regular,Mercer,Southern,home,38,3,1,57,0,2,8,30,0,1,2,0,33:43,0,0,0,4-55,6.2,48,298,6.1,11-17,103,401,1-1,6-13,19,105,1,6,,,,,,
401520289,2023,5,regular,Purdue,Big Ten,home,44,3,2,25,0,1,8,,,,1,1,31:56,0,1,1,3-15,4.2,45,189,8.3,18-26,217,406,0-0,8-13,25,14,0,3,7,0,39,5,4,3
401520289,2023,5,regular,Illinois,Big Ten,away,19,1,1,78,0,4,7,,,,1,3,28:04,0,1,1,9-83,4.4,34,149,7.1,18-32,226,375,2-3,2-13,17,10,0,1,4,0,51,2,0,1
401540473,2023,5,regular,Charleston Southern,Big South-OVC,home,13,1,0,34,0,2,7,,,,0,,24:51,0,0,0,2-15,3.3,24,78,6.0,15-31,187,265,0-1,5-12,14,,,,,,,,,
401540473,2023,5,regular,Kennesaw State,FCS Independents,away,10,1,0,53,0,2,4,,,,0,,35:09,0,0,0,4-40,3.9,50,197,5.3,8-16,85,282,3-4,4-15,17,13,0,1,,,,,,
401525438,2023,5,regular,Duke,ACC,home,14,1,1,44,0,2,2,,,,0,2,31:45,1,1,2,2-28,4.7,40,189,5.0,12-27,134,323,1-1,6-15,17,7,0,1,3,0,19,2,8,5
401525438,2023,5,regular,Notre Dame,FBS Independents,away,21,2,0,55,0,3,7,12,0,1,1,1,28:15,0,0,0,12-70,5.0,32,159,7.2,15-31,222,381,3-3,3-15,16,4,0,2,6,0,22,2,2,1
401540273,2023,5,regular,Northern Arizona,Big Sky,away,30,3,1,89,0,5,2,,,,0,,30:13,1,0,1,2-25,5.1,38,195,7.5,24-34,255,450,5-5,4-14,21,,,,,,,,,
401540273,2023,5,regular,Sacramento State,Big Sky,home,31,3,1,55,0,3,7,0,0,1,0,,29:47,0,0,0,5-45,3.4,47,161,9.5,18-27,257,418,3-4,7-15,25,2,0,1,,,,,,
401531424,2023,5,regular,Navy,American Athletic,home,30,2,2,93,0,4,6,,,,3,1,31:08,0,1,1,8-70,5.0,48,240,8.2,5-11,90,330,1-2,3-14,11,13,0,1,6,0,58,4,5,3
401531424,2023,5,regular,South Florida,American Athletic,away,44,2,3,60,0,3,6,,,,2,3,28:52,0,3,3,1-12,2.2,44,97,9.9,26-34,338,435,3-4,6-16,24,10,0,3,5,0,37,1,1,2
401531339,2023,5,regular,Temple,American Athletic,away,26,0,2,168,1,7,4,,,,0,1,24:45,1,1,2,3-15,2.1,21,44,5.5,27-49,269,313,3-6,6-18,15,18,0,1,7,1,34,2,1,0
401531339,2023,5,regular,Tulsa,American Athletic,home,48,3,3,15,0,1,12,0,0,1,1,0,35:15,0,0,0,2-15,5.5,53,289,14.4,14-17,244,533,1-1,9-15,24,,,,4,0,32,1,5,4
401531429,2023,5,regular,Boise State,Mountain West,away,32,2,2,53,0,3,6,,,,0,,32:49,0,0,0,3-20,4.5,32,144,9.9,23-38,375,519,0-0,3-10,24,,,,7,0,43,2,3,2
401531429,2023,5,regular,Memphis,American Athletic,home,35,2,2,21,0,2,5,,,,0,,27:11,0,0,0,5-40,5.1,35,179,9.6,18-28,269,448,1-2,6-13,20,19,0,1,6,0,38,1,4,6
401525512,2023,5,regular,NC State,ACC,home,10,1,0,38,0,1,4,6,0,2,1,1,28:57,2,1,3,10-88,2.9,31,89,4.5,13-25,112,201,2-2,3-15,9,,,,8,0,32,4,6,3
401525512,2023,5,regular,Louisville,ACC,away,13,0,1,,,,7,14,0,2,1,1,31:03,2,1,3,10-81,0.7,29,20,8.2,21-35,286,306,0-0,4-14,18,42,0,3,8,0,24,2,2,1
401525513,2023,5,regular,Virginia,ACC,away,24,0,3,60,0,3,6,21,0,2,2,0,27:52,1,0,1,11-90,2.0,29,59,7.3,22-34,247,306,0-1,3-12,18,,,,6,0,47,0,3,1
401525513,2023,5,regular,Boston College,ACC,home,27,1,2,40,0,3,9,-5,0,1,0,3,32:08,2,2,4,5-36,4.3,47,203,7.0,16-26,183,386,2-3,5-15,23,50,0,3,7,0,33,5,7,2
401525514,2023,5,regular,Clemson,ACC,away,31,2,2,,,,7,0,0,1,2,2,33:21,0,1,1,6-54,3.6,35,126,7.1,23-37,263,389,0-1,7-16,21,,,,6,0,39,5,2,4
401525514,2023,5,regular,Syracuse,ACC,home,14,0,2,,,,2,,,,1,3,26:39,1,2,3,9-92,2.9,34,100,6.0,16-31,186,286,0-1,9-17,14,6,0,3,13,0,42,3,3,6
401525516,2023,5,regular,Virginia Tech,ACC,home,38,2,3,18,0,1,8,,,,1,1,37:44,0,1,1,10-91,3.4,59,199,12.0,12-19,228,427,2-2,8-16,25,8,0,2,6,0,17,4,4,3
401525516,2023,5,regular,Pittsburgh,ACC,away,21,0,2,25,0,1,3,,,,1,1,22:16,0,1,1,9-68,1.6,24,38,10.7,11-22,235,273,0-1,2-10,9,-6,0,1,12,0,42,2,4,3
401532589,2023,5,regular,Air Force,Mountain West,home,49,4,2,,,,7,30,1,1,0,,32:05,0,0,0,1-5,5.5,52,287,27.0,6-7,189,476,2-2,4-8,24,,,,4,1,31,1,3,2
401532589,2023,5,regular,San Diego State,Mountain West,away,10,0,1,26,0,2,4,,,,0,,27:55,1,0,1,5-34,3.5,30,105,4.9,13-25,122,227,3-4,4-13,14,,,,3,0,29,0,0,0
401532586,2023,5,regular,UNLV,Mountain West,home,44,3,2,2,0,1,14,0,0,1,1,1,34:15,0,0,0,8-75,6.5,47,307,6.8,11-21,142,449,1-1,8-15,27,12,0,2,10,0,30,6,0,1
401532586,2023,5,regular,Hawai'i,Mountain West,away,20,0,2,68,0,3,8,,,,0,1,25:45,1,1,2,6-65,1.8,26,46,8.9,22-35,313,359,1-2,1-11,20,25,0,1,4,0,23,0,0,6
401532588,2023,5,regular,Wyoming,Mountain West,home,35,2,1,42,0,2,15,9,0,1,1,1,28:53,0,0,0,6-60,7.7,31,239,7.8,16-25,194,433,0-0,2-11,18,-4,0,1,5,0,32,2,2,9
401532588,2023,5,regular,New Mexico,Mountain West,away,26,0,3,81,0,4,8,,,,0,2,31:07,1,1,2,10-90,7.3,31,225,5.3,18-36,192,417,1-1,6-14,25,,,,2,0,38,1,0,3
401532587,2023,5,regular,Nevada,Mountain West,away,9,0,1,65,0,4,1,0,0,2,0,1,30:33,2,0,2,10-98,1.7,31,53,4.8,19-35,167,220,2-2,4-15,17,,,,4,0,35,2,2,0
401532587,2023,5,regular,Fresno State,Mountain West,home,27,1,2,,,,9,11,0,2,0,1,29:27,2,0,2,3-35,5.6,25,141,7.9,26-34,269,410,0-1,6-12,19,5,0,3,11,0,34,7,1,5
401540005,2023,5,regular,Central Connecticut,NEC,away,20,1,1,75,0,4,8,,,,0,1,32:24,1,1,2,7-82,5.1,46,235,6.7,11-20,133,368,0-1,8-17,19,3,0,1,,,,,,
401540005,2023,5,regular,Brown,Ivy,home,42,1,5,66,0,4,6,27,0,1,1,1,27:36,0,0,0,3-30,2.8,25,70,9.8,27-40,390,460,1-2,3-9,25,34,0,5,,,,,,
401540584,2023,5,regular,Wofford,Southern,home,13,1,0,104,0,4,7,0,0,2,1,1,31:41,1,1,2,9-80,3.8,39,147,5.0,15-30,150,297,1-1,6-16,16,,,,,,,,,
401540584,2023,5,regular,Chattanooga,Southern,away,23,2,0,63,0,2,11,0,0,1,1,1,28:19,2,1,3,4-22,5.0,33,165,6.6,15-30,197,362,0-0,2-10,19,7,0,1,,,,,,
401541632,2023,5,regular,Princeton,Ivy,home,10,1,0,,,,4,,,,2,2,35:54,1,1,2,7-50,2.8,29,80,4.4,26-43,191,271,4-4,6-18,15,26,0,5,,,,,,
401541632,2023,5,regular,Columbia,Ivy,away,7,0,0,72,0,3,1,2,1,1,1,2,24:06,0,2,2,3-20,3.0,36,108,2.7,11-26,71,179,2-3,4-16,12,2,0,1,,,,,,
401540335,2023,5,regular,Pennsylvania,Ivy,home,20,0,2,,,,8,,,,1,4,33:18,0,3,3,5-55,0.5,21,11,6.7,37-57,383,394,2-5,4-17,19,12,0,2,,,,,,
401540335,2023,5,regular,Dartmouth,Ivy,away,23,1,1,47,0,3,11,,,,3,1,26:42,0,1,1,8-70,3.2,41,133,4.2,17-28,118,251,0-1,6-18,14,60,0,3,,,,,,
401540400,2023,5,regular,San Diego,Pioneer,away,33,1,3,114,0,5,7,,,,1,3,28:16,0,1,1,10-59,2.5,25,63,10.5,22-39,408,471,1-3,4-11,20,12,0,1,,,,,,
401540400,2023,5,regular,Davidson,Pioneer,home,55,7,0,23,0,2,13,,,,1,0,31:44,0,0,0,2-26,11.0,41,449,6.4,15-17,108,557,2-2,4-9,20,,,,,,,,,
401540468,2023,5,regular,St. Thomas (MN),Pioneer,away,20,1,2,23,0,1,2,0,0,2,3,2,33:04,0,1,1,6-48,2.8,44,123,4.3,15-23,100,223,1-3,6-18,10,,,,,,,,,
401540468,2023,5,regular,Dayton,Pioneer,home,14,1,1,136,0,3,2,,,,1,2,26:56,2,2,4,3-25,2.6,34,88,5.9,13-28,165,253,1-4,6-15,10,3,0,1,,,,,,
401540514,2023,5,regular,Morehead State,Pioneer,home,9,0,1,87,0,4,3,,,,0,,24:00,1,0,1,3-30,3.9,24,93,5.7,18-39,221,314,1-2,3-12,16,13,0,1,,,,,,
401540514,2023,5,regular,Drake,Pioneer,away,16,1,1,22,0,1,4,0,0,1,0,1,36:00,0,0,0,6-29,4.7,29,136,7.3,23-36,264,400,1-2,6-15,16,8,0,1,,,,,,
401540430,2023,5,regular,Northwestern State,Southland,home,10,1,0,41,0,3,4,,,,1,3,31:35,1,2,3,5-48,2.0,35,69,6.4,27-44,281,350,1-4,9-18,19,7,0,1,,,,,,
401540430,2023,5,regular,Eastern Illinois,Big South-OVC,away,19,1,1,51,0,2,7,6,0,1,2,1,28:25,0,1,1,6-40,2.3,32,75,7.4,19-37,274,349,2-2,5-16,18,9,0,1,,,,,,
401540412,2023,5,regular,William & Mary,Coastal Athletic,away,6,0,0,35,0,2,6,,,,1,1,28:59,1,1,2,2-15,5.8,53,307,2.6,5-14,36,343,0-2,7-16,19,5,0,1,,,,,,
401540412,2023,5,regular,Elon,Coastal Athletic,home,14,0,2,66,0,3,2,21,0,1,1,2,24:38,0,1,1,7-65,4.1,28,115,8.9,14-21,187,302,1-2,4-11,13,0,0,1,,,,,,
401540417,2023,5,regular,Richmond,Coastal Athletic,home,14,0,2,111,0,5,2,0,0,1,0,,22:45,2,0,2,4-44,1.8,17,30,6.1,25-38,230,260,1-1,1-11,15,8,0,1,,,,,,
401540417,2023,5,regular,Hampton,Coastal Athletic,away,31,3,1,35,0,2,7,13,0,2,0,,37:15,1,0,1,8-70,5.2,46,241,7.5,24-34,256,497,0-0,5-13,27,2,0,2,,,,,,
401540253,2023,5,regular,Montana,Big Sky,home,28,2,2,17,0,1,4,0,0,1,0,,34:44,0,0,0,9-72,3.4,51,174,8.8,18-25,220,394,1-1,5-13,24,,,,,,,,,
401540253,2023,5,regular,Idaho State,Big Sky,away,20,0,3,,,,2,,,,0,,25:16,2,0,2,7-50,3.5,13,45,6.1,31-47,289,334,0-1,7-13,18,,,,,,,,,
401540490,2023,5,regular,Stony Brook,Coastal Athletic,away,28,0,4,181,0,8,4,,,,0,2,29:25,1,2,3,6-43,4.5,29,131,9.4,22-37,348,479,0-2,4-13,19,14,0,1,,,,,,
401540490,2023,5,regular,Maine,Coastal Athletic,home,56,3,5,38,0,3,8,55,0,1,0,1,30:35,0,1,1,4-35,2.9,30,87,12.1,29-35,425,512,0-0,3-10,25,,,,,,,,,
401540522,2023,5,regular,Stetson,Pioneer,away,24,1,2,183,0,7,6,,,,1,1,24:34,1,1,2,5-42,2.8,26,73,10.8,20-27,291,364,1-2,3-11,19,,,,,,,,,
401540522,2023,5,regular,Marist,Pioneer,home,34,2,2,59,0,3,10,0,0,1,1,2,35:26,0,1,1,8-75,6.0,51,306,11.5,11-19,219,525,2-3,4-11,22,,,,,,,,,
401540391,2023,5,regular,Nicholls,Southland,away,31,1,2,48,0,1,7,22,1,2,2,2,36:10,0,1,1,4-50,4.2,41,171,4.9,15-25,122,293,0-0,7-12,24,-1,0,1,,,,,,
401540391,2023,5,regular,McNeese,Southland,home,10,0,1,37,0,2,4,,,,1,2,23:50,2,2,4,11-99,4.7,24,113,7.9,16-32,252,365,0-2,4-10,20,0,0,3,,,,,,
401540269,2023,5,regular,Portland State,Big Sky,away,22,3,0,39,0,2,2,,,,0,2,34:16,2,0,2,5-40,4.5,41,184,4.9,15-26,127,311,1-2,5-13,21,,,,,,,,,
401540269,2023,5,regular,Montana State,Big Sky,home,38,2,3,,,,6,13,0,2,0,,25:44,0,0,0,6-65,10.4,30,313,6.8,14-21,143,456,0-0,4-7,18,14,0,2,,,,,,
401540509,2023,5,regular,Towson,Coastal Athletic,away,54,1,5,147,0,8,10,,,,1,1,31:22,1,0,1,12-123,7.1,42,300,7.4,20-32,236,536,3-3,5-13,27,,,,,,,,,
401540509,2023,5,regular,New Hampshire,Coastal Athletic,home,51,2,2,145,0,7,13,0,0,1,0,2,28:38,0,0,0,5-60,3.8,32,120,8.2,26-40,326,446,0-0,10-14,27,32,0,2,,,,,,
401540280,2023,5,regular,Weber State,Big Sky,away,28,3,0,19,0,1,4,14,0,1,0,1,28:42,3,0,3,5-54,3.6,49,177,6.9,14-29,201,378,0-4,7-16,21,-8,0,1,,,,,,
401540280,2023,5,regular,Northern Colorado,Big Sky,home,21,1,2,15,0,1,1,1,0,3,0,,31:18,3,0,3,5-50,3.6,27,98,6.8,28-42,287,385,0-1,8-16,19,3,0,1,,,,,,
401540542,2023,5,regular,UT Martin,Big South-OVC,home,20,1,1,52,0,3,8,,,,1,1,35:35,1,0,1,6-60,5.6,46,256,9.2,16-25,230,486,0-1,5-12,25,10,0,3,,,,,,
401540542,2023,5,regular,Tennessee State,Big South-OVC,away,10,1,0,16,0,1,4,0,0,1,0,,24:25,0,0,0,6-57,3.6,29,105,5.5,16-33,180,285,0-0,6-16,16,3,0,1,,,,,,
401540618,2023,5,regular,Western Carolina,Southern,away,49,5,2,24,0,2,7,,,,1,0,33:36,1,0,1,7-75,6.7,39,261,7.9,30-39,308,569,3-5,4-9,35,43,0,2,,,,,,
401540618,2023,5,regular,The Citadel,Southern,home,14,1,1,40,0,2,2,3,0,1,0,2,22:43,0,1,1,6-60,4.1,30,123,5.7,12-18,103,226,1-2,5-10,17,,,,,,,,,
401540606,2023,5,regular,Villanova,Coastal Athletic,away,10,0,1,57,0,3,4,,,,0,6,27:59,2,3,5,6-44,2.4,29,71,6.4,17-31,198,269,0-1,8-13,18,,,,,,,,,
401540606,2023,5,regular,UAlbany,Coastal Athletic,home,31,1,3,63,0,3,7,15,0,2,3,0,32:01,0,0,0,4-30,3.5,33,116,7.6,20-32,244,360,1-2,8-14,21,,,,,,,,,
401540309,2023,6,regular,Cornell,Ivy,away,23,2,1,16,0,1,5,,,,0,,35:19,0,0,0,2-15,3.1,36,111,5.4,30-45,243,354,1-4,8-17,27,3,0,1,,,,,,
401540309,2023,6,regular,Harvard,Ivy,home,41,3,3,27,0,2,3,,,,0,,24:41,0,0,0,5-46,6.9,35,243,10.5,12-20,209,452,0-1,5-9,20,,,,,,,,,
401540229,2023,6,regular,Cal Poly,Big Sky,home,14,0,2,24,0,2,2,6,0,1,0,1,25:58,2,1,3,5-44,1.9,22,41,5.8,24-45,262,303,0-2,7-14,17,,,,,,,,,
401540229,2023,6,regular,Idaho,Big Sky,away,42,3,3,24,0,1,6,23,0,1,1,0,34:02,1,0,1,4-40,4.5,35,156,9.8,17-27,265,421,0-1,4-11,20,16,0,1,,,,,,
401520300,2023,6,regular,Kentucky,SEC,away,13,0,2,16,0,1,1,48,0,1,0,,22:32,0,0,0,5-60,2.3,24,55,4.9,10-26,128,183,1-1,2-11,12,,,,5,0,52,0,0,2
401520300,2023,6,regular,Georgia,SEC,home,51,1,5,22,0,1,15,,,,0,,37:28,1,0,1,6-59,5.6,31,173,10.4,33-42,435,608,1-1,5-11,33,6,0,2,4,0,24,3,0,5
401520299,2023,6,regular,Vanderbilt,SEC,away,14,0,2,0,0,1,2,0,0,1,0,3,23:02,0,1,1,5-47,3.4,19,64,8.1,19-34,276,340,0-3,1-10,13,17,0,1,5,0,43,3,1,0
401520299,2023,6,regular,Florida,SEC,home,38,2,3,44,0,2,8,,,,1,0,36:58,1,0,1,8-70,7.2,30,215,6.8,34-41,280,495,1-1,5-12,25,21,0,2,6,0,24,2,6,5
401526837,2023,6,regular,Toledo,Mid-American,away,41,3,2,82,0,2,11,0,0,1,0,,28:17,1,0,1,7-55,9.6,39,375,6.0,15-23,139,514,1-1,9-15,19,0,0,1,7,0,33,2,1,2
401526837,2023,6,regular,Massachusetts,FBS Independents,home,24,1,2,57,0,4,6,0,0,1,0,,31:43,1,0,1,6-35,5.2,32,167,8.8,20-31,272,439,0-0,5-13,19,,,,5,0,27,0,2,3
401525857,2023,6,regular,Kansas State,Big 12,away,21,2,1,15,0,1,1,,,,0,1,25:18,3,0,3,4-32,5.8,38,220,4.5,15-34,152,372,1-4,6-16,18,0,0,1,7,0,39,0,1,2
401525857,2023,6,regular,Oklahoma State,Big 12,home,29,1,0,48,0,2,17,48,1,3,0,,34:42,0,0,0,5-45,4.4,40,174,6.6,20-36,238,412,1-2,6-18,20,,,,5,1,34,2,4,4
401525858,2023,6,regular,Texas Tech,Big 12,away,39,2,3,23,0,1,7,,,,1,1,30:04,1,1,2,4-40,4.4,42,186,6.9,19-26,180,366,1-2,10-18,19,43,0,1,11,0,39,6,3,4
401525858,2023,6,regular,Baylor,Big 12,home,14,0,1,104,0,5,6,0,0,1,1,4,29:56,0,1,1,1-10,0.6,30,17,8.5,22-38,324,341,1-6,4-15,17,,,,2,0,38,1,0,2
401525859,2023,6,regular,TCU,Big 12,away,14,0,2,130,0,5,2,,,,0,1,27:42,4,0,4,6-52,5.0,37,185,5.9,21-36,213,398,1-3,7-14,23,13,0,1,4,0,41,0,2,4
401525859,2023,6,regular,Iowa State,Big 12,home,27,2,1,,,,9,9,0,4,0,,32:18,0,0,0,1-15,5.8,37,215,4.9,16-28,138,353,1-1,5-15,16,5,0,1,5,0,39,2,4,3
401525860,2023,6,regular,UCF,Big 12,away,22,1,2,,,,2,,,,0,1,25:35,0,1,1,5-40,5.3,38,202,7.3,15-23,169,371,0-1,7-12,21,,,,5,0,47,1,0,1
401525860,2023,6,regular,Kansas,Big 12,home,51,5,1,43,0,1,9,,,,1,0,34:25,0,0,0,2-20,7.8,51,399,7.6,8-12,91,490,0-0,6-9,25,82,1,1,6,1,45,4,2,3
401540208,2023,6,regular,Tarleton State,UAC,home,26,2,1,,,,8,10,0,1,0,,20:16,0,0,0,4-40,5.8,28,162,4.6,11-27,124,286,0-0,3-9,19,,,,,,,,,
401540208,2023,6,regular,Southern Utah,UAC,away,27,0,2,19,0,1,2,,,,0,1,29:32,1,0,1,4-40,3.1,31,96,7.5,27-36,269,365,1-5,8-15,20,30,0,1,,,,,,
401540223,2023,6,regular,Stephen F. Austin,UAC,away,31,1,3,12,0,1,7,0,0,1,0,1,25:41,0,1,1,10-85,6.6,34,223,6.0,21-38,228,451,3-5,3-14,20,6,0,1,,,,,,
401540223,2023,6,regular,Utah Tech,UAC,home,37,2,3,10,0,1,7,,,,1,0,34:19,1,0,1,6-62,4.9,35,172,7.4,23-39,289,461,1-1,5-13,28,0,0,1,,,,,,
401540041,2023,6,regular,Merrimack,NEC,home,45,5,1,75,0,3,9,,,,1,1,29:49,1,0,1,14-107,5.9,42,248,10.8,7-10,108,356,0-0,6-12,13,12,0,2,,,,,,
401540041,2023,6,regular,Stonehill,NEC,away,34,2,3,123,0,7,2,0,0,1,0,1,30:11,0,0,0,7-64,3.3,36,120,5.6,21-37,209,329,1-2,5-14,24,,,,,,,,,
401540364,2023,6,regular,South Dakota,MVFC,home,38,4,1,30,0,1,8,8,0,1,1,0,35:55,0,0,0,5-35,6.3,42,263,8.5,17-23,195,458,0-1,6-10,24,-3,0,1,,,,,,
401540364,2023,6,regular,Murray State,MVFC,away,7,0,1,76,0,4,1,,,,0,1,24:05,1,1,2,5-45,4.3,29,125,7.1,12-22,157,282,0-0,2-8,15,,,,,,,,,
401540187,2023,6,regular,Southeast Missouri State,Big South-OVC,away,33,2,2,34,0,4,9,0,0,1,0,,33:31,1,0,1,8-84,4.4,35,153,5.7,25-46,262,415,0-0,10-17,31,,,,,,,,,
401540187,2023,6,regular,Central Arkansas,UAC,home,38,1,4,115,0,5,8,0,0,1,0,,26:29,1,0,1,11-121,4.5,22,100,8.8,31-45,397,497,2-3,6-14,24,,,,,,,,,
401520305,2023,6,regular,Missouri,SEC,home,39,3,2,20,0,1,7,,,,0,2,27:40,2,0,2,11-63,5.5,21,116,8.7,30-47,411,527,1-2,4-11,23,,,,3,0,27,2,1,4
401520305,2023,6,regular,LSU,SEC,away,49,2,3,30,0,2,11,17,1,2,0,2,32:20,0,0,0,11-83,6.4,43,274,11.3,15-23,259,533,0-0,6-12,25,,,,5,1,35,2,3,2
401532416,2023,6,regular,Bowling Green,Mid-American,away,0,0,0,,,,0,,,,1,0,20:31,1,0,1,7-63,3.3,19,63,3.1,11-23,72,135,1-1,1-8,9,2,0,1,3,0,45,1,3,1
401532416,2023,6,regular,Miami (OH),Mid-American,home,27,1,2,,,,9,14,0,1,0,1,39:29,0,1,1,7-45,4.0,47,186,9.4,15-18,170,356,1-1,9-14,20,6,0,2,5,0,21,4,5,5
401532417,2023,6,regular,Kent State,Mid-American,away,17,0,2,133,0,6,5,,,,0,,27:04,1,0,1,5-46,3.0,36,109,6.0,11-20,119,228,1-1,3-11,16,4,0,1,4,0,21,0,4,4
401532417,2023,6,regular,Ohio,Mid-American,home,42,3,3,16,0,1,6,0,0,1,0,,32:56,0,0,0,7-70,4.7,35,166,9.4,20-32,300,466,0-1,9-14,24,3,0,1,10,0,21,6,8,0
401532418,2023,6,regular,Northern Illinois,Mid-American,away,55,6,2,60,0,2,7,0,0,1,0,1,23:54,0,0,0,5-60,10.9,35,380,11.2,10-17,191,571,0-2,3-8,17,0,0,3,6,0,49,4,1,1
401532418,2023,6,regular,Akron,Mid-American,home,14,1,1,97,0,6,2,,,,0,,36:06,1,0,1,4-35,2.6,41,107,4.3,19-34,146,253,1-2,4-18,19,,,,3,0,25,1,2,2
401540089,2023,6,regular,Jackson State,SWAC,away,45,3,3,36,0,3,18,10,0,3,1,0,32:57,0,0,0,9-66,4.6,44,204,7.8,14-26,202,406,0-0,5-17,22,50,0,2,,,,,,
401540089,2023,6,regular,Alabama A&M,SWAC,home,30,2,2,67,0,4,2,,,,0,1,27:03,3,1,4,8-65,3.7,29,107,6.4,24-43,277,384,0-1,6-13,25,10,0,2,,,,,,
401520295,2023,6,regular,Louisiana Tech,Conference USA,home,28,3,1,35,0,2,4,0,0,1,0,3,33:57,2,0,2,7-55,3.6,38,138,6.3,21-41,259,397,4-6,4-17,19,70,0,5,1,0,24,0,0,5
401520295,2023,6,regular,Western Kentucky,Conference USA,away,35,2,3,,,,5,40,0,2,0,1,26:03,1,0,1,4-43,4.6,28,129,8.7,19-34,297,426,1-2,3-14,14,,,,6,0,32,2,2,3
401520297,2023,6,regular,New Mexico State,Conference USA,home,34,2,2,19,0,1,10,0,0,2,0,1,31:56,1,0,1,4-40,5.9,31,183,8.3,20-31,256,439,1-1,2-10,21,7,0,1,10,0,43,7,0,3
401520297,2023,6,regular,Florida International,Conference USA,away,17,2,0,16,0,1,5,0,0,1,0,1,28:04,2,0,2,5-25,3.0,29,87,9.1,28-35,318,405,1-3,5-13,20,3,0,1,6,0,34,2,4,0
401540119,2023,6,regular,Bethune-Cookman,SWAC,away,14,1,1,71,0,2,2,12,0,1,0,1,29:06,0,0,0,2-14,3.2,39,123,3.4,13-22,75,198,2-3,5-15,11,-2,0,1,,,,,,
401540119,2023,6,regular,Alabama State,SWAC,home,19,1,1,31,0,3,7,,,,0,1,30:54,1,0,1,2-15,2.8,39,108,8.9,14-23,204,312,2-4,2-12,16,30,0,3,,,,,,
401520294,2023,6,regular,Jacksonville State,Conference USA,away,45,3,2,,,,9,81,0,2,2,1,25:17,1,0,1,4-30,3.6,46,166,7.6,16-31,235,401,0-1,6-19,16,4,0,1,14,0,51,8,4,2
401520294,2023,6,regular,Middle Tennessee,Conference USA,home,30,2,2,,,,6,0,0,1,0,2,34:43,2,2,4,6-55,2.8,39,109,10.3,28-44,454,563,1-2,7-20,22,9,0,3,10,0,37,3,0,11
401540127,2023,6,regular,Alcorn State,SWAC,home,25,0,3,14,0,1,1,0,1,2,0,4,30:08,1,2,3,6-35,2.1,32,66,7.9,21-32,253,319,2-2,4-12,24,0,0,1,,,,,,
401540127,2023,6,regular,Grambling,SWAC,away,24,1,1,42,0,3,6,5,0,1,2,1,29:52,3,0,3,8-75,1.9,31,60,8.6,14-27,233,293,1-1,7-16,15,,,,,,,,,
401524027,2023,6,regular,California,Pac-12,home,40,3,2,26,0,1,6,,,,1,1,22:43,1,1,2,3-25,7.3,33,241,6.5,21-32,207,448,0-1,5-10,22,8,0,1,2,0,38,0,2,0
401524027,2023,6,regular,Oregon State,Pac-12,away,52,1,6,139,0,6,10,0,0,1,1,1,37:17,0,1,1,5-55,4.7,43,203,10.6,21-28,296,499,5-5,6-13,24,,,,4,0,29,0,3,3
401524028,2023,6,regular,UCLA,Pac-12,home,25,2,1,27,0,1,7,3,0,2,2,1,38:32,2,0,2,8-60,3.4,53,180,6.6,22-44,290,470,3-3,8-25,24,16,0,2,6,0,37,3,6,6
401524028,2023,6,regular,Washington State,Pac-12,away,17,0,1,71,0,3,5,113,1,2,0,3,21:28,2,2,4,4-20,0.6,19,12,5.1,20-40,204,216,0-1,2-13,11,12,0,1,9,1,50,4,1,6
401540165,2023,6,regular,Prairie View A&M,SWAC,home,31,2,2,67,0,3,7,,,,0,1,27:22,0,0,0,4-30,6.5,34,220,14.4,11-18,259,479,0-1,9-13,18,0,0,1,,,,,,
401540165,2023,6,regular,Mississippi Valley State,SWAC,away,12,0,1,134,0,6,6,,,,0,,32:38,0,0,0,7-68,1.5,33,48,7.3,18-31,227,275,1-1,4-12,19,7,0,1,,,,,,
401525521,2023,6,regular,NC State,ACC,home,48,2,4,79,0,5,12,27,0,1,2,0,27:16,3,0,3,6-55,4.0,34,136,8.3,17-32,265,401,0-0,3-12,16,42,0,3,8,0,46,6,6,1
401525521,2023,6,regular,Marshall,Sun Belt,away,41,2,2,60,0,2,11,36,1,3,0,3,32:44,1,2,3,6-54,2.7,38,104,6.1,29-52,315,419,1-5,5-18,22,10,0,2,7,1,35,2,3,2
401540151,2023,6,regular,Florida A&M,SWAC,away,26,1,2,7,0,1,6,,,,1,1,34:54,1,0,1,10-100,3.1,22,68,6.0,31-54,325,393,1-2,6-15,27,21,0,5,,,,,,
401540151,2023,6,regular,Southern,SWAC,home,19,2,1,25,0,3,1,0,0,1,0,1,25:06,0,1,1,7-73,3.6,35,125,10.0,11-19,190,315,0-1,2-11,15,1,0,1,,,,,,
401524025,2023,6,regular,Arizona,Pac-12,away,41,0,5,,,,9,,,,1,2,35:39,1,0,1,12-99,4.8,42,203,8.7,25-35,303,506,2-2,8-16,28,0,0,1,6,0,33,4,2,2
401524025,2023,6,regular,USC,Pac-12,home,43,5,1,37,0,2,5,24,0,1,0,2,24:21,0,1,1,8-72,4.4,33,146,8.8,14-25,219,365,0-0,3-9,23,5,0,1,8,0,49,3,2,3
401524026,2023,6,regular,Colorado,Pac-12,away,27,2,1,,,,9,,,,0,,25:12,0,0,0,8-65,1.9,30,56,5.7,26-42,239,295,2-2,5-16,19,49,0,2,8,0,51,5,2,5
401524026,2023,6,regular,Arizona State,Pac-12,home,24,2,1,42,0,3,6,,,,0,1,34:48,0,0,0,9-88,2.0,29,57,6.7,32-50,335,392,3-3,6-17,25,15,0,2,9,0,38,5,6,7
401531884,2023,6,regular,Louisiana,Sun Belt,home,34,2,3,131,0,6,4,3,0,1,1,4,26:33,0,2,2,5-64,5.3,41,218,12.1,13-17,205,423,0-1,7-10,21,13,0,2,6,0,62,0,0,2
401531884,2023,6,regular,Texas State,Sun Belt,away,30,1,2,57,0,5,12,,,,2,1,33:27,1,1,2,3-40,4.3,47,204,8.2,30-40,326,530,4-5,6-15,29,-8,0,2,5,0,45,2,1,0
401531886,2023,6,regular,Southern Miss,Sun Belt,home,13,0,0,72,0,3,7,,,,0,1,35:22,0,1,1,4-23,2.5,44,110,6.4,15-26,166,276,1-2,6-16,17,82,1,2,7,1,24,5,3,2
401531886,2023,6,regular,Old Dominion,Sun Belt,away,17,2,0,41,0,2,5,,,,1,0,24:38,0,0,0,5-35,4.0,36,143,8.8,8-22,194,337,0-1,5-14,13,-3,0,1,7,0,25,2,2,5
401531885,2023,6,regular,UL Monroe,Sun Belt,home,7,0,1,28,0,4,1,,,,0,,23:30,2,0,2,2-15,4.3,32,138,4.0,13-28,112,250,0-2,7-15,13,,,,2,0,27,0,1,2
401531885,2023,6,regular,South Alabama,Sun Belt,away,55,3,4,,,,13,3,0,2,0,1,36:30,0,0,0,9-64,4.8,42,202,9.9,27-39,387,589,3-3,7-13,32,60,0,5,5,0,20,2,3,3
401531887,2023,6,regular,Troy,Sun Belt,home,37,3,1,,,,13,,,,0,1,34:04,0,1,1,8-75,7.0,50,351,11.2,12-21,236,587,0-1,6-14,20,5,0,1,9,0,33,5,4,5
401531887,2023,6,regular,Arkansas State,Sun Belt,away,3,0,0,66,0,2,3,,,,1,0,25:56,0,0,0,2-22,1.5,32,47,5.8,15-27,156,203,1-4,4-16,11,,,,4,0,37,0,3,1
401520310,2023,6,regular,Texas A&M,SEC,home,20,1,1,26,0,3,8,15,0,1,1,2,30:51,1,0,1,4-20,1.9,35,67,9.6,14-25,239,306,0-1,4-12,16,46,0,2,8,0,34,6,3,2
401520310,2023,6,regular,Alabama,SEC,away,26,0,3,80,0,3,6,0,0,1,0,4,29:09,1,1,2,14-99,0.9,26,23,9.7,21-33,321,344,0-1,4-12,16,-1,0,1,6,0,32,5,7,2
401520308,2023,6,regular,Arkansas,SEC,away,20,0,2,,,,8,,,,0,2,32:32,2,0,2,10-70,1.2,29,36,6.4,25-39,250,286,1-1,7-16,17,2,0,2,8,0,29,2,6,4
401520308,2023,6,regular,Ole Miss,SEC,home,27,2,1,,,,9,38,0,2,0,1,27:28,0,0,0,5-44,4.4,45,196,6.1,16-25,153,349,2-3,4-14,21,11,0,2,10,0,23,5,5,4
401520304,2023,6,regular,Western Michigan,Mid-American,away,28,1,3,,,,4,,,,1,2,28:46,1,0,1,6-53,3.6,32,116,6.6,33-45,297,413,3-6,5-17,21,,,,5,0,31,0,0,3
401520304,2023,6,regular,Mississippi State,SEC,home,41,2,3,28,0,1,11,0,0,1,0,1,31:14,0,1,1,6-65,5.9,33,194,7.7,23-32,246,440,0-0,6-13,25,48,0,4,5,0,38,2,7,3
401532414,2023,6,regular,Eastern Michigan,Mid-American,home,24,1,2,,,,6,,,,2,1,32:31,0,0,0,4-40,1.6,38,61,6.9,18-28,192,253,2-2,5-14,22,13,0,1,5,0,32,3,6,3
401532414,2023,6,regular,Ball State,Mid-American,away,10,0,1,72,0,5,4,,,,0,2,27:29,0,2,2,8-66,5.9,25,148,4.5,21-35,158,306,1-4,2-12,17,1,0,1,10,0,24,5,3,3
401532415,2023,6,regular,Buffalo,Mid-American,home,37,2,0,31,0,2,13,87,2,3,1,0,32:17,0,0,0,5-30,3.5,35,123,7.3,20-32,232,355,1-2,3-13,18,,,,3,2,44,1,7,2
401532415,2023,6,regular,Central Michigan,Mid-American,away,13,0,2,,,,1,,,,0,3,27:43,3,1,4,6-50,3.1,26,80,5.7,28-49,280,360,2-4,6-16,21,-1,0,1,5,0,40,2,3,2
401540050,2023,6,regular,Holy Cross,Patriot,away,55,5,2,73,0,3,13,0,0,1,1,0,31:31,0,0,0,12-130,7.7,41,316,8.9,19-29,258,574,0-1,7-14,22,25,0,2,,,,,,
401540050,2023,6,regular,Bucknell,Patriot,home,27,1,3,93,0,6,3,,,,0,1,28:29,1,0,1,7-50,4.1,37,152,7.1,19-35,248,400,0-3,8-17,20,23,0,1,,,,,,
401540083,2023,6,regular,Lehigh,Patriot,away,35,2,3,63,0,3,5,,,,2,0,24:38,0,0,0,8-90,5.1,26,133,8.6,19-30,257,390,0-1,3-8,23,,,,,,,,,
401540083,2023,6,regular,Fordham,Patriot,home,38,3,1,99,0,6,12,,,,0,3,35:22,0,2,2,11-118,4.7,45,212,7.8,34-49,382,594,1-2,11-16,38,,,,,,,,,
401540074,2023,6,regular,Princeton,Ivy,home,9,0,1,51,0,2,3,,,,0,2,30:04,0,1,1,6-50,0.1,26,3,8.9,26-35,310,313,2-4,3-13,14,28,0,3,,,,,,
401540074,2023,6,regular,Lafayette,Patriot,away,12,0,1,,,,4,,,,1,0,29:56,0,0,0,5-45,2.6,34,88,6.3,20-28,177,265,1-2,7-17,12,6,0,1,,,,,,
401540377,2023,6,regular,Northwestern State,Southland,away,13,1,0,68,0,4,7,,,,0,1,29:52,1,0,1,3-20,2.5,33,81,4.0,20-35,140,221,2-4,6-15,16,10,0,2,,,,,,
401540377,2023,6,regular,Lamar,Southland,home,27,2,1,95,0,1,3,0,0,1,0,1,30:08,0,0,0,4-29,3.1,40,122,7.2,9-20,143,265,2-3,6-14,15,,,,,,,,,
401520309,2023,6,regular,Rice,American Athletic,home,31,2,2,115,0,4,7,,,,0,5,30:57,1,3,4,6-42,5.1,22,112,7.4,33-49,362,474,1-2,4-10,26,7,0,1,2,0,30,0,1,2
401520309,2023,6,regular,UConn,FBS Independents,away,38,2,2,44,0,2,6,0,0,1,3,0,29:03,0,0,0,6-48,3.5,30,104,11.3,15-19,215,319,0-0,2-9,12,,,,4,0,42,2,3,3
401540563,2023,6,regular,St. Thomas (MN),Pioneer,home,17,2,0,41,0,2,5,,,,1,1,31:04,0,1,1,5-41,5.2,44,229,8.9,5-8,71,300,1-2,4-12,12,6,0,1,,,,,,
401540563,2023,6,regular,Butler,Pioneer,away,10,1,0,94,0,4,4,,,,1,1,28:56,0,1,1,2-15,4.3,35,151,3.6,16-31,111,262,0-2,4-13,18,,,,,,,,,
401540014,2023,6,regular,Duquesne,NEC,away,17,1,1,18,0,2,5,0,0,1,0,1,28:19,3,0,3,9-87,4.8,34,162,7.5,9-17,128,290,0-0,3-10,14,,,,,,,,,
401540014,2023,6,regular,Delaware,CAA,home,43,2,4,51,0,2,5,0,0,3,0,,31:41,1,0,1,4-50,4.0,30,119,8.7,28-40,347,466,0-0,8-13,29,,,,,,,,,
401540261,2023,6,regular,Montana,Big Sky,away,31,1,3,34,0,1,7,,,,2,2,30:14,0,2,2,7-70,4.6,39,181,7.6,18-32,243,424,0-0,9-19,15,92,0,4,,,,,,
401540261,2023,6,regular,UC Davis,Big Sky,home,23,1,2,20,0,1,5,,,,2,2,29:46,0,2,2,4-25,3.0,25,76,7.6,31-47,359,435,0-2,6-15,21,-6,0,1,,,,,,
401540348,2023,6,regular,North Dakota State,MVFC,away,38,2,3,33,0,2,8,64,0,3,1,0,33:28,0,0,0,7-76,6.5,40,258,11.5,18-24,276,534,1-2,5-10,23,-1,0,1,,,,,,
401540348,2023,6,regular,Missouri State,MVFC,home,10,0,1,85,0,4,4,,,,0,1,26:32,3,1,4,2-20,4.1,20,82,6.1,25-44,269,351,2-4,3-12,21,24,0,1,,,,,,
401520307,2023,6,regular,Maryland,Big Ten,away,17,1,1,18,0,1,5,,,,0,1,30:04,2,0,2,4-50,3.0,35,106,4.8,21-41,196,302,0-2,8-19,20,32,0,2,5,0,36,3,1,6
401520307,2023,6,regular,Ohio State,Big Ten,home,37,1,2,24,0,1,13,39,1,2,0,,29:56,0,0,0,10-81,1.9,33,62,11.0,19-29,320,382,1-2,3-12,19,-3,0,3,5,1,36,2,5,5
401520311,2023,6,regular,Wisconsin,Big Ten,home,24,1,1,,,,6,95,1,1,0,2,32:47,0,2,2,2-25,4.6,46,213,4.7,17-31,145,358,0-1,9-17,23,,,,2,1,27,1,3,2
401520311,2023,6,regular,Rutgers,Big Ten,away,13,0,2,,,,1,,,,2,0,27:13,1,0,1,4-36,2.9,22,64,5.6,18-38,211,275,1-2,2-12,16,,,,4,0,36,2,2,2
401520303,2023,6,regular,Minnesota,Big Ten,home,10,0,1,4,0,1,4,,,,0,,31:12,2,0,2,4-36,3.0,39,117,3.3,5-16,52,169,2-2,3-14,10,,,,3,0,32,0,0,1
401520303,2023,6,regular,Michigan,Big Ten,away,52,4,1,21,0,1,10,64,2,2,0,,28:48,0,0,0,1-10,5.8,33,191,10.5,16-23,241,432,1-1,5-10,18,7,0,2,7,2,28,2,4,4
401540103,2023,6,regular,South Dakota State,MVFC,away,40,3,3,34,0,1,4,,,,2,1,35:45,0,1,1,9-90,8.1,46,374,9.6,12-18,173,547,1-2,7-11,25,,,,,,,,,
401540103,2023,6,regular,Illinois State,MVFC,home,21,1,2,37,0,3,3,,,,1,3,24:15,0,2,2,3-15,5.8,21,122,5.0,27-34,171,293,0-2,7-13,18,5,0,1,,,,,,
401540021,2023,6,regular,Sacred Heart,NEC,away,13,0,1,18,0,1,7,,,,0,,27:13,1,0,1,3-25,2.8,44,124,5.2,15-29,151,275,3-4,5-16,20,,,,,,,,,
401540021,2023,6,regular,Long Island University,NEC,home,23,2,1,34,0,3,5,0,0,1,0,4,32:47,0,0,0,7-70,3.8,46,177,3.3,7-11,36,213,0-0,6-13,16,24,0,2,,,,,,
401540301,2023,6,regular,Indiana State,MVFC,home,20,1,1,65,0,2,8,,,,0,,39:58,2,0,2,8-88,2.5,38,96,8.2,23-30,245,341,0-1,8-14,22,30,0,3,,,,,,
401540301,2023,6,regular,Northern Iowa,MVFC,away,27,3,0,19,0,1,9,-1,0,2,0,,20:02,0,0,0,7-63,5.7,26,148,6.3,16-28,176,324,0-0,4-10,19,,,,,,,,,
401540447,2023,6,regular,Youngstown State,MVFC,home,31,4,0,14,0,1,7,20,0,1,0,3,37:39,1,1,2,4-24,3.6,47,167,8.7,14-18,156,323,2-2,7-14,17,,,,,,,,,
401540447,2023,6,regular,Southern Illinois,MVFC,away,3,0,0,82,0,5,3,0,0,1,1,0,22:21,1,0,1,5-45,0.3,23,6,3.5,12-27,94,100,2-4,2-13,8,,,,,,,,,
401540371,2023,6,regular,North Dakota,MVFC,home,49,6,0,,,,7,33,1,1,0,,27:18,0,0,0,7-68,8.0,28,224,8.8,21-27,237,461,0-1,3-4,26,,,,,,,,,
401540371,2023,6,regular,Western Illinois,MVFC,away,10,0,1,109,0,5,4,,,,1,1,32:42,1,0,1,12-90,1.5,27,40,5.9,20-28,166,206,3-4,4-13,13,,,,,,,,,
401539973,2023,6,regular,Central Connecticut,NEC,home,51,5,2,104,0,4,9,,,,2,,32:56,0,0,0,8-64,9.4,53,497,4.5,9-19,86,583,1-2,5-13,29,,,,,,,,,
401539973,2023,6,regular,Delaware State,MEAC,away,44,1,3,273,1,9,3,,,,0,2,25:29,2,2,4,5-55,4.2,30,125,11.6,16-26,301,426,0-1,4-10,19,85,1,1,,,,,,
401520306,2023,6,regular,Northwestern,Big Ten,home,23,1,2,49,0,4,3,,,,0,1,30:26,0,0,0,8-46,3.9,46,181,7.3,13-18,131,312,0-1,7-13,21,1,0,1,5,0,48,3,3,2
401520306,2023,6,regular,Howard,MEAC,away,20,3,0,32,0,2,2,,,,0,2,29:34,0,0,0,8-52,4.5,36,162,5.6,18-30,169,331,1-3,7-15,18,0,0,2,6,0,54,4,1,1
401539997,2023,6,regular,Elon,Coastal Athletic,home,23,1,2,66,0,3,5,,,,0,2,33:24,1,0,1,5-60,1.9,43,82,8.8,19-32,282,364,3-5,7-16,22,,,,,,,,,
401539997,2023,6,regular,North Carolina Central,MEAC,away,34,4,1,0,0,1,4,6,0,1,0,,26:36,0,0,0,8-60,8.6,24,207,4.8,21-36,171,378,1-2,5-11,22,,,,,,,,,
401540001,2023,6,regular,Virginia Lynchburg,,away,6,0,0,97,0,7,6,,,,1,0,30:09,2,0,2,10-69,1.6,29,47,4.9,9-26,127,174,0-0,3-16,7,0,0,1,,,,,,
401540001,2023,6,regular,South Carolina State,MEAC,home,56,4,3,82,0,3,8,9,0,2,0,1,29:51,0,1,1,1-12,6.5,42,273,12.1,6-15,182,455,0-2,1-6,23,42,0,4,,,,,,
401531380,2023,6,regular,South Florida,American Athletic,away,35,3,2,79,0,4,5,35,0,1,0,1,26:45,2,1,3,9-86,5.7,37,211,5.9,24-44,260,471,2-5,8-17,24,,,,10,0,48,2,4,2
401531380,2023,6,regular,UAB,American Athletic,home,56,4,4,,,,8,0,0,2,1,1,33:15,1,0,1,11-74,5.3,48,253,12.2,20-29,355,608,3-4,4-12,29,7,0,3,5,0,46,3,4,7
401531340,2023,6,regular,Tulsa,American Athletic,away,17,1,1,39,0,2,5,0,0,1,0,1,28:39,2,0,2,5-48,4.5,43,194,6.5,13-28,182,376,2-4,8-17,16,,,,6,0,39,3,2,5
401531340,2023,6,regular,Florida Atlantic,American Athletic,home,20,2,0,41,0,2,8,0,0,2,0,,31:21,1,0,1,1-5,5.4,43,234,5.1,18-28,144,378,1-2,6-17,18,36,0,2,6,0,31,2,3,0
401531433,2023,6,regular,Navy,American Athletic,home,27,3,1,,,,3,,,,2,0,33:55,0,0,0,7-41,5.7,58,331,7.5,4-10,75,406,2-2,4-12,21,2,0,1,10,0,46,8,4,5
401531433,2023,6,regular,North Texas,American Athletic,away,24,2,1,44,0,2,6,,,,0,2,26:05,0,2,2,0-0,5.7,36,206,8.1,22-33,267,473,3-5,2-11,23,0,0,1,3,0,35,1,2,1
401531389,2023,6,regular,Temple,American Athletic,home,34,0,5,46,0,4,4,,,,0,2,35:18,0,2,2,2-30,2.4,29,70,7.3,42-65,472,542,2-4,12-20,32,,,,3,0,38,1,2,1
401531389,2023,6,regular,UTSA,American Athletic,away,49,4,3,26,0,2,7,,,,2,2,24:42,0,0,0,8-83,4.5,35,157,10.2,25-33,338,495,1-2,5-11,26,3,0,1,7,0,47,1,2,6
401520296,2023,6,regular,Sam Houston,Conference USA,away,16,0,2,26,0,2,4,24,0,1,0,1,27:24,1,0,1,3-25,3.3,22,72,6.1,27-42,255,327,1-2,4-14,19,-1,0,1,6,0,36,2,1,0
401520296,2023,6,regular,Liberty,Conference USA,home,21,2,1,77,0,4,3,0,0,1,0,,32:36,1,0,1,8-79,4.4,43,191,13.5,11-19,257,448,0-0,7-14,19,,,,4,0,37,2,3,5
401540392,2023,6,regular,McNeese,Southland,away,10,1,0,39,0,2,4,0,0,1,0,3,28:35,1,2,3,4-40,2.1,31,64,5.8,22-37,216,280,2-3,0-13,16,,,,,,,,,
401540392,2023,6,regular,East Texas A&M,Southland,home,41,3,2,42,0,2,11,0,0,1,2,0,31:25,1,0,1,10-75,4.5,35,158,12.0,15-26,312,470,1-1,5-13,18,28,0,2,,,,,,
401540592,2023,6,regular,Mercer,Southern,away,24,1,2,,,,6,,,,1,2,29:58,0,2,2,5-62,1.8,40,71,11.7,20-27,317,388,1-1,3-14,16,37,0,3,,,,,,
401540592,2023,6,regular,East Tennessee State,Southern,home,6,0,0,32,0,3,6,,,,2,2,30:02,0,1,1,4-32,2.2,37,81,2.0,7-23,45,126,1-2,3-18,7,26,0,2,,,,,,
401540358,2023,6,regular,Nicholls,Southland,home,38,4,1,31,0,1,8,54,0,3,1,1,33:05,1,0,1,7-50,5.4,44,237,8.2,15-25,204,441,1-1,5-14,19,,,,,,,,,
401540358,2023,6,regular,Houston Christian,Southland,away,7,0,1,12,0,1,1,0,0,1,0,1,26:55,3,1,4,3-20,1.7,27,46,4.1,19-42,174,220,1-2,5-16,14,3,0,3,,,,,,
401540435,2023,6,regular,SE Louisiana,Southland,away,26,1,2,,,,8,3,0,1,2,3,35:16,1,1,2,8-75,3.7,39,145,6.6,27-41,271,416,3-4,5-16,24,-2,0,1,,,,,,
401540435,2023,6,regular,Incarnate Word,Southland,home,33,1,2,88,0,4,7,-2,0,1,1,2,24:44,1,1,2,9-78,2.3,29,67,9.2,23-33,304,371,0-2,4-8,22,,,,,,,,,
401540627,2023,6,regular,Wofford,Southern,home,10,1,0,69,0,3,4,0,0,1,0,,27:15,1,0,1,4-35,4.9,28,137,3.6,13-32,114,251,1-1,1-14,14,7,0,2,,,,,,
401540627,2023,6,regular,Samford,Southern,away,31,3,1,30,0,2,7,0,0,1,0,,32:45,1,0,1,5-38,4.7,44,205,5.9,31-43,252,457,0-0,9-17,28,10,0,1,,,,,,
401520301,2023,6,regular,Illinois,Big Ten,home,7,0,1,,,,1,0,0,1,2,2,22:43,1,1,2,3-30,1.1,19,21,6.1,29-47,289,310,1-4,4-15,16,,,,3,0,33,1,4,3
401520301,2023,6,regular,Nebraska,Big Ten,away,20,2,0,22,0,1,8,39,0,1,1,3,37:17,1,2,3,10-70,3.2,49,158,6.4,12-24,154,312,1-1,5-15,18,,,,6,0,29,2,6,7
401520302,2023,6,regular,Purdue,Big Ten,away,14,1,1,,,,2,26,0,1,0,2,35:28,2,0,2,6-45,2.4,40,96,6.2,25-40,247,343,0-2,9-19,21,53,0,3,5,0,32,1,3,1
401520302,2023,6,regular,Iowa,Big Ten,home,20,1,1,3,0,1,8,41,0,2,0,1,24:32,1,0,1,2-20,5.2,35,181,5.2,6-21,110,291,0-0,3-13,13,45,0,3,12,0,41,6,3,3
401520298,2023,6,regular,Boston College,ACC,away,27,4,0,15,0,1,3,,,,1,1,34:30,1,0,1,3-25,4.9,61,299,8.1,4-9,73,372,3-4,8-17,19,,,,1,0,35,0,0,0
401520298,2023,6,regular,Army,FBS Independents,home,24,2,1,68,0,3,6,21,0,1,0,3,25:30,0,1,1,6-30,4.9,33,161,8.1,10-13,105,266,0-0,3-10,12,6,0,1,4,0,34,2,1,1
401525861,2023,6,regular,Oklahoma,Big 12,away,34,3,1,37,0,2,10,7,0,2,1,0,27:49,0,0,0,4-30,4.7,43,201,7.5,23-38,285,486,0-1,5-14,28,,,,10,0,51,5,3,3
401525861,2023,6,regular,Texas,Big 12,home,30,1,1,70,0,4,12,,,,0,1,32:11,2,1,3,9-70,3.9,40,156,9.8,32-38,371,527,3-4,5-14,25,7,1,4,5,1,45,1,2,6
401540608,2023,6,regular,Tennessee State,Big South-OVC,away,27,2,1,49,0,2,9,1,0,1,0,,26:56,0,0,0,8-81,3.6,33,120,4.7,17-37,175,295,0-0,6-17,17,18,0,1,,,,,,
401540608,2023,6,regular,Kennesaw State,FCS Independents,home,20,2,0,122,0,4,8,,,,0,2,33:04,1,0,1,6-50,4.0,39,157,4.6,12-31,144,301,0-2,5-16,17,16,0,5,,,,,,
401525439,2023,6,regular,Louisville,ACC,home,33,2,1,,,,15,38,0,3,2,2,31:24,0,1,1,6-35,4.6,40,185,6.0,17-24,145,330,0-0,5-14,17,21,0,3,8,0,30,5,3,4
401525439,2023,6,regular,Notre Dame,FBS Independents,away,20,0,2,72,0,3,8,,,,1,2,28:36,3,2,5,3-35,1.6,28,44,6.7,22-38,254,298,0-2,3-13,17,,,,5,0,34,2,0,2
401525518,2023,6,regular,Virginia Tech,ACC,away,17,1,0,156,1,4,5,,,,0,3,31:16,0,1,1,6-60,6.0,35,209,3.9,14-27,104,313,3-4,2-13,19,8,0,1,4,1,22,2,1,3
401525518,2023,6,regular,Florida State,ACC,home,39,3,2,,,,7,,,,1,0,28:44,0,0,0,12-99,7.8,36,282,6.8,18-25,170,452,1-1,5-12,20,33,0,2,5,0,30,2,2,5
401525519,2023,6,regular,Miami,ACC,home,20,1,1,46,0,2,8,46,0,2,0,,35:26,3,2,5,6-80,3.5,47,165,8.0,24-36,288,453,0-1,8-16,23,,,,0,0,0,1,0,2
401525519,2023,6,regular,Georgia Tech,ACC,away,23,2,1,,,,5,107,0,3,2,0,24:34,2,0,2,11-67,3.7,27,99,5.8,12-26,151,250,0-0,5-13,13,,,,1,0,1,1,0,5
401525520,2023,6,regular,Syracuse,ACC,away,7,1,0,,,,1,,,,1,1,22:44,2,0,2,7-53,3.3,28,92,5.6,16-23,129,221,0-0,4-11,11,14,0,1,6,0,54,2,8,2
401525520,2023,6,regular,North Carolina,ACC,home,40,1,3,,,,16,19,0,2,0,1,37:16,0,1,1,5-55,4.2,48,202,9.0,33-49,442,644,1-2,10-19,33,5,0,1,3,0,33,1,6,0
401525517,2023,6,regular,Clemson,ACC,home,17,2,0,,,,5,,,,1,2,31:21,0,2,2,6-69,4.9,42,207,4.7,18-28,131,338,2-2,6-15,19,0,0,2,8,0,46,4,3,6
401525517,2023,6,regular,Wake Forest,ACC,away,12,1,0,,,,6,,,,2,1,28:39,0,1,1,3-20,2.6,39,102,5.5,15-25,137,239,0-1,2-12,18,13,0,1,2,0,45,0,1,1
401525522,2023,6,regular,William & Mary,Coastal Athletic,away,13,1,0,34,0,2,7,0,0,1,1,1,28:47,0,1,1,5-58,3.8,39,147,3.8,14-19,72,219,1-3,5-13,15,,,,6,0,45,4,2,2
401525522,2023,6,regular,Virginia,ACC,home,27,1,2,13,0,2,9,,,,1,1,31:13,1,1,2,5-41,4.9,45,221,8.9,17-26,232,453,2-2,6-15,27,10,0,3,6,0,33,0,3,1
401532592,2023,6,regular,Boise State,Mountain West,home,35,3,2,12,0,1,5,0,0,1,0,3,27:44,1,2,3,3-25,6.2,42,262,9.6,13-24,230,492,2-2,5-11,21,,,,4.5,0,32,3,2,6
401532592,2023,6,regular,San José State,Mountain West,away,27,3,0,,,,9,5,0,1,2,0,32:16,1,0,1,7-55,4.0,26,104,8.6,23-38,325,429,0-2,4-12,19,,,,4,0,34,2,1,3
401532590,2023,6,regular,Utah State,Mountain West,home,44,2,4,4,0,1,8,0,0,3,2,2,32:50,2,2,4,7-70,4.6,55,252,13.3,19-29,387,639,0-0,8-17,28,8,0,3,5,0,31,1,14,9
401532590,2023,6,regular,Colorado State,Mountain West,away,24,2,0,61,0,4,6,25,0,2,2,3,27:10,3,2,5,8-55,3.7,26,95,3.9,26-57,225,320,1-2,6-19,20,86,1,2,9,1,42,6,3,2
401532591,2023,6,regular,Wyoming,Mountain West,home,24,0,3,,,,6,23,0,1,0,,32:12,0,0,0,2-15,3.7,35,130,7.1,20-28,199,329,0-0,6-11,27,,,,4,0,36,3,2,5
401532591,2023,6,regular,Fresno State,Mountain West,away,19,0,2,17,0,1,7,,,,0,1,27:48,1,0,1,8-93,1.9,20,38,6.2,30-46,286,324,2-2,7-15,16,4,0,1,5,0,38,1,0,3
401540292,2023,6,regular,Rhode Island,Coastal Athletic,away,34,1,3,107,1,3,4,0,0,2,0,,23:29,0,0,0,7-51,6.2,27,167,7.4,16-30,222,389,0-0,5-13,16,30,0,3,,,,,,
401540292,2023,6,regular,Brown,Ivy,home,30,3,0,66,0,3,12,,,,0,1,36:31,2,0,2,3-40,5.1,34,172,4.9,31-56,272,444,0-0,12-21,30,18,0,2,,,,,,
401540315,2023,6,regular,Hampton,Coastal Athletic,home,27,2,2,28,0,2,3,0,0,1,0,1,26:14,2,0,2,4-40,5.8,42,244,5.3,14-28,147,391,0-3,8-13,23,0,0,1,,,,,,
401540315,2023,6,regular,Campbell,Coastal Athletic,away,30,2,2,63,0,4,4,44,0,2,0,1,33:46,1,0,1,5-50,4.6,44,202,11.3,14-21,238,440,0-2,7-14,18,,,,,,,,,
401540585,2023,6,regular,Western Carolina,Southern,away,52,3,3,23,0,2,10,44,1,2,0,,18:57,0,0,0,9-76,12.0,23,275,11.0,13-25,276,551,0-0,4-9,18,19,0,2,,,,,,
401540585,2023,6,regular,Chattanooga,Southern,home,50,1,5,116,0,5,10,,,,0,,41:03,2,0,2,5-45,3.7,39,144,8.9,29-45,399,543,1-1,8-13,33,14,0,1,,,,,,
401540523,2023,6,regular,Marist,Pioneer,away,0,0,0,34,0,3,,,,,2,1,32:56,3,1,4,4-25,1.2,29,34,5.2,24-39,203,237,0-4,5-16,15,2,0,2,,,,,,
401540523,2023,6,regular,Columbia,Ivy,home,16,2,0,18,0,1,4,0,0,3,1,5,27:04,0,3,3,4-50,4.8,46,222,3.3,10-20,65,287,1-3,6-16,14,40,0,2,,,,,,
401540336,2023,6,regular,Yale,Ivy,away,31,1,2,,,,7,76,1,3,1,1,24:33,0,0,0,5-50,1.3,27,36,10.9,15-22,239,275,0-0,2-10,11,10,0,1,,,,,,
401540336,2023,6,regular,Dartmouth,Ivy,home,24,2,1,43,0,2,6,,,,0,2,35:27,3,1,4,4-35,5.1,43,221,5.1,21-29,147,368,0-0,11-17,23,25,0,4,,,,,,
401540469,2023,6,regular,Morehead State,Pioneer,home,31,2,2,49,0,2,7,0,0,3,2,1,28:13,1,1,2,11-100,3.1,30,94,8.1,19-36,291,385,1-2,4-12,19,,,,,,,,,
401540469,2023,6,regular,Dayton,Pioneer,away,7,1,0,143,0,6,1,0,0,1,1,3,31:47,3,2,5,4-59,4.6,44,203,4.1,16-29,119,322,1-4,6-15,21,19,0,2,,,,,,
401540457,2023,6,regular,Valparaiso,Pioneer,away,14,0,2,68,0,2,2,,,,1,2,33:26,0,1,1,7-78,3.6,38,135,3.5,16-40,140,275,1-2,7-19,20,54,0,5,,,,,,
401540457,2023,6,regular,Drake,Pioneer,home,20,0,2,49,0,2,8,,,,1,2,26:34,0,1,1,8-75,1.9,24,46,7.4,17-36,267,313,0-0,4-15,15,15,0,4,,,,,,
401540479,2023,6,regular,UT Martin,Big South-OVC,away,28,2,1,10,0,1,3,15,0,1,0,4,25:02,0,3,3,9-90,4.6,32,146,5.7,14-30,171,317,0-0,6-14,14,,,,,,,,,
401540479,2023,6,regular,Eastern Illinois,Big South-OVC,home,27,0,2,65,0,3,2,,,,3,0,27:42,1,0,1,6-51,0.9,24,22,7.3,21-35,257,279,0-0,5-15,14,,,,,,,,,
401540600,2023,6,regular,The Citadel,Southern,away,14,2,0,18,0,1,0,0,0,1,0,1,24:35,2,1,3,5-32,1.4,28,39,7.0,19-34,239,278,2-4,3-12,18,,,,,,,,,
401540600,2023,6,regular,Furman,Southern,home,28,2,2,49,0,3,4,2,0,2,1,1,35:25,1,0,1,9-63,4.1,48,199,6.1,19-24,146,345,0-1,8-14,24,4,0,1,,,,,,
401540485,2023,6,regular,Robert Morris,Big South,away,16,1,0,31,0,2,4,0,0,1,2,3,36:11,0,2,2,3-24,1.0,34,33,4.2,26-43,179,212,1-5,5-18,16,9,0,3,,,,,,
401540485,2023,6,regular,Gardner-Webb,Big South-OVC,home,31,2,2,26,0,1,7,,,,2,3,23:49,1,2,3,5-54,4.5,31,140,9.5,12-17,162,302,0-1,2-8,14,22,0,3,,,,,,
401540060,2023,6,regular,Pennsylvania,Ivy,home,42,4,1,38,0,1,10,24,0,2,0,2,26:07,0,1,1,8-75,5.3,25,132,7.7,26-35,268,400,0-0,5-12,21,28,0,2,,,,,,
401540060,2023,6,regular,Georgetown,Patriot,away,39,2,3,,,,5,,,,1,1,33:53,2,0,2,12-96,3.7,40,149,6.8,26-40,272,421,1-1,8-17,26,25,0,2,,,,,,
401540495,2023,6,regular,Tennessee Tech,Big South-OVC,away,0,0,0,,,,,,,,0,3,30:00,1,2,3,5-25,2.3,39,91,3.6,12-34,122,213,2-6,4-17,18,1,0,2,,,,,,
401540495,2023,6,regular,Lindenwood,Big South-OVC,home,23,0,1,99,1,1,11,0,0,1,2,0,30:00,0,0,0,7-60,1.9,38,72,7.5,12-19,143,215,1-1,4-16,10,3,0,2,,,,,,
401540491,2023,6,regular,Richmond,Coastal Athletic,home,42,0,6,92,0,4,6,0,0,2,0,,33:46,2,0,2,6-55,3.0,32,96,10.6,26-37,391,487,0-0,7-14,24,18,0,2,,,,,,
401540491,2023,6,regular,Maine,Coastal Athletic,away,31,0,4,25,0,4,7,12,0,2,0,1,26:14,2,0,2,4-45,0.6,18,11,11.1,27-37,410,421,1-2,2-11,17,,,,,,,,,
401540544,2023,6,regular,Villanova,Coastal Athletic,away,37,1,3,47,0,3,13,,,,0,3,37:27,0,1,1,0-0,4.8,52,248,12.6,16-23,289,537,0-0,8-16,25,-6,0,2,,,,,,
401540544,2023,6,regular,North Carolina A&T,Coastal Athletic,home,14,1,0,168,0,4,2,,,,1,0,22:33,0,0,0,3-20,3.9,28,108,3.8,8-17,64,172,0-1,2-11,8,21,0,2,,,,,,
401540274,2023,6,regular,Weber State,Big Sky,home,10,1,0,50,0,2,4,4,0,1,0,1,22:49,2,0,2,9-85,2.5,24,61,4.0,19-30,119,180,0-2,2-12,12,1,0,1,,,,,,
401540274,2023,6,regular,Northern Arizona,Big Sky,away,27,2,1,64,0,2,3,7,0,2,0,,37:11,1,0,1,11-90,3.1,42,130,6.0,26-32,191,321,2-2,8-17,22,104,0,4,,,,,,
401540556,2023,6,regular,Stetson,Pioneer,away,28,3,1,26,0,1,4,23,0,2,1,1,25:33,1,1,2,8-74,3.7,43,159,8.5,10-22,186,345,0-2,6-13,18,,,,,,,,,
401540556,2023,6,regular,Presbyterian,Pioneer,home,24,1,2,99,0,4,6,29,0,1,1,1,34:27,2,1,3,10-90,2.8,42,118,8.0,18-25,201,319,0-0,5-11,20,,,,,,,,,
401540578,2023,6,regular,UAlbany,Coastal Athletic,away,24,1,2,64,0,5,6,0,0,1,1,3,27:38,1,2,3,6-55,2.6,29,74,9.0,18-25,225,299,0-1,5-9,18,16,0,1,,,,,,
401540578,2023,6,regular,Towson,Coastal Athletic,home,17,1,0,98,0,5,9,0,0,1,2,1,32:22,1,1,2,8-90,2.4,42,102,7.0,19-31,217,319,2-3,8-18,18,,,,,,,,,
401534853,2023,7,regular,Howard,MEAC,away,7,1,0,80,0,4,1,,,,0,1,29:03,2,1,3,2-20,3.9,36,139,5.2,13-26,135,274,0-2,6-13,15,,,,,,,,,
401534853,2023,7,regular,Harvard,Ivy,home,48,4,2,34,0,2,12,10,0,2,2,1,30:57,0,0,0,1-5,7.3,47,341,6.7,11-19,128,469,1-1,5-10,24,22,0,1,,,,,,
401540246,2023,7,regular,Montana,Big Sky,away,23,1,1,,,,11,27,0,2,1,0,28:17,0,0,0,2-15,4.0,40,158,9.8,11-18,176,334,0-1,8-14,15,,,,,,,,,
401540246,2023,7,regular,Idaho,Big Sky,home,21,1,2,,,,1,,,,0,1,31:43,2,1,3,7-45,1.8,32,58,9.1,26-37,336,394,2-4,7-14,25,7,0,1,,,,,,
401520327,2023,7,regular,Vanderbilt,SEC,home,20,1,2,24,0,2,2,35,0,1,1,0,22:41,1,0,1,5-30,1.2,15,18,6.9,19-29,201,219,1-1,2-9,9,,,,4,0,46,2,3,3
401520327,2023,7,regular,Georgia,SEC,away,37,3,1,47,0,2,13,8,0,1,0,3,37:19,1,1,2,4-39,7.5,39,291,6.7,29-39,261,552,1-1,11-16,26,-3,0,1,4,0,23,1,4,3
401520325,2023,7,regular,South Carolina,SEC,home,39,1,4,27,0,4,7,,,,0,2,27:12,1,1,2,9-82,4.6,33,152,10.4,23-30,313,465,0-0,5-10,23,,,,9,0,43,4,7,6
401520325,2023,7,regular,Florida,SEC,away,41,1,3,16,0,1,15,0,0,1,1,0,32:48,0,0,0,6-48,2.2,33,71,8.8,30-48,423,494,3-4,4-15,28,5,0,1,6,0,42,2,7,0
401520326,2023,7,regular,Texas A&M,SEC,away,13,1,0,23,0,1,7,16,0,1,0,,30:48,2,0,2,11-90,1.9,28,54,6.6,16-34,223,277,0-2,5-15,17,,,,8,0,43,3,5,1
401520326,2023,7,regular,Tennessee,SEC,home,20,0,1,19,0,1,8,41,0,2,0,1,29:12,1,0,1,12-115,4.7,49,232,4.5,11-22,100,332,0-2,7-15,20,39,1,1,5,1,31,2,11,4
401520318,2023,7,regular,Missouri,SEC,away,38,2,2,54,0,3,12,6,0,2,1,1,31:07,1,0,1,6-65,3.1,38,118,6.9,20-30,206,324,1-1,6-14,19,10,0,1,6,0,35,4,3,2
401520318,2023,7,regular,Kentucky,SEC,home,21,1,2,103,0,6,3,0,0,1,0,3,28:53,2,1,3,14-122,5.8,31,179,4.4,14-27,120,299,0-1,5-13,19,,,,7,0,38,1,5,0
401520322,2023,7,regular,Penn State,Big Ten,home,63,4,3,24,0,1,9,6,0,1,0,2,27:02,0,2,2,6-60,6.6,37,246,7.0,16-23,162,408,1-1,7-9,28,172,2,5,14,2,33,7,1,3
401520322,2023,7,regular,Massachusetts,FBS Independents,away,0,0,0,77,0,4,,,,,1,1,32:58,1,0,1,9-81,1.6,39,64,2.0,9-23,45,109,0-1,5-18,9,,,,3,0,30,1,1,0
401525864,2023,7,regular,Kansas,Big 12,away,32,0,5,58,0,3,2,,,,0,2,28:29,2,0,2,3-22,3.1,29,90,12.1,23-34,410,500,0-2,7-13,19,,,,4,0,57,1,2,5
401525864,2023,7,regular,Oklahoma State,Big 12,home,39,2,2,61,0,4,15,25,0,2,0,1,31:31,0,0,0,3-12,5.7,38,218,8.2,28-41,336,554,0-0,6-15,27,0,0,1,7,0,30,4,1,4
401525866,2023,7,regular,Texas Tech,Big 12,home,21,2,1,76,0,4,3,,,,0,,27:15,3,0,3,5-45,6.1,30,182,6.1,30-49,298,480,3-5,4-13,23,1,0,1,5,0,41,1,0,3
401525866,2023,7,regular,Kansas State,Big 12,away,38,5,0,0,0,1,8,24,0,3,0,,32:45,0,0,0,5-45,5.8,47,272,9.1,14-18,163,435,1-1,4-11,24,2,0,1,3,0,49,2,2,2
401525863,2023,7,regular,Cincinnati,Big 12,home,10,0,1,38,0,2,4,,,,0,1,26:20,2,0,2,6-49,3.5,33,115,3.4,15-29,99,214,1-3,3-13,15,,,,4,0,30,2,1,3
401525863,2023,7,regular,Iowa State,Big 12,away,30,1,2,110,0,2,12,0,0,2,0,,33:40,0,0,0,5-55,3.2,38,123,9.6,15-25,241,364,3-3,5-15,17,3,0,3,6,0,27,2,3,3
401525865,2023,7,regular,BYU,Big 12,away,11,1,0,91,0,4,3,17,0,2,0,1,29:22,1,1,2,5-50,2.8,32,91,4.5,15-34,152,243,1-3,2-14,15,0,0,1,0,0,53,0,0,5
401525865,2023,7,regular,TCU,Big 12,home,44,0,4,50,0,3,14,35,1,1,1,1,30:38,2,0,2,7-59,5.1,27,137,7.6,38-59,447,584,0-1,12-19,30,2,0,2,5,1,38,3,0,2
401525862,2023,7,regular,Houston,Big 12,home,41,1,4,184,1,5,5,0,0,1,0,,23:01,0,0,0,7-70,5.4,26,140,9.4,21-27,253,393,0-0,3-9,20,18,0,2,6,1,48,0,0,7
401525862,2023,7,regular,West Virginia,Big 12,away,39,3,2,92,0,5,7,,,,0,1,36:59,1,0,1,8-84,3.5,44,155,10.3,20-38,391,546,1-1,13-19,26,3,0,2,6,0,32,2,1,1
401540365,2023,7,regular,Southern Illinois,MVFC,away,27,3,0,,,,9,17,0,2,1,2,34:27,0,1,1,8-61,5.4,50,270,6.0,14-23,137,407,1-2,9-18,20,15,0,4,,,,,,
401540365,2023,7,regular,Murray State,MVFC,home,6,0,0,52,0,3,6,,,,1,2,25:33,2,1,3,7-75,1.2,27,33,5.4,12-29,157,190,0-2,3-13,13,6,0,2,,,,,,
401540204,2023,7,regular,North Alabama,UAC,away,13,0,2,30,0,2,1,,,,0,2,30:00,4,1,5,7-70,4.4,43,191,5.4,28-43,232,423,1-3,10-21,23,5,0,1,,,,,,
401540204,2023,7,regular,Abilene Christian,UAC,home,30,1,0,19,0,1,12,20,0,4,1,0,30:00,0,0,0,7-54,4.5,28,127,8.6,12-24,206,333,0-0,3-12,13,,,,,,,,,
401540177,2023,7,regular,Gardner-Webb,Big South-OVC,away,14,1,1,59,0,3,2,,,,0,1,30:13,2,0,2,3-36,4.5,33,150,4.4,19-35,153,303,2-5,3-15,18,2,0,1,,,,,,
401540177,2023,7,regular,Austin Peay,UAC,home,41,2,2,18,0,1,11,21,1,2,0,,29:47,0,0,0,5-55,3.3,31,103,9.1,31-41,372,475,1-1,3-11,24,3,0,1,,,,,,
401540188,2023,7,regular,Stephen F. Austin,UAC,away,21,1,2,67,0,4,3,,,,1,1,29:59,0,1,1,6-48,2.3,29,68,7.6,27-42,318,386,1-5,2-11,21,,,,,,,,,
401540188,2023,7,regular,Central Arkansas,UAC,home,24,1,2,17,0,1,6,,,,1,1,30:01,0,1,1,5-55,4.7,43,200,4.2,15-25,106,306,1-1,4-14,17,0,0,1,,,,,,
401540195,2023,7,regular,Tarleton State,UAC,away,35,2,3,21,0,2,5,,,,0,2,26:05,2,0,2,9-54,7.7,41,316,7.0,16-30,211,527,2-3,5-12,29,0,0,1,,,,,,
401540195,2023,7,regular,Eastern Kentucky,UAC,home,41,5,1,0,0,2,5,34,0,2,0,,33:55,0,0,0,6-35,6.9,42,288,5.8,19-33,190,478,1-1,6-12,30,,,,,,,,,
401520319,2023,7,regular,LSU,SEC,home,48,3,3,60,0,1,12,,,,0,,34:13,1,0,1,12-100,6.1,39,238,12.0,20-27,325,563,0-0,6-9,25,,,,5,0,31,2,2,5
401520319,2023,7,regular,Auburn,SEC,away,18,1,1,93,0,4,4,3,0,1,0,1,25:47,0,0,0,5-42,4.1,34,139,5.7,15-27,154,293,1-2,3-12,18,,,,2,0,24,2,2,3
401532423,2023,7,regular,Western Michigan,Mid-American,home,21,2,0,18,0,1,7,0,0,1,1,0,28:23,0,0,0,7-65,4.0,42,167,4.5,19-30,136,303,2-5,5-16,16,,,,3,0,34,1,0,7
401532423,2023,7,regular,Miami (OH),Mid-American,away,34,2,2,34,0,2,10,,,,0,1,31:37,1,1,2,5-30,3.0,31,92,6.4,20-35,223,315,0-1,7-14,17,10,0,1,4,0,44,4,1,3
401532424,2023,7,regular,Northern Illinois,Mid-American,home,23,1,1,17,0,1,11,68,0,3,0,,31:45,0,0,0,1-15,3.8,34,130,7.5,15-23,172,302,0-1,7-14,13,,,,2,0,28,0,2,2
401532424,2023,7,regular,Ohio,Mid-American,away,13,1,0,15,0,1,7,,,,0,1,28:15,3,0,3,7-70,3.7,26,95,4.4,22-36,159,254,0-0,9-15,16,,,,8,0,30,1,0,1
401532422,2023,7,regular,Eastern Michigan,Mid-American,home,28,2,1,58,1,2,4,,,,3,2,29:26,0,1,1,2-5,2.7,37,100,4.7,9-25,118,218,0-0,5-15,14,48,0,3,4,1,28,1,17,7
401532422,2023,7,regular,Kent State,Mid-American,away,14,0,2,93,0,3,2,,,,1,3,30:34,0,3,3,6-60,3.8,43,163,5.0,14-36,180,343,2-5,4-18,17,38,0,3,5,0,26,0,8,3
401532420,2023,7,regular,Central Michigan,Mid-American,home,17,2,0,56,0,3,5,13,0,2,0,1,37:51,2,0,2,6-53,2.3,50,117,5.7,17-32,181,298,2-2,8-20,21,-1,0,1,5,0,22,1,9,6
401532420,2023,7,regular,Akron,Mid-American,away,10,0,1,55,0,3,4,50,0,2,0,1,22:09,2,0,2,9-57,3.7,19,70,3.6,16-34,123,193,0-1,3-13,10,-1,0,1,8,0,43,2,9,2
401532419,2023,7,regular,Ball State,Mid-American,home,6,0,0,45,0,3,6,,,,1,0,29:42,1,0,1,6-45,4.4,38,167,2.4,4-16,38,205,0-1,5-14,13,0,0,1,4,0,39,0,3,1
401532419,2023,7,regular,Toledo,Mid-American,away,13,1,0,63,0,3,7,0,0,1,0,2,30:18,0,1,1,5-56,4.6,46,210,6.1,15-27,166,376,1-3,10-18,20,28,0,1,5,0,27,0,2,3
401540424,2023,7,regular,Robert Morris,Big South,away,24,1,2,146,0,6,6,,,,0,,34:53,1,0,1,9-64,3.2,40,127,5.6,21-33,186,313,1-1,4-15,22,4,0,1,,,,,,
401540424,2023,7,regular,Bryant,Big South-OVC,home,43,0,3,134,0,5,5,55,0,1,0,,25:07,0,0,0,10-92,5.7,21,119,7.9,22-36,283,402,0-2,4-10,21,0,0,1,,,,,,
401540110,2023,7,regular,Grambling,SWAC,home,24,2,1,132,0,4,6,12,0,1,0,2,28:08,1,2,3,9-116,3.7,35,129,6.8,21-36,244,373,1-2,5-14,21,47,0,1,,,,,,
401540110,2023,7,regular,Alabama A&M,SWAC,away,45,5,1,44,0,4,9,3,0,1,2,0,31:52,1,0,1,8-69,7.5,45,336,5.8,9-22,127,463,1-2,5-11,25,43,0,1,,,,,,
401520314,2023,7,regular,Florida International,Conference USA,home,14,2,0,80,0,5,2,,,,0,4,27:28,1,1,2,5-57,2.7,34,91,9.1,15-30,272,363,1-4,2-11,16,,,,10,0,29,2,0,2
401520314,2023,7,regular,UTEP,Conference USA,away,27,1,2,,,,9,0,0,1,1,1,32:32,0,0,0,4-30,3.2,43,139,16.8,12-18,302,441,0-0,5-13,18,0,0,1,9,0,36,6,5,4
401520313,2023,7,regular,Middle Tennessee,Conference USA,home,31,2,2,-7,0,1,7,0,0,1,0,1,28:59,0,0,0,7-63,2.8,37,105,8.6,23-29,248,353,0-0,10-16,19,68,0,2,5,0,34,2,4,10
401520313,2023,7,regular,Louisiana Tech,Conference USA,away,23,1,2,46,0,3,5,,,,0,,31:01,1,0,1,7-48,3.0,26,79,7.2,30-47,340,419,2-3,3-13,26,4,0,4,9,0,34,3,0,1
401540120,2023,7,regular,Jackson State,SWAC,home,19,2,0,47,0,3,7,,,,0,3,35:08,0,3,3,10-70,4.6,40,182,5.0,31-46,228,410,2-2,5-15,29,,,,,,,,,
401540120,2023,7,regular,Alabama State,SWAC,away,24,2,1,65,0,3,6,,,,3,1,24:52,2,0,2,11-60,4.8,31,150,6.1,7-15,91,241,0-0,3-12,10,31,0,1,,,,,,
401540136,2023,7,regular,Mississippi Valley State,SWAC,home,42,0,3,61,0,3,6,14,1,1,1,1,31:23,0,0,0,4-45,4.7,32,149,9.1,19-29,265,414,0-0,7-13,18,,,,,,,,,
401540136,2023,7,regular,Arkansas-Pine Bluff,SWAC,away,17,0,2,111,0,6,5,,,,0,2,28:37,1,1,2,8-64,6.5,36,234,6.0,19-29,175,409,1-3,4-13,18,-8,0,2,,,,,,
401524032,2023,7,regular,UCLA,Pac-12,away,24,2,1,29,0,1,6,,,,1,0,30:15,3,0,3,9-60,5.6,51,287,4.9,15-34,166,453,3-5,8-17,27,-1,0,1,5,0,19,2,6,1
401524032,2023,7,regular,Oregon State,Pac-12,home,36,0,3,65,0,4,12,104,1,3,0,1,29:45,0,1,1,11-95,4.8,28,133,10.8,16-26,282,415,1-1,5-12,18,23,0,1,5,1,36,5,5,6
401524030,2023,7,regular,Arizona,Pac-12,away,44,5,0,,,,14,0,0,2,1,0,38:39,0,0,0,5-55,4.7,37,174,8.0,34-43,342,516,1-1,10-17,26,,,,4,0,30,2,1,1
401524030,2023,7,regular,Washington State,Pac-12,home,6,1,0,,,,,,,,0,2,21:21,2,1,3,5-42,1.6,22,35,6.0,23-33,199,234,0-3,4-11,12,,,,6,0,44,1,4,3
401531890,2023,7,regular,Georgia Southern,Sun Belt,away,13,1,0,61,0,3,7,,,,0,1,34:29,3,0,3,3-30,2.2,29,64,5.2,35-59,304,368,2-2,12-21,25,0,0,1,5,0,33,1,0,4
401531890,2023,7,regular,James Madison,Sun Belt,home,41,2,3,,,,11,38,0,3,0,1,25:31,0,0,0,3-20,5.4,23,125,8.4,20-31,259,384,1-1,4-10,20,52,0,3,7,0,38,3,3,8
401531889,2023,7,regular,Georgia State,Sun Belt,home,41,3,1,,,,11,,,,1,1,35:17,0,0,0,8-80,5.7,42,240,7.5,21-31,234,474,0-1,7-15,25,22,1,4,10,1,50,3,2,1
401531889,2023,7,regular,Marshall,Sun Belt,away,24,2,1,23,0,1,6,,,,0,1,24:43,0,1,1,8-77,4.6,34,156,8.9,27-34,301,457,0-1,4-11,23,,,,4,0,47,2,0,1
401540168,2023,7,regular,Houston Christian,Southland,home,30,2,1,,,,12,23,0,1,1,1,38:27,1,1,2,6-45,5.6,44,246,5.9,24-34,199,445,1-2,5-16,30,29,0,2,,,,,,
401540168,2023,7,regular,Prairie View A&M,SWAC,away,0,0,0,29,0,3,,23,0,1,1,1,21:33,1,1,2,10-100,0.9,22,20,4.7,12-19,90,110,0-1,1-10,6,-3,0,1,,,,,,
401540170,2023,7,regular,Lincoln (CA),,away,18,1,2,51,0,5,,0,0,2,0,3,34:00,0,2,2,5-30,3.7,23,85,3.9,20-34,132,217,2-3,4-14,15,,,,,,,,,
401540170,2023,7,regular,Southern,SWAC,home,45,2,3,99,1,4,9,,,,2,1,26:00,2,0,2,13-113,3.5,30,106,10.7,22-33,352,458,1-2,6-13,18,50,0,3,,,,,,
401540143,2023,7,regular,Bethune-Cookman,SWAC,home,31,3,1,119,0,4,7,,,,0,2,38:21,1,1,2,6-54,3.2,63,202,4.1,16-31,128,330,3-3,11-22,27,,,,,,,,,
401540143,2023,7,regular,Texas Southern,SWAC,away,34,3,0,144,0,5,10,7,0,1,1,0,21:39,0,0,0,9-110,6.2,32,199,6.5,15-29,189,388,1-1,4-11,20,10,0,1,,,,,,
401524031,2023,7,regular,Notre Dame,FBS Independents,home,48,2,2,168,1,4,12,61,0,3,2,0,25:25,0,0,0,5-54,4.3,29,125,6.3,13-20,126,251,0-0,3-10,13,2,0,1,11,1,53,6,3,5
401524031,2023,7,regular,USC,Pac-12,away,20,1,1,46,0,3,8,,,,0,3,34:35,3,2,5,9-75,2.8,37,103,5.4,23-37,199,302,1-3,6-13,23,86,0,4,1,0,31,0,0,3
401524033,2023,7,regular,Utah,Pac-12,home,34,4,0,21,0,1,10,2,0,1,1,0,37:53,0,0,0,3-38,6.0,53,317,5.8,15-22,128,445,1-2,10-17,21,5,0,2,6,0,25,5,0,5
401524033,2023,7,regular,California,Pac-12,away,14,0,2,47,0,3,2,,,,0,1,22:07,1,1,2,7-44,2.8,24,66,6.1,15-31,188,254,0-2,4-12,16,,,,3,0,41,0,0,2
401524029,2023,7,regular,Colorado,Pac-12,home,43,1,5,,,,5,,,,0,,25:18,1,0,1,17-127,3.8,35,132,8.5,33-47,400,532,0-2,6-13,33,6,0,1,6,0,55,3,6,4
401524029,2023,7,regular,Stanford,Pac-12,away,46,2,4,22,0,2,10,0,0,1,0,2,34:42,0,0,0,7-74,3.2,39,124,8.1,28-49,399,523,0-1,10-18,29,,,,5,0,52,4,5,2
401531891,2023,7,regular,UL Monroe,Sun Belt,away,20,0,1,40,0,2,8,76,1,1,0,,22:42,0,0,0,3-30,3.9,35,135,6.8,14-22,150,285,0-1,3-14,14,,,,8,1,48,2,1,1
401531891,2023,7,regular,Texas State,Sun Belt,home,21,0,2,20,0,1,9,,,,0,,37:18,1,0,1,6-46,4.3,54,230,4.8,24-46,222,452,1-2,14-24,29,,,,9,0,33,1,3,1
401531888,2023,7,regular,App State,Sun Belt,home,24,1,2,26,0,1,6,,,,0,1,24:21,0,1,1,6-60,4.3,26,111,9.8,18-31,305,416,2-3,3-11,18,,,,7,0,36,1,5,2
401531888,2023,7,regular,Coastal Carolina,Sun Belt,away,27,1,2,66,0,3,9,,,,1,0,35:39,0,0,0,9-108,4.4,45,196,13.3,19-28,373,569,0-2,6-12,25,,,,0,0,34,0,4,6
401520317,2023,7,regular,Army,FBS Independents,home,0,0,0,11,0,1,,,,,1,5,29:52,1,3,4,5-31,3.5,51,177,4.3,9-18,78,255,1-5,2-13,17,,,,3,0,30,0,1,2
401520317,2023,7,regular,Troy,Sun Belt,away,19,0,1,,,,13,2,0,1,3,1,30:08,0,1,1,9-80,5.7,39,222,10.8,10-21,227,449,0-2,4-13,15,14,0,2,9,0,39,6,0,2
401520316,2023,7,regular,Arkansas,SEC,away,21,0,2,36,0,2,7,,,,0,,30:11,0,0,0,2-13,2.8,36,100,6.3,14-24,150,250,0-0,4-14,13,5,0,2,5,0,36,5,1,3
401520316,2023,7,regular,Alabama,SEC,home,24,1,2,,,,6,,,,0,1,29:49,0,0,0,5-45,4.2,42,177,11.3,10-21,238,415,0-0,6-14,18,11,0,1,7,0,35,4,4,1
401540051,2023,7,regular,Cornell,Ivy,home,13,1,0,101,0,4,7,33,0,1,1,0,29:58,1,0,1,6-75,2.6,32,82,7.7,15-26,200,282,0-2,3-12,15,4,0,1,,,,,,
401540051,2023,7,regular,Bucknell,Patriot,away,21,2,1,57,0,3,3,2,0,1,0,2,30:02,1,0,1,4-40,3.5,50,176,7.3,9-21,153,329,0-1,7-14,21,,,,,,,,,
401540337,2023,7,regular,Dartmouth,Ivy,away,24,3,0,82,0,3,6,7,0,1,0,,28:19,0,0,0,6-70,3.6,38,137,9.5,29-39,372,509,1-2,7-15,25,,,,,,,,,
401540337,2023,7,regular,Colgate,Patriot,home,27,1,2,142,0,5,9,,,,1,0,31:41,1,0,1,2-16,4.2,37,154,6.9,27-38,264,418,1-2,8-16,27,2,0,1,,,,,,
401540575,2023,7,regular,Stony Brook,Coastal Athletic,home,7,0,1,98,0,6,1,,,,0,5,24:38,1,2,3,8-85,1.2,22,27,6.8,21-36,243,270,0-1,4-14,13,,,,,,,,,
401540575,2023,7,regular,Fordham,Patriot,away,26,3,0,,,,8,9,0,1,2,0,35:22,0,0,0,6-55,4.6,47,215,5.2,20-33,171,386,1-2,6-17,25,,,,,,,,,
401540061,2023,7,regular,Georgetown,Patriot,away,17,1,1,20,0,1,5,32,0,2,0,,40:21,0,0,0,4-40,2.8,45,125,10.4,26-32,332,457,2-3,5-13,25,,,,,,,,,
401540061,2023,7,regular,Lehigh,Patriot,home,7,0,1,43,0,2,1,,,,0,,19:39,2,0,2,7-60,5.3,25,132,6.0,11-34,205,337,1-2,5-12,19,27,0,1,,,,,,
401540378,2023,7,regular,SE Louisiana,Southland,home,24,1,2,41,0,3,6,,,,0,3,27:34,2,2,4,4-25,3.3,31,102,10.3,21-34,351,453,0-1,6-11,22,31,0,3,,,,,,
401540378,2023,7,regular,Lamar,Southland,away,30,1,2,85,0,4,6,22,0,2,2,1,32:26,0,0,0,7-58,2.8,37,102,11.7,17-22,257,359,0-0,4-12,17,,,,,,,,,
401540401,2023,7,regular,Davidson,Pioneer,away,35,3,2,57,0,4,5,18,0,1,0,1,37:20,1,0,1,7-44,4.9,57,282,11.2,19-20,224,506,4-7,6-16,23,9,0,1,,,,,,
401540401,2023,7,regular,Butler,Pioneer,home,33,2,1,111,0,4,9,0,0,1,0,,22:40,1,0,1,3-20,8.6,25,215,4.2,14-31,130,345,0-1,7-14,14,22,2,1,,,,,,
401540325,2023,7,regular,North Carolina A&T,Coastal Athletic,away,6,0,0,8,0,2,6,0,0,1,2,4,29:08,0,3,3,5-53,3.9,42,165,1.8,7-17,31,196,0-0,4-14,13,27,0,2,,,,,,
401540325,2023,7,regular,Delaware,CAA,home,21,2,1,108,0,3,3,,,,3,2,30:52,1,1,2,4-45,6.9,47,322,2.7,8-21,57,379,3-5,2-11,22,39,0,2,,,,,,
401524034,2023,7,regular,Washington,Pac-12,home,36,1,4,49,0,2,4,,,,0,1,25:39,1,0,1,5-45,4.3,23,99,8.3,23-38,316,415,2-3,5-11,24,,,,4,0,55,1,0,3
401524034,2023,7,regular,Oregon,Pac-12,away,33,2,2,36,0,2,5,0,0,1,0,,34:21,0,0,0,5-55,5.1,40,204,7.7,33-44,337,541,0-3,10-16,31,0,0,1,4,0,31,1,0,3
401540230,2023,7,regular,Montana State,Big Sky,home,59,5,2,38,0,3,11,,,,0,3,28:48,0,0,0,5-55,9.6,35,335,10.1,14-24,243,578,0-0,2-8,25,65,0,24,,,,,,
401540230,2023,7,regular,Cal Poly,Big Sky,away,19,0,3,36,0,2,1,,,,0,,31:12,0,0,0,6-50,3.0,24,73,6.0,21-39,233,306,1-1,1-13,15,,,,,,,,,
401540289,2023,7,regular,Weber State,Big Sky,home,16,0,1,92,0,3,10,,,,0,2,28:33,0,1,1,9-61,3.5,33,116,5.0,16-32,159,275,1-3,3-15,14,63,0,6,,,,,,
401540289,2023,7,regular,UC Davis,Big Sky,away,17,0,2,20,0,3,5,,,,1,0,31:27,0,0,0,4-18,3.8,29,110,5.3,22-35,184,294,0-0,2-12,18,,,,,,,,,
401540349,2023,7,regular,Western Illinois,MVFC,home,7,0,1,37,0,4,1,,,,0,4,31:15,2,2,4,6-60,1.8,30,55,6.5,23-33,213,268,1-4,8-13,21,,,,,,,,,
401540349,2023,7,regular,Missouri State,MVFC,away,48,2,3,5,0,1,12,0,0,2,2,0,28:45,0,0,0,6-75,6.5,31,203,9.0,17-24,217,420,2-2,5-10,22,,,,,,,,,
401540372,2023,7,regular,North Dakota,MVFC,home,49,4,2,157,0,3,7,57,0,1,0,,28:09,0,0,0,3-23,5.5,39,215,9.4,9-12,113,328,1-2,7-11,18,10,0,1,,,,,,
401540372,2023,7,regular,North Dakota State,MVFC,away,24,1,2,65,0,4,6,,,,0,2,31:51,1,0,1,4-20,3.9,38,150,11.3,13-19,214,364,1-2,5-12,17,,,,,,,,,
401540036,2023,7,regular,Wagner,NEC,away,7,0,1,42,0,4,1,0,0,1,0,1,28:00,0,0,0,3-15,3.4,31,106,6.9,16-28,193,299,0-1,7-15,14,,,,,,,,,
401540036,2023,7,regular,Saint Francis,NEC,home,31,1,3,26,0,2,7,,,,0,,32:00,1,0,1,5-30,6.8,40,273,6.7,13-24,161,434,3-3,5-12,21,11,0,2,,,,,,
401532421,2023,7,regular,Bowling Green,Mid-American,away,24,1,1,,,,6,14,0,4,1,2,33:28,2,1,3,10-105,5.1,43,218,4.8,9-16,77,295,1-1,3-12,13,38,1,4,3,1,38,0,2,9
401532421,2023,7,regular,Buffalo,Mid-American,home,14,1,1,66,0,3,2,33,0,2,1,1,26:32,4,1,5,4-30,4.5,37,167,2.4,9-29,71,238,1-4,3-11,18,3,0,1,8,0,37,0,1,0
401520323,2023,7,regular,Purdue,Big Ten,home,7,0,1,38,0,3,1,,,,2,0,27:33,0,0,0,5-41,3.5,35,123,3.8,14-35,134,257,2-3,3-17,15,13,0,1,6,0,37,3,3,4
401520323,2023,7,regular,Ohio State,Big Ten,away,41,2,4,49,0,2,5,,,,0,2,32:27,0,2,2,9-51,3.9,39,152,11.1,17-30,334,486,0-0,8-13,24,0,0,1,9,0,35,3,1,5
401520324,2023,7,regular,Rutgers,Big Ten,home,27,1,1,22,0,1,7,,,,3,1,30:06,2,1,3,6-70,3.1,37,114,6.5,13-28,181,295,2-2,4-12,20,0,0,1,6,0,38,1,3,2
401520324,2023,7,regular,Michigan State,Big Ten,away,24,1,2,13,0,1,6,17,0,2,1,4,29:54,0,3,3,5-38,2.7,41,112,4.6,18-29,133,245,2-3,4-12,23,,,,4,0,25,3,3,2
401520320,2023,7,regular,Illinois,Big Ten,away,27,1,2,43,0,1,9,,,,1,0,29:18,1,0,1,5-45,3.4,39,131,7.4,16-28,206,337,1-1,6-16,21,55,0,2,4,0,46,3,1,4
401520320,2023,7,regular,Maryland,Big Ten,home,24,1,2,37,0,2,6,15,0,1,0,3,30:42,0,1,1,5-60,3.2,29,93,7.2,28-40,287,380,2-2,5-15,22,15,0,2,7,0,43,5,3,3
401520321,2023,7,regular,Indiana,Big Ten,away,7,0,1,50,0,3,1,,,,0,3,27:13,2,2,4,5-47,2.8,33,92,4.8,14-29,140,232,1-3,6-15,15,,,,6,0,48,4,0,1
401520321,2023,7,regular,Michigan,Big Ten,home,52,3,4,36,0,2,10,66,0,2,2,2,32:47,0,0,0,2-20,3.9,42,163,11.1,19-22,244,407,2-2,6-11,23,37,0,2,8,0,30,4,7,3
401540104,2023,7,regular,Indiana State,MVFC,away,7,0,0,35,0,3,1,27,1,1,0,,31:24,2,0,2,3-33,2.3,41,95,5.2,9-14,73,168,1-3,2-12,11,,,,,,,,,
401540104,2023,7,regular,Illinois State,MVFC,home,44,1,4,,,,8,58,1,2,0,,28:36,1,0,1,5-39,6.0,41,244,5.2,20-33,172,416,1-1,9-17,26,1,0,1,,,,,,
401540022,2023,7,regular,Maine,Coastal Athletic,home,24,0,3,39,0,2,6,12,0,2,1,,35:41,0,0,0,6-60,3.0,35,104,7.3,20-32,235,339,1-1,9-16,21,6,0,1,,,,,,
401540022,2023,7,regular,Long Island University,NEC,away,13,0,1,52,0,3,7,,,,0,2,24:19,2,1,3,7-59,4.7,35,164,9.7,13-20,193,357,0-1,6-12,15,17,0,1,,,,,,
401540408,2023,7,regular,South Dakota State,MVFC,home,41,2,3,20,0,1,11,4,0,2,3,2,35:23,0,2,2,6-47,4.7,36,169,11.2,21-26,291,460,0-0,7-11,21,2,0,1,,,,,,
401540408,2023,7,regular,Northern Iowa,MVFC,away,6,0,0,27,0,2,6,,,,2,4,24:37,2,3,5,2-15,1.5,26,40,8.6,18-26,224,264,0-0,6-10,14,,,,,,,,,
401540031,2023,7,regular,Yale,Ivy,home,31,1,3,0,0,1,7,,,,1,2,23:41,1,0,1,7-47,4.7,32,150,6.5,10-19,123,273,1-2,2-11,12,16,0,2,,,,,,
401540031,2023,7,regular,Sacred Heart,NEC,away,3,0,0,87,0,5,3,0,0,1,0,2,32:44,1,1,2,5-45,3.6,41,148,4.2,24-43,180,328,1-3,6-19,18,4,0,3,,,,,,
401540442,2023,7,regular,South Dakota,MVFC,home,34,1,3,37,0,3,10,,,,2,3,30:15,0,2,2,4-30,4.1,26,106,12.3,24-30,369,475,0-0,3-9,20,,,,,,,,,
401540442,2023,7,regular,Youngstown State,MVFC,away,31,1,3,41,0,2,7,,,,2,2,29:45,0,2,2,10-75,5.1,35,178,10.3,15-26,267,445,1-1,3-10,17,3,0,1,,,,,,
401539990,2023,7,regular,Tennessee State,Big South-OVC,home,24,1,2,71,0,2,6,1,0,1,0,1,34:41,1,0,1,8-78,4.5,48,216,7.3,10-18,131,347,0-0,5-13,22,27,0,2,,,,,,
401539990,2023,7,regular,Norfolk State,MEAC,away,17,2,0,87,0,4,3,34,0,1,1,1,25:19,1,0,1,6-41,4.3,35,150,4.8,10-27,129,279,0-2,3-12,17,,,,,,,,,
401540002,2023,7,regular,Tennessee Tech,Big South-OVC,away,28,1,0,,,,4,5,0,1,0,1,37:08,0,1,1,7-63,4.5,44,200,9.2,16-22,202,402,1-2,4-11,23,14,0,3,,,,,,
401540002,2023,7,regular,South Carolina State,MEAC,home,7,0,1,26,0,1,1,,,,1,0,22:52,1,0,1,3-47,2.8,18,50,6.6,17-34,224,274,0-1,3-12,10,3,0,1,,,,,,
401540006,2023,7,regular,Central Connecticut,NEC,away,20,1,1,149,0,8,8,10,0,1,1,1,28:03,0,0,0,10-100,2.3,32,74,4.5,15-28,127,201,2-2,4-15,15,,,,,,,,,
401540006,2023,7,regular,Duquesne,NEC,home,44,3,3,60,0,3,8,,,,0,2,31:57,1,1,2,11-85,6.5,38,248,10.6,15-25,265,513,1-2,6-12,23,9,0,2,,,,,,
401531381,2023,7,regular,UTSA,American Athletic,home,41,3,2,92,0,3,11,91,0,2,1,1,26:58,1,0,1,6-48,4.8,38,183,5.5,20-32,177,360,0-0,8-13,25,23,0,3,12,0,39,6,5,5
401531381,2023,7,regular,UAB,American Athletic,away,20,2,0,45,0,3,8,0,0,1,0,1,33:02,2,1,3,11-85,3.6,36,131,6.7,22-35,233,364,2-3,7-18,19,,,,3,0,46,1,2,4
401531420,2023,7,regular,South Florida,American Athletic,home,14,1,1,,,,2,0,0,1,0,1,23:41,0,1,1,5-40,3.6,38,138,7.4,20-34,250,388,2-5,3-15,21,,,,7,0,38,0,0,2
401531420,2023,7,regular,Florida Atlantic,American Athletic,away,56,4,3,38,0,2,8,,,,1,0,36:19,1,0,1,4-40,5.1,40,205,10.1,31-38,382,587,1-2,9-16,27,67,1,1,12,1,40,6,1,3
401531405,2023,7,regular,Navy,American Athletic,away,14,1,1,,,,2,0,0,2,1,0,29:08,0,0,0,6-40,4.3,40,173,6.1,6-15,92,265,1-1,3-15,10,35,0,5,7,0,31,4,2,6
401531405,2023,7,regular,Charlotte,American Athletic,home,0,0,0,17,0,1,,,,,0,1,30:52,2,1,3,5-25,3.1,40,123,5.1,11-28,142,265,1-2,3-16,14,38,0,5,9,0,31,3,2,1
401531390,2023,7,regular,Temple,American Athletic,away,14,2,0,34,0,2,2,,,,0,,30:37,3,0,3,3-10,4.8,50,242,3.5,12-30,105,347,1-4,8-16,24,,,,6,0,49,4,4,5
401531390,2023,7,regular,North Texas,American Athletic,home,45,2,4,21,0,1,9,13,0,3,0,2,29:23,0,0,0,3-25,5.9,37,220,7.9,25-39,307,527,2-3,9-15,28,,,,5,0,49,3,5,3
401520312,2023,7,regular,Liberty,Conference USA,away,31,2,2,28,0,2,7,2,0,2,0,1,37:43,0,1,1,7-65,4.5,55,245,8.4,12-21,177,422,3-3,8-15,25,,,,3,0,38,0,0,7
401520312,2023,7,regular,Jacksonville State,Conference USA,home,13,1,0,31,0,2,7,,,,1,1,22:17,2,0,2,7-65,3.6,39,140,5.9,14-31,184,324,2-3,7-15,20,,,,4,0,45,2,3,1
401520315,2023,7,regular,Sam Houston,Conference USA,away,13,0,2,,,,1,,,,0,,27:50,0,0,0,3-23,4.3,19,82,5.8,32-49,285,367,1-4,1-12,19,15,0,1,6,0,36,2,6,3
401520315,2023,7,regular,New Mexico State,Conference USA,home,27,1,2,25,0,1,9,,,,0,1,32:10,0,0,0,8-85,5.1,34,172,7.9,20-36,286,458,0-0,4-14,20,24,0,3,5,0,28,0,8,5
401540439,2023,7,regular,Incarnate Word,Southland,home,28,1,2,8,0,1,4,76,1,2,1,1,29:54,3,1,4,9-80,4.3,37,158,7.1,27-42,300,458,0-4,6-16,24,,,,,,,,,
401540439,2023,7,regular,East Texas A&M,Southland,away,11,0,0,37,0,3,3,72,1,3,1,1,30:06,2,1,3,7-52,1.5,33,50,4.9,15-33,163,213,0-1,3-16,13,,,,,,,,,
401540593,2023,7,regular,Wofford,Southern,away,10,0,1,91,0,4,4,,,,0,,25:06,1,0,1,8-65,2.6,24,63,3.7,15-31,114,177,0-1,5-12,12,,,,,,,,,
401540593,2023,7,regular,East Tennessee State,Southern,home,41,3,0,,,,11,39,1,1,0,,34:54,0,0,0,8-73,5.6,42,236,8.1,13-23,186,422,1-1,7-13,21,10,0,3,,,,,,
401540586,2023,7,regular,Chattanooga,Southern,away,22,0,1,55,0,2,16,45,0,1,2,0,35:44,0,0,0,4-35,2.5,43,107,8.7,19-28,244,351,0-1,5-17,18,,,,,,,,,
401540586,2023,7,regular,Mercer,Southern,home,10,0,1,34,0,3,4,,,,0,3,24:16,1,2,3,4-50,0.0,28,0,9.0,19-31,280,280,0-1,4-13,12,28,0,4,,,,,,
401540619,2023,7,regular,The Citadel,Southern,home,13,1,0,16,0,2,7,,,,0,,31:02,1,0,1,5-45,3.7,38,140,5.3,12-27,142,282,1-2,6-15,19,,,,,,,,,
401540619,2023,7,regular,VMI,Southern,away,17,2,0,26,0,2,5,13,0,1,0,,28:58,0,0,0,8-80,4.2,35,147,5.9,19-28,166,313,1-4,4-12,17,1,0,1,,,,,,
401540601,2023,7,regular,Furman,Southern,away,27,1,2,53,0,3,9,,,,0,1,32:11,1,0,1,4-45,5.0,42,211,7.1,19-29,205,416,1-1,6-14,25,9,0,1,,,,,,
401540601,2023,7,regular,Samford,Southern,home,21,1,2,,,,3,0,0,1,0,1,27:49,0,0,0,9-84,1.5,31,46,6.1,36-48,291,337,2-4,7-18,22,9,0,1,,,,,,
401520328,2023,7,regular,Iowa,Big Ten,away,15,1,0,58,0,2,7,6,0,1,1,1,30:33,0,0,0,5-55,4.2,48,200,2.6,6-14,37,237,0-1,4-17,9,6,0,2,4,0,38,1,3,7
401520328,2023,7,regular,Wisconsin,Big Ten,home,6,0,0,69,0,4,6,,,,0,4,29:27,1,1,2,7-48,3.7,28,104,4.6,27-50,228,332,3-4,2-17,18,27,0,5,9,0,39,2,0,4
401540281,2023,7,regular,Northern Colorado,Big Sky,home,13,0,1,10,0,1,7,,,,2,1,29:03,0,0,0,4-40,2.5,30,75,6.6,20-39,257,332,1-2,6-16,17,10,0,2,,,,,,
401540281,2023,7,regular,Sacramento State,Big Sky,away,21,0,3,,,,3,,,,0,1,30:57,0,1,1,5-55,3.7,41,151,5.9,25-31,183,334,0-1,10-17,23,5,0,1,,,,,,
401531415,2023,7,regular,SMU,American Athletic,away,31,0,3,28,0,4,7,34,1,1,1,1,25:40,0,0,0,2-20,2.5,23,58,7.3,19-38,276,334,0-0,4-15,14,-2,0,1,5,1,35,1,1,10
401531415,2023,7,regular,East Carolina,American Athletic,home,10,1,0,28,0,1,4,,,,0,1,34:20,1,1,2,7-55,2.6,38,97,4.9,18-39,193,290,2-3,5-20,15,13,0,3,5,0,28,1,5,8
401531371,2023,7,regular,Tulane,American Athletic,away,31,3,1,90,0,3,7,0,0,2,0,,36:58,0,0,0,7-82,3.7,39,144,8.4,19-31,259,403,1-2,7-15,20,10,0,2,4,0,34,3,5,4
401531371,2023,7,regular,Memphis,American Athletic,home,21,0,3,55,0,2,3,,,,0,,23:02,2,0,2,5-54,2.4,19,45,7.5,24-43,321,366,0-1,5-11,20,2,0,3,3,0,47,1,4,2
401525524,2023,7,regular,Syracuse,ACC,away,3,0,0,,,,3,,,,0,1,32:59,1,1,2,2-8,3.4,36,124,4.4,12-31,137,261,1-2,6-19,12,5,0,1,4,0,41,2,3,5
401525524,2023,7,regular,Florida State,ACC,home,41,3,2,,,,11,13,0,1,1,2,27:01,0,0,0,6-50,5.6,34,191,8.8,25-39,344,535,0-2,9-17,22,107,0,6,6,0,34,3,3,9
401525525,2023,7,regular,Pittsburgh,ACC,home,38,2,2,29,0,2,8,88,1,2,1,1,26:49,0,0,0,8-87,2.7,33,88,7.7,12-26,200,288,2-2,3-13,13,5,0,2,8,1,41,4,2,7
401525525,2023,7,regular,Louisville,ACC,away,21,2,1,12,0,2,3,,,,0,5,33:11,2,1,3,5-25,2.4,33,80,6.7,29-52,350,430,0-4,5-13,28,4,0,2,4,0,19,1,1,3
401525523,2023,7,regular,NC State,ACC,away,3,0,0,39,0,2,3,15,0,1,0,1,36:56,1,0,1,11-87,3.7,30,112,4.8,24-40,193,305,1-4,4-15,18,0,0,1,5,0,13,1,4,2
401525523,2023,7,regular,Duke,ACC,home,24,1,2,,,,6,24,0,1,0,,23:04,1,0,1,6-33,6.5,30,194,8.9,4-12,107,301,0-0,1-9,12,6,0,2,8,0,26,4,4,5
401525526,2023,7,regular,Miami,ACC,away,31,0,4,96,0,4,7,,,,0,2,30:04,2,2,4,7-69,3.4,27,91,8.0,31-49,391,482,3-4,3-11,28,,,,11,0,43,5,8,3
401525526,2023,7,regular,North Carolina,ACC,home,41,1,4,,,,11,5,0,2,2,1,29:56,0,0,0,14-147,5.5,43,235,8.3,17-33,273,508,0-0,6-16,23,3,0,1,6,0,41,3,7,5
401525527,2023,7,regular,Virginia Tech,ACC,home,30,1,2,,,,12,0,0,1,2,2,32:46,0,1,1,8-79,3.9,36,141,11.1,20-29,321,462,1-1,3-12,21,3,0,2,13,0,33,7,4,7
401525527,2023,7,regular,Wake Forest,ACC,away,13,0,0,113,1,3,7,,,,1,4,27:14,1,2,3,5-37,1.1,31,35,5.8,22-39,227,262,1-3,3-14,20,,,,4,1,32,1,2,5
401532595,2023,7,regular,Hawai'i,Mountain West,home,34,1,3,49,0,2,10,5,0,1,0,3,23:52,1,3,4,2-11,3.8,14,53,8.9,29-48,427,480,0-1,6-12,19,7,0,2,2,0,49,0,1,3
401532595,2023,7,regular,San Diego State,Mountain West,away,41,3,1,51,0,3,11,70,1,1,3,1,36:08,1,0,1,1-15,3.7,43,157,9.2,18-24,221,378,0-1,5-14,17,31,0,2,4,1,36,1,1,4
401532596,2023,7,regular,New Mexico,Mountain West,home,24,2,1,19,0,2,6,,,,0,1,33:46,1,0,1,15-120,3.6,36,129,8.7,18-30,262,391,2-2,5-15,18,,,,3,0,23,0,1,6
401532596,2023,7,regular,San José State,Mountain West,away,52,4,2,39,0,3,10,0,0,1,0,,26:14,0,0,0,11-86,8.1,32,259,16.0,8-17,272,531,1-1,3-8,18,73,1,4,3,1,33,1,2,6
401532593,2023,7,regular,Boise State,Mountain West,away,30,3,0,21,0,1,12,20,0,1,0,1,34:23,2,1,3,9-73,5.7,43,246,5.8,15-24,138,384,0-0,4-11,23,-2,0,1,6,0,34,2,4,7
401532593,2023,7,regular,Colorado State,Mountain West,home,31,1,3,22,0,1,7,3,0,2,1,0,25:37,1,0,1,10-84,2.0,21,42,6.6,32-54,359,401,0-1,7-17,21,,,,3,0,29,0,2,2
401532594,2023,7,regular,Utah State,Mountain West,home,32,1,3,23,0,1,6,,,,0,,26:51,2,0,2,8-74,4.9,42,205,9.1,23-40,363,568,3-4,3-13,29,50,0,4,5,0,35,4,6,5
401532594,2023,7,regular,Fresno State,Mountain West,away,37,3,2,87,0,3,7,0,0,2,0,,33:09,0,0,0,5-50,3.8,40,151,7.8,23-40,310,461,0-0,11-18,26,25,0,2,3,0,36,3,6,4
401532598,2023,7,regular,Wyoming,Mountain West,away,27,1,3,18,0,1,3,,,,2,0,30:13,0,0,0,3-25,3.1,35,109,8.5,15-25,212,321,1-2,9-15,18,,,,1,0,36,0,1,1
401532598,2023,7,regular,Air Force,Mountain West,home,34,3,1,,,,10,,,,0,2,29:47,0,2,2,1-9,6.7,53,356,6.4,6-9,58,414,1-1,7-10,22,,,,7,0,32,3,2,3
401532597,2023,7,regular,Nevada,Mountain West,home,27,2,2,54,0,4,3,,,,0,2,27:18,2,1,3,6-49,5.1,37,187,9.3,16-31,287,474,2-3,3-13,19,12,0,1,8,0,44,2,0,1
401532597,2023,7,regular,UNLV,Mountain West,away,45,4,2,0,0,1,9,5,0,2,1,2,32:42,0,0,0,7-63,5.4,48,259,10.8,19-24,259,518,1-1,11-18,22,34,0,1,5,0,37,3,0,1
401540293,2023,7,regular,Princeton,Ivy,away,27,2,2,20,0,1,3,13,0,2,1,0,28:49,1,0,1,5-40,3.5,33,115,5.2,21-40,209,324,0-1,9-19,16,5,0,1,,,,,,
401540293,2023,7,regular,Brown,Ivy,home,28,1,3,,,,4,0,0,1,0,1,31:11,2,1,3,6-46,3.3,30,100,6.3,37-59,370,470,2-3,8-16,26,0,0,1,,,,,,
401540474,2023,7,regular,Lindenwood,Big South-OVC,away,10,0,1,66,0,2,4,,,,1,1,26:55,2,0,2,5-46,3.6,34,122,5.5,15-31,170,292,0-2,5-14,18,,,,,,,,,
401540474,2023,7,regular,Charleston Southern,Big South-OVC,home,24,1,2,,,,6,18,0,2,0,1,33:05,0,1,1,6-35,5.0,41,207,7.3,15-24,174,381,0-2,2-10,25,28,0,2,,,,,,
401541633,2023,7,regular,Pennsylvania,Ivy,away,20,1,1,12,0,1,8,0,0,1,0,2,36:52,1,1,2,7-46,2.3,32,72,6.5,30-44,286,358,1-2,5-16,20,7,0,1,,,,,,
401541633,2023,7,regular,Columbia,Ivy,home,17,2,0,47,0,3,5,0,0,1,1,2,23:08,1,0,1,5-35,2.9,31,89,3.1,11-29,91,180,0-0,5-16,12,-1,0,2,,,,,,
401540510,2023,7,regular,Presbyterian,Pioneer,away,20,1,1,24,0,2,8,0,0,1,2,1,26:28,1,1,2,5-50,3.2,34,109,6.6,16-25,165,274,0-1,5-13,17,0,0,1,,,,,,
401540510,2023,7,regular,Dayton,Pioneer,home,17,2,0,42,0,3,5,0,0,1,1,2,33:32,1,2,3,7-58,4.6,42,193,4.1,16-29,118,311,3-4,6-16,17,,,,,,,,,
401540515,2023,7,regular,St. Thomas (MN),Pioneer,away,21,1,1,57,0,4,1,,,,0,3,23:38,1,3,4,8-85,2.0,27,53,4.8,11-27,130,183,0-1,7-15,12,35,1,3,,,,,,
401540515,2023,7,regular,Drake,Pioneer,home,52,2,5,64,0,4,10,1,0,1,3,0,36:22,0,0,0,7-41,2.9,37,107,12.8,26-35,449,556,0-1,9-13,31,-3,0,1,,,,,,
401540480,2023,7,regular,Southeast Missouri State,Big South-OVC,home,35,4,1,79,0,4,5,,,,0,1,30:26,1,1,2,8-83,5.1,38,192,8.3,19-31,257,449,0-1,7-13,24,22,0,1,,,,,,
401540480,2023,7,regular,Eastern Illinois,Big South-OVC,away,28,2,2,21,0,2,4,17,0,1,1,0,29:34,0,0,0,8-76,2.9,32,92,8.7,22-40,346,438,3-5,5-17,17,,,,,,,,,
401540239,2023,7,regular,Idaho State,Big Sky,home,42,3,3,22,0,1,6,,,,0,,26:31,2,0,2,9-74,2.5,20,49,9.5,38-55,523,572,1-2,6-12,29,,,,,,,,,
401540239,2023,7,regular,Eastern Washington,Big Sky,away,41,2,3,127,0,5,11,62,0,2,0,,33:29,0,0,0,9-68,4.7,32,150,8.6,33-47,403,553,0-0,10-16,32,,,,,,,,,
401540413,2023,7,regular,Villanova,Coastal Athletic,home,21,3,0,35,0,1,3,,,,0,3,40:49,1,1,2,5-25,7.0,63,440,3.6,3-10,36,476,1-3,6-14,26,12,0,2,,,,,,
401540413,2023,7,regular,Elon,Coastal Athletic,away,0,0,0,34,0,2,,0,0,1,1,1,19:11,0,0,0,6-55,2.1,25,53,3.5,5-13,46,99,0-2,1-9,5,,,,,,,,,
401540418,2023,7,regular,Monmouth,Coastal Athletic,home,61,7,1,167,1,3,7,-5,0,1,1,0,25:53,0,0,0,5-33,10.7,33,352,8.3,11-17,141,493,1-1,4-9,18,,,,,,,,,
401540418,2023,7,regular,Hampton,Coastal Athletic,away,10,1,0,25,0,3,4,,,,0,2,34:07,1,1,2,5-34,3.1,49,151,2.4,7-19,45,196,0-1,5-14,15,,,,,,,,,
401540524,2023,7,regular,San Diego,Pioneer,away,16,1,1,93,0,5,4,-4,0,1,1,5,36:59,2,4,6,7-44,3.8,41,156,6.1,20-36,220,376,1-4,5-14,23,,,,,,,,,
401540524,2023,7,regular,Marist,Pioneer,home,30,1,2,82,0,3,4,147,1,2,5,1,23:01,1,0,1,6-55,3.5,26,91,4.6,10-20,91,182,0-2,3-12,9,,,,,,,,,
401540458,2023,7,regular,Valparaiso,Pioneer,home,21,1,2,45,0,3,3,0,0,1,0,3,33:00,1,0,1,6-61,3.8,38,143,7.3,19-31,225,368,1-2,6-16,20,,,,,,,,,
401540458,2023,7,regular,Morehead State,Pioneer,away,24,1,2,54,0,3,6,0,0,1,0,,27:00,1,0,1,7-52,2.1,24,51,10.4,23-38,396,447,1-4,4-13,18,2,0,2,,,,,,
401540530,2023,7,regular,UAlbany,Coastal Athletic,away,31,0,4,25,0,2,7,1,0,1,0,1,29:10,2,0,2,4-30,1.5,27,41,9.3,23-40,373,414,0-0,3-13,20,,,,,,,,,
401540530,2023,7,regular,New Hampshire,Coastal Athletic,home,38,2,3,103,0,5,8,13,0,2,0,,30:50,1,0,1,5-55,3.3,28,93,7.0,29-49,342,435,1-3,7-16,19,4,0,3,,,,,,
401540275,2023,7,regular,Portland State,Big Sky,away,45,1,5,,,,9,0,0,2,0,,40:13,0,0,0,10-98,6.3,58,366,8.4,14-19,159,525,2-3,7-14,29,3,0,1,,,,,,
401540275,2023,7,regular,Northern Arizona,Big Sky,home,21,1,2,25,0,1,3,,,,0,,19:47,2,0,2,6-70,3.4,19,65,8.4,17-30,253,318,1-3,4-11,14,,,,,,,,,
401540570,2023,7,regular,Richmond,Coastal Athletic,away,24,1,2,65,0,3,6,0,0,1,2,2,27:41,2,0,2,4-45,4.2,32,133,7.8,13-25,194,327,1-2,2-12,14,15,0,2,,,,,,
401540570,2023,7,regular,Rhode Island,Coastal Athletic,home,17,1,1,19,0,1,5,-4,0,2,0,2,32:19,1,2,3,6-55,2.0,31,62,7.3,29-50,367,429,3-3,4-16,25,6,0,2,,,,,,
401540342,2023,8,regular,Princeton,Ivy,home,21,1,2,,,,3,45,0,3,0,,28:08,1,0,1,8-73,2.9,29,83,6.6,21-37,244,327,0-1,5-15,15,4,0,1,,,,,,
401540342,2023,8,regular,Harvard,Ivy,away,14,1,1,17,0,1,2,0,0,1,0,1,31:52,3,0,3,4-26,1.8,37,68,4.2,15-36,152,220,2-2,7-20,14,24,0,2,,,,,,
401520333,2023,8,regular,Alabama,SEC,home,34,1,2,21,0,1,10,,,,1,1,32:19,1,1,2,1-5,3.3,42,138,10.5,14-21,220,358,0-0,5-13,20,-7,0,1,8,0,45,3,4,4
401520333,2023,8,regular,Tennessee,SEC,away,20,0,2,0,0,1,8,0,0,1,1,1,27:41,0,1,1,8-55,3.5,38,133,6.6,28-41,271,404,0-3,8-18,22,5,0,1,5,0,35,4,3,1
401520341,2023,8,regular,Missouri,SEC,home,34,3,1,50,0,2,10,0,0,1,0,1,28:52,0,0,0,6-55,5.4,41,220,8.3,14-24,198,418,0-1,7-13,22,,,,8,0,40,6,4,5
401520341,2023,8,regular,South Carolina,SEC,away,12,0,0,64,0,4,12,,,,0,2,31:08,1,0,1,6-35,2.4,29,69,5.4,23-40,217,286,0-1,3-14,20,0,0,1,2,0,24,0,3,4
401525872,2023,8,regular,West Virginia,Big 12,home,34,2,2,19,0,1,10,0,0,1,1,2,32:36,1,1,2,5-55,5.1,44,226,8.3,15-30,249,475,0-2,8-15,24,,,,6,0,40,0,2,6
401525872,2023,8,regular,Oklahoma State,Big 12,away,48,4,2,68,0,4,12,16,0,1,2,1,27:24,1,2,3,7-65,8.5,33,281,5.8,24-36,210,491,0-0,8-14,21,-2,0,1,9,0,39,1,1,1
401525870,2023,8,regular,TCU,Big 12,away,3,0,0,32,0,2,3,,,,0,,21:10,1,0,1,4-33,5.1,22,113,4.3,23-43,187,300,2-3,2-13,19,,,,4,0,44,1,2,1
401525870,2023,8,regular,Kansas State,Big 12,home,41,1,4,,,,11,0,0,1,0,1,38:50,0,0,0,6-45,6.6,52,343,9.4,15-26,244,587,0-1,10-13,29,5,0,1,2,0,35,2,2,6
401525868,2023,8,regular,Cincinnati,Big 12,home,29,2,2,66,0,4,3,,,,0,4,28:47,0,1,1,4-40,6.7,43,288,5.2,19-31,162,450,1-4,7-15,21,,,,10,0,33,3,3,5
401525868,2023,8,regular,Baylor,Big 12,away,32,1,1,17,0,1,14,,,,0,1,31:13,0,0,0,5-20,2.9,28,80,7.5,25-42,316,396,0-2,5-13,22,52,0,4,7,0,38,2,1,6
401525867,2023,8,regular,BYU,Big 12,home,27,0,2,6,0,1,9,92,0,3,2,0,29:05,0,0,0,4-24,5.0,30,150,4.7,15-27,127,277,0-0,4-14,12,-3,0,1,3,0,43,0,3,5
401525867,2023,8,regular,Texas Tech,Big 12,away,14,1,1,53,0,2,2,,,,0,3,30:55,3,2,5,9-80,3.6,43,153,6.4,19-37,236,389,3-5,9-18,19,83,0,4,3,0,29,1,5,3
401540178,2023,8,regular,Austin Peay,UAC,away,48,4,2,,,,6,,,,0,1,23:06,2,0,2,5-32,4.9,36,175,8.2,17-32,263,438,1-1,6-13,22,82,1,1,,,,,,
401540178,2023,8,regular,Southern Utah,UAC,home,45,2,4,13,0,1,9,-1,0,1,0,1,36:54,0,0,0,8-78,4.7,47,223,7.9,25-43,338,561,2-2,12-22,25,4,0,2,,,,,,
401540205,2023,8,regular,North Alabama,UAC,home,31,3,1,,,,7,,,,0,,31:45,0,0,0,13-111,6.3,48,302,6.2,13-19,118,420,4-4,4-12,23,-1,0,1,,,,,,
401540205,2023,8,regular,Utah Tech,UAC,away,30,1,3,0,0,1,6,,,,0,1,28:15,0,0,0,10-66,4.2,26,108,9.9,26-40,397,505,0-2,7-12,24,,,,,,,,,
401540032,2023,8,regular,Sacred Heart,NEC,away,19,1,0,52,0,2,13,27,0,1,1,1,32:06,0,0,0,4-40,3.9,56,219,4.8,7-18,87,306,1-2,3-19,14,6,0,2,,,,,,
401540032,2023,8,regular,Stonehill,NEC,home,22,2,1,112,0,5,4,,,,0,1,27:54,1,1,2,7-85,4.6,44,203,5.0,12-29,146,349,0-2,7-17,17,2,0,2,,,,,,
401540350,2023,8,regular,Missouri State,MVFC,home,28,0,4,56,0,3,4,9,0,2,0,3,22:40,1,2,3,1-5,0.7,24,17,9.9,19-29,287,304,0-0,4-9,15,,,,,,,,,
401540350,2023,8,regular,Murray State,MVFC,away,24,0,3,39,0,1,6,3,0,1,2,1,37:20,2,0,2,3-40,2.7,40,107,6.7,21-34,227,334,1-3,6-16,20,12,0,1,,,,,,
401541631,2023,8,regular,Stephen F. Austin,UAC,home,27,1,2,,,,9,25,0,1,0,1,30:45,2,1,3,6-50,5.4,36,194,7.0,24-40,278,472,2-4,6-15,23,8,0,1,,,,,,
401541631,2023,8,regular,Abilene Christian,UAC,away,34,2,2,65,0,3,10,8,0,2,1,1,29:15,1,0,1,8-60,6.6,41,272,4.5,14-32,145,417,2-3,5-14,22,15,0,1,,,,,,
401540216,2023,8,regular,Morehead State,Pioneer,away,0,0,0,,,,,,,,0,,26:03,0,0,0,6-30,-0.4,28,-11,4.4,11-28,124,113,0-1,3-15,10,,,,,,,,,
401540216,2023,8,regular,Tarleton State,UAC,home,42,4,2,,,,6,,,,0,,33:57,0,0,0,7-64,6.3,48,302,7.6,15-28,213,515,2-2,6-15,26,47,0,1,,,,,,
401520335,2023,8,regular,Ole Miss,SEC,away,28,3,1,,,,4,0,0,2,0,2,34:05,2,0,2,10-66,4.0,56,223,11.2,10-18,202,425,2-4,2-11,21,3,0,2,9,0,37,3,1,2
401520335,2023,8,regular,Auburn,SEC,home,21,2,1,,,,3,41,0,2,0,,25:55,2,0,2,7-57,3.9,39,153,7.2,12-17,122,275,2-3,4-14,10,14,0,3,8,0,43,3,2,3
401520339,2023,8,regular,Army,FBS Independents,away,0,0,0,,,,,,,,0,1,31:49,3,1,4,0-0,3.5,43,151,2.8,6-15,42,193,0-3,4-11,12,,,,3,0,24,1,1,1
401520339,2023,8,regular,LSU,SEC,home,62,4,4,,,,14,88,0,3,1,0,28:11,0,0,0,3-10,6.1,33,201,13.7,18-27,369,570,1-1,6-10,23,,,,5,0,25,1,1,3
401532427,2023,8,regular,Toledo,Mid-American,away,21,1,2,,,,3,0,0,1,1,0,33:28,0,0,0,7-70,3.4,46,158,5.7,16-28,160,318,2-2,4-15,20,3,0,3,5,0,39,3,0,10
401532427,2023,8,regular,Miami (OH),Mid-American,home,17,2,0,20,0,1,5,,,,0,2,26:32,1,1,2,4-38,3.5,28,97,5.6,17-36,202,299,1-1,7-15,17,14,0,1,6,0,43,1,5,4
401532428,2023,8,regular,Western Michigan,Mid-American,away,17,1,1,123,0,6,5,,,,1,1,24:25,1,0,1,10-97,3.6,22,79,6.9,30-42,290,369,1-2,3-11,21,27,0,1,3,0,26,1,4,8
401532428,2023,8,regular,Ohio,Mid-American,home,20,1,1,10,0,1,8,0,0,1,0,,35:35,0,0,0,7-75,4.7,39,185,7.1,24-39,275,460,0-1,10-18,28,-1,0,1,5,0,27,1,11,1
401532430,2023,8,regular,Buffalo,Mid-American,away,24,2,1,53,0,2,6,0,0,1,0,,32:07,1,0,1,6-40,4.0,34,136,5.9,18-33,195,331,0-0,7-16,15,45,0,3,5,0,34,3,5,2
401532430,2023,8,regular,Kent State,Mid-American,home,6,0,0,31,0,1,6,0,0,1,0,,27:53,1,0,1,0-0,2.5,35,86,3.0,12-26,78,164,0-1,4-17,10,0,0,1,4,0,35,0,3,4
401532429,2023,8,regular,Bowling Green,Mid-American,home,41,3,2,42,0,2,11,51,0,2,2,3,30:04,0,0,0,3-30,5.1,42,214,5.9,8-14,83,297,0-1,4-10,15,,,,7,0,37,5,5,7
401532429,2023,8,regular,Akron,Mid-American,away,14,2,0,36,0,3,2,,,,0,2,29:56,2,2,4,9-67,1.6,28,45,6.0,22-39,234,279,1-3,7-15,18,,,,6,0,29,0,1,1
401540425,2023,8,regular,Eastern Illinois,Big South-OVC,home,25,3,0,42,0,3,5,,,,1,0,33:18,1,0,1,6-65,4.3,46,196,8.4,21-29,244,440,0-2,8-13,24,,,,,,,,,
401540425,2023,8,regular,Bryant,Big South-OVC,away,24,2,1,41,0,2,6,0,0,1,0,1,26:42,0,1,1,1-15,4.6,31,142,4.9,19-36,175,317,0-0,9-16,22,,,,,,,,,
401520329,2023,8,regular,Jacksonville State,Conference USA,home,20,2,0,,,,8,18,0,1,0,2,33:04,1,1,2,2-13,4.8,55,262,5.6,23-40,222,484,1-3,10-21,27,-1,0,1,3,0,41,1,4,11
401520329,2023,8,regular,Western Kentucky,Conference USA,away,17,0,2,83,0,4,5,19,0,1,1,1,26:56,1,0,1,1-6,3.7,24,89,5.2,24-48,250,339,0-1,7-18,16,,,,7,0,63,3,0,5
401520332,2023,8,regular,New Mexico State,Conference USA,away,28,2,2,23,0,1,4,,,,0,,30:17,0,0,0,7-55,7.2,35,253,7.4,15-25,186,439,0-0,5-11,23,25,0,1,4,0,26,4,5,5
401520332,2023,8,regular,UTEP,Conference USA,home,7,1,0,,,,1,,,,0,,29:43,0,0,0,8-55,4.0,31,125,5.6,15-32,179,304,2-6,2-12,16,,,,8,0,30,3,7,4
401520331,2023,8,regular,Sam Houston,Conference USA,home,27,1,2,116,0,5,9,,,,1,1,28:36,1,0,1,8-55,4.2,25,104,6.4,31-48,306,410,1-2,5-14,25,3,0,2,9,0,57,4,1,1
401520331,2023,8,regular,Florida International,Conference USA,away,33,3,1,71,0,4,9,61,0,1,0,1,31:24,0,1,1,5-30,3.4,42,141,4.9,26-39,190,331,4-5,6-19,21,0,0,1,7,0,49,2,3,2
401520330,2023,8,regular,Liberty,Conference USA,home,42,4,2,76,0,4,6,0,0,2,1,1,37:20,1,1,2,8-80,6.6,61,401,7.0,12-20,140,541,0-0,4-10,33,9,0,1,5,0,31,2,0,4
401520330,2023,8,regular,Middle Tennessee,Conference USA,away,35,1,4,17,0,1,5,18,0,1,1,1,22:40,2,1,3,5-40,3.7,26,96,9.0,24-37,332,428,0-2,4-10,23,,,,2,0,49,0,1,0
401540128,2023,8,regular,Alcorn State,SWAC,away,31,2,2,30,0,1,7,,,,1,1,36:22,0,1,1,9-117,8.2,37,304,8.4,14-26,219,523,0-1,5-14,17,12,0,2,,,,,,
401540128,2023,8,regular,Arkansas-Pine Bluff,SWAC,home,7,0,1,38,0,5,1,,,,1,1,23:38,0,1,1,4-29,1.9,24,45,5.4,21-39,209,254,2-3,2-13,17,11,0,1,,,,,,
401540161,2023,8,regular,Mississippi Valley State,SWAC,home,6,1,0,25,0,2,0,,,,3,0,35:12,3,0,3,8-89,3.9,32,126,5.5,19-30,165,291,1-3,4-16,11,1,0,2,,,,,,
401540161,2023,8,regular,Jackson State,SWAC,away,21,2,1,14,0,2,3,0,0,3,0,5,24:48,0,3,3,3-15,6.3,28,177,3.9,20-36,141,318,0-0,6-13,19,22,0,3,,,,,,
401524035,2023,8,regular,Oregon,Pac-12,home,38,3,2,6,0,2,8,,,,0,,27:06,0,0,0,7-45,7.8,32,248,11.7,18-25,293,541,0-0,5-10,20,11,0,1,7,0,35,6,2,5
401524035,2023,8,regular,Washington State,Pac-12,away,24,1,1,8,0,1,10,,,,0,,32:54,0,0,0,8-53,2.6,22,57,8.9,34-49,438,495,1-4,4-14,21,,,,2,0,26,0,0,1
401531893,2023,8,regular,Marshall,Sun Belt,home,9,0,0,153,1,3,1,0,0,1,0,2,26:11,1,1,2,3-27,-0.1,32,-4,5.8,17-30,173,169,1-3,5-16,10,8,0,2,7,1,24,1,4,7
401531893,2023,8,regular,James Madison,Sun Belt,away,20,1,1,,,,8,0,0,1,1,1,33:49,1,0,1,4-20,3.6,36,131,8.3,22-33,274,405,0-0,5-14,19,30,0,2,15,0,25,8,8,4
401540144,2023,8,regular,Bethune-Cookman,SWAC,home,18,0,2,50,0,2,4,8,0,1,1,1,29:52,1,1,2,5-45,1.3,33,43,5.2,28-46,237,280,3-5,4-18,19,9,0,1,,,,,,
401540144,2023,8,regular,Southern,SWAC,away,28,2,1,26,0,2,4,0,0,1,1,1,30:08,1,1,2,13-115,4.3,42,182,7.8,10-20,156,338,1-3,6-13,15,39,1,2,,,,,,
401540152,2023,8,regular,Florida A&M,SWAC,away,31,2,2,32,0,2,7,2,0,1,0,2,38:29,1,0,1,5-58,5.8,44,255,5.6,17-32,180,435,3-4,8-17,24,1,0,1,,,,,,
401540152,2023,8,regular,Texas Southern,SWAC,home,21,0,3,63,0,3,3,0,0,1,0,3,21:31,1,0,1,6-60,4.2,31,131,6.1,16-29,178,309,1-1,4-12,20,21,0,2,,,,,,
401524037,2023,8,regular,Utah,Pac-12,away,34,1,3,103,0,4,10,,,,1,1,34:42,1,0,1,8-50,5.3,47,247,10.2,14-23,235,482,2-3,3-13,23,6,0,1,4,0,38,3,1,3
401524037,2023,8,regular,USC,Pac-12,home,32,3,0,93,0,5,8,30,1,1,0,3,25:18,0,1,1,6-47,6.3,23,145,7.3,24-35,256,401,0-0,4-11,18,59,0,3,6,1,46,1,2,1
401524036,2023,8,regular,Stanford,Pac-12,home,7,0,1,122,0,8,1,,,,0,1,23:04,1,1,2,10-113,1.4,17,24,6.0,27-45,268,292,0-4,1-11,15,1,0,1,11,0,40,4,4,0
401524036,2023,8,regular,UCLA,Pac-12,away,42,4,2,15,0,1,6,0,0,1,1,0,36:56,0,0,0,5-40,4.1,54,221,8.3,25-34,282,503,0-1,10-18,32,,,,7,0,34,4,3,6
401524038,2023,8,regular,Washington,Pac-12,home,15,0,0,42,0,2,9,89,1,1,0,3,22:31,2,2,4,5-51,1.0,13,13,6.5,27-42,275,288,0-0,3-11,17,13,0,3,4,1,39,0,0,9
401524038,2023,8,regular,Arizona State,Pac-12,away,7,1,0,16,0,2,1,0,0,2,2,1,37:29,1,0,1,7-71,4.7,31,145,4.2,26-47,196,341,2-6,5-17,20,,,,5,0,38,0,0,4
401531894,2023,8,regular,UL Monroe,Sun Belt,away,28,1,2,45,0,3,8,14,0,2,2,5,28:30,2,2,4,9-82,1.0,29,28,8.7,25-46,401,429,0-3,4-16,17,3,0,1,5,0,42,3,1,2
401531894,2023,8,regular,Georgia Southern,Sun Belt,home,38,2,2,52,0,3,8,71,1,2,2,5,31:30,2,2,4,3-30,4.3,41,175,6.5,21-37,242,417,0-0,7-14,24,,,,11,1,37,6,6,7
401531895,2023,8,regular,App State,Sun Belt,away,21,1,2,98,0,4,3,,,,0,3,32:06,0,0,0,5-37,3.5,36,127,7.9,22-32,252,379,4-4,3-14,20,,,,5,0,34,5,1,1
401531895,2023,8,regular,Old Dominion,Sun Belt,home,28,2,1,33,0,2,8,,,,0,,27:54,0,0,0,8-78,5.7,39,221,7.5,18-25,188,409,1-1,5-12,21,15,0,3,3,0,28,1,2,6
401531896,2023,8,regular,Arkansas State,Sun Belt,home,17,0,2,,,,5,,,,1,0,23:22,2,0,2,9-103,4.8,24,116,8.7,19-35,306,422,0-1,2-11,17,15,0,2,7,0,51,1,3,2
401531896,2023,8,regular,Coastal Carolina,Sun Belt,away,27,1,2,33,0,3,9,38,0,2,0,1,36:38,0,1,1,4-35,4.4,42,186,8.3,25-30,250,436,2-2,4-14,20,9,0,2,5,0,34,1,1,5
401531897,2023,8,regular,Louisiana,Sun Belt,home,17,1,1,22,0,1,5,,,,2,1,32:12,1,0,1,4-34,4.3,38,165,4.3,15-29,124,289,2-2,7-18,15,36,0,2,6,0,45,2,1,0
401531897,2023,8,regular,Georgia State,Sun Belt,away,20,1,2,53,0,2,2,0,0,1,0,2,27:48,0,2,2,4-26,3.3,39,129,9.3,18-23,214,343,0-0,9-15,16,1,0,1,7,0,39,2,3,3
401531892,2023,8,regular,Southern Miss,Sun Belt,away,3,0,0,85,0,5,3,0,0,1,0,4,28:45,1,1,2,4-25,2.9,36,103,2.3,7-20,46,149,1-2,1-13,12,,,,3,0,39,0,2,2
401531892,2023,8,regular,South Alabama,Sun Belt,home,55,7,0,31,0,1,13,0,0,1,1,0,31:15,1,0,1,9-87,6.5,44,287,11.6,23-31,360,647,0-0,7-11,34,19,0,3,8,0,28,3,1,5
401520334,2023,8,regular,Arkansas,SEC,home,3,0,0,24,0,1,3,0,0,1,0,2,31:25,1,1,2,5-60,2.8,37,103,3.1,19-31,97,200,1-4,5-17,12,,,,6,0,14,1,3,1
401520334,2023,8,regular,Mississippi State,SEC,away,7,0,1,,,,1,3,0,1,1,1,28:35,1,0,1,8-49,3.3,36,120,7.1,8-12,85,205,0-0,1-10,10,31,0,1,7,0,36,4,1,3
401532425,2023,8,regular,Central Michigan,Mid-American,away,17,1,1,79,0,3,5,,,,0,,28:21,0,0,0,8-58,2.8,35,99,5.2,19-31,161,260,3-4,3-13,20,13,0,2,7,0,43,2,0,0
401532425,2023,8,regular,Ball State,Mid-American,home,24,3,0,50,0,2,6,,,,0,,31:39,0,0,0,7-65,5.3,46,243,6.3,13-16,101,344,1-1,5-11,23,5,0,1,7,0,41,2,4,1
401532426,2023,8,regular,Northern Illinois,Mid-American,home,20,2,0,16,0,2,8,2,0,2,0,,30:15,0,0,0,10-85,3.7,31,116,5.1,21-34,173,289,1-1,8-17,18,1,0,1,4,0,35,3,3,5
401532426,2023,8,regular,Eastern Michigan,Mid-American,away,13,1,0,51,0,3,7,,,,0,2,29:45,2,0,2,7-78,3.2,33,106,5.8,14-26,151,257,0-0,7-14,15,0,0,1,8,0,38,1,2,1
401540052,2023,8,regular,Lehigh,Patriot,away,27,2,0,33,0,3,9,,,,1,2,35:30,2,1,3,10-70,3.7,51,188,4.4,8-29,127,315,1-3,8-20,17,82,1,3,,,,,,
401540052,2023,8,regular,Bucknell,Patriot,home,18,0,1,133,1,3,4,19,0,2,1,1,24:30,0,1,1,3-45,2.4,33,80,4.2,18-41,172,252,0-2,5-17,17,9,0,1,,,,,,
401540062,2023,8,regular,Georgetown,Patriot,home,18,1,1,59,0,2,6,,,,0,,37:55,3,0,3,10-95,3.1,30,93,6.2,32-57,353,446,1-3,8-17,32,22,0,3,,,,,,
401540062,2023,8,regular,Colgate,Patriot,away,28,2,1,68,0,3,4,59,1,3,0,1,22:05,0,0,0,6-67,3.0,29,87,6.0,16-25,151,238,0-0,1-9,20,11,0,1,,,,,,
401540069,2023,8,regular,Lafayette,Patriot,away,38,3,2,70,0,2,8,,,,0,,30:50,0,0,0,2-20,5.5,43,236,15.4,12-17,262,498,0-1,8-13,18,,,,,,,,,
401540069,2023,8,regular,Holy Cross,Patriot,home,35,4,1,73,0,4,5,,,,0,1,29:10,0,0,0,4-35,9.1,47,429,4.0,7-21,85,514,4-6,5-14,21,12,0,1,,,,,,
401520344,2023,8,regular,South Florida,American Athletic,away,24,3,0,25,0,1,6,30,0,1,3,1,30:10,1,0,1,7-72,5.3,49,260,5.2,27-39,203,463,0-3,9-19,24,12,0,1,7,0,39,1,0,2
401520344,2023,8,regular,UConn,FBS Independents,home,21,2,1,14,0,2,3,0,0,1,0,3,29:50,1,3,4,4-31,6.0,32,193,5.1,19-34,175,368,0-1,5-13,20,0,0,1,5,0,55,1,0,1
401540511,2023,8,regular,Dayton,Pioneer,home,10,1,0,76,0,4,4,43,0,1,0,3,32:03,0,2,2,6-61,3.6,29,105,3.7,30-49,183,288,3-5,7-19,17,,,,,,,,,
401540511,2023,8,regular,Butler,Pioneer,away,37,2,2,18,0,1,13,,,,2,1,27:57,1,0,1,0-0,4.9,31,151,8.3,18-23,191,342,3-3,1-9,16,,,,,,,,,
401540326,2023,8,regular,Hampton,Coastal Athletic,home,3,0,0,20,0,2,3,,,,0,1,25:03,0,0,0,7-60,4.8,30,143,3.7,5-20,73,216,0-0,2-13,9,,,,,,,,,
401540326,2023,8,regular,Delaware,CAA,away,47,3,2,42,0,2,11,,,,0,,34:57,0,0,0,4-45,5.3,43,227,8.4,22-35,295,522,1-1,9-14,29,82,1,1,,,,,,
401540231,2023,8,regular,Northern Colorado,Big Sky,away,17,0,1,,,,4,,,,0,1,14:13,1,1,2,4-18,4.6,22,101,6.3,7-14,88,189,0-0,4-8,9,0,0,1,,,,,,
401540231,2023,8,regular,Cal Poly,Big Sky,home,24,1,1,,,,5,,,,1,0,18:28,2,0,2,0-0,3.8,17,64,8.1,20-28,228,292,1-1,0-4,18,,,,,,,,,
401525869,2023,8,regular,Texas,Big 12,away,31,2,2,78,0,2,7,0,0,1,1,0,31:58,0,0,0,6-60,3.8,37,141,6.8,25-32,219,360,3-5,3-12,19,12,0,2,8,0,37,3,0,4
401525869,2023,8,regular,Houston,Big 12,home,24,0,3,41,0,2,6,,,,0,2,28:02,1,1,2,1-15,0.7,19,14,8.2,32-46,378,392,2-3,4-13,20,6,0,3,3,0,42,3,0,2
401525871,2023,8,regular,Oklahoma,Big 12,home,31,1,3,41,0,2,7,,,,0,1,29:44,1,0,1,6-37,4.1,46,189,6.7,25-38,253,442,1-1,7-16,30,24,0,4,13,0,45,3,7,5
401525871,2023,8,regular,UCF,Big 12,away,29,1,2,27,0,3,11,27,0,1,0,1,30:16,0,0,0,7-51,3.6,41,149,8.3,16-30,248,397,1-1,4-16,20,13,0,3,6,0,51,3,2,3
401540385,2023,8,regular,Western Illinois,MVFC,away,7,0,1,118,0,7,1,,,,1,1,27:41,1,0,1,4-25,2.9,39,113,5.5,8-13,71,184,2-3,2-13,10,,,,,,,,,
401540385,2023,8,regular,North Dakota State,MVFC,home,52,6,1,,,,10,0,0,1,0,3,32:19,0,1,1,7-75,9.7,44,425,12.5,11-16,200,625,0-2,7-10,22,45,0,5,,,,,,
401540015,2023,8,regular,Duquesne,NEC,home,38,1,3,79,0,3,8,16,0,1,2,2,32:23,1,0,1,9-68,4.2,39,165,9.5,13-24,227,392,1-1,6-14,19,0,0,2,,,,,,
401540015,2023,8,regular,Saint Francis,NEC,away,35,3,1,83,0,5,5,29,0,1,0,1,27:37,1,1,2,2-20,4.2,33,138,7.3,15-28,204,342,0-2,4-10,22,56,1,1,,,,,,
401520343,2023,8,regular,Penn State,Big Ten,away,12,0,1,59,0,2,6,,,,1,0,25:36,0,0,0,5-32,1.9,26,49,4.5,18-42,191,240,1-3,1-16,15,15,0,1,9,0,45,2,1,5
401520343,2023,8,regular,Ohio State,Big Ten,home,20,1,1,14,0,1,8,,,,0,1,34:24,0,1,1,6-54,1.9,41,79,8.2,22-35,286,365,0-1,6-16,22,16,0,4,6,0,31,4,4,6
401520340,2023,8,regular,Michigan,Big Ten,away,49,2,4,16,0,1,7,77,1,2,0,,34:31,0,0,0,7-75,3.5,34,120,10.2,28-35,357,477,0-0,7-11,28,3,0,2,9,1,30,3,2,7
401520340,2023,8,regular,Michigan State,Big Ten,home,0,0,0,14,0,1,,,,,0,,25:29,2,0,2,11-102,1.7,29,49,4.6,16-29,133,182,0-3,6-16,10,,,,5,0,37,1,0,4
401520337,2023,8,regular,Indiana,Big Ten,home,14,1,1,20,0,2,2,,,,0,1,22:22,0,1,1,5-55,5.3,29,153,4.1,15-31,126,279,1-3,2-11,18,-3,0,1,3,0,48,1,0,1
401520337,2023,8,regular,Rutgers,Big Ten,away,31,3,0,,,,7,,,,1,0,37:38,0,0,0,6-55,5.0,55,276,3.3,5-12,39,315,1-2,4-11,20,32,1,2,2,1,34,0,0,9
401540105,2023,8,regular,Youngstown State,MVFC,home,41,1,4,20,0,1,11,3,0,1,0,,35:06,0,0,0,5-55,5.3,50,267,8.1,16-25,203,470,4-4,3-13,23,2,0,1,,,,,,
401540105,2023,8,regular,Illinois State,MVFC,away,38,0,5,,,,8,,,,0,,24:54,1,0,1,6-75,7.0,29,203,6.6,23-36,238,441,0-0,3-11,26,2,0,2,,,,,,
401540373,2023,8,regular,North Dakota,MVFC,away,0,0,0,38,0,2,0,,,,0,2,27:01,1,1,2,2-13,0.7,22,15,5.7,19-30,172,187,1-2,1-12,12,,,,,,,,,
401540373,2023,8,regular,Northern Iowa,MVFC,home,27,1,2,,,,9,0,0,1,1,0,32:59,0,0,0,9-70,4.0,41,163,10.9,13-22,239,402,0-0,4-11,20,-1,0,1,,,,,,
401540448,2023,8,regular,South Dakota State,MVFC,away,17,1,1,48,0,2,5,31,0,1,1,0,31:50,1,0,1,13-125,4.6,32,147,7.3,15-22,161,308,1-1,4-12,15,8,0,2,,,,,,
401540448,2023,8,regular,Southern Illinois,MVFC,home,10,0,1,22,0,1,4,0,0,1,1,2,28:10,1,1,2,7-45,2.6,32,83,9.4,20-24,225,308,2-3,4-12,20,-6,0,2,,,,,,
401540007,2023,8,regular,Central Connecticut,NEC,away,17,0,2,,,,5,43,0,3,0,,32:19,0,0,0,7-70,2.8,40,111,8.1,20-29,236,347,1-1,7-16,18,2,0,2,,,,,,
401540007,2023,8,regular,Wagner,NEC,home,3,0,0,70,0,4,3,,,,0,,27:41,3,0,3,6-34,2.4,26,63,6.4,19-37,236,299,2-3,1-11,20,6,0,1,,,,,,
401539974,2023,8,regular,South Carolina State,MEAC,away,35,5,0,9,0,1,5,,,,0,1,32:37,1,1,2,3-26,7.9,45,357,7.9,14-21,165,522,1-1,4-9,27,14,0,5,,,,,,
401539974,2023,8,regular,Delaware State,MEAC,home,7,0,1,55,0,4,1,0,0,1,1,0,27:23,0,0,0,2-3,0.5,23,12,5.8,15-24,140,152,1-1,4-13,8,,,,,,,,,
401534854,2023,8,regular,Norfolk State,MEAC,away,23,1,1,35,0,2,11,0,0,1,1,0,34:44,1,0,1,5-35,3.0,46,140,8.4,16-26,218,358,2-2,6-15,20,6,0,0,,,,,,
401534854,2023,8,regular,Howard,MEAC,home,27,1,2,87,0,4,7,0,0,1,0,1,25:16,1,1,2,8-81,4.2,30,125,10.0,15-25,250,375,2-2,5-12,15,0,0,1,,,,,,
401539983,2023,8,regular,North Carolina Central,MEAC,away,16,0,1,42,0,2,10,44,0,1,1,1,29:52,0,0,0,5-75,2.4,33,79,4.1,16-30,122,201,2-2,4-16,13,0,0,1,,,,,,
401539983,2023,8,regular,Morgan State,MEAC,home,10,0,1,27,0,2,4,,,,0,1,30:08,1,1,2,8-93,4.4,27,118,5.6,17-30,167,285,0-1,6-14,12,15,0,2,,,,,,
401540302,2023,8,regular,Indiana State,MVFC,home,3,0,0,,,,3,,,,0,,35:10,0,0,0,7-75,3.4,40,136,5.6,15-27,152,288,2-4,5-16,18,1,0,1,,,,,,
401540302,2023,8,regular,South Dakota,MVFC,away,17,2,0,6,0,1,5,,,,0,,24:50,0,0,0,12-69,7.2,28,202,10.6,11-17,180,382,0-0,5-10,16,13,0,1,,,,,,
401531382,2023,8,regular,Memphis,American Athletic,away,45,3,2,70,0,3,9,79,1,3,1,1,35:13,0,0,0,5-60,4.5,43,193,5.7,19-28,159,352,2-3,9-15,21,,,,7,1,34,2,6,2
401531382,2023,8,regular,UAB,American Athletic,home,21,1,2,60,0,3,1,,,,0,1,24:47,3,1,4,1-15,5.3,39,208,6.2,15-28,173,381,2-5,3-12,20,,,,2,0,36,1,3,3
401531397,2023,8,regular,UTSA,American Athletic,away,36,2,2,27,0,1,10,0,0,2,0,1,35:33,2,1,3,8-59,4.1,43,176,7.3,26-36,261,437,2-2,7-16,27,21,0,1,13,0,31,5,3,2
401531397,2023,8,regular,Florida Atlantic,American Athletic,home,10,0,0,25,0,1,4,11,1,2,1,0,24:27,2,0,2,3-25,0.7,28,20,4.2,19-34,142,162,2-3,6-16,12,0,0,1,4,1,40,0,2,0
401531406,2023,8,regular,East Carolina,American Athletic,home,7,0,1,,,,1,29,0,1,1,0,18:45,0,0,0,1-5,2.1,19,39,2.8,15-32,88,127,0-1,2-14,9,12,0,1,6,0,33,0,2,1
401531406,2023,8,regular,Charlotte,American Athletic,away,10,1,0,10,0,2,4,,,,0,2,41:15,1,1,2,9-90,3.8,49,184,8.0,11-18,144,328,2-2,3-15,16,14,0,2,6,0,24,2,2,4
401531372,2023,8,regular,Tulane,American Athletic,home,35,2,3,,,,5,,,,1,1,32:36,1,1,2,4-45,5.1,48,245,9.2,15-21,194,439,2-3,9-15,24,,,,6,0,43,1,2,4
401531372,2023,8,regular,North Texas,American Athletic,away,28,2,2,36,0,2,4,0,0,1,1,2,27:24,0,1,1,2-10,3.5,24,83,6.7,35-51,343,426,1-5,5-13,23,,,,3,0,35,0,1,3
401531341,2023,8,regular,Tulsa,American Athletic,home,10,0,1,,,,4,,,,0,2,26:12,1,2,3,3-25,3.7,42,156,6.3,11-22,138,294,1-2,4-14,14,0,0,1,5,0,27,1,3,2
401531341,2023,8,regular,Rice,American Athletic,away,42,4,2,46,0,2,6,0,0,1,2,0,33:48,0,0,0,2-30,5.5,31,170,9.2,24-37,342,512,1-2,7-13,24,17,0,3,7,0,34,3,3,2
401540440,2023,8,regular,Nicholls,Southland,away,27,3,1,45,0,2,3,10,0,3,0,,29:40,1,0,1,5-45,4.5,31,141,9.2,16-26,240,381,0-0,3-10,22,8,0,2,,,,,,
401540440,2023,8,regular,East Texas A&M,Southland,home,7,0,1,92,0,2,1,0,0,1,0,,30:20,3,0,3,10-110,2.8,28,78,6.1,23-38,231,309,3-4,5-15,15,10,0,1,,,,,,
401540587,2023,8,regular,Chattanooga,Southern,home,34,2,2,23,0,1,10,9,0,1,3,1,35:59,1,1,2,5-45,3.3,48,159,8.9,19-29,259,418,0-0,6-13,29,17,0,2,,,,,,
401540587,2023,8,regular,East Tennessee State,Southern,away,3,0,0,38,0,3,3,31,0,1,1,3,24:01,1,2,3,8-91,2.5,30,74,1.8,8-25,46,120,0-0,5-15,9,40,0,2,,,,,,
401540612,2023,8,regular,Wofford,Southern,away,17,0,2,72,0,5,5,,,,1,2,27:58,2,1,3,8-71,2.0,27,54,7.8,19-29,227,281,0-1,4-11,16,10,0,2,,,,,,
401540612,2023,8,regular,Mercer,Southern,home,31,1,1,23,0,1,7,90,1,2,1,2,32:02,0,1,1,8-50,2.7,37,100,7.9,23-30,238,338,1-2,6-12,22,,,,,,,,,
401540623,2023,8,regular,Samford,Southern,away,27,3,0,21,0,1,9,,,,1,0,29:44,0,0,0,6-46,5.8,37,213,5.1,34-45,229,442,2-2,9-20,20,27,0,3,,,,,,
401540623,2023,8,regular,VMI,Southern,home,14,1,1,114,0,6,2,,,,0,1,30:16,0,1,1,2-10,4.5,34,154,5.4,19-34,182,336,2-4,4-16,17,1,0,2,,,,,,
401540393,2023,8,regular,McNeese,Southland,home,24,1,2,29,0,2,6,,,,1,0,30:37,1,0,1,5-40,4.1,33,134,6.7,17-30,200,334,1-1,7-16,17,48,0,2,,,,,,
401540393,2023,8,regular,Incarnate Word,Southland,away,35,2,3,20,0,2,5,0,0,1,0,1,29:23,0,1,1,7-70,7.0,43,301,6.7,19-32,213,514,2-3,7-15,25,21,0,2,,,,,,
401540432,2023,8,regular,Northwestern State,Southland,home,20,1,1,61,0,3,8,0,0,1,2,0,31:18,2,0,2,1-0,2.7,36,97,6.4,31-47,299,396,0-3,4-14,25,,,,,,,,,
401540432,2023,8,regular,SE Louisiana,Southland,away,37,4,0,86,0,4,7,58,1,2,0,4,28:42,1,2,3,14-112,6.4,34,219,11.0,18-29,320,539,0-2,4-11,18,4,0,1,,,,,,
401520336,2023,8,regular,Illinois,Big Ten,home,21,1,2,,,,3,,,,1,0,32:46,0,0,0,9-79,5.0,45,223,4.8,13-21,100,323,1-3,7-16,16,8,0,1,4,0,39,1,8,7
401520336,2023,8,regular,Wisconsin,Big Ten,away,25,1,2,27,0,2,5,,,,0,1,27:14,0,1,1,6-40,4.0,35,139,5.9,21-41,240,379,1-2,10-17,23,3,0,1,5,0,30,3,1,4
401520338,2023,8,regular,Iowa,Big Ten,home,10,1,0,25,0,1,4,,,,0,2,24:35,1,2,3,6-53,0.4,28,11,4.1,10-28,116,127,0-0,4-15,9,0,0,1,5,0,27,3,3,3
401520338,2023,8,regular,Minnesota,Big Ten,away,12,0,0,21,0,2,12,1,0,1,2,0,35:25,0,0,0,7-58,2.5,45,113,5.0,10-25,126,239,0-0,4-18,12,,,,6,0,30,4,0,4
401520342,2023,8,regular,Northwestern,Big Ten,away,9,0,0,40,0,2,9,10,0,2,0,2,30:52,1,0,1,8-75,2.1,39,81,7.7,12-23,176,257,0-1,3-15,12,-1,0,1,2,0,29,0,0,3
401520342,2023,8,regular,Nebraska,Big Ten,home,17,1,1,55,0,2,5,0,0,1,0,3,29:08,2,0,2,3-30,4.2,39,163,5.0,8-17,85,248,0-0,4-12,14,1,0,1,13,0,29,8,3,4
401540270,2023,8,regular,Montana State,Big Sky,away,42,4,1,28,0,2,6,22,1,2,0,,32:31,1,1,2,3-30,6.7,49,328,7.5,10-16,120,448,1-1,7-10,26,,,,,,,,,
401540270,2023,8,regular,Sacramento State,Big Sky,home,30,3,1,,,,6,8,0,1,0,1,27:29,2,0,2,9-65,7.1,28,200,5.6,26-42,234,434,2-3,5-12,25,,,,,,,,,
401531391,2023,8,regular,SMU,American Athletic,away,55,3,3,22,0,1,13,5,0,1,0,2,35:02,0,1,1,4-47,4.3,48,205,8.3,28-43,358,563,1-1,10-15,35,67,1,2,8,1,32,5,0,5
401531391,2023,8,regular,Temple,American Athletic,home,0,0,0,14,0,1,0,,,,1,0,24:58,1,0,1,5-55,1.0,25,24,3.7,13-29,107,131,0-2,0-12,12,-1,0,1,3,0,46,0,0,3
401531434,2023,8,regular,Air Force,Mountain West,away,17,0,1,,,,5,19,1,2,0,2,31:44,0,1,1,5-30,2.9,48,137,30.2,4-5,151,288,2-2,1-13,8,1,0,1,9,1,33,4,3,1
401531434,2023,8,regular,Navy,American Athletic,home,6,0,1,50,0,4,,,,,1,2,28:16,2,0,2,4-50,0.6,35,22,3.5,15-29,102,124,2-2,3-17,10,3,0,2,3,0,22,1,1,0
401525530,2023,8,regular,Duke,ACC,away,20,1,0,82,0,3,8,13,1,1,0,,29:12,1,0,1,7-53,5.6,35,197,3.5,8-22,76,273,0-2,4-12,15,,,,5,1,28,1,2,2
401525530,2023,8,regular,Florida State,ACC,home,38,2,2,141,1,3,8,0,0,1,0,1,30:48,1,0,1,8-50,4.8,32,152,7.4,27-36,268,420,0-2,7-12,24,8,0,3,4,1,27,0,8,3
401525528,2023,8,regular,Boston College,ACC,away,38,4,0,19,0,1,8,36,1,3,0,2,33:48,1,0,1,5-50,7.2,43,308,8.8,17-29,255,563,2-2,5-13,24,14,0,1,4,1,31,0,0,7
401525528,2023,8,regular,Georgia Tech,ACC,home,23,2,1,87,0,4,5,0,0,1,0,2,26:12,3,0,3,5-35,7.1,35,248,6.4,14-32,204,452,1-1,3-11,23,,,,2,0,38,0,0,2
401525531,2023,8,regular,Virginia,ACC,away,31,3,1,63,0,3,7,0,0,1,0,2,37:06,1,1,2,6-40,4.2,54,228,6.9,20-30,208,436,2-3,8-18,26,7,0,1,3,0,38,2,6,4
401525531,2023,8,regular,North Carolina,ACC,home,27,1,2,15,0,1,9,0,0,1,1,,22:54,1,0,1,6-58,4.9,29,143,7.2,24-48,347,490,0-2,4-13,26,6,0,1,5,0,55,2,5,2
401525532,2023,8,regular,Pittsburgh,ACC,away,17,0,2,-1,0,1,5,0,0,2,0,1,33:26,0,0,0,13-101,3.5,32,112,6.7,28-45,302,414,0-2,9-20,20,25,0,3,9,0,27,2,2,2
401525532,2023,8,regular,Wake Forest,ACC,home,21,2,1,19,0,1,3,,,,0,,26:34,2,0,2,4-36,4.2,41,172,7.2,12-21,151,323,1-2,4-14,18,9,0,3,9,0,39,0,7,3
401525529,2023,8,regular,Miami,ACC,home,28,2,1,27,0,1,8,0,0,1,2,2,37:30,1,0,1,8-90,5.6,38,211,4.6,24-33,151,362,1-2,9-18,18,14,0,1,10,0,38,5,6,4
401525529,2023,8,regular,Clemson,ACC,away,20,0,2,25,0,1,8,0,0,1,0,4,22:30,1,2,3,7-38,0.9,34,31,9.2,18-34,314,345,0-1,4-14,19,,,,9,0,45,0,0,4
401532601,2023,8,regular,Nevada,Mountain West,away,6,0,0,14,0,1,6,,,,1,0,30:14,0,0,0,10-58,3.7,39,144,4.5,9-22,98,242,0-0,3-12,17,3,0,1,1,0,32,1,1,3
401532601,2023,8,regular,San Diego State,Mountain West,home,0,0,0,15,0,1,0,,,,0,2,29:46,0,1,1,7-80,4.0,39,157,3.4,6-14,47,204,1-3,0-10,11,5,0,2,5,0,39,3,4,1
401532602,2023,8,regular,Utah State,Mountain West,away,21,1,2,25,0,2,3,,,,2,1,22:50,2,1,3,7-60,3.2,33,104,5.5,17-29,160,264,1-2,3-10,16,3,0,1,9,0,41,3,0,2
401532602,2023,8,regular,San José State,Mountain West,home,42,3,3,,,,6,26,0,2,1,2,37:10,0,2,2,4-28,4.9,51,251,6.0,15-20,119,370,0-0,7-12,25,,,,8,0,37,1,2,3
401532599,2023,8,regular,UNLV,Mountain West,home,25,1,0,150,0,6,19,0,0,1,0,2,33:55,0,1,1,6-55,3.0,46,138,9.8,27-36,353,491,1-1,9-19,25,40,0,2,4,0,29,1,0,1
401532599,2023,8,regular,Colorado State,Mountain West,away,23,1,1,105,0,5,11,,,,1,0,26:05,1,0,1,4-20,4.4,31,137,7.1,21-33,235,372,1-1,7-16,19,16,0,2,7,0,46,2,0,4
401532600,2023,8,regular,New Mexico,Mountain West,home,42,3,3,,,,6,5,0,3,1,0,34:15,0,0,0,10-110,6.0,38,227,7.8,20-26,202,429,1-1,4-8,25,,,,3,0,22,2,2,8
401532600,2023,8,regular,Hawai'i,Mountain West,away,21,0,3,33,0,2,3,,,,0,3,25:45,3,1,4,2-30,3.9,15,58,6.6,33-52,345,403,2-5,1-10,27,-15,0,1,4,0,27,1,2,1
401540294,2023,8,regular,Cornell,Ivy,home,36,1,2,20,0,2,12,55,1,3,0,,39:47,1,0,1,4-50,2.9,36,104,8.5,27-39,330,434,2-2,6-16,24,0,0,2,,,,,,
401540294,2023,8,regular,Brown,Ivy,away,14,0,2,28,0,1,2,26,0,1,0,,20:13,3,0,3,3-35,4.5,20,90,5.3,19-39,208,298,1-1,5-12,17,7,0,1,,,,,,
401540316,2023,8,regular,Maine,Coastal Athletic,away,28,0,4,17,0,1,4,,,,1,2,27:36,2,1,3,8-76,0.5,12,6,9.2,36-53,486,492,0-1,6-11,21,9,0,2,,,,,,
401540316,2023,8,regular,Campbell,Coastal Athletic,home,34,3,2,28,0,1,4,6,0,2,1,1,32:24,0,1,1,3-25,4.3,39,168,7.3,26-33,242,410,0-0,5-10,25,19,0,1,,,,,,
401540475,2023,8,regular,UT Martin,Big South-OVC,home,17,1,1,20,0,1,5,21,0,1,0,,32:33,0,0,0,1-15,4.0,48,194,4.1,12-28,116,310,3-4,7-19,19,35,0,3,,,,,,
401540475,2023,8,regular,Charleston Southern,Big South-OVC,away,0,0,0,1,0,1,0,,,,0,3,27:27,1,0,1,5-47,2.0,27,55,6.4,12-29,187,242,0-1,3-13,13,-2,0,3,,,,,,
401540338,2023,8,regular,Dartmouth,Ivy,home,20,1,0,18,0,1,8,3,0,2,0,3,29:46,0,0,0,4-45,3.7,43,157,3.9,7-15,58,215,1-1,5-14,13,29,1,3,,,,,,
401540338,2023,8,regular,Columbia,Ivy,away,9,1,0,36,0,2,1,,,,0,,30:14,2,0,2,4-40,1.6,30,49,5.8,27-44,254,303,0-2,6-16,18,5,0,1,,,,,,
401540402,2023,8,regular,Valparaiso,Pioneer,away,21,0,3,111,0,4,3,,,,1,1,21:04,0,1,1,13-96,2.5,17,42,9.4,13-24,225,267,0-2,2-8,10,10,0,1,,,,,,
401540402,2023,8,regular,Davidson,Pioneer,home,42,5,1,15,0,2,6,,,,1,1,38:56,0,1,1,4-25,4.6,58,265,9.9,11-15,148,413,4-5,7-15,26,,,,,,,,,
401540516,2023,8,regular,San Diego,Pioneer,home,20,1,0,35,0,2,8,83,1,1,0,,28:37,0,0,0,9-99,1.8,28,50,8.2,16-25,205,255,1-1,2-14,9,3,0,2,,,,,,
401540516,2023,8,regular,Drake,Pioneer,away,25,0,2,60,0,3,13,,,,0,1,31:23,1,0,1,6-45,2.0,29,57,6.3,19-46,292,349,1-1,7-19,19,0,0,1,,,,,,
401540240,2023,8,regular,Weber State,Big Sky,away,23,2,0,146,0,6,11,,,,0,,25:16,0,0,0,8-70,5.0,31,156,6.7,18-32,213,369,0-1,6-13,21,6,0,2,,,,,,
401540240,2023,8,regular,Eastern Washington,Big Sky,home,31,3,1,87,0,4,7,,,,0,,34:44,0,0,0,8-92,4.2,46,192,8.4,20-27,228,420,2-2,8-14,26,1,0,1,,,,,,
401540414,2023,8,regular,Monmouth,Coastal Athletic,away,26,2,2,82,0,5,2,,,,1,1,27:46,1,1,2,5-50,6.7,30,200,6.7,24-39,260,460,3-6,3-12,22,5,0,1,,,,,,
401540414,2023,8,regular,Elon,Coastal Athletic,home,28,1,3,25,0,2,4,0,0,1,1,2,32:14,0,1,1,2-21,2.4,39,93,14.1,14-20,282,375,0-1,5-12,18,,,,,,,,,
401540602,2023,8,regular,Western Carolina,Southern,home,17,0,2,,,,5,,,,0,,25:13,2,0,2,4-32,3.5,24,84,7.7,21-35,269,353,0-3,5-10,22,,,,,,,,,
401540602,2023,8,regular,Furman,Southern,away,29,2,2,53,0,2,5,1,0,2,0,,34:47,0,0,0,5-60,7.1,47,335,7.9,13-22,174,509,0-0,9-13,26,,,,,,,,,
401540254,2023,8,regular,Portland State,Big Sky,home,24,2,1,93,0,5,6,,,,0,1,31:57,1,0,1,9-75,3.6,28,100,6.6,26-40,265,365,0-0,7-14,21,,,,,,,,,
401540254,2023,8,regular,Idaho State,Big Sky,away,38,4,1,38,0,2,8,0,0,1,0,2,28:03,0,0,0,4-50,4.7,35,165,9.3,21-32,297,462,0-0,5-10,27,38,0,2,,,,,,
401540525,2023,8,regular,Presbyterian,Pioneer,home,10,1,0,42,0,3,4,,,,1,3,21:10,1,1,2,10-110,3.9,23,89,5.8,14-35,204,293,0-1,4-13,14,40,0,3,,,,,,
401540525,2023,8,regular,Marist,Pioneer,away,19,0,0,79,0,3,5,48,1,1,1,1,38:50,0,1,1,8-60,3.2,51,163,1.5,5-15,22,185,2-2,4-16,14,42,0,4,,,,,,
401540531,2023,8,regular,Stony Brook,Coastal Athletic,home,14,1,1,106,0,6,2,,,,0,2,29:11,0,2,2,11-105,2.6,22,58,9.2,22-33,305,363,0-1,5-12,14,,,,,,,,,
401540531,2023,8,regular,New Hampshire,Coastal Athletic,away,45,2,4,,,,9,,,,2,0,30:49,0,0,0,8-90,3.9,32,126,8.6,29-40,344,470,2-2,8-15,24,50,0,2,,,,,,
401540545,2023,8,regular,Richmond,Coastal Athletic,away,33,0,1,,,,9,80,2,3,1,1,32:49,1,1,2,5-50,4.1,33,135,4.2,20-29,122,257,0-0,3-13,20,34,2,2,,,,,,
401540545,2023,8,regular,North Carolina A&T,Coastal Athletic,home,10,0,0,168,1,5,4,6,0,1,1,1,27:11,3,1,4,8-84,3.5,31,108,2.5,8-15,37,145,1-3,1-11,10,0,0,1,,,,,,
401544197,2023,8,regular,Yale,Ivy,home,17,0,2,56,0,2,5,,,,0,,24:41,1,0,1,3-20,4.0,31,124,5.0,14-24,121,245,0-1,8-14,15,,,,,,,,,
401544197,2023,8,regular,Pennsylvania,Ivy,away,27,1,2,32,0,2,9,0,0,1,0,,35:19,0,0,0,6-66,2.8,32,88,7.6,33-48,364,452,0-0,11-16,27,,,,,,,,,
401540571,2023,8,regular,UAlbany,Coastal Athletic,home,35,1,4,21,0,1,5,0,0,2,0,1,30:45,1,0,1,6-80,5.5,39,216,12.0,15-27,324,540,0-0,5-12,25,5,0,2,,,,,,
401540571,2023,8,regular,Rhode Island,Coastal Athletic,away,10,1,0,94,0,6,4,28,0,1,0,2,29:15,2,0,2,11-73,2.9,17,50,5.1,29-51,261,311,1-4,4-15,20,12,0,1,,,,,,
401540500,2023,8,regular,Tennessee Tech,Big South-OVC,home,3,0,0,11,0,2,3,,,,0,,29:13,1,0,1,7-65,3.4,29,98,4.2,15-35,146,244,1-2,4-14,16,,,,,,,,,
401540500,2023,8,regular,Southeast Missouri State,Big South-OVC,away,28,2,2,17,0,1,4,0,0,1,0,1,30:47,0,0,0,7-69,1.9,36,68,15.1,19-24,363,431,1-1,8-16,15,9,0,4,,,,,,
401540564,2023,8,regular,Stetson,Pioneer,home,6,1,0,57,0,3,0,1,0,1,0,,28:17,0,0,0,3-35,2.0,26,53,6.1,23-40,245,298,1-2,5-16,15,1,0,1,,,,,,
401540564,2023,8,regular,St. Thomas (MN),Pioneer,away,38,3,2,6,0,1,8,,,,0,,31:43,1,0,1,3-30,9.2,41,378,4.2,8-21,88,466,2-3,4-12,21,30,0,4,,,,,,
401540630,2023,8,regular,Lincoln (CA),,away,0,0,0,88,0,5,,,,,0,4,35:44,1,2,3,8-70,1.2,45,52,4.4,11-21,93,145,1-3,7-17,13,,,,,,,,,
401540630,2023,8,regular,Tennessee State,Big South-OVC,home,54,7,1,17,0,1,6,0,0,1,2,0,24:16,0,0,0,5-59,7.3,43,314,5.5,9-15,82,396,0-0,4-7,22,10,0,1,,,,,,
401540579,2023,8,regular,William & Mary,Coastal Athletic,home,24,1,2,78,0,4,6,,,,0,2,26:00,0,2,2,8-91,6.2,34,212,6.1,12-21,129,341,1-1,5-10,20,19,0,1,,,,,,
401540579,2023,8,regular,Towson,Coastal Athletic,away,34,2,2,19,0,2,10,,,,2,1,34:00,0,0,0,10-65,4.7,44,208,6.7,19-28,188,396,3-3,7-14,23,4,0,1,,,,,,
401540339,2023,9,regular,Dartmouth,Ivy,away,9,0,0,,,,18,11,0,2,0,2,28:27,1,1,2,4-45,2.9,29,83,4.7,29-51,242,325,3-4,7-19,21,14,0,1,,,,,,
401540339,2023,9,regular,Harvard,Ivy,home,17,2,0,,,,5,0,0,1,1,2,31:33,2,0,2,6-28,4.5,52,235,1.8,5-16,29,264,0-1,6-14,18,39,0,4,,,,,,
401540247,2023,9,regular,Montana State,Big Sky,away,21,1,2,20,0,1,3,,,,0,,18:33,0,0,0,3-20,5.6,23,128,8.0,12-24,191,319,0-0,5-10,17,,,,,,,,,
401540247,2023,9,regular,Idaho,Big Sky,home,24,1,2,,,,6,,,,0,1,41:27,0,0,0,3-35,2.4,44,107,7.9,22-29,229,336,3-4,6-15,22,6,0,1,,,,,,
401520352,2023,9,regular,Florida,SEC,home,20,1,2,23,0,1,2,,,,0,2,26:31,0,1,1,2-17,4.4,25,109,6.8,25-34,230,339,0-2,4-11,16,,,,4,0,27,0,3,3
401520352,2023,9,regular,Georgia,SEC,away,43,3,2,15,0,1,11,,,,1,0,33:29,0,0,0,2-10,4.5,38,171,11.3,19-28,315,486,1-1,6-12,23,11,0,2,8,0,37,4,1,2
401520353,2023,9,regular,Kentucky,SEC,home,27,1,2,30,0,1,9,,,,0,,33:04,0,0,0,4-21,3.0,24,72,9.5,28-39,372,444,0-2,5-11,24,,,,5,0,40,2,1,0
401520353,2023,9,regular,Tennessee,SEC,away,33,2,1,,,,15,,,,0,,26:56,0,0,0,9-70,5.4,47,253,10.9,18-21,228,481,0-0,6-13,24,,,,4,0,30,1,3,2
401520359,2023,9,regular,Texas A&M,SEC,home,30,2,1,17,0,1,12,,,,1,2,36:30,0,0,0,2-15,2.6,40,105,8.3,20-30,249,354,4-4,7-19,19,0,0,1,10,0,36,4,9,6
401520359,2023,9,regular,South Carolina,SEC,away,17,1,1,65,0,3,5,,,,0,2,23:30,0,1,1,8-46,1.2,28,33,5.3,20-33,176,209,1-3,5-16,12,,,,7,0,45,3,5,5
401520357,2023,9,regular,Ole Miss,SEC,home,33,3,1,21,0,1,9,35,0,2,0,1,27:01,1,0,1,6-46,4.4,40,177,8.8,20-29,254,431,2-3,5-13,22,19,0,1,7,0,31,5,4,4
401520357,2023,9,regular,Vanderbilt,SEC,away,7,1,0,18,0,1,1,22,0,1,0,1,32:59,2,0,2,4-40,3.8,44,169,3.0,8-20,60,229,1-5,3-15,13,,,,8,0,41,3,3,1
401520349,2023,9,regular,Army,FBS Independents,home,14,2,0,34,0,2,2,,,,0,3,28:23,2,1,3,1-12,4.9,42,204,7.5,9-21,158,362,2-4,6-12,19,,,,3,0,39,0,3,2
401520349,2023,9,regular,Massachusetts,FBS Independents,away,21,3,0,28,0,2,1,27,0,2,1,1,31:37,0,0,0,8-50,6.2,37,231,5.3,17-23,121,352,0-0,7-12,19,,,,3,0,25,1,3,3
401525876,2023,9,regular,Cincinnati,Big 12,away,13,1,1,20,0,1,1,0,0,1,1,1,30:33,1,1,2,4-50,5.5,50,277,6.6,11-25,165,442,0-2,6-16,20,5,0,1,3,0,36,0,3,4
401525876,2023,9,regular,Oklahoma State,Big 12,home,45,4,2,53,0,2,9,16,0,1,1,3,29:27,1,1,2,4-30,8.5,37,315,8.4,17-34,286,601,1-1,6-16,23,-4,0,2,6,0,41,1,7,2
401525875,2023,9,regular,Houston,Big 12,away,0,0,0,35,0,3,0,,,,1,1,25:26,1,1,2,6-60,4.3,26,113,2.9,15-33,95,208,0-4,3-14,11,4,0,1,5,0,55,2,1,1
401525875,2023,9,regular,Kansas State,Big 12,home,41,3,3,,,,5,16,0,1,1,1,34:34,0,1,1,1-5,3.9,46,179,9.0,21-24,215,394,0-1,10-14,24,,,,5,0,38,1,3,5
401525873,2023,9,regular,Iowa State,Big 12,away,30,2,1,27,0,1,12,0,0,1,1,2,33:33,1,1,2,4-18,4.6,35,162,7.7,19-31,238,400,0-0,9-15,19,,,,8,0,38,2,4,4
401525873,2023,9,regular,Baylor,Big 12,home,18,2,1,47,0,2,0,0,0,1,1,1,26:27,1,1,2,2-12,2.7,25,67,5.8,24-41,239,306,3-6,4-14,17,19,0,2,3,0,34,1,2,4
401525874,2023,9,regular,Oklahoma,Big 12,away,33,5,0,25,0,3,3,23,0,2,1,2,28:54,1,2,3,11-101,4.9,55,269,9.0,14-19,171,440,1-2,2-10,19,,,,3,0,43,0,5,7
401525874,2023,9,regular,Kansas,Big 12,home,38,4,0,114,0,6,8,37,1,1,2,1,31:06,2,1,3,5-55,5.5,41,225,6.8,15-32,218,443,2-3,4-14,25,,,,4,1,53,1,1,1
401525878,2023,9,regular,UCF,Big 12,home,28,1,3,18,0,1,4,,,,1,1,23:54,3,1,4,6-56,5.7,33,189,7.6,25-36,274,463,1-2,9-12,27,,,,2,0,47,1,3,3
401525878,2023,9,regular,West Virginia,Big 12,away,41,5,0,19,0,1,11,51,0,3,1,3,36:06,0,1,1,4-35,5.7,50,286,6.8,15-24,164,450,2-2,7-15,25,,,,3,0,45,1,1,4
401540209,2023,9,regular,Abilene Christian,UAC,away,14,1,1,44,0,3,2,,,,0,,23:15,3,0,3,6-44,4.7,32,149,3.2,9-23,74,223,0-0,4-12,12,6,0,2,,,,,,
401540209,2023,9,regular,Southern Utah,UAC,home,52,4,3,31,0,2,10,83,0,3,0,,36:45,0,0,0,4-29,6.4,48,308,7.9,19-22,174,482,0-0,8-13,24,-1,0,2,,,,,,
401540197,2023,9,regular,Eastern Kentucky,UAC,away,34,1,3,64,0,3,10,,,,0,2,32:20,1,1,2,6-65,4.6,38,174,9.5,22-34,322,496,2-3,4-11,29,0,0,1,,,,,,
401540197,2023,9,regular,Utah Tech,UAC,home,30,0,3,0,0,1,12,0,0,1,1,0,27:40,0,0,0,2-20,6.4,24,154,5.0,26-49,247,401,0-2,8-17,24,3,0,0,,,,,,
401540042,2023,9,regular,Wagner,NEC,home,28,0,3,16,0,1,4,57,1,3,0,,35:53,0,0,0,9-90,4.0,41,162,5.0,17-32,160,322,1-1,8-18,18,4,0,5,,,,,,
401540042,2023,9,regular,Stonehill,NEC,away,17,0,1,12,0,1,5,,,,0,,24:07,3,0,3,3-22,3.3,29,97,5.4,14-30,162,259,0-1,3-12,17,14,0,2,,,,,,
401540366,2023,9,regular,North Dakota State,MVFC,home,38,2,2,,,,8,0,0,1,0,1,31:32,0,1,1,9-69,5.1,34,175,7.2,20-28,202,377,0-1,7-14,19,100,0,3,,,,,,
401540366,2023,9,regular,Murray State,MVFC,away,6,0,0,68,0,4,6,,,,3,2,28:28,1,0,1,8-80,2.0,28,56,4.0,15-27,108,164,0-2,2-13,11,,,,,,,,,
401540179,2023,9,regular,North Alabama,UAC,away,39,1,5,0,0,1,1,,,,0,1,25:11,0,0,0,9-85,2.5,23,57,6.9,28-51,353,410,4-6,3-16,19,13,0,1,,,,,,
401540179,2023,9,regular,Austin Peay,UAC,home,49,0,6,24,0,1,11,,,,0,1,34:49,0,0,0,11-91,3.3,50,167,13.6,20-26,353,520,0-1,6-15,23,15,0,1,,,,,,
401540189,2023,9,regular,Tarleton State,UAC,away,25,2,0,34,0,3,13,,,,0,1,32:55,0,1,1,4-35,4.7,44,208,8.0,12-21,168,376,0-0,10-17,20,,,,,,,,,
401540189,2023,9,regular,Central Arkansas,UAC,home,23,0,3,106,0,6,5,,,,1,1,27:05,0,0,0,6-54,5.7,30,171,4.9,22-36,176,347,2-2,6-15,19,,,,,,,,,
401520350,2023,9,regular,Mississippi State,SEC,away,13,0,1,21,0,1,7,,,,0,,30:44,1,0,1,8-70,5.3,35,184,5.0,16-32,161,345,2-4,2-12,19,,,,4,0,41,0,1,1
401520350,2023,9,regular,Auburn,SEC,home,27,0,3,14,0,2,9,0,0,1,0,1,29:16,0,0,0,7-52,5.2,36,186,8.8,20-26,230,416,0-0,4-11,21,8,0,1,5,0,40,0,6,2
401532432,2023,9,regular,Ohio,Mid-American,home,16,1,1,,,,4,,,,0,1,27:41,0,1,1,11-78,1.9,26,50,8.0,25-39,313,363,1-2,3-14,19,4,0,2,8,0,24,3,1,1
401532432,2023,9,regular,Miami (OH),Mid-American,away,30,2,1,13,0,3,12,,,,1,2,32:19,0,0,0,7-69,4.1,46,188,9.4,7-11,103,291,0-1,3-12,14,100,0,6,6,0,31,3,4,4
401540426,2023,9,regular,Charleston Southern,Big South-OVC,home,24,0,3,118,0,6,6,0,0,1,0,2,23:29,2,1,3,5-50,5.1,29,148,8.3,12-26,215,363,0-2,2-9,16,,,,,,,,,
401540426,2023,9,regular,Bryant,Big South-OVC,away,47,2,4,35,0,2,9,1,0,2,1,0,36:31,1,0,1,4-36,3.0,30,89,8.7,31-39,341,430,1-1,8-14,22,18,0,3,,,,,,
401540111,2023,9,regular,Alabama State,SWAC,home,31,1,1,30,0,3,7,-3,0,1,1,2,30:03,0,2,2,9-63,2.7,31,85,8.4,17-24,202,287,0-3,5-14,11,103,0,4,,,,,,
401540111,2023,9,regular,Alabama A&M,SWAC,away,16,1,1,40,0,3,2,,,,3,2,29:57,1,1,2,6-42,2.3,26,59,5.8,22-40,231,290,3-5,3-16,14,,,,,,,,,
401520346,2023,9,regular,Liberty,Conference USA,away,42,3,3,,,,6,0,0,1,0,1,33:07,0,0,0,4-55,6.0,54,323,11.3,10-15,169,492,3-3,2-9,27,6,0,1,2,0,30,1,1,4
401520346,2023,9,regular,Western Kentucky,Conference USA,home,29,0,4,38,0,2,5,,,,0,,26:53,1,0,1,7-57,5.4,22,119,8.3,30-44,365,484,1-1,8-14,24,,,,1,0,37,1,2,1
401520348,2023,9,regular,Sam Houston,Conference USA,home,34,2,2,13,0,3,10,-1,0,1,0,,28:02,1,0,1,3-28,3.9,33,129,5.6,23-40,225,354,0-0,8-16,22,32,0,3,0,0,0,0,0,3
401520348,2023,9,regular,UTEP,Conference USA,away,37,3,1,71,0,2,13,30,0,1,0,,31:58,1,0,1,7-65,5.6,40,222,9.4,12-22,206,428,2-3,5-12,17,6,0,1,1,0,3,1,0,4
401520345,2023,9,regular,New Mexico State,Conference USA,away,27,2,1,,,,9,,,,2,0,29:50,0,0,0,5-52,5.8,40,232,5.0,10-19,95,327,2-3,5-13,16,,,,6,0,38,4,0,1
401520345,2023,9,regular,Louisiana Tech,Conference USA,home,24,2,1,90,0,3,4,,,,0,3,30:10,0,2,2,5-60,3.1,43,133,8.8,20-27,238,371,4-5,3-11,23,,,,1,0,22,0,1,1
401520347,2023,9,regular,Jacksonville State,Conference USA,away,41,4,1,,,,11,,,,1,2,28:37,0,0,0,1-15,4.8,55,265,5.5,9-19,105,370,1-2,4-14,22,-1,0,2,8,0,36,5,2,2
401520347,2023,9,regular,Florida International,Conference USA,home,16,1,1,76,0,4,4,,,,0,3,31:23,0,1,1,9-92,0.8,40,31,7.8,14-28,218,249,3-5,4-17,12,,,,3,0,42,0,0,2
401540137,2023,9,regular,Jackson State,SWAC,away,40,0,5,66,0,2,10,4,0,1,1,1,26:43,1,0,1,7-66,3.4,30,102,10.4,26-36,373,475,0-0,8-14,21,7,0,1,,,,,,
401540137,2023,9,regular,Arkansas-Pine Bluff,SWAC,home,14,2,0,160,0,7,2,0,0,1,0,1,33:17,1,1,2,4-25,3.0,32,97,3.8,20-35,133,230,3-4,1-11,17,4,0,1,,,,,,
401540145,2023,9,regular,Bethune-Cookman,SWAC,away,14,1,0,70,0,5,2,,,,1,2,29:18,3,1,4,4-27,2.3,41,96,3.0,9-27,81,177,1-2,5-17,11,0,0,1,,,,,,
401540145,2023,9,regular,Grambling,SWAC,home,28,3,0,37,0,3,4,4,0,3,1,1,30:42,0,1,1,8-59,4.7,36,168,6.5,13-25,163,331,0-0,3-14,15,106,0,8,,,,,,
401524039,2023,9,regular,Arizona,Pac-12,home,27,0,3,,,,9,,,,0,,30:46,1,0,1,4-20,2.9,30,88,8.6,25-32,275,363,1-1,5-11,21,36,0,2,3,0,35,1,5,7
401524039,2023,9,regular,Oregon State,Pac-12,away,24,1,2,19,0,1,6,0,0,1,0,3,29:14,0,0,0,2-20,4.5,29,131,8.4,18-33,276,407,0-0,6-12,23,8,0,2,4,0,34,4,0,2
401524040,2023,9,regular,Arizona State,Pac-12,home,38,5,0,16,0,1,8,,,,2,2,30:47,0,0,0,9-72,6.0,39,235,10.5,19-26,274,509,0-0,8-11,25,,,,8,0,45,3,14,4
401524040,2023,9,regular,Washington State,Pac-12,away,27,2,1,,,,9,,,,1,1,29:13,0,0,0,5-38,4.2,21,88,6.3,35-50,315,403,2-3,3-12,26,,,,2,0,41,0,9,1
401540129,2023,9,regular,Alcorn State,SWAC,home,24,3,0,,,,6,0,0,1,1,0,31:00,1,0,1,7-70,6.9,31,214,6.8,17-25,171,385,2-2,3-10,18,,,,,,,,,
401540129,2023,9,regular,Mississippi Valley State,SWAC,away,3,0,0,71,0,5,3,0,0,1,0,1,29:00,1,1,2,6-50,3.3,30,98,2.5,18-26,65,163,2-2,2-13,13,,,,,,,,,
401531900,2023,9,regular,Old Dominion,Sun Belt,away,27,1,2,2,0,1,9,74,0,2,0,5,27:25,0,1,1,6-37,3.2,43,138,7.7,26-36,277,415,0-2,9-18,20,,,,5,0,38,1,3,4
401531900,2023,9,regular,James Madison,Sun Belt,home,30,1,3,112,0,5,4,,,,1,1,32:35,2,0,2,2-15,3.7,33,123,8.5,27-40,340,463,1-3,4-13,22,0,0,1,10,0,37,5,2,5
401531899,2023,9,regular,Coastal Carolina,Sun Belt,home,34,1,3,,,,10,25,0,4,1,1,32:07,1,1,2,5-62,3.6,40,145,12.8,15-22,282,427,0-1,5-12,20,5,0,1,5,0,27,3,1,3
401531899,2023,9,regular,Marshall,Sun Belt,away,6,0,0,31,0,1,6,0,0,1,1,1,27:53,4,1,5,7-60,3.1,26,81,4.5,23-45,202,283,2-4,4-14,17,-1,0,1,3,0,19,0,0,1
401540153,2023,9,regular,Florida A&M,SWAC,home,45,2,3,17,0,1,9,69,1,3,0,1,27:05,1,1,2,4-40,6.2,29,181,10.9,14-25,272,453,0-0,5-10,17,9,0,1,,,,,,
401540153,2023,9,regular,Prairie View A&M,SWAC,away,7,0,1,77,0,3,1,0,0,1,1,0,32:55,3,0,3,7-51,3.0,42,127,3.9,9-24,93,220,2-3,5-17,14,14,0,2,,,,,,
401540171,2023,9,regular,Texas Southern,SWAC,away,17,2,0,7,0,1,5,0,0,1,2,3,37:08,1,2,3,16-143,5.6,54,303,6.1,16-23,140,443,0-2,6-13,26,39,0,1,,,,,,
401540171,2023,9,regular,Southern,SWAC,home,23,2,0,88,0,3,5,9,0,1,2,1,22:52,1,1,2,7-64,4.6,31,143,2.2,8-26,58,201,1-3,3-13,11,,,,,,,,,
401524041,2023,9,regular,California,Pac-12,home,49,5,2,36,0,2,5,,,,1,3,27:24,1,3,4,5-45,5.6,42,235,7.5,25-39,292,527,2-5,6-14,29,22,0,3,5,0,38,4,5,7
401524041,2023,9,regular,USC,Pac-12,away,50,5,2,22,0,3,8,0,0,1,3,3,32:36,0,1,1,11-101,3.2,40,128,9.2,23-40,369,497,2-2,8-19,20,6,0,1,6,0,42,0,2,3
401524043,2023,9,regular,Colorado,Pac-12,away,16,0,1,32,0,3,10,-10,0,2,2,1,26:46,0,0,0,7-60,1.0,24,25,5.0,27-43,217,242,0-0,4-15,20,5,0,1,5,0,52,3,0,1
401524043,2023,9,regular,UCLA,Pac-12,home,28,2,2,49,0,2,4,,,,0,2,33:14,2,2,4,9-85,4.8,45,218,9.6,20-28,269,487,1-1,7-13,25,4,0,4,10,0,45,7,6,6
401524042,2023,9,regular,Washington,Pac-12,away,42,2,4,20,0,1,6,,,,0,1,25:20,1,1,2,7-78,3.4,27,91,9.7,21-38,369,460,0-0,6-13,23,24,0,3,5,0,45,3,6,6
401524042,2023,9,regular,Stanford,Pac-12,home,33,3,1,31,0,2,9,0,0,1,1,1,34:40,0,0,0,8-74,3.7,35,128,7.2,31-51,367,495,1-3,5-16,26,,,,2,0,29,1,4,2
401531903,2023,9,regular,Troy,Sun Belt,away,31,1,3,20,0,1,7,0,0,2,2,0,30:58,0,0,0,5-49,1.0,29,28,9.8,26-40,392,420,0-2,7-15,22,35,0,1,6,0,43,1,0,2
401531903,2023,9,regular,Texas State,Sun Belt,home,13,0,1,14,0,1,7,,,,0,2,29:02,2,2,4,4-47,4.6,35,161,6.9,25-40,276,437,0-2,5-14,26,,,,9,0,35,3,0,1
401531929,2023,9,regular,Georgia State,Sun Belt,away,27,2,2,14,0,1,3,24,0,1,1,2,26:36,2,1,3,5-54,7.3,40,290,4.2,21-37,157,447,1-2,5-12,26,,,,6,0,44,3,3,2
401531929,2023,9,regular,Georgia Southern,Sun Belt,home,44,1,3,42,0,2,14,52,1,2,1,1,33:24,1,1,2,1-5,3.1,38,118,9.3,22-36,334,452,2-2,6-15,24,19,0,4,6,1,46,1,0,9
401531898,2023,9,regular,Southern Miss,Sun Belt,away,38,4,1,36,0,3,8,8,0,1,1,1,33:14,0,1,1,9-74,7.0,43,301,6.8,23-42,287,588,0-2,7-15,33,2,0,1,8,0,33,4,1,3
401531898,2023,9,regular,App State,Sun Belt,home,48,3,4,58,0,3,6,,,,1,2,26:46,1,1,2,5-45,5.6,32,180,11.8,23-33,391,571,1-1,5-12,24,,,,7,0,35,3,8,10
401531902,2023,9,regular,Louisiana,Sun Belt,away,33,1,2,19,0,1,9,0,0,2,3,0,34:44,0,0,0,6-40,4.1,49,203,8.5,13-17,145,348,0-0,6-14,19,,,,6,0,42,5,3,4
401531902,2023,9,regular,South Alabama,Sun Belt,home,20,1,2,53,0,5,2,,,,0,3,25:16,2,3,5,8-71,4.2,28,117,7.8,29-49,381,498,2-4,6-14,25,5,0,1,7,0,35,1,1,1
401531901,2023,9,regular,UL Monroe,Sun Belt,home,24,0,2,43,0,2,10,0,0,1,0,,33:23,0,0,0,9-75,4.2,35,148,6.7,25-45,300,448,3-4,6-19,21,11,0,2,5,0,24,1,6,2
401531901,2023,9,regular,Arkansas State,Sun Belt,away,34,3,1,9,0,2,10,,,,0,,26:37,1,0,1,3-40,4.4,36,159,9.9,15-30,298,457,0-0,4-13,21,-2,0,2,3,0,19,1,14,5
401532431,2023,9,regular,Eastern Michigan,Mid-American,home,21,2,1,45,0,3,1,,,,1,2,23:47,2,2,4,10-86,1.2,23,28,8.0,21-36,289,317,0-2,4-12,14,7,0,1,4,0,23,2,5,8
401532431,2023,9,regular,Western Michigan,Mid-American,away,45,3,1,67,0,3,11,-1,0,2,2,2,36:13,0,1,1,6-42,4.3,59,252,6.5,15-26,169,421,2-4,5-15,25,0,0,1,10,0,32,4,5,6
401540053,2023,9,regular,Colgate,Patriot,home,34,3,2,73,0,3,4,,,,0,1,26:26,2,1,3,2-5,7.7,26,200,5.3,28-44,235,435,1-1,8-14,24,,,,,,,,,
401540053,2023,9,regular,Bucknell,Patriot,away,49,3,4,112,0,5,5,6,0,2,1,0,33:34,0,0,0,6-50,5.0,41,206,8.8,33-44,387,593,3-3,9-17,29,-1,0,3,,,,,,
401540070,2023,9,regular,Holy Cross,Patriot,away,49,3,3,109,0,5,7,68,1,1,0,1,31:45,1,0,1,5-35,3.1,42,129,10.2,20-33,337,466,3-3,7-15,28,1,0,2,,,,,,
401540070,2023,9,regular,Fordham,Patriot,home,47,3,4,105,0,6,5,0,0,1,0,1,28:15,1,0,1,10-81,6.5,32,209,11.4,29-36,410,619,2-2,4-9,28,,,,,,,,,
401540063,2023,9,regular,Georgetown,Patriot,home,25,0,3,80,0,5,7,2,0,2,0,1,36:27,2,1,3,8-94,1.6,23,36,7.4,35-58,428,464,2-4,5-17,21,23,0,2,,,,,,
401540063,2023,9,regular,Lafayette,Patriot,away,35,3,1,20,0,1,5,46,1,2,1,0,23:33,2,0,2,6-65,4.1,35,142,7.1,12-24,171,313,1-2,3-13,17,,,,,,,,,
401540379,2023,9,regular,Incarnate Word,Southland,away,17,0,2,34,0,2,5,-1,0,1,1,1,33:15,0,0,0,6-49,3.8,40,152,8.3,24-37,307,459,1-2,5-16,23,29,0,3,,,,,,
401540379,2023,9,regular,Lamar,Southland,home,7,0,1,61,0,2,1,,,,0,3,26:45,1,1,2,6-52,2.3,32,73,6.7,12-26,175,248,2-4,3-15,11,9,0,1,,,,,,
401520351,2023,9,regular,Boston College,ACC,home,21,2,1,17,0,1,3,,,,0,1,40:44,1,1,2,4-30,4.6,54,246,6.4,20-29,187,433,3-4,10-16,30,17,0,3,1,0,19,0,7,2
401520351,2023,9,regular,UConn,FBS Independents,away,14,2,0,71,0,4,2,0,0,1,1,0,19:16,0,0,0,5-39,4.8,19,92,5.4,11-24,130,222,0-1,4-10,10,,,,4,0,52,1,1,1
401540459,2023,9,regular,Valparaiso,Pioneer,away,7,1,0,64,0,3,1,,,,1,0,21:01,1,0,1,7-68,5.9,20,117,8.2,11-21,172,289,0-2,3-9,12,0,0,1,,,,,,
401540459,2023,9,regular,Butler,Pioneer,home,17,2,0,,,,5,0,0,1,0,2,38:59,0,1,1,8-85,4.7,51,242,4.2,13-21,89,331,4-4,8-16,20,,,,,,,,,
401540327,2023,9,regular,Towson,Coastal Athletic,home,13,0,1,68,0,6,7,,,,1,1,21:34,1,1,2,3-29,3.2,19,61,6.8,21-39,265,326,0-3,3-11,19,,,,,,,,,
401540327,2023,9,regular,Delaware,CAA,away,51,4,2,26,0,1,13,0,0,1,1,1,38:26,0,1,1,6-42,5.2,45,233,14.8,22-26,386,619,0-0,8-11,28,4,0,1,,,,,,
401524044,2023,9,regular,Utah,Pac-12,home,6,0,0,65,0,2,6,,,,1,0,31:57,2,0,2,3-25,2.8,36,99,4.7,16-30,142,241,1-3,5-15,13,13,0,2,1,0,33,0,0,2
401524044,2023,9,regular,Oregon,Pac-12,away,35,3,2,,,,5,0,0,2,0,1,28:03,0,1,1,8-58,5.3,27,142,8.0,24-31,248,390,0-0,5-10,18,-2,0,1,6,0,39,2,0,2
401540276,2023,9,regular,Northern Arizona,Big Sky,home,38,1,1,,,,6,,,,1,1,16:25,1,1,2,8-76,3.2,22,70,8.5,7-13,111,181,0-0,0-6,6,,,,,,,,,
401540276,2023,9,regular,UC Davis,Big Sky,away,21,0,1,121,0,3,7,,,,1,1,28:41,2,1,3,3-20,3.5,32,112,8.1,18-30,242,354,1-3,1-9,19,16,0,3,,,,,,
401525877,2023,9,regular,Texas,Big 12,home,35,2,2,21,0,1,5,85,0,2,1,2,26:54,1,1,2,6-40,5.3,35,184,6.8,16-25,170,354,0-2,6-11,16,89,1,2,12,1,35,2,10,6
401525877,2023,9,regular,BYU,Big 12,away,6,0,0,105,0,5,6,20,0,1,1,1,33:06,2,1,3,3-20,3.7,26,95,4.9,25-40,197,292,2-3,3-14,17,18,0,2,7,0,28,1,1,6
401540351,2023,9,regular,Youngstown State,MVFC,home,44,1,4,25,0,1,14,0,0,1,0,,34:02,0,0,0,7-71,3.3,32,106,12.2,27-34,415,521,0-0,7-13,22,6,0,3,,,,,,
401540351,2023,9,regular,Missouri State,MVFC,away,28,2,2,128,0,6,4,,,,0,,25:58,1,0,1,11-93,3.5,27,95,8.5,25-40,341,436,1-1,6-13,21,23,0,2,,,,,,
401540037,2023,9,regular,Merrimack,NEC,away,21,2,1,75,0,5,3,,,,1,1,32:08,0,0,0,4-26,4.0,45,181,9.9,7-15,149,330,1-2,4-13,16,19,0,2,,,,,,
401540037,2023,9,regular,Saint Francis,NEC,home,28,1,3,31,0,2,2,,,,1,2,27:52,0,1,1,3-25,4.4,34,149,8.7,11-19,166,315,1-2,3-10,16,36,0,2,,,,,,
401520360,2023,9,regular,Wisconsin,Big Ten,home,10,0,1,25,0,1,4,19,0,2,1,2,24:10,0,1,1,5-26,3.8,25,94,4.2,18-39,165,259,0-2,6-16,14,35,0,1,9,0,42,4,1,2
401520360,2023,9,regular,Ohio State,Big Ten,away,24,1,2,,,,6,,,,1,1,35:50,2,1,3,6-25,4.2,43,181,8.7,17-26,226,407,0-1,6-13,23,6,0,1,4,0,27,2,1,4
401520354,2023,9,regular,Minnesota,Big Ten,home,27,2,1,,,,9,11,0,1,1,2,36:15,1,2,3,3-35,4.0,50,200,9.1,14-22,200,400,0-0,6-13,24,14,0,1,3,0,26,1,2,3
401520354,2023,9,regular,Michigan State,Big Ten,away,12,0,1,15,0,1,6,4,0,1,2,1,23:45,1,1,2,4-44,5.2,21,109,5.6,20-34,190,299,0-0,4-13,15,,,,5,0,43,3,0,2
401520356,2023,9,regular,Northwestern,Big Ten,home,33,1,2,110,0,4,15,0,0,1,1,0,30:47,0,0,0,8-69,2.5,40,99,11.5,16-23,265,364,0-0,2-10,19,5,0,1,9,0,48,6,3,4
401520356,2023,9,regular,Maryland,Big Ten,away,27,0,3,116,0,7,9,,,,0,2,29:13,1,1,2,6-69,4.3,27,117,5.8,30-47,274,391,0-1,6-15,25,0,0,1,8,0,40,5,5,2
401520358,2023,9,regular,Indiana,Big Ten,away,24,0,3,,,,6,7,0,1,0,3,24:35,1,1,2,5-35,2.4,34,80,14.2,13-19,269,349,1-2,3-11,14,-6,0,2,6,0,49,3,4,2
401520358,2023,9,regular,Penn State,Big Ten,home,33,1,3,61,0,2,7,17,0,1,1,1,35:25,1,0,1,6-60,3.1,43,132,6.8,20-31,210,342,1-1,7-18,19,19,0,3,4,0,36,3,1,1
401540106,2023,9,regular,Northern Iowa,MVFC,away,24,2,1,22,0,1,6,0,0,1,1,1,36:22,1,1,2,6-55,2.4,41,100,9.6,20-30,289,389,0-0,10-16,20,,,,,,,,,
401540106,2023,9,regular,Illinois State,MVFC,home,21,1,2,,,,3,0,0,1,1,1,23:38,1,1,2,5-40,2.3,20,45,6.6,33-44,292,337,1-2,7-14,19,,,,,,,,,
401540008,2023,9,regular,Central Connecticut,NEC,home,23,0,2,60,0,4,10,,,,1,0,24:02,1,0,1,4-20,2.9,12,35,6.6,11-27,179,214,1-2,1-12,15,0,0,1,,,,,,
401540008,2023,9,regular,Long Island University,NEC,away,24,1,2,71,0,3,6,0,0,1,0,1,35:58,0,1,1,8-85,4.5,47,212,6.9,13-23,158,370,0-0,8-18,16,17,0,2,,,,,,
401540016,2023,9,regular,Duquesne,NEC,away,27,1,2,12,0,1,9,,,,0,2,33:20,2,0,2,3-20,5.6,41,229,8.0,14-26,207,436,1-1,5-14,21,52,0,7,,,,,,
401540016,2023,9,regular,Sacred Heart,NEC,home,0,0,0,78,0,3,,0,0,2,0,1,26:40,0,0,0,9-84,2.9,33,96,3.3,12-25,83,179,1-1,4-16,9,4,0,1,,,,,,
401540449,2023,9,regular,Western Illinois,MVFC,home,0,0,0,47,0,4,,,,,2,2,33:09,0,2,2,5-43,2.5,41,104,1.6,11-30,48,152,1-5,4-18,11,13,0,3,,,,,,
401540449,2023,9,regular,Southern Illinois,MVFC,away,63,4,4,,,,9,,,,2,3,26:51,0,2,2,6-60,6.7,34,228,9.1,17-27,246,474,2-2,3-10,19,40,0,2,,,,,,
401534855,2023,9,regular,Howard,MEAC,away,17,1,1,46,0,1,5,25,0,1,0,,33:43,0,0,0,3-46,4.6,37,170,7.3,19-25,183,353,0-1,7-12,17,3,0,3,,,,,,
401534855,2023,9,regular,Delaware State,MEAC,home,10,1,0,22,0,2,4,,,,0,1,26:17,1,0,1,4-33,4.8,27,130,6.2,10-19,118,248,0-0,4-8,15,,,,,,,,,
401539984,2023,9,regular,Norfolk State,MEAC,home,28,2,2,47,0,4,4,,,,1,0,29:43,2,0,2,4-42,4.1,38,155,7.5,11-25,188,343,0-2,5-14,18,,,,,,,,,
401539984,2023,9,regular,Morgan State,MEAC,away,32,2,0,168,0,5,6,60,1,2,0,2,30:17,0,0,0,4-35,3.6,41,147,7.0,12-22,155,302,3-5,3-12,19,3,0,1,,,,,,
401539998,2023,9,regular,South Carolina State,MEAC,away,28,2,2,15,0,3,4,8,0,1,1,0,27:23,0,2,2,4-53,6.6,36,237,4.1,7-20,81,318,1-2,2-12,12,17,0,1,,,,,,
401539998,2023,9,regular,North Carolina Central,MEAC,home,62,2,5,63,0,4,8,,,,2,0,32:37,1,1,2,4-43,3.6,36,130,13.0,18-27,352,482,0-0,8-13,21,64,0,4,,,,,,
401540303,2023,9,regular,Indiana State,MVFC,away,33,2,2,65,0,3,7,27,0,1,0,,26:56,2,0,2,5-54,4.5,32,143,7.2,19-34,245,388,0-1,6-14,19,3,0,1,,,,,,
401540303,2023,9,regular,North Dakota,MVFC,home,36,1,4,86,0,3,6,21,0,2,0,1,33:04,1,0,1,5-45,5.5,32,177,7.6,25-36,273,450,0-1,7-14,23,,,,,,,,,
401540443,2023,9,regular,South Dakota State,MVFC,away,37,4,0,14,0,1,13,0,0,2,0,,35:59,1,0,1,6-35,6.3,42,266,9.9,13-21,207,473,0-0,7-10,25,4,0,2,,,,,,
401540443,2023,9,regular,South Dakota,MVFC,home,3,0,0,14,0,1,3,0,0,1,0,1,24:01,2,0,2,4-28,2.4,21,50,4.3,17-31,133,183,1-1,4-11,13,4,0,1,,,,,,
401531407,2023,9,regular,Charlotte,American Athletic,home,16,0,1,21,0,1,10,0,0,1,0,,38:29,0,0,0,12-106,3.4,48,161,4.7,21-35,164,325,6-8,4-19,22,8,0,1,0,0,0,0,0,3
401531407,2023,9,regular,Florida Atlantic,American Athletic,away,38,2,3,29,0,2,8,,,,0,,21:31,1,0,1,5-35,5.0,26,131,8.1,19-27,218,349,1-1,3-8,21,40,0,3,6,0,13,5,1,1
401531430,2023,9,regular,Memphis,American Athletic,away,45,5,1,,,,9,,,,1,0,34:13,0,0,0,4-30,6.6,41,270,11.8,22-28,330,600,0-2,5-11,24,,,,8,0,42,3,5,6
401531430,2023,9,regular,North Texas,American Athletic,home,42,0,5,104,0,6,10,,,,0,1,25:47,0,1,1,7-55,7.5,24,180,8.2,32-50,411,591,0-1,7-14,28,-2,0,1,6,0,40,1,2,1
401531373,2023,9,regular,Tulane,American Athletic,away,30,1,2,18,0,1,12,11,0,1,0,,36:05,1,0,1,5-45,4.9,40,194,8.8,22-30,263,457,2-3,5-13,24,,,,4,0,29,1,3,5
401531373,2023,9,regular,Rice,American Athletic,home,28,2,2,30,0,2,4,72,0,1,0,,23:55,1,0,1,4-40,4.3,19,82,6.5,18-29,189,271,0-0,4-9,15,5,0,1,2,0,40,2,1,3
401531398,2023,9,regular,East Carolina,American Athletic,away,27,0,2,2,0,1,9,36,1,1,0,,33:09,1,0,1,5-68,4.0,35,141,5.2,23-43,225,366,0-1,8-19,21,,,,7,1,33,4,7,3
401531398,2023,9,regular,UTSA,American Athletic,home,41,1,4,38,0,3,11,0,0,1,0,,26:51,1,0,1,6-80,3.8,32,120,11.6,20-34,395,515,0-0,9-16,18,6,0,2,6,0,43,5,13,5
401540359,2023,9,regular,Houston Christian,Southland,home,17,0,2,23,0,1,5,7,0,2,0,1,28:04,1,0,1,5-31,2.2,28,62,7.7,22-33,254,316,1-1,4-13,18,12,0,1,,,,,,
401540359,2023,9,regular,East Texas A&M,Southland,away,13,1,0,68,0,4,1,86,1,1,0,,31:56,2,0,2,7-75,4.2,31,129,4.6,21-40,183,312,0-0,8-16,19,1,0,2,,,,,,
401540594,2023,9,regular,Furman,Southern,home,16,0,1,13,0,1,10,19,0,3,0,,30:50,0,0,0,6-55,2.7,31,85,6.1,21-35,215,300,1-1,5-16,16,6,0,2,,,,,,
401540594,2023,9,regular,East Tennessee State,Southern,away,8,0,0,2,0,1,0,,,,0,,29:10,3,0,3,3-20,3.8,31,119,4.6,11-24,111,230,1-2,3-15,12,32,0,2,,,,,,
401540613,2023,9,regular,Western Carolina,Southern,home,38,0,5,176,0,8,8,0,0,1,2,4,26:25,3,3,6,12-81,4.5,19,86,7.5,32-52,388,474,2-3,7-12,24,0,0,1,,,,,,
401540613,2023,9,regular,Mercer,Southern,away,45,3,1,112,0,4,9,0,0,3,3,2,33:35,1,2,3,7-60,4.4,48,210,7.6,18-28,212,422,1-1,5-13,26,0,0,1,,,,,,
401540588,2023,9,regular,Chattanooga,Southern,away,24,2,1,,,,6,15,0,2,0,1,23:38,0,1,1,8-66,4.9,35,172,10.8,9-17,184,356,0-0,3-10,16,,,,,,,,,
401540588,2023,9,regular,VMI,Southern,home,23,3,0,33,0,2,5,,,,1,0,36:22,2,0,2,7-49,5.4,39,210,6.2,24-37,230,440,0-0,10-18,26,8,0,1,,,,,,
401540620,2023,9,regular,The Citadel,Southern,away,7,0,1,63,0,3,1,,,,0,2,34:46,0,2,2,4-30,4.3,43,186,5.5,11-22,122,308,2-6,4-15,16,0,0,3,,,,,,
401540620,2023,9,regular,Samford,Southern,home,37,2,3,23,0,1,7,,,,2,0,25:14,0,0,0,5-50,4.6,33,151,9.8,26-36,353,504,0-0,5-11,25,23,0,2,,,,,,
401520355,2023,9,regular,Purdue,Big Ten,away,14,0,1,39,0,2,0,,,,4,2,26:59,2,1,3,9-99,3.3,29,96,3.0,17-33,99,195,0-3,5-16,10,-1,0,1,9,0,36,3,2,2
401520355,2023,9,regular,Nebraska,Big Ten,home,31,1,2,19,0,1,7,13,0,2,1,5,33:01,0,4,4,6-49,3.2,48,155,11.1,6-11,122,277,0-1,7-14,14,0,0,2,8,0,31,1,3,1
401540609,2023,9,regular,Lincoln (CA),,away,12,0,2,37,0,2,,,,,2,1,34:00,2,1,3,12-99,2.5,35,89,7.7,14-29,222,311,4-6,2-15,14,6,0,1,,,,,,
401540609,2023,9,regular,Kennesaw State,FCS Independents,home,28,4,0,62,0,3,4,44,0,2,1,2,26:00,0,1,1,8-74,5.5,47,257,0.0,0-6,0,257,0-1,3-9,16,42,0,3,,,,,,
401525440,2023,9,regular,Pittsburgh,ACC,away,7,0,1,47,0,3,1,22,0,2,0,1,24:29,4,1,5,5-45,2.8,19,53,6.3,16-32,202,255,0-0,1-11,11,-6,0,1,5,0,38,1,3,0
401525440,2023,9,regular,Notre Dame,FBS Independents,home,58,4,1,37,0,1,10,74,1,4,1,0,35:31,2,0,2,6-75,4.7,33,155,11.9,24-32,380,535,1-2,4-8,25,102,1,2,6,2,29,2,4,2
401540255,2023,9,regular,Idaho State,Big Sky,away,16,0,2,62,0,4,4,31,0,1,2,1,24:55,4,0,4,4-47,2.2,19,42,5.2,30-56,292,334,2-5,5-17,16,0,0,1,,,,,,
401540255,2023,9,regular,Sacramento State,Big Sky,home,51,3,4,38,0,2,9,23,0,4,0,3,35:05,1,2,3,8-69,5.6,49,273,9.8,21-32,314,587,1-2,9-16,26,23,0,1,,,,,,
401531342,2023,9,regular,SMU,American Athletic,home,69,5,3,53,0,2,15,25,1,2,0,,29:47,0,0,0,3-19,4.9,39,192,15.4,22-29,446,638,1-1,4-10,26,23,0,3,8,1,41,5,2,3
401531342,2023,9,regular,Tulsa,American Athletic,away,10,0,1,57,0,3,4,,,,0,,30:13,2,0,2,3-35,2.6,47,123,5.0,14-25,124,247,0-2,5-17,14,,,,4,0,34,2,3,0
401525536,2023,9,regular,Wake Forest,ACC,home,16,2,0,60,0,3,4,,,,0,,29:24,0,0,0,5-44,2.6,49,128,5.1,6-16,82,210,0-1,3-14,15,12,0,2,4,0,39,1,5,4
401525536,2023,9,regular,Florida State,ACC,away,41,2,3,68,0,2,11,,,,0,1,30:36,0,0,0,9-115,4.2,30,126,10.6,23-36,382,508,0-0,7-14,20,24,0,3,10,0,39,6,0,6
401525537,2023,9,regular,North Carolina,ACC,away,42,4,2,73,0,2,6,0,0,1,0,1,32:04,0,1,1,8-65,5.7,47,267,12.4,17-25,310,577,0-0,9-15,25,,,,2,0,48,0,0,0
401525537,2023,9,regular,Georgia Tech,ACC,home,46,2,4,,,,8,,,,1,0,27:56,1,0,1,3-19,7.3,48,348,9.6,23-30,287,635,1-3,8-13,29,,,,3,0,40,2,2,2
401525535,2023,9,regular,Duke,ACC,away,0,0,0,21,0,1,,,,,0,1,23:09,1,0,1,10-82,2.4,21,51,5.4,12-28,151,202,0-2,2-12,9,6,0,1,3,0,40,2,1,2
401525535,2023,9,regular,Louisville,ACC,home,23,2,0,,,,11,4,0,1,0,1,36:51,0,0,0,4-45,4.9,48,234,7.3,11-16,117,351,1-1,2-10,20,4,0,2,6,0,18,4,2,5
401525534,2023,9,regular,Clemson,ACC,away,17,2,0,,,,5,,,,0,1,33:41,2,0,2,4-45,3.4,30,101,5.2,33-51,263,364,1-2,7-18,20,1,0,1,8,0,27,3,3,3
401525534,2023,9,regular,NC State,ACC,home,24,0,2,,,,6,15,1,2,0,,26:19,0,0,0,2-6,2.5,26,64,6.9,11-20,138,202,0-0,3-13,9,3,0,1,9,1,33,2,7,5
401525533,2023,9,regular,Virginia Tech,ACC,home,38,1,2,23,0,1,18,,,,0,,41:42,0,0,0,5-60,6.0,53,318,8.1,16-26,210,528,0-0,8-16,28,83,0,4,12,0,25,8,2,2
401525533,2023,9,regular,Syracuse,ACC,away,10,0,1,24,0,1,4,,,,0,1,18:18,0,0,0,7-42,0.0,25,0,7.6,12-18,137,137,0-0,0-9,9,21,0,1,4,0,41,2,3,2
401525538,2023,9,regular,Miami,ACC,home,29,2,0,112,0,6,11,29,1,1,0,2,25:24,2,0,2,2-20,4.3,26,113,5.4,20-30,163,276,0-0,5-13,16,,,,10,1,41,6,3,2
401525538,2023,9,regular,Virginia,ACC,away,26,2,0,,,,14,14,0,2,0,,34:36,1,0,1,0-0,3.1,45,138,6.3,24-38,239,377,1-1,8-19,24,1,0,1,3,0,29,0,0,6
401532605,2023,9,regular,Hawai'i,Mountain West,home,0,0,0,1,0,1,,,,,1,1,24:49,2,1,3,5-40,2.6,20,52,3.9,20-37,146,198,2-3,5-15,14,,,,7,0,39,2,0,2
401532605,2023,9,regular,San José State,Mountain West,away,35,3,2,,,,5,51,0,2,1,2,35:11,0,1,1,5-41,4.8,45,217,9.7,16-26,251,468,1-2,10-16,21,,,,7,0,29,4,5,4
401532603,2023,9,regular,Air Force,Mountain West,away,30,3,1,,,,6,,,,1,0,35:58,0,0,0,2-15,4.6,57,261,4.6,4-7,32,293,1-1,8-15,18,,,,2,0,27,2,4,5
401532603,2023,9,regular,Colorado State,Mountain West,home,13,0,1,23,0,2,7,,,,0,1,24:02,0,1,1,5-54,2.2,19,42,6.6,28-45,297,339,0-3,5-13,17,3,0,1,5,0,18,1,1,2
401532607,2023,9,regular,Wyoming,Mountain West,away,7,0,1,33,0,2,1,,,,2,0,21:29,1,0,1,5-37,1.1,24,27,4.0,10-21,85,112,0-0,1-11,8,,,,5,0,46,0,0,1
401532607,2023,9,regular,Boise State,Mountain West,home,32,2,2,25,0,1,6,0,0,1,0,2,38:31,0,2,2,3-25,4.5,50,227,10.3,15-21,216,443,1-1,8-14,24,15,0,2,7,0,30,2,4,2
401532604,2023,9,regular,Nevada,Mountain West,home,34,2,0,38,0,3,14,108,1,3,0,2,35:27,0,0,0,12-111,3.8,48,180,6.9,10-19,131,311,0-0,4-13,20,37,0,1,4,1,30,0,2,3
401532604,2023,9,regular,New Mexico,Mountain West,away,24,2,1,85,0,4,4,,,,0,1,24:33,3,0,3,7-60,3.6,23,83,7.9,21-40,317,400,2-3,3-12,22,0,0,1,10,0,39,1,2,0
401532606,2023,9,regular,UNLV,Mountain West,away,24,1,2,46,0,2,6,0,0,2,0,2,31:14,2,2,4,6-57,3.6,43,156,7.7,21-35,268,424,2-3,9-18,21,1,0,1,3,0,39,1,2,3
401532606,2023,9,regular,Fresno State,Mountain West,home,31,0,4,81,0,5,7,4,0,2,2,0,28:46,2,0,2,4-35,2.8,20,56,6.2,27-41,256,312,1-1,6-14,15,21,0,3,4,0,42,1,1,3
401540295,2023,9,regular,Pennsylvania,Ivy,home,26,1,2,,,,6,,,,0,1,27:50,3,0,3,2-20,4.6,19,88,5.9,32-55,322,410,1-1,6-14,26,,,,,,,,,
401540295,2023,9,regular,Brown,Ivy,away,30,0,3,53,0,2,12,0,0,3,0,,32:10,0,0,0,4-30,2.8,40,110,6.8,26-37,250,360,3-4,5-16,23,75,0,3,,,,,,
401540317,2023,9,regular,Richmond,Coastal Athletic,home,44,3,2,37,0,1,8,85,1,2,1,0,28:10,0,0,0,8-85,3.4,34,115,10.2,18-26,265,380,2-2,4-10,20,,,,,,,,,
401540317,2023,9,regular,Campbell,Coastal Athletic,away,13,0,1,144,0,6,7,,,,0,3,31:50,2,1,3,7-49,3.2,34,110,4.8,22-39,186,296,1-2,3-12,23,,,,,,,,,
401541634,2023,9,regular,Yale,Ivy,home,35,4,1,0,0,1,5,,,,0,,37:44,1,0,1,2-20,5.0,45,225,7.3,26-32,234,459,2-2,9-15,27,21,0,2,,,,,,
401541634,2023,9,regular,Columbia,Ivy,away,7,0,1,81,0,4,1,0,0,1,0,,22:16,0,0,0,5-11,2.8,26,74,3.8,16-32,120,194,0-2,6-15,13,9,0,1,,,,,,
401540330,2023,9,regular,Princeton,Ivy,away,14,0,2,0,0,1,2,0,0,1,1,0,24:36,0,0,0,6-57,1.0,23,24,9.3,20-32,299,323,0-0,3-11,15,14,0,1,,,,,,
401540330,2023,9,regular,Cornell,Ivy,home,3,0,0,,,,3,,,,0,1,35:24,1,1,2,7-72,3.4,34,116,5.6,26-42,234,350,1-2,7-17,22,11,0,1,,,,,,
401540403,2023,9,regular,Presbyterian,Pioneer,away,28,1,2,80,0,4,8,,,,0,1,28:30,0,1,1,10-91,7.3,30,220,7.1,18-28,199,419,3-4,4-13,17,7,0,3,,,,,,
401540403,2023,9,regular,Davidson,Pioneer,home,45,3,3,15,0,1,9,,,,1,0,31:30,0,0,0,8-80,4.8,62,296,8.6,7-8,69,365,2-2,9-16,24,,,,,,,,,
401540517,2023,9,regular,Stetson,Pioneer,away,7,1,0,45,0,2,1,0,0,1,1,2,20:33,0,2,2,3-30,2.5,33,83,6.7,11-27,182,265,2-5,3-13,14,,,,,,,,,
401540517,2023,9,regular,Drake,Pioneer,home,33,2,0,,,,8,,,,2,1,27:04,3,1,4,4-50,5.6,43,240,4.4,8-22,97,337,1-2,4-10,18,17,0,1,,,,,,
401540241,2023,9,regular,Portland State,Big Sky,home,47,6,1,73,0,3,5,0,0,2,1,0,31:20,1,0,1,4-50,7.8,52,403,10.8,10-13,141,544,1-2,6-10,24,,,,,,,,,
401540241,2023,9,regular,Eastern Washington,Big Sky,away,35,2,2,127,0,4,11,18,0,1,0,2,28:40,2,1,3,0-0,5.6,39,217,6.7,28-44,296,513,1-2,9-17,28,,,,,,,,,
401540486,2023,9,regular,UT Martin,Big South-OVC,away,34,1,3,131,0,5,10,,,,0,1,26:21,1,1,2,8-69,4.5,26,118,6.1,20-37,226,344,0-0,8-15,17,,,,,,,,,
401540486,2023,9,regular,Gardner-Webb,Big South-OVC,home,38,2,2,42,0,2,8,0,0,1,1,0,33:39,0,0,0,8-60,2.6,48,125,6.2,16-35,216,341,5-5,4-21,21,9,0,1,,,,,,
401540419,2023,9,regular,North Carolina A&T,Coastal Athletic,away,24,0,2,39,0,2,6,0,1,1,0,2,23:54,1,1,2,4-40,3.8,28,107,14.1,10-15,211,318,0-0,5-10,12,0,0,1,,,,,,
401540419,2023,9,regular,Hampton,Coastal Athletic,home,26,0,2,116,0,2,8,0,0,1,1,0,36:06,1,0,1,7-60,5.2,51,267,10.4,11-19,198,465,0-2,6-12,23,,,,,,,,,
401540496,2023,9,regular,Tennessee State,Big South-OVC,home,43,3,1,52,0,3,13,34,1,2,1,1,32:30,0,1,1,8-70,4.2,40,168,11.9,15-25,298,466,1-1,6-14,20,-5,0,2,,,,,,
401540496,2023,9,regular,Lindenwood,Big South-OVC,away,20,0,3,84,0,4,2,,,,1,2,27:30,2,0,2,3-32,2.1,32,66,8.2,11-27,221,287,0-0,5-14,17,10,0,1,,,,,,
401540492,2023,9,regular,UAlbany,Coastal Athletic,away,37,2,2,61,0,3,7,0,0,2,1,0,29:07,0,0,0,7-53,4.7,32,149,10.8,18-30,324,473,1-3,6-12,21,8,0,1,,,,,,
401540492,2023,9,regular,Maine,Coastal Athletic,home,21,0,3,115,0,4,3,,,,0,1,30:53,2,1,3,3-17,3.8,24,92,5.1,29-43,220,312,3-3,7-14,21,8,0,1,,,,,,
401540526,2023,9,regular,St. Thomas (MN),Pioneer,home,49,5,2,33,0,3,8,61,0,2,0,1,21:32,2,0,2,4-17,8.1,31,252,6.7,11-19,127,379,0-0,4-7,19,40,0,4,,,,,,
401540526,2023,9,regular,Marist,Pioneer,away,14,2,0,85,0,7,2,4,0,2,0,1,38:28,2,0,2,7-61,1.8,29,52,5.7,29-51,290,342,4-6,6-17,20,2,0,1,,,,,,
401540504,2023,9,regular,William & Mary,Coastal Athletic,home,31,2,2,32,0,2,7,0,0,1,0,,34:48,0,0,0,8-82,4.4,35,155,8.6,24-33,283,438,1-1,7-13,21,,,,,,,,,
401540504,2023,9,regular,Monmouth,Coastal Athletic,away,28,3,1,44,0,3,4,,,,0,,25:12,1,0,1,4-32,9.2,33,303,5.5,12-22,122,425,0-0,5-11,19,9,0,1,,,,,,
401540262,2023,9,regular,Northern Colorado,Big Sky,away,0,0,0,57,0,2,,0,0,1,0,,24:44,2,0,2,1-10,0.6,31,18,3.3,7-23,76,94,0-2,1-15,7,,,,,,,,,
401540262,2023,9,regular,Montana,Big Sky,home,40,2,2,,,,4,82,2,2,0,,35:16,1,0,1,9-90,5.6,51,285,5.9,16-29,170,455,1-2,7-15,25,38,0,4,,,,,,
401540550,2023,9,regular,San Diego,Pioneer,home,17,2,0,40,0,2,5,38,0,1,0,1,38:42,2,1,3,13-99,2.9,45,131,10.5,11-19,199,330,1-1,8-15,15,,,,,,,,,
401540550,2023,9,regular,Morehead State,Pioneer,away,11,1,0,65,0,3,3,-2,0,2,2,1,21:18,1,0,1,5-28,1.9,16,30,4.4,22-47,208,238,1-2,3-14,16,0,0,1,,,,,,
401540532,2023,9,regular,Rhode Island,Coastal Athletic,home,34,4,1,61,0,3,4,,,,0,,23:10,0,0,0,3-48,5.8,29,168,9.0,21-31,280,448,1-2,4-10,23,0,0,1,,,,,,
401540532,2023,9,regular,New Hampshire,Coastal Athletic,away,28,1,2,52,0,3,8,,,,0,,36:50,0,0,0,6-65,3.6,24,86,7.6,41-60,456,542,2-4,6-15,30,3,0,2,,,,,,
401540501,2023,9,regular,Southeast Missouri State,Big South-OVC,away,35,2,1,79,0,5,9,7,0,1,0,,29:49,0,0,0,8-89,5.0,42,210,6.0,12-23,139,349,0-2,3-14,19,75,1,3,,,,,,
401540501,2023,9,regular,Nicholls,Southland,home,31,2,2,36,0,3,7,,,,0,,29:26,2,0,2,8-60,2.3,27,61,6.4,26-54,345,406,0-1,7-19,23,8,0,3,,,,,,
401540497,2023,9,regular,Tennessee Tech,Big South-OVC,away,38,1,1,3,0,1,8,54,1,3,3,1,29:24,1,1,2,7-75,3.4,36,124,6.0,10-22,131,255,1-1,5-16,12,2,0,2,,,,,,
401540497,2023,9,regular,Robert Morris,Big South,home,13,0,2,31,0,1,1,0,0,1,1,3,30:36,3,3,6,8-75,2.3,28,65,4.4,26-40,176,241,1-2,5-15,14,3,0,3,,,,,,
401540576,2023,9,regular,Villanova,Coastal Athletic,home,48,3,4,25,0,1,6,13,0,1,0,1,24:48,0,1,1,3-24,6.1,26,158,17.3,17-23,398,556,0-1,5-9,18,2,0,3,,,,,,
401540576,2023,9,regular,Stony Brook,Coastal Athletic,away,13,0,2,43,0,3,1,,,,1,1,35:12,1,0,1,7-38,3.2,30,96,5.4,22-37,198,294,0-0,7-16,18,,,,,,,,,
401540343,2023,10,regular,Columbia,Ivy,home,24,1,2,27,0,1,6,,,,1,,31:12,2,0,2,0-0,3.4,34,115,5.4,24-40,215,330,5-6,5-17,22,4,0,1,,,,,,
401540343,2023,10,regular,Harvard,Ivy,away,38,3,1,52,0,3,8,-2,0,2,1,2,28:48,0,1,1,2-20,3.9,35,137,14.7,13-18,264,401,0-0,5-10,16,32,0,2,,,,,,
401540248,2023,10,regular,Northern Colorado,Big Sky,home,13,0,1,37,0,2,7,18,0,1,0,1,27:58,1,0,1,3-25,3.6,36,131,2.5,14-22,55,186,1-1,6-14,16,,,,,,,,,
401540248,2023,10,regular,Idaho,Big Sky,away,27,1,1,,,,9,70,1,1,0,2,32:02,1,0,1,8-70,3.8,35,133,7.7,18-25,193,326,1-1,3-9,20,7,0,2,,,,,,
401520364,2023,10,regular,Missouri,SEC,away,21,1,1,18,0,2,7,,,,0,,25:42,2,0,2,8-49,4.4,34,151,7.1,14-30,212,363,1-1,5-13,21,,,,5,0,46,3,0,5
401520364,2023,10,regular,Georgia,SEC,home,30,1,2,105,0,5,12,44,0,2,0,1,34:18,0,0,0,5-55,4.0,33,131,7.9,21-32,254,385,1-1,6-13,21,6,0,1,4,0,38,3,0,4
401520363,2023,10,regular,Arkansas,SEC,away,39,1,2,69,0,3,15,,,,1,3,29:46,1,1,2,6-45,4.8,47,226,8.2,20-31,255,481,0-0,8-18,23,17,0,2,6,0,39,3,4,6
401520363,2023,10,regular,Florida,SEC,home,36,1,3,83,0,3,12,-1,0,1,1,1,30:14,0,1,1,7-55,4.0,28,112,6.7,26-42,282,394,0-0,8-17,20,56,0,2,6,0,41,5,3,2
401520377,2023,10,regular,UConn,FBS Independents,away,3,0,0,59,0,3,3,,,,0,2,38:24,2,1,3,6-28,1.3,28,35,5.3,25-42,221,256,0-2,5-17,17,3,0,1,3,0,41,1,1,3
401520377,2023,10,regular,Tennessee,SEC,home,59,2,3,38,0,2,11,69,2,2,1,0,21:36,0,0,0,11-90,8.1,34,275,12.1,21-31,375,650,1-1,8-12,26,25,0,2,13,2,37,1,2,3
401520376,2023,10,regular,Jacksonville State,Conference USA,away,28,1,3,,,,4,-1,0,1,0,2,27:07,2,2,4,7-57,3.9,57,225,7.3,13-27,196,421,0-1,10-19,23,,,,10,0,53,3,2,6
401520376,2023,10,regular,South Carolina,SEC,home,38,2,2,27,0,1,8,88,1,2,2,0,32:53,1,0,1,10-100,2.3,38,89,10.2,27-39,399,488,0-2,4-14,20,15,0,3,6,1,52,1,6,4
401520371,2023,10,regular,Mississippi State,SEC,home,3,0,0,54,0,3,3,,,,0,,29:22,1,0,1,9-68,2.4,31,73,4.1,17-35,145,218,1-3,6-17,15,,,,7,0,17,1,3,4
401520371,2023,10,regular,Kentucky,SEC,away,24,0,2,,,,6,28,1,1,0,,30:38,0,0,0,6-45,3.8,29,110,6.4,15-25,161,271,0-1,4-12,13,,,,8,1,30,5,2,2
401520379,2023,10,regular,Auburn,SEC,away,31,2,2,60,0,2,7,33,0,1,0,,26:39,1,0,1,5-60,6.2,37,230,7.2,17-27,194,424,1-1,4-15,14,14,0,3,9,0,37,5,2,7
401520379,2023,10,regular,Vanderbilt,SEC,home,15,0,1,36,0,2,1,5,1,1,0,3,33:21,1,0,1,4-36,3.3,30,100,5.2,17-32,166,266,1-3,2-14,12,33,0,4,7,1,35,2,1,3
401520400,2023,10,regular,Merrimack,NEC,away,21,1,1,188,0,5,3,,,,0,,29:23,0,0,0,10-77,2.9,33,95,4.9,11-27,131,226,1-2,4-13,16,8,0,1,7,1,25,0,3,3
401520400,2023,10,regular,Massachusetts,FBS Independents,home,31,3,1,16,0,2,7,,,,0,1,30:51,0,0,0,9-95,6.9,37,255,5.2,9-20,104,359,0-0,5-12,18,53,0,6,6,0,29,2,5,2
401525883,2023,10,regular,Oklahoma,Big 12,away,24,2,1,30,0,2,6,39,0,1,0,4,22:46,1,2,3,8-55,5.5,27,148,9.3,26-37,344,492,0-2,5-12,21,-5,0,1,3,0,40,0,2,3
401525883,2023,10,regular,Oklahoma State,Big 12,home,27,3,0,18,0,1,9,26,0,1,2,0,37:14,1,0,1,4-29,3.8,38,146,7.8,28-43,334,480,1-4,5-15,27,14,0,1,5,0,40,2,2,2
401525884,2023,10,regular,Texas,Big 12,home,33,2,1,17,0,2,15,0,0,1,1,2,32:07,2,1,3,10-67,6.2,37,230,6.7,19-37,248,478,2-3,2-15,18,52,0,2,7,0,34,3,8,5
401525884,2023,10,regular,Kansas State,Big 12,away,30,0,4,,,,6,37,0,2,1,2,27:53,1,1,2,7-50,1.5,28,43,7.4,26-44,327,370,1-2,2-13,20,15,0,2,3,0,39,0,1,6
401525880,2023,10,regular,Houston,Big 12,away,25,1,2,37,0,2,5,3,0,1,0,2,26:39,2,0,2,6-50,4.1,32,130,8.7,21-27,236,366,0-0,3-10,21,,,,5,0,48,4,0,2
401525880,2023,10,regular,Baylor,Big 12,home,24,1,2,29,0,1,6,6,0,2,0,,33:21,1,0,1,7-50,4.3,35,150,7.1,29-37,263,413,1-2,6-13,22,,,,5,0,42,1,2,0
401525882,2023,10,regular,Kansas,Big 12,away,28,2,1,29,0,2,4,50,1,1,0,,30:27,0,0,0,8-80,2.1,35,74,12.5,14-23,287,361,1-1,6-13,16,13,0,1,7,1,31,2,1,2
401525882,2023,10,regular,Iowa State,Big 12,home,21,2,0,52,0,1,7,,,,0,,29:33,1,0,1,7-65,2.6,29,75,9.6,21-27,258,333,0-1,6-12,16,,,,3,0,28,0,1,2
401525879,2023,10,regular,TCU,Big 12,away,28,3,1,31,0,2,4,,,,0,,25:35,2,0,2,5-41,3.3,26,87,6.8,32-52,353,440,2-2,10-18,26,,,,8,0,50,2,2,2
401525879,2023,10,regular,Texas Tech,Big 12,home,35,2,2,,,,9,23,0,2,0,,34:25,0,0,0,8-72,3.5,42,146,7.8,28-36,282,428,2-3,7-18,22,29,0,1,1,0,43,0,4,1
401525885,2023,10,regular,BYU,Big 12,away,7,1,0,104,0,5,1,,,,0,1,24:33,0,1,1,10-98,3.2,21,67,5.0,24-42,210,277,0-3,3-11,20,,,,4,0,40,0,1,2
401525885,2023,10,regular,West Virginia,Big 12,home,37,2,2,,,,13,,,,1,0,35:27,0,0,0,10-71,7.0,48,336,8.3,16-28,231,567,2-4,3-10,30,,,,8,0,36,3,4,8
401540210,2023,10,regular,Lincoln (CA),,away,6,1,0,10,0,1,,0,0,2,1,1,32:07,2,0,2,8-80,2.6,40,104,3.9,18-38,149,253,1-4,4-18,21,11,0,1,,,,,,
401540210,2023,10,regular,Southern Utah,UAC,home,35,2,3,31,0,2,5,3,0,2,1,2,27:53,2,1,3,10-119,6.8,28,189,9.3,18-31,288,477,0-1,5-10,24,29,0,2,,,,,,
401540224,2023,10,regular,Abilene Christian,UAC,home,24,1,2,16,0,1,6,0,0,1,0,,31:54,0,0,0,4-40,3.6,37,135,5.2,19-32,167,302,0-0,8-14,19,,,,,,,,,
401540224,2023,10,regular,Utah Tech,UAC,away,7,0,1,16,0,1,1,,,,1,1,28:06,1,0,1,2-20,3.8,22,83,5.5,25-42,230,313,0-3,4-13,20,-3,0,1,,,,,,
401540367,2023,10,regular,North Dakota,MVFC,away,45,1,5,41,0,2,9,,,,0,1,32:18,0,0,0,5-74,6.2,37,228,12.1,18-23,279,507,0-0,9-11,26,,,,,,,,,
401540367,2023,10,regular,Murray State,MVFC,home,31,1,3,5,0,1,7,,,,0,1,27:42,0,0,0,2-15,5.2,29,151,6.3,19-36,228,379,2-3,3-11,25,,,,,,,,,
401540180,2023,10,regular,Eastern Kentucky,UAC,home,30,1,3,27,0,1,6,,,,0,,34:25,0,0,0,4-40,1.9,31,60,7.6,34-52,396,456,1-1,9-19,24,0,0,1,,,,,,
401540180,2023,10,regular,Austin Peay,UAC,away,33,0,4,65,0,2,9,,,,0,1,25:35,0,0,0,6-65,3.8,36,138,11.1,18-28,310,448,0-0,6-15,16,0,0,1,,,,,,
401540190,2023,10,regular,North Alabama,UAC,home,14,0,2,91,0,5,,,,,1,0,24:58,2,0,2,5-55,2.3,27,63,5.9,21-36,212,275,1-4,1-12,15,1,0,2,,,,,,
401540190,2023,10,regular,Central Arkansas,UAC,away,27,2,1,,,,9,0,0,2,1,2,35:02,0,1,1,6-55,4.1,37,152,7.3,22-34,248,400,1-2,4-16,21,-2,0,3,,,,,,
401540217,2023,10,regular,Stephen F. Austin,UAC,away,17,2,0,43,0,5,5,,,,0,5,34:22,0,5,5,9-92,5.0,42,208,4.1,28-50,203,411,5-6,4-18,28,0,0,1,,,,,,
401540217,2023,10,regular,Tarleton State,UAC,home,59,4,4,17,0,1,11,,,,5,0,25:38,0,0,0,9-102,4.6,41,188,20.5,15-19,389,577,0-0,4-9,25,,,,,,,,,
401520362,2023,10,regular,Alabama,SEC,home,42,6,0,88,0,4,6,10,0,1,0,,33:33,0,0,0,6-50,6.3,46,288,9.5,15-23,219,507,0-0,11-14,28,,,,1,0,29,1,2,6
401520362,2023,10,regular,LSU,SEC,away,28,2,2,13,0,1,4,,,,0,,26:27,1,0,1,8-60,8.6,24,206,8.0,20-34,272,478,0-2,4-9,21,,,,3,0,39,2,2,3
401532436,2023,10,regular,Akron,Mid-American,home,31,2,2,92,0,5,7,,,,0,,29:52,0,0,0,3-35,3.3,29,95,7.6,23-39,298,393,1-2,6-14,22,20,0,3,7,0,33,2,0,5
401532436,2023,10,regular,Kent State,Mid-American,away,27,1,3,66,0,4,3,,,,0,,30:08,0,0,0,6-59,3.3,36,117,10.0,15-23,229,346,2-3,5-14,16,-2,0,1,3,0,41,2,2,3
401532434,2023,10,regular,Buffalo,Mid-American,away,13,1,1,72,0,6,1,46,0,1,3,1,34:44,2,0,2,2-28,3.9,44,173,3.7,14-41,151,324,1-6,7-19,17,,,,5,0,33,0,1,3
401532434,2023,10,regular,Toledo,Mid-American,home,31,2,1,118,1,3,7,33,0,2,0,3,25:16,1,3,4,6-52,5.3,34,179,9.3,12-19,176,355,1-2,3-10,12,2,0,2,5,1,31,1,4,12
401540427,2023,10,regular,Gardner-Webb,Big South-OVC,away,45,3,3,153,0,6,9,12,0,1,0,3,33:13,1,2,3,4-41,4.4,61,270,4.2,21-40,169,439,7-8,9-22,27,5,0,1,,,,,,
401540427,2023,10,regular,Bryant,Big South-OVC,home,44,1,4,61,0,4,8,25,1,1,2,0,26:47,1,0,1,9-69,3.8,18,68,6.6,26-51,338,406,0-0,10-17,20,0,0,1,,,,,,
401540112,2023,10,regular,Florida A&M,SWAC,away,42,3,1,36,0,5,10,0,0,1,1,1,31:21,1,0,1,12-106,2.9,36,103,9.1,14-27,245,348,1-1,4-13,17,31,0,2,,,,,,
401540112,2023,10,regular,Alabama A&M,SWAC,home,28,2,2,42,0,3,4,0,0,1,0,3,28:39,1,1,2,6-46,1.6,36,58,7.2,20-39,281,339,1-5,3-13,23,0,0,2,,,,,,
401520378,2023,10,regular,UTEP,Conference USA,home,13,0,1,,,,7,10,0,1,0,,33:10,1,0,1,6-35,3.9,40,154,8.9,14-24,214,368,2-4,3-13,19,7,0,1,3,0,21,1,3,4
401520378,2023,10,regular,Western Kentucky,Conference USA,away,21,2,1,,,,3,0,0,1,0,,26:50,1,0,1,4-33,5.6,32,178,5.1,11-20,102,280,2-2,4-11,11,,,,8,0,32,3,4,2
401520366,2023,10,regular,Liberty,Conference USA,home,56,4,4,,,,8,,,,0,1,33:12,0,1,1,10-94,6.8,45,305,11.9,16-25,297,602,0-0,7-8,31,,,,6,0,42,2,2,3
401520366,2023,10,regular,Louisiana Tech,Conference USA,away,30,2,2,128,0,6,4,,,,1,0,26:48,0,0,0,7-75,2.8,30,84,9.2,23-33,304,388,0-2,5-11,24,2,0,1,1,0,28,0,3,3
401540121,2023,10,regular,Grambling,SWAC,away,6,0,1,65,0,3,0,22,0,1,0,1,24:39,2,1,3,10-84,3.4,18,62,6.4,21-31,197,259,0-0,2-8,16,23,0,1,,,,,,
401540121,2023,10,regular,Alabama State,SWAC,home,17,0,2,24,0,2,5,51,0,2,1,0,35:21,1,0,1,3-30,4.1,41,167,5.5,13-17,94,261,0-0,7-15,15,58,0,5,,,,,,
401520372,2023,10,regular,New Mexico State,Conference USA,home,13,1,0,,,,7,0,0,1,0,1,35:47,1,0,1,8-60,5.1,36,182,7.1,16-31,220,402,0-0,4-12,21,24,0,1,3,0,36,2,1,2
401520372,2023,10,regular,Middle Tennessee,Conference USA,away,7,0,1,,,,1,27,0,1,0,,24:13,1,0,1,7-42,5.4,31,168,4.9,20-36,178,346,1-2,5-16,17,,,,2,0,38,1,3,4
401540138,2023,10,regular,Prairie View A&M,SWAC,home,38,3,1,7,0,2,8,52,1,1,1,0,33:41,0,0,0,9-80,4.6,41,189,10.5,18-29,305,494,0-2,5-12,22,16,0,3,,,,,,
401540138,2023,10,regular,Arkansas-Pine Bluff,SWAC,away,14,2,0,159,0,7,2,,,,0,1,26:19,1,1,2,3-15,3.9,37,145,0.1,4-12,1,146,0-0,4-12,9,-2,0,1,,,,,,
401540162,2023,10,regular,Texas Southern,SWAC,away,19,1,2,27,0,2,1,,,,0,,24:40,2,0,2,7-76,6.8,34,232,6.3,15-29,182,414,2-3,7-14,19,53,0,3,,,,,,
401540162,2023,10,regular,Jackson State,SWAC,home,21,2,1,-38,0,3,3,3,0,2,0,1,35:20,0,0,0,6-61,3.1,38,118,5.4,25-34,182,300,3-3,7-15,21,3,0,1,,,,,,
401524046,2023,10,regular,Colorado,Pac-12,home,19,0,2,24,0,1,5,,,,2,2,24:02,0,1,1,8-42,-0.4,19,-7,6.3,24-39,245,238,0-0,5-14,15,-1,0,1,6,0,47,3,3,5
401524046,2023,10,regular,Oregon State,Pac-12,away,26,2,1,24,0,1,8,,,,1,2,35:58,0,2,2,4-50,4.2,46,195,8.9,12-25,223,418,0-0,7-14,25,56,0,2,6,0,34,4,7,3
401524050,2023,10,regular,Stanford,Pac-12,away,10,1,0,9,0,1,4,10,0,1,0,,34:25,1,0,1,5-32,2.0,38,75,4.4,16-32,142,217,2-3,6-18,18,8,0,1,6,0,27,3,8,2
401524050,2023,10,regular,Washington State,Pac-12,home,7,0,1,15,0,1,1,0,0,1,0,1,25:35,1,0,1,5-60,0.2,24,4,6.0,24-40,241,245,2-3,5-15,16,-2,0,1,6,0,35,2,8,3
401540146,2023,10,regular,Bethune-Cookman,SWAC,home,20,0,2,13,0,2,8,49,0,2,1,1,22:55,0,1,1,4-50,3.8,30,115,9.3,13-19,177,292,0-0,0-9,15,3,0,1,,,,,,
401540146,2023,10,regular,Mississippi Valley State,SWAC,away,7,1,0,90,0,5,1,,,,1,2,37:05,2,1,3,9-70,2.1,46,98,9.9,17-30,296,394,2-3,5-14,24,,,,,,,,,
401531906,2023,10,regular,Georgia State,Sun Belt,home,14,2,0,29,0,1,2,43,0,1,0,,17:34,0,0,0,2-20,5.0,29,146,4.3,10-19,82,228,1-2,3-12,11,-3,0,1,4,0,55,1,0,1
401531906,2023,10,regular,James Madison,Sun Belt,away,42,2,4,28,0,1,6,,,,0,1,42:26,1,0,1,5-35,5.5,47,260,8.5,28-36,307,567,0-1,9-13,33,32,0,2,10,0,29,2,0,2
401531905,2023,10,regular,App State,Sun Belt,home,31,1,3,,,,7,20,0,3,0,,35:28,0,0,0,4-52,3.9,39,153,8.7,19-26,226,379,2-3,5-12,24,,,,8,0,23,3,6,2
401531905,2023,10,regular,Marshall,Sun Belt,away,9,0,1,83,0,5,3,,,,0,,24:32,3,0,3,7-61,4.5,25,113,5.8,14-25,144,257,0-1,4-11,13,,,,5,0,38,3,2,4
401540130,2023,10,regular,Alcorn State,SWAC,home,44,0,3,6,0,1,14,88,1,3,2,1,37:17,1,1,2,6-57,4.5,39,176,8.8,19-30,263,439,0-0,6-14,25,4,0,2,,,,,,
401540130,2023,10,regular,Southern,SWAC,away,21,1,2,83,0,8,3,18,0,1,1,3,22:43,3,2,5,9-115,2.8,25,69,8.1,12-24,194,263,1-1,2-11,11,,,,,,,,,
401524048,2023,10,regular,Washington,Pac-12,away,52,5,2,112,0,5,10,,,,1,0,34:40,1,0,1,6-52,7.5,42,316,8.5,22-30,256,572,1-1,7-10,27,,,,3,0,41,3,1,1
401524048,2023,10,regular,USC,Pac-12,home,42,3,3,43,0,3,6,0,0,1,0,1,25:20,0,1,1,6-65,7.5,27,203,8.7,27-36,312,515,1-2,4-9,24,10,0,1,3,0,44,1,1,3
401524045,2023,10,regular,Arizona,Pac-12,home,27,0,3,20,0,1,9,,,,0,,35:14,1,0,1,3-25,3.7,35,129,9.1,25-33,300,429,0-0,11-16,23,11,0,2,4,0,34,3,2,5
401524045,2023,10,regular,UCLA,Pac-12,away,10,0,1,,,,4,37,0,1,0,1,24:46,0,0,0,5-44,3.9,29,114,4.8,17-33,157,271,0-2,6-14,17,3,0,1,11,0,33,3,2,2
401524047,2023,10,regular,Oregon,Pac-12,home,63,4,5,78,0,4,9,6,0,1,2,3,36:34,1,1,2,9-99,4.3,36,153,9.7,35-46,444,597,1-1,10-14,32,75,0,3,4,0,19,1,6,7
401524047,2023,10,regular,California,Pac-12,away,19,1,0,55,0,4,7,0,0,1,1,3,23:26,1,2,3,3-23,3.8,29,109,5.2,18-34,177,286,0-1,3-14,16,,,,3,0,43,0,0,1
401524049,2023,10,regular,Utah,Pac-12,home,55,3,4,46,0,2,13,24,0,1,0,1,36:33,0,0,0,6-50,7.2,49,352,5.8,19-28,161,513,1-2,10-16,26,20,0,2,6,0,22,4,0,5
401524049,2023,10,regular,Arizona State,Pac-12,away,3,0,0,130,0,4,3,,,,0,,23:27,1,0,1,6-57,1.5,29,43,1.4,8-29,40,83,1-4,1-16,6,7,0,1,4,0,35,1,0,2
401531910,2023,10,regular,Georgia Southern,Sun Belt,away,24,2,1,161,0,5,6,,,,1,2,25:04,1,1,2,7-58,6.4,28,180,7.2,18-27,195,375,0-2,4-10,21,3,0,1,9,0,36,3,2,1
401531910,2023,10,regular,Texas State,Sun Belt,home,45,3,3,21,0,1,9,3,0,1,1,2,34:56,0,1,1,9-77,4.0,47,186,9.7,25-31,301,487,1-1,9-16,30,,,,5,0,28,3,4,2
401531907,2023,10,regular,Coastal Carolina,Sun Belt,away,28,2,1,53,0,2,8,,,,1,2,34:00,1,1,2,3-35,6.2,45,278,5.8,17-31,180,458,1-2,4-14,28,1,0,2,9,0,23,4,2,1
401531907,2023,10,regular,Old Dominion,Sun Belt,home,24,0,3,,,,6,0,0,1,1,1,26:00,0,1,1,7-86,4.6,38,173,6.1,16-28,172,345,0-1,4-13,20,,,,8,0,21,2,3,5
401531904,2023,10,regular,Troy,Sun Belt,home,28,1,3,,,,4,6,0,1,0,1,34:38,0,1,1,5-45,3.3,39,129,10.0,19-27,271,400,3-4,5-14,21,9,0,2,6,0,16,1,4,1
401531904,2023,10,regular,South Alabama,Sun Belt,away,10,1,0,0,0,1,4,,,,1,2,25:22,1,0,1,4-25,3.6,27,97,5.7,17-27,155,252,1-1,0-10,15,1,0,1,6,0,28,3,2,1
401531908,2023,10,regular,Arkansas State,Sun Belt,home,37,3,0,,,,13,0,0,1,1,1,34:53,0,0,0,7-78,4.5,52,232,6.9,18-28,194,426,1-1,9-16,26,,,,5,0,40,3,3,4
401531908,2023,10,regular,Louisiana,Sun Belt,away,17,1,1,106,0,6,5,,,,0,1,25:07,1,1,2,4-25,2.4,27,64,7.7,22-34,263,327,1-2,3-11,20,9,0,2,3,0,50,1,4,3
401531909,2023,10,regular,Southern Miss,Sun Belt,home,24,1,2,64,0,2,6,33,0,3,1,0,40:34,1,0,1,4-35,4.0,52,206,9.2,12-26,238,444,0-0,8-17,24,20,0,2,4,0,22,3,5,5
401531909,2023,10,regular,UL Monroe,Sun Belt,away,7,0,1,34,0,2,1,0,0,1,0,1,19:26,3,1,4,5-50,3.3,22,73,6.4,12-29,187,260,0-0,4-13,10,47,0,2,11,0,29,3,3,4
401520374,2023,10,regular,Texas A&M,SEC,away,35,3,1,,,,5,,,,0,2,35:37,1,0,1,9-73,4.2,36,152,7.3,31-42,305,457,1-1,5-11,30,4,0,2,6,0,36,1,5,1
401520374,2023,10,regular,Ole Miss,SEC,home,38,3,2,83,0,4,6,0,0,1,0,,24:23,0,0,0,8-61,4.0,33,131,11.7,24-33,387,518,1-1,4-11,26,0,0,1,3,0,46,1,5,3
401532435,2023,10,regular,Bowling Green,Mid-American,home,24,1,2,65,0,2,6,,,,2,1,26:26,0,0,0,5-35,3.1,34,104,7.7,15-23,177,281,2-4,4-13,14,-1,0,1,4,0,35,3,3,3
401532435,2023,10,regular,Ball State,Mid-American,away,21,3,0,61,0,3,3,,,,0,2,33:34,0,2,2,5-25,4.4,49,217,3.5,9-19,66,283,2-3,8-15,16,0,0,1,11,0,33,3,2,0
401532433,2023,10,regular,Northern Illinois,Mid-American,away,31,1,3,54,0,3,5,,,,0,2,29:48,1,2,3,9-76,7.2,29,208,8.5,20-35,298,506,2-4,0-10,23,4,0,1,2,0,35,0,3,0
401532433,2023,10,regular,Central Michigan,Mid-American,home,37,4,1,98,0,6,7,4,0,1,2,1,30:12,0,0,0,8-80,7.0,47,331,7.3,9-16,116,447,0-0,4-12,22,0,0,1,2,0,28,0,2,7
401540054,2023,10,regular,Fordham,Patriot,home,27,0,3,79,0,5,9,,,,0,1,27:18,0,1,1,3-25,4.4,36,159,9.9,18-33,328,487,2-5,7-16,20,10,0,2,,,,,,
401540054,2023,10,regular,Bucknell,Patriot,away,21,0,2,80,0,5,7,,,,1,0,32:42,0,0,0,11-88,2.6,37,96,7.5,32-48,358,454,1-1,8-16,29,12,0,1,,,,,,
401540075,2023,10,regular,Lafayette,Patriot,home,34,1,3,71,0,4,10,,,,1,3,30:09,1,2,3,1-5,4.0,37,148,5.4,29-44,237,385,2-3,5-14,27,2,0,2,,,,,,
401540075,2023,10,regular,Colgate,Patriot,away,37,2,3,57,0,2,7,0,0,1,2,0,29:51,0,0,0,6-60,2.7,35,93,5.8,21-36,210,303,3-3,6-18,16,7,0,1,,,,,,
401540071,2023,10,regular,Lehigh,Patriot,home,24,1,2,24,0,3,6,0,0,1,2,0,30:33,1,0,1,2-15,5.1,35,177,4.7,13-28,131,308,3-5,4-13,17,56,0,2,,,,,,
401540071,2023,10,regular,Holy Cross,Patriot,away,28,2,2,74,0,4,4,0,0,1,0,2,29:27,1,2,3,11-85,5.7,47,267,8.3,11-19,158,425,0-1,10-15,20,,,,,,,,,
401540380,2023,10,regular,East Texas A&M,Southland,away,21,2,1,74,0,4,3,13,0,1,2,5,27:37,1,3,4,9-76,3.4,30,102,5.1,21-39,198,300,0-0,6-14,19,-5,0,2,,,,,,
401540380,2023,10,regular,Lamar,Southland,home,41,2,2,49,0,2,5,0,1,1,3,0,32:23,1,0,1,7-76,5.2,47,246,6.9,8-14,96,342,1-3,4-13,16,23,0,3,,,,,,
401540551,2023,10,regular,Morehead State,Pioneer,home,7,0,1,59,0,3,1,21,0,2,0,3,22:15,1,1,2,6-58,3.8,29,111,5.9,13-23,136,247,0-2,1-11,9,,,,,,,,,
401540551,2023,10,regular,Butler,Pioneer,away,49,1,5,23,0,1,7,18,1,1,1,0,37:45,2,0,2,4-30,4.4,41,179,12.1,21-25,303,482,0-1,5-10,27,-1,0,1,,,,,,
401540328,2023,10,regular,Elon,Coastal Athletic,away,33,0,3,146,0,5,15,0,0,1,2,0,33:28,0,0,0,8-69,1.6,40,62,10.1,17-35,352,414,0-1,6-20,18,84,0,6,,,,,,
401540328,2023,10,regular,Delaware,CAA,home,27,3,1,193,0,8,3,,,,0,3,26:32,1,2,3,4-47,2.8,25,71,6.6,23-48,315,386,0-1,7-16,22,9,0,1,,,,,,
401540232,2023,10,regular,Eastern Washington,Big Sky,home,48,3,2,86,0,1,12,16,1,1,2,0,24:52,0,0,0,2-10,5.0,41,205,6.8,15-25,169,374,2-3,4-14,21,,,,,,,,,
401540232,2023,10,regular,Cal Poly,Big Sky,away,13,0,1,118,0,8,1,,,,0,2,35:08,1,2,3,0-0,2.8,40,112,5.2,17-34,176,288,2-2,3-14,18,,,,,,,,,
401540284,2023,10,regular,Portland State,Big Sky,away,23,1,1,57,0,3,11,-1,0,1,0,1,30:48,0,0,0,4-30,2.3,38,89,9.1,14-24,219,308,1-3,3-13,18,,,,,,,,,
401540284,2023,10,regular,UC Davis,Big Sky,home,37,4,1,45,0,2,7,,,,0,,29:12,1,0,1,4-45,5.5,40,219,10.7,14-23,246,465,0-0,8-12,22,-2,0,1,,,,,,
401525881,2023,10,regular,UCF,Big 12,away,28,4,0,14,0,1,4,24,0,1,1,1,27:03,0,0,0,3-20,5.8,39,228,7.2,13-23,165,393,1-1,6-13,23,,,,9,0,40,5,2,1
401525881,2023,10,regular,Cincinnati,Big 12,home,26,2,1,23,0,2,8,,,,0,1,32:57,1,1,2,8-75,5.8,43,248,9.9,19-27,267,515,2-3,4-12,23,0,0,1,6,0,35,0,4,4
401540107,2023,10,regular,Illinois State,MVFC,away,36,3,1,31,0,2,8,-4,0,2,0,1,33:10,0,0,0,5-30,5.2,40,208,6.0,34-50,300,508,6-6,9-20,29,,,,,,,,,
401540107,2023,10,regular,Missouri State,MVFC,home,35,3,2,16,0,1,5,,,,0,,26:50,2,0,2,3-24,3.4,30,101,8.5,24-34,290,391,1-2,7-11,22,,,,,,,,,
401540386,2023,10,regular,South Dakota State,MVFC,home,33,1,2,17,0,1,15,9,0,2,1,0,29:42,0,0,0,4-40,4.6,33,152,11.2,12-19,213,365,1-1,6-13,17,28,0,1,,,,,,
401540386,2023,10,regular,North Dakota State,MVFC,away,16,0,2,95,0,2,4,,,,0,1,30:18,2,1,3,2-20,4.5,35,158,5.8,18-29,167,325,3-3,4-12,19,,,,,,,,,
401540024,2023,10,regular,Long Island University,NEC,away,29,2,2,122,0,5,5,,,,0,1,25:54,1,1,2,1-5,5.0,34,171,11.2,13-20,224,395,1-1,6-11,17,25,0,3,,,,,,
401540024,2023,10,regular,Saint Francis,NEC,home,28,3,1,106,0,5,4,0,0,1,1,3,34:06,0,0,0,6-35,4.7,35,166,8.0,18-26,209,375,0-1,7-13,18,33,0,1,,,,,,
401520375,2023,10,regular,Rutgers,Big Ten,home,16,0,1,,,,10,5,0,1,0,1,35:37,1,0,1,3-30,5.4,43,232,5.2,10-25,129,361,1-3,4-13,22,,,,4,0,29,1,6,3
401520375,2023,10,regular,Ohio State,Big Ten,away,35,1,3,-5,0,1,5,93,1,1,0,,24:23,1,0,1,5-57,4.8,29,139,7.3,19-26,189,328,1-2,6-12,15,,,,4,1,21,1,0,4
401520369,2023,10,regular,Nebraska,Big Ten,away,17,2,0,,,,5,,,,0,2,31:31,2,1,3,0-0,3.6,41,148,4.6,12-28,129,277,1-1,5-15,19,4,0,1,7,0,26,3,1,4
401520369,2023,10,regular,Michigan State,Big Ten,home,20,0,2,11,0,1,8,-3,0,2,1,0,28:29,0,0,0,7-70,2.0,31,63,9.7,15-24,232,295,1-1,3-14,11,8,0,1,12,0,35,7,3,6
401520367,2023,10,regular,Penn State,Big Ten,away,51,2,4,68,0,2,15,55,0,2,2,0,37:14,0,0,0,7-76,4.3,37,158,6.3,26-39,246,404,3-3,7-15,26,3,0,1,12,0,32,6,0,2
401520367,2023,10,regular,Maryland,Big Ten,home,15,0,2,0,0,1,1,,,,0,2,22:46,2,2,4,4-45,-3.1,16,-49,6.7,31-42,283,234,0-1,4-12,16,2,0,1,2,0,52,1,0,2
401520368,2023,10,regular,Purdue,Big Ten,away,13,0,1,12,0,1,7,,,,1,0,26:06,1,0,1,5-58,4.3,29,125,5.1,12-28,144,269,1-1,1-14,10,,,,5,0,47,3,0,4
401520368,2023,10,regular,Michigan,Big Ten,home,41,5,0,21,0,1,11,26,0,1,0,1,33:54,0,1,1,1-10,3.2,34,110,9.1,24-37,335,445,0-1,7-14,22,39,0,4,3,0,22,1,10,6
401520365,2023,10,regular,Wisconsin,Big Ten,away,14,0,2,,,,2,,,,0,2,26:35,0,2,2,8-78,3.6,28,101,5.7,21-43,243,344,0-3,7-16,18,29,0,4,8,0,36,2,4,4
401520365,2023,10,regular,Indiana,Big Ten,home,20,1,1,64,0,3,8,,,,1,2,33:25,0,0,0,2-30,1.8,41,75,6.0,19-31,186,261,1-1,6-16,20,,,,7,0,37,2,0,9
401540807,2023,10,regular,Western Illinois,MVFC,away,6,0,1,11,0,2,0,,,,1,1,28:54,1,1,2,1-15,0.5,33,17,5.3,18-24,127,144,0-4,7-16,10,,,,,,,,,
401540807,2023,10,regular,Northern Iowa,MVFC,home,50,3,3,26,0,2,12,11,0,1,1,1,31:06,0,1,1,3-28,5.6,40,225,12.6,15-20,251,476,0-0,5-9,24,0,0,1,,,,,,
401540009,2023,10,regular,Central Connecticut,NEC,away,24,3,0,85,0,6,6,0,0,1,0,1,26:43,2,0,2,7-45,7.0,32,223,8.1,19-31,251,474,1-2,4-11,22,44,0,4,,,,,,
401540009,2023,10,regular,Sacred Heart,NEC,home,31,3,1,76,0,5,7,2,0,2,0,,33:17,1,0,1,6-56,4.1,52,213,11.2,13-18,202,415,0-0,6-12,25,,,,,,,,,
401540444,2023,10,regular,South Dakota,MVFC,away,14,2,0,14,0,1,2,0,0,1,1,0,31:35,0,0,0,3-35,2.5,34,85,5.3,15-21,111,196,0-0,5-13,12,-6,0,1,,,,,,
401540444,2023,10,regular,Southern Illinois,MVFC,home,7,0,1,64,0,3,1,,,,0,2,28:25,1,0,1,7-53,2.8,37,105,6.5,16-35,227,332,2-4,6-17,19,10,0,2,,,,,,
401540017,2023,10,regular,Duquesne,NEC,away,34,2,1,29,0,4,4,31,1,2,1,0,30:27,1,0,1,8-43,2.8,33,92,9.5,12-26,248,340,1-2,6-14,14,,,,,,,,,
401540017,2023,10,regular,Wagner,NEC,home,26,2,2,72,0,4,2,0,0,1,0,1,29:33,2,1,3,8-64,5.4,42,226,7.1,12-23,163,389,1-2,5-12,18,-35,0,2,,,,,,
401540304,2023,10,regular,Indiana State,MVFC,home,7,0,1,16,0,2,1,,,,0,1,20:31,1,1,2,4-42,2.9,23,66,5.2,9-24,125,191,1-2,0-10,13,0,0,1,,,,,,
401540304,2023,10,regular,Youngstown State,MVFC,away,19,2,0,0,0,1,7,0,0,1,1,0,39:29,0,0,0,10-83,3.5,38,132,6.9,25-37,254,386,0-0,7-17,23,20,0,2,,,,,,
401539975,2023,10,regular,Morgan State,MEAC,home,24,1,2,8,0,3,6,0,0,1,1,0,26:51,0,0,0,10-94,4.1,35,143,7.7,6-17,131,274,1-2,6-13,13,13,0,4,,,,,,
401539975,2023,10,regular,Delaware State,MEAC,away,17,2,0,84,0,5,5,,,,0,2,33:09,1,1,2,10-83,3.7,34,125,6.9,22-28,192,317,0-1,6-13,18,-7,0,2,,,,,,
401534856,2023,10,regular,South Carolina State,MEAC,home,27,3,0,92,0,3,9,,,,0,1,30:17,2,1,3,6-75,9.5,46,438,1.7,3-11,19,457,0-0,5-11,18,14,0,3,,,,,,
401534856,2023,10,regular,Howard,MEAC,away,24,1,2,37,0,4,6,0,0,2,1,0,29:43,0,0,0,3-9,2.0,26,53,6.2,16-31,193,246,3-4,2-14,13,,,,,,,,,
401539991,2023,10,regular,North Carolina Central,MEAC,home,38,2,3,43,0,4,8,0,0,1,1,1,26:59,0,1,1,3-40,4.3,39,169,9.4,9-16,151,320,1-1,5-10,20,,,,,,,,,
401539991,2023,10,regular,Norfolk State,MEAC,away,24,1,2,90,0,5,6,,,,3,3,33:01,1,0,1,6-63,3.6,38,136,6.6,17-36,236,372,4-5,6-16,22,,,,,,,,,
401531383,2023,10,regular,Florida Atlantic,American Athletic,away,42,3,3,48,0,5,6,16,0,1,1,3,28:03,1,0,1,2-20,4.8,40,191,8.9,17-33,293,484,2-4,3-12,23,43,0,2,11,0,41,3,2,2
401531383,2023,10,regular,UAB,American Athletic,home,45,0,5,69,0,3,9,26,1,1,0,1,31:57,1,1,2,8-60,3.0,38,115,13.9,30-36,499,614,1-2,4-12,27,,,,5,1,40,4,5,4
401531343,2023,10,regular,Tulsa,American Athletic,home,26,3,0,32,0,1,8,,,,2,1,29:48,1,1,2,10-89,5.5,50,273,4.5,13-31,139,412,0-0,12-22,21,23,0,2,7,0,43,1,4,4
401531343,2023,10,regular,Charlotte,American Athletic,away,33,2,1,80,0,4,11,0,0,1,1,2,30:12,0,2,2,4-35,4.3,36,154,7.5,20-37,277,431,1-1,5-16,19,29,0,4,5,0,43,1,0,5
401531399,2023,10,regular,UTSA,American Athletic,away,37,4,0,,,,13,81,0,2,1,1,32:15,0,0,0,4-50,5.6,51,287,5.4,13-25,134,421,2-2,8-16,23,-2,0,1,5,0,40,3,3,8
401531399,2023,10,regular,North Texas,American Athletic,home,29,1,2,95,0,3,7,,,,0,3,27:45,2,1,3,4-40,4.8,39,187,7.2,20-38,272,459,2-2,9-16,24,3,0,2,4,0,44,1,3,1
401531440,2023,10,regular,SMU,American Athletic,away,36,2,2,22,0,1,12,0,0,2,1,2,31:31,0,1,1,7-66,5.0,45,223,7.3,19-35,254,477,1-3,8-17,26,27,0,3,9,0,35,4,5,4
401531440,2023,10,regular,Rice,American Athletic,home,31,1,2,79,0,3,7,,,,1,2,28:29,2,1,3,10-120,5.0,25,124,5.2,18-32,166,290,2-2,2-12,13,41,1,2,1,1,52,0,3,6
401525451,2023,10,regular,Kennesaw State,FCS Independents,away,21,3,0,47,0,2,3,0,0,1,2,0,24:06,1,0,1,8-69,7.3,34,247,3.1,8-14,44,291,1-1,5-13,9,,,,10,0,65,3,1,1
401525451,2023,10,regular,Sam Houston,Conference USA,home,24,0,3,35,0,2,6,0,0,1,0,2,35:54,1,2,3,2-15,2.4,43,105,6.4,30-38,242,347,2-3,9-16,27,5,0,1,4,0,33,0,1,2
401540595,2023,10,regular,VMI,Southern,away,31,2,1,,,,6,0,0,1,2,1,22:22,1,1,2,4-52,2.2,23,51,5.6,19-34,190,241,0-1,6-13,15,,,,,,,,,
401540595,2023,10,regular,East Tennessee State,Southern,home,24,3,0,19,0,1,6,34,0,1,1,2,27:49,1,2,3,8-75,5.7,46,264,5.3,8-14,74,338,2-3,2-11,16,,,,,,,,,
401540614,2023,10,regular,The Citadel,Southern,home,16,1,1,95,0,6,4,,,,0,2,32:06,2,1,3,5-50,3.0,40,120,5.1,13-27,139,259,2-2,9-19,13,,,,,,,,,
401540614,2023,10,regular,Mercer,Southern,away,38,2,2,35,0,2,8,27,1,2,1,0,27:54,0,0,0,4-25,4.1,38,155,8.6,10-17,147,302,1-1,5-12,14,40,0,3,,,,,,
401544202,2023,10,regular,Nicholls,Southland,away,45,4,1,81,0,3,9,56,0,2,1,1,37:02,0,1,1,9-93,6.0,55,331,5.7,9-19,108,439,2-2,7-14,26,22,0,1,,,,,,
401544202,2023,10,regular,Incarnate Word,Southland,home,32,0,4,126,0,6,8,,,,1,1,22:58,2,1,3,12-118,2.8,16,45,7.9,31-53,419,464,1-1,4-11,29,2,0,1,,,,,,
401540395,2023,10,regular,McNeese,Southland,away,24,1,2,29,0,2,6,0,0,2,1,1,25:59,1,1,2,3-17,5.1,36,183,7.7,12-25,193,376,0-1,3-12,16,,,,,,,,,
401540395,2023,10,regular,SE Louisiana,Southland,home,38,3,2,37,0,1,8,0,0,1,1,1,34:01,2,1,3,2-15,6.8,49,333,5.9,15-27,158,491,1-1,5-13,24,55,0,2,,,,,,
401520370,2023,10,regular,Illinois,Big Ten,away,27,0,4,,,,3,,,,1,3,31:38,1,2,3,4-33,2.1,36,74,8.7,27-34,297,371,1-1,9-17,19,10,0,1,7,0,36,2,1,3
401520370,2023,10,regular,Minnesota,Big Ten,home,26,0,3,19,0,1,8,0,0,1,2,1,28:22,0,1,1,2-10,2.7,35,93,7.6,11-22,167,260,1-2,3-12,16,,,,9,0,45,5,2,3
401520373,2023,10,regular,Northwestern,Big Ten,home,7,0,1,,,,1,0,0,1,0,1,29:42,0,0,0,7-71,2.2,41,89,4.1,12-20,81,170,1-2,6-17,12,23,0,1,4,0,30,2,2,2
401520373,2023,10,regular,Iowa,Big Ten,away,10,0,1,33,0,2,4,,,,0,1,30:18,1,0,1,3-30,2.5,41,104,4.3,10-15,65,169,0-0,4-12,14,17,0,2,8,0,35,5,1,1
401520361,2023,10,regular,Air Force,Mountain West,home,3,0,0,,,,3,,,,0,5,27:51,2,4,6,6-55,3.9,40,155,4.3,10-24,104,259,0-2,5-14,19,21,0,4,3,0,32,0,1,1
401520361,2023,10,regular,Army,FBS Independents,away,23,2,0,,,,11,25,0,2,4,0,32:09,0,0,0,11-119,4.2,51,213,4.4,4-9,40,253,1-2,4-14,11,4,0,1,6,0,36,2,0,2
401525441,2023,10,regular,Clemson,ACC,home,31,2,1,15,0,1,7,43,1,2,1,3,31:48,1,1,2,0-0,4.1,43,176,4.2,13-26,109,285,0-1,5-15,19,57,0,6,6,1,32,2,6,3
401525441,2023,10,regular,Notre Dame,FBS Independents,away,23,2,0,26,0,1,11,33,0,1,1,1,28:12,2,1,3,5-40,5.9,31,183,4.9,13-30,146,329,0-1,3-13,13,0,0,2,5,0,46,1,0,6
401540263,2023,10,regular,Montana,Big Sky,home,34,3,2,14,0,1,4,,,,1,1,35:41,1,0,1,7-65,6.1,50,305,11.0,12-22,242,547,1-3,6-14,21,37,0,3,,,,,,
401540263,2023,10,regular,Sacramento State,Big Sky,away,7,1,0,40,0,2,1,0,0,1,1,1,24:19,0,0,0,5-43,5.0,30,149,3.1,15-39,119,268,2-3,4-16,17,0,0,1,,,,,,
401531425,2023,10,regular,Memphis,American Athletic,home,59,3,5,86,0,3,11,0,0,1,1,0,28:44,0,0,0,7-72,4.8,29,139,10.5,25-42,441,580,1-2,4-11,26,4,0,1,5,0,60,0,1,3
401531425,2023,10,regular,South Florida,American Athletic,away,50,2,5,93,0,5,6,,,,0,4,31:16,1,1,2,7-55,4.7,48,226,9.4,31-38,357,583,1-4,3-12,28,35,0,2,5,0,42,2,0,6
401531374,2023,10,regular,Tulane,American Athletic,away,13,0,1,94,0,3,7,,,,1,1,38:12,0,0,0,7-63,3.5,44,155,8.5,16-25,213,368,2-3,8-16,20,9,0,2,3,0,22,1,0,1
401531374,2023,10,regular,East Carolina,American Athletic,home,10,1,0,12,0,1,4,,,,0,,21:48,0,0,0,2-15,3.0,23,70,6.7,10-18,120,190,0-1,3-9,10,,,,5,0,33,2,2,3
401531392,2023,10,regular,Navy,American Athletic,away,18,1,1,55,0,3,4,0,0,2,2,0,32:58,0,0,0,7-81,3.0,48,144,8.9,6-14,124,268,3-4,3-15,13,,,,2,0,36,0,0,1
401531392,2023,10,regular,Temple,American Athletic,home,32,0,4,25,0,2,6,,,,0,4,27:02,2,2,4,0-0,1.7,27,46,12.2,27-33,402,448,1-1,6-9,23,17,0,5,7,0,41,2,1,1
401525541,2023,10,regular,Pittsburgh,ACC,home,7,0,1,15,0,1,1,,,,1,3,25:06,1,2,3,11-91,3.7,24,89,6.8,15-36,244,333,1-1,0-11,16,,,,11,0,38,2,4,5
401525541,2023,10,regular,Florida State,ACC,away,24,2,1,,,,6,2,0,1,2,2,34:54,0,1,1,6-60,3.7,37,138,9.8,23-37,363,501,0-1,5-14,22,-2,0,1,3,0,24,3,6,6
401525542,2023,10,regular,Virginia,ACC,home,17,0,2,97,0,4,5,,,,0,1,25:51,2,1,3,4-38,4.1,29,119,5.8,23-40,232,351,1-2,3-12,23,12,0,2,8,0,42,1,1,1
401525542,2023,10,regular,Georgia Tech,ACC,away,45,5,1,22,0,1,9,11,0,2,1,0,34:09,0,0,0,8-85,6.9,44,305,6.3,24-33,209,514,1-1,8-15,28,23,0,1,6,0,37,2,1,10
401525543,2023,10,regular,Virginia Tech,ACC,away,3,0,0,79,0,4,3,,,,0,,27:45,1,0,1,6-38,2.4,28,68,3.1,13-23,72,140,0-1,2-11,12,17,0,1,1,0,1,1,0,0
401525543,2023,10,regular,Louisville,ACC,home,34,4,1,10,0,1,4,15,0,1,0,,32:15,0,0,0,6-50,6.1,38,231,11.6,12-13,151,382,1-1,2-8,17,13,0,2,3,0,4,4,0,1
401525540,2023,10,regular,Syracuse,ACC,home,10,1,0,64,0,3,4,,,,2,0,17:44,4,0,4,9-79,7.0,30,209,2.2,7-17,37,246,0-0,3-10,10,47,0,3,8,0,62,0,2,7
401525540,2023,10,regular,Boston College,ACC,away,17,1,1,,,,5,14,0,4,0,2,42:16,0,2,2,2-22,3.2,57,185,4.5,20-37,165,350,3-4,9-20,27,,,,3,0,35,1,0,2
401525539,2023,10,regular,Wake Forest,ACC,away,21,3,0,58,0,3,3,6,0,1,1,2,31:51,1,1,2,5-54,3.4,47,159,12.7,16-19,241,400,0-1,5-13,18,,,,6,0,28,2,3,1
401525539,2023,10,regular,Duke,ACC,home,24,2,1,18,0,1,6,-1,0,1,1,1,28:09,1,1,2,5-33,4.4,41,181,4.5,7-19,86,267,0-0,5-14,15,4,0,1,5,0,29,3,0,2
401525544,2023,10,regular,Miami,ACC,away,6,0,0,66,0,2,6,0,0,1,1,1,35:16,3,1,4,6-55,3.7,32,119,4.6,21-38,173,292,0-2,4-15,19,17,0,2,5,0,27,2,4,1
401525544,2023,10,regular,NC State,ACC,home,20,1,1,18,0,1,8,39,0,3,1,1,24:44,1,1,2,5-48,4.0,27,108,5.9,11-21,123,231,0-0,3-11,12,,,,4,0,34,3,7,3
401525545,2023,10,regular,Campbell,Coastal Athletic,away,7,0,1,69,0,4,1,,,,0,3,38:26,1,3,4,9-60,2.4,42,102,5.0,25-37,185,287,1-3,6-16,20,,,,3,0,31,2,2,1
401525545,2023,10,regular,North Carolina,ACC,home,59,3,5,,,,11,0,0,1,3,0,21:37,0,0,0,10-98,8.4,33,276,11.4,21-28,318,594,0-0,4-9,26,9,0,1,10,0,55,5,1,4
401532612,2023,10,regular,Utah State,Mountain West,away,32,2,2,55,0,2,6,62,0,1,0,1,28:30,0,0,0,6-48,3.9,44,171,7.2,23-32,229,400,1-2,8-19,20,6,0,1,6,0,40,1,1,4
401532612,2023,10,regular,San Diego State,Mountain West,home,24,0,3,47,0,3,6,,,,0,1,31:30,1,0,1,9-84,3.9,31,121,6.6,26-40,263,384,0-3,7-18,17,35,0,6,12,0,55,5,2,2
401532609,2023,10,regular,Wyoming,Mountain West,home,24,1,2,,,,6,10,0,2,1,0,36:40,1,0,1,10-110,4.3,45,194,6.4,15-22,140,334,0-1,5-12,21,,,,2,0,31,1,6,5
401532609,2023,10,regular,Colorado State,Mountain West,away,15,0,2,15,0,1,1,0,0,1,0,1,23:20,2,1,3,3-25,2.6,21,54,5.2,24-42,220,274,2-3,0-10,20,3,0,1,7,0,43,3,0,2
401532610,2023,10,regular,Nevada,Mountain West,home,14,2,0,,,,2,,,,1,1,26:43,1,1,2,5-35,3.0,41,124,4.9,6-23,112,236,0-3,3-14,14,13,0,2,4,0,50,2,0,5
401532610,2023,10,regular,Hawai'i,Mountain West,away,27,1,2,22,0,1,9,24,0,1,1,2,33:17,0,1,1,10-92,3.9,35,136,5.3,21-38,203,339,1-1,5-16,16,16,0,3,10,0,36,6,5,4
401532608,2023,10,regular,Fresno State,Mountain West,home,37,2,1,178,1,4,13,6,0,2,0,,30:29,1,0,1,1-15,4.8,29,138,7.6,25-40,303,441,0-0,8-15,23,27,0,3,5,1,42,2,4,6
401532608,2023,10,regular,Boise State,Mountain West,away,30,2,1,103,0,6,12,0,0,1,0,,29:31,2,0,2,4-35,5.2,34,177,6.8,24-46,311,488,1-1,9-18,25,,,,5,0,42,1,1,1
401532611,2023,10,regular,UNLV,Mountain West,away,56,5,3,34,0,1,8,,,,2,0,22:42,0,0,0,6-35,5.3,32,169,13.7,13-18,247,416,1-1,5-8,17,161,0,3,3,0,41,1,2,0
401532611,2023,10,regular,New Mexico,Mountain West,home,14,1,1,47,0,4,2,,,,0,4,37:18,0,2,2,7-60,3.7,45,166,7.5,17-26,196,362,1-2,4-12,20,,,,0,0,26,0,1,4
401540296,2023,10,regular,Yale,Ivy,away,36,1,4,129,0,3,6,0,0,2,2,0,34:13,3,0,3,8-58,4.0,48,190,8.1,15-27,220,410,1-3,10-19,17,29,0,3,,,,,,
401540296,2023,10,regular,Brown,Ivy,home,17,1,0,24,0,2,5,35,1,3,0,2,25:47,2,2,4,6-39,2.3,29,68,6.3,22-42,266,334,1-3,5-17,16,15,0,1,,,,,,
401540476,2023,10,regular,Tennessee State,Big South-OVC,away,21,3,0,61,0,3,3,0,0,1,0,5,31:41,1,0,1,8-48,2.9,46,135,4.2,18-32,134,269,1-3,6-18,17,40,0,2,,,,,,
401540476,2023,10,regular,Charleston Southern,Big South-OVC,home,35,2,2,30,0,2,5,17,0,1,3,0,28:19,1,0,1,5-40,3.5,32,111,4.4,9-19,84,195,0-1,3-13,7,34,0,2,,,,,,
401540589,2023,10,regular,Furman,Southern,away,17,0,2,23,0,1,5,46,0,1,0,,27:14,1,0,1,4-48,2.3,30,68,5.2,18-34,176,244,1-2,4-15,15,37,0,2,,,,,,
401540589,2023,10,regular,Chattanooga,Southern,home,14,0,2,,,,2,1,0,1,0,,32:46,1,0,1,5-44,2.2,31,68,7.4,20-39,289,357,1-3,3-15,18,13,0,2,,,,,,
401540331,2023,10,regular,Pennsylvania,Ivy,home,23,3,0,,,,5,0,0,1,0,,22:13,0,0,0,1-4,9.8,27,264,7.2,10-14,101,365,1-1,4-9,12,5,0,1,,,,,,
401540331,2023,10,regular,Cornell,Ivy,away,8,0,1,51,0,3,0,,,,0,,37:47,1,0,1,3-30,3.4,30,102,6.2,35-53,329,431,4-6,9-20,25,14,0,2,,,,,,
401540340,2023,10,regular,Princeton,Ivy,away,21,2,1,16,0,1,3,,,,1,2,30:31,1,1,2,5-51,3.0,37,111,7.9,19-31,245,356,0-1,6-15,17,2,0,1,,,,,,
401540340,2023,10,regular,Dartmouth,Ivy,home,23,0,1,38,0,2,11,20,1,1,3,3,29:29,0,1,1,6-70,2.5,31,77,4.3,17-28,120,197,1-2,3-15,11,30,0,3,,,,,,
401540404,2023,10,regular,Stetson,Pioneer,home,41,0,5,104,0,7,11,,,,1,0,26:53,3,0,3,7-45,1.0,22,21,8.9,27-45,401,422,2-2,5-12,22,5,0,1,,,,,,
401540404,2023,10,regular,Davidson,Pioneer,away,61,6,2,120,0,6,13,47,0,3,0,3,33:07,0,1,1,9-76,8.6,56,483,9.1,10-17,155,638,1-2,5-10,28,10,0,1,,,,,,
401540460,2023,10,regular,Valparaiso,Pioneer,home,21,1,2,31,0,2,3,,,,1,2,32:50,0,1,1,8-72,2.4,39,93,6.0,15-21,126,219,0-0,6-16,14,6,0,4,,,,,,
401540460,2023,10,regular,Dayton,Pioneer,away,7,1,0,,,,1,,,,1,1,27:10,0,1,1,8-71,2.1,33,68,4.0,16-27,107,175,0-2,6-16,12,3,0,1,,,,,,
401540518,2023,10,regular,Marist,Pioneer,home,3,0,0,,,,3,,,,1,1,33:27,1,1,2,4-44,1.1,28,32,5.0,27-43,214,246,2-5,5-16,20,0,0,1,,,,,,
401540518,2023,10,regular,Drake,Pioneer,away,10,0,1,25,0,1,4,28,0,1,1,2,26:33,0,1,1,10-101,3.2,22,71,6.0,20-34,205,276,0-3,5-12,15,4,0,1,,,,,,
401540481,2023,10,regular,Lindenwood,Big South-OVC,home,10,0,1,67,0,3,4,4,0,1,0,3,34:01,3,0,3,5-49,0.5,34,16,7.5,20-33,249,265,1-2,3-14,17,,,,,,,,,
401540481,2023,10,regular,Eastern Illinois,Big South-OVC,away,16,1,1,71,0,2,4,19,0,3,0,,25:59,1,0,1,5-52,3.4,25,85,7.2,18-34,245,330,1-4,3-13,15,-1,0,3,,,,,,
401540420,2023,10,regular,Maine,Coastal Athletic,home,35,0,5,49,0,5,5,,,,0,3,37:07,1,2,3,12-85,4.4,34,151,8.0,29-47,375,526,3-5,6-13,30,9,0,3,,,,,,
401540420,2023,10,regular,Hampton,Coastal Athletic,away,42,5,1,50,0,3,6,0,0,1,2,1,22:53,0,0,0,7-51,9.5,34,323,5.4,7-16,86,409,1-1,4-10,14,4,0,1,,,,,,
401540256,2023,10,regular,Weber State,Big Sky,away,33,0,3,37,0,2,7,0,0,1,2,0,35:40,1,0,1,7-75,5.1,36,184,5.3,26-42,222,406,0-2,5-17,21,7,0,2,,,,,,
401540256,2023,10,regular,Idaho State,Big Sky,home,21,1,2,17,0,1,1,28,0,1,0,2,24:20,1,2,3,9-85,-1.9,16,-30,6.4,30-55,354,324,3-5,1-15,19,8,0,1,,,,,,
401540505,2023,10,regular,Stony Brook,Coastal Athletic,away,17,2,0,54,0,4,5,,,,0,,30:55,1,0,1,8-67,5.7,37,211,4.9,13-25,122,333,0-0,5-12,18,11,0,1,,,,,,
401540505,2023,10,regular,Monmouth,Coastal Athletic,home,56,4,4,47,0,3,8,0,0,1,0,,29:05,0,0,0,3-25,7.7,33,255,11.9,23-28,333,588,0-0,5-8,26,7,0,2,,,,,,
401553854,2023,10,regular,Northern Arizona,Big Sky,away,21,1,2,,,,3,,,,0,,24:04,1,0,1,2-25,3.3,30,100,7.0,15-22,154,254,1-3,4-12,13,6,0,1,,,,,,
401553854,2023,10,regular,Montana State,Big Sky,home,45,5,1,,,,9,0,0,1,0,1,35:56,0,0,0,9-86,7.3,47,343,6.4,13-21,135,478,1-2,4-10,25,19,0,3,,,,,,
401540533,2023,10,regular,Villanova,Coastal Athletic,away,45,4,2,78,0,3,9,36,0,3,1,1,30:29,1,0,1,5-32,6.2,40,248,7.5,15-25,188,436,0-1,5-10,21,,,,,,,,,
401540533,2023,10,regular,New Hampshire,Coastal Athletic,home,33,2,1,205,0,6,9,47,0,1,0,1,29:31,3,1,4,9-75,4.6,30,138,6.3,27-41,259,397,3-5,4-14,17,,,,,,,,,
401540546,2023,10,regular,Towson,Coastal Athletic,away,42,4,2,69,0,4,6,20,0,1,1,1,27:44,0,0,0,9-82,6.2,29,179,9.4,18-28,263,442,0-0,6-10,20,11,0,1,,,,,,
401540546,2023,10,regular,North Carolina A&T,Coastal Athletic,home,32,3,1,59,0,3,8,,,,0,1,32:16,1,1,2,9-71,5.7,38,218,8.3,16-30,248,466,1-1,8-14,29,15,0,2,,,,,,
401540557,2023,10,regular,San Diego,Pioneer,away,23,1,1,60,0,2,5,18,1,2,2,2,32:03,0,2,2,12-114,4.0,39,156,4.2,17-24,100,256,1-2,4-13,15,43,0,4,,,,,,
401540557,2023,10,regular,Presbyterian,Pioneer,home,13,1,0,42,0,4,7,,,,2,4,27:57,2,2,4,4-41,2.0,28,56,5.1,14-30,153,209,1-2,3-13,14,-1,0,1,,,,,,
401540498,2023,10,regular,Southeast Missouri State,Big South-OVC,home,20,0,1,81,0,3,8,30,0,1,1,1,30:04,1,1,2,8-80,4.7,32,150,4.4,14-33,144,294,1-3,6-16,15,0,0,2,,,,,,
401540498,2023,10,regular,Robert Morris,Big South,away,21,1,2,67,0,4,3,15,0,1,1,2,29:56,1,1,2,3-15,3.1,39,122,7.4,21-34,250,372,3-4,6-15,23,,,,,,,,,
401540536,2023,10,regular,UT Martin,Big South-OVC,away,44,1,5,95,0,5,8,,,,0,3,27:58,1,2,3,4-35,3.6,28,101,7.8,24-41,318,419,3-4,4-15,22,10,0,3,,,,,,
401540536,2023,10,regular,Tennessee Tech,Big South-OVC,home,41,0,5,,,,11,0,0,1,2,0,32:02,0,0,0,6-52,2.8,41,115,5.5,24-38,209,324,3-4,5-19,16,0,0,1,,,,,,
401540617,2023,10,regular,William & Mary,Coastal Athletic,away,8,1,0,73,0,4,,0,0,1,0,1,28:50,2,0,2,6-50,1.4,32,45,8.1,14-21,171,216,1-3,4-13,11,,,,,,,,,
401540617,2023,10,regular,UAlbany,Coastal Athletic,home,24,1,1,23,0,1,6,45,1,2,0,,31:10,1,0,1,8-88,4.1,35,143,9.3,12-22,205,348,1-1,4-11,19,15,0,1,,,,,,
401540626,2023,10,regular,Wofford,Southern,home,25,2,1,71,0,4,5,10,0,1,1,1,33:16,0,0,0,7-64,4.2,47,197,7.4,11-20,148,345,0-3,6-14,20,4,0,1,,,,,,
401540626,2023,10,regular,Western Carolina,Southern,away,28,1,2,67,0,3,8,,,,0,2,26:44,1,1,2,11-96,5.3,32,171,7.4,19-31,229,400,0-0,5-12,23,-1,0,1,,,,,,
401540344,2023,11,regular,Pennsylvania,Ivy,away,23,2,0,28,0,2,11,0,0,1,0,,23:56,1,0,1,1-5,4.0,27,109,6.1,22-38,232,341,1-1,5-14,18,13,0,1,,,,,,
401540344,2023,11,regular,Harvard,Ivy,home,25,2,1,54,0,4,5,0,0,1,0,1,36:04,1,0,1,5-50,2.7,49,131,7.0,23-36,253,384,0-0,12-19,24,0,0,1,,,,,,
401540249,2023,11,regular,Weber State,Big Sky,home,31,3,1,24,0,2,7,,,,2,0,23:55,0,0,0,12-90,4.2,33,139,8.4,10-18,152,291,1-1,5-13,12,89,0,2,,,,,,
401540249,2023,11,regular,Idaho,Big Sky,away,29,2,1,22,0,1,7,,,,0,2,36:05,0,2,2,5-54,2.7,27,72,6.8,33-51,346,418,1-3,9-18,23,0,0,1,,,,,,
401520382,2023,11,regular,Ole Miss,SEC,away,17,2,0,26,0,2,5,0,0,1,0,,29:03,1,0,1,9-68,4.0,45,179,7.2,14-24,173,352,2-4,6-15,18,,,,0,0,36,0,0,1
401520382,2023,11,regular,Georgia,SEC,home,52,5,2,,,,10,0,0,1,0,,30:57,1,0,1,5-55,8.6,35,300,12.0,19-26,311,611,0-0,5-8,25,8,0,1,5,0,40,2,0,1
401520389,2023,11,regular,LSU,SEC,home,52,4,3,13,0,1,10,,,,1,1,25:31,0,1,1,8-63,9.4,35,329,14.3,17-26,372,701,0-2,2-6,25,,,,5,0,39,4,3,6
401520389,2023,11,regular,Florida,SEC,away,35,4,1,20,0,1,5,,,,1,2,34:29,0,1,1,6-50,4.2,42,177,8.2,26-38,311,488,1-3,4-13,27,,,,3,0,27,2,1,3
401520391,2023,11,regular,Missouri,SEC,home,36,2,1,,,,12,38,1,1,2,0,39:56,1,0,1,7-50,5.0,51,255,11.5,18-24,275,530,0-0,11-17,26,,,,4,1,26,1,3,2
401520391,2023,11,regular,Tennessee,SEC,away,7,0,1,32,0,2,1,36,0,1,0,3,20:04,1,2,3,9-95,3.6,23,83,7.9,22-34,267,350,0-0,5-13,15,-1,0,1,8,0,42,3,0,3
401520396,2023,11,regular,Vanderbilt,SEC,away,6,0,1,62,0,3,0,0,0,1,0,3,32:47,0,2,2,2-10,3.1,42,130,3.7,13-28,104,234,0-2,6-16,17,,,,4,0,38,0,2,2
401520396,2023,11,regular,South Carolina,SEC,home,47,3,3,15,0,1,5,,,,2,1,27:13,1,0,1,6-40,5.7,24,136,9.8,28-36,351,487,1-2,5-10,21,42,1,4,3,1,32,1,6,8
401520386,2023,11,regular,Alabama,SEC,away,49,4,3,103,0,4,7,0,0,1,1,1,32:06,1,1,2,6-64,4.1,39,159,11.4,16-25,285,444,0-0,7-11,23,22,0,2,9,0,25,3,7,4
401520386,2023,11,regular,Kentucky,SEC,home,21,2,1,30,0,2,3,0,0,1,1,1,27:54,1,1,2,4-19,4.0,24,95,5.1,17-31,158,253,0-1,3-11,11,,,,6,0,34,0,3,2
401525892,2023,11,regular,UCF,Big 12,home,45,3,3,,,,9,10,0,3,1,1,34:45,0,1,1,4-40,5.7,51,293,15.7,12-19,299,592,0-2,6-12,21,9,0,2,4,0,34,1,3,7
401525892,2023,11,regular,Oklahoma State,Big 12,away,3,0,0,104,0,4,3,,,,1,1,25:15,3,1,4,5-45,2.1,25,52,5.8,19-39,225,277,1-3,2-12,15,,,,8,0,38,2,3,1
401525889,2023,11,regular,Baylor,Big 12,away,25,0,4,160,0,8,1,,,,1,3,32:01,1,3,4,4-45,2.4,35,85,5.3,23-47,247,332,4-8,4-17,20,101,0,3,2,0,54,1,4,4
401525889,2023,11,regular,Kansas State,Big 12,home,59,2,4,70,0,4,11,45,1,1,3,0,27:59,0,0,0,5-42,4.9,37,183,7.9,21-34,268,451,2-3,4-12,22,-5,0,1,8,1,54,3,2,7
401525886,2023,11,regular,BYU,Big 12,home,13,0,2,80,0,5,1,,,,0,2,26:59,2,1,3,4-37,4.9,38,188,4.6,11-28,130,318,1-4,1-11,18,8,0,4,5,0,33,1,1,2
401525886,2023,11,regular,Iowa State,Big 12,away,45,4,2,,,,9,34,0,2,1,0,33:01,0,0,0,6-53,6.3,37,234,8.4,16-25,209,443,0-1,8-14,21,45,0,2,6,0,36,3,2,6
401525888,2023,11,regular,Kansas,Big 12,home,13,1,0,,,,7,0,0,1,0,,28:40,1,0,1,4-31,4.6,45,207,5.5,10-25,137,344,0-2,7-15,18,,,,4,0,58,3,0,4
401525888,2023,11,regular,Texas Tech,Big 12,away,16,1,0,,,,10,0,0,1,0,1,31:20,1,0,1,4-45,3.1,44,136,7.0,19-25,176,312,2-2,4-14,21,,,,6,0,47,3,2,5
401525891,2023,11,regular,Texas,Big 12,away,29,2,1,15,0,1,11,2,0,1,1,1,34:18,1,0,1,7-59,4.0,41,165,9.6,22-33,317,482,0-1,4-13,22,,,,6,0,37,3,1,2
401525891,2023,11,regular,TCU,Big 12,home,26,1,2,,,,8,40,0,1,0,2,25:42,1,1,2,6-51,3.1,28,88,8.4,24-36,302,390,1-2,3-11,21,29,0,2,3,0,44,0,2,1
401525890,2023,11,regular,Oklahoma,Big 12,home,59,3,5,47,0,2,11,12,0,2,0,2,29:28,0,1,1,5-60,5.3,42,221,11.8,23-36,423,644,2-2,8-14,25,-17,0,2,8,0,30,0,8,6
401525890,2023,11,regular,West Virginia,Big 12,away,20,1,2,55,0,2,2,,,,1,0,30:32,2,0,2,2-20,4.3,41,176,5.0,10-31,154,330,2-4,4-16,17,5,0,2,5,0,35,2,1,2
401540211,2023,11,regular,Stephen F. Austin,UAC,home,17,0,2,52,0,3,5,0,0,1,1,0,25:49,1,0,1,7-57,0.8,26,22,7.8,19-37,290,312,2-3,5-16,12,0,0,1,,,,,,
401540211,2023,11,regular,Southern Utah,UAC,away,45,2,4,40,0,3,9,7,0,1,0,3,34:11,1,1,2,4-39,5.5,47,258,11.7,13-19,223,481,2-2,5-11,25,,,,,,,,,
401540181,2023,11,regular,Austin Peay,UAC,home,30,1,2,,,,12,,,,1,0,35:12,2,0,2,7-60,3.9,55,215,10.3,17-27,279,494,2-2,7-16,25,,,,,,,,,
401540181,2023,11,regular,Utah Tech,UAC,away,17,0,2,13,0,1,5,0,0,2,0,1,24:48,1,1,2,3-20,3.9,17,67,7.2,31-52,376,443,0-2,3-13,21,,,,,,,,,
401540018,2023,11,regular,Duquesne,NEC,home,28,3,1,173,0,7,4,,,,0,2,24:20,2,2,4,8-75,3.1,31,97,11.9,9-25,298,395,0-4,3-9,17,10,0,2,,,,,,
401540018,2023,11,regular,Stonehill,NEC,away,33,2,1,84,0,5,9,3,0,2,2,0,35:40,0,0,0,16-154,4.0,53,214,6.1,13-26,158,372,0-1,6-16,23,,,,,,,,,
401540108,2023,11,regular,Illinois State,MVFC,home,44,5,1,17,0,1,8,52,0,3,0,,29:01,0,0,0,5-29,7.7,45,345,7.2,14-23,165,510,2-3,9-15,24,0,0,1,,,,,,
401540108,2023,11,regular,Murray State,MVFC,away,7,1,0,91,0,5,1,,,,0,,30:59,3,0,3,4-50,3.5,35,122,5.3,16-23,123,245,0-0,8-13,16,,,,,,,,,
401540218,2023,11,regular,Tarleton State,UAC,away,31,4,0,,,,7,,,,1,0,26:11,2,0,2,1-5,6.5,37,240,9.9,15-26,258,498,0-0,5-11,23,,,,,,,,,
401540218,2023,11,regular,Abilene Christian,UAC,home,30,3,1,57,0,3,6,54,0,2,0,3,33:49,0,1,1,4-20,4.4,40,174,6.6,18-26,172,346,1-1,7-15,17,,,,,,,,,
401540191,2023,11,regular,Eastern Kentucky,UAC,away,24,0,2,19,0,1,10,0,0,1,1,0,30:54,2,0,2,5-44,2.6,23,60,7.0,38-54,377,437,1-2,5-13,26,,,,,,,,,
401540191,2023,11,regular,Central Arkansas,UAC,home,27,0,3,108,0,4,3,52,1,2,0,1,29:06,1,1,2,8-74,4.4,29,128,6.6,27-44,291,419,2-4,7-16,22,,,,,,,,,
401520380,2023,11,regular,Arkansas,SEC,home,10,0,1,28,0,2,4,42,0,2,0,2,21:45,0,2,2,4-35,3.8,32,120,6.8,12-20,135,255,1-1,1-12,10,,,,3,0,34,1,0,3
401520380,2023,11,regular,Auburn,SEC,away,48,2,3,18,0,1,12,,,,2,0,38:15,2,0,2,2-10,6.4,55,354,7.8,12-21,163,517,1-2,7-12,32,83,1,3,8,1,31,5,1,5
401532441,2023,11,regular,Akron,Mid-American,away,0,0,0,13,0,1,,,,,1,0,27:41,2,0,2,7-62,1.6,23,36,4.2,22-42,176,212,0-4,2-14,14,2,0,2,3,0,27,1,2,2
401532441,2023,11,regular,Miami (OH),Mid-American,home,19,2,0,,,,7,1,0,2,0,2,32:19,0,1,1,2-10,4.7,40,186,2.9,8-17,50,236,0-1,4-14,11,28,0,2,7,0,31,6,2,9
401532439,2023,11,regular,Buffalo,Mid-American,home,10,1,0,13,0,3,4,,,,0,1,32:10,0,1,1,3-25,2.8,41,114,7.9,16-23,181,295,3-5,7-16,14,,,,3,0,34,2,1,2
401532439,2023,11,regular,Ohio,Mid-American,away,20,2,0,17,0,1,8,,,,1,0,27:50,0,0,0,4-17,3.8,30,115,5.8,14-21,121,236,1-1,4-10,15,5,0,1,10,0,52,2,1,3
401532442,2023,11,regular,Bowling Green,Mid-American,away,49,5,2,81,0,2,7,57,0,1,1,1,30:29,1,0,1,11-56,4.9,39,190,12.4,17-23,286,476,2-3,4-10,18,51,0,3,6,0,40,4,1,7
401532442,2023,11,regular,Kent State,Mid-American,home,19,1,1,145,0,7,7,0,0,1,0,1,29:31,1,1,2,5-35,2.3,32,74,7.1,23-40,284,358,1-2,3-13,20,,,,4,0,36,2,1,4
401532440,2023,11,regular,Eastern Michigan,Mid-American,away,23,2,1,71,0,5,5,35,0,1,1,0,28:51,1,0,1,7-53,4.0,35,141,4.6,10-25,114,255,2-2,6-15,18,,,,2,0,30,2,3,0
401532440,2023,11,regular,Toledo,Mid-American,home,49,4,3,66,0,4,7,3,0,1,0,2,31:09,1,1,2,4-39,3.1,33,101,15.1,23-27,407,508,1-1,5-7,27,41,0,3,3,0,27,2,5,5
401540428,2023,11,regular,Lindenwood,Big South-OVC,home,3,0,0,55,0,4,3,,,,0,1,27:04,2,1,3,4-50,2.3,26,61,5.0,18-38,191,252,3-4,2-12,17,6,0,1,,,,,,
401540428,2023,11,regular,Bryant,Big South-OVC,away,38,1,4,15,0,1,8,0,0,2,1,,32:56,0,0,0,11-100,4.1,27,111,8.8,34-43,377,488,1-1,9-13,26,1,0,1,,,,,,
401540113,2023,11,regular,Bethune-Cookman,SWAC,home,31,4,0,11,0,1,7,0,0,1,2,2,32:48,1,2,3,2-20,7.1,58,412,3.6,9-19,68,480,1-1,8-15,25,13,0,1,,,,,,
401540113,2023,11,regular,Alabama A&M,SWAC,away,14,1,1,64,0,4,2,0,0,1,3,1,27:12,2,1,3,7-70,3.7,35,130,5.2,18-33,173,303,1-2,6-15,18,,,,,,,,,
401520399,2023,11,regular,New Mexico State,Conference USA,away,38,2,2,18,0,1,8,57,1,1,0,1,32:49,0,0,0,7-65,6.1,36,220,5.9,14-24,141,361,2-3,5-12,20,1,0,1,2,1,38,0,0,5
401520399,2023,11,regular,Western Kentucky,Conference USA,home,29,1,3,102,0,5,3,,,,0,1,27:11,1,0,1,2-15,5.4,31,167,7.5,20-36,270,437,2-2,5-12,26,,,,5,0,31,0,4,2
401520387,2023,11,regular,Sam Houston,Conference USA,away,42,4,1,,,,6,45,1,2,2,0,28:37,0,0,0,5-21,4.4,33,144,9.6,18-28,269,413,0-0,9-15,19,31,0,2,7,1,38,1,1,3
401520387,2023,11,regular,Louisiana Tech,Conference USA,home,27,2,1,113,0,5,9,,,,0,4,31:23,2,2,4,5-50,4.0,26,105,9.7,30-43,419,501,2-3,3-11,20,23,0,3,9,0,30,2,0,1
401520390,2023,11,regular,Middle Tennessee,Conference USA,home,40,0,4,19,0,1,8,,,,1,0,29:29,0,0,0,4-30,3.9,36,139,10.7,20-27,288,427,1-2,6-14,19,3,0,1,7,0,49,4,3,5
401520390,2023,11,regular,Florida International,Conference USA,away,6,0,0,87,0,5,6,,,,0,3,30:31,0,1,1,6-55,1.3,36,47,5.9,23-39,230,277,2-3,5-18,17,,,,4,0,37,0,2,1
401540122,2023,11,regular,Mississippi Valley State,SWAC,home,3,0,0,50,0,2,3,,,,0,2,32:35,1,2,3,4-17,1.6,33,54,3.2,16-24,76,130,1-2,3-16,8,24,0,3,,,,,,
401540122,2023,11,regular,Alabama State,SWAC,away,20,2,1,21,0,1,2,,,,2,,27:25,0,0,0,4-30,3.9,26,102,5.4,15-22,119,221,2-4,0-11,8,22,0,3,,,,,,
401540139,2023,11,regular,Grambling,SWAC,away,43,3,3,64,0,4,5,26,0,2,0,1,31:22,0,1,1,10-77,7.6,28,213,7.1,18-28,198,411,0-1,3-9,21,-2,0,3,,,,,,
401540139,2023,11,regular,Arkansas-Pine Bluff,SWAC,home,14,1,1,97,0,5,2,,,,1,1,28:38,2,0,2,9-86,3.2,38,123,4.9,14-29,143,266,2-4,1-14,13,19,0,3,,,,,,
401524054,2023,11,regular,Stanford,Pac-12,away,17,1,1,0,0,1,5,,,,0,2,29:13,4,0,4,4-45,2.6,32,82,7.6,14-32,242,324,0-1,3-13,18,9,0,1,4,0,27,1,3,0
401524054,2023,11,regular,Oregon State,Pac-12,home,62,6,3,15,0,1,8,39,0,4,0,,30:47,0,0,0,5-51,6.9,40,277,11.5,18-28,321,598,2-2,2-7,29,3,0,1,12,0,29,6,5,7
401524051,2023,11,regular,California,Pac-12,home,42,2,2,16,0,1,6,4,0,1,3,4,24:15,0,2,2,11-100,4.9,36,177,7.1,14-21,150,327,1-1,3-9,16,,,,9,0,53,6,1,5
401524051,2023,11,regular,Washington State,Pac-12,away,39,2,3,84,0,5,7,,,,2,4,35:45,1,3,4,7-60,3.4,37,125,6.0,35-60,358,483,3-4,5-15,32,17,0,1,5,0,30,2,1,2
401520385,2023,11,regular,UConn,FBS Independents,away,6,0,0,81,0,3,6,,,,0,1,29:08,1,1,2,5-39,3.2,25,79,5.9,23-41,240,319,2-5,3-15,15,6,0,2,6,0,36,2,1,2
401520385,2023,11,regular,James Madison,Sun Belt,home,44,0,4,,,,14,81,1,1,1,1,30:52,0,0,0,5-30,2.0,23,46,12.4,33-37,457,503,0-0,3-9,23,,,,7,1,36,1,6,3
401531914,2023,11,regular,Georgia Southern,Sun Belt,away,33,0,3,84,0,4,15,-2,0,1,1,1,32:42,0,0,0,7-45,3.2,24,77,5.5,29-56,307,384,2-3,5-19,18,68,0,4,6,0,26,2,1,4
401531914,2023,11,regular,Marshall,Sun Belt,home,38,4,0,109,1,2,8,,,,0,4,27:18,1,1,2,9-74,5.1,33,169,9.6,15-21,201,370,0-0,2-9,14,,,,7,1,34,2,14,10
401540169,2023,11,regular,Southern,SWAC,home,21,2,1,97,0,6,3,,,,1,0,26:53,0,0,0,7-67,3.1,34,105,8.5,18-26,222,327,1-3,2-12,18,-9,0,1,,,,,,
401540169,2023,11,regular,Prairie View A&M,SWAC,away,27,2,1,75,0,2,9,,,,0,1,33:07,0,1,1,4-36,3.4,48,163,11.5,10-16,184,347,1-2,3-12,19,18,0,4,,,,,,
401540131,2023,11,regular,Alcorn State,SWAC,away,10,1,0,87,0,5,4,,,,0,1,30:36,1,1,2,5-49,2.3,26,59,6.5,19-40,259,318,1-1,5-16,14,-1,0,1,,,,,,
401540131,2023,11,regular,Texas Southern,SWAC,home,44,4,2,28,0,2,8,43,0,1,1,2,29:24,0,0,0,10-65,5.3,37,196,12.6,18-24,303,499,0-1,5-14,20,7,0,1,,,,,,
401524053,2023,11,regular,Oregon,Pac-12,home,36,1,4,54,0,3,6,,,,1,2,30:42,0,0,0,13-120,4.5,31,140,12.9,23-32,412,552,1-1,4-9,25,,,,5,0,32,3,4,1
401524053,2023,11,regular,USC,Pac-12,away,27,3,1,15,0,2,3,,,,0,2,29:18,0,1,1,6-45,2.9,25,73,8.7,20-35,306,379,1-1,6-12,21,,,,2,0,29,0,1,0
401524055,2023,11,regular,Arizona State,Pac-12,away,17,1,1,,,,5,,,,1,0,36:54,1,0,1,7-46,2.5,30,74,4.5,22-39,176,250,1-2,4-15,21,3,0,1,3,0,36,3,0,6
401524055,2023,11,regular,UCLA,Pac-12,home,7,0,1,44,0,2,1,0,0,1,0,2,23:06,0,1,1,9-86,4.9,37,183,5.6,11-21,117,300,0-4,3-11,15,31,0,1,7,0,37,2,1,3
401524052,2023,11,regular,Colorado,Pac-12,home,31,2,2,,,,7,,,,0,1,31:48,0,0,0,11-83,2.6,30,77,7.5,22-35,262,339,1-1,5-15,18,73,0,7,4,0,39,1,2,5
401524052,2023,11,regular,Arizona,Pac-12,away,34,2,2,40,0,2,10,,,,0,,28:12,0,0,0,8-87,7.7,27,207,6.1,21-35,214,421,0-0,4-12,22,6,0,2,3,0,41,3,3,6
401531912,2023,11,regular,Coastal Carolina,Sun Belt,home,31,2,2,33,0,5,7,,,,0,3,34:18,0,0,0,3-24,4.3,44,188,5.7,18-28,159,347,1-3,8-15,23,-5,0,2,8,0,34,4,4,2
401531912,2023,11,regular,Texas State,Sun Belt,away,23,3,0,61,0,3,5,,,,0,,25:42,0,0,0,12-122,4.1,48,199,4.3,10-19,81,280,2-4,6-16,15,33,0,2,7,0,41,1,2,3
401520388,2023,11,regular,Liberty,Conference USA,home,38,2,3,,,,8,9,0,1,,,31:39,1,0,1,4-50,5.1,45,230,9.4,13-24,225,455,1-2,6-13,22,1,0,1,11,0,43,5,0,3
401520388,2023,11,regular,Old Dominion,Sun Belt,away,10,0,1,45,0,3,4,12,0,1,0,2,28:21,1,0,1,5-50,2.9,41,119,3.8,23-42,161,280,4-7,7-22,17,13,0,2,0,0,29,0,0,0
401531913,2023,11,regular,Georgia State,Sun Belt,home,14,0,2,41,0,3,2,0,0,1,1,1,32:55,1,1,2,6-69,3.0,47,139,3.9,16-31,121,260,1-2,7-19,17,,,,5,0,36,0,1,4
401531913,2023,11,regular,App State,Sun Belt,away,42,3,3,23,0,1,6,0,0,1,1,3,27:05,1,1,2,4-50,6.5,39,254,12.1,14-21,255,509,0-1,5-10,19,14,0,1,9,0,49,1,2,5
401531916,2023,11,regular,Arkansas State,Sun Belt,away,14,0,1,30,0,2,6,,,,1,1,27:08,1,0,1,3-15,3.2,36,116,6.6,15-28,186,302,1-3,2-13,19,2,0,2,8,0,35,2,0,2
401531916,2023,11,regular,South Alabama,Sun Belt,home,21,1,2,40,0,1,3,13,0,1,0,2,32:52,0,1,1,8-71,5.0,40,199,5.8,19-25,145,344,2-3,5-15,15,,,,11,0,33,4,7,5
401531911,2023,11,regular,Southern Miss,Sun Belt,away,34,3,2,72,0,4,4,,,,2,4,33:33,0,2,2,5-28,4.3,53,229,6.2,14-26,161,390,0-0,10-18,22,-8,0,1,4,0,37,1,1,1
401531911,2023,11,regular,Louisiana,Sun Belt,home,31,1,2,137,1,3,7,,,,2,6,26:27,0,2,2,10-94,4.1,32,130,6.8,24-38,260,390,2-5,4-15,20,,,,7,1,53,2,6,4
401531915,2023,11,regular,Troy,Sun Belt,away,45,1,5,47,0,2,9,,,,1,0,32:21,0,0,0,4-35,2.8,29,82,5.7,28-46,264,346,1-2,6-14,26,4,0,2,11,0,29,9,1,3
401531915,2023,11,regular,UL Monroe,Sun Belt,home,14,0,2,74,0,2,2,,,,0,3,27:39,0,1,1,8-76,2.1,31,66,6.8,20-36,243,309,0-4,4-15,16,4,0,2,4,0,28,2,4,5
401520397,2023,11,regular,Texas A&M,SEC,home,51,3,2,3,0,2,15,6,0,3,1,2,30:24,0,0,0,5-35,5.5,45,246,7.1,11-21,150,396,1-2,4-11,24,6,0,1,7,0,33,5,7,4
401520397,2023,11,regular,Mississippi State,SEC,away,10,0,0,172,1,5,4,,,,0,1,29:36,3,1,4,12-100,3.7,36,133,5.0,10-21,104,237,0-1,3-13,12,1,0,1,6,1,39,2,3,3
401532438,2023,11,regular,Central Michigan,Mid-American,away,28,1,3,89,0,7,4,9,0,1,0,2,28:12,1,1,2,7-67,5.9,36,213,7.6,14-27,205,418,0-1,6-14,19,31,0,4,6,0,54,1,0,6
401532438,2023,11,regular,Western Michigan,Mid-American,home,38,2,3,55,0,3,8,0,0,1,1,1,31:48,1,0,1,10-87,3.4,45,151,9.3,25-36,333,484,3-4,6-16,23,9,0,1,4,0,46,2,7,2
401532437,2023,11,regular,Northern Illinois,Mid-American,home,17,2,0,43,0,3,5,,,,0,4,25:10,0,3,3,2-18,6.0,29,174,5.0,15-28,141,315,1-1,3-10,17,0,0,1,6,0,40,0,4,3
401532437,2023,11,regular,Ball State,Mid-American,away,20,1,1,34,0,3,8,,,,3,1,34:50,0,0,0,3-25,4.2,44,186,4.6,15-25,115,301,1-1,10-18,20,11,0,1,3,0,36,2,1,3
401540055,2023,11,regular,Georgetown,Patriot,away,50,2,4,144,1,6,6,6,0,2,1,1,31:18,2,0,2,8-84,2.1,29,61,9.5,27-38,361,422,0-0,5-13,20,30,0,1,,,,,,
401540055,2023,11,regular,Bucknell,Patriot,home,47,3,3,89,0,6,7,18,0,2,0,1,28:42,2,1,3,3-35,3.5,39,136,7.2,20-41,296,432,2-4,6-17,24,4,0,2,,,,,,
401540084,2023,11,regular,Lehigh,Patriot,away,21,1,2,105,0,6,3,,,,1,1,22:15,0,1,1,8-76,5.2,24,125,6.5,17-33,216,341,1-3,5-13,16,-1,0,1,,,,,,
401540084,2023,11,regular,Colgate,Patriot,home,37,2,3,21,0,2,7,,,,1,1,37:45,0,1,1,5-65,3.0,42,125,10.6,28-34,360,485,1-2,8-15,25,0,0,1,,,,,,
401540076,2023,11,regular,Lafayette,Patriot,home,24,2,1,0,0,1,6,,,,0,,31:49,0,0,0,3-24,5.6,38,211,6.5,16-21,137,348,1-1,7-12,19,,,,,,,,,
401540076,2023,11,regular,Fordham,Patriot,away,16,1,1,47,0,3,4,,,,1,1,28:11,0,0,0,9-59,3.5,32,113,7.4,23-34,253,366,1-2,6-13,23,5,0,1,,,,,,
401520381,2023,11,regular,Army,FBS Independents,home,17,1,0,10,0,1,5,8,0,1,1,0,27:38,0,0,0,6-68,4.6,41,190,13.2,4-6,79,269,2-3,5-12,11,32,1,2,6,1,38,5,1,1
401520381,2023,11,regular,Holy Cross,Patriot,away,14,0,2,,,,2,,,,0,1,32:22,1,1,2,8-65,5.0,48,239,6.8,16-23,156,395,3-5,8-15,26,0,0,1,2,0,27,0,0,0
401540381,2023,11,regular,Nicholls,Southland,home,37,2,3,65,0,3,7,16,0,2,1,1,33:46,0,0,0,3-19,7.3,48,349,6.2,9-17,106,455,1-1,7-13,24,,,,,,,,,
401540381,2023,11,regular,Lamar,Southland,away,24,1,2,181,0,8,2,,,,0,1,26:14,2,1,3,5-39,4.1,31,127,8.3,17-35,289,416,3-6,5-14,18,-2,0,1,,,,,,
401540318,2023,11,regular,Campbell,Coastal Athletic,home,7,1,0,60,0,4,1,0,0,1,0,1,29:25,2,1,3,5-40,4.0,34,137,4.7,16-32,151,288,1-2,6-15,17,10,0,1,,,,,,
401540318,2023,11,regular,Delaware,CAA,away,45,1,4,16,0,1,9,105,1,2,1,0,30:35,1,0,1,4-50,2.9,31,90,7.9,24-40,316,406,1-2,7-12,25,,,,,,,,,
401524056,2023,11,regular,Utah,Pac-12,away,28,2,2,55,0,4,4,,,,1,1,25:02,2,0,2,8-97,4.3,27,115,8.9,17-30,267,382,0-1,5-11,17,,,,3,0,44,1,0,1
401524056,2023,11,regular,Washington,Pac-12,home,35,2,2,114,0,4,9,76,0,2,0,2,34:58,0,1,1,11-100,3.8,33,125,7.9,24-42,332,457,2-2,5-14,26,4,0,2,4,0,32,0,0,2
401540233,2023,11,regular,Sacramento State,Big Sky,home,41,2,3,146,0,6,11,30,0,2,0,,30:23,1,0,1,5-38,6.1,37,225,12.0,17-26,313,538,0-0,6-12,23,16,0,2,,,,,,
401540233,2023,11,regular,Cal Poly,Big Sky,away,30,1,2,82,0,4,12,26,0,1,0,,29:37,2,0,2,3-23,3.2,14,45,8.4,38-59,494,539,2-3,2-12,24,,,,,,,,,
401540257,2023,11,regular,Idaho State,Big Sky,home,14,0,2,64,0,2,2,10,0,1,0,3,27:49,2,2,4,4-35,3.2,24,77,5.9,33-56,333,410,2-4,6-18,19,14,0,2,,,,,,
401540257,2023,11,regular,UC Davis,Big Sky,away,21,3,0,40,0,2,3,15,0,2,2,0,32:11,1,0,1,7-53,7.2,37,268,5.3,14-24,126,394,0-0,3-12,17,10,0,1,,,,,,
401525887,2023,11,regular,Houston,Big 12,home,14,0,2,11,0,1,2,,,,1,0,23:05,3,0,3,3-25,6.0,23,139,3.6,16-28,102,241,0-1,6-13,12,7,0,1,9,0,46,4,4,1
401525887,2023,11,regular,Cincinnati,Big 12,away,24,2,1,,,,6,45,0,3,0,1,36:55,0,1,1,2-8,4.3,48,204,7.1,17-23,164,368,0-2,7-13,22,4,0,1,4,0,30,1,2,4
401540352,2023,11,regular,Northern Iowa,MVFC,away,16,0,1,59,0,3,10,0,0,1,1,0,27:27,2,0,2,12-103,4.2,28,117,5.2,14-35,182,299,0-2,5-14,17,10,0,1,,,,,,
401540352,2023,11,regular,Missouri State,MVFC,home,35,1,4,31,0,2,5,28,0,2,0,1,32:33,1,1,2,10-104,3.5,30,104,9.3,27-35,326,430,2-2,5-12,24,15,0,1,,,,,,
401540387,2023,11,regular,Southern Illinois,MVFC,away,10,1,0,83,0,3,4,,,,1,0,21:44,1,0,1,4-40,2.1,26,55,5.2,16-29,151,206,0-1,4-13,12,0,0,1,,,,,,
401540387,2023,11,regular,North Dakota State,MVFC,home,34,4,0,9,0,1,10,0,0,1,0,2,38:16,0,1,1,6-50,4.8,45,217,12.2,15-19,232,449,0-0,7-12,21,-2,0,2,,,,,,
401520393,2023,11,regular,Michigan State,Big Ten,away,3,0,0,,,,3,,,,0,,28:48,0,0,0,5-36,3.2,29,94,3.5,13-25,88,182,2-2,2-14,11,-2,0,1,2,0,40,0,0,2
401520393,2023,11,regular,Ohio State,Big Ten,home,38,2,3,,,,8,,,,0,,31:12,0,0,0,3-25,5.5,32,177,10.4,26-34,353,530,0-0,5-11,25,11,0,1,6,0,30,2,0,5
401520392,2023,11,regular,Nebraska,Big Ten,home,10,1,0,10,0,1,4,0,0,1,2,1,31:01,4,1,5,1-15,4.6,40,183,4.1,10-21,86,269,2-3,2-9,17,6,0,1,8,0,28,1,3,7
401520392,2023,11,regular,Maryland,Big Ten,away,13,0,1,,,,7,40,0,4,1,2,28:59,1,2,3,10-92,3.9,26,101,7.1,27-40,283,384,0-2,6-13,19,6,0,1,5,0,38,1,2,2
401520384,2023,11,regular,Iowa,Big Ten,home,22,1,1,,,,10,39,0,1,0,1,38:22,1,0,1,0-0,3.9,46,179,7.2,20-31,223,402,2-2,9-18,21,3,0,1,3,0,14,1,1,4
401520384,2023,11,regular,Rutgers,Big Ten,away,0,0,0,,,,,2,0,1,0,1,21:38,1,0,1,7-40,1.5,23,34,5.2,7-18,93,127,0-0,2-11,7,-9,0,1,2,0,47,0,0,2
401520394,2023,11,regular,Penn State,Big Ten,home,15,1,1,,,,3,,,,0,1,26:48,0,1,1,5-33,4.7,35,164,3.2,11-23,74,238,2-3,4-14,17,5,0,1,7,0,38,1,1,1
401520394,2023,11,regular,Michigan,Big Ten,away,24,3,0,,,,6,,,,1,1,33:12,0,0,0,6-50,4.9,46,227,7.5,7-8,60,287,1-1,6-13,15,7,0,3,3,0,33,1,2,4
401520383,2023,11,regular,Illinois,Big Ten,home,48,2,4,54,0,3,12,0,0,1,1,2,30:09,1,1,2,14-139,4.4,35,155,14.1,24-36,507,662,1-1,3-10,31,4,0,1,7,0,42,3,2,4
401520383,2023,11,regular,Indiana,Big Ten,away,45,3,3,108,0,4,7,0,0,1,1,1,29:51,1,1,2,7-80,3.8,43,162,8.8,22-33,289,451,0-1,7-13,30,,,,6,0,38,1,1,4
401540010,2023,11,regular,Central Connecticut,NEC,away,24,1,2,72,0,4,6,,,,0,3,26:25,2,1,3,1-5,4.3,35,152,8.2,12-19,156,308,0-0,3-8,21,9,0,2,,,,,,
401540010,2023,11,regular,Merrimack,NEC,home,35,2,3,91,0,4,5,28,0,2,1,0,33:35,0,0,0,6-47,4.2,40,169,12.7,11-15,190,359,2-3,5-12,15,13,0,1,,,,,,
401540305,2023,11,regular,Indiana State,MVFC,home,27,2,1,0,0,1,9,20,0,1,0,2,33:13,0,0,0,3-30,5.5,38,209,6.7,11-20,134,343,1-1,6-15,15,28,0,2,,,,,,
401540305,2023,11,regular,Western Illinois,MVFC,away,6,0,1,81,0,4,0,,,,0,,26:47,1,0,1,4-13,1.6,31,50,5.9,18-30,177,227,1-4,2-14,13,,,,,,,,,
401540453,2023,11,regular,South Dakota State,MVFC,away,34,1,3,40,0,1,10,5,0,1,0,1,33:31,0,0,0,12-119,5.7,29,166,9.8,22-33,324,490,1-1,6-13,22,1,0,1,,,,,,
401540453,2023,11,regular,Youngstown State,MVFC,home,0,0,0,12,0,3,0,,,,0,1,26:29,1,0,1,4-25,1.9,25,47,5.3,18-30,160,207,0-2,2-11,16,9,0,1,,,,,,
401539976,2023,11,regular,Norfolk State,MEAC,away,44,3,2,70,0,1,14,42,0,3,0,1,36:08,0,1,1,11-80,6.1,47,285,14.5,8-12,174,459,1-1,4-11,18,9,0,2,,,,,,
401539976,2023,11,regular,Delaware State,MEAC,home,21,2,1,42,0,7,3,,,,1,0,23:52,3,0,3,3-17,2.6,26,68,7.8,9-17,133,201,0-0,2-7,13,,,,,,,,,
401534857,2023,11,regular,North Carolina Central,MEAC,away,20,1,1,126,0,7,2,,,,0,,25:32,0,0,0,9-62,5.5,22,121,3.1,11-25,77,198,1-1,3-11,10,85,0,1,,,,,,
401534857,2023,11,regular,Howard,MEAC,home,50,4,3,45,0,2,6,,,,0,,34:28,0,0,0,6-55,6.8,36,244,8.4,23-33,277,521,3-3,6-13,28,67,0,2,,,,,,
401539985,2023,11,regular,South Carolina State,MEAC,home,17,0,1,39,0,3,5,,,,2,1,30:52,2,1,3,2-20,4.2,33,137,3.9,4-14,54,191,1-1,2-10,11,6,0,1,,,,,,
401539985,2023,11,regular,Morgan State,MEAC,away,20,2,0,94,0,4,2,0,0,2,1,2,29:08,0,2,2,3-35,3.2,49,158,6.1,5-14,86,244,0-2,4-12,17,7,0,1,,,,,,
401540374,2023,11,regular,South Dakota,MVFC,home,14,2,0,16,0,1,2,0,0,1,0,1,32:14,1,1,2,6-45,2.8,30,84,11.4,21-29,332,416,0-1,6-11,22,14,0,1,,,,,,
401540374,2023,11,regular,North Dakota,MVFC,away,10,0,0,99,1,1,4,,,,1,0,27:46,1,0,1,3-32,3.3,29,95,4.8,16-24,116,211,1-2,4-11,14,,,,,,,,,
401531384,2023,11,regular,Navy,American Athletic,home,31,2,1,62,0,3,7,139,1,2,0,3,33:15,1,1,2,8-69,5.7,47,269,9.4,7-10,94,363,1-2,6-12,16,20,0,3,7,1,44,4,4,1
401531384,2023,11,regular,UAB,American Athletic,away,6,0,0,79,0,6,6,0,0,1,1,0,26:45,2,0,2,5-35,3.8,30,115,5.7,25-36,206,321,0-1,6-16,19,13,0,2,3,0,41,1,1,1
401531416,2023,11,regular,East Carolina,American Athletic,away,22,1,0,,,,16,0,0,1,0,1,32:03,1,0,1,2-25,2.1,38,79,5.2,18-30,156,235,0-2,5-17,13,37,0,4,10,0,36,5,3,4
401531416,2023,11,regular,Florida Atlantic,American Athletic,home,7,1,0,16,0,1,1,0,0,1,0,1,27:57,1,0,1,1-9,0.7,31,21,4.1,24-37,151,172,1-5,4-17,12,,,,15,0,37,3,4,2
401531408,2023,11,regular,Memphis,American Athletic,away,44,3,2,111,0,4,8,90,1,4,0,2,28:51,2,2,4,4-55,3.3,31,101,6.7,32-49,329,430,1-2,7-13,29,0,0,1,5,1,32,2,0,3
401531408,2023,11,regular,Charlotte,American Athletic,home,38,5,0,143,0,5,8,27,0,2,2,0,31:09,4,0,4,9-81,5.7,39,223,6.5,14-26,168,391,0-1,4-12,19,-1,0,1,5,0,35,0,5,5
401531437,2023,11,regular,SMU,American Athletic,home,45,4,2,,,,9,0,0,1,1,0,33:26,1,0,1,3-25,5.5,58,318,11.7,11-20,234,552,2-4,5-11,28,19,0,1,7,0,40,4,2,3
401531437,2023,11,regular,North Texas,American Athletic,away,21,1,2,16,0,1,3,0,0,1,0,1,26:34,1,1,2,9-64,4.0,33,132,7.7,18-31,240,372,2-3,4-14,18,16,0,1,3,0,52,2,2,3
401531400,2023,11,regular,UTSA,American Athletic,home,34,2,1,,,,10,,,,1,2,30:11,0,1,1,5-52,4.6,43,199,6.7,16-27,182,381,1-1,4-12,23,67,1,4,10,1,42,6,1,3
401531400,2023,11,regular,Rice,American Athletic,away,14,0,2,14,0,1,2,,,,1,3,29:49,0,1,1,5-34,1.7,28,47,6.5,17-28,182,229,2-2,2-12,17,,,,4,0,38,1,2,7
401540436,2023,11,regular,SE Louisiana,Southland,away,52,6,1,40,0,1,10,20,0,4,2,1,34:37,0,0,0,10-85,5.1,44,226,6.1,18-31,190,416,2-4,7-16,25,33,0,4,,,,,,
401540436,2023,11,regular,East Texas A&M,Southland,home,14,1,1,60,0,3,2,,,,1,2,25:23,4,1,5,7-87,-0.7,32,-23,8.6,14-27,232,209,1-1,4-14,11,,,,,,,,,
401540596,2023,11,regular,Western Carolina,Southern,home,58,1,6,43,0,2,16,0,0,3,1,1,31:28,0,0,0,5-50,5.6,31,174,9.9,34-52,513,687,2-2,4-11,35,31,0,5,,,,,,
401540596,2023,11,regular,East Tennessee State,Southern,away,7,1,0,72,0,3,1,,,,0,1,28:32,3,1,4,5-37,2.4,34,83,8.8,5-15,132,215,0-0,4-13,8,,,,,,,,,
401540615,2023,11,regular,Samford,Southern,away,21,1,2,17,0,2,3,,,,1,0,23:05,1,0,1,6-75,4.1,27,112,5.8,25-36,210,322,2-2,3-12,18,-1,0,1,,,,,,
401540615,2023,11,regular,Mercer,Southern,home,28,4,0,62,0,3,2,1,0,1,0,3,36:55,0,1,1,8-58,5.0,49,243,5.5,18-25,137,380,0-0,7-13,28,-3,0,2,,,,,,
401540603,2023,11,regular,Furman,Southern,home,37,0,4,,,,13,1,0,1,0,1,31:02,0,0,0,4-25,3.3,38,125,8.4,20-27,226,351,0-1,5-14,17,36,0,5,,,,,,
401540603,2023,11,regular,VMI,Southern,away,3,0,0,,,,3,,,,0,2,28:58,1,1,2,3-35,0.9,33,30,5.7,15-28,159,189,0-0,2-12,13,,,,,,,,,
401540361,2023,11,regular,McNeese,Southland,home,24,2,1,98,0,3,6,,,,1,3,30:04,1,3,4,9-62,4.3,29,126,7.4,20-35,260,386,0-0,7-13,22,-10,0,1,,,,,,
401540361,2023,11,regular,Houston Christian,Southland,away,35,3,1,22,0,2,5,,,,0,1,29:56,0,1,1,8-71,4.7,48,225,6.1,10-22,135,360,1-1,9-16,22,,,,,,,,,
401520398,2023,11,regular,Northwestern,Big Ten,away,24,1,2,39,0,2,6,,,,3,2,32:10,0,0,0,5-27,3.4,38,129,7.5,18-26,195,324,0-0,11-17,18,6,0,3,3,0,47,2,0,5
401520398,2023,11,regular,Wisconsin,Big Ten,home,10,1,0,80,0,5,4,,,,0,1,27:50,0,1,1,5-50,3.6,24,86,5.7,31-45,255,341,0-1,9-17,17,1,0,1,4,0,38,1,2,2
401520395,2023,11,regular,Purdue,Big Ten,home,49,4,3,3,0,1,7,,,,0,1,31:17,0,0,0,6-60,8.0,44,353,10.0,17-25,251,604,2-2,4-10,25,3,0,2,2,0,30,1,1,5
401520395,2023,11,regular,Minnesota,Big Ten,away,30,0,3,13,0,2,12,,,,0,1,28:43,0,0,0,2-19,4.3,27,115,7.0,18-42,292,407,2-2,4-14,21,,,,1,0,39,1,1,0
401540610,2023,11,regular,Virginia Lynchburg,,away,3,0,0,88,0,6,3,,,,1,1,26:57,1,0,1,4-50,2.0,28,55,2.8,10-18,50,105,1-1,1-11,8,,,,,,,,,
401540610,2023,11,regular,Kennesaw State,FCS Independents,home,63,6,2,42,0,1,9,34,1,1,0,,33:03,0,0,0,8-89,7.5,51,382,13.0,9-12,156,538,0-1,7-8,33,17,0,3,,,,,,
401531393,2023,11,regular,Temple,American Athletic,away,23,0,3,2,0,1,5,0,0,1,0,1,27:46,3,1,4,7-62,4.2,26,109,6.0,24-47,280,389,4-4,2-13,24,,,,13,0,46,6,1,0
401531393,2023,11,regular,South Florida,American Athletic,home,27,1,1,27,0,1,9,22,1,3,1,2,32:14,1,0,1,10-70,2.6,52,135,11.3,18-28,316,451,1-3,6-17,27,,,,5,1,35,0,3,7
401531344,2023,11,regular,Tulane,American Athletic,home,24,1,1,159,1,4,6,0,0,1,0,,30:31,1,0,1,1-10,4.7,35,163,6.7,16-29,194,357,1-1,4-13,17,0,0,1,5,1,43,2,1,5
401531344,2023,11,regular,Tulsa,American Athletic,away,22,0,2,,,,10,0,0,1,0,,29:29,1,0,1,4-25,3.7,33,122,8.7,26-41,355,477,0-1,7-17,22,,,,3,0,36,1,2,7
401525550,2023,11,regular,Miami,ACC,away,20,0,2,37,0,2,8,,,,0,,29:20,1,0,1,7-40,3.9,34,131,6.8,10-30,204,335,1-2,4-16,13,16,0,1,9,0,33,3,2,0
401525550,2023,11,regular,Florida State,ACC,home,27,2,1,21,0,1,9,0,0,1,0,1,30:40,0,0,0,3-35,1.8,31,57,8.5,19-31,265,322,0-0,3-12,17,62,0,3,7,0,25,2,3,8
401525548,2023,11,regular,Clemson,ACC,home,42,1,4,,,,6,50,1,4,0,,36:52,1,0,1,6-69,5.9,44,260,5.5,23-37,205,465,4-6,7-16,24,7,0,2,11,1,33,4,3,6
401525548,2023,11,regular,Georgia Tech,ACC,away,21,1,2,,,,3,0,0,1,0,,23:08,4,0,4,4-38,3.5,33,117,4.3,14-32,137,254,2-3,6-16,13,,,,7,0,41,2,3,3
401525546,2023,11,regular,Virginia,ACC,away,24,1,1,19,0,1,6,28,1,1,0,2,30:08,1,1,2,13-100,3.3,36,120,9.8,20-32,314,434,2-3,4-15,21,,,,5,1,34,2,1,1
401525546,2023,11,regular,Louisville,ACC,home,31,1,2,37,0,2,7,0,0,1,1,1,29:52,1,0,1,7-60,5.8,31,180,8.7,19-28,243,423,0-1,4-11,19,21,1,5,9,1,32,4,2,3
401525547,2023,11,regular,Virginia Tech,ACC,away,48,4,2,11,0,2,12,-4,0,2,0,5,36:01,0,2,2,5-25,7.1,51,363,11.3,14-21,237,600,2-2,7-15,24,9,0,3,2,0,24,0,1,2
401525547,2023,11,regular,Boston College,ACC,home,22,2,1,22,0,1,2,,,,1,0,23:59,2,0,2,4-35,4.3,29,124,5.1,13-27,138,262,3-3,3-12,14,,,,1,0,39,1,5,0
401525549,2023,11,regular,North Carolina,ACC,home,47,3,1,3,0,2,21,,,,0,1,28:36,1,0,1,3-20,4.4,44,195,8.0,28-43,342,537,2-2,11-19,30,,,,6,0,40,3,2,4
401525549,2023,11,regular,Duke,ACC,away,45,3,3,30,0,1,7,12,0,1,0,,31:24,0,0,0,8-83,4.2,43,179,6.9,17-29,200,379,4-4,5-15,22,5,0,1,8,0,57,2,5,3
401525551,2023,11,regular,Wake Forest,ACC,home,6,0,1,49,0,2,0,,,,1,1,19:44,1,1,2,4-40,0.4,18,7,5.4,16-29,156,163,3-3,1-12,8,7,0,1,9,0,41,3,1,2
401525551,2023,11,regular,NC State,ACC,away,26,2,1,,,,6,33,0,1,2,2,40:16,0,1,1,2-10,5.4,50,268,6.5,12-17,111,379,3-3,5-14,19,6,0,1,5,0,24,3,4,5
401525552,2023,11,regular,Pittsburgh,ACC,away,13,0,1,20,0,1,7,,,,1,3,22:34,1,3,4,3-20,2.9,21,60,7.5,16-28,209,269,1-1,3-10,11,47,0,3,3,0,49,0,0,0
401525552,2023,11,regular,Syracuse,ACC,home,28,2,1,7,0,1,4,23,1,1,3,3,37:26,0,1,1,5-30,5.8,66,382,2.1,4-8,17,399,2-4,6-15,21,0,0,1,3,1,30,0,1,1
401532617,2023,11,regular,Colorado State,Mountain West,home,22,2,0,36,0,2,8,,,,1,4,30:18,1,1,2,11-111,4.2,44,183,7.9,18-31,244,427,1-1,9-17,22,7,0,1,7,0,34,3,0,2
401532617,2023,11,regular,San Diego State,Mountain West,away,19,2,0,49,0,2,7,16,0,1,1,1,29:42,0,1,1,4-45,4.5,32,145,5.1,19-25,128,273,1-1,5-14,17,12,0,2,0,0,28,0,0,2
401532614,2023,11,regular,Fresno State,Mountain West,away,18,0,2,31,0,4,4,,,,0,,27:40,2,0,2,1-15,2.7,31,83,5.5,23-41,225,308,2-2,8-17,19,,,,3,0,26,1,1,0
401532614,2023,11,regular,San José State,Mountain West,home,42,2,3,,,,6,113,1,2,0,2,32:20,0,0,0,8-65,7.3,43,313,8.1,9-18,146,459,0-1,4-10,21,,,,11,1,29,5,1,6
401532613,2023,11,regular,Air Force,Mountain West,away,13,1,0,39,0,2,7,,,,0,2,29:26,3,1,4,3-25,4.3,47,201,12.7,3-9,114,315,1-1,7-14,17,,,,2,0,33,1,0,1
401532613,2023,11,regular,Hawai'i,Mountain West,home,27,1,2,,,,3,20,0,3,1,0,30:34,0,0,0,5-56,4.2,29,121,6.1,22-29,176,297,0-0,8-13,18,,,,3,0,31,0,0,1
401532616,2023,11,regular,New Mexico,Mountain West,away,14,2,0,10,0,1,2,,,,0,1,32:53,0,1,1,9-62,4.0,31,123,7.7,17-26,200,323,0-1,4-10,21,,,,3,0,33,1,1,1
401532616,2023,11,regular,Boise State,Mountain West,home,42,3,2,65,0,3,10,,,,1,1,27:07,0,0,0,4-40,5.2,42,219,13.9,11-19,265,484,0-1,6-10,24,,,,7,0,31,3,4,3
401532615,2023,11,regular,Nevada,Mountain West,away,24,1,2,72,0,3,4,15,0,2,0,2,31:17,1,1,2,12-107,4.4,42,183,5.9,14-28,164,347,0-1,3-14,18,53,0,1,5,0,35,1,6,6
401532615,2023,11,regular,Utah State,Mountain West,home,41,1,3,,,,11,63,1,1,1,0,28:43,2,0,2,13-126,6.6,44,292,5.5,18-33,182,474,1-1,7-16,22,23,0,5,5,1,28,4,4,5
401532618,2023,11,regular,Wyoming,Mountain West,away,14,2,0,60,0,3,2,,,,1,2,26:30,1,1,2,2-14,3.7,33,121,6.3,15-28,176,297,0-0,3-11,16,,,,3,0,32,0,0,3
401532618,2023,11,regular,UNLV,Mountain West,home,34,3,1,73,0,3,10,3,0,1,1,2,33:30,0,1,1,4-25,3.6,46,165,9.7,17-24,232,397,0-1,9-15,19,12,0,2,6,0,30,3,0,4
401540297,2023,11,regular,Columbia,Ivy,home,14,0,2,26,0,2,2,,,,0,,30:47,0,0,0,7-64,3.7,35,128,5.5,19-32,176,304,0-2,8-17,17,6,0,2,,,,,,
401540297,2023,11,regular,Brown,Ivy,away,21,2,1,18,0,1,3,,,,1,1,29:13,0,0,0,4-45,3.2,33,104,5.5,31-48,265,369,1-2,8-18,24,59,0,5,,,,,,
401540477,2023,11,regular,Robert Morris,Big South,home,14,2,0,44,0,3,2,,,,2,1,30:28,2,0,2,5-35,5.4,32,173,5.5,15-25,138,311,0-0,3-12,17,0,0,1,,,,,,
401540477,2023,11,regular,Charleston Southern,Big South-OVC,away,12,0,1,22,0,2,6,0,0,2,0,1,29:32,0,1,1,5-64,4.5,37,166,9.9,13-23,227,393,0-1,5-14,16,13,0,2,,,,,,
401540332,2023,11,regular,Dartmouth,Ivy,home,30,3,1,37,0,1,6,,,,1,0,32:35,0,0,0,4-35,5.6,35,196,8.8,14-20,176,372,0-0,5-12,15,24,0,2,,,,,,
401540332,2023,11,regular,Cornell,Ivy,away,14,1,1,53,0,4,2,,,,0,1,27:25,0,1,1,5-49,4.2,27,113,4.9,19-31,153,266,1-3,4-12,16,29,0,3,,,,,,
401540405,2023,11,regular,Morehead State,Pioneer,home,47,1,6,64,0,4,5,78,0,6,0,1,24:19,0,0,0,5-35,3.6,33,118,15.0,10-16,240,358,0-1,2-9,16,1,0,2,,,,,,
401540405,2023,11,regular,Davidson,Pioneer,away,17,1,1,143,0,7,5,,,,0,1,35:41,6,0,6,5-60,5.1,52,263,3.4,16-34,115,378,1-5,7-16,21,,,,,,,,,
401540512,2023,11,regular,Marist,Pioneer,away,6,0,1,56,0,5,0,0,0,1,1,4,29:44,3,2,5,4-40,3.7,26,97,7.2,26-36,259,356,1-3,7-13,17,,,,,,,,,
401540512,2023,11,regular,Dayton,Pioneer,home,35,3,2,59,0,2,5,24,0,3,2,2,30:16,1,1,2,7-65,5.4,36,196,7.6,21-30,228,424,1-1,6-12,22,0,0,1,,,,,,
401540519,2023,11,regular,Presbyterian,Pioneer,away,14,1,1,,,,2,0,0,1,0,4,25:45,0,2,2,8-66,4.9,33,162,3.2,8-21,67,229,0-0,2-12,15,4,0,2,,,,,,
401540519,2023,11,regular,Drake,Pioneer,home,16,1,0,0,0,1,10,,,,2,1,34:15,1,0,1,9-78,3.2,40,126,4.3,18-36,153,279,1-2,7-18,18,45,0,4,,,,,,
401540482,2023,11,regular,Tennessee State,Big South-OVC,away,17,0,2,42,0,3,5,,,,0,,28:44,1,1,2,3-30,2.7,39,106,5.3,19-26,138,244,1-1,2-12,18,15,0,3,,,,,,
401540482,2023,11,regular,Eastern Illinois,Big South-OVC,home,30,3,0,29,0,2,5,0,0,1,1,0,21:30,0,0,0,6-55,5.3,28,147,3.7,10-27,99,246,1-1,3-13,11,28,0,2,,,,,,
401540242,2023,11,regular,Montana State,Big Sky,home,57,3,4,,,,9,0,0,1,1,0,26:25,0,0,0,5-65,7.5,34,255,14.5,15-19,276,531,1-1,5-11,15,,,,,,,,,
401540242,2023,11,regular,Eastern Washington,Big Sky,away,14,0,2,11,0,1,2,,,,0,2,27:40,2,1,3,3-22,2.0,32,63,8.1,30-41,331,394,1-2,4-16,19,14,0,2,,,,,,
401540415,2023,11,regular,Richmond,Coastal Athletic,home,38,3,2,86,0,5,8,,,,0,,32:37,1,0,1,3-35,6.0,39,235,6.6,21-28,185,420,2-2,3-11,21,12,0,1,,,,,,
401540415,2023,11,regular,Elon,Coastal Athletic,away,24,1,2,121,0,7,6,0,0,1,0,,27:23,0,0,0,9-75,3.2,28,90,8.5,19-33,281,371,0-2,5-13,17,4,0,1,,,,,,
401540154,2023,11,regular,Lincoln (CA),,away,0,0,0,39,0,3,,,,,1,1,26:30,2,0,2,6-68,1.4,23,32,5.1,14-27,139,171,1-2,3-12,11,1,0,1,,,,,,
401540154,2023,11,regular,Florida A&M,SWAC,home,28,3,0,0,0,1,4,46,1,2,0,1,33:30,0,1,1,10-103,3.8,37,141,5.0,9-19,95,236,2-2,3-9,20,35,0,2,,,,,,
401540487,2023,11,regular,Tennessee Tech,Big South-OVC,home,0,0,0,8,0,1,0,,,,0,,36:13,3,0,3,5-33,0.6,39,23,4.7,24-44,206,229,0-5,6-22,13,16,0,2,,,,,,
401540487,2023,11,regular,Gardner-Webb,Big South-OVC,away,35,0,3,,,,5,56,2,3,0,,23:47,0,0,0,6-90,1.8,33,61,9.0,12-19,171,232,0-1,2-14,7,20,0,2,,,,,,
401540421,2023,11,regular,William & Mary,Coastal Athletic,away,31,1,2,39,0,3,7,63,1,4,1,2,24:39,0,1,1,6-40,5.0,29,146,10.2,6-16,163,309,0-0,5-10,13,0,0,1,,,,,,
401540421,2023,11,regular,Hampton,Coastal Athletic,home,10,0,1,47,0,3,4,,,,1,2,35:21,4,1,5,7-60,4.5,42,187,6.6,14-24,159,346,0-1,7-12,19,,,,,,,,,
401540506,2023,11,regular,New Hampshire,Coastal Athletic,away,31,1,3,67,0,5,7,,,,0,,33:19,1,0,1,2-20,4.2,31,129,5.9,29-47,277,406,4-4,6-17,22,3,0,2,,,,,,
401540506,2023,11,regular,Monmouth,Coastal Athletic,home,24,1,2,37,0,4,6,0,0,1,0,,26:41,0,0,0,6-35,2.1,33,70,12.6,21-32,402,472,3-6,2-14,17,0,0,1,,,,,,
401540264,2023,11,regular,Portland State,Big Sky,home,10,0,1,47,0,4,4,,,,0,,25:23,0,0,0,6-51,3.2,29,93,9.0,12-18,162,255,0-0,4-11,11,,,,,,,,,
401540264,2023,11,regular,Montana,Big Sky,away,34,4,0,31,0,2,10,,,,0,,34:37,0,0,0,9-70,4.7,49,231,8.9,19-29,258,489,2-2,9-16,28,0,0,2,,,,,,
401540547,2023,11,regular,Rhode Island,Coastal Athletic,home,31,3,1,77,0,4,7,,,,1,1,26:10,1,1,2,7-62,7.3,39,286,6.9,11-20,137,423,0-1,3-10,23,8,0,2,,,,,,
401540547,2023,11,regular,North Carolina A&T,Coastal Athletic,away,24,2,1,40,0,4,6,0,0,1,1,1,33:50,0,1,1,7-45,4.9,43,209,8.5,12-19,161,370,1-2,4-13,19,8,0,1,,,,,,
401540277,2023,11,regular,Northern Colorado,Big Sky,away,7,0,1,22,0,1,1,,,,0,1,30:35,1,0,1,1-5,2.0,34,68,5.2,21-34,177,245,1-3,8-18,15,7,0,2,,,,,,
401540277,2023,11,regular,Northern Arizona,Big Sky,home,28,2,2,,,,4,40,0,1,0,,29:25,0,0,0,8-76,5.5,41,227,8.0,20-25,201,428,1-2,7-13,19,36,0,2,,,,,,
401544198,2023,11,regular,Yale,Ivy,away,36,4,1,20,0,1,4,,,,0,1,32:27,0,1,1,6-50,4.0,49,197,7.7,23-30,232,429,1-1,8-16,23,17,0,1,,,,,,
401544198,2023,11,regular,Princeton,Ivy,home,28,2,2,,,,4,,,,2,1,27:33,0,0,0,6-49,3.9,39,154,6.6,21-37,243,397,3-5,4-17,20,,,,,,,,,
401540560,2023,11,regular,St. Thomas (MN),Pioneer,away,20,2,1,25,0,1,2,12,0,2,0,1,27:39,1,0,1,6-65,3.8,33,126,5.9,10-16,94,220,2-2,3-11,13,0,0,1,,,,,,
401540560,2023,11,regular,San Diego,Pioneer,home,14,1,1,59,0,2,2,14,0,1,0,,32:21,2,0,2,6-55,4.7,40,186,5.8,20-26,152,338,0-1,7-13,21,,,,,,,,,
401540502,2023,11,regular,UT Martin,Big South-OVC,home,41,3,3,44,0,2,5,4,0,2,0,1,37:54,1,1,2,6-43,6.9,46,316,7.5,16-29,217,533,2-2,11-19,24,,,,,,,,,
401540502,2023,11,regular,Southeast Missouri State,Big South-OVC,away,14,0,1,29,0,1,2,28,1,1,1,0,22:06,2,0,2,6-52,0.3,16,5,5.4,16-29,157,162,0-1,1-10,7,-2,0,1,,,,,,
401540568,2023,11,regular,Valparaiso,Pioneer,home,23,2,0,109,0,5,5,,,,0,1,27:41,3,1,4,3-25,5.4,38,205,4.9,13-23,113,318,1-4,0-9,15,59,1,3,,,,,,
401540568,2023,11,regular,Stetson,Pioneer,away,20,2,0,20,0,1,8,10,0,3,1,0,32:19,0,0,0,2-7,1.5,41,60,6.3,15-32,203,263,2-3,4-17,15,6,0,2,,,,,,
401540577,2023,11,regular,UAlbany,Coastal Athletic,away,38,1,4,127,0,3,8,,,,2,0,32:38,1,0,1,6-65,4.9,37,183,8.8,20-28,247,430,0-0,10-13,25,4,0,1,,,,,,
401540577,2023,11,regular,Stony Brook,Coastal Athletic,home,20,0,1,126,0,6,8,49,1,1,0,2,27:22,0,2,2,8-67,2.4,25,59,6.5,21-32,208,267,1-1,7-14,15,,,,,,,,,
401540621,2023,11,regular,Wofford,Southern,away,11,1,0,,,,3,0,0,1,3,1,29:32,1,0,1,8-58,4.7,46,217,3.8,7-12,46,263,1-1,3-11,16,0,0,2,,,,,,
401540621,2023,11,regular,The Citadel,Southern,home,3,0,0,47,0,2,3,0,0,1,0,2,30:28,1,2,3,6-31,3.7,40,147,4.6,7-19,87,234,1-1,7-15,13,,,,,,,,,
401540580,2023,11,regular,Villanova,Coastal Athletic,home,33,1,3,18,0,2,7,,,,0,2,41:02,1,1,2,11-87,5.2,49,255,12.0,16-25,300,555,1-2,6-12,28,24,0,2,,,,,,
401540580,2023,11,regular,Towson,Coastal Athletic,away,10,1,0,66,0,3,4,0,0,1,1,2,18:58,0,0,0,4-47,6.6,24,158,2.5,10-21,53,211,1-2,1-10,9,15,0,2,,,,,,
401540345,2023,12,regular,Yale,Ivy,home,23,1,2,30,0,2,5,17,0,1,1,2,35:27,1,0,1,3-29,3.1,55,170,3.9,10-23,90,260,0-0,9-18,20,28,0,4,,,,,,
401540345,2023,12,regular,Harvard,Ivy,away,18,1,2,64,0,3,0,1,0,1,1,1,24:33,1,1,2,0-0,2.4,30,73,7.4,20-33,245,318,0-3,4-14,16,20,0,3,,,,,,
401540250,2023,12,regular,Idaho State,Big Sky,away,21,0,3,38,0,2,3,11,0,1,1,0,21:16,4,0,4,3-29,2.3,22,50,6.4,21-40,254,304,1-4,5-13,14,,,,,,,,,
401540250,2023,12,regular,Idaho,Big Sky,home,63,1,7,63,0,2,9,17,0,4,0,1,38:44,1,1,2,3-15,5.7,46,263,10.2,24-31,316,579,3-6,7-13,30,79,0,1,,,,,,
401520419,2023,12,regular,Tennessee,SEC,home,10,1,0,,,,4,,,,1,0,19:02,0,0,0,3-20,5.2,25,130,4.9,17-30,147,277,1-2,2-11,13,,,,4,0,40,1,1,1
401520419,2023,12,regular,Georgia,SEC,away,38,1,4,25,0,1,8,,,,0,2,40:58,0,1,1,2-15,3.9,40,156,10.2,25-31,316,472,0-1,9-13,27,8,0,2,3,0,26,1,1,5
401520413,2023,12,regular,Missouri,SEC,home,33,2,1,30,0,1,15,0,0,1,1,0,26:52,0,0,0,7-60,5.5,32,177,9.5,20-35,331,508,1-1,9-16,21,,,,7,0,36,2,2,1
401520413,2023,12,regular,Florida,SEC,away,31,2,2,30,0,2,7,,,,0,1,33:08,1,1,2,9-48,6.5,40,261,9.2,18-26,239,500,1-1,5-11,23,,,,3,0,35,1,3,2
401520418,2023,12,regular,Kentucky,SEC,away,14,1,1,22,0,1,2,,,,0,3,28:21,1,2,3,7-52,4.5,27,122,5.0,17-34,171,293,0-1,6-13,17,-7,0,1,6,0,45,2,3,4
401520418,2023,12,regular,South Carolina,SEC,home,17,0,2,,,,5,0,0,1,2,1,31:39,0,0,0,9-95,1.5,33,50,7.7,19-27,207,257,0-0,5-14,17,15,0,1,3,0,36,2,2,6
401520408,2023,12,regular,Liberty,Conference USA,home,49,4,2,81,0,3,7,71,1,2,0,2,34:01,1,1,2,3-15,6.4,51,324,10.2,11-22,225,549,1-3,6-11,27,16,0,1,4,1,27,0,7,4
401520408,2023,12,regular,Massachusetts,FBS Independents,away,25,1,2,44,0,2,5,0,0,1,0,1,25:59,2,1,3,7-43,4.7,21,98,7.1,25-41,293,391,1-1,4-12,20,,,,3,0,42,0,3,2
401525894,2023,12,regular,Houston,Big 12,home,30,1,2,38,0,3,4,57,1,1,0,,27:48,2,0,2,10-79,4.6,28,130,8.8,18-30,263,393,0-2,2-10,18,,,,6,1,41,0,4,3
401525894,2023,12,regular,Oklahoma State,Big 12,away,43,3,2,75,0,3,13,35,0,2,0,3,32:12,1,0,1,5-53,4.4,35,153,8.1,29-43,348,501,0-0,6-13,28,12,0,2,6,0,38,2,3,1
401525896,2023,12,regular,Kansas,Big 12,home,27,3,1,34,0,1,3,3,0,1,0,2,33:20,2,1,3,5-59,5.7,41,234,10.1,11-16,162,396,1-2,5-11,19,2,0,1,4,0,44,1,2,3
401525896,2023,12,regular,Kansas State,Big 12,away,31,2,2,,,,3,0,0,2,1,0,26:40,1,0,1,2-30,4.5,37,166,6.9,13-24,165,331,0-0,8-15,20,-6,0,1,6,0,47,2,1,1
401525897,2023,12,regular,TCU,Big 12,home,42,4,2,85,0,4,6,,,,0,1,26:32,0,1,1,4-35,3.3,30,100,13.1,26-33,431,531,0-2,9-11,24,39,0,2,6,0,41,1,2,2
401525897,2023,12,regular,Baylor,Big 12,away,17,1,1,23,0,1,5,,,,1,0,33:28,0,0,0,1-9,3.7,40,148,6.4,21-31,199,347,2-6,5-14,20,,,,5,0,36,1,1,3
401525895,2023,12,regular,Texas,Big 12,away,26,0,2,60,0,3,10,0,0,1,0,1,31:18,0,1,1,7-54,3.6,34,123,8.5,23-33,281,404,1-1,5-13,23,29,0,2,6,0,30,3,1,3
401525895,2023,12,regular,Iowa State,Big 12,home,16,0,2,13,0,1,4,,,,1,1,28:42,1,0,1,4-35,0.4,21,9,10.1,24-32,323,332,1-2,3-11,16,0,0,1,6,0,35,4,1,5
401525898,2023,12,regular,UCF,Big 12,away,23,2,1,,,,5,28,0,1,0,1,31:57,1,0,1,8-64,6.0,40,238,7.8,16-32,248,486,1-1,8-14,23,-4,0,1,2,0,41,0,0,2
401525898,2023,12,regular,Texas Tech,Big 12,home,24,1,2,71,0,3,6,4,0,1,0,,28:03,1,0,1,7-58,6.6,29,190,7.3,21-35,256,446,0-2,3-9,25,7,0,1,2,0,39,0,4,7
401525899,2023,12,regular,Cincinnati,Big 12,away,21,1,2,14,0,2,3,16,0,1,0,2,25:11,0,0,0,5-38,4.5,31,141,7.1,16-27,191,332,1-1,5-12,18,,,,4,0,42,0,0,1
401525899,2023,12,regular,West Virginia,Big 12,home,42,5,1,21,0,1,6,,,,0,,34:49,1,0,1,5-45,9.2,46,424,11.1,12-19,210,634,2-2,6-11,31,0,0,2,4,0,31,3,2,4
401540212,2023,12,regular,Utah Tech,UAC,home,16,2,0,,,,4,,,,0,2,28:52,1,2,3,2-15,5.6,32,178,6.1,18-37,227,405,1-2,6-14,20,,,,,,,,,
401540212,2023,12,regular,Southern Utah,UAC,away,24,2,1,,,,6,0,0,1,2,0,31:08,0,0,0,5-50,7.6,36,274,5.9,16-28,165,439,0-1,6-13,20,6,0,1,,,,,,
401540368,2023,12,regular,Youngstown State,MVFC,away,34,1,4,32,0,3,4,23,0,1,0,1,39:37,0,0,0,1-15,4.8,43,206,6.0,23-26,156,362,2-3,7-14,22,27,0,1,,,,,,
401540368,2023,12,regular,Murray State,MVFC,home,17,0,2,60,0,3,5,,,,0,1,20:23,1,0,1,3-33,2.7,18,49,8.0,14-32,257,306,1-3,2-9,14,,,,,,,,,
401520420,2023,12,regular,Texas A&M,SEC,home,38,2,3,22,0,1,8,,,,0,,29:14,1,0,1,3-15,4.1,43,175,11.4,17-24,273,448,0-0,5-12,25,22,0,4,6,0,37,1,3,7
401520420,2023,12,regular,Abilene Christian,UAC,away,10,0,0,76,0,4,4,51,1,1,0,2,30:46,0,0,0,7-70,3.7,25,93,4.4,19-34,149,242,0-0,4-15,12,,,,6,1,42,4,5,3
401540182,2023,12,regular,Central Arkansas,UAC,away,12,0,0,,,,3,,,,1,0,15:42,1,0,1,5-60,1.1,12,13,3.3,13-20,66,79,0-0,0-9,3,,,,,,,,,
401540182,2023,12,regular,Austin Peay,UAC,home,14,1,0,,,,1,8,0,1,0,1,14:18,0,1,1,3-31,0.6,16,9,8.3,12-17,141,150,0-0,2-7,11,14,0,1,,,,,,
401540198,2023,12,regular,Stephen F. Austin,UAC,away,24,0,2,139,0,6,10,,,,1,2,29:04,1,1,2,6-50,2.1,23,48,6.2,30-53,328,376,3-4,5-15,26,17,0,1,,,,,,
401540198,2023,12,regular,Eastern Kentucky,UAC,home,36,2,1,63,0,4,12,0,0,1,1,2,30:56,0,1,1,7-56,6.8,30,204,6.8,25-38,257,461,1-1,7-12,27,,,,,,,,,
401525556,2023,12,regular,Florida State,ACC,home,58,5,2,,,,10,2,0,1,1,1,28:18,0,0,0,8-83,6.7,37,248,9.1,17-30,273,521,0-2,4-11,26,6,0,1,11,1,33,5,3,4
401525556,2023,12,regular,North Alabama,UAC,away,13,0,2,,,,1,,,,0,3,31:42,1,1,2,8-75,4.2,34,143,2.8,15-30,83,226,1-1,3-16,14,3,0,2,5,0,35,2,7,2
401520404,2023,12,regular,New Mexico State,Conference USA,away,31,1,3,,,,7,,,,0,,38:50,0,0,0,9-75,5.8,37,213,7.2,19-28,201,414,2-2,6-12,23,,,,6,0,36,4,0,0
401520404,2023,12,regular,Auburn,SEC,home,10,0,1,67,0,5,4,,,,0,2,21:10,0,0,0,9-75,2.5,26,65,7.8,15-19,148,213,1-2,2-10,12,9,0,1,4,0,44,1,3,3
401520409,2023,12,regular,Georgia State,Sun Belt,away,14,1,1,40,0,2,2,,,,0,,35:21,0,0,0,7-50,4.8,31,148,6.6,26-33,217,365,1-4,5-12,17,,,,1,0,31,0,0,0
401520409,2023,12,regular,LSU,SEC,home,56,2,6,28,0,1,8,,,,0,2,24:39,0,0,0,5-55,7.3,23,169,13.8,25-30,413,582,0-0,5-6,26,27,0,2,8,0,30,2,1,2
401532447,2023,12,regular,Buffalo,Mid-American,away,10,1,0,25,0,2,4,,,,0,2,30:08,0,2,2,2-13,3.0,44,131,8.6,7-17,147,278,1-2,7-17,12,,,,8,0,32,0,1,2
401532447,2023,12,regular,Miami (OH),Mid-American,home,23,2,0,52,0,2,11,,,,2,0,29:52,0,0,0,2-15,5.0,36,180,9.1,9-16,146,326,1-1,3-12,13,20,0,2,4,0,33,1,6,2
401532446,2023,12,regular,Central Michigan,Mid-American,away,20,1,2,126,0,7,2,,,,0,2,22:11,1,1,2,10-63,4.9,33,162,7.5,10-21,157,319,1-3,2-11,13,4,0,2,4,0,31,2,2,2
401532446,2023,12,regular,Ohio,Mid-American,home,34,3,0,39,0,2,10,21,1,1,1,0,36:56,0,0,0,8-85,3.6,41,148,9.5,16-24,229,377,1-2,3-12,21,7,0,1,7,1,25,3,7,1
401532448,2023,12,regular,Ball State,Mid-American,home,34,4,0,14,0,1,10,,,,0,,36:36,0,0,0,6-66,5.8,52,300,5.2,7-17,88,388,1-1,7-15,21,21,0,4,10,0,31,5,4,8
401532448,2023,12,regular,Kent State,Mid-American,away,3,0,0,89,0,5,3,,,,0,,23:24,0,0,0,7-79,1.1,26,29,3.1,8-22,68,97,1-2,1-12,9,18,0,2,4,0,34,1,3,3
401532445,2023,12,regular,Eastern Michigan,Mid-American,home,30,3,1,56,0,5,6,,,,0,,25:42,0,0,0,6-59,3.0,34,101,6.7,20-32,214,315,1-1,6-14,22,2,0,1,6,0,29,2,2,2
401532445,2023,12,regular,Akron,Mid-American,away,27,2,1,14,0,2,9,,,,0,,34:18,0,0,0,8-87,1.8,41,75,7.7,23-31,240,315,1-1,12-19,19,13,0,1,6,0,35,2,3,3
401532443,2023,12,regular,Bowling Green,Mid-American,home,31,2,2,113,0,6,7,0,0,1,0,2,36:59,0,1,1,6-50,2.7,35,95,6.7,26-46,309,404,1-3,6-17,21,,,,6,0,27,3,3,4
401532443,2023,12,regular,Toledo,Mid-American,away,32,2,2,108,0,5,6,,,,1,0,23:01,1,0,1,6-56,5.0,27,136,9.3,20-30,279,415,1-3,3-11,16,0,0,1,7,0,44,5,8,4
401540429,2023,12,regular,Southeast Missouri State,Big South-OVC,away,21,3,0,71,0,4,3,0,0,1,0,2,34:18,0,2,2,9-100,4.6,51,237,6.8,14-22,150,387,1-4,5-13,22,,,,,,,,,
401540429,2023,12,regular,Bryant,Big South-OVC,home,45,0,6,55,0,2,9,,,,2,0,25:42,1,0,1,6-38,2.3,25,57,13.4,24-30,403,460,0-1,4-8,23,,,,,,,,,
401540114,2023,12,regular,Mississippi Valley State,SWAC,away,21,1,2,73,0,3,3,29,0,2,0,4,21:04,1,4,5,4-21,1.6,29,45,12.4,10-18,223,268,0-1,2-10,8,48,0,3,,,,,,
401540114,2023,12,regular,Alabama A&M,SWAC,home,30,2,1,77,0,4,6,22,0,1,4,1,38:56,2,0,2,6-45,5.1,52,264,7.7,12-22,170,434,1-1,8-17,19,10,0,2,,,,,,
401520423,2023,12,regular,Sam Houston,Conference USA,away,23,2,1,53,0,3,5,46,0,4,1,0,29:43,2,1,3,5-50,2.8,31,86,6.0,25-45,271,357,3-4,4-16,18,25,0,1,1,0,2,1,0,3
401520423,2023,12,regular,Western Kentucky,Conference USA,home,28,1,3,89,0,3,4,0,0,2,1,0,30:17,4,1,5,5-45,2.4,31,73,9.6,28-41,392,465,0-2,9-17,21,21,0,4,1,0,1,2,0,3
401520411,2023,12,regular,Middle Tennessee,Conference USA,home,34,1,3,35,0,2,10,0,0,1,3,2,28:12,1,1,2,5-41,5.3,35,185,6.9,18-35,242,427,1-2,5-15,19,12,0,1,8,0,37,3,8,5
401520411,2023,12,regular,UTEP,Conference USA,away,30,1,2,6,0,2,6,29,0,1,1,3,31:48,1,3,4,7-70,2.9,31,89,8.9,24-41,364,453,1-3,9-16,20,54,1,1,6,1,40,2,2,8
401520407,2023,12,regular,Jacksonville State,Conference USA,home,56,7,0,,,,8,22,0,2,0,2,30:48,0,1,1,3-35,8.7,60,522,5.9,6-18,106,628,2-4,3-12,29,51,1,4,4,1,33,1,5,3
401520407,2023,12,regular,Louisiana Tech,Conference USA,away,17,0,1,49,0,3,5,,,,1,0,29:12,2,0,2,2-20,1.8,25,44,4.9,27-46,225,269,1-4,2-15,17,38,1,4,5,1,45,0,0,4
401520402,2023,12,regular,Arkansas,SEC,home,44,1,3,100,0,4,14,32,1,2,0,,33:52,0,0,0,6-70,6.0,54,323,6.4,16-29,187,510,1-1,6-15,24,0,0,2,6,1,24,3,4,3
401520402,2023,12,regular,Florida International,Conference USA,away,20,1,2,,,,2,,,,0,,26:08,2,0,2,5-42,3.3,23,76,7.4,21-36,265,341,0-1,3-13,14,,,,5,0,41,1,3,1
401540123,2023,12,regular,Prairie View A&M,SWAC,home,21,2,1,-1,0,2,3,,,,0,2,26:02,1,0,1,1-5,4.0,42,170,9.9,5-11,109,279,0-0,4-9,17,19,0,2,,,,,,
401540123,2023,12,regular,Alabama State,SWAC,away,14,0,2,68,0,3,2,0,0,1,0,2,33:58,0,0,0,2-10,0.7,24,16,9.8,28-39,383,399,1-3,2-11,19,-10,0,1,,,,,,
401540140,2023,12,regular,Texas Southern,SWAC,home,34,3,0,78,0,5,10,,,,1,2,29:57,0,2,2,6-54,4.7,41,194,4.5,18-32,143,337,0-1,6-16,18,60,0,2,,,,,,
401540140,2023,12,regular,Arkansas-Pine Bluff,SWAC,away,35,3,1,63,0,3,3,,,,4,3,30:03,0,1,1,3-35,5.2,38,198,5.2,15-37,193,391,1-1,4-15,20,74,0,2,,,,,,
401540132,2023,12,regular,Alcorn State,SWAC,away,28,1,3,25,0,1,4,0,0,1,0,1,26:48,1,0,1,7-55,2.7,26,71,9.4,16-24,225,296,1-1,3-11,14,5,0,1,,,,,,
401540132,2023,12,regular,Jackson State,SWAC,home,24,0,3,87,0,5,6,0,0,1,0,2,33:12,1,0,1,15-125,6.1,32,194,7.0,22-34,237,431,1-2,7-16,18,1,0,2,,,,,,
401524060,2023,12,regular,Washington,Pac-12,away,22,1,2,88,0,4,2,11,0,2,1,1,22:33,0,1,1,10-64,4.4,25,110,5.8,13-28,162,272,0-0,6-13,14,11,0,1,8,0,32,1,5,8
401524060,2023,12,regular,Oregon State,Pac-12,home,20,2,0,57,0,3,8,,,,1,3,37:27,2,1,3,8-65,3.7,40,148,5.1,16-33,169,317,2-5,3-12,22,11,0,1,2,0,25,0,3,5
401524057,2023,12,regular,Colorado,Pac-12,away,14,1,1,130,0,6,2,,,,3,3,29:38,1,2,3,5-50,2.2,41,91,6.1,12-27,164,255,1-2,4-17,15,10,0,1,7,0,30,3,1,4
401524057,2023,12,regular,Washington State,Pac-12,home,56,3,2,114,1,3,8,10,0,1,2,3,30:22,0,2,2,6-51,3.3,32,105,10.4,20-33,342,447,0-0,6-11,22,-2,0,1,9,1,27,5,6,0
401531918,2023,12,regular,App State,Sun Belt,away,26,0,3,55,0,3,8,0,0,1,1,1,27:23,1,1,2,5-50,1.8,27,48,6.9,28-46,318,366,0-0,7-16,24,,,,11,0,44,5,2,6
401531918,2023,12,regular,James Madison,Sun Belt,home,23,1,1,37,0,3,7,0,0,1,1,3,32:37,1,1,2,8-65,1.8,33,61,6.3,27-46,289,350,1-1,6-15,25,,,,4,0,37,1,4,6
401531920,2023,12,regular,South Alabama,Sun Belt,home,28,1,2,,,,8,0,0,3,0,1,36:27,0,1,1,5-37,4.3,46,197,7.5,19-26,196,393,3-4,7-17,20,72,0,4,1,0,27,0,7,2
401531920,2023,12,regular,Marshall,Sun Belt,away,0,0,0,32,0,3,,,,,1,2,23:33,3,0,3,7-41,2.1,20,42,4.4,22-36,159,201,0-2,3-14,10,,,,10,0,41,3,0,4
401524062,2023,12,regular,UCLA,Pac-12,away,38,1,3,43,0,3,8,0,0,1,2,1,32:34,0,0,0,6-50,4.4,45,199,5.0,18-31,155,354,1-1,13-20,19,,,,9,0,45,4,2,1
401524062,2023,12,regular,USC,Pac-12,home,20,1,1,58,0,2,8,,,,0,3,27:26,1,2,3,6-52,0.1,22,3,8.7,31-44,384,387,2-4,4-13,17,,,,6,0,51,3,1,3
401524061,2023,12,regular,Stanford,Pac-12,home,15,0,1,,,,9,25,0,1,0,2,24:24,0,0,0,9-100,4.2,24,101,5.4,18-35,188,289,1-2,5-16,12,16,0,2,6,0,37,2,3,5
401524061,2023,12,regular,California,Pac-12,away,27,1,3,,,,3,,,,0,1,35:36,1,0,1,4-30,3.4,47,161,7.9,24-37,294,455,4-5,8-18,29,-2,0,3,3,0,27,1,6,6
401524058,2023,12,regular,Utah,Pac-12,away,18,0,2,,,,4,,,,0,,35:34,2,0,2,7-55,3.2,37,118,6.0,31-53,320,438,2-4,11-21,26,,,,7,0,35,1,0,4
401524058,2023,12,regular,Arizona,Pac-12,home,42,1,4,,,,6,36,0,2,0,,24:26,0,0,0,5-22,4.9,24,118,9.8,25-33,325,443,0-0,7-11,21,27,1,3,7,1,39,3,9,6
401524059,2023,12,regular,Oregon,Pac-12,away,49,0,7,,,,7,0,0,1,0,,32:58,2,0,2,5-45,4.2,33,140,12.9,28-36,463,603,3-4,3-9,31,,,,2,0,36,0,1,8
401524059,2023,12,regular,Arizona State,Pac-12,home,13,1,0,44,0,3,7,15,0,2,0,,27:02,1,0,1,4-37,6.2,18,111,4.4,25-47,205,316,4-5,3-14,20,,,,4,0,39,1,1,2
401531919,2023,12,regular,Arkansas State,Sun Belt,home,77,7,0,190,1,4,11,137,2,2,2,0,26:06,0,0,0,9-87,7.3,40,291,11.5,14-17,196,487,2-2,4-8,23,27,0,2,8,3,51,2,3,8
401531919,2023,12,regular,Texas State,Sun Belt,away,31,1,3,93,0,4,7,,,,0,2,33:54,2,2,4,6-56,4.6,38,173,6.7,37-55,366,539,3-4,7-16,32,31,0,1,6,0,40,2,1,0
401531917,2023,12,regular,Old Dominion,Sun Belt,away,20,0,2,21,0,1,8,,,,1,0,29:05,0,0,0,9-96,3.8,35,134,7.6,18-28,212,346,0-0,6-14,20,12,0,1,5,0,40,2,1,4
401531917,2023,12,regular,Georgia Southern,Sun Belt,home,17,1,1,13,0,1,5,,,,0,3,30:55,0,1,1,5-50,3.5,34,119,6.7,20-35,235,354,1-3,7-15,22,18,0,6,11,0,32,1,1,3
401520403,2023,12,regular,Army,FBS Independents,home,28,3,0,,,,4,0,0,1,0,1,39:51,1,1,2,5-55,5.9,62,365,0.0,0-2,0,365,0-1,8-11,22,53,1,2,1,1,28,0,0,2
401520403,2023,12,regular,Coastal Carolina,Sun Belt,away,21,0,3,18,0,1,3,18,0,1,1,0,20:09,1,0,1,6-45,7.0,15,105,7.8,26-36,279,384,0-1,4-10,18,,,,1,0,25,0,0,1
401531921,2023,12,regular,Troy,Sun Belt,home,31,1,3,24,0,2,7,0,0,1,0,1,28:14,0,0,0,6-50,4.1,36,148,6.8,18-32,219,367,0-0,8-14,23,1,0,1,8,0,41,5,2,2
401531921,2023,12,regular,Louisiana,Sun Belt,away,24,0,3,67,0,3,6,,,,0,,31:46,1,0,1,8-75,2.6,25,66,7.2,29-39,282,348,1-1,4-12,22,9,0,2,1,0,38,0,2,9
401520416,2023,12,regular,Ole Miss,SEC,home,35,1,4,0,0,1,5,9,0,1,0,2,25:56,0,0,0,8-81,3.4,37,127,10.3,28-36,371,498,1-3,7-14,27,2,0,1,7,0,39,2,7,5
401520416,2023,12,regular,UL Monroe,Sun Belt,away,3,0,0,0,0,1,3,,,,0,1,34:04,1,0,1,7-65,4.2,46,192,3.0,8-22,66,258,0-3,5-15,19,10,0,1,11,0,44,3,6,2
401520412,2023,12,regular,Mississippi State,SEC,home,41,1,2,13,0,2,15,9,0,1,1,2,28:18,0,0,0,6-65,5.3,45,238,5.3,12-27,144,382,0-1,6-16,18,15,0,1,5,1,12,3,2,2
401520412,2023,12,regular,Southern Miss,Sun Belt,away,20,0,2,127,1,4,2,,,,0,2,31:42,1,1,2,6-66,2.6,41,105,6.7,11-21,141,246,3-5,3-15,10,18,0,4,2,1,23,0,3,3
401520401,2023,12,regular,Chattanooga,Southern,away,10,1,0,56,0,3,4,,,,0,,33:31,1,0,1,5-25,3.6,35,126,5.1,10-21,107,233,0-0,4-14,11,,,,1,0,34,1,1,1
401520401,2023,12,regular,Alabama,SEC,home,66,5,3,58,0,3,12,2,0,1,0,1,26:29,0,0,0,3-25,9.5,33,315,10.8,19-24,259,574,0-0,6-9,21,96,1,3,2,1,31,0,3,5
401532444,2023,12,regular,Northern Illinois,Mid-American,home,24,2,0,0,0,1,6,,,,0,,39:25,0,0,0,3-35,5.7,50,287,5.5,10-18,99,386,0-1,11-16,21,55,1,1,7,1,29,4,0,4
401532444,2023,12,regular,Western Michigan,Mid-American,away,0,0,0,84,0,5,,,,,0,1,20:35,0,0,0,9-65,1.3,18,24,5.9,18-31,182,206,0-1,4-13,11,,,,2,0,42,0,1,3
401540046,2023,12,regular,Wagner,NEC,home,48,5,2,34,0,1,6,10,0,1,2,2,27:30,0,1,1,7-74,6.0,40,238,10.1,12-16,161,399,1-1,2-8,18,-3,0,1,,,,,,
401540046,2023,12,regular,Post,Independent DII,away,21,0,3,88,0,7,3,,,,2,2,32:30,1,1,2,4-30,2.1,32,67,9.2,20-26,238,305,0-4,3-11,15,24,0,1,,,,,,
401540056,2023,12,regular,Marist,Pioneer,home,21,0,3,112,0,7,3,,,,1,1,29:12,0,0,0,7-61,5.0,22,109,6.4,31-51,328,437,0-2,9-16,22,1,0,1,,,,,,
401540056,2023,12,regular,Bucknell,Patriot,away,38,2,3,,,,8,,,,1,1,30:48,0,0,0,3-15,4.6,33,151,9.0,28-34,307,458,0-0,8-12,27,14,0,2,,,,,,
401541635,2023,12,regular,Fordham,Patriot,away,14,1,1,78,0,3,2,0,0,2,1,2,25:16,0,2,2,7-80,2.7,26,71,5.7,22-39,221,292,0-3,3-11,19,-5,0,2,,,,,,
401541635,2023,12,regular,Colgate,Patriot,home,21,3,0,15,0,2,3,,,,2,4,34:44,2,1,3,6-64,4.0,47,189,5.7,13-24,136,325,2-3,3-13,20,4,0,2,,,,,,
401540064,2023,12,regular,Georgetown,Patriot,away,10,0,1,67,0,4,4,,,,0,,30:47,0,0,0,6-42,3.9,25,98,5.6,21-33,184,282,0-2,6-12,19,,,,,,,,,
401540064,2023,12,regular,Holy Cross,Patriot,home,31,3,1,49,0,3,7,,,,0,,29:13,0,0,0,3-37,7.1,48,340,8.8,7-14,123,463,0-1,7-10,26,,,,,,,,,
401540077,2023,12,regular,Lehigh,Patriot,home,21,1,2,110,0,6,3,,,,0,2,26:17,1,2,3,3-27,4.4,28,123,4.0,18-31,125,248,2-3,5-12,16,5,0,1,,,,,,
401540077,2023,12,regular,Lafayette,Patriot,away,49,4,3,20,0,1,7,0,0,1,2,0,33:43,0,0,0,4-39,5.4,40,214,9.1,19-27,245,459,1-1,7-11,24,,,,,,,,,
401540382,2023,12,regular,McNeese,Southland,away,27,1,3,71,0,3,3,,,,0,1,23:09,2,1,3,6-67,5.9,31,183,7.6,16-27,206,389,1-2,5-9,18,0,0,1,,,,,,
401540382,2023,12,regular,Lamar,Southland,home,52,3,3,38,0,4,9,41,0,2,1,0,26:06,0,0,0,1-5,4.6,42,195,7.8,12-17,132,327,0-0,8-12,21,,,,,,,,,
401520421,2023,12,regular,Sacred Heart,NEC,away,3,0,0,26,0,2,3,,,,0,,27:36,0,0,0,4-25,2.7,29,78,5.6,17-26,146,224,1-1,2-12,13,,,,4,0,34,0,2,4
401520421,2023,12,regular,UConn,FBS Independents,home,31,0,4,19,0,1,7,,,,0,,32:24,0,0,0,5-35,5.9,35,206,5.7,22-35,201,407,2-2,6-14,24,6,0,1,8,0,30,2,1,4
401540147,2023,12,regular,Florida A&M,SWAC,home,24,3,0,43,0,2,6,0,0,2,1,2,29:28,0,0,0,10-65,6.0,29,175,6.8,14-22,150,325,0-0,3-8,17,11,0,2,,,,,,
401540147,2023,12,regular,Bethune-Cookman,SWAC,away,7,1,0,22,0,1,1,,,,0,2,30:32,2,1,3,7-39,3.1,39,122,3.9,11-29,112,234,1-1,5-15,17,0,0,1,,,,,,
401540520,2023,12,regular,Drake,Pioneer,away,13,1,1,112,0,4,1,,,,2,2,22:43,0,0,0,7-60,2.5,22,56,4.3,16-28,120,176,1-1,3-10,15,30,0,3,,,,,,
401540520,2023,12,regular,Butler,Pioneer,home,9,0,0,53,0,3,9,,,,1,1,37:17,0,0,0,5-65,3.5,36,125,4.1,21-34,140,265,0-2,8-17,19,,,,,,,,,
401540329,2023,12,regular,Villanova,Coastal Athletic,away,35,2,2,,,,5,69,1,3,0,1,25:49,0,1,1,6-59,6.9,33,227,8.6,16-26,223,450,0-0,3-9,25,4,0,1,,,,,,
401540329,2023,12,regular,Delaware,CAA,home,7,0,1,15,0,1,1,,,,1,0,24:50,3,0,3,7-104,4.9,34,167,4.2,14-31,129,296,1-5,7-17,15,,,,,,,,,
401540234,2023,12,regular,Weber State,Big Sky,away,48,1,5,,,,12,12,0,2,1,0,32:05,0,0,0,8-80,3.3,36,120,12.2,21-27,329,449,1-2,7-13,21,,,,,,,,,
401540234,2023,12,regular,Cal Poly,Big Sky,home,21,0,3,109,0,4,3,,,,0,1,27:55,2,1,3,4-32,1.5,26,38,6.8,21-42,286,324,1-3,5-14,21,,,,,,,,,
401540287,2023,12,regular,Sacramento State,Big Sky,away,21,0,1,,,,1,,,,0,2,21:50,2,0,2,4-24,1.5,18,27,6.2,22-37,230,257,1-5,1-10,15,-11,0,1,,,,,,
401540287,2023,12,regular,UC Davis,Big Sky,home,31,2,0,,,,5,0,0,2,0,,25:18,0,0,0,5-45,3.1,28,87,5.6,15-23,128,215,0-1,5-12,13,47,0,3,,,,,,
401525893,2023,12,regular,Oklahoma,Big 12,away,31,1,2,32,0,1,7,100,1,1,2,1,28:50,0,0,0,6-45,4.2,34,144,7.5,18-30,224,368,0-0,8-15,20,1,0,2,4,1,31,1,4,2
401525893,2023,12,regular,BYU,Big 12,home,24,1,2,,,,6,,,,0,4,31:10,1,2,3,7-55,5.7,38,217,6.7,15-26,173,390,3-3,5-14,18,39,0,4,6,0,27,1,1,4
401540353,2023,12,regular,South Dakota State,MVFC,home,35,3,2,56,0,3,5,,,,0,1,33:55,0,1,1,4-40,3.9,39,154,14.0,16-23,323,477,2-2,3-8,29,18,0,4,,,,,,
401540353,2023,12,regular,Missouri State,MVFC,away,17,0,2,16,0,1,5,,,,1,1,26:05,0,0,0,8-65,3.7,22,82,7.5,23-35,261,343,1-2,5-13,15,1,0,1,,,,,,
401540388,2023,12,regular,Northern Iowa,MVFC,home,27,1,2,90,0,4,9,,,,0,2,28:15,4,0,4,2-20,2.2,29,65,9.0,24-38,342,407,1-2,4-10,25,,,,,,,,,
401540388,2023,12,regular,North Dakota State,MVFC,away,48,3,2,22,0,2,12,83,1,3,0,,30:33,0,0,0,6-55,4.5,36,161,10.8,17-22,238,399,2-2,5-13,18,5,0,1,,,,,,
401540011,2023,12,regular,Central Connecticut,NEC,home,14,1,0,129,0,6,2,63,1,2,0,1,27:05,1,1,2,8-83,2.7,37,101,3.1,8-19,59,160,1-2,4-14,10,10,0,1,,,,,,
401540011,2023,12,regular,Saint Francis,NEC,away,49,3,4,18,0,1,7,0,0,1,1,0,32:55,2,0,2,8-73,6.7,43,288,10.0,17-26,261,549,1-1,6-10,30,,,,,,,,,
401520415,2023,12,regular,Minnesota,Big Ten,away,3,0,0,,,,3,,,,0,1,28:38,1,1,2,1-15,2.4,29,70,4.7,11-19,89,159,0-0,3-12,10,,,,2,0,42,1,1,2
401520415,2023,12,regular,Ohio State,Big Ten,home,37,2,2,,,,13,40,0,1,1,0,31:22,0,0,0,5-43,6.1,35,215,6.8,22-32,219,434,0-0,10-16,23,,,,7,0,28,2,1,1
401520405,2023,12,regular,Indiana,Big Ten,home,21,1,2,26,0,1,3,14,0,2,0,2,28:56,0,1,1,6-60,4.6,46,210,5.6,19-34,192,402,2-3,8-17,23,15,0,1,6,0,39,0,1,1
401520405,2023,12,regular,Michigan State,Big Ten,away,24,0,3,37,0,2,6,,,,1,1,31:04,2,0,2,3-30,2.1,34,72,6.0,26-41,245,317,1-2,4-13,22,1,0,1,4,0,48,3,2,3
401520410,2023,12,regular,Michigan,Big Ten,away,31,3,0,13,0,3,3,1,0,2,1,1,30:56,1,0,1,2-25,3.3,45,150,6.1,12-23,141,291,3-3,4-13,20,18,0,1,7,0,45,4,0,0
401520410,2023,12,regular,Maryland,Big Ten,home,24,3,0,35,0,2,6,11,0,1,0,1,29:04,2,1,3,5-35,0.5,33,15,8.0,21-31,247,262,2-2,5-12,17,10,0,1,2,0,43,1,0,4
401520417,2023,12,regular,Penn State,Big Ten,home,27,3,0,24,0,1,9,0,0,1,2,2,28:00,0,1,1,1-2,6.0,39,234,6.3,7-14,88,322,0-1,4-9,16,,,,7,0,37,3,4,0
401520417,2023,12,regular,Rutgers,Big Ten,away,6,0,0,29,0,1,6,,,,1,3,32:00,1,2,3,6-48,2.4,42,99,8.1,10-16,130,229,1-1,4-13,13,,,,1,0,30,0,1,2
401540109,2023,12,regular,North Dakota,MVFC,home,22,1,0,,,,4,,,,0,,13:31,1,0,1,1-5,5.8,16,92,5.9,7-12,71,163,0-0,1-5,9,,,,,,,,,
401540109,2023,12,regular,Illinois State,MVFC,away,21,1,0,5,0,1,3,0,0,1,0,,16:29,0,0,0,8-55,4.6,24,111,7.3,10-15,109,220,2-2,5-10,11,,,,,,,,,
401540019,2023,12,regular,Duquesne,NEC,away,26,1,3,66,0,3,2,0,0,1,1,1,28:35,1,1,2,1-15,3.2,33,107,12.1,11-18,218,325,1-1,2-9,15,-4,0,4,,,,,,
401540019,2023,12,regular,Merrimack,NEC,home,14,2,0,68,0,4,2,10,0,1,1,1,31:25,1,1,2,3-25,3.2,42,134,3.0,9-23,68,202,2-2,7-18,13,12,0,2,,,,,,
401540306,2023,12,regular,Indiana State,MVFC,away,9,0,0,11,0,1,3,0,0,1,1,3,30:20,0,3,3,3-31,2.3,32,73,4.8,16-32,153,226,0-3,6-14,14,,,,,,,,,
401540306,2023,12,regular,Southern Illinois,MVFC,home,38,1,3,32,0,3,8,,,,3,1,29:40,1,1,2,3-20,1.6,31,50,10.2,24-29,297,347,2-2,3-11,19,5,0,1,,,,,,
401540445,2023,12,regular,South Dakota,MVFC,away,48,4,2,,,,12,,,,0,1,29:37,0,1,1,7-60,7.5,39,292,12.4,12-22,272,564,0-0,7-12,21,2,0,1,,,,,,
401540445,2023,12,regular,Western Illinois,MVFC,home,6,0,1,75,0,4,,,,,1,2,27:20,0,0,0,1-15,1.6,29,46,4.8,15-26,125,171,0-2,3-15,9,3,0,1,,,,,,
401539977,2023,12,regular,North Carolina Central,MEAC,home,55,2,5,0,0,2,10,,,,0,,23:35,0,0,0,2-20,6.9,21,145,18.4,19-21,386,531,0-0,4-5,23,11,0,1,,,,,,
401539977,2023,12,regular,Delaware State,MEAC,away,14,1,1,45,0,3,2,,,,0,,18:01,1,0,1,6-51,9.1,19,173,7.5,9-17,127,300,1-2,2-8,8,,,,,,,,,
401534858,2023,12,regular,Morgan State,MEAC,away,7,0,1,20,0,1,1,,,,1,0,20:22,0,0,0,7-70,5.3,22,116,6.5,9-22,144,260,0-0,1-11,9,14,0,2,,,,,,
401534858,2023,12,regular,Howard,MEAC,home,14,2,0,,,,2,,,,0,1,39:38,0,1,1,3-15,4.5,53,239,6.5,12-22,143,382,1-2,5-15,25,3,0,1,,,,,,
401539992,2023,12,regular,South Carolina State,MEAC,away,44,4,2,24,0,2,8,13,0,2,1,2,34:10,0,2,2,5-50,6.4,48,307,9.7,11-14,136,443,0-0,9-12,26,2,0,1,,,,,,
401539992,2023,12,regular,Norfolk State,MEAC,home,17,1,1,88,0,6,5,,,,2,3,25:50,2,1,3,8-65,1.7,34,57,9.7,9-18,174,231,0-2,4-11,13,,,,,,,,,
401531385,2023,12,regular,Temple,American Athletic,away,24,1,2,111,0,6,6,,,,0,2,27:27,1,1,2,3-35,2.6,21,55,7.0,25-46,323,378,3-3,5-15,20,,,,6,0,40,2,3,3
401531385,2023,12,regular,UAB,American Athletic,home,34,3,1,,,,10,0,0,1,1,0,32:33,0,0,0,9-95,5.6,46,259,8.8,20-28,246,505,0-0,7-14,27,21,0,1,3,0,29,2,10,9
401531375,2023,12,regular,Tulane,American Athletic,away,24,0,3,,,,6,8,0,1,0,1,32:08,0,1,1,2-10,2.6,32,84,8.7,21-29,252,336,3-4,3-11,17,18,0,1,8,0,40,5,1,1
401531375,2023,12,regular,Florida Atlantic,American Athletic,home,8,0,1,35,0,2,,,,,1,0,27:52,1,0,1,2-10,1.1,30,32,6.5,24-31,202,234,3-7,3-14,14,10,0,1,3,0,29,2,3,2
401531409,2023,12,regular,Rice,American Athletic,away,28,2,1,16,0,1,8,11,0,1,0,1,33:41,2,1,3,6-62,5.7,42,240,6.7,13-21,140,380,3-4,3-11,16,37,0,3,6,0,24,2,5,1
401531409,2023,12,regular,Charlotte,American Athletic,home,7,1,0,0,0,1,1,37,0,2,1,0,26:19,1,0,1,4-35,2.7,31,84,3.0,11-25,74,158,0-2,4-13,11,-1,0,1,4,0,30,1,0,3
401531345,2023,12,regular,Tulsa,American Athletic,home,28,1,3,,,,4,,,,2,0,27:56,1,0,1,4-25,4.3,43,183,7.4,17-34,251,434,0-0,9-18,22,,,,8,0,37,5,1,1
401531345,2023,12,regular,North Texas,American Athletic,away,35,2,3,76,0,4,5,0,0,1,0,3,32:04,0,2,2,5-55,6.4,47,299,9.5,19-31,294,593,2-3,7-17,22,9,0,1,7,0,36,3,1,5
401531401,2023,12,regular,South Florida,American Athletic,away,21,2,1,12,0,1,3,,,,0,,26:19,2,0,2,6-65,3.6,39,140,7.4,23-39,287,427,1-4,7-18,19,,,,6,0,52,1,7,7
401531401,2023,12,regular,UTSA,American Athletic,home,49,4,3,0,0,1,7,21,0,2,0,,33:41,0,0,0,7-66,5.3,42,224,8.9,32-47,419,643,0-2,9-15,31,-7,0,1,5,0,50,1,7,7
401540597,2023,12,regular,The Citadel,Southern,away,23,1,1,32,0,2,11,,,,2,2,36:36,1,1,2,6-50,2.8,41,113,5.8,24-45,261,374,3-5,6-19,25,4,0,1,,,,,,
401540597,2023,12,regular,East Tennessee State,Southern,home,35,2,2,8,0,1,5,22,0,1,1,2,23:24,0,2,2,9-99,3.8,30,115,10.2,9-16,163,278,1-1,2-8,12,40,0,1,,,,,,
401540624,2023,12,regular,Western Carolina,Southern,away,24,1,0,7,0,2,4,29,0,1,0,1,22:10,1,0,1,4-45,3.6,32,116,6.3,14-26,164,280,0-2,4-12,15,21,0,2,,,,,,
401540624,2023,12,regular,VMI,Southern,home,27,3,0,29,0,1,2,28,0,1,0,,22:50,1,0,1,3-30,4.8,32,154,7.6,8-19,144,298,0-0,3-9,15,8,0,1,,,,,,
401540362,2023,12,regular,Incarnate Word,Southland,away,45,2,4,23,0,2,9,0,0,2,1,2,31:31,0,1,1,7-62,4.4,35,155,10.7,29-38,407,562,1-3,9-16,25,7,0,2,,,,,,
401540362,2023,12,regular,Houston Christian,Southland,home,24,1,1,52,0,3,6,,,,3,2,28:29,2,0,2,3-25,3.8,30,114,5.5,23-37,202,316,0-1,4-11,20,,,,,,,,,
401540543,2023,12,regular,UT Martin,Big South-OVC,away,17,1,1,36,0,3,5,,,,0,2,30:40,2,2,4,11-104,5.9,31,184,6.9,23-38,261,445,3-4,2-13,21,-1,0,2,,,,,,
401540543,2023,12,regular,Samford,Southern,home,27,1,1,,,,9,28,0,2,2,2,29:20,0,0,0,7-77,5.9,36,214,5.5,22-37,205,419,0-1,4-15,25,21,0,3,,,,,,
401540437,2023,12,regular,Nicholls,Southland,away,21,1,2,17,0,1,3,,,,0,1,30:59,1,1,2,10-90,2.7,33,89,11.7,21-26,303,392,0-0,5-13,16,2,0,1,,,,,,
401540437,2023,12,regular,SE Louisiana,Southland,home,16,1,0,86,0,4,10,0,0,1,1,0,29:01,0,0,0,4-27,3.1,37,113,3.8,13-28,105,218,2-3,2-16,18,71,0,3,,,,,,
401520422,2023,12,regular,Nebraska,Big Ten,away,17,1,1,23,0,1,5,,,,0,1,31:20,1,0,1,7-54,4.9,40,195,7.0,15-24,169,364,1-3,5-13,19,6,0,2,5,0,47,2,1,2
401520422,2023,12,regular,Wisconsin,Big Ten,home,24,2,1,81,0,4,6,0,0,1,0,,28:40,0,0,0,4-45,3.9,40,156,5.7,18-28,160,316,1-3,7-15,19,29,0,2,8,0,39,2,1,1
401520406,2023,12,regular,Illinois,Big Ten,away,13,1,0,,,,7,,,,0,,26:02,0,0,0,6-53,2.8,23,65,4.6,22-47,215,280,0-1,5-15,18,5,0,1,5,0,43,4,0,1
401520406,2023,12,regular,Iowa,Big Ten,home,15,1,1,23,0,2,1,,,,0,2,33:58,0,0,0,6-70,3.2,36,114,5.8,19-29,167,281,0-0,6-16,18,19,0,2,3,0,29,1,3,13
401520414,2023,12,regular,Purdue,Big Ten,away,15,2,0,78,0,4,1,0,0,1,0,4,34:43,2,2,4,5-40,5.6,54,303,6.1,17-23,140,443,2-5,6-16,21,0,0,1,6,0,32,5,1,3
401520414,2023,12,regular,Northwestern,Big Ten,home,23,2,1,29,0,2,5,5,0,2,2,1,25:17,1,0,1,4-30,2.9,34,99,9.2,13-25,230,329,0-0,5-15,12,,,,8,0,49,3,0,2
401525442,2023,12,regular,Wake Forest,ACC,away,7,1,0,54,0,3,1,,,,1,1,31:27,0,1,1,4-50,3.7,36,134,4.7,12-21,98,232,0-2,5-13,14,,,,3,0,38,0,2,0
401525442,2023,12,regular,Notre Dame,FBS Independents,home,45,1,5,26,0,1,9,,,,1,1,28:33,0,1,1,3-35,4.6,30,137,9.2,24-34,313,450,1-1,5-10,25,13,0,2,6,0,37,3,1,3
401531417,2023,12,regular,Navy,American Athletic,home,10,1,0,,,,4,10,0,2,2,2,34:04,0,2,2,7-35,3.5,50,174,9.3,10-11,102,276,0-0,6-16,13,12,0,2,10,0,26,3,3,3
401531417,2023,12,regular,East Carolina,American Athletic,away,0,0,0,25,0,2,0,,,,2,2,25:56,2,2,4,4-45,1.5,22,34,4.1,24-38,155,189,1-4,2-13,9,0,0,1,10,0,49,2,0,0
401531431,2023,12,regular,SMU,American Athletic,away,38,3,2,35,0,2,8,,,,1,0,28:10,0,0,0,3-40,3.8,42,158,12.4,15-23,286,444,1-1,4-10,23,15,0,1,4,0,45,1,2,7
401531431,2023,12,regular,Memphis,American Athletic,home,34,2,2,30,0,2,8,,,,0,2,31:50,0,1,1,6-50,2.8,22,62,7.9,35-51,402,464,2-2,6-13,24,9,0,1,2,0,45,1,2,4
401525557,2023,12,regular,Syracuse,ACC,away,22,3,0,157,0,5,4,6,0,1,1,2,30:52,1,1,2,12-85,4.9,42,206,3.3,15-16,53,259,2-3,2-10,15,53,0,1,2,0,37,1,1,1
401525557,2023,12,regular,Georgia Tech,ACC,home,31,2,2,20,0,2,7,0,0,1,1,1,29:08,1,1,2,3-35,5.6,37,206,6.9,16-20,138,344,0-0,3-9,23,0,0,1,4,0,39,0,0,0
401525558,2023,12,regular,Miami,ACC,home,31,3,1,57,0,3,7,0,0,1,0,,29:39,0,0,0,5-50,6.1,26,159,8.4,24-39,327,486,1-2,6-14,21,5,0,1,3,0,33,0,2,1
401525558,2023,12,regular,Louisville,ACC,away,38,2,3,70,0,2,6,,,,0,,30:21,1,0,1,4-50,4.8,34,162,8.3,24-37,308,470,1-1,5-12,26,6,0,2,7,0,34,1,7,2
401525553,2023,12,regular,Pittsburgh,ACC,home,24,2,1,10,0,1,6,1,0,2,0,,25:18,0,0,0,4-22,6.0,33,197,10.9,11-19,207,404,1-2,3-10,17,,,,8,0,36,6,4,6
401525553,2023,12,regular,Boston College,ACC,away,16,0,1,14,0,1,10,,,,0,,34:42,2,0,2,8-55,3.5,44,154,6.8,13-25,171,325,1-2,3-12,21,11,0,2,2,0,25,0,5,5
401525555,2023,12,regular,Virginia,ACC,home,30,0,3,0,0,1,12,6,0,1,1,0,32:51,0,0,0,12-117,4.1,41,170,9.3,21-30,278,448,2-2,5-15,22,20,0,3,3,0,29,1,5,9
401525555,2023,12,regular,Duke,ACC,away,27,1,2,103,0,5,9,,,,0,1,27:09,1,1,2,1-10,5.7,28,159,6.0,26-45,270,429,2-2,4-14,27,6,0,2,9,0,38,1,1,3
401525559,2023,12,regular,Virginia Tech,ACC,home,28,1,3,98,0,4,4,,,,0,,19:23,1,0,1,4-39,7.8,16,124,7.5,17-30,225,349,0-1,1-7,17,19,0,2,8,0,41,1,3,3
401525559,2023,12,regular,NC State,ACC,away,35,2,3,,,,5,0,0,1,0,,40:37,0,0,0,6-45,4.0,47,188,8.1,19-27,220,408,1-1,7-15,24,,,,4,0,21,1,4,3
401525554,2023,12,regular,Clemson,ACC,home,31,3,1,,,,7,6,0,1,1,2,38:11,0,2,2,7-58,4.5,55,247,6.4,21-34,219,466,2-4,6-19,25,2,0,1,5,0,33,4,6,10
401525554,2023,12,regular,North Carolina,ACC,away,20,2,1,,,,2,,,,2,2,21:49,1,2,3,10-75,7.8,32,248,5.6,16-37,209,457,2-5,4-14,19,7,0,2,6,0,48,0,0,2
401532623,2023,12,regular,San José State,Mountain West,home,24,2,1,20,0,1,6,29,0,2,0,2,24:44,1,0,1,1-15,6.2,29,181,8.7,15-20,174,355,1-1,4-8,19,,,,5,0,33,1,3,1
401532623,2023,12,regular,San Diego State,Mountain West,away,13,1,0,34,0,2,7,44,0,1,0,,35:16,2,0,2,1-10,4.5,41,183,4.9,15-24,117,300,3-4,7-16,18,,,,3,0,31,0,3,2
401532621,2023,12,regular,Nevada,Mountain West,away,20,1,0,45,0,2,8,66,1,1,0,2,35:30,2,0,2,7-70,3.1,43,133,6.5,21-30,194,327,2-2,5-16,21,,,,4,1,30,0,5,4
401532621,2023,12,regular,Colorado State,Mountain West,home,30,1,2,,,,12,23,0,2,0,1,24:30,1,0,1,5-44,5.0,34,169,7.9,15-31,245,414,0-0,4-11,23,,,,10,0,44,4,7,1
401532620,2023,12,regular,Wyoming,Mountain West,home,42,3,3,,,,6,26,0,2,0,1,23:28,0,1,1,0-0,4.6,33,153,18.8,14-17,319,472,1-2,0-6,20,,,,9,0,45,3,6,2
401532620,2023,12,regular,Hawai'i,Mountain West,away,9,0,1,,,,3,,,,1,0,36:32,2,0,2,3-25,2.0,34,67,6.3,25-44,278,345,0-3,10-20,17,,,,6,0,36,4,0,1
401532619,2023,12,regular,Utah State,Mountain West,home,10,0,1,24,0,1,4,,,,0,2,29:39,2,2,4,5-40,3.9,42,164,7.0,16-30,209,373,1-4,4-15,16,41,0,4,5,0,24,1,2,2
401532619,2023,12,regular,Boise State,Mountain West,away,45,4,2,,,,9,20,0,2,2,2,30:21,0,0,0,3-31,7.3,48,352,5.2,8-18,93,445,1-1,5-14,19,8,0,1,13,0,41,9,6,4
401532622,2023,12,regular,Fresno State,Mountain West,home,17,2,0,116,0,6,5,41,0,2,0,1,19:19,0,1,1,1-5,2.1,22,47,6.3,17-29,183,230,1-1,4-13,13,39,0,1,5,0,36,2,2,2
401532622,2023,12,regular,New Mexico,Mountain West,away,25,2,1,,,,7,,,,1,0,40:41,2,0,2,11-97,6.8,51,345,8.7,10-21,183,528,0-0,7-13,26,,,,4,0,26,2,0,1
401532624,2023,12,regular,UNLV,Mountain West,away,31,2,2,12,0,1,7,,,,1,0,26:26,2,0,2,10-120,3.5,33,114,11.7,16-30,351,465,1-1,3-13,15,-3,0,2,4,0,45,1,0,1
401532624,2023,12,regular,Air Force,Mountain West,home,27,3,0,,,,9,39,0,2,0,2,33:34,0,1,1,4-30,5.5,62,344,6.7,3-9,60,404,1-2,3-14,22,,,,4,0,24,3,0,4
401540298,2023,12,regular,Dartmouth,Ivy,away,38,4,1,17,0,1,8,22,0,2,0,,35:08,1,0,1,4-45,7.9,49,386,3.8,6-11,42,428,0-0,7-13,18,6,0,1,,,,,,
401540298,2023,12,regular,Brown,Ivy,home,13,1,1,,,,1,0,0,1,0,,24:52,2,0,2,1-10,2.9,34,98,5.9,24-42,249,347,2-4,5-17,20,15,0,2,,,,,,
401540319,2023,12,regular,North Carolina A&T,Coastal Athletic,home,14,1,1,32,0,2,2,,,,0,1,30:53,0,1,1,10-75,4.1,35,142,6.3,16-28,175,317,1-3,5-14,18,,,,,,,,,
401540319,2023,12,regular,Campbell,Coastal Athletic,away,28,1,3,26,0,1,4,,,,1,0,29:07,0,0,0,9-92,4.3,44,187,10.1,16-21,212,399,1-2,5-11,25,11,0,2,,,,,,
401540478,2023,12,regular,Gardner-Webb,Big South-OVC,home,34,3,1,69,0,2,10,,,,0,,30:51,1,0,1,6-50,6.3,49,308,7.0,8-20,140,448,0-0,6-15,19,59,0,3,,,,,,
401540478,2023,12,regular,Charleston Southern,Big South-OVC,away,10,1,0,17,0,1,4,5,0,1,0,1,29:09,0,0,0,3-44,3.4,27,92,4.0,18-39,156,248,1-3,3-15,14,5,0,2,,,,,,
401540333,2023,12,regular,Cornell,Ivy,home,14,1,1,,,,2,,,,0,2,24:14,2,1,3,5-39,1.5,20,29,8.6,20-28,241,270,2-2,0-10,15,,,,,,,,,
401540333,2023,12,regular,Columbia,Ivy,away,29,2,0,59,0,2,10,32,0,2,1,0,27:17,0,0,0,7-74,6.7,37,247,3.6,12-25,89,336,0-1,5-13,17,1,0,1,,,,,,
401540406,2023,12,regular,Dayton,Pioneer,away,45,0,4,45,0,2,5,,,,1,0,20:19,0,0,0,1-5,6.2,25,155,8.1,16-19,154,309,1-1,5-8,19,,,,,,,,,
401540406,2023,12,regular,Davidson,Pioneer,home,14,0,1,90,0,5,1,,,,0,1,24:10,1,1,2,5-60,5.8,32,185,3.9,12-18,71,256,2-4,4-10,13,,,,,,,,,
401540483,2023,12,regular,Robert Morris,Big South,home,14,1,1,94,0,3,2,,,,0,,24:57,0,0,0,10-72,2.7,21,57,5.1,17-34,173,230,2-4,4-14,11,31,0,2,,,,,,
401540483,2023,12,regular,Eastern Illinois,Big South-OVC,away,28,1,3,32,0,3,4,,,,1,1,35:03,0,0,0,4-20,5.1,37,190,6.8,23-33,226,416,0-1,8-14,26,,,,,,,,,
401540243,2023,12,regular,Northern Arizona,Big Sky,away,49,5,2,124,0,5,7,36,0,3,1,2,35:32,1,2,3,9-75,5.7,54,310,12.9,15-21,271,581,0-0,8-13,27,1,0,1,,,,,,
401540243,2023,12,regular,Eastern Washington,Big Sky,home,42,1,4,179,0,6,6,0,0,1,2,1,24:28,3,1,4,1-14,4.9,30,147,7.1,24-40,283,430,0-2,10-17,21,11,0,1,,,,,,
401540416,2023,12,regular,Hampton,Coastal Athletic,away,14,1,1,90,0,5,2,,,,2,1,33:18,1,1,2,3-29,1.6,40,63,5.0,12-26,129,192,0-0,6-17,14,,,,,,,,,
401540416,2023,12,regular,Elon,Coastal Athletic,home,51,1,4,59,0,3,9,34,1,1,1,3,26:42,0,2,2,7-63,5.9,32,190,14.5,10-18,261,451,0-2,4-10,17,22,0,4,,,,,,
401540604,2023,12,regular,Wofford,Southern,home,19,1,0,,,,7,0,0,1,1,3,32:10,1,3,4,7-70,2.3,40,92,5.1,9-18,92,184,2-2,3-14,11,6,0,1,,,,,,
401540604,2023,12,regular,Furman,Southern,away,13,1,0,95,0,4,7,0,0,1,3,1,27:50,1,1,2,2-25,3.6,25,89,2.6,18-38,99,188,1-3,3-15,15,,,,,,,,,
401540493,2023,12,regular,New Hampshire,Coastal Athletic,home,44,2,3,23,0,2,8,0,0,1,1,0,26:50,0,0,0,9-81,2.8,36,102,10.4,16-26,271,373,1-1,8-13,20,108,1,2,,,,,,
401540493,2023,12,regular,Maine,Coastal Athletic,away,25,0,3,28,0,2,5,,,,0,1,33:10,1,0,1,4-40,1.4,22,31,6.2,32-51,315,346,2-4,7-15,22,,,,,,,,,
401540507,2023,12,regular,UAlbany,Coastal Athletic,home,41,1,5,,,,5,46,0,1,1,0,32:47,1,0,1,4-55,3.1,36,111,8.5,20-30,256,367,4-4,7-15,19,,,,,,,,,
401540507,2023,12,regular,Monmouth,Coastal Athletic,away,0,0,0,49,0,3,,4,0,1,0,1,27:13,1,1,2,6-45,2.2,33,71,5.0,15-21,105,176,1-4,3-12,11,,,,,,,,,
401540265,2023,12,regular,Montana State,Big Sky,away,7,0,1,29,0,1,1,,,,0,1,25:16,1,0,1,6-38,6.1,35,213,4.2,4-16,67,280,0-4,1-10,13,-8,0,2,,,,,,
401540265,2023,12,regular,Montana,Big Sky,home,37,3,1,49,0,1,13,0,0,1,0,2,34:44,0,0,0,8-75,5.1,40,202,9.1,19-25,228,430,0-0,7-14,22,4,0,1,,,,,,
401540552,2023,12,regular,Presbyterian,Pioneer,home,31,0,3,51,0,2,7,-3,0,3,1,0,29:29,2,0,2,7-65,4.4,35,155,6.6,16-36,236,391,0-2,5-15,16,-7,0,3,,,,,,
401540552,2023,12,regular,Morehead State,Pioneer,away,27,0,2,90,0,5,3,35,1,2,0,2,30:31,3,1,4,10-83,2.3,34,77,6.9,14-30,207,284,2-3,4-15,13,68,1,3,,,,,,
401540282,2023,12,regular,Portland State,Big Sky,away,27,3,1,,,,3,,,,0,1,32:47,2,1,3,8-82,6.6,46,302,7.3,13-24,175,477,1-1,5-10,30,,,,,,,,,
401540282,2023,12,regular,Northern Colorado,Big Sky,home,23,2,0,,,,11,0,0,2,1,1,27:13,0,0,0,9-80,4.6,33,151,8.5,17-26,222,373,0-0,8-14,21,12,0,1,,,,,,
401552541,2023,12,regular,Princeton,Ivy,away,31,1,2,,,,6,37,0,3,1,1,20:45,0,0,0,1-5,3.6,20,71,4.7,16-30,142,213,1-1,4-12,14,,,,,,,,,
401552541,2023,12,regular,Pennsylvania,Ivy,home,24,0,2,,,,5,,,,0,3,24:15,3,1,4,4-30,4.9,28,137,8.2,20-33,271,408,1-1,5-10,21,,,,,,,,,
401540572,2023,12,regular,Towson,Coastal Athletic,home,31,3,1,53,0,3,1,19,0,1,1,1,22:17,0,0,0,10-70,4.6,27,124,8.4,15-27,226,350,2-2,4-13,15,,,,,,,,,
401540572,2023,12,regular,Rhode Island,Coastal Athletic,away,30,2,1,43,0,3,12,,,,0,2,37:43,1,1,2,5-40,3.4,45,154,10.0,23-36,359,513,1-1,8-17,24,21,0,4,,,,,,
401540574,2023,12,regular,William & Mary,Coastal Athletic,home,26,1,2,66,0,4,8,,,,0,3,27:32,0,0,0,5-63,4.9,35,170,11.3,14-24,270,440,1-1,2-11,16,-9,0,1,,,,,,
401540574,2023,12,regular,Richmond,Coastal Athletic,away,27,1,2,12,0,1,9,,,,0,,32:28,0,0,0,7-53,4.9,40,196,7.6,16-23,175,371,1-1,2-10,22,,,,,,,,,
401540561,2023,12,regular,Stetson,Pioneer,home,20,0,3,111,0,7,2,,,,1,1,23:40,3,1,4,4-26,2.0,25,50,8.4,22-35,293,343,0-2,4-10,22,,,,,,,,,
401540561,2023,12,regular,San Diego,Pioneer,away,47,2,2,120,0,5,9,30,1,3,1,1,36:20,0,1,1,8-90,5.4,40,216,7.8,21-28,219,435,1-2,3-8,25,,,,,,,,,
401540462,2023,12,regular,Valparaiso,Pioneer,away,10,0,1,32,0,2,4,30,0,1,0,2,29:40,0,1,1,6-56,2.6,31,82,5.9,14-26,154,236,1-3,3-12,16,4,0,2,,,,,,
401540462,2023,12,regular,St. Thomas (MN),Pioneer,home,16,1,1,23,0,1,4,,,,1,1,30:20,1,0,1,6-41,3.1,38,117,9.9,9-18,179,296,0-1,4-13,16,0,0,2,,,,,,
401540537,2023,12,regular,Tennessee Tech,Big South-OVC,away,35,2,2,,,,4,20,0,1,0,,28:58,0,0,0,4-30,6.5,32,207,5.2,15-32,167,374,0-1,6-14,18,13,0,1,,,,,,
401540537,2023,12,regular,Tennessee State,Big South-OVC,home,0,0,0,-2,0,1,0,,,,0,1,21:31,2,0,2,5-44,2.8,26,73,2.7,12-29,77,150,0-1,3-14,9,0,0,1,,,,,,
401520430,2023,13,regular,Georgia Tech,ACC,home,23,2,0,,,,11,0,0,1,1,2,30:45,0,0,0,3-15,4.7,44,205,7.5,11-21,158,363,2-3,2-11,22,,,,4,0,33,0,0,2
401520430,2023,13,regular,Georgia,SEC,away,31,3,1,115,0,4,7,,,,0,2,29:15,1,1,2,6-60,6.7,39,262,8.8,13-20,175,437,0-0,4-8,24,2,0,1,4,0,31,2,0,0
401520429,2023,13,regular,Florida State,ACC,away,24,3,0,17,0,1,6,6,0,1,0,,25:08,0,0,0,5-22,2.9,31,90,5.2,12-26,134,224,1-1,4-14,16,34,0,1,11,0,33,6,4,2
401520429,2023,13,regular,Florida,SEC,home,15,1,0,29,0,1,7,,,,0,2,34:52,1,0,1,8-90,3.3,44,146,5.4,9-16,86,232,0-1,7-16,13,,,,7,0,23,3,6,8
401520442,2023,13,regular,Vanderbilt,SEC,away,24,1,2,55,0,3,6,,,,1,0,34:21,0,0,0,10-83,2.6,30,78,7.1,21-32,228,306,0-0,3-12,22,-4,0,1,2,0,39,1,1,6
401520442,2023,13,regular,Tennessee,SEC,home,48,2,4,74,0,3,12,,,,0,1,25:39,0,1,1,10-108,5.3,32,168,9.6,31-47,449,617,0-0,6-12,31,40,0,4,7,0,31,2,5,2
401520441,2023,13,regular,Clemson,ACC,away,16,0,0,,,,10,0,0,1,1,0,38:00,1,0,1,6-40,4.8,46,219,3.7,15-27,100,319,0-0,7-16,19,0,0,1,6,0,29,2,8,4
401520441,2023,13,regular,South Carolina,SEC,home,7,1,0,40,0,1,1,0,0,1,0,2,22:00,1,1,2,4-30,2.4,24,57,3.5,16-32,112,169,2-3,2-13,12,9,0,3,5,0,48,1,2,3
401520432,2023,13,regular,Louisville,ACC,home,31,2,2,127,0,6,7,18,0,1,0,2,36:34,1,2,3,3-40,3.7,43,161,7.3,24-33,242,403,3-4,9-17,23,,,,7,0,19,2,3,3
401520432,2023,13,regular,Kentucky,SEC,away,38,1,3,165,1,4,8,0,0,1,2,0,23:26,1,0,1,0-0,3.3,25,83,9.4,12-22,206,289,1-1,3-9,16,,,,4,1,54,2,1,3
401520443,2023,13,regular,UConn,FBS Independents,away,31,3,0,41,0,2,7,45,1,1,2,1,37:36,0,1,1,9-93,5.2,46,240,6.2,16-28,174,414,0-1,3-12,24,,,,7,1,28,1,0,4
401520443,2023,13,regular,Massachusetts,FBS Independents,home,18,2,1,87,0,5,,,,,2,4,22:24,1,2,3,3-40,2.3,26,59,7.7,18-30,230,289,0-1,2-9,16,-3,0,1,5,0,38,1,2,1
401525905,2023,13,regular,BYU,Big 12,away,34,3,0,19,0,1,10,13,1,2,0,5,25:30,0,2,2,6-41,3.5,37,130,6.2,15-32,197,327,1-1,5-15,14,-1,0,2,3,1,40,1,3,4
401525905,2023,13,regular,Oklahoma State,Big 12,home,40,5,0,50,0,4,8,,,,2,2,34:30,2,0,2,5-36,4.4,41,182,6.8,31-47,321,503,1-2,7-17,28,,,,3,0,38,0,6,3
401525904,2023,13,regular,Iowa State,Big 12,away,42,3,3,70,0,5,6,0,0,1,0,4,17:48,0,2,2,6-73,11.2,23,258,19.2,8-12,230,488,0-0,3-7,10,0,0,1,5,0,67,0,2,9
401525904,2023,13,regular,Kansas State,Big 12,home,35,3,1,61,0,4,9,,,,2,0,42:12,1,0,1,6-55,3.9,54,209,6.0,24-48,288,497,3-4,11-23,32,8,0,2,3,0,21,0,2,1
401525902,2023,13,regular,West Virginia,Big 12,away,34,2,2,67,0,4,10,,,,0,1,28:55,0,0,0,5-55,6.8,37,250,10.8,16-25,269,519,0-1,3-10,23,0,0,1,5,0,38,3,0,2
401525902,2023,13,regular,Baylor,Big 12,home,31,1,1,279,2,7,7,,,,0,,31:05,0,0,0,5-50,3.2,37,119,10.8,17-20,215,334,2-2,4-12,17,,,,5,2,34,0,1,4
401525901,2023,13,regular,Texas,Big 12,home,57,3,1,110,1,2,21,43,1,3,0,2,33:00,1,0,1,9-74,7.0,43,302,7.1,19-32,226,528,1-2,3-11,27,60,0,4,5,2,29,2,9,6
401525901,2023,13,regular,Texas Tech,Big 12,away,7,1,0,227,0,9,1,0,0,1,0,,27:00,3,0,3,5-35,3.9,28,110,2.4,19-36,88,198,0-1,3-13,14,,,,3,0,31,3,3,5
401525903,2023,13,regular,Cincinnati,Big 12,home,16,0,2,,,,4,,,,0,,32:41,1,0,1,6-65,5.5,42,231,3.6,16-31,111,342,2-2,6-15,21,,,,4,0,24,0,3,1
401525903,2023,13,regular,Kansas,Big 12,away,49,5,2,54,0,3,7,0,0,1,1,1,27:19,0,0,0,4-45,9.2,34,312,14.7,13-17,250,562,1-1,3-7,23,,,,0,0,29,0,1,6
401525900,2023,13,regular,Oklahoma,Big 12,home,69,5,3,22,0,1,15,45,1,1,0,1,29:38,1,1,2,5-46,5.0,41,207,10.5,24-38,400,607,2-2,8-14,30,2,0,2,5,1,40,1,7,6
401525900,2023,13,regular,TCU,Big 12,away,45,2,4,65,0,4,7,0,0,1,1,1,30:22,1,0,1,7-82,6.1,29,176,5.9,32-58,344,520,1-3,7-16,25,,,,5,0,35,2,1,5
401520427,2023,13,regular,Alabama,SEC,away,27,1,2,17,0,1,9,22,0,2,1,0,32:43,0,0,0,8-72,4.4,44,192,10.8,16-24,259,451,2-2,6-16,21,-3,0,2,6,0,43,4,1,2
401520427,2023,13,regular,Auburn,SEC,home,24,2,1,67,0,4,6,,,,0,2,27:17,2,1,3,5-28,5.8,42,244,5.5,6-17,93,337,0-0,4-12,18,5,0,2,5,0,45,1,2,3
401520433,2023,13,regular,Texas A&M,SEC,away,30,2,2,124,0,6,6,,,,0,,36:39,1,0,1,4-40,2.3,41,96,8.4,25-35,294,390,3-5,9-18,22,-4,0,1,2,0,26,2,2,2
401520433,2023,13,regular,LSU,SEC,home,42,2,4,26,0,2,6,0,0,1,0,1,23:21,0,0,0,6-70,5.5,28,154,9.8,16-24,235,389,1-1,5-9,21,10,0,1,7,0,46,4,3,0
401532454,2023,13,regular,Ball State,Mid-American,home,15,0,1,23,0,1,9,-2,0,2,0,1,37:26,2,0,2,3-30,5.2,53,274,4.8,14-19,91,365,2-2,2-13,21,-11,0,3,4,0,25,0,0,3
401532454,2023,13,regular,Miami (OH),Mid-American,away,17,1,1,93,0,4,5,73,0,2,0,,22:34,2,0,2,2-20,1.9,24,46,7.1,14-24,170,216,0-1,1-9,11,12,0,1,5,0,43,1,0,1
401532452,2023,13,regular,Akron,Mid-American,home,14,1,1,63,0,4,2,,,,0,,21:25,1,0,1,7-68,1.9,20,37,4.9,17-30,146,183,2-4,3-12,13,,,,9,0,33,3,1,3
401532452,2023,13,regular,Ohio,Mid-American,away,25,2,1,40,0,2,5,0,0,1,0,,38:35,0,0,0,4-43,4.0,47,186,6.9,19-30,208,394,3-3,5-14,27,3,0,1,5,0,22,4,1,0
401532453,2023,13,regular,Northern Illinois,Mid-American,away,37,3,1,40,0,2,7,,,,2,1,29:56,0,1,1,2-10,6.1,40,243,10.2,9-18,183,426,1-2,5-12,17,0,0,1,6,0,42,1,0,5
401532453,2023,13,regular,Kent State,Mid-American,home,27,1,2,80,0,4,9,,,,1,4,30:04,0,2,2,4-20,3.2,35,113,8.7,16-29,253,366,1-2,7-15,18,2,0,1,2,0,31,0,0,4
401532451,2023,13,regular,Central Michigan,Mid-American,home,17,1,1,84,0,6,3,,,,0,3,33:08,0,1,1,6-47,2.8,37,104,8.6,16-27,231,335,3-3,6-15,16,1,0,1,4,0,30,2,6,1
401532451,2023,13,regular,Toledo,Mid-American,away,32,3,1,28,0,2,6,,,,1,1,26:52,0,0,0,6-64,6.1,43,261,5.7,9-17,97,358,0-1,7-14,17,0,0,1,5,0,32,4,3,1
401520428,2023,13,regular,Florida International,Conference USA,home,28,0,3,16,0,1,4,,,,1,1,26:01,2,1,3,3-14,2.5,21,52,5.1,27-49,249,301,2-3,8-17,16,9,0,3,9,0,45,2,3,2
401520428,2023,13,regular,Western Kentucky,Conference USA,away,41,0,5,0,0,1,5,18,0,2,1,2,33:59,0,1,1,4-36,2.3,32,74,8.1,31-41,333,407,2-3,9-16,21,14,0,2,1,0,33,1,8,6
401520444,2023,13,regular,Liberty,Conference USA,away,42,5,1,,,,6,18,0,1,0,3,36:23,0,3,3,8-56,7.1,62,441,2.2,5-13,28,469,2-4,5-11,24,12,0,2,9,0,22,3,2,6
401520444,2023,13,regular,UTEP,Conference USA,home,28,3,1,11,0,1,4,,,,3,1,23:37,1,0,1,6-40,1.8,28,50,7.9,14-28,221,271,1-3,3-12,13,,,,3,0,30,1,3,3
401540124,2023,13,regular,Tuskegee,SIAC,away,3,0,0,34,0,3,3,,,,2,0,33:47,2,0,2,6-59,4.5,33,148,4.0,9-20,79,227,0-2,3-13,13,,,,,,,,,
401540124,2023,13,regular,Alabama State,SWAC,home,41,2,3,119,0,2,5,50,0,2,0,3,26:13,0,2,2,8-95,4.9,28,137,10.5,11-17,179,316,0-0,7-9,18,59,0,3,,,,,,
401520440,2023,13,regular,Sam Houston,Conference USA,home,23,1,0,73,0,4,11,71,1,3,0,,30:58,1,0,1,5-41,3.0,28,85,4.1,32-49,199,284,1-1,10-20,20,3,0,1,5,1,40,4,0,2
401520440,2023,13,regular,Middle Tennessee,Conference USA,away,20,2,0,98,0,3,8,31,0,1,0,,29:02,3,0,3,7-63,2.4,28,66,7.1,31-39,276,342,0-0,3-12,18,6,0,1,7,0,52,1,4,4
401540159,2023,13,regular,Southern,SWAC,away,27,2,1,52,0,4,3,1,0,1,1,3,24:45,1,1,2,9-84,2.9,30,86,8.9,13-26,231,317,0-1,3-10,13,46,1,4,,,,,,
401540159,2023,13,regular,Grambling,SWAC,home,22,2,0,81,0,4,2,0,1,1,1,1,35:15,1,1,2,7-40,5.1,49,249,6.1,19-30,183,432,1-3,5-14,25,33,0,4,,,,,,
401524063,2023,13,regular,Oregon,Pac-12,home,31,2,2,26,0,2,7,0,0,1,0,,34:03,0,0,0,6-65,4.0,28,113,9.2,33-40,367,480,2-2,5-11,28,-3,0,1,2,0,25,1,9,5
401524063,2023,13,regular,Oregon State,Pac-12,away,7,0,1,72,0,5,1,,,,0,,25:57,1,0,1,4-23,2.2,24,53,6.3,19-35,220,273,2-6,3-11,17,,,,3,0,36,0,1,3
401524068,2023,13,regular,Washington,Pac-12,home,24,1,2,42,0,2,6,14,0,2,0,,27:19,1,0,1,7-49,3.4,30,102,6.2,18-33,204,306,1-1,6-14,17,,,,6,0,46,5,0,3
401524068,2023,13,regular,Washington State,Pac-12,away,21,0,3,66,0,3,3,0,0,1,0,,32:41,2,0,2,10-85,2.4,27,64,6.5,32-49,317,381,1-2,7-17,22,2,0,1,4,0,32,2,0,3
401531923,2023,13,regular,Coastal Carolina,Sun Belt,home,14,1,1,88,0,4,2,0,0,1,0,3,27:26,0,3,3,3-24,3.0,25,74,8.8,21-29,254,328,0-2,5-11,14,0,0,1,1,0,30,1,2,3
401531923,2023,13,regular,James Madison,Sun Belt,away,56,3,5,,,,8,,,,3,0,32:34,1,0,1,9-62,4.6,34,157,9.3,26-35,324,481,2-2,6-11,26,11,0,1,6,0,31,1,0,3
401531924,2023,13,regular,Arkansas State,Sun Belt,away,21,1,1,34,0,2,3,,,,2,1,23:04,1,1,2,7-89,1.4,29,42,6.9,19-38,263,305,0-2,3-14,20,73,1,3,9,1,32,3,3,1
401531924,2023,13,regular,Marshall,Sun Belt,home,35,2,3,36,0,2,5,0,0,1,1,2,36:56,0,2,2,8-98,5.3,53,279,9.7,16-22,214,493,0-0,8-18,23,,,,6,0,32,3,11,7
401524066,2023,13,regular,California,Pac-12,away,33,0,2,110,1,2,15,0,0,2,3,0,30:01,2,0,2,5-45,3.9,32,124,5.9,19-30,178,302,1-1,6-15,17,,,,8,1,48,6,4,7
401524066,2023,13,regular,UCLA,Pac-12,home,7,0,1,80,0,4,1,21,0,2,0,3,29:59,2,2,4,5-41,2.0,36,71,6.6,30-47,309,380,3-6,8-19,23,,,,6,0,39,1,3,1
401524065,2023,13,regular,Notre Dame,FBS Independents,away,56,5,2,30,0,1,8,25,0,1,1,2,26:58,2,2,4,5-49,7.9,48,381,9.3,8-15,140,521,1-1,7-9,26,,,,9,0,34,4,8,5
401524065,2023,13,regular,Stanford,Pac-12,home,23,2,0,,,,11,9,0,2,2,1,33:02,1,1,2,2-15,4.6,31,143,5.1,21-42,216,359,1-4,5-16,19,,,,1,0,31,0,3,2
401524064,2023,13,regular,Arizona State,Pac-12,home,23,2,1,27,0,3,1,32,0,1,0,1,29:57,2,1,3,3-30,5.3,42,224,3.6,10-23,82,306,0-2,3-10,22,36,0,1,3,0,35,0,8,4
401524064,2023,13,regular,Arizona,Pac-12,away,59,3,5,5,0,1,11,40,0,2,1,1,30:03,1,0,1,6-65,3.7,25,92,12.9,30-41,527,619,0-0,8-11,24,12,0,1,7,0,41,2,3,2
401531928,2023,13,regular,South Alabama,Sun Belt,away,44,0,6,9,0,1,4,12,0,1,1,5,31:21,1,1,2,6-53,2.3,34,77,8.9,36-45,399,476,2-2,7-15,26,,,,7,0,32,2,2,1
401531928,2023,13,regular,Texas State,Sun Belt,home,52,2,3,188,1,4,10,0,0,1,1,1,28:39,1,1,2,7-46,2.7,41,111,13.1,19-28,368,479,1-1,6-13,22,,,,11,1,42,5,4,1
401531922,2023,13,regular,App State,Sun Belt,home,55,3,4,22,0,1,13,25,0,3,1,0,29:16,1,0,1,1-15,7.2,33,236,8.2,23-36,296,532,0-0,4-9,29,,,,4,0,32,2,8,4
401531922,2023,13,regular,Georgia Southern,Sun Belt,away,27,1,1,170,1,6,9,2,0,1,0,1,30:44,3,1,4,9-70,3.5,24,83,7.1,26-39,277,360,0-1,5-11,20,-1,0,1,4,1,35,1,2,5
401531925,2023,13,regular,Georgia State,Sun Belt,away,24,1,2,21,0,2,6,0,0,1,0,1,37:35,2,0,2,8-72,2.4,40,97,5.6,26-36,203,300,1-1,6-19,17,0,0,1,10,0,31,8,1,5
401531925,2023,13,regular,Old Dominion,Sun Belt,home,25,2,1,29,0,2,5,53,0,2,0,,22:25,1,0,1,6-60,2.9,36,105,6.3,15-33,208,313,2-6,2-16,13,54,0,5,9,0,27,0,2,2
401531926,2023,13,regular,UL Monroe,Sun Belt,away,21,1,1,109,0,5,3,,,,1,0,30:20,2,0,2,9-73,3.6,42,153,4.3,9-20,86,239,1-2,9-14,16,,,,7,0,45,2,1,1
401531926,2023,13,regular,Louisiana,Sun Belt,home,52,5,2,-5,0,1,10,10,0,2,0,2,29:40,0,1,1,6-46,5.3,43,230,12.3,18-20,246,476,0-0,7-9,29,3,0,2,6,0,42,4,3,4
401531927,2023,13,regular,Troy,Sun Belt,away,35,1,3,64,0,3,5,,,,1,2,28:26,1,1,2,1-15,3.4,32,108,9.1,22-35,319,427,2-4,3-9,25,,,,10,0,23,6,3,3
401531927,2023,13,regular,Southern Miss,Sun Belt,home,17,1,1,60,0,3,5,0,0,1,1,1,31:34,0,1,1,7-67,3.7,42,154,5.7,11-23,132,286,0-1,7-16,18,12,0,1,4,0,29,0,6,3
401520424,2023,13,regular,Mississippi State,SEC,home,7,1,0,15,0,1,1,,,,0,,28:03,0,0,0,4-56,3.4,28,96,5.3,25-39,207,303,1-2,4-16,16,24,0,3,3,0,13,1,3,4
401520424,2023,13,regular,Ole Miss,SEC,away,17,1,1,,,,5,,,,0,,31:57,0,0,0,6-30,4.3,49,211,3.7,14-26,96,307,2-2,4-16,22,,,,4,0,24,1,3,3
401520426,2023,13,regular,Missouri,SEC,away,48,3,2,15,0,1,12,,,,6,1,31:20,0,0,0,7-65,6.0,43,258,5.3,12-21,112,370,2-2,4-13,17,10,0,2,13,0,36,5,5,4
401520426,2023,13,regular,Arkansas,SEC,home,14,1,1,5,0,1,2,,,,1,6,28:40,0,5,5,7-58,3.1,41,127,4.5,14-22,98,225,1-1,6-15,13,-1,0,1,5,0,36,0,2,3
401532450,2023,13,regular,Bowling Green,Mid-American,away,34,1,2,14,0,1,10,58,1,2,0,,30:15,1,0,1,4-25,4.7,28,132,8.1,19-28,228,360,1-1,3-10,21,28,0,3,8,1,52,5,0,2
401532450,2023,13,regular,Western Michigan,Mid-American,home,10,1,0,27,0,2,4,-5,0,1,0,1,29:45,2,0,2,3-20,3.3,41,135,4.6,17-27,123,258,3-4,6-16,16,12,0,1,4,0,39,1,2,3
401532449,2023,13,regular,Buffalo,Mid-American,home,11,1,0,49,0,3,3,,,,1,4,25:01,0,3,3,3-25,5.4,30,163,6.2,12-28,174,337,1-6,3-12,18,-5,0,1,7,0,51,1,1,1
401532449,2023,13,regular,Eastern Michigan,Mid-American,away,24,2,1,46,0,3,6,,,,2,1,34:59,0,1,1,8-85,4.9,46,226,5.2,19-27,141,367,2-2,5-16,21,,,,4,0,34,1,3,6
401524067,2023,13,regular,Colorado,Pac-12,away,17,0,2,52,0,3,5,,,,0,1,20:56,0,1,1,7-59,2.2,17,37,9.0,18-25,225,262,2-2,3-9,13,19,0,1,5,0,34,1,0,1
401524067,2023,13,regular,Utah,Pac-12,home,23,2,0,27,0,3,11,,,,1,0,39:04,0,0,0,2-15,5.1,53,268,6.1,6-10,61,329,2-2,7-13,21,11,0,1,2,0,21,2,0,0
401525906,2023,13,regular,UCF,Big 12,home,27,3,1,0,0,1,3,0,0,1,0,1,32:56,0,0,0,4-34,5.2,43,223,9.4,23-27,253,476,2-3,6-13,23,17,0,1,7,0,29,4,3,0
401525906,2023,13,regular,Houston,Big 12,away,13,0,1,,,,7,,,,0,,27:04,1,0,1,4-20,3.0,31,94,7.9,13-21,165,259,3-5,1-10,17,,,,7,0,46,3,1,1
401520434,2023,13,regular,Michigan,Big Ten,home,30,2,1,16,0,1,12,18,0,2,0,,33:28,0,0,0,3-34,4.0,39,156,8.7,17-21,182,338,3-3,3-12,18,,,,1,0,35,1,1,4
401520434,2023,13,regular,Ohio State,Big Ten,away,24,1,2,42,0,2,6,,,,0,1,26:32,2,0,2,1-5,3.8,28,107,9.0,18-30,271,378,0-0,4-9,21,,,,2,0,33,1,2,0
401520435,2023,13,regular,Penn State,Big Ten,away,42,2,3,,,,10,0,0,1,0,,35:50,0,0,0,4-30,7.3,39,283,10.8,19-28,303,586,1-1,4-11,23,77,0,7,12,0,25,7,3,2
401520435,2023,13,regular,Michigan State,Big Ten,home,0,0,0,,,,,,,,0,,24:10,1,0,1,6-30,-1.3,27,-35,4.4,12-20,88,53,0-0,2-13,5,,,,4,0,29,2,5,2
401520439,2023,13,regular,Rutgers,Big Ten,home,24,2,1,26,0,1,6,3,0,1,1,1,34:21,1,0,1,8-80,4.2,45,190,4.9,13-34,165,355,1-3,8-19,20,,,,7,0,30,1,2,1
401520439,2023,13,regular,Maryland,Big Ten,away,42,3,3,13,0,1,6,0,0,1,0,1,25:39,1,1,2,5-55,4.9,28,137,11.6,24-31,361,498,1-1,4-10,24,,,,4.5,0,33,2,3,7
401520438,2023,13,regular,Purdue,Big Ten,home,35,1,3,137,0,5,11,32,0,3,0,1,33:01,0,0,0,4-50,3.8,47,178,8.1,21-34,275,453,1-1,4-15,25,14,0,3,4,0,39,2,1,2
401520438,2023,13,regular,Indiana,Big Ten,away,31,0,3,194,1,8,7,,,,0,1,26:59,3,0,3,8-70,3.8,35,133,7.3,17-31,226,359,0-1,1-11,22,-1,0,1,13,1,54,1,0,1
401531386,2023,13,regular,North Texas,American Athletic,home,45,2,3,57,0,3,13,,,,0,,36:32,1,0,1,7-75,5.0,48,241,7.6,30-53,404,645,3-4,7-17,36,,,,4,0,31,2,5,1
401531386,2023,13,regular,UAB,American Athletic,away,42,4,2,17,0,1,4,0,0,1,0,,23:28,0,0,0,10-82,7.1,31,221,11.0,16-26,285,506,0-0,5-11,23,,,,7,0,52,4,3,5
401531421,2023,13,regular,Rice,American Athletic,home,24,0,3,,,,6,,,,0,,39:42,1,0,1,3-20,5.0,42,211,6.5,25-39,254,465,0-2,6-12,32,41,0,4,6,0,23,2,0,3
401531421,2023,13,regular,Florida Atlantic,American Athletic,away,21,2,1,21,0,1,3,0,0,1,0,,20:18,0,0,0,3-45,6.3,24,151,6.7,13-19,128,279,0-1,3-9,14,-1,0,1,4,0,49,1,2,6
401531410,2023,13,regular,South Florida,American Athletic,home,48,1,5,51,0,1,12,54,0,3,0,,25:37,1,0,1,4-25,5.1,37,188,9.8,23-32,315,503,0-1,4-11,23,7,0,2,7,0,26,1,3,1
401531410,2023,13,regular,Charlotte,American Athletic,away,14,1,1,176,0,8,2,0,0,1,0,,34:23,3,0,3,7-66,3.3,40,133,5.9,16-28,165,298,0-4,1-13,15,,,,2,0,29,1,0,4
401531376,2023,13,regular,Tulane,American Athletic,home,29,1,2,27,0,1,11,10,0,3,2,1,28:18,0,1,1,6-41,5.5,41,227,5.7,9-22,125,352,0-0,5-15,13,,,,6,0,55,3,2,6
401531376,2023,13,regular,UTSA,American Athletic,away,16,1,1,25,0,2,4,,,,1,2,31:42,3,2,5,5-24,4.4,40,177,5.1,25-39,198,375,3-6,7-17,21,,,,6,0,43,1,0,5
401520437,2023,13,regular,New Mexico State,Conference USA,home,20,1,1,,,,8,31,0,2,0,2,39:42,2,2,4,6-48,3.9,48,186,7.9,23-34,269,455,1-2,10-16,27,12,0,3,5,0,38,2,1,2
401520437,2023,13,regular,Jacksonville State,Conference USA,away,17,1,0,,,,9,62,0,2,2,0,20:18,2,0,2,9-89,3.0,28,85,8.3,17-30,248,333,1-1,2-13,17,,,,5,0,59,2,3,2
401520436,2023,13,regular,Minnesota,Big Ten,home,14,1,1,90,0,5,2,52,0,1,0,1,29:35,1,1,2,3-30,3.8,31,119,6.0,16-28,167,286,1-2,5-13,17,22,0,2,2,0,44,0,0,2
401520436,2023,13,regular,Wisconsin,Big Ten,away,28,2,2,21,0,1,4,0,0,1,1,0,30:25,1,0,1,3-45,6.1,44,267,6.6,14-22,145,412,0-0,7-14,21,27,0,3,3,0,38,2,2,2
401520425,2023,13,regular,Iowa,Big Ten,away,13,1,0,25,0,1,7,10,0,1,2,2,31:45,1,0,1,2-10,4.1,40,163,3.4,11-28,94,257,1-1,6-18,14,11,0,2,6,0,30,2,6,2
401520425,2023,13,regular,Nebraska,Big Ten,home,10,0,1,,,,4,4,0,1,0,3,28:15,1,2,3,5-40,2.5,30,75,6.8,15-28,189,264,0-0,8-17,10,12,0,4,3,0,33,1,5,7
401520431,2023,13,regular,Northwestern,Big Ten,away,45,2,2,98,0,5,9,13,0,2,2,1,29:50,2,0,2,5-30,3.9,37,145,7.3,24-32,234,379,0-0,4-11,20,,,,5,0,33,2,0,4
401520431,2023,13,regular,Illinois,Big Ten,home,43,0,4,121,0,8,11,55,1,2,0,3,30:10,2,2,4,1-10,3.3,32,107,9.9,25-35,348,455,2-3,5-13,20,-6,0,1,4,1,37,2,3,2
401531346,2023,13,regular,Tulsa,American Athletic,away,29,1,2,65,0,3,11,2,0,2,2,0,30:50,1,0,1,9-86,4.5,33,149,8.0,23-37,297,446,0-1,7-15,23,,,,5,0,36,3,1,0
401531346,2023,13,regular,East Carolina,American Athletic,home,27,1,2,46,0,6,9,0,0,1,0,2,29:10,2,3,5,6-65,6.1,37,225,10.2,12-18,184,409,1-1,3-10,17,4,0,1,5,0,27,0,1,3
401531394,2023,13,regular,Memphis,American Athletic,away,45,2,4,60,0,3,9,0,0,1,0,,29:15,1,0,1,1-15,5.8,33,190,8.7,19-29,253,443,0-0,9-13,24,,,,2,0,39,1,3,7
401531394,2023,13,regular,Temple,American Athletic,home,21,1,2,85,0,5,1,0,0,1,0,,30:45,1,0,1,6-60,5.9,23,135,6.9,27-48,330,465,2-8,5-14,17,11,0,2,3,0,31,1,0,1
401531435,2023,13,regular,SMU,American Athletic,home,59,3,3,54,0,2,11,74,1,1,1,2,27:56,0,1,1,3-25,3.5,34,118,12.7,18-29,369,487,1-1,5-13,20,31,0,5,11,1,51,4,3,4
401531435,2023,13,regular,Navy,American Athletic,away,14,2,0,128,0,6,2,,,,1,1,32:04,1,0,1,7-70,4.0,45,182,2.8,9-25,71,253,2-3,2-15,14,53,0,5,5,0,44,1,3,3
401525560,2023,13,regular,Miami,ACC,away,45,4,2,65,0,3,9,13,0,2,0,1,37:55,0,1,1,3-28,6.1,40,242,8.1,23-36,290,532,3-3,6-13,27,,,,3,0,29,2,0,3
401525560,2023,13,regular,Boston College,ACC,home,20,2,1,,,,2,,,,1,1,22:05,2,0,2,3-30,5.5,26,143,6.0,15-25,151,294,2-2,4-12,15,,,,4,0,39,0,3,1
401525561,2023,13,regular,Pittsburgh,ACC,away,19,0,2,40,0,4,7,28,0,1,0,1,29:05,1,0,1,9-93,1.3,32,43,7.6,25-35,265,308,0-1,5-13,20,0,0,1,4,0,21,0,2,4
401525561,2023,13,regular,Duke,ACC,home,30,1,2,,,,12,0,0,1,0,,30:55,1,0,1,8-79,2.3,30,69,6.7,20-37,248,317,1-1,8-18,17,13,0,2,10,0,31,4,3,4
401525562,2023,13,regular,North Carolina,ACC,away,20,1,2,27,0,2,2,,,,0,2,19:54,2,1,3,9-99,6.2,21,130,6.7,22-38,254,384,0-0,5-12,21,,,,6,0,39,1,2,1
401525562,2023,13,regular,NC State,ACC,home,39,1,3,23,0,1,15,0,0,2,1,1,40:06,0,0,0,8-64,4.0,43,170,10.8,22-31,334,504,0-0,8-16,27,6,0,3,5,0,25,2,5,3
401525563,2023,13,regular,Syracuse,ACC,home,35,1,4,,,,5,0,0,1,0,,34:58,1,0,1,6-60,4.2,58,244,13.2,12-17,224,468,2-2,12-17,24,,,,4,0,36,3,1,2
401525563,2023,13,regular,Wake Forest,ACC,away,31,1,3,,,,5,0,0,1,0,,25:02,1,0,1,4-30,4.2,29,121,10.9,17-24,261,382,2-3,4-10,23,34,0,1,2,0,56,0,0,1
401525564,2023,13,regular,Virginia Tech,ACC,away,55,3,3,94,1,1,13,32,0,1,1,2,28:46,0,1,1,10-116,6.8,37,252,10.8,11-23,248,500,2-2,6-15,16,-1,0,3,10,1,36,6,8,5
401525564,2023,13,regular,Virginia,ACC,home,17,0,2,59,0,2,5,,,,1,1,31:14,1,1,2,3-32,1.5,29,43,5.2,29-47,243,286,0-1,8-19,18,0,0,1,6,0,29,0,4,4
401532627,2023,13,regular,Fresno State,Mountain West,away,18,2,0,130,0,6,4,,,,0,1,19:09,1,0,1,1-8,7.9,19,151,5.1,21-37,190,341,0-2,1-9,17,0,0,1,6,0,47,2,2,2
401532627,2023,13,regular,San Diego State,Mountain West,home,33,2,1,34,0,2,15,29,0,1,0,,40:51,0,0,0,2-10,4.3,53,226,7.3,17-26,189,415,3-3,8-19,21,8,0,1,1,0,31,1,2,7
401532628,2023,13,regular,UNLV,Mountain West,home,31,3,1,103,0,6,7,,,,0,1,23:23,0,1,1,4-35,5.7,32,182,7.9,19-29,229,411,0-2,5-11,22,,,,3,0,20,0,0,2
401532628,2023,13,regular,San José State,Mountain West,away,37,2,2,21,0,1,13,,,,1,1,36:37,0,0,0,6-68,5.8,40,233,9.6,19-26,249,482,0-0,7-14,21,18,0,1,3,0,26,1,0,3
401532626,2023,13,regular,Hawai'i,Mountain West,home,27,1,2,,,,9,0,0,1,1,1,30:48,0,0,0,9-89,6.3,24,151,7.7,31-45,346,497,1-1,6-13,26,4,0,1,3,0,34,1,3,3
401532626,2023,13,regular,Colorado State,Mountain West,away,24,1,2,26,0,1,4,,,,0,,29:12,1,0,1,5-53,3.7,29,108,8.3,26-38,317,425,1-2,8-15,21,0,0,1,4,0,44,1,1,1
401532625,2023,13,regular,Air Force,Mountain West,away,19,2,0,18,0,1,7,15,0,2,0,2,30:58,1,0,1,3-20,4.6,45,206,7.3,8-18,131,337,2-3,5-14,16,2,0,1,4,0,33,1,0,0
401532625,2023,13,regular,Boise State,Mountain West,home,27,2,1,,,,9,15,0,1,0,,29:02,2,0,2,1-10,4.8,38,181,13.4,13-17,228,409,0-0,5-10,19,,,,5,0,35,3,3,1
401532629,2023,13,regular,Utah State,Mountain West,away,44,4,2,6,0,1,8,,,,0,1,28:33,1,0,1,13-183,6.0,50,302,7.3,16-27,198,500,3-3,5-15,30,,,,8,0,32,3,3,7
401532629,2023,13,regular,New Mexico,Mountain West,home,41,4,1,,,,11,-2,0,1,0,,31:27,0,0,0,15-155,7.2,47,337,4.6,17-44,202,539,0-1,7-17,35,,,,6,0,37,3,3,3
401532630,2023,13,regular,Wyoming,Mountain West,away,42,3,2,20,0,1,9,38,1,1,1,0,34:47,0,0,0,4-33,5.7,43,244,9.2,12-18,165,409,0-0,7-12,24,14,0,1,12,1,31,6,2,2
401532630,2023,13,regular,Nevada,Mountain West,home,6,0,0,35,0,2,6,,,,0,1,25:13,1,1,2,6-45,0.7,25,18,6.1,17-30,183,201,0-2,2-12,14,,,,4,0,41,1,0,2
401539483,2023,14,regular,Alabama,SEC,home,27,1,2,0,0,1,9,,,,1,0,31:09,0,0,0,3-36,2.8,41,114,8.3,13-23,192,306,2-2,3-13,20,,,,7,0,41,2,0,5
401539483,2023,14,regular,Georgia,SEC,away,24,3,0,,,,6,,,,0,1,28:51,0,1,1,5-56,2.5,31,78,8.4,21-29,243,321,2-2,4-12,19,28,0,1,8,0,39,4,3,3
401539479,2023,14,regular,Texas,Big 12,home,49,3,4,34,0,2,7,0,0,1,1,0,40:06,1,0,1,7-67,5.0,40,198,9.9,36-47,464,662,2-2,10-16,33,,,,2,0,31,1,4,7
401539479,2023,14,regular,Oklahoma State,Big 12,away,21,0,3,89,0,5,3,27,0,1,0,1,19:54,1,1,2,3-24,1.7,18,31,6.6,22-38,250,281,1-1,3-10,13,8,0,1,6,0,49,1,2,0
401539481,2023,14,regular,Toledo,Mid-American,home,14,1,1,18,0,1,0,,,,0,1,25:57,1,1,2,9-91,3.3,29,97,7.6,18-36,273,370,0-0,4-15,17,7,0,1,6,0,20,1,2,5
401539481,2023,14,regular,Miami (OH),Mid-American,away,23,2,0,64,0,3,11,0,0,1,1,0,34:03,0,0,0,8-84,4.6,43,197,6.8,6-16,109,306,0-0,4-14,14,28,0,2,2,0,28,1,10,5
401539484,2023,14,regular,Troy,Sun Belt,home,49,5,1,10,0,2,7,,,,2,1,24:31,0,1,1,4-32,7.7,35,271,7.7,16-25,192,463,1-1,4-9,25,4,0,3,10,0,37,5,1,3
401539484,2023,14,regular,App State,Sun Belt,away,23,3,0,37,0,2,5,,,,1,3,35:29,0,2,2,8-55,2.6,41,108,7.1,28-39,275,383,2-3,7-16,22,,,,3,0,31,1,0,4
401539475,2023,14,regular,Washington,Pac-12,home,34,2,2,-1,0,1,10,3,0,1,0,1,37:08,1,0,1,7-50,4.2,37,157,7.9,29-41,324,481,0-1,10-15,26,32,0,1,3,0,32,0,7,4
401539475,2023,14,regular,Oregon,Pac-12,away,31,1,3,,,,7,0,0,1,0,,22:52,1,0,1,2-21,6.2,20,124,7.0,21-34,239,363,2-2,3-10,17,,,,4,0,46,2,13,1
401539480,2023,14,regular,Iowa,Big Ten,home,0,0,0,54,0,2,,,,,0,3,23:28,0,3,3,7-46,1.5,24,35,3.8,18-32,120,155,0-3,4-15,7,34,0,2,4,0,36,4,0,4
401539480,2023,14,regular,Michigan,Big Ten,away,26,2,0,,,,14,,,,3,0,36:32,0,0,0,3-25,1.9,34,66,4.9,22-30,147,213,1-1,3-15,12,87,0,1,5,0,27,4,5,8
401539476,2023,14,regular,New Mexico State,Conference USA,away,35,1,4,44,0,3,5,,,,0,,30:13,1,0,1,7-75,6.3,28,177,9.2,21-35,322,499,1-2,6-11,28,,,,1,0,37,0,1,1
401539476,2023,14,regular,Liberty,Conference USA,home,49,5,2,78,0,4,7,0,0,1,0,,29:47,0,0,0,5-60,8.7,45,393,12.8,20-25,319,712,1-2,5-9,34,1,0,1,3,0,30,0,3,7
401539477,2023,14,regular,Tulane,American Athletic,home,14,1,1,87,0,5,2,0,0,2,1,2,25:53,1,0,1,6-51,1.2,26,31,6.6,21-36,238,269,1-4,2-15,12,0,0,1,6,0,49,1,0,4
401539477,2023,14,regular,SMU,American Athletic,away,26,1,1,41,0,2,14,8,0,1,0,2,34:07,2,1,3,6-50,4.3,45,193,6.2,19-33,203,396,1-1,6-16,21,44,0,3,8,0,41,7,0,7
401539478,2023,14,regular,Louisville,ACC,away,6,0,0,16,0,1,6,,,,0,1,28:32,1,0,1,5-48,2.3,34,77,3.1,14-36,111,188,0-3,3-18,10,0,0,1,7,0,25,4,3,4
401539478,2023,14,regular,Florida State,ACC,home,16,1,0,,,,10,0,0,1,0,1,31:28,0,0,0,3-20,3.7,44,164,2.6,8-21,55,219,0-1,2-16,12,,,,14,0,33,7,6,10
401539482,2023,14,regular,UNLV,Mountain West,home,20,1,0,181,0,7,8,47,1,1,1,1,22:50,2,1,3,7-61,2.9,28,81,5.7,18-38,217,298,1-3,6-15,16,5,0,1,7,1,40,1,0,0
401539482,2023,14,regular,Boise State,Mountain West,away,44,3,2,,,,14,21,0,2,1,2,37:10,1,1,2,3-24,5.9,51,301,15.1,12-15,226,527,0-0,7-14,23,,,,7,0,36,2,0,6
401520445,2023,15,regular,Navy,American Athletic,away,11,0,1,39,0,1,3,,,,0,1,26:25,1,1,2,5-25,3.7,35,130,6.2,16-29,179,309,1-3,4-14,17,,,,,,,,,
401520445,2023,15,regular,Army,FBS Independents,home,17,0,1,27,0,3,5,30,0,1,1,1,33:28,0,0,0,5-25,4.5,46,206,3.9,7-14,54,260,1-2,5-14,15,3,0,2,,,,,,
