id,athleteId,recruitType,year,ranking,name,school,committedTo,position,height,weight,stars,rating,city,stateProvince,country,hometownInfo
111247,4870906,HighSchool,2023,1.0,Arch Manning,Isidore Newman,Texas,QB,76.0,215.0,5.0,0.9995,New Orleans,LA,USA,"{'latitude': 29.9499323, 'longitude': -90.0701156, 'fipsCode': '22071'}"
111248,4870879,HighSchool,2023,2.0,Keon Keeley,Berkeley Prep,Alabama,EDGE,77.0,242.0,5.0,0.9984,Tampa,FL,USA,"{'latitude': 27.9477595, 'longitude': -82.458444, 'fipsCode': '12057'}"
111249,4870799,HighSchool,2023,3.0,Nico Iamaleava,Warren,Tennessee,QB,77.0,195.0,5.0,0.998,Long Beach,CA,USA,"{'latitude': 33.7690164, 'longitude': -118.1916048, 'fipsCode': '06037'}"
111251,,HighSchool,2023,4.0,Zachariah Branch,Bishop Gorman,USC,WR,70.0,172.0,5.0,0.998,Las Vegas,NV,USA,"{'latitude': 36.1672559, 'longitude': -115.1485163, 'fipsCode': '32003'}"
111250,4870921,HighSchool,2023,5.0,Dante Moore,Martin Luther King,UCLA,QB,74.5,210.0,5.0,0.9977,Detroit,MI,USA,"{'latitude': 42.3315509, 'longitude': -83.0466403, 'fipsCode': '26163'}"
111253,4870706,HighSchool,2023,6.0,Caleb Downs,Mill Creek,Alabama,S,71.0,197.0,5.0,0.9971,Hoschton,GA,USA,"{'latitude': 34.096496, 'longitude': -83.7612839, 'fipsCode': '13157'}"
111252,5160111,HighSchool,2023,7.0,DJ Hicks,Katy Paetow,Texas A&M,DL,76.0,290.0,5.0,0.997,Katy,TX,USA,"{'latitude': 29.7857853, 'longitude': -95.8243956, 'fipsCode': '48157'}"
111254,4870607,HighSchool,2023,8.0,Jackson Arnold,Denton Guyer,Oklahoma,QB,73.0,205.0,5.0,0.9963,Denton,TX,USA,"{'latitude': 33.2150386, 'longitude': -97.1330516, 'fipsCode': '48121'}"
111256,4870976,HighSchool,2023,9.0,Kadyn Proctor,Southeast Polk,Alabama,OT,79.0,330.0,5.0,0.996,Des Moines,IA,USA,"{'latitude': 41.5910641, 'longitude': -93.6037149, 'fipsCode': '19153'}"
111255,4700136,HighSchool,2023,10.0,Francis Mauigoa,IMG Academy,Miami,OT,77.5,330.0,5.0,0.996,Bradenton,FL,USA,"{'latitude': 27.4989278, 'longitude': -82.5748194, 'fipsCode': '12081'}"
111258,4899363,HighSchool,2023,11.0,Adepoju Adebawore,North Kansas City,Oklahoma,EDGE,76.0,240.0,5.0,0.9953,Kansas City,MO,USA,"{'latitude': 39.100105, 'longitude': -94.5781416, 'fipsCode': '29095'}"
111257,4870928,HighSchool,2023,12.0,Malachi Nelson,Los Alamitos,USC,QB,75.0,182.0,5.0,0.9951,Los Alamitos,CA,USA,"{'latitude': 33.8038865, 'longitude': -118.0772433, 'fipsCode': '06059'}"
111260,4870920,HighSchool,2023,13.0,Cormani McClain,Lakeland,Colorado,CB,74.0,165.0,5.0,0.9921,Lakeland,FL,USA,"{'latitude': 28.0394654, 'longitude': -81.9498042, 'fipsCode': '12105'}"
111259,4870967,HighSchool,2023,14.0,Suntarine Perkins,Raleigh,Ole Miss,LB,75.0,205.0,5.0,0.9916,Raleigh,MS,USA,"{'latitude': 32.033488, 'longitude': -89.5222911, 'fipsCode': '28129'}"
111262,5150410,HighSchool,2023,15.0,Lance Heard,Neville,LSU,OT,77.5,310.0,5.0,0.9909,Monroe,LA,USA,"{'latitude': 32.5093109, 'longitude': -92.1193012, 'fipsCode': '22073'}"
111267,5079337,HighSchool,2023,16.0,Peyton Bowen,Denton Guyer,Oklahoma,S,72.0,185.0,5.0,0.9908,Denton,TX,USA,"{'latitude': 33.2150386, 'longitude': -97.1330516, 'fipsCode': '48121'}"
111261,4870922,HighSchool,2023,17.0,Duce Robinson,Pinnacle,USC,TE,78.0,225.0,5.0,0.9907,Phoenix,AZ,USA,"{'latitude': 33.4484367, 'longitude': -112.0741417, 'fipsCode': '04013'}"
111265,4870805,HighSchool,2023,18.0,Anthony Hill Jr.,Denton Ryan,Texas,LB,74.0,225.0,5.0,0.9902,Denton,TX,USA,"{'latitude': 33.2150386, 'longitude': -97.1330516, 'fipsCode': '48121'}"
111266,4870745,HighSchool,2023,19.0,Nyck Harbor,Archbishop Carroll,South Carolina,ATH,77.0,225.0,5.0,0.9901,Washington,DC,USA,"{'latitude': 38.8949855, 'longitude': -77.0365708, 'fipsCode': '11001'}"
216935,,HighSchool,2023,20.0,Tate Myre,Oxford (),,RB,72.0,195.0,5.0,0.99,,,,"{'latitude': None, 'longitude': None, 'fipsCode': None}"
111263,4871089,HighSchool,2023,21.0,Damon Wilson II,Venice,Georgia,EDGE,75.5,225.0,5.0,0.99,Venice,FL,USA,"{'latitude': 27.0999188, 'longitude': -82.4543597, 'fipsCode': '12115'}"
111268,5158470,HighSchool,2023,22.0,Jurrion Dickey,Menlo-Atherton,Oregon,WR,75.0,210.0,5.0,0.989,East Palo Alto,CA,USA,"{'latitude': 37.4688273, 'longitude': -122.1410751, 'fipsCode': '06081'}"
111264,4870609,HighSchool,2023,23.0,CJ Baxter,Edgewater,Texas,RB,73.0,215.0,5.0,0.9889,Orlando,FL,USA,"{'latitude': 28.5421109, 'longitude': -81.3790304, 'fipsCode': '12095'}"
111269,4870875,HighSchool,2023,24.0,Samson Okunlola,Thayer Academy,Miami,OT,77.0,305.0,5.0,0.9886,Brockton,MA,USA,"{'latitude': 42.0834335, 'longitude': -71.0183787, 'fipsCode': '25023'}"
111275,4870760,HighSchool,2023,25.0,Justice Haynes,Buford,Alabama,RB,71.0,200.0,5.0,0.9884,Buford,GA,USA,"{'latitude': 34.1206564, 'longitude': -84.0043513, 'fipsCode': '13135'}"
111273,5079656,HighSchool,2023,26.0,Dezz Ricks,IMG Academy,Alabama,CB,73.0,170.0,5.0,0.9883,Norfolk,VA,USA,"{'latitude': 36.8462923, 'longitude': -76.2929252, 'fipsCode': '51710'}"
111274,4870969,HighSchool,2023,27.0,James Smith,Carver Montgomery,Alabama,DL,75.0,310.0,5.0,0.9877,Montgomery,AL,USA,"{'latitude': 32.3669656, 'longitude': -86.3006485, 'fipsCode': '01101'}"
111272,4871074,HighSchool,2023,28.0,Raylen Wilson,Tallahassee Lincoln,Georgia,LB,74.0,213.0,5.0,0.9876,Tallahassee,FL,USA,"{'latitude': 30.4380832, 'longitude': -84.2809332, 'fipsCode': '12073'}"
111270,4870934,HighSchool,2023,29.0,Rueben Owens II,El Campo,Texas A&M,RB,71.0,190.0,5.0,0.9873,El Campo,TX,USA,"{'latitude': 29.1966405, 'longitude': -96.2696867, 'fipsCode': '48481'}"
111277,4870656,HighSchool,2023,30.0,Johntay Cook,DeSoto,Texas,WR,72.0,175.0,5.0,0.9872,DeSoto,TX,USA,"{'latitude': 32.6061241, 'longitude': -96.865612653687, 'fipsCode': '48113'}"
111271,4870970,HighSchool,2023,31.0,Yhonzae Pierre,Eufaula,Alabama,EDGE,75.0,223.0,5.0,0.987,Eufaula,AL,USA,"{'latitude': 31.905459999999998, 'longitude': -85.15893958513422, 'fipsCode': '01005'}"
111276,4871048,HighSchool,2023,32.0,Hykeem Williams,Stranahan,Florida State,WR,75.0,200.0,5.0,0.9865,Fort Lauderdale,FL,USA,"{'latitude': 26.1223084, 'longitude': -80.1433786, 'fipsCode': '12011'}"
111281,4870694,HighSchool,2023,33.0,Monroe Freeling,Oceanside Collegiate Academy,Georgia,OT,78.0,294.0,5.0,0.9865,Mount Pleasant,SC,USA,"{'latitude': 32.7940651, 'longitude': -79.8625851, 'fipsCode': '45019'}"
111282,4871063,HighSchool,2023,34.0,Peter Woods,Thompson,Clemson,DL,75.0,270.0,5.0,0.9863,Alabaster,AL,USA,"{'latitude': 33.2442813, 'longitude': -86.8163773, 'fipsCode': '01117'}"
111279,5150251,HighSchool,2023,35.0,Qua Russaw,Carver Montgomery,Alabama,EDGE,74.0,230.0,5.0,0.9861,Montgomery,AL,USA,"{'latitude': 32.3669656, 'longitude': -86.3006485, 'fipsCode': '01101'}"
111284,4870835,HighSchool,2023,36.0,Brandon Inniss,American Heritage,Ohio State,WR,71.5,198.0,5.0,0.9855,Fort Lauderdale,FL,USA,"{'latitude': 26.1223084, 'longitude': -80.1433786, 'fipsCode': '12011'}"
111278,4880967,HighSchool,2023,37.0,Da'Shawn Womack,St. Frances Academy,LSU,EDGE,76.0,240.0,5.0,0.9851,Baltimore,MD,USA,"{'latitude': 39.2908816, 'longitude': -76.610759, 'fipsCode': '24510'}"
111283,4870588,HighSchool,2023,38.0,Joenel Aguero,St. John's Prep,Georgia,S,72.0,195.0,5.0,0.9842,Lynn,MA,USA,"{'latitude': 42.466763, 'longitude': -70.9494939, 'fipsCode': '25009'}"
111287,4870776,HighSchool,2023,39.0,Jalen Hale,Longview,Alabama,WR,73.0,185.0,5.0,0.9841,Longview,TX,USA,"{'latitude': 32.5007031, 'longitude': -94.74049, 'fipsCode': '48183'}"
111280,4870779,HighSchool,2023,40.0,Jordan Hall,Westside,Georgia,DL,75.5,317.0,5.0,0.9838,Jacksonville,FL,USA,"{'latitude': 30.3321838, 'longitude': -81.655651, 'fipsCode': '12031'}"
111286,5151012,HighSchool,2023,41.0,J'ven Williams,Wyomissing,Penn State,OT,76.0,285.0,4.0,0.9832,Reading,PA,USA,"{'latitude': 40.335345, 'longitude': -75.9279495, 'fipsCode': '42011'}"
111285,4870721,HighSchool,2023,42.0,A.J. Harris,Central Phenix City,Georgia,CB,73.0,180.0,4.0,0.9832,Phenix City,AL,USA,"{'latitude': 32.4709761, 'longitude': -85.0007653, 'fipsCode': '01113'}"
111291,4870667,HighSchool,2023,43.0,Kelby Collins,Gardendale,Florida,DL,76.0,265.0,4.0,0.9812,Gardendale,AL,USA,"{'latitude': 33.6601033, 'longitude': -86.8127702, 'fipsCode': '01073'}"
111288,4870795,HighSchool,2023,44.0,Makai Lemon,Los Alamitos,USC,WR,72.0,180.0,4.0,0.9799,Los Alamitos,CA,USA,"{'latitude': 33.8038865, 'longitude': -118.0772433, 'fipsCode': '06059'}"
111290,4871052,HighSchool,2023,45.0,Matayo Uiagalelei,St. John Bosco,Oregon,EDGE,77.0,265.0,4.0,0.9798,Bellflower,CA,USA,"{'latitude': 33.8825705, 'longitude': -118.1167679, 'fipsCode': '06037'}"
111289,4870953,HighSchool,2023,46.0,Malik Muhammad,South Oak Cliff,Texas,CB,71.5,175.0,4.0,0.9796,Dallas,TX,USA,"{'latitude': 32.7762719, 'longitude': -96.7968559, 'fipsCode': '48113'}"
111292,4870596,HighSchool,2023,47.0,Chase Bisontis,Don Bosco Prep,Texas A&M,IOL,77.0,290.0,4.0,0.9789,Ramsey,NJ,USA,"{'latitude': 41.0573188, 'longitude': -74.1409771, 'fipsCode': '34003'}"
111294,4870904,HighSchool,2023,48.0,Sam M'Pemba,IMG Academy,Georgia,EDGE,75.5,240.0,4.0,0.977,Bradenton,FL,USA,"{'latitude': 27.4989278, 'longitude': -82.5748194, 'fipsCode': '12081'}"
111296,4871044,HighSchool,2023,49.0,Derek Williams Jr.,Westgate,Texas,S,74.0,185.0,4.0,0.9768,New Iberia,LA,USA,"{'latitude': 30.0035365, 'longitude': -91.8187285, 'fipsCode': '22045'}"
111297,4870886,HighSchool,2023,50.0,T.J. Parker,Central Phenix City,Clemson,DL,75.0,248.0,4.0,0.9764,Phenix City,AL,USA,"{'latitude': 32.4709761, 'longitude': -85.0007653, 'fipsCode': '01113'}"
111295,4870796,HighSchool,2023,51.0,Jahlil Hurley,Florence,Alabama,CB,74.0,170.0,4.0,0.976,Florence,AL,USA,"{'latitude': 34.79981, 'longitude': -87.677251, 'fipsCode': '01077'}"
111293,5150710,HighSchool,2023,52.0,Jermaine Mathews Jr.,Winton Woods,Ohio State,CB,72.0,175.0,4.0,0.9756,Cincinnati,OH,USA,"{'latitude': 39.1014537, 'longitude': -84.5124602, 'fipsCode': '39061'}"
111300,4870594,HighSchool,2023,53.0,Alex Birchmeier,Broad Run,Penn State,IOL,77.0,285.0,4.0,0.9754,Ashburn,VA,USA,"{'latitude': 39.0437192, 'longitude': -77.4874899, 'fipsCode': '51107'}"
111298,4870929,HighSchool,2023,54.0,Noah Rogers,Rolesville,Ohio State,WR,74.0,195.0,4.0,0.9751,Rolesville,NC,USA,"{'latitude': 35.9232862, 'longitude': -78.4573914, 'fipsCode': '37183'}"
111302,4870851,HighSchool,2023,55.0,Bai Jobe,Community Christian School,Michigan State,EDGE,75.0,225.0,4.0,0.975,Norman,OK,USA,"{'latitude': 35.2225717, 'longitude': -97.4394816, 'fipsCode': '40027'}"
111299,4870756,HighSchool,2023,56.0,Ja'Keem Jackson,Osceola,Florida,CB,73.0,180.0,4.0,0.9742,Kissimmee,FL,USA,"{'latitude': 28.2918995, 'longitude': -81.4075838, 'fipsCode': '12097'}"
111303,4923283,HighSchool,2023,57.0,Daevin Hobbs,Jay M. Robinson,Tennessee,DL,76.0,277.0,4.0,0.9741,Concord,NC,USA,"{'latitude': 35.4093772, 'longitude': -80.5797416, 'fipsCode': '37025'}"
111305,4871077,HighSchool,2023,58.0,Javien Toviano,Arlington Martin,LSU,S,72.0,185.0,4.0,0.9733,Arlington,TX,USA,"{'latitude': 32.701938999999996, 'longitude': -97.10562379033699, 'fipsCode': '48439'}"
111306,4870975,HighSchool,2023,59.0,Jordan Renaud,Tyler Legacy,Alabama,EDGE,75.5,245.0,4.0,0.9728,Tyler,TX,USA,"{'latitude': 32.3512601, 'longitude': -95.3010624, 'fipsCode': '48423'}"
111304,4871023,HighSchool,2023,60.0,Carnell Tate,IMG Academy,Ohio State,WR,74.0,180.0,4.0,0.9728,Bradenton,FL,USA,"{'latitude': 27.4989278, 'longitude': -82.5748194, 'fipsCode': '12081'}"
111301,4871081,HighSchool,2023,61.0,Richard Young,Lehigh Senior,Alabama,RB,71.0,200.0,4.0,0.9722,Lehigh Acres,FL,USA,"{'latitude': 26.6091509, 'longitude': -81.652407, 'fipsCode': '12071'}"
111307,4899359,HighSchool,2023,62.0,Charles Jagusah,Alleman,Notre Dame,OT,78.0,308.0,4.0,0.9715,Rock Island,IL,USA,"{'latitude': 41.5094771, 'longitude': -90.5787477, 'fipsCode': '17161'}"
111309,4906373,HighSchool,2023,63.0,Calvin Simpson-Hunt,Waxahachie,Ohio State,CB,72.0,175.0,4.0,0.971,Waxahachie,TX,USA,"{'latitude': 32.3944908, 'longitude': -96.8439365, 'fipsCode': '48139'}"
111308,4870617,HighSchool,2023,64.0,Rueben Bain Jr.,Miami Central,Miami,EDGE,74.0,250.0,4.0,0.9709,Miami,FL,USA,"{'latitude': 25.7742658, 'longitude': -80.1936589, 'fipsCode': '12086'}"
111310,4899367,HighSchool,2023,65.0,Ryan Niblett,Aldine Eisenhower,Texas,WR,70.0,170.0,4.0,0.9695,Houston,TX,USA,"{'latitude': 29.7589382, 'longitude': -95.3676974, 'fipsCode': '48201'}"
111311,4870716,HighSchool,2023,66.0,Gabe Harris Jr.,IMG Academy,Georgia,EDGE,76.0,237.0,4.0,0.9691,Bradenton,FL,USA,"{'latitude': 27.4989278, 'longitude': -82.5748194, 'fipsCode': '12081'}"
111313,4917947,HighSchool,2023,67.0,Malachi Coleman,Lincoln East,Nebraska,WR,76.0,190.0,4.0,0.969,Lincoln,NE,USA,"{'latitude': 40.8088861, 'longitude': -96.7077751, 'fipsCode': '31109'}"
111312,4870950,HighSchool,2023,68.0,Jason Moore,DeMatha Catholic,Ohio State,DL,78.0,280.0,4.0,0.9679,Hyattsville,MD,USA,"{'latitude': 38.9529442, 'longitude': -76.9408647, 'fipsCode': '24033'}"
111317,4870619,HighSchool,2023,69.0,Jalen Brown,Gulliver Prep,LSU,WR,71.5,170.0,4.0,0.9675,Miami,FL,USA,"{'latitude': 25.7742658, 'longitude': -80.1936589, 'fipsCode': '12086'}"
111320,4922989,HighSchool,2023,70.0,Jelani McDonald,Waco Connally,Texas,ATH,74.0,197.0,4.0,0.9672,Waco,TX,USA,"{'latitude': 31.549333, 'longitude': -97.1466695, 'fipsCode': '48309'}"
111315,4899483,HighSchool,2023,71.0,Sammy Omosigho,Crandall,Oklahoma,LB,73.0,208.0,4.0,0.9671,Crandall,TX,USA,"{'latitude': 32.6279113, 'longitude': -96.4558196, 'fipsCode': '48257'}"
111314,4870643,HighSchool,2023,72.0,Vic Burley,Warner Robins,Clemson,DL,77.0,276.0,4.0,0.9671,Warner Robins,GA,USA,"{'latitude': 32.6200973, 'longitude': -83.606568, 'fipsCode': '13153'}"
111316,4870598,HighSchool,2023,73.0,CJ Allen,Lamar County,Georgia,LB,73.0,217.0,4.0,0.9671,Barnesville,GA,USA,"{'latitude': 33.0545709, 'longitude': -84.1557496, 'fipsCode': '13171'}"
111322,4920140,HighSchool,2023,74.0,Nathan Leacock,Millbrook,Tennessee,WR,75.0,200.0,4.0,0.9656,Raleigh,NC,USA,"{'latitude': 35.7803977, 'longitude': -78.6390989, 'fipsCode': '37183'}"
111323,4870707,HighSchool,2023,75.0,Keldric Faulk,Highland Home,Auburn,DL,77.0,270.0,4.0,0.9655,Highland Home,AL,USA,"{'latitude': 31.953702, 'longitude': -86.3142945, 'fipsCode': '01041'}"
111319,4871083,HighSchool,2023,76.0,Makari Vickers,Robert F. Munroe Day School,Oklahoma,S,73.0,191.0,4.0,0.9653,Tallahassee,FL,USA,"{'latitude': 30.4380832, 'longitude': -84.2809332, 'fipsCode': '12073'}"
111318,4871061,HighSchool,2023,77.0,Pearce Spurlin III,South Walton,Georgia,TE,78.0,240.0,4.0,0.9652,Santa Rosa Beach,FL,USA,"{'latitude': 30.3466423, 'longitude': -86.2307992, 'fipsCode': '12131'}"
111321,4899369,HighSchool,2023,78.0,Christopher Vizzina,Briarwood Christian,Clemson,QB,75.0,211.0,4.0,0.9644,Birmingham,AL,USA,"{'latitude': 33.5206824, 'longitude': -86.8024326, 'fipsCode': '01073'}"
111327,4870951,HighSchool,2023,79.0,Jaquaize Pettaway,Langham Creek,Oklahoma,WR,71.0,170.0,4.0,0.9639,Houston,TX,USA,"{'latitude': 29.7589382, 'longitude': -95.3676974, 'fipsCode': '48201'}"
111325,4870808,HighSchool,2023,80.0,Jeremiyah Love,Christian Brothers College,Notre Dame,RB,72.0,190.0,4.0,0.9634,St. Louis,MO,USA,"{'latitude': 38.6268039, 'longitude': -90.1994097, 'fipsCode': '29510'}"
111329,4870632,HighSchool,2023,81.0,Troy Bowles,Tampa Jesuit,Georgia,LB,73.0,205.0,4.0,0.9627,Tampa,FL,USA,"{'latitude': 27.9477595, 'longitude': -82.458444, 'fipsCode': '12057'}"
111330,4870909,HighSchool,2023,82.0,Jaden Rashada,Pittsburg,Arizona State,QB,76.0,175.0,4.0,0.9623,Pittsburg,CA,USA,"{'latitude': 38.0181745, 'longitude': -121.8901232, 'fipsCode': '06013'}"
111326,4871030,HighSchool,2023,83.0,Jayden Wayne,IMG Academy,Miami,EDGE,77.0,245.0,4.0,0.9622,Bradenton,FL,USA,"{'latitude': 27.4989278, 'longitude': -82.5748194, 'fipsCode': '12081'}"
111324,4871010,HighSchool,2023,84.0,Shelton Sampson Jr.,Baton Rouge Catholic,LSU,WR,76.0,181.0,4.0,0.962,Baton Rouge,LA,USA,"{'latitude': 30.4459596, 'longitude': -91.18738, 'fipsCode': '22033'}"
111331,,HighSchool,2023,85.0,Caleb Herring,Riverdale,Tennessee,EDGE,77.5,206.0,4.0,0.9611,Murfreesboro,TN,USA,"{'latitude': 35.845999, 'longitude': -86.3920452, 'fipsCode': '47149'}"
111335,4870993,HighSchool,2023,86.0,Braylan Shelby,Friendswood,USC,EDGE,77.0,235.0,4.0,0.9609,Friendswood,TX,USA,"{'latitude': 29.5293998, 'longitude': -95.2010447, 'fipsCode': '48167'}"
111333,4918098,HighSchool,2023,87.0,Tony Rojas,Fairfax,Penn State,LB,73.5,200.0,4.0,0.9604,Fairfax,VA,USA,"{'latitude': 38.8462236, 'longitude': -77.3063733, 'fipsCode': '51600'}"
111337,4870877,HighSchool,2023,88.0,King Mack,St. Thomas Aquinas,Penn State,S,71.0,180.0,4.0,0.9586,Fort Lauderdale,FL,USA,"{'latitude': 26.1223084, 'longitude': -80.1433786, 'fipsCode': '12011'}"
111332,4870819,HighSchool,2023,89.0,Eli Holstein,Zachary,Alabama,QB,76.0,222.0,4.0,0.9581,Zachary,LA,USA,"{'latitude': 30.6485191, 'longitude': -91.1564961, 'fipsCode': '22033'}"
111328,4871088,HighSchool,2023,90.0,Ayden Williams,Ridgeland,Ole Miss,WR,75.0,195.0,4.0,0.958,Ridgeland,MS,USA,"{'latitude': 32.4284761, 'longitude': -90.1323087, 'fipsCode': '28089'}"
111334,4899475,HighSchool,2023,91.0,Wilkin Formby,Northridge,Alabama,OT,79.0,295.0,4.0,0.9575,Tuscaloosa,AL,USA,"{'latitude': 33.2095614, 'longitude': -87.5675258, 'fipsCode': '01125'}"
111336,4870973,HighSchool,2023,92.0,Rodrick Pleasant,Junipero Serra,Oregon,CB,71.0,180.0,4.0,0.9574,Gardena,CA,USA,"{'latitude': 33.8963593, 'longitude': -118.3053037, 'fipsCode': '06037'}"
111338,4870946,HighSchool,2023,93.0,Luke Montgomery,Findlay,Ohio State,IOL,76.0,295.0,4.0,0.9572,Findlay,OH,USA,"{'latitude': 41.0413873, 'longitude': -83.6503982, 'fipsCode': '39063'}"
111341,5150377,HighSchool,2023,94.0,Tyler Williams,Lakeland,Georgia,WR,75.0,200.0,4.0,0.9572,Lakeland,FL,USA,"{'latitude': 28.0394654, 'longitude': -81.9498042, 'fipsCode': '12105'}"
111342,4870723,HighSchool,2023,95.0,Spencer Fano,Timpview,Utah,OT,76.5,276.0,4.0,0.9564,Provo,UT,USA,"{'latitude': 40.2338438, 'longitude': -111.6585337, 'fipsCode': '49049'}"
111340,4871055,HighSchool,2023,96.0,John Walker,Osceola,UCF,DL,75.0,310.0,4.0,0.9563,Kissimmee,FL,USA,"{'latitude': 28.2918995, 'longitude': -81.4075838, 'fipsCode': '12097'}"
111339,4870644,HighSchool,2023,97.0,Dalton Brooks,Shiner,Texas A&M,ATH,73.0,187.0,4.0,0.9562,Shiner,TX,USA,"{'latitude': 29.429978, 'longitude': -97.1717981, 'fipsCode': '48285'}"
111345,4899422,HighSchool,2023,98.0,Bravion Rogers,La Grange,Texas A&M,CB,70.0,185.0,4.0,0.9557,La Grange,TX,USA,"{'latitude': 29.9080038, 'longitude': -96.8730449, 'fipsCode': '48149'}"
111346,4870727,HighSchool,2023,99.0,Cayden Green,Lee's Summit North,Oklahoma,OT,77.0,315.0,4.0,0.9552,Lee's Summit,MO,USA,"{'latitude': 38.9107156, 'longitude': -94.3821295, 'fipsCode': '29095'}"
111350,4870857,HighSchool,2023,100.0,Avery Johnson,Maize,Kansas State,QB,74.0,175.0,4.0,0.9542,Maize,KS,USA,"{'latitude': 37.7791787, 'longitude': -97.4672674, 'fipsCode': '20173'}"
111349,4870939,HighSchool,2023,101.0,Cordale Russell,North Mesquite,TCU,WR,74.0,200.0,4.0,0.9541,Mesquite,TX,USA,"{'latitude': 32.7666103, 'longitude': -96.599472, 'fipsCode': '48113'}"
111351,4870860,HighSchool,2023,102.0,DeAndre Moore Jr.,St. John Bosco,Texas,WR,72.0,185.0,4.0,0.9528,Bellflower,CA,USA,"{'latitude': 33.8825705, 'longitude': -118.1167679, 'fipsCode': '06037'}"
111344,4917945,HighSchool,2023,103.0,Aidan Mizell,Boone,Florida,WR,74.0,180.0,4.0,0.9524,Orlando,FL,USA,"{'latitude': 28.5421109, 'longitude': -81.3790304, 'fipsCode': '12095'}"
111347,4870708,HighSchool,2023,104.0,Christian Gray,De Smet Jesuit,Notre Dame,CB,72.0,175.0,4.0,0.9509,St. Louis,MO,USA,"{'latitude': 38.6268039, 'longitude': -90.1994097, 'fipsCode': '29510'}"
111357,4871039,HighSchool,2023,105.0,Jelani Thurman,Langston Hughes,Ohio State,TE,77.0,230.0,4.0,0.9505,Fairburn,GA,USA,"{'latitude': 33.5670562, 'longitude': -84.5810418, 'fipsCode': '13121'}"
111355,4921154,HighSchool,2023,106.0,Eugene Wilson III,Gaither,Florida,WR,71.0,165.0,4.0,0.9494,Tampa,FL,USA,"{'latitude': 27.9477595, 'longitude': -82.458444, 'fipsCode': '12057'}"
111348,4870622,HighSchool,2023,107.0,Drayk Bowen,Andrean,Notre Dame,LB,74.0,232.0,4.0,0.9494,Merrillville,IN,USA,"{'latitude': 41.4828144, 'longitude': -87.3328139, 'fipsCode': '18089'}"
111343,4918129,HighSchool,2023,108.0,Colton Vasek,Austin Westlake,Texas,EDGE,77.5,225.0,4.0,0.949,Austin,TX,USA,"{'latitude': 30.2711286, 'longitude': -97.7436995, 'fipsCode': '48453'}"
111356,4870659,HighSchool,2023,109.0,Tackett Curtis,Many,USC,LB,74.0,224.0,4.0,0.9481,Many,LA,USA,"{'latitude': 31.5687848, 'longitude': -93.4840645, 'fipsCode': '22085'}"
111352,5226986,HighSchool,2023,110.0,Riley Williams,IMG Academy,Miami,TE,78.0,240.0,4.0,0.948,Bradenton,FL,USA,"{'latitude': 27.4989278, 'longitude': -82.5748194, 'fipsCode': '12081'}"
111361,4870749,HighSchool,2023,111.0,Bo Hughley,Langston Hughes,Georgia,OT,79.0,290.0,4.0,0.9477,Fairburn,GA,USA,"{'latitude': 33.5670562, 'longitude': -84.5810418, 'fipsCode': '13121'}"
111376,4870952,HighSchool,2023,112.0,Lucas Simmons-Johansson,Clearwater Academy International,Florida State,OT,80.0,300.0,4.0,0.9469,Clearwater,FL,USA,"{'latitude': 27.9658533, 'longitude': -82.8001026, 'fipsCode': '12103'}"
111359,4870834,HighSchool,2023,113.0,Roderick Kearney,Orange Park,Florida,IOL,76.0,300.0,4.0,0.9469,Orange Park,FL,USA,"{'latitude': 30.1654707, 'longitude': -81.7016346, 'fipsCode': '12019'}"
111353,4899671,HighSchool,2023,114.0,Dijon Johnson,Wharton,Florida,S,73.0,190.0,4.0,0.9469,Tampa,FL,USA,"{'latitude': 27.9477595, 'longitude': -82.458444, 'fipsCode': '12057'}"
111354,4899347,HighSchool,2023,115.0,Stephiylan Green,Rome,Clemson,DL,76.0,267.0,4.0,0.9468,Rome,GA,USA,"{'latitude': 34.257038, 'longitude': -85.1646726, 'fipsCode': '13115'}"
111368,5083315,HighSchool,2023,116.0,Kenyon Sadiq,Skyline,Oregon,ATH,75.0,220.0,4.0,0.9467,Idaho Falls,ID,USA,"{'latitude': 43.4935245, 'longitude': -112.0400919, 'fipsCode': '16019'}"
111367,4870611,HighSchool,2023,117.0,Daylen Austin,Long Beach Poly,Oregon,CB,73.0,180.0,4.0,0.9462,Long Beach,CA,USA,"{'latitude': 33.7690164, 'longitude': -118.1916048, 'fipsCode': '06037'}"
111377,4870815,HighSchool,2023,118.0,Jacobe Johnson,Mustang,Oklahoma,CB,75.0,183.0,4.0,0.946,Mustang,OK,USA,"{'latitude': 35.384227, 'longitude': -97.7244813, 'fipsCode': '40017'}"
111358,4921438,HighSchool,2023,119.0,Caleb Lomu,Highland,Utah,OT,77.0,260.0,4.0,0.9458,Gilbert,AZ,USA,"{'latitude': 33.3527632, 'longitude': -111.7890373, 'fipsCode': '04013'}"
111365,4870938,HighSchool,2023,120.0,Joshua Mickens,Lawrence Central,Ohio State,EDGE,75.0,225.0,4.0,0.9454,Indianapolis,IN,USA,"{'latitude': 39.7683331, 'longitude': -86.1583502, 'fipsCode': '18097'}"
111375,4870704,HighSchool,2023,121.0,Enow Etta,Covenant Christian Academy,Michigan,DL,76.5,260.0,4.0,0.9453,Colleyville,TX,USA,"{'latitude': 32.8809603, 'longitude': -97.155012, 'fipsCode': '48439'}"
111364,4899478,HighSchool,2023,122.0,Derion Gullette,Teague,Texas,EDGE,74.0,220.0,4.0,0.9448,Teague,TX,USA,"{'latitude': 31.6453085, 'longitude': -96.33003678278689, 'fipsCode': '48161'}"
111385,4923054,HighSchool,2023,123.0,DJ Chester,Eagle's Landing Christian Academy,LSU,IOL,77.0,300.0,4.0,0.9446,McDonough,GA,USA,"{'latitude': 33.4473361, 'longitude': -84.1468616, 'fipsCode': '13151'}"
111387,4870593,HighSchool,2023,124.0,Tausili Akana,Skyridge,Texas,LB,76.0,225.0,4.0,0.9446,Lehi,UT,USA,"{'latitude': 40.3880902, 'longitude': -111.8491619, 'fipsCode': '49049'}"
111360,4870856,HighSchool,2023,125.0,Tony Mitchell,Thompson,Alabama,S,73.0,205.0,4.0,0.9445,Alabaster,AL,USA,"{'latitude': 33.2442813, 'longitude': -86.8163773, 'fipsCode': '01117'}"
111362,5221043,HighSchool,2023,126.0,Walker Lyons,Folsom,USC,TE,76.0,230.0,4.0,0.9444,Folsom,CA,USA,"{'latitude': 38.6779591, 'longitude': -121.1760583, 'fipsCode': '06067'}"
111363,5079330,HighSchool,2023,127.0,T.J. Capers,Miami Columbus,Louisville,EDGE,74.0,230.0,4.0,0.944,Miami,FL,USA,"{'latitude': 25.7742658, 'longitude': -80.1936589, 'fipsCode': '12086'}"
111371,4899484,HighSchool,2023,128.0,Andrew Rappleyea,Milton Academy,Penn State,TE,77.0,240.0,4.0,0.944,Milton,MA,USA,"{'latitude': 42.2501425, 'longitude': -71.065573, 'fipsCode': '25021'}"
111378,4689265,HighSchool,2023,129.0,Markis Deal,Garland Naaman Forest,TCU,DL,76.0,290.0,4.0,0.9439,Garland,TX,USA,"{'latitude': 32.912624, 'longitude': -96.6388833, 'fipsCode': '48113'}"
111366,5081886,HighSchool,2023,130.0,Arion Carter,Smyrna,Tennessee,LB,73.0,215.0,4.0,0.9439,Smyrna,TN,USA,"{'latitude': 35.9828413, 'longitude': -86.5186045, 'fipsCode': '47149'}"
111370,,HighSchool,2023,131.0,Jayvon Thomas,South Oak Cliff,Texas A&M,CB,71.0,170.0,4.0,0.9436,Dallas,TX,USA,"{'latitude': 32.7762719, 'longitude': -96.7968559, 'fipsCode': '48113'}"
111379,,HighSchool,2023,132.0,Jaxon Howard,Robbinsdale Cooper,LSU,EDGE,76.0,245.0,4.0,0.9435,Minneapolis,MN,USA,"{'latitude': 44.9772995, 'longitude': -93.2654692, 'fipsCode': '27053'}"
111374,4870883,HighSchool,2023,133.0,JJ Kohl,Ankeny,Iowa State,QB,79.0,230.0,4.0,0.9435,Ankeny,IA,USA,"{'latitude': 41.7318715, 'longitude': -93.6003837, 'fipsCode': '19153'}"
111372,4912647,HighSchool,2023,134.0,Austin Novosad,Dripping Springs,Oregon,QB,75.0,185.0,4.0,0.9434,Dripping Springs,TX,USA,"{'latitude': 30.1902067, 'longitude': -98.0866781, 'fipsCode': '48209'}"
111383,4870941,HighSchool,2023,135.0,Cameron Seldon,Northumberland,Tennessee,ATH,73.0,210.0,4.0,0.9425,Heathsville,VA,USA,"{'latitude': None, 'longitude': None, 'fipsCode': None}"
111369,4923252,HighSchool,2023,136.0,Dante Dowdell,Picayune Memorial,Oregon,RB,73.5,210.0,4.0,0.9424,Picayune,MS,USA,"{'latitude': 30.5254692, 'longitude': -89.6795084, 'fipsCode': '28109'}"
111373,4870633,HighSchool,2023,137.0,Chandavian Bradley,Platte County,Tennessee,EDGE,76.5,209.0,4.0,0.942,Platte City,MO,USA,"{'latitude': 39.3703535, 'longitude': -94.781086, 'fipsCode': '29165'}"
111388,4870809,HighSchool,2023,138.0,Braylon James,Stony Point,Notre Dame,WR,74.0,185.0,4.0,0.942,Round Rock,TX,USA,"{'latitude': 30.508235, 'longitude': -97.6788934, 'fipsCode': '48491'}"
111392,4870693,HighSchool,2023,139.0,Andrew DePaepe,Pleasant Valley,Michigan State,DL,77.0,245.0,4.0,0.941,Bettendorf,IA,USA,"{'latitude': 41.5252761, 'longitude': -90.5096386, 'fipsCode': '19163'}"
111380,4870768,HighSchool,2023,140.0,Jaden Greathouse,Austin Westlake,Notre Dame,WR,73.5,220.0,4.0,0.9407,Austin,TX,USA,"{'latitude': 30.2711286, 'longitude': -97.7436995, 'fipsCode': '48453'}"
111381,4870770,HighSchool,2023,141.0,Ray Ray Joseph,Miami Edison,Miami,WR,68.0,170.0,4.0,0.9405,Miami,FL,USA,"{'latitude': 25.7742658, 'longitude': -80.1936589, 'fipsCode': '12086'}"
111386,4918093,HighSchool,2023,142.0,Jaylon Braxton,Frisco Lone Star,Arkansas,CB,71.5,170.0,4.0,0.9404,Frisco,TX,USA,"{'latitude': 33.1506744, 'longitude': -96.8236116, 'fipsCode': '48085'}"
111395,4870736,HighSchool,2023,143.0,Mark Fletcher Jr.,American Heritage,Miami,RB,72.5,226.0,4.0,0.9402,Fort Lauderdale,FL,USA,"{'latitude': 26.1223084, 'longitude': -80.1433786, 'fipsCode': '12011'}"
111393,4870683,HighSchool,2023,144.0,Ethan Davis,Collins Hill,Tennessee,TE,77.0,230.0,4.0,0.9401,Suwanee,GA,USA,"{'latitude': 34.0514898, 'longitude': -84.0712997, 'fipsCode': '13135'}"
111399,4870874,HighSchool,2023,145.0,Lawson Luckie,Norcross,Georgia,TE,75.0,225.0,4.0,0.9394,Norcross,GA,USA,"{'latitude': 33.9412127, 'longitude': -84.2135309, 'fipsCode': '13135'}"
111402,4899417,HighSchool,2023,146.0,Desmond Umeozulu,C.H. Flowers,South Carolina,EDGE,78.0,239.0,4.0,0.939,Upper Marlboro,MD,USA,"{'latitude': 38.8165274, 'longitude': -76.7519753, 'fipsCode': '24033'}"
111390,4870855,HighSchool,2023,147.0,Kayin Lee,Cedar Grove,Auburn,CB,70.0,175.0,4.0,0.9386,Ellenwood,GA,USA,"{'latitude': 33.6101096, 'longitude': -84.287978, 'fipsCode': '13063'}"
111384,4870972,HighSchool,2023,148.0,Isaac Smith,Itawamba Agricultural,Mississippi State,S,72.0,200.0,4.0,0.9385,Fulton,MS,USA,"{'latitude': 34.2739933, 'longitude': -88.4092133, 'fipsCode': '28057'}"
111396,5084293,HighSchool,2023,149.0,Ka'Morreun Pimpton,North Crowley,LSU,TE,78.0,220.0,4.0,0.9382,Fort Worth,TX,USA,"{'latitude': 32.753177, 'longitude': -97.3327459, 'fipsCode': '48439'}"
111389,4899361,HighSchool,2023,150.0,Kedrick Reescano,New Caney,Ole Miss,RB,71.0,190.0,4.0,0.9377,New Caney,TX,USA,"{'latitude': 30.155216, 'longitude': -95.2113221, 'fipsCode': '48339'}"
111406,4899472,HighSchool,2023,151.0,Chris Culliver,Maiden,North Carolina,WR,75.0,174.0,4.0,0.9375,Maiden,NC,USA,"{'latitude': 35.5766048, 'longitude': -81.2139216, 'fipsCode': '37035'}"
111407,4917948,HighSchool,2023,152.0,Malik Hartford,Lakota West,Ohio State,S,74.5,175.0,4.0,0.9371,West Chester,OH,USA,"{'latitude': 39.3303357, 'longitude': -84.408275, 'fipsCode': '39017'}"
111414,5075805,HighSchool,2023,153.0,Aidan Chiles,Downey,Oregon State,QB,76.0,195.0,4.0,0.9365,Downey,CA,USA,"{'latitude': 33.942215, 'longitude': -118.1235646, 'fipsCode': '06037'}"
111409,4871034,HighSchool,2023,154.0,Whit Weeks,Oconee County,LSU,LB,74.0,205.0,4.0,0.9364,Watkinsville,GA,USA,"{'latitude': 33.8628959, 'longitude': -83.4087709, 'fipsCode': '13219'}"
111397,4870587,HighSchool,2023,155.0,Markee Anderson,Dorman,South Carolina,IOL,76.0,320.0,4.0,0.9362,Roebuck,SC,USA,"{'latitude': 34.8826085, 'longitude': -81.96547100908059, 'fipsCode': '45083'}"
111410,4870654,HighSchool,2023,156.0,Lewis Carter,Tampa Catholic,Oklahoma,LB,72.0,205.0,4.0,0.9362,Tampa,FL,USA,"{'latitude': 27.9477595, 'longitude': -82.458444, 'fipsCode': '12057'}"
111394,4899486,HighSchool,2023,157.0,Robert Stafford III,Eau Gallie,Miami,CB,71.0,171.0,4.0,0.9362,Melbourne,FL,USA,"{'latitude': 28.0836269, 'longitude': -80.6081089, 'fipsCode': '12009'}"
111382,4870911,HighSchool,2023,158.0,Jordan Matthews,Woodlawn,Tennessee,CB,73.0,184.0,4.0,0.9361,Baton Rouge,LA,USA,"{'latitude': 30.4459596, 'longitude': -91.18738, 'fipsCode': '22033'}"
111398,4966288,HighSchool,2023,159.0,Collins Acheampong,Santa Margarita Catholic,Miami,DL,79.0,254.0,4.0,0.9361,Rancho Santa Margarita,CA,USA,"{'latitude': 33.6408845, 'longitude': -117.6029341, 'fipsCode': '06059'}"
111400,4870900,HighSchool,2023,160.0,Dylan Lonergan,Brookwood,Alabama,QB,74.0,215.0,4.0,0.9359,Snellville,GA,USA,"{'latitude': 33.857328, 'longitude': -84.0199108, 'fipsCode': '13135'}"
111391,4870945,HighSchool,2023,161.0,Harris Sewell,Odessa Permian,Clemson,IOL,76.0,300.0,4.0,0.9359,Odessa,TX,USA,"{'latitude': 31.8457149, 'longitude': -102.367687, 'fipsCode': '48135'}"
111401,4871033,HighSchool,2023,162.0,TJ Shanahan Jr.,Austin Westlake,Texas A&M,IOL,76.0,310.0,4.0,0.9353,Austin,TX,USA,"{'latitude': 30.2711286, 'longitude': -97.7436995, 'fipsCode': '48453'}"
111413,4870595,HighSchool,2023,163.0,Olaus Alinen,The Loomis Chaffee School,Alabama,OT,78.0,315.0,4.0,0.9347,Windsor,CT,USA,"{'latitude': 41.8525984, 'longitude': -72.6437022, 'fipsCode': '09003'}"
111404,4870753,HighSchool,2023,164.0,Daniel Harris,Gulliver Prep,Georgia,CB,74.0,175.0,4.0,0.9347,Miami,FL,USA,"{'latitude': 25.7742658, 'longitude': -80.1936589, 'fipsCode': '12086'}"
111408,4870589,HighSchool,2023,165.0,Jaiden Ausberry,University Lab,Notre Dame,LB,72.0,210.0,4.0,0.9339,Baton Rouge,LA,USA,"{'latitude': 30.4459596, 'longitude': -91.18738, 'fipsCode': '22033'}"
111428,5083314,HighSchool,2023,166.0,Kamran James,Olympia,Florida,DL,78.5,265.0,4.0,0.9328,Orlando,FL,USA,"{'latitude': 28.5421109, 'longitude': -81.3790304, 'fipsCode': '12095'}"
111403,4870737,HighSchool,2023,167.0,Jordan Hall,IMG Academy,Michigan State,LB,74.5,225.0,4.0,0.9328,Bradenton,FL,USA,"{'latitude': 27.4989278, 'longitude': -82.5748194, 'fipsCode': '12081'}"
111405,4870642,HighSchool,2023,168.0,Jeremiah Cobb,Montgomery Catholic Preparatory,Auburn,RB,71.0,185.0,4.0,0.9326,Montgomery,AL,USA,"{'latitude': 32.3669656, 'longitude': -86.3006485, 'fipsCode': '01101'}"
111416,4918099,HighSchool,2023,169.0,Kenny Minchey,Pope John Paul II,Notre Dame,QB,73.5,215.0,4.0,0.9322,Hendersonville,TN,USA,"{'latitude': 36.3049177, 'longitude': -86.621443, 'fipsCode': '47165'}"
111415,4870623,HighSchool,2023,170.0,Malik Bryant,Jones,Miami,LB,74.0,215.0,4.0,0.932,Orlando,FL,USA,"{'latitude': 28.5421109, 'longitude': -81.3790304, 'fipsCode': '12095'}"
111422,,HighSchool,2023,171.0,DaKaari Nelson,Selma,Penn State,S,75.0,203.0,4.0,0.9319,Selma,AL,USA,"{'latitude': 32.4078632, 'longitude': -87.0207473, 'fipsCode': '01047'}"
111417,4871026,HighSchool,2023,172.0,Elliot Washington II,Venice,Penn State,S,72.0,195.0,4.0,0.9314,Venice,FL,USA,"{'latitude': 27.0999188, 'longitude': -82.4543597, 'fipsCode': '12115'}"
111418,4917858,HighSchool,2023,173.0,Cole Cabana,Dexter,Michigan,RB,72.0,180.0,4.0,0.9314,Dexter,MI,USA,"{'latitude': 42.3386044, 'longitude': -83.8891514, 'fipsCode': '27099'}"
111412,4918449,HighSchool,2023,174.0,Jyaire Hill,Kankakee,Michigan,CB,73.0,170.0,4.0,0.9312,Kankakee,IL,USA,"{'latitude': 41.1200325, 'longitude': -87.8611531, 'fipsCode': '17091'}"
111411,4918414,HighSchool,2023,175.0,Dylan Edwards,Derby,Colorado,RB,68.0,160.0,4.0,0.931,Derby,KS,USA,"{'latitude': 37.5455735, 'longitude': -97.2689331, 'fipsCode': '20173'}"
111420,4587977,HighSchool,2023,176.0,Damari Brown,American Heritage,Miami,CB,73.0,180.0,4.0,0.9308,Fort Lauderdale,FL,USA,"{'latitude': 26.1223084, 'longitude': -80.1433786, 'fipsCode': '12011'}"
111433,4870812,HighSchool,2023,177.0,Jamaal Jarrett,Grimsley,Georgia,DL,78.0,340.0,4.0,0.9297,Greensboro,NC,USA,"{'latitude': 36.0726355, 'longitude': -79.7919754, 'fipsCode': '37081'}"
111436,4870896,HighSchool,2023,178.0,Xzavier McLeod,Camden,South Carolina,DL,77.0,305.0,4.0,0.9294,Camden,SC,USA,"{'latitude': 34.2465393, 'longitude': -80.6070238, 'fipsCode': '45055'}"
111439,4870752,HighSchool,2023,179.0,Conrad Hussey,St. Thomas Aquinas,Florida State,S,72.0,190.0,4.0,0.929,Fort Lauderdale,FL,USA,"{'latitude': 26.1223084, 'longitude': -80.1433786, 'fipsCode': '12011'}"
111429,4870878,HighSchool,2023,180.0,Hunter Osborne,Hewitt-Trussville,Alabama,DL,76.0,260.0,4.0,0.9289,Trussville,AL,USA,"{'latitude': 33.626629, 'longitude': -86.5549335251678, 'fipsCode': '01073'}"
111430,4921117,HighSchool,2023,181.0,Vicari Swain,Central,South Carolina,ATH,72.0,175.0,4.0,0.9284,Carrollton,GA,USA,"{'latitude': 33.5801103, 'longitude': -85.0766113, 'fipsCode': '13045'}"
111423,4870839,HighSchool,2023,182.0,Kaleb Jackson,Liberty Magnet,LSU,RB,70.0,200.0,4.0,0.9283,Baton Rouge,LA,USA,"{'latitude': 30.4459596, 'longitude': -91.18738, 'fipsCode': '22033'}"
111424,4899480,HighSchool,2023,183.0,Blake Nichelson,Manteca,Florida State,LB,75.0,200.0,4.0,0.9283,Ripon,CA,USA,"{'latitude': 37.741595, 'longitude': -121.1243828, 'fipsCode': '06077'}"
111419,4870944,HighSchool,2023,184.0,Chris Peal,Providence Day School,Georgia,CB,72.0,175.0,4.0,0.9274,Charlotte,NC,USA,"{'latitude': 35.2272, 'longitude': -80.843083, 'fipsCode': '37119'}"
111447,4870828,HighSchool,2023,185.0,Grayson Howard,Andrew Jackson,South Carolina,LB,75.5,220.0,4.0,0.9272,Jacksonville,FL,USA,"{'latitude': 30.3321838, 'longitude': -81.655651, 'fipsCode': '12031'}"
111448,4917949,HighSchool,2023,186.0,Quinten Joyner,Manor,USC,RB,71.0,203.0,4.0,0.9272,Manor,TX,USA,"{'latitude': 30.3407629, 'longitude': -97.5569456, 'fipsCode': '48453'}"
111432,4870586,HighSchool,2023,187.0,Tyree Adams,St. Augustine,LSU,OT,77.0,285.0,4.0,0.9271,New Orleans,LA,USA,"{'latitude': 29.9499323, 'longitude': -90.0701156, 'fipsCode': '22071'}"
111421,4870709,HighSchool,2023,188.0,Shamar Easter,Ashdown,Arkansas,TE,77.0,225.0,4.0,0.927,Ashdown,AR,USA,"{'latitude': 33.67344, 'longitude': -94.1299625, 'fipsCode': '05081'}"
111431,4870983,HighSchool,2023,189.0,DJ Reed,Carver,Auburn,DL,76.0,270.0,4.0,0.9267,Columbus,GA,USA,"{'latitude': 32.4609764, 'longitude': -84.9877094, 'fipsCode': '13215'}"
111434,4870699,HighSchool,2023,190.0,Karmello English,Central Phenix City,Michigan,WR,71.0,175.0,4.0,0.9265,Phenix City,AL,USA,"{'latitude': 32.4709761, 'longitude': -85.0007653, 'fipsCode': '01113'}"
111440,5078278,HighSchool,2023,191.0,Lincoln Kienholz,T.F. Riggs,Ohio State,QB,73.5,182.0,4.0,0.9264,Pierre,SD,USA,"{'latitude': 44.368305, 'longitude': -100.351185, 'fipsCode': '46065'}"
111427,4870778,HighSchool,2023,192.0,Edric Hill,North Kansas City,Alabama,DL,75.0,290.0,4.0,0.9258,Kansas City,MO,USA,"{'latitude': 39.100105, 'longitude': -94.5781416, 'fipsCode': '29095'}"
111425,4918110,HighSchool,2023,193.0,Rod Robinson II,San Diego Lincoln,Georgia,RB,73.0,230.0,4.0,0.9248,San Diego,CA,USA,"{'latitude': 32.7174209, 'longitude': -117.1627714, 'fipsCode': '06073'}"
111442,4899376,HighSchool,2023,194.0,Jaydon Chatman,Harker Heights,Texas,IOL,76.0,300.0,4.0,0.9246,Harker Heights,TX,USA,"{'latitude': 31.0746347, 'longitude': -97.6590473, 'fipsCode': '48027'}"
111438,4899477,HighSchool,2023,195.0,AJ Green,Cedar Grove,Louisville,EDGE,77.0,206.0,4.0,0.9245,Ellenwood,GA,USA,"{'latitude': 33.6101096, 'longitude': -84.287978, 'fipsCode': '13063'}"
111443,4870930,HighSchool,2023,196.0,Will Norman,Camden Eastside,Florida,DL,77.0,290.0,4.0,0.9244,Camden,NJ,USA,"{'latitude': 39.9448402, 'longitude': -75.1198911, 'fipsCode': '34007'}"
111426,4870899,HighSchool,2023,197.0,Miles McVay,East St. Louis,Alabama,OT,78.0,358.0,4.0,0.9242,East St. Louis,IL,USA,"{'latitude': 38.6244952, 'longitude': -90.1509429, 'fipsCode': '17163'}"
111444,4870755,HighSchool,2023,198.0,Mikal Harrison-Pilot,Temple,Houston,ATH,72.0,190.0,4.0,0.9241,Temple,TX,USA,"{'latitude': 31.098207, 'longitude': -97.3427847, 'fipsCode': '48027'}"
111445,4923044,HighSchool,2023,199.0,Jordan Bass,Phoebus,Pittsburgh,LB,75.0,200.0,4.0,0.9239,Hampton,VA,USA,"{'latitude': 37.0520315, 'longitude': -76.2856365, 'fipsCode': '51650'}"
111446,5150378,HighSchool,2023,200.0,Zeed Haynes,North Penn,Georgia,WR,73.0,170.0,4.0,0.9238,Fort Washington,PA,USA,"{'latitude': 40.1399717, 'longitude': -75.210095, 'fipsCode': '42091'}"
111435,,HighSchool,2023,201.0,Aaron Williams,St. John Bosco,Louisville,CB,74.0,185.0,4.0,0.9238,Bellflower,CA,USA,"{'latitude': 33.8825705, 'longitude': -118.1167679, 'fipsCode': '06037'}"
111449,4871082,HighSchool,2023,202.0,Brenan Vernon,Mentor,Notre Dame,DL,77.0,275.0,4.0,0.9236,Mentor,OH,USA,"{'latitude': 41.6661573, 'longitude': -81.339552, 'fipsCode': '39085'}"
111437,4870797,HighSchool,2023,203.0,Luke Hasz,Bixby,Arkansas,TE,75.0,245.0,4.0,0.9235,Bixby,OK,USA,"{'latitude': 35.9420431, 'longitude': -95.8833235, 'fipsCode': '40143'}"
111450,4870590,HighSchool,2023,204.0,Raul Aguirre Jr.,Whitewater,Miami,LB,74.0,220.0,4.0,0.9233,Fayetteville,GA,USA,"{'latitude': 33.4487257, 'longitude': -84.4549262, 'fipsCode': '13113'}"
111454,4871022,HighSchool,2023,205.0,Robby Washington,Miami Palmetto,Miami,WR,70.0,185.0,4.0,0.9228,Miami,FL,USA,"{'latitude': 25.7742658, 'longitude': -80.1936589, 'fipsCode': '12086'}"
111453,4870908,HighSchool,2023,206.0,Sydir Mitchell,Bergen Catholic,Texas,DL,77.0,335.0,4.0,0.9226,Oradell,NJ,USA,"{'latitude': 40.9543943, 'longitude': -74.0308504, 'fipsCode': '34003'}"
111451,5218755,HighSchool,2023,207.0,Jamal Anderson,Mill Creek,Clemson,LB,76.0,202.0,4.0,0.9215,Hoschton,GA,USA,"{'latitude': 34.096496, 'longitude': -83.7612839, 'fipsCode': '13157'}"
111458,4870660,HighSchool,2023,208.0,Jordan Castell,West Orange,Florida,S,74.0,195.0,4.0,0.9215,Winter Garden,FL,USA,"{'latitude': 28.5656649, 'longitude': -81.5856742, 'fipsCode': '12095'}"
111441,4907671,HighSchool,2023,209.0,Anthony Evans III,Converse Judson,Georgia,WR,70.5,160.0,4.0,0.9213,Converse,TX,USA,"{'latitude': 29.5180081, 'longitude': -98.3161241, 'fipsCode': '48029'}"
111467,4871069,HighSchool,2023,210.0,Micah Tease,Booker T. Washington,Texas A&M,ATH,71.0,180.0,4.0,0.921,Tulsa,OK,USA,"{'latitude': 36.1556805, 'longitude': -95.9929113, 'fipsCode': '40143'}"
111457,4871004,HighSchool,2023,211.0,Kelton Smith Jr.,Carver,Georgia,IOL,77.0,300.0,4.0,0.9209,Columbus,GA,USA,"{'latitude': 32.4609764, 'longitude': -84.9877094, 'fipsCode': '13215'}"
111459,4950400,HighSchool,2023,212.0,Arvell Reese,Glenville,Ohio State,LB,75.5,212.0,4.0,0.9209,Cleveland,OH,USA,"{'latitude': 41.5051613, 'longitude': -81.6934446, 'fipsCode': '39035'}"
111455,5158465,HighSchool,2023,213.0,Johnny Bowens III,Converse Judson,Oregon,DL,75.0,265.0,4.0,0.9208,Converse,TX,USA,"{'latitude': 29.5180081, 'longitude': -98.3161241, 'fipsCode': '48029'}"
111456,4870804,HighSchool,2023,214.0,Kylin Jackson,Zachary,LSU,S,74.0,200.0,4.0,0.9207,Zachary,LA,USA,"{'latitude': 30.6485191, 'longitude': -91.1564961, 'fipsCode': '22033'}"
111476,5079508,HighSchool,2023,215.0,Austin Mack,Folsom,Washington,QB,78.0,210.0,4.0,0.9204,Folsom,CA,USA,"{'latitude': 38.6779591, 'longitude': -121.1760583, 'fipsCode': '06067'}"
111472,5103804,HighSchool,2023,216.0,Brandyn Hillman,Churchland,Michigan,ATH,73.0,191.0,4.0,0.9201,Portsmouth,VA,USA,"{'latitude': 36.8354258, 'longitude': -76.2982742, 'fipsCode': '51740'}"
111461,4870905,HighSchool,2023,217.0,Caleb Presley,Rainier Beach,Washington,CB,71.0,180.0,4.0,0.9201,Seattle,WA,USA,"{'latitude': 47.6038321, 'longitude': -122.3300624, 'fipsCode': '53033'}"
111464,4870672,HighSchool,2023,218.0,Raymond Cottrell Jr.,Milton,Texas A&M,WR,74.0,203.0,4.0,0.919,Milton,FL,USA,"{'latitude': 30.6324149, 'longitude': -87.0396881, 'fipsCode': '12113'}"
111466,4870870,HighSchool,2023,219.0,Ty Lockwood,Independence,Alabama,TE,77.0,225.0,4.0,0.9187,Thompson's Station,TN,USA,"{'latitude': 35.802011, 'longitude': -86.9113908, 'fipsCode': '47187'}"
111469,4870700,HighSchool,2023,220.0,Sharif Denson,Bartram Trail,Florida,CB,71.5,170.0,4.0,0.9183,Jacksonville,FL,USA,"{'latitude': 30.3321838, 'longitude': -81.655651, 'fipsCode': '12031'}"
111473,4871079,HighSchool,2023,221.0,Boubacar Traore,Catholic Memorial,Notre Dame,DL,77.0,245.0,4.0,0.9183,West Roxbury,MA,USA,"{'latitude': 42.2792649, 'longitude': -71.1494972, 'fipsCode': '25025'}"
111465,4918443,HighSchool,2023,222.0,Stanton Ramil,Thompson,Michigan State,OT,79.0,310.0,4.0,0.9181,Alabaster,AL,USA,"{'latitude': 33.2442813, 'longitude': -86.8163773, 'fipsCode': '01117'}"
111470,4918438,HighSchool,2023,223.0,Elijah Paige,Pinnacle,USC,OT,79.0,304.0,4.0,0.9179,Phoenix,AZ,USA,"{'latitude': 33.4484367, 'longitude': -112.0741417, 'fipsCode': '04013'}"
111471,,HighSchool,2023,224.0,Braxton Myers,Coppell,Ole Miss,S,73.0,185.0,4.0,0.9171,Coppell,TX,USA,"{'latitude': 32.9552598, 'longitude': -97.0155703, 'fipsCode': '48113'}"
111474,4870713,HighSchool,2023,225.0,Rico Flores Jr.,Folsom,Notre Dame,WR,73.0,190.0,4.0,0.917,Folsom,CA,USA,"{'latitude': 38.6779591, 'longitude': -121.1760583, 'fipsCode': '06067'}"
111460,5158460,HighSchool,2023,226.0,Ashton Cozart,Flower Mound Marcus,Oregon,WR,75.5,193.0,4.0,0.9168,Flower Mound,TX,USA,"{'latitude': 33.0283854, 'longitude': -97.0867203, 'fipsCode': '48121'}"
111475,4870696,HighSchool,2023,227.0,Malik Elzy,Simeon,Illinois,WR,74.0,204.0,4.0,0.9167,Chicago,IL,USA,"{'latitude': 41.8755616, 'longitude': -87.6244212, 'fipsCode': '17031'}"
111478,4870885,HighSchool,2023,228.0,Joshua Padilla,Wayne,Ohio State,IOL,76.0,280.0,4.0,0.9166,Dayton,OH,USA,"{'latitude': 39.7589478, 'longitude': -84.1916069, 'fipsCode': '39113'}"
111462,4940235,HighSchool,2023,229.0,Taeshaun Lyons,Tennyson,Washington,WR,74.5,165.0,4.0,0.9164,Hayward,CA,USA,"{'latitude': 37.6688205, 'longitude': -122.0807964, 'fipsCode': '06001'}"
111482,4870992,HighSchool,2023,230.0,Jalen Thompson,Cass Technical,Michigan State,DL,76.0,245.0,4.0,0.9162,Detroit,MI,USA,"{'latitude': 42.3315509, 'longitude': -83.0466403, 'fipsCode': '26163'}"
111468,5154344,HighSchool,2023,231.0,Tree Babalade,DeMatha Catholic,South Carolina,OT,77.5,310.0,4.0,0.916,Hyattsville,MD,USA,"{'latitude': 38.9529442, 'longitude': -76.9408647, 'fipsCode': '24033'}"
111484,5104212,HighSchool,2023,232.0,Jaren Hamilton,Buchholz,Alabama,WR,73.0,188.0,4.0,0.9159,Gainesville,FL,USA,"{'latitude': 29.6519684, 'longitude': -82.3249846, 'fipsCode': '12001'}"
111486,4871006,HighSchool,2023,233.0,Sylvester Smith,Munford,Auburn,S,71.0,195.0,4.0,0.9156,Munford,AL,USA,"{'latitude': 33.545950000000005, 'longitude': -85.93939159874132, 'fipsCode': '01121'}"
111479,4871019,HighSchool,2023,234.0,Rico Walker,Hickory,Maryland,ATH,75.0,233.0,4.0,0.9156,Hickory,NC,USA,"{'latitude': 35.7333312, 'longitude': -81.3442915, 'fipsCode': '37035'}"
111487,4870784,HighSchool,2023,235.0,Trey Holly,Union Parish,LSU,RB,68.0,180.0,4.0,0.9152,Farmerville,LA,USA,"{'latitude': 32.7734728, 'longitude': -92.4056986, 'fipsCode': '22111'}"
111488,4870869,HighSchool,2023,236.0,Brett Norfleet,Francis Howell,Missouri,TE,79.0,220.0,4.0,0.9151,St. Charles,MO,USA,"{'latitude': 38.7946252, 'longitude': -90.519829, 'fipsCode': '29183'}"
111494,5078214,HighSchool,2023,237.0,CJ Blocker,New Caney,Utah,CB,72.0,165.0,4.0,0.9151,New Caney,TX,USA,"{'latitude': 30.155216, 'longitude': -95.2113221, 'fipsCode': '48339'}"
111504,4899360,HighSchool,2023,238.0,Jaden Platt,Haslet Eaton,Texas A&M,TE,76.5,235.0,4.0,0.915,Haslet,TX,USA,"{'latitude': 32.96116000000001, 'longitude': -97.34228157049023, 'fipsCode': '48439'}"
111490,4870988,HighSchool,2023,239.0,Avieon Terrell,Westlake,Clemson,CB,72.0,170.0,4.0,0.9149,Atlanta,GA,USA,"{'latitude': 33.7490987, 'longitude': -84.3901849, 'fipsCode': '13121'}"
111491,4870898,HighSchool,2023,240.0,Ashton Porter,Cy Ranch,Oregon,DL,75.0,255.0,4.0,0.9146,Cypress,TX,USA,"{'latitude': 29.9691116, 'longitude': -95.6971686, 'fipsCode': '48201'}"
111463,4870821,HighSchool,2023,241.0,Cole Martin,Basha,Oregon,CB,70.0,175.0,4.0,0.9144,Chandler,AZ,USA,"{'latitude': 33.3062223, 'longitude': -111.8413317, 'fipsCode': '04013'}"
111492,4870884,HighSchool,2023,242.0,Mac Markway,De Smet Jesuit,LSU,TE,76.0,250.0,4.0,0.9143,St. Louis,MO,USA,"{'latitude': 38.6268039, 'longitude': -90.1994097, 'fipsCode': '29510'}"
111495,5160072,HighSchool,2023,243.0,Antione Jackson,Dillard,East Carolina,S,72.0,170.0,4.0,0.914,Fort Lauderdale,FL,USA,"{'latitude': 26.1223084, 'longitude': -80.1433786, 'fipsCode': '12011'}"
111493,4871007,HighSchool,2023,244.0,KJ Sampson,New Bern,Florida State,DL,75.0,285.0,4.0,0.914,New Bern,NC,USA,"{'latitude': 35.1084931, 'longitude': -77.0441143, 'fipsCode': '37049'}"
111489,4915838,HighSchool,2023,245.0,Will Smith Jr.,Dublin Coffman,Ohio State,DL,75.0,260.0,4.0,0.9136,Dublin,OH,USA,"{'latitude': 40.0992294, 'longitude': -83.1140771, 'fipsCode': '39049'}"
111498,4899488,HighSchool,2023,246.0,A'Mauri Washington,Chandler,Oregon,DL,76.0,295.0,4.0,0.9133,Chandler,AZ,USA,"{'latitude': 33.3062223, 'longitude': -111.8413317, 'fipsCode': '04013'}"
111500,,HighSchool,2023,247.0,Derrick LeBlanc,Osceola,Oklahoma,DL,76.5,265.0,4.0,0.9128,Kissimmee,FL,USA,"{'latitude': 28.2918995, 'longitude': -81.4075838, 'fipsCode': '12097'}"
111501,5154338,HighSchool,2023,248.0,DJay Braswell,Washington County,South Carolina,RB,71.0,200.0,4.0,0.9128,Sandersville,GA,USA,"{'latitude': 32.9832812, 'longitude': -82.8116031, 'fipsCode': '13303'}"
111502,4875127,HighSchool,2023,249.0,LaNorris Sellers,South Florence,South Carolina,QB,74.5,217.0,4.0,0.9127,Florence,SC,USA,"{'latitude': 34.1984435, 'longitude': -79.7671658, 'fipsCode': '45041'}"
111503,4870915,HighSchool,2023,250.0,Curley Reed III,Lake Charles College Prep,Washington,CB,73.0,180.0,4.0,0.9126,Lake Charles,LA,USA,"{'latitude': 30.2265949, 'longitude': -93.2173759, 'fipsCode': '22019'}"
111481,4922985,HighSchool,2023,251.0,Randon Fontenette,Brazosport,TCU,S,73.5,190.0,4.0,0.9125,Freeport,TX,USA,"{'latitude': 28.9541368, 'longitude': -95.3596617, 'fipsCode': '48039'}"
111477,4870645,HighSchool,2023,252.0,Rickie Collins,Woodlawn,LSU,QB,74.0,190.0,4.0,0.9125,Baton Rouge,LA,USA,"{'latitude': 30.4459596, 'longitude': -91.18738, 'fipsCode': '22033'}"
111505,4950549,HighSchool,2023,253.0,Jordan Sanford,Mansfield Timberview,Texas Tech,S,71.0,185.0,4.0,0.9124,Arlington,TX,USA,"{'latitude': 32.701938999999996, 'longitude': -97.10562379033699, 'fipsCode': '48439'}"
111499,5158471,HighSchool,2023,254.0,Terrance Green,Cy Woods,Oregon,DL,77.0,265.0,4.0,0.9122,Cypress,TX,USA,"{'latitude': 29.9691116, 'longitude': -95.6971686, 'fipsCode': '48201'}"
111506,4871016,HighSchool,2023,255.0,Madden Sanker,South Paulding,Louisville,IOL,76.0,305.0,4.0,0.9122,Douglasville,GA,USA,"{'latitude': 33.7514966, 'longitude': -84.7477136, 'fipsCode': '13097'}"
111507,5159948,HighSchool,2023,256.0,Chris Johnson Jr.,Dillard,Miami,RB,71.0,178.0,4.0,0.9121,Fort Lauderdale,FL,USA,"{'latitude': 26.1223084, 'longitude': -80.1433786, 'fipsCode': '12011'}"
111508,4921257,HighSchool,2023,257.0,Jameial Lyons,Roman Catholic,Penn State,EDGE,76.0,255.0,4.0,0.9121,Philadelphia,PA,USA,"{'latitude': 39.9527237, 'longitude': -75.1635262, 'fipsCode': '42101'}"
111483,4899136,HighSchool,2023,258.0,Micah Bell,Houston Kinkaid,Notre Dame,CB,70.0,170.0,4.0,0.9121,Houston,TX,USA,"{'latitude': 29.7589382, 'longitude': -95.3676974, 'fipsCode': '48201'}"
111509,4950398,HighSchool,2023,259.0,Warren Roberson,Red Oak,Texas,S,72.0,180.0,4.0,0.912,Red Oak,TX,USA,"{'latitude': 32.5117104, 'longitude': -96.80836332870047, 'fipsCode': '48139'}"
111510,5097970,HighSchool,2023,260.0,Chimdy Onoh,Dundalk,Penn State,OT,77.0,270.0,4.0,0.912,Dundalk,MD,USA,"{'latitude': 39.2574114, 'longitude': -76.5236745, 'fipsCode': '24005'}"
111515,4870893,HighSchool,2023,261.0,Kayden McDonald,North Gwinnett,Ohio State,DL,75.0,310.0,4.0,0.9118,Suwanee,GA,USA,"{'latitude': 34.0514898, 'longitude': -84.0712997, 'fipsCode': '13135'}"
111511,4870651,HighSchool,2023,262.0,Avion Carter,Amarillo Tascosa,TCU,DL,76.0,260.0,4.0,0.9116,Amarillo,TX,USA,"{'latitude': 35.2072185, 'longitude': -101.8338246, 'fipsCode': '48375'}"
111480,4918125,HighSchool,2023,263.0,Devan Houstan,St. James School,Notre Dame,DL,76.5,285.0,4.0,0.9115,Hagerstown,MD,USA,"{'latitude': 39.6419219, 'longitude': -77.7202641, 'fipsCode': '24043'}"
111497,4870882,HighSchool,2023,264.0,Zack Owens,Eagle's Landing Christian,Clemson,OT,78.0,365.0,4.0,0.9113,McDonough,GA,USA,"{'latitude': 33.4473361, 'longitude': -84.1468616, 'fipsCode': '13151'}"
111485,4871066,HighSchool,2023,265.0,Ryan Yaites,Denton Guyer,LSU,S,72.0,190.0,4.0,0.9113,Denton,TX,USA,"{'latitude': 33.2150386, 'longitude': -97.1330516, 'fipsCode': '48121'}"
111513,4870747,HighSchool,2023,266.0,Adam Hopkins IV,Thomas County Central,Colorado,WR,72.0,170.0,4.0,0.9105,Thomasville,GA,USA,"{'latitude': 30.8365815, 'longitude': -83.9787808, 'fipsCode': '13275'}"
111517,4921113,HighSchool,2023,267.0,Joshua Manning,Lee's Summit,Missouri,WR,75.0,190.0,4.0,0.9099,Lee's Summit,MO,USA,"{'latitude': 38.9107156, 'longitude': -94.3821295, 'fipsCode': '29095'}"
111512,4918452,HighSchool,2023,268.0,Kaveion Keys,Varina,Penn State,LB,75.0,205.0,4.0,0.9098,Richmond,VA,USA,"{'latitude': 37.5385087, 'longitude': -77.43428, 'fipsCode': '51760'}"
111518,4870794,HighSchool,2023,269.0,Jaybron Harvey,Southern Durham,North Carolina,EDGE,75.0,215.0,4.0,0.9098,Durham,NC,USA,"{'latitude': 35.996653, 'longitude': -78.9018053, 'fipsCode': '37063'}"
111519,4899479,HighSchool,2023,270.0,Evan Link,Gonzaga,Michigan,OT,78.0,290.0,4.0,0.9097,Washington,DC,USA,"{'latitude': 38.8949855, 'longitude': -77.0365708, 'fipsCode': '11001'}"
111520,4870850,HighSchool,2023,271.0,Omarion Miller,North Caddo,Colorado,WR,74.0,190.0,4.0,0.9096,Vivian,LA,USA,"{'latitude': None, 'longitude': None, 'fipsCode': None}"
111521,4921306,HighSchool,2023,272.0,Mikey Matthews,Mission Viejo,Utah,WR,70.0,185.0,4.0,0.9095,Mission Viejo,CA,USA,"{'latitude': 33.5965685, 'longitude': -117.659405, 'fipsCode': '06059'}"
111522,5151173,HighSchool,2023,273.0,Isaiah Crawford,Post,Texas Tech,EDGE,76.0,210.0,4.0,0.9094,Post,TX,USA,"{'latitude': None, 'longitude': None, 'fipsCode': None}"
111523,4918122,HighSchool,2023,274.0,Jayden Bonsu,St. Peter's Prep,Ohio State,S,73.0,210.0,4.0,0.9093,Hillside,NJ,USA,"{'latitude': 40.701213, 'longitude': -74.2301459, 'fipsCode': '34039'}"
111496,4870990,HighSchool,2023,275.0,T.J. Searcy,Upson-Lee,Florida,DL,77.0,250.0,4.0,0.9092,Thomaston,GA,USA,"{'latitude': 32.8881879, 'longitude': -84.3265855, 'fipsCode': '13293'}"
111514,4917971,HighSchool,2023,276.0,Princewill Umanmielen,Manor,Nebraska,EDGE,76.0,225.0,4.0,0.9087,Manor,TX,USA,"{'latitude': 30.3407629, 'longitude': -97.5569456, 'fipsCode': '48453'}"
111525,4870996,HighSchool,2023,277.0,Ta'Mere Robinson,Brashear,Penn State,EDGE,76.0,225.0,4.0,0.9087,Pittsburgh,PA,USA,"{'latitude': 40.4416941, 'longitude': -79.9900861, 'fipsCode': '42003'}"
111526,4870748,HighSchool,2023,278.0,Andrew Harris,Lake Brantley,UCF,LB,73.0,200.0,4.0,0.9087,Altamonte Springs,FL,USA,"{'latitude': 28.6619154, 'longitude': -81.3885899, 'fipsCode': '12117'}"
111527,4941009,HighSchool,2023,279.0,Isaiah Nixon,Lakewood,UCF,EDGE,76.0,215.0,4.0,0.9085,St. Petersburg,FL,USA,"{'latitude': 27.7703796, 'longitude': -82.6695085, 'fipsCode': '12103'}"
111528,4870640,HighSchool,2023,280.0,Jamarious Brown,Moss Point,Ole Miss,EDGE,75.0,250.0,4.0,0.9084,Moss Point,MS,USA,"{'latitude': 30.4115881, 'longitude': -88.5344601, 'fipsCode': '28059'}"
111530,4870902,HighSchool,2023,281.0,Terrance Love,Langston Hughes,Auburn,S,75.0,195.0,4.0,0.9081,Fairburn,GA,USA,"{'latitude': 33.5670562, 'longitude': -84.5810418, 'fipsCode': '13121'}"
111516,4871000,HighSchool,2023,282.0,Isaiah Robinson,Arlington Lamar,Baylor,OT,79.0,288.0,4.0,0.9081,Arlington,TX,USA,"{'latitude': 32.701938999999996, 'longitude': -97.10562379033699, 'fipsCode': '48439'}"
111540,4870961,HighSchool,2023,283.0,Blake Purchase,Cherry Creek,Oregon,EDGE,74.5,240.0,4.0,0.908,Englewood,CO,USA,"{'latitude': 39.6482059, 'longitude': -104.9879641, 'fipsCode': '08005'}"
111532,4918456,HighSchool,2023,284.0,Ian Reed,Austin Vandegrift,Clemson,IOL,78.0,315.0,4.0,0.9077,Austin,TX,USA,"{'latitude': 30.2711286, 'longitude': -97.7436995, 'fipsCode': '48453'}"
111529,4870733,HighSchool,2023,285.0,Cooper Flanagan,De La Salle,Notre Dame,TE,77.0,228.0,4.0,0.9075,Concord,CA,USA,"{'latitude': 37.9768525, 'longitude': -122.0335624, 'fipsCode': '06013'}"
111534,5157301,HighSchool,2023,286.0,Kelze Howard,Spring Valley,Oregon State,DL,76.0,250.0,4.0,0.9072,Las Vegas,NV,USA,"{'latitude': 36.1672559, 'longitude': -115.1485163, 'fipsCode': '32003'}"
111533,4870775,HighSchool,2023,287.0,Amir Herring,West Bloomfield,Michigan,IOL,75.0,300.0,4.0,0.907,West Bloomfield,MI,USA,"{'latitude': 42.5679, 'longitude': -83.3733, 'fipsCode': '36069'}"
111535,4921509,HighSchool,2023,288.0,Rickey Gibson III,Hewitt-Trussville,Tennessee,CB,72.0,171.0,4.0,0.9065,Trussville,AL,USA,"{'latitude': 33.626629, 'longitude': -86.5549335251678, 'fipsCode': '01073'}"
111524,5084052,HighSchool,2023,289.0,Jalon Kilgore,Putnam County,South Carolina,S,72.5,198.0,4.0,0.9064,Eatonton,GA,USA,"{'latitude': 33.3267997, 'longitude': -83.3884961, 'fipsCode': '13237'}"
111536,4921271,HighSchool,2023,290.0,Tyler Thompson,Panther Creek,North Carolina,EDGE,76.0,200.0,4.0,0.9064,Cary,NC,USA,"{'latitude': 35.7883046, 'longitude': -78.7811964, 'fipsCode': '37183'}"
111537,4870872,HighSchool,2023,291.0,David Ojiegbe,St. John's College,Clemson,EDGE,75.0,235.0,4.0,0.9061,Washington,DC,USA,"{'latitude': 38.8949855, 'longitude': -77.0365708, 'fipsCode': '11001'}"
111538,5141684,HighSchool,2023,292.0,Austin Simmons,Moore Haven,Ole Miss,QB,74.5,180.0,4.0,0.9059,Moore Haven,FL,USA,"{'latitude': 26.8331174, 'longitude': -81.0931234, 'fipsCode': '12043'}"
111539,4871059,HighSchool,2023,293.0,Jonah Wilson,Spring Dekaney,Houston,WR,74.0,195.0,4.0,0.9058,Houston,TX,USA,"{'latitude': 29.7589382, 'longitude': -95.3676974, 'fipsCode': '48201'}"
111541,4892985,HighSchool,2023,294.0,Ben Kueter,Iowa City,Iowa,LB,75.0,220.0,4.0,0.9055,Iowa City,IA,USA,"{'latitude': 41.6612561, 'longitude': -91.5299106, 'fipsCode': '19103'}"
111542,4870971,HighSchool,2023,295.0,Marcel Reed,Montgomery Bell Academy,Texas A&M,QB,73.0,175.0,4.0,0.9055,Nashville,TN,USA,"{'latitude': 36.1622296, 'longitude': -86.7743531, 'fipsCode': '47037'}"
111543,4870868,HighSchool,2023,296.0,Jayden Limar,Lake Stevens,Oregon,RB,71.0,190.0,4.0,0.905,Lake Stevens,WA,USA,"{'latitude': 48.0197794, 'longitude': -122.0660914, 'fipsCode': '53061'}"
111545,4870771,HighSchool,2023,297.0,Lamont Green Jr.,Gulliver Prep,Florida State,EDGE,75.5,228.0,4.0,0.9049,Miami,FL,USA,"{'latitude': 25.7742658, 'longitude': -80.1936589, 'fipsCode': '12086'}"
111546,4870842,HighSchool,2023,298.0,Vandrevius Jacobs,Vero Beach,Florida State,WR,72.0,167.0,4.0,0.9048,Fort Pierce,FL,USA,"{'latitude': 27.4467056, 'longitude': -80.3256056, 'fipsCode': '12111'}"
111547,4954447,HighSchool,2023,299.0,Tyree Weathersby,New Manchester,Tennessee,DL,76.0,251.0,4.0,0.9047,Douglasville,GA,USA,"{'latitude': 33.7514966, 'longitude': -84.7477136, 'fipsCode': '13097'}"
111548,4917984,HighSchool,2023,300.0,Austin Siereveld,Lakota East,Ohio State,IOL,77.0,320.0,4.0,0.9045,Middletown,OH,USA,"{'latitude': 39.5150576, 'longitude': -84.3982763, 'fipsCode': '39017'}"
111549,4918121,HighSchool,2023,301.0,Cole Adams,Owasso,Alabama,WR,70.0,180.0,4.0,0.9042,Owasso,OK,USA,"{'latitude': 36.2661536, 'longitude': -95.8549456, 'fipsCode': '40143'}"
111550,4870641,HighSchool,2023,302.0,Semaj Bridgeman,Imhotep Institute,Michigan,LB,74.0,230.0,4.0,0.9041,Philadelphia,PA,USA,"{'latitude': 39.9527237, 'longitude': -75.1635262, 'fipsCode': '42101'}"
111531,4917976,HighSchool,2023,303.0,Sullivan Absher,South Point,Notre Dame,IOL,77.0,309.0,4.0,0.9038,Belmont,NC,USA,"{'latitude': 35.2438272, 'longitude': -81.0377322, 'fipsCode': '37071'}"
111452,,HighSchool,2023,304.0,Hunter Clegg,American Fork,BYU,EDGE,76.0,235.0,4.0,0.9036,American Fork,UT,USA,"{'latitude': 40.3768954, 'longitude': -111.7957645, 'fipsCode': '49049'}"
111551,4988081,HighSchool,2023,305.0,Vincent Holmes,San Jacinto,Washington,ATH,72.0,180.0,4.0,0.9036,San Jacinto,CA,USA,"{'latitude': 33.7839664, 'longitude': -116.9589086, 'fipsCode': '06065'}"
111544,4870959,HighSchool,2023,306.0,Shamar Porter,Ensworth,Kentucky,WR,75.0,192.0,4.0,0.9036,Nashville,TN,USA,"{'latitude': 36.1622296, 'longitude': -86.7743531, 'fipsCode': '47037'}"
111552,4870807,HighSchool,2023,307.0,Gavin Hill,Buchholz,Florida,DL,75.0,255.0,4.0,0.9034,Gainesville,FL,USA,"{'latitude': 29.6519684, 'longitude': -82.3249846, 'fipsCode': '12001'}"
111553,4870891,HighSchool,2023,308.0,Cameron Lenhardt,IMG Academy,Nebraska,EDGE,75.0,250.0,4.0,0.9031,Bradenton,FL,USA,"{'latitude': 27.4989278, 'longitude': -82.5748194, 'fipsCode': '12081'}"
111554,4898892,HighSchool,2023,309.0,Joey Schlaffer,Exeter Township,Penn State,TE,78.0,215.0,4.0,0.9031,Reading,PA,USA,"{'latitude': 40.335345, 'longitude': -75.9279495, 'fipsCode': '42011'}"
111587,4917972,HighSchool,2023,310.0,Shamurad Umarov,Denmark,Tennessee,IOL,77.5,317.0,4.0,0.9031,Alpharetta,GA,USA,"{'latitude': 34.0709576, 'longitude': -84.2747329, 'fipsCode': '13121'}"
111555,4870981,HighSchool,2023,311.0,Joel Starlings,Benedictine,North Carolina,DL,77.0,310.0,4.0,0.9027,Richmond,VA,USA,"{'latitude': 37.5385087, 'longitude': -77.43428, 'fipsCode': '51760'}"
111556,4870719,HighSchool,2023,312.0,Daemon Fagan,American Heritage,NC State,S,74.5,180.0,4.0,0.9027,Fort Lauderdale,FL,USA,"{'latitude': 26.1223084, 'longitude': -80.1433786, 'fipsCode': '12011'}"
111557,5078810,HighSchool,2023,313.0,Sam Leavitt,West Linn,Michigan State,QB,74.0,197.0,4.0,0.9026,West Linn,OR,USA,"{'latitude': 45.3656761, 'longitude': -122.6123141, 'fipsCode': '41005'}"
111558,4870754,HighSchool,2023,314.0,Rodney Gallagher III,Laurel Highlands,West Virginia,WR,70.0,160.0,4.0,0.9025,Uniontown,PA,USA,"{'latitude': 39.900076, 'longitude': -79.7164326, 'fipsCode': '42051'}"
111562,4920229,HighSchool,2023,315.0,Jerry McClure,Mater Dei Catholic,UCLA,WR,74.0,195.0,4.0,0.9025,Chula Vista,CA,USA,"{'latitude': 32.6400541, 'longitude': -117.0841955, 'fipsCode': '06073'}"
111563,5077638,HighSchool,2023,316.0,Bray Hubbard,Ocean Springs,Alabama,ATH,74.0,190.0,4.0,0.9024,Ocean Springs,MS,USA,"{'latitude': 30.4112904, 'longitude': -88.8279165, 'fipsCode': '28059'}"
111564,4880937,HighSchool,2023,317.0,Adon Shuler,Irvington,Notre Dame,S,72.0,197.0,4.0,0.9023,Irvington,NJ,USA,"{'latitude': 40.7323235, 'longitude': -74.2348684, 'fipsCode': '34013'}"
111565,4871085,HighSchool,2023,318.0,Jasiah Wagoner,Spanaway Lake,Oklahoma,CB,70.0,170.0,4.0,0.9021,Spanaway,WA,USA,"{'latitude': 47.0979462, 'longitude': -122.4243422, 'fipsCode': '53053'}"
111566,4899350,HighSchool,2023,319.0,Avery Stuart,Alabama Christian Academy,Kentucky,S,74.0,174.0,4.0,0.9017,Montgomery,AL,USA,"{'latitude': 32.3669656, 'longitude': -86.3006485, 'fipsCode': '01101'}"
111568,5146758,HighSchool,2023,320.0,Rashid Williams,Pittsburg,Washington,WR,74.0,185.0,4.0,0.9016,Pittsburg,CA,USA,"{'latitude': 38.0181745, 'longitude': -121.8901232, 'fipsCode': '06013'}"
111570,4923250,HighSchool,2023,321.0,Brady Drogosh,De La Salle Collegiate,Cincinnati,QB,76.0,200.0,4.0,0.9015,Warren,MI,USA,"{'latitude': 42.4932575, 'longitude': -83.0062746, 'fipsCode': '26099'}"
111571,4921112,HighSchool,2023,322.0,Braedyn Moore,Stephen T Badin,Wisconsin,ATH,73.5,190.0,4.0,0.901,Hamilton,OH,USA,"{'latitude': 39.3995067, 'longitude': -84.5613428, 'fipsCode': '39017'}"
111573,4870652,HighSchool,2023,323.0,Marvin Burks Jr.,Cardinal Ritter College Prep,Missouri,S,74.0,190.0,4.0,0.9009,St. Louis,MO,USA,"{'latitude': 38.6268039, 'longitude': -90.1994097, 'fipsCode': '29510'}"
111586,4871040,HighSchool,2023,324.0,Creed Whittemore,Buchholz,Mississippi State,ATH,71.5,175.0,4.0,0.9008,Gainesville,FL,USA,"{'latitude': 29.6519684, 'longitude': -82.3249846, 'fipsCode': '12001'}"
111560,4917980,HighSchool,2023,325.0,Ronan Hanafin,Buckingham Browne & Nichols School,Clemson,ATH,75.0,210.0,4.0,0.9005,Cambridge,MA,USA,"{'latitude': 42.3750997, 'longitude': -71.1056157, 'fipsCode': '25017'}"
111575,4870765,HighSchool,2023,326.0,Edwin Joseph,Chaminade-Madonna,Florida State,ATH,72.0,178.0,4.0,0.9003,Hollywood,FL,USA,"{'latitude': 26.0112014, 'longitude': -80.1494901, 'fipsCode': '12011'}"
111559,4870781,HighSchool,2023,327.0,A.J. Hoffler,Woodward Academy,Clemson,EDGE,76.0,240.0,4.0,0.9003,Atlanta,GA,USA,"{'latitude': 33.7490987, 'longitude': -84.3901849, 'fipsCode': '13121'}"
111576,4900640,HighSchool,2023,328.0,Kyle Parker,Lovejoy,LSU,WR,70.0,175.0,4.0,0.9002,Lucas,TX,USA,"{'latitude': 33.0842854, 'longitude': -96.5766577, 'fipsCode': '48085'}"
111572,4870867,HighSchool,2023,329.0,Brenden Jordan,Mansfield,Texas Tech,S,72.0,200.0,4.0,0.9002,Mansfield,TX,USA,"{'latitude': 32.5631924, 'longitude': -97.1416768, 'fipsCode': '48439'}"
111567,,HighSchool,2023,330.0,Tyler Scott,Pebblebrook,Auburn,CB,73.0,195.0,4.0,0.9001,Mableton,GA,USA,"{'latitude': 33.8188333, 'longitude': -84.5822632, 'fipsCode': '13067'}"
111577,4870907,HighSchool,2023,331.0,John Randle Jr.,Heights,Utah,RB,72.0,185.0,4.0,0.9,Wichita,KS,USA,"{'latitude': 37.6922361, 'longitude': -97.3375448, 'fipsCode': '20173'}"
111579,4870763,HighSchool,2023,331.0,Grant Godfrey,North Gwinnett,Kentucky,LB,75.0,215.0,4.0,0.9,Suwanee,GA,USA,"{'latitude': 34.0514898, 'longitude': -84.0712997, 'fipsCode': '13135'}"
111585,4870677,HighSchool,2023,333.0,Maliki Crawford,Oxnard Pacifica,USC,CB,75.5,180.0,4.0,0.8999,Oxnard,CA,USA,"{'latitude': 34.1976308, 'longitude': -119.1803818, 'fipsCode': '06111'}"
111580,4870724,HighSchool,2023,334.0,Michael Harris,Lake Brantley,Maryland,LB,73.0,190.0,4.0,0.8998,Altamonte Springs,FL,USA,"{'latitude': 28.6619154, 'longitude': -81.3885899, 'fipsCode': '12117'}"
111582,4918101,HighSchool,2023,335.0,S'Maje Burrell,North Crowley,Texas,LB,72.0,215.0,4.0,0.8997,Fort Worth,TX,USA,"{'latitude': 32.753177, 'longitude': -97.3327459, 'fipsCode': '48439'}"
111583,4921508,HighSchool,2023,336.0,Nigel Glover,Northmont,Northwestern,LB,75.0,210.0,4.0,0.8996,Clayton,OH,USA,"{'latitude': 39.8631101, 'longitude': -84.3605022, 'fipsCode': '39113'}"
111584,4870698,HighSchool,2023,337.0,Aaron Gates,Trinity Christian School,Florida,ATH,73.0,195.0,4.0,0.8994,Sharpsburg,GA,USA,"{'latitude': 33.3392842, 'longitude': -84.6485417, 'fipsCode': '13077'}"
111588,4870615,HighSchool,2023,338.0,Neeo Avery,Our Lady of Good Counsel,Maryland,EDGE,77.0,230.0,4.0,0.8994,Olney,MD,USA,"{'latitude': 39.1532123, 'longitude': -77.0668408, 'fipsCode': '24031'}"
111574,4922988,HighSchool,2023,339.0,Jamari Johnson,Inglewood,Louisville,ATH,76.0,270.0,4.0,0.8994,Inglewood,CA,USA,"{'latitude': 33.9562003, 'longitude': -118.353132, 'fipsCode': '06037'}"
111589,4871065,HighSchool,2023,340.0,Treyaun Webb,Trinity Christian Academy,Florida,RB,73.0,205.0,4.0,0.8993,Jacksonville,FL,USA,"{'latitude': 30.3321838, 'longitude': -81.655651, 'fipsCode': '12031'}"
111590,4871057,HighSchool,2023,341.0,Dylan Spencer,C.E. King,Texas Tech,DL,76.0,240.0,4.0,0.8993,Houston,TX,USA,"{'latitude': 29.7589382, 'longitude': -95.3676974, 'fipsCode': '48201'}"
111591,4894451,HighSchool,2023,342.0,Brennan Parachek,Dexter,Michigan State,TE,78.0,235.0,4.0,0.8992,Dexter,MI,USA,"{'latitude': 42.3386044, 'longitude': -83.8891514, 'fipsCode': '27099'}"
111561,5086467,HighSchool,2023,343.0,Ben Minich,Lakota West,Notre Dame,S,71.0,185.0,4.0,0.899,West Chester,OH,USA,"{'latitude': 39.3303357, 'longitude': -84.408275, 'fipsCode': '39017'}"
111593,4870845,HighSchool,2023,344.0,Iapani Laloulu,Farrington,Oregon,IOL,74.0,355.0,4.0,0.8989,Honolulu,HI,USA,"{'latitude': 21.304547, 'longitude': -157.8556764, 'fipsCode': '15003'}"
111569,4921292,HighSchool,2023,345.0,Isaiah Augustave,Naples,Arkansas,RB,74.0,195.0,4.0,0.8989,Naples,FL,USA,"{'latitude': 26.1421976, 'longitude': -81.7942944, 'fipsCode': '12021'}"
111594,4924137,HighSchool,2023,346.0,Saboor Karriem,West Orange,Illinois,S,75.0,180.0,4.0,0.8987,West Orange,NJ,USA,"{'latitude': 40.7987113, 'longitude': -74.2390353, 'fipsCode': '34013'}"
111595,4918103,HighSchool,2023,347.0,Cam Cook,Stony Point,TCU,RB,70.0,180.0,4.0,0.8985,Round Rock,TX,USA,"{'latitude': 30.508235, 'longitude': -97.6788934, 'fipsCode': '48491'}"
111596,4870717,HighSchool,2023,348.0,Nathan Efobi,South Forsyth,Michigan,IOL,75.5,282.0,4.0,0.8984,Cumming,GA,USA,"{'latitude': 34.2073196, 'longitude': -84.1401926, 'fipsCode': '13117'}"
111597,4870636,HighSchool,2023,349.0,Pierce Clarkson,St. John Bosco,Louisville,QB,71.0,183.0,4.0,0.8983,Bellflower,CA,USA,"{'latitude': 33.8825705, 'longitude': -118.1167679, 'fipsCode': '06037'}"
111599,4569505,HighSchool,2023,350.0,Keyon Brown,Rickards,Oklahoma,WR,74.5,188.0,4.0,0.8982,Tallahassee,FL,USA,"{'latitude': 30.4380832, 'longitude': -84.2809332, 'fipsCode': '12073'}"
111600,4920901,HighSchool,2023,351.0,Darius Taylor,Walled Lake Western,Minnesota,RB,71.0,202.0,4.0,0.8981,Walled Lake,MI,USA,"{'latitude': 42.537811, 'longitude': -83.4810481, 'fipsCode': '26125'}"
111601,4870695,HighSchool,2023,352.0,Brayden Dorman,Vista Ridge,Arizona,QB,76.5,206.0,4.0,0.8979,Colorado Springs,CO,USA,"{'latitude': 38.8339578, 'longitude': -104.8253485, 'fipsCode': '08041'}"
111602,4899473,HighSchool,2023,353.0,James Durand,Basha,Wisconsin,IOL,76.0,280.0,4.0,0.8978,Chandler,AZ,USA,"{'latitude': 33.3062223, 'longitude': -111.8413317, 'fipsCode': '04013'}"
111603,4870864,HighSchool,2023,354.0,Gabarri Johnson,Lincoln,Missouri,QB,72.0,200.0,4.0,0.8978,Tacoma,WA,USA,"{'latitude': 47.2495798, 'longitude': -122.4398746, 'fipsCode': '53053'}"
111605,4918413,HighSchool,2023,355.0,Zach Chapman,Fort Bend Marshall,TCU,DL,77.0,250.0,4.0,0.8977,Missouri City,TX,USA,"{'latitude': 29.6185669, 'longitude': -95.5377215, 'fipsCode': '48157'}"
111578,4918445,HighSchool,2023,356.0,Smith Snowden,Skyridge,Utah,CB,70.0,175.0,4.0,0.8976,Lehi,UT,USA,"{'latitude': 40.3880902, 'longitude': -111.8491619, 'fipsCode': '49049'}"
111606,4914227,HighSchool,2023,357.0,Tyler Turner,San Antonio Brennan,Oregon,S,72.0,180.0,4.0,0.8976,San Antonio,TX,USA,"{'latitude': 29.4246002, 'longitude': -98.4951405, 'fipsCode': '48029'}"
111610,5080819,HighSchool,2023,358.0,Davion Dozier,Moody,Arkansas,WR,75.5,195.0,4.0,0.8975,Moody,AL,USA,"{'latitude': 33.5909365, 'longitude': -86.4908168, 'fipsCode': '01115'}"
111608,4870739,HighSchool,2023,358.0,Christian Hamilton,Hickory Ridge,North Carolina,WR,72.0,175.0,4.0,0.8975,Harrisburg,NC,USA,"{'latitude': 35.3262523, 'longitude': -80.6446563, 'fipsCode': '37025'}"
111607,4870732,HighSchool,2023,358.0,Cedrick Hawkins Jr.,Cocoa,Ohio State,S,72.0,175.0,4.0,0.8975,Cocoa,FL,USA,"{'latitude': 28.3553873, 'longitude': -80.7318827, 'fipsCode': '12009'}"
111609,4870927,HighSchool,2023,358.0,Bryson Rodgers,Wiregrass Ranch,Ohio State,WR,72.5,175.0,4.0,0.8975,Zephyrhills,FL,USA,"{'latitude': 28.2336196, 'longitude': -82.1811947, 'fipsCode': '12101'}"
111611,4950559,HighSchool,2023,362.0,Branden Strozier,St. Francis,Clemson,CB,74.0,175.0,4.0,0.8972,Alpharetta,GA,USA,"{'latitude': 34.0709576, 'longitude': -84.2747329, 'fipsCode': '13121'}"
111612,4870912,HighSchool,2023,363.0,Traylon Ray,North Florida Christian,West Virginia,WR,73.5,186.0,4.0,0.8971,Tallahassee,FL,USA,"{'latitude': 30.4380832, 'longitude': -84.2809332, 'fipsCode': '12073'}"
111613,5078108,HighSchool,2023,364.0,Daymion Sanford,Katy Paetow,Texas A&M,EDGE,74.0,210.0,4.0,0.897,Katy,TX,USA,"{'latitude': 29.7857853, 'longitude': -95.8243956, 'fipsCode': '48157'}"
111614,4899418,HighSchool,2023,365.0,Juice Vereen,Havelock,NC State,TE,76.0,209.0,4.0,0.897,Havelock,NC,USA,"{'latitude': 34.8785, 'longitude': -76.9014457, 'fipsCode': '37049'}"
111615,5153626,HighSchool,2023,366.0,Grant Gray,Norco,UCLA,WR,75.0,180.0,4.0,0.8969,Norco,CA,USA,"{'latitude': 33.9323307, 'longitude': -117.5508901, 'fipsCode': '06065'}"
111604,4918136,HighSchool,2023,367.0,Quincy Rhodes Jr.,North Little Rock,Arkansas,DL,78.0,255.0,4.0,0.8969,North Little Rock,AR,USA,"{'latitude': 34.769536, 'longitude': -92.2670941, 'fipsCode': '05119'}"
111598,5079056,HighSchool,2023,368.0,Carmelo Taylor,Patrick Henry,Penn State,WR,71.0,160.0,4.0,0.8967,Roanoke,VA,USA,"{'latitude': 37.270973, 'longitude': -79.9414313, 'fipsCode': '51770'}"
111618,4921264,HighSchool,2023,369.0,Joe Otting,Hayden,Notre Dame,IOL,76.0,275.0,4.0,0.8967,Topeka,KS,USA,"{'latitude': 39.049011, 'longitude': -95.677556, 'fipsCode': '20177'}"
111616,4918111,HighSchool,2023,369.0,A'Marion Peterson,Hirschi,USC,RB,72.0,200.0,4.0,0.8967,Wichita Falls,TX,USA,"{'latitude': 33.9137085, 'longitude': -98.4933873, 'fipsCode': '48485'}"
111617,4921252,HighSchool,2023,369.0,Caden Jones,De La Salle,Florida,OT,79.5,329.0,4.0,0.8967,New Orleans,LA,USA,"{'latitude': 29.9499323, 'longitude': -90.0701156, 'fipsCode': '22071'}"
111619,5076950,HighSchool,2023,372.0,Kelley Jones,Clarksdale,Mississippi State,S,76.0,178.0,4.0,0.8967,Clarksdale,MS,USA,"{'latitude': 34.2006479, 'longitude': -90.5702071, 'fipsCode': '28027'}"
111620,4923290,HighSchool,2023,373.0,Parker Jenkins,Klein Forest,Houston,RB,70.0,185.0,4.0,0.8964,Houston,TX,USA,"{'latitude': 29.7589382, 'longitude': -95.3676974, 'fipsCode': '48201'}"
111621,4921249,HighSchool,2023,374.0,Colton Hood,Eagle's Landing Christian Academy,Auburn,CB,73.0,175.0,4.0,0.8963,McDonough,GA,USA,"{'latitude': 33.4473361, 'longitude': -84.1468616, 'fipsCode': '13151'}"
111622,4870917,HighSchool,2023,375.0,Justyn Rhett,Bishop Gorman,Georgia,CB,73.0,195.0,4.0,0.8963,Las Vegas,NV,USA,"{'latitude': 36.1672559, 'longitude': -115.1485163, 'fipsCode': '32003'}"
111623,4870826,HighSchool,2023,376.0,Micah Mays Jr.,The Benjamin School,Wake Forest,WR,74.0,175.0,4.0,0.8962,North Palm Beach,FL,USA,"{'latitude': 26.8237944, 'longitude': -80.05592659756701, 'fipsCode': '12099'}"
111581,5078158,HighSchool,2023,377.0,LeVar Thornton Jr.,Keller Timber Creek,Baylor,CB,74.0,165.0,4.0,0.8961,Keller,TX,USA,"{'latitude': 32.9299655, 'longitude': -97.2271249, 'fipsCode': '48439'}"
111624,4870664,HighSchool,2023,378.0,Stanquan Clark,Miami Central,Louisville,LB,74.0,215.0,4.0,0.896,Miami,FL,USA,"{'latitude': 25.7742658, 'longitude': -80.1936589, 'fipsCode': '12086'}"
111625,4871053,HighSchool,2023,379.0,Hollywood Smothers,West Charlotte,Oklahoma,RB,71.0,182.0,4.0,0.8959,Charlotte,NC,USA,"{'latitude': 35.2272, 'longitude': -80.843083, 'fipsCode': '37119'}"
111626,4870728,HighSchool,2023,380.0,Kaden Feagin,Arthur,Illinois,ATH,75.0,221.0,4.0,0.8958,Arthur,IL,USA,"{'latitude': None, 'longitude': None, 'fipsCode': None}"
111627,4870844,HighSchool,2023,381.0,Andy Jean,Miami Northwestern,Florida,WR,73.0,180.0,4.0,0.8958,Miami,FL,USA,"{'latitude': 25.7742658, 'longitude': -80.1936589, 'fipsCode': '12086'}"
111629,4972252,HighSchool,2023,381.0,MarJayvious Moss,Northwood,Memphis,CB,71.0,180.0,4.0,0.8958,Shreveport,LA,USA,"{'latitude': 32.5221828, 'longitude': -93.7651944, 'fipsCode': '22017'}"
111628,4880599,HighSchool,2023,381.0,Joshua Bates,Durango,Oklahoma,IOL,75.0,305.0,4.0,0.8958,Durango,CO,USA,"{'latitude': 37.2713951, 'longitude': -107.8815978, 'fipsCode': '08067'}"
111630,4870859,HighSchool,2023,384.0,Noble Johnson,Rockwall,Clemson,WR,74.0,205.0,4.0,0.8958,Rockwall,TX,USA,"{'latitude': 32.9312336, 'longitude': -96.4597089, 'fipsCode': '48397'}"
111631,4899476,HighSchool,2023,385.0,Kendrick Gilbert,Cathedral,Kentucky,DL,77.0,250.0,4.0,0.8956,Indianapolis,IN,USA,"{'latitude': 39.7683331, 'longitude': -86.1583502, 'fipsCode': '18097'}"
111632,4954452,HighSchool,2023,386.0,Riley Van Poppel,Argyle,Nebraska,DL,76.0,270.0,4.0,0.8955,Argyle,TX,USA,"{'latitude': 33.110156, 'longitude': -97.17940980147037, 'fipsCode': '48121'}"
111633,,HighSchool,2023,387.0,Zavion Hardy,Howard,,DL,77.0,262.0,4.0,0.8955,Macon,GA,USA,"{'latitude': 32.8406946, 'longitude': -83.6324022, 'fipsCode': '13021'}"
111634,5158458,HighSchool,2023,388.0,Gernorris Wilson,Lakeland,Oregon,IOL,77.0,285.0,4.0,0.8952,Lakeland,FL,USA,"{'latitude': 28.0394654, 'longitude': -81.9498042, 'fipsCode': '12105'}"
111638,4918106,HighSchool,2023,389.0,Joseph Mupoyi,St. Thomas More,Penn State,EDGE,77.0,230.0,4.0,0.895,Oakdale,CT,USA,"{'latitude': 41.4662093, 'longitude': -72.1573008, 'fipsCode': '09011'}"
111637,,HighSchool,2023,389.0,Monteque Rhames,Manning,South Carolina,EDGE,77.0,235.0,4.0,0.895,Sumter,SC,USA,"{'latitude': 33.9204354, 'longitude': -80.3414693, 'fipsCode': '45085'}"
111635,4870999,HighSchool,2023,389.0,Malachi Singleton,North Cobb,Arkansas,QB,73.0,225.0,4.0,0.895,Kennesaw,GA,USA,"{'latitude': 34.0234337, 'longitude': -84.6154897, 'fipsCode': '13067'}"
111636,4870955,HighSchool,2023,389.0,Samuel Singleton Jr.,Fleming Island,Florida State,RB,70.0,178.0,4.0,0.895,Charleston,SC,USA,"{'latitude': 32.7876012, 'longitude': -79.9402728, 'fipsCode': '45019'}"
111639,4870987,HighSchool,2023,393.0,Brycen Sanders,Baylor School,Ole Miss,IOL,77.0,280.0,4.0,0.8948,Chattanooga,TN,USA,"{'latitude': 35.0457219, 'longitude': -85.3094883, 'fipsCode': '47065'}"
111640,4870673,HighSchool,2023,394.0,Kodi DeCambra,Bishop Gorman,Oregon,S,72.0,175.0,4.0,0.8944,Las Vegas,NV,USA,"{'latitude': 36.1672559, 'longitude': -115.1485163, 'fipsCode': '32003'}"
111641,5150250,HighSchool,2023,395.0,Roq Montgomery,Anniston,Alabama,IOL,75.0,340.0,4.0,0.8944,Anniston,AL,USA,"{'latitude': 33.695381, 'longitude': -85.83984227882328, 'fipsCode': '01015'}"
111642,4923269,HighSchool,2023,396.0,Layth Ghannam,George Washington,Virginia Tech,IOL,77.0,280.0,4.0,0.8942,Charleston,WV,USA,"{'latitude': 38.3505995, 'longitude': -81.6332812, 'fipsCode': '54039'}"
111644,5075707,HighSchool,2023,397.0,Kylen Webb,Sumner,Clemson,ATH,73.0,180.0,4.0,0.8942,Riverview,FL,USA,"{'latitude': 27.871197, 'longitude': -82.3269883, 'fipsCode': '12057'}"
111643,4923052,HighSchool,2023,397.0,Cam Calhoun,Winton Woods,Michigan,CB,72.0,170.0,4.0,0.8942,Cincinnati,OH,USA,"{'latitude': 39.1014537, 'longitude': -84.5124602, 'fipsCode': '39061'}"
111645,5078250,HighSchool,2023,399.0,Khalil Barnes,North Oconee,Clemson,ATH,73.0,185.0,4.0,0.8941,Bogart,GA,USA,"{'latitude': 33.949281, 'longitude': -83.534608, 'fipsCode': '13219'}"
111592,4870847,HighSchool,2023,400.0,Ja'Kobi Lane,Red Mountain,USC,WR,76.0,175.0,4.0,0.8941,Mesa,AZ,USA,"{'latitude': 33.4151117, 'longitude': -111.8314773, 'fipsCode': '04013'}"
111646,4870744,HighSchool,2023,401.0,Martel Hight,Rome,Vanderbilt,CB,71.0,161.0,4.0,0.8941,Rome,GA,USA,"{'latitude': 34.257038, 'longitude': -85.1646726, 'fipsCode': '13115'}"
111647,5078312,HighSchool,2023,402.0,Nyziah Hunter,Salinas,California,WR,74.0,192.0,4.0,0.8939,Salinas,CA,USA,"{'latitude': 36.6744117, 'longitude': -121.6550372, 'fipsCode': '06053'}"
111648,4870793,HighSchool,2023,403.0,Tad Hudson,Hough,North Carolina,QB,75.0,220.0,4.0,0.8939,Cornelius,NC,USA,"{'latitude': 35.4817982, 'longitude': -80.8589501, 'fipsCode': '37119'}"
111649,4870766,HighSchool,2023,404.0,Dylan Gooden,Wilde Lake,Maryland,EDGE,76.0,204.0,4.0,0.8939,Columbia,MD,USA,"{'latitude': 39.193919550000004, 'longitude': -76.87477229012376, 'fipsCode': '24027'}"
111650,4870889,HighSchool,2023,405.0,Chris Parson,Ravenwood,Mississippi State,QB,72.5,200.0,4.0,0.8935,Brentwood,TN,USA,"{'latitude': 36.0325687, 'longitude': -86.7825235, 'fipsCode': '47187'}"
111653,4917982,HighSchool,2023,406.0,Sam Pendleton,Reagan,Notre Dame,IOL,76.0,305.0,4.0,0.8933,Pfafftown,NC,USA,"{'latitude': 36.1526379, 'longitude': -80.3622753, 'fipsCode': '37067'}"
111652,4870862,HighSchool,2023,406.0,Liona Lefau,Kahuku,Texas,LB,73.0,210.0,4.0,0.8933,Kahuku,HI,USA,"{'latitude': 21.679124, 'longitude': -157.94838, 'fipsCode': '15003'}"
111651,4871032,HighSchool,2023,406.0,Colton Thomasson,Smithson Valley,Texas A&M,OT,80.0,325.0,4.0,0.8933,Spring Branch,TX,USA,"{'latitude': 29.885073249999998, 'longitude': -98.4196833729311, 'fipsCode': '48091'}"
111655,4972253,HighSchool,2023,406.0,Zack Myers,Christ School,NC State,ATH,73.0,190.0,4.0,0.8933,Arden,NC,USA,"{'latitude': 35.4661821, 'longitude': -82.5164242, 'fipsCode': '37021'}"
111654,4870978,HighSchool,2023,406.0,Jaden Robinson,Columbia,Florida,LB,73.0,222.0,4.0,0.8933,Lake City,FL,USA,"{'latitude': 30.1896756, 'longitude': -82.6392899, 'fipsCode': '12023'}"
111656,4870995,HighSchool,2023,406.0,Bryce Thornton,Milton,Florida,S,70.0,185.0,4.0,0.8933,Alpharetta,GA,USA,"{'latitude': 34.0709576, 'longitude': -84.2747329, 'fipsCode': '13121'}"
111657,5078531,HighSchool,2023,412.0,Nick Fattig,Clear Springs,Texas Tech,IOL,76.0,275.0,4.0,0.8932,League City,TX,USA,"{'latitude': 29.5074538, 'longitude': -95.0949303, 'fipsCode': '48167'}"
111658,4972249,HighSchool,2023,413.0,Jaremiah Anglin Jr.,Lake Wales,Kentucky,S,73.0,184.0,4.0,0.893,Lake Wales,FL,USA,"{'latitude': 27.9014133, 'longitude': -81.5859099, 'fipsCode': '12105'}"
111659,4918430,HighSchool,2023,414.0,Trevor Goosby,Melissa,Texas,OT,78.0,280.0,4.0,0.893,Melissa,TX,USA,"{'latitude': 33.2860549, 'longitude': -96.5725952, 'fipsCode': '48085'}"
111660,4899352,HighSchool,2023,415.0,Deakon Tonielli,Oswego,Michigan,TE,78.0,215.0,4.0,0.8928,Oswego,IL,USA,"{'latitude': 41.6789932, 'longitude': -88.3550216, 'fipsCode': '17093'}"
111661,4916884,HighSchool,2023,416.0,Anthony Donkoh,Lightridge,Penn State,IOL,77.0,310.0,4.0,0.8926,Aldie,VA,USA,"{'latitude': 38.97660885, 'longitude': -77.64532759300396, 'fipsCode': '51107'}"
111662,4941012,HighSchool,2023,417.0,London Montgomery,Scranton Prep,Penn State,RB,70.0,180.0,4.0,0.8925,Scranton,PA,USA,"{'latitude': 41.4086874, 'longitude': -75.6621294, 'fipsCode': '42069'}"
111664,4871067,HighSchool,2023,418.0,Leviticus Su'a,Mater Dei,Arizona,LB,73.5,225.0,4.0,0.8925,Santa Ana,CA,USA,"{'latitude': 33.7494951, 'longitude': -117.8732213, 'fipsCode': '06059'}"
111667,4870746,HighSchool,2023,418.0,Jshawn Frausto-Ramos,St. John Bosco,Stanford,CB,72.0,180.0,4.0,0.8925,Bellflower,CA,USA,"{'latitude': 33.8825705, 'longitude': -118.1167679, 'fipsCode': '06037'}"
111668,,HighSchool,2023,418.0,Jayvant Brown,St. Thomas Aquinas,Kentucky,LB,72.0,220.0,4.0,0.8925,Fort Lauderdale,FL,USA,"{'latitude': 26.1223084, 'longitude': -80.1433786, 'fipsCode': '12011'}"
111663,4870688,HighSchool,2023,418.0,Wilky Denaud,John Carroll,Auburn,DL,76.0,245.0,4.0,0.8925,Fort Pierce,FL,USA,"{'latitude': 27.4467056, 'longitude': -80.3256056, 'fipsCode': '12111'}"
111665,,HighSchool,2023,418.0,Mega Barnwell,Riverbend,Penn State,ATH,78.0,250.0,4.0,0.8925,Fredericksburg,VA,USA,"{'latitude': 38.3031837, 'longitude': -77.4605399, 'fipsCode': '51630'}"
111666,4870638,HighSchool,2023,418.0,Luke Brown,Henry County,Arkansas,IOL,77.0,315.0,4.0,0.8925,Paris,TN,USA,"{'latitude': 36.3019461, 'longitude': -88.3258578, 'fipsCode': '47079'}"
111670,4816083,HighSchool,2023,418.0,Daeh McCullough,St. Joseph,Oklahoma,S,74.0,200.0,4.0,0.8925,South Bend,IN,USA,"{'latitude': 41.6833813, 'longitude': -86.2500066, 'fipsCode': '18141'}"
111669,4870901,HighSchool,2023,418.0,Khai Prean,St. James,LSU,ATH,72.0,190.0,4.0,0.8925,St. James,LA,USA,"{'latitude': 39.573173, 'longitude': -77.74937083071353, 'fipsCode': '24043'}"
111671,4921411,HighSchool,2023,426.0,Raymond Pulido,Apple Valley,Arizona,IOL,78.0,345.0,4.0,0.8924,Apple Valley,CA,USA,"{'latitude': 34.5008311, 'longitude': -117.1858759, 'fipsCode': '06071'}"
111672,4921312,HighSchool,2023,427.0,Christian Pierce,Rancho Cucamonga,USC,S,74.0,180.0,4.0,0.8923,Rancho Cucamonga,CA,USA,"{'latitude': 34.1033192, 'longitude': -117.5751735, 'fipsCode': '06071'}"
111673,4899440,HighSchool,2023,428.0,Asa Newsom,Waverly-Shell Rock,Kansas State,ATH,76.0,205.0,4.0,0.8922,Waverly,IA,USA,"{'latitude': 42.7258142, 'longitude': -92.4754626, 'fipsCode': '19017'}"
111674,4921320,HighSchool,2023,429.0,Jalen Smith,Grayson,Tennessee,LB,72.0,213.0,4.0,0.8921,Loganville,GA,USA,"{'latitude': 33.8389977, 'longitude': -83.9007382, 'fipsCode': '13297'}"
111675,4922995,HighSchool,2023,430.0,Dijon Stanley,Granada Hills,Utah,ATH,73.0,175.0,4.0,0.892,Granada Hills,CA,USA,"{'latitude': 34.2661558, 'longitude': -118.5174342, 'fipsCode': '06037'}"
111678,5150561,HighSchool,2023,431.0,Olsen Patt-Henry,First Baptist Academy,Clemson,TE,74.0,215.0,4.0,0.8919,Naples,FL,USA,"{'latitude': 26.1421976, 'longitude': -81.7942944, 'fipsCode': '12021'}"
111677,4923287,HighSchool,2023,431.0,Elishah Jackett,El Modena,Washington,OT,78.0,280.0,4.0,0.8919,Orange,CA,USA,"{'latitude': 33.7872568, 'longitude': -117.8503088, 'fipsCode': '06059'}"
111676,5150430,HighSchool,2023,431.0,AJ Brown,Crisp County,Ole Miss,S,73.0,195.0,4.0,0.8919,Cordele,GA,USA,"{'latitude': 31.9635074, 'longitude': -83.7823938, 'fipsCode': '13081'}"
111679,4920148,HighSchool,2023,434.0,Rob Billings IV,Milton,Clemson,S,73.0,185.0,4.0,0.8917,Alpharetta,GA,USA,"{'latitude': 34.0709576, 'longitude': -84.2747329, 'fipsCode': '13121'}"
111681,4915981,HighSchool,2023,434.0,Javeon Wilcox,Lake Belton,TCU,S,72.0,185.0,4.0,0.8917,Temple,TX,USA,"{'latitude': 31.098207, 'longitude': -97.3427847, 'fipsCode': '48027'}"
111683,5001149,HighSchool,2023,434.0,Bobby Washington Jr.,Miami Palmetto,Miami,LB,75.0,215.0,4.0,0.8917,Miami,FL,USA,"{'latitude': 25.7742658, 'longitude': -80.1936589, 'fipsCode': '12086'}"
111680,4870822,HighSchool,2023,434.0,Josh Horton,Langston Hughes,Miami,DL,76.0,285.0,4.0,0.8917,Fairburn,GA,USA,"{'latitude': 33.5670562, 'longitude': -84.5810418, 'fipsCode': '13121'}"
111682,4923284,HighSchool,2023,434.0,Logan Howland,Hun School,Oklahoma,OT,79.0,280.0,4.0,0.8917,Princeton,NJ,USA,"{'latitude': 40.3492744, 'longitude': -74.6592958, 'fipsCode': '34021'}"
111684,4920139,HighSchool,2023,439.0,Trevor Lauck,Roncalli,Iowa,OT,78.0,285.0,4.0,0.8915,Indianapolis,IN,USA,"{'latitude': 39.7683331, 'longitude': -86.1583502, 'fipsCode': '18097'}"
111685,4923029,HighSchool,2023,440.0,Jordan Allen,Olathe South,Kansas State,EDGE,75.0,235.0,4.0,0.8911,Olathe,KS,USA,"{'latitude': 38.8838856, 'longitude': -94.81887, 'fipsCode': '20091'}"
111686,4921406,HighSchool,2023,441.0,Landen Hatchett,Ferndale,Washington,IOL,75.0,300.0,4.0,0.8911,Ferndale,WA,USA,"{'latitude': 48.8466698, 'longitude': -122.5897235, 'fipsCode': '53073'}"
111688,4917619,HighSchool,2023,442.0,Khamari Anderson,Cass Technical,Kentucky,TE,76.0,225.0,4.0,0.8908,Detroit,MI,USA,"{'latitude': 42.3315509, 'longitude': -83.0466403, 'fipsCode': '26163'}"
111687,5114310,HighSchool,2023,442.0,Chance Fitzgerald,Nolensville,Virginia Tech,WR,75.0,184.0,4.0,0.8908,Nolensville,TN,USA,"{'latitude': 35.9522852, 'longitude': -86.6694413, 'fipsCode': '47187'}"
111689,5142703,HighSchool,2023,444.0,Emmanuel Okoye,NFL Academy,Tennessee,EDGE,77.0,230.0,4.0,0.8908,Nigeria,,NGA,"{'latitude': None, 'longitude': None, 'fipsCode': None}"
111690,4870985,HighSchool,2023,445.0,Logan Reichert,Raytown,Missouri,OT,78.0,350.0,4.0,0.8908,Kansas City,MO,USA,"{'latitude': 39.100105, 'longitude': -94.5781416, 'fipsCode': '29095'}"
111691,5100946,HighSchool,2023,446.0,Zion Tracy,St. Thomas More (Prep),Penn State,CB,71.0,180.0,4.0,0.8906,Glen Head,NY,USA,"{'latitude': 40.84348675, 'longitude': -73.62581450092935, 'fipsCode': '36059'}"
111692,4918447,HighSchool,2023,447.0,Amare Snowden,Roseville,Wisconsin,CB,75.0,187.0,4.0,0.8905,Roseville,MI,USA,"{'latitude': 42.4972583, 'longitude': -82.9371409, 'fipsCode': '26099'}"
111693,4870629,HighSchool,2023,448.0,Jackson Bowers,Mountain View,BYU,TE,77.0,225.0,4.0,0.8905,Mesa,AZ,USA,"{'latitude': 33.4151117, 'longitude': -111.8314773, 'fipsCode': '04013'}"
111696,4917626,HighSchool,2023,449.0,Jerome Williams,Osseo Senior,Minnesota,IOL,76.0,295.0,4.0,0.8903,Osseo,MN,USA,"{'latitude': 45.11715785, 'longitude': -93.39877096552499, 'fipsCode': '27053'}"
111695,4870866,HighSchool,2023,449.0,Connor Lew,Kennesaw Mountain,Auburn,IOL,75.0,280.0,4.0,0.8903,Acworth,GA,USA,"{'latitude': 34.0659329, 'longitude': -84.6768796, 'fipsCode': '13067'}"
111697,4899346,HighSchool,2023,451.0,Siale Esera,Timpview,BYU,EDGE,75.0,250.0,4.0,0.8901,Provo,UT,USA,"{'latitude': 40.2338438, 'longitude': -111.6585337, 'fipsCode': '49049'}"
111701,5146674,HighSchool,2023,452.0,R.J. Jones,St. John Bosco,UCLA,S,73.0,195.0,3.0,0.89,Bellflower,CA,USA,"{'latitude': 33.8825705, 'longitude': -118.1167679, 'fipsCode': '06037'}"
111700,5159673,HighSchool,2023,452.0,Tay'Shawn Wilson,Mayde Creek,Baylor,CB,69.0,175.0,3.0,0.89,Houston,TX,USA,"{'latitude': 29.7589382, 'longitude': -95.3676974, 'fipsCode': '48201'}"
111702,4870620,HighSchool,2023,452.0,Ahmari Borden,Robert F. Munroe Day School,Stanford,WR,75.0,180.0,3.0,0.89,Quincy,FL,USA,"{'latitude': 30.5871948, 'longitude': -84.5832619, 'fipsCode': '12039'}"
111699,4870692,HighSchool,2023,452.0,Cole Dellinger,Clarkston,Michigan State,IOL,76.0,280.0,3.0,0.89,Clarkston,MI,USA,"{'latitude': 42.735863, 'longitude': -83.4188304, 'fipsCode': '26125'}"
111698,4870635,HighSchool,2023,452.0,Anthony Brown-Stephens,Springfield,Kentucky,WR,70.0,170.0,3.0,0.89,Springfield,OH,USA,"{'latitude': 39.9242266, 'longitude': -83.8088172, 'fipsCode': '39023'}"
111704,4870788,HighSchool,2023,457.0,Knijeah Harris,IMG Academy,Florida,IOL,75.0,335.0,3.0,0.8896,Bradenton,FL,USA,"{'latitude': 27.4989278, 'longitude': -82.5748194, 'fipsCode': '12081'}"
111707,4921305,HighSchool,2023,458.0,Matthew Klopfenstein,Horizon,Baylor,TE,77.0,226.0,3.0,0.8894,Scottsdale,AZ,USA,"{'latitude': 33.4942189, 'longitude': -111.9260184, 'fipsCode': '04013'}"
111708,4923036,HighSchool,2023,458.0,Cameron Brandt,Sierra Canyon,Michigan,DL,76.0,260.0,3.0,0.8894,Chatsworth,CA,USA,"{'latitude': 34.2595715, 'longitude': -118.6023247, 'fipsCode': '06037'}"
111705,4870854,HighSchool,2023,458.0,Jamel Johnson,Arlington Seguin,TCU,S,73.0,185.0,3.0,0.8894,Arlington,TX,USA,"{'latitude': 32.701938999999996, 'longitude': -97.10562379033699, 'fipsCode': '48439'}"
111706,4870665,HighSchool,2023,458.0,Trevor Carter,Ironton,Cincinnati,LB,73.0,205.0,3.0,0.8894,Ironton,OH,USA,"{'latitude': 38.5367471, 'longitude': -82.6829406, 'fipsCode': '39087'}"
111709,4950545,HighSchool,2023,458.0,Chance Rucker,Denton Ryan,Michigan State,CB,73.0,180.0,3.0,0.8894,Denton,TX,USA,"{'latitude': 33.2150386, 'longitude': -97.1330516, 'fipsCode': '48121'}"
111712,5075705,HighSchool,2023,463.0,Demitrius Bell,McGavock,Nebraska,ATH,73.0,175.0,3.0,0.8892,Nashville,TN,USA,"{'latitude': 36.1622296, 'longitude': -86.7743531, 'fipsCode': '47037'}"
111710,5079520,HighSchool,2023,463.0,Myles Jackson,Millikan,Stanford,QB,74.0,190.0,3.0,0.8892,Long Beach,CA,USA,"{'latitude': 33.7690164, 'longitude': -118.1916048, 'fipsCode': '06037'}"
111711,5120316,HighSchool,2023,463.0,Ta'Derius Collins,Northwood,Indiana,EDGE,76.0,240.0,3.0,0.8892,Shreveport,LA,USA,"{'latitude': 32.5221828, 'longitude': -93.7651944, 'fipsCode': '22017'}"
111713,5086099,HighSchool,2023,466.0,Mike Mitchell,Middleburg,Utah,RB,72.0,195.0,3.0,0.8891,Middleburg,FL,USA,"{'latitude': 30.055702500000002, 'longitude': -81.90363744258859, 'fipsCode': '12019'}"
111714,4899351,HighSchool,2023,467.0,Clay Wedin,Carrollwood Day,Auburn,IOL,78.0,295.0,3.0,0.8891,Tampa,FL,USA,"{'latitude': 27.9477595, 'longitude': -82.458444, 'fipsCode': '12057'}"
111717,5075540,HighSchool,2023,468.0,Brice Pollock,Shiloh,Mississippi State,CB,73.0,175.0,3.0,0.8886,Snellville,GA,USA,"{'latitude': 33.857328, 'longitude': -84.0199108, 'fipsCode': '13135'}"
111718,5078423,HighSchool,2023,468.0,Kam Robinson,Essex,Virginia,LB,74.0,215.0,3.0,0.8886,Tappahannock,VA,USA,"{'latitude': 37.9254168, 'longitude': -76.8591362, 'fipsCode': '51057'}"
111716,5075546,HighSchool,2023,468.0,Amos Talalele,Santa Clara,USC,IOL,77.0,330.0,3.0,0.8886,Santa Clara,CA,USA,"{'latitude': 37.3541132, 'longitude': -121.9551744, 'fipsCode': '06085'}"
111715,4950394,HighSchool,2023,468.0,DJ Peevy,San Diego Lincoln,USC,EDGE,76.0,230.0,3.0,0.8886,San Diego,CA,USA,"{'latitude': 32.7174209, 'longitude': -117.1627714, 'fipsCode': '06073'}"
111719,,HighSchool,2023,472.0,Daquayvious Sorey,Chipley,Auburn,WR,74.0,190.0,3.0,0.8886,Campbellton,FL,USA,"{'latitude': None, 'longitude': None, 'fipsCode': None}"
111720,5121531,HighSchool,2023,473.0,Justin Horne,John Curtis,Texas Tech,LB,73.0,200.0,3.0,0.8885,New Orleans,LA,USA,"{'latitude': 29.9499323, 'longitude': -90.0701156, 'fipsCode': '22071'}"
111721,4918094,HighSchool,2023,474.0,Damian Henderson II,Los Alamitos,Colorado State,RB,73.0,185.0,3.0,0.8884,Los Alamitos,CA,USA,"{'latitude': 33.8038865, 'longitude': -118.0772433, 'fipsCode': '06059'}"
111723,4918127,HighSchool,2023,475.0,Braeden Marshall,Lake Mary,UCF,CB,71.0,185.0,3.0,0.8883,Lake Mary,FL,USA,"{'latitude': 28.756618000000003, 'longitude': -81.33888382214167, 'fipsCode': '12117'}"
111722,4870858,HighSchool,2023,475.0,Cayden Lee,Kennesaw Mountain,Ole Miss,WR,71.0,175.0,3.0,0.8883,Kennesaw,GA,USA,"{'latitude': 34.0234337, 'longitude': -84.6154897, 'fipsCode': '13067'}"
111724,5076106,HighSchool,2023,477.0,Marquis Johnson,Dickinson,Missouri,WR,71.0,176.0,3.0,0.8882,Dickinson,TX,USA,"{'latitude': 29.4607876, 'longitude': -95.0513173, 'fipsCode': '48167'}"
111725,4921426,HighSchool,2023,478.0,Jonathan Bax,Edna Karr,TCU,EDGE,74.0,230.0,3.0,0.8882,New Orleans,LA,USA,"{'latitude': 29.9499323, 'longitude': -90.0701156, 'fipsCode': '22071'}"
111726,4870956,HighSchool,2023,479.0,Ethan Nation,Roswell,Nebraska,CB,70.0,165.0,3.0,0.888,Roswell,GA,USA,"{'latitude': 34.02332, 'longitude': -84.360022, 'fipsCode': '13121'}"
111727,4921440,HighSchool,2023,480.0,Jamal Meriweather,Brunswick,Georgia,OT,78.5,287.0,3.0,0.8879,Brunswick,GA,USA,"{'latitude': 31.1499528, 'longitude': -81.4914894, 'fipsCode': '13127'}"
111728,4956740,HighSchool,2023,481.0,Darion Rivers,West Charlotte,NC State,OT,78.0,255.0,3.0,0.8879,Charlotte,NC,USA,"{'latitude': 35.2272, 'longitude': -80.843083, 'fipsCode': '37119'}"
111729,4870827,HighSchool,2023,482.0,Ty Jones,Bay Springs,Mississippi State,LB,73.0,223.0,3.0,0.8878,Bay Springs,MS,USA,"{'latitude': 31.9790425, 'longitude': -89.2872843, 'fipsCode': '28061'}"
111731,4871002,HighSchool,2023,482.0,Grant Tucker,Charlotte Christian,App State,ATH,74.5,185.0,3.0,0.8878,Charlotte,NC,USA,"{'latitude': 35.2272, 'longitude': -80.843083, 'fipsCode': '37119'}"
111730,4923267,HighSchool,2023,482.0,Zane Flores,Gretna,Oklahoma State,QB,75.5,190.0,3.0,0.8878,Gretna,NE,USA,"{'latitude': 41.1469269, 'longitude': -96.2390053, 'fipsCode': '31153'}"
111732,4920158,HighSchool,2023,482.0,Brock Glenn,Lausanne Collegiate School,Florida State,QB,74.0,195.0,3.0,0.8878,Covington,TN,USA,"{'latitude': 35.5642474, 'longitude': -89.6464672, 'fipsCode': '47167'}"
111733,5101117,HighSchool,2023,482.0,Sam Greene,St. Frances Academy,USC,DL,73.0,265.0,3.0,0.8878,Baltimore,MD,USA,"{'latitude': 39.2908816, 'longitude': -76.610759, 'fipsCode': '24510'}"
111734,5078453,HighSchool,2023,487.0,London Humphreys,Christ Presbyterian Academy,Vanderbilt,WR,74.0,195.0,3.0,0.8876,Nashville,TN,USA,"{'latitude': 36.1622296, 'longitude': -86.7743531, 'fipsCode': '47037'}"
111736,4899368,HighSchool,2023,488.0,Kendrick Raphael,Naples,NC State,RB,71.0,180.0,3.0,0.8875,Naples,FL,USA,"{'latitude': 26.1421976, 'longitude': -81.7942944, 'fipsCode': '12021'}"
111735,4918421,HighSchool,2023,488.0,Tiger Bachmeier,Murrieta Valley,Stanford,WR,73.0,180.0,3.0,0.8875,Murrieta,CA,USA,"{'latitude': 33.577752399999994, 'longitude': -117.18845420205307, 'fipsCode': '06065'}"
111737,5077266,HighSchool,2023,488.0,Trech Kekahuna,Bishop Gorman,Wisconsin,WR,71.0,180.0,3.0,0.8875,Las Vegas,NV,USA,"{'latitude': 36.1672559, 'longitude': -115.1485163, 'fipsCode': '32003'}"
111738,4918126,HighSchool,2023,491.0,LJ Martin,Canutillo,BYU,RB,73.0,207.0,3.0,0.8873,El Paso,TX,USA,"{'latitude': 31.7754152, 'longitude': -106.4646348, 'fipsCode': '48141'}"
111694,4921238,HighSchool,2023,492.0,Micah Banuelos,Kennedy Catholic,USC,IOL,74.5,290.0,3.0,0.8873,Burien,WA,USA,"{'latitude': 47.469918, 'longitude': -122.3485274, 'fipsCode': '53033'}"
111739,4921455,HighSchool,2023,493.0,Chris Terek,Glenbard West,Notre Dame,IOL,77.0,310.0,3.0,0.8872,Glen Ellyn,IL,USA,"{'latitude': 41.8775293, 'longitude': -88.0670118, 'fipsCode': '17043'}"
111703,5070255,HighSchool,2023,494.0,Jordan Knox,Northwestern,Northwestern,IOL,75.0,310.0,3.0,0.8871,Rock Hill,SC,USA,"{'latitude': 34.9248667, 'longitude': -81.0250784, 'fipsCode': '45091'}"
111741,4871076,HighSchool,2023,495.0,Quintrevion Wisner,DeSoto,Texas,RB,71.0,180.0,3.0,0.8869,DeSoto,TX,USA,"{'latitude': 32.6061241, 'longitude': -96.865612653687, 'fipsCode': '48113'}"
111743,5157261,HighSchool,2023,495.0,Ja'Vin Simpkins,Miami Norland,Coastal Carolina,RB,69.0,183.0,3.0,0.8869,Miami,FL,USA,"{'latitude': 25.7742658, 'longitude': -80.1936589, 'fipsCode': '12086'}"
111740,4870637,HighSchool,2023,495.0,Christian Brathwaite,Cy Ranch,LSU,LB,73.0,225.0,3.0,0.8869,Cypress,TX,USA,"{'latitude': 29.9691116, 'longitude': -95.6971686, 'fipsCode': '48201'}"
111745,4896491,HighSchool,2023,495.0,Jayden Davis,Collins Hill,Cincinnati,S,74.0,175.0,3.0,0.8869,Suwanee,GA,USA,"{'latitude': 34.0514898, 'longitude': -84.0712997, 'fipsCode': '13135'}"
111742,5150845,HighSchool,2023,495.0,Goldie Lawrence,Seminole,Florida State,WR,74.0,190.0,3.0,0.8869,Sanford,FL,USA,"{'latitude': 28.8117297, 'longitude': -81.2680345, 'fipsCode': '12117'}"
111746,5121468,HighSchool,2023,495.0,Jordon Harris,Pine Bluff,Missouri,ATH,78.0,234.0,3.0,0.8869,Pine Bluff,AR,USA,"{'latitude': 34.2157064, 'longitude': -92.0140402, 'fipsCode': '05069'}"
111744,5158466,HighSchool,2023,495.0,MyKeil Gardner,Liberty,Oregon,DL,74.0,275.0,3.0,0.8869,Peoria,AZ,USA,"{'latitude': 33.5806115, 'longitude': -112.2372942, 'fipsCode': '04013'}"
111749,4918095,HighSchool,2023,502.0,Luke Burgess,New Palestine,Louisville,OT,79.5,285.0,3.0,0.8867,New Palestine,IN,USA,"{'latitude': 39.7219882, 'longitude': -85.8891471, 'fipsCode': '18059'}"
111748,4899366,HighSchool,2023,502.0,Semaj Morgan,West Bloomfield,Michigan,WR,70.0,175.0,3.0,0.8867,West Bloomfield,MI,USA,"{'latitude': 42.5679, 'longitude': -83.3733, 'fipsCode': '36069'}"
111750,4916987,HighSchool,2023,502.0,TJ West,Humble,Texas Tech,WR,73.0,190.0,3.0,0.8867,Humble,TX,USA,"{'latitude': 29.9988312, 'longitude': -95.2621553, 'fipsCode': '48201'}"
111747,5078406,HighSchool,2023,502.0,Miles Walker,Brunswick School,Ohio State,OT,78.0,285.0,3.0,0.8867,Greenwich,CT,USA,"{'latitude': 41.0264862, 'longitude': -73.6284598, 'fipsCode': '09001'}"
111751,5076652,HighSchool,2023,506.0,Brandon Cisse,Lakewood,NC State,CB,72.0,170.0,3.0,0.8866,Sumter,SC,USA,"{'latitude': 33.9204354, 'longitude': -80.3414693, 'fipsCode': '45085'}"
111756,4917059,HighSchool,2023,507.0,Anquan Willis,Wichita Falls Rider,Texas Tech,ATH,72.0,220.0,3.0,0.8861,Wichita Falls,TX,USA,"{'latitude': 33.9137085, 'longitude': -98.4933873, 'fipsCode': '48485'}"
111754,4871060,HighSchool,2023,507.0,Woo Spencer,New Albany,Louisville,DL,77.0,315.0,3.0,0.8861,New Albany,IN,USA,"{'latitude': 38.2856247, 'longitude': -85.8241312, 'fipsCode': '18043'}"
111753,4921273,HighSchool,2023,507.0,Billy Walton III,South Oak Cliff,Texas,EDGE,74.5,215.0,3.0,0.8861,Dallas,TX,USA,"{'latitude': 32.7762719, 'longitude': -96.7968559, 'fipsCode': '48113'}"
111755,4921519,HighSchool,2023,507.0,Donovan McIntosh,St. Mary's,Kansas State,CB,74.0,170.0,3.0,0.8861,St. Louis,MO,USA,"{'latitude': 38.6268039, 'longitude': -90.1994097, 'fipsCode': '29510'}"
111757,5077500,HighSchool,2023,511.0,Luke Duncan,Miramonte,UCLA,QB,78.5,185.0,3.0,0.8858,Orinda,CA,USA,"{'latitude': 37.8771476, 'longitude': -122.1796888, 'fipsCode': '06013'}"
111758,4950551,HighSchool,2023,512.0,Genesis Smith,Hamilton,Arizona,S,74.0,188.0,3.0,0.8858,Chandler,AZ,USA,"{'latitude': 33.3062223, 'longitude': -111.8413317, 'fipsCode': '04013'}"
111760,4870817,HighSchool,2023,513.0,Bradyn Joiner,Auburn,Auburn,IOL,74.0,330.0,3.0,0.8854,Auburn,AL,USA,"{'latitude': 32.6550905, 'longitude': -85.50364346309962, 'fipsCode': '01081'}"
111765,4899348,HighSchool,2023,514.0,K.J. Kirkland,Raines,Florida State,S,73.5,187.0,3.0,0.8853,Jacksonville,FL,USA,"{'latitude': 30.3321838, 'longitude': -81.655651, 'fipsCode': '12031'}"
111764,4921290,HighSchool,2023,514.0,Owen Chambliss,Corona Centennial,Utah,LB,74.0,205.0,3.0,0.8853,Corona,CA,USA,"{'latitude': 33.8752945, 'longitude': -117.5664449, 'fipsCode': '06065'}"
111766,4918123,HighSchool,2023,514.0,Max Carroll,Briarcrest Christian,TCU,ATH,75.0,205.0,3.0,0.8853,Memphis,TN,USA,"{'latitude': 35.1490215, 'longitude': -90.0516285, 'fipsCode': '47157'}"
111762,4870657,HighSchool,2023,514.0,Micah Carter,St. Xavier,Louisville,DL,77.0,260.0,3.0,0.8853,Louisville,KY,USA,"{'latitude': 38.2542376, 'longitude': -85.759407, 'fipsCode': '21111'}"
111761,,HighSchool,2023,514.0,Dylan Senda,Dearborn Divine Child,Northwestern,IOL,77.0,275.0,3.0,0.8853,Dearborn,MI,USA,"{'latitude': 42.3222599, 'longitude': -83.1763145, 'fipsCode': '26163'}"
111763,,HighSchool,2023,514.0,Marcus Stokes,Nease,,QB,73.5,190.0,3.0,0.8853,Ponte Vedra Beach,FL,USA,"{'latitude': 30.2396865, 'longitude': -81.3856384, 'fipsCode': '12109'}"
111752,4871005,HighSchool,2023,520.0,Teitum Tuioti,Sheldon,Oregon,EDGE,75.0,220.0,3.0,0.8851,Eugene,OR,USA,"{'latitude': 44.0505054, 'longitude': -123.0950506, 'fipsCode': '41039'}"
111770,4870802,HighSchool,2023,521.0,Sedrick Irvin Jr.,Miami Columbus,Stanford,RB,70.0,190.0,3.0,0.885,Miami,FL,USA,"{'latitude': 25.7742658, 'longitude': -80.1936589, 'fipsCode': '12086'}"
111767,4870998,HighSchool,2023,521.0,Josiah Trotter,St. Joseph's Prep,West Virginia,LB,74.0,230.0,3.0,0.885,Philadelphia,PA,USA,"{'latitude': 39.9527237, 'longitude': -75.1635262, 'fipsCode': '42101'}"
111769,4870865,HighSchool,2023,521.0,Isaiah Neal,St. Frances Academy,Pittsburgh,DL,75.0,265.0,3.0,0.885,Washington,DC,USA,"{'latitude': 38.8949855, 'longitude': -77.0365708, 'fipsCode': '11001'}"
111771,,HighSchool,2023,521.0,Nate Branch,Lower Richland,East Carolina,WR,70.0,172.0,3.0,0.885,Hopkins,SC,USA,"{'latitude': 33.9043212, 'longitude': -80.8770342, 'fipsCode': '45079'}"
111773,5150276,HighSchool,2023,521.0,Dazmin James,Clayton,Arkansas,WR,74.0,185.0,3.0,0.885,Clayton,NC,USA,"{'latitude': 35.650711, 'longitude': -78.4563914, 'fipsCode': '37101'}"
111772,4870924,HighSchool,2023,521.0,Antonio Robinson,Beechwood,Wake Forest,CB,70.0,181.0,3.0,0.885,Fort Mitchell,KY,USA,"{'latitude': 39.0595047, 'longitude': -84.5474432, 'fipsCode': '21117'}"
111768,4905609,HighSchool,2023,521.0,Fredrick Moore,Cardinal Ritter College Prep,Michigan,WR,72.0,175.0,3.0,0.885,St. Louis,MO,USA,"{'latitude': 38.6268039, 'longitude': -90.1994097, 'fipsCode': '29510'}"
111774,4923031,HighSchool,2023,528.0,Trovon Baugh,Pace Academy,South Carolina,IOL,75.5,315.0,3.0,0.885,Atlanta,GA,USA,"{'latitude': 33.7490987, 'longitude': -84.3901849, 'fipsCode': '13121'}"
111775,4686148,HighSchool,2023,529.0,Josiah Jackson,Fairfield,West Virginia,CB,73.0,175.0,3.0,0.8847,Fairfield,OH,USA,"{'latitude': 39.3458953, 'longitude': -84.5605031, 'fipsCode': '39017'}"
111777,5091783,HighSchool,2023,530.0,Jason Hewlett Jr.,Chaney,Michigan,ATH,76.0,220.0,3.0,0.8847,Youngstown,OH,USA,"{'latitude': 41.1035786, 'longitude': -80.6520161, 'fipsCode': '39099'}"
111776,4899482,HighSchool,2023,530.0,Heath Ozaeta,Mount Si,Oklahoma,OT,78.0,300.0,3.0,0.8847,Snoqualmie,WA,USA,"{'latitude': 47.5289527, 'longitude': -121.8270932, 'fipsCode': '53033'}"
111778,4870743,HighSchool,2023,532.0,William Fowles,Avant Garde Academy,Louisville,WR,74.0,195.0,3.0,0.8847,Hollywood,FL,USA,"{'latitude': 26.0112014, 'longitude': -80.1494901, 'fipsCode': '12011'}"
111785,4899672,HighSchool,2023,533.0,Damon Walters,Bolingbrook,Northwestern,S,73.0,175.0,3.0,0.8844,Bolingbrook,IL,USA,"{'latitude': 41.7003302, 'longitude': -88.0717708, 'fipsCode': '17197'}"
111781,,HighSchool,2023,533.0,Ejani Shakir,Winslow Township,,WR,72.0,175.0,3.0,0.8844,Atco,NJ,USA,"{'latitude': 39.769838, 'longitude': -74.8873855, 'fipsCode': '34007'}"
111779,5153619,HighSchool,2023,533.0,Larry Edwards III,Mater Dei Catholic,UCLA,LB,73.0,220.0,3.0,0.8844,Chula Vista,CA,USA,"{'latitude': 32.6400541, 'longitude': -117.0841955, 'fipsCode': '06073'}"
111786,5078916,HighSchool,2023,533.0,Joe Jackson,Ridge Community,Kansas State,RB,71.0,185.0,3.0,0.8844,Davenport,FL,USA,"{'latitude': 28.1614046, 'longitude': -81.6017417, 'fipsCode': '12105'}"
111783,5077390,HighSchool,2023,533.0,Breezy Dubar,Anna,Boise State,RB,72.0,190.0,3.0,0.8844,Anna,TX,USA,"{'latitude': 33.34928, 'longitude': -96.54938, 'fipsCode': '48085'}"
111780,4891196,HighSchool,2023,533.0,Jeremiah Hughes,Bishop Gorman,LSU,CB,73.0,175.0,3.0,0.8844,Las Vegas,NV,USA,"{'latitude': 36.1672559, 'longitude': -115.1485163, 'fipsCode': '32003'}"
111782,4871093,HighSchool,2023,533.0,Preston Zinter,Central Catholic,Notre Dame,LB,75.0,215.0,3.0,0.8844,Lawrence,MA,USA,"{'latitude': 42.7070354, 'longitude': -71.1631137, 'fipsCode': '25009'}"
111787,5125555,HighSchool,2023,533.0,Jonathan Davis,Lawrence County,Mississippi State,DL,77.0,305.0,3.0,0.8844,Monticello,MS,USA,"{'latitude': 31.5536678, 'longitude': -90.1072865, 'fipsCode': '28077'}"
111784,4870702,HighSchool,2023,533.0,Deric English,Saguaro,,WR,76.0,210.0,3.0,0.8844,Scottsdale,AZ,USA,"{'latitude': 33.4942189, 'longitude': -111.9260184, 'fipsCode': '04013'}"
111788,4870838,HighSchool,2023,542.0,Corey Kelly,Clear Falls,Baylor,LB,74.0,210.0,3.0,0.8842,League City,TX,USA,"{'latitude': 29.5074538, 'longitude': -95.0949303, 'fipsCode': '48167'}"
111789,5142798,HighSchool,2023,542.0,TJ Metcalf,Pinson Valley,Arkansas,S,73.0,185.0,3.0,0.8842,Pinson,AL,USA,"{'latitude': 33.706205, 'longitude': -86.67007895992774, 'fipsCode': '01073'}"
111790,4920135,HighSchool,2023,544.0,Kalib Hicks,Denton Ryan,Oklahoma,RB,71.0,195.0,3.0,0.8839,Denton,TX,USA,"{'latitude': 33.2150386, 'longitude': -97.1330516, 'fipsCode': '48121'}"
111759,5078062,HighSchool,2023,545.0,Armel Mukam,Woodberry Forest,Notre Dame,DL,75.5,255.0,3.0,0.8838,Woodberry Forest,VA,USA,"{'latitude': 35.1668118, 'longitude': -80.7514585, 'fipsCode': '37119'}"
111796,5090565,HighSchool,2023,546.0,Greg Johnson,Prior Lake,Minnesota,OT,78.0,305.0,3.0,0.8836,Prior Lake,MN,USA,"{'latitude': 44.7133271, 'longitude': -93.4226873, 'fipsCode': '27139'}"
111794,4891198,HighSchool,2023,546.0,Tre Spivey III,Hamilton,Kansas State,WR,76.0,185.0,3.0,0.8836,Chandler,AZ,USA,"{'latitude': 33.3062223, 'longitude': -111.8413317, 'fipsCode': '04013'}"
111791,4917621,HighSchool,2023,546.0,Micah Gifford,Pflugerville Weiss,Baylor,WR,74.0,185.0,3.0,0.8836,Pflugerville,TX,USA,"{'latitude': 30.4393696, 'longitude': -97.6200043, 'fipsCode': '48453'}"
216937,5160170,HighSchool,2023,546.0,Ashley Williams Jr.,Zachary,Arizona State,EDGE,77.0,225.0,3.0,0.8836,Zachary,LA,USA,"{'latitude': 30.6485191, 'longitude': -91.1564961, 'fipsCode': '22033'}"
111792,4918133,HighSchool,2023,546.0,Ansel Nedore,Round Rock,Texas Tech,DL,74.5,245.0,3.0,0.8836,Round Rock,TX,USA,"{'latitude': 30.508235, 'longitude': -97.6788934, 'fipsCode': '48491'}"
111793,4921410,HighSchool,2023,546.0,Alani Noa,Grant Union,USC,IOL,76.0,320.0,3.0,0.8836,Sacramento,CA,USA,"{'latitude': 38.5815719, 'longitude': -121.4943996, 'fipsCode': '06067'}"
216936,5088628,HighSchool,2023,546.0,Zack Marshall,Carlsbad,Michigan,ATH,76.0,220.0,3.0,0.8836,Carlsbad,CA,USA,"{'latitude': 33.1580933, 'longitude': -117.3505966, 'fipsCode': '06073'}"
111795,5150418,HighSchool,2023,546.0,KK Smith,Frisco Reedy,Notre Dame,WR,72.0,175.0,3.0,0.8836,Frisco,TX,USA,"{'latitude': 33.1506744, 'longitude': -96.8236116, 'fipsCode': '48085'}"
111799,4870720,HighSchool,2023,554.0,Kam Franklin,Oak Grove,Oklahoma State,LB,74.0,190.0,3.0,0.8833,Oak Grove,LA,USA,"{'latitude': 32.8609625, 'longitude': -91.3884483, 'fipsCode': '17161'}"
111800,4899481,HighSchool,2023,554.0,Phil Picciotti,IMG Academy,Oklahoma,LB,75.0,225.0,3.0,0.8833,Perkasie,PA,USA,"{'latitude': 40.372048, 'longitude': -75.292676, 'fipsCode': '42017'}"
111797,,HighSchool,2023,554.0,Michael Daugherty,Grayson,LSU,S,70.5,174.0,3.0,0.8833,Loganville,GA,USA,"{'latitude': 33.8389977, 'longitude': -83.9007382, 'fipsCode': '13297'}"
111798,4870649,HighSchool,2023,554.0,Kaven Call,Apopka,UCF,EDGE,74.0,230.0,3.0,0.8833,Apopka,FL,USA,"{'latitude': 28.6779683, 'longitude': -81.5115214, 'fipsCode': '12095'}"
111801,4972248,HighSchool,2023,558.0,Roger Alderman,Sonora,Utah,OT,77.0,275.0,3.0,0.8828,Sonora,CA,USA,"{'latitude': 37.9840911, 'longitude': -120.3821381, 'fipsCode': '06109'}"
111806,4870947,HighSchool,2023,559.0,JaSire Peterson,Union City,Rutgers,IOL,76.0,270.0,3.0,0.8828,Union City,NJ,USA,"{'latitude': 40.7795455, 'longitude': -74.0237512, 'fipsCode': '34017'}"
111808,4870584,HighSchool,2023,559.0,Zay Alexander,Tupelo,Mississippi State,OT,79.0,315.0,3.0,0.8828,Tupelo,MS,USA,"{'latitude': 34.2576067, 'longitude': -88.7033859, 'fipsCode': '28081'}"
111802,4870881,HighSchool,2023,559.0,Payton Kirkland,Dr. Phillips,Texas,IOL,77.0,360.0,3.0,0.8828,Orlando,FL,USA,"{'latitude': 28.5421109, 'longitude': -81.3790304, 'fipsCode': '12095'}"
111803,4870758,HighSchool,2023,559.0,Anthony James,Wylie East,Washington,DL,77.0,265.0,3.0,0.8828,Wylie,TX,USA,"{'latitude': 33.0151201, 'longitude': -96.5388789, 'fipsCode': '48085'}"
111805,4871084,HighSchool,2023,559.0,Dallas Young,Gardendale,Arkansas,CB,71.5,185.0,3.0,0.8828,Gardendale,AL,USA,"{'latitude': 33.6601033, 'longitude': -86.8127702, 'fipsCode': '01073'}"
111809,4941017,HighSchool,2023,559.0,Paul Mubenga,Buford,LSU,OT,76.0,280.0,3.0,0.8828,Buford,GA,USA,"{'latitude': 34.1206564, 'longitude': -84.0043513, 'fipsCode': '13135'}"
111804,4918417,HighSchool,2023,559.0,Ayden Greene,Powell,Virginia Tech,WR,72.5,167.0,3.0,0.8828,Powell,TN,USA,"{'latitude': 36.0317472, 'longitude': -84.0279677, 'fipsCode': '47093'}"
111807,4920157,HighSchool,2023,559.0,Nathan Robinson,Greenbrier,Tennessee,EDGE,77.0,272.0,3.0,0.8828,Greenbrier,TN,USA,"{'latitude': 36.4275477, 'longitude': -86.8047199, 'fipsCode': '47147'}"
111810,4915376,HighSchool,2023,559.0,Jackson McGohan,Miamisburg,LSU,TE,76.0,235.0,3.0,0.8828,Miamisburg,OH,USA,"{'latitude': 39.6428362, 'longitude': -84.2866083, 'fipsCode': '39113'}"
111811,4917978,HighSchool,2023,568.0,Cristian Conyer,South Warren,Tennessee,CB,73.5,170.0,3.0,0.8825,Bowling Green,KY,USA,"{'latitude': 36.9903199, 'longitude': -86.4436018, 'fipsCode': '21227'}"
111812,4870782,HighSchool,2023,568.0,Tommy Kinsler IV,Trinity Catholic,Miami,IOL,78.0,330.0,3.0,0.8825,Ocala,FL,USA,"{'latitude': 29.1871986, 'longitude': -82.1400923, 'fipsCode': '12083'}"
111814,4870653,HighSchool,2023,568.0,KC Concepcion,Chambers,NC State,WR,71.0,173.0,3.0,0.8825,Charlotte,NC,USA,"{'latitude': 35.2272, 'longitude': -80.843083, 'fipsCode': '37119'}"
111813,5156353,HighSchool,2023,568.0,Trey Pierce,Brother Rice,Michigan,DL,75.0,290.0,3.0,0.8825,Oak Lawn,IL,USA,"{'latitude': 41.7108662, 'longitude': -87.7581081, 'fipsCode': '17031'}"
111815,5076125,HighSchool,2023,568.0,Jordan Louie,Meadowcreek,North Carolina,RB,71.0,205.0,3.0,0.8825,Norcross,GA,USA,"{'latitude': 33.9412127, 'longitude': -84.2135309, 'fipsCode': '13135'}"
111816,4954506,HighSchool,2023,573.0,Jamarion Wilcox,South Paulding,Kentucky,RB,67.0,195.0,3.0,0.8824,Douglasville,GA,USA,"{'latitude': 33.7514966, 'longitude': -84.7477136, 'fipsCode': '13097'}"
111818,5077200,HighSchool,2023,574.0,Caleb Bryant,Vicksburg,Mississippi State,DL,75.0,250.0,3.0,0.8819,Vicksburg,MS,USA,"{'latitude': 32.3528418, 'longitude': -90.8777342, 'fipsCode': '28149'}"
111817,5075820,HighSchool,2023,574.0,Camron Heard,Furr,Oklahoma State,WR,71.0,165.0,3.0,0.8819,Houston,TX,USA,"{'latitude': 29.7589382, 'longitude': -95.3676974, 'fipsCode': '48201'}"
111819,4918097,HighSchool,2023,574.0,Alex Mota,Marion,Iowa,ATH,73.0,175.0,3.0,0.8819,Marion,IA,USA,"{'latitude': 42.0341658, 'longitude': -91.5976773, 'fipsCode': '19113'}"
111821,5153617,HighSchool,2023,574.0,Mone Malafu,Kapa'a,UCLA,LB,73.0,225.0,3.0,0.8819,Kapa'a,HI,,"{'latitude': None, 'longitude': None, 'fipsCode': None}"
111820,4871073,HighSchool,2023,574.0,Kevis Thomas,Lowndes,Maryland,CB,72.0,179.0,3.0,0.8819,Valdosta,GA,USA,"{'latitude': 30.8327022, 'longitude': -83.2784851, 'fipsCode': '13185'}"
111822,4924145,HighSchool,2023,579.0,Michael Kilbane,St. Edward,Northwestern,EDGE,76.0,240.0,3.0,0.8817,Lakewood,OH,USA,"{'latitude': 41.4819932, 'longitude': -81.7981908, 'fipsCode': '39035'}"
111823,4870711,HighSchool,2023,579.0,Amare Ferrell,Columbia,Indiana,S,73.5,192.0,3.0,0.8817,Lake City,FL,USA,"{'latitude': 30.1896756, 'longitude': -82.6392899, 'fipsCode': '12023'}"
111824,5120413,HighSchool,2023,579.0,Amari Smith,Brookhaven,Mississippi State,IOL,79.0,295.0,3.0,0.8817,Brookhaven,MS,USA,"{'latitude': 31.5790588, 'longitude': -90.4406506, 'fipsCode': '28085'}"
111825,5021233,HighSchool,2023,582.0,Julien Randolph,Independence,North Carolina,TE,77.0,210.0,3.0,0.8816,Ashburn,VA,USA,"{'latitude': 39.0437192, 'longitude': -77.4874899, 'fipsCode': '51107'}"
111826,5113179,HighSchool,2023,583.0,Dylan Carpenter,St. Amant,LSU,EDGE,75.0,240.0,3.0,0.8816,St. Amant,LA,USA,"{'latitude': 30.2246409, 'longitude': -90.868986, 'fipsCode': '22005'}"
111827,4923276,HighSchool,2023,584.0,Kelton Henderson,Lehigh Senior,South Carolina,ATH,71.0,175.0,3.0,0.8814,Lehigh Acres,FL,USA,"{'latitude': 26.6091509, 'longitude': -81.652407, 'fipsCode': '12071'}"
111828,4870895,HighSchool,2023,585.0,Paris Patterson Jr.,East St. Louis,Arkansas,IOL,78.0,345.0,3.0,0.8813,East St. Louis,IL,USA,"{'latitude': 38.6244952, 'longitude': -90.1509429, 'fipsCode': '17163'}"
111829,4950547,HighSchool,2023,586.0,Samuel Same,Derby,Iowa State,EDGE,77.0,215.0,3.0,0.8812,Derby,KS,USA,"{'latitude': 37.5455735, 'longitude': -97.2689331, 'fipsCode': '20173'}"
111831,5157286,HighSchool,2023,587.0,Montrel Hatten Jr.,Carthage,Oregon State,WR,72.0,175.0,3.0,0.8811,Carthage,TX,USA,"{'latitude': 32.1570412, 'longitude': -94.338114, 'fipsCode': '48365'}"
111832,4921256,HighSchool,2023,587.0,Ty Lee,St. John Bosco,UCLA,S,75.0,190.0,3.0,0.8811,Bellflower,CA,USA,"{'latitude': 33.8825705, 'longitude': -118.1167679, 'fipsCode': '06037'}"
111833,,HighSchool,2023,587.0,Brock Fonoimoana,Kahuku,Utah,S,73.0,190.0,3.0,0.8811,Kahuku,HI,USA,"{'latitude': 21.679124, 'longitude': -157.94838, 'fipsCode': '15003'}"
111834,,HighSchool,2023,587.0,Justin Brown,Blackman,,WR,72.0,183.0,3.0,0.8811,Murfreesboro,TN,USA,"{'latitude': 35.845999, 'longitude': -86.3920452, 'fipsCode': '47149'}"
111830,4920137,HighSchool,2023,587.0,Grant Buckey,Liberty,UCLA,DL,77.0,265.0,3.0,0.8811,Bakersfield,CA,USA,"{'latitude': 35.3738712, 'longitude': -119.0194639, 'fipsCode': '06029'}"
111835,5077668,HighSchool,2023,587.0,Kade Eldridge,Lynden Christian School,USC,ATH,76.5,235.0,3.0,0.8811,Lynden,WA,USA,"{'latitude': 48.9466041, 'longitude': -122.4569315, 'fipsCode': '53073'}"
111836,4871001,HighSchool,2023,593.0,Jaedn Skeete,Catholic Memorial,Boston College,WR,73.0,180.0,3.0,0.8808,West Roxbury,MA,USA,"{'latitude': 42.2792649, 'longitude': -71.1494972, 'fipsCode': '25025'}"
111838,4923288,HighSchool,2023,593.0,Barry Jackson Jr.,Cedar Grove,Cincinnati,WR,71.0,175.0,3.0,0.8808,Ellenwood,GA,USA,"{'latitude': 33.6101096, 'longitude': -84.287978, 'fipsCode': '13063'}"
111837,5080140,HighSchool,2023,593.0,Tyler Johnson,Natchitoches Central,Auburn,OT,78.0,300.0,3.0,0.8808,Natchitoches,LA,USA,"{'latitude': 31.7606732, 'longitude': -93.0860209, 'fipsCode': '22069'}"
111839,5065596,HighSchool,2023,596.0,Tavion Gadson,Jenkins,Kentucky,DL,76.0,280.0,3.0,0.8807,Savannah,GA,USA,"{'latitude': 32.0809263, 'longitude': -81.0911768, 'fipsCode': '13051'}"
111840,5121418,HighSchool,2023,597.0,Tavake Tuikolovatu,Summit,UCLA,IOL,78.0,300.0,3.0,0.8806,Fontana,CA,USA,"{'latitude': 34.0922335, 'longitude': -117.435048, 'fipsCode': '06071'}"
111841,4921443,HighSchool,2023,598.0,Simione Pale,Elk Grove,Stanford,IOL,76.0,320.0,3.0,0.8804,Elk Grove,CA,USA,"{'latitude': 38.4087993, 'longitude': -121.3716178, 'fipsCode': '06067'}"
111842,4870767,HighSchool,2023,599.0,James Heard Jr.,Camden,West Virginia,LB,74.0,218.0,3.0,0.8804,Camden,NJ,USA,"{'latitude': 39.9448402, 'longitude': -75.1198911, 'fipsCode': '34007'}"
111848,4918115,HighSchool,2023,600.0,John Slaughter,Southaven,Tennessee,S,73.5,194.0,3.0,0.8803,Southaven,MS,USA,"{'latitude': 34.9889818, 'longitude': -90.0125913, 'fipsCode': '28033'}"
111849,5105677,HighSchool,2023,600.0,Taje McCoy,Putnam City,Colorado,EDGE,75.0,245.0,3.0,0.8803,Oklahoma City,OK,USA,"{'latitude': 35.4729886, 'longitude': -97.5170536, 'fipsCode': '40109'}"
111850,5077878,HighSchool,2023,600.0,Carl Williams IV,Southern Lab,Baylor,CB,71.0,170.0,3.0,0.8803,Baton Rouge,LA,USA,"{'latitude': 30.4459596, 'longitude': -91.18738, 'fipsCode': '22033'}"
111844,5027432,HighSchool,2023,600.0,Ardell Banks,Massillon Washington,Kentucky,WR,76.0,180.0,3.0,0.8803,Massillon,OH,USA,"{'latitude': 40.7967244, 'longitude': -81.5215093, 'fipsCode': '39151'}"
111845,5151003,HighSchool,2023,600.0,Nolan McConnell,Colonial Forge,North Carolina,OT,78.0,280.0,3.0,0.8803,Stafford,VA,USA,"{'latitude': 38.4222681, 'longitude': -77.4084067, 'fipsCode': '51179'}"
111843,4918419,HighSchool,2023,600.0,Lafayette Kaiuway,Arlington Sam Houston,TCU,TE,77.0,245.0,3.0,0.8803,Arlington,TX,USA,"{'latitude': 32.701938999999996, 'longitude': -97.10562379033699, 'fipsCode': '48439'}"
111846,4870923,HighSchool,2023,600.0,Jahlil McClain,St. John Bosco,Louisville,WR,70.0,180.0,3.0,0.8803,Bellflower,CA,USA,"{'latitude': 33.8825705, 'longitude': -118.1167679, 'fipsCode': '06037'}"
111847,4920143,HighSchool,2023,600.0,Morgan Pearson,Plainview,Colorado,LB,73.0,220.0,3.0,0.8803,Ardmore,OK,USA,"{'latitude': 34.1742611, 'longitude': -97.1436254, 'fipsCode': '40019'}"
216938,4918114,HighSchool,2023,600.0,Ashton Sanders,Cathedral,Oklahoma,DL,73.0,270.0,3.0,0.8803,Los Angeles,CA,USA,"{'latitude': 34.0536909, 'longitude': -118.2427666, 'fipsCode': '06037'}"
111852,5114314,HighSchool,2023,609.0,Taylor Wein,Nolensville,Oklahoma,EDGE,77.0,235.0,3.0,0.88,Nolensville,TN,USA,"{'latitude': 35.9522852, 'longitude': -86.6694413, 'fipsCode': '47187'}"
111851,4892986,HighSchool,2023,609.0,Lamont Payne Jr.,Chartiers Valley,Penn State,CB,73.0,170.0,3.0,0.88,Bridgeville,PA,USA,"{'latitude': 40.3561805, 'longitude': -80.1100556, 'fipsCode': '42003'}"
111853,4870820,HighSchool,2023,611.0,Datrell Jones,Catholic Memorial,Boston College,RB,69.0,175.0,3.0,0.8797,West Roxbury,MA,USA,"{'latitude': 42.2792649, 'longitude': -71.1494972, 'fipsCode': '25025'}"
111854,5076117,HighSchool,2023,611.0,Kade McIntyre,Archbishop Bergan,Oklahoma,ATH,76.0,210.0,3.0,0.8797,Fremont,NE,USA,"{'latitude': 41.4338363, 'longitude': -96.4960449, 'fipsCode': '31053'}"
111855,4921270,HighSchool,2023,613.0,Jeremiah Telander,Gainesville,Tennessee,LB,74.0,217.0,3.0,0.8796,Gainesville,GA,USA,"{'latitude': 34.2978794, 'longitude': -83.8240663, 'fipsCode': '13139'}"
111858,4870994,HighSchool,2023,614.0,Malachi Riley,Corona Centennial,Arizona,WR,74.0,178.0,3.0,0.8794,Corona,CA,USA,"{'latitude': 33.8752945, 'longitude': -117.5664449, 'fipsCode': '06065'}"
111861,4870742,HighSchool,2023,614.0,Jaden Hamm,Eudora,Kansas,TE,76.0,225.0,3.0,0.8794,Eudora,KS,USA,"{'latitude': 38.9433372, 'longitude': -95.0985808, 'fipsCode': '20045'}"
111866,5078462,HighSchool,2023,614.0,Elijah Caldwell,Northwestern,South Carolina,WR,72.0,190.0,3.0,0.8794,Rock Hill,SC,USA,"{'latitude': 34.9248667, 'longitude': -81.0250784, 'fipsCode': '45091'}"
111862,5078917,HighSchool,2023,614.0,Khalifa Keith,Parker,Tennessee,RB,72.0,235.0,3.0,0.8794,Birmingham,AL,USA,"{'latitude': 33.5206824, 'longitude': -86.8024326, 'fipsCode': '01073'}"
111863,4920128,HighSchool,2023,614.0,Kahlil Tate,Kenwood Academy,Iowa,S,74.0,185.0,3.0,0.8794,Chicago,IL,USA,"{'latitude': 41.8755616, 'longitude': -87.6244212, 'fipsCode': '17031'}"
111857,,HighSchool,2023,614.0,Adarius Redmond,Powell,,WR,71.5,183.0,3.0,0.8794,Powell,TN,USA,"{'latitude': 36.0317472, 'longitude': -84.0279677, 'fipsCode': '47093'}"
111860,4921319,HighSchool,2023,614.0,Jordan Shaw,St. Pius X-St. Matthias Academy,Indiana,CB,72.0,170.0,3.0,0.8794,Downey,CA,USA,"{'latitude': 33.942215, 'longitude': -118.1235646, 'fipsCode': '06037'}"
111856,4871072,HighSchool,2023,614.0,Trey Wilson,Garland Lakeview Centennial,Baylor,DL,75.0,245.0,3.0,0.8794,Garland,TX,USA,"{'latitude': 32.912624, 'longitude': -96.6388833, 'fipsCode': '48113'}"
111864,4917985,HighSchool,2023,614.0,Connor Stroh,Frisco Wakeland,Texas,OT,78.5,345.0,3.0,0.8794,Frisco,TX,USA,"{'latitude': 33.1506744, 'longitude': -96.8236116, 'fipsCode': '48085'}"
111859,4918444,HighSchool,2023,614.0,Jaidyn Doss,Raymore-Peculiar,Nebraska,WR,72.0,195.0,3.0,0.8794,Peculiar,MO,USA,"{'latitude': 38.7145481, 'longitude': -94.4611204, 'fipsCode': '29037'}"
111865,4918427,HighSchool,2023,614.0,Matthew Fobbs-White,Neville,Tulane,EDGE,74.0,225.0,3.0,0.8794,Monroe,LA,USA,"{'latitude': 32.5093109, 'longitude': -92.1193012, 'fipsCode': '22073'}"
111867,4870725,HighSchool,2023,625.0,Gunnar Gottula,Lincoln Southeast,Nebraska,OT,78.0,285.0,3.0,0.8792,Lincoln,NE,USA,"{'latitude': 40.8088861, 'longitude': -96.7077751, 'fipsCode': '31109'}"
111868,4870814,HighSchool,2023,625.0,Tabias Hinton,Hattiesburg,Mississippi State,LB,75.0,215.0,3.0,0.8792,Hattiesburg,MS,USA,"{'latitude': 31.3271189, 'longitude': -89.2903392, 'fipsCode': '28035'}"
111869,5078054,HighSchool,2023,627.0,Sean Thompkins,Newton,Baylor,IOL,76.0,331.0,3.0,0.879,Covington,GA,USA,"{'latitude': 33.5967815, 'longitude': -83.8601827, 'fipsCode': '13217'}"
111874,5078918,HighSchool,2023,628.0,Ashton Stamps,Archbishop Rummel,LSU,CB,72.0,170.0,3.0,0.8789,Metairie,LA,USA,"{'latitude': 30.001852, 'longitude': -90.1767149159888, 'fipsCode': '22051'}"
111872,4921116,HighSchool,2023,628.0,Jamal Roberts,St. Mary's,Missouri,RB,71.0,200.0,3.0,0.8789,St. Louis,MO,USA,"{'latitude': 38.6268039, 'longitude': -90.1994097, 'fipsCode': '29510'}"
111870,5078420,HighSchool,2023,628.0,Leroy Bryant,Angelo Rodriguez,Washington,CB,72.0,175.0,3.0,0.8789,Fairfield,CA,USA,"{'latitude': 38.2493581, 'longitude': -122.0399663, 'fipsCode': '06095'}"
111871,4923297,HighSchool,2023,628.0,Leighton Jones,Brownsburg,Iowa,IOL,76.0,275.0,3.0,0.8789,Brownsburg,IN,USA,"{'latitude': 39.8433769, 'longitude': -86.3977736, 'fipsCode': '18063'}"
111873,4950550,HighSchool,2023,628.0,JeyQuan Smith,Cajon,South Florida,ATH,70.0,175.0,3.0,0.8789,San Bernardino,CA,USA,"{'latitude': 34.1083449, 'longitude': -117.2897652, 'fipsCode': '06071'}"
111875,5075800,HighSchool,2023,628.0,Emory Williams,Milton,Miami,QB,76.0,190.0,3.0,0.8789,Milton,FL,USA,"{'latitude': 30.6324149, 'longitude': -87.0396881, 'fipsCode': '12113'}"
111882,4924149,HighSchool,2023,634.0,Kerrington Lee,Dwyer,Wake Forest,EDGE,75.5,230.0,3.0,0.8786,Palm Beach Gardens,FL,USA,"{'latitude': 26.8418256, 'longitude': -80.13590694666684, 'fipsCode': '12099'}"
111887,5077206,HighSchool,2023,634.0,Donielle Hayes,Pine Forest,Minnesota,WR,72.0,180.0,3.0,0.8786,Pensacola,FL,USA,"{'latitude': 30.421309, 'longitude': -87.2169149, 'fipsCode': '12033'}"
111890,5125554,HighSchool,2023,634.0,Chamberlain Campbell,Lakewood,Ole Miss,EDGE,77.5,210.0,3.0,0.8786,St. Petersburg,FL,USA,"{'latitude': 27.7703796, 'longitude': -82.6695085, 'fipsCode': '12103'}"
111880,5076108,HighSchool,2023,634.0,Alex Kilgore,Katy Paetow,SMU,LB,73.0,211.0,3.0,0.8786,Katy,TX,USA,"{'latitude': 29.7857853, 'longitude': -95.8243956, 'fipsCode': '48157'}"
111878,5121532,HighSchool,2023,634.0,C.J. Johnson,Katy Paetow,Auburn,S,75.0,193.0,3.0,0.8786,Katy,TX,USA,"{'latitude': 29.7857853, 'longitude': -95.8243956, 'fipsCode': '48157'}"
111884,4915621,HighSchool,2023,634.0,Joseph Head Jr.,Holmes County,Mississippi State,EDGE,76.0,218.0,3.0,0.8786,Lexington,MS,USA,"{'latitude': 33.1131834, 'longitude': -90.0531408, 'fipsCode': '28051'}"
111889,5075544,HighSchool,2023,634.0,Luke Evans,Chaminade-Madonna,Mississippi State,CB,73.5,165.0,3.0,0.8786,Hollywood,FL,USA,"{'latitude': 26.0112014, 'longitude': -80.1494901, 'fipsCode': '12011'}"
111888,4923046,HighSchool,2023,634.0,Keyjuan Brown,South Atlanta,Louisville,RB,69.0,205.0,3.0,0.8786,Atlanta,GA,USA,"{'latitude': 33.7490987, 'longitude': -84.3901849, 'fipsCode': '13121'}"
111876,4923050,HighSchool,2023,634.0,Israel Carter,Corona Centennial,South Florida,QB,73.0,180.0,3.0,0.8786,Corona,CA,USA,"{'latitude': 33.8752945, 'longitude': -117.5664449, 'fipsCode': '06065'}"
111885,4920163,HighSchool,2023,634.0,Kelby Valsin,Arlington Bowie,Texas Tech,WR,73.0,180.0,3.0,0.8786,Arlington,TX,USA,"{'latitude': 32.701938999999996, 'longitude': -97.10562379033699, 'fipsCode': '48439'}"
111879,4920162,HighSchool,2023,634.0,Seth Davis,Katy,Mississippi State,RB,67.0,170.0,3.0,0.8786,Katy,TX,USA,"{'latitude': 29.7857853, 'longitude': -95.8243956, 'fipsCode': '48157'}"
111883,4921450,HighSchool,2023,634.0,Zahbari Sandy,St. John's College,South Carolina,S,73.0,204.0,3.0,0.8786,Washington,DC,USA,"{'latitude': 38.8949855, 'longitude': -77.0365708, 'fipsCode': '11001'}"
111881,4920136,HighSchool,2023,634.0,Aycen Stevens,Decatur Central,Virginia Tech,LB,76.0,230.0,3.0,0.8786,Indianapolis,IN,USA,"{'latitude': 39.7683331, 'longitude': -86.1583502, 'fipsCode': '18097'}"
111886,,HighSchool,2023,634.0,Zak Yamauchi,Bishop Gorman,Stanford,IOL,77.0,280.0,3.0,0.8786,Las Vegas,NV,USA,"{'latitude': 36.1672559, 'longitude': -115.1485163, 'fipsCode': '32003'}"
111877,4870614,HighSchool,2023,634.0,Justin Benton,Newton,Houston,DL,73.0,280.0,3.0,0.8786,Covington,GA,USA,"{'latitude': 33.5967815, 'longitude': -83.8601827, 'fipsCode': '13217'}"
111891,4921261,HighSchool,2023,649.0,Bryce Lovett,Rockledge,Florida,OT,77.0,330.0,3.0,0.8783,Rockledge,FL,USA,"{'latitude': 28.313751500000002, 'longitude': -80.72421890178558, 'fipsCode': '12009'}"
111893,5078109,HighSchool,2023,650.0,Marquez Stevenson,Captain Shreve,Texas Tech,WR,72.0,170.0,3.0,0.8781,Shreveport,LA,USA,"{'latitude': 32.5221828, 'longitude': -93.7651944, 'fipsCode': '22017'}"
216939,5075706,HighSchool,2023,650.0,Kamari Burns,Gahanna Lincoln,Cincinnati,DL,76.0,245.0,3.0,0.8781,Columbus,OH,USA,"{'latitude': 39.9622601, 'longitude': -83.0007065, 'fipsCode': '39049'}"
111894,4918102,HighSchool,2023,650.0,Calvin Clements,Lawrence Free State,Kansas,OT,79.0,295.0,3.0,0.8781,Lawrence,KS,USA,"{'latitude': 38.9719384, 'longitude': -95.2359496, 'fipsCode': '20045'}"
111895,5121452,HighSchool,2023,650.0,Djibril Rahman,Cegep du Vieux,Rutgers,DL,76.0,245.0,3.0,0.8781,Montreal,QC,CAN,"{'latitude': None, 'longitude': None, 'fipsCode': None}"
111892,4870616,HighSchool,2023,650.0,Javious Bond,Jones County,East Carolina,ATH,69.0,170.0,3.0,0.8781,Gray,GA,USA,"{'latitude': 33.0095802, 'longitude': -83.5337816, 'fipsCode': '13169'}"
111897,4870678,HighSchool,2023,655.0,Joe Crocker,Franklin Road Academy,Louisville,OT,78.0,310.0,3.0,0.8778,Nashville,TN,USA,"{'latitude': 36.1622296, 'longitude': -86.7743531, 'fipsCode': '47037'}"
111901,4918442,HighSchool,2023,655.0,Markus Dixon,Archbishop Wood,Clemson,TE,76.0,230.0,3.0,0.8778,Warminster,PA,USA,"{'latitude': 40.2067751, 'longitude': -75.0996159, 'fipsCode': '42017'}"
111899,,HighSchool,2023,655.0,Robert Lockhart III,Langston Hughes,Florida A&M,WR,66.0,175.0,3.0,0.8778,Fairburn,GA,USA,"{'latitude': 33.5670562, 'longitude': -84.5810418, 'fipsCode': '13121'}"
111902,4923251,HighSchool,2023,655.0,Jonas Duclona,Naples,Wisconsin,CB,70.0,180.0,3.0,0.8778,Naples,FL,USA,"{'latitude': 26.1421976, 'longitude': -81.7942944, 'fipsCode': '12021'}"
111896,4912907,HighSchool,2023,655.0,Joshua Miller,Life Christian Academy,Georgia,IOL,77.0,305.0,3.0,0.8778,Colonial Heights,VA,USA,"{'latitude': 37.2555718, 'longitude': -77.4112016, 'fipsCode': '51570'}"
111904,5119307,HighSchool,2023,655.0,Daniel Blood,Destrehan,Missouri,WR,72.0,175.0,3.0,0.8778,Destrehan,LA,USA,"{'latitude': 29.960933, 'longitude': -90.3705407077716, 'fipsCode': '22089'}"
111898,4905994,HighSchool,2023,655.0,Jaedon Foreman,Del City,Oklahoma State,DL,75.0,250.0,3.0,0.8778,Oklahoma City,OK,USA,"{'latitude': 35.4729886, 'longitude': -97.5170536, 'fipsCode': '40109'}"
111900,4870849,HighSchool,2023,655.0,Jahkai Lang,Troy Buchanan,Missouri,EDGE,75.0,240.0,3.0,0.8778,Troy,MO,USA,"{'latitude': 38.9794923, 'longitude': -90.9806954, 'fipsCode': '29113'}"
111903,4923292,HighSchool,2023,655.0,Jordan Jackson,Fairfield,West Virginia,ATH,71.0,175.0,3.0,0.8778,Fairfield,OH,USA,"{'latitude': 39.3458953, 'longitude': -84.5605031, 'fipsCode': '39017'}"
111907,4870962,HighSchool,2023,664.0,Karmelo Overton,Carroll,Memphis,LB,72.0,200.0,3.0,0.8775,Ozark,AL,USA,"{'latitude': 31.4584764, 'longitude': -85.6405865, 'fipsCode': '01045'}"
111908,4921425,HighSchool,2023,664.0,Anthony Birsa,Joliet Catholic Academy,Northwestern,IOL,76.5,270.0,3.0,0.8775,Joliet,IL,USA,"{'latitude': 41.5263603, 'longitude': -88.0840212, 'fipsCode': '17197'}"
111905,4899358,HighSchool,2023,664.0,Antonio Cotman Jr.,Life Christian Academy,Virginia Tech,CB,74.0,190.0,3.0,0.8775,Colonial Heights,VA,USA,"{'latitude': 37.2555718, 'longitude': -77.4112016, 'fipsCode': '51570'}"
111906,4870772,HighSchool,2023,664.0,Koby Keenum,Mars Hill Bible School,Kentucky,OT,76.0,300.0,3.0,0.8775,Florence,AL,USA,"{'latitude': 34.79981, 'longitude': -87.677251, 'fipsCode': '01077'}"
111913,5116941,HighSchool,2023,668.0,Korbin Hendrix,McKinney North,Arizona State,WR,74.0,180.0,3.0,0.8772,McKinney,TX,USA,"{'latitude': 33.1976496, 'longitude': -96.6154471, 'fipsCode': '48085'}"
111911,4922983,HighSchool,2023,668.0,Manny Covey,Bradford,Cincinnati,RB,71.0,175.0,3.0,0.8772,Starke,FL,USA,"{'latitude': 29.9443488, 'longitude': -82.1101137, 'fipsCode': '12007'}"
111912,4921398,HighSchool,2023,668.0,Luke Baklenko,Oaks Christian,Stanford,OT,78.0,300.0,3.0,0.8772,Westlake Village,CA,USA,"{'latitude': 34.1460234, 'longitude': -118.8061794, 'fipsCode': '06037'}"
111909,,HighSchool,2023,668.0,Shawn Battle,Neumann Goretti,Boston College,CB,71.0,175.0,3.0,0.8772,Philadelphia,PA,USA,"{'latitude': 39.9527237, 'longitude': -75.1635262, 'fipsCode': '42101'}"
111910,,HighSchool,2023,668.0,Kyron Jones,Charlotte Christian,Georgia,RB,72.5,200.0,3.0,0.8772,Charlotte,NC,USA,"{'latitude': 35.2272, 'longitude': -80.843083, 'fipsCode': '37119'}"
111914,5160642,HighSchool,2023,673.0,Nate Johnson III,Clearwater Central Catholic,Boston College,ATH,69.0,165.0,3.0,0.877,Clearwater,FL,USA,"{'latitude': 27.9658533, 'longitude': -82.8001026, 'fipsCode': '12103'}"
111916,4870986,HighSchool,2023,674.0,Rahmir Stewart,Imhotep Institute,Nebraska,S,71.0,195.0,3.0,0.8769,Philadelphia,PA,USA,"{'latitude': 39.9527237, 'longitude': -75.1635262, 'fipsCode': '42101'}"
111917,4871050,HighSchool,2023,674.0,Marquese Williams,Bishop McDevitt,Minnesota,RB,68.0,181.0,3.0,0.8769,Harrisburg,PA,USA,"{'latitude': 40.2663107, 'longitude': -76.8861122, 'fipsCode': '42043'}"
111931,5077225,HighSchool,2023,674.0,Christian Ford,McKinney,Arkansas,S,72.0,185.0,3.0,0.8769,McKinney,TX,USA,"{'latitude': 33.1976496, 'longitude': -96.6154471, 'fipsCode': '48085'}"
111932,5078245,HighSchool,2023,674.0,Kenric Lanier II,Decatur,Minnesota,WR,73.5,180.0,3.0,0.8769,Decatur,GA,USA,"{'latitude': 33.7737582, 'longitude': -84.296069, 'fipsCode': '13089'}"
111915,4870662,HighSchool,2023,674.0,Isaiah Carlson,Ferndale,UCLA,ATH,74.0,220.0,3.0,0.8769,Ferndale,WA,USA,"{'latitude': 48.8466698, 'longitude': -122.5897235, 'fipsCode': '53073'}"
111920,4954455,HighSchool,2023,674.0,Bryson Washington,Franklin,Baylor,ATH,71.0,197.0,3.0,0.8769,Franklin,TX,USA,"{'latitude': 31.0260194, 'longitude': -96.4852445, 'fipsCode': '48395'}"
111924,5106295,HighSchool,2023,674.0,CJ Jacobsen,Rocky Mountain,Utah,TE,77.0,230.0,3.0,0.8769,Meridian,ID,USA,"{'latitude': 43.6086295, 'longitude': -116.392326, 'fipsCode': '16001'}"
111925,4921240,HighSchool,2023,674.0,Brooks Bahr,Loyola Academy,Michigan,DL,78.0,270.0,3.0,0.8769,Wilmette,IL,USA,"{'latitude': 42.0757315, 'longitude': -87.7193768, 'fipsCode': '17031'}"
111918,4920154,HighSchool,2023,674.0,Kylan Salter,Cedar Hill,TCU,LB,73.0,210.0,3.0,0.8769,Cedar Hill,TX,USA,"{'latitude': 32.5888072, 'longitude': -96.9553675, 'fipsCode': '48113'}"
111930,4921109,HighSchool,2023,674.0,Jackson Carver,The Loomis Chaffee School,Miami,TE,78.0,220.0,3.0,0.8769,Culver,IN,USA,"{'latitude': 41.2189311, 'longitude': -86.4230626, 'fipsCode': '18099'}"
111926,4919038,HighSchool,2023,674.0,Ethan O'Connor,Los Alamitos,Washington State,ATH,73.0,170.0,3.0,0.8769,Los Alamitos,CA,USA,"{'latitude': 33.8038865, 'longitude': -118.0772433, 'fipsCode': '06059'}"
111927,4911971,HighSchool,2023,674.0,Jahiem White,William Penn,West Virginia,RB,69.0,180.0,3.0,0.8769,York,PA,USA,"{'latitude': 39.962398, 'longitude': -76.727392, 'fipsCode': '42133'}"
111923,4918420,HighSchool,2023,674.0,Maverick Noonan,Elkhorn South,Nebraska,EDGE,76.0,225.0,3.0,0.8769,Omaha,NE,USA,"{'latitude': 41.2587459, 'longitude': -95.9383758, 'fipsCode': '31055'}"
111928,4921269,HighSchool,2023,674.0,Kaleb Spencer,Life Christian Academy,Miami,LB,74.5,210.0,3.0,0.8769,Colonial Heights,VA,USA,"{'latitude': 37.2555718, 'longitude': -77.4112016, 'fipsCode': '51570'}"
111929,4894661,HighSchool,2023,674.0,Durell Robinson,St. Frances Academy,Charlotte,RB,72.0,195.0,3.0,0.8769,Baltimore,MD,USA,"{'latitude': 39.2908816, 'longitude': -76.610759, 'fipsCode': '24510'}"
111921,4921295,HighSchool,2023,674.0,Rohan Fluellen,Gilmer,TCU,ATH,72.0,170.0,3.0,0.8769,Gilmer,TX,USA,"{'latitude': 32.7312256, 'longitude': -94.9469309, 'fipsCode': '48459'}"
111919,4870682,HighSchool,2023,674.0,Dee Crayton,Denmark,Clemson,LB,74.0,215.0,3.0,0.8769,Alpharetta,GA,USA,"{'latitude': 34.0709576, 'longitude': -84.2747329, 'fipsCode': '13121'}"
111922,4918416,HighSchool,2023,674.0,Tyler Gant,Christian Brothers College,Northwestern,DL,75.0,280.0,3.0,0.8769,St. Louis,MO,USA,"{'latitude': 38.6268039, 'longitude': -90.1994097, 'fipsCode': '29510'}"
111933,4871087,HighSchool,2023,692.0,Emmanuel Waller,Oak Mountain,UAB,DL,76.0,250.0,3.0,0.8767,Birmingham,AL,USA,"{'latitude': 33.5206824, 'longitude': -86.8024326, 'fipsCode': '01073'}"
111934,4918104,HighSchool,2023,692.0,Jmaury Davis,Clarendon,Texas Tech,ATH,74.0,190.0,3.0,0.8767,Clarendon,TX,USA,"{'latitude': 34.9359346, 'longitude': -100.8905829, 'fipsCode': '48129'}"
111935,5031157,HighSchool,2023,694.0,Reed Harris,Great Falls,Boston College,ATH,76.0,200.0,3.0,0.8767,Great Falls,MT,USA,"{'latitude': 47.5048851, 'longitude': -111.2918908, 'fipsCode': '30013'}"
111939,5073960,HighSchool,2023,695.0,Nate White,King,Wisconsin,RB,72.0,175.0,3.0,0.8764,Milwaukee,WI,USA,"{'latitude': 43.0349931, 'longitude': -87.922497, 'fipsCode': '55079'}"
111938,4871041,HighSchool,2023,695.0,Isaiah Shirley,Watauga,NC State,DL,75.0,260.0,3.0,0.8764,Boone,NC,USA,"{'latitude': 36.216795, 'longitude': -81.6745517, 'fipsCode': '37189'}"
111936,5041960,HighSchool,2023,695.0,Jayvontay Conner,East Forsyth,Ole Miss,TE,76.0,230.0,3.0,0.8764,Kernersville,NC,USA,"{'latitude': 36.1198589, 'longitude': -80.0736533, 'fipsCode': '37067'}"
111940,5085388,HighSchool,2023,695.0,Ja'Bril Rawls,Pensacola Catholic,Florida State,CB,73.0,170.0,3.0,0.8764,Pensacola,FL,USA,"{'latitude': 30.421309, 'longitude': -87.2169149, 'fipsCode': '12033'}"
111942,5116973,HighSchool,2023,695.0,Rylan Kennedy,Mansfield Lake Ridge,Texas A&M,EDGE,76.0,210.0,3.0,0.8764,Mansfield,TX,USA,"{'latitude': 32.5631924, 'longitude': -97.1416768, 'fipsCode': '48439'}"
111937,4921499,HighSchool,2023,695.0,Shelton Lewis,Stockbridge,Clemson,CB,71.0,180.0,3.0,0.8764,Stockbridge,GA,USA,"{'latitude': 33.5442781, 'longitude': -84.2338093, 'fipsCode': '13151'}"
111941,,HighSchool,2023,695.0,Jackson Harris,Berkeley,Stanford,ATH,75.0,195.0,3.0,0.8764,Berkeley,CA,USA,"{'latitude': 37.8708393, 'longitude': -122.2728639, 'fipsCode': '06001'}"
111949,5078061,HighSchool,2023,702.0,Tre Miller,Deer Creek,North Carolina,CB,69.0,165.0,3.0,0.8761,Edmond,OK,USA,"{'latitude': 35.6571367, 'longitude': -97.4649038, 'fipsCode': '40109'}"
111948,4921231,HighSchool,2023,702.0,Chase Brackney,Cherry Creek,Iowa,EDGE,76.0,285.0,3.0,0.8761,Englewood,CO,USA,"{'latitude': 39.6482059, 'longitude': -104.9879641, 'fipsCode': '08005'}"
111946,5043473,HighSchool,2023,702.0,Dylan Shaw,Flour Bluff,Texas Tech,IOL,76.0,300.0,3.0,0.8761,Corpus Christi,TX,USA,"{'latitude': 27.7477253, 'longitude': -97.4014129, 'fipsCode': '48355'}"
111944,4899362,HighSchool,2023,702.0,Mason Robinson,McDonogh School,Penn State,DL,76.0,230.0,3.0,0.8761,Owings Mills,MD,USA,"{'latitude': 39.4010753, 'longitude': -76.796299, 'fipsCode': '24005'}"
111945,4918428,HighSchool,2023,702.0,Saadiq Clements,Henderson County,Louisville,DL,77.0,260.0,3.0,0.8761,Henderson,KY,USA,"{'latitude': 37.8367513, 'longitude': -87.5907631, 'fipsCode': '21101'}"
111947,5088562,HighSchool,2023,702.0,JC Hart,Loachapoka,Auburn,CB,74.0,175.0,3.0,0.8761,Loachapoka,AL,USA,"{'latitude': 32.6043008, 'longitude': -85.5932854, 'fipsCode': '01081'}"
111943,4870761,HighSchool,2023,702.0,Kaleb James,Mansfield,Arkansas,DL,76.0,250.0,3.0,0.8761,Mansfield,TX,USA,"{'latitude': 32.5631924, 'longitude': -97.1416768, 'fipsCode': '48439'}"
111950,5092262,HighSchool,2023,709.0,DJ Waller Jr.,Chaney,Michigan,CB,75.0,195.0,3.0,0.8759,Youngstown,OH,USA,"{'latitude': 41.1035786, 'longitude': -80.6520161, 'fipsCode': '39099'}"
111952,4871043,HighSchool,2023,710.0,Antonio Tripp Jr.,IMG Academy,Miami,IOL,75.0,300.0,3.0,0.8758,Bradenton,FL,USA,"{'latitude': 27.4989278, 'longitude': -82.5748194, 'fipsCode': '12081'}"
111951,4870890,HighSchool,2023,710.0,Vysen Lang,Pike Road,Tennessee,IOL,76.5,335.0,3.0,0.8758,Pike Road,AL,USA,"{'latitude': 32.272931, 'longitude': -86.15018999518217, 'fipsCode': '01101'}"
111957,5077897,HighSchool,2023,712.0,Rodney Lora,Woodberry Forest,North Carolina,DL,76.0,270.0,3.0,0.8756,Woodberry Forest,VA,USA,"{'latitude': 35.1668118, 'longitude': -80.7514585, 'fipsCode': '37119'}"
111955,4911838,HighSchool,2023,712.0,Daniel Sill,A&M Consolidated,Texas Tech,OT,77.0,290.0,3.0,0.8756,College Station,TX,USA,"{'latitude': 30.5955289, 'longitude': -96.3071042, 'fipsCode': '48041'}"
111953,5080244,HighSchool,2023,712.0,Keviyan Huddleston,Tyler Chapel Hill,TCU,EDGE,76.0,235.0,3.0,0.8756,Tyler,TX,USA,"{'latitude': 32.3512601, 'longitude': -95.3010624, 'fipsCode': '48423'}"
111954,4923219,HighSchool,2023,712.0,Solomon Davis,Charter Oak,Oregon,ATH,72.0,184.0,3.0,0.8756,Covina,CA,USA,"{'latitude': 34.1024, 'longitude': -117.85486499999999, 'fipsCode': '06037'}"
111956,5078005,HighSchool,2023,712.0,Abu Sama III,Southeast Polk,Iowa State,RB,70.0,180.0,3.0,0.8756,Des Moines,IA,USA,"{'latitude': 41.5910641, 'longitude': -93.6037149, 'fipsCode': '19153'}"
111958,5083313,HighSchool,2023,712.0,DeeJay Holmes Jr.,Pahokee,Ole Miss,EDGE,75.0,230.0,3.0,0.8756,Pahokee,FL,USA,"{'latitude': 26.8200607, 'longitude': -80.6653351, 'fipsCode': '12099'}"
111961,5077977,HighSchool,2023,718.0,Will Heldt,Carmel,Purdue,EDGE,78.0,240.0,3.0,0.8753,Carmel,IN,USA,"{'latitude': 39.9788017, 'longitude': -86.1189257, 'fipsCode': '18057'}"
111959,5041962,HighSchool,2023,718.0,Jerry Mixon,Sacred Heart Cathedral Prep,Oregon,LB,74.5,220.0,3.0,0.8753,San Francisco,CA,USA,"{'latitude': 37.7790262, 'longitude': -122.4199061, 'fipsCode': '06075'}"
111964,5078909,HighSchool,2023,718.0,Kenari Wilcher,Moore Haven,Illinois,ATH,71.0,165.0,3.0,0.8753,Clewiston,FL,USA,"{'latitude': 26.7542312, 'longitude': -80.9336753, 'fipsCode': '12051'}"
111965,5044388,HighSchool,2023,718.0,D.J. Crest,El Paso Parkland,Texas Tech,WR,75.0,185.0,3.0,0.8753,El Paso,TX,USA,"{'latitude': 31.7754152, 'longitude': -106.4646348, 'fipsCode': '48141'}"
111960,4870634,HighSchool,2023,718.0,Drake Carlson,Father Ryan,Purdue,DL,76.0,260.0,3.0,0.8753,Nashville,TN,USA,"{'latitude': 36.1622296, 'longitude': -86.7743531, 'fipsCode': '47037'}"
111962,5158453,HighSchool,2023,718.0,Tevita Pome'e,Layton Christian Academy,Oregon,DL,75.0,315.0,3.0,0.8753,Layton,UT,USA,"{'latitude': 41.0751048, 'longitude': -111.9741925, 'fipsCode': '49011'}"
111963,4923057,HighSchool,2023,718.0,Connor Cox,The Bolles School,South Carolina,TE,77.5,220.0,3.0,0.8753,Jacksonville,FL,USA,"{'latitude': 30.3321838, 'longitude': -81.655651, 'fipsCode': '12031'}"
111966,4921442,HighSchool,2023,725.0,Jaeden Moore,Central Valley Christian,Oregon,EDGE,76.0,230.0,3.0,0.875,Visalia,CA,USA,"{'latitude': 36.3302284, 'longitude': -119.2920585, 'fipsCode': '06107'}"
111967,4910957,HighSchool,2023,725.0,Evan Tengesdahl,Wayne,Cincinnati,IOL,76.0,285.0,3.0,0.875,Dayton,OH,USA,"{'latitude': 39.7589478, 'longitude': -84.1916069, 'fipsCode': '39113'}"
111969,5120370,HighSchool,2023,725.0,Kellen McDonough,Woodland Hills,Eastern Michigan,OT,77.0,260.0,3.0,0.875,Pittsburgh,PA,USA,"{'latitude': 40.4416941, 'longitude': -79.9900861, 'fipsCode': '42003'}"
111968,5077804,HighSchool,2023,725.0,Chico Holt,Strake Jesuit,,TE,77.0,220.0,3.0,0.875,Houston,TX,USA,"{'latitude': 29.7589382, 'longitude': -95.3676974, 'fipsCode': '48201'}"
111973,5078818,HighSchool,2023,729.0,Johnathan Hall,Katy,Utah,LB,72.5,220.0,3.0,0.8747,Katy,TX,USA,"{'latitude': 29.7857853, 'longitude': -95.8243956, 'fipsCode': '48157'}"
111970,4870585,HighSchool,2023,729.0,Kahlil Ali,Pennsauken,Boston College,S,73.0,190.0,3.0,0.8747,Pennsauken,NJ,USA,"{'latitude': 39.9562238, 'longitude': -75.0579502, 'fipsCode': '34007'}"
111971,4899471,HighSchool,2023,729.0,Kyran Bourda,St. Augustine,Arizona State,DL,75.0,285.0,3.0,0.8747,New Orleans,LA,USA,"{'latitude': 29.9499323, 'longitude': -90.0701156, 'fipsCode': '22071'}"
111974,5219063,HighSchool,2023,729.0,Vincent Carroll-Jackson,Central Dauphin East,Nebraska,DL,77.0,285.0,3.0,0.8747,Harrisburg,PA,USA,"{'latitude': 40.2663107, 'longitude': -76.8861122, 'fipsCode': '42043'}"
111972,4899364,HighSchool,2023,729.0,Trevor Duncan,Knoxville Catholic,Tennessee,ATH,77.5,277.0,3.0,0.8747,Knoxville,TN,USA,"{'latitude': 35.9603948, 'longitude': -83.9210261, 'fipsCode': '47093'}"
111983,5230289,HighSchool,2023,734.0,Andre Davis,Blue Valley,Kansas State,WR,76.0,200.0,3.0,0.8744,Overland Park,KS,USA,"{'latitude': 38.9742502, 'longitude': -94.6851702, 'fipsCode': '20091'}"
111980,4950395,HighSchool,2023,734.0,Jamison Patton,Ankeny,Iowa State,ATH,74.0,190.0,3.0,0.8744,Des Moines,IA,USA,"{'latitude': 41.5910641, 'longitude': -93.6037149, 'fipsCode': '19153'}"
111978,5075675,HighSchool,2023,734.0,Carter Stoutmire,Prestonwood Christian,Colorado,CB,71.0,170.0,3.0,0.8744,Plano,TX,USA,"{'latitude': 33.0136764, 'longitude': -96.6925096, 'fipsCode': '48085'}"
111988,4870790,HighSchool,2023,734.0,Mack Howard,Oxford,Utah,QB,74.0,185.0,3.0,0.8744,Oxford,MS,USA,"{'latitude': 34.3664127, 'longitude': -89.5187664, 'fipsCode': '28071'}"
111976,5077787,HighSchool,2023,734.0,Jaxon Smolik,Dowling Catholic,Penn State,QB,74.0,200.0,3.0,0.8744,West Des Moines,IA,USA,"{'latitude': 41.5645337, 'longitude': -93.7595281, 'fipsCode': '19153'}"
111981,5030333,HighSchool,2023,734.0,Sedrick Alexander,Austin LBJ,Vanderbilt,RB,68.0,190.0,3.0,0.8744,Austin,TX,USA,"{'latitude': 30.2711286, 'longitude': -97.7436995, 'fipsCode': '48453'}"
111977,4870873,HighSchool,2023,734.0,DK Kalu,Fort Bend Ridge Point,Baylor,DL,74.0,270.0,3.0,0.8744,Missouri City,TX,USA,"{'latitude': 29.6185669, 'longitude': -95.5377215, 'fipsCode': '48157'}"
111989,5075536,HighSchool,2023,734.0,Shadarian Harrison,Lakeland,Pittsburgh,CB,73.0,170.0,3.0,0.8744,Lakeland,FL,USA,"{'latitude': 28.0394654, 'longitude': -81.9498042, 'fipsCode': '12105'}"
111987,,HighSchool,2023,734.0,Jaquez Keyes,Ironton,Wake Forest,RB,73.0,207.0,3.0,0.8744,Ironton,OH,USA,"{'latitude': 38.5367471, 'longitude': -82.6829406, 'fipsCode': '39087'}"
111982,,HighSchool,2023,734.0,Taliafi Taala,Alta,Utah State,OT,77.0,295.0,3.0,0.8744,Sandy,UT,USA,"{'latitude': 40.5664878, 'longitude': -111.838904, 'fipsCode': '49035'}"
111979,4918412,HighSchool,2023,734.0,Harvey Broussard III,St. Martinville,Louisiana,WR,74.5,175.0,3.0,0.8744,St. Martinville,LA,USA,"{'latitude': 30.1252011, 'longitude': -91.8334498, 'fipsCode': '22099'}"
111984,4918422,HighSchool,2023,734.0,Kai Black,Urbandale,Iowa State,WR,76.0,205.0,3.0,0.8744,Urbandale,IA,USA,"{'latitude': 41.6274552, 'longitude': -93.7380624, 'fipsCode': '19153'}"
111975,4918100,HighSchool,2023,734.0,Montrell Wade,Tyler High,Boston College,WR,72.5,182.0,3.0,0.8744,Tyler,TX,USA,"{'latitude': 32.3512601, 'longitude': -95.3010624, 'fipsCode': '48423'}"
111986,4694356,HighSchool,2023,734.0,Kenny Johnson,Dallastown Area,Pittsburgh,WR,73.0,190.0,3.0,0.8744,Dallastown,PA,USA,"{'latitude': 39.9001109, 'longitude': -76.6402763, 'fipsCode': '42133'}"
111985,4917093,HighSchool,2023,734.0,Ryan Staub,West Ranch,Colorado,QB,73.0,190.0,3.0,0.8744,Stevenson Ranch,CA,USA,"{'latitude': 34.3864721, 'longitude': -118.5826635, 'fipsCode': '06037'}"
111990,5091841,HighSchool,2023,749.0,Landen Thomas,Zachary,Arizona State,DL,75.0,260.0,3.0,0.8744,Zachary,LA,USA,"{'latitude': 30.6485191, 'longitude': -91.1564961, 'fipsCode': '22033'}"
111991,5042882,HighSchool,2023,750.0,Jason Abbey,Freeman,Virginia Tech,EDGE,76.0,215.0,3.0,0.8743,Richmond,VA,USA,"{'latitude': 37.5385087, 'longitude': -77.43428, 'fipsCode': '51760'}"
111992,4921255,HighSchool,2023,751.0,Caleb LaVallee,Whitefield Academy,North Carolina,LB,73.0,215.0,3.0,0.8742,Mableton,GA,USA,"{'latitude': 33.8188333, 'longitude': -84.5822632, 'fipsCode': '13067'}"
111993,4899469,HighSchool,2023,752.0,Ty Blanding,Christ the King,Penn State,DL,75.0,275.0,3.0,0.8742,Middle Village,NY,USA,"{'latitude': 40.7182153, 'longitude': -73.87867088764077, 'fipsCode': '36081'}"
111997,,HighSchool,2023,753.0,Ethan Thomason,Rocky Mountain,BYU,OT,80.0,315.0,3.0,0.8739,Fort Collins,CO,USA,"{'latitude': 40.5508527, 'longitude': -105.0668085, 'fipsCode': '08069'}"
111999,4920164,HighSchool,2023,753.0,Sam West,Greensburg Community,Indiana,TE,77.0,205.0,3.0,0.8739,Greensburg,IN,USA,"{'latitude': 39.3372722, 'longitude': -85.483581, 'fipsCode': '18031'}"
111996,4923253,HighSchool,2023,753.0,Jason Duclona,Estero,UCF,ATH,73.0,175.0,3.0,0.8739,Estero,FL,USA,"{'latitude': 26.4381474, 'longitude': -81.8067537, 'fipsCode': '12071'}"
111995,4915622,HighSchool,2023,753.0,Jake Strong,Justin Northwest,Texas Tech,QB,74.0,200.0,3.0,0.8739,Justin,TX,USA,"{'latitude': 33.0848442, 'longitude': -97.2961286, 'fipsCode': '48121'}"
111994,4870605,HighSchool,2023,753.0,Jace Arnold,Marietta,Wisconsin,CB,70.0,168.0,3.0,0.8739,Marietta,GA,USA,"{'latitude': 33.9528472, 'longitude': -84.5496148, 'fipsCode': '13067'}"
111998,5077113,HighSchool,2023,753.0,Jaylen Aborom,Oak Grove HS,Mississippi State,CB,74.0,180.0,3.0,0.8739,Hattiesburg,MS,USA,"{'latitude': 31.3271189, 'longitude': -89.2903392, 'fipsCode': '28035'}"
112000,5075539,HighSchool,2023,759.0,Nick Oliveira,Clearview,Rutgers,OT,77.0,280.0,3.0,0.8738,Mullica Hill,NJ,USA,"{'latitude': 39.7358605, 'longitude': -75.22763055416667, 'fipsCode': '34015'}"
112001,4379471,HighSchool,2023,760.0,Tyler Brown,Greenville,Clemson,WR,71.0,170.0,3.0,0.8737,Greenville,SC,USA,"{'latitude': 34.851354, 'longitude': -82.3984882, 'fipsCode': '45045'}"
112002,4870954,HighSchool,2023,761.0,Randy Pittman Jr.,Mosley,UCF,TE,74.0,230.0,3.0,0.8736,Lynn Haven,FL,USA,"{'latitude': 30.2454776, 'longitude': -85.648261, 'fipsCode': '12005'}"
112004,4916895,HighSchool,2023,761.0,Erik McCarty,McAlester,Oklahoma,ATH,74.0,180.0,3.0,0.8736,McAlester,OK,USA,"{'latitude': 34.9334981, 'longitude': -95.7697934, 'fipsCode': '40121'}"
112008,4918441,HighSchool,2023,761.0,Marcellius Pulliam,Sandy Creek,Miami,LB,75.0,215.0,3.0,0.8736,Tyrone,GA,USA,"{'latitude': 33.4713249, 'longitude': -84.5972005, 'fipsCode': '13113'}"
112003,4870608,HighSchool,2023,761.0,Ben Brahmer,Pierce,Iowa State,WR,78.0,215.0,3.0,0.8736,Pierce,NE,USA,"{'latitude': 42.1990988, 'longitude': -97.5271491, 'fipsCode': '31139'}"
112005,4921318,HighSchool,2023,761.0,Spencer Shannon,Mater Dei,Texas,TE,79.0,240.0,3.0,0.8736,Santa Ana,CA,USA,"{'latitude': 33.7494951, 'longitude': -117.8732213, 'fipsCode': '06059'}"
112006,4940231,HighSchool,2023,761.0,Camp Magee,Edgewater,Northwestern,TE,77.5,210.0,3.0,0.8736,Orlando,FL,USA,"{'latitude': 28.5421109, 'longitude': -81.3790304, 'fipsCode': '12095'}"
112007,4917625,HighSchool,2023,761.0,John Stone,Washington Township,Rutgers,IOL,75.0,285.0,3.0,0.8736,Sewell,NJ,USA,"{'latitude': 39.7665029, 'longitude': -75.1443435, 'fipsCode': '34015'}"
112009,,HighSchool,2023,761.0,Jeremiah Collins,Oakland,Austin Peay,ATH,74.0,160.0,3.0,0.8736,Murfreesboro,TN,USA,"{'latitude': 35.845999, 'longitude': -86.3920452, 'fipsCode': '47149'}"
112010,4870671,HighSchool,2023,769.0,Kaleb Cost,Sandy Creek,North Carolina,CB,70.5,180.0,3.0,0.8733,Tyrone,GA,USA,"{'latitude': 33.4713249, 'longitude': -84.5972005, 'fipsCode': '13113'}"
112011,5032141,HighSchool,2023,769.0,Za'Quan Bryan,Benedictine Military School,Minnesota,CB,69.0,180.0,3.0,0.8733,Savannah,GA,USA,"{'latitude': 32.0809263, 'longitude': -81.0911768, 'fipsCode': '13051'}"
112016,4923217,HighSchool,2023,771.0,Phillip Daniels,Princeton,Minnesota,IOL,77.0,285.0,3.0,0.8731,Cincinnati,OH,USA,"{'latitude': 39.1014537, 'longitude': -84.5124602, 'fipsCode': '39061'}"
112015,5150538,HighSchool,2023,771.0,Devin Hyatt,IMG Academy,Arizona,WR,74.0,194.0,3.0,0.8731,Bradenton,FL,USA,"{'latitude': 27.4989278, 'longitude': -82.5748194, 'fipsCode': '12081'}"
112012,,HighSchool,2023,771.0,Isaiah Kema,Wolfforth Frenship,Ohio State,IOL,76.0,292.0,3.0,0.8731,Wolfforth,TX,USA,"{'latitude': 33.5059189, 'longitude': -102.0090575, 'fipsCode': '48303'}"
112014,,HighSchool,2023,771.0,Amaris Shaw,Winter Park,,ATH,72.0,170.0,3.0,0.8731,Winter Park,FL,USA,"{'latitude': 26.13784445, 'longitude': -81.75399813758739, 'fipsCode': '12021'}"
112013,,HighSchool,2023,771.0,Isiah Kendall,Newport,Jackson State,WR,75.5,175.0,3.0,0.8731,Newport,AR,USA,"{'latitude': 35.6048018, 'longitude': -91.2817951, 'fipsCode': '05067'}"
112017,4870841,HighSchool,2023,771.0,Devin McRae,Telfair County,Wake Forest,IOL,75.0,280.0,3.0,0.8731,Mcrae,GA,USA,"{'latitude': 32.064444, 'longitude': -82.898333, 'fipsCode': '05145'}"
112024,4916985,HighSchool,2023,777.0,Chapman Lewis,Burleson Centennial,Texas Tech,S,73.0,170.0,3.0,0.8728,Burleson,TX,USA,"{'latitude': 32.5420821, 'longitude': -97.3208492, 'fipsCode': '48251'}"
112025,5109668,HighSchool,2023,777.0,Gabe Fortson,North Cobb Christian School,Georgia Tech,IOL,76.0,300.0,3.0,0.8728,Kennesaw,GA,USA,"{'latitude': 34.0234337, 'longitude': -84.6154897, 'fipsCode': '13067'}"
112019,4918135,HighSchool,2023,777.0,Carson Dean,Hebron,Arkansas,EDGE,76.0,235.0,3.0,0.8728,Carrollton,TX,USA,"{'latitude': 32.9537349, 'longitude': -96.8902816, 'fipsCode': '48113'}"
112023,4918128,HighSchool,2023,777.0,CJ Turner,Star City,Tulsa,LB,73.0,210.0,3.0,0.8728,Star City,AR,USA,"{'latitude': 33.9428794, 'longitude': -91.8434668, 'fipsCode': '05079'}"
112020,4871056,HighSchool,2023,777.0,Johnny Williams IV,Northeast,West Virginia,OT,79.0,315.0,3.0,0.8728,Macon,GA,USA,"{'latitude': 32.8406946, 'longitude': -83.6324022, 'fipsCode': '13021'}"
112026,5150844,HighSchool,2023,777.0,Andre' Otto,Key West,Florida State,OT,77.0,290.0,3.0,0.8728,Key West,FL,USA,"{'latitude': 24.5625566, 'longitude': -81.7724368, 'fipsCode': '12087'}"
112022,,HighSchool,2023,777.0,Cory Huff Jr.,Aldine Nimitz,,S,72.0,180.0,3.0,0.8728,Houston,TX,USA,"{'latitude': 29.7589382, 'longitude': -95.3676974, 'fipsCode': '48201'}"
112018,4917983,HighSchool,2023,777.0,Alex Sanford Jr.,Oxford,Arkansas,LB,75.0,240.0,3.0,0.8728,Oxford,MS,USA,"{'latitude': 34.3664127, 'longitude': -89.5187664, 'fipsCode': '28071'}"
112021,4918458,HighSchool,2023,777.0,De'Marion Thomas,Tulsa Union,Vanderbilt,DL,75.0,330.0,3.0,0.8728,Tulsa,OK,USA,"{'latitude': 36.1556805, 'longitude': -95.9929113, 'fipsCode': '40143'}"
112027,4921505,HighSchool,2023,786.0,Jayven Anderson,North Shore,North Texas,LB,72.0,205.0,3.0,0.8726,Houston,TX,USA,"{'latitude': 29.7589382, 'longitude': -95.3676974, 'fipsCode': '48201'}"
112028,5110569,HighSchool,2023,786.0,Anthony Miller,Duluth,Indiana,TE,77.0,235.0,3.0,0.8726,Duluth,GA,USA,"{'latitude': 34.0028569, 'longitude': -84.1441046, 'fipsCode': '13135'}"
112032,5125521,HighSchool,2023,788.0,Arhmad Branch,Festus,Purdue,WR,73.0,175.0,3.0,0.8725,Festus,MO,USA,"{'latitude': 38.2207112, 'longitude': -90.3959504, 'fipsCode': '29099'}"
112029,4921520,HighSchool,2023,788.0,Tybo Rogers,Bakersfield,Washington,RB,71.0,180.0,3.0,0.8725,Bakersfield,CA,USA,"{'latitude': 35.3738712, 'longitude': -119.0194639, 'fipsCode': '06029'}"
112030,4696209,HighSchool,2023,788.0,Benjamin Hall,North Cobb,Michigan,RB,70.0,225.0,3.0,0.8725,Kennesaw,GA,USA,"{'latitude': 34.0234337, 'longitude': -84.6154897, 'fipsCode': '13067'}"
112031,,HighSchool,2023,788.0,Jaren Woods,La Grange,Baylor,DL,76.0,265.0,3.0,0.8725,La Grange,TX,USA,"{'latitude': 29.9080038, 'longitude': -96.8730449, 'fipsCode': '48149'}"
112033,5091840,HighSchool,2023,792.0,Mari Smith,Northside,Tulsa,WR,71.0,160.0,3.0,0.8722,Fort Smith,AR,USA,"{'latitude': 35.3872218, 'longitude': -94.4248983, 'fipsCode': '05131'}"
112034,4950379,HighSchool,2023,793.0,Zach Ortwerth,St. Louis University,Iowa,TE,76.0,220.0,3.0,0.8722,St. Louis,MO,USA,"{'latitude': 38.6268039, 'longitude': -90.1994097, 'fipsCode': '29510'}"
112036,5125012,HighSchool,2023,793.0,Ismael Smith Flores,Arlington Martin,Nebraska,TE,77.0,210.0,3.0,0.8722,Arlington,TX,USA,"{'latitude': 32.701938999999996, 'longitude': -97.10562379033699, 'fipsCode': '48439'}"
112035,,HighSchool,2023,793.0,Naquil Betrand,Northeast,Texas A&M,OT,78.5,350.0,3.0,0.8722,Philadelphia,PA,USA,"{'latitude': 39.9527237, 'longitude': -75.1635262, 'fipsCode': '42101'}"
112037,5077282,HighSchool,2023,796.0,Ty Adams,Swainsboro,North Carolina,CB,71.0,175.0,3.0,0.8722,Swainsboro,GA,USA,"{'latitude': 32.5973857, 'longitude': -82.3337376, 'fipsCode': '13107'}"
112038,4870979,HighSchool,2023,797.0,Ryan Robinson Jr.,Edna Karr,LSU,CB,71.0,180.0,3.0,0.8719,New Orleans,LA,USA,"{'latitude': 29.9499323, 'longitude': -90.0701156, 'fipsCode': '22071'}"
112044,4917623,HighSchool,2023,797.0,Canyon Moses,Midland Legacy,Arizona,CB,69.0,180.0,3.0,0.8719,Midland,TX,USA,"{'latitude': 31.9973662, 'longitude': -102.0779482, 'fipsCode': '48329'}"
256505,4920144,HighSchool,2023,797.0,Elijha Payne,Sierra Canyon,Arizona,OT,79.0,285.0,3.0,0.8719,Chatsworth,CA,USA,"{'latitude': 34.2595715, 'longitude': -118.6023247, 'fipsCode': '06037'}"
112041,,HighSchool,2023,797.0,Eddie Combs,Rockledge,,WR,71.0,165.0,3.0,0.8719,Rockledge,FL,USA,"{'latitude': 28.313751500000002, 'longitude': -80.72421890178558, 'fipsCode': '12009'}"
112039,4870675,HighSchool,2023,797.0,Justin DeLeon,H.M. King,Texas State,IOL,75.0,290.0,3.0,0.8719,Kingsville,TX,USA,"{'latitude': 27.5158689, 'longitude': -97.856109, 'fipsCode': '48273'}"
112042,5158459,HighSchool,2023,797.0,Lipe Moala,Mater Dei,Oregon,IOL,78.0,330.0,3.0,0.8719,Santa Ana,CA,USA,"{'latitude': 33.7494951, 'longitude': -117.8732213, 'fipsCode': '06059'}"
112043,4870630,HighSchool,2023,797.0,Antonio Camon,Tampa Bay Tech,Pittsburgh,EDGE,74.0,250.0,3.0,0.8719,Tampa,FL,USA,"{'latitude': 27.9477595, 'longitude': -82.458444, 'fipsCode': '12057'}"
216940,4918432,HighSchool,2023,797.0,Ethan Crisp,Mt. Juliet,Vanderbilt,LB,75.0,205.0,3.0,0.8719,Mt. Juliet,TN,USA,"{'latitude': 36.200055, 'longitude': -86.5186054, 'fipsCode': '47189'}"
112040,5076959,HighSchool,2023,797.0,AJ Tisdell,College Station,Wisconsin,CB,70.0,180.0,3.0,0.8719,College Station,TX,USA,"{'latitude': 30.5955289, 'longitude': -96.3071042, 'fipsCode': '48041'}"
112045,,HighSchool,2023,806.0,Anthony White,Abernathy,,ATH,72.0,180.0,3.0,0.8719,Abernathy,TX,USA,"{'latitude': 33.8323038, 'longitude': -101.8429491, 'fipsCode': '48189'}"
112046,4870777,HighSchool,2023,807.0,Zachariah Keith,Douglas County,West Virginia,EDGE,77.0,250.0,3.0,0.8718,Douglasville,GA,USA,"{'latitude': 33.7514966, 'longitude': -84.7477136, 'fipsCode': '13097'}"
112048,,HighSchool,2023,808.0,Brenton Williams,Opelika,Auburn,EDGE,76.0,245.0,3.0,0.8717,Opelika,AL,USA,"{'latitude': 32.72667, 'longitude': -85.39249304591837, 'fipsCode': '01081'}"
112047,4921453,HighSchool,2023,808.0,Brandon Solis,Lipscomb Academy,Missouri,OT,79.5,265.0,3.0,0.8717,Nashville,TN,USA,"{'latitude': 36.1622296, 'longitude': -86.7743531, 'fipsCode': '47037'}"
112051,4920153,HighSchool,2023,810.0,William Watson III,Springfield Central,Virginia Tech,QB,72.0,175.0,3.0,0.8714,Springfield,MA,USA,"{'latitude': 42.1014831, 'longitude': -72.589811, 'fipsCode': '25013'}"
112058,4920898,HighSchool,2023,810.0,Beni Ngoyi,Lincoln,Iowa State,WR,76.0,180.0,3.0,0.8714,Lincoln,NE,USA,"{'latitude': 40.8088861, 'longitude': -96.7077751, 'fipsCode': '31109'}"
112061,4923298,HighSchool,2023,810.0,Peyton Jones,Maury,Duke,RB,70.0,190.0,3.0,0.8714,Norfolk,VA,USA,"{'latitude': 36.8462923, 'longitude': -76.2929252, 'fipsCode': '51710'}"
112049,4921115,HighSchool,2023,810.0,Kenneth Merrieweather,Martin Luther King,Iowa,EDGE,75.0,235.0,3.0,0.8714,Detroit,MI,USA,"{'latitude': 42.3315509, 'longitude': -83.0466403, 'fipsCode': '26163'}"
112060,4920196,HighSchool,2023,810.0,Javance Tupou'ata-Johnson,Chaminade,San Diego State,QB,76.0,200.0,3.0,0.8714,West Hills,CA,USA,"{'latitude': 34.2032325, 'longitude': -118.645476, 'fipsCode': '06037'}"
112054,4870592,HighSchool,2023,810.0,Jordyn Bailey,Denton Ryan,TCU,WR,69.0,160.0,3.0,0.8714,Denton,TX,USA,"{'latitude': 33.2150386, 'longitude': -97.1330516, 'fipsCode': '48121'}"
112059,5075912,HighSchool,2023,810.0,George Burhenn,Mt. Vernon,Purdue,TE,77.0,205.0,3.0,0.8714,Mount Vernon,IN,USA,"{'latitude': 37.9396795, 'longitude': -87.8952993, 'fipsCode': '18129'}"
112055,4921242,HighSchool,2023,810.0,Trevor Buhr,Washington,Iowa State,DL,76.0,270.0,3.0,0.8714,Washington,MO,USA,"{'latitude': 38.5581072, 'longitude': -91.0120878, 'fipsCode': '29071'}"
112052,5076127,HighSchool,2023,810.0,Tobias Raymond,Ventura,USC,OT,79.0,270.0,3.0,0.8714,Ventura,CA,USA,"{'latitude': 34.3435092, 'longitude': -119.29560423163717, 'fipsCode': '06111'}"
112053,4921272,HighSchool,2023,810.0,Wes Tucker,Argyle,Baylor,IOL,76.5,260.0,3.0,0.8714,Argyle,TX,USA,"{'latitude': 33.110156, 'longitude': -97.17940980147037, 'fipsCode': '48121'}"
112057,5078422,HighSchool,2023,810.0,Brandon High Jr.,Grand Oaks,UTSA,RB,70.0,205.0,3.0,0.8714,Spring,TX,USA,"{'latitude': 30.0798826, 'longitude': -95.4172549, 'fipsCode': '48201'}"
112050,4949488,HighSchool,2023,810.0,Jacobe Robinson,Henderson,Boston College,QB,75.5,210.0,3.0,0.8714,Henderson,TX,USA,"{'latitude': 32.1532157, 'longitude': -94.7993802, 'fipsCode': '48401'}"
112056,4920147,HighSchool,2023,810.0,Paul Billups II,Western Branch,North Carolina,WR,74.0,185.0,3.0,0.8714,Chesapeake,VA,USA,"{'latitude': 36.7183708, 'longitude': -76.2466798, 'fipsCode': '51550'}"
112062,5076118,HighSchool,2023,810.0,Karter Menz,West Fargo,Minnesota,EDGE,77.0,215.0,3.0,0.8714,West Fargo,ND,USA,"{'latitude': 46.874967, 'longitude': -96.900362, 'fipsCode': '38017'}"
112064,4918424,HighSchool,2023,824.0,Jayden Cofield,Manor,Texas Tech,DL,75.0,325.0,3.0,0.8711,Manor,TX,USA,"{'latitude': 30.3407629, 'longitude': -97.5569456, 'fipsCode': '48453'}"
112065,4918459,HighSchool,2023,824.0,Tommy Ziesmer,Boyle County,Kentucky,EDGE,74.0,220.0,3.0,0.8711,Danville,KY,USA,"{'latitude': 37.6456488, 'longitude': -84.7721823, 'fipsCode': '21021'}"
112068,4918454,HighSchool,2023,824.0,Jacob Page,Blackman,Colorado,WR,74.5,176.0,3.0,0.8711,Murfreesboro,TN,USA,"{'latitude': 35.845999, 'longitude': -86.3920452, 'fipsCode': '47149'}"
112071,4920155,HighSchool,2023,824.0,Andrew Rumph,Palmetto,UCF,DL,75.5,265.0,3.0,0.8711,Palmetto,FL,USA,"{'latitude': 27.5214269, 'longitude': -82.5723193, 'fipsCode': '12081'}"
112070,4923226,HighSchool,2023,824.0,Collin Dixon,Tallmadge,Illinois,WR,74.0,205.0,3.0,0.8711,Tallmadge,OH,USA,"{'latitude': 41.1014616, 'longitude': -81.4417989, 'fipsCode': '39153'}"
112067,4899470,HighSchool,2023,824.0,Ja'Koby Banks,Fort Bend Marshall,Houston,WR,69.0,175.0,3.0,0.8711,Missouri City,TX,USA,"{'latitude': 29.6185669, 'longitude': -95.5377215, 'fipsCode': '48157'}"
112069,5076050,HighSchool,2023,824.0,Trent Thomas,Fort Bend Marshall,Baylor,EDGE,75.0,235.0,3.0,0.8711,Missouri City,TX,USA,"{'latitude': 29.6185669, 'longitude': -95.5377215, 'fipsCode': '48157'}"
112063,4870697,HighSchool,2023,824.0,Daniel Demery,Dallas Parish Episcopal,Ole Miss,S,71.0,195.0,3.0,0.8711,Dallas,TX,USA,"{'latitude': 32.7762719, 'longitude': -96.7968559, 'fipsCode': '48113'}"
112066,4919036,HighSchool,2023,824.0,Andre Cojoe,Mansfield Timberview,Texas,IOL,78.0,345.0,3.0,0.8711,Arlington,TX,USA,"{'latitude': 32.701938999999996, 'longitude': -97.10562379033699, 'fipsCode': '48439'}"
112074,5077341,HighSchool,2023,833.0,Daemian Wimberly,Austin Vandegrift,SMU,DL,76.0,245.0,3.0,0.8708,Austin,TX,USA,"{'latitude': 30.2711286, 'longitude': -97.7436995, 'fipsCode': '48453'}"
112072,4918109,HighSchool,2023,833.0,Michael Parkes,Bayside,Iowa State,WR,73.0,185.0,3.0,0.8708,Palm Bay,FL,USA,"{'latitude': 28.0330075, 'longitude': -80.6433552, 'fipsCode': '12009'}"
112073,4941011,HighSchool,2023,833.0,John Nestor,Marist,Iowa,S,73.0,185.0,3.0,0.8708,Chicago,IL,USA,"{'latitude': 41.8755616, 'longitude': -87.6244212, 'fipsCode': '17031'}"
112076,4923299,HighSchool,2023,836.0,Emmanuel Karnley,Las Lomas,Arizona,CB,75.0,185.0,3.0,0.8706,Walnut Creek,CA,USA,"{'latitude': 37.9020731, 'longitude': -122.0618702, 'fipsCode': '06013'}"
112078,5159672,HighSchool,2023,836.0,DJ Coleman,Mesquite Horn,Baylor,S,72.0,191.0,3.0,0.8706,Mesquite,TX,USA,"{'latitude': 32.7666103, 'longitude': -96.599472, 'fipsCode': '48113'}"
112079,5077812,HighSchool,2023,836.0,Chase Davis,Little Elm,Utah State,S,74.0,185.0,3.0,0.8706,Little Elm,TX,USA,"{'latitude': 33.1626194, 'longitude': -96.9375051, 'fipsCode': '48121'}"
112075,,HighSchool,2023,836.0,Johnathan Slack,Martin Luther King,Howard,IOL,75.0,260.0,3.0,0.8706,Detroit,MI,USA,"{'latitude': 42.3315509, 'longitude': -83.0466403, 'fipsCode': '26163'}"
112077,4921248,HighSchool,2023,836.0,Oryend Fisher,Great Crossing,West Virginia,EDGE,78.0,205.0,3.0,0.8706,Georgetown,KY,USA,"{'latitude': 38.2097967, 'longitude': -84.5588311, 'fipsCode': '21209'}"
112082,,HighSchool,2023,841.0,Jamall Franklin,Scotlandville Magnet,McNeese,OT,78.5,370.0,3.0,0.8703,Baton Rouge,LA,USA,"{'latitude': 30.4459596, 'longitude': -91.18738, 'fipsCode': '22033'}"
112081,4921250,HighSchool,2023,841.0,RJ Johnson,Eagle's Landing Christian Academy,Arkansas,ATH,73.5,175.0,3.0,0.8703,McDonough,GA,USA,"{'latitude': 33.4473361, 'longitude': -84.1468616, 'fipsCode': '13151'}"
112083,5119262,HighSchool,2023,841.0,Barrett Maddox,Clinton,Vanderbilt,OT,78.0,280.0,3.0,0.8703,Clinton,TN,USA,"{'latitude': 36.1034126, 'longitude': -84.1318632, 'fipsCode': '47001'}"
112080,4993406,HighSchool,2023,841.0,CJ Tiller,Rancho Cucamonga,Boise State,QB,74.0,190.0,3.0,0.8703,Rancho Cucamonga,CA,USA,"{'latitude': 34.1033192, 'longitude': -117.5751735, 'fipsCode': '06071'}"
112084,4870729,HighSchool,2023,841.0,T.J. Harvison,Bowdon,Pittsburgh,RB,73.0,190.0,3.0,0.8703,Bowdon,GA,USA,"{'latitude': 33.5378885, 'longitude': -85.2532818, 'fipsCode': '13045'}"
112087,5078552,HighSchool,2023,846.0,Kevin O'Connor,Easton,Duke,LB,76.0,240.0,3.0,0.87,Easton,MD,USA,"{'latitude': 38.7744952, 'longitude': -76.0763065, 'fipsCode': '24041'}"
112086,5077264,HighSchool,2023,846.0,Javieon Butler,Scott Central,Southern Miss,WR,77.0,194.0,3.0,0.87,Forest,MS,USA,"{'latitude': 32.3645888, 'longitude': -89.4742348, 'fipsCode': '28123'}"
216941,,HighSchool,2023,846.0,Luke Talich,Cody,,ATH,75.0,185.0,3.0,0.87,Cody,WY,USA,"{'latitude': 44.5263107, 'longitude': -109.0563923, 'fipsCode': '56029'}"
112089,4870691,HighSchool,2023,846.0,Santana Fleming,Western,Western Carolina,WR,70.0,160.0,3.0,0.87,Fort Lauderdale,FL,USA,"{'latitude': 26.1223084, 'longitude': -80.1433786, 'fipsCode': '12011'}"
112085,5078162,HighSchool,2023,846.0,Bo Mascoe,Osceola,Rutgers,CB,70.5,165.0,3.0,0.87,Kissimmee,FL,USA,"{'latitude': 28.2918995, 'longitude': -81.4075838, 'fipsCode': '12097'}"
112088,5120221,HighSchool,2023,846.0,Brice Turner,Bay City,Nebraska,ATH,74.0,180.0,3.0,0.87,Bay City,TX,USA,"{'latitude': 28.9827565, 'longitude': -95.969402, 'fipsCode': '48321'}"
112090,5080968,HighSchool,2023,846.0,Aymeric Koumba,Pionniers de Touraine,Michigan,EDGE,76.0,230.0,3.0,0.87,France,,FRA,"{'latitude': None, 'longitude': None, 'fipsCode': None}"
112092,4917056,HighSchool,2023,853.0,Ayden Bussell,Mt. Juliet,Tennessee,OT,77.0,287.0,3.0,0.8697,Mt. Juliet,TN,USA,"{'latitude': 36.200055, 'longitude': -86.5186054, 'fipsCode': '47189'}"
112093,4954451,HighSchool,2023,853.0,Rushaun Tongue,Chesapeake Sr.,Wake Forest,S,73.0,175.0,3.0,0.8697,Pasadena,MD,USA,"{'latitude': 39.1361859, 'longitude': -76.5490844, 'fipsCode': '24003'}"
112091,5077695,HighSchool,2023,853.0,Taylor Starling,South Oak Cliff,North Texas,CB,70.5,170.0,3.0,0.8697,Dallas,TX,USA,"{'latitude': 32.7762719, 'longitude': -96.7968559, 'fipsCode': '48113'}"
112094,,HighSchool,2023,853.0,Gabe Moore,Louisville,Mississippi State,DL,76.0,250.0,3.0,0.8697,Louisville,MS,USA,"{'latitude': 33.1237377, 'longitude': -89.0550624, 'fipsCode': '28159'}"
112098,5079837,HighSchool,2023,857.0,Kamen Smith,Wilkes Central,NC State,OT,77.0,275.0,3.0,0.8694,Wilkesboro,NC,USA,"{'latitude': 36.145965, 'longitude': -81.1606401, 'fipsCode': '37193'}"
112097,5075960,HighSchool,2023,857.0,Quindarrius Jones,Meridian,Florida State,ATH,74.0,187.0,3.0,0.8694,Meridian,MS,USA,"{'latitude': 32.3643098, 'longitude': -88.703656, 'fipsCode': '28075'}"
112096,5075592,HighSchool,2023,857.0,Cal Swanson,Ardmore,Illinois,QB,75.0,185.0,3.0,0.8694,Ardmore,OK,USA,"{'latitude': 34.1742611, 'longitude': -97.1436254, 'fipsCode': '40019'}"
112095,4910222,HighSchool,2023,857.0,Hawkins Polley,Houston Stratford,Baylor,TE,76.0,245.0,3.0,0.8694,Houston,TX,USA,"{'latitude': 29.7589382, 'longitude': -95.3676974, 'fipsCode': '48201'}"
112100,5157305,HighSchool,2023,861.0,Jacob Anderson,Billings West,Oregon State,OT,78.0,250.0,3.0,0.8692,Billings,MT,USA,"{'latitude': 45.7874957, 'longitude': -108.49607, 'fipsCode': '30111'}"
112099,4870687,HighSchool,2023,861.0,Ayden Duncanson,Whitefield Academy,North Carolina,S,74.0,185.0,3.0,0.8692,Mableton,GA,USA,"{'latitude': 33.8188333, 'longitude': -84.5822632, 'fipsCode': '13067'}"
112103,4916838,HighSchool,2023,863.0,Tyler Jansey,Batavia,Wisconsin,LB,73.0,215.0,3.0,0.8689,Batavia,IL,USA,"{'latitude': 41.8500284, 'longitude': -88.3125738, 'fipsCode': '17089'}"
112109,4921313,HighSchool,2023,863.0,Nakai Poole,Norcross,Mississippi State,WR,75.0,205.0,3.0,0.8689,Norcross,GA,USA,"{'latitude': 33.9412127, 'longitude': -84.2135309, 'fipsCode': '13135'}"
112107,5078222,HighSchool,2023,863.0,Braylon Rigsby,Woodville,Texas Tech,DL,74.0,287.0,3.0,0.8689,Woodville,TX,USA,"{'latitude': 30.7758997, 'longitude': -94.4178256, 'fipsCode': '48457'}"
112108,5108220,HighSchool,2023,863.0,Kendrick Bell,Park Hill,Michigan,ATH,75.0,180.0,3.0,0.8689,Kansas City,MO,USA,"{'latitude': 39.100105, 'longitude': -94.5781416, 'fipsCode': '29095'}"
112110,4923037,HighSchool,2023,863.0,CJ Adams,Pebblebrook,South Carolina,WR,74.0,211.0,3.0,0.8689,Mableton,GA,USA,"{'latitude': 33.8188333, 'longitude': -84.5822632, 'fipsCode': '13067'}"
112101,4870786,HighSchool,2023,863.0,Marco Lainez III,Hun School,Iowa,QB,74.5,225.0,3.0,0.8689,Skillman,NJ,USA,"{'latitude': 40.4201055, 'longitude': -74.7146049, 'fipsCode': '34035'}"
112106,5077210,HighSchool,2023,863.0,Jatavius Shivers,Villa Rica,South Carolina,OT,79.0,296.0,3.0,0.8689,Villa Rica,GA,USA,"{'latitude': 33.732052, 'longitude': -84.9191081, 'fipsCode': '13045'}"
112102,4870789,HighSchool,2023,863.0,Jaxson Lavender,Lovejoy,SMU,WR,69.0,160.0,3.0,0.8689,Lucas,TX,USA,"{'latitude': 33.0842854, 'longitude': -96.5766577, 'fipsCode': '48085'}"
112111,5151167,HighSchool,2023,863.0,Ben Taylor-Whitfield,Duncanville,TCU,OT,77.0,270.0,3.0,0.8689,Duncanville,TX,USA,"{'latitude': 32.6518004, 'longitude': -96.9083366, 'fipsCode': '48113'}"
112104,4921291,HighSchool,2023,863.0,Ricky Ahumaraeze,Liberty,Northwestern,WR,76.0,195.0,3.0,0.8689,Liberty,MO,USA,"{'latitude': 39.246479, 'longitude': -94.419079, 'fipsCode': '29047'}"
112105,4954511,HighSchool,2023,863.0,Krystian Williams,Collegiate School,Virginia Tech,WR,74.0,170.0,3.0,0.8689,Richmond,VA,USA,"{'latitude': 37.5385087, 'longitude': -77.43428, 'fipsCode': '51760'}"
112115,4917979,HighSchool,2023,874.0,Malik Ellis,Laurel,Mississippi State,OT,77.0,245.0,3.0,0.8686,Laurel,MS,USA,"{'latitude': 31.74096, 'longitude': -89.13382003619111, 'fipsCode': '28067'}"
112116,4870740,HighSchool,2023,874.0,Troy Ford,Calvary Day School,UCF,EDGE,73.0,235.0,3.0,0.8686,Savannah,GA,USA,"{'latitude': 32.0809263, 'longitude': -81.0911768, 'fipsCode': '13051'}"
112112,4920191,HighSchool,2023,874.0,Marquise Collins,College Station,Duke,RB,69.0,190.0,3.0,0.8686,College Station,TX,USA,"{'latitude': 30.5955289, 'longitude': -96.3071042, 'fipsCode': '48041'}"
112114,4920194,HighSchool,2023,874.0,Jameel Croft Jr.,Martin Luther King,Kansas,S,73.0,185.0,3.0,0.8686,Detroit,MI,USA,"{'latitude': 42.3315509, 'longitude': -83.0466403, 'fipsCode': '26163'}"
112113,4870935,HighSchool,2023,874.0,Shawn Russ,Dunbar,Arizona State,S,74.0,185.0,3.0,0.8686,Fort Myers,FL,USA,"{'latitude': 26.640628, 'longitude': -81.8723084, 'fipsCode': '12071'}"
112119,5102800,HighSchool,2023,879.0,Donavyn Pellot,Silverado,UCLA,ATH,74.0,210.0,3.0,0.8683,Las Vegas,NV,USA,"{'latitude': 36.1672559, 'longitude': -115.1485163, 'fipsCode': '32003'}"
112117,4870798,HighSchool,2023,879.0,Malik Leverett,Greenbrier,East Carolina,WR,75.0,200.0,3.0,0.8683,Evans,GA,USA,"{'latitude': 33.5143065, 'longitude': -82.1387819734912, 'fipsCode': '13073'}"
112118,5102814,HighSchool,2023,879.0,Deijon Laffitte,Colony,USC,DL,75.0,285.0,3.0,0.8683,Ontario,CA,USA,"{'latitude': 34.065846, 'longitude': -117.6484304, 'fipsCode': '06071'}"
112127,5077694,HighSchool,2023,882.0,Michael Patterson,Fort Bend Marshall,Houston,CB,70.0,165.0,3.0,0.8681,Missouri City,TX,USA,"{'latitude': 29.6185669, 'longitude': -95.5377215, 'fipsCode': '48157'}"
112124,5088585,HighSchool,2023,882.0,Jarra Anderson,Katy Paetow,Memphis,DL,74.0,260.0,3.0,0.8681,Katy,TX,USA,"{'latitude': 29.7857853, 'longitude': -95.8243956, 'fipsCode': '48157'}"
112123,4921230,HighSchool,2023,882.0,Ryan Carretta,St. Charles Prep,Pittsburgh,OT,77.0,310.0,3.0,0.8681,Columbus,OH,USA,"{'latitude': 39.9622601, 'longitude': -83.0007065, 'fipsCode': '39049'}"
112121,4870668,HighSchool,2023,882.0,Jacoby Davis,North Shore,Kansas,CB,69.0,170.0,3.0,0.8681,Houston,TX,USA,"{'latitude': 29.7589382, 'longitude': -95.3676974, 'fipsCode': '48201'}"
112122,4870926,HighSchool,2023,882.0,Kennedy McDowell,Frisco Memorial,Colorado State,EDGE,76.5,210.0,3.0,0.8681,Frisco,TX,USA,"{'latitude': 33.1506744, 'longitude': -96.8236116, 'fipsCode': '48085'}"
112120,4915837,HighSchool,2023,882.0,Grayson Loftis,Gaffney,Duke,QB,75.0,200.0,3.0,0.8681,Greer,SC,USA,"{'latitude': 34.9381361, 'longitude': -82.2272119, 'fipsCode': '45045'}"
112125,4923051,HighSchool,2023,882.0,Surahz Buncom,Mater Dei Catholic,Kansas,ATH,76.0,175.0,3.0,0.8681,Chula Vista,CA,USA,"{'latitude': 32.6400541, 'longitude': -117.0841955, 'fipsCode': '06073'}"
112126,4921504,HighSchool,2023,882.0,Dante Lovett,DeMatha Catholic,Virginia Tech,S,73.0,185.0,3.0,0.8681,Hyattsville,MD,USA,"{'latitude': 38.9529442, 'longitude': -76.9408647, 'fipsCode': '24033'}"
112128,5114332,HighSchool,2023,890.0,Jaivian Thomas,McClymonds,California,RB,70.0,175.0,3.0,0.8678,Oakland,CA,USA,"{'latitude': 37.8044557, 'longitude': -122.2713563, 'fipsCode': '06001'}"
112135,5075564,HighSchool,2023,890.0,Jamarrion Harkless,Frederick Douglass,Purdue,DL,76.0,320.0,3.0,0.8678,Lexington,KY,USA,"{'latitude': 38.0464066, 'longitude': -84.4970393, 'fipsCode': '21067'}"
112133,4871062,HighSchool,2023,890.0,Asaad Waseem,Ocoee,Colorado,WR,72.0,175.0,3.0,0.8678,Ocoee,FL,USA,"{'latitude': 28.5695186, 'longitude': -81.544117, 'fipsCode': '12095'}"
112129,,HighSchool,2023,890.0,Deldrick Madison,Duncanville,,S,71.0,175.0,3.0,0.8678,Duncanville,TX,USA,"{'latitude': 32.6518004, 'longitude': -96.9083366, 'fipsCode': '48113'}"
112132,5075591,HighSchool,2023,890.0,Dylan Smith,Denton Braswell,Oklahoma State,CB,71.0,170.0,3.0,0.8678,Denton,TX,USA,"{'latitude': 33.2150386, 'longitude': -97.1330516, 'fipsCode': '48121'}"
112136,4965577,HighSchool,2023,890.0,Rayquan Adkins,Miami Northwestern,Cincinnati,CB,70.5,155.0,3.0,0.8678,Miami,FL,USA,"{'latitude': 25.7742658, 'longitude': -80.1936589, 'fipsCode': '12086'}"
112134,5033015,HighSchool,2023,890.0,Eddie Pleasant III,Carrollwood Day,Michigan State,CB,72.0,175.0,3.0,0.8678,Tampa,FL,USA,"{'latitude': 27.9477595, 'longitude': -82.458444, 'fipsCode': '12057'}"
112130,4950555,HighSchool,2023,890.0,Samu Taumanupepe,Atascocita,Texas A&M,DL,75.0,380.0,3.0,0.8678,Humble,TX,USA,"{'latitude': 29.9988312, 'longitude': -95.2621553, 'fipsCode': '48201'}"
112131,4918108,HighSchool,2023,890.0,Jordan Napier,Jurupa Hills,San Diego State,WR,74.0,195.0,3.0,0.8678,Fontana,CA,USA,"{'latitude': 34.0922335, 'longitude': -117.435048, 'fipsCode': '06071'}"
112138,4427612,HighSchool,2023,899.0,Chantz Johnson,College Station,Texas A&M,LB,72.0,210.0,3.0,0.8675,College Station,TX,USA,"{'latitude': 30.5955289, 'longitude': -96.3071042, 'fipsCode': '48041'}"
112137,,HighSchool,2023,899.0,Cam Upshaw Jr.,Taylor County,South Carolina,S,74.5,193.0,3.0,0.8675,Perry,FL,USA,"{'latitude': 30.1174351, 'longitude': -83.5818147, 'fipsCode': '12123'}"
112140,5121541,HighSchool,2023,899.0,Cam Wallace,Montgomery County,Penn State,ATH,69.0,175.0,3.0,0.8675,Mount Vernon,GA,USA,"{'latitude': 32.1785145, 'longitude': -82.5945783, 'fipsCode': '13209'}"
112139,4917942,HighSchool,2023,899.0,Frank Covey IV,Prospect,Northwestern,ATH,74.0,185.0,3.0,0.8675,Mount Prospect,IL,USA,"{'latitude': 42.0664167, 'longitude': -87.9372908, 'fipsCode': '17031'}"
112144,4921253,HighSchool,2023,903.0,Brock Knutson,Scottsbluff,Nebraska,OT,79.0,270.0,3.0,0.8672,Scottsbluff,NE,USA,"{'latitude': 41.866634, 'longitude': -103.667166, 'fipsCode': '31157'}"
112150,5121872,HighSchool,2023,903.0,Eric Fields,Ardmore,Nebraska,LB,73.0,195.0,3.0,0.8672,Ardmore,OK,USA,"{'latitude': 34.1742611, 'longitude': -97.1436254, 'fipsCode': '40019'}"
112148,5078814,HighSchool,2023,903.0,Tralon Mitchell,Southern Nash,Virginia Tech,ATH,74.0,185.0,3.0,0.8672,Bailey,NC,USA,"{'latitude': 35.7809129, 'longitude': -78.118429, 'fipsCode': '37127'}"
112147,4870735,HighSchool,2023,903.0,R.J. Grigsby,North Cobb,North Carolina,IOL,75.5,310.0,3.0,0.8672,Kennesaw,GA,USA,"{'latitude': 34.0234337, 'longitude': -84.6154897, 'fipsCode': '13067'}"
112145,5121008,HighSchool,2023,903.0,Jaelon Barbarin,Chaminade,Michigan State,ATH,69.0,190.0,3.0,0.8672,Simi Valley,CA,USA,"{'latitude': 34.2694474, 'longitude': -118.781482, 'fipsCode': '06111'}"
112143,4954450,HighSchool,2023,903.0,Semaj Turner,Reagan,Duke,DL,75.0,240.0,3.0,0.8672,Pfafftown,NC,USA,"{'latitude': 36.1526379, 'longitude': -80.3622753, 'fipsCode': '37067'}"
112141,4870686,HighSchool,2023,903.0,Ike Daniels,Mountain View,Syracuse,RB,70.0,185.0,3.0,0.8672,Stafford,VA,USA,"{'latitude': 38.4222681, 'longitude': -77.4084067, 'fipsCode': '51179'}"
112142,4950392,HighSchool,2023,903.0,Martin Owusu,Prior Lake,Minnesota,DL,75.0,290.0,3.0,0.8672,Prior Lake,MN,USA,"{'latitude': 44.7133271, 'longitude': -93.4226873, 'fipsCode': '27139'}"
112146,4917944,HighSchool,2023,903.0,Chris Marable Jr.,Hilton Head,Wake Forest,DL,75.0,280.0,3.0,0.8672,Hilton Head Island,SC,USA,"{'latitude': 32.1618488, 'longitude': -80.7512616, 'fipsCode': '45013'}"
112149,5078045,HighSchool,2023,903.0,Nick Deloach Jr.,Cahokia,Missouri,WR,74.0,175.0,3.0,0.8672,East St. Louis,IL,USA,"{'latitude': 38.6244952, 'longitude': -90.1509429, 'fipsCode': '17163'}"
112155,4923048,HighSchool,2023,913.0,Deven Bryant,St. John Bosco,Washington,LB,72.0,210.0,3.0,0.8669,Bellflower,CA,USA,"{'latitude': 33.8825705, 'longitude': -118.1167679, 'fipsCode': '06037'}"
112151,4920151,HighSchool,2023,913.0,Arian Parish,Katy,Arizona,S,71.0,170.0,3.0,0.8669,Katy,TX,USA,"{'latitude': 29.7857853, 'longitude': -95.8243956, 'fipsCode': '48157'}"
112159,5031156,HighSchool,2023,913.0,Gavin Geweniger,Chaparral,Stanford,EDGE,76.0,240.0,3.0,0.8669,Scottsdale,AZ,USA,"{'latitude': 33.4942189, 'longitude': -111.9260184, 'fipsCode': '04013'}"
112153,4918457,HighSchool,2023,913.0,Dylan Rogers,Cy Woods,Nebraska,EDGE,74.5,235.0,3.0,0.8669,Cypress,TX,USA,"{'latitude': 29.9691116, 'longitude': -95.6971686, 'fipsCode': '48201'}"
112152,5070545,HighSchool,2023,913.0,Serigne Tounkara,Clear Springs,Missouri,EDGE,75.0,240.0,3.0,0.8669,League City,TX,USA,"{'latitude': 29.5074538, 'longitude': -95.0949303, 'fipsCode': '48167'}"
112156,5086808,HighSchool,2023,913.0,Brendan Bett,Ellison,Baylor,DL,76.0,295.0,3.0,0.8669,Killeen,TX,USA,"{'latitude': 31.1171441, 'longitude': -97.727796, 'fipsCode': '48027'}"
112154,4870705,HighSchool,2023,913.0,Vernon Glover Jr.,Dickinson,TCU,CB,71.0,170.0,3.0,0.8669,Dickinson,TX,USA,"{'latitude': 29.4607876, 'longitude': -95.0513173, 'fipsCode': '48167'}"
112158,4918440,HighSchool,2023,913.0,Terry Simmons Jr.,Calvary Day School,Duke,DL,74.5,300.0,3.0,0.8669,Savannah,GA,USA,"{'latitude': 32.0809263, 'longitude': -81.0911768, 'fipsCode': '13051'}"
112157,5150271,HighSchool,2023,913.0,Joey Su'a,Bentonville,Arkansas,IOL,76.0,320.0,3.0,0.8669,Bentonville,AR,USA,"{'latitude': 36.3728538, 'longitude': -94.2088172, 'fipsCode': '05007'}"
112165,5075589,HighSchool,2023,922.0,David Caulker,Des Moines North,Iowa State,EDGE,76.0,256.0,3.0,0.8667,Des Moines,IA,USA,"{'latitude': 41.5910641, 'longitude': -93.6037149, 'fipsCode': '19153'}"
112163,4954509,HighSchool,2023,922.0,Caleb Woodson,Battlefield,Virginia Tech,S,75.0,200.0,3.0,0.8667,Haymarket,VA,USA,"{'latitude': 38.8121398, 'longitude': -77.6368038, 'fipsCode': '51153'}"
112166,5090796,HighSchool,2023,922.0,Noah Dunham,Yuba City,Washington State,OT,77.0,275.0,3.0,0.8667,Yuba City,CA,USA,"{'latitude': 39.1404477, 'longitude': -121.6169108, 'fipsCode': '06101'}"
112162,4922981,HighSchool,2023,922.0,Rasheem Biles,Pickerington Central,Pittsburgh,ATH,74.0,180.0,3.0,0.8667,Pickerington,OH,USA,"{'latitude': 39.896277299999994, 'longitude': -82.77319049748806, 'fipsCode': '39045'}"
112160,4870832,HighSchool,2023,922.0,Moussa Kane,Blair Academy,Duke,S,73.0,190.0,3.0,0.8667,Blairstown,NJ,USA,"{'latitude': 40.9828753, 'longitude': -74.9604501, 'fipsCode': '34041'}"
112161,5076952,HighSchool,2023,922.0,Devin McCuin,Jacksonville,UTSA,ATH,71.0,180.0,3.0,0.8667,Jacksonville,TX,USA,"{'latitude': 31.963778, 'longitude': -95.2705042, 'fipsCode': '48073'}"
112164,5121775,HighSchool,2023,922.0,Elijah Hughes,Washington-Liberty,USC,DL,74.5,265.0,3.0,0.8667,Arlington,VA,USA,"{'latitude': 38.8903961, 'longitude': -77.0841585, 'fipsCode': '51013'}"
112167,4924141,HighSchool,2023,929.0,Misun Kelley,D.W. Daniel,Clemson,CB,70.0,170.0,3.0,0.8664,Central,SC,USA,"{'latitude': 34.7257424, 'longitude': -82.7804999, 'fipsCode': '45077'}"
112168,4923056,HighSchool,2023,929.0,Johnathan Cline,Cartersville,UCF,IOL,76.0,295.0,3.0,0.8664,Cartersville,GA,USA,"{'latitude': 34.1650972, 'longitude': -84.7999383, 'fipsCode': '13015'}"
112175,5120971,HighSchool,2023,929.0,Aziah Johnson,Thomas Jefferson,Michigan State,ATH,74.0,175.0,3.0,0.8664,Richmond,VA,USA,"{'latitude': 37.5385087, 'longitude': -77.43428, 'fipsCode': '51760'}"
112172,5076123,HighSchool,2023,929.0,Kooper Ebel,Hartley-Melvin-Sanborn,Iowa State,ATH,75.0,200.0,3.0,0.8664,Hartley,IA,USA,"{'latitude': 43.1800215, 'longitude': -95.4769635, 'fipsCode': '19141'}"
112171,4954454,HighSchool,2023,929.0,Tyler Walton,North Gwinnett,Wake Forest,EDGE,77.0,230.0,3.0,0.8664,Suwanee,GA,USA,"{'latitude': 34.0514898, 'longitude': -84.0712997, 'fipsCode': '13135'}"
112169,5077248,HighSchool,2023,929.0,Braylan Lovelace,Leechburg Area,Pittsburgh,LB,74.0,198.0,3.0,0.8664,Leechburg,PA,USA,"{'latitude': None, 'longitude': None, 'fipsCode': None}"
112170,4923042,HighSchool,2023,929.0,Kerry Brown,Naples,Minnesota,S,72.0,175.0,3.0,0.8664,Naples,FL,USA,"{'latitude': 26.1421976, 'longitude': -81.7942944, 'fipsCode': '12021'}"
112173,5086474,HighSchool,2023,929.0,Jacob Cruz,North Cobb Christian School,Georgia Tech,ATH,77.0,225.0,3.0,0.8664,Kennesaw,GA,USA,"{'latitude': 34.0234337, 'longitude': -84.6154897, 'fipsCode': '13067'}"
112174,5093880,HighSchool,2023,929.0,Ben Galloway,Hillgrove,Georgia Tech,OT,77.0,293.0,3.0,0.8664,Powder Springs,GA,USA,"{'latitude': 33.8595492, 'longitude': -84.683824, 'fipsCode': '13067'}"
112183,4950554,HighSchool,2023,938.0,Brian Simms III,St. Frances Academy,Cincinnati,DL,75.0,240.0,3.0,0.8661,Baltimore,MD,USA,"{'latitude': 39.2908816, 'longitude': -76.610759, 'fipsCode': '24510'}"
112181,4870965,HighSchool,2023,938.0,Taz Reddicks,Dillard,Oregon State,WR,73.0,180.0,3.0,0.8661,Fort Lauderdale,FL,USA,"{'latitude': 26.1223084, 'longitude': -80.1433786, 'fipsCode': '12011'}"
112182,4918439,HighSchool,2023,938.0,Elinneus Davis,Moorhead,Washington,DL,75.0,295.0,3.0,0.8661,Moorhead,MN,USA,"{'latitude': 46.8739081, 'longitude': -96.7538674, 'fipsCode': '27027'}"
112179,4918096,HighSchool,2023,938.0,Bo Edmundson,Lake Travis,UNLV,QB,75.0,195.0,3.0,0.8661,Austin,TX,USA,"{'latitude': 30.2711286, 'longitude': -97.7436995, 'fipsCode': '48453'}"
112177,4870751,HighSchool,2023,938.0,Daniel Harris,Palm Bay Senior,UAB,EDGE,77.0,180.0,3.0,0.8661,Melbourne,FL,USA,"{'latitude': 28.0836269, 'longitude': -80.6081089, 'fipsCode': '12009'}"
112178,5069279,HighSchool,2023,938.0,Justin Taylor,Nazareth Academy,Wisconsin,ATH,73.0,185.0,3.0,0.8661,La Grange Park,IL,USA,"{'latitude': 41.8333646, 'longitude': -87.8677324, 'fipsCode': '17031'}"
112180,4911843,HighSchool,2023,938.0,Jack Endean,Tanque Verde,Oklahoma State,OT,77.0,270.0,3.0,0.8661,Tucson,AZ,USA,"{'latitude': 32.2228765, 'longitude': -110.9748477, 'fipsCode': '04019'}"
112176,4923256,HighSchool,2023,938.0,Jai Eugene Jr.,Destrehan,Tulane,S,73.0,190.0,3.0,0.8661,Destrehan,LA,USA,"{'latitude': 29.960933, 'longitude': -90.3705407077716, 'fipsCode': '22089'}"
112189,,HighSchool,2023,946.0,Deondre Johnson,Newburgh Free Academy,Rutgers,ATH,80.0,200.0,3.0,0.8658,Newburgh,NY,USA,"{'latitude': 41.5034271, 'longitude': -74.0104179, 'fipsCode': '36071'}"
112186,4921407,HighSchool,2023,946.0,Brandon Henderson,East St. Louis,Illinois,OT,76.5,320.0,3.0,0.8658,East St. Louis,IL,USA,"{'latitude': 38.6244952, 'longitude': -90.1509429, 'fipsCode': '17163'}"
216943,5119868,HighSchool,2023,946.0,Jaylen Lloyd,Omaha Westside,Nebraska,ATH,70.0,160.0,3.0,0.8658,Omaha,NE,USA,"{'latitude': 41.2587459, 'longitude': -95.9383758, 'fipsCode': '31055'}"
112191,4921515,HighSchool,2023,946.0,Kanijal Thomas,Del City,Kansas State,S,71.0,170.0,3.0,0.8658,Del City,OK,USA,"{'latitude': 35.442007, 'longitude': -97.4408709, 'fipsCode': '40109'}"
112190,5125552,HighSchool,2023,946.0,Grant Leeper,Homestead,Iowa,TE,78.0,215.0,3.0,0.8658,Fort Wayne,IN,USA,"{'latitude': 41.0799898, 'longitude': -85.1386015, 'fipsCode': '18003'}"
112187,4921444,HighSchool,2023,946.0,Brady Nassar,Amador Valley,San Diego State,EDGE,77.0,240.0,3.0,0.8658,Pleasanton,CA,USA,"{'latitude': 37.6624312, 'longitude': -121.8746789, 'fipsCode': '06001'}"
112185,5154320,HighSchool,2023,946.0,Trey Smith,Ocoee,Illinois,EDGE,75.5,230.0,3.0,0.8658,Ocoee,FL,USA,"{'latitude': 28.5695186, 'longitude': -81.544117, 'fipsCode': '12095'}"
112188,5063006,HighSchool,2023,946.0,Marcell Baylor,Radford,Virginia Tech,WR,75.0,195.0,3.0,0.8658,Radford,VA,USA,"{'latitude': 37.1317924, 'longitude': -80.5764477, 'fipsCode': '51750'}"
216944,4921517,HighSchool,2023,946.0,Dawson Pendergrass,Mineola,Baylor,ATH,75.0,212.0,3.0,0.8658,Mineola,TX,USA,"{'latitude': 32.6633387, 'longitude': -95.4880308, 'fipsCode': '48499'}"
112184,4871027,HighSchool,2023,946.0,Ryne Shackelford,Keystone,Purdue,WR,72.0,175.0,3.0,0.8658,LaGrange,OH,USA,"{'latitude': 41.2373401, 'longitude': -82.1198013, 'fipsCode': '39093'}"
216942,5070503,HighSchool,2023,946.0,Davoun Fuse,Washington,Rutgers,ATH,76.0,190.0,3.0,0.8658,Washington,PA,USA,"{'latitude': 40.17396, 'longitude': -80.2461714, 'fipsCode': '42125'}"
112192,5121782,HighSchool,2023,946.0,Jaelen Smith,Klein Cain,Michigan State,WR,73.0,185.0,3.0,0.8658,Houston,TX,USA,"{'latitude': 29.7589382, 'longitude': -95.3676974, 'fipsCode': '48201'}"
112206,5075537,HighSchool,2023,958.0,Jarvis Lee,IMG Academy,South Florida,CB,71.0,173.0,3.0,0.8656,Bradenton,FL,USA,"{'latitude': 27.4989278, 'longitude': -82.5748194, 'fipsCode': '12081'}"
112198,4954453,HighSchool,2023,958.0,Cade Uluave,Mountain Ridge,California,LB,73.0,215.0,3.0,0.8656,Herriman,UT,USA,"{'latitude': 40.5140894, 'longitude': -112.0328198, 'fipsCode': '49035'}"
112205,5032145,HighSchool,2023,958.0,AJ Thomas,Zachary,Tulane,EDGE,75.0,220.0,3.0,0.8656,Zachary,LA,USA,"{'latitude': 30.6485191, 'longitude': -91.1564961, 'fipsCode': '22033'}"
112203,5077303,HighSchool,2023,958.0,Jacob Lane,Emerald Ridge,Washington,EDGE,77.0,230.0,3.0,0.8656,Puyallup,WA,USA,"{'latitude': 47.1849009, 'longitude': -122.2921406, 'fipsCode': '53053'}"
112197,5093141,HighSchool,2023,958.0,Jarvis Green,Dutch Fork,Clemson,RB,69.5,192.0,3.0,0.8656,Irmo,SC,USA,"{'latitude': 34.08846885, 'longitude': -81.18021121302588, 'fipsCode': '45063'}"
112201,4917981,HighSchool,2023,958.0,AJ Newberry,South Grand Prairie,Vanderbilt,RB,72.0,200.0,3.0,0.8656,Grand Prairie,TX,USA,"{'latitude': 32.657368000000005, 'longitude': -97.02846624175038, 'fipsCode': '48113'}"
112204,5077502,HighSchool,2023,958.0,Carson Hansen,Lakeville South,Iowa State,ATH,73.0,190.0,3.0,0.8656,Lakeville,MN,USA,"{'latitude': 44.650051, 'longitude': -93.2432791, 'fipsCode': '27037'}"
112200,4921118,HighSchool,2023,958.0,Thomas Williams,Powdersville,Virginia Tech,ATH,70.0,180.0,3.0,0.8656,Greenville,SC,USA,"{'latitude': 34.851354, 'longitude': -82.3984882, 'fipsCode': '45045'}"
112196,5076100,HighSchool,2023,958.0,Jarred Sample,Cy Ranch,Kansas,WR,70.0,170.0,3.0,0.8656,Cypress,TX,USA,"{'latitude': 29.9691116, 'longitude': -95.6971686, 'fipsCode': '48201'}"
112193,4880987,HighSchool,2023,958.0,Kaden Carr,Lubbock-Cooper,Texas Tech,IOL,77.0,320.0,3.0,0.8656,Lubbock,TX,USA,"{'latitude': 33.5635206, 'longitude': -101.879336, 'fipsCode': '48303'}"
112195,4950396,HighSchool,2023,958.0,Marcus Ratcliffe,Cathedral Catholic,San Diego State,S,75.0,190.0,3.0,0.8656,San Diego,CA,USA,"{'latitude': 32.7174209, 'longitude': -117.1627714, 'fipsCode': '06073'}"
112194,4871090,HighSchool,2023,958.0,Carlos Wilson,Inderkum,Arizona,ATH,71.0,160.0,3.0,0.8656,Sacramento,CA,USA,"{'latitude': 38.5815719, 'longitude': -121.4943996, 'fipsCode': '06067'}"
112199,4940233,HighSchool,2023,958.0,Corey Lucius,Tampa Catholic,UTSA,LB,74.0,185.0,3.0,0.8656,Tampa,FL,USA,"{'latitude': 27.9477595, 'longitude': -82.458444, 'fipsCode': '12057'}"
112202,4918112,HighSchool,2023,958.0,Austin Ramsey,Roman Catholic,Kentucky,OT,76.0,360.0,3.0,0.8656,Philadelphia,PA,USA,"{'latitude': 39.9527237, 'longitude': -75.1635262, 'fipsCode': '42101'}"
112208,4870913,HighSchool,2023,972.0,Reese Mooney,Denham Springs,Liberty,QB,73.0,200.0,3.0,0.8653,Denham Springs,LA,USA,"{'latitude': 30.4868564, 'longitude': -90.9562125, 'fipsCode': '22063'}"
112211,4918426,HighSchool,2023,972.0,Drew Pickett,Russell County,Wake Forest,RB,70.0,185.0,3.0,0.8653,Deatsville,AL,USA,"{'latitude': 32.6081874, 'longitude': -86.3958072, 'fipsCode': '01051'}"
112214,4871018,HighSchool,2023,972.0,Patrick Screws Jr.,Eufaula,Georgia Tech,IOL,78.0,315.0,3.0,0.8653,Eufaula,AL,USA,"{'latitude': 31.905459999999998, 'longitude': -85.15893958513422, 'fipsCode': '01005'}"
112209,5152158,HighSchool,2023,972.0,Deuce Alexander,Douglas County,Wake Forest,WR,71.0,160.0,3.0,0.8653,Douglasville,GA,USA,"{'latitude': 33.7514966, 'longitude': -84.7477136, 'fipsCode': '13097'}"
112216,5080138,HighSchool,2023,972.0,Keontez Bradley,Mansfield,Arizona State,CB,74.0,175.0,3.0,0.8653,Mansfield,OH,USA,"{'latitude': 40.75839, 'longitude': -82.5154471, 'fipsCode': '39139'}"
112210,4870810,HighSchool,2023,972.0,Jack Luttrell,Colquitt County,Tennessee,S,73.0,187.0,3.0,0.8653,Moultrie,GA,USA,"{'latitude': 31.179998, 'longitude': -83.7887928, 'fipsCode': '13071'}"
112215,5033014,HighSchool,2023,972.0,Tyree Patterson,Eustis,UCF,WR,74.0,175.0,3.0,0.8653,Eustis,FL,USA,"{'latitude': 28.851817150000002, 'longitude': -81.71085533823347, 'fipsCode': '12069'}"
112213,4920129,HighSchool,2023,972.0,Jack Tchienchou,St. Pius X,Troy,CB,70.0,170.0,3.0,0.8653,Atlanta,GA,USA,"{'latitude': 33.7490987, 'longitude': -84.3901849, 'fipsCode': '13121'}"
112207,4917859,HighSchool,2023,972.0,Taurean York,Temple,Texas A&M,LB,72.0,217.0,3.0,0.8653,Temple,TX,USA,"{'latitude': 31.098207, 'longitude': -97.3427847, 'fipsCode': '48027'}"
112212,,HighSchool,2023,972.0,Tre Williams,Dallas Parish Episcopal,Stanford,EDGE,73.0,216.0,3.0,0.8653,Dallas,TX,USA,"{'latitude': 32.7762719, 'longitude': -96.7968559, 'fipsCode': '48113'}"
112219,4922996,HighSchool,2023,982.0,Dylan Wade,Jones,Maryland,ATH,76.0,240.0,3.0,0.865,Orlando,FL,USA,"{'latitude': 28.5421109, 'longitude': -81.3790304, 'fipsCode': '12095'}"
112224,5117455,HighSchool,2023,982.0,Ty Benefield,Crean Lutheran,Boise State,ATH,74.0,185.0,3.0,0.865,Irvine,CA,USA,"{'latitude': 33.6856969, 'longitude': -117.8259819, 'fipsCode': '06059'}"
112218,,HighSchool,2023,982.0,Nnamdi Udeogu,Georgetown Preparatory,Princeton,EDGE,77.0,228.0,3.0,0.865,Rockville,MD,USA,"{'latitude': 39.0840054, 'longitude': -77.1527573, 'fipsCode': '24031'}"
112217,5075961,HighSchool,2023,982.0,Cooper Powers,De La Salle,TCU,IOL,77.0,280.0,3.0,0.865,Concord,CA,USA,"{'latitude': 37.9768525, 'longitude': -122.0335624, 'fipsCode': '06013'}"
112223,5122065,HighSchool,2023,982.0,Vaka Hansen,St. John Bosco,San José State,DL,73.0,305.0,3.0,0.865,ORANGE,CA,USA,"{'latitude': None, 'longitude': None, 'fipsCode': None}"
112220,5154305,HighSchool,2023,982.0,Cruce Brookins,Steel Valley,Pittsburgh,S,73.0,180.0,3.0,0.865,Homestead,PA,USA,"{'latitude': 40.4059025, 'longitude': -79.9119948, 'fipsCode': '42003'}"
112222,5120456,HighSchool,2023,982.0,Kwinten Ives,Palmyra,Nebraska,RB,75.0,180.0,3.0,0.865,Palmyra,NJ,USA,"{'latitude': 40.0070565, 'longitude': -75.0282271, 'fipsCode': '34005'}"
112221,5077357,HighSchool,2023,982.0,Sean Brown,Simi Valley,Michigan State,CB,75.0,195.0,3.0,0.865,Simi Valley,CA,USA,"{'latitude': 34.2694474, 'longitude': -118.781482, 'fipsCode': '06111'}"
112228,5168708,HighSchool,2023,990.0,Arnold Barnes III,KIPP Booker T. Washington,Tulane,RB,69.0,224.0,3.0,0.8647,New Orleans,LA,USA,"{'latitude': 29.9499323, 'longitude': -90.0701156, 'fipsCode': '22071'}"
112229,5078251,HighSchool,2023,990.0,Justin Marshall,Merrillville,Colorado State,WR,71.0,175.0,3.0,0.8647,Merrillville,IN,USA,"{'latitude': 41.4828144, 'longitude': -87.3328139, 'fipsCode': '18089'}"
112227,4954446,HighSchool,2023,990.0,Zachary Tobe,Ocoee,Illinois,S,73.0,175.0,3.0,0.8647,Ocoee,FL,USA,"{'latitude': 28.5695186, 'longitude': -81.544117, 'fipsCode': '12095'}"
112233,4981325,HighSchool,2023,990.0,Cam Fleming,Trinity Episcopal,Virginia Tech,CB,72.0,185.0,3.0,0.8647,Richmond,VA,USA,"{'latitude': 37.5385087, 'longitude': -77.43428, 'fipsCode': '51760'}"
112230,5077406,HighSchool,2023,990.0,Kimari Robinson,St. Thomas Aquinas,Duke,CB,70.0,170.0,3.0,0.8647,Fort Lauderdale,FL,USA,"{'latitude': 26.1223084, 'longitude': -80.1433786, 'fipsCode': '12011'}"
112234,5077216,HighSchool,2023,990.0,Kamron Sandlin,Anniston,South Carolina,ATH,74.0,215.0,3.0,0.8647,Anniston,AL,USA,"{'latitude': 33.695381, 'longitude': -85.83984227882328, 'fipsCode': '01015'}"
112225,,HighSchool,2023,990.0,Mateaki Helu,Stansbury,Utah,ATH,72.0,200.0,3.0,0.8647,Tooele,UT,USA,"{'latitude': 40.5307776, 'longitude': -112.29828, 'fipsCode': '49045'}"
112235,5078914,HighSchool,2023,990.0,Tamarcus Cooley,Rolesville,Maryland,S,72.0,195.0,3.0,0.8647,Rolesville,NC,USA,"{'latitude': 35.9232862, 'longitude': -78.4573914, 'fipsCode': '37183'}"
112226,4954445,HighSchool,2023,990.0,Dillon Thieneman,Westfield,Purdue,S,72.0,190.0,3.0,0.8647,Westfield,IN,USA,"{'latitude': 40.0428151, 'longitude': -86.1274888, 'fipsCode': '18057'}"
112231,4923293,HighSchool,2023,990.0,James Jenkins,Carrollwood Day,South Florida,IOL,77.0,270.0,3.0,0.8647,Tampa,FL,USA,"{'latitude': 27.9477595, 'longitude': -82.458444, 'fipsCode': '12057'}"
112232,5078104,HighSchool,2023,990.0,Jo'Laison Landry,C.E. King,Texas State,DL,75.0,240.0,3.0,0.8647,Houston,TX,USA,"{'latitude': 29.7589382, 'longitude': -95.3676974, 'fipsCode': '48201'}"
112236,5080400,HighSchool,2023,1001.0,Anthony Miles,Ramsay,Vanderbilt,IOL,77.0,285.0,3.0,0.8645,Birmingham,AL,USA,"{'latitude': 33.5206824, 'longitude': -86.8024326, 'fipsCode': '01073'}"
112239,4895923,HighSchool,2023,1002.0,Kaden Moorman,Franklin County,Louisville,ATH,70.0,205.0,3.0,0.8644,Frankfort,KY,USA,"{'latitude': 38.2009055, 'longitude': -84.8732836, 'fipsCode': '21073'}"
112238,4870964,HighSchool,2023,1002.0,Will Randle,Isidore Newman,Texas,TE,75.0,220.0,3.0,0.8644,New Orleans,LA,USA,"{'latitude': 29.9499323, 'longitude': -90.0701156, 'fipsCode': '22071'}"
112242,5104741,HighSchool,2023,1002.0,Bryce Boulton,Palm Desert,Oregon,IOL,75.0,255.0,3.0,0.8644,Palm Desert,CA,USA,"{'latitude': 33.7288179, 'longitude': -116.3825711, 'fipsCode': '06065'}"
112237,4920156,HighSchool,2023,1002.0,Dylan Rizk,Cardinal Gibbons,UCF,QB,74.0,210.0,3.0,0.8644,Fort Lauderdale,FL,USA,"{'latitude': 26.1223084, 'longitude': -80.1433786, 'fipsCode': '12011'}"
112240,4921268,HighSchool,2023,1002.0,Brad Spence,Klein Forest,Arkansas,EDGE,74.0,225.0,3.0,0.8644,Houston,TX,USA,"{'latitude': 29.7589382, 'longitude': -95.3676974, 'fipsCode': '48201'}"
112241,4923028,HighSchool,2023,1002.0,Quentin Ajiero,North Cobb,Duke,CB,70.0,170.0,3.0,0.8644,Kennesaw,GA,USA,"{'latitude': 34.0234337, 'longitude': -84.6154897, 'fipsCode': '13067'}"
112244,4921259,HighSchool,2023,1008.0,Ethan Mackenny,Lassiter,Georgia Tech,OT,76.0,277.0,3.0,0.8642,Marietta,GA,USA,"{'latitude': 33.9528472, 'longitude': -84.5496148, 'fipsCode': '13067'}"
112248,5078014,HighSchool,2023,1008.0,Brandon Johnson,Highland,Arizona,RB,69.0,185.0,3.0,0.8642,Palmdale,CA,USA,"{'latitude': 34.5793131, 'longitude': -118.1171108, 'fipsCode': '06037'}"
112243,4950542,HighSchool,2023,1008.0,Jonah Rodriguez,Madison,San Diego State,OT,76.0,275.0,3.0,0.8642,San Diego,CA,USA,"{'latitude': 32.7174209, 'longitude': -117.1627714, 'fipsCode': '06073'}"
112246,4921323,HighSchool,2023,1008.0,K'Vion Thunderbird,Kenwood Academy,Arizona State,LB,73.0,215.0,3.0,0.8642,Chicago,IL,USA,"{'latitude': 41.8755616, 'longitude': -87.6244212, 'fipsCode': '17031'}"
112245,5121567,HighSchool,2023,1008.0,Josiah Cox,San Diego Lincoln,Arizona State,S,74.0,180.0,3.0,0.8642,San Diego,CA,USA,"{'latitude': 32.7174209, 'longitude': -117.1627714, 'fipsCode': '06073'}"
112247,4870936,HighSchool,2023,1008.0,Shamar McNeil,American Heritage,Missouri,CB,75.0,175.0,3.0,0.8642,Fort Lauderdale,FL,USA,"{'latitude': 26.1223084, 'longitude': -80.1433786, 'fipsCode': '12011'}"
112254,5078579,HighSchool,2023,1014.0,Ethon Cole,Lake Minneola,Purdue,S,74.0,190.0,3.0,0.8639,Lake Minneola,FL,USA,"{'latitude': 28.574159, 'longitude': -81.76767074806016, 'fipsCode': '12069'}"
112257,4871021,HighSchool,2023,1014.0,Lamar Seymore,Miami Central,Pittsburgh,WR,74.0,185.0,3.0,0.8639,Miami,FL,USA,"{'latitude': 25.7742658, 'longitude': -80.1936589, 'fipsCode': '12086'}"
112253,5015143,HighSchool,2023,1014.0,Amier Washington,Little Cypress-Mauriceville,Texas Tech,DL,74.5,245.0,3.0,0.8639,Orange,TX,USA,"{'latitude': 30.0929879, 'longitude': -93.7365549, 'fipsCode': '48361'}"
112256,5054079,HighSchool,2023,1014.0,Hannes Hammer,North Cross,Virginia Tech,OT,78.5,272.0,3.0,0.8639,Roanoke,VA,USA,"{'latitude': 37.270973, 'longitude': -79.9414313, 'fipsCode': '51770'}"
112250,,HighSchool,2023,1014.0,Justin Cryer,Brookshire Royal,Northwestern,LB,73.0,230.0,3.0,0.8639,Brookshire,TX,USA,"{'latitude': 29.7860643, 'longitude': -95.9510661, 'fipsCode': '48473'}"
112255,5075590,HighSchool,2023,1014.0,Alex Elliott,Hutchinson,Minnesota,LB,74.0,200.0,3.0,0.8639,Hutchinson,MN,USA,"{'latitude': 44.8877401, 'longitude': -94.3697057, 'fipsCode': '27085'}"
112251,,HighSchool,2023,1014.0,Joshua Gregory,Christian Brothers College,Cincinnati,OT,79.0,270.0,3.0,0.8639,St. Louis,MO,USA,"{'latitude': 38.6268039, 'longitude': -90.1994097, 'fipsCode': '29510'}"
112249,,HighSchool,2023,1014.0,Dakota Patterson,Boyle County,,ATH,73.5,194.0,3.0,0.8639,Danville,KY,USA,"{'latitude': 37.6456488, 'longitude': -84.7721823, 'fipsCode': '21021'}"
112252,5076597,HighSchool,2023,1014.0,Tony Terry,Jackson,Kansas,DL,77.0,245.0,3.0,0.8639,Fort Dodge,IA,USA,"{'latitude': 42.4974694, 'longitude': -94.1680158, 'fipsCode': '19187'}"
112259,5078098,HighSchool,2023,1023.0,Kamal Bonner,Colquitt County,NC State,LB,74.0,200.0,3.0,0.8636,Moultrie,GA,USA,"{'latitude': 31.179998, 'longitude': -83.7887928, 'fipsCode': '13071'}"
112260,5160131,HighSchool,2023,1023.0,Adam Moore,Miami Northwestern,SMU,TE,74.0,220.0,3.0,0.8636,Miami,FL,USA,"{'latitude': 25.7742658, 'longitude': -80.1936589, 'fipsCode': '12086'}"
112258,5156050,HighSchool,2023,1023.0,Bubba Jeffries,Alcoa,Indiana,IOL,77.0,298.0,3.0,0.8636,Alcoa,TN,USA,"{'latitude': 35.7895271, 'longitude': -83.9737935, 'fipsCode': '47009'}"
112273,5125365,HighSchool,2023,1026.0,Taylor Heim,Bethany,Oklahoma,LB,76.0,190.0,3.0,0.8633,Bethany,OK,USA,"{'latitude': 35.5186728, 'longitude': -97.6322648, 'fipsCode': '40109'}"
112271,5064160,HighSchool,2023,1026.0,Jesse Ofurie,St. John's Prep,Rutgers,WR,74.0,195.0,3.0,0.8633,Danvers,MA,USA,"{'latitude': 42.5750946, 'longitude': -70.9300507, 'fipsCode': '25009'}"
112266,,HighSchool,2023,1026.0,Carson Mott,Simi Valley,Weber State,EDGE,77.0,240.0,3.0,0.8633,Simi Valley,CA,USA,"{'latitude': 34.2694474, 'longitude': -118.781482, 'fipsCode': '06111'}"
112272,5104738,HighSchool,2023,1026.0,Ryan Browne,Milford Academy,Purdue,QB,76.0,195.0,3.0,0.8633,New Berlin,NY,USA,"{'latitude': 42.6239023, 'longitude': -75.3321363, 'fipsCode': '36017'}"
112269,4923033,HighSchool,2023,1026.0,Winston Berglund,Carmel,Purdue,S,73.0,191.0,3.0,0.8633,Carmel,IN,USA,"{'latitude': 39.9788017, 'longitude': -86.1189257, 'fipsCode': '18057'}"
112265,4923257,HighSchool,2023,1026.0,Wesley Fair,Wichita Collegiate School,Kansas State,ATH,74.0,180.0,3.0,0.8633,Wichita,KS,USA,"{'latitude': 37.6922361, 'longitude': -97.3375448, 'fipsCode': '20173'}"
112263,4921518,HighSchool,2023,1026.0,Famah Toure,Irvington,Rutgers,WR,75.0,195.0,3.0,0.8633,Pleasantville,NJ,USA,"{'latitude': 39.3898388, 'longitude': -74.5240422, 'fipsCode': '34001'}"
112267,4921441,HighSchool,2023,1026.0,Jordan Mayer,Thomas Jefferson,Wisconsin,EDGE,76.0,235.0,3.0,0.8633,Clairton,PA,USA,"{'latitude': 40.2922938, 'longitude': -79.8817181, 'fipsCode': '42003'}"
112270,4921432,HighSchool,2023,1026.0,Dillan Fontus,Canarsie,Maryland,EDGE,77.0,245.0,3.0,0.8633,Brooklyn,NY,USA,"{'latitude': 40.6501038, 'longitude': -73.9495823, 'fipsCode': '36047'}"
112268,4954503,HighSchool,2023,1026.0,Jordan Whitney,Oxnard Pacifica,Washington,LB,74.0,205.0,3.0,0.8633,Oxnard,CA,USA,"{'latitude': 34.1976308, 'longitude': -119.1803818, 'fipsCode': '06111'}"
112262,5076584,HighSchool,2023,1026.0,TJ Washington Jr.,Wylie East,Iowa,RB,69.5,200.0,3.0,0.8633,Wylie,TX,USA,"{'latitude': 33.0151201, 'longitude': -96.5388789, 'fipsCode': '48085'}"
112264,5154324,HighSchool,2023,1026.0,Jojo Hayden,East St. Louis,Illinois,LB,74.0,235.0,3.0,0.8633,East St. Louis,IL,USA,"{'latitude': 38.6244952, 'longitude': -90.1509429, 'fipsCode': '17163'}"
112261,4870628,HighSchool,2023,1026.0,Jameian Buxton,Thibodaux,UTSA,DL,73.0,290.0,3.0,0.8633,Houma,LA,USA,"{'latitude': 29.5957696, 'longitude': -90.7195348, 'fipsCode': '22109'}"
112281,5121603,HighSchool,2023,1039.0,Mason Goldman,Gretna,Nebraska,OT,78.0,260.0,3.0,0.8631,Gretna,NE,USA,"{'latitude': 41.1469269, 'longitude': -96.2390053, 'fipsCode': '31153'}"
112276,5110464,HighSchool,2023,1039.0,Braylon Johnson,Highland Springs,Virginia Tech,S,73.0,170.0,3.0,0.8631,Highland Springs,VA,USA,"{'latitude': 37.5460121, 'longitude': -77.3278441, 'fipsCode': '51087'}"
112274,4917943,HighSchool,2023,1039.0,Aidan Gray,Naperville North,Northwestern,QB,75.0,200.0,3.0,0.8631,Naperville,IL,USA,"{'latitude': 41.7728699, 'longitude': -88.1479278, 'fipsCode': '17043'}"
112280,5073962,HighSchool,2023,1039.0,Aidan Hall,Harlan,Iowa,ATH,73.0,200.0,3.0,0.8631,Harlan,IA,USA,"{'latitude': 41.6532994, 'longitude': -95.3250603, 'fipsCode': '19165'}"
112282,5077117,HighSchool,2023,1039.0,Montana Warren,Henderson,Arizona State,S,74.0,180.0,3.0,0.8631,Henderson,TX,USA,"{'latitude': 32.1532157, 'longitude': -94.7993802, 'fipsCode': '48401'}"
112275,4921241,HighSchool,2023,1039.0,Austin Barrett,St. Charles East,Indiana,OT,79.0,275.0,3.0,0.8631,St. Charles,IL,USA,"{'latitude': 41.9139509, 'longitude': -88.31253, 'fipsCode': '17089'}"
112278,4872726,HighSchool,2023,1039.0,Maddux Borcherding-Johnson,Norwalk,Iowa,DL,75.0,270.0,3.0,0.8631,Norwalk,IA,USA,"{'latitude': 41.4755461, 'longitude': -93.6788304, 'fipsCode': '19181'}"
112279,5077209,HighSchool,2023,1039.0,Jordan Lester,Mesquite Horn,TCU,S,74.0,181.0,3.0,0.8631,Mesquite,TX,USA,"{'latitude': 32.7666103, 'longitude': -96.599472, 'fipsCode': '48113'}"
112277,4935302,HighSchool,2023,1039.0,Sam Sledge,Creighton Prep,Nebraska,IOL,76.0,270.0,3.0,0.8631,Omaha,NE,USA,"{'latitude': 41.2587459, 'longitude': -95.9383758, 'fipsCode': '31055'}"
112283,5125153,HighSchool,2023,1039.0,Che Ojarikre,Denmark,Stanford,S,74.0,180.0,3.0,0.8631,Alpharetta,GA,USA,"{'latitude': 34.0709576, 'longitude': -84.2747329, 'fipsCode': '13121'}"
112284,5113896,HighSchool,2023,1049.0,Cole LaCrue,Broomfield,Wisconsin,QB,74.0,190.0,3.0,0.8628,Broomfield,CO,USA,"{'latitude': 39.9203827, 'longitude': -105.0691464, 'fipsCode': '08014'}"
112286,5080479,HighSchool,2023,1049.0,Taye Seymore,South Atlanta,Georgia Tech,LB,73.0,200.0,3.0,0.8628,Atlanta,GA,USA,"{'latitude': 33.7490987, 'longitude': -84.3901849, 'fipsCode': '13121'}"
112285,5084987,HighSchool,2023,1049.0,Kahlee Tafai,Leuzinger,Washington,OT,78.0,300.0,3.0,0.8628,Lawndale,CA,USA,"{'latitude': 33.8885217, 'longitude': -118.3531991, 'fipsCode': '06037'}"
216945,5085389,HighSchool,2023,1052.0,Jett Runion,Aubrey,Houston,DL,77.0,230.0,3.0,0.8626,Aubrey,TX,USA,"{'latitude': 33.31420850000001, 'longitude': -96.97563229497024, 'fipsCode': '48121'}"
112287,4923281,HighSchool,2023,1052.0,Jamel Hardy Jr.,Lincoln,UTSA,WR,74.0,190.0,3.0,0.8626,Dallas,TX,USA,"{'latitude': 32.7762719, 'longitude': -96.7968559, 'fipsCode': '48113'}"
112288,4918455,HighSchool,2023,1052.0,Lontrell Turner,Duncanville,Incarnate Word,WR,71.0,180.0,3.0,0.8626,Duncanville,TX,USA,"{'latitude': 32.6518004, 'longitude': -96.9083366, 'fipsCode': '48113'}"
112294,5086009,HighSchool,2023,1055.0,Jamarion Carroll,Hirschi,SMU,WR,73.0,180.0,3.0,0.8625,Wichita Falls,TX,USA,"{'latitude': 33.9137085, 'longitude': -98.4933873, 'fipsCode': '48485'}"
112290,4921449,HighSchool,2023,1055.0,Dylan Roberts,Peoria Centennial,Northwestern,DL,75.0,285.0,3.0,0.8625,Peoria,AZ,USA,"{'latitude': 33.5806115, 'longitude': -112.2372942, 'fipsCode': '04013'}"
112293,5075319,HighSchool,2023,1055.0,Dylan Braithwaite,Holy Trinity Diocesan,Rutgers,WR,70.0,175.0,3.0,0.8625,Hicksville,NY,USA,"{'latitude': 40.7684331, 'longitude': -73.5251253, 'fipsCode': '36059'}"
112291,4875128,HighSchool,2023,1055.0,Lex Thomas,Heritage,NC State,QB,71.0,193.0,3.0,0.8625,Wake Forest,NC,USA,"{'latitude': 35.9803138, 'longitude': -78.5103731, 'fipsCode': '37183'}"
112292,4918107,HighSchool,2023,1055.0,Reid Mikeska,Bridgeland,South Carolina,TE,77.5,233.0,3.0,0.8625,Cypress,TX,USA,"{'latitude': 29.9691116, 'longitude': -95.6971686, 'fipsCode': '48201'}"
112295,5121619,HighSchool,2023,1055.0,Tywon Wray Jr.,Campbell,Oklahoma State,S,75.0,180.0,3.0,0.8625,Smyrna,GA,USA,"{'latitude': 33.883887, 'longitude': -84.5147454, 'fipsCode': '13067'}"
112289,5157291,HighSchool,2023,1055.0,Andre Jordan Jr.,Federal Way,Oregon State,CB,73.0,165.0,3.0,0.8625,Federal Way,WA,USA,"{'latitude': 47.313494, 'longitude': -122.3393103, 'fipsCode': '53033'}"
112299,4920188,HighSchool,2023,1062.0,Vance Bolyard,Northern Guilford,Duke,TE,78.0,225.0,3.0,0.8622,Greensboro,NC,USA,"{'latitude': 36.0726355, 'longitude': -79.7919754, 'fipsCode': '37081'}"
112304,4921322,HighSchool,2023,1062.0,Zion Taylor,Norcross,Georgia Tech,WR,73.0,185.0,3.0,0.8622,Norcross,GA,USA,"{'latitude': 33.9412127, 'longitude': -84.2135309, 'fipsCode': '13135'}"
112298,,HighSchool,2023,1062.0,Kam Bizor,C.E. King,Arkansas-Pine Bluff,EDGE,74.0,235.0,3.0,0.8622,Houston,TX,USA,"{'latitude': 29.7589382, 'longitude': -95.3676974, 'fipsCode': '48201'}"
112301,4921448,HighSchool,2023,1062.0,Dominic Rivera,Olmsted Falls,Rutgers,OT,79.0,310.0,3.0,0.8622,Olmsted Falls,OH,USA,"{'latitude': 41.375049, 'longitude': -81.9081937, 'fipsCode': '39035'}"
112300,5078548,HighSchool,2023,1062.0,Jailen Ruth,Hawthorne,Vanderbilt,LB,75.0,195.0,3.0,0.8622,Hawthorne,FL,USA,"{'latitude': 29.5918856, 'longitude': -82.0869578, 'fipsCode': '12001'}"
112306,4870618,HighSchool,2023,1062.0,Dwight Bootle II,Miami Palmetto,Nebraska,CB,70.0,165.0,3.0,0.8622,Miami,FL,USA,"{'latitude': 25.7742658, 'longitude': -80.1936589, 'fipsCode': '12086'}"
112307,5121384,HighSchool,2023,1062.0,Ezekiel Avit,Winston Churchill,Maryland,WR,75.0,180.0,3.0,0.8622,Potomac,MD,USA,"{'latitude': 39.017936, 'longitude': -77.2094542, 'fipsCode': '24031'}"
112303,5075566,HighSchool,2023,1062.0,Kelvon McBride,Cottage Hill Christian Academy,NC State,LB,75.0,210.0,3.0,0.8622,Mobile,AL,USA,"{'latitude': 30.6943566, 'longitude': -88.0430541, 'fipsCode': '01097'}"
112296,5160955,HighSchool,2023,1062.0,Jojo Phillips,Sierra Canyon,BYU,WR,76.5,190.0,3.0,0.8622,Chatsworth,CA,USA,"{'latitude': 34.2595715, 'longitude': -118.6023247, 'fipsCode': '06037'}"
112302,4923030,HighSchool,2023,1062.0,Jesse Anderson III,Cardinal Gibbons,Pittsburgh,ATH,72.0,175.0,3.0,0.8622,Fort Lauderdale,FL,USA,"{'latitude': 26.1223084, 'longitude': -80.1433786, 'fipsCode': '12011'}"
112305,5117317,HighSchool,2023,1062.0,Chase Martin,Thousand Oaks,Boise State,LB,73.0,205.0,3.0,0.8622,Thousand Oaks,CA,USA,"{'latitude': 34.17142715, 'longitude': -118.91058772974445, 'fipsCode': '06111'}"
112297,4899137,HighSchool,2023,1062.0,Johnny Thompson Jr.,Oaks Christian,Kansas,RB,70.0,190.0,3.0,0.8622,Westlake Village,CA,USA,"{'latitude': 34.1460234, 'longitude': -118.8061794, 'fipsCode': '06037'}"
112310,5116972,HighSchool,2023,1074.0,Clyde Curry,Gadsden City,Arkansas State,WR,75.0,165.0,3.0,0.8619,Gadsden,AL,USA,"{'latitude': 34.010929, 'longitude': -85.9989596, 'fipsCode': '01055'}"
112309,5092348,HighSchool,2023,1074.0,Jaden Gibson,Rabun County,Virginia,WR,73.0,185.0,3.0,0.8619,Tiger,GA,USA,"{'latitude': 34.8470372, 'longitude': -83.4329399, 'fipsCode': '13241'}"
112308,5172523,HighSchool,2023,1074.0,Eric Singleton Jr.,Alexander,Georgia Tech,WR,70.0,165.0,3.0,0.8619,Douglasville,GA,USA,"{'latitude': 33.7514966, 'longitude': -84.7477136, 'fipsCode': '13097'}"
112311,4871037,HighSchool,2023,1077.0,Delvin Whitaker,West Feliciana,Louisiana Tech,EDGE,74.0,245.0,3.0,0.8619,St. Francisville,LA,USA,"{'latitude': 30.7807244, 'longitude': -91.3763353, 'fipsCode': '17101'}"
112312,5119233,HighSchool,2023,1077.0,Dayton Howard,Park Hill,Iowa,WR,77.0,195.0,3.0,0.8619,Kansas City,MO,USA,"{'latitude': 39.100105, 'longitude': -94.5781416, 'fipsCode': '29095'}"
112313,,HighSchool,2023,1079.0,Leonard Ah You,Kahuku,Michigan State,LB,76.0,210.0,3.0,0.8617,Kahuku,HI,USA,"{'latitude': 21.679124, 'longitude': -157.94838, 'fipsCode': '15003'}"
112314,4921233,HighSchool,2023,1079.0,Marcus Ramon-Edwards,Trinity Christian School,Texas Tech,ATH,75.0,200.0,3.0,0.8617,Lubbock,TX,USA,"{'latitude': 33.5635206, 'longitude': -101.879336, 'fipsCode': '48303'}"
112315,5075806,HighSchool,2023,1079.0,Shymeik Jones,Camden,Georgia Tech,DL,77.0,255.0,3.0,0.8617,Camden,SC,USA,"{'latitude': 34.2465393, 'longitude': -80.6070238, 'fipsCode': '45055'}"
112316,5084909,HighSchool,2023,1079.0,RJ Lester Jr.,Northside,Oklahoma State,S,73.0,175.0,3.0,0.8617,Fort Smith,AR,USA,"{'latitude': 35.3872218, 'longitude': -94.4248983, 'fipsCode': '05131'}"
112319,5125740,HighSchool,2023,1079.0,Mac Resetich,Hall,Illinois,S,73.0,210.0,3.0,0.8617,Spring Valley,IL,USA,"{'latitude': None, 'longitude': None, 'fipsCode': None}"
112318,5121471,HighSchool,2023,1079.0,Tyshawn Russell,Bishop McDevitt,South Carolina,WR,71.0,165.0,3.0,0.8617,Harrisburg,PA,USA,"{'latitude': 40.2663107, 'longitude': -76.8861122, 'fipsCode': '42043'}"
112317,5114313,HighSchool,2023,1079.0,Jordan Onovughe,Mater Dei,Colorado,WR,74.0,190.0,3.0,0.8617,Santa Ana,CA,USA,"{'latitude': 33.7494951, 'longitude': -117.8732213, 'fipsCode': '06059'}"
112326,5078347,HighSchool,2023,1086.0,Soane Faasolo,Menlo-Atherton,Washington,OT,80.0,280.0,3.0,0.8614,Menlo Park,CA,USA,"{'latitude': 37.4519671, 'longitude': -122.1779927, 'fipsCode': '06081'}"
112320,5075648,HighSchool,2023,1086.0,Ty Perkins,Ironton,Cincinnati,WR,75.0,190.0,3.0,0.8614,Ironton,OH,USA,"{'latitude': 38.5367471, 'longitude': -82.6829406, 'fipsCode': '39087'}"
112322,5077669,HighSchool,2023,1086.0,Diesel Gordon,Arlington Seguin,Washington,CB,71.0,170.0,3.0,0.8614,Arlington,TX,USA,"{'latitude': 32.701938999999996, 'longitude': -97.10562379033699, 'fipsCode': '48439'}"
112321,5074244,HighSchool,2023,1086.0,Eryx Daugherty,Brother Rice,Boston College,DL,76.0,285.0,3.0,0.8614,Bloomfield Hills,MI,USA,"{'latitude': 42.583645, 'longitude': -83.2454883, 'fipsCode': '26125'}"
112323,5076083,HighSchool,2023,1086.0,Latreveon McCutchin,Austin LBJ,Houston,LB,74.0,205.0,3.0,0.8614,Austin,TX,USA,"{'latitude': 30.2711286, 'longitude': -97.7436995, 'fipsCode': '48453'}"
112324,4921246,HighSchool,2023,1086.0,Collin Dunn,Hillcrest-Tuscaloosa,Kansas State,S,73.0,190.0,3.0,0.8614,Tuscaloosa,AL,USA,"{'latitude': 33.2095614, 'longitude': -87.5675258, 'fipsCode': '01125'}"
112327,5150556,HighSchool,2023,1086.0,Jay Haynes,Handley,Clemson,RB,72.0,185.0,3.0,0.8614,Roanoke,AL,USA,"{'latitude': 33.1512313, 'longitude': -85.3721709, 'fipsCode': '01111'}"
112325,4910729,HighSchool,2023,1086.0,Jakevian Rodgers,Daingerfield,UTSA,ATH,72.0,160.0,3.0,0.8614,Daingerfield,TX,USA,"{'latitude': 33.0318031, 'longitude': -94.7219895, 'fipsCode': '48343'}"
112329,5027539,HighSchool,2023,1094.0,Adrian Wilson,Keller Central,Washington State,S,72.0,185.0,3.0,0.8611,Keller,TX,USA,"{'latitude': 32.9299655, 'longitude': -97.2271249, 'fipsCode': '48439'}"
112328,5156906,HighSchool,2023,1094.0,Bill Davis,Riverside Academy,Louisiana,RB,69.0,215.0,3.0,0.8611,Reserve,LA,USA,"{'latitude': 30.0538131, 'longitude': -90.5517534, 'fipsCode': '20013'}"
112330,5085312,HighSchool,2023,1096.0,Jalen Gilbert,Round Rock,Vanderbilt,S,73.0,185.0,3.0,0.8611,Round Rock,TX,USA,"{'latitude': 30.508235, 'longitude': -97.6788934, 'fipsCode': '48491'}"
112337,5078100,HighSchool,2023,1097.0,Ethan Fields,Dutchtown,Ole Miss,IOL,75.0,320.0,3.0,0.8608,Geismar,LA,USA,"{'latitude': 30.2043633, 'longitude': -91.0226013, 'fipsCode': '22005'}"
216946,5154303,HighSchool,2023,1097.0,Zion Fowler-El,St. Peter's Prep,Pittsburgh,WR,73.0,185.0,3.0,0.8608,Jersey City,NJ,USA,"{'latitude': 40.7281575, 'longitude': -74.0776417, 'fipsCode': '34017'}"
112331,4921314,HighSchool,2023,1097.0,D.J. Porter,Dorman,App State,CB,72.0,160.0,3.0,0.8608,Roebuck,SC,USA,"{'latitude': 34.8826085, 'longitude': -81.96547100908059, 'fipsCode': '45083'}"
112334,4924151,HighSchool,2023,1097.0,Montravius Lloyd,Lakewood,Pittsburgh,ATH,72.0,205.0,3.0,0.8608,St. Petersburg,FL,USA,"{'latitude': 27.7703796, 'longitude': -82.6695085, 'fipsCode': '12103'}"
256482,5077110,HighSchool,2023,1097.0,Judge Collier,Legion Collegiate Academy,South Carolina,ATH,73.0,185.0,3.0,0.8608,Rock Hill,SC,USA,"{'latitude': 34.9248667, 'longitude': -81.0250784, 'fipsCode': '45091'}"
112333,4870666,HighSchool,2023,1097.0,Norris Davis,Tampa Bay Tech,Iowa State,S,74.0,175.0,3.0,0.8608,Tampa,FL,USA,"{'latitude': 27.9477595, 'longitude': -82.458444, 'fipsCode': '12057'}"
112336,5078227,HighSchool,2023,1097.0,Braeden Wisloski,Southern Columbia Area,Maryland,ATH,71.0,185.0,3.0,0.8608,Catawissa,PA,USA,"{'latitude': 40.9548267, 'longitude': -76.4609868, 'fipsCode': '42037'}"
112335,5027433,HighSchool,2023,1097.0,Frankie Tinilau,La Salle,Miami,OT,77.0,315.0,3.0,0.8608,Miami,FL,USA,"{'latitude': 25.7742658, 'longitude': -80.1936589, 'fipsCode': '12086'}"
112332,4921454,HighSchool,2023,1097.0,Charlie Symonds,Taft School,Stanford,OT,79.0,285.0,3.0,0.8608,Watertown,CT,USA,"{'latitude': 41.6062078, 'longitude': -73.1181658, 'fipsCode': '09005'}"
112342,4918418,HighSchool,2023,1106.0,Caden Jenkins,Lewisville,Baylor,CB,73.0,171.0,3.0,0.8606,Lewisville,TX,USA,"{'latitude': 33.046233, 'longitude': -96.994174, 'fipsCode': '48121'}"
112340,5077060,HighSchool,2023,1106.0,Amare Thomas,Pinson Valley,UAB,WR,70.0,180.0,3.0,0.8606,Pinson,AL,USA,"{'latitude': 33.706205, 'longitude': -86.67007895992774, 'fipsCode': '01073'}"
112339,,HighSchool,2023,1106.0,Lavon Brown,Sierra Canyon,Colorado State,WR,73.0,180.0,3.0,0.8606,Chatsworth,CA,USA,"{'latitude': 34.2595715, 'longitude': -118.6023247, 'fipsCode': '06037'}"
112343,5088584,HighSchool,2023,1106.0,Ben Marshall,Blackman,California,TE,77.0,217.0,3.0,0.8606,Murfreesboro,TN,USA,"{'latitude': 35.845999, 'longitude': -86.3920452, 'fipsCode': '47149'}"
112341,5078280,HighSchool,2023,1106.0,Caleb Otlewski,Melissa,San Diego State,EDGE,76.0,225.0,3.0,0.8606,Melissa,TX,USA,"{'latitude': 33.2860549, 'longitude': -96.5725952, 'fipsCode': '48085'}"
112338,5120970,HighSchool,2023,1106.0,Ismael Cisse,Cherry Creek,Stanford,WR,73.0,180.0,3.0,0.8606,Englewood,CO,USA,"{'latitude': 39.6482059, 'longitude': -104.9879641, 'fipsCode': '08005'}"
112344,4918431,HighSchool,2023,1112.0,Breeon Ishmail,Princeton,Michigan,LB,76.0,220.0,3.0,0.8603,Cincinnati,OH,USA,"{'latitude': 39.1014537, 'longitude': -84.5124602, 'fipsCode': '39061'}"
216947,5165117,HighSchool,2023,1113.0,Mark Hamper,West Linn,Idaho,ATH,74.0,200.0,3.0,0.86,West Linn,OR,USA,"{'latitude': 45.3656761, 'longitude': -122.6123141, 'fipsCode': '41005'}"
216951,5122047,HighSchool,2023,1113.0,Jared Kelley,North Olmsted,Kent State,WR,71.0,190.0,3.0,0.86,North Olmsted,OH,USA,"{'latitude': 41.4156025, 'longitude': -81.9234726, 'fipsCode': '39035'}"
112353,5116821,HighSchool,2023,1113.0,Nick Hawthorne,Fort Worth Boswell,Boise State,CB,74.5,181.0,3.0,0.86,Fort Worth,TX,USA,"{'latitude': 32.753177, 'longitude': -97.3327459, 'fipsCode': '48439'}"
112352,4941014,HighSchool,2023,1113.0,Ezra Odinjor,Allatoona,Georgia Tech,EDGE,76.0,219.0,3.0,0.86,Acworth,GA,USA,"{'latitude': 34.0659329, 'longitude': -84.6768796, 'fipsCode': '13067'}"
112351,5084298,HighSchool,2023,1113.0,A.J. Fuimaono,Liberty,UCLA,DL,75.0,280.0,3.0,0.86,Henderson,NV,USA,"{'latitude': 36.0301134, 'longitude': -114.9826194, 'fipsCode': '32003'}"
112350,5074245,HighSchool,2023,1113.0,Broc Lowry,Canfield,Indiana,QB,75.0,195.0,3.0,0.86,Canfield,OH,USA,"{'latitude': 41.025059, 'longitude': -80.760912, 'fipsCode': '39099'}"
112347,5085879,HighSchool,2023,1113.0,Makai Williams,Cibolo Steele,Tulane,LB,71.5,215.0,3.0,0.86,Cibolo,TX,USA,"{'latitude': 29.5707831, 'longitude': -98.2330927, 'fipsCode': '48187'}"
112348,4921451,HighSchool,2023,1113.0,Jr Sia,Mountain Ridge,Utah State,OT,78.0,308.0,3.0,0.86,Herriman,UT,USA,"{'latitude': 40.5140894, 'longitude': -112.0328198, 'fipsCode': '49035'}"
216949,,HighSchool,2023,1113.0,Kyon Calhoun,Cocoa,,WR,77.0,183.0,3.0,0.86,Cocoa,FL,USA,"{'latitude': 28.3553873, 'longitude': -80.7318827, 'fipsCode': '12009'}"
112349,,HighSchool,2023,1113.0,Aaron Bradley,Southfield,Grand Valley State,OT,78.0,275.0,3.0,0.86,Southfield,MI,USA,"{'latitude': 42.4733689, 'longitude': -83.2218731, 'fipsCode': '26125'}"
112345,4921110,HighSchool,2023,1113.0,Chase Hendricks,St. Mary's,Ohio,WR,71.0,185.0,3.0,0.86,St. Louis,MO,USA,"{'latitude': 38.6268039, 'longitude': -90.1994097, 'fipsCode': '29510'}"
216948,,HighSchool,2023,1113.0,Will McDonald,Hudson,,DL,76.0,235.0,3.0,0.86,Hudson,WI,USA,"{'latitude': 44.9746896, 'longitude': -92.7568703, 'fipsCode': '55109'}"
216950,5151974,HighSchool,2023,1113.0,Quan Dunbar,Shawnee Mission South,Old Dominion,WR,77.0,220.0,3.0,0.86,Overland Park,KS,USA,"{'latitude': 38.9742502, 'longitude': -94.6851702, 'fipsCode': '20091'}"
112346,4950553,HighSchool,2023,1113.0,Warren Smith Jr.,El Cerrito,Washington State,CB,74.0,175.0,3.0,0.86,El Cerrito,CA,USA,"{'latitude': 37.9154056, 'longitude': -122.301411, 'fipsCode': '06013'}"
112354,5110128,HighSchool,2023,1113.0,Nikola Milovac,Clearwater Academy International,South Florida,OT,78.0,280.0,3.0,0.86,Serbia,,SRB,"{'latitude': None, 'longitude': None, 'fipsCode': None}"
112358,4870710,HighSchool,2023,1128.0,Isaiah Hardge,St. Thomas Aquinas,Colorado,WR,70.0,160.0,3.0,0.8597,Fort Lauderdale,FL,USA,"{'latitude': 26.1223084, 'longitude': -80.1433786, 'fipsCode': '12011'}"
112360,5080427,HighSchool,2023,1128.0,Messiah Blair,Martin Luther King,Eastern Michigan,EDGE,79.0,223.0,3.0,0.8597,Detroit,MI,USA,"{'latitude': 42.3315509, 'longitude': -83.0466403, 'fipsCode': '26163'}"
112365,4870663,HighSchool,2023,1128.0,Jordan Church,IMG Academy,Florida Atlantic,IOL,76.0,325.0,3.0,0.8597,Bradenton,FL,USA,"{'latitude': 27.4989278, 'longitude': -82.5748194, 'fipsCode': '12081'}"
112362,4921325,HighSchool,2023,1128.0,Travon West,Wren,Wake Forest,CB,72.0,170.0,3.0,0.8597,Piedmont,SC,USA,"{'latitude': 34.7105655, 'longitude': -82.4576113634228, 'fipsCode': '45007'}"
112357,4870631,HighSchool,2023,1128.0,Derrick Bohler,Miami Palmetto,Indiana,WR,73.0,195.0,3.0,0.8597,Miami,FL,USA,"{'latitude': 25.7742658, 'longitude': -80.1936589, 'fipsCode': '12086'}"
112361,5168769,HighSchool,2023,1128.0,Kamron Taylor,Jurupa Hills,Northern Colorado,RB,70.0,170.0,3.0,0.8597,Fontana,CA,USA,"{'latitude': 34.0922335, 'longitude': -117.435048, 'fipsCode': '06071'}"
112368,5078913,HighSchool,2023,1128.0,Deago Benson,Midlothian,Vanderbilt,RB,72.0,200.0,3.0,0.8597,Midlothian,TX,USA,"{'latitude': 32.482361, 'longitude': -96.9944489, 'fipsCode': '48139'}"
112366,5075776,HighSchool,2023,1128.0,Gavin Hunter,Mililani,Arizona,ATH,74.0,190.0,3.0,0.8597,Mililani,HI,USA,"{'latitude': 21.4508308, 'longitude': -158.0095783, 'fipsCode': '15003'}"
112367,4923220,HighSchool,2023,1128.0,Carter Davis,Mount Saint Joseph,Boston College,S,74.0,170.0,3.0,0.8597,Baltimore,MD,USA,"{'latitude': 39.2908816, 'longitude': -76.610759, 'fipsCode': '24510'}"
112356,4954504,HighSchool,2023,1128.0,Jamarie Wiggins,Waco Connally,Sam Houston,S,73.0,180.0,3.0,0.8597,Waco,TX,USA,"{'latitude': 31.549333, 'longitude': -97.1466695, 'fipsCode': '48309'}"
112359,5026719,HighSchool,2023,1128.0,Rashard Perry,Bennett,Syracuse,DL,75.0,245.0,3.0,0.8597,Buffalo,NY,USA,"{'latitude': 42.8867166, 'longitude': -78.8783922, 'fipsCode': '36029'}"
112363,5075851,HighSchool,2023,1128.0,Sam Peters,Maple Grove,Minnesota,TE,76.0,225.0,3.0,0.8597,Osseo,MN,USA,"{'latitude': 45.11715785, 'longitude': -93.39877096552499, 'fipsCode': '27053'}"
112355,4921262,HighSchool,2023,1128.0,TJ McMillen,St. Francis,Illinois,IOL,75.0,270.0,3.0,0.8597,Wheaton,IL,USA,"{'latitude': 41.8646959, 'longitude': -88.1101709, 'fipsCode': '17043'}"
112364,4917058,HighSchool,2023,1128.0,Reese Tripp,Kasson-Mantorville,Minnesota,OT,79.0,315.0,3.0,0.8597,Kasson,MN,USA,"{'latitude': 44.0297055, 'longitude': -92.7503451, 'fipsCode': '27039'}"
112369,5157300,HighSchool,2023,1142.0,Zakaih Saez,St. Thomas Aquinas,Oregon State,EDGE,76.0,230.0,3.0,0.8594,Fort Lauderdale,FL,USA,"{'latitude': 26.1223084, 'longitude': -80.1433786, 'fipsCode': '12011'}"
112370,4923294,HighSchool,2023,1142.0,Kendall Johnson,Quince Orchard,Duke,LB,75.0,215.0,3.0,0.8594,Gaithersburg,MD,USA,"{'latitude': 39.1434406, 'longitude': -77.2013705, 'fipsCode': '24031'}"
112371,5119234,HighSchool,2023,1142.0,Sid Kaba,KIPP Columbus,Western Michigan,DL,75.0,260.0,3.0,0.8594,Columbus,OH,USA,"{'latitude': 39.9622601, 'longitude': -83.0007065, 'fipsCode': '39049'}"
112372,5077368,HighSchool,2023,1142.0,Jonathan Akins,Madison County,Maryland,CB,71.0,170.0,3.0,0.8594,Madison,FL,USA,"{'latitude': 30.4693772, 'longitude': -83.4129254, 'fipsCode': '12079'}"
112374,5120869,HighSchool,2023,1146.0,Ashton Ojiaku,Richmond Foster,Rice,ATH,72.0,195.0,3.0,0.8593,Richmond,TX,USA,"{'latitude': 29.5821811, 'longitude': -95.7607832, 'fipsCode': '48157'}"
112373,,HighSchool,2023,1146.0,Jaden Booker,Palmetto Ridge,,RB,70.0,195.0,3.0,0.8593,Naples,FL,USA,"{'latitude': 26.1421976, 'longitude': -81.7942944, 'fipsCode': '12021'}"
112376,5078816,HighSchool,2023,1148.0,Jackson Holman,Mission Viejo,Arizona,WR,75.0,200.0,3.0,0.8592,Mission Viejo,CA,USA,"{'latitude': 33.5965685, 'longitude': -117.659405, 'fipsCode': '06059'}"
112381,5125762,HighSchool,2023,1148.0,Philipp Davis,Lake Wales,Michigan State,S,73.0,180.0,3.0,0.8592,Lake Wales,FL,USA,"{'latitude': 27.9014133, 'longitude': -81.5859099, 'fipsCode': '12105'}"
112380,4922992,HighSchool,2023,1148.0,Israel Polk,St. John Bosco,Pittsburgh,ATH,74.5,170.0,3.0,0.8592,Bellflower,CA,USA,"{'latitude': 33.8825705, 'longitude': -118.1167679, 'fipsCode': '06037'}"
112378,5078049,HighSchool,2023,1148.0,Terrence McWilliams Jr.,North Central,Minnesota,WR,73.0,170.0,3.0,0.8592,Indianapolis,IN,USA,"{'latitude': 39.7683331, 'longitude': -86.1583502, 'fipsCode': '18097'}"
112377,4907544,HighSchool,2023,1148.0,Sean Boyle,Charlotte Catholic,West Virginia,QB,74.0,197.0,3.0,0.8592,Charlotte,NC,USA,"{'latitude': 35.2272, 'longitude': -80.843083, 'fipsCode': '37119'}"
112375,5150663,HighSchool,2023,1148.0,Robert Long,St. Peter's Prep,Maryland,QB,71.0,200.0,3.0,0.8592,Jersey City,NJ,USA,"{'latitude': 40.7281575, 'longitude': -74.0776417, 'fipsCode': '34017'}"
112379,5076107,HighSchool,2023,1148.0,Dante Kelly,Leflore County,Vanderbilt,ATH,74.5,195.0,3.0,0.8592,Itta Bena,MS,USA,"{'latitude': 33.49512, 'longitude': -90.3198067, 'fipsCode': '28083'}"
112382,5080547,HighSchool,2023,1155.0,Peter Clarke,NFL Academy,Temple,TE,78.0,248.0,3.0,0.8589,London,EN,England,"{'latitude': None, 'longitude': None, 'fipsCode': None}"
112383,5121988,HighSchool,2023,1155.0,Kevin Allen,Everman,SMU,DL,75.0,280.0,3.0,0.8589,Fort Worth,TX,USA,"{'latitude': 32.753177, 'longitude': -97.3327459, 'fipsCode': '48439'}"
112391,5121586,HighSchool,2023,1157.0,Markus Strong,Union County,Oklahoma,DL,75.0,265.0,3.0,0.8589,Raiford,FL,USA,"{'latitude': 30.0638497, 'longitude': -82.2364997, 'fipsCode': '12125'}"
112389,5114331,HighSchool,2023,1157.0,Suderian Harrison,Woodland,Virginia,ATH,70.0,165.0,3.0,0.8589,Dorchester,SC,USA,"{'latitude': 32.8496198, 'longitude': -79.9881442, 'fipsCode': '45019'}"
112385,4921111,HighSchool,2023,1157.0,TJ Johnson,Oscar Smith,West Virginia,WR,76.0,210.0,3.0,0.8589,Chesapeake,VA,USA,"{'latitude': 36.7183708, 'longitude': -76.2466798, 'fipsCode': '51550'}"
112387,4920161,HighSchool,2023,1157.0,Tripp Riordan,Frisco Wakeland,SMU,TE,76.5,245.0,3.0,0.8589,Frisco,TX,USA,"{'latitude': 33.1506744, 'longitude': -96.8236116, 'fipsCode': '48085'}"
112386,,HighSchool,2023,1157.0,Paul Davis,Hart County,,WR,73.0,188.0,3.0,0.8589,Hartwell,GA,USA,"{'latitude': 34.3528825, 'longitude': -82.932087, 'fipsCode': '13147'}"
112384,4921258,HighSchool,2023,1157.0,Jonah Lewis,Inglewood,Nevada,CB,71.5,175.0,3.0,0.8589,Inglewood,CA,USA,"{'latitude': 33.9562003, 'longitude': -118.353132, 'fipsCode': '06037'}"
112388,4950544,HighSchool,2023,1157.0,Phillip Roche,Merrillville,Missouri,S,73.0,190.0,3.0,0.8589,Merrillville,IN,USA,"{'latitude': 41.4828144, 'longitude': -87.3328139, 'fipsCode': '18089'}"
112390,5076098,HighSchool,2023,1157.0,Obadiah Obasuyi,Alpharetta,NC State,OT,78.0,288.0,3.0,0.8589,Alpharetta,GA,USA,"{'latitude': 34.0709576, 'longitude': -84.2747329, 'fipsCode': '13121'}"
216952,4918436,HighSchool,2023,1157.0,Jamaal Shaw,West Orange-Stark,Houston,S,73.0,180.0,3.0,0.8589,Orange,TX,USA,"{'latitude': 30.0929879, 'longitude': -93.7365549, 'fipsCode': '48361'}"
112393,5078166,HighSchool,2023,1166.0,Ajani Sheppard,Iona Prep,Rutgers,QB,74.0,230.0,3.0,0.8586,New Rochelle,NY,USA,"{'latitude': 40.9115386, 'longitude': -73.7826363, 'fipsCode': '36119'}"
112392,4908552,HighSchool,2023,1166.0,Dorian Thomas,Kentridge,Arizona,TE,76.0,220.0,3.0,0.8586,Kent,WA,USA,"{'latitude': 47.3826903, 'longitude': -122.2270272, 'fipsCode': '53033'}"
112397,5121992,HighSchool,2023,1168.0,Jahiem Johnson,Hammond,Tulane,ATH,72.0,175.0,3.0,0.8585,Hammond,LA,USA,"{'latitude': 30.5043583, 'longitude': -90.4611995, 'fipsCode': '18089'}"
112398,,HighSchool,2023,1168.0,Ryan Mooney,Orchard Lake St. Mary's,Harvard,WR,76.0,170.0,3.0,0.8585,Orchard Lake,MI,USA,"{'latitude': 42.5869558, 'longitude': -83.36895696372882, 'fipsCode': '26125'}"
112395,,HighSchool,2023,1168.0,Jevell Fugerson,Lee County,Buffalo,WR,73.0,182.0,3.0,0.8585,Leesburg,GA,USA,"{'latitude': 31.7324556, 'longitude': -84.1711966, 'fipsCode': '13177'}"
112394,,HighSchool,2023,1168.0,Jeremiah Shack,Mandarin,,WR,75.0,191.0,3.0,0.8585,Jacksonville,FL,USA,"{'latitude': 30.3321838, 'longitude': -81.655651, 'fipsCode': '12031'}"
112396,4921239,HighSchool,2023,1168.0,Brian Alston,Spain Park,Arkansas State,EDGE,74.0,230.0,3.0,0.8585,Birmingham,AL,USA,"{'latitude': 33.5206824, 'longitude': -86.8024326, 'fipsCode': '01073'}"
112409,4923034,HighSchool,2023,1173.0,Gensley Auguste,West Orange,Temple,DL,77.0,255.0,3.0,0.8583,West Orange,NJ,USA,"{'latitude': 40.7987113, 'longitude': -74.2390353, 'fipsCode': '34013'}"
112415,,HighSchool,2023,1173.0,Hayden Moore,Regis Jesuit,Michigan,LB,75.0,210.0,3.0,0.8583,Aurora,CO,USA,"{'latitude': 39.729432, 'longitude': -104.8319196, 'fipsCode': '08005'}"
112416,,HighSchool,2023,1173.0,Rikter Connally,Seminole,,OT,77.0,270.0,3.0,0.8583,Seminole,TX,USA,"{'latitude': 32.7189926, 'longitude': -102.6449101, 'fipsCode': '48165'}"
112403,4895410,HighSchool,2023,1173.0,Cooper Jensen,Glacier Peak,Oregon State,TE,77.0,210.0,3.0,0.8583,Snohomish,WA,USA,"{'latitude': 47.9180275, 'longitude': -122.0899646, 'fipsCode': '53061'}"
112401,,HighSchool,2023,1173.0,Anthony Little,Rock Creek Christian Academy,,DL,75.5,240.0,3.0,0.8583,Waldorf,MD,USA,"{'latitude': 38.6263882, 'longitude': -76.9106581, 'fipsCode': '24017'}"
112405,4921412,HighSchool,2023,1173.0,Cole Surber,Patriot,Virginia,IOL,78.0,285.0,3.0,0.8583,Nokesville,VA,USA,"{'latitude': 38.6984987, 'longitude': -77.5800445, 'fipsCode': '51153'}"
112417,5119842,HighSchool,2023,1173.0,Frederick Williams,Junipero Serra,California,EDGE,77.0,240.0,3.0,0.8583,Gardena,CA,USA,"{'latitude': 33.8963593, 'longitude': -118.3053037, 'fipsCode': '06037'}"
112408,4921435,HighSchool,2023,1173.0,Miles Greene,Highland Springs,Virginia,DL,75.0,240.0,3.0,0.8583,Highland Springs,VA,USA,"{'latitude': 37.5460121, 'longitude': -77.3278441, 'fipsCode': '51087'}"
112412,4940236,HighSchool,2023,1173.0,Ryan Manning,St. Frances Academy,Maryland,WR,71.0,170.0,3.0,0.8583,Baltimore,MD,USA,"{'latitude': 39.2908816, 'longitude': -76.610759, 'fipsCode': '24510'}"
112399,4870759,HighSchool,2023,1173.0,Ian Geffrard,Whitefield Academy,Arkansas,OT,78.0,350.0,3.0,0.8583,Mableton,GA,USA,"{'latitude': 33.8188333, 'longitude': -84.5822632, 'fipsCode': '13067'}"
112407,4921404,HighSchool,2023,1173.0,D.J. Geth,Dorman,North Carolina,IOL,76.0,300.0,3.0,0.8583,Roebuck,SC,USA,"{'latitude': 34.8826085, 'longitude': -81.96547100908059, 'fipsCode': '45083'}"
112404,5109813,HighSchool,2023,1173.0,Alex Bray,Marquette,Illinois,EDGE,76.0,250.0,3.0,0.8583,Chesterfield,MO,USA,"{'latitude': 38.661953, 'longitude': -90.5643258, 'fipsCode': '29189'}"
112406,4921424,HighSchool,2023,1173.0,Tiumalu Afalava,Bishop Amat,California,DL,75.0,255.0,3.0,0.8583,La Puente,CA,USA,"{'latitude': 34.01979, 'longitude': -117.9503677, 'fipsCode': '06037'}"
112413,5121605,HighSchool,2023,1173.0,Mekhi Buchanan,Allatoona,Virginia,EDGE,77.0,225.0,3.0,0.8583,Acworth,GA,USA,"{'latitude': 34.0659329, 'longitude': -84.6768796, 'fipsCode': '13067'}"
112411,4954512,HighSchool,2023,1173.0,Sean Williams,St. John's College,Maryland,WR,73.0,175.0,3.0,0.8583,Washington,DC,USA,"{'latitude': 38.8949855, 'longitude': -77.0365708, 'fipsCode': '11001'}"
112402,5074246,HighSchool,2023,1173.0,Vic Shaw,Texarkana Pleasant Grove,UTSA,DL,75.0,260.0,3.0,0.8583,Texarkana,TX,USA,"{'latitude': 33.44628645, 'longitude': -94.07638067493534, 'fipsCode': '48037'}"
112400,4921408,HighSchool,2023,1173.0,Alexander Doost,Mountain Ridge,Northwestern,IOL,78.0,295.0,3.0,0.8583,Glendale,AZ,USA,"{'latitude': 33.5386858, 'longitude': -112.1859941, 'fipsCode': '04013'}"
112414,5086842,HighSchool,2023,1173.0,DaShawn Stone,A.C. Reynolds,Duke,S,75.0,190.0,3.0,0.8583,Asheville,NC,USA,"{'latitude': 35.6009498, 'longitude': -82.5540161, 'fipsCode': '37021'}"
112410,4871013,HighSchool,2023,1173.0,Gemari Sands,St. Thomas Aquinas,Florida Atlantic,RB,70.0,190.0,3.0,0.8583,Fort Lauderdale,FL,USA,"{'latitude': 26.1223084, 'longitude': -80.1433786, 'fipsCode': '12011'}"
112420,4923035,HighSchool,2023,1192.0,Brendan Black,The Bolles School,Iowa State,IOL,75.5,300.0,3.0,0.8581,Yulee,FL,USA,"{'latitude': 30.6319034, 'longitude': -81.6064866, 'fipsCode': '12089'}"
112421,5151169,HighSchool,2023,1192.0,Mike Stoker,South Oak Cliff,TCU,IOL,77.0,310.0,3.0,0.8581,Dallas,TX,USA,"{'latitude': 32.7762719, 'longitude': -96.7968559, 'fipsCode': '48113'}"
112423,4870731,HighSchool,2023,1192.0,Adrian Griffin,Pleasant Grove,South Alabama,DL,77.0,260.0,3.0,0.8581,Pleasant Grove,AL,USA,"{'latitude': 33.4909405, 'longitude': -86.9702714, 'fipsCode': '01073'}"
112422,,HighSchool,2023,1192.0,Duran Parish,Biloxi,Vanderbilt,WR,71.5,169.0,3.0,0.8581,Biloxi,MS,USA,"{'latitude': 30.374673, 'longitude': -88.84594333482862, 'fipsCode': '28047'}"
112418,,HighSchool,2023,1192.0,Lonnie Adkism,Miller,Sam Houston,WR,72.0,180.0,3.0,0.8581,Corpus Christi,TX,USA,"{'latitude': 27.7477253, 'longitude': -97.4014129, 'fipsCode': '48355'}"
112419,5077059,HighSchool,2023,1192.0,Charlie Gilliam,Eagle's Landing Christian Academy,Wake Forest,QB,74.5,180.0,3.0,0.8581,McDonough,GA,USA,"{'latitude': 33.4473361, 'longitude': -84.1468616, 'fipsCode': '13151'}"
112426,5078007,HighSchool,2023,1198.0,Alex Woods,Treasure Coast,SMU,OT,76.5,275.0,3.0,0.8578,Port St. Lucie,FL,USA,"{'latitude': 27.2939333, 'longitude': -80.3503283, 'fipsCode': '12111'}"
112424,5102933,HighSchool,2023,1198.0,Chase Edwards,Cy Falls,Louisiana,DL,79.0,240.0,3.0,0.8578,Houston,TX,USA,"{'latitude': 29.7589382, 'longitude': -95.3676974, 'fipsCode': '48201'}"
112428,5075390,HighSchool,2023,1198.0,Ian Strong,St. Anthony's,Rutgers,S,76.0,190.0,3.0,0.8578,Long Island City,NY,USA,"{'latitude': 40.7415095, 'longitude': -73.9569751, 'fipsCode': '36081'}"
112427,5077501,HighSchool,2023,1198.0,Miquel Dingle Jr.,Byrnes,Texas Tech,LB,73.0,215.0,3.0,0.8578,Duncan,SC,USA,"{'latitude': 34.9378962, 'longitude': -82.1451096, 'fipsCode': '45083'}"
112425,,HighSchool,2023,1198.0,Guerlens Milfort,Lakeland,UAB,DL,73.5,275.0,3.0,0.8578,Lakeland,FL,USA,"{'latitude': 28.0394654, 'longitude': -81.9498042, 'fipsCode': '12105'}"
112433,5085229,HighSchool,2023,1203.0,Chiddi Obiazor,Eden Prairie,Kansas State,DL,77.0,240.0,3.0,0.8575,Eden Prairie,MN,USA,"{'latitude': 44.8546856, 'longitude': -93.470786, 'fipsCode': '27053'}"
112439,5076084,HighSchool,2023,1203.0,Abram Wright,Fleming Island,Rutgers,LB,74.0,225.0,3.0,0.8575,Orange Park,FL,USA,"{'latitude': 30.1654707, 'longitude': -81.7016346, 'fipsCode': '12019'}"
112429,4921460,HighSchool,2023,1203.0,Malachi Wood,Madison Central,Kentucky,OT,80.0,300.0,3.0,0.8575,Richmond,KY,USA,"{'latitude': 37.7478572, 'longitude': -84.2946539, 'fipsCode': '21151'}"
112434,5076654,HighSchool,2023,1203.0,Leo Pulalasi,Lakes,Washington State,ATH,73.0,205.0,3.0,0.8575,Lakewood,WA,USA,"{'latitude': 47.1714085, 'longitude': -122.5164, 'fipsCode': '53053'}"
112440,5150503,HighSchool,2023,1203.0,Evan Herrmann,Hamilton,Vanderbilt,EDGE,78.0,210.0,3.0,0.8575,Sussex,WI,USA,"{'latitude': 43.1339001, 'longitude': -88.2220372, 'fipsCode': '55133'}"
112431,4921303,HighSchool,2023,1203.0,Victory Johnson,Cathedral Catholic,Colorado,LB,76.0,230.0,3.0,0.8575,San Diego,CA,USA,"{'latitude': 32.7174209, 'longitude': -117.1627714, 'fipsCode': '06073'}"
112438,5078216,HighSchool,2023,1203.0,Tavorian Copeland,Appomattox County,Virginia Tech,LB,76.0,193.0,3.0,0.8575,Appomattox,VA,USA,"{'latitude': 37.3570894, 'longitude': -78.8252911, 'fipsCode': '51011'}"
112436,5078225,HighSchool,2023,1203.0,Jaron Tibbs,Cathedral,Purdue,WR,76.0,190.0,3.0,0.8575,Indianapolis,IN,USA,"{'latitude': 39.7683331, 'longitude': -86.1583502, 'fipsCode': '18097'}"
112437,5150540,HighSchool,2023,1203.0,Rhino Tapa'atoutai,Bishop Alemany,Arizona,OT,77.0,280.0,3.0,0.8575,Mission Hills,CA,USA,"{'latitude': 34.687584, 'longitude': -120.43901754304565, 'fipsCode': '06083'}"
112435,5074303,HighSchool,2023,1203.0,DJ Oliver,Port St. Joe,West Virginia,RB,72.0,237.0,3.0,0.8575,Port St. Joe,FL,USA,"{'latitude': 29.8118757, 'longitude': -85.302974, 'fipsCode': '12045'}"
112432,5110535,HighSchool,2023,1203.0,Kyson Brown,Lancaster,Arizona State,RB,70.0,195.0,3.0,0.8575,Lancaster,TX,USA,"{'latitude': 32.5920798, 'longitude': -96.7561083, 'fipsCode': '48113'}"
112441,5125722,HighSchool,2023,1203.0,D'Andre Barnes,Regis Jesuit,Nebraska,CB,72.0,175.0,3.0,0.8575,Aurora,CO,USA,"{'latitude': 39.729432, 'longitude': -104.8319196, 'fipsCode': '08005'}"
112430,5153074,HighSchool,2023,1203.0,Carlos Hernandez,Monrovia,Washington State,WR,72.0,170.0,3.0,0.8575,Monrovia,CA,USA,"{'latitude': 34.1483499, 'longitude': -118.0014517, 'fipsCode': '06037'}"
112442,4917860,HighSchool,2023,1216.0,Drew Viotto,Walled Lake Western,Minnesota,QB,76.0,235.0,3.0,0.8572,Walled Lake,MI,USA,"{'latitude': 42.537811, 'longitude': -83.4810481, 'fipsCode': '26125'}"
112443,4918105,HighSchool,2023,1216.0,Jaylen Johnson,Appling County,South Florida,RB,69.0,190.0,3.0,0.8572,Baxley,GA,USA,"{'latitude': 31.7782514, 'longitude': -82.3484618, 'fipsCode': '13001'}"
112444,4870836,HighSchool,2023,1218.0,Xavier Irvin,Booker T. Washington,Temple,ATH,70.5,158.0,3.0,0.8569,Miami,FL,USA,"{'latitude': 25.7742658, 'longitude': -80.1936589, 'fipsCode': '12086'}"
112445,5120452,HighSchool,2023,1219.0,Jacob Booth,Swartz Creek,Central Michigan,OT,77.0,280.0,3.0,0.8567,Swartz Creek,MI,USA,"{'latitude': 42.9572508, 'longitude': -83.8305144, 'fipsCode': '26049'}"
112457,5121528,HighSchool,2023,1220.0,Teegan Davis,Princeton,Iowa,ATH,74.0,175.0,3.0,0.8567,Princeton,IL,USA,"{'latitude': 41.368092, 'longitude': -89.4648145, 'fipsCode': '34021'}"
112447,4896319,HighSchool,2023,1220.0,Nasir Addison,Irvington,Kentucky,CB,73.0,190.0,3.0,0.8567,Irvington,NJ,USA,"{'latitude': 40.7323235, 'longitude': -74.2348684, 'fipsCode': '34013'}"
112456,5075952,HighSchool,2023,1220.0,Trey Cornist,Winton Woods,Tulane,RB,72.0,210.0,3.0,0.8567,Cincinnati,OH,USA,"{'latitude': 39.1014537, 'longitude': -84.5124602, 'fipsCode': '39061'}"
112448,4921296,HighSchool,2023,1220.0,Richard Dandridge,Homestead,Temple,WR,70.0,160.0,3.0,0.8567,Homestead,FL,USA,"{'latitude': 25.4718946, 'longitude': -80.4759905, 'fipsCode': '12086'}"
112452,5160656,HighSchool,2023,1220.0,Jamel Howard Jr.,Marist,Wisconsin,DL,75.0,320.0,3.0,0.8567,Chicago,IL,USA,"{'latitude': 41.8755616, 'longitude': -87.6244212, 'fipsCode': '17031'}"
112450,5024359,HighSchool,2023,1220.0,Trey Leckner,Glacier Peak,Washington State,ATH,74.0,215.0,3.0,0.8567,Snohomish,WA,USA,"{'latitude': 47.9180275, 'longitude': -122.0899646, 'fipsCode': '53061'}"
112446,4966262,HighSchool,2023,1220.0,Ty Bryant,Frederick Douglass,Kentucky,ATH,72.0,175.0,3.0,0.8567,Lexington,KY,USA,"{'latitude': 38.0464066, 'longitude': -84.4970393, 'fipsCode': '21067'}"
112453,4923270,HighSchool,2023,1220.0,Josh Fussell,Lakota West,Northwestern,CB,72.0,180.0,3.0,0.8567,West Chester,OH,USA,"{'latitude': 39.3303357, 'longitude': -84.408275, 'fipsCode': '39017'}"
112454,5121883,HighSchool,2023,1220.0,Omar Staples,Oakland Tech,Stanford,EDGE,75.0,220.0,3.0,0.8567,Oakland,CA,USA,"{'latitude': 37.8044557, 'longitude': -122.2713563, 'fipsCode': '06001'}"
112449,,HighSchool,2023,1220.0,Trey Wilson,Bell,Stephen F. Austin,EDGE,74.5,235.0,3.0,0.8567,Hurst,TX,USA,"{'latitude': 32.8234621, 'longitude': -97.1705678, 'fipsCode': '48439'}"
112451,5012117,HighSchool,2023,1220.0,Will Larkins,Chaminade-Madonna,Indiana,IOL,76.0,300.0,3.0,0.8567,Hollywood,FL,USA,"{'latitude': 26.0112014, 'longitude': -80.1494901, 'fipsCode': '12011'}"
112455,5078256,HighSchool,2023,1220.0,DeMarco Ward,Duluth,Florida State,LB,74.0,205.0,3.0,0.8567,Duluth,GA,USA,"{'latitude': 34.0028569, 'longitude': -84.1441046, 'fipsCode': '13135'}"
112464,5084043,HighSchool,2023,1232.0,Ryan Davis,Sandra Day O'Connor,Kansas State,EDGE,76.0,240.0,3.0,0.8564,Glendale,AZ,USA,"{'latitude': 33.5386858, 'longitude': -112.1859941, 'fipsCode': '04013'}"
112458,4950548,HighSchool,2023,1232.0,DJ Samuels,Bergen Catholic,Maryland,EDGE,74.0,240.0,3.0,0.8564,Oradell,NJ,USA,"{'latitude': 40.9543943, 'longitude': -74.0308504, 'fipsCode': '34003'}"
112461,5090566,HighSchool,2023,1232.0,Sai Vadrawale III,Rancho Cotate,California,CB,72.0,175.0,3.0,0.8564,Rohnert Park,CA,USA,"{'latitude': 38.3396367, 'longitude': -122.7010984, 'fipsCode': '06097'}"
112463,5054378,HighSchool,2023,1232.0,Davaughn Patterson,Ed White,Wake Forest,S,73.0,195.0,3.0,0.8564,Jacksonville,FL,USA,"{'latitude': 30.3321838, 'longitude': -81.655651, 'fipsCode': '12031'}"
112462,5067875,HighSchool,2023,1232.0,Zach Lutmer,Central Lyon,Iowa,ATH,73.0,190.0,3.0,0.8564,Rock Rapids,IA,USA,"{'latitude': 43.427195, 'longitude': -96.17586, 'fipsCode': '19119'}"
112460,4870597,HighSchool,2023,1232.0,Johnsley Barbas,Centennial,Houston,S,71.0,165.0,3.0,0.8564,Roswell,GA,USA,"{'latitude': 34.02332, 'longitude': -84.360022, 'fipsCode': '13121'}"
112459,5151284,HighSchool,2023,1232.0,Ty Morris,Spring Dekaney,Rice,LB,73.0,195.0,3.0,0.8564,Houston,TX,USA,"{'latitude': 29.7589382, 'longitude': -95.3676974, 'fipsCode': '48201'}"
112466,5081795,HighSchool,2023,1239.0,Malachi Breland,Laurel,Memphis,IOL,75.0,340.0,3.0,0.8561,Laurel,MS,USA,"{'latitude': 31.74096, 'longitude': -89.13382003619111, 'fipsCode': '28067'}"
112467,,HighSchool,2023,1239.0,Jax Leatherwood,Scripps Ranch,Nevada,QB,80.0,215.0,3.0,0.8561,San Diego,CA,USA,"{'latitude': 32.7174209, 'longitude': -117.1627714, 'fipsCode': '06073'}"
112465,4871086,HighSchool,2023,1239.0,Ja'Ryan Wallace,Denton Braswell,Houston,WR,75.0,185.0,3.0,0.8561,Denton,TX,USA,"{'latitude': 33.2150386, 'longitude': -97.1330516, 'fipsCode': '48121'}"
112469,5121709,HighSchool,2023,1242.0,Rickey Hunt Jr.,Millwood,Ohio,RB,70.0,180.0,3.0,0.8559,Oklahoma City,OK,USA,"{'latitude': 35.4729886, 'longitude': -97.5170536, 'fipsCode': '40109'}"
112468,,HighSchool,2023,1242.0,Ernest Thomas,North Forney,,WR,74.0,185.0,3.0,0.8559,Forney,TX,USA,"{'latitude': 32.747893, 'longitude': -96.4719289, 'fipsCode': '48257'}"
112470,,HighSchool,2023,1242.0,Tyler Bailey,Ponchatoula,,DL,74.0,280.0,3.0,0.8559,Ponchatoula,LA,USA,"{'latitude': 30.4388041, 'longitude': -90.4414762, 'fipsCode': '22105'}"
112480,5120455,HighSchool,2023,1245.0,Harlem Howard,Blanche Ely,Oregon State,S,73.0,165.0,3.0,0.8558,Pompano Beach,FL,USA,"{'latitude': 26.2378597, 'longitude': -80.1247667, 'fipsCode': '12011'}"
112477,4923255,HighSchool,2023,1245.0,Pat Farrell,St. Rita,Illinois,EDGE,77.0,235.0,3.0,0.8558,Chicago,IL,USA,"{'latitude': 41.8755616, 'longitude': -87.6244212, 'fipsCode': '17031'}"
112476,4921317,HighSchool,2023,1245.0,Jack Sadowsky V,Batavia,Iowa State,LB,74.0,218.0,3.0,0.8558,Batavia,IL,USA,"{'latitude': 41.8500284, 'longitude': -88.3125738, 'fipsCode': '17089'}"
112472,5077201,HighSchool,2023,1245.0,DeAndra Burns Jr.,El Dorado,Arkansas State,WR,69.0,150.0,3.0,0.8558,El Dorado,AR,USA,"{'latitude': 33.20763, 'longitude': -92.6662674, 'fipsCode': '05139'}"
112484,5110518,HighSchool,2023,1245.0,Devin Vass,Lakeland,Kansas State,OT,77.0,270.0,3.0,0.8558,Lakeland,FL,USA,"{'latitude': 28.0394654, 'longitude': -81.9498042, 'fipsCode': '12105'}"
112473,4921316,HighSchool,2023,1245.0,Nolan Ray,Brother Rice,Maryland,RB,72.0,195.0,3.0,0.8558,Bloomfield Hills,MI,USA,"{'latitude': 42.583645, 'longitude': -83.2454883, 'fipsCode': '26125'}"
112479,5017177,HighSchool,2023,1245.0,Keith Reynolds,Adelanto,Washington,WR,70.0,160.0,3.0,0.8558,Adelanto,CA,USA,"{'latitude': 34.5827699, 'longitude': -117.409215, 'fipsCode': '06071'}"
112483,4921326,HighSchool,2023,1245.0,Daniel Wingate,St. Vincent Pallotti,Maryland,LB,75.0,215.0,3.0,0.8558,Laurel,MD,USA,"{'latitude': 39.0992752, 'longitude': -76.8483061, 'fipsCode': '24033'}"
112478,5085038,HighSchool,2023,1245.0,Brayshawn Littlejohn,Gaffney,Missouri,LB,73.0,220.0,3.0,0.8558,Gaffney,SC,USA,"{'latitude': 35.0717945, 'longitude': -81.6498195, 'fipsCode': '45021'}"
112475,4921423,HighSchool,2023,1245.0,Gabe Arena,Bishop McDevitt,Virginia Tech,IOL,77.0,285.0,3.0,0.8558,Harrisburg,PA,USA,"{'latitude': 40.2663107, 'longitude': -76.8861122, 'fipsCode': '42043'}"
112474,4891197,HighSchool,2023,1245.0,Jonah Lea'ea,Bishop Gorman,Utah,EDGE,76.0,230.0,3.0,0.8558,Las Vegas,NV,USA,"{'latitude': 36.1672559, 'longitude': -115.1485163, 'fipsCode': '32003'}"
112485,5154244,HighSchool,2023,1245.0,Bryce Dopson,Brookwood,Kennesaw State,WR,74.0,180.0,3.0,0.8558,Snellville,GA,USA,"{'latitude': 33.857328, 'longitude': -84.0199108, 'fipsCode': '13135'}"
112471,5041959,HighSchool,2023,1245.0,Tre Brown,Natchitoches Central,Texas Tech,OT,75.0,300.0,3.0,0.8558,Natchitoches,LA,USA,"{'latitude': 31.7606732, 'longitude': -93.0860209, 'fipsCode': '22069'}"
112481,5083030,HighSchool,2023,1245.0,BJ Williams,Creekside,Pittsburgh,IOL,75.0,270.0,3.0,0.8558,Fairburn,GA,USA,"{'latitude': 33.5670562, 'longitude': -84.5810418, 'fipsCode': '13121'}"
112482,5161140,HighSchool,2023,1245.0,Ryan McCulloch,Rio Hondo Preparatory School,California,ATH,75.0,235.0,3.0,0.8558,Arcadia,CA,USA,"{'latitude': 34.1362075, 'longitude': -118.0401497, 'fipsCode': '06037'}"
112486,4921234,HighSchool,2023,1260.0,Lance Williams,Alcoa,Virginia Tech,IOL,76.0,306.0,3.0,0.8556,Alcoa,TN,USA,"{'latitude': 35.7895271, 'longitude': -83.9737935, 'fipsCode': '47009'}"
112488,5093004,HighSchool,2023,1260.0,Keith Abney II,Waxahachie,Arizona State,ATH,70.0,170.0,3.0,0.8556,Waxahachie,TX,USA,"{'latitude': 32.3944908, 'longitude': -96.8439365, 'fipsCode': '48139'}"
112487,4921275,HighSchool,2023,1260.0,Cooper Young,Downingtown West,West Virginia,IOL,77.0,280.0,3.0,0.8556,Downingtown,PA,USA,"{'latitude': 40.0064958, 'longitude': -75.7032742, 'fipsCode': '42029'}"
112490,5078050,HighSchool,2023,1263.0,Mykel Morman,Dr. Henry Wise,Maryland,ATH,73.0,175.0,3.0,0.8553,Upper Marlboro,MD,USA,"{'latitude': 38.8165274, 'longitude': -76.7519753, 'fipsCode': '24033'}"
112491,5120150,HighSchool,2023,1263.0,Nico Dowdell,Loganville,Georgia Tech,S,73.0,180.0,3.0,0.8553,Loganville,GA,USA,"{'latitude': 33.8389977, 'longitude': -83.9007382, 'fipsCode': '13297'}"
112489,,HighSchool,2023,1263.0,Stanley Raass,Kahuku,Utah,DL,73.0,290.0,3.0,0.8553,Kahuku,HI,USA,"{'latitude': 21.679124, 'longitude': -157.94838, 'fipsCode': '15003'}"
112495,,HighSchool,2023,1266.0,Demitrius Carter Jr.,Steinbrenner,South Florida,WR,75.0,175.0,3.0,0.8552,Lutz,FL,USA,"{'latitude': 28.1511243, 'longitude': -82.4614831, 'fipsCode': '12057'}"
112492,,HighSchool,2023,1266.0,Colin Houck,Parkview,,QB,74.0,175.0,3.0,0.8552,Lilburn,GA,USA,"{'latitude': 33.8901036, 'longitude': -84.1429719, 'fipsCode': '13135'}"
112493,5121571,HighSchool,2023,1266.0,Ezell Jolly,Fort Bend Ridge Point,UTEP,RB,72.0,175.0,3.0,0.8552,Missouri City,TX,USA,"{'latitude': 29.6185669, 'longitude': -95.5377215, 'fipsCode': '48157'}"
112494,5121573,HighSchool,2023,1266.0,Josh Palmer,Autauga Academy,Vanderbilt,TE,77.0,215.0,3.0,0.8552,Prattville,AL,USA,"{'latitude': 32.4640245, 'longitude': -86.4596966, 'fipsCode': '01001'}"
112496,5156056,HighSchool,2023,1266.0,Caleb Hampton,Baylor School,Stanford,RB,70.0,190.0,3.0,0.8552,Chattanooga,TN,USA,"{'latitude': 35.0457219, 'longitude': -85.3094883, 'fipsCode': '47065'}"
112502,5119605,HighSchool,2023,1271.0,Chrisdasson Saint-Jean,Evans,Florida Atlantic,OT,79.0,310.0,3.0,0.855,Orlando,FL,USA,"{'latitude': 28.5421109, 'longitude': -81.3790304, 'fipsCode': '12095'}"
112500,5080563,HighSchool,2023,1271.0,Rico Watkins,Rickards,East Carolina,ATH,71.0,175.0,3.0,0.855,Monticello,FL,USA,"{'latitude': 30.5452022, 'longitude': -83.8701636, 'fipsCode': '12065'}"
112501,4921434,HighSchool,2023,1271.0,Collin Gill,St. John's College,Oregon,CB,72.0,200.0,3.0,0.855,Washington,DC,USA,"{'latitude': 38.8949855, 'longitude': -77.0365708, 'fipsCode': '11001'}"
112510,5092454,HighSchool,2023,1271.0,Jeremiah Moses,Belle Chasse,Louisiana,CB,72.0,175.0,3.0,0.855,Belle Chasse,LA,USA,"{'latitude': 29.8549287, 'longitude': -89.9906253, 'fipsCode': '22075'}"
112499,5085343,HighSchool,2023,1271.0,Joseph Mutombo,Keller Central,Rice,DL,77.0,240.0,3.0,0.855,Keller,TX,USA,"{'latitude': 32.9299655, 'longitude': -97.2271249, 'fipsCode': '48439'}"
112506,5120368,HighSchool,2023,1271.0,Terrance Saunders,Blue Valley West,Eastern Michigan,OT,76.0,280.0,3.0,0.855,Stilwell,KS,USA,"{'latitude': 38.7691755, 'longitude': -94.6563454, 'fipsCode': '20091'}"
112503,5099614,HighSchool,2023,1271.0,Skielar Mann,Peach County,Ole Miss,LB,74.0,205.0,3.0,0.855,Fort Valley,GA,USA,"{'latitude': 32.5537585, 'longitude': -83.8874084, 'fipsCode': '13225'}"
112508,5077311,HighSchool,2023,1271.0,Poasa Utu,Kennedale,Oklahoma State,LB,72.0,205.0,3.0,0.855,Kennedale,TX,USA,"{'latitude': 32.646801, 'longitude': -97.2258465, 'fipsCode': '48439'}"
112507,5075531,HighSchool,2023,1271.0,Chris Rodgers,Corinth,Troy,LB,74.0,207.0,3.0,0.855,Corinth,MS,USA,"{'latitude': 34.9343599, 'longitude': -88.5223353, 'fipsCode': '28003'}"
112498,4870982,HighSchool,2023,1271.0,Everett Roussaw Jr.,Cedar Grove,UAB,LB,74.0,215.0,3.0,0.855,Ellenwood,GA,USA,"{'latitude': 33.6101096, 'longitude': -84.287978, 'fipsCode': '13063'}"
112505,5078107,HighSchool,2023,1271.0,Derrick Rogers Jr.,Jones,Purdue,WR,73.0,170.0,3.0,0.855,Orlando,FL,USA,"{'latitude': 28.5421109, 'longitude': -81.3790304, 'fipsCode': '12095'}"
112504,5152586,HighSchool,2023,1271.0,Chris Gee,Paschal,Colgate,RB,70.0,202.0,3.0,0.855,Fort Worth,TX,USA,"{'latitude': 32.753177, 'longitude': -97.3327459, 'fipsCode': '48439'}"
112497,5044424,HighSchool,2023,1271.0,Pierce Walsh,Benet Academy,Minnesota,TE,76.0,223.0,3.0,0.855,Lisle,IL,USA,"{'latitude': 41.801141, 'longitude': -88.0747875, 'fipsCode': '17043'}"
112509,5120968,HighSchool,2023,1271.0,Christian Alliegro,Avon Old Farms,Wisconsin,LB,75.0,220.0,3.0,0.855,Avon,CT,USA,"{'latitude': 41.8098209, 'longitude': -72.8306541, 'fipsCode': '09003'}"
112515,5077405,HighSchool,2023,1285.0,Cannon Leonard,Iroquois West,Iowa,OT,81.0,265.0,3.0,0.8547,Gilman,IL,USA,"{'latitude': 40.7667015, 'longitude': -87.992262, 'fipsCode': '19127'}"
112514,5077768,HighSchool,2023,1285.0,Drew Perez,Southlake Carroll,South Florida,OT,80.0,330.0,3.0,0.8547,Southlake,TX,USA,"{'latitude': 32.9412363, 'longitude': -97.1341783, 'fipsCode': '48439'}"
112513,4871092,HighSchool,2023,1285.0,Dylan Wittke,Buford,Virginia Tech,QB,73.0,192.0,3.0,0.8547,Buford,GA,USA,"{'latitude': 34.1206564, 'longitude': -84.0043513, 'fipsCode': '13135'}"
112512,4870684,HighSchool,2023,1285.0,Deandre Duffus,Chaminade-Madonna,Maryland,IOL,76.0,330.0,3.0,0.8547,Hollywood,FL,USA,"{'latitude': 26.0112014, 'longitude': -80.1494901, 'fipsCode': '12011'}"
112511,4919037,HighSchool,2023,1285.0,Sergio Snider,Arlington Martin,Houston,RB,70.0,185.0,3.0,0.8547,Arlington,TX,USA,"{'latitude': 32.701938999999996, 'longitude': -97.10562379033699, 'fipsCode': '48439'}"
112518,5125074,HighSchool,2023,1290.0,Jeremiah Charles,Arlington Martin,Nebraska,WR,74.0,170.0,3.0,0.8544,Arlington,TX,USA,"{'latitude': 32.701938999999996, 'longitude': -97.10562379033699, 'fipsCode': '48439'}"
112516,4870783,HighSchool,2023,1290.0,Jason Hammond,St. Thomas Aquinas,Virginia,DL,75.0,285.0,3.0,0.8544,Fort Lauderdale,FL,USA,"{'latitude': 26.1223084, 'longitude': -80.1433786, 'fipsCode': '12011'}"
112517,5104224,HighSchool,2023,1290.0,Joshua Bledsoe,Lafayette,South Alabama,CB,73.0,190.0,3.0,0.8544,Lafayette,AL,USA,"{'latitude': 32.898333, 'longitude': -85.400556, 'fipsCode': '39003'}"
112525,5150581,HighSchool,2023,1293.0,Tony Boggs,Baylor School,Duke,DL,76.0,280.0,3.0,0.8542,Chattanooga,TN,USA,"{'latitude': 35.0457219, 'longitude': -85.3094883, 'fipsCode': '47065'}"
112521,4950560,HighSchool,2023,1293.0,Xavier Terrell,St. Thomas Aquinas,Florida Atlantic,RB,68.0,175.0,3.0,0.8542,Fort Lauderdale,FL,USA,"{'latitude': 26.1223084, 'longitude': -80.1433786, 'fipsCode': '12011'}"
112522,5077504,HighSchool,2023,1293.0,Mason Muragin,De La Salle Collegiate,Illinois,EDGE,76.0,235.0,3.0,0.8542,Warren,MI,USA,"{'latitude': 42.4932575, 'longitude': -83.0062746, 'fipsCode': '26099'}"
112526,5077815,HighSchool,2023,1293.0,Ta'Shawn James,Carl Albert,Iowa State,S,72.0,180.0,3.0,0.8542,Oklahoma City,OK,USA,"{'latitude': 35.4729886, 'longitude': -97.5170536, 'fipsCode': '40109'}"
112523,5078165,HighSchool,2023,1293.0,Junior Sherrill,Lipscomb Academy,Vanderbilt,WR,70.0,175.0,3.0,0.8542,Nashville,TN,USA,"{'latitude': 36.1622296, 'longitude': -86.7743531, 'fipsCode': '47037'}"
112529,5121895,HighSchool,2023,1293.0,Mose Phillips III,Cane Ridge,Virginia Tech,S,75.0,190.0,3.0,0.8542,Antioch,TN,USA,"{'latitude': 36.0806394, 'longitude': -83.7799037, 'fipsCode': '47093'}"
112527,5075914,HighSchool,2023,1293.0,Isaiah Chisom,Chaminade,Oregon State,LB,73.0,220.0,3.0,0.8542,West Hills,CA,USA,"{'latitude': 34.2032325, 'longitude': -118.645476, 'fipsCode': '06037'}"
112524,4924139,HighSchool,2023,1293.0,Matt Kingsbury,St. Rita,Minnesota,LB,75.0,235.0,3.0,0.8542,Chicago,IL,USA,"{'latitude': 41.8755616, 'longitude': -87.6244212, 'fipsCode': '17031'}"
112519,4921446,HighSchool,2023,1293.0,KP Price,St. Frances Academy,Boston College,S,74.0,175.0,3.0,0.8542,Baltimore,MD,USA,"{'latitude': 39.2908816, 'longitude': -76.610759, 'fipsCode': '24510'}"
112520,5093333,HighSchool,2023,1293.0,Amare Campbell,Unity Reed,North Carolina,LB,72.0,215.0,3.0,0.8542,Manassas,VA,USA,"{'latitude': 38.7509488, 'longitude': -77.4752667, 'fipsCode': '51683'}"
112528,5157307,HighSchool,2023,1293.0,Jojo Johnson,Olympus,Oregon State,DL,75.0,280.0,3.0,0.8542,Salt Lake City,UT,USA,"{'latitude': 40.7596198, 'longitude': -111.8867975, 'fipsCode': '49035'}"
112530,5157309,HighSchool,2023,1304.0,Thomas Collins,RIG Academy,Oregon State,DL,73.0,275.0,3.0,0.8539,Sweden,,SWE,"{'latitude': None, 'longitude': None, 'fipsCode': None}"
112533,5075968,HighSchool,2023,1304.0,Elijah Douglas,Pine Forest,Southern Miss,DL,75.0,280.0,3.0,0.8539,Pensacola,FL,USA,"{'latitude': 30.421309, 'longitude': -87.2169149, 'fipsCode': '12033'}"
112531,4924150,HighSchool,2023,1304.0,Keaton Kubecka,Austin Westlake,Kansas,WR,74.0,195.0,3.0,0.8539,Austin,TX,USA,"{'latitude': 30.2711286, 'longitude': -97.7436995, 'fipsCode': '48453'}"
112537,5076122,HighSchool,2023,1304.0,Evan Dickens,IMG Academy,Georgia Tech,RB,71.0,180.0,3.0,0.8539,Bradenton,FL,USA,"{'latitude': 27.4989278, 'longitude': -82.5748194, 'fipsCode': '12081'}"
112532,4910229,HighSchool,2023,1304.0,Michael Crounse,DeMatha Catholic,Boston College,IOL,77.0,310.0,3.0,0.8539,Hyattsville,MD,USA,"{'latitude': 38.9529442, 'longitude': -76.9408647, 'fipsCode': '24033'}"
112536,5085875,HighSchool,2023,1304.0,Connor Knight,Hewitt-Trussville,UAB,DL,73.0,275.0,3.0,0.8539,Trussville,AL,USA,"{'latitude': 33.626629, 'longitude': -86.5549335251678, 'fipsCode': '01073'}"
112534,,HighSchool,2023,1304.0,MarQuice Hill,Denton Ryan,Incarnate Word,EDGE,73.0,235.0,3.0,0.8539,Denton,TX,USA,"{'latitude': 33.2150386, 'longitude': -97.1330516, 'fipsCode': '48121'}"
112535,5085110,HighSchool,2023,1304.0,Zakari Tillman,Florence,Mississippi State,LB,74.0,230.0,3.0,0.8539,Florence,MS,USA,"{'latitude': 32.1534836, 'longitude': -90.1311971, 'fipsCode': '28121'}"
112539,5078051,HighSchool,2023,1312.0,Muwaffaq Parkman,Hillside,Syracuse,ATH,72.0,175.0,3.0,0.8536,Hillside,NJ,USA,"{'latitude': 40.701213, 'longitude': -74.2301459, 'fipsCode': '34039'}"
112540,5125522,HighSchool,2023,1312.0,Devin Clark,Marietta,Virginia,S,74.0,190.0,3.0,0.8536,Marietta,GA,USA,"{'latitude': 33.9528472, 'longitude': -84.5496148, 'fipsCode': '13067'}"
112538,5077784,HighSchool,2023,1312.0,Zachary Card,Pittsburg,Oregon State,WR,70.0,165.0,3.0,0.8536,Pittsburg,CA,USA,"{'latitude': 38.0181745, 'longitude': -121.8901232, 'fipsCode': '06013'}"
112542,5099736,HighSchool,2023,1315.0,Ja'shon Benjamin,Pahokee,Rutgers,RB,68.0,194.0,3.0,0.8533,Pahokee,FL,USA,"{'latitude': 26.8200607, 'longitude': -80.6653351, 'fipsCode': '12099'}"
112541,5000967,HighSchool,2023,1315.0,Mason Ludwig,East Liverpool,Toledo,OT,77.0,280.0,3.0,0.8533,East Liverpool,OH,USA,"{'latitude': None, 'longitude': None, 'fipsCode': None}"
112544,5101392,HighSchool,2023,1315.0,Orlando Greenlow,Lawndale,Indiana,WR,77.0,210.0,3.0,0.8533,Lawndale,CA,USA,"{'latitude': 33.8885217, 'longitude': -118.3531991, 'fipsCode': '06037'}"
112545,5161642,HighSchool,2023,1315.0,DJ Jones,Hillsborough,Virginia,EDGE,76.0,230.0,3.0,0.8533,Tampa,FL,USA,"{'latitude': 27.9477595, 'longitude': -82.458444, 'fipsCode': '12057'}"
112546,,HighSchool,2023,1315.0,Edward Schultz,Mission Viejo,Cal Poly,WR,73.0,195.0,3.0,0.8533,Mission Viejo,CA,USA,"{'latitude': 33.5965685, 'longitude': -117.659405, 'fipsCode': '06059'}"
112543,4921108,HighSchool,2023,1315.0,DeSean Bishop,Karns,Tennessee,RB,70.0,196.0,3.0,0.8533,Knoxville,TN,USA,"{'latitude': 35.9603948, 'longitude': -83.9210261, 'fipsCode': '47093'}"
112547,5161640,HighSchool,2023,1315.0,Dre Walker,East Lincoln,Virginia,CB,75.0,180.0,3.0,0.8533,Denver,NC,USA,"{'latitude': 35.5312452, 'longitude': -81.0297994, 'fipsCode': '37109'}"
112549,4920187,HighSchool,2023,1322.0,Will Anciaux,Kapaun Mt. Carmel,Kansas State,TE,78.0,220.0,3.0,0.8531,Wichita,KS,USA,"{'latitude': 37.6922361, 'longitude': -97.3375448, 'fipsCode': '20173'}"
112550,4870785,HighSchool,2023,1322.0,River Hanson,Woodward Academy,Duke,S,73.0,205.0,3.0,0.8531,Atlanta,GA,USA,"{'latitude': 33.7490987, 'longitude': -84.3901849, 'fipsCode': '13121'}"
112548,4871029,HighSchool,2023,1322.0,Ka'Shawn Thomas,Brunswick,Wake Forest,DL,74.0,315.0,3.0,0.8531,Brunswick,GA,USA,"{'latitude': 31.1499528, 'longitude': -81.4914894, 'fipsCode': '13127'}"
112551,5078110,HighSchool,2023,1322.0,Noah Vaughn,Maryville,Virginia,RB,69.0,185.0,3.0,0.8531,Maryville,TN,USA,"{'latitude': 35.7564719, 'longitude': -83.9704593, 'fipsCode': '47009'}"
112552,4921267,HighSchool,2023,1322.0,Syncere Safeeullah,IMG Academy,Nebraska,CB,73.5,170.0,3.0,0.8531,Bradenton,FL,USA,"{'latitude': 27.4989278, 'longitude': -82.5748194, 'fipsCode': '12081'}"
112553,5124996,HighSchool,2023,1327.0,Evan Jackson,North Shore,North Texas,S,71.0,170.0,3.0,0.8528,Houston,TX,USA,"{'latitude': 29.7589382, 'longitude': -95.3676974, 'fipsCode': '48201'}"
112554,4875273,HighSchool,2023,1327.0,Franklyn Johnson,Little Elm,Boise State,ATH,70.0,175.0,3.0,0.8528,Little Elm,TX,USA,"{'latitude': 33.1626194, 'longitude': -96.9375051, 'fipsCode': '48121'}"
112555,5121466,HighSchool,2023,1327.0,Kari Ashley,Marietta,Georgia Tech,LB,75.0,200.0,3.0,0.8528,Marietta,GA,USA,"{'latitude': 33.9528472, 'longitude': -84.5496148, 'fipsCode': '13067'}"
112556,5152929,HighSchool,2023,1330.0,Tanner Welch,Northwest Rankin,Southern Miss,OT,79.5,320.0,3.0,0.8526,Flowood,MS,USA,"{'latitude': 32.3095903, 'longitude': -90.1389757, 'fipsCode': '28121'}"
112562,4920227,HighSchool,2023,1331.0,Gio Lopez,James Clemens,South Alabama,QB,71.5,230.0,3.0,0.8525,Madison,AL,USA,"{'latitude': 34.6928726, 'longitude': -86.7511427, 'fipsCode': '01089'}"
112561,5027555,HighSchool,2023,1331.0,Cam Smith,Fitch,Iowa State,ATH,71.0,185.0,3.0,0.8525,Youngstown,OH,USA,"{'latitude': 41.1035786, 'longitude': -80.6520161, 'fipsCode': '39099'}"
112558,4832851,HighSchool,2023,1331.0,Lavon Johnson,Cheshire Academy,Maryland,DL,75.0,296.0,3.0,0.8525,Cheshire,CT,USA,"{'latitude': 41.4989861, 'longitude': -72.900658, 'fipsCode': '09009'}"
112560,4950397,HighSchool,2023,1331.0,Tracy Revels,Texarkana Liberty-Eylau,Bowling Green,S,73.0,175.0,3.0,0.8525,Texarkana,TX,USA,"{'latitude': 33.44628645, 'longitude': -94.07638067493534, 'fipsCode': '48037'}"
112559,4921402,HighSchool,2023,1331.0,Jackson Fullmer,Rocky Mountain,Kansas State,OT,77.0,267.0,3.0,0.8525,Meridian,ID,USA,"{'latitude': 43.6086295, 'longitude': -116.392326, 'fipsCode': '16001'}"
112564,,HighSchool,2023,1331.0,Will Stallings,Clayton Valley,Army,RB,72.0,222.0,3.0,0.8525,Concord,CA,USA,"{'latitude': 37.9768525, 'longitude': -122.0335624, 'fipsCode': '06013'}"
112563,5075920,HighSchool,2023,1331.0,Jarriett Buie,Tampa Jesuit,Iowa,WR,75.0,182.0,3.0,0.8525,Tampa,FL,USA,"{'latitude': 27.9477595, 'longitude': -82.458444, 'fipsCode': '12057'}"
112557,5165125,HighSchool,2023,1331.0,Xe'ree Alexander,Kennedy Catholic,Idaho,LB,75.0,215.0,3.0,0.8525,Burien,WA,USA,"{'latitude': 47.469918, 'longitude': -122.3485274, 'fipsCode': '53033'}"
112565,,HighSchool,2023,1339.0,Siolaa Lolohea,Trinity,Oklahoma State,DL,75.0,280.0,3.0,0.8522,Euless,TX,USA,"{'latitude': 32.8457865, 'longitude': -97.0667142473263, 'fipsCode': '48439'}"
112567,4918453,HighSchool,2023,1340.0,Tanner Lemaster,Washington,Kentucky,TE,78.0,235.0,3.0,0.8519,Washington Court House,OH,USA,"{'latitude': 39.5364511, 'longitude': -83.4390843, 'fipsCode': '39047'}"
112566,5101621,HighSchool,2023,1340.0,Brandon Ramirez,San Joaquin Memorial,Fresno State,S,71.0,199.0,3.0,0.8519,Fresno,CA,USA,"{'latitude': 36.7295295, 'longitude': -119.70886126075588, 'fipsCode': '06019'}"
112568,5084892,HighSchool,2023,1340.0,Isaac Terrell,Lehi,Washington State,EDGE,74.0,240.0,3.0,0.8519,Lehi,UT,USA,"{'latitude': 40.3880902, 'longitude': -111.8491619, 'fipsCode': '49049'}"
112571,4871003,HighSchool,2023,1343.0,Christian Ross,Dale County,Memphis,ATH,76.0,215.0,3.0,0.8519,Midland City,AL,USA,"{'latitude': 31.3187878, 'longitude': -85.4938975, 'fipsCode': '01045'}"
112570,5122082,HighSchool,2023,1343.0,Justin Stevenson,Katy Paetow,Wyoming,WR,74.0,180.0,3.0,0.8519,Katy,TX,USA,"{'latitude': 29.7857853, 'longitude': -95.8243956, 'fipsCode': '48157'}"
112572,5160746,HighSchool,2023,1343.0,Sage Clawges,St. Thomas More,Rutgers,WR,76.0,185.0,3.0,0.8519,Morgantown,WV,USA,"{'latitude': 39.6296809, 'longitude': -79.9559437, 'fipsCode': '54061'}"
112569,5121574,HighSchool,2023,1343.0,Hudson Perroni,Houston Stratford,Rice,IOL,76.5,280.0,3.0,0.8519,Houston,TX,USA,"{'latitude': 29.7589382, 'longitude': -95.3676974, 'fipsCode': '48201'}"
112582,5077284,HighSchool,2023,1347.0,Juice Clarke,Riverdale,Illinois,S,73.0,164.0,3.0,0.8517,Fort Myers,FL,USA,"{'latitude': 26.640628, 'longitude': -81.8723084, 'fipsCode': '12071'}"
112587,5075026,HighSchool,2023,1347.0,Donte Hawthorne,Colonial Forge,Virginia,RB,72.0,200.0,3.0,0.8517,Stafford,VA,USA,"{'latitude': 38.4222681, 'longitude': -77.4084067, 'fipsCode': '51179'}"
112575,5075623,HighSchool,2023,1347.0,Taylor Davis,Fort Bend Ridge Point,Kansas,S,72.0,185.0,3.0,0.8517,Missouri City,TX,USA,"{'latitude': 29.6185669, 'longitude': -95.5377215, 'fipsCode': '48157'}"
112584,5125732,HighSchool,2023,1347.0,Braden Marceau-Olayinka,Melrose,Stanford,DL,75.0,265.0,3.0,0.8517,Melrose,MA,USA,"{'latitude': 42.4564323, 'longitude': -71.064182, 'fipsCode': '25017'}"
112578,5078919,HighSchool,2023,1347.0,Jalyn Stanford,Jenks,Houston,S,71.0,185.0,3.0,0.8517,Jenks,OK,USA,"{'latitude': 36.0228734, 'longitude': -95.9683278, 'fipsCode': '40143'}"
112586,5085391,HighSchool,2023,1347.0,LJ Green,Montgomery Catholic Preparatory,Troy,CB,73.0,170.0,3.0,0.8517,Montgomery,AL,USA,"{'latitude': 32.3669656, 'longitude': -86.3006485, 'fipsCode': '01101'}"
112580,4923268,HighSchool,2023,1347.0,C.J. Fite,Tatum,Arizona State,DL,73.0,280.0,3.0,0.8517,Tatum,TX,USA,"{'latitude': 32.315053, 'longitude': -94.5163729, 'fipsCode': '48401'}"
112583,,HighSchool,2023,1347.0,Colin Van Rooy,Strongsville,,OT,77.0,300.0,3.0,0.8517,Strongsville,OH,USA,"{'latitude': 41.3144733, 'longitude': -81.83511, 'fipsCode': '39035'}"
112573,,HighSchool,2023,1347.0,La'Modrick Spencer,Duncanville,,CB,73.0,175.0,3.0,0.8517,Duncanville,TX,USA,"{'latitude': 32.6518004, 'longitude': -96.9083366, 'fipsCode': '48113'}"
112576,5121617,HighSchool,2023,1347.0,Jeremiah Warren,Belleville,Illinois,DL,76.0,285.0,3.0,0.8517,Belleville,MI,USA,"{'latitude': 42.2048414, 'longitude': -83.4852106, 'fipsCode': '17163'}"
112579,4922987,HighSchool,2023,1347.0,Takye Heath,Highland Springs,Virginia Tech,WR,69.0,165.0,3.0,0.8517,Highland Springs,VA,USA,"{'latitude': 37.5460121, 'longitude': -77.3278441, 'fipsCode': '51087'}"
112588,,HighSchool,2023,1347.0,Jakob Dixon,Pleasure Ridge Park,Eastern Kentucky,WR,76.0,197.0,3.0,0.8517,Louisville,KY,USA,"{'latitude': 38.2542376, 'longitude': -85.759407, 'fipsCode': '21111'}"
112581,4921396,HighSchool,2023,1347.0,Zach Aamland,Hun School,Illinois,OT,78.0,285.0,3.0,0.8517,Princeton,NJ,USA,"{'latitude': 40.3492744, 'longitude': -74.6592958, 'fipsCode': '34021'}"
112590,4870848,HighSchool,2023,1347.0,Tyler Jefferson,Columbia,Central Michigan,ATH,73.0,235.0,3.0,0.8517,Lake City,FL,USA,"{'latitude': 30.1896756, 'longitude': -82.6392899, 'fipsCode': '12023'}"
112574,4918435,HighSchool,2023,1347.0,Tyrone McDuffie,El Paso Parkland,UTEP,IOL,75.0,303.0,3.0,0.8517,El Paso,TX,USA,"{'latitude': 31.7754152, 'longitude': -106.4646348, 'fipsCode': '48141'}"
112589,5150536,HighSchool,2023,1347.0,Tristan Davis,Lakeridge,Arizona,EDGE,79.0,235.0,3.0,0.8517,Lake Oswego,OR,USA,"{'latitude': 45.4206749, 'longitude': -122.6706498, 'fipsCode': '41005'}"
112577,5078013,HighSchool,2023,1347.0,Corey McIntyre Jr.,Treasure Coast,West Virginia,DL,76.0,280.0,3.0,0.8517,Port St. Lucie,FL,USA,"{'latitude': 27.2939333, 'longitude': -80.3503283, 'fipsCode': '12111'}"
112585,5117082,HighSchool,2023,1347.0,Gage Stanaland,Jim Ned,Oklahoma State,IOL,76.0,270.0,3.0,0.8517,Tuscola,TX,USA,"{'latitude': 32.2095777, 'longitude': -99.7967542, 'fipsCode': '48441'}"
112594,5080789,HighSchool,2023,1365.0,Makhail Wood,Mill Creek,Eastern Michigan,WR,70.5,150.0,3.0,0.8514,Hoschton,GA,USA,"{'latitude': 34.096496, 'longitude': -83.7612839, 'fipsCode': '13157'}"
112596,5077204,HighSchool,2023,1365.0,Michael Short,Mallard Creek,North Carolina,LB,75.0,220.0,3.0,0.8514,Charlotte,NC,USA,"{'latitude': 35.2272, 'longitude': -80.843083, 'fipsCode': '37119'}"
112595,5102586,HighSchool,2023,1365.0,Keyon Cox,Central Phenix City,UCF,OT,77.0,275.0,3.0,0.8514,Phenix City,AL,USA,"{'latitude': 32.4709761, 'longitude': -85.0007653, 'fipsCode': '01113'}"
112593,5078067,HighSchool,2023,1365.0,Sua Lefotu,St. John Bosco,Nebraska,DL,76.0,285.0,3.0,0.8514,Bellflower,CA,USA,"{'latitude': 33.8825705, 'longitude': -118.1167679, 'fipsCode': '06037'}"
112591,,HighSchool,2023,1365.0,Seven Cloud,McEachern,,DL,75.0,325.0,3.0,0.8514,Powder Springs,GA,USA,"{'latitude': 33.8595492, 'longitude': -84.683824, 'fipsCode': '13067'}"
112592,4920228,HighSchool,2023,1365.0,Joquez Smith,Tampa Jesuit,Temple,RB,66.5,190.0,3.0,0.8514,Tampa,FL,USA,"{'latitude': 27.9477595, 'longitude': -82.458444, 'fipsCode': '12057'}"
112597,5075962,HighSchool,2023,1371.0,Baylin Brooks,Loyola,San Diego State,WR,74.0,195.0,3.0,0.8511,Los Angeles,CA,USA,"{'latitude': 34.0536909, 'longitude': -118.2427666, 'fipsCode': '06037'}"
112598,5088514,HighSchool,2023,1371.0,Zander Esty,Placer,Oregon State,IOL,77.0,275.0,3.0,0.8511,Auburn,CA,USA,"{'latitude': 38.8945939, 'longitude': -121.0739897, 'fipsCode': '06061'}"
112599,5078822,HighSchool,2023,1371.0,Miles Hall,Skyline,BYU,ATH,74.0,195.0,3.0,0.8511,Salt Lake City,UT,USA,"{'latitude': 40.7596198, 'longitude': -111.8867975, 'fipsCode': '49035'}"
112602,5121453,HighSchool,2023,1374.0,Eli Finley,Rockwall-Heath,Louisiana Tech,TE,77.0,245.0,3.0,0.8511,Rockwall,TX,USA,"{'latitude': 32.9312336, 'longitude': -96.4597089, 'fipsCode': '48397'}"
112605,4922990,HighSchool,2023,1374.0,Marques Neal,Channelview,Texas Southern,ATH,71.0,185.0,3.0,0.8511,Channelview,TX,USA,"{'latitude': 29.7760599, 'longitude': -95.1146533, 'fipsCode': '48201'}"
112603,,HighSchool,2023,1374.0,Jayden Sheppard,Niceville,,S,74.0,181.0,3.0,0.8511,Niceville,FL,USA,"{'latitude': 30.5168639, 'longitude': -86.482172, 'fipsCode': '12091'}"
112604,4922997,HighSchool,2023,1374.0,Hunter Wiggins,San Diego Lincoln,New Mexico,S,72.0,185.0,3.0,0.8511,San Diego,CA,USA,"{'latitude': 32.7174209, 'longitude': -117.1627714, 'fipsCode': '06073'}"
112600,,HighSchool,2023,1374.0,Chris Snyder Jr.,Mater Dei Catholic,Cal Poly,ATH,72.0,175.0,3.0,0.8511,Chula Vista,CA,USA,"{'latitude': 32.6400541, 'longitude': -117.0841955, 'fipsCode': '06073'}"
112601,5165464,HighSchool,2023,1374.0,Antonio Smith,Gulliver Prep,Florida Atlantic,S,75.0,190.0,3.0,0.8511,Miami,FL,USA,"{'latitude': 25.7742658, 'longitude': -80.1936589, 'fipsCode': '12086'}"
112612,4923061,HighSchool,2023,1380.0,Ben Cutter,East Lincoln,West Virginia,LB,73.0,210.0,3.0,0.8508,Denver,NC,USA,"{'latitude': 35.5312452, 'longitude': -81.0297994, 'fipsCode': '37109'}"
112613,,HighSchool,2023,1380.0,Justin Johnson,Inglewood,Fresno State,S,74.0,185.0,3.0,0.8508,Inglewood,CA,USA,"{'latitude': 33.9562003, 'longitude': -118.353132, 'fipsCode': '06037'}"
112616,5081147,HighSchool,2023,1380.0,Jalen O'Neal,Manvel,Abilene Christian,S,73.5,170.0,3.0,0.8508,Manvel,TX,USA,"{'latitude': 29.4664706, 'longitude': -95.355714, 'fipsCode': '48039'}"
112607,5085877,HighSchool,2023,1380.0,Michael Madrie,Argyle,Boise State,DL,76.0,255.0,3.0,0.8508,Argyle,TX,USA,"{'latitude': 33.110156, 'longitude': -97.17940980147037, 'fipsCode': '48121'}"
112614,5078279,HighSchool,2023,1380.0,RL Miller,Sacred Heart Cathedral Prep,Fresno State,LB,74.0,185.0,3.0,0.8508,San Francisco,CA,USA,"{'latitude': 37.7790262, 'longitude': -122.4199061, 'fipsCode': '06075'}"
112610,5042880,HighSchool,2023,1380.0,Nathan Pritchard,Auburn Riverside,Washington State,OT,77.0,285.0,3.0,0.8508,Auburn,WA,USA,"{'latitude': 47.3075369, 'longitude': -122.2301808, 'fipsCode': '53033'}"
112617,5074243,HighSchool,2023,1380.0,Logan Blake,Hun School,Rutgers,TE,78.0,215.0,3.0,0.8508,Princeton,NJ,USA,"{'latitude': 40.3492744, 'longitude': -74.6592958, 'fipsCode': '34021'}"
112618,5086466,HighSchool,2023,1380.0,Ted Gregoire,Hudson Catholic,Vanderbilt,DL,78.0,275.0,3.0,0.8508,Jersey City,NJ,USA,"{'latitude': 40.7281575, 'longitude': -74.0776417, 'fipsCode': '34017'}"
112609,5160086,HighSchool,2023,1380.0,Desirrio Riles,University Christian,East Carolina,ATH,75.0,225.0,3.0,0.8508,Jacksonville,FL,USA,"{'latitude': 30.3321838, 'longitude': -81.655651, 'fipsCode': '12031'}"
112611,5077896,HighSchool,2023,1380.0,Desmond Aladuge,Milford,Duke,EDGE,76.0,250.0,3.0,0.8508,Milford,DE,USA,"{'latitude': 38.9130453, 'longitude': -75.4278733, 'fipsCode': '10005'}"
112615,5076128,HighSchool,2023,1380.0,Cooper Starks,Girard,Vanderbilt,OT,77.0,325.0,3.0,0.8508,Girard,IL,USA,"{'latitude': None, 'longitude': None, 'fipsCode': None}"
112608,5103514,HighSchool,2023,1380.0,Daidren Zipperer,Lakeland,Utah,WR,73.0,170.0,3.0,0.8508,Lakeland,FL,USA,"{'latitude': 28.0394654, 'longitude': -81.9498042, 'fipsCode': '12105'}"
112606,5085337,HighSchool,2023,1380.0,Keyone Jenkins,Miami Central,Florida International,QB,72.0,187.0,3.0,0.8508,Opa Locka,FL,USA,"{'latitude': 25.896733849999997, 'longitude': -80.25949640850294, 'fipsCode': '12086'}"
112619,4920145,HighSchool,2023,1393.0,Braylen Ragland,Bartlett,Georgia State,QB,72.0,195.0,3.0,0.8506,Memphis,TN,USA,"{'latitude': 35.1490215, 'longitude': -90.0516285, 'fipsCode': '47157'}"
112620,4920193,HighSchool,2023,1393.0,Ethan Crawford,Hillcrest-Tuscaloosa,Southern Miss,QB,72.0,195.0,3.0,0.8506,Tuscaloosa,AL,USA,"{'latitude': 33.2095614, 'longitude': -87.5675258, 'fipsCode': '01125'}"
112621,5082106,HighSchool,2023,1393.0,Zackary Drawdy,Yulee,UConn,WR,74.5,180.0,3.0,0.8506,Yulee,FL,USA,"{'latitude': 30.6319034, 'longitude': -81.6064866, 'fipsCode': '12089'}"
112622,5075529,HighSchool,2023,1396.0,Anthony Eager,McGill Toolen,South Alabama,WR,73.0,170.0,3.0,0.8504,Mobile,AL,USA,"{'latitude': 30.6943566, 'longitude': -88.0430541, 'fipsCode': '01097'}"
112625,5076653,HighSchool,2023,1397.0,Brandon Hills Jr.,Vista Ridge,Washington State,WR,68.0,150.0,3.0,0.8503,Colorado Springs,CO,USA,"{'latitude': 38.8339578, 'longitude': -104.8253485, 'fipsCode': '08041'}"
112626,5078402,HighSchool,2023,1397.0,Shaborne Demps,Glades Central,Florida International,WR,68.0,170.0,3.0,0.8503,Belle Glade,FL,USA,"{'latitude': 26.6845104, 'longitude': -80.6675577, 'fipsCode': '12099'}"
112624,5154413,HighSchool,2023,1397.0,Isaiah Spencer,Madison Central,Jackson State,WR,74.0,185.0,3.0,0.8503,Madison,MS,USA,"{'latitude': 32.4618086, 'longitude': -90.1153638, 'fipsCode': '28089'}"
112623,5075569,HighSchool,2023,1397.0,Lucas Conti,Corona Centennial,UNLV,DL,77.0,260.0,3.0,0.8503,Corona,CA,USA,"{'latitude': 33.8752945, 'longitude': -117.5664449, 'fipsCode': '06065'}"
112627,5151274,HighSchool,2023,1397.0,Drayden Dickmann,Georgetown,Rice,WR,70.5,169.0,3.0,0.8503,Georgetown,TX,USA,"{'latitude': 30.671598, 'longitude': -97.65500660120435, 'fipsCode': '48491'}"
112628,5077267,HighSchool,2023,1397.0,Luke Mergott,Stephen Decatur,Duke,LB,75.0,215.0,3.0,0.8503,Berlin,MD,USA,"{'latitude': 38.3226154, 'longitude': -75.2176892, 'fipsCode': '24047'}"
112643,5106061,HighSchool,2023,1403.0,Landon Danley,Dutch Fork,Virginia,S,74.0,190.0,3.0,0.85,Irmo,SC,USA,"{'latitude': 34.08846885, 'longitude': -81.18021121302588, 'fipsCode': '45063'}"
112641,5027438,HighSchool,2023,1403.0,Tyler White,Southlake Carroll,Texas A&M,P,75.0,202.0,3.0,0.85,Southlake,TX,USA,"{'latitude': 32.9412363, 'longitude': -97.1341783, 'fipsCode': '48439'}"
112655,5085746,HighSchool,2023,1403.0,Marcus Calvin,Gibbs,Kansas,DL,74.0,290.0,3.0,0.85,St. Petersburg,FL,USA,"{'latitude': 27.7703796, 'longitude': -82.6695085, 'fipsCode': '12103'}"
112648,4921459,HighSchool,2023,1403.0,Sam Williams,Callaway,Missouri,DL,75.5,260.0,3.0,0.85,Hogansville,GA,USA,"{'latitude': 33.1731769, 'longitude': -84.914936, 'fipsCode': '13285'}"
112636,4870681,HighSchool,2023,1403.0,Dion Crawford,Collins Hill,Buffalo,LB,73.0,225.0,3.0,0.85,Suwanee,GA,USA,"{'latitude': 34.0514898, 'longitude': -84.0712997, 'fipsCode': '13135'}"
216954,5160961,HighSchool,2023,1403.0,Naseri Danielson,St. Mary's,BYU,ATH,74.0,195.0,3.0,0.85,Stockton,CA,USA,"{'latitude': 37.9577016, 'longitude': -121.2907796, 'fipsCode': '06077'}"
112650,5111406,HighSchool,2023,1403.0,Tennel Bryant,Archbishop Moeller,Arkansas State,WR,70.0,162.0,3.0,0.85,Cincinnati,OH,USA,"{'latitude': 39.1014537, 'longitude': -84.5124602, 'fipsCode': '39061'}"
112658,5157273,HighSchool,2023,1403.0,Joshua Saddler,Ridge View,Coastal Carolina,EDGE,75.0,215.0,3.0,0.85,Columbia,SC,USA,"{'latitude': 34.0007493, 'longitude': -81.0343313, 'fipsCode': '45079'}"
112646,5113460,HighSchool,2023,1403.0,Demanuel Brown,Spring Dekaney,Boise State,EDGE,75.0,230.0,3.0,0.85,Houston,TX,USA,"{'latitude': 29.7589382, 'longitude': -95.3676974, 'fipsCode': '48201'}"
112631,5121588,HighSchool,2023,1403.0,Gabe Tahir,Kamiakin,Boise State,CB,73.0,175.0,3.0,0.85,Kennewick,WA,USA,"{'latitude': 46.2087066, 'longitude': -119.1199192, 'fipsCode': '53005'}"
112629,4912864,HighSchool,2023,1403.0,Raheim Jeter,Spartanburg,East Carolina,QB,75.0,220.0,3.0,0.85,Duncan,SC,USA,"{'latitude': 34.9378962, 'longitude': -82.1451096, 'fipsCode': '45083'}"
112645,5119569,HighSchool,2023,1403.0,Taye Brown,Hamilton,Arizona,LB,74.0,220.0,3.0,0.85,Chandler,AZ,USA,"{'latitude': 33.3062223, 'longitude': -111.8413317, 'fipsCode': '04013'}"
112633,5121704,HighSchool,2023,1403.0,RJ Esmon,Mission College Preparatory Catholic,Nevada,OT,79.0,250.0,3.0,0.85,San Luis Obispo,CA,USA,"{'latitude': 35.2827525, 'longitude': -120.6596156, 'fipsCode': '06079'}"
112657,5121611,HighSchool,2023,1403.0,Kenneth Kelly,Tallahassee Lincoln,Campbell,ATH,73.0,199.0,3.0,0.85,Tallahassee,FL,USA,"{'latitude': 30.4380832, 'longitude': -84.2809332, 'fipsCode': '12073'}"
112654,5075305,HighSchool,2023,1403.0,Holden Symonds,The Governors Academy,Boston College,ATH,78.0,240.0,3.0,0.85,Melrose,MA,USA,"{'latitude': 42.4564323, 'longitude': -71.064182, 'fipsCode': '25017'}"
216964,5125841,HighSchool,2023,1403.0,Jordan Holmes,Cocoa,Old Dominion,CB,72.0,155.0,3.0,0.85,Cocoa,FL,USA,"{'latitude': 28.3553873, 'longitude': -80.7318827, 'fipsCode': '12009'}"
216957,5150319,HighSchool,2023,1403.0,Christopher Williams,Francis Parker School,Army,ATH,70.0,170.0,3.0,0.85,San Diego,CA,USA,"{'latitude': 32.7174209, 'longitude': -117.1627714, 'fipsCode': '06073'}"
112649,5077882,HighSchool,2023,1403.0,Malaki Pegues,Oxford,Troy,DL,76.0,225.0,3.0,0.85,Oxford,MS,USA,"{'latitude': 34.3664127, 'longitude': -89.5187664, 'fipsCode': '28071'}"
112638,4870718,HighSchool,2023,1403.0,Ahmere Foster,Miami Columbus,Marshall,S,70.0,155.0,3.0,0.85,Miami,FL,USA,"{'latitude': 25.7742658, 'longitude': -80.1936589, 'fipsCode': '12086'}"
112644,4908551,HighSchool,2023,1403.0,John Curry,Lubbock Coronado,Texas Tech,LB,74.5,195.0,3.0,0.85,Lubbock,TX,USA,"{'latitude': 33.5635206, 'longitude': -101.879336, 'fipsCode': '48303'}"
216969,5156242,HighSchool,2023,1403.0,Jarvis Reed,Mansfield Timberview,Incarnate Word,RB,72.0,185.0,3.0,0.85,Arlington,TX,USA,"{'latitude': 32.701938999999996, 'longitude': -97.10562379033699, 'fipsCode': '48439'}"
112653,4921400,HighSchool,2023,1403.0,Elias Cloy,Alpharetta,Georgia Tech,IOL,76.0,280.0,3.0,0.85,Alpharetta,GA,USA,"{'latitude': 34.0709576, 'longitude': -84.2747329, 'fipsCode': '13121'}"
112632,4921308,HighSchool,2023,1403.0,Wyatt Milkovic,Basha,Boise State,LB,74.0,225.0,3.0,0.85,Chandler,AZ,USA,"{'latitude': 33.3062223, 'longitude': -111.8413317, 'fipsCode': '04013'}"
112652,5124133,HighSchool,2023,1403.0,Jalen Pope,Aledo,Oklahoma State,WR,71.0,180.0,3.0,0.85,Aledo,TX,USA,"{'latitude': 32.69900905, 'longitude': -97.60396629774493, 'fipsCode': '48367'}"
112639,5218787,HighSchool,2023,1403.0,Que'Sean Brown,East Forsyth,Duke,WR,68.0,160.0,3.0,0.85,Kernersville,NC,USA,"{'latitude': 36.1198589, 'longitude': -80.0736533, 'fipsCode': '37067'}"
112659,5120220,HighSchool,2023,1403.0,Titus Ivy,Cox Mill,Virginia,WR,76.0,190.0,3.0,0.85,Concord,NC,USA,"{'latitude': 35.4093772, 'longitude': -80.5797416, 'fipsCode': '37025'}"
112640,5008019,HighSchool,2023,1403.0,Kofi Taylor-Barrocks,NFL Academy,Colorado,LB,75.0,220.0,3.0,0.85,England,,GBR,"{'latitude': None, 'longitude': None, 'fipsCode': None}"
112647,,HighSchool,2023,1403.0,Jeremiah Augustin,Jupiter Christian School,,ATH,77.5,180.0,3.0,0.85,Jupiter,FL,USA,"{'latitude': 26.9260832, 'longitude': -80.12108914060954, 'fipsCode': '12099'}"
216967,5153614,HighSchool,2023,1403.0,Troy Leigber,Laguna Hills,UCLA,S,72.0,200.0,3.0,0.85,Laguna Hills,CA,USA,"{'latitude': 33.5948758, 'longitude': -117.6882067, 'fipsCode': '06059'}"
112634,,HighSchool,2023,1403.0,Mari Lawton,South Charleston,,DL,76.0,250.0,3.0,0.85,Charleston,WV,USA,"{'latitude': 38.3505995, 'longitude': -81.6332812, 'fipsCode': '54039'}"
112630,4921501,HighSchool,2023,1403.0,Jaden Milliner-Jones,DeSoto,Colorado,S,71.0,190.0,3.0,0.85,DeSoto,TX,USA,"{'latitude': 32.6061241, 'longitude': -96.865612653687, 'fipsCode': '48113'}"
216960,,HighSchool,2023,1403.0,Devyn Turner,St. Francis,,RB,69.0,180.0,3.0,0.85,La Canada Flintridge,CA,USA,"{'latitude': 34.1998302, 'longitude': -118.2005236, 'fipsCode': '06037'}"
112637,,HighSchool,2023,1403.0,Jackson Thomas,Stanhope Elmore,Troy,WR,75.0,185.0,3.0,0.85,Millbrook,AL,USA,"{'latitude': 32.4798575, 'longitude': -86.3619163, 'fipsCode': '01051'}"
112642,4921512,HighSchool,2023,1403.0,Jonathan Pennix,Appomattox County,Virginia Tech,ATH,71.0,170.0,3.0,0.85,Appomattox,VA,USA,"{'latitude': 37.3570894, 'longitude': -78.8252911, 'fipsCode': '51011'}"
216963,,HighSchool,2023,1403.0,Richemard Mellien,First Baptist Academy,,ATH,73.0,200.0,3.0,0.85,Naples,FL,USA,"{'latitude': 26.1421976, 'longitude': -81.7942944, 'fipsCode': '12021'}"
112651,5121334,HighSchool,2023,1403.0,Jayce Brown,Choctawhatchee,Kansas State,WR,72.0,165.0,3.0,0.85,Fort Walton Beach,FL,USA,"{'latitude': 30.4057552, 'longitude': -86.618842, 'fipsCode': '12091'}"
216958,,HighSchool,2023,1403.0,Kalen Cobb,DeMatha Catholic,,WR,76.0,215.0,3.0,0.85,Hyattsville,MD,USA,"{'latitude': 38.9529442, 'longitude': -76.9408647, 'fipsCode': '24033'}"
112656,5160208,HighSchool,2023,1403.0,Chantson Prox,Canton,Sam Houston,CB,71.0,175.0,3.0,0.85,Canton,TX,USA,"{'latitude': 32.555664, 'longitude': -95.8640507, 'fipsCode': '48467'}"
216965,,HighSchool,2023,1403.0,Jimez Hamilton,Dr. Phillips,UCF,CB,73.0,165.0,3.0,0.85,Orlando,FL,USA,"{'latitude': 28.5421109, 'longitude': -81.3790304, 'fipsCode': '12095'}"
216966,,HighSchool,2023,1403.0,Emmanuel Deng,Centerville,Pennsylvania,CB,74.0,172.0,3.0,0.85,Dayton,OH,USA,"{'latitude': 39.7589478, 'longitude': -84.1916069, 'fipsCode': '39113'}"
216968,,HighSchool,2023,1403.0,Jacobe Oglesby,Martin Luther King,Western Michigan,S,73.0,195.0,3.0,0.85,Detroit,MI,USA,"{'latitude': 42.3315509, 'longitude': -83.0466403, 'fipsCode': '26163'}"
216953,,HighSchool,2023,1403.0,Brayden Holmes,Milton,,ATH,74.0,180.0,3.0,0.85,Alpharetta,GA,USA,"{'latitude': 34.0709576, 'longitude': -84.2747329, 'fipsCode': '13121'}"
216970,,HighSchool,2023,1403.0,Zahmir Dawud,North Brunswick Township,Villanova,S,72.0,175.0,3.0,0.85,North Brunswick,NJ,USA,"{'latitude': 40.5008674, 'longitude': -74.4424962, 'fipsCode': '34023'}"
112635,,HighSchool,2023,1403.0,Roch Cholowsky,Hamilton,,QB,74.0,180.0,3.0,0.85,Chandler,AZ,USA,"{'latitude': 33.3062223, 'longitude': -111.8413317, 'fipsCode': '04013'}"
216959,5153759,HighSchool,2023,1403.0,Jordan Harris,Alcoa,Tennessee Tech,RB,70.0,170.0,3.0,0.85,Alcoa,TN,USA,"{'latitude': 35.7895271, 'longitude': -83.9737935, 'fipsCode': '47009'}"
216955,5152829,HighSchool,2023,1403.0,Robbie Mascheroni,Campolindo,UC Davis,WR,76.0,190.0,3.0,0.85,Moraga,CA,USA,"{'latitude': 37.834897, 'longitude': -122.12883, 'fipsCode': '06013'}"
216956,5152791,HighSchool,2023,1403.0,Delon Thompson,St. Bonaventure,Portland State,RB,69.0,196.0,3.0,0.85,Ventura,CA,USA,"{'latitude': 34.3435092, 'longitude': -119.29560423163717, 'fipsCode': '06111'}"
216961,5152826,HighSchool,2023,1403.0,Jordan Fisher,Westview,UC Davis,RB,68.0,170.0,3.0,0.85,Portland,OR,USA,"{'latitude': 45.5202471, 'longitude': -122.6741949, 'fipsCode': '41051'}"
216962,,HighSchool,2023,1403.0,Seth Fao,Phineas Banning Senior,,ATH,75.0,230.0,3.0,0.85,Wilmington,CA,USA,"{'latitude': 33.7800164, 'longitude': -118.2625095, 'fipsCode': '06037'}"
112661,5151483,HighSchool,2023,1453.0,Joseph Walker Jr.,Warren Central,Eastern Michigan,WR,76.0,200.0,3.0,0.8497,Indianapolis,IN,USA,"{'latitude': 39.7683331, 'longitude': -86.1583502, 'fipsCode': '18097'}"
112664,5157272,HighSchool,2023,1453.0,Derrick Maxey III,Hapeville Charter,Coastal Carolina,S,70.0,180.0,3.0,0.8497,Atlanta,GA,USA,"{'latitude': 33.7490987, 'longitude': -84.3901849, 'fipsCode': '13121'}"
112665,5077392,HighSchool,2023,1453.0,Kam Sallis,Kennedale,Kansas State,S,72.0,190.0,3.0,0.8497,Kennedale,TX,USA,"{'latitude': 32.646801, 'longitude': -97.2258465, 'fipsCode': '48439'}"
112660,4966148,HighSchool,2023,1453.0,Nate Spillman,Lipscomb Academy,Tennessee,WR,73.5,194.0,3.0,0.8497,Nashville,TN,USA,"{'latitude': 36.1622296, 'longitude': -86.7743531, 'fipsCode': '47037'}"
112663,4918437,HighSchool,2023,1453.0,Christian Davis,Miamisburg,Ball State,RB,72.0,195.0,3.0,0.8497,Miamisburg,OH,USA,"{'latitude': 39.6428362, 'longitude': -84.2866083, 'fipsCode': '39113'}"
112662,4918134,HighSchool,2023,1453.0,Vic Sutton,Madison Central,Mississippi State,QB,75.0,200.0,3.0,0.8497,Madison,MS,USA,"{'latitude': 32.4618086, 'longitude': -90.1153638, 'fipsCode': '28089'}"
112667,5091836,HighSchool,2023,1459.0,Jaxon Potter,Santa Margarita Catholic,Washington State,QB,76.0,180.0,3.0,0.8494,Huntington Beach,CA,USA,"{'latitude': 33.6783336, 'longitude': -118.0000166, 'fipsCode': '06059'}"
112666,5078223,HighSchool,2023,1459.0,Re'Shaun Sanford II,Harker Heights,Houston,RB,67.0,165.0,3.0,0.8494,Harker Heights,TX,USA,"{'latitude': 31.0746347, 'longitude': -97.6590473, 'fipsCode': '48027'}"
112669,5078105,HighSchool,2023,1459.0,TJ Lott,Inlet Grove,Old Dominion,ATH,72.0,170.0,3.0,0.8494,Riviera Beach,FL,USA,"{'latitude': 26.7753405, 'longitude': -80.0580969, 'fipsCode': '12099'}"
112668,5081794,HighSchool,2023,1459.0,Jayden Bass,Springfield Central,Syracuse,OT,77.0,295.0,3.0,0.8494,Springfield,MA,USA,"{'latitude': 42.1014831, 'longitude': -72.589811, 'fipsCode': '25013'}"
112676,4923053,HighSchool,2023,1463.0,Tawfiq Byard,DeMatha Catholic,South Florida,S,71.0,190.0,3.0,0.8492,Hyattsville,MD,USA,"{'latitude': 38.9529442, 'longitude': -76.9408647, 'fipsCode': '24033'}"
112677,5078164,HighSchool,2023,1463.0,Josh Richards,East Orange Campus,Maryland,WR,75.0,175.0,3.0,0.8492,East Orange,NJ,USA,"{'latitude': 40.767323, 'longitude': -74.2048677, 'fipsCode': '34013'}"
112670,4870722,HighSchool,2023,1463.0,Kobi Gorman,Pickerington Central,Ohio,DL,75.0,265.0,3.0,0.8492,Pickerington,OH,USA,"{'latitude': 39.896277299999994, 'longitude': -82.77319049748806, 'fipsCode': '39045'}"
112674,4871071,HighSchool,2023,1463.0,Quentin Thomas,Eagle's Landing,Georgia State,WR,73.0,190.0,3.0,0.8492,McDonough,GA,USA,"{'latitude': 33.4473361, 'longitude': -84.1468616, 'fipsCode': '13151'}"
112675,4923300,HighSchool,2023,1463.0,Spencer Jones,Our Lady of Good Counsel,Duke,WR,76.0,195.0,3.0,0.8492,Olney,MD,USA,"{'latitude': 39.1532123, 'longitude': -77.0668408, 'fipsCode': '24031'}"
112671,5076124,HighSchool,2023,1463.0,Jayven Hall,Roswell,Marshall,LB,73.0,220.0,3.0,0.8492,Roswell,GA,USA,"{'latitude': 34.02332, 'longitude': -84.360022, 'fipsCode': '13121'}"
112673,5078047,HighSchool,2023,1463.0,Stephen Johnson,Whitewater,Auburn,DL,76.0,320.0,3.0,0.8492,Fayetteville,GA,USA,"{'latitude': 33.4487257, 'longitude': -84.4549262, 'fipsCode': '13113'}"
112672,5077873,HighSchool,2023,1463.0,Chris Dawn Jr.,Mesquite Horn,Texas State,WR,67.0,155.0,3.0,0.8492,Mesquite,TX,USA,"{'latitude': 32.7666103, 'longitude': -96.599472, 'fipsCode': '48113'}"
112679,5090291,HighSchool,2023,1463.0,Zion Gunn,Winter Park,Purdue,CB,74.0,180.0,3.0,0.8492,Winter Park,FL,USA,"{'latitude': 26.13784445, 'longitude': -81.75399813758739, 'fipsCode': '12021'}"
112678,4923278,HighSchool,2023,1463.0,Leon Griffin III,Bayside,Duke,ATH,71.0,190.0,3.0,0.8492,Virginia Beach,VA,USA,"{'latitude': 36.8529841, 'longitude': -75.9774183, 'fipsCode': '51810'}"
112685,5089314,HighSchool,2023,1473.0,Hank Brown,Lipscomb Academy,Auburn,QB,76.0,195.0,3.0,0.8489,Nashville,TN,USA,"{'latitude': 36.1622296, 'longitude': -86.7743531, 'fipsCode': '47037'}"
112684,5220138,HighSchool,2023,1473.0,Wayne Peart II,Chaminade-Madonna,Toledo,DL,75.0,290.0,3.0,0.8489,Hollywood,FL,USA,"{'latitude': 26.0112014, 'longitude': -80.1494901, 'fipsCode': '12011'}"
112683,4921232,HighSchool,2023,1473.0,Cal Grubbs,Maryville,Liberty,IOL,76.0,290.0,3.0,0.8489,Maryville,TN,USA,"{'latitude': 35.7564719, 'longitude': -83.9704593, 'fipsCode': '47009'}"
112682,,HighSchool,2023,1473.0,Jamerious Jenkins,Water Valley,,DL,74.0,295.0,3.0,0.8489,Water Valley,MS,USA,"{'latitude': 34.1514989, 'longitude': -89.6314736, 'fipsCode': '28161'}"
112681,,HighSchool,2023,1473.0,Kainoa Carvalho,Kahuku,Hawai'i,WR,67.0,165.0,3.0,0.8489,Kahuku,HI,USA,"{'latitude': 21.679124, 'longitude': -157.94838, 'fipsCode': '15003'}"
112686,5093886,HighSchool,2023,1473.0,Kamari Moulton,Cardinal Gibbons,Iowa,RB,69.0,180.0,3.0,0.8489,Fort Lauderdale,FL,USA,"{'latitude': 26.1223084, 'longitude': -80.1433786, 'fipsCode': '12011'}"
112680,4871045,HighSchool,2023,1473.0,Stantavious Smith,Dougherty,South Florida,DL,73.0,261.0,3.0,0.8489,Albany,GA,USA,"{'latitude': 31.5782062, 'longitude': -84.1556809, 'fipsCode': '13095'}"
112687,5085338,HighSchool,2023,1473.0,Nick Krahe,Harbor Creek,West Virginia,IOL,77.0,285.0,3.0,0.8489,Harborcreek,PA,USA,"{'latitude': 42.101871, 'longitude': -79.9603473, 'fipsCode': '42049'}"
112692,5086468,HighSchool,2023,1481.0,Aaron Morris,Phillips Exeter Academy,Stanford,CB,71.0,186.0,3.0,0.8486,Exeter,NH,USA,"{'latitude': 42.981477, 'longitude': -70.9478343, 'fipsCode': '33015'}"
112691,5157289,HighSchool,2023,1481.0,Jermod McCoy,Whitehouse,Oregon State,CB,71.0,170.0,3.0,0.8486,Whitehouse,TX,USA,"{'latitude': 32.2268666, 'longitude': -95.2259279, 'fipsCode': '48423'}"
112688,5092265,HighSchool,2023,1481.0,Charles Greer Jr.,De La Salle,Fresno State,RB,71.0,180.0,3.0,0.8486,Concord,CA,USA,"{'latitude': 37.9768525, 'longitude': -122.0335624, 'fipsCode': '06013'}"
112690,5078314,HighSchool,2023,1481.0,Christian Martin,Destrehan,Colorado State,OT,77.0,250.0,3.0,0.8486,Destrehan,LA,USA,"{'latitude': 29.960933, 'longitude': -90.3705407077716, 'fipsCode': '22089'}"
112689,,HighSchool,2023,1481.0,Brent Hoppe,Turner,Central Michigan,EDGE,76.0,218.0,3.0,0.8486,Beloit,WI,USA,"{'latitude': 40.9231141, 'longitude': -80.9937025, 'fipsCode': '39099'}"
112694,,HighSchool,2023,1486.0,A.J. Salley,Miamisburg,Houston Christian,OT,77.0,260.0,3.0,0.8485,Miamisburg,OH,USA,"{'latitude': 39.6428362, 'longitude': -84.2866083, 'fipsCode': '39113'}"
112695,5092266,HighSchool,2023,1486.0,Whitefield Powell,Regents School,Colorado State,EDGE,76.0,211.0,3.0,0.8485,Austin,TX,USA,"{'latitude': 30.2711286, 'longitude': -97.7436995, 'fipsCode': '48453'}"
112693,4920141,HighSchool,2023,1486.0,Allen Mitchell,Lutheran of St. Charles,Campbell,RB,70.0,185.0,3.0,0.8485,St. Louis,MO,USA,"{'latitude': 38.6268039, 'longitude': -90.1994097, 'fipsCode': '29510'}"
112700,4923041,HighSchool,2023,1489.0,David Anderson,Kecoughtan,Duke,DL,76.0,280.0,3.0,0.8483,Hampton,VA,USA,"{'latitude': 37.0520315, 'longitude': -76.2856365, 'fipsCode': '51650'}"
112705,5146851,HighSchool,2023,1489.0,AJ Szymanski,Loyola Blakefield,Maryland,TE,77.0,245.0,3.0,0.8483,Towson,MD,USA,"{'latitude': 39.4018552, 'longitude': -76.602388, 'fipsCode': '24005'}"
112696,,HighSchool,2023,1489.0,Saimone Davis,Colleyville Heritage,BYU,TE,77.0,220.0,3.0,0.8483,Colleyville,TX,USA,"{'latitude': 32.8809603, 'longitude': -97.155012, 'fipsCode': '48439'}"
112697,4917055,HighSchool,2023,1489.0,Camden Beebe,Piper,Kansas State,IOL,75.0,315.0,3.0,0.8483,Kansas City,KS,USA,"{'latitude': 39.1134562, 'longitude': -94.626497, 'fipsCode': '20209'}"
112699,5078043,HighSchool,2023,1489.0,Apollos Cook,Airport,Duke,WR,75.0,215.0,3.0,0.8483,West Columbia,SC,USA,"{'latitude': 33.9934867, 'longitude': -81.0739826, 'fipsCode': '45063'}"
112703,5091838,HighSchool,2023,1489.0,Walter Samuel,East Ascension,Memphis,RB,72.0,200.0,3.0,0.8483,Gonzales,LA,USA,"{'latitude': 30.2385294, 'longitude': -90.9200987, 'fipsCode': '48177'}"
112702,5078145,HighSchool,2023,1489.0,Tai Ray,Apopka,Pittsburgh,OT,78.0,301.0,3.0,0.8483,Apopka,FL,USA,"{'latitude': 28.6779683, 'longitude': -81.5115214, 'fipsCode': '12095'}"
112706,5075775,HighSchool,2023,1489.0,Vincent Drolet,Choate Rosemary Hall,Duke,WR,77.0,220.0,3.0,0.8483,Wallingford,CT,USA,"{'latitude': 41.4570418, 'longitude': -72.8231552, 'fipsCode': '09009'}"
112704,5084891,HighSchool,2023,1489.0,Austin Romaine,Hillsboro,Kansas State,LB,73.0,230.0,3.0,0.8483,Hillsboro,MO,USA,"{'latitude': 38.2322766, 'longitude': -90.5629034, 'fipsCode': '29099'}"
112698,5044387,HighSchool,2023,1489.0,Anthony Colandrea,Lakewood,Virginia,QB,72.0,175.0,3.0,0.8483,St. Petersburg,FL,USA,"{'latitude': 27.7703796, 'longitude': -82.6695085, 'fipsCode': '12103'}"
112701,5004520,HighSchool,2023,1489.0,David Clement,Christian Brothers Academy,Syracuse,TE,79.0,265.0,3.0,0.8483,Albany,NY,USA,"{'latitude': 42.6511674, 'longitude': -73.754968, 'fipsCode': '36001'}"
112707,5077875,HighSchool,2023,1500.0,Zachary Henning,Grandview,Washington,OT,78.0,275.0,3.0,0.8481,Aurora,CO,USA,"{'latitude': 39.729432, 'longitude': -104.8319196, 'fipsCode': '08005'}"
112723,5099737,HighSchool,2023,1501.0,Ian Jeffries,Southaven,Arkansas State,DL,77.0,265.0,3.0,0.8478,Southaven,MS,USA,"{'latitude': 34.9889818, 'longitude': -90.0125913, 'fipsCode': '28033'}"
112722,5089321,HighSchool,2023,1501.0,Bryan Longwell,Lipscomb Academy,Vanderbilt,LB,73.0,225.0,3.0,0.8478,Nashville,TN,USA,"{'latitude': 36.1622296, 'longitude': -86.7743531, 'fipsCode': '47037'}"
112719,5024333,HighSchool,2023,1501.0,Laith Shamma,Huron,Toledo,DL,78.0,240.0,3.0,0.8478,Ann Arbor,MI,USA,"{'latitude': 42.2681569, 'longitude': -83.7312291, 'fipsCode': '26161'}"
112717,5078872,HighSchool,2023,1501.0,Cayden Dawson,University City,Boise State,TE,76.0,230.0,3.0,0.8478,San Diego,CA,USA,"{'latitude': 32.7174209, 'longitude': -117.1627714, 'fipsCode': '06073'}"
112720,5113180,HighSchool,2023,1501.0,Caleb Hardy,Eagle's Landing,Virginia,S,75.0,182.0,3.0,0.8478,McDonough,GA,USA,"{'latitude': 33.4473361, 'longitude': -84.1468616, 'fipsCode': '13151'}"
112728,5154412,HighSchool,2023,1501.0,Nireek Sharpe,Stockbridge,Jackson State,CB,74.0,175.0,3.0,0.8478,Stockbridge,GA,USA,"{'latitude': 33.5442781, 'longitude': -84.2338093, 'fipsCode': '13151'}"
112716,5105335,HighSchool,2023,1501.0,Aiden Hall,Pleasant Grove,Wake Forest,LB,74.0,210.0,3.0,0.8478,Pleasant Grove,AL,USA,"{'latitude': 33.4909405, 'longitude': -86.9702714, 'fipsCode': '01073'}"
112710,5105334,HighSchool,2023,1501.0,Jackson Gilkey,Ennis,UTSA,QB,74.0,220.0,3.0,0.8478,Ennis,TX,USA,"{'latitude': 32.3293111, 'longitude': -96.6252679, 'fipsCode': '48139'}"
112724,5104138,HighSchool,2023,1501.0,Trent Baker-Booker,Lawrence Central,Virginia,S,75.0,175.0,3.0,0.8478,Indianapolis,IN,USA,"{'latitude': 39.7683331, 'longitude': -86.1583502, 'fipsCode': '18097'}"
112725,5075567,HighSchool,2023,1501.0,Tylen Gonzalez,Carlsbad,Arizona,DL,78.0,250.0,3.0,0.8478,Carlsbad,NM,USA,"{'latitude': 32.4257456, 'longitude': -104.2376121, 'fipsCode': '35015'}"
112718,5032961,HighSchool,2023,1501.0,Tucker Ashcraft,O'Dea,Wisconsin,TE,77.0,235.0,3.0,0.8478,Seattle,WA,USA,"{'latitude': 47.6038321, 'longitude': -122.3300624, 'fipsCode': '53033'}"
112712,5121665,HighSchool,2023,1501.0,Jamal Miles,Pelham,Liberty,CB,72.0,180.0,3.0,0.8478,Pelham,AL,USA,"{'latitude': 33.3114985, 'longitude': -86.78242528471824, 'fipsCode': '01117'}"
112721,,HighSchool,2023,1501.0,Bryson Vowell,Anderson County,Murray State,WR,76.0,185.0,3.0,0.8478,Clinton,TN,USA,"{'latitude': 36.1034126, 'longitude': -84.1318632, 'fipsCode': '47001'}"
112726,5086010,HighSchool,2023,1501.0,Bryston Dixon,Leroy,Georgia Tech,DL,75.0,330.0,3.0,0.8478,Leroy,AL,USA,"{'latitude': 31.5046086, 'longitude': -87.9847237, 'fipsCode': '01129'}"
112727,5102556,HighSchool,2023,1501.0,Cataurus Hicks,Miami Central,Louisville,WR,69.0,160.0,3.0,0.8478,Miami,FL,USA,"{'latitude': 25.7742658, 'longitude': -80.1936589, 'fipsCode': '12086'}"
112714,,HighSchool,2023,1501.0,Marquez Taylor,McKenzie,Austin Peay,ATH,70.0,171.0,3.0,0.8478,McKenzie,TN,USA,"{'latitude': 36.1325617, 'longitude': -88.5186636, 'fipsCode': '47017'}"
112713,5078070,HighSchool,2023,1501.0,James Walley Jr.,Fort Bend Ridge Point,UTSA,EDGE,74.0,220.0,3.0,0.8478,Missouri City,TX,USA,"{'latitude': 29.6185669, 'longitude': -95.5377215, 'fipsCode': '48157'}"
112715,4921311,HighSchool,2023,1501.0,Nygel Osborne,Millikan,Utah Tech,RB,71.0,190.0,3.0,0.8478,Long Beach,CA,USA,"{'latitude': 33.7690164, 'longitude': -118.1916048, 'fipsCode': '06037'}"
112709,5088324,HighSchool,2023,1501.0,Sinn Brennan,Los Alamitos,San Diego State,EDGE,77.0,235.0,3.0,0.8478,Los Alamitos,CA,USA,"{'latitude': 33.8038865, 'longitude': -118.0772433, 'fipsCode': '06059'}"
112711,4923274,HighSchool,2023,1501.0,Will Hartson,Massillon Washington,Ohio State,RB,69.0,200.0,3.0,0.8478,Massillon,OH,USA,"{'latitude': 40.7967244, 'longitude': -81.5215093, 'fipsCode': '39151'}"
112708,5078059,HighSchool,2023,1501.0,Jarvis Durr,Brandon,South Alabama,RB,71.0,193.0,3.0,0.8478,Brandon,MS,USA,"{'latitude': 32.2731475, 'longitude': -89.9868058, 'fipsCode': '28121'}"
112742,4895775,HighSchool,2023,1522.0,Arthur Jenkins,Dillard,Florida Atlantic,WR,75.0,190.0,3.0,0.8475,Fort Lauderdale,FL,USA,"{'latitude': 26.1223084, 'longitude': -80.1433786, 'fipsCode': '12011'}"
112744,5075796,HighSchool,2023,1522.0,Vilay Nakkoun Jr.,Orlando Christian Prep,Rutgers,ATH,71.0,175.0,3.0,0.8475,Orlando,FL,USA,"{'latitude': 28.5421109, 'longitude': -81.3790304, 'fipsCode': '12095'}"
112743,5091834,HighSchool,2023,1522.0,Chris Pearson,Orange Beach,Houston,S,73.0,190.0,3.0,0.8475,Orange Beach,AL,USA,"{'latitude': 30.28285585, 'longitude': -87.62437700622718, 'fipsCode': '01003'}"
112739,5078161,HighSchool,2023,1522.0,Terrell James,Lake Wales,Arkansas State,EDGE,75.0,214.0,3.0,0.8475,Lake Wales,FL,USA,"{'latitude': 27.9014133, 'longitude': -81.5859099, 'fipsCode': '12105'}"
112740,5158275,HighSchool,2023,1522.0,J.J. Lewis,Leuzinger,Northwestern,S,72.0,185.0,3.0,0.8475,Lawndale,CA,USA,"{'latitude': 33.8885217, 'longitude': -118.3531991, 'fipsCode': '06037'}"
112732,4954456,HighSchool,2023,1522.0,Kasen Weisman,South Paulding,Colorado,QB,74.0,180.0,3.0,0.8475,Douglasville,GA,USA,"{'latitude': 33.7514966, 'longitude': -84.7477136, 'fipsCode': '13097'}"
112741,5078273,HighSchool,2023,1522.0,Ethan Hubbard,Hoover,Duke,OT,78.0,285.0,3.0,0.8475,Hoover,AL,USA,"{'latitude': 33.3848933, 'longitude': -86.8070484, 'fipsCode': '01073'}"
112736,5219265,HighSchool,2023,1522.0,Carson Rhodes,Nevada,Iowa State,TE,79.0,245.0,3.0,0.8475,Nevada,IA,USA,"{'latitude': 42.0227653, 'longitude': -93.4524342, 'fipsCode': '19169'}"
112733,4891194,HighSchool,2023,1522.0,Palaie Faoa,Bishop Gorman,Boston College,LB,73.0,215.0,3.0,0.8475,Las Vegas,NV,USA,"{'latitude': 36.1672559, 'longitude': -115.1485163, 'fipsCode': '32003'}"
112737,5077286,HighSchool,2023,1522.0,Christian McKinney,Homewood-Flossmoor,Miami (OH),LB,73.0,220.0,3.0,0.8475,Flossmoor,IL,USA,"{'latitude': 41.5428123, 'longitude': -87.6847684, 'fipsCode': '17031'}"
112738,5075542,HighSchool,2023,1522.0,Owen Davis,North Union,Purdue,LB,75.0,210.0,3.0,0.8475,Richwood,OH,USA,"{'latitude': 40.4264477, 'longitude': -83.2968631, 'fipsCode': '39159'}"
112729,,HighSchool,2023,1522.0,Chris Palfreeman,All Saints Episcopal,,WR,68.0,155.0,3.0,0.8475,Fort Worth,TX,USA,"{'latitude': 32.753177, 'longitude': -97.3327459, 'fipsCode': '48439'}"
112734,4923059,HighSchool,2023,1522.0,Jeremiah Coney,Hermitage,Virginia Tech,RB,72.5,194.0,3.0,0.8475,Richmond,VA,USA,"{'latitude': 37.5385087, 'longitude': -77.43428, 'fipsCode': '51760'}"
112730,4921514,HighSchool,2023,1522.0,Cole Shivers,Saguaro,Northwestern,CB,70.0,165.0,3.0,0.8475,Scottsdale,AZ,USA,"{'latitude': 33.4942189, 'longitude': -111.9260184, 'fipsCode': '04013'}"
112745,5085246,HighSchool,2023,1522.0,TyLyric Coleman,Dan River,Virginia,ATH,75.0,175.0,3.0,0.8475,Ringgold,VA,USA,"{'latitude': 36.608194, 'longitude': -79.2952978, 'fipsCode': '51143'}"
112731,4921304,HighSchool,2023,1522.0,Chris Lawson Jr.,Ridge View,App State,WR,73.0,172.0,3.0,0.8475,Columbia,SC,USA,"{'latitude': 34.0007493, 'longitude': -81.0343313, 'fipsCode': '45079'}"
112735,,HighSchool,2023,1522.0,Rohan Davy,St. John's College,NC State,ATH,69.0,190.0,3.0,0.8475,Washington,DC,USA,"{'latitude': 38.8949855, 'longitude': -77.0365708, 'fipsCode': '11001'}"
112746,4921247,HighSchool,2023,1539.0,Aaron Fenimore,East Coweta,Liberty,IOL,73.0,275.0,3.0,0.8472,Sharpsburg,GA,USA,"{'latitude': 33.3392842, 'longitude': -84.6485417, 'fipsCode': '13077'}"
112747,4918433,HighSchool,2023,1539.0,Jean Claude Joseph,Eastside,Tulane,LB,71.0,210.0,3.0,0.8472,Covington,GA,USA,"{'latitude': 33.5967815, 'longitude': -83.8601827, 'fipsCode': '13217'}"
112750,5151950,HighSchool,2023,1541.0,Nate Johnson,Gaffney,App State,EDGE,78.0,225.0,3.0,0.847,Gaffney,SC,USA,"{'latitude': 35.0717945, 'longitude': -81.6498195, 'fipsCode': '45021'}"
112751,5091822,HighSchool,2023,1541.0,Hayden Christman,Tioga,Louisiana Tech,OT,78.0,300.0,3.0,0.847,Tullos,LA,USA,"{'latitude': None, 'longitude': None, 'fipsCode': None}"
112749,5075624,HighSchool,2023,1541.0,Shatavious Hogan,Miami Jackson,Central Michigan,WR,75.0,205.0,3.0,0.847,Miami,FL,USA,"{'latitude': 25.7742658, 'longitude': -80.1936589, 'fipsCode': '12086'}"
112748,5078313,HighSchool,2023,1541.0,Demoris Jenkins,North Mecklenburg,East Carolina,EDGE,77.0,220.0,3.0,0.847,Huntersville,NC,USA,"{'latitude': 35.410845, 'longitude': -80.8429094, 'fipsCode': '37119'}"
112753,5078274,HighSchool,2023,1545.0,Lonnie Johnson,Keller Timber Creek,SMU,WR,75.0,205.0,3.0,0.8469,Keller,TX,USA,"{'latitude': 32.9299655, 'longitude': -97.2271249, 'fipsCode': '48439'}"
112752,5050113,HighSchool,2023,1545.0,Ryan Silver,Junipero Serra,San Diego State,IOL,76.0,300.0,3.0,0.8469,San Mateo,CA,USA,"{'latitude': 37.5439684, 'longitude': -122.3066789, 'fipsCode': '06081'}"
112754,5077265,HighSchool,2023,1545.0,Mordecai Hines,Highland,Fresno State,DL,78.0,275.0,3.0,0.8469,Palmdale,CA,USA,"{'latitude': 34.5793131, 'longitude': -118.1171108, 'fipsCode': '06037'}"
112755,5086374,HighSchool,2023,1545.0,Jamari Holliman,Miami Norland,Florida International,S,72.0,180.0,3.0,0.8469,Miami,FL,USA,"{'latitude': 25.7742658, 'longitude': -80.1936589, 'fipsCode': '12086'}"
112756,5077114,HighSchool,2023,1545.0,Caleb McMickle,Fellowship Christian School,Houston,QB,73.0,190.0,3.0,0.8469,Roswell,GA,USA,"{'latitude': 34.02332, 'longitude': -84.360022, 'fipsCode': '13121'}"
112757,5085328,HighSchool,2023,1545.0,David Egbe,The Loomis Chaffee School,Wake Forest,RB,70.0,195.0,3.0,0.8469,Windsor,CT,USA,"{'latitude': 41.8525984, 'longitude': -72.6437022, 'fipsCode': '09003'}"
112758,5151107,HighSchool,2023,1551.0,Andrew Heinig,Glenpool,Oklahoma,DL,78.0,255.0,3.0,0.8467,Glenpool,OK,USA,"{'latitude': 35.9553737, 'longitude': -96.0088843, 'fipsCode': '40143'}"
112767,,HighSchool,2023,1552.0,Torey Lambert,Brother Martin,,RB,71.0,190.0,3.0,0.8467,New Orleans,LA,USA,"{'latitude': 29.9499323, 'longitude': -90.0701156, 'fipsCode': '22071'}"
112765,5085971,HighSchool,2023,1552.0,Zurich Ashford,Arbor View,California,DL,74.0,250.0,3.0,0.8467,Las Vegas,NV,USA,"{'latitude': 36.1672559, 'longitude': -115.1485163, 'fipsCode': '32003'}"
112759,4921510,HighSchool,2023,1552.0,Tayvon Nelson,Canarsie,Maryland,CB,73.0,175.0,3.0,0.8467,Brooklyn,NY,USA,"{'latitude': 40.6501038, 'longitude': -73.9495823, 'fipsCode': '36047'}"
112768,5125735,HighSchool,2023,1552.0,Jamison Mejia,Broken Arrow,Oklahoma State,IOL,76.0,275.0,3.0,0.8467,Broken Arrow,OK,USA,"{'latitude': 36.0525993, 'longitude': -95.7908195, 'fipsCode': '40143'}"
112764,5125075,HighSchool,2023,1552.0,Sean Na'a,St. John Bosco,Arizona State,IOL,76.0,275.0,3.0,0.8467,Bellflower,CA,USA,"{'latitude': 33.8825705, 'longitude': -118.1167679, 'fipsCode': '06037'}"
112770,5089413,HighSchool,2023,1552.0,Anthony Britton,Lake Taylor,Virginia,DL,77.0,275.0,3.0,0.8467,Norfolk,VA,USA,"{'latitude': 36.8462923, 'longitude': -76.2929252, 'fipsCode': '51710'}"
112762,5078219,HighSchool,2023,1552.0,Jacob Fields,Melissa,Louisiana Tech,CB,71.0,170.0,3.0,0.8467,Melissa,TX,USA,"{'latitude': 33.2860549, 'longitude': -96.5725952, 'fipsCode': '48085'}"
112760,5075986,HighSchool,2023,1552.0,Cayden Bowie,Port Arthur Memorial,Houston,IOL,75.0,290.0,3.0,0.8467,Port Arthur,TX,USA,"{'latitude': 29.8988618, 'longitude': -93.9288723, 'fipsCode': '48245'}"
112761,4921414,HighSchool,2023,1552.0,Tamarus Walker,McDonogh School,Maryland,IOL,76.0,300.0,3.0,0.8467,Owings Mills,MD,USA,"{'latitude': 39.4010753, 'longitude': -76.796299, 'fipsCode': '24005'}"
112763,4941004,HighSchool,2023,1552.0,Jaden McKinney,Collierville,Austin Peay,DL,76.0,285.0,3.0,0.8467,Collierville,TN,USA,"{'latitude': 35.042036, 'longitude': -89.6645266, 'fipsCode': '47157'}"
112766,5079282,HighSchool,2023,1552.0,Theorin Randle,Shadow Creek,Minnesota,DL,73.0,282.0,3.0,0.8467,Pearland,TX,USA,"{'latitude': 29.5639758, 'longitude': -95.2864299, 'fipsCode': '48039'}"
112769,5155073,HighSchool,2023,1552.0,David Omopariola,Woodlawn,Syracuse,EDGE,75.0,240.0,3.0,0.8467,Gwynn Oak,MD,USA,"{'latitude': 39.3265775, 'longitude': -76.7181764750945, 'fipsCode': '24005'}"
112772,5057381,HighSchool,2023,1564.0,Ryder Burton,Springville,BYU,QB,74.0,180.0,3.0,0.8464,Springville,UT,USA,"{'latitude': 40.1668572, 'longitude': -111.6109221, 'fipsCode': '49049'}"
112773,4870769,HighSchool,2023,1564.0,Tre'Mon Henry,Carver,Southern Miss,LB,74.0,225.0,3.0,0.8464,Columbus,GA,USA,"{'latitude': 32.4609764, 'longitude': -84.9877094, 'fipsCode': '13215'}"
112771,4916389,HighSchool,2023,1564.0,Jakobe Sanders,Stillwater,Oklahoma State,IOL,75.0,305.0,3.0,0.8464,Stillwater,OK,USA,"{'latitude': 36.1156306, 'longitude': -97.0585717, 'fipsCode': '40119'}"
112774,5121664,HighSchool,2023,1567.0,Kyle McNeal,Dwyer,Florida International,WR,74.0,170.0,3.0,0.8463,Palm Beach Gardens,FL,USA,"{'latitude': 26.8418256, 'longitude': -80.13590694666684, 'fipsCode': '12099'}"
112779,5120943,HighSchool,2023,1568.0,Deaubry Hood,Harker Heights,Arkansas State,CB,69.0,170.0,3.0,0.8461,Harker Heights,TX,USA,"{'latitude': 31.0746347, 'longitude': -97.6590473, 'fipsCode': '48027'}"
112776,5219642,HighSchool,2023,1568.0,Pokaiaua Haunga,Timpview,BYU,ATH,71.0,200.0,3.0,0.8461,Provo,UT,USA,"{'latitude': 40.2338438, 'longitude': -111.6585337, 'fipsCode': '49049'}"
112777,5162401,HighSchool,2023,1568.0,Christian Bodnar,Bloomingdale,Liberty,S,71.0,170.0,3.0,0.8461,Valrico,FL,USA,"{'latitude': 27.9484265, 'longitude': -82.23621545220522, 'fipsCode': '12057'}"
112778,5091825,HighSchool,2023,1568.0,Cevan Edwards,South Atlanta,Memphis,DL,75.5,280.0,3.0,0.8461,Atlanta,GA,USA,"{'latitude': 33.7490987, 'longitude': -84.3901849, 'fipsCode': '13121'}"
112775,4367032,HighSchool,2023,1568.0,Dylan Brown-Turner,South Oak Cliff,Florida State,LB,73.0,200.0,3.0,0.8461,Dallas,TX,USA,"{'latitude': 32.7762719, 'longitude': -96.7968559, 'fipsCode': '48113'}"
112781,5092546,HighSchool,2023,1573.0,Jaden Yates,Gahanna Lincoln,Marshall,LB,73.0,220.0,3.0,0.8458,Columbus,OH,USA,"{'latitude': 39.9622601, 'longitude': -83.0007065, 'fipsCode': '39049'}"
112780,4941019,HighSchool,2023,1573.0,Abdul Muhammad,South Oak Cliff,SMU,S,69.0,190.0,3.0,0.8458,Dallas,TX,USA,"{'latitude': 32.7762719, 'longitude': -96.7968559, 'fipsCode': '48113'}"
112782,4870243,HighSchool,2023,1573.0,Jason Steele,Murrieta Valley,Boise State,IOL,76.0,270.0,3.0,0.8458,Murrieta,CA,USA,"{'latitude': 33.577752399999994, 'longitude': -117.18845420205307, 'fipsCode': '06065'}"
112783,,HighSchool,2023,1573.0,Ryan Bullard,Homestead,Campbell,RB,69.0,175.0,3.0,0.8458,Homestead,FL,USA,"{'latitude': 25.4718946, 'longitude': -80.4759905, 'fipsCode': '12086'}"
112784,5079575,HighSchool,2023,1577.0,Brione Ramsey-Brooks,South Oak Cliff,TCU,IOL,76.0,380.0,3.0,0.8456,Dallas,TX,USA,"{'latitude': 32.7762719, 'longitude': -96.7968559, 'fipsCode': '48113'}"
112785,5159140,HighSchool,2023,1577.0,Jack Gogue,Richmond,New Mexico State,OT,79.0,270.0,3.0,0.8456,Richmond,MO,USA,"{'latitude': 39.278622, 'longitude': -93.9768876, 'fipsCode': '29177'}"
112786,5075392,HighSchool,2023,1579.0,Keldric Luster,McKinney,SMU,QB,70.0,227.0,3.0,0.8453,McKinney,TX,USA,"{'latitude': 33.1976496, 'longitude': -96.6154471, 'fipsCode': '48085'}"
112788,5121818,HighSchool,2023,1579.0,Malcolm Pugh,Leroy,Georgia Tech,EDGE,76.0,215.0,3.0,0.8453,Leroy,AL,USA,"{'latitude': 31.5046086, 'longitude': -87.9847237, 'fipsCode': '01129'}"
112787,5031158,HighSchool,2023,1579.0,Andrew Metzger,Regis Jesuit,Kansas State,TE,77.0,235.0,3.0,0.8453,Aurora,CO,USA,"{'latitude': 39.729432, 'longitude': -104.8319196, 'fipsCode': '08005'}"
112790,,HighSchool,2023,1582.0,Makhi Connor,Inglewood,Campbell,S,73.0,180.0,3.0,0.8452,Inglewood,CA,USA,"{'latitude': 33.9562003, 'longitude': -118.353132, 'fipsCode': '06037'}"
112789,4923279,HighSchool,2023,1582.0,Jaxon Hammond,Christian Brothers,Army,ATH,71.0,160.0,3.0,0.8452,Memphis,TN,USA,"{'latitude': 35.1490215, 'longitude': -90.0516285, 'fipsCode': '47157'}"
112791,4899468,HighSchool,2023,1582.0,Kaden Anderson,Southlake Carroll,Wyoming,QB,76.5,205.0,3.0,0.8452,Southlake,TX,USA,"{'latitude': 32.9412363, 'longitude': -97.1341783, 'fipsCode': '48439'}"
112802,5105850,HighSchool,2023,1585.0,Jordan Hall,KIPP Columbus,UAB,OT,80.0,330.0,3.0,0.845,Columbus,OH,USA,"{'latitude': 39.9622601, 'longitude': -83.0007065, 'fipsCode': '39049'}"
112796,5161145,HighSchool,2023,1585.0,Tyler Murphy,Acalanes,California,IOL,76.0,250.0,3.0,0.845,Lafayette,CA,USA,"{'latitude': 37.8857582, 'longitude': -122.1180201, 'fipsCode': '06013'}"
112805,5122087,HighSchool,2023,1585.0,Kody Jackson,Evangel Christian Academy,Louisiana,S,72.0,180.0,3.0,0.845,Shreveport,LA,USA,"{'latitude': 32.5221828, 'longitude': -93.7651944, 'fipsCode': '22017'}"
112801,5088773,HighSchool,2023,1585.0,Maverick Gracio,Cardinal Newman,Pittsburgh,EDGE,75.0,220.0,3.0,0.845,West Palm Beach,FL,USA,"{'latitude': 26.715364, 'longitude': -80.0532942, 'fipsCode': '12099'}"
112799,5150340,HighSchool,2023,1585.0,Isaiah Birl,Walnut Hills,Army,ATH,73.0,190.0,3.0,0.845,Cincinnati,OH,USA,"{'latitude': 39.1014537, 'longitude': -84.5124602, 'fipsCode': '39061'}"
112806,5121467,HighSchool,2023,1585.0,Bami Badusi,Mansfield Timberview,Texas State,OT,78.0,310.0,3.0,0.845,Arlington,TX,USA,"{'latitude': 32.701938999999996, 'longitude': -97.10562379033699, 'fipsCode': '48439'}"
112794,5093295,HighSchool,2023,1585.0,Cooper Fordham,The Bolles School,Louisiana,IOL,74.0,280.0,3.0,0.845,Jacksonville,FL,USA,"{'latitude': 30.3321838, 'longitude': -81.655651, 'fipsCode': '12031'}"
112798,5085335,HighSchool,2023,1585.0,Deion Brown,Kirkwood,Eastern Michigan,RB,68.0,155.0,3.0,0.845,St. Louis,MO,USA,"{'latitude': 38.6268039, 'longitude': -90.1994097, 'fipsCode': '29510'}"
112803,,HighSchool,2023,1585.0,Robert Luckas,Glades Central,,WR,75.0,210.0,3.0,0.845,Belle Glade,FL,USA,"{'latitude': 26.6845104, 'longitude': -80.6675577, 'fipsCode': '12099'}"
112800,,HighSchool,2023,1585.0,Jon Mould,Xaverian Brothers,Harvard,OT,78.0,290.0,3.0,0.845,Wellesley Hills,MA,USA,"{'latitude': 42.3081168, 'longitude': -71.2780745, 'fipsCode': '25021'}"
112793,5151088,HighSchool,2023,1585.0,Wesley Watson,A&M Consolidated,Kansas State,WR,74.0,185.0,3.0,0.845,College Station,TX,USA,"{'latitude': 30.5955289, 'longitude': -96.3071042, 'fipsCode': '48041'}"
112804,,HighSchool,2023,1585.0,Darius Cowens,Warren,,ATH,72.0,170.0,3.0,0.845,Downey,CA,USA,"{'latitude': 33.942215, 'longitude': -118.1235646, 'fipsCode': '06037'}"
112797,,HighSchool,2023,1585.0,Owen Borg,Corner Canyon,BYU,LB,74.0,190.0,3.0,0.845,Draper,UT,USA,"{'latitude': 40.5246711, 'longitude': -111.8638226, 'fipsCode': '49035'}"
112795,,HighSchool,2023,1585.0,Javien Brownlee,Northmont,,WR,70.0,170.0,3.0,0.845,Clayton,OH,USA,"{'latitude': 39.8631101, 'longitude': -84.3605022, 'fipsCode': '39113'}"
112792,5151484,HighSchool,2023,1585.0,Gabe Hoffmann,Eastside Catholic,Eastern Michigan,TE,78.0,245.0,3.0,0.845,Sammamish,WA,USA,"{'latitude': 47.6088445, 'longitude': -122.0423067, 'fipsCode': '53033'}"
112807,4920899,HighSchool,2023,1600.0,Logan Lester,Kenwood Academy,Western Michigan,WR,75.0,188.0,3.0,0.8447,Chicago,IL,USA,"{'latitude': 41.8755616, 'longitude': -87.6244212, 'fipsCode': '17031'}"
112820,,HighSchool,2023,1601.0,Dante Scott,Bonita Vista,Colorado State,S,74.0,195.0,3.0,0.8444,Chula Vista,CA,USA,"{'latitude': 32.6400541, 'longitude': -117.0841955, 'fipsCode': '06073'}"
112817,,HighSchool,2023,1601.0,Tre Richardson,Highland Park,,ATH,70.0,165.0,3.0,0.8444,Topeka,KS,USA,"{'latitude': 39.049011, 'longitude': -95.677556, 'fipsCode': '20177'}"
112812,,HighSchool,2023,1601.0,Michael Towner,C F Vigor HS,UAB,DL,74.0,245.0,3.0,0.8444,Mobile,AL,USA,"{'latitude': 30.6943566, 'longitude': -88.0430541, 'fipsCode': '01097'}"
112810,4923222,HighSchool,2023,1601.0,Mondrell Dean,Hurricane,Purdue,EDGE,75.0,237.0,3.0,0.8444,Hurricane,WV,USA,"{'latitude': 38.4325896, 'longitude': -82.0201368, 'fipsCode': '54079'}"
112813,4923275,HighSchool,2023,1601.0,Ed Haynes,Liberty,UNLV,IOL,75.0,265.0,3.0,0.8444,Henderson,NV,USA,"{'latitude': 36.0301134, 'longitude': -114.9826194, 'fipsCode': '32003'}"
112809,5086979,HighSchool,2023,1601.0,Ish Findlayter,Clarkson Football North,Virginia Tech,EDGE,76.0,230.0,3.0,0.8444,Toronto,ON,CAN,"{'latitude': None, 'longitude': None, 'fipsCode': None}"
112816,5010409,HighSchool,2023,1601.0,Jayden Mandal,Buchanan,Fresno State,QB,72.0,205.0,3.0,0.8444,Clovis,CA,USA,"{'latitude': 36.8252277, 'longitude': -119.7029194, 'fipsCode': '06019'}"
112819,5121987,HighSchool,2023,1601.0,Kevin Adams,Destrehan,Tulane,S,70.0,170.0,3.0,0.8444,Destrehan,LA,USA,"{'latitude': 29.960933, 'longitude': -90.3705407077716, 'fipsCode': '22089'}"
112811,5078272,HighSchool,2023,1601.0,Bryce Cohoon,Maize,Syracuse,WR,74.0,175.0,3.0,0.8444,Maize,KS,USA,"{'latitude': 37.7791787, 'longitude': -97.4672674, 'fipsCode': '20173'}"
112808,5160397,HighSchool,2023,1601.0,Tyson Ruffins,Long Beach Poly,Nevada,IOL,74.0,310.0,3.0,0.8444,Long Beach,CA,USA,"{'latitude': 33.7690164, 'longitude': -118.1916048, 'fipsCode': '06037'}"
112814,4888138,HighSchool,2023,1601.0,Ricky Lee III,Cedar Grove,UAB,ATH,71.0,170.0,3.0,0.8444,Ellenwood,GA,USA,"{'latitude': 33.6101096, 'longitude': -84.287978, 'fipsCode': '13063'}"
112815,5078011,HighSchool,2023,1601.0,Quran Boyd,Kempsville,Duke,ATH,70.0,195.0,3.0,0.8444,Virginia Beach,VA,USA,"{'latitude': 36.8529841, 'longitude': -75.9774183, 'fipsCode': '51810'}"
112818,5157283,HighSchool,2023,1601.0,Matthew Scicchitano,Mount Carmel,Coastal Carolina,DL,76.0,280.0,3.0,0.8444,Mount Carmel,PA,USA,"{'latitude': 40.7968393, 'longitude': -76.4131097, 'fipsCode': '42097'}"
112825,4941005,HighSchool,2023,1614.0,De'Eric Mister,West Side,Minnesota,OT,79.0,300.0,3.0,0.8442,Gary,IN,USA,"{'latitude': 41.6021292, 'longitude': -87.3371372, 'fipsCode': '18089'}"
112821,4920150,HighSchool,2023,1614.0,Carson Black,Nation Ford,Charlotte,QB,74.0,186.0,3.0,0.8442,Fort Mill,SC,USA,"{'latitude': 35.0073697, 'longitude': -80.9450759, 'fipsCode': '45091'}"
112822,4922982,HighSchool,2023,1614.0,Kaleb Black,Klein Oak,Arizona State,WR,69.0,165.0,3.0,0.8442,Spring,TX,USA,"{'latitude': 30.0798826, 'longitude': -95.4172549, 'fipsCode': '48201'}"
112823,5219224,HighSchool,2023,1614.0,Randy Reece,South Oak Cliff,SMU,WR,69.0,175.0,3.0,0.8442,Dallas,TX,USA,"{'latitude': 32.7762719, 'longitude': -96.7968559, 'fipsCode': '48113'}"
112824,5077667,HighSchool,2023,1614.0,Tyson Edwards,Overton,Memphis,ATH,74.0,175.0,3.0,0.8442,Nashville,TN,USA,"{'latitude': 36.1622296, 'longitude': -86.7743531, 'fipsCode': '47037'}"
112826,4871064,HighSchool,2023,1619.0,Brennan Storer,Highland Park,Vanderbilt,QB,71.0,190.0,3.0,0.8439,Dallas,TX,USA,"{'latitude': 32.7762719, 'longitude': -96.7968559, 'fipsCode': '48113'}"
112827,5076043,HighSchool,2023,1619.0,Olan Robinson,Newton,Liberty,LB,73.0,220.0,3.0,0.8439,Covington,GA,USA,"{'latitude': 33.5967815, 'longitude': -83.8601827, 'fipsCode': '13217'}"
112828,4920900,HighSchool,2023,1619.0,Shawn Thigpen,Springfield,Bowling Green,WR,76.0,170.0,3.0,0.8439,Springfield,OH,USA,"{'latitude': 39.9242266, 'longitude': -83.8088172, 'fipsCode': '39023'}"
112835,5121743,HighSchool,2023,1622.0,John Bragg,Austin LBJ,Louisiana,OT,77.0,270.0,3.0,0.8437,Austin,TX,USA,"{'latitude': 30.2711286, 'longitude': -97.7436995, 'fipsCode': '48453'}"
112831,5092245,HighSchool,2023,1622.0,JJ Jean-Louis,Centerville,Iowa State,LB,74.0,215.0,3.0,0.8437,Dayton,OH,USA,"{'latitude': 39.7589478, 'longitude': -84.1916069, 'fipsCode': '39113'}"
112833,5075594,HighSchool,2023,1622.0,Miles Thompson,George Washington,Texas Tech,ATH,72.0,165.0,3.0,0.8437,Cedar Rapids,IA,USA,"{'latitude': 41.9758872, 'longitude': -91.6704053, 'fipsCode': '19113'}"
112830,5070544,HighSchool,2023,1622.0,Andrew Marshall,Bloom-Carroll,Ohio,LB,75.0,220.0,3.0,0.8437,Carroll,OH,USA,"{'latitude': 39.7989528, 'longitude': -82.7010016, 'fipsCode': '39045'}"
112832,4966464,HighSchool,2023,1622.0,Will James,Theodore,Mississippi State,CB,72.0,180.0,3.0,0.8437,Theodore,AL,USA,"{'latitude': 30.547295, 'longitude': -88.18020367595204, 'fipsCode': '01097'}"
112836,5119659,HighSchool,2023,1622.0,Trent Thomas,Cottage Hill Christian Academy,South Alabama,TE,77.0,220.0,3.0,0.8437,Mobile,AL,USA,"{'latitude': 30.6943566, 'longitude': -88.0430541, 'fipsCode': '01097'}"
112829,5153442,HighSchool,2023,1622.0,Ravon Johnson,Grayson,The Citadel,EDGE,76.0,220.0,3.0,0.8437,Loganville,GA,USA,"{'latitude': 33.8389977, 'longitude': -83.9007382, 'fipsCode': '13297'}"
112834,5103574,HighSchool,2023,1622.0,Alijah Lacey,New Hampstead,Georgia Southern,EDGE,77.0,210.0,3.0,0.8437,Bloomingdale,GA,USA,"{'latitude': 32.1324249, 'longitude': -81.2990018, 'fipsCode': '13051'}"
112842,5085346,HighSchool,2023,1630.0,Darion Reed,Chisholm Trail,Tulane,OT,78.0,305.0,3.0,0.8436,Fort Worth,TX,USA,"{'latitude': 32.753177, 'longitude': -97.3327459, 'fipsCode': '48439'}"
112838,5078244,HighSchool,2023,1630.0,Caleb Komolafe,Katy Tompkins,Northwestern,S,71.0,195.0,3.0,0.8436,Katy,TX,USA,"{'latitude': 29.7857853, 'longitude': -95.8243956, 'fipsCode': '48157'}"
112839,5074099,HighSchool,2023,1630.0,Elijah Palmer,Bishop Gorman,Hawai'i,CB,69.0,175.0,3.0,0.8436,Las Vegas,NV,USA,"{'latitude': 36.1672559, 'longitude': -115.1485163, 'fipsCode': '32003'}"
112840,5054036,HighSchool,2023,1630.0,Jackson Brousseau,Lehi,Colorado State,QB,77.0,215.0,3.0,0.8436,Lehi,UT,USA,"{'latitude': 40.3880902, 'longitude': -111.8491619, 'fipsCode': '49049'}"
112837,5079147,HighSchool,2023,1630.0,Drew Rodriguez,Sprague,Colorado State,LB,74.0,195.0,3.0,0.8436,Salem,OR,USA,"{'latitude': 44.9391565, 'longitude': -123.033121, 'fipsCode': '41047'}"
112841,5076621,HighSchool,2023,1630.0,Garrison Monroe,Shakopee,Minnesota,S,72.0,195.0,3.0,0.8436,Shakopee,MN,USA,"{'latitude': 44.7980186, 'longitude': -93.5268986, 'fipsCode': '27139'}"
112844,5078006,HighSchool,2023,1636.0,Iverson Young,Waxahachie,Montana,RB,69.0,190.0,3.0,0.8433,Waxahachie,TX,USA,"{'latitude': 32.3944908, 'longitude': -96.8439365, 'fipsCode': '48139'}"
112845,4921288,HighSchool,2023,1636.0,Jayden Bethea,Dacula,App State,LB,72.0,220.0,3.0,0.8433,Dacula,GA,USA,"{'latitude': 33.9887165, 'longitude': -83.8979573, 'fipsCode': '13135'}"
112849,5087357,HighSchool,2023,1636.0,DeAndre Buchannon,Carver,Georgia Southern,WR,70.0,160.0,3.0,0.8433,Atlanta,GA,USA,"{'latitude': 33.7490987, 'longitude': -84.3901849, 'fipsCode': '13121'}"
112847,5076102,HighSchool,2023,1636.0,Javorian Wimberly,Palm Beach Central,Central Michigan,WR,72.0,180.0,3.0,0.8433,West Palm Beach,FL,USA,"{'latitude': 26.715364, 'longitude': -80.0532942, 'fipsCode': '12099'}"
112851,5078065,HighSchool,2023,1636.0,Caleb Dorris,Ensworth,Duke,OT,78.0,265.0,3.0,0.8433,Nashville,TN,USA,"{'latitude': 36.1622296, 'longitude': -86.7743531, 'fipsCode': '47037'}"
112848,4921309,HighSchool,2023,1636.0,Ryan McKinnis,Buford,App State,LB,74.0,200.0,3.0,0.8433,Buford,GA,USA,"{'latitude': 34.1206564, 'longitude': -84.0043513, 'fipsCode': '13135'}"
112846,4870894,HighSchool,2023,1636.0,Takare Lipscomb,Carrollton,Arkansas State,WR,71.0,175.0,3.0,0.8433,Carrollton,GA,USA,"{'latitude': 33.5801103, 'longitude': -85.0766113, 'fipsCode': '13045'}"
112852,4870689,HighSchool,2023,1636.0,Sawyer Deerman,Tuscaloosa County,Alabama,RB,70.0,175.0,3.0,0.8433,Northport,AL,USA,"{'latitude': 33.2449315, 'longitude': -87.6728397782913, 'fipsCode': '01125'}"
112850,5080139,HighSchool,2023,1636.0,Donovan Dyson,St. Frances Academy,Massachusetts,EDGE,74.0,220.0,3.0,0.8433,Baltimore,MD,USA,"{'latitude': 39.2908816, 'longitude': -76.610759, 'fipsCode': '24510'}"
112843,4923285,HighSchool,2023,1636.0,McCae Hillstead,Skyridge,Utah State,QB,71.0,175.0,3.0,0.8433,Lehi,UT,USA,"{'latitude': 40.3880902, 'longitude': -111.8491619, 'fipsCode': '49049'}"
112853,5219131,HighSchool,2023,1646.0,Jaylen Gardner,TMI Episcopal,Colorado State,WR,72.0,190.0,3.0,0.8431,San Antonio,TX,USA,"{'latitude': 29.4246002, 'longitude': -98.4951405, 'fipsCode': '48029'}"
112854,5092275,HighSchool,2023,1646.0,Ty Dieffenbach,Agoura,Pittsburgh,QB,77.0,190.0,3.0,0.8431,Agoura Hills,CA,USA,"{'latitude': 34.14791, 'longitude': -118.7657042, 'fipsCode': '06037'}"
112863,5120867,HighSchool,2023,1648.0,Zaimir Hawk,Hillside,Iowa State,DL,74.0,295.0,3.0,0.8428,Hillside,NJ,USA,"{'latitude': 40.701213, 'longitude': -74.2301459, 'fipsCode': '34039'}"
112857,5122003,HighSchool,2023,1648.0,Ja'Marion Kennedy,Northwood,Louisiana Tech,IOL,75.0,305.0,3.0,0.8428,Shreveport,LA,USA,"{'latitude': 32.5221828, 'longitude': -93.7651944, 'fipsCode': '22017'}"
112864,5121604,HighSchool,2023,1648.0,Steven Jones Jr.,Gadsden City,Georgia Tech,CB,73.0,190.0,3.0,0.8428,Gadsden,AL,USA,"{'latitude': 34.010929, 'longitude': -85.9989596, 'fipsCode': '01055'}"
112856,5078003,HighSchool,2023,1648.0,Zion Agnew,Ridge View,East Carolina,ATH,71.0,165.0,3.0,0.8428,Columbia,SC,USA,"{'latitude': 34.0007493, 'longitude': -81.0343313, 'fipsCode': '45079'}"
112858,5091842,HighSchool,2023,1648.0,Isaiah Thomison,Fayetteville,Memphis,LB,75.0,230.0,3.0,0.8428,Fayetteville,TN,USA,"{'latitude': 35.1520267, 'longitude': -86.5705509, 'fipsCode': '47103'}"
112862,4871014,HighSchool,2023,1648.0,Jeremiah Vessel,Bishop Gorman,New Mexico State,S,71.0,185.0,3.0,0.8428,Las Vegas,NV,USA,"{'latitude': 36.1672559, 'longitude': -115.1485163, 'fipsCode': '32003'}"
112860,5125593,HighSchool,2023,1648.0,Bailey Stockton,Prince Avenue Christian School,Georgia Tech,WR,70.0,175.0,3.0,0.8428,Bogart,GA,USA,"{'latitude': 33.949281, 'longitude': -83.534608, 'fipsCode': '13219'}"
112861,5076111,HighSchool,2023,1648.0,Tyler Douglas,Ocean Township,Temple,QB,74.0,195.0,3.0,0.8428,Oakhurst,NJ,USA,"{'latitude': 40.2610555, 'longitude': -74.02658164459623, 'fipsCode': '34025'}"
112859,5076099,HighSchool,2023,1648.0,Stephon Daily,Sierra Linda,Colorado State,WR,76.0,175.0,3.0,0.8428,Tolleson,AZ,USA,"{'latitude': 33.4500497, 'longitude': -112.2593093, 'fipsCode': '04013'}"
112855,5157287,HighSchool,2023,1648.0,David Wells Jr.,Lakes,Oregon State,WR,72.0,170.0,3.0,0.8428,Lakewood,WA,USA,"{'latitude': 47.1714085, 'longitude': -122.5164, 'fipsCode': '53053'}"
112866,5080303,HighSchool,2023,1658.0,Lenox Lawson,Red Mountain,Arizona State,WR,71.0,175.0,3.0,0.8425,Mesa,AZ,USA,"{'latitude': 33.4151117, 'longitude': -111.8314773, 'fipsCode': '04013'}"
112865,5119568,HighSchool,2023,1658.0,Tyler Bell,Lausanne Collegiate School,Troy,OT,75.0,300.0,3.0,0.8425,Memphis,TN,USA,"{'latitude': 35.1490215, 'longitude': -90.0516285, 'fipsCode': '47157'}"
112868,5075795,HighSchool,2023,1658.0,Dominic Lolesio,Long Beach Poly,Arizona,DL,76.0,230.0,3.0,0.8425,Long Beach,CA,USA,"{'latitude': 33.7690164, 'longitude': -118.1916048, 'fipsCode': '06037'}"
112867,4923038,HighSchool,2023,1658.0,Logan Brantley,Cherry Creek,Kansas,LB,73.0,205.0,3.0,0.8425,Englewood,CO,USA,"{'latitude': 39.6482059, 'longitude': -104.9879641, 'fipsCode': '08005'}"
112869,5120486,HighSchool,2023,1662.0,Nathan Gates,Edison,Washington State,OT,77.0,280.0,3.0,0.8419,Huntington Beach,CA,USA,"{'latitude': 33.6783336, 'longitude': -118.0000166, 'fipsCode': '06059'}"
112870,,HighSchool,2023,1663.0,JaQuize Buycks,Stanhope Elmore,,DL,74.0,270.0,3.0,0.8419,Millbrook,AL,USA,"{'latitude': 32.4798575, 'longitude': -86.3619163, 'fipsCode': '01051'}"
112885,,HighSchool,2023,1664.0,Dane Reed,Inglewood,Campbell,ATH,68.0,170.0,3.0,0.8417,Inglewood,CA,USA,"{'latitude': 33.9562003, 'longitude': -118.353132, 'fipsCode': '06037'}"
112881,,HighSchool,2023,1664.0,Talitui Pututau,West,BYU,DL,77.0,255.0,3.0,0.8417,Salt Lake City,UT,USA,"{'latitude': 40.7596198, 'longitude': -111.8867975, 'fipsCode': '49035'}"
112880,,HighSchool,2023,1664.0,Nathan Stewart,St. Vincent Pallotti,,WR,77.0,190.0,3.0,0.8417,Laurel,MD,USA,"{'latitude': 39.0992752, 'longitude': -76.8483061, 'fipsCode': '24033'}"
112872,,HighSchool,2023,1664.0,Lamar Patterson,St. Frances Academy,,WR,69.0,171.0,3.0,0.8417,Baltimore,MD,USA,"{'latitude': 39.2908816, 'longitude': -76.610759, 'fipsCode': '24510'}"
112873,,HighSchool,2023,1664.0,Jonathan Landry,Evergreen,Eastern Washington,CB,71.0,170.0,3.0,0.8417,Vancouver,WA,USA,"{'latitude': 45.6306954, 'longitude': -122.6744557, 'fipsCode': '53011'}"
112879,4870942,HighSchool,2023,1664.0,Ryan Mickow,St. Thomas Aquinas,Boston College,IOL,77.5,300.0,3.0,0.8417,Fort Lauderdale,FL,USA,"{'latitude': 26.1223084, 'longitude': -80.1433786, 'fipsCode': '12011'}"
112877,4923273,HighSchool,2023,1664.0,Delano Franklin,Bishop Amat,Cal Poly,WR,71.0,175.0,3.0,0.8417,La Puente,CA,USA,"{'latitude': 34.01979, 'longitude': -117.9503677, 'fipsCode': '06037'}"
112886,5156061,HighSchool,2023,1664.0,Allen Thomason,Pulaski Academy,Stanford,OT,77.0,275.0,3.0,0.8417,Little Rock,AR,USA,"{'latitude': 34.7464809, 'longitude': -92.2895948, 'fipsCode': '05119'}"
112883,5150998,HighSchool,2023,1664.0,Blake Baker,Cy Ranch,Louisiana Tech,QB,77.0,195.0,3.0,0.8417,Cypress,TX,USA,"{'latitude': 29.9691116, 'longitude': -95.6971686, 'fipsCode': '48201'}"
112871,4921299,HighSchool,2023,1664.0,AJ Jayroe,Frisco Reedy,Louisiana,WR,75.0,185.0,3.0,0.8417,Frisco,TX,USA,"{'latitude': 33.1506744, 'longitude': -96.8236116, 'fipsCode': '48085'}"
112884,5121424,HighSchool,2023,1664.0,Ty Gordon,Battlefield,Syracuse,DL,74.0,267.0,3.0,0.8417,Haymarket,VA,USA,"{'latitude': 38.8121398, 'longitude': -77.6368038, 'fipsCode': '51153'}"
112876,4921298,HighSchool,2023,1664.0,Ashton Heflin,Newnan,Georgia Tech,LB,74.0,220.0,3.0,0.8417,Newnan,GA,USA,"{'latitude': 33.3806716, 'longitude': -84.7996573, 'fipsCode': '13077'}"
112875,5125765,HighSchool,2023,1664.0,PJ Hatter,Spring Westfield,Texas State,QB,73.0,180.0,3.0,0.8417,Spring,TX,USA,"{'latitude': 30.0798826, 'longitude': -95.4172549, 'fipsCode': '48201'}"
112882,5125151,HighSchool,2023,1664.0,Brian Nelson II,Shadow Creek,North Texas,CB,72.0,181.0,3.0,0.8417,Pearland,TX,USA,"{'latitude': 29.5639758, 'longitude': -95.2864299, 'fipsCode': '48039'}"
112878,5048884,HighSchool,2023,1664.0,Ashton Tripp,Kennewick,Washington State,OT,79.0,270.0,3.0,0.8417,Kennewick,WA,USA,"{'latitude': 46.2087066, 'longitude': -119.1199192, 'fipsCode': '53005'}"
112874,4870806,HighSchool,2023,1664.0,Rico Jackson,Dillard,NC State,OT,78.0,295.0,3.0,0.8417,Fort Lauderdale,FL,USA,"{'latitude': 26.1223084, 'longitude': -80.1433786, 'fipsCode': '12011'}"
112887,5075473,HighSchool,2023,1680.0,Reagan McCranie,Chase,Duke,IOL,74.0,330.0,3.0,0.8411,Forest City,NC,USA,"{'latitude': 35.3340108, 'longitude': -81.8651028, 'fipsCode': '37161'}"
112888,5077302,HighSchool,2023,1680.0,TJ Crandall,Skyline,Colorado State,CB,73.0,185.0,3.0,0.8411,Sammamish,WA,USA,"{'latitude': 47.6088445, 'longitude': -122.0423067, 'fipsCode': '53033'}"
112892,5078468,HighSchool,2023,1680.0,Dylan Hasz,Bixby,Arkansas,S,71.0,180.0,3.0,0.8411,Bixby,OK,USA,"{'latitude': 35.9420431, 'longitude': -95.8833235, 'fipsCode': '40143'}"
112890,4917622,HighSchool,2023,1680.0,Brandon Miyazono,Frisco,SMU,LB,73.0,204.0,3.0,0.8411,Frisco,TX,USA,"{'latitude': 33.1506744, 'longitude': -96.8236116, 'fipsCode': '48085'}"
112891,,HighSchool,2023,1680.0,Tristen Sion,Rickards,Jackson State,CB,72.0,160.0,3.0,0.8411,Tallahassee,FL,USA,"{'latitude': 30.4380832, 'longitude': -84.2809332, 'fipsCode': '12073'}"
112893,5075985,HighSchool,2023,1680.0,Ryan Blum,Basha,Central Michigan,IOL,74.0,275.0,3.0,0.8411,Chandler,AZ,USA,"{'latitude': 33.3062223, 'longitude': -111.8413317, 'fipsCode': '04013'}"
112894,5086373,HighSchool,2023,1680.0,Ike Esonwune,Manor,Oklahoma State,LB,73.0,215.0,3.0,0.8411,Manor,TX,USA,"{'latitude': 30.3407629, 'longitude': -97.5569456, 'fipsCode': '48453'}"
112889,5076904,HighSchool,2023,1680.0,Braeden Flowers,Central Catholic,SMU,EDGE,75.0,260.0,3.0,0.8411,San Antonio,TX,USA,"{'latitude': 29.4246002, 'longitude': -98.4951405, 'fipsCode': '48029'}"
112899,4921307,HighSchool,2023,1688.0,Luby Maurice,Palm Beach Central,Florida International,WR,74.0,180.0,3.0,0.8411,West Palm Beach,FL,USA,"{'latitude': 26.715364, 'longitude': -80.0532942, 'fipsCode': '12099'}"
112898,4879825,HighSchool,2023,1688.0,Javion Clark,Jones County,East Carolina,S,73.0,180.0,3.0,0.8411,Gray,GA,USA,"{'latitude': 33.0095802, 'longitude': -83.5337816, 'fipsCode': '13169'}"
112895,4921439,HighSchool,2023,1688.0,Caimon Mathis,DeSoto,Georgia Southern,CB,71.0,155.0,3.0,0.8411,DeSoto,TX,USA,"{'latitude': 32.6061241, 'longitude': -96.865612653687, 'fipsCode': '48113'}"
112901,5080925,HighSchool,2023,1688.0,Jahrie Garner,St. Augustine,Tulane,EDGE,75.0,230.0,3.0,0.8411,New Orleans,LA,USA,"{'latitude': 29.9499323, 'longitude': -90.0701156, 'fipsCode': '22071'}"
112900,5092254,HighSchool,2023,1688.0,Thomas Paasch,Southwest,Northern Illinois,OT,77.0,300.0,3.0,0.8411,Green Bay,WI,USA,"{'latitude': 44.5126379, 'longitude': -88.0125794, 'fipsCode': '55009'}"
112896,4954514,HighSchool,2023,1688.0,Brennan Wooten,Cathedral,Western Michigan,TE,76.0,225.0,3.0,0.8411,Indianapolis,IN,USA,"{'latitude': 39.7683331, 'longitude': -86.1583502, 'fipsCode': '18097'}"
112897,,HighSchool,2023,1688.0,Eric Muse,Jackson-Olin,,LB,72.0,195.0,3.0,0.8411,Birmingham,AL,USA,"{'latitude': 33.5206824, 'longitude': -86.8024326, 'fipsCode': '01073'}"
112902,4917620,HighSchool,2023,1695.0,TJ Bush Jr.,Bishop Ireton,Liberty,DL,75.0,250.0,3.0,0.8408,Alexandria,VA,USA,"{'latitude': 38.8051095, 'longitude': -77.0470229, 'fipsCode': '51510'}"
112903,5023096,HighSchool,2023,1695.0,George Steih,Grace Christian Academy,Wake Forest,DL,77.0,260.0,3.0,0.8408,Franklin,TN,USA,"{'latitude': 35.925193, 'longitude': -86.8689365, 'fipsCode': '47187'}"
112904,5056163,HighSchool,2023,1695.0,Kyland Armstrong,Oakleaf,Wake Forest,IOL,75.0,285.0,3.0,0.8408,Orange Park,FL,USA,"{'latitude': 30.1654707, 'longitude': -81.7016346, 'fipsCode': '12019'}"
112905,5114309,HighSchool,2023,1698.0,Nicholas Fernandez,San Pedro,Arizona,ATH,76.0,265.0,3.0,0.8406,San Pedro,CA,USA,"{'latitude': 33.7358518, 'longitude': -118.2922934, 'fipsCode': '06037'}"
112906,5123984,HighSchool,2023,1698.0,Tykie Andrews,Enid,Oklahoma State,WR,72.0,180.0,3.0,0.8406,Enid,OK,USA,"{'latitude': 36.3967623, 'longitude': -97.8791341, 'fipsCode': '40047'}"
112909,5078217,HighSchool,2023,1700.0,Kieran Davis,Blessed Trinity Catholic,East Carolina,EDGE,74.0,240.0,3.0,0.8404,Roswell,GA,USA,"{'latitude': 34.02332, 'longitude': -84.360022, 'fipsCode': '13121'}"
112907,5122005,HighSchool,2023,1700.0,Keimar Richardson,Georgia Military College Prep,Florida Atlantic,DL,77.0,255.0,3.0,0.8404,Milledgeville,GA,USA,"{'latitude': 33.0801429, 'longitude': -83.2320991, 'fipsCode': '13009'}"
112908,5102932,HighSchool,2023,1700.0,Ethan Crite,Roswell,Middle Tennessee,WR,74.0,180.0,3.0,0.8404,Roswell,GA,USA,"{'latitude': 34.02332, 'longitude': -84.360022, 'fipsCode': '13121'}"
112910,5121623,HighSchool,2023,1700.0,Keith Willis,C.E. King,Louisiana Tech,RB,71.0,210.0,3.0,0.8404,Houston,TX,USA,"{'latitude': 29.7589382, 'longitude': -95.3676974, 'fipsCode': '48201'}"
112916,5078360,HighSchool,2023,1704.0,Jayden Hobson,Hillcrest-Tuscaloosa,Mississippi State,OT,77.0,293.0,3.0,0.8403,Tuscaloosa,AL,USA,"{'latitude': 33.2095614, 'longitude': -87.5675258, 'fipsCode': '01125'}"
112914,5075461,HighSchool,2023,1704.0,Reagan Gill,Jersey Village,SMU,IOL,77.0,315.0,3.0,0.8403,Houston,TX,USA,"{'latitude': 29.7589382, 'longitude': -95.3676974, 'fipsCode': '48201'}"
112912,5012065,HighSchool,2023,1704.0,Keith Smith Jr.,South Oak Cliff,North Texas,DL,74.0,280.0,3.0,0.8403,Dallas,TX,USA,"{'latitude': 32.7762719, 'longitude': -96.7968559, 'fipsCode': '48113'}"
112915,5078243,HighSchool,2023,1704.0,Jack Fabris,North Oconee,Kansas State,S,73.0,200.0,3.0,0.8403,Bogart,GA,USA,"{'latitude': 33.949281, 'longitude': -83.534608, 'fipsCode': '13219'}"
112911,5085106,HighSchool,2023,1704.0,Jaydon Bailey,Cibolo Steele,Utah State,RB,69.0,180.0,3.0,0.8403,Cibolo,TX,USA,"{'latitude': 29.5707831, 'longitude': -98.2330927, 'fipsCode': '48187'}"
112913,5091817,HighSchool,2023,1704.0,Dickson Agu,Dutchtown,Tulane,LB,73.0,225.0,3.0,0.8403,Geismar,LA,USA,"{'latitude': 30.2043633, 'longitude': -91.0226013, 'fipsCode': '22005'}"
216972,4921427,HighSchool,2023,1710.0,David Borchers,North Scott,Nebraska,DL,75.0,260.0,3.0,0.84,Eldridge,IA,USA,"{'latitude': 41.6580864, 'longitude': -90.5845823, 'fipsCode': '19163'}"
112920,4921430,HighSchool,2023,1710.0,Anthony Cunningham,Belleville East,Iowa State,DL,76.0,260.0,3.0,0.84,Belleville,IL,USA,"{'latitude': 38.5200504, 'longitude': -89.9839935, 'fipsCode': '17163'}"
112925,5158408,HighSchool,2023,1710.0,AJ Cobb,Frostproof,Florida International,DL,75.0,260.0,3.0,0.84,Frostproof,FL,USA,"{'latitude': 27.7458626, 'longitude': -81.5306313, 'fipsCode': '12105'}"
217002,5125534,HighSchool,2023,1710.0,Reeves Baller,Liberty Christian,Tulsa,EDGE,77.0,215.0,3.0,0.84,Argyle,TX,USA,"{'latitude': 33.110156, 'longitude': -97.17940980147037, 'fipsCode': '48121'}"
112923,5122101,HighSchool,2023,1710.0,JaMari Whitehead,Raines,Georgia Southern,LB,74.0,210.0,3.0,0.84,Jacksonville,FL,USA,"{'latitude': 30.3321838, 'longitude': -81.655651, 'fipsCode': '12031'}"
216993,5150695,HighSchool,2023,1710.0,Drew Surges,St. Charles North,Iowa State,S,74.0,185.0,3.0,0.84,St. Charles,IL,USA,"{'latitude': 41.9139509, 'longitude': -88.31253, 'fipsCode': '17089'}"
216992,5152578,HighSchool,2023,1710.0,Winston Moore,Mary Institute & St. Louis Country Day,Colgate,WR,71.0,180.0,3.0,0.84,St. Louis,MO,USA,"{'latitude': 38.6268039, 'longitude': -90.1994097, 'fipsCode': '29510'}"
216989,5125783,HighSchool,2023,1710.0,Brandt Rice,Wausau West,Wyoming,IOL,77.0,285.0,3.0,0.84,Wausau,WI,USA,"{'latitude': 44.9596017, 'longitude': -89.6298239, 'fipsCode': '55073'}"
216990,5158904,HighSchool,2023,1710.0,Anthony Benjamin,Dunbar,Jacksonville State,WR,68.0,140.0,3.0,0.84,Fort Myers,FL,USA,"{'latitude': 26.640628, 'longitude': -81.8723084, 'fipsCode': '12071'}"
112922,5122052,HighSchool,2023,1710.0,Kenyon Agurs,Inglewood,Colorado State,ATH,77.0,235.0,3.0,0.84,Inglewood,CA,USA,"{'latitude': 33.9562003, 'longitude': -118.353132, 'fipsCode': '06037'}"
112921,5085390,HighSchool,2023,1710.0,Davin Martin,Klein Cain,UTSA,CB,73.0,165.0,3.0,0.84,Houston,TX,USA,"{'latitude': 29.7589382, 'longitude': -95.3676974, 'fipsCode': '48201'}"
112917,5122081,HighSchool,2023,1710.0,Tyler Little,Galena,Arkansas State,TE,76.0,240.0,3.0,0.84,Galena,KS,USA,"{'latitude': None, 'longitude': None, 'fipsCode': None}"
112919,,HighSchool,2023,1710.0,Omarion Blakes,McEvans,,ATH,71.0,175.0,3.0,0.84,Shaw,MS,USA,"{'latitude': 33.601749, 'longitude': -90.77217123214287, 'fipsCode': '28011'}"
216986,,HighSchool,2023,1710.0,Michael Teason,Christian Brothers College,Missouri State,LB,75.0,225.0,3.0,0.84,St. Louis,MO,USA,"{'latitude': 38.6268039, 'longitude': -90.1994097, 'fipsCode': '29510'}"
112924,,HighSchool,2023,1710.0,Trae Walker,Crisp County,Middle Tennessee,ATH,73.0,162.0,3.0,0.84,Cordele,GA,USA,"{'latitude': 31.9635074, 'longitude': -83.7823938, 'fipsCode': '13081'}"
216996,5152044,HighSchool,2023,1710.0,Ja'Braxton Boone,Ridgeland,Central Arkansas,ATH,73.0,195.0,3.0,0.84,Ridgeland,MS,USA,"{'latitude': 32.4284761, 'longitude': -90.1323087, 'fipsCode': '28089'}"
217001,5151984,HighSchool,2023,1710.0,Preston Ross,Bishop Dwenger,Ball State,TE,80.0,215.0,3.0,0.84,Fort Wayne,IN,USA,"{'latitude': 41.0799898, 'longitude': -85.1386015, 'fipsCode': '18003'}"
216988,,HighSchool,2023,1710.0,Karaaz Johnson,St. Augustine,,WR,68.0,150.0,3.0,0.84,New Orleans,LA,USA,"{'latitude': 29.9499323, 'longitude': -90.0701156, 'fipsCode': '22071'}"
216971,,HighSchool,2023,1710.0,Jeremiah Calvin,John Muir,,ATH,75.0,240.0,3.0,0.84,Pasadena,CA,USA,"{'latitude': 34.1476452, 'longitude': -118.1444779, 'fipsCode': '06037'}"
216985,,HighSchool,2023,1710.0,Jalani Liva,Santa Margarita Catholic,,IOL,75.0,310.0,3.0,0.84,Rancho Santa Margarita,CA,USA,"{'latitude': 33.6408845, 'longitude': -117.6029341, 'fipsCode': '06059'}"
216994,,HighSchool,2023,1710.0,Heston Miller,West Plains,Missouri State,ATH,72.5,200.0,3.0,0.84,West Plains,MO,USA,"{'latitude': None, 'longitude': None, 'fipsCode': None}"
216984,,HighSchool,2023,1710.0,Dieter Barr,St. Pius X-St. Matthias Academy,Cal Poly,QB,75.0,170.0,3.0,0.84,Downey,CA,USA,"{'latitude': 33.942215, 'longitude': -118.1235646, 'fipsCode': '06037'}"
216977,,HighSchool,2023,1710.0,Deshaun Buchanan,Basha,Idaho,RB,71.0,200.0,3.0,0.84,Chandler,AZ,USA,"{'latitude': 33.3062223, 'longitude': -111.8413317, 'fipsCode': '04013'}"
216995,,HighSchool,2023,1710.0,Za'Ron Collins,Monsignor Pace,,WR,74.5,165.0,3.0,0.84,Opa Locka,FL,USA,"{'latitude': 25.896733849999997, 'longitude': -80.25949640850294, 'fipsCode': '12086'}"
216998,,HighSchool,2023,1710.0,Jack Grusser,Ramapo,Harvard,QB,73.0,185.0,3.0,0.84,Franklin Lakes,NJ,USA,"{'latitude': 41.0167639, 'longitude': -74.2057012, 'fipsCode': '34003'}"
216997,5153685,HighSchool,2023,1710.0,Richie Munoz,Charter Oak,Weber State,QB,72.0,195.0,3.0,0.84,Covina,CA,USA,"{'latitude': 34.1024, 'longitude': -117.85486499999999, 'fipsCode': '06037'}"
216976,,HighSchool,2023,1710.0,Carter Davis,Eagle,Stanford,EDGE,75.5,223.0,3.0,0.84,Eagle,ID,USA,"{'latitude': 43.6954424, 'longitude': -116.3540138, 'fipsCode': '16001'}"
216975,5153688,HighSchool,2023,1710.0,Major Givens,Steele Canyon,Weber State,RB,69.0,180.0,3.0,0.84,Spring Valley,CA,USA,"{'latitude': 39.0800023, 'longitude': -122.5963989, 'fipsCode': '06033'}"
216991,,HighSchool,2023,1710.0,Jasun Ridley,Pasadena,,EDGE,75.0,245.0,3.0,0.84,Pasadena,CA,USA,"{'latitude': 34.1476452, 'longitude': -118.1444779, 'fipsCode': '06037'}"
216983,5159276,HighSchool,2023,1710.0,Edward Robinson,Maple Heights,Duquesne,RB,71.0,190.0,3.0,0.84,Maple Heights,OH,USA,"{'latitude': 41.4153313, 'longitude': -81.565956, 'fipsCode': '39035'}"
216974,,HighSchool,2023,1710.0,David Rasor,Corona Del Mar,UC Davis,QB,73.0,195.0,3.0,0.84,Newport Beach,CA,USA,"{'latitude': 33.6170092, 'longitude': -117.9294401, 'fipsCode': '06059'}"
216987,,HighSchool,2023,1710.0,Zach Johnson,Lake City,Idaho,TE,75.0,205.0,3.0,0.84,Coeur d'Alene,ID,USA,"{'latitude': 47.6742994, 'longitude': -116.7811531, 'fipsCode': '16055'}"
216982,,HighSchool,2023,1710.0,Kael Combs,Nixa,,WR,76.0,190.0,3.0,0.84,Nixa,MO,USA,"{'latitude': 37.0439358, 'longitude': -93.3098534, 'fipsCode': '29043'}"
216999,,HighSchool,2023,1710.0,Nick Bell,Bentonville West,,ATH,69.0,170.0,3.0,0.84,Centerton,AR,USA,"{'latitude': 36.359799, 'longitude': -94.2852085, 'fipsCode': '05007'}"
217000,,HighSchool,2023,1710.0,Ryan Boultwood,Damien,Utah,TE,76.0,215.0,3.0,0.84,La Verne,CA,USA,"{'latitude': 34.1008426, 'longitude': -117.7678355, 'fipsCode': '06037'}"
216981,,HighSchool,2023,1710.0,Orel Gray,University Christian,Florida A&M,ATH,71.0,185.0,3.0,0.84,Jacksonville,FL,USA,"{'latitude': 30.3321838, 'longitude': -81.655651, 'fipsCode': '12031'}"
216980,5158758,HighSchool,2023,1710.0,Nathan Reynolds,Meridian,Idaho State,LB,76.0,220.0,3.0,0.84,Meridian,ID,USA,"{'latitude': 43.6086295, 'longitude': -116.392326, 'fipsCode': '16001'}"
216973,5158751,HighSchool,2023,1710.0,Ian Duarte,Eagle,Idaho State,WR,68.0,170.0,3.0,0.84,Eagle,ID,USA,"{'latitude': 43.6954424, 'longitude': -116.3540138, 'fipsCode': '16001'}"
112918,,HighSchool,2023,1710.0,Demarcus Houston,West Albany,Portland State,CB,74.0,185.0,3.0,0.84,Albany,OR,USA,"{'latitude': 44.6365071, 'longitude': -123.1059324, 'fipsCode': '41043'}"
216978,,HighSchool,2023,1710.0,Kyler Ronquillo,Yelm,Princeton,ATH,70.0,175.0,3.0,0.84,Yelm,WA,USA,"{'latitude': 46.9413877, 'longitude': -122.6063902, 'fipsCode': '53067'}"
216979,,HighSchool,2023,1710.0,Thomas Howard,Frederick Douglass,,ATH,75.0,205.0,3.0,0.84,Lexington,KY,USA,"{'latitude': 38.0464066, 'longitude': -84.4970393, 'fipsCode': '21067'}"
112929,,HighSchool,2023,1751.0,Cameron Jackson,Spartanburg,,DL,76.0,300.0,3.0,0.8392,Spartanburg,SC,USA,"{'latitude': 34.9498007, 'longitude': -81.9320157, 'fipsCode': '45083'}"
112931,,HighSchool,2023,1751.0,Alijah Williams,Buford,Bowling Green,EDGE,74.0,220.0,3.0,0.8392,Buford,GA,USA,"{'latitude': 34.1206564, 'longitude': -84.0043513, 'fipsCode': '13135'}"
112933,,HighSchool,2023,1751.0,Kennon Loftin,West Jones,,LB,74.0,225.0,3.0,0.8392,Laurel,MS,USA,"{'latitude': 31.74096, 'longitude': -89.13382003619111, 'fipsCode': '28067'}"
112926,5160078,HighSchool,2023,1751.0,DJ Johnson Jr.,Dutchtown,East Carolina,LB,72.0,210.0,3.0,0.8392,Hampton,GA,USA,"{'latitude': 33.3870578, 'longitude': -84.2829784, 'fipsCode': '13151'}"
112930,5075975,HighSchool,2023,1751.0,Mozell Williams,Hawthorne,Rutgers,OT,77.0,340.0,3.0,0.8392,Hawthorne,FL,USA,"{'latitude': 29.5918856, 'longitude': -82.0869578, 'fipsCode': '12001'}"
112928,5080561,HighSchool,2023,1751.0,Mychal Yharbrough,Belleville,Miami (OH),ATH,73.0,175.0,3.0,0.8392,Belleville,MI,USA,"{'latitude': 42.2048414, 'longitude': -83.4852106, 'fipsCode': '17163'}"
112932,5077883,HighSchool,2023,1751.0,Jalil Smith,Abraham Lincoln,Syracuse,EDGE,77.0,230.0,3.0,0.8392,Brooklyn,NY,USA,"{'latitude': 40.6501038, 'longitude': -73.9495823, 'fipsCode': '36047'}"
112934,5121534,HighSchool,2023,1751.0,Jason Maciejczak,T.F. Riggs,Nebraska,DL,76.0,320.0,3.0,0.8392,Pierre,SD,USA,"{'latitude': 44.368305, 'longitude': -100.351185, 'fipsCode': '46065'}"
112927,5105849,HighSchool,2023,1751.0,Devon Dampier,Saguaro,New Mexico,QB,72.0,190.0,3.0,0.8392,Scottsdale,AZ,USA,"{'latitude': 33.4942189, 'longitude': -111.9260184, 'fipsCode': '04013'}"
112937,5078469,HighSchool,2023,1760.0,Darrell Sweeting,The Benjamin School,Temple,ATH,70.0,175.0,3.0,0.8386,North Palm Beach,FL,USA,"{'latitude': 26.8237944, 'longitude': -80.05592659756701, 'fipsCode': '12099'}"
112936,5077959,HighSchool,2023,1760.0,Kevin Terry,Clearwater Central Catholic,Temple,OT,77.0,265.0,3.0,0.8386,Palm Harbor,FL,USA,"{'latitude': 28.0780718, 'longitude': -82.7637127, 'fipsCode': '12103'}"
112938,5084770,HighSchool,2023,1760.0,Koron Hayward,Sandalwood,Western Kentucky,WR,76.5,199.0,3.0,0.8386,Jacksonville,FL,USA,"{'latitude': 30.3321838, 'longitude': -81.655651, 'fipsCode': '12031'}"
112935,4923282,HighSchool,2023,1760.0,CJ Hester,Wyoming,Western Michigan,RB,71.0,190.0,3.0,0.8386,Cincinnati,OH,USA,"{'latitude': 39.1014537, 'longitude': -84.5124602, 'fipsCode': '39061'}"
112940,4921254,HighSchool,2023,1764.0,Eric King,St. Peter's Prep,Temple,IOL,75.0,300.0,3.0,0.8385,Jersey City,NJ,USA,"{'latitude': 40.7281575, 'longitude': -74.0776417, 'fipsCode': '34017'}"
112939,5180148,HighSchool,2023,1764.0,Earl Woods III,Hueytown,Jacksonville State,QB,71.0,185.0,3.0,0.8385,Birmingham,AL,USA,"{'latitude': 33.5206824, 'longitude': -86.8024326, 'fipsCode': '01073'}"
112941,,HighSchool,2023,1764.0,Sam Van Dyne,Liberty North,,QB,75.0,205.0,3.0,0.8385,Liberty,MO,USA,"{'latitude': 39.246479, 'longitude': -94.419079, 'fipsCode': '29047'}"
112942,5121739,HighSchool,2023,1764.0,RJ Kelly,Lakeland,Arkansas State,LB,73.0,212.0,3.0,0.8385,Lakeland,FL,USA,"{'latitude': 28.0394654, 'longitude': -81.9498042, 'fipsCode': '12105'}"
112943,4870919,HighSchool,2023,1768.0,Curtis Roberts,Clearwater Central Catholic,Florida Atlantic,LB,74.5,194.0,3.0,0.8383,Clearwater,FL,USA,"{'latitude': 27.9658533, 'longitude': -82.8001026, 'fipsCode': '12103'}"
112944,,HighSchool,2023,1768.0,Camani Cobbs,Eagle's Landing,Southeast Missouri State,CB,73.0,175.0,3.0,0.8383,McDonough,GA,USA,"{'latitude': 33.4473361, 'longitude': -84.1468616, 'fipsCode': '13151'}"
112945,5125152,HighSchool,2023,1770.0,Marleo Neolien,St. Thomas More,East Carolina,OT,79.0,321.0,3.0,0.8381,Oakdale,CT,USA,"{'latitude': 41.4662093, 'longitude': -72.1573008, 'fipsCode': '09011'}"
112946,5078160,HighSchool,2023,1771.0,Richie Anderson,Tualatin,Fresno State,LB,76.0,230.0,3.0,0.8381,Tualatin,OR,USA,"{'latitude': 45.3838546, 'longitude': -122.7663518, 'fipsCode': '41067'}"
112957,5103802,HighSchool,2023,1772.0,Nazir Ward,Miami Northwestern,Western Kentucky,CB,72.0,155.0,3.0,0.8378,Miami,FL,USA,"{'latitude': 25.7742658, 'longitude': -80.1936589, 'fipsCode': '12086'}"
112956,5091820,HighSchool,2023,1772.0,Kasen Carpenter,Allen,Tulsa,IOL,75.0,265.0,3.0,0.8378,Allen,TX,USA,"{'latitude': 33.1031744, 'longitude': -96.6705503, 'fipsCode': '48085'}"
112958,5091833,HighSchool,2023,1772.0,Donovan Nevils,Battle Ground Academy,Memphis,DL,75.0,255.0,3.0,0.8378,Franklin,TN,USA,"{'latitude': 35.925193, 'longitude': -86.8689365, 'fipsCode': '47187'}"
112952,5151044,HighSchool,2023,1772.0,Keoni Denny,Sumner,Charlotte,LB,72.0,205.0,3.0,0.8378,Riverview,FL,USA,"{'latitude': 27.871197, 'longitude': -82.3269883, 'fipsCode': '12057'}"
112960,5078221,HighSchool,2023,1772.0,Mason Myers,Moody,Arkansas State,OT,77.0,265.0,3.0,0.8378,Moody,AL,USA,"{'latitude': 33.5909365, 'longitude': -86.4908168, 'fipsCode': '01115'}"
112959,5077816,HighSchool,2023,1772.0,TeKai Kirby,St. Thomas Aquinas,Virginia,TE,75.0,210.0,3.0,0.8378,Fort Lauderdale,FL,USA,"{'latitude': 26.1223084, 'longitude': -80.1433786, 'fipsCode': '12011'}"
112961,5075538,HighSchool,2023,1772.0,Cayden Sweatt,Bremen,App State,IOL,76.0,270.0,3.0,0.8378,Bremen,GA,USA,"{'latitude': 33.7208676, 'longitude': -85.1456929, 'fipsCode': '13143'}"
112955,5121601,HighSchool,2023,1772.0,Hunter Summers,Prosper,Tulane,WR,74.0,165.0,3.0,0.8378,Prosper,TX,USA,"{'latitude': 33.2385763, 'longitude': -96.7866058, 'fipsCode': '48085'}"
112953,,HighSchool,2023,1772.0,A.C. Mason-Young,Covington,,ATH,71.0,170.0,3.0,0.8378,Covington,TN,USA,"{'latitude': 35.5642474, 'longitude': -89.6464672, 'fipsCode': '47167'}"
112950,,HighSchool,2023,1772.0,Dequarious White,Holmes County Central,Jackson State,IOL,76.0,315.0,3.0,0.8378,Lexington,MS,USA,"{'latitude': 33.1131834, 'longitude': -90.0531408, 'fipsCode': '28051'}"
112949,,HighSchool,2023,1772.0,Joshua Wade,The King's Academy,,IOL,76.0,300.0,3.0,0.8378,Seymour,TN,USA,"{'latitude': 35.881048, 'longitude': -83.77661826476378, 'fipsCode': '47155'}"
112948,,HighSchool,2023,1772.0,Jaeden Jackson,Andalusia,,DL,73.0,275.0,3.0,0.8378,Andalusia,AL,USA,"{'latitude': 31.3085039, 'longitude': -86.4832033, 'fipsCode': '01039'}"
112947,,HighSchool,2023,1772.0,Jamari Ford,Miami Northwestern,Buffalo,RB,66.0,164.0,3.0,0.8378,Miami,FL,USA,"{'latitude': 25.7742658, 'longitude': -80.1936589, 'fipsCode': '12086'}"
112954,,HighSchool,2023,1772.0,Delanie Majors,Overton,,WR,69.0,170.0,3.0,0.8378,Nashville,TN,USA,"{'latitude': 36.1622296, 'longitude': -86.7743531, 'fipsCode': '47037'}"
112962,5121783,HighSchool,2023,1772.0,Traveon Wright,Perry,Memphis,CB,72.0,177.0,3.0,0.8378,Perry,GA,USA,"{'latitude': 32.4586695, 'longitude': -83.7319658, 'fipsCode': '13153'}"
112951,4920192,HighSchool,2023,1772.0,Carson Conklin,Corona Centennial,Sacramento State,QB,73.0,175.0,3.0,0.8378,Corona,CA,USA,"{'latitude': 33.8752945, 'longitude': -117.5664449, 'fipsCode': '06065'}"
112963,4923221,HighSchool,2023,1788.0,Kiwaun Davis,Kenwood Academy,Washington State,CB,75.0,165.0,3.0,0.8375,Chicago,IL,USA,"{'latitude': 41.8755616, 'longitude': -87.6244212, 'fipsCode': '17031'}"
112974,5120454,HighSchool,2023,1789.0,Caleb Goodie,Port Arthur Memorial,Colorado State,WR,73.0,170.0,3.0,0.837,Port Arthur,TX,USA,"{'latitude': 29.8988618, 'longitude': -93.9288723, 'fipsCode': '48245'}"
112970,,HighSchool,2023,1789.0,Matthew Fredrick,East,BYU,TE,77.0,230.0,3.0,0.837,Salt Lake City,UT,USA,"{'latitude': 40.7596198, 'longitude': -111.8867975, 'fipsCode': '49035'}"
112971,,HighSchool,2023,1789.0,Anthony Baxter,Riverdale,,S,76.0,195.0,3.0,0.837,Fort Myers,FL,USA,"{'latitude': 26.640628, 'longitude': -81.8723084, 'fipsCode': '12071'}"
112965,5041973,HighSchool,2023,1789.0,Peyton Farmer,Fort Bend Ridge Point,Rice,OT,78.0,267.0,3.0,0.837,Missouri City,TX,USA,"{'latitude': 29.6185669, 'longitude': -95.5377215, 'fipsCode': '48157'}"
112967,,HighSchool,2023,1789.0,Devon Rainey,Jonesboro,Buffalo,ATH,73.5,177.0,3.0,0.837,Jonesboro,GA,USA,"{'latitude': 33.5215013, 'longitude': -84.3538128, 'fipsCode': '13063'}"
112972,5078549,HighSchool,2023,1789.0,Dedrick Latulas,Westgate,Louisiana Tech,WR,68.0,150.0,3.0,0.837,New Iberia,LA,USA,"{'latitude': 30.0035365, 'longitude': -91.8187285, 'fipsCode': '22045'}"
112964,5077358,HighSchool,2023,1789.0,Wyatt Gedeon,St. Edward,Coastal Carolina,LB,73.0,235.0,3.0,0.837,Lakewood,OH,USA,"{'latitude': 41.4819932, 'longitude': -81.7981908, 'fipsCode': '39035'}"
112969,5117836,HighSchool,2023,1789.0,Jamari Person,Haywood,Colorado State,WR,74.0,185.0,3.0,0.837,Brownsville,TN,USA,"{'latitude': 35.5939671, 'longitude': -89.262291, 'fipsCode': '47075'}"
112966,5078533,HighSchool,2023,1789.0,Jabari Smith Jr.,Jones,Florida Atlantic,WR,71.0,170.0,3.0,0.837,Orlando,FL,USA,"{'latitude': 28.5421109, 'longitude': -81.3790304, 'fipsCode': '12095'}"
112973,5092256,HighSchool,2023,1789.0,Cole Rhett,Bishop Watterson,Toledo,OT,78.0,290.0,3.0,0.837,Columbus,OH,USA,"{'latitude': 39.9622601, 'longitude': -83.0007065, 'fipsCode': '39049'}"
112968,5154493,HighSchool,2023,1789.0,Evan Haynie,Baylor School,Princeton,CB,72.0,175.0,3.0,0.837,Chattanooga,TN,USA,"{'latitude': 35.0457219, 'longitude': -85.3094883, 'fipsCode': '47065'}"
112975,5121472,HighSchool,2023,1789.0,Karon Weary,East Marion,South Alabama,S,74.0,180.0,3.0,0.837,Columbia,MS,USA,"{'latitude': 31.2518439, 'longitude': -89.83758, 'fipsCode': '28091'}"
112977,5085332,HighSchool,2023,1801.0,Zachary Anderson,Quince Orchard,Massachusetts,IOL,74.0,275.0,3.0,0.8369,Gaithersburg,MD,USA,"{'latitude': 39.1434406, 'longitude': -77.2013705, 'fipsCode': '24031'}"
112976,5085334,HighSchool,2023,1801.0,Jaheim Buchanon,Lehigh Senior,Florida International,IOL,74.5,278.0,3.0,0.8369,Lehigh Acres,FL,USA,"{'latitude': 26.6091509, 'longitude': -81.652407, 'fipsCode': '12071'}"
112978,5157321,HighSchool,2023,1803.0,David Jester,Homestead,Akron,S,75.0,179.0,3.0,0.8367,Homestead,FL,USA,"{'latitude': 25.4718946, 'longitude': -80.4759905, 'fipsCode': '12086'}"
112987,5084890,HighSchool,2023,1803.0,Blake Herold,Shenandoah,Kansas,DL,76.0,245.0,3.0,0.8367,Shenandoah,IA,USA,"{'latitude': None, 'longitude': None, 'fipsCode': None}"
112986,5120487,HighSchool,2023,1803.0,Braiden Staten,Green Hill,Florida International,TE,78.0,220.0,3.0,0.8367,Mt. Juliet,TN,USA,"{'latitude': 36.200055, 'longitude': -86.5186054, 'fipsCode': '47189'}"
112981,5163087,HighSchool,2023,1803.0,Antwaan Mays,Gulliver Prep,Marshall,WR,73.0,180.0,3.0,0.8367,Miami,FL,USA,"{'latitude': 25.7742658, 'longitude': -80.1936589, 'fipsCode': '12086'}"
112984,5121999,HighSchool,2023,1803.0,Keystone Allison,Carthage,Louisiana Tech,OT,76.0,272.0,3.0,0.8367,Carthage,TX,USA,"{'latitude': 32.1570412, 'longitude': -94.338114, 'fipsCode': '48365'}"
112979,4921503,HighSchool,2023,1803.0,Rashawn Carr,Leuzinger,Campbell,S,71.0,175.0,3.0,0.8367,Lawndale,CA,USA,"{'latitude': 33.8885217, 'longitude': -118.3531991, 'fipsCode': '06037'}"
112988,,HighSchool,2023,1803.0,Noah Braham,University,West Virginia,TE,74.0,225.0,3.0,0.8367,Morgantown,WV,USA,"{'latitude': 39.6296809, 'longitude': -79.9559437, 'fipsCode': '54061'}"
112985,5118341,HighSchool,2023,1803.0,Khalil Laufau,Herriman,Washington State,DL,75.0,285.0,3.0,0.8367,Herriman,UT,USA,"{'latitude': 40.5140894, 'longitude': -112.0328198, 'fipsCode': '49035'}"
112982,4581750,HighSchool,2023,1803.0,EJ Smith,Warren,Nevada,LB,72.0,230.0,3.0,0.8367,Downey,CA,USA,"{'latitude': 33.942215, 'longitude': -118.1235646, 'fipsCode': '06037'}"
112980,,HighSchool,2023,1803.0,Rodney Leaks,Sierra Canyon,Houston Christian,OT,77.0,290.0,3.0,0.8367,Chatsworth,CA,USA,"{'latitude': 34.2595715, 'longitude': -118.6023247, 'fipsCode': '06037'}"
112983,5086011,HighSchool,2023,1803.0,Jelani McLaughlin,Citrus Valley,San Diego State,S,73.0,180.0,3.0,0.8367,Redlands,CA,USA,"{'latitude': 34.055735, 'longitude': -117.1888961, 'fipsCode': '06071'}"
112990,5112633,HighSchool,2023,1814.0,Kade Pieper,Norfolk Catholic,Iowa,DL,75.0,240.0,3.0,0.8364,Norfolk,NE,USA,"{'latitude': 42.0283379, 'longitude': -97.4169964, 'fipsCode': '31119'}"
112989,5091890,HighSchool,2023,1814.0,Kadin Semonza,Mission Viejo,Ball State,QB,72.5,190.0,3.0,0.8364,Mission Viejo,CA,USA,"{'latitude': 33.5965685, 'longitude': -117.659405, 'fipsCode': '06059'}"
112991,5078144,HighSchool,2023,1816.0,Landen Chambers,Keller Fossil Ridge,Central Arkansas,RB,71.0,210.0,3.0,0.8361,Keller,TX,USA,"{'latitude': 32.9299655, 'longitude': -97.2271249, 'fipsCode': '48439'}"
112992,5150548,HighSchool,2023,1816.0,Kamuela Ka'aihue,Roosevelt,Arizona,LB,74.0,210.0,3.0,0.8361,Honolulu,HI,USA,"{'latitude': 21.304547, 'longitude': -157.8556764, 'fipsCode': '15003'}"
112994,,HighSchool,2023,1816.0,Charlie Pace,Colquitt County,,RB,70.0,185.0,3.0,0.8361,Moultrie,GA,USA,"{'latitude': 31.179998, 'longitude': -83.7887928, 'fipsCode': '13071'}"
112993,,HighSchool,2023,1816.0,Josiah Griffin,Springfield Central,Boston College,DL,76.0,235.0,3.0,0.8361,Springfield,MA,USA,"{'latitude': 42.1014831, 'longitude': -72.589811, 'fipsCode': '25013'}"
113000,5125585,HighSchool,2023,1820.0,Wildrekus Johnson,Tylertown,Southern Miss,CB,73.0,180.0,3.0,0.8356,Tylertown,MS,USA,"{'latitude': 31.1160119, 'longitude': -90.1420331, 'fipsCode': '28147'}"
112999,5125528,HighSchool,2023,1820.0,Sentario Willis,Hazlehurst,Southern Miss,S,74.0,185.0,3.0,0.8356,Hazlehurst,MS,USA,"{'latitude': 31.8604382, 'longitude': -90.3959255, 'fipsCode': '28029'}"
113001,5151001,HighSchool,2023,1820.0,Tre Webb III,Dr. Martin Luther King Jr. Charter,Louisiana Tech,CB,72.0,175.0,3.0,0.8356,New Orleans,LA,USA,"{'latitude': 29.9499323, 'longitude': -90.0701156, 'fipsCode': '22071'}"
112995,4904131,HighSchool,2023,1820.0,Devon Rivers,Heritage,Fresno State,RB,67.0,170.0,3.0,0.8356,Brentwood,CA,USA,"{'latitude': 37.9317766, 'longitude': -121.6960266, 'fipsCode': '06013'}"
112997,5110490,HighSchool,2023,1820.0,Toddrick Brewton,Miami Northwestern,Florida International,EDGE,75.0,225.0,3.0,0.8356,Miami,FL,USA,"{'latitude': 25.7742658, 'longitude': -80.1936589, 'fipsCode': '12086'}"
112998,5218865,HighSchool,2023,1820.0,Domata Peko Jr.,Calabasas,Hawai'i,ATH,76.0,220.0,3.0,0.8356,Calabasas,CA,USA,"{'latitude': 34.1446643, 'longitude': -118.6440973, 'fipsCode': '06037'}"
112996,5120904,HighSchool,2023,1820.0,Isiah Chala Jr.,Archbishop Riordan,Fresno State,EDGE,77.0,250.0,3.0,0.8356,San Francisco,CA,USA,"{'latitude': 37.7790262, 'longitude': -122.4199061, 'fipsCode': '06075'}"
113002,4986096,HighSchool,2023,1827.0,Chase Jenkins,Alief Taylor,Rice,QB,72.0,185.0,3.0,0.8353,Houston,TX,USA,"{'latitude': 29.7589382, 'longitude': -95.3676974, 'fipsCode': '48201'}"
113005,5077802,HighSchool,2023,1827.0,Tai Fa'avae,Fountain-Fort Carson,Washington State,LB,72.0,210.0,3.0,0.8353,Fountain,CO,USA,"{'latitude': 38.70437675, 'longitude': -104.71025954018519, 'fipsCode': '08041'}"
113007,5085348,HighSchool,2023,1827.0,Jordan Sample,Fort Bend Marshall,Arkansas State,LB,73.0,200.0,3.0,0.8353,Missouri City,TX,USA,"{'latitude': 29.6185669, 'longitude': -95.5377215, 'fipsCode': '48157'}"
113008,5078405,HighSchool,2023,1827.0,Alex Moore,St. Vincent Pallotti,Maryland,S,74.0,180.0,3.0,0.8353,Laurel,MD,USA,"{'latitude': 39.0992752, 'longitude': -76.8483061, 'fipsCode': '24033'}"
113003,,HighSchool,2023,1827.0,Mason Shorb,Leander Rouse,,QB,74.0,175.0,3.0,0.8353,Lago Vista,TX,USA,"{'latitude': 30.4601975, 'longitude': -97.9883477, 'fipsCode': '48453'}"
113006,5092397,HighSchool,2023,1827.0,Landry Cannon,Destrehan,Tulane,IOL,75.0,330.0,3.0,0.8353,Destrehan,LA,USA,"{'latitude': 29.960933, 'longitude': -90.3705407077716, 'fipsCode': '22089'}"
113004,5085336,HighSchool,2023,1827.0,Landon Hale,Yulee,Florida International,S,73.5,185.0,3.0,0.8353,Yulee,FL,USA,"{'latitude': 30.6319034, 'longitude': -81.6064866, 'fipsCode': '12089'}"
113009,5086448,HighSchool,2023,1827.0,Kamrean Johnson,Theodore,Vanderbilt,TE,77.0,215.0,3.0,0.8353,Theodore,AL,USA,"{'latitude': 30.547295, 'longitude': -88.18020367595204, 'fipsCode': '01097'}"
113010,,HighSchool,2023,1835.0,Raydrian McKneely,Denham Springs,Memphis,RB,68.0,170.0,3.0,0.8352,Denham Springs,LA,USA,"{'latitude': 30.4868564, 'longitude': -90.9562125, 'fipsCode': '22063'}"
113011,,HighSchool,2023,1835.0,Jonathan Humpal,Lewis Central,,RB,70.0,165.0,3.0,0.8352,Council Bluffs,IA,USA,"{'latitude': 41.2621283, 'longitude': -95.8613912, 'fipsCode': '19155'}"
113020,,HighSchool,2023,1837.0,Aronne Herring,New Bern,,RB,70.0,175.0,3.0,0.835,New Bern,NC,USA,"{'latitude': 35.1084931, 'longitude': -77.0441143, 'fipsCode': '37049'}"
113015,5220472,HighSchool,2023,1837.0,Robert Jones III,Oswego East,Navy,QB,74.0,175.0,3.0,0.835,Oswego,IL,USA,"{'latitude': 41.6789932, 'longitude': -88.3550216, 'fipsCode': '17093'}"
113012,5152796,HighSchool,2023,1837.0,Onterrio Smith Jr.,Folsom,Sacramento State,ATH,74.0,175.0,3.0,0.835,Folsom,CA,USA,"{'latitude': 38.6779591, 'longitude': -121.1760583, 'fipsCode': '06067'}"
113013,4921452,HighSchool,2023,1837.0,Eamon Smalls,Beaufort,UAB,DL,74.0,295.0,3.0,0.835,Ladys Island,SC,USA,"{'latitude': 32.4501913, 'longitude': -80.6331616, 'fipsCode': '45013'}"
113021,,HighSchool,2023,1837.0,Jay'Veon Haynes,Woodlawn,Louisiana,RB,69.0,175.0,3.0,0.835,Baton Rouge,LA,USA,"{'latitude': 30.4459596, 'longitude': -91.18738, 'fipsCode': '22033'}"
113022,,HighSchool,2023,1837.0,Anthony Wenson,Liberty,Air Force,WR,73.0,185.0,3.0,0.835,Liberty,MO,USA,"{'latitude': 39.246479, 'longitude': -94.419079, 'fipsCode': '29047'}"
113014,,HighSchool,2023,1837.0,Job Kralik,Eatonville,East Tennessee State,WR,71.5,170.0,3.0,0.835,Eatonville,WA,USA,"{'latitude': 46.8682516, 'longitude': -122.2700681, 'fipsCode': '53053'}"
113017,,HighSchool,2023,1837.0,JT Smith Jr,Hough,,ATH,69.0,199.0,3.0,0.835,Cornelius,NC,USA,"{'latitude': 35.4817982, 'longitude': -80.8589501, 'fipsCode': '37119'}"
113016,,HighSchool,2023,1837.0,Derek Thompson,De La Salle,Harvard,IOL,74.0,282.0,3.0,0.835,Concord,CA,USA,"{'latitude': 37.9768525, 'longitude': -122.0335624, 'fipsCode': '06013'}"
113019,,HighSchool,2023,1837.0,Samuel Cooper,University City,,ATH,75.0,215.0,3.0,0.835,San Diego,CA,USA,"{'latitude': 32.7174209, 'longitude': -117.1627714, 'fipsCode': '06073'}"
113018,,HighSchool,2023,1837.0,Grant Chapman,Anoka,South Dakota,OT,77.0,280.0,3.0,0.835,Anoka,MN,USA,"{'latitude': 45.1977428, 'longitude': -93.3871758, 'fipsCode': '27003'}"
113023,5102758,HighSchool,2023,1837.0,Max Stege,Cologne Crocodiles,Boise State,DL,77.0,250.0,3.0,0.835,Germany,,DEU,"{'latitude': None, 'longitude': None, 'fipsCode': None}"
113024,,HighSchool,2023,1849.0,Howie Iongi,Kahuku,,DL,74.0,285.0,3.0,0.8347,Kahuku,HI,USA,"{'latitude': 21.679124, 'longitude': -157.94838, 'fipsCode': '15003'}"
113025,,HighSchool,2023,1850.0,Evan Tomich,Mayfair,,QB,74.0,180.0,3.0,0.8344,Lakewood,CA,USA,"{'latitude': 33.8503463, 'longitude': -118.1171914, 'fipsCode': '06037'}"
113028,5151508,HighSchool,2023,1850.0,Michael Jimmar,Plainfield East,Northern Illinois,OT,77.0,280.0,3.0,0.8344,Plainfield,IL,USA,"{'latitude': 41.6086711, 'longitude': -88.2054345, 'fipsCode': '17197'}"
113030,,HighSchool,2023,1850.0,Stanley Cooks,Hawthorne,Jackson State,DL,73.5,305.0,3.0,0.8344,Hawthorne,FL,USA,"{'latitude': 29.5918856, 'longitude': -82.0869578, 'fipsCode': '12001'}"
113029,,HighSchool,2023,1850.0,Julian Savaiinaea,St. Louis,Arizona,EDGE,75.0,241.0,3.0,0.8344,Honolulu,HI,USA,"{'latitude': 21.304547, 'longitude': -157.8556764, 'fipsCode': '15003'}"
113027,4870757,HighSchool,2023,1850.0,Ahmad Haston,Palm Beach Central,Massachusetts,QB,74.5,190.0,3.0,0.8344,West Palm Beach,FL,USA,"{'latitude': 26.715364, 'longitude': -80.0532942, 'fipsCode': '12099'}"
113026,4921437,HighSchool,2023,1850.0,Jalen Lewis,Oaks Christian,Northwestern,CB,69.0,180.0,3.0,0.8344,Westlake Village,CA,USA,"{'latitude': 34.1460234, 'longitude': -118.8061794, 'fipsCode': '06037'}"
113032,5086818,HighSchool,2023,1850.0,Asher Tomaszewski,Mount Carmel,Kansas State,DL,76.0,275.0,3.0,0.8344,Chicago,IL,USA,"{'latitude': 41.8755616, 'longitude': -87.6244212, 'fipsCode': '17031'}"
113031,5151689,HighSchool,2023,1850.0,Julian Allen,Clearwater Central Catholic,Toledo,WR,73.0,198.0,3.0,0.8344,Clearwater,FL,USA,"{'latitude': 27.9658533, 'longitude': -82.8001026, 'fipsCode': '12103'}"
113034,5120451,HighSchool,2023,1850.0,Tristan Bohannon,Munford,Washington State,LB,76.0,215.0,3.0,0.8344,Munford,TN,USA,"{'latitude': 35.44925, 'longitude': -89.8150833, 'fipsCode': '47167'}"
113033,5091835,HighSchool,2023,1850.0,Parker Peterson,Alpharetta,Memphis,OT,78.0,275.0,3.0,0.8344,Alpharetta,GA,USA,"{'latitude': 34.0709576, 'longitude': -84.2747329, 'fipsCode': '13121'}"
113035,5076949,HighSchool,2023,1850.0,Evan Bullock,Anna,Louisiana Tech,QB,75.0,210.0,3.0,0.8344,Anna,TX,USA,"{'latitude': 33.34928, 'longitude': -96.54938, 'fipsCode': '48085'}"
113036,4921457,HighSchool,2023,1861.0,Daiquan White,Creekside,Eastern Michigan,CB,71.0,170.0,3.0,0.8342,Fairburn,GA,USA,"{'latitude': 33.5670562, 'longitude': -84.5810418, 'fipsCode': '13121'}"
113041,5078101,HighSchool,2023,1862.0,Zyeir Gamble,Sumter,App State,S,70.0,180.0,3.0,0.8337,Sumter,SC,USA,"{'latitude': 33.9204354, 'longitude': -80.3414693, 'fipsCode': '45085'}"
113047,,HighSchool,2023,1862.0,DJ Cloyd,Columbia,,ATH,74.0,190.0,3.0,0.8337,Columbia,MS,USA,"{'latitude': 31.2518439, 'longitude': -89.83758, 'fipsCode': '28091'}"
113044,5081611,HighSchool,2023,1862.0,Mason Williams,Mogadore,Ohio,TE,76.0,235.0,3.0,0.8337,Mogadore,OH,USA,"{'latitude': 41.050775, 'longitude': -81.393946, 'fipsCode': '39153'}"
113037,5119661,HighSchool,2023,1862.0,Kamaurri McKinley,Lakeland,East Carolina,S,72.0,174.0,3.0,0.8337,Lakeland,FL,USA,"{'latitude': 28.0394654, 'longitude': -81.9498042, 'fipsCode': '12105'}"
113051,5084910,HighSchool,2023,1862.0,Josh Phifer,Starrs Mill,James Madison,TE,77.0,225.0,3.0,0.8337,Fayetteville,GA,USA,"{'latitude': 33.4487257, 'longitude': -84.4549262, 'fipsCode': '13113'}"
113045,5219918,HighSchool,2023,1862.0,TJ Lawrence,Fleming Island,South Florida,OT,77.0,285.0,3.0,0.8337,Orange Park,FL,USA,"{'latitude': 30.1654707, 'longitude': -81.7016346, 'fipsCode': '12019'}"
113048,5120942,HighSchool,2023,1862.0,Gideon Bedada,Clearwater Academy International,Old Dominion,EDGE,75.0,235.0,3.0,0.8337,Clearwater,FL,USA,"{'latitude': 27.9658533, 'longitude': -82.8001026, 'fipsCode': '12103'}"
113042,5121170,HighSchool,2023,1862.0,Aiden Meeks,Rockwall,Texas Tech,WR,70.0,170.0,3.0,0.8337,Rockwall,TX,USA,"{'latitude': 32.9312336, 'longitude': -96.4597089, 'fipsCode': '48397'}"
113046,5001147,HighSchool,2023,1862.0,Fabian Scott,Booker T. Washington,Florida Atlantic,S,75.0,169.0,3.0,0.8337,Miami,FL,USA,"{'latitude': 25.7742658, 'longitude': -80.1936589, 'fipsCode': '12086'}"
113038,5078106,HighSchool,2023,1862.0,Carson Rasmussen,Owyhee,Boise State,OT,77.0,296.0,3.0,0.8337,Meridian,ID,USA,"{'latitude': 43.6086295, 'longitude': -116.392326, 'fipsCode': '16001'}"
113049,5091891,HighSchool,2023,1862.0,Lamar Sperling,Archbishop Hoban,Buffalo,RB,70.0,180.0,3.0,0.8337,Akron,OH,USA,"{'latitude': 41.083064, 'longitude': -81.518485, 'fipsCode': '39153'}"
113052,5121698,HighSchool,2023,1862.0,Chauncey Carter,Garland,Wyoming,CB,72.0,175.0,3.0,0.8337,Garland,TX,USA,"{'latitude': 32.912624, 'longitude': -96.6388833, 'fipsCode': '48113'}"
113050,5151489,HighSchool,2023,1862.0,Jeremiah Alston-Jackson,Redford Union,Central Michigan,ATH,74.0,190.0,3.0,0.8337,Redford,MI,USA,"{'latitude': 42.3944, 'longitude': -83.2974, 'fipsCode': '29179'}"
113040,4922993,HighSchool,2023,1862.0,Devin Roche,Dunbar,Old Dominion,RB,69.0,177.0,3.0,0.8337,Baltimore,MD,USA,"{'latitude': 39.2908816, 'longitude': -76.610759, 'fipsCode': '24510'}"
113039,5078812,HighSchool,2023,1862.0,Antonio Ferguson,Apopka,East Carolina,TE,76.0,235.0,3.0,0.8337,Apopka,FL,USA,"{'latitude': 28.6779683, 'longitude': -81.5115214, 'fipsCode': '12095'}"
113043,5079142,HighSchool,2023,1862.0,Oliver Fisher,Sherwood,Boise State,TE,77.0,225.0,3.0,0.8337,Sherwood,OR,USA,"{'latitude': 45.3570983, 'longitude': -122.840357, 'fipsCode': '41067'}"
113054,5151696,HighSchool,2023,1878.0,RJ Johnson III,Westlake,Toledo,QB,74.0,210.0,3.0,0.8336,Atlanta,GA,USA,"{'latitude': 33.7490987, 'longitude': -84.3901849, 'fipsCode': '13121'}"
113059,5077877,HighSchool,2023,1878.0,Justyn Reid,Newnan,Southern Miss,TE,77.0,230.0,3.0,0.8336,Newnan,GA,USA,"{'latitude': 33.3806716, 'longitude': -84.7996573, 'fipsCode': '13077'}"
113053,4870829,HighSchool,2023,1878.0,Dontay Joyner,Lakeland,Arkansas State,S,71.0,165.0,3.0,0.8336,Lakeland,FL,USA,"{'latitude': 28.0394654, 'longitude': -81.9498042, 'fipsCode': '12105'}"
113058,,HighSchool,2023,1878.0,Rocky Shields,Columbine,Washington State,DL,75.5,260.0,3.0,0.8336,Littleton,CO,USA,"{'latitude': 39.613321, 'longitude': -105.0166498, 'fipsCode': '08005'}"
113056,5082679,HighSchool,2023,1878.0,Hank Zilinskas,Cherry Creek,Colorado,IOL,75.0,274.0,3.0,0.8336,Englewood,CO,USA,"{'latitude': 39.6482059, 'longitude': -104.9879641, 'fipsCode': '08005'}"
113057,5150505,HighSchool,2023,1878.0,Lorenzo Williams Jr.,West Bloomfield,Western Michigan,CB,72.0,170.0,3.0,0.8336,West Bloomfield,MI,USA,"{'latitude': 42.5679, 'longitude': -83.3733, 'fipsCode': '36069'}"
113055,4870932,HighSchool,2023,1878.0,Luke Rucker,Seminole,Florida Atlantic,QB,74.5,190.0,3.0,0.8336,Sanford,FL,USA,"{'latitude': 28.8117297, 'longitude': -81.2680345, 'fipsCode': '12117'}"
113061,4923272,HighSchool,2023,1885.0,Mark-Allen Gay,Miami Central,Central Michigan,S,73.0,177.0,3.0,0.8333,Miami,FL,USA,"{'latitude': 25.7742658, 'longitude': -80.1936589, 'fipsCode': '12086'}"
113060,5077226,HighSchool,2023,1885.0,Peyton Woodring,Ascension Episcopal,Georgia,K,70.0,165.0,3.0,0.8333,Lafayette,LA,USA,"{'latitude': 30.2240897, 'longitude': -92.0198427, 'fipsCode': '22055'}"
113063,5078403,HighSchool,2023,1887.0,Silas Evans,George Washington,Colorado State,WR,73.0,180.0,3.0,0.8328,Denver,CO,USA,"{'latitude': 39.7392364, 'longitude': -104.9848623, 'fipsCode': '08031'}"
113062,4941016,HighSchool,2023,1887.0,Zyian Moultrie-Goddard,Iona Prep,Syracuse,LB,72.0,240.0,3.0,0.8328,New Rochelle,NY,USA,"{'latitude': 40.9115386, 'longitude': -73.7826363, 'fipsCode': '36119'}"
113066,5120013,HighSchool,2023,1889.0,Sirri Kandiyeli,Mountain View,Arizona State,IOL,75.0,270.0,3.0,0.8319,Mesa,AZ,USA,"{'latitude': 33.4151117, 'longitude': -111.8314773, 'fipsCode': '04013'}"
113064,5070555,HighSchool,2023,1889.0,Jamarion Clark,South Oak Cliff,Rice,CB,72.0,160.0,3.0,0.8319,Dallas,TX,USA,"{'latitude': 32.7762719, 'longitude': -96.7968559, 'fipsCode': '48113'}"
113065,5101112,HighSchool,2023,1889.0,Ansel Din-Mbuh,Aledo,Washington State,DL,73.5,280.0,3.0,0.8319,Aledo,TX,USA,"{'latitude': 32.69900905, 'longitude': -97.60396629774493, 'fipsCode': '48367'}"
113067,5075530,HighSchool,2023,1889.0,Mahki Rolle,North Miami Beach,Northern Illinois,ATH,74.0,190.0,3.0,0.8319,Miami,FL,USA,"{'latitude': 25.7742658, 'longitude': -80.1936589, 'fipsCode': '12086'}"
113068,5085876,HighSchool,2023,1889.0,Trevion Mack,Irondale,Syracuse,IOL,77.0,295.0,3.0,0.8319,Saint Paul,MN,USA,"{'latitude': 44.9504037, 'longitude': -93.1015026, 'fipsCode': '27123'}"
113069,,HighSchool,2023,1894.0,Scoop Gardner Jr.,Archbishop Wood,Army,DL,73.0,240.0,3.0,0.8319,Warminster,PA,USA,"{'latitude': 40.2067751, 'longitude': -75.0996159, 'fipsCode': '42017'}"
113070,5086446,HighSchool,2023,1894.0,Cahari Haynes,Burns,App State,LB,73.0,215.0,3.0,0.8319,Lawndale,NC,USA,"{'latitude': 35.4140187, 'longitude': -81.5631474, 'fipsCode': '37045'}"
113071,4921413,HighSchool,2023,1896.0,BJ Tolo,Mater Dei,New Mexico State,IOL,73.0,290.0,3.0,0.8317,Santa Ana,CA,USA,"{'latitude': 33.7494951, 'longitude': -117.8732213, 'fipsCode': '06059'}"
113075,4924142,HighSchool,2023,1896.0,Zamariyon Kendall,Lausanne Collegiate School,Mississippi Valley State,RB,71.0,202.0,3.0,0.8317,Memphis,TN,USA,"{'latitude': 35.1490215, 'longitude': -90.0516285, 'fipsCode': '47157'}"
113079,5110215,HighSchool,2023,1896.0,Marlon McClendon,Victory Christian Academy,Georgia State,CB,70.0,168.0,3.0,0.8317,Lakeland,FL,USA,"{'latitude': 28.0394654, 'longitude': -81.9498042, 'fipsCode': '12105'}"
113073,5155396,HighSchool,2023,1896.0,Woods Ray,Homewood,Dartmouth,QB,75.0,215.0,3.0,0.8317,Birmingham,AL,USA,"{'latitude': 33.5206824, 'longitude': -86.8024326, 'fipsCode': '01073'}"
113074,5152786,HighSchool,2023,1896.0,Mike Montgomery,Garfield,Portland State,LB,75.0,230.0,3.0,0.8317,Seattle,WA,USA,"{'latitude': 47.6038321, 'longitude': -122.3300624, 'fipsCode': '53033'}"
113078,5086050,HighSchool,2023,1896.0,Elijah Rogers,Oak Ridge,Campbell,ATH,73.0,190.0,3.0,0.8317,Oak Ridge,TN,USA,"{'latitude': 36.0103562, 'longitude': -84.2696449, 'fipsCode': '47001'}"
113072,4870991,HighSchool,2023,1896.0,Michael Richard,Edna Karr,Louisiana Tech,S,69.0,160.0,3.0,0.8317,New Orleans,LA,USA,"{'latitude': 29.9499323, 'longitude': -90.0701156, 'fipsCode': '22071'}"
113076,5156996,HighSchool,2023,1896.0,Jailen Duffie,Warren Township,North Dakota State,CB,72.0,160.0,3.0,0.8317,Gurnee,IL,USA,"{'latitude': 42.3702996, 'longitude': -87.9020186, 'fipsCode': '17097'}"
113077,5122002,HighSchool,2023,1896.0,Ovie Dubre,McEachern,Florida Atlantic,IOL,76.0,330.0,3.0,0.8317,Powder Springs,GA,USA,"{'latitude': 33.8595492, 'longitude': -84.683824, 'fipsCode': '13067'}"
113080,5080478,HighSchool,2023,1905.0,R.J. Mukes III,Wayne,Ball State,ATH,71.0,170.0,3.0,0.8314,Dayton,OH,USA,"{'latitude': 39.7589478, 'longitude': -84.1916069, 'fipsCode': '39113'}"
113083,5078068,HighSchool,2023,1906.0,Sean Scott,West Ranch,SMU,OT,79.0,265.0,3.0,0.8311,Stevenson Ranch,CA,USA,"{'latitude': 34.3864721, 'longitude': -118.5826635, 'fipsCode': '06037'}"
113082,5078060,HighSchool,2023,1906.0,Cam Hill,Union Parish,Louisiana Tech,S,75.0,172.0,3.0,0.8311,Farmerville,LA,USA,"{'latitude': 32.7734728, 'longitude': -92.4056986, 'fipsCode': '22111'}"
113081,5043472,HighSchool,2023,1906.0,Journey McKoy,De La Salle,Nevada,ATH,70.0,170.0,3.0,0.8311,Concord,CA,USA,"{'latitude': 37.9768525, 'longitude': -122.0335624, 'fipsCode': '06013'}"
113084,5075571,HighSchool,2023,1909.0,John-Keawe Sagapolutele,Punahou,Hawai'i,QB,73.0,185.0,3.0,0.8311,Honolulu,HI,USA,"{'latitude': 21.304547, 'longitude': -157.8556764, 'fipsCode': '15003'}"
113085,5223118,HighSchool,2023,1909.0,Kyle Chen,Mountain View,Air Force,CB,73.0,180.0,3.0,0.8311,Vancouver,WA,USA,"{'latitude': 45.6306954, 'longitude': -122.6744557, 'fipsCode': '53011'}"
113086,4950546,HighSchool,2023,1909.0,Ryan Sims,Marist,Miami (OH),WR,75.0,200.0,3.0,0.8311,Chicago,IL,USA,"{'latitude': 41.8755616, 'longitude': -87.6244212, 'fipsCode': '17031'}"
113087,5091843,HighSchool,2023,1909.0,Trevor Walton,Horn Lake,Memphis,CB,73.0,170.0,3.0,0.8311,Horn Lake,MS,USA,"{'latitude': 34.9553719, 'longitude': -90.0348139, 'fipsCode': '28033'}"
113089,5080787,HighSchool,2023,1909.0,Troy Smith,St. Augustine,Louisiana Tech,IOL,75.0,295.0,3.0,0.8311,New Orleans,LA,USA,"{'latitude': 29.9499323, 'longitude': -90.0701156, 'fipsCode': '22071'}"
113088,,HighSchool,2023,1909.0,Khalil Peart,Inglewood,Houston Christian,LB,75.0,218.0,3.0,0.8311,Inglewood,CA,USA,"{'latitude': 33.9562003, 'longitude': -118.353132, 'fipsCode': '06037'}"
113094,5158234,HighSchool,2023,1915.0,Mister Clark,Miami Carol City,Florida International,S,72.0,175.0,3.0,0.8306,Opa Locka,FL,USA,"{'latitude': 25.896733849999997, 'longitude': -80.25949640850294, 'fipsCode': '12086'}"
113095,5122033,HighSchool,2023,1915.0,Mitch Viviano,Fork Union Military (HS),Buffalo,DL,78.0,255.0,3.0,0.8306,Fork Union,VA,USA,"{'latitude': 37.7632986, 'longitude': -78.2626198, 'fipsCode': '51065'}"
113096,5122094,HighSchool,2023,1915.0,Xzavier Brown,Ashdown,Louisiana,OT,77.0,305.0,3.0,0.8306,Ashdown,AR,USA,"{'latitude': 33.67344, 'longitude': -94.1299625, 'fipsCode': '05081'}"
113093,5122006,HighSchool,2023,1915.0,Landon Sides,Denton Guyer,North Texas,WR,72.0,180.0,3.0,0.8306,Denton,TX,USA,"{'latitude': 33.2150386, 'longitude': -97.1330516, 'fipsCode': '48121'}"
113090,5154497,HighSchool,2023,1915.0,Torian Roberts,Winter Park,Princeton,CB,70.5,161.0,3.0,0.8306,Winter Park,FL,USA,"{'latitude': 26.13784445, 'longitude': -81.75399813758739, 'fipsCode': '12021'}"
113098,5122000,HighSchool,2023,1915.0,DeMardrick Blunt,Carroll,Louisiana Tech,LB,73.0,190.0,3.0,0.8306,Monroe,LA,USA,"{'latitude': 32.5093109, 'longitude': -92.1193012, 'fipsCode': '22073'}"
113091,4695260,HighSchool,2023,1915.0,CJ Davis,Bishop Dwenger,Marshall,ATH,72.0,175.0,3.0,0.8306,Fort Wayne,IN,USA,"{'latitude': 41.0799898, 'longitude': -85.1386015, 'fipsCode': '18003'}"
113092,5125715,HighSchool,2023,1915.0,Colton Joseph,Newport Harbor,Old Dominion,QB,74.0,205.0,3.0,0.8306,Newport Beach,CA,USA,"{'latitude': 33.6170092, 'longitude': -117.9294401, 'fipsCode': '06059'}"
113097,5125535,HighSchool,2023,1915.0,Gerard Edimo,Stony Point,South Florida,TE,76.0,215.0,3.0,0.8306,Round Rock,TX,USA,"{'latitude': 30.508235, 'longitude': -97.6788934, 'fipsCode': '48491'}"
113113,5103801,HighSchool,2023,1924.0,Coby Walton,Nolensville,Georgia Southern,QB,73.0,180.0,3.0,0.8304,Nolensville,TN,USA,"{'latitude': 35.9522852, 'longitude': -86.6694413, 'fipsCode': '47187'}"
113115,5124334,HighSchool,2023,1924.0,Patrick Martin,De La Salle,South Alabama,RB,70.0,200.0,3.0,0.8304,New Orleans,LA,USA,"{'latitude': 29.9499323, 'longitude': -90.0701156, 'fipsCode': '22071'}"
113112,5103798,HighSchool,2023,1924.0,Daelen Alexander,Pflugerville Weiss,Rice,RB,69.0,200.0,3.0,0.8304,Pflugerville,TX,USA,"{'latitude': 30.4393696, 'longitude': -97.6200043, 'fipsCode': '48453'}"
113126,5120484,HighSchool,2023,1924.0,Briley Barron,Texas High,San Diego State,IOL,76.0,310.0,3.0,0.8304,Texarkana,TX,USA,"{'latitude': 33.44628645, 'longitude': -94.07638067493534, 'fipsCode': '48037'}"
113122,5092410,HighSchool,2023,1924.0,Dorian Fleming,Life Christian Academy,Georgia State,ATH,75.0,225.0,3.0,0.8304,Colonial Heights,VA,USA,"{'latitude': 37.2555718, 'longitude': -77.4112016, 'fipsCode': '51570'}"
113121,5078186,HighSchool,2023,1924.0,Nate Guinn,Vero Beach,Illinois,TE,77.0,220.0,3.0,0.8304,Vero Beach,FL,USA,"{'latitude': 27.6387163, 'longitude': -80.3975399, 'fipsCode': '12061'}"
113104,5078008,HighSchool,2023,1924.0,Isaac Sohn,Aledo,North Texas,IOL,77.0,280.0,3.0,0.8304,Aledo,TX,USA,"{'latitude': 32.69900905, 'longitude': -97.60396629774493, 'fipsCode': '48367'}"
113102,5087686,HighSchool,2023,1924.0,Niko Lopez,Santa Margarita Catholic,Colorado State,WR,75.0,210.0,3.0,0.8304,Rancho Santa Margarita,CA,USA,"{'latitude': 33.6408845, 'longitude': -117.6029341, 'fipsCode': '06059'}"
113105,5091819,HighSchool,2023,1924.0,Nate Bledsoe,Briarcrest Christian,Rice,IOL,76.0,285.0,3.0,0.8304,Memphis,TN,USA,"{'latitude': 35.1490215, 'longitude': -90.0516285, 'fipsCode': '47157'}"
113103,5160209,HighSchool,2023,1924.0,Coco Brown,Denton,Sam Houston,RB,70.0,190.0,3.0,0.8304,Denton,TX,USA,"{'latitude': 33.2150386, 'longitude': -97.1330516, 'fipsCode': '48121'}"
113101,4923223,HighSchool,2023,1924.0,Ben Decker,Noblesville,Miami (OH),OT,77.0,280.0,3.0,0.8304,Noblesville,IN,USA,"{'latitude': 40.0455918, 'longitude': -86.0085955, 'fipsCode': '18057'}"
113124,5091830,HighSchool,2023,1924.0,Cam'ron Lacy,Stephens County,Middle Tennessee,WR,68.0,152.0,3.0,0.8304,Toccoa,GA,USA,"{'latitude': 34.5774368, 'longitude': -83.332881, 'fipsCode': '13257'}"
113114,5158343,HighSchool,2023,1924.0,Braxton Woodson,Lake Brantley,Navy,QB,75.0,195.0,3.0,0.8304,Altamonte Springs,FL,USA,"{'latitude': 28.6619154, 'longitude': -81.3885899, 'fipsCode': '12117'}"
113110,4917627,HighSchool,2023,1924.0,Dakota Williams,Hahnville,Louisiana Tech,WR,74.0,200.0,3.0,0.8304,Boutte,LA,USA,"{'latitude': 29.8951685, 'longitude': -90.38943007298417, 'fipsCode': '22089'}"
113118,,HighSchool,2023,1924.0,Matthew James,Jupiter Christian School,Georgia Southern,EDGE,78.5,215.0,3.0,0.8304,Jupiter,FL,USA,"{'latitude': 26.9260832, 'longitude': -80.12108914060954, 'fipsCode': '12099'}"
113111,,HighSchool,2023,1924.0,Layne Swafford,Ponte Vedra,,EDGE,74.0,230.0,3.0,0.8304,Ponte Vedra Beach,FL,USA,"{'latitude': 30.2396865, 'longitude': -81.3856384, 'fipsCode': '12109'}"
113119,,HighSchool,2023,1924.0,Pierson Watson,Coconino,BYU,LB,75.0,210.0,3.0,0.8304,Flagstaff,AZ,USA,"{'latitude': 35.1987522, 'longitude': -111.6518229, 'fipsCode': '04005'}"
113117,,HighSchool,2023,1924.0,David Tangilanu,Menlo-Atherton,BYU,EDGE,76.0,255.0,3.0,0.8304,Menlo Park,CA,USA,"{'latitude': 37.4519671, 'longitude': -122.1779927, 'fipsCode': '06081'}"
113109,5101111,HighSchool,2023,1924.0,Roosevelt Andrews III,Barberton,Miami (OH),EDGE,74.0,215.0,3.0,0.8304,Barberton,OH,USA,"{'latitude': 41.012833, 'longitude': -81.6051221, 'fipsCode': '39153'}"
113123,5078466,HighSchool,2023,1924.0,Elija Walton,North Marion,Georgia Southern,ATH,76.0,210.0,3.0,0.8304,Citra,FL,USA,"{'latitude': 29.4119166, 'longitude': -82.1098156, 'fipsCode': '12083'}"
113120,5121615,HighSchool,2023,1924.0,Jake Simpson,Frisco Independence,Texas State,TE,76.0,210.0,3.0,0.8304,Frisco,TX,USA,"{'latitude': 33.1506744, 'longitude': -96.8236116, 'fipsCode': '48085'}"
113125,5101132,HighSchool,2023,1924.0,Brayden Ramey,Trinity Catholic,Florida Atlantic,IOL,77.5,300.0,3.0,0.8304,Ocala,FL,USA,"{'latitude': 29.1871986, 'longitude': -82.1400923, 'fipsCode': '12083'}"
113099,5077900,HighSchool,2023,1924.0,Kyle Cox,Eatonville,Boise State,OT,78.0,270.0,3.0,0.8304,Eatonville,WA,USA,"{'latitude': 46.8682516, 'longitude': -122.2700681, 'fipsCode': '53053'}"
113106,5078421,HighSchool,2023,1924.0,Cam Chadwick Jr.,Immaculata,UConn,CB,72.0,175.0,3.0,0.8304,Somerville,NJ,USA,"{'latitude': 40.5742696, 'longitude': -74.60988, 'fipsCode': '34035'}"
113107,5079283,HighSchool,2023,1924.0,Exavious Reed,Callaway,Southern Miss,TE,75.5,220.0,3.0,0.8304,Hogansville,GA,USA,"{'latitude': 33.1731769, 'longitude': -84.914936, 'fipsCode': '13285'}"
113100,5077222,HighSchool,2023,1924.0,Larry Jones III,Lakeland,Liberty,EDGE,73.0,235.0,3.0,0.8304,Lakeland,FL,USA,"{'latitude': 28.0394654, 'longitude': -81.9498042, 'fipsCode': '12105'}"
113127,5122112,HighSchool,2023,1924.0,Micah Johnson,Parkview Baptist School,Louisiana,LB,72.0,225.0,3.0,0.8304,Baton Rouge,LA,USA,"{'latitude': 30.4459596, 'longitude': -91.18738, 'fipsCode': '22033'}"
113116,5122110,HighSchool,2023,1924.0,John Ward,Northview,South Alabama,IOL,77.0,280.0,3.0,0.8304,Century,FL,USA,"{'latitude': 30.9732384, 'longitude': -87.2638628, 'fipsCode': '12033'}"
113108,5075704,HighSchool,2023,1924.0,Braden Awls,Central Catholic,Toledo,ATH,72.0,180.0,3.0,0.8304,Toledo,OH,USA,"{'latitude': 41.6786754, 'longitude': -83.5127283, 'fipsCode': '39095'}"
113133,5156057,HighSchool,2023,1953.0,Myles Libman,Pinnacle,Stanford,WR,73.0,185.0,3.0,0.83,Phoenix,AZ,USA,"{'latitude': 33.4484367, 'longitude': -112.0741417, 'fipsCode': '04013'}"
113137,5095156,HighSchool,2023,1953.0,Obinna Okeke,Cy Falls,Louisiana Tech,EDGE,74.0,210.0,3.0,0.83,Houston,TX,USA,"{'latitude': 29.7589382, 'longitude': -95.3676974, 'fipsCode': '48201'}"
217046,5172608,HighSchool,2023,1953.0,Hunter Provience,Christian,Montana State,TE,77.0,230.0,3.0,0.83,El Cajon,CA,USA,"{'latitude': 32.7947731, 'longitude': -116.9625269, 'fipsCode': '06073'}"
113143,5121764,HighSchool,2023,1953.0,Lance Williams,Holy Cross,Louisiana,EDGE,74.0,240.0,3.0,0.83,New Orleans,LA,USA,"{'latitude': 29.9499323, 'longitude': -90.0701156, 'fipsCode': '22071'}"
217031,5166161,HighSchool,2023,1953.0,Scottre Humphrey,Rainier Beach,Montana State,RB,71.0,210.0,3.0,0.83,Seattle,WA,USA,"{'latitude': 47.6038321, 'longitude': -122.3300624, 'fipsCode': '53033'}"
217026,5155020,HighSchool,2023,1953.0,Osize Daniyan,Mt. Juliet,Yale,ATH,71.5,187.0,3.0,0.83,Mt. Juliet,TN,USA,"{'latitude': 36.200055, 'longitude': -86.5186054, 'fipsCode': '47189'}"
217040,5163019,HighSchool,2023,1953.0,Dereck Moore,Woodbridge,New Mexico,ATH,74.0,195.0,3.0,0.83,Irvine,CA,USA,"{'latitude': 33.6856969, 'longitude': -117.8259819, 'fipsCode': '06059'}"
113142,5080888,HighSchool,2023,1953.0,Matt Wagner,Prosper Rock Hill,Boise State,TE,76.0,225.0,3.0,0.83,Prosper,TX,USA,"{'latitude': 33.2385763, 'longitude': -96.7866058, 'fipsCode': '48085'}"
113131,5073961,HighSchool,2023,1953.0,Matthew Nixon,West Jones,Southern Miss,WR,74.0,175.0,3.0,0.83,Laurel,MS,USA,"{'latitude': 31.74096, 'longitude': -89.13382003619111, 'fipsCode': '28067'}"
113141,5075389,HighSchool,2023,1953.0,Kolt Dieterich,Riesel,Sam Houston,OT,77.0,280.0,3.0,0.83,Riesel,TX,USA,"{'latitude': None, 'longitude': None, 'fipsCode': None}"
113129,5057359,HighSchool,2023,1953.0,Justin Williams Jr.,Aldine MacArthur,Rice,ATH,75.0,180.0,3.0,0.83,Houston,TX,USA,"{'latitude': 29.7589382, 'longitude': -95.3676974, 'fipsCode': '48201'}"
113130,5044425,HighSchool,2023,1953.0,Luke Rogers,Brandon,Southern Miss,IOL,76.0,295.0,3.0,0.83,Brandon,MS,USA,"{'latitude': 32.2731475, 'longitude': -89.9868058, 'fipsCode': '28121'}"
113135,5219453,HighSchool,2023,1953.0,Nollenn Tabaska,Brookfield East,Army,TE,79.0,230.0,3.0,0.83,Brookfield,WI,USA,"{'latitude': 43.0605671, 'longitude': -88.1064787, 'fipsCode': '55133'}"
217048,5122071,HighSchool,2023,1953.0,Matthew Toilolo,Orem,New Mexico,IOL,76.0,330.0,3.0,0.83,Orem,UT,USA,"{'latitude': 40.2971825, 'longitude': -111.694943, 'fipsCode': '49049'}"
217011,5158446,HighSchool,2023,1953.0,Brock Thomas,Sheldon,Oregon,QB,72.0,165.0,3.0,0.83,Eugene,OR,USA,"{'latitude': 44.0505054, 'longitude': -123.0950506, 'fipsCode': '41039'}"
217037,5152504,HighSchool,2023,1953.0,Alex McLaughlin,Hamilton,Northern Arizona,LB,74.0,190.0,3.0,0.83,Chandler,AZ,USA,"{'latitude': 33.3062223, 'longitude': -111.8413317, 'fipsCode': '04013'}"
217013,5124994,HighSchool,2023,1953.0,Austin Boyd,Lehi,UNLV,IOL,76.0,281.0,3.0,0.83,Lehi,UT,USA,"{'latitude': 40.3880902, 'longitude': -111.8491619, 'fipsCode': '49049'}"
113140,5075965,HighSchool,2023,1953.0,AJ Stephens,Aldine MacArthur,Rice,CB,71.0,175.0,3.0,0.83,Houston,TX,USA,"{'latitude': 29.7589382, 'longitude': -95.3676974, 'fipsCode': '48201'}"
217010,5150652,HighSchool,2023,1953.0,Watts McBride,George Washington,Iowa,S,73.0,175.0,3.0,0.83,Cedar Rapids,IA,USA,"{'latitude': 41.9758872, 'longitude': -91.6704053, 'fipsCode': '19113'}"
217007,5124516,HighSchool,2023,1953.0,Tre' Hartwell,Independence,Western Michigan,RB,71.5,219.0,3.0,0.83,Thompson's Station,TN,USA,"{'latitude': 35.802011, 'longitude': -86.9113908, 'fipsCode': '47187'}"
217033,5152416,HighSchool,2023,1953.0,Julian Lundy,Rancho Cucamonga,Utah Tech,WR,74.0,170.0,3.0,0.83,Rancho Cucamonga,CA,USA,"{'latitude': 34.1033192, 'longitude': -117.5751735, 'fipsCode': '06071'}"
217021,5151407,HighSchool,2023,1953.0,Jack Jacobs,St. Francis,Fresno State,QB,78.0,205.0,3.0,0.83,La Canada Flintridge,CA,USA,"{'latitude': 34.1998302, 'longitude': -118.2005236, 'fipsCode': '06037'}"
217016,,HighSchool,2023,1953.0,Kyree Wimberly,North Point,,LB,72.0,210.0,3.0,0.83,Waldorf,MD,USA,"{'latitude': 38.6263882, 'longitude': -76.9106581, 'fipsCode': '24017'}"
113138,,HighSchool,2023,1953.0,Tyson Simmons,Basha,Navy,EDGE,75.0,235.0,3.0,0.83,Chandler,AZ,USA,"{'latitude': 33.3062223, 'longitude': -111.8413317, 'fipsCode': '04013'}"
113132,,HighSchool,2023,1953.0,Brendan Chavarria,Charlotte,Florida Atlantic,IOL,76.0,285.0,3.0,0.83,Punta Gorda,FL,USA,"{'latitude': 26.9297836, 'longitude': -82.0453664, 'fipsCode': '12015'}"
113136,,HighSchool,2023,1953.0,Alan Young,Montgomery Bell Academy,,CB,71.5,187.0,3.0,0.83,Nashville,TN,USA,"{'latitude': 36.1622296, 'longitude': -86.7743531, 'fipsCode': '47037'}"
113134,,HighSchool,2023,1953.0,Richard McKay,Clayton Valley,Sacramento State,OT,79.0,280.0,3.0,0.83,Concord,CA,USA,"{'latitude': 37.9768525, 'longitude': -122.0335624, 'fipsCode': '06013'}"
113128,5159275,HighSchool,2023,1953.0,Xavier Rice,Loyola,Duquesne,QB,75.0,185.0,3.0,0.83,Los Angeles,CA,USA,"{'latitude': 34.0536909, 'longitude': -118.2427666, 'fipsCode': '06037'}"
217003,,HighSchool,2023,1953.0,Jaden Hunt,Millikan,,CB,69.0,160.0,3.0,0.83,Long Beach,CA,USA,"{'latitude': 33.7690164, 'longitude': -118.1916048, 'fipsCode': '06037'}"
217004,,HighSchool,2023,1953.0,Jaylon Jenkins,Federal Way,Eastern Washington,S,73.0,180.0,3.0,0.83,Federal Way,WA,USA,"{'latitude': 47.313494, 'longitude': -122.3393103, 'fipsCode': '53033'}"
217032,5165112,HighSchool,2023,1953.0,Jack Wagner,Tualatin,Idaho,QB,75.0,180.0,3.0,0.83,Tualatin,OR,USA,"{'latitude': 45.3838546, 'longitude': -122.7663518, 'fipsCode': '41067'}"
217030,5165124,HighSchool,2023,1953.0,Art Williams,Rocky Mountain,Idaho,ATH,72.0,195.0,3.0,0.83,Meridian,ID,USA,"{'latitude': 43.6086295, 'longitude': -116.392326, 'fipsCode': '16001'}"
217024,,HighSchool,2023,1953.0,Will Fowler,Washington Union,UC Davis,S,73.0,175.0,3.0,0.83,Fresno,CA,USA,"{'latitude': 36.7295295, 'longitude': -119.70886126075588, 'fipsCode': '06019'}"
217005,,HighSchool,2023,1953.0,Izaiah Souriolle,Chaparral,UC Davis,IOL,75.0,285.0,3.0,0.83,Temecula,CA,USA,"{'latitude': 33.4946353, 'longitude': -117.1473661, 'fipsCode': '06065'}"
217022,,HighSchool,2023,1953.0,Jaleel Engleman,Hughes Center,,WR,71.0,185.0,3.0,0.83,Cincinnati,OH,USA,"{'latitude': 39.1014537, 'longitude': -84.5124602, 'fipsCode': '39061'}"
217020,,HighSchool,2023,1953.0,Jermaine Foster,Glenville,,WR,72.0,185.0,3.0,0.83,Cleveland,OH,USA,"{'latitude': 41.5051613, 'longitude': -81.6934446, 'fipsCode': '39035'}"
217019,,HighSchool,2023,1953.0,Mysta Moore,Taft,,IOL,76.0,300.0,3.0,0.83,Cincinnati,OH,USA,"{'latitude': 39.1014537, 'longitude': -84.5124602, 'fipsCode': '39061'}"
217006,,HighSchool,2023,1953.0,Ikenasio Mikaele,Long Beach Poly,,LB,74.0,220.0,3.0,0.83,Long Beach,CA,USA,"{'latitude': 33.7690164, 'longitude': -118.1916048, 'fipsCode': '06037'}"
217015,,HighSchool,2023,1953.0,Jay Mentink,Sumner,Princeton,S,71.0,180.0,3.0,0.83,Sumner,WA,USA,"{'latitude': 47.22131, 'longitude': -122.2326539, 'fipsCode': '053'}"
217014,,HighSchool,2023,1953.0,Layton Duncan,Brophy College Preparatory,,WR,73.0,185.0,3.0,0.83,Phoenix,AZ,USA,"{'latitude': 33.4484367, 'longitude': -112.0741417, 'fipsCode': '04013'}"
217008,,HighSchool,2023,1953.0,Wallace Ugapo,Jurupa Hills,,IOL,75.0,278.0,3.0,0.83,Oro Grande,CA,,"{'latitude': None, 'longitude': None, 'fipsCode': None}"
217009,,HighSchool,2023,1953.0,Ishaan Daniels,Bellevue,Weber State,CB,71.0,160.0,3.0,0.83,Bellevue,WA,USA,"{'latitude': 47.6144219, 'longitude': -122.1923372, 'fipsCode': '53033'}"
217023,5150420,HighSchool,2023,1953.0,Henry Garrity,Brother Rice,Notre Dame,TE,76.0,205.0,3.0,0.83,Bloomfield Hills,MI,USA,"{'latitude': 42.583645, 'longitude': -83.2454883, 'fipsCode': '26125'}"
217039,5153736,HighSchool,2023,1953.0,Kaden Williams,St. James,Austin Peay,RB,68.0,170.0,3.0,0.83,St. James,LA,USA,"{'latitude': 39.573173, 'longitude': -77.74937083071353, 'fipsCode': '24043'}"
217038,5153687,HighSchool,2023,1953.0,Bryant Carey,Downey,Weber State,WR,75.0,187.0,3.0,0.83,Downey,CA,USA,"{'latitude': 33.942215, 'longitude': -118.1235646, 'fipsCode': '06037'}"
217047,,HighSchool,2023,1953.0,Vernon Malone,Bradley-Bourbonnais,,S,74.0,180.0,3.0,0.83,Bradley,IL,USA,"{'latitude': 41.1421905, 'longitude': -87.8613221, 'fipsCode': '17091'}"
217045,,HighSchool,2023,1953.0,Curtis Douglas,Santaluces Community,Florida Atlantic,ATH,72.0,200.0,3.0,0.83,Lake Worth,FL,USA,"{'latitude': 26.615891, 'longitude': -80.0691435, 'fipsCode': '12099'}"
217044,,HighSchool,2023,1953.0,Josh Hendricks,Dallas Center-grimes Community,North Dakota State,LB,73.0,210.0,3.0,0.83,Grimes,IA,USA,"{'latitude': None, 'longitude': None, 'fipsCode': None}"
217043,,HighSchool,2023,1953.0,Jamari Haynes,Plantation,Western Carolina,WR,69.0,160.0,3.0,0.83,Fort Lauderdale,FL,USA,"{'latitude': 26.1223084, 'longitude': -80.1433786, 'fipsCode': '12011'}"
217012,,HighSchool,2023,1953.0,Sean Haney,St. John Bosco,Colgate,IOL,74.0,280.0,3.0,0.83,Bellflower,CA,USA,"{'latitude': 33.8825705, 'longitude': -118.1167679, 'fipsCode': '06037'}"
217042,,HighSchool,2023,1953.0,Julian Lee,North Thurston,Idaho,EDGE,77.0,255.0,3.0,0.83,Olympia,WA,USA,"{'latitude': 47.0451022, 'longitude': -122.8950075, 'fipsCode': '53067'}"
217041,,HighSchool,2023,1953.0,Beau Johnson,Spring Lake Park,North Dakota State,OT,77.0,240.0,3.0,0.83,Minneapolis,MN,USA,"{'latitude': 44.9772995, 'longitude': -93.2654692, 'fipsCode': '27053'}"
217036,,HighSchool,2023,1953.0,Robert Sanders,All Saints Episcopal,Princeton,LB,74.0,215.0,3.0,0.83,Fort Worth,TX,USA,"{'latitude': 32.753177, 'longitude': -97.3327459, 'fipsCode': '48439'}"
217035,,HighSchool,2023,1953.0,Eli Campbell,Seabreeze,,S,71.0,175.0,3.0,0.83,Daytona Beach,FL,USA,"{'latitude': 29.2108147, 'longitude': -81.0228331, 'fipsCode': '12127'}"
217034,,HighSchool,2023,1953.0,Idgerinn Dean,Desert Pines,Northern Arizona,EDGE,76.0,230.0,3.0,0.83,Las Vegas,NV,USA,"{'latitude': 36.1672559, 'longitude': -115.1485163, 'fipsCode': '32003'}"
217029,,HighSchool,2023,1953.0,Drew Faulkner,Anaheim Western,Idaho,CB,70.0,180.0,3.0,0.83,Anaheim,CA,USA,"{'latitude': 33.8347516, 'longitude': -117.911732, 'fipsCode': '06059'}"
217028,,HighSchool,2023,1953.0,Demarkus Brown,Mount Pleasant,,ATH,73.0,170.0,3.0,0.83,Mount Pleasant,TN,USA,"{'latitude': 35.5342414, 'longitude': -87.206954, 'fipsCode': '47119'}"
217027,,HighSchool,2023,1953.0,Jaylen Abston,Lebanon,,QB,75.0,180.0,3.0,0.83,Lebanon,TN,USA,"{'latitude': 36.2079779, 'longitude': -86.2910945, 'fipsCode': '47189'}"
217025,,HighSchool,2023,1953.0,Seamus Gilmartin,Junipero Serra,Harvard,TE,76.0,215.0,3.0,0.83,San Mateo,CA,USA,"{'latitude': 37.5439684, 'longitude': -122.3066789, 'fipsCode': '06081'}"
113139,,HighSchool,2023,1953.0,Anthony Murphy,Bishop Hartley,Howard,LB,75.0,220.0,3.0,0.83,Columbus,OH,USA,"{'latitude': 39.9622601, 'longitude': -83.0007065, 'fipsCode': '39049'}"
113144,,HighSchool,2023,1953.0,Tra’quan Johnson,Lakewood,,ATH,72.0,195.0,3.0,0.83,St. Petersburg,FL,USA,"{'latitude': 27.7703796, 'longitude': -82.6695085, 'fipsCode': '12103'}"
217018,5165734,HighSchool,2023,1953.0,Joshua Robinson,Bolingbrook,Illinois State,RB,74.0,210.0,3.0,0.83,Bolingbrook,IL,USA,"{'latitude': 41.7003302, 'longitude': -88.0717708, 'fipsCode': '17197'}"
217017,5165884,HighSchool,2023,1953.0,Dominic Nankil,Mater Dei Catholic,San Diego,QB,73.0,170.0,3.0,0.83,Chula Vista,CA,USA,"{'latitude': 32.6400541, 'longitude': -117.0841955, 'fipsCode': '06073'}"
113145,5122104,HighSchool,2023,2016.0,Jordan Norman,Hoover,South Alabama,EDGE,75.0,230.0,3.0,0.8296,Hoover,AL,USA,"{'latitude': 33.3848933, 'longitude': -86.8070484, 'fipsCode': '01073'}"
113147,5077211,HighSchool,2023,2017.0,Greg Turner,Cedar Grove,East Carolina,S,74.0,195.0,3.0,0.8294,Ellenwood,GA,USA,"{'latitude': 33.6101096, 'longitude': -84.287978, 'fipsCode': '13063'}"
113146,5078009,HighSchool,2023,2017.0,Julien Davis,Union Grove,East Carolina,LB,74.0,220.0,3.0,0.8294,McDonough,GA,USA,"{'latitude': 33.4473361, 'longitude': -84.1468616, 'fipsCode': '13151'}"
113148,,HighSchool,2023,2019.0,Dan Smith,Provine,,WR,70.5,179.0,3.0,0.8293,Jackson,MS,USA,"{'latitude': 32.2990384, 'longitude': -90.1847691, 'fipsCode': '28049'}"
113149,5078424,HighSchool,2023,2020.0,Misael Sandoval,St. Augustine,Vanderbilt,OT,78.0,325.0,3.0,0.8292,San Diego,CA,USA,"{'latitude': 32.7174209, 'longitude': -117.1627714, 'fipsCode': '06073'}"
113150,4832061,HighSchool,2023,2021.0,Christian LeBrun,Avon Old Farms,Massachusetts,S,72.0,215.0,3.0,0.8286,Jersey City,NJ,USA,"{'latitude': 40.7281575, 'longitude': -74.0776417, 'fipsCode': '34017'}"
113151,5077339,HighSchool,2023,2021.0,Caleb Clark-Glover,Princeton,Marshall,CB,71.0,170.0,3.0,0.8286,Cincinnati,OH,USA,"{'latitude': 39.1014537, 'longitude': -84.5124602, 'fipsCode': '39061'}"
113152,5077108,HighSchool,2023,2021.0,Matthew Nehf,DeWitt,Central Michigan,IOL,76.0,275.0,3.0,0.8286,DeWitt,MI,USA,"{'latitude': 42.842382, 'longitude': -84.5694103, 'fipsCode': '26037'}"
113153,,HighSchool,2023,2024.0,Kion Wright,Cheltenham,Delaware,EDGE,74.0,230.0,3.0,0.8285,Philadelphia,PA,USA,"{'latitude': 39.9527237, 'longitude': -75.1635262, 'fipsCode': '42101'}"
113154,5077876,HighSchool,2023,2025.0,TJ Horton,Frederick Douglass,Ball State,CB,70.0,180.0,3.0,0.8283,Lexington,KY,USA,"{'latitude': 38.0464066, 'longitude': -84.4970393, 'fipsCode': '21067'}"
113155,5075568,HighSchool,2023,2026.0,Uber Ajongo,Phillips Exeter Academy,Wake Forest,OT,77.0,260.0,3.0,0.8281,Canada,,CAN,"{'latitude': None, 'longitude': None, 'fipsCode': None}"
113160,,HighSchool,2023,2027.0,Colbey Lamberth,Dickson County,Eastern Kentucky,QB,75.0,211.0,3.0,0.8278,Dickson,TN,USA,"{'latitude': 36.0766534, 'longitude': -87.3870096, 'fipsCode': '47043'}"
113157,,HighSchool,2023,2027.0,Amini Amone,East,Nevada,RB,71.0,190.0,3.0,0.8278,Salt Lake City,UT,USA,"{'latitude': 40.7596198, 'longitude': -111.8867975, 'fipsCode': '49035'}"
113159,,HighSchool,2023,2027.0,Trevaughn Martinez,Dillard,Western Carolina,S,68.5,155.0,3.0,0.8278,Fort Lauderdale,FL,USA,"{'latitude': 26.1223084, 'longitude': -80.1433786, 'fipsCode': '12011'}"
113163,5194632,HighSchool,2023,2027.0,Rich Benenge,Harrisburg,Akron,LB,74.0,218.0,3.0,0.8278,Sioux Falls,SD,USA,"{'latitude': 43.5499749, 'longitude': -96.700327, 'fipsCode': '46099'}"
113156,,HighSchool,2023,2027.0,Zayvion McCluster,Largo,Campbell,LB,72.5,200.0,3.0,0.8278,Largo,FL,USA,"{'latitude': 27.9094665, 'longitude': -82.7873244, 'fipsCode': '12103'}"
113161,5109663,HighSchool,2023,2027.0,Dash Dorsey,St. Francis,Kent State,ATH,72.0,185.0,3.0,0.8278,Wheaton,IL,USA,"{'latitude': 41.8646959, 'longitude': -88.1101709, 'fipsCode': '17043'}"
113162,5156293,HighSchool,2023,2027.0,Jalen Woods,Woodward Academy,Southern,QB,75.0,200.0,3.0,0.8278,Atlanta,GA,USA,"{'latitude': 33.7490987, 'longitude': -84.3901849, 'fipsCode': '13121'}"
113158,4871049,HighSchool,2023,2027.0,Malik Tullis,Creekside,Eastern Michigan,DL,72.0,260.0,3.0,0.8278,Fairburn,GA,USA,"{'latitude': 33.5670562, 'longitude': -84.5810418, 'fipsCode': '13121'}"
113164,5084416,HighSchool,2023,2035.0,Dante Barone,Hun School,Pennsylvania,TE,75.0,245.0,3.0,0.8275,Princeton,NJ,USA,"{'latitude': 40.3492744, 'longitude': -74.6592958, 'fipsCode': '34021'}"
113165,5078044,HighSchool,2023,2036.0,Walker Davis,Benton,Arkansas State,IOL,74.5,275.0,3.0,0.8272,Benton,AR,USA,"{'latitude': 34.5645372, 'longitude': -92.586828, 'fipsCode': '05125'}"
113177,5157331,HighSchool,2023,2037.0,Adrian Norton,Stebbins,Akron,ATH,72.0,195.0,3.0,0.827,Dayton,OH,USA,"{'latitude': 39.7589478, 'longitude': -84.1916069, 'fipsCode': '39113'}"
113178,5091832,HighSchool,2023,2037.0,Jayden Marable,Smyrna,Memphis,DL,74.0,280.0,3.0,0.827,Smyrna,TN,USA,"{'latitude': 35.9828413, 'longitude': -86.5186045, 'fipsCode': '47149'}"
113182,5220350,HighSchool,2023,2037.0,Charlie Robinson,Sterlington,Louisiana Tech,EDGE,74.0,230.0,3.0,0.827,Monroe,LA,USA,"{'latitude': 32.5093109, 'longitude': -92.1193012, 'fipsCode': '22073'}"
113167,4906922,HighSchool,2023,2037.0,Preston Thompson,Clewiston,Florida International,S,71.0,175.0,3.0,0.827,Clewiston,FL,USA,"{'latitude': 26.7542312, 'longitude': -80.9336753, 'fipsCode': '12051'}"
113180,5121653,HighSchool,2023,2037.0,Rowdy Beers,Valor Christian,Florida International,TE,77.0,222.0,3.0,0.827,Littleton,CO,USA,"{'latitude': 39.613321, 'longitude': -105.0166498, 'fipsCode': '08005'}"
113171,5077304,HighSchool,2023,2037.0,Zeke Moore,Roswell,Florida Atlantic,TE,74.0,240.0,3.0,0.827,Roswell,GA,USA,"{'latitude': 34.02332, 'longitude': -84.360022, 'fipsCode': '13121'}"
113170,4921153,HighSchool,2023,2037.0,Sam Smith Jr.,Wauseon,Toledo,WR,76.0,205.0,3.0,0.827,Wauseon,OH,USA,"{'latitude': 41.546069, 'longitude': -84.1362047, 'fipsCode': '39051'}"
113174,5157269,HighSchool,2023,2037.0,Jahbari Kuykendall,Westside,Coastal Carolina,RB,66.0,170.0,3.0,0.827,Houston,TX,USA,"{'latitude': 29.7589382, 'longitude': -95.3676974, 'fipsCode': '48201'}"
113175,4040767,HighSchool,2023,2037.0,Chris Tooley,Jones,Florida Atlantic,CB,72.0,160.0,3.0,0.827,Orlando,FL,USA,"{'latitude': 28.5421109, 'longitude': -81.3790304, 'fipsCode': '12095'}"
113173,5102931,HighSchool,2023,2037.0,Anthony Bynum,Newton,Middle Tennessee,EDGE,75.0,235.0,3.0,0.827,Covington,GA,USA,"{'latitude': 33.5967815, 'longitude': -83.8601827, 'fipsCode': '13217'}"
113172,5021231,HighSchool,2023,2037.0,Jakivion Calip,Olentangy Orange,Central Michigan,RB,71.0,181.0,3.0,0.827,Columbus,OH,USA,"{'latitude': 39.9622601, 'longitude': -83.0007065, 'fipsCode': '39049'}"
113176,5079143,HighSchool,2023,2037.0,Luke Watson,St Mark's,Temple,IOL,77.0,272.0,3.0,0.827,Willow Grove,PA,USA,"{'latitude': None, 'longitude': None, 'fipsCode': None}"
113168,5092264,HighSchool,2023,2037.0,Luke Zanotti,Bay City Central,Western Michigan,IOL,76.0,285.0,3.0,0.827,Bay City,MI,USA,"{'latitude': 43.5944677, 'longitude': -83.8888648, 'fipsCode': '26017'}"
113181,5122106,HighSchool,2023,2037.0,Jackson Worley,The King's Academy,Troy,TE,76.0,225.0,3.0,0.827,West Palm Beach,FL,USA,"{'latitude': 26.715364, 'longitude': -80.0532942, 'fipsCode': '12099'}"
113169,5041974,HighSchool,2023,2037.0,Luke Needham,Houston,Rice,IOL,77.0,300.0,3.0,0.827,Germantown,TN,USA,"{'latitude': 35.0867577, 'longitude': -89.8100858, 'fipsCode': '47157'}"
113179,,HighSchool,2023,2037.0,Jordan Paul,Pebblebrook,,EDGE,75.0,204.0,3.0,0.827,Mableton,GA,USA,"{'latitude': 33.8188333, 'longitude': -84.5822632, 'fipsCode': '13067'}"
113166,,HighSchool,2023,2037.0,Edward Hartig,Reitz Memorial,Miami (OH),IOL,77.0,290.0,3.0,0.827,Evansville,IN,USA,"{'latitude': 37.9747645, 'longitude': -87.5558483, 'fipsCode': '18163'}"
113183,5076049,HighSchool,2023,2054.0,Nicholas Thompson,Bishop Luers,Toledo,CB,74.0,193.0,3.0,0.8269,Fort Wayne,IN,USA,"{'latitude': 41.0799898, 'longitude': -85.1386015, 'fipsCode': '18003'}"
113184,5075329,HighSchool,2023,2054.0,Mason Kidd,Mountain View,Northern Illinois,QB,76.0,192.0,3.0,0.8269,Lawrenceville,GA,USA,"{'latitude': 33.9562149, 'longitude': -83.9879625, 'fipsCode': '13135'}"
113190,5154383,HighSchool,2023,2056.0,Justin Bostic,Palm Beach Central,Florida A&M,S,70.0,178.0,3.0,0.8267,West Palm Beach,FL,USA,"{'latitude': 26.715364, 'longitude': -80.0532942, 'fipsCode': '12099'}"
113187,,HighSchool,2023,2056.0,Bruce Williams,Huron,,DL,74.0,245.0,3.0,0.8267,Ann Arbor,MI,USA,"{'latitude': 42.2681569, 'longitude': -83.7312291, 'fipsCode': '26161'}"
113185,,HighSchool,2023,2056.0,Dakotah Mayo,Christian Brothers College,,WR,70.0,160.0,3.0,0.8267,St. Louis,MO,USA,"{'latitude': 38.6268039, 'longitude': -90.1994097, 'fipsCode': '29510'}"
113188,,HighSchool,2023,2056.0,Kaden Willerford,Aquinas,,S,70.0,170.0,3.0,0.8267,San Bernardino,CA,USA,"{'latitude': 34.1083449, 'longitude': -117.2897652, 'fipsCode': '06071'}"
113186,,HighSchool,2023,2056.0,Nehemiah Sagiao,St. John Bosco,Campbell,LB,76.0,215.0,3.0,0.8267,Bellflower,CA,USA,"{'latitude': 33.8825705, 'longitude': -118.1167679, 'fipsCode': '06037'}"
113189,5153737,HighSchool,2023,2056.0,Courtland Simmons,Davidson Academy,Austin Peay,ATH,70.0,185.0,3.0,0.8267,Nashville,TN,USA,"{'latitude': 36.1622296, 'longitude': -86.7743531, 'fipsCode': '47037'}"
113191,5077407,HighSchool,2023,2062.0,Khai Taylor,Pittsburg,Boise State,ATH,73.0,165.0,3.0,0.8263,Pittsburg,CA,USA,"{'latitude': 38.0181745, 'longitude': -121.8901232, 'fipsCode': '06013'}"
113195,5119841,HighSchool,2023,2062.0,Dru DeShields,West Branch,Kent State,QB,75.0,180.0,3.0,0.8263,Beloit,OH,USA,"{'latitude': 40.9231141, 'longitude': -80.9937025, 'fipsCode': '39099'}"
113193,5092690,HighSchool,2023,2062.0,Kollin Lewis,Gladewater,North Texas,WR,71.0,170.0,3.0,0.8263,Gladewater,TX,USA,"{'latitude': 32.5365333, 'longitude': -94.9427169, 'fipsCode': '48183'}"
113196,5103836,HighSchool,2023,2062.0,Marshaun Brown,Bishop Manogue,Nevada,WR,76.0,185.0,3.0,0.8263,Reno,NV,USA,"{'latitude': 39.5261206, 'longitude': -119.8126581, 'fipsCode': '32031'}"
113192,4917054,HighSchool,2023,2062.0,David Amador II,North Shore,UTSA,WR,71.0,175.0,3.0,0.8263,Houston,TX,USA,"{'latitude': 29.7589382, 'longitude': -95.3676974, 'fipsCode': '48201'}"
113194,5091845,HighSchool,2023,2062.0,Zeke Wimbush,Stone Bridge,Virginia Tech,TE,75.0,210.0,3.0,0.8263,Ashburn,VA,USA,"{'latitude': 39.0437192, 'longitude': -77.4874899, 'fipsCode': '51107'}"
113197,5091824,HighSchool,2023,2062.0,Colton Deckard,Muenster,Louisiana Tech,LB,74.0,195.0,3.0,0.8263,Muenster,TX,USA,"{'latitude': 33.6517736, 'longitude': -97.3764089, 'fipsCode': '48097'}"
256565,5151369,HighSchool,2023,2063.0,Messiah Burch,Monsignor Farrell,Buffalo,ATH,70.0,170.0,3.0,0.8044,Staten Island,NY,USA,"{'latitude': 40.564209, 'longitude': -74.12530461995391, 'fipsCode': '36085'}"
113198,5077881,HighSchool,2023,2069.0,Amarion Atwood,Mesquite Horn,Texas State,CB,72.0,170.0,3.0,0.8261,Mesquite,TX,USA,"{'latitude': 32.7666103, 'longitude': -96.599472, 'fipsCode': '48113'}"
113209,5078099,HighSchool,2023,2070.0,Elijah Davis,Pike,Ball State,S,73.0,180.0,3.0,0.8256,Indianapolis,IN,USA,"{'latitude': 39.7683331, 'longitude': -86.1583502, 'fipsCode': '18097'}"
113205,5124202,HighSchool,2023,2070.0,Dietrich Moore,Broken Arrow,North Texas,LB,72.0,205.0,3.0,0.8256,Broken Arrow,OK,USA,"{'latitude': 36.0525993, 'longitude': -95.7908195, 'fipsCode': '40143'}"
113199,5118340,HighSchool,2023,2070.0,D'Angelo Ponds,Chaminade-Madonna,James Madison,CB,70.0,150.0,3.0,0.8256,Hollywood,FL,USA,"{'latitude': 26.0112014, 'longitude': -80.1494901, 'fipsCode': '12011'}"
113203,5092214,HighSchool,2023,2070.0,Aidan Flintoft,Oaks Christian,Stanford,P,73.5,185.0,3.0,0.8256,Westlake Village,CA,USA,"{'latitude': 34.1460234, 'longitude': -118.8061794, 'fipsCode': '06037'}"
113212,5151048,HighSchool,2023,2070.0,Duane Thomas Jr.,Chaminade-Madonna,Charlotte,WR,68.0,170.0,3.0,0.8256,Hollywood,FL,USA,"{'latitude': 26.0112014, 'longitude': -80.1494901, 'fipsCode': '12011'}"
113200,,HighSchool,2023,2070.0,Lester Miller,Brandon,Ole Miss,WR,72.0,165.0,3.0,0.8256,Brandon,MS,USA,"{'latitude': 32.2731475, 'longitude': -89.9868058, 'fipsCode': '28121'}"
113211,5123842,HighSchool,2023,2070.0,Desmond Magiya,McKinney,North Texas,OT,76.0,270.0,3.0,0.8256,McKinney,TX,USA,"{'latitude': 33.1976496, 'longitude': -96.6154471, 'fipsCode': '48085'}"
113207,,HighSchool,2023,2070.0,Motekiai Mounga,Timpview,BYU,DL,75.0,250.0,3.0,0.8256,Provo,UT,USA,"{'latitude': 40.2338438, 'longitude': -111.6585337, 'fipsCode': '49049'}"
113213,5125737,HighSchool,2023,2070.0,Matthew Moore,Ellison,North Texas,LB,74.0,210.0,3.0,0.8256,Killeen,TX,USA,"{'latitude': 31.1171441, 'longitude': -97.727796, 'fipsCode': '48027'}"
113202,5125791,HighSchool,2023,2070.0,Daylyn Diston,Union County,East Carolina,S,72.0,175.0,3.0,0.8256,Lake Butler,FL,USA,"{'latitude': 30.0227391, 'longitude': -82.3395574, 'fipsCode': '12125'}"
113206,5120905,HighSchool,2023,2070.0,Brock Lium,Citrus Valley,Fresno State,ATH,76.0,215.0,3.0,0.8256,Redlands,CA,USA,"{'latitude': 34.055735, 'longitude': -117.1888961, 'fipsCode': '06071'}"
113204,5122079,HighSchool,2023,2070.0,Naz Hill,Kankakee,Wyoming,CB,75.0,185.0,3.0,0.8256,Kankakee,IL,USA,"{'latitude': 41.1200325, 'longitude': -87.8611531, 'fipsCode': '17091'}"
113201,5092662,HighSchool,2023,2070.0,JD Sherrod,Briarcrest Christian,Troy,QB,74.0,205.0,3.0,0.8256,Memphis,TN,USA,"{'latitude': 35.1490215, 'longitude': -90.0516285, 'fipsCode': '47157'}"
113210,5121726,HighSchool,2023,2070.0,Isaac Rue,Muscle Shoals,Middle Tennessee,OT,78.0,290.0,3.0,0.8256,Muscle Shoals,AL,USA,"{'latitude': 34.7451786, 'longitude': -87.6686733, 'fipsCode': '01033'}"
113208,5121702,HighSchool,2023,2070.0,Sam Dunnell,St. Margaret's Episcopal School,San Diego State,ATH,76.0,195.0,3.0,0.8256,San Juan Capistrano,CA,USA,"{'latitude': 33.5016932, 'longitude': -117.6625509, 'fipsCode': '06059'}"
256720,4920152,HighSchool,2023,2081.0,Steele Wasel,Choctaw,Akron,QB,76.0,215.0,3.0,0.8019,Choctaw,OK,USA,"{'latitude': 35.4975654, 'longitude': -97.2689263, 'fipsCode': '40109'}"
113215,,HighSchool,2023,2085.0,Joel Kpassou,Solon,,ATH,70.0,167.0,3.0,0.825,Solon,OH,USA,"{'latitude': 41.3897764, 'longitude': -81.4412259, 'fipsCode': '39035'}"
113221,5223106,HighSchool,2023,2085.0,Devin Jordan,Eden Prairie,Air Force,S,74.0,190.0,3.0,0.825,Eden Prairie,MN,USA,"{'latitude': 44.8546856, 'longitude': -93.470786, 'fipsCode': '27053'}"
113219,,HighSchool,2023,2085.0,Keshon Singleton,Sacred Heart Griffin,Air Force,WR,74.0,180.0,3.0,0.825,Springfield,IL,USA,"{'latitude': 39.7990175, 'longitude': -89.6439575, 'fipsCode': '17167'}"
113225,,HighSchool,2023,2085.0,Rocco Marcelino,Creighton Prep,Princeton,DL,77.0,250.0,3.0,0.825,Omaha,NE,USA,"{'latitude': 41.2587459, 'longitude': -95.9383758, 'fipsCode': '31055'}"
113216,,HighSchool,2023,2085.0,Daniel Andrade,Bonita,,QB,75.0,200.0,3.0,0.825,La Verne,CA,USA,"{'latitude': 34.1008426, 'longitude': -117.7678355, 'fipsCode': '06037'}"
113228,,HighSchool,2023,2085.0,Antonio Trone,Carver Montgomery,,RB,70.0,205.0,3.0,0.825,Montgomery,AL,USA,"{'latitude': 32.3669656, 'longitude': -86.3006485, 'fipsCode': '01101'}"
113222,5152777,HighSchool,2023,2085.0,Eric Denham,St. John Bosco,Portland State,WR,71.0,200.0,3.0,0.825,Bellflower,CA,USA,"{'latitude': 33.8825705, 'longitude': -118.1167679, 'fipsCode': '06037'}"
113230,5121609,HighSchool,2023,2085.0,Jay Crable,Archbishop Hoban,Ohio,ATH,75.0,200.0,3.0,0.825,Akron,OH,USA,"{'latitude': 41.083064, 'longitude': -81.518485, 'fipsCode': '39153'}"
113224,5086375,HighSchool,2023,2085.0,Will Hutchens,Lindale,Sam Houston,IOL,75.0,280.0,3.0,0.825,Lindale,TX,USA,"{'latitude': 32.5156971, 'longitude': -95.4093998, 'fipsCode': '48423'}"
113223,4705596,HighSchool,2023,2085.0,Brock Taylor,Knoxville Catholic,Vanderbilt,K,74.0,160.0,3.0,0.825,Knoxville,TN,USA,"{'latitude': 35.9603948, 'longitude': -83.9210261, 'fipsCode': '47093'}"
113226,5075953,HighSchool,2023,2085.0,Easton Fulton,Rosebud-Lott,Sam Houston,IOL,76.0,320.0,3.0,0.825,Rosebud,TX,USA,"{'latitude': 31.0747037, 'longitude': -96.9755638, 'fipsCode': '48145'}"
113214,4940237,HighSchool,2023,2085.0,Jamond Mathis,Duchesne,Southern Illinois,EDGE,76.0,225.0,3.0,0.825,St. Charles,MO,USA,"{'latitude': 38.7946252, 'longitude': -90.519829, 'fipsCode': '29183'}"
113220,5104269,HighSchool,2023,2085.0,Kai Sevy,Corner Canyon,New Mexico State,IOL,75.0,265.0,3.0,0.825,Draper,UT,USA,"{'latitude': 40.5246711, 'longitude': -111.8638226, 'fipsCode': '49035'}"
113218,5085497,HighSchool,2023,2085.0,Ty Stamey,Klein Collins,Louisiana,TE,77.0,240.0,3.0,0.825,Spring,TX,USA,"{'latitude': 30.0798826, 'longitude': -95.4172549, 'fipsCode': '48201'}"
113217,5223130,HighSchool,2023,2085.0,Blake Fletcher,Horlick,Air Force,LB,75.0,220.0,3.0,0.825,Racine,WI,USA,"{'latitude': 42.7260523, 'longitude': -87.7825242, 'fipsCode': '55101'}"
113227,5099611,HighSchool,2023,2085.0,Brandon Greil,Joe T. Robinson,Arkansas State,S,71.0,175.0,3.0,0.825,Little Rock,AR,USA,"{'latitude': 34.7464809, 'longitude': -92.2895948, 'fipsCode': '05119'}"
113229,5121687,HighSchool,2023,2085.0,Kendall Bannister,Freedom,Ohio,CB,70.0,165.0,3.0,0.825,Woodbridge,VA,USA,"{'latitude': 38.6581723, 'longitude': -77.2497049, 'fipsCode': '51153'}"
113231,5085773,HighSchool,2023,2102.0,Max Tucker,Catholic Memorial,Boston College,CB,72.0,188.0,3.0,0.8247,Hyde Park,MA,USA,"{'latitude': 42.2556543, 'longitude': -71.1244963, 'fipsCode': '25025'}"
113237,5151627,HighSchool,2023,2103.0,Elijah Wilson,Duncanville,Tulsa,LB,72.0,210.0,3.0,0.8244,Duncanville,TX,USA,"{'latitude': 32.6518004, 'longitude': -96.9083366, 'fipsCode': '48113'}"
113238,5077223,HighSchool,2023,2103.0,David Olano,Naperville North,Illinois,K,70.0,160.0,3.0,0.8244,Naperville,IL,USA,"{'latitude': 41.7728699, 'longitude': -88.1479278, 'fipsCode': '17043'}"
113232,5077693,HighSchool,2023,2103.0,Blake Murphy,American Heritage,UL Monroe,QB,70.0,175.0,3.0,0.8244,Fort Lauderdale,FL,USA,"{'latitude': 26.1223084, 'longitude': -80.1433786, 'fipsCode': '12011'}"
113240,5081854,HighSchool,2023,2103.0,Conor Talty,St. Rita,Alabama,K,73.0,195.0,3.0,0.8244,Chicago,IL,USA,"{'latitude': 41.8755616, 'longitude': -87.6244212, 'fipsCode': '17031'}"
113233,5158834,HighSchool,2023,2103.0,Jacob Jones,West Jessamine,Grambling,QB,74.0,200.0,3.0,0.8244,Lexington,KY,USA,"{'latitude': 38.0464066, 'longitude': -84.4970393, 'fipsCode': '21067'}"
113234,,HighSchool,2023,2103.0,D'Mariun Perteet,South Panola,,RB,70.0,200.0,3.0,0.8244,Batesville,MS,USA,"{'latitude': 34.3114982, 'longitude': -89.9442567, 'fipsCode': '28107'}"
113235,5160243,HighSchool,2023,2103.0,Ryan Damron,Henry County,Tennessee,QB,71.0,179.0,3.0,0.8244,Paris,TN,USA,"{'latitude': 36.3019461, 'longitude': -88.3258578, 'fipsCode': '47079'}"
113239,4876869,HighSchool,2023,2103.0,Rashad Davis,Miami Northwestern,Western Carolina,WR,71.0,170.0,3.0,0.8244,Miami,FL,USA,"{'latitude': 25.7742658, 'longitude': -80.1936589, 'fipsCode': '12086'}"
113236,5080788,HighSchool,2023,2103.0,Jamil Williams,Palmetto,Arkansas State,LB,72.0,200.0,3.0,0.8244,Palmetto,FL,USA,"{'latitude': 27.5214269, 'longitude': -82.5723193, 'fipsCode': '12081'}"
113259,5091846,HighSchool,2023,2112.0,Aaron Wood,Gadsden City,Middle Tennessee,OT,77.0,283.0,3.0,0.8237,Gadsden,AL,USA,"{'latitude': 34.010929, 'longitude': -85.9989596, 'fipsCode': '01055'}"
113248,4950403,HighSchool,2023,2112.0,Zyil Powell,Paramus Catholic,Temple,S,73.0,180.0,3.0,0.8237,Newark,NJ,USA,"{'latitude': 40.735657, 'longitude': -74.1723667, 'fipsCode': '34013'}"
113249,5109794,HighSchool,2023,2112.0,Dalton Gustwiller,Kettering Fairmont,Western Michigan,DL,77.0,270.0,3.0,0.8237,Dayton,OH,USA,"{'latitude': 39.7589478, 'longitude': -84.1916069, 'fipsCode': '39113'}"
113258,5093888,HighSchool,2023,2112.0,D'Marea Weaver,Nacogdoches,Sam Houston,S,71.0,180.0,3.0,0.8237,Nacogdoches,TX,USA,"{'latitude': 31.6035129, 'longitude': -94.6554874, 'fipsCode': '48347'}"
113256,5085342,HighSchool,2023,2112.0,Daniel Michel,Dillard,Florida International,OT,78.0,265.0,3.0,0.8237,Fort Lauderdale,FL,USA,"{'latitude': 26.1223084, 'longitude': -80.1433786, 'fipsCode': '12011'}"
113245,4924147,HighSchool,2023,2112.0,Andrew Laurich,Yorkville,Colorado State,DL,77.0,250.0,3.0,0.8237,Yorkville,IL,USA,"{'latitude': 41.6411409, 'longitude': -88.4472948, 'fipsCode': '06045'}"
113242,5223109,HighSchool,2023,2112.0,Houston Hendrix,Boerne,Air Force,LB,74.0,185.0,3.0,0.8237,Boerne,TX,USA,"{'latitude': 29.7946641, 'longitude': -98.7319703, 'fipsCode': '48259'}"
113253,5077482,HighSchool,2023,2112.0,Timothy Gulley,Pensacola Catholic,Arkansas State,DL,73.0,290.0,3.0,0.8237,Pensacola,FL,USA,"{'latitude': 30.421309, 'longitude': -87.2169149, 'fipsCode': '12033'}"
113257,5085349,HighSchool,2023,2112.0,Kebba Secka,Lithia Springs Comprehensive,Georgia Southern,DL,75.0,235.0,3.0,0.8237,Lithia Springs,GA,USA,"{'latitude': 33.7939953, 'longitude': -84.6604899, 'fipsCode': '13097'}"
113255,5077401,HighSchool,2023,2112.0,Kaleb Barnett,Miami Jackson,Temple,CB,71.0,185.0,3.0,0.8237,Bahamas,,BHS,"{'latitude': None, 'longitude': None, 'fipsCode': None}"
113244,5077370,HighSchool,2023,2112.0,Chris Fewell,San Diego Lincoln,San Diego State,LB,74.0,190.0,3.0,0.8237,San Diego,CA,USA,"{'latitude': 32.7174209, 'longitude': -117.1627714, 'fipsCode': '06073'}"
113252,5154223,HighSchool,2023,2112.0,Isaac Paul,Mosley,Kennesaw State,CB,71.0,170.0,3.0,0.8237,Lynn Haven,FL,USA,"{'latitude': 30.2454776, 'longitude': -85.648261, 'fipsCode': '12005'}"
113250,5152924,HighSchool,2023,2112.0,Jaquerrius Gray,Oak Grove HS,Southern Miss,ATH,68.0,160.0,3.0,0.8237,Hattiesburg,MS,USA,"{'latitude': 31.3271189, 'longitude': -89.2903392, 'fipsCode': '28035'}"
113241,5056106,HighSchool,2023,2112.0,Evan Boyd,East Lansing,Central Michigan,WR,75.0,190.0,3.0,0.8237,East Lansing,MI,USA,"{'latitude': 42.7355416, 'longitude': -84.4852469, 'fipsCode': '26065'}"
113246,5078910,HighSchool,2023,2112.0,Chris Bracy,St. Paul's Episcopal,UAB,S,73.0,185.0,3.0,0.8237,Mobile,AL,USA,"{'latitude': 30.6943566, 'longitude': -88.0430541, 'fipsCode': '01097'}"
113251,5075792,HighSchool,2023,2112.0,Victor Evans III,Monsignor Pace,Florida International,CB,72.0,160.0,3.0,0.8237,Opa Locka,FL,USA,"{'latitude': 25.896733849999997, 'longitude': -80.25949640850294, 'fipsCode': '12086'}"
113254,,HighSchool,2023,2112.0,Adonis Garcia,Woodstock,,CB,73.0,180.0,3.0,0.8237,Woodstock,GA,USA,"{'latitude': 34.1014112, 'longitude': -84.5192192, 'fipsCode': '13057'}"
113247,,HighSchool,2023,2112.0,Aidan Warner,Winter Park,Yale,QB,75.0,195.0,3.0,0.8237,Winter Park,FL,USA,"{'latitude': 26.13784445, 'longitude': -81.75399813758739, 'fipsCode': '12021'}"
113243,4693222,HighSchool,2023,2112.0,Twan Wilson,Lakeland,Florida A&M,S,72.0,185.0,3.0,0.8237,Lakeland,FL,USA,"{'latitude': 28.0394654, 'longitude': -81.9498042, 'fipsCode': '12105'}"
256737,5091885,HighSchool,2023,2115.0,Ethan McDowell,Trinity Christian School,Miami (OH),EDGE,75.0,220.0,2.0,0.7911,Sharpsburg,GA,USA,"{'latitude': 33.3392842, 'longitude': -84.6485417, 'fipsCode': '13077'}"
256738,5086475,HighSchool,2023,2130.0,Gregory Smith Jr.,Steel Valley,Miami (OH),OT,77.0,315.0,2.0,0.787,Homestead,PA,USA,"{'latitude': 40.4059025, 'longitude': -79.9119948, 'fipsCode': '42003'}"
113260,5101122,HighSchool,2023,2131.0,Malcolm McCain,Brookwood,Miami (OH),LB,73.0,220.0,3.0,0.8236,Snellville,GA,USA,"{'latitude': 33.857328, 'longitude': -84.0199108, 'fipsCode': '13135'}"
113261,5121891,HighSchool,2023,2132.0,Josiah Jeffery,Greenwood,Syracuse,ATH,74.0,215.0,3.0,0.8233,Greenwood,SC,USA,"{'latitude': 34.1954001, 'longitude': -82.1617883, 'fipsCode': '45047'}"
113262,5078461,HighSchool,2023,2133.0,Aitor Urionabarrenechea,Chaminade,Colorado State,OT,77.0,325.0,3.0,0.823,West Hills,CA,USA,"{'latitude': 34.2032325, 'longitude': -118.645476, 'fipsCode': '06037'}"
113263,5091837,HighSchool,2023,2133.0,Devin Robinson,Tulsa Union,Tulsa,S,71.0,175.0,3.0,0.823,Tulsa,OK,USA,"{'latitude': 36.1556805, 'longitude': -95.9929113, 'fipsCode': '40143'}"
256716,5092280,HighSchool,2023,2134.0,Tell Wade,Wray,Wyoming,DL,74.0,235.0,2.0,0.773,Wray,CO,USA,"{'latitude': 40.0758231, 'longitude': -102.2232494, 'fipsCode': '08125'}"
256566,5085066,HighSchool,2023,2135.0,Mason Cumbie,Hopewell,Buffalo,QB,74.0,190.0,2.0,0.7804,Hopewell,VA,USA,"{'latitude': 36.7468036, 'longitude': -79.4639158, 'fipsCode': '51143'}"
256778,5078404,HighSchool,2023,2135.0,Marques Hicks,Camden Catholic,Kent State,RB,69.0,197.0,2.0,0.7804,Cherry Hill,NJ,USA,"{'latitude': 39.9348351, 'longitude': -75.0307264, 'fipsCode': '34007'}"
256955,5092663,HighSchool,2023,2135.0,Jarvis Jones,West Orange,UConn,ATH,74.0,180.0,2.0,0.7804,West Orange,NJ,USA,"{'latitude': 40.7987113, 'longitude': -74.2390353, 'fipsCode': '34013'}"
113265,5220047,HighSchool,2023,2135.0,Caleb Dobbs,Cocoa,Eastern Michigan,S,72.0,155.0,3.0,0.8228,Cocoa,FL,USA,"{'latitude': 28.3553873, 'longitude': -80.7318827, 'fipsCode': '12009'}"
113264,4923049,HighSchool,2023,2135.0,Bo Burklow,Christ Presbyterian Academy,Liberty,TE,75.5,230.0,3.0,0.8228,Nashville,TN,USA,"{'latitude': 36.1622296, 'longitude': -86.7743531, 'fipsCode': '47037'}"
256569,5085340,HighSchool,2023,2135.0,Jayden Lewis,Bennett,Buffalo,ATH,72.0,190.0,2.0,0.7804,Buffalo,NY,USA,"{'latitude': 42.8867166, 'longitude': -78.8783922, 'fipsCode': '36029'}"
113266,5075565,HighSchool,2023,2137.0,Mason Muaau,James Campbell,Colorado State,WR,77.0,210.0,3.0,0.8222,Ewa Beach,HI,USA,"{'latitude': 21.315603, 'longitude': -158.008804, 'fipsCode': '15003'}"
113267,5059162,HighSchool,2023,2138.0,Jacob Winters,Jackson,Ohio,QB,74.0,215.0,3.0,0.8219,Jackson,OH,USA,"{'latitude': 39.0520169, 'longitude': -82.6365537, 'fipsCode': '39079'}"
113268,4880988,HighSchool,2023,2138.0,Mason McHugh,IMG Academy,App State,QB,75.0,194.0,3.0,0.8219,Bradenton,FL,USA,"{'latitude': 27.4989278, 'longitude': -82.5748194, 'fipsCode': '12081'}"
113269,4921324,HighSchool,2023,2140.0,Tyrese Whitaker,Northeast,Temple,LB,74.0,230.0,3.0,0.8219,Philadelphia,PA,USA,"{'latitude': 39.9527237, 'longitude': -75.1635262, 'fipsCode': '42101'}"
113270,,HighSchool,2023,2141.0,Elvin Harris,Chaminade-Madonna,Campbell,OT,77.5,320.0,3.0,0.8217,Miami,FL,USA,"{'latitude': 25.7742658, 'longitude': -80.1936589, 'fipsCode': '12086'}"
113271,5157314,HighSchool,2023,2141.0,Kameron Cheatom,Brashear,Akron,LB,74.0,215.0,3.0,0.8217,Pittsburgh,PA,USA,"{'latitude': 40.4416941, 'longitude': -79.9900861, 'fipsCode': '42003'}"
113272,5078004,HighSchool,2023,2143.0,Jamih Otis,Bishop Gorman,Hawai'i,LB,72.0,220.0,3.0,0.8214,Las Vegas,NV,USA,"{'latitude': 36.1672559, 'longitude': -115.1485163, 'fipsCode': '32003'}"
113273,5078315,HighSchool,2023,2144.0,Nicolas Radicic,Coppell,Indiana,K,71.0,180.0,3.0,0.8211,Coppell,TX,USA,"{'latitude': 32.9552598, 'longitude': -97.0155703, 'fipsCode': '48113'}"
113275,5015265,HighSchool,2023,2145.0,RaSean Randall,Cass Technical,Northern Illinois,ATH,76.0,210.0,3.0,0.8211,Detroit,MI,USA,"{'latitude': 42.3315509, 'longitude': -83.0466403, 'fipsCode': '26163'}"
113277,5091880,HighSchool,2023,2145.0,Tristan Cook,Woodford County,Ball State,IOL,77.0,300.0,3.0,0.8211,Versailles,KY,USA,"{'latitude': 38.052576, 'longitude': -84.7299464, 'fipsCode': '21239'}"
113274,5125366,HighSchool,2023,2145.0,Sesi Vailahi,West,Oklahoma State,RB,71.0,190.0,3.0,0.8211,Salt Lake City,UT,USA,"{'latitude': 40.7596198, 'longitude': -111.8867975, 'fipsCode': '49035'}"
113276,,HighSchool,2023,2145.0,Dairo Melendez,La Salle,Coastal Carolina,DL,72.0,275.0,3.0,0.8211,Miami,FL,USA,"{'latitude': 25.7742658, 'longitude': -80.1936589, 'fipsCode': '12086'}"
113278,4921415,HighSchool,2023,2145.0,Jacob Welch,Johnsburg,Northern Illinois,OT,78.0,290.0,3.0,0.8211,Mchenry,IL,USA,"{'latitude': 42.3431427, 'longitude': -88.2674875, 'fipsCode': '17111'}"
256707,5078912,HighSchool,2023,2146.0,Jayden Wilson,El Paso Austin,New Mexico,LB,73.0,215.0,2.0,0.7737,El Paso,TX,USA,"{'latitude': 31.7754152, 'longitude': -106.4646348, 'fipsCode': '48141'}"
256559,5156928,HighSchool,2023,2149.0,Caden Jensen,Flower Mound,Louisiana,TE,77.0,240.0,2.0,0.77,Flower Mound,TX,USA,"{'latitude': 33.0283854, 'longitude': -97.0867203, 'fipsCode': '48121'}"
113285,5121243,HighSchool,2023,2150.0,Ethan Williams,Fleming Island,Georgia Southern,IOL,75.0,285.0,3.0,0.8206,Orange Park,FL,USA,"{'latitude': 30.1654707, 'longitude': -81.7016346, 'fipsCode': '12019'}"
113284,5120299,HighSchool,2023,2150.0,Patrick Overmyer,Kingwood Park,UTSA,TE,76.0,215.0,3.0,0.8206,Humble,TX,USA,"{'latitude': 29.9988312, 'longitude': -95.2621553, 'fipsCode': '48201'}"
113282,,HighSchool,2023,2150.0,Keddrick Harper,Carthage,Louisiana Tech,CB,74.0,160.0,3.0,0.8206,Carthage,TX,USA,"{'latitude': 32.1570412, 'longitude': -94.338114, 'fipsCode': '48365'}"
113283,5091826,HighSchool,2023,2150.0,Noah Gardner,Lovejoy,Tulane,OT,77.0,265.0,3.0,0.8206,Lucas,TX,USA,"{'latitude': 33.0842854, 'longitude': -96.5766577, 'fipsCode': '48085'}"
113286,5125724,HighSchool,2023,2150.0,Cam Crooks,Cushing,Tulsa,ATH,72.0,185.0,3.0,0.8206,Cushing,OK,USA,"{'latitude': 35.9850639, 'longitude': -96.76697, 'fipsCode': '40119'}"
113280,5120378,HighSchool,2023,2150.0,Kadiyon Sweat,Lehi,Utah State,S,72.0,185.0,3.0,0.8206,Lehi,UT,USA,"{'latitude': 40.3880902, 'longitude': -111.8491619, 'fipsCode': '49049'}"
113279,4921321,HighSchool,2023,2150.0,Levontai Summersett,North Fort Myers,Florida A&M,ATH,70.0,192.0,3.0,0.8206,North Fort Myers,FL,USA,"{'latitude': 26.6728666, 'longitude': -81.8840848, 'fipsCode': '12071'}"
113281,5124129,HighSchool,2023,2150.0,Cam Marshall,Perry,Georgia State,S,73.0,180.0,3.0,0.8206,Perry,GA,USA,"{'latitude': 32.4586695, 'longitude': -83.7319658, 'fipsCode': '13153'}"
256602,5091892,HighSchool,2023,2152.0,Jesiah Stevens-Silva,Fountain-fort Carson,Central Michigan,ATH,75.0,220.0,2.0,0.7696,Fountain,CO,USA,"{'latitude': 38.70437675, 'longitude': -104.71025954018519, 'fipsCode': '08041'}"
256721,5157324,HighSchool,2023,2152.0,Jean Louis III,Canarsie,Akron,WR,70.0,164.0,2.0,0.7696,Brooklyn,NY,USA,"{'latitude': 40.6501038, 'longitude': -73.9495823, 'fipsCode': '36047'}"
256722,5157339,HighSchool,2023,2155.0,Catrell White,Erasmus Hall,Akron,CB,70.0,170.0,2.0,0.7663,Brooklyn,NY,USA,"{'latitude': 40.6501038, 'longitude': -73.9495823, 'fipsCode': '36047'}"
113291,5069238,HighSchool,2023,2158.0,Desmond Duffy,Carmel,Ohio,WR,68.0,173.0,3.0,0.8204,Carmel,IN,USA,"{'latitude': 39.9788017, 'longitude': -86.1189257, 'fipsCode': '18057'}"
113288,5078821,HighSchool,2023,2158.0,Kaden Kelly,Denton Ryan,Sam Houston,S,72.0,170.0,3.0,0.8204,Denton,TX,USA,"{'latitude': 33.2150386, 'longitude': -97.1330516, 'fipsCode': '48121'}"
113295,5078908,HighSchool,2023,2158.0,Cole Skinner,Point Pleasant,South Florida,OT,77.0,305.0,3.0,0.8204,Point Pleasant Beach,NJ,USA,"{'latitude': 40.0916529, 'longitude': -74.0480188, 'fipsCode': '34029'}"
113297,5077268,HighSchool,2023,2158.0,Jaylen Moson,Kennesaw Mountain,Furman,CB,71.0,160.0,3.0,0.8204,Acworth,GA,USA,"{'latitude': 34.0659329, 'longitude': -84.6768796, 'fipsCode': '13067'}"
113305,5121725,HighSchool,2023,2158.0,Lucas Samsula,Plano West,Wyoming,DL,76.0,255.0,3.0,0.8204,Plano,TX,USA,"{'latitude': 33.0136764, 'longitude': -96.6925096, 'fipsCode': '48085'}"
113304,5151367,HighSchool,2023,2158.0,Nickolas Roy,Rabun Gap-Nacoochee,Buffalo,ATH,75.0,213.0,3.0,0.8204,Rabun Gap,GA,USA,"{'latitude': 34.97479, 'longitude': -83.30549, 'fipsCode': '13241'}"
113293,5151276,HighSchool,2023,2158.0,Landon Ransom-Goelz,Byron Nelson,Rice,WR,72.0,170.0,3.0,0.8204,Trophy Club,TX,USA,"{'latitude': 33.00367, 'longitude': -97.20303354151261, 'fipsCode': '48121'}"
113302,5080918,HighSchool,2023,2158.0,Bryson Harrison,Lassiter,Georgia State,QB,73.0,200.0,3.0,0.8204,Marietta,GA,USA,"{'latitude': 33.9528472, 'longitude': -84.5496148, 'fipsCode': '13067'}"
113290,5080786,HighSchool,2023,2158.0,Cedric Anton,Rabun Gap-Nacoochee,Eastern Michigan,TE,74.5,243.0,3.0,0.8204,Rabun Gap,GA,USA,"{'latitude': 34.97479, 'longitude': -83.30549, 'fipsCode': '13241'}"
113294,5080255,HighSchool,2023,2158.0,Danny Novickas,Mount Carmel,Ohio,EDGE,75.0,205.0,3.0,0.8204,Chicago,IL,USA,"{'latitude': 41.8755616, 'longitude': -87.6244212, 'fipsCode': '17031'}"
113303,5157332,HighSchool,2023,2158.0,Darius Owens,South Gwinnett,Akron,S,72.0,180.0,3.0,0.8204,Snellville,GA,USA,"{'latitude': 33.857328, 'longitude': -84.0199108, 'fipsCode': '13135'}"
113298,5078082,HighSchool,2023,2158.0,Jude Tinor,Eau Gallie,Georgia State,DL,73.0,260.0,3.0,0.8204,Melbourne,FL,USA,"{'latitude': 28.0836269, 'longitude': -80.6081089, 'fipsCode': '12009'}"
113296,5078103,HighSchool,2023,2158.0,Fin Jones,Venice,Florida Atlantic,TE,77.0,230.0,3.0,0.8204,Venice,FL,USA,"{'latitude': 27.0999188, 'longitude': -82.4543597, 'fipsCode': '12115'}"
113301,5077965,HighSchool,2023,2158.0,Joshua Moore,Clear Falls,Tulane,S,73.0,180.0,3.0,0.8204,League City,TX,USA,"{'latitude': 29.5074538, 'longitude': -95.0949303, 'fipsCode': '48167'}"
113292,5077961,HighSchool,2023,2158.0,Bryce Weaver,D H Conley,East Carolina,IOL,74.0,315.0,3.0,0.8204,Greenville,NC,USA,"{'latitude': 35.612661, 'longitude': -77.3663538, 'fipsCode': '37147'}"
113287,5085878,HighSchool,2023,2158.0,Ashton Schumann,Clear Springs,Tulsa,WR,73.0,175.0,3.0,0.8204,League City,TX,USA,"{'latitude': 29.5074538, 'longitude': -95.0949303, 'fipsCode': '48167'}"
113300,,HighSchool,2023,2158.0,Rashod Bradley,Columbia,,DL,75.0,240.0,3.0,0.8204,Lake City,FL,USA,"{'latitude': 30.1896756, 'longitude': -82.6392899, 'fipsCode': '12023'}"
113299,5075593,HighSchool,2023,2158.0,Josiah Timoteo,Waianae,Nevada,IOL,76.0,300.0,3.0,0.8204,Waianae,HI,USA,"{'latitude': 21.446678, 'longitude': -158.185272, 'fipsCode': '15003'}"
113289,,HighSchool,2023,2158.0,Janerious Jackson,Pebblebrook,Miami (OH),RB,72.0,225.0,3.0,0.8204,Mableton,GA,USA,"{'latitude': 33.8188333, 'longitude': -84.5822632, 'fipsCode': '13067'}"
113306,5078053,HighSchool,2023,2177.0,Isaiah Thacker,New Palestine,Ball State,WR,74.0,190.0,3.0,0.8203,New Palestine,IN,USA,"{'latitude': 39.7219882, 'longitude': -85.8891471, 'fipsCode': '18059'}"
113307,5078459,HighSchool,2023,2177.0,Palmer Williams,Davie County,Baylor,P,75.0,190.0,3.0,0.8203,Mocksville,NC,USA,"{'latitude': 35.8940236, 'longitude': -80.5617846, 'fipsCode': '37059'}"
217067,5151342,HighSchool,2023,2179.0,Cooper Hoch,Corona Del Mar,San José State,WR,75.0,190.0,3.0,0.82,Newport Beach,CA,USA,"{'latitude': 33.6170092, 'longitude': -117.9294401, 'fipsCode': '06059'}"
113312,5077283,HighSchool,2023,2179.0,Joel Boamah,Hudson Catholic,Kent State,CB,73.0,175.0,3.0,0.82,Jersey City,NJ,USA,"{'latitude': 40.7281575, 'longitude': -74.0776417, 'fipsCode': '34017'}"
113316,5077212,HighSchool,2023,2179.0,Matthew Broussard,E D White Catholic,Louisiana,OT,76.0,280.0,3.0,0.82,Thibodaux,LA,USA,"{'latitude': 29.7957633, 'longitude': -90.822871, 'fipsCode': '22057'}"
217138,5151386,HighSchool,2023,2179.0,Jett Vincent,Canton-Galva,Colorado State,ATH,74.0,180.0,3.0,0.82,Canton,KS,USA,"{'latitude': 38.3861194, 'longitude': -97.4280895, 'fipsCode': '20113'}"
217081,5154492,HighSchool,2023,2179.0,Ethan Clark,Clarkston,Princeton,RB,73.0,195.0,3.0,0.82,Clarkston,MI,USA,"{'latitude': 42.735863, 'longitude': -83.4188304, 'fipsCode': '26125'}"
217068,5122058,HighSchool,2023,2179.0,Skylar Cook,Central,New Mexico,S,73.0,195.0,3.0,0.82,El Centro,CA,USA,"{'latitude': 32.792, 'longitude': -115.5630514, 'fipsCode': '06025'}"
217107,5153613,HighSchool,2023,2179.0,Carter Shaw,Sacred Heart Prep,UCLA,ATH,74.0,180.0,3.0,0.82,Atherton,CA,USA,"{'latitude': 37.4613272, 'longitude': -122.197743, 'fipsCode': '06081'}"
113314,5092279,HighSchool,2023,2179.0,Keany Parks,Bradford,Wyoming,RB,73.0,180.0,3.0,0.82,Kenosha,WI,USA,"{'latitude': 42.5846773, 'longitude': -87.8212263, 'fipsCode': '55059'}"
113315,5219445,HighSchool,2023,2179.0,Andrew Hardwick,Boyle County,Army,IOL,75.0,270.0,3.0,0.82,Danville,KY,USA,"{'latitude': 37.6456488, 'longitude': -84.7721823, 'fipsCode': '21021'}"
217140,5125750,HighSchool,2023,2179.0,Jediyah Willoughby,Langston Hughes,Toledo,ATH,74.0,190.0,3.0,0.82,Fairburn,GA,USA,"{'latitude': 33.5670562, 'longitude': -84.5810418, 'fipsCode': '13121'}"
217133,5165110,HighSchool,2023,2179.0,Andrew Marshall,Eastvale Roosevelt,Idaho,ATH,73.0,175.0,3.0,0.82,Corona,CA,USA,"{'latitude': 33.8752945, 'longitude': -117.5664449, 'fipsCode': '06065'}"
113308,5150426,HighSchool,2023,2179.0,Deljay Bailey,Petal,Ole Miss,QB,73.0,200.0,3.0,0.82,Biloxi,MS,USA,"{'latitude': 30.374673, 'longitude': -88.84594333482862, 'fipsCode': '28047'}"
217125,5152815,HighSchool,2023,2179.0,Danny Scudero,Archbishop Mitty,Sacramento State,WR,70.0,160.0,3.0,0.82,San Jose,CA,USA,"{'latitude': 37.3361905, 'longitude': -121.8905833, 'fipsCode': '06085'}"
217057,5152797,HighSchool,2023,2179.0,Curron Borders,Antelope,Sacramento State,RB,67.0,180.0,3.0,0.82,Antelope,CA,USA,"{'latitude': 38.7082357, 'longitude': -121.3299513, 'fipsCode': '06067'}"
217049,,HighSchool,2023,2179.0,John Butler,Saguaro,,LB,74.0,225.0,3.0,0.82,Scottsdale,AZ,USA,"{'latitude': 33.4942189, 'longitude': -111.9260184, 'fipsCode': '04013'}"
217050,,HighSchool,2023,2179.0,Porter Reynolds,Queen Creek,Northern Arizona,LB,72.0,225.0,3.0,0.82,Queen Creek,AZ,USA,"{'latitude': 33.2483858, 'longitude': -111.6341585, 'fipsCode': '04013'}"
217051,,HighSchool,2023,2179.0,Carlos Griffin,Saguaro,Army,CB,71.0,170.0,3.0,0.82,Scottsdale,AZ,USA,"{'latitude': 33.4942189, 'longitude': -111.9260184, 'fipsCode': '04013'}"
217052,,HighSchool,2023,2179.0,Isaiah Ojeda,Apple Valley,Southern Utah,CB,73.0,170.0,3.0,0.82,Apple Valley,CA,USA,"{'latitude': 34.5008311, 'longitude': -117.1858759, 'fipsCode': '06071'}"
217053,,HighSchool,2023,2179.0,Demetrion Cannon,Trinity Catholic,Southeast Missouri State,WR,72.0,180.0,3.0,0.82,St. Louis,MO,USA,"{'latitude': 38.6268039, 'longitude': -90.1994097, 'fipsCode': '29510'}"
217054,,HighSchool,2023,2179.0,Zaire Simonton,Granite Bay,UC Davis,IOL,75.0,328.0,3.0,0.82,Granite Bay,CA,USA,"{'latitude': 38.7632346, 'longitude': -121.1638361, 'fipsCode': '06061'}"
217055,,HighSchool,2023,2179.0,Mateo Poso,Branham,,ATH,73.0,224.0,3.0,0.82,San Jose,CA,USA,"{'latitude': 37.3361905, 'longitude': -121.8905833, 'fipsCode': '06085'}"
217056,,HighSchool,2023,2179.0,Robin Boyd,Pittsburg,Cal Poly,CB,71.0,170.0,3.0,0.82,Pittsburg,CA,USA,"{'latitude': 38.0181745, 'longitude': -121.8901232, 'fipsCode': '06013'}"
217058,,HighSchool,2023,2179.0,Andre Crews,Simeon,,RB,69.0,180.0,3.0,0.82,Watertown,CT,USA,"{'latitude': 41.6062078, 'longitude': -73.1181658, 'fipsCode': '09005'}"
217060,,HighSchool,2023,2179.0,Caden Wiest,Reeds Spring,Missouri State,DL,75.0,240.0,3.0,0.82,Reeds Spring,MO,USA,"{'latitude': None, 'longitude': None, 'fipsCode': None}"
217061,,HighSchool,2023,2179.0,Kobe Nakkai Mendez,IMG Academy,Alcorn State,WR,75.0,195.0,3.0,0.82,Bradenton,FL,USA,"{'latitude': 27.4989278, 'longitude': -82.5748194, 'fipsCode': '12081'}"
217062,,HighSchool,2023,2179.0,Jaylen Hall,Mater Dei Catholic,,WR,72.0,172.0,3.0,0.82,Chula Vista,CA,USA,"{'latitude': 32.6400541, 'longitude': -117.0841955, 'fipsCode': '06073'}"
217063,,HighSchool,2023,2179.0,JJ Foust,Powell,,ATH,71.0,193.0,3.0,0.82,Powell,TN,USA,"{'latitude': 36.0317472, 'longitude': -84.0279677, 'fipsCode': '47093'}"
217126,5158842,HighSchool,2023,2179.0,Micheal Garner,Bloom,Grambling,DL,79.0,235.0,3.0,0.82,Chicago Heights,IL,USA,"{'latitude': 41.5062834, 'longitude': -87.6357079, 'fipsCode': '17031'}"
217064,,HighSchool,2023,2179.0,Qu'Ran Gossett,Bishop Garcia Diego,UTEP,RB,72.0,210.0,3.0,0.82,Santa Barbara,CA,USA,"{'latitude': 34.4221319, 'longitude': -119.7026673, 'fipsCode': '06083'}"
217127,5158447,HighSchool,2023,2179.0,Xavier Barksdale,Steele Canyon,Oregon,CB,75.0,178.0,3.0,0.82,Spring Valley,CA,USA,"{'latitude': 39.0800023, 'longitude': -122.5963989, 'fipsCode': '06033'}"
217065,,HighSchool,2023,2179.0,Derek Houston,Rocklin,Sacramento State,LB,73.0,205.0,3.0,0.82,Rocklin,CA,USA,"{'latitude': 38.7907339, 'longitude': -121.2357828, 'fipsCode': '06061'}"
217066,,HighSchool,2023,2179.0,Nick Afato,Yuba City,UC Davis,ATH,72.0,200.0,3.0,0.82,Yuba City,CA,USA,"{'latitude': 39.1404477, 'longitude': -121.6169108, 'fipsCode': '06101'}"
217069,,HighSchool,2023,2179.0,Raymond Valencia,Chaparral,,ATH,72.0,170.0,3.0,0.82,Temecula,CA,USA,"{'latitude': 33.4946353, 'longitude': -117.1473661, 'fipsCode': '06065'}"
217070,,HighSchool,2023,2179.0,Zion Jones,Spanaway Lake,Eastern Washington,CB,74.0,170.0,3.0,0.82,Spanaway,WA,USA,"{'latitude': 47.0979462, 'longitude': -122.4243422, 'fipsCode': '53053'}"
217071,,HighSchool,2023,2179.0,Mike Anderson,Jurupa Hills,,WR,68.0,177.0,3.0,0.82,Fontana,CA,USA,"{'latitude': 34.0922335, 'longitude': -117.435048, 'fipsCode': '06071'}"
217072,,HighSchool,2023,2179.0,Roy Gardner,Mountain House,,ATH,70.0,160.0,3.0,0.82,Mountain House,CA,USA,"{'latitude': 37.7832614, 'longitude': -121.5427262, 'fipsCode': '06077'}"
217073,,HighSchool,2023,2179.0,Wesley Ekpo,John Muir,,DL,76.0,310.0,3.0,0.82,Pasadena,CA,USA,"{'latitude': 34.1476452, 'longitude': -118.1444779, 'fipsCode': '06037'}"
217074,,HighSchool,2023,2179.0,Trey Kukuk,Capistrano Valley,,QB,73.0,180.0,3.0,0.82,Mission Viejo,CA,USA,"{'latitude': 33.5965685, 'longitude': -117.659405, 'fipsCode': '06059'}"
217075,,HighSchool,2023,2179.0,Crew McChesney,Lone Peak,,WR,70.0,170.0,3.0,0.82,American Fork,UT,USA,"{'latitude': 40.3768954, 'longitude': -111.7957645, 'fipsCode': '49049'}"
217076,,HighSchool,2023,2179.0,Brendan Anderson,Mountain Ridge,Southern Utah,QB,73.0,180.0,3.0,0.82,Glendale,AZ,USA,"{'latitude': 33.5386858, 'longitude': -112.1859941, 'fipsCode': '04013'}"
217078,,HighSchool,2023,2179.0,Mar’Kai Shaw,Adelanto,,RB,72.0,215.0,3.0,0.82,Adelanto,CA,USA,"{'latitude': 34.5827699, 'longitude': -117.409215, 'fipsCode': '06071'}"
217079,,HighSchool,2023,2179.0,Trey Roberts,American Fork,BYU,WR,74.0,195.0,3.0,0.82,American Fork,UT,USA,"{'latitude': 40.3768954, 'longitude': -111.7957645, 'fipsCode': '49049'}"
217080,,HighSchool,2023,2179.0,Raiden Brown,Bishop Amat,Idaho State,WR,71.0,161.0,3.0,0.82,La Puente,CA,USA,"{'latitude': 34.01979, 'longitude': -117.9503677, 'fipsCode': '06037'}"
217082,,HighSchool,2023,2179.0,Joey Wassler,St. Xavier,,TE,77.0,225.0,3.0,0.82,Cincinnati,OH,USA,"{'latitude': 39.1014537, 'longitude': -84.5124602, 'fipsCode': '39061'}"
217083,,HighSchool,2023,2179.0,Malik Davis,Glenville,,CB,70.0,170.0,3.0,0.82,Cleveland,OH,USA,"{'latitude': 41.5051613, 'longitude': -81.6934446, 'fipsCode': '39035'}"
217084,,HighSchool,2023,2179.0,Tymir Wynn,KIPP Columbus,,ATH,71.0,165.0,3.0,0.82,Columbus,OH,USA,"{'latitude': 39.9622601, 'longitude': -83.0007065, 'fipsCode': '39049'}"
217085,,HighSchool,2023,2179.0,Racin Delgatty,St. Francis,Cal Poly,IOL,76.0,310.0,3.0,0.82,La Canada Flintridge,CA,USA,"{'latitude': 34.1998302, 'longitude': -118.2005236, 'fipsCode': '06037'}"
217086,,HighSchool,2023,2179.0,Nicholas Johnson,Santa Margarita Catholic,,LB,76.0,190.0,3.0,0.82,Rancho Santa Margarita,CA,USA,"{'latitude': 33.6408845, 'longitude': -117.6029341, 'fipsCode': '06059'}"
217087,,HighSchool,2023,2179.0,Marquise Jones,San Joaquin Memorial,Cal Poly,DL,74.0,255.0,3.0,0.82,Fresno,CA,USA,"{'latitude': 36.7295295, 'longitude': -119.70886126075588, 'fipsCode': '06019'}"
217088,,HighSchool,2023,2179.0,Darius Whiteside,Troy,Grand Valley State,CB,74.0,160.0,3.0,0.82,Troy,MI,USA,"{'latitude': 42.6055893, 'longitude': -83.1499304, 'fipsCode': '26125'}"
217089,,HighSchool,2023,2179.0,Lucas McAllister,Christian Brothers College,Indiana State,S,73.0,205.0,3.0,0.82,St. Louis,MO,USA,"{'latitude': 38.6268039, 'longitude': -90.1994097, 'fipsCode': '29510'}"
217090,,HighSchool,2023,2179.0,Jake Jackson,Madison,,WR,77.0,185.0,3.0,0.82,San Diego,CA,USA,"{'latitude': 32.7174209, 'longitude': -117.1627714, 'fipsCode': '06073'}"
217091,,HighSchool,2023,2179.0,Charles Hines,San Diego Lincoln,,IOL,75.0,285.0,3.0,0.82,San Diego,CA,USA,"{'latitude': 32.7174209, 'longitude': -117.1627714, 'fipsCode': '06073'}"
217092,,HighSchool,2023,2179.0,Justin Johnson,Carlsbad,Fordham,WR,73.0,185.0,3.0,0.82,Carlsbad,CA,USA,"{'latitude': 33.1580933, 'longitude': -117.3505966, 'fipsCode': '06073'}"
217093,,HighSchool,2023,2179.0,Elijah Harvey,Washington Union,,IOL,76.0,320.0,3.0,0.82,Fresno,CA,USA,"{'latitude': 36.7295295, 'longitude': -119.70886126075588, 'fipsCode': '06019'}"
217094,,HighSchool,2023,2179.0,Romeo Clark,Warren,,RB,71.0,210.0,3.0,0.82,Downey,CA,USA,"{'latitude': 33.942215, 'longitude': -118.1235646, 'fipsCode': '06037'}"
217095,,HighSchool,2023,2179.0,Mikey D'Amato,Mission Viejo,,S,72.0,205.0,3.0,0.82,Mission Viejo,CA,USA,"{'latitude': 33.5965685, 'longitude': -117.659405, 'fipsCode': '06059'}"
217096,,HighSchool,2023,2179.0,Samarai Anderson,Corona Centennial,Eastern Washington,LB,73.0,210.0,3.0,0.82,Corona,CA,USA,"{'latitude': 33.8752945, 'longitude': -117.5664449, 'fipsCode': '06065'}"
217097,,HighSchool,2023,2179.0,Jacobe Fowler,Lake Gibson,,RB,71.0,210.0,3.0,0.82,Lakeland,FL,USA,"{'latitude': 28.0394654, 'longitude': -81.9498042, 'fipsCode': '12105'}"
217098,,HighSchool,2023,2179.0,Zach Penner,Rocky Mountain,Idaho,IOL,76.0,270.0,3.0,0.82,Meridian,ID,USA,"{'latitude': 43.6086295, 'longitude': -116.392326, 'fipsCode': '16001'}"
217099,,HighSchool,2023,2179.0,James Rothstein,Amador Valley,Army,TE,78.0,240.0,3.0,0.82,Pleasanton,CA,USA,"{'latitude': 37.6624312, 'longitude': -121.8746789, 'fipsCode': '06001'}"
217100,,HighSchool,2023,2179.0,Tyler Bourland,Valley Christian,,TE,77.0,230.0,3.0,0.82,San Jose,CA,USA,"{'latitude': 37.3361905, 'longitude': -121.8905833, 'fipsCode': '06085'}"
217101,,HighSchool,2023,2179.0,Kitione Talavou,Servite,,EDGE,74.0,230.0,3.0,0.82,Anaheim,CA,USA,"{'latitude': 33.8347516, 'longitude': -117.911732, 'fipsCode': '06059'}"
217102,,HighSchool,2023,2179.0,Lance Berends,Hartley-melvin-sanborn,Northern Iowa,EDGE,77.0,240.0,3.0,0.82,Hartley,IA,USA,"{'latitude': 43.1800215, 'longitude': -95.4769635, 'fipsCode': '19141'}"
217103,,HighSchool,2023,2179.0,Siale Uluave,Bishop Alemany,,IOL,77.0,350.0,3.0,0.82,Mission Hills,CA,USA,"{'latitude': 34.687584, 'longitude': -120.43901754304565, 'fipsCode': '06083'}"
217104,,HighSchool,2023,2179.0,Hayden Oviatt,Wamego,Army,ATH,73.0,200.0,3.0,0.82,Wamego,KS,USA,"{'latitude': 39.201941, 'longitude': -96.304998, 'fipsCode': '20149'}"
217105,,HighSchool,2023,2179.0,Marcus Higgs,Warren,,RB,71.0,220.0,3.0,0.82,Downey,CA,USA,"{'latitude': 33.942215, 'longitude': -118.1235646, 'fipsCode': '06037'}"
217106,,HighSchool,2023,2179.0,Mitchell Garner,St. Vincent Pallotti,,LB,75.0,205.0,3.0,0.82,Laurel,MD,USA,"{'latitude': 39.0992752, 'longitude': -76.8483061, 'fipsCode': '24033'}"
217108,,HighSchool,2023,2179.0,Noah St-Juste,Clearwater Academy International,,CB,71.0,170.0,3.0,0.82,Clearwater,FL,USA,"{'latitude': 27.9658533, 'longitude': -82.8001026, 'fipsCode': '12103'}"
217109,,HighSchool,2023,2179.0,Mosiah Talanoa,St. John Bosco,,IOL,77.0,320.0,3.0,0.82,Bellflower,CA,USA,"{'latitude': 33.8825705, 'longitude': -118.1167679, 'fipsCode': '06037'}"
217111,,HighSchool,2023,2179.0,Dustin Reynolds,Apple Valley,Northern Arizona,LB,74.0,225.0,3.0,0.82,Apple Valley,CA,USA,"{'latitude': 34.5008311, 'longitude': -117.1858759, 'fipsCode': '06071'}"
217112,,HighSchool,2023,2179.0,Ajani Smith,Golden Valley,,WR,73.0,165.0,3.0,0.82,Newhall,CA,USA,"{'latitude': 37.3485422, 'longitude': -121.9203988069216, 'fipsCode': '06085'}"
217113,,HighSchool,2023,2179.0,Russ Woodward,Evergreen,Army,OT,78.0,250.0,3.0,0.82,Evergreen,CO,USA,"{'latitude': 39.6361637, 'longitude': -105.32145797867402, 'fipsCode': '08059'}"
217114,,HighSchool,2023,2179.0,Payton Gunter,Nampa Senior,Idaho,EDGE,76.0,230.0,3.0,0.82,Nampa,ID,USA,"{'latitude': 43.5737361, 'longitude': -116.5596313, 'fipsCode': '16027'}"
217115,,HighSchool,2023,2179.0,Troy Bean,Great Oak,Cal Poly,ATH,76.0,195.0,3.0,0.82,Temecula,CA,USA,"{'latitude': 33.4946353, 'longitude': -117.1473661, 'fipsCode': '06065'}"
217116,,HighSchool,2023,2179.0,Jaylin Townsend,Beecher,,ATH,73.0,160.0,3.0,0.82,Mount Morris,MI,USA,"{'latitude': 43.118637, 'longitude': -83.694958, 'fipsCode': '26049'}"
217117,,HighSchool,2023,2179.0,Jackson Forte,Chaminade,,EDGE,74.0,225.0,3.0,0.82,West Hills,CA,USA,"{'latitude': 34.2032325, 'longitude': -118.645476, 'fipsCode': '06037'}"
217118,,HighSchool,2023,2179.0,Sincere Rodriguez,Stranahan,,RB,71.0,200.0,3.0,0.82,Fort Lauderdale,FL,USA,"{'latitude': 26.1223084, 'longitude': -80.1433786, 'fipsCode': '12011'}"
217119,,HighSchool,2023,2179.0,King Miller,Calabasas,USC,RB,72.0,200.0,3.0,0.82,Calabasas,CA,USA,"{'latitude': 34.1446643, 'longitude': -118.6440973, 'fipsCode': '06037'}"
217120,,HighSchool,2023,2179.0,CharMar Brown,Creighton Prep,North Dakota State,RB,72.0,200.0,3.0,0.82,Omaha,NE,USA,"{'latitude': 41.2587459, 'longitude': -95.9383758, 'fipsCode': '31055'}"
217121,,HighSchool,2023,2179.0,Ayden Price,West Des Moines Valley,,WR,72.5,192.0,3.0,0.82,West Des Moines,IA,USA,"{'latitude': 41.5645337, 'longitude': -93.7595281, 'fipsCode': '19153'}"
217122,,HighSchool,2023,2179.0,Kyle Stahlecker,Oakmont,Sacramento State,EDGE,77.0,250.0,3.0,0.82,Roseville,CA,USA,"{'latitude': 38.7521235, 'longitude': -121.2880059, 'fipsCode': '06061'}"
217123,,HighSchool,2023,2179.0,Cade Gretlein,Liberty,Sacramento State,IOL,76.0,280.0,3.0,0.82,Bakersfield,CA,USA,"{'latitude': 35.3738712, 'longitude': -119.0194639, 'fipsCode': '06029'}"
217124,,HighSchool,2023,2179.0,Kresean Kizzy,Liberty,Cal Poly,ATH,70.0,165.0,3.0,0.82,Bakersfield,CA,USA,"{'latitude': 35.3738712, 'longitude': -119.0194639, 'fipsCode': '06029'}"
217128,,HighSchool,2023,2179.0,Kai Honda,Junipero Serra,,RB,71.0,185.0,3.0,0.82,Gardena,CA,USA,"{'latitude': 33.8963593, 'longitude': -118.3053037, 'fipsCode': '06037'}"
217129,,HighSchool,2023,2179.0,Mason McKenzie,Caledonia,,QB,72.0,170.0,3.0,0.82,Caledonia,MI,USA,"{'latitude': 42.7891193, 'longitude': -85.5163391, 'fipsCode': '26081'}"
217131,,HighSchool,2023,2179.0,Crew Erickson,Wasatch,,WR,74.0,190.0,3.0,0.82,Heber City,UT,USA,"{'latitude': 40.5065256, 'longitude': -111.4133091, 'fipsCode': '49051'}"
217132,,HighSchool,2023,2179.0,Oyintare Porbeni,Stillwater Area,Princeton,OT,78.0,245.0,3.0,0.82,Stillwater,MN,USA,"{'latitude': 45.0564041, 'longitude': -92.8134982, 'fipsCode': '27163'}"
217134,,HighSchool,2023,2179.0,Derrick Burroughs,Nolensville,Tennessee Tech,CB,71.0,160.0,3.0,0.82,Nolensville,TN,USA,"{'latitude': 35.9522852, 'longitude': -86.6694413, 'fipsCode': '47187'}"
217135,,HighSchool,2023,2179.0,Aidan Moss,Cathedral,,QB,74.0,195.0,3.0,0.82,Los Angeles,CA,USA,"{'latitude': 34.0536909, 'longitude': -118.2427666, 'fipsCode': '06037'}"
217136,,HighSchool,2023,2179.0,Isaac Perez,Corona Centennial,Portland State,IOL,75.0,305.0,3.0,0.82,Corona,CA,USA,"{'latitude': 33.8752945, 'longitude': -117.5664449, 'fipsCode': '06065'}"
217137,,HighSchool,2023,2179.0,Brandon Boateng,Valencia,Northern Arizona,WR,76.0,195.0,3.0,0.82,Valencia,CA,USA,"{'latitude': 34.1466768, 'longitude': -117.2725427, 'fipsCode': '06071'}"
217139,,HighSchool,2023,2179.0,Isaac Maugaleoo,James Campbell,Hawai'i,OT,79.0,320.0,3.0,0.82,Ewa Beach,HI,USA,"{'latitude': 21.315603, 'longitude': -158.008804, 'fipsCode': '15003'}"
217141,,HighSchool,2023,2179.0,Dashawn Adams,Brookshire Royal,UTEP,WR,71.0,175.0,3.0,0.82,Brookshire,TX,USA,"{'latitude': 29.7860643, 'longitude': -95.9510661, 'fipsCode': '48473'}"
217142,,HighSchool,2023,2179.0,Vaifanua Peko,Samoana,Hawai'i,LB,75.0,220.0,3.0,0.82,Pago Pago,AS,USA,"{'latitude': -14.2754786, 'longitude': -170.7048298, 'fipsCode': '60010'}"
217143,,HighSchool,2023,2179.0,Hiroshi Carr,Colonial Forge,Air Force,ATH,74.0,185.0,3.0,0.82,Stafford,VA,USA,"{'latitude': 38.4222681, 'longitude': -77.4084067, 'fipsCode': '51179'}"
113313,,HighSchool,2023,2179.0,Brady Phillips,Kelso,Air Force,DL,75.0,280.0,3.0,0.82,Kelso,WA,USA,"{'latitude': 46.1420334, 'longitude': -122.9060318, 'fipsCode': '53015'}"
113309,,HighSchool,2023,2179.0,Jalen Rambert,Powdersville,Wofford,LB,73.0,245.0,3.0,0.82,Greenville,SC,USA,"{'latitude': 34.851354, 'longitude': -82.3984882, 'fipsCode': '45045'}"
113311,5153340,HighSchool,2023,2179.0,Ray Coney,Fairfield,East Tennessee State,LB,75.0,210.0,3.0,0.82,Fairfield,OH,USA,"{'latitude': 39.3458953, 'longitude': -84.5605031, 'fipsCode': '39017'}"
113310,5080882,HighSchool,2023,2179.0,Forest Gatlin III,Mesquite,Sam Houston,LB,73.0,245.0,3.0,0.82,Mesquite,TX,USA,"{'latitude': 32.7666103, 'longitude': -96.599472, 'fipsCode': '48113'}"
217110,5150303,HighSchool,2023,2179.0,Mitch Bolden,Lakota West,Army,QB,73.0,200.0,3.0,0.82,West Chester,OH,USA,"{'latitude': 39.3303357, 'longitude': -84.408275, 'fipsCode': '39017'}"
217059,5150656,HighSchool,2023,2179.0,Nolan DeLong,Durant,Iowa,ATH,73.0,205.0,3.0,0.82,Durant,IA,USA,"{'latitude': 41.5997498, 'longitude': -90.9107038, 'fipsCode': '19031'}"
217077,5153615,HighSchool,2023,2179.0,Kanye Clark,Capital Christian,UCLA,WR,71.0,165.0,3.0,0.82,Sacramento,CA,USA,"{'latitude': 38.5815719, 'longitude': -121.4943996, 'fipsCode': '06067'}"
217130,5120377,HighSchool,2023,2179.0,Darin Conley,Pembroke Hill,Ball State,EDGE,76.0,225.0,3.0,0.82,Kansas City,MO,USA,"{'latitude': 39.100105, 'longitude': -94.5781416, 'fipsCode': '29095'}"
256544,5125150,HighSchool,2023,2237.0,Edward Fonua,Cerritos,Fresno State,OT,75.0,310.0,2.0,0.7904,Cerritos,CA,USA,"{'latitude': 33.8644291, 'longitude': -118.0539323, 'fipsCode': '06037'}"
113317,5077813,HighSchool,2023,2283.0,Derek Fields,Chaminade,Ball State,S,73.0,175.0,3.0,0.8197,St. Louis,MO,USA,"{'latitude': 38.6268039, 'longitude': -90.1994097, 'fipsCode': '29510'}"
113318,5119743,HighSchool,2023,2284.0,Keynan Higgins,Pittsburg,San José State,WR,75.0,155.0,3.0,0.8196,Pittsburg,CA,USA,"{'latitude': 38.0181745, 'longitude': -121.8901232, 'fipsCode': '06013'}"
113319,5078277,HighSchool,2023,2284.0,Joshua Goines,Frisco Reedy,Tulane,TE,75.0,225.0,3.0,0.8196,Frisco,TX,USA,"{'latitude': 33.1506744, 'longitude': -96.8236116, 'fipsCode': '48085'}"
113322,5085354,HighSchool,2023,2284.0,Lynel Billups-Williams,Crete-Monee,Miami (OH),WR,71.0,160.0,3.0,0.8196,Crete,IL,USA,"{'latitude': 41.4445334, 'longitude': -87.6313829, 'fipsCode': '17197'}"
113320,5091818,HighSchool,2023,2284.0,Beau Barton,Van HS,Rice,LB,74.0,200.0,3.0,0.8196,Van,TX,USA,"{'latitude': 32.5249976, 'longitude': -95.6376281, 'fipsCode': '48467'}"
113321,,HighSchool,2023,2284.0,Chris Maxey,Bryan,Colorado State,IOL,76.0,305.0,3.0,0.8196,Bryan,TX,USA,"{'latitude': 30.6743643, 'longitude': -96.3699632, 'fipsCode': '48041'}"
113324,5121697,HighSchool,2023,2289.0,Jaylon Calhoun,Lanier County,App State,RB,72.0,190.0,3.0,0.8194,Lakeland,GA,USA,"{'latitude': 31.0410373, 'longitude': -83.0751471, 'fipsCode': '13173'}"
113323,5077391,HighSchool,2023,2289.0,Brady Neu,Roncalli,Central Michigan,DL,76.0,275.0,3.0,0.8194,Indianapolis,IN,USA,"{'latitude': 39.7683331, 'longitude': -86.1583502, 'fipsCode': '18097'}"
113325,5092218,HighSchool,2023,2289.0,Tristan Alvano,Omaha Westside,Nebraska,K,74.0,185.0,3.0,0.8194,Omaha,NE,USA,"{'latitude': 41.2587459, 'longitude': -95.9383758, 'fipsCode': '31055'}"
113326,5151350,HighSchool,2023,2292.0,Kamaehu Kopa-Kaawalauole,James Campbell,San José State,WR,77.0,210.0,3.0,0.8189,Ewa Beach,HI,USA,"{'latitude': 21.315603, 'longitude': -158.008804, 'fipsCode': '15003'}"
113328,5057358,HighSchool,2023,2293.0,Tony Martin,Miramar,Western Michigan,ATH,70.0,175.0,3.0,0.8186,Hollywood,FL,USA,"{'latitude': 26.0112014, 'longitude': -80.1494901, 'fipsCode': '12011'}"
113327,4909483,HighSchool,2023,2293.0,Jack Parker,Loyola Academy,Western Michigan,TE,77.0,230.0,3.0,0.8186,Wilmette,IL,USA,"{'latitude': 42.0757315, 'longitude': -87.7193768, 'fipsCode': '17031'}"
113329,,HighSchool,2023,2295.0,Kolt De La Torre,Denton Ryan,Stephen F. Austin,IOL,74.0,280.0,3.0,0.8185,Denton,TX,USA,"{'latitude': 33.2150386, 'longitude': -97.1330516, 'fipsCode': '48121'}"
113332,,HighSchool,2023,2296.0,Marquis Roby Jr.,Desert Pines,Portland State,QB,73.0,190.0,3.0,0.8178,Las Vegas,NV,USA,"{'latitude': 36.1672559, 'longitude': -115.1485163, 'fipsCode': '32003'}"
113331,5078163,HighSchool,2023,2296.0,Seth Mouser,Bastrop,UTEP,QB,77.0,200.0,3.0,0.8178,Bastrop,TX,USA,"{'latitude': 30.1104947, 'longitude': -97.3152701, 'fipsCode': '48021'}"
113330,5151891,HighSchool,2023,2296.0,Parker Leise,IMG Academy,Florida,QB,74.0,215.0,3.0,0.8178,Bradenton,FL,USA,"{'latitude': 27.4989278, 'longitude': -82.5748194, 'fipsCode': '12081'}"
113334,5161720,HighSchool,2023,2296.0,Indiana Wijay,Pasadena,Houston,QB,76.0,200.0,3.0,0.8178,Pasadena,CA,USA,"{'latitude': 34.1476452, 'longitude': -118.1444779, 'fipsCode': '06037'}"
113333,5152163,HighSchool,2023,2296.0,Harris Boyd,Rowlett,Memphis,QB,75.0,183.0,3.0,0.8178,Rowlett,TX,USA,"{'latitude': 32.9029017, 'longitude': -96.56388, 'fipsCode': '48113'}"
113335,5077898,HighSchool,2023,2301.0,Aden Tagaloa-Nelson,Woodford County,West Virginia,ATH,73.0,185.0,3.0,0.8172,Versailles,KY,USA,"{'latitude': 38.052576, 'longitude': -84.7299464, 'fipsCode': '21239'}"
113341,5092215,HighSchool,2023,2302.0,Caleb McGrath,Eastview,Minnesota,P,75.0,175.0,3.0,0.817,Saint Paul,MN,USA,"{'latitude': 44.9504037, 'longitude': -93.1015026, 'fipsCode': '27123'}"
113336,5078063,HighSchool,2023,2302.0,Connor Walendzak,Perrysburg,Toledo,RB,71.0,195.0,3.0,0.817,Perrysburg,OH,USA,"{'latitude': 41.5571178, 'longitude': -83.6279321, 'fipsCode': '39173'}"
113345,,HighSchool,2023,2302.0,Joshua Bowen,Dillard,Akron,LB,74.0,210.0,3.0,0.817,Fort Lauderdale,FL,USA,"{'latitude': 26.1223084, 'longitude': -80.1433786, 'fipsCode': '12011'}"
113337,,HighSchool,2023,2302.0,Lukas Majer,Rabun Gap-Nacoochee,Chattanooga,IOL,76.0,300.0,3.0,0.817,Rabun Gap,GA,USA,"{'latitude': 34.97479, 'longitude': -83.30549, 'fipsCode': '13241'}"
113347,,HighSchool,2023,2302.0,Josh Daniel,Minor,Alabama State,IOL,75.0,330.0,3.0,0.817,Adamsville,AL,USA,"{'latitude': 33.6009389, 'longitude': -86.9561059, 'fipsCode': '01073'}"
113348,5154424,HighSchool,2023,2302.0,Jace Ward,Carrollton,Jackson State,LB,73.5,215.0,3.0,0.817,Carrollton,GA,USA,"{'latitude': 33.5801103, 'longitude': -85.0766113, 'fipsCode': '13045'}"
113342,5085496,HighSchool,2023,2302.0,Chauncy Cobb,Clewiston,Arkansas State,WR,66.0,150.0,3.0,0.817,Clewiston,FL,USA,"{'latitude': 26.7542312, 'longitude': -80.9336753, 'fipsCode': '12051'}"
113344,5104152,HighSchool,2023,2302.0,Jayden Gaines,Westside,Sam Houston,DL,73.5,265.0,3.0,0.817,Houston,TX,USA,"{'latitude': 29.7589382, 'longitude': -95.3676974, 'fipsCode': '48201'}"
113343,4997574,HighSchool,2023,2302.0,Jaden DaCosta,Inglewood,Portland State,CB,73.0,185.0,3.0,0.817,Inglewood,CA,USA,"{'latitude': 33.9562003, 'longitude': -118.353132, 'fipsCode': '06037'}"
113339,5157328,HighSchool,2023,2302.0,Marcus Moore,Massillon Washington,Akron,DL,75.0,310.0,3.0,0.817,Massillon,OH,USA,"{'latitude': 40.7967244, 'longitude': -81.5215093, 'fipsCode': '39151'}"
113346,5077402,HighSchool,2023,2302.0,Kameron Durant,Cane Bay,East Carolina,IOL,76.0,315.0,3.0,0.817,Summerville,SC,USA,"{'latitude': 33.0206179, 'longitude': -80.1747537, 'fipsCode': '45035'}"
113340,4941006,HighSchool,2023,2302.0,Jabari Mitchell,Reynoldsburg,Bowling Green,ATH,75.0,206.0,3.0,0.817,Reynoldsburg,OH,USA,"{'latitude': 39.9547861, 'longitude': -82.8121191, 'fipsCode': '39049'}"
113338,5021232,HighSchool,2023,2302.0,Keyshawn Campbell,Vero Beach,Troy,LB,72.0,200.0,3.0,0.817,Vero Beach,FL,USA,"{'latitude': 27.6387163, 'longitude': -80.3975399, 'fipsCode': '12061'}"
113350,5092240,HighSchool,2023,2315.0,Declan Duley,El Paso-Gridley,Illinois,P,74.0,200.0,3.0,0.8169,El Paso,IL,USA,"{'latitude': None, 'longitude': None, 'fipsCode': None}"
113349,4907672,HighSchool,2023,2315.0,Adam Samaha,Huron,Michigan,K,72.0,170.0,3.0,0.8169,Ann Arbor,MI,USA,"{'latitude': 42.2681569, 'longitude': -83.7312291, 'fipsCode': '26161'}"
113351,5122027,HighSchool,2023,2317.0,Jackson Kleather,Tippecanoe,Bowling Green,K,70.0,170.0,3.0,0.8167,Tipp City,OH,USA,"{'latitude': 39.9583892, 'longitude': -84.1721638, 'fipsCode': '39109'}"
113352,5091831,HighSchool,2023,2318.0,Hasson Manning Jr.,Hudson Catholic,Delaware,S,72.0,185.0,3.0,0.8164,Jersey City,NJ,USA,"{'latitude': 40.7281575, 'longitude': -74.0776417, 'fipsCode': '34017'}"
113356,5078069,HighSchool,2023,2319.0,Trenton VanBoening,Libertyville,Eastern Michigan,OT,78.0,295.0,3.0,0.8163,Libertyville,IL,USA,"{'latitude': 42.2830786, 'longitude': -87.9531303, 'fipsCode': '19101'}"
113357,5077960,HighSchool,2023,2319.0,Eli Freeman,Lebanon,Ball State,IOL,76.0,280.0,3.0,0.8163,Lebanon,TN,USA,"{'latitude': 36.2079779, 'longitude': -86.2910945, 'fipsCode': '47189'}"
113358,5091881,HighSchool,2023,2319.0,Chris Farrell,Lisle,Kent State,IOL,77.0,280.0,3.0,0.8163,Lisle,IL,USA,"{'latitude': 41.801141, 'longitude': -88.0747875, 'fipsCode': '17043'}"
113353,4896487,HighSchool,2023,2319.0,Hezekiah Anahu-Ambrosio,Konawaena,Nevada,ATH,71.0,190.0,3.0,0.8163,Kealakekua,HI,USA,"{'latitude': 19.517728, 'longitude': -155.921402, 'fipsCode': '15001'}"
113361,5077403,HighSchool,2023,2319.0,Preston Everhart,Hun School,Temple,WR,70.0,170.0,3.0,0.8163,Dublin,OH,USA,"{'latitude': 40.0992294, 'longitude': -83.1140771, 'fipsCode': '39049'}"
113354,5074202,HighSchool,2023,2319.0,Luke Fletcher,Port Huron Northern,Eastern Michigan,EDGE,75.0,228.0,3.0,0.8163,Port Huron,MI,USA,"{'latitude': 42.9815877, 'longitude': -82.440466, 'fipsCode': '26147'}"
113360,5120868,HighSchool,2023,2319.0,Jayvin James,Blanche Ely,Akron,OT,76.0,255.0,3.0,0.8163,Pompano Beach,FL,USA,"{'latitude': 26.2378597, 'longitude': -80.1247667, 'fipsCode': '12011'}"
113359,5078915,HighSchool,2023,2319.0,Jahrid Hughes,Keller Timber Creek,Tulsa,WR,75.0,180.0,3.0,0.8163,Keller,TX,USA,"{'latitude': 32.9299655, 'longitude': -97.2271249, 'fipsCode': '48439'}"
113363,5121636,HighSchool,2023,2319.0,Adam Parks,Blue Valley North,New Mexico State,DL,76.0,225.0,3.0,0.8163,Leawood,KS,USA,"{'latitude': 38.966673, 'longitude': -94.6169012, 'fipsCode': '20091'}"
113362,,HighSchool,2023,2319.0,Emable Wakilongo,Centerville,Bowling Green,RB,72.0,200.0,3.0,0.8163,Dayton,OH,USA,"{'latitude': 39.7589478, 'longitude': -84.1916069, 'fipsCode': '39113'}"
113355,5084656,HighSchool,2023,2319.0,James Eaglin,Fort Bend Ridge Point,Tulsa,DL,76.0,300.0,3.0,0.8163,Missouri City,TX,USA,"{'latitude': 29.6185669, 'longitude': -95.5377215, 'fipsCode': '48157'}"
113368,5220598,HighSchool,2023,2330.0,Dylan Lee,East Union,San José State,LB,74.0,215.0,3.0,0.8156,Manteca,CA,USA,"{'latitude': 37.7986184, 'longitude': -121.2117148, 'fipsCode': '06077'}"
113366,,HighSchool,2023,2330.0,Matt Erhart,Oaks Christian,,LB,73.0,210.0,3.0,0.8156,Westlake Village,CA,USA,"{'latitude': 34.1460234, 'longitude': -118.8061794, 'fipsCode': '06037'}"
113372,5159358,HighSchool,2023,2330.0,Corey Washington,Miami Central,Western Carolina,WR,68.0,165.0,3.0,0.8156,Miami,FL,USA,"{'latitude': 25.7742658, 'longitude': -80.1936589, 'fipsCode': '12086'}"
113373,5120167,HighSchool,2023,2330.0,Mykeal Rabess,Miami Norland,Florida International,ATH,77.0,265.0,3.0,0.8156,Miami,FL,USA,"{'latitude': 25.7742658, 'longitude': -80.1936589, 'fipsCode': '12086'}"
113364,4881032,HighSchool,2023,2330.0,Taron Dickens,Miami Northwestern,Western Carolina,QB,71.0,175.0,3.0,0.8156,Miami,FL,USA,"{'latitude': 25.7742658, 'longitude': -80.1936589, 'fipsCode': '12086'}"
113365,5119658,HighSchool,2023,2330.0,Jaden Mikhael,Niceville,Georgia Southern,TE,76.0,231.0,3.0,0.8156,Niceville,FL,USA,"{'latitude': 30.5168639, 'longitude': -86.482172, 'fipsCode': '12091'}"
113367,5218867,HighSchool,2023,2330.0,Junior Fiaui,St. Francis,Hawai'i,LB,74.0,200.0,3.0,0.8156,Mountain View,CA,USA,"{'latitude': 37.3893889, 'longitude': -122.0832101, 'fipsCode': '06085'}"
113370,5123228,HighSchool,2023,2330.0,Blake Boda,Cocoa,Coastal Carolina,QB,75.0,173.0,3.0,0.8156,Cocoa,FL,USA,"{'latitude': 28.3553873, 'longitude': -80.7318827, 'fipsCode': '12009'}"
113371,5092219,HighSchool,2023,2330.0,Blake Craig,Liberty North,Missouri,K,71.0,180.0,3.0,0.8156,Liberty,MO,USA,"{'latitude': 39.246479, 'longitude': -94.419079, 'fipsCode': '29047'}"
113369,5077115,HighSchool,2023,2330.0,Jackson Olsen,Ridgeline,Utah State,WR,75.0,175.0,3.0,0.8156,Millville,UT,USA,"{'latitude': 41.6815987, 'longitude': -111.8229982, 'fipsCode': '49005'}"
113374,5086981,HighSchool,2023,2340.0,Angelo Stockstill,Simeon,Western Michigan,ATH,76.0,175.0,3.0,0.8153,Chicago,IL,USA,"{'latitude': 41.8755616, 'longitude': -87.6244212, 'fipsCode': '17031'}"
113383,5121745,HighSchool,2023,2341.0,MarShawn Ferguson Jr.,St. Thomas More,Old Dominion,WR,71.0,175.0,3.0,0.815,Oakdale,CT,USA,"{'latitude': 41.4662093, 'longitude': -72.1573008, 'fipsCode': '09011'}"
113380,5151288,HighSchool,2023,2341.0,Christopher Clark-Jolivet,Furr,Rice,DL,74.0,250.0,3.0,0.815,Houston,TX,USA,"{'latitude': 29.7589382, 'longitude': -95.3676974, 'fipsCode': '48201'}"
113382,,HighSchool,2023,2341.0,Will Johnson,Tucker,Georgia Southern,EDGE,75.0,225.0,3.0,0.815,Tucker,GA,USA,"{'latitude': 33.8532701, 'longitude': -84.2200729, 'fipsCode': '13089'}"
113379,,HighSchool,2023,2341.0,Aiden Herring,Perry,Air Force,EDGE,75.0,260.0,3.0,0.815,Gilbert,AZ,USA,"{'latitude': 33.3527632, 'longitude': -111.7890373, 'fipsCode': '04013'}"
113375,,HighSchool,2023,2341.0,Ryan Henning,Lincoln,Air Force,RB,70.0,185.0,3.0,0.815,Lincoln,CA,USA,"{'latitude': 38.8915741, 'longitude': -121.29318, 'fipsCode': '06061'}"
113377,,HighSchool,2023,2341.0,Chris Moreno,Don Bosco Prep,Monmouth,IOL,73.0,285.0,3.0,0.815,Ramsey,NJ,USA,"{'latitude': 41.0573188, 'longitude': -74.1409771, 'fipsCode': '34003'}"
113381,5092211,HighSchool,2023,2341.0,Kaden Beatty,Atlantic Shores Christian School,Kent State,DL,74.0,285.0,3.0,0.815,Chesapeake,VA,USA,"{'latitude': 36.7183708, 'longitude': -76.2466798, 'fipsCode': '51550'}"
113378,5089478,HighSchool,2023,2341.0,Jalyn Thompson,Dowling Catholic,Iowa,TE,76.0,220.0,3.0,0.815,West Des Moines,IA,USA,"{'latitude': 41.5645337, 'longitude': -93.7595281, 'fipsCode': '19153'}"
113376,5099612,HighSchool,2023,2341.0,Dax Horany,Argyle,Sam Houston,S,72.0,195.0,3.0,0.815,Argyle,TX,USA,"{'latitude': 33.110156, 'longitude': -97.17940980147037, 'fipsCode': '48121'}"
113385,5077483,HighSchool,2023,2350.0,Keshawn Hayden,East St. Louis,Central Michigan,EDGE,75.0,230.0,3.0,0.8144,East St. Louis,IL,USA,"{'latitude': 38.6244952, 'longitude': -90.1509429, 'fipsCode': '17163'}"
113387,5121343,HighSchool,2023,2350.0,Tyler Black,Goochland,Wake Forest,K,73.0,160.0,3.0,0.8144,Goochland,VA,USA,"{'latitude': 37.6824439, 'longitude': -77.884925, 'fipsCode': '51075'}"
113389,5228122,HighSchool,2023,2350.0,Miles Jones,Byhalia,Southern Miss,S,73.0,190.0,3.0,0.8144,Byhalia,MS,USA,"{'latitude': 34.8723179, 'longitude': -89.6906396, 'fipsCode': '28093'}"
113388,5116783,HighSchool,2023,2350.0,Chris Hayes,Starkville,Southern Miss,OT,76.0,260.0,3.0,0.8144,Starkville,MS,USA,"{'latitude': 33.4503998, 'longitude': -88.8183872, 'fipsCode': '28105'}"
113384,,HighSchool,2023,2350.0,Kenyon Nelson,Lincoln,,QB,72.0,185.0,3.0,0.8144,Stockton,CA,USA,"{'latitude': 37.9577016, 'longitude': -121.2907796, 'fipsCode': '06077'}"
113386,5086980,HighSchool,2023,2350.0,Mitch Lake,ProKick Australia,App State,P,71.0,195.0,3.0,0.8144,Australia,,AUS,"{'latitude': None, 'longitude': None, 'fipsCode': None}"
113390,5077819,HighSchool,2023,2356.0,Nathan VanTimmeren,Catholic Central,Central Michigan,TE,77.0,215.0,3.0,0.8139,Grand Rapids,MI,USA,"{'latitude': 42.9632405, 'longitude': -85.6678639, 'fipsCode': '26081'}"
113392,5078316,HighSchool,2023,2357.0,Dayln White,Hebron,Bowling Green,DL,76.0,260.0,3.0,0.8137,Carrollton,TX,USA,"{'latitude': 32.9537349, 'longitude': -96.8902816, 'fipsCode': '48113'}"
113400,5075950,HighSchool,2023,2357.0,Delano Townsend,Hamady Community,UAB,IOL,76.0,300.0,3.0,0.8137,Flint,MI,USA,"{'latitude': 43.0161693, 'longitude': -83.6900211, 'fipsCode': '26049'}"
113395,5017837,HighSchool,2023,2357.0,Ben Marsh,Hilliard Darby,Ball State,LB,75.0,225.0,3.0,0.8137,Hilliard,OH,USA,"{'latitude': 40.033814, 'longitude': -83.1596108, 'fipsCode': '39049'}"
113397,5027743,HighSchool,2023,2357.0,Jyree Roberts,Cathedral Prep,Massachusetts,LB,73.0,225.0,3.0,0.8137,Erie,PA,USA,"{'latitude': 42.1294712, 'longitude': -80.0852695, 'fipsCode': '42049'}"
113393,5151448,HighSchool,2023,2357.0,Que Williams,Parkway North,Miami (OH),ATH,74.0,180.0,3.0,0.8137,St. Louis,MO,USA,"{'latitude': 38.6268039, 'longitude': -90.1994097, 'fipsCode': '29510'}"
113396,5078102,HighSchool,2023,2357.0,Phillip Gallegos,Somerset,Rice,OT,78.0,300.0,3.0,0.8137,Somerset,TX,USA,"{'latitude': 29.2263504, 'longitude': -98.6577985, 'fipsCode': '48029'}"
113399,5087358,HighSchool,2023,2357.0,Freddie Lenix Jr.,Massillon Washington,Kent State,ATH,70.0,180.0,3.0,0.8137,Massillon,OH,USA,"{'latitude': 40.7967244, 'longitude': -81.5215093, 'fipsCode': '39151'}"
113398,5085125,HighSchool,2023,2357.0,Beni Tshita,Dupont Manual,Marshall,EDGE,75.0,243.0,3.0,0.8137,Louisville,KY,USA,"{'latitude': 38.2542376, 'longitude': -85.759407, 'fipsCode': '21111'}"
113402,5121762,HighSchool,2023,2357.0,Mario Thompson,Trinity Episcopal,Old Dominion,LB,72.0,205.0,3.0,0.8137,Richmond,VA,USA,"{'latitude': 37.5385087, 'longitude': -77.43428, 'fipsCode': '51760'}"
113394,5157315,HighSchool,2023,2357.0,Conner Cravaack,Madeira,Akron,TE,77.0,220.0,3.0,0.8137,Cincinnati,OH,USA,"{'latitude': 39.1014537, 'longitude': -84.5124602, 'fipsCode': '39061'}"
113401,,HighSchool,2023,2357.0,Zavier Avera,Jones,Yale,OT,77.0,270.0,3.0,0.8137,Orlando,FL,USA,"{'latitude': 28.5421109, 'longitude': -81.3790304, 'fipsCode': '12095'}"
113391,,HighSchool,2023,2357.0,Ali Abdul-Hakeem,Riverdale,Georgia State,LB,72.0,212.0,3.0,0.8137,Riverdale,GA,USA,"{'latitude': 33.5726113, 'longitude': -84.4132594, 'fipsCode': '13063'}"
113403,5084715,HighSchool,2023,2369.0,Grant Reddick,Boone,UCF,K,70.0,190.0,3.0,0.8136,Orlando,FL,USA,"{'latitude': 28.5421109, 'longitude': -81.3790304, 'fipsCode': '12095'}"
113404,5092276,HighSchool,2023,2370.0,Dante Drake,Robinson,Wyoming,DL,74.0,265.0,3.0,0.813,Waco,TX,USA,"{'latitude': 31.549333, 'longitude': -97.1466695, 'fipsCode': '48309'}"
113405,5076110,HighSchool,2023,2371.0,Si Stovall,Denton Guyer,UL Monroe,TE,74.0,240.0,3.0,0.8128,Denton,TX,USA,"{'latitude': 33.2150386, 'longitude': -97.1330516, 'fipsCode': '48121'}"
113406,5078010,HighSchool,2023,2372.0,Aiden McComber,Bishop Gorman,Hawai'i,DL,72.0,260.0,3.0,0.8117,Las Vegas,NV,USA,"{'latitude': 36.1672559, 'longitude': -115.1485163, 'fipsCode': '32003'}"
113409,4921405,HighSchool,2023,2373.0,Rob Fogler,St. Xavier,Ball State,OT,79.0,310.0,3.0,0.8117,Cincinnati,OH,USA,"{'latitude': 39.1014537, 'longitude': -84.5124602, 'fipsCode': '39061'}"
113408,,HighSchool,2023,2373.0,Omaree Walker,Don Bosco Prep,Campbell,WR,70.0,170.0,3.0,0.8117,Ramsey,NJ,USA,"{'latitude': 41.0573188, 'longitude': -74.1409771, 'fipsCode': '34003'}"
113407,,HighSchool,2023,2373.0,Collin Hurst,Western,Presbyterian,QB,70.0,160.0,3.0,0.8117,Fort Lauderdale,FL,USA,"{'latitude': 26.1223084, 'longitude': -80.1433786, 'fipsCode': '12011'}"
113410,5122102,HighSchool,2023,2373.0,Connor Gibbs,Metairie Park Country Day,Southern Miss,K,70.0,175.0,3.0,0.8117,Metairie,LA,USA,"{'latitude': 30.001852, 'longitude': -90.1767149159888, 'fipsCode': '22051'}"
113411,5158467,HighSchool,2023,2377.0,Grant Meadors,Liberty,Oregon,K,72.0,165.0,3.0,0.8111,Bakersfield,CA,USA,"{'latitude': 35.3738712, 'longitude': -119.0194639, 'fipsCode': '06029'}"
113412,5088774,HighSchool,2023,2378.0,Hudson Kaak,ProKick Australia,Oklahoma State,P,73.0,190.0,3.0,0.8108,Australia,,AUS,"{'latitude': None, 'longitude': None, 'fipsCode': None}"
113413,5076651,HighSchool,2023,2379.0,Christian Abney,Zionsville,Ball State,QB,77.0,220.0,3.0,0.8106,Zionsville,IN,USA,"{'latitude': 39.950724, 'longitude': -86.2616968, 'fipsCode': '18011'}"
113414,,HighSchool,2023,2379.0,Mason Merriwether,Inglewood,Campbell,IOL,75.0,320.0,3.0,0.8106,Inglewood,CA,USA,"{'latitude': 33.9562003, 'longitude': -118.353132, 'fipsCode': '06037'}"
113416,,HighSchool,2023,2381.0,Bryce Harrison,Apopka,Northern Illinois,TE,75.0,225.0,3.0,0.8104,Apopka,FL,USA,"{'latitude': 28.6779683, 'longitude': -81.5115214, 'fipsCode': '12095'}"
113422,,HighSchool,2023,2381.0,Ha’aheo Dela Cruz,Iolani,Hawai'i,EDGE,75.0,220.0,3.0,0.8104,Honolulu,HI,USA,"{'latitude': 21.304547, 'longitude': -157.8556764, 'fipsCode': '15003'}"
113424,,HighSchool,2023,2381.0,Ryan McDonald,Phillips Academy,Northern Illinois,ATH,73.0,195.0,3.0,0.8104,Chicago,IL,USA,"{'latitude': 41.8755616, 'longitude': -87.6244212, 'fipsCode': '17031'}"
113421,5077785,HighSchool,2023,2381.0,Cedric Hawkins,Stuttgart,Arkansas State,RB,68.0,170.0,3.0,0.8104,Stuttgart,AR,USA,"{'latitude': 34.5003748, 'longitude': -91.5526281, 'fipsCode': '05001'}"
113415,5091839,HighSchool,2023,2381.0,Zachary Session,Morton Ranch,Sam Houston,IOL,76.0,300.0,3.0,0.8104,Katy,TX,USA,"{'latitude': 29.7857853, 'longitude': -95.8243956, 'fipsCode': '48157'}"
113417,5077899,HighSchool,2023,2381.0,Queni Ropati,Harker Heights,UTSA,IOL,76.0,285.0,3.0,0.8104,Harker Heights,TX,USA,"{'latitude': 31.0746347, 'longitude': -97.6590473, 'fipsCode': '48027'}"
113423,5195953,HighSchool,2023,2381.0,Jaylen Jones,Butler,Georgia State,S,73.0,185.0,3.0,0.8104,Matthews,NC,USA,"{'latitude': 35.1170873, 'longitude': -80.723718, 'fipsCode': '37119'}"
113418,5159857,HighSchool,2023,2381.0,Josh Franklin,Crete-Monee,Western Michigan,ATH,72.0,173.0,3.0,0.8104,Crete,IL,USA,"{'latitude': 41.4445334, 'longitude': -87.6313829, 'fipsCode': '17197'}"
113420,5078911,HighSchool,2023,2381.0,Devin Scura,Manor,UTSA,TE,76.0,240.0,3.0,0.8104,Manor,TX,USA,"{'latitude': 30.3407629, 'longitude': -97.5569456, 'fipsCode': '48453'}"
113419,5000969,HighSchool,2023,2381.0,Grant Zimmerly,Perrysburg,Toledo,IOL,77.0,275.0,3.0,0.8104,Perrysburg,OH,USA,"{'latitude': 41.5571178, 'longitude': -83.6279321, 'fipsCode': '39173'}"
217189,5125854,HighSchool,2023,2391.0,Josiah Dye,Williams Field,UTEP,S,73.0,185.0,3.0,0.81,Gilbert,AZ,USA,"{'latitude': 33.3527632, 'longitude': -111.7890373, 'fipsCode': '04013'}"
217151,5172595,HighSchool,2023,2391.0,Javonte King,Blackfoot,Montana State,WR,76.0,200.0,3.0,0.81,Blackfoot,ID,USA,"{'latitude': 43.190039, 'longitude': -112.348357, 'fipsCode': '16011'}"
217158,5160037,HighSchool,2023,2391.0,Sione Westover,Skyridge,Southern Utah,LB,74.0,200.0,3.0,0.81,Lehi,UT,USA,"{'latitude': 40.3880902, 'longitude': -111.8491619, 'fipsCode': '49049'}"
217193,5159378,HighSchool,2023,2391.0,Patrick Boyd,Fort Lauderdale,Western Carolina,ATH,69.5,168.0,3.0,0.81,Fort Lauderdale,FL,USA,"{'latitude': 26.1223084, 'longitude': -80.1433786, 'fipsCode': '12011'}"
217177,5155190,HighSchool,2023,2391.0,Bryson Waterman,Bakersfield Christian,UNLV,ATH,73.0,180.0,3.0,0.81,Bakersfield,CA,USA,"{'latitude': 35.3738712, 'longitude': -119.0194639, 'fipsCode': '06029'}"
113432,5223137,HighSchool,2023,2391.0,Charlie Gleason,Stillwater Area,Air Force,EDGE,76.0,220.0,3.0,0.81,Stillwater,MN,USA,"{'latitude': 45.0564041, 'longitude': -92.8134982, 'fipsCode': '27163'}"
113429,5157325,HighSchool,2023,2391.0,Jonas Mann,Pickerington North,Akron,OT,79.0,270.0,3.0,0.81,Pickerington,OH,USA,"{'latitude': 39.896277299999994, 'longitude': -82.77319049748806, 'fipsCode': '39045'}"
217169,5120870,HighSchool,2023,2391.0,Elijah Thomas,De Smet Jesuit,New Mexico State,S,74.0,190.0,3.0,0.81,St. Louis,MO,USA,"{'latitude': 38.6268039, 'longitude': -90.1994097, 'fipsCode': '29510'}"
113435,5121699,HighSchool,2023,2391.0,D'Angelo Davis,St. Pius X-St. Matthias Academy,Nevada,LB,73.5,235.0,3.0,0.81,Downey,CA,USA,"{'latitude': 33.942215, 'longitude': -118.1235646, 'fipsCode': '06037'}"
217175,5166308,HighSchool,2023,2391.0,Adam Jones,Sentinel,Montana State,WR,74.0,180.0,3.0,0.81,Missoula,MT,USA,"{'latitude': 46.8701049, 'longitude': -113.9952672, 'fipsCode': '30063'}"
217183,5122075,HighSchool,2023,2391.0,Maclane Watkins,Kennedy Catholic,Hawai'i,WR,76.0,170.0,3.0,0.81,Burien,WA,USA,"{'latitude': 47.469918, 'longitude': -122.3485274, 'fipsCode': '53033'}"
217211,5122069,HighSchool,2023,2391.0,Maxwell Peterson,Eastvale Roosevelt,UNLV,DL,76.0,305.0,3.0,0.81,Corona,CA,USA,"{'latitude': 33.8752945, 'longitude': -117.5664449, 'fipsCode': '06065'}"
217172,,HighSchool,2023,2391.0,Mack O'Halloran,Downers Grove South,,DL,76.0,240.0,3.0,0.81,Downers Grove,IL,USA,"{'latitude': 41.7938195, 'longitude': -88.010376, 'fipsCode': '17043'}"
217173,,HighSchool,2023,2391.0,Simeon Maiava,Santa Margarita Catholic,,IOL,75.0,320.0,3.0,0.81,Rancho Santa Margarita,CA,USA,"{'latitude': 33.6408845, 'longitude': -117.6029341, 'fipsCode': '06059'}"
217174,,HighSchool,2023,2391.0,Konner Barrett,Gulf Coast,Utah Tech,QB,72.0,185.0,3.0,0.81,Naples,FL,USA,"{'latitude': 26.1421976, 'longitude': -81.7942944, 'fipsCode': '12021'}"
217178,,HighSchool,2023,2391.0,Malachi Pierce,Edison,,ATH,76.0,190.0,3.0,0.81,Huntington Beach,CA,USA,"{'latitude': 33.6783336, 'longitude': -118.0000166, 'fipsCode': '06059'}"
217179,,HighSchool,2023,2391.0,Joey Colosi,American Heritage,,IOL,71.0,270.0,3.0,0.81,Fort Lauderdale,FL,USA,"{'latitude': 26.1223084, 'longitude': -80.1433786, 'fipsCode': '12011'}"
217180,,HighSchool,2023,2391.0,James White,Lewiston,Idaho,TE,76.0,222.0,3.0,0.81,Lewiston,ID,USA,"{'latitude': 46.4195913, 'longitude': -117.0216144, 'fipsCode': '16069'}"
217182,,HighSchool,2023,2391.0,Alijah Cota,Manteca,,LB,75.0,230.0,3.0,0.81,Manteca,CA,USA,"{'latitude': 37.7986184, 'longitude': -121.2117148, 'fipsCode': '06077'}"
217184,,HighSchool,2023,2391.0,J.T. Foreman,Turlock,,RB,70.0,195.0,3.0,0.81,Turlock,CA,USA,"{'latitude': 37.4946568, 'longitude': -120.8465941, 'fipsCode': '06099'}"
217185,,HighSchool,2023,2391.0,Giovanni Adopte,Avant Garde Academy,Gardner-Webb,WR,71.0,180.0,3.0,0.81,Hialeah,FL,USA,"{'latitude': 25.8575963, 'longitude': -80.2781057, 'fipsCode': '12086'}"
217186,,HighSchool,2023,2391.0,Briggs Bartosh,Park Hill South,Army,ATH,70.0,180.0,3.0,0.81,Riverside,MO,USA,"{'latitude': 39.1775032, 'longitude': -94.6130121, 'fipsCode': '29165'}"
217187,,HighSchool,2023,2391.0,Cole Millward,Roy,,OT,77.0,285.0,3.0,0.81,Roy,UT,USA,"{'latitude': 41.1617999, 'longitude': -112.0261903, 'fipsCode': '49057'}"
217191,,HighSchool,2023,2391.0,Ryder Trujillo,Los Alamitos,,DL,77.0,230.0,3.0,0.81,Los Alamitos,CA,USA,"{'latitude': 33.8038865, 'longitude': -118.0772433, 'fipsCode': '06059'}"
217192,,HighSchool,2023,2391.0,Christian Petero,Mater Dei,,S,73.0,200.0,3.0,0.81,Santa Ana,CA,USA,"{'latitude': 33.7494951, 'longitude': -117.8732213, 'fipsCode': '06059'}"
217194,,HighSchool,2023,2391.0,Iosefa Tapeni,Kapolei,,DL,75.0,275.0,3.0,0.81,Kapolei,HI,USA,"{'latitude': 21.3340079, 'longitude': -158.0778491, 'fipsCode': '15003'}"
217195,,HighSchool,2023,2391.0,Daylen Bradley,Springfield,,WR,69.0,160.0,3.0,0.81,Springfield,OH,USA,"{'latitude': 39.9242266, 'longitude': -83.8088172, 'fipsCode': '39023'}"
217196,,HighSchool,2023,2391.0,Kristian Ingman,Bishop Manogue,Portland State,TE,77.0,235.0,3.0,0.81,Reno,NV,USA,"{'latitude': 39.5261206, 'longitude': -119.8126581, 'fipsCode': '32031'}"
217197,,HighSchool,2023,2391.0,CJ Goldsby Jr.,American Heritage,,S,70.0,175.0,3.0,0.81,Fort Lauderdale,FL,USA,"{'latitude': 26.1223084, 'longitude': -80.1433786, 'fipsCode': '12011'}"
217198,,HighSchool,2023,2391.0,Andrez Lewis,Mission Viejo,,WR,74.0,185.0,3.0,0.81,Mission Viejo,CA,USA,"{'latitude': 33.5965685, 'longitude': -117.659405, 'fipsCode': '06059'}"
217199,,HighSchool,2023,2391.0,Trey Fasani,Ripon Christian Schools,,QB,74.0,200.0,3.0,0.81,Ripon,CA,USA,"{'latitude': 37.741595, 'longitude': -121.1243828, 'fipsCode': '06077'}"
217200,,HighSchool,2023,2391.0,Hayden John,Anacortes,Idaho,ATH,74.0,190.0,3.0,0.81,Anacortes,WA,USA,"{'latitude': 48.5020123, 'longitude': -122.6237356, 'fipsCode': '53057'}"
217201,,HighSchool,2023,2391.0,Jeremiah Claiborne,Bishop Alemany,,RB,73.0,195.0,3.0,0.81,Mission Hills,CA,USA,"{'latitude': 34.687584, 'longitude': -120.43901754304565, 'fipsCode': '06083'}"
217203,,HighSchool,2023,2391.0,Kashton Henjum,Newport Harbor,,WR,74.0,185.0,3.0,0.81,Newport Beach,CA,USA,"{'latitude': 33.6170092, 'longitude': -117.9294401, 'fipsCode': '06059'}"
217204,,HighSchool,2023,2391.0,Maddox Bernardino,Diamond Bar,,WR,73.0,172.0,3.0,0.81,Diamond Bar,CA,USA,"{'latitude': 34.0286226, 'longitude': -117.8103367, 'fipsCode': '06037'}"
217205,,HighSchool,2023,2391.0,Andre McCullough,San Marcos Senior,,RB,72.0,185.0,3.0,0.81,Santa Barbara,CA,USA,"{'latitude': 34.4221319, 'longitude': -119.7026673, 'fipsCode': '06083'}"
217206,,HighSchool,2023,2391.0,Logan Rouse,Aiea,Navy,EDGE,78.0,230.0,3.0,0.81,Aiea,HI,USA,"{'latitude': 21.3822222, 'longitude': -157.9336111, 'fipsCode': '15003'}"
217207,,HighSchool,2023,2391.0,Sila Unutoa,Aiea,,DL,73.5,300.0,3.0,0.81,Aiea,HI,USA,"{'latitude': 21.3822222, 'longitude': -157.9336111, 'fipsCode': '15003'}"
217208,,HighSchool,2023,2391.0,Caden McKee,Corona Centennial,,OT,78.0,270.0,3.0,0.81,Corona,CA,USA,"{'latitude': 33.8752945, 'longitude': -117.5664449, 'fipsCode': '06065'}"
217209,,HighSchool,2023,2391.0,Malik Willis,Inlet Grove,Campbell,CB,74.0,175.0,3.0,0.81,Riviera Beach,FL,USA,"{'latitude': 26.7753405, 'longitude': -80.0580969, 'fipsCode': '12099'}"
217210,,HighSchool,2023,2391.0,Kamren Marsh,Santiago,Portland State,DL,75.0,245.0,3.0,0.81,Corona,CA,USA,"{'latitude': 33.8752945, 'longitude': -117.5664449, 'fipsCode': '06065'}"
217181,5153064,HighSchool,2023,2391.0,Kyle Martin,Sumner,Washington State,IOL,75.0,290.0,3.0,0.81,Sumner,WA,USA,"{'latitude': 47.22131, 'longitude': -122.2326539, 'fipsCode': '053'}"
113433,5158388,HighSchool,2023,2391.0,Ben Reiland,The Lawrenceville School (Prep),Navy,DL,76.0,250.0,3.0,0.81,Lawrenceville,NJ,USA,"{'latitude': 40.300987649999996, 'longitude': -74.73737283395636, 'fipsCode': '34021'}"
217149,,HighSchool,2023,2391.0,Brayden Hapner,Palm Springs,,CB,70.0,170.0,3.0,0.81,Palm Springs,CA,USA,"{'latitude': 33.8246269, 'longitude': -116.540303, 'fipsCode': '06065'}"
113430,,HighSchool,2023,2391.0,Bryce Gilchrist,Frisco Heritage,Sam Houston,TE,75.0,220.0,3.0,0.81,Frisco,TX,USA,"{'latitude': 33.1506744, 'longitude': -96.8236116, 'fipsCode': '48085'}"
113427,,HighSchool,2023,2391.0,Dylan Gutierrez,Damien,Weber State,QB,72.0,205.0,3.0,0.81,La Verne,CA,USA,"{'latitude': 34.1008426, 'longitude': -117.7678355, 'fipsCode': '06037'}"
113425,,HighSchool,2023,2391.0,Mike Williams,Natchez,Jackson State,CB,72.0,160.0,3.0,0.81,Wesson,MS,USA,"{'latitude': 31.701277, 'longitude': -90.3975928, 'fipsCode': '28029'}"
113428,5165127,HighSchool,2023,2391.0,Carlos Matheney,Tumwater,Idaho,RB,72.0,195.0,3.0,0.81,Olympia,WA,USA,"{'latitude': 47.0451022, 'longitude': -122.8950075, 'fipsCode': '53067'}"
217167,5150872,HighSchool,2023,2391.0,Andrew Adkison,St. Francis,Purdue,WR,71.0,190.0,3.0,0.81,Mountain View,CA,USA,"{'latitude': 37.3893889, 'longitude': -122.0832101, 'fipsCode': '06085'}"
217170,5152073,HighSchool,2023,2391.0,Aiden Ramos,Bishop Amat,Cal Poly,RB,70.0,210.0,3.0,0.81,La Puente,CA,USA,"{'latitude': 34.01979, 'longitude': -117.9503677, 'fipsCode': '06037'}"
217190,5152792,HighSchool,2023,2391.0,Zach Wusstig,South Salem,Portland State,S,73.0,180.0,3.0,0.81,Salem,OR,USA,"{'latitude': 44.9391565, 'longitude': -123.033121, 'fipsCode': '41047'}"
217188,5157537,HighSchool,2023,2391.0,Caron Tyler,Chaparral,Valparaiso,QB,71.0,180.0,3.0,0.81,Temecula,CA,USA,"{'latitude': 33.4946353, 'longitude': -117.1473661, 'fipsCode': '06065'}"
113426,5159979,HighSchool,2023,2391.0,Shawn Burton Jr.,Cary,Georgia State,OT,75.0,245.0,3.0,0.81,Cary,NC,USA,"{'latitude': 35.7883046, 'longitude': -78.7811964, 'fipsCode': '37183'}"
113431,5092212,HighSchool,2023,2391.0,AJ Mebane,Southern Durham,App State,EDGE,76.0,235.0,3.0,0.81,Durham,NC,USA,"{'latitude': 35.996653, 'longitude': -78.9018053, 'fipsCode': '37063'}"
217202,5169311,HighSchool,2023,2391.0,Tylin Jackson,Federal Way,Eastern Washington,EDGE,77.0,210.0,3.0,0.81,Federal Way,WA,USA,"{'latitude': 47.313494, 'longitude': -122.3393103, 'fipsCode': '53033'}"
217144,,HighSchool,2023,2391.0,Demari Washington,Peoria Centennial,Northern Arizona,S,72.0,175.0,3.0,0.81,Buckeye,AZ,USA,"{'latitude': 33.3702748, 'longitude': -112.5838673, 'fipsCode': '04013'}"
217145,,HighSchool,2023,2391.0,Tremel Miles,Inderkum,,ATH,77.0,220.0,3.0,0.81,Sacramento,CA,USA,"{'latitude': 38.5815719, 'longitude': -121.4943996, 'fipsCode': '06067'}"
217146,,HighSchool,2023,2391.0,Jaelen Nichols,Central Catholic,,ATH,70.0,190.0,3.0,0.81,Modesto,CA,USA,"{'latitude': 37.6390972, 'longitude': -120.9968782, 'fipsCode': '06099'}"
217147,,HighSchool,2023,2391.0,Kayleb Ervin,Bishop Gorman,Pennsylvania,WR,69.0,155.0,3.0,0.81,Las Vegas,NV,USA,"{'latitude': 36.1672559, 'longitude': -115.1485163, 'fipsCode': '32003'}"
217148,,HighSchool,2023,2391.0,Jace Villers,Auburn Riverside,Northern Colorado,ATH,75.0,195.0,3.0,0.81,Auburn,WA,USA,"{'latitude': 47.3075369, 'longitude': -122.2301808, 'fipsCode': '53033'}"
113434,,HighSchool,2023,2391.0,Brooks Bentley,Venice,,QB,75.5,186.0,3.0,0.81,Venice,FL,USA,"{'latitude': 27.0999188, 'longitude': -82.4543597, 'fipsCode': '12115'}"
217150,,HighSchool,2023,2391.0,Cruz Estrada,Mater Dei Catholic,,ATH,72.0,190.0,3.0,0.81,Chula Vista,CA,USA,"{'latitude': 32.6400541, 'longitude': -117.0841955, 'fipsCode': '06073'}"
217152,,HighSchool,2023,2391.0,Laird Wheeler,San Ramon Valley,Air Force,IOL,74.0,275.0,3.0,0.81,Danville,CA,USA,"{'latitude': 37.8215929, 'longitude': -121.9999606, 'fipsCode': '06013'}"
217153,,HighSchool,2023,2391.0,Nayati Hendrix,Kaiser,,ATH,71.0,170.0,3.0,0.81,Fontana,CA,USA,"{'latitude': 34.0922335, 'longitude': -117.435048, 'fipsCode': '06071'}"
217154,,HighSchool,2023,2391.0,Derek Taylor,Hilmar,,TE,76.0,210.0,3.0,0.81,Hilmar,CA,USA,"{'latitude': 37.4085479, 'longitude': -120.8502035, 'fipsCode': '06047'}"
217155,,HighSchool,2023,2391.0,Keenan Kuntz,Mead,Washington State,ATH,73.0,180.0,3.0,0.81,Spokane,WA,USA,"{'latitude': 47.6579425, 'longitude': -117.4212265, 'fipsCode': '53063'}"
217156,,HighSchool,2023,2391.0,Mason Norberg,Folsom,UC Davis,TE,74.0,215.0,3.0,0.81,Folsom,CA,USA,"{'latitude': 38.6779591, 'longitude': -121.1760583, 'fipsCode': '06067'}"
217157,,HighSchool,2023,2391.0,KJ Reed,Mission Viejo,,WR,71.0,175.0,3.0,0.81,Mission Viejo,CA,USA,"{'latitude': 33.5965685, 'longitude': -117.659405, 'fipsCode': '06059'}"
217159,,HighSchool,2023,2391.0,Ezra Funa,Mater Dei,,EDGE,74.0,260.0,3.0,0.81,Santa Ana,CA,USA,"{'latitude': 33.7494951, 'longitude': -117.8732213, 'fipsCode': '06059'}"
217160,,HighSchool,2023,2391.0,Matthew Morrell,Cypress,,WR,75.0,195.0,3.0,0.81,Cypress,CA,USA,"{'latitude': 33.8248235, 'longitude': -118.0399368, 'fipsCode': '06059'}"
217161,,HighSchool,2023,2391.0,Dane Benedix,Capistrano Valley,,WR,73.0,180.0,3.0,0.81,Mission Viejo,CA,USA,"{'latitude': 33.5965685, 'longitude': -117.659405, 'fipsCode': '06059'}"
217162,,HighSchool,2023,2391.0,Jeremiah Ruffin,Heritage,UC Davis,WR,70.0,160.0,3.0,0.81,Brentwood,CA,USA,"{'latitude': 37.9317766, 'longitude': -121.6960266, 'fipsCode': '06013'}"
217163,,HighSchool,2023,2391.0,Jackson St. Aubyn,Palmer Ridge,Yale,IOL,77.0,260.0,3.0,0.81,Monument,CO,USA,"{'latitude': 39.06775465, 'longitude': -104.86175880732664, 'fipsCode': '08041'}"
217164,,HighSchool,2023,2391.0,Keala Keanaaina,St. Francis,,S,71.0,185.0,3.0,0.81,Mountain View,CA,USA,"{'latitude': 37.3893889, 'longitude': -122.0832101, 'fipsCode': '06085'}"
217165,,HighSchool,2023,2391.0,Santino Acevedo,Cardinal Newman,,ATH,72.0,190.0,3.0,0.81,Santa Rosa,CA,USA,"{'latitude': 38.4404925, 'longitude': -122.7141049, 'fipsCode': '06097'}"
217166,,HighSchool,2023,2391.0,Jaxson Percoats,Buhach Colony,Southern Utah,ATH,71.0,175.0,3.0,0.81,Atwater,CA,USA,"{'latitude': 37.3477174, 'longitude': -120.609084, 'fipsCode': '06047'}"
217168,,HighSchool,2023,2391.0,Joey Torrez,Mission Viejo,,LB,72.0,230.0,3.0,0.81,Mission Viejo,CA,USA,"{'latitude': 33.5965685, 'longitude': -117.659405, 'fipsCode': '06059'}"
217171,,HighSchool,2023,2391.0,Kayden Davis,Alliance,Youngstown State,RB,73.0,205.0,3.0,0.81,Alliance,OH,USA,"{'latitude': 40.9153362, 'longitude': -81.1059309, 'fipsCode': '39151'}"
217176,5151887,HighSchool,2023,2391.0,Roice Cleeland,Portland Jesuit,Washington,IOL,75.0,285.0,3.0,0.81,Portland,OR,USA,"{'latitude': 45.5202471, 'longitude': -122.6741949, 'fipsCode': '41051'}"
217212,5125171,HighSchool,2023,2391.0,Jaylen Foster,Emerald,Georgia State,ATH,71.0,190.0,3.0,0.81,Greenwood,SC,USA,"{'latitude': 34.1954001, 'longitude': -82.1617883, 'fipsCode': '45047'}"
113436,5080818,HighSchool,2023,2471.0,Roy Brackins III,Woodlawn,Louisiana Tech,IOL,74.0,305.0,3.0,0.8097,Baton Rouge,LA,USA,"{'latitude': 30.4459596, 'longitude': -91.18738, 'fipsCode': '22033'}"
113441,5097969,HighSchool,2023,2472.0,Cole Blaylock,UMS-Wright Preparatory School,South Alabama,ATH,72.0,190.0,3.0,0.8096,Mobile,AL,USA,"{'latitude': 30.6943566, 'longitude': -88.0430541, 'fipsCode': '01097'}"
113437,5078215,HighSchool,2023,2472.0,Brody Bolyn,Norwell,Bowling Green,IOL,75.0,261.0,3.0,0.8096,Ossian,IN,USA,"{'latitude': 40.880603, 'longitude': -85.1663593, 'fipsCode': '18179'}"
113440,5078159,HighSchool,2023,2472.0,Colton Phares,Beaufort,App State,S,73.0,185.0,3.0,0.8096,Ladys Island,SC,USA,"{'latitude': 32.4501913, 'longitude': -80.6331616, 'fipsCode': '45013'}"
113439,,HighSchool,2023,2472.0,Maurice Long,South Point,Akron,OT,78.0,285.0,3.0,0.8096,South Point,OH,USA,"{'latitude': 38.4178597, 'longitude': -82.5862699, 'fipsCode': '39087'}"
113438,,HighSchool,2023,2472.0,Luke Gall,Carthage,Air Force,RB,71.0,200.0,3.0,0.8096,Carthage,MO,USA,"{'latitude': 37.1765141, 'longitude': -94.3103412, 'fipsCode': '29097'}"
113443,,HighSchool,2023,2477.0,Caleb Graham,Maryville,Army,DL,74.0,255.0,3.0,0.8094,Maryville,TN,USA,"{'latitude': 35.7564719, 'longitude': -83.9704593, 'fipsCode': '47009'}"
113442,5121690,HighSchool,2023,2477.0,Ian Bell,Damien,Wyoming,CB,73.0,175.0,3.0,0.8094,La Verne,CA,USA,"{'latitude': 34.1008426, 'longitude': -117.7678355, 'fipsCode': '06037'}"
113444,5089217,HighSchool,2023,2479.0,Hunter Nowell,St. John Bosco,San José State,S,74.0,195.0,3.0,0.8089,Bellflower,CA,USA,"{'latitude': 33.8825705, 'longitude': -118.1167679, 'fipsCode': '06037'}"
113445,5103573,HighSchool,2023,2479.0,Alexander Cobbs,St. Anthony,San José State,EDGE,76.0,210.0,3.0,0.8089,Long Beach,CA,USA,"{'latitude': 33.7690164, 'longitude': -118.1916048, 'fipsCode': '06037'}"
113446,5092217,HighSchool,2023,2481.0,Gianni Spetic,Notre Dame-Cathedral Latin School,Ohio,K,73.0,190.0,3.0,0.8083,Chardon,OH,USA,"{'latitude': 41.582466, 'longitude': -81.20334, 'fipsCode': '39055'}"
113448,4921315,HighSchool,2023,2482.0,Will Prichard,Santaluces Community,Arkansas State,QB,74.0,195.0,3.0,0.8078,Lake Worth,FL,USA,"{'latitude': 26.615891, 'longitude': -80.0691435, 'fipsCode': '12099'}"
113447,5091887,HighSchool,2023,2482.0,Daisjaun Mercer,Hopkinsville,Miami (OH),ATH,72.0,185.0,3.0,0.8078,Hopkinsville,KY,USA,"{'latitude': 36.8657651, 'longitude': -87.4889532, 'fipsCode': '21047'}"
113449,5075614,HighSchool,2023,2482.0,Joe Enick,Penn Trafford,Central Michigan,IOL,75.0,280.0,3.0,0.8078,Harrison City,PA,USA,"{'latitude': 40.3542355, 'longitude': -79.6483764, 'fipsCode': '42129'}"
113453,5099704,HighSchool,2023,2485.0,KD Dorsey,Evans,Georgia Southern,WR,73.0,194.0,3.0,0.807,Evans,GA,USA,"{'latitude': 33.5143065, 'longitude': -82.1387819734912, 'fipsCode': '13073'}"
113451,,HighSchool,2023,2485.0,Patrick Kendall,Cathedral,Army,DL,76.0,278.0,3.0,0.807,Indianapolis,IN,USA,"{'latitude': 39.7683331, 'longitude': -86.1583502, 'fipsCode': '18097'}"
113452,,HighSchool,2023,2485.0,Anthony Leadford,Pike,Western Michigan,S,74.0,184.0,3.0,0.807,Indianapolis,IN,USA,"{'latitude': 39.7683331, 'longitude': -86.1583502, 'fipsCode': '18097'}"
113450,,HighSchool,2023,2485.0,Vinnie Canosa,Allatoona,Air Force,LB,72.5,225.0,3.0,0.807,Acworth,GA,USA,"{'latitude': 34.0659329, 'longitude': -84.6768796, 'fipsCode': '13067'}"
113455,,HighSchool,2023,2489.0,Landon Zaldivar,Jenks,Memphis,IOL,77.0,300.0,3.0,0.8063,Jenks,OK,USA,"{'latitude': 36.0228734, 'longitude': -95.9683278, 'fipsCode': '40143'}"
113456,5076126,HighSchool,2023,2489.0,Tanner Morley,Valor Christian,Colorado State,OT,77.0,305.0,3.0,0.8063,Littleton,CO,USA,"{'latitude': 39.613321, 'longitude': -105.0166498, 'fipsCode': '08005'}"
113458,5086376,HighSchool,2023,2489.0,Peyton Miller,Mountain Ridge,Massachusetts,IOL,75.0,295.0,3.0,0.8063,Frostburg,MD,USA,"{'latitude': 39.6581425, 'longitude': -78.928357, 'fipsCode': '24001'}"
113457,5077874,HighSchool,2023,2489.0,Max Drag,Chapin,App State,TE,76.0,230.0,3.0,0.8063,Chapin,SC,USA,"{'latitude': 34.1659795, 'longitude': -81.3498212, 'fipsCode': '45063'}"
113459,5151374,HighSchool,2023,2489.0,Charles McCartherens,North Cobb,Buffalo,CB,70.0,175.0,3.0,0.8063,Kennesaw,GA,USA,"{'latitude': 34.0234337, 'longitude': -84.6154897, 'fipsCode': '13067'}"
113454,5092278,HighSchool,2023,2489.0,Conner Noah,Kelso,Nevada,ATH,71.0,198.0,3.0,0.8063,Kelso,WA,USA,"{'latitude': 46.1420334, 'longitude': -122.9060318, 'fipsCode': '53015'}"
113463,5121470,HighSchool,2023,2495.0,Zoram Petelo,Layton Christian Academy,Hawai'i,EDGE,77.0,223.0,3.0,0.8056,Layton,UT,USA,"{'latitude': 41.0751048, 'longitude': -111.9741925, 'fipsCode': '49011'}"
113462,5157119,HighSchool,2023,2495.0,Aiden Valdez,Bishop Amat,Campbell,TE,77.0,220.0,3.0,0.8056,La Puente,CA,USA,"{'latitude': 34.01979, 'longitude': -117.9503677, 'fipsCode': '06037'}"
113461,5121688,HighSchool,2023,2495.0,Santana Banner,Mountain View,Northern Illinois,S,75.0,190.0,3.0,0.8056,Lawrenceville,GA,USA,"{'latitude': 33.9562149, 'longitude': -83.9879625, 'fipsCode': '13135'}"
113464,5122026,HighSchool,2023,2495.0,Bruno Dall,St. Stanislaus,Akron,DL,79.0,225.0,3.0,0.8056,Germany,,DEU,"{'latitude': None, 'longitude': None, 'fipsCode': None}"
113460,5078242,HighSchool,2023,2495.0,Imari Conley,Central East,San José State,CB,72.0,190.0,3.0,0.8056,Fresno,CA,USA,"{'latitude': 36.7295295, 'longitude': -119.70886126075588, 'fipsCode': '06019'}"
113467,,HighSchool,2023,2500.0,Dane Parker,Puyallup,Air Force,ATH,73.0,180.0,3.0,0.805,Puyallup,WA,USA,"{'latitude': 47.1849009, 'longitude': -122.2921406, 'fipsCode': '53053'}"
113468,,HighSchool,2023,2500.0,Mana Tapusoa,Blue Springs,,RB,71.0,205.0,3.0,0.805,Blue Springs,MO,USA,"{'latitude': 39.017316, 'longitude': -94.282265, 'fipsCode': '29095'}"
113465,,HighSchool,2023,2500.0,Andrew Guthrie,Miami Trace,Campbell,OT,80.0,295.0,3.0,0.805,Washington Court House,OH,USA,"{'latitude': 39.5364511, 'longitude': -83.4390843, 'fipsCode': '39047'}"
113466,5077107,HighSchool,2023,2500.0,Kyle Williams,Harrisburg,Temple,ATH,72.0,185.0,3.0,0.805,Harrisburg,PA,USA,"{'latitude': 40.2663107, 'longitude': -76.8861122, 'fipsCode': '42043'}"
113470,5124201,HighSchool,2023,2504.0,Ah'Marion Ashley,Edison,Fresno State,CB,71.0,176.0,3.0,0.8044,Stockton,CA,USA,"{'latitude': 37.9577016, 'longitude': -121.2907796, 'fipsCode': '06077'}"
113469,,HighSchool,2023,2504.0,Sione Tuionetoa,Adelanto,Campbell,DL,74.0,270.0,3.0,0.8044,Adelanto,CA,USA,"{'latitude': 34.5827699, 'longitude': -117.409215, 'fipsCode': '06071'}"
113471,5075622,HighSchool,2023,2506.0,Rory Callahan,Huron,Central Michigan,TE,76.0,225.0,3.0,0.8039,New Boston,MI,USA,"{'latitude': 42.1625408, 'longitude': -83.4029885, 'fipsCode': '26163'}"
113472,5001291,HighSchool,2023,2507.0,Razah Townsend,East Kentwood,Western Michigan,EDGE,75.0,230.0,3.0,0.8037,Grand Rapids,MI,USA,"{'latitude': 42.9632405, 'longitude': -85.6678639, 'fipsCode': '26081'}"
113473,5054105,HighSchool,2023,2507.0,Patrick Valent,John F. Kennedy,Rice,IOL,76.0,290.0,3.0,0.8037,Warren,OH,USA,"{'latitude': 41.237557, 'longitude': -80.818417, 'fipsCode': '39155'}"
113477,5132251,HighSchool,2023,2507.0,Kyle Thomas,Marian Catholic,Northern Illinois,ATH,75.0,160.0,3.0,0.8037,Chicago Heights,IL,USA,"{'latitude': 41.5062834, 'longitude': -87.6357079, 'fipsCode': '17031'}"
113478,5077814,HighSchool,2023,2507.0,Conlan Greene,Penn Trafford,Temple,EDGE,76.0,250.0,3.0,0.8037,Irwin,PA,USA,"{'latitude': 40.3301738, 'longitude': -79.7093339, 'fipsCode': '42129'}"
113475,5067879,HighSchool,2023,2507.0,Mark Hensley,Washington,Northern Illinois,DL,76.0,260.0,3.0,0.8037,Washington,MO,USA,"{'latitude': 38.5581072, 'longitude': -91.0120878, 'fipsCode': '29071'}"
113474,,HighSchool,2023,2507.0,Camren Lindsey,Jones,,IOL,74.0,285.0,3.0,0.8037,Orlando,FL,USA,"{'latitude': 28.5421109, 'longitude': -81.3790304, 'fipsCode': '12095'}"
113479,,HighSchool,2023,2507.0,Willis Anderson,Blount,,IOL,76.0,305.0,3.0,0.8037,Eight Mile,AL,USA,"{'latitude': 30.7635213, 'longitude': -88.126946, 'fipsCode': '01097'}"
113476,5157323,HighSchool,2023,2507.0,Zayden Laing-Taylor,Miami Central,Akron,S,71.0,190.0,3.0,0.8037,Miami,FL,USA,"{'latitude': 25.7742658, 'longitude': -80.1936589, 'fipsCode': '12086'}"
113480,5085344,HighSchool,2023,2515.0,Lajuan Owens,Keller Fossil Ridge,Tulane,IOL,77.0,325.0,3.0,0.803,Keller,TX,USA,"{'latitude': 32.9299655, 'longitude': -97.2271249, 'fipsCode': '48439'}"
113483,5084908,HighSchool,2023,2515.0,Owen DiFranco,Glenbard South,Ohio,EDGE,76.0,210.0,3.0,0.803,Glen Ellyn,IL,USA,"{'latitude': 41.8775293, 'longitude': -88.0670118, 'fipsCode': '17043'}"
113481,5084986,HighSchool,2023,2515.0,Matthew Ogunrin,Katy Tompkins,Tulsa,WR,72.0,170.0,3.0,0.803,Katy,TX,USA,"{'latitude': 29.7857853, 'longitude': -95.8243956, 'fipsCode': '48157'}"
113482,5092259,HighSchool,2023,2515.0,Luke Skartvedt,Roncalli,Northern Illinois,OT,76.0,285.0,3.0,0.803,Indianapolis,IN,USA,"{'latitude': 39.7683331, 'longitude': -86.1583502, 'fipsCode': '18097'}"
113484,5092272,HighSchool,2023,2519.0,Blesyng Alualu-Tuiolemotu,James Campbell,UNLV,LB,74.0,210.0,3.0,0.8022,Ewa Beach,HI,USA,"{'latitude': 21.315603, 'longitude': -158.008804, 'fipsCode': '15003'}"
113486,5122032,HighSchool,2023,2520.0,James Thomas,Fairfield,Bowling Green,DL,78.0,275.0,3.0,0.8006,Fairfield,OH,USA,"{'latitude': 39.3458953, 'longitude': -84.5605031, 'fipsCode': '39017'}"
113487,5155051,HighSchool,2023,2520.0,Gabriel Hardman,Miami Palmetto,South Dakota,LB,71.0,205.0,3.0,0.8006,Miami,FL,USA,"{'latitude': 25.7742658, 'longitude': -80.1936589, 'fipsCode': '12086'}"
113488,,HighSchool,2023,2520.0,Luke Bledsoe,Inglewood,Campbell,IOL,74.0,280.0,3.0,0.8006,Inglewood,CA,USA,"{'latitude': 33.9562003, 'longitude': -118.353132, 'fipsCode': '06037'}"
113489,,HighSchool,2023,2520.0,Rayjohn White,Bishop Amat,Campbell,CB,72.0,180.0,3.0,0.8006,La Puente,CA,USA,"{'latitude': 34.01979, 'longitude': -117.9503677, 'fipsCode': '06037'}"
113485,,HighSchool,2023,2520.0,Anthony Albanez,St. Bonaventure,Campbell,ATH,72.0,195.0,3.0,0.8006,Ventura,CA,USA,"{'latitude': 34.3435092, 'longitude': -119.29560423163717, 'fipsCode': '06111'}"
113490,5122070,HighSchool,2023,2520.0,Jay'shon Thomas,Harris County,Northern Illinois,TE,76.0,220.0,3.0,0.8006,Hamilton,GA,USA,"{'latitude': 32.7579107, 'longitude': -84.8749311, 'fipsCode': '13145'}"
113491,5044349,HighSchool,2023,2526.0,Mekhi Jenkins,Royal Oak,Central Michigan,RB,69.0,185.0,3.0,0.8004,Royal Oak,MI,USA,"{'latitude': 42.4894801, 'longitude': -83.1446485, 'fipsCode': '26125'}"
113492,5089308,HighSchool,2023,2526.0,Broden Sobolewski,St. Thomas Aquinas,Army,IOL,72.0,260.0,3.0,0.8004,Fort Lauderdale,FL,USA,"{'latitude': 26.1223084, 'longitude': -80.1433786, 'fipsCode': '12011'}"
113493,5077670,HighSchool,2023,2526.0,Jackson Grier,St. Thomas Aquinas,Boise State,WR,71.0,175.0,3.0,0.8004,Fort Lauderdale,FL,USA,"{'latitude': 26.1223084, 'longitude': -80.1433786, 'fipsCode': '12011'}"
217267,5125803,HighSchool,2023,2529.0,Miles Tucker,Amador Valley,Wyoming,ATH,72.0,185.0,3.0,0.8,Pleasanton,CA,USA,"{'latitude': 37.6624312, 'longitude': -121.8746789, 'fipsCode': '06001'}"
217268,5159804,HighSchool,2023,2529.0,Shay O'Kelly,Sacred Heart Prep,Utah,LB,73.0,210.0,3.0,0.8,Atherton,CA,USA,"{'latitude': 37.4613272, 'longitude': -122.197743, 'fipsCode': '06081'}"
217225,5120485,HighSchool,2023,2529.0,Quincy Davis,Bishop Gorman,New Mexico State,LB,73.0,200.0,3.0,0.8,Las Vegas,NV,USA,"{'latitude': 36.1672559, 'longitude': -115.1485163, 'fipsCode': '32003'}"
217259,5153061,HighSchool,2023,2529.0,Mason Juergens,Olympia,Washington State,WR,74.0,195.0,3.0,0.8,Olympia,WA,USA,"{'latitude': 47.0451022, 'longitude': -122.8950075, 'fipsCode': '53067'}"
217247,5158917,HighSchool,2023,2529.0,Nick Delgadillo,St. Louis,Hawai'i,WR,72.0,180.0,3.0,0.8,Honolulu,HI,USA,"{'latitude': 21.304547, 'longitude': -157.8556764, 'fipsCode': '15003'}"
217291,5157069,HighSchool,2023,2529.0,Nahmier Robinson,Skyline,Colorado,CB,69.0,170.0,3.0,0.8,Sammamish,WA,USA,"{'latitude': 47.6088445, 'longitude': -122.0423067, 'fipsCode': '53033'}"
217280,5160956,HighSchool,2023,2529.0,Jake Hill,Snow Canyon,BYU,ATH,75.0,195.0,3.0,0.8,St. George,UT,USA,"{'latitude': 37.104153, 'longitude': -113.5841313, 'fipsCode': '49053'}"
217284,5125829,HighSchool,2023,2529.0,DJ Walker,Aliquippa,Ohio,S,73.0,165.0,3.0,0.8,Aliquippa,PA,USA,"{'latitude': 40.6102386, 'longitude': -80.267726, 'fipsCode': '42007'}"
217308,5161148,HighSchool,2023,2529.0,R.J. Stephens,Sacred Heart Prep,California,EDGE,74.0,240.0,3.0,0.8,Atherton,CA,USA,"{'latitude': 37.4613272, 'longitude': -122.197743, 'fipsCode': '06081'}"
217231,5156093,HighSchool,2023,2529.0,Tommy Reese,Mission Viejo,Missouri,LB,73.0,220.0,3.0,0.8,Mission Viejo,CA,USA,"{'latitude': 33.5965685, 'longitude': -117.659405, 'fipsCode': '06059'}"
217304,5121712,HighSchool,2023,2529.0,KT Carter,Desert Edge,Hawai'i,OT,77.0,275.0,3.0,0.8,Goodyear,AZ,USA,"{'latitude': 33.4353672, 'longitude': -112.3576005, 'fipsCode': '04013'}"
113496,5091884,HighSchool,2023,2529.0,Andrew Lowry,Huron Heights,Miami (OH),OT,80.0,285.0,3.0,0.8,Kitchener,ON,Canada,"{'latitude': None, 'longitude': None, 'fipsCode': None}"
217245,,HighSchool,2023,2529.0,Gabe Verdon,Hamilton,,EDGE,74.0,220.0,3.0,0.8,Hamilton,OH,USA,"{'latitude': 39.3995067, 'longitude': -84.5613428, 'fipsCode': '39017'}"
217325,,HighSchool,2023,2529.0,Will Floyd,Seattle Prep,,WR,75.0,175.0,3.0,0.8,Seattle,WA,USA,"{'latitude': 47.6038321, 'longitude': -122.3300624, 'fipsCode': '53033'}"
217322,,HighSchool,2023,2529.0,Eric Butler Jr.,Olathe Northwest,,LB,74.5,200.0,3.0,0.8,Olathe,KS,USA,"{'latitude': 38.8838856, 'longitude': -94.81887, 'fipsCode': '20091'}"
217326,,HighSchool,2023,2529.0,Tyler Chen,Rancho Cucamonga,Utah Tech,IOL,75.0,260.0,3.0,0.8,Rancho Cucamonga,CA,USA,"{'latitude': 34.1033192, 'longitude': -117.5751735, 'fipsCode': '06071'}"
113494,,HighSchool,2023,2529.0,Tyson Wilkerson,Homewood-Flossmoor,Navy,S,74.0,185.0,3.0,0.8,Flossmoor,IL,USA,"{'latitude': 41.5428123, 'longitude': -87.6847684, 'fipsCode': '17031'}"
217321,,HighSchool,2023,2529.0,Micah Beckstead,Timpview,,RB,71.0,206.0,3.0,0.8,Provo,UT,USA,"{'latitude': 40.2338438, 'longitude': -111.6585337, 'fipsCode': '49049'}"
217320,,HighSchool,2023,2529.0,TJ Martin,St Mark's,,RB,71.0,205.0,3.0,0.8,Wilmington,DE,USA,"{'latitude': 39.7459468, 'longitude': -75.546589, 'fipsCode': '10003'}"
217319,,HighSchool,2023,2529.0,Vuciri Hakim,Shanley,North Dakota,WR,77.0,190.0,3.0,0.8,Fargo,ND,USA,"{'latitude': 46.877229, 'longitude': -96.789821, 'fipsCode': '38017'}"
217317,,HighSchool,2023,2529.0,Dominic Lopez,Edison,,LB,72.0,200.0,3.0,0.8,Huntington Beach,CA,USA,"{'latitude': 33.6783336, 'longitude': -118.0000166, 'fipsCode': '06059'}"
217316,,HighSchool,2023,2529.0,Jomar Brown,Tennyson,,CB,71.0,165.0,3.0,0.8,Hayward,CA,USA,"{'latitude': 37.6688205, 'longitude': -122.0807964, 'fipsCode': '06001'}"
217315,,HighSchool,2023,2529.0,AJ Vandermade,Huntington Beach,,ATH,71.0,165.0,3.0,0.8,Huntington Beach,CA,USA,"{'latitude': 33.6783336, 'longitude': -118.0000166, 'fipsCode': '06059'}"
217314,,HighSchool,2023,2529.0,Daveon Estes,Brooke Point,,ATH,73.0,170.0,3.0,0.8,Stafford,VA,USA,"{'latitude': 38.4222681, 'longitude': -77.4084067, 'fipsCode': '51179'}"
217313,,HighSchool,2023,2529.0,Clayton Zentner,Norco,,CB,72.0,180.0,3.0,0.8,Norco,CA,USA,"{'latitude': 33.9323307, 'longitude': -117.5508901, 'fipsCode': '06065'}"
217312,,HighSchool,2023,2529.0,Garrett Bass-Sulpizio,La Jolla Country Day,,QB,77.0,215.0,3.0,0.8,La Jolla,CA,USA,"{'latitude': 32.83259, 'longitude': -117.2716839, 'fipsCode': '06073'}"
217311,,HighSchool,2023,2529.0,Emmerson Cortez,Salinas,Idaho,WR,74.0,185.0,3.0,0.8,Salinas,CA,USA,"{'latitude': 36.6744117, 'longitude': -121.6550372, 'fipsCode': '06053'}"
217310,,HighSchool,2023,2529.0,Kian Salehi,Notre Dame,Cal Poly,WR,72.0,180.0,3.0,0.8,Sherman Oaks,CA,USA,"{'latitude': 34.1508718, 'longitude': -118.4489865, 'fipsCode': '06037'}"
217309,,HighSchool,2023,2529.0,Jack Morton,James Logan,,WR,73.0,170.0,3.0,0.8,Union City,CA,USA,"{'latitude': 37.5963232, 'longitude': -122.0816297, 'fipsCode': '06001'}"
217307,,HighSchool,2023,2529.0,Clay Oven,Billings Central Catholic,Montana,LB,74.0,200.0,3.0,0.8,Billings,MT,USA,"{'latitude': 45.7874957, 'longitude': -108.49607, 'fipsCode': '30111'}"
217306,,HighSchool,2023,2529.0,Jose Soto,Tulare Western,Sacramento State,IOL,75.0,265.0,3.0,0.8,Tulare,CA,USA,"{'latitude': 36.2077351, 'longitude': -119.3473421, 'fipsCode': '06107'}"
217305,,HighSchool,2023,2529.0,Derek Smith,St. Margaret's Episcopal School,,WR,72.0,165.0,3.0,0.8,San Juan Capistrano,CA,USA,"{'latitude': 33.5016932, 'longitude': -117.6625509, 'fipsCode': '06059'}"
217303,,HighSchool,2023,2529.0,Braeden Kaczmarek,Red Mountain,Northern Arizona,EDGE,75.5,250.0,3.0,0.8,Mesa,AZ,USA,"{'latitude': 33.4151117, 'longitude': -111.8314773, 'fipsCode': '04013'}"
217302,,HighSchool,2023,2529.0,Parker Awad,Edison,,QB,73.0,185.0,3.0,0.8,Huntington Beach,CA,USA,"{'latitude': 33.6783336, 'longitude': -118.0000166, 'fipsCode': '06059'}"
217301,,HighSchool,2023,2529.0,Josh Jornadal,JSerra Catholic,,WR,70.0,170.0,3.0,0.8,San Juan Capistrano,CA,USA,"{'latitude': 33.5016932, 'longitude': -117.6625509, 'fipsCode': '06059'}"
217300,,HighSchool,2023,2529.0,Kaylon Miller,Calabasas,USC,DL,73.0,250.0,3.0,0.8,Calabasas,CA,USA,"{'latitude': 34.1446643, 'longitude': -118.6440973, 'fipsCode': '06037'}"
217263,5153069,HighSchool,2023,2529.0,Luke Leighton,Sheldon,Washington State,ATH,77.0,190.0,3.0,0.8,Eugene,OR,USA,"{'latitude': 44.0505054, 'longitude': -123.0950506, 'fipsCode': '41039'}"
217298,,HighSchool,2023,2529.0,Enzo Benzan,San Juan Hills,,IOL,75.0,280.0,3.0,0.8,San Juan Capistrano,CA,USA,"{'latitude': 33.5016932, 'longitude': -117.6625509, 'fipsCode': '06059'}"
217297,,HighSchool,2023,2529.0,Brady Norton,Mission Viejo,Cal Poly,OT,76.0,270.0,3.0,0.8,Mission Viejo,CA,USA,"{'latitude': 33.5965685, 'longitude': -117.659405, 'fipsCode': '06059'}"
217296,,HighSchool,2023,2529.0,Andy Devine,Mission Hills,,LB,75.0,210.0,3.0,0.8,San Marcos,CA,USA,"{'latitude': 33.1433723, 'longitude': -117.1661449, 'fipsCode': '06073'}"
217295,,HighSchool,2023,2529.0,Zach Diebner,Monte Vista,UC Davis,WR,74.0,180.0,3.0,0.8,Danville,CA,USA,"{'latitude': 37.8215929, 'longitude': -121.9999606, 'fipsCode': '06013'}"
217293,,HighSchool,2023,2529.0,Jared Barlow,St. Bonaventure,Cal Poly,LB,74.0,212.0,3.0,0.8,Ventura,CA,USA,"{'latitude': 34.3435092, 'longitude': -119.29560423163717, 'fipsCode': '06111'}"
217292,,HighSchool,2023,2529.0,Calvin Macy,Lake Oswego,Air Force,LB,74.0,200.0,3.0,0.8,Lake Oswego,OR,USA,"{'latitude': 45.4206749, 'longitude': -122.6706498, 'fipsCode': '41005'}"
217290,,HighSchool,2023,2529.0,Maki Piper,Federal Way,,LB,74.0,217.0,3.0,0.8,Federal Way,WA,USA,"{'latitude': 47.313494, 'longitude': -122.3393103, 'fipsCode': '53033'}"
217289,,HighSchool,2023,2529.0,Brian Butler,San Marcos,,EDGE,74.0,235.0,3.0,0.8,San Marcos,CA,USA,"{'latitude': 33.1433723, 'longitude': -117.1661449, 'fipsCode': '06073'}"
217288,,HighSchool,2023,2529.0,Antonio Fondren,Osseo Senior,,IOL,76.0,270.0,3.0,0.8,Osseo,MN,USA,"{'latitude': 45.11715785, 'longitude': -93.39877096552499, 'fipsCode': '27053'}"
217287,,HighSchool,2023,2529.0,Nathan Gonzales,Warren,,EDGE,76.0,205.0,3.0,0.8,Downey,CA,USA,"{'latitude': 33.942215, 'longitude': -118.1235646, 'fipsCode': '06037'}"
217286,,HighSchool,2023,2529.0,Donovan Comestro,Santa Margarita Catholic,,CB,72.0,180.0,3.0,0.8,Rancho Santa Margarita,CA,USA,"{'latitude': 33.6408845, 'longitude': -117.6029341, 'fipsCode': '06059'}"
217285,,HighSchool,2023,2529.0,Jai Hundley,Oak Ridge,Navy,RB,69.0,195.0,3.0,0.8,Oak Ridge,TN,USA,"{'latitude': 36.0103562, 'longitude': -84.2696449, 'fipsCode': '47001'}"
217282,,HighSchool,2023,2529.0,Chase Allen-Jackman,Fayette,,WR,75.0,180.0,3.0,0.8,Fayette,MO,,"{'latitude': None, 'longitude': None, 'fipsCode': None}"
217281,,HighSchool,2023,2529.0,John Chung,Sacred Heart Prep,Harvard,S,72.0,180.0,3.0,0.8,Atherton,CA,USA,"{'latitude': 37.4613272, 'longitude': -122.197743, 'fipsCode': '06081'}"
217279,,HighSchool,2023,2529.0,Jamari Thomas,Huron,,WR,74.0,180.0,3.0,0.8,Ann Arbor,MI,USA,"{'latitude': 42.2681569, 'longitude': -83.7312291, 'fipsCode': '26161'}"
217278,,HighSchool,2023,2529.0,Jacob Kilzer,Maple Grove,Air Force,QB,75.0,196.0,3.0,0.8,Osseo,MN,USA,"{'latitude': 45.11715785, 'longitude': -93.39877096552499, 'fipsCode': '27053'}"
217277,,HighSchool,2023,2529.0,Viliamu Toilolo,Kahuku,,CB,72.0,160.0,3.0,0.8,Kahuku,HI,USA,"{'latitude': 21.679124, 'longitude': -157.94838, 'fipsCode': '15003'}"
217276,,HighSchool,2023,2529.0,Cody Going,Mission Viejo,,IOL,75.0,285.0,3.0,0.8,Mission Viejo,CA,USA,"{'latitude': 33.5965685, 'longitude': -117.659405, 'fipsCode': '06059'}"
217275,,HighSchool,2023,2529.0,Langston Taylor,Charter Oak,,CB,70.0,170.0,3.0,0.8,Covina,CA,USA,"{'latitude': 34.1024, 'longitude': -117.85486499999999, 'fipsCode': '06037'}"
217273,,HighSchool,2023,2529.0,Paul Kessler,Venice,,QB,77.0,215.0,3.0,0.8,Los Angeles,CA,USA,"{'latitude': 34.0536909, 'longitude': -118.2427666, 'fipsCode': '06037'}"
217272,,HighSchool,2023,2529.0,Jazel Riley IV,Golden,Portland State,QB,73.0,210.0,3.0,0.8,Golden,CO,USA,"{'latitude': 39.755543, 'longitude': -105.2210997, 'fipsCode': '08059'}"
217270,,HighSchool,2023,2529.0,Xavier Lloyd,Palmetto Academy,Savannah State,IOL,74.0,270.0,3.0,0.8,Durham,NC,USA,"{'latitude': 35.996653, 'longitude': -78.9018053, 'fipsCode': '37063'}"
217269,,HighSchool,2023,2529.0,Luchi Casale,Los Gatos,,LB,75.0,220.0,3.0,0.8,Los Gatos,CA,USA,"{'latitude': 37.226611, 'longitude': -121.9746797, 'fipsCode': '06085'}"
217265,,HighSchool,2023,2529.0,Sanborne Melson,Jefferson,Idaho State,CB,72.0,165.0,3.0,0.8,Portland,OR,USA,"{'latitude': 45.5202471, 'longitude': -122.6741949, 'fipsCode': '41051'}"
217264,,HighSchool,2023,2529.0,Jani Weir,Skyline,Eastern Washington,WR,69.0,155.0,3.0,0.8,Sammamish,WA,USA,"{'latitude': 47.6088445, 'longitude': -122.0423067, 'fipsCode': '53033'}"
217262,,HighSchool,2023,2529.0,Zachary Nyland,Owyhee,Montana State,OT,76.0,300.0,3.0,0.8,Meridian,ID,USA,"{'latitude': 43.6086295, 'longitude': -116.392326, 'fipsCode': '16001'}"
217261,,HighSchool,2023,2529.0,Graham Smith,Lyons Township,Yale,ATH,77.0,210.0,3.0,0.8,La Grange,IL,USA,"{'latitude': 41.8054577, 'longitude': -87.8748644, 'fipsCode': '17031'}"
217260,,HighSchool,2023,2529.0,Elijah Brady,West Seattle,Montana,CB,71.0,170.0,3.0,0.8,Seattle,WA,USA,"{'latitude': 47.6038321, 'longitude': -122.3300624, 'fipsCode': '53033'}"
217258,,HighSchool,2023,2529.0,DJ Overstreet,Mater Dei Catholic,,S,70.0,175.0,3.0,0.8,Chula Vista,CA,USA,"{'latitude': 32.6400541, 'longitude': -117.0841955, 'fipsCode': '06073'}"
217256,,HighSchool,2023,2529.0,Nico Mosley,Mater Dei Catholic,,RB,68.0,175.0,3.0,0.8,Chula Vista,CA,USA,"{'latitude': 32.6400541, 'longitude': -117.0841955, 'fipsCode': '06073'}"
217255,,HighSchool,2023,2529.0,Joaqinn Thomas,Granite Hills,,ATH,69.0,175.0,3.0,0.8,El Cajon,CA,USA,"{'latitude': 32.7947731, 'longitude': -116.9625269, 'fipsCode': '06073'}"
217254,,HighSchool,2023,2529.0,William Robinson,St. Ignatius,,DL,77.0,240.0,3.0,0.8,Cleveland,OH,USA,"{'latitude': 41.5051613, 'longitude': -81.6934446, 'fipsCode': '39035'}"
217253,,HighSchool,2023,2529.0,Roman Hutchinson,Federal Way,,S,74.0,175.0,3.0,0.8,Federal Way,WA,USA,"{'latitude': 47.313494, 'longitude': -122.3393103, 'fipsCode': '53033'}"
217252,,HighSchool,2023,2529.0,Ethan Clemons,Calabasas,,ATH,72.0,180.0,3.0,0.8,Calabasas,CA,USA,"{'latitude': 34.1446643, 'longitude': -118.6440973, 'fipsCode': '06037'}"
217251,,HighSchool,2023,2529.0,DeAndre Woolens,Withrow,,DL,74.0,260.0,3.0,0.8,Cincinnati,OH,USA,"{'latitude': 39.1014537, 'longitude': -84.5124602, 'fipsCode': '39061'}"
217250,,HighSchool,2023,2529.0,Gavin Shaigineik,Tesoro,,QB,73.0,160.0,3.0,0.8,Rancho Santa Margarita,CA,USA,"{'latitude': 33.6408845, 'longitude': -117.6029341, 'fipsCode': '06059'}"
217249,,HighSchool,2023,2529.0,Ben Durham,Santa Margarita Catholic,,S,72.0,205.0,3.0,0.8,Rancho Santa Margarita,CA,USA,"{'latitude': 33.6408845, 'longitude': -117.6029341, 'fipsCode': '06059'}"
217248,,HighSchool,2023,2529.0,Keivin Boone-Nelson,Inderkum,,ATH,71.0,160.0,3.0,0.8,Sacramento,CA,USA,"{'latitude': 38.5815719, 'longitude': -121.4943996, 'fipsCode': '06067'}"
217246,,HighSchool,2023,2529.0,Jake Foye,Santa Margarita Catholic,,RB,70.0,195.0,3.0,0.8,Rancho Santa Margarita,CA,USA,"{'latitude': 33.6408845, 'longitude': -117.6029341, 'fipsCode': '06059'}"
217243,,HighSchool,2023,2529.0,Davonte Johnson,Kenwood Academy,,ATH,71.0,170.0,3.0,0.8,Chicago,IL,USA,"{'latitude': 41.8755616, 'longitude': -87.6244212, 'fipsCode': '17031'}"
217242,,HighSchool,2023,2529.0,Samaje Featherstone,Freedom,,RB,69.0,180.0,3.0,0.8,Oakley,CA,USA,"{'latitude': 37.9974219, 'longitude': -121.7124536, 'fipsCode': '06013'}"
217241,,HighSchool,2023,2529.0,Max Bateman,Lone Peak,,ATH,75.0,215.0,3.0,0.8,American Fork,UT,USA,"{'latitude': 40.3768954, 'longitude': -111.7957645, 'fipsCode': '49049'}"
217240,,HighSchool,2023,2529.0,Devin Samples,Long Beach Poly,,RB,67.0,190.0,3.0,0.8,Long Beach,CA,USA,"{'latitude': 33.7690164, 'longitude': -118.1916048, 'fipsCode': '06037'}"
217239,,HighSchool,2023,2529.0,Adrien Chargualaf,Steele Canyon,,S,71.0,185.0,3.0,0.8,Spring Valley,CA,USA,"{'latitude': 39.0800023, 'longitude': -122.5963989, 'fipsCode': '06033'}"
217238,,HighSchool,2023,2529.0,Dereun Dortch,San Jacinto,,QB,72.0,200.0,3.0,0.8,San Jacinto,CA,USA,"{'latitude': 33.7839664, 'longitude': -116.9589086, 'fipsCode': '06065'}"
217237,,HighSchool,2023,2529.0,Jonathan Becerra,Mission Viejo,,EDGE,74.0,230.0,3.0,0.8,Mission Viejo,CA,USA,"{'latitude': 33.5965685, 'longitude': -117.659405, 'fipsCode': '06059'}"
217236,,HighSchool,2023,2529.0,Dixon Ryan,Faith Lutheran,,EDGE,77.0,250.0,3.0,0.8,Las Vegas,NV,USA,"{'latitude': 36.1672559, 'longitude': -115.1485163, 'fipsCode': '32003'}"
217235,,HighSchool,2023,2529.0,Kassius Ashtiani,Los Alamitos,,WR,69.0,150.0,3.0,0.8,Los Alamitos,CA,USA,"{'latitude': 33.8038865, 'longitude': -118.0772433, 'fipsCode': '06059'}"
217234,,HighSchool,2023,2529.0,Charleston French,Amory,,RB,69.0,195.0,3.0,0.8,Amory,MS,USA,"{'latitude': 33.9842768, 'longitude': -88.488099, 'fipsCode': '28095'}"
217233,,HighSchool,2023,2529.0,Sean Hodges II,Cass Technical,Grand Valley State,ATH,68.0,162.0,3.0,0.8,Detroit,MI,USA,"{'latitude': 42.3315509, 'longitude': -83.0466403, 'fipsCode': '26163'}"
217232,,HighSchool,2023,2529.0,Mason Hayes,Kennedy Catholic,Air Force,ATH,74.0,205.0,3.0,0.8,Burien,WA,USA,"{'latitude': 47.469918, 'longitude': -122.3485274, 'fipsCode': '53033'}"
217230,,HighSchool,2023,2529.0,Joseph Chavez,Folsom,San Diego,S,72.0,175.0,3.0,0.8,Folsom,CA,USA,"{'latitude': 38.6779591, 'longitude': -121.1760583, 'fipsCode': '06067'}"
217229,,HighSchool,2023,2529.0,Aaron Woodard,El Cerrito,,CB,69.0,165.0,3.0,0.8,El Cerrito,CA,USA,"{'latitude': 37.9154056, 'longitude': -122.301411, 'fipsCode': '06013'}"
217228,,HighSchool,2023,2529.0,Cade Clyde,Connell,Weber State,TE,75.0,250.0,3.0,0.8,Connell,WA,USA,"{'latitude': 46.6603954, 'longitude': -118.8611976, 'fipsCode': '53021'}"
217227,,HighSchool,2023,2529.0,Chip Allers,Summit,Stanford,LB,75.0,212.0,3.0,0.8,Bend,OR,USA,"{'latitude': 44.0581728, 'longitude': -121.3153096, 'fipsCode': '41017'}"
217226,,HighSchool,2023,2529.0,Marcos Jaquez,Adolfo Camarillo,,DL,74.0,240.0,3.0,0.8,Camarillo,CA,USA,"{'latitude': 34.2164099, 'longitude': -119.0376573, 'fipsCode': '06111'}"
217224,,HighSchool,2023,2529.0,Bryson Reeves,Portland,,IOL,73.0,250.0,3.0,0.8,Hendersonville,TN,USA,"{'latitude': 36.3049177, 'longitude': -86.621443, 'fipsCode': '47165'}"
217222,,HighSchool,2023,2529.0,Rollin George,Mater Dei Catholic,,WR,73.0,180.0,3.0,0.8,Chula Vista,CA,USA,"{'latitude': 32.6400541, 'longitude': -117.0841955, 'fipsCode': '06073'}"
217221,,HighSchool,2023,2529.0,Ryan Adams,St. Peter's Prep,,CB,71.0,170.0,3.0,0.8,Jersey City,NJ,USA,"{'latitude': 40.7281575, 'longitude': -74.0776417, 'fipsCode': '34017'}"
217220,,HighSchool,2023,2529.0,Kahi Graham,St. Louis,,QB,72.0,190.0,3.0,0.8,Honolulu,HI,USA,"{'latitude': 21.304547, 'longitude': -157.8556764, 'fipsCode': '15003'}"
217219,,HighSchool,2023,2529.0,Jamil Thomas,Huron,,S,73.0,195.0,3.0,0.8,Ann Arbor,MI,USA,"{'latitude': 42.2681569, 'longitude': -83.7312291, 'fipsCode': '26161'}"
217218,,HighSchool,2023,2529.0,Grant Larkin,Neuqua Valley,Northern Iowa,ATH,72.0,180.0,3.0,0.8,Naperville,IL,USA,"{'latitude': 41.7728699, 'longitude': -88.1479278, 'fipsCode': '17043'}"
217217,,HighSchool,2023,2529.0,Kai Hall,St. Vincent de Paul,,RB,68.0,180.0,3.0,0.8,Petaluma,CA,USA,"{'latitude': 38.270022, 'longitude': -122.60612241304348, 'fipsCode': '06097'}"
217216,,HighSchool,2023,2529.0,Aava Lilomaiava,Compton,,LB,72.0,215.0,3.0,0.8,Compton,CA,USA,"{'latitude': 33.894927, 'longitude': -118.226624, 'fipsCode': '06037'}"
217215,,HighSchool,2023,2529.0,Gage Tanner,Rocky Mountain,BYU,LB,73.0,210.0,3.0,0.8,Meridian,ID,USA,"{'latitude': 43.6086295, 'longitude': -116.392326, 'fipsCode': '16001'}"
217214,,HighSchool,2023,2529.0,Michael Dincher,State College Area,,IOL,75.0,290.0,3.0,0.8,State College,PA,USA,"{'latitude': 40.7944504, 'longitude': -77.8616386, 'fipsCode': '42027'}"
217213,,HighSchool,2023,2529.0,Gavin Porch,Los Alamitos,,WR,69.0,160.0,3.0,0.8,Los Alamitos,CA,USA,"{'latitude': 33.8038865, 'longitude': -118.0772433, 'fipsCode': '06059'}"
217271,5165725,HighSchool,2023,2529.0,Steven Curtis,Cardinal Newman,Illinois State,ATH,77.0,230.0,3.0,0.8,West Palm Beach,FL,USA,"{'latitude': 26.715364, 'longitude': -80.0532942, 'fipsCode': '12099'}"
217266,5165145,HighSchool,2023,2529.0,Dallas Afalava,Rainier Beach,Idaho,DL,75.0,250.0,3.0,0.8,Seattle,WA,USA,"{'latitude': 47.6038321, 'longitude': -122.3300624, 'fipsCode': '53033'}"
217274,5163561,HighSchool,2023,2529.0,Anthony Alonzo,Oakland Tech,Bethune-Cookman,ATH,71.0,180.0,3.0,0.8,Oakland,CA,USA,"{'latitude': 37.8044557, 'longitude': -122.2713563, 'fipsCode': '06001'}"
217223,5153754,HighSchool,2023,2529.0,Jordyn Potts,Powell,Tennessee Tech,QB,72.0,175.0,3.0,0.8,Powell,TN,USA,"{'latitude': 36.0317472, 'longitude': -84.0279677, 'fipsCode': '47093'}"
217257,5152779,HighSchool,2023,2529.0,Elijah Eason,Bullard,Portland State,EDGE,77.0,235.0,3.0,0.8,Fresno,CA,USA,"{'latitude': 36.7295295, 'longitude': -119.70886126075588, 'fipsCode': '06019'}"
113495,5165136,HighSchool,2023,2529.0,Ethan Beard,Meridian,Idaho,S,75.0,175.0,3.0,0.8,Meridian,ID,USA,"{'latitude': 43.6086295, 'longitude': -116.392326, 'fipsCode': '16001'}"
217324,5150713,HighSchool,2023,2529.0,Ryan Rudzinski,Bishop Watterson,Ohio State,ATH,76.0,190.0,3.0,0.8,Columbus,OH,USA,"{'latitude': 39.9622601, 'longitude': -83.0007065, 'fipsCode': '39049'}"
217283,5121469,HighSchool,2023,2529.0,Landon Hron,Hartford,Northern Illinois,IOL,75.0,325.0,3.0,0.8,Hartford,WI,USA,"{'latitude': 43.3177776, 'longitude': -88.378857, 'fipsCode': '55131'}"
113497,5093005,HighSchool,2023,2529.0,Troy Pikes,Mays,Georgia Southern,DL,75.0,270.0,3.0,0.8,Atlanta,GA,USA,"{'latitude': 33.7490987, 'longitude': -84.3901849, 'fipsCode': '13121'}"
217294,5151886,HighSchool,2023,2529.0,Jake Mason,Ferndale,Washington,EDGE,75.0,240.0,3.0,0.8,Ferndale,WA,USA,"{'latitude': 48.8466698, 'longitude': -122.5897235, 'fipsCode': '53073'}"
217244,5154781,HighSchool,2023,2529.0,Allen Middleton,Mascoutah,Southern Illinois,WR,71.0,180.0,3.0,0.8,Mascoutah,IL,USA,"{'latitude': 38.490327, 'longitude': -89.793154, 'fipsCode': '17163'}"
217323,5150545,HighSchool,2023,2529.0,Nolan Clement,Desert Mountain,Arizona,EDGE,76.0,220.0,3.0,0.8,Scottsdale,AZ,USA,"{'latitude': 33.4942189, 'longitude': -111.9260184, 'fipsCode': '04013'}"
217299,5150779,HighSchool,2023,2529.0,Brady Sarkisian,Corona Del Mar,Texas,LB,73.0,230.0,3.0,0.8,Newport Beach,CA,USA,"{'latitude': 33.6170092, 'longitude': -117.9294401, 'fipsCode': '06059'}"
217318,5125730,HighSchool,2023,2529.0,Darrien Jones,Park Hill South,UNLV,RB,72.0,195.0,3.0,0.8,Riverside,MO,USA,"{'latitude': 39.1775032, 'longitude': -94.6130121, 'fipsCode': '29165'}"
217327,5125587,HighSchool,2023,2529.0,Cameron Mackey,Clarksdale,Southern Miss,DL,74.0,290.0,3.0,0.8,Clarksdale,MS,USA,"{'latitude': 34.2006479, 'longitude': -90.5702071, 'fipsCode': '28027'}"
113498,5109796,HighSchool,2023,2648.0,Ke'Vion Wellington,North Central,Eastern Michigan,DL,74.0,260.0,3.0,0.7996,Indianapolis,IN,USA,"{'latitude': 39.7683331, 'longitude': -86.1583502, 'fipsCode': '18097'}"
113499,5078046,HighSchool,2023,2648.0,Aidan Johnson,Our Lady of Good Counsel,Ohio,OT,75.0,300.0,3.0,0.7996,Olney,MD,USA,"{'latitude': 39.1532123, 'longitude': -77.0668408, 'fipsCode': '24031'}"
113500,5103799,HighSchool,2023,2648.0,Casey Bending,Fremd,Northern Illinois,DL,76.0,230.0,3.0,0.7996,Palatine,IL,USA,"{'latitude': 42.1105779, 'longitude': -88.0336888, 'fipsCode': '17031'}"
113501,5074203,HighSchool,2023,2651.0,Tyson Berry,Tyler Chapel Hill,San Diego State,WR,67.0,160.0,3.0,0.7989,Tyler,TX,USA,"{'latitude': 32.3512601, 'longitude': -95.3010624, 'fipsCode': '48423'}"
113503,5077637,HighSchool,2023,2651.0,James Falk,The Haverford School,Rice,TE,78.0,235.0,3.0,0.7989,Haverford,PA,USA,"{'latitude': 40.0131672, 'longitude': -75.2943516, 'fipsCode': '42091'}"
113502,5220597,HighSchool,2023,2651.0,Greco Carrillo,Folsom,San José State,S,69.0,165.0,3.0,0.7989,Folsom,CA,USA,"{'latitude': 38.6779591, 'longitude': -121.1760583, 'fipsCode': '06067'}"
113504,5121714,HighSchool,2023,2654.0,Reese Keeney,Farragut,Rice,P,71.0,175.0,3.0,0.7989,Knoxville,TN,USA,"{'latitude': 35.9603948, 'longitude': -83.9210261, 'fipsCode': '47093'}"
113508,5114312,HighSchool,2023,2655.0,Will Monney,Springville,Utah State,TE,76.0,205.0,3.0,0.7983,Springville,UT,USA,"{'latitude': 40.1668572, 'longitude': -111.6109221, 'fipsCode': '49049'}"
113505,5092241,HighSchool,2023,2655.0,Jake Eldridge,IMG Academy,Rutgers,LS,72.0,190.0,3.0,0.7983,Bradenton,FL,USA,"{'latitude': 27.4989278, 'longitude': -82.5748194, 'fipsCode': '12081'}"
113507,5152410,HighSchool,2023,2655.0,Scooter Jackson,Warren,Utah Tech,CB,74.0,180.0,3.0,0.7983,Downey,CA,USA,"{'latitude': 33.942215, 'longitude': -118.1235646, 'fipsCode': '06037'}"
113509,5158372,HighSchool,2023,2655.0,Gavin Noe,Anderson County,Navy,LB,74.0,220.0,3.0,0.7983,Clinton,TN,USA,"{'latitude': 36.1034126, 'longitude': -84.1318632, 'fipsCode': '47001'}"
113506,,HighSchool,2023,2655.0,Michael Petro,Flower Mound Marcus,,K,69.0,175.0,3.0,0.7983,Flower Mound,TX,USA,"{'latitude': 33.0283854, 'longitude': -97.0867203, 'fipsCode': '48121'}"
113511,5092260,HighSchool,2023,2660.0,Jalen Thomeson,Center Grove,Ohio,ATH,71.0,180.0,2.0,0.7963,Greenwood,IN,USA,"{'latitude': 39.6136578, 'longitude': -86.1066526, 'fipsCode': '18081'}"
113512,5077369,HighSchool,2023,2660.0,Jamari Allen,De La Salle Collegiate,Central Michigan,ATH,73.0,160.0,2.0,0.7963,Warren,MI,USA,"{'latitude': 42.4932575, 'longitude': -83.0062746, 'fipsCode': '26099'}"
113515,385738,HighSchool,2023,2660.0,Jacob Johnson,St Pauls School,Southern Miss,LB,74.0,200.0,2.0,0.7963,Covington,LA,USA,"{'latitude': 30.4754702, 'longitude': -90.1009108, 'fipsCode': '21117'}"
113514,5091879,HighSchool,2023,2660.0,John Burke,Sault Area,Central Michigan,IOL,75.0,290.0,2.0,0.7963,Sault Sainte Marie,MI,USA,"{'latitude': 46.490586, 'longitude': -84.359269, 'fipsCode': '26033'}"
113510,5220052,HighSchool,2023,2660.0,Jaivian Norman,Springfield,Eastern Michigan,S,70.0,184.0,2.0,0.7963,Springfield,OH,USA,"{'latitude': 39.9242266, 'longitude': -83.8088172, 'fipsCode': '39023'}"
113513,5078048,HighSchool,2023,2660.0,Isaac Lucas,Ursuline,Ball State,IOL,76.0,280.0,2.0,0.7963,Youngstown,OH,USA,"{'latitude': 41.1035786, 'longitude': -80.6520161, 'fipsCode': '39099'}"
113516,5092274,HighSchool,2023,2666.0,Jake Davies,Yorkville,Wyoming,TE,78.0,237.0,2.0,0.7956,Yorkville,IL,USA,"{'latitude': 41.6411409, 'longitude': -88.4472948, 'fipsCode': '06045'}"
113517,,HighSchool,2023,2667.0,Kade Steadman,Rocky Mountain,Air Force,DL,74.0,240.0,2.0,0.795,Meridian,ID,USA,"{'latitude': 43.6086295, 'longitude': -116.392326, 'fipsCode': '16001'}"
113519,,HighSchool,2023,2667.0,Derrick Matlock II,Detroit Edison,Air Force,DL,75.0,245.0,2.0,0.795,Detroit,MI,USA,"{'latitude': 42.3315509, 'longitude': -83.0466403, 'fipsCode': '26163'}"
113518,5120411,HighSchool,2023,2667.0,Luke Griskey,Huntley,San José State,OT,77.0,260.0,2.0,0.795,Huntley,IL,USA,"{'latitude': 42.1722503, 'longitude': -88.42692, 'fipsCode': '17111'}"
113520,4908596,HighSchool,2023,2670.0,Austin Gonzalez,Lovejoy,Southern Miss,QB,70.0,170.0,2.0,0.7942,Lucas,TX,USA,"{'latitude': 33.0842854, 'longitude': -96.5766577, 'fipsCode': '48085'}"
113521,5076109,HighSchool,2023,2671.0,Andrew Page,Noblesville,Kent State,IOL,75.5,325.0,2.0,0.7937,Noblesville,IN,USA,"{'latitude': 40.0455918, 'longitude': -86.0085955, 'fipsCode': '18057'}"
113525,5124331,HighSchool,2023,2672.0,Nathan Hale,Orange Lutheran,San José State,OT,76.0,275.0,2.0,0.7933,Orange,CA,USA,"{'latitude': 33.7872568, 'longitude': -117.8503088, 'fipsCode': '06059'}"
113523,5125784,HighSchool,2023,2672.0,Tyler Jacklich,Central Catholic,Wyoming,LB,74.0,202.0,2.0,0.7933,Modesto,CA,USA,"{'latitude': 37.6390972, 'longitude': -120.9968782, 'fipsCode': '06099'}"
113522,5121169,HighSchool,2023,2672.0,Darian Mensah,St. Joseph,Tulane,QB,75.0,215.0,2.0,0.7933,San Luis Obispo,CA,USA,"{'latitude': 35.2827525, 'longitude': -120.6596156, 'fipsCode': '06079'}"
113524,5220607,HighSchool,2023,2672.0,Kade Millard,Foothill,San José State,LB,75.0,215.0,2.0,0.7933,Pleasanton,CA,USA,"{'latitude': 37.6624312, 'longitude': -121.8746789, 'fipsCode': '06001'}"
113526,5092277,HighSchool,2023,2676.0,Quinn Grovesteen-Matchey,Evansville,Wyoming,OT,78.0,260.0,2.0,0.793,Evansville,WI,USA,"{'latitude': None, 'longitude': None, 'fipsCode': None}"
113527,5122016,HighSchool,2023,2677.0,Junior Poyser,Williston Northampton School,Buffalo,DL,74.0,315.0,2.0,0.7906,Easthampton,MA,USA,"{'latitude': 42.2689274, 'longitude': -72.6688036, 'fipsCode': '25015'}"
113528,5154578,HighSchool,2023,2678.0,Tyson Cooreman,Randolph Secondary,Northern Iowa,ATH,76.0,210.0,2.0,0.79,Randolph,MN,USA,"{'latitude': None, 'longitude': None, 'fipsCode': None}"
217422,5086232,HighSchool,2023,2678.0,Tim Kloska,West Catholic,Army,ATH,72.0,220.0,2.0,0.79,Grand Rapids,MI,USA,"{'latitude': 42.9632405, 'longitude': -85.6678639, 'fipsCode': '26081'}"
217391,5151345,HighSchool,2023,2678.0,Akio Martinson,Del Oro,San José State,DL,75.0,280.0,2.0,0.79,Loomis,CA,USA,"{'latitude': 38.8212889, 'longitude': -121.1930041, 'fipsCode': '06061'}"
217350,5125802,HighSchool,2023,2678.0,Ryan Ramey,Fort Bend Ridge Point,Old Dominion,CB,71.0,170.0,2.0,0.79,Missouri City,TX,USA,"{'latitude': 29.6185669, 'longitude': -95.5377215, 'fipsCode': '48157'}"
217378,5168759,HighSchool,2023,2678.0,Dylan Van,Christian Brothers College,Western Illinois,RB,72.0,175.0,2.0,0.79,St. Louis,MO,USA,"{'latitude': 38.6268039, 'longitude': -90.1994097, 'fipsCode': '29510'}"
113530,5238872,HighSchool,2023,2678.0,Jaylin Reese,East Ridge,Air Force,LB,75.0,225.0,2.0,0.79,Saint Paul,MN,USA,"{'latitude': 44.9504037, 'longitude': -93.1015026, 'fipsCode': '27123'}"
217426,5150370,HighSchool,2023,2678.0,Teddy Williams,Grand Ledge,Army,TE,78.0,235.0,2.0,0.79,Grand Ledge,MI,USA,"{'latitude': 42.7533685, 'longitude': -84.7463757, 'fipsCode': '26045'}"
217429,5159139,HighSchool,2023,2678.0,Donovan Faupel,Corona Centennial,New Mexico State,WR,73.0,195.0,2.0,0.79,Corona,CA,USA,"{'latitude': 33.8752945, 'longitude': -117.5664449, 'fipsCode': '06065'}"
217329,5153058,HighSchool,2023,2678.0,Aslan Fraser,Lakes,Washington State,S,71.0,180.0,2.0,0.79,Lakewood,WA,USA,"{'latitude': 47.1714085, 'longitude': -122.5164, 'fipsCode': '53053'}"
217404,5125739,HighSchool,2023,2678.0,Joey Pope,Glenbard West,Western Michigan,S,72.0,170.0,2.0,0.79,Glen Ellyn,IL,USA,"{'latitude': 41.8775293, 'longitude': -88.0670118, 'fipsCode': '17043'}"
217443,5125780,HighSchool,2023,2678.0,Brady Hultman,Francis Howell,Wyoming,LB,73.0,215.0,2.0,0.79,St. Charles,MO,USA,"{'latitude': 38.7946252, 'longitude': -90.519829, 'fipsCode': '29183'}"
217436,5151699,HighSchool,2023,2678.0,Zach Potter,Bishop Fenwick,Toledo,DL,78.0,260.0,2.0,0.79,Franklin,OH,USA,"{'latitude': 39.5589474, 'longitude': -84.3041074, 'fipsCode': '39165'}"
217428,5150694,HighSchool,2023,2678.0,Tripp Walsh,Arrowhead,Iowa State,TE,77.0,210.0,2.0,0.79,Hartland,WI,USA,"{'latitude': 43.105008, 'longitude': -88.3420398, 'fipsCode': '55133'}"
217431,5120369,HighSchool,2023,2678.0,Keelan Crimmins,Australia,Mississippi State,P,75.0,200.0,2.0,0.79,Australia,,AUS,"{'latitude': None, 'longitude': None, 'fipsCode': None}"
217438,5153483,HighSchool,2023,2678.0,Cole Ruble,Seckman,Southeast Missouri State,ATH,71.0,185.0,2.0,0.79,Imperial,MO,USA,"{'latitude': 38.3653345, 'longitude': -90.37702929342734, 'fipsCode': '29099'}"
217389,5152503,HighSchool,2023,2678.0,Adam Damante,American Leadership Academy Gilbert North,Northern Arizona,QB,74.0,180.0,2.0,0.79,Gilbert,AZ,USA,"{'latitude': 33.3527632, 'longitude': -111.7890373, 'fipsCode': '04013'}"
217340,5158403,HighSchool,2023,2678.0,Joey Merritt,Christian,UAB,WR,73.0,180.0,2.0,0.79,El Cajon,CA,USA,"{'latitude': 32.7947731, 'longitude': -116.9625269, 'fipsCode': '06073'}"
217417,5156344,HighSchool,2023,2678.0,Micah Davis,Dexter,Michigan,S,73.0,185.0,2.0,0.79,Dexter,MI,USA,"{'latitude': 42.3386044, 'longitude': -83.8891514, 'fipsCode': '27099'}"
217441,,HighSchool,2023,2678.0,Jayden Eley,Fitch,,WR,73.0,175.0,2.0,0.79,Youngstown,OH,USA,"{'latitude': 41.1035786, 'longitude': -80.6520161, 'fipsCode': '39099'}"
217337,,HighSchool,2023,2678.0,Nic Strong,Randolph School,,RB,70.0,175.0,2.0,0.79,Huntsville,AL,USA,"{'latitude': 34.729847, 'longitude': -86.5859011, 'fipsCode': '01089'}"
217335,,HighSchool,2023,2678.0,Chuck Gilbert,Academy Of Holy Angels,,WR,74.0,180.0,2.0,0.79,Minneapolis,MN,USA,"{'latitude': 44.9772995, 'longitude': -93.2654692, 'fipsCode': '27053'}"
217345,,HighSchool,2023,2678.0,Jayden Whitaker,Brownsburg,,QB,74.0,170.0,2.0,0.79,Brownsburg,IN,USA,"{'latitude': 39.8433769, 'longitude': -86.3977736, 'fipsCode': '18063'}"
217344,,HighSchool,2023,2678.0,Jojo Wash,Etiwanda,,CB,71.0,165.0,2.0,0.79,Rancho Cucamonga,CA,USA,"{'latitude': 34.1033192, 'longitude': -117.5751735, 'fipsCode': '06071'}"
217343,,HighSchool,2023,2678.0,Gabe Downing,Olympia,Portland State,QB,72.0,183.0,2.0,0.79,Olympia,WA,USA,"{'latitude': 47.0451022, 'longitude': -122.8950075, 'fipsCode': '53067'}"
217342,,HighSchool,2023,2678.0,Earl Ingle,West Linn,,LB,73.0,195.0,2.0,0.79,West Linn,OR,USA,"{'latitude': 45.3656761, 'longitude': -122.6123141, 'fipsCode': '41005'}"
217413,,HighSchool,2023,2678.0,Austin Buehler,Capital,Montana,OT,78.0,240.0,2.0,0.79,Helena,MT,USA,"{'latitude': 46.5927425, 'longitude': -112.0362771, 'fipsCode': '30049'}"
217412,,HighSchool,2023,2678.0,Ethan Fullerton,Notre Dame,,ATH,70.0,160.0,2.0,0.79,Sherman Oaks,CA,USA,"{'latitude': 34.1508718, 'longitude': -118.4489865, 'fipsCode': '06037'}"
113529,,HighSchool,2023,2678.0,Joe Ginnetti,Archbishop Moeller,Air Force,LB,74.0,225.0,2.0,0.79,Cincinnati,OH,USA,"{'latitude': 39.1014537, 'longitude': -84.5124602, 'fipsCode': '39061'}"
217440,,HighSchool,2023,2678.0,Aidan Behymer,Blue Valley Northwest,Air Force,TE,77.0,225.0,2.0,0.79,Overland Park,KS,USA,"{'latitude': 38.9742502, 'longitude': -94.6851702, 'fipsCode': '20091'}"
217439,,HighSchool,2023,2678.0,Nicholas Nielsen,De La Salle Collegiate,,OT,78.0,240.0,2.0,0.79,Warren,MI,USA,"{'latitude': 42.4932575, 'longitude': -83.0062746, 'fipsCode': '26099'}"
217437,,HighSchool,2023,2678.0,Jobe Benschoter,Tecumseh,,TE,76.0,230.0,2.0,0.79,Tecumseh,MI,USA,"{'latitude': 42.0039331, 'longitude': -83.9449417, 'fipsCode': '26091'}"
217435,,HighSchool,2023,2678.0,GianCarlo Rufo,Punahou,Georgetown,LB,74.0,210.0,2.0,0.79,Honolulu,HI,USA,"{'latitude': 21.304547, 'longitude': -157.8556764, 'fipsCode': '15003'}"
217434,,HighSchool,2023,2678.0,Andereya Nsubuga Jr.,Chandler,,WR,75.0,195.0,2.0,0.79,Chandler,AZ,USA,"{'latitude': 33.3062223, 'longitude': -111.8413317, 'fipsCode': '04013'}"
217433,,HighSchool,2023,2678.0,Dave Brinton,Corner Canyon,,LB,74.0,220.0,2.0,0.79,Draper,UT,USA,"{'latitude': 40.5246711, 'longitude': -111.8638226, 'fipsCode': '49035'}"
217432,,HighSchool,2023,2678.0,Taysire Williams,Jimtown,Dartmouth,TE,78.0,230.0,2.0,0.79,Elkhart,IN,USA,"{'latitude': 41.6819935, 'longitude': -85.9766671, 'fipsCode': '18039'}"
217430,,HighSchool,2023,2678.0,Nolan Cummings,San Marcos,,WR,72.0,175.0,2.0,0.79,San Marcos,CA,USA,"{'latitude': 33.1433723, 'longitude': -117.1661449, 'fipsCode': '06073'}"
217427,,HighSchool,2023,2678.0,Teon Parks,Martin Luther King,Illinois State,ATH,73.0,170.0,2.0,0.79,Detroit,MI,USA,"{'latitude': 42.3315509, 'longitude': -83.0466403, 'fipsCode': '26163'}"
217425,,HighSchool,2023,2678.0,Shawn Foster II,Grand Ledge,,WR,72.0,170.0,2.0,0.79,Grand Ledge,MI,USA,"{'latitude': 42.7533685, 'longitude': -84.7463757, 'fipsCode': '26045'}"
217424,,HighSchool,2023,2678.0,Logan Arason,Red River,,IOL,76.0,260.0,2.0,0.79,Grand Forks,ND,USA,"{'latitude': 47.9078244, 'longitude': -97.0592028, 'fipsCode': '38035'}"
217423,,HighSchool,2023,2678.0,Max Malo,Sehome,Brown,LB,74.0,218.0,2.0,0.79,Bellingham,WA,USA,"{'latitude': 48.7544012, 'longitude': -122.4788361, 'fipsCode': '53073'}"
217421,,HighSchool,2023,2678.0,Carson de Avila,Newport Harbor,,S,72.0,190.0,2.0,0.79,Newport Beach,CA,USA,"{'latitude': 33.6170092, 'longitude': -117.9294401, 'fipsCode': '06059'}"
217420,,HighSchool,2023,2678.0,Nate Richter,Green Valley,Portland State,WR,75.0,205.0,2.0,0.79,Henderson,NV,USA,"{'latitude': 36.0301134, 'longitude': -114.9826194, 'fipsCode': '32003'}"
217419,,HighSchool,2023,2678.0,Cade Tessier,Lake Creek,,QB,76.0,210.0,2.0,0.79,Montgomery,TX,USA,"{'latitude': 30.3882613, 'longitude': -95.6963355, 'fipsCode': '48339'}"
217418,,HighSchool,2023,2678.0,Carson Titus,Archbishop Moeller,Air Force,OT,77.0,265.0,2.0,0.79,Cincinnati,OH,USA,"{'latitude': 39.1014537, 'longitude': -84.5124602, 'fipsCode': '39061'}"
217411,,HighSchool,2023,2678.0,Mikhi Varady-Brown,Notre Dame,,ATH,68.0,165.0,2.0,0.79,Sherman Oaks,CA,USA,"{'latitude': 34.1508718, 'longitude': -118.4489865, 'fipsCode': '06037'}"
217416,,HighSchool,2023,2678.0,Jaylen McKenzie,Adelanto,,ATH,70.0,180.0,2.0,0.79,Adelanto,CA,USA,"{'latitude': 34.5827699, 'longitude': -117.409215, 'fipsCode': '06071'}"
217410,,HighSchool,2023,2678.0,Jaquez Kindell,Plant,,WR,69.0,175.0,2.0,0.79,Tampa,FL,USA,"{'latitude': 27.9477595, 'longitude': -82.458444, 'fipsCode': '12057'}"
217409,,HighSchool,2023,2678.0,Xavyer Arrington,Coral Shores,Navy,DL,71.0,278.0,2.0,0.79,Tavernier,FL,USA,"{'latitude': 25.0115186, 'longitude': -80.5150608, 'fipsCode': '12087'}"
217408,,HighSchool,2023,2678.0,Luke Jacobs,Viewmont,,ATH,73.0,175.0,2.0,0.79,Bountiful,UT,USA,"{'latitude': 40.8894611, 'longitude': -111.8804817, 'fipsCode': '49011'}"
217407,,HighSchool,2023,2678.0,Bridger Davies,Corner Canyon,,TE,76.0,215.0,2.0,0.79,Draper,UT,USA,"{'latitude': 40.5246711, 'longitude': -111.8638226, 'fipsCode': '49035'}"
217406,,HighSchool,2023,2678.0,Chandler Davis,Hamilton,,EDGE,74.0,230.0,2.0,0.79,Chandler,AZ,USA,"{'latitude': 33.3062223, 'longitude': -111.8413317, 'fipsCode': '04013'}"
217405,,HighSchool,2023,2678.0,Keenan Tarbet,Loyola,,ATH,76.0,205.0,2.0,0.79,Los Angeles,CA,USA,"{'latitude': 34.0536909, 'longitude': -118.2427666, 'fipsCode': '06037'}"
217403,,HighSchool,2023,2678.0,Ivan Erickson,Marmion Academy,,DL,78.0,247.0,2.0,0.79,Summit Argo,IL,USA,"{'latitude': 41.7769163, 'longitude': -87.8064005, 'fipsCode': '17031'}"
217402,,HighSchool,2023,2678.0,Garrett Taylor,Jamaica,,DL,77.0,250.0,2.0,0.79,Sidell,IL,,"{'latitude': None, 'longitude': None, 'fipsCode': None}"
217401,,HighSchool,2023,2678.0,Justin Selbert,Eureka,Princeton,IOL,76.0,270.0,2.0,0.79,Eureka,MO,USA,"{'latitude': 38.5025537, 'longitude': -90.6279044, 'fipsCode': '29189'}"
217400,,HighSchool,2023,2678.0,Matai Sarte,Lakes,,LB,74.0,235.0,2.0,0.79,Lakewood,WA,USA,"{'latitude': 47.1714085, 'longitude': -122.5164, 'fipsCode': '53053'}"
217399,,HighSchool,2023,2678.0,Isaiah Crozier,Pickerington Central,Youngstown State,CB,73.0,175.0,2.0,0.79,Columbus,OH,USA,"{'latitude': 39.9622601, 'longitude': -83.0007065, 'fipsCode': '39049'}"
217398,,HighSchool,2023,2678.0,Andrew Link,Kickapoo,Missouri State,EDGE,75.0,232.0,2.0,0.79,Springfield,MO,USA,"{'latitude': 37.2166779, 'longitude': -93.2920373, 'fipsCode': '29077'}"
217397,,HighSchool,2023,2678.0,Larenzo Fenner,Fort Osage,South Dakota,WR,72.0,160.0,2.0,0.79,Independence,MO,USA,"{'latitude': 39.0924792, 'longitude': -94.4137923, 'fipsCode': '29095'}"
217396,,HighSchool,2023,2678.0,Shyne Johnson,Silverado,,ATH,71.0,170.0,2.0,0.79,Las Vegas,NV,USA,"{'latitude': 36.1672559, 'longitude': -115.1485163, 'fipsCode': '32003'}"
217395,,HighSchool,2023,2678.0,Terrance Hall,Mountain Ridge,,WR,70.0,170.0,2.0,0.79,Glendale,AZ,USA,"{'latitude': 33.5386858, 'longitude': -112.1859941, 'fipsCode': '04013'}"
217394,,HighSchool,2023,2678.0,Luke Reth,West Delaware,Northern Iowa,IOL,76.0,256.0,2.0,0.79,Manchester,IA,USA,"{'latitude': 42.484154, 'longitude': -91.4554252, 'fipsCode': '19055'}"
217393,,HighSchool,2023,2678.0,Kevin Cassidy,Mountainside,Yale,OT,78.0,260.0,2.0,0.79,Beaverton,OR,USA,"{'latitude': 45.4871723, 'longitude': -122.8037804, 'fipsCode': '41067'}"
217392,,HighSchool,2023,2678.0,Kurtis Maynor,Tracy,,ATH,75.0,180.0,2.0,0.79,Tracy,CA,USA,"{'latitude': 37.7396513, 'longitude': -121.4252227, 'fipsCode': '06077'}"
217390,,HighSchool,2023,2678.0,Faimafili Snuka,West,,LB,73.0,230.0,2.0,0.79,Salt Lake City,UT,USA,"{'latitude': 40.7596198, 'longitude': -111.8867975, 'fipsCode': '49035'}"
217415,,HighSchool,2023,2678.0,Cy Stevenson,Libby,Montana,ATH,74.0,207.0,2.0,0.79,Libby,MT,USA,"{'latitude': 48.3882861, 'longitude': -115.5559988, 'fipsCode': '30053'}"
217388,,HighSchool,2023,2678.0,Kenneth Jones,West Bloomfield,Grand Valley State,RB,70.0,190.0,2.0,0.79,West Bloomfield,MI,USA,"{'latitude': 42.5679, 'longitude': -83.3733, 'fipsCode': '36069'}"
217387,,HighSchool,2023,2678.0,Markell Gilford,River Rouge,,CB,70.0,175.0,2.0,0.79,River Rouge,MI,USA,"{'latitude': 42.2729262, 'longitude': -83.1352891, 'fipsCode': '26163'}"
217386,,HighSchool,2023,2678.0,Jaylen Vinton,Mona Shores,,WR,72.0,180.0,2.0,0.79,Muskegon,MI,USA,"{'latitude': 43.2341813, 'longitude': -86.2483921, 'fipsCode': '26121'}"
217385,,HighSchool,2023,2678.0,Aidan Boehle,Minnetonka,,EDGE,78.0,200.0,2.0,0.79,Minnetonka,MN,USA,"{'latitude': 44.9127229, 'longitude': -93.499059, 'fipsCode': '27053'}"
217384,,HighSchool,2023,2678.0,Tommy Dunn,Shaker Heights,,LB,75.0,210.0,2.0,0.79,Cleveland,OH,USA,"{'latitude': 41.5051613, 'longitude': -81.6934446, 'fipsCode': '39035'}"
217383,,HighSchool,2023,2678.0,Maddox Varella,Oak Ridge,,QB,73.0,190.0,2.0,0.79,El Dorado Hills,CA,USA,"{'latitude': 38.6561185, 'longitude': -121.0743265, 'fipsCode': '06017'}"
217382,,HighSchool,2023,2678.0,Deonte Pippen,West Bloomfield,Grand Valley State,ATH,72.0,175.0,2.0,0.79,West Bloomfield,MI,USA,"{'latitude': 42.5679, 'longitude': -83.3733, 'fipsCode': '36069'}"
217381,,HighSchool,2023,2678.0,Owen Colpaert,Dakota,,ATH,76.0,210.0,2.0,0.79,Macomb,MI,USA,"{'latitude': 42.6652, 'longitude': -82.9286, 'fipsCode': '17109'}"
217380,,HighSchool,2023,2678.0,Torrence Greene,Huron,,CB,71.0,175.0,2.0,0.79,Ann Arbor,MI,USA,"{'latitude': 42.2681569, 'longitude': -83.7312291, 'fipsCode': '26161'}"
217379,,HighSchool,2023,2678.0,Spencer Lyons,Detroit Catholic Central,Army,ATH,74.0,215.0,2.0,0.79,Novi,MI,USA,"{'latitude': 42.48059, 'longitude': -83.4754913, 'fipsCode': '26125'}"
217377,,HighSchool,2023,2678.0,Marcus Ransom,Harper Creek,,ATH,75.0,205.0,2.0,0.79,Battle Creek,MI,USA,"{'latitude': 42.3192548, 'longitude': -85.1824269, 'fipsCode': '26025'}"
217376,,HighSchool,2023,2678.0,Valencio Sims,San Jacinto,,WR,71.0,175.0,2.0,0.79,San Jacinto,CA,USA,"{'latitude': 33.7839664, 'longitude': -116.9589086, 'fipsCode': '06065'}"
217375,,HighSchool,2023,2678.0,Brayden Courser,Detroit Catholic Central,,LB,73.0,230.0,2.0,0.79,Novi,MI,USA,"{'latitude': 42.48059, 'longitude': -83.4754913, 'fipsCode': '26125'}"
217374,,HighSchool,2023,2678.0,Brock Murtaugh,Millard South,,ATH,74.0,200.0,2.0,0.79,Omaha,NE,USA,"{'latitude': 41.2587459, 'longitude': -95.9383758, 'fipsCode': '31055'}"
217373,,HighSchool,2023,2678.0,Cole Garwood,Urbandale,,LB,75.0,210.0,2.0,0.79,Urbandale,IA,USA,"{'latitude': 41.6274552, 'longitude': -93.7380624, 'fipsCode': '19153'}"
217372,,HighSchool,2023,2678.0,Diallo Washington,Folsom,,ATH,75.0,215.0,2.0,0.79,Folsom,CA,USA,"{'latitude': 38.6779591, 'longitude': -121.1760583, 'fipsCode': '06067'}"
217371,,HighSchool,2023,2678.0,Wyatt Gordon,Puyallup,Idaho,S,71.0,192.0,2.0,0.79,Puyallup,WA,USA,"{'latitude': 47.1849009, 'longitude': -122.2921406, 'fipsCode': '53053'}"
217370,,HighSchool,2023,2678.0,Caleb Clardy,David Douglas HS,Idaho State,LB,73.0,200.0,2.0,0.79,Portland,OR,USA,"{'latitude': 45.5202471, 'longitude': -122.6741949, 'fipsCode': '41051'}"
217369,,HighSchool,2023,2678.0,Kendrick Turner,Kentridge,,CB,74.0,175.0,2.0,0.79,Kent,WA,USA,"{'latitude': 47.3826903, 'longitude': -122.2270272, 'fipsCode': '53033'}"
217368,,HighSchool,2023,2678.0,Nehuel Garcia,La Mirada,,QB,75.0,185.0,2.0,0.79,La Mirada,CA,USA,"{'latitude': 33.9060971, 'longitude': -118.0107092, 'fipsCode': '06037'}"
217367,,HighSchool,2023,2678.0,Jack Liwienski,Minnetonka,North Dakota State,IOL,75.0,285.0,2.0,0.79,Minnetonka,MN,USA,"{'latitude': 44.9127229, 'longitude': -93.499059, 'fipsCode': '27053'}"
217366,,HighSchool,2023,2678.0,KC Spears,Winton Woods,,ATH,70.0,190.0,2.0,0.79,Cincinnati,OH,USA,"{'latitude': 39.1014537, 'longitude': -84.5124602, 'fipsCode': '39061'}"
217365,,HighSchool,2023,2678.0,Jaiden Pickett,Riverside,North Dakota State,ATH,75.0,190.0,2.0,0.79,Milwaukee,WI,USA,"{'latitude': 43.0349931, 'longitude': -87.922497, 'fipsCode': '55079'}"
217364,,HighSchool,2023,2678.0,Isaiah Summerlin,Archbishop Moeller,Duquesne,S,75.0,186.0,2.0,0.79,Cincinnati,OH,USA,"{'latitude': 39.1014537, 'longitude': -84.5124602, 'fipsCode': '39061'}"
217363,,HighSchool,2023,2678.0,Brian Frasco,Ursuline,,IOL,74.0,285.0,2.0,0.79,Youngstown,OH,USA,"{'latitude': 41.1035786, 'longitude': -80.6520161, 'fipsCode': '39099'}"
217362,,HighSchool,2023,2678.0,J.J. Payne,Northwood,,ATH,76.0,180.0,2.0,0.79,Nappanee,IN,USA,"{'latitude': 41.4427856, 'longitude': -86.0013699, 'fipsCode': '18039'}"
217361,,HighSchool,2023,2678.0,Richard Luecke,Lutheran West,,IOL,78.0,325.0,2.0,0.79,Rocky River,OH,USA,"{'latitude': 41.4756031, 'longitude': -81.8393034, 'fipsCode': '39035'}"
217360,,HighSchool,2023,2678.0,Gabe Gutierrez,Lincoln,,LB,74.0,220.0,2.0,0.79,Sioux Falls,SD,USA,"{'latitude': 43.5499749, 'longitude': -96.700327, 'fipsCode': '46099'}"
217359,,HighSchool,2023,2678.0,Jackson Stortz,Hartford,,IOL,76.0,250.0,2.0,0.79,Hartford,WI,USA,"{'latitude': 43.3177776, 'longitude': -88.378857, 'fipsCode': '55131'}"
217358,,HighSchool,2023,2678.0,Joel Edland,Century,,IOL,77.0,275.0,2.0,0.79,Bismarck,ND,USA,"{'latitude': 46.808327, 'longitude': -100.783739, 'fipsCode': '38015'}"
217357,,HighSchool,2023,2678.0,Steve Hall,Mary Institute & St. Louis Country Day,Lindenwood,RB,70.0,200.0,2.0,0.79,St. Louis,MO,USA,"{'latitude': 38.6268039, 'longitude': -90.1994097, 'fipsCode': '29510'}"
217333,,HighSchool,2023,2678.0,Dempsy James,Spanaway Lake,,QB,73.0,185.0,2.0,0.79,Spanaway,WA,USA,"{'latitude': 47.0979462, 'longitude': -122.4243422, 'fipsCode': '53053'}"
217445,5151520,HighSchool,2023,2678.0,Ethan Tierney,DeKalb,Northern Illinois,S,73.0,190.0,2.0,0.79,DeKalb,IL,USA,"{'latitude': 41.9294736, 'longitude': -88.7503647, 'fipsCode': '17037'}"
217346,,HighSchool,2023,2678.0,Cole Olsztyn,Orchard Lake St. Mary's,Pennsylvania,LB,73.0,195.0,2.0,0.79,Orchard Lake,MI,USA,"{'latitude': 42.5869558, 'longitude': -83.36895696372882, 'fipsCode': '26125'}"
217334,,HighSchool,2023,2678.0,Ruben Otuafi,Corner Canyon,,CB,72.0,160.0,2.0,0.79,Riverton,UT,USA,"{'latitude': 40.5220027, 'longitude': -111.9391003, 'fipsCode': '49035'}"
217446,,HighSchool,2023,2678.0,Sage Dawson,Boyle County,,ATH,72.0,160.0,2.0,0.79,Danville,KY,USA,"{'latitude': 37.6456488, 'longitude': -84.7721823, 'fipsCode': '21021'}"
217444,,HighSchool,2023,2678.0,Tama Uiliata,Waipahu,Hawai'i,WR,71.0,200.0,2.0,0.79,Waipahu,HI,USA,"{'latitude': 21.3866667, 'longitude': -158.0091667, 'fipsCode': '15003'}"
217442,,HighSchool,2023,2678.0,Carlos Lopez,Heritage,Army,OT,77.0,270.0,2.0,0.79,Saginaw,MI,USA,"{'latitude': 43.4200387, 'longitude': -83.9490365, 'fipsCode': '26145'}"
217348,,HighSchool,2023,2678.0,Victor Isele,Northwest,North Dakota State,DL,74.0,205.0,2.0,0.79,Grand Island,NE,USA,"{'latitude': 40.924271, 'longitude': -98.338685, 'fipsCode': '31079'}"
217347,,HighSchool,2023,2678.0,RJ Fineanganofo,Mater Dei,,DL,72.0,240.0,2.0,0.79,Santa Ana,CA,USA,"{'latitude': 33.7494951, 'longitude': -117.8732213, 'fipsCode': '06059'}"
217328,,HighSchool,2023,2678.0,Zaccheus Cooper,Saguaro,,RB,70.0,190.0,2.0,0.79,Scottsdale,AZ,USA,"{'latitude': 33.4942189, 'longitude': -111.9260184, 'fipsCode': '04013'}"
217330,,HighSchool,2023,2678.0,Jayden Moses,Grant,Portland State,LB,72.0,200.0,2.0,0.79,Portland,OR,USA,"{'latitude': 45.5202471, 'longitude': -122.6741949, 'fipsCode': '41051'}"
217356,,HighSchool,2023,2678.0,Keenan Wilson,Eagan Senior,North Dakota State,DL,73.0,280.0,2.0,0.79,Saint Paul,MN,USA,"{'latitude': 44.9504037, 'longitude': -93.1015026, 'fipsCode': '27123'}"
217355,,HighSchool,2023,2678.0,William Beargie,Nazareth Academy,Princeton,DL,77.0,270.0,2.0,0.79,La Grange Park,IL,USA,"{'latitude': 41.8333646, 'longitude': -87.8677324, 'fipsCode': '17031'}"
217341,,HighSchool,2023,2678.0,Davin Garinger,Clarksville,Austin Peay,QB,73.0,175.0,2.0,0.79,Clarksville,TN,USA,"{'latitude': 36.5277607, 'longitude': -87.3588703, 'fipsCode': '47125'}"
217414,,HighSchool,2023,2678.0,Jude McCoskey,Terre Haute South Vigo,Indiana State,OT,79.0,260.0,2.0,0.79,Terre Haute,IN,USA,"{'latitude': 39.4667025, 'longitude': -87.4139119, 'fipsCode': '18167'}"
217339,,HighSchool,2023,2678.0,Marquise Palmer,East St. Louis,,ATH,71.0,175.0,2.0,0.79,East St. Louis,IL,USA,"{'latitude': 38.6244952, 'longitude': -90.1509429, 'fipsCode': '17163'}"
217331,,HighSchool,2023,2678.0,Josiah Davis,North Salem,Portland State,RB,70.0,210.0,2.0,0.79,Salem,OR,USA,"{'latitude': 44.9391565, 'longitude': -123.033121, 'fipsCode': '41047'}"
217354,,HighSchool,2023,2678.0,Isaiah Dorsey,Los Alamitos,,S,68.0,160.0,2.0,0.79,Los Alamitos,CA,USA,"{'latitude': 33.8038865, 'longitude': -118.0772433, 'fipsCode': '06059'}"
217353,,HighSchool,2023,2678.0,Jailen Perkins,St. John Bosco,,DL,71.0,250.0,2.0,0.79,Bellflower,CA,USA,"{'latitude': 33.8825705, 'longitude': -118.1167679, 'fipsCode': '06037'}"
217332,,HighSchool,2023,2678.0,Tyrone Lofton,Pike,,EDGE,75.0,226.0,2.0,0.79,Indianapolis,IN,USA,"{'latitude': 39.7683331, 'longitude': -86.1583502, 'fipsCode': '18097'}"
217352,,HighSchool,2023,2678.0,Taj Tavale,El Camino,,DL,73.0,240.0,2.0,0.79,Oceanside,CA,USA,"{'latitude': 33.1958696, 'longitude': -117.3794834, 'fipsCode': '06073'}"
217351,,HighSchool,2023,2678.0,Jordan Gile,Chattanooga Christian School,,QB,72.0,190.0,2.0,0.79,Chattanooga,TN,USA,"{'latitude': 35.0457219, 'longitude': -85.3094883, 'fipsCode': '47065'}"
217336,,HighSchool,2023,2678.0,Hayden Garrison,Chelsea,,QB,77.0,180.0,2.0,0.79,Chelsea,AL,USA,"{'latitude': 33.3467195, 'longitude': -86.63644825, 'fipsCode': '01117'}"
217349,,HighSchool,2023,2678.0,Ryan Boyd,Cardinal Ritter College Prep,Missouri State,WR,73.0,180.0,2.0,0.79,St. Louis,MO,USA,"{'latitude': 38.6268039, 'longitude': -90.1994097, 'fipsCode': '29510'}"
217338,,HighSchool,2023,2678.0,Kai Remigio,Mater Dei,,RB,70.0,185.0,2.0,0.79,Santa Ana,CA,USA,"{'latitude': 33.7494951, 'longitude': -117.8732213, 'fipsCode': '06059'}"
113531,4911318,HighSchool,2023,2800.0,Alex Smith,ProKick Australia,Georgia Southern,P,78.0,220.0,2.0,0.7894,Australia,,AUS,"{'latitude': None, 'longitude': None, 'fipsCode': None}"
113534,5122055,HighSchool,2023,2800.0,Phillip Baynes,Social Circle,Northern Illinois,LB,74.0,195.0,2.0,0.7894,Social Circle,GA,USA,"{'latitude': None, 'longitude': None, 'fipsCode': None}"
113532,5157112,HighSchool,2023,2800.0,Raymond Macias,Bishop Amat,Campbell,DL,72.0,275.0,2.0,0.7894,La Puente,CA,USA,"{'latitude': 34.01979, 'longitude': -117.9503677, 'fipsCode': '06037'}"
113533,5116940,HighSchool,2023,2800.0,Ryder Burns,Lake Cormorant,Southern Miss,LS,73.0,190.0,2.0,0.7894,Lake Cormorant,MS,USA,"{'latitude': 34.9042635, 'longitude': -90.2145395, 'fipsCode': '28033'}"
113537,5122056,HighSchool,2023,2804.0,Zakkarii Black,Charter Oak,Utah State,RB,69.0,150.0,2.0,0.7883,Covina,CA,USA,"{'latitude': 34.1024, 'longitude': -117.85486499999999, 'fipsCode': '06037'}"
113536,5125836,HighSchool,2023,2804.0,Christian Hunt,Redondo Union,Arkansas State,QB,77.0,210.0,2.0,0.7883,Redondo Beach,CA,USA,"{'latitude': 33.8455911, 'longitude': -118.3886766, 'fipsCode': '06037'}"
113535,5120379,HighSchool,2023,2804.0,Cody Smith,Liberty Ranch,Ball State,TE,79.0,245.0,2.0,0.7883,Galt,CA,USA,"{'latitude': 38.3012325, 'longitude': -121.33103724662058, 'fipsCode': '06067'}"
113538,5078066,HighSchool,2023,2807.0,Bryce Eliuk,Linden,Eastern Michigan,LB,73.0,220.0,2.0,0.7856,Linden,MI,USA,"{'latitude': 42.8144731, 'longitude': -83.7824527, 'fipsCode': '26049'}"
113540,5121772,HighSchool,2023,2808.0,Trey Dubuc,Cardinal Gibbons,South Florida,LS,74.0,220.0,2.0,0.7844,Fort Lauderdale,FL,USA,"{'latitude': 26.1223084, 'longitude': -80.1433786, 'fipsCode': '12011'}"
113539,5194650,HighSchool,2023,2808.0,Jacob Harris,Westerville Central,Bowling Green,WR,76.0,192.0,2.0,0.7844,Westerville,OH,USA,"{'latitude': 40.126139, 'longitude': -82.9295287, 'fipsCode': '39049'}"
113541,5218863,HighSchool,2023,2810.0,Ezekiel Rodrigues,Mililani,Hawai'i,S,73.0,190.0,2.0,0.7833,Mililani,HI,USA,"{'latitude': 21.4508308, 'longitude': -158.0095783, 'fipsCode': '15003'}"
217453,5089309,HighSchool,2023,2811.0,Jake Stearney,Loyola Academy,Colgate,QB,75.0,180.0,2.0,0.78,Wilmette,IL,USA,"{'latitude': 42.0757315, 'longitude': -87.7193768, 'fipsCode': '17031'}"
217620,5153063,HighSchool,2023,2811.0,Gavin Fugate,WF West,Washington State,ATH,75.0,197.0,2.0,0.78,Chehalis,WA,USA,"{'latitude': 46.6599653, 'longitude': -122.9634322, 'fipsCode': '53041'}"
217531,5161635,HighSchool,2023,2811.0,Cort Halsey,Menlo,North Carolina,TE,75.0,205.0,2.0,0.78,Atherton,CA,USA,"{'latitude': 37.4613272, 'longitude': -122.197743, 'fipsCode': '06081'}"
217599,5152074,HighSchool,2023,2811.0,Argus Turner,Lemoore,Cal Poly,ATH,73.0,170.0,2.0,0.78,Lemoore,CA,USA,"{'latitude': 36.3006495, 'longitude': -119.7827122, 'fipsCode': '06031'}"
217522,5157296,HighSchool,2023,2811.0,Milan Clark,Grant,Oregon State,CB,74.0,170.0,2.0,0.78,Portland,OR,USA,"{'latitude': 45.5202471, 'longitude': -122.6741949, 'fipsCode': '41051'}"
217581,5157389,HighSchool,2023,2811.0,Sterling Smith,Cathedral,Holy Cross,CB,71.0,175.0,2.0,0.78,Indianapolis,IN,USA,"{'latitude': 39.7683331, 'longitude': -86.1583502, 'fipsCode': '18097'}"
217456,5160730,HighSchool,2023,2811.0,Max Cutforth,Skyview,Boise State,QB,74.0,170.0,2.0,0.78,Nampa,ID,USA,"{'latitude': 43.5737361, 'longitude': -116.5596313, 'fipsCode': '16027'}"
217634,5125551,HighSchool,2023,2811.0,Deliyon Freeman,East Coweta,Hawai'i,CB,71.0,170.0,2.0,0.78,Sharpsburg,GA,USA,"{'latitude': 33.3392842, 'longitude': -84.6485417, 'fipsCode': '13077'}"
217572,5153152,HighSchool,2023,2811.0,Jaden Moore,The Bishop's School,USC,ATH,72.0,180.0,2.0,0.78,La Jolla,CA,USA,"{'latitude': 32.83259, 'longitude': -117.2716839, 'fipsCode': '06073'}"
217618,5160126,HighSchool,2023,2811.0,Ned Righellis,St. Francis,SMU,TE,77.0,225.0,2.0,0.78,Mountain View,CA,USA,"{'latitude': 37.3893889, 'longitude': -122.0832101, 'fipsCode': '06085'}"
217516,5161143,HighSchool,2023,2811.0,BJ Jones,Bishop O'Dowd,California,ATH,74.0,188.0,2.0,0.78,Oakland,CA,USA,"{'latitude': 37.8044557, 'longitude': -122.2713563, 'fipsCode': '06001'}"
217491,5163086,HighSchool,2023,2811.0,Isaac Clary,Gallia Academy,Marshall,OT,79.0,305.0,2.0,0.78,Gallipolis,OH,USA,"{'latitude': 38.809803, 'longitude': -82.2023691, 'fipsCode': '39053'}"
217588,5120866,HighSchool,2023,2811.0,Jalen Brown,Glenbard South,New Mexico State,EDGE,74.0,205.0,2.0,0.78,Glen Ellyn,IL,USA,"{'latitude': 41.8775293, 'longitude': -88.0670118, 'fipsCode': '17043'}"
217565,5150685,HighSchool,2023,2811.0,Jackson Powers,Maple Grove,Minnesota,S,72.0,180.0,2.0,0.78,Osseo,MN,USA,"{'latitude': 45.11715785, 'longitude': -93.39877096552499, 'fipsCode': '27053'}"
217508,5151882,HighSchool,2023,2811.0,Ryder Bumgarner,Stanwood,Washington,ATH,69.0,185.0,2.0,0.78,Stanwood,WA,USA,"{'latitude': 48.2329051, 'longitude': -122.3502972, 'fipsCode': '061'}"
217591,5157303,HighSchool,2023,2811.0,Ryan Berger,Liberty,Oregon State,OT,77.0,280.0,2.0,0.78,Portland,OR,USA,"{'latitude': 45.5202471, 'longitude': -122.6741949, 'fipsCode': '41051'}"
217582,5154327,HighSchool,2023,2811.0,Johnny Schmitt,St. Rita,Illinois,S,73.0,190.0,2.0,0.78,Chicago,IL,USA,"{'latitude': 41.8755616, 'longitude': -87.6244212, 'fipsCode': '17031'}"
217506,5157302,HighSchool,2023,2811.0,Tiger Black,Roseburg,Oregon State,EDGE,75.0,255.0,2.0,0.78,Roseburg,OR,USA,"{'latitude': 43.216505, 'longitude': -123.3417381, 'fipsCode': '41019'}"
217475,5150658,HighSchool,2023,2811.0,Rusty VanWetzinga IV,Pleasant Valley,Iowa,LB,73.0,220.0,2.0,0.78,Bettendorf,IA,USA,"{'latitude': 41.5252761, 'longitude': -90.5096386, 'fipsCode': '19163'}"
217481,5152411,HighSchool,2023,2811.0,Skyler Cassel,West Valley,Utah Tech,QB,73.0,180.0,2.0,0.78,Yakima,WA,USA,"{'latitude': 46.601557, 'longitude': -120.5108421, 'fipsCode': '53077'}"
217538,5151883,HighSchool,2023,2811.0,Luke Luchini,Rocky Mountain,Washington,WR,73.0,188.0,2.0,0.78,Meridian,ID,USA,"{'latitude': 43.6086295, 'longitude': -116.392326, 'fipsCode': '16001'}"
217540,,HighSchool,2023,2811.0,Jaylun Nowickas,West Salem,,LB,75.0,205.0,2.0,0.78,Salem,OR,USA,"{'latitude': 44.9391565, 'longitude': -123.033121, 'fipsCode': '41047'}"
113542,,HighSchool,2023,2811.0,DeAndre Beasley Jr.,Bishop Miege,,CB,71.0,180.0,2.0,0.78,Lee's Summit,MO,USA,"{'latitude': 38.9107156, 'longitude': -94.3821295, 'fipsCode': '29095'}"
217592,5169849,HighSchool,2023,2811.0,Zachary Jones,Archbishop Riordan,UC Davis,CB,68.0,165.0,2.0,0.78,San Francisco,CA,USA,"{'latitude': 37.7790262, 'longitude': -122.4199061, 'fipsCode': '06075'}"
217548,5171057,HighSchool,2023,2811.0,Joaquin Johnson,St. Bonaventure,Portland State,WR,72.0,175.0,2.0,0.78,Ventura,CA,USA,"{'latitude': 34.3435092, 'longitude': -119.29560423163717, 'fipsCode': '06111'}"
217504,5162389,HighSchool,2023,2811.0,Cody White,Estacada,Washington State,OT,79.0,250.0,2.0,0.78,Estacada,OR,USA,"{'latitude': None, 'longitude': None, 'fipsCode': None}"
217539,5158461,HighSchool,2023,2811.0,Andrew Walker,South Medford,Oregon,WR,73.0,175.0,2.0,0.78,Medford,OR,USA,"{'latitude': 42.3264181, 'longitude': -122.8718605, 'fipsCode': '41029'}"
217497,5152083,HighSchool,2023,2811.0,Kendric Sanders,Sacred Heart Cathedral Prep,Cal Poly,CB,69.0,170.0,2.0,0.78,San Francisco,CA,USA,"{'latitude': 37.7790262, 'longitude': -122.4199061, 'fipsCode': '06075'}"
217598,5150454,HighSchool,2023,2811.0,Carter Boskovich,Mission Viejo,UConn,S,70.0,180.0,2.0,0.78,Mission Viejo,CA,USA,"{'latitude': 33.5965685, 'longitude': -117.659405, 'fipsCode': '06059'}"
217632,5219469,HighSchool,2023,2811.0,Javon Smith,Liberty,Army,DL,75.0,240.0,2.0,0.78,Liberty,MO,USA,"{'latitude': 39.246479, 'longitude': -94.419079, 'fipsCode': '29047'}"
217611,,HighSchool,2023,2811.0,Luke Smith,Bozeman,Montana State,EDGE,77.0,215.0,2.0,0.78,Bozeman,MT,USA,"{'latitude': 45.6794293, 'longitude': -111.0440474, 'fipsCode': '30031'}"
217612,,HighSchool,2023,2811.0,Kolby Luna,Kellogg,,ATH,75.0,200.0,2.0,0.78,Kellogg,ID,USA,"{'latitude': None, 'longitude': None, 'fipsCode': None}"
217613,,HighSchool,2023,2811.0,Sean Bullard,Bishop O'Dowd,,ATH,73.0,173.0,2.0,0.78,Oakland,CA,USA,"{'latitude': 37.8044557, 'longitude': -122.2713563, 'fipsCode': '06001'}"
217614,,HighSchool,2023,2811.0,Kaleb Tennison,Central East,,S,74.0,180.0,2.0,0.78,Fresno,CA,USA,"{'latitude': 36.7295295, 'longitude': -119.70886126075588, 'fipsCode': '06019'}"
217615,,HighSchool,2023,2811.0,Johno Price,Menlo-Atherton,,S,74.0,175.0,2.0,0.78,Menlo Park,CA,USA,"{'latitude': 37.4519671, 'longitude': -122.1779927, 'fipsCode': '06081'}"
217616,,HighSchool,2023,2811.0,Rickari Campbell,McClymonds,Utah Tech,EDGE,76.0,200.0,2.0,0.78,Oakland,CA,USA,"{'latitude': 37.8044557, 'longitude': -122.2713563, 'fipsCode': '06001'}"
217617,,HighSchool,2023,2811.0,Jayden Moss,Menlo-Atherton,,CB,72.0,170.0,2.0,0.78,Menlo Park,CA,USA,"{'latitude': 37.4519671, 'longitude': -122.1779927, 'fipsCode': '06081'}"
217619,,HighSchool,2023,2811.0,Kenron Davis,Denby,,ATH,76.0,240.0,2.0,0.78,Detroit,MI,USA,"{'latitude': 42.3315509, 'longitude': -83.0466403, 'fipsCode': '26163'}"
217621,,HighSchool,2023,2811.0,Bryson Snelling,Pleasant Valley,,WR,75.0,180.0,2.0,0.78,Chico,CA,USA,"{'latitude': 39.7284945, 'longitude': -121.8374777, 'fipsCode': '06007'}"
217447,,HighSchool,2023,2811.0,Donald Stephens,Grant,,RB,72.0,200.0,2.0,0.78,Portland,OR,USA,"{'latitude': 45.5202471, 'longitude': -122.6741949, 'fipsCode': '41051'}"
217448,,HighSchool,2023,2811.0,Zach Tierney,Butte,,IOL,76.0,260.0,2.0,0.78,Butte,MT,USA,"{'latitude': 46.0131505, 'longitude': -112.5365089, 'fipsCode': '30093'}"
217449,,HighSchool,2023,2811.0,Joseph Capra,Denver South,,ATH,73.0,170.0,2.0,0.78,Denver,CO,USA,"{'latitude': 39.7392364, 'longitude': -104.9848623, 'fipsCode': '08031'}"
217450,,HighSchool,2023,2811.0,Gabe Morin,Orange Lutheran,,LB,70.0,215.0,2.0,0.78,Orange,CA,USA,"{'latitude': 33.7872568, 'longitude': -117.8503088, 'fipsCode': '06059'}"
217451,,HighSchool,2023,2811.0,Preston Slaton,Hamilton,Butler,WR,75.0,195.0,2.0,0.78,Chandler,AZ,USA,"{'latitude': 33.3062223, 'longitude': -111.8413317, 'fipsCode': '04013'}"
217452,,HighSchool,2023,2811.0,Jonathan Hardy,St. John Bosco,,LB,72.0,215.0,2.0,0.78,Bellflower,CA,USA,"{'latitude': 33.8825705, 'longitude': -118.1167679, 'fipsCode': '06037'}"
217454,,HighSchool,2023,2811.0,Corey Johnson,Bishop Amat,,S,70.5,170.0,2.0,0.78,La Puente,CA,USA,"{'latitude': 34.01979, 'longitude': -117.9503677, 'fipsCode': '06037'}"
217455,,HighSchool,2023,2811.0,Dawson Wahl,Mountain View,,QB,75.0,190.0,2.0,0.78,Meridian,ID,USA,"{'latitude': 43.6086295, 'longitude': -116.392326, 'fipsCode': '16001'}"
217457,,HighSchool,2023,2811.0,David Fuiava,North Medford,Idaho,IOL,75.0,285.0,2.0,0.78,Medford,OR,USA,"{'latitude': 42.3264181, 'longitude': -122.8718605, 'fipsCode': '41029'}"
217458,,HighSchool,2023,2811.0,Issiah Smith,Archbishop Murphy,,IOL,74.0,305.0,2.0,0.78,Everett,WA,USA,"{'latitude': 47.9673056, 'longitude': -122.2013998, 'fipsCode': '53061'}"
217459,,HighSchool,2023,2811.0,Noah Scott,Xavier College Prep,,WR,75.0,187.0,2.0,0.78,Palm Desert,CA,USA,"{'latitude': 33.7288179, 'longitude': -116.3825711, 'fipsCode': '06065'}"
217460,,HighSchool,2023,2811.0,George Kruger,Bellevue,,LB,72.0,180.0,2.0,0.78,Bellevue,WA,USA,"{'latitude': 47.6144219, 'longitude': -122.1923372, 'fipsCode': '53033'}"
217461,,HighSchool,2023,2811.0,Ty Evans,Skyview,,DL,74.0,280.0,2.0,0.78,Vancouver,WA,USA,"{'latitude': 45.6306954, 'longitude': -122.6744557, 'fipsCode': '53011'}"
217462,,HighSchool,2023,2811.0,Omari Williams,Kentwood,,WR,69.0,160.0,2.0,0.78,Kent,WA,USA,"{'latitude': 47.3826903, 'longitude': -122.2270272, 'fipsCode': '53033'}"
217463,,HighSchool,2023,2811.0,Taveonte Webster,Wilson,,ATH,76.0,200.0,2.0,0.78,Tacoma,WA,USA,"{'latitude': 47.2495798, 'longitude': -122.4398746, 'fipsCode': '53053'}"
217464,,HighSchool,2023,2811.0,Tristan Lewis,Eatonville,Portland State,OT,77.0,270.0,2.0,0.78,Eatonville,WA,USA,"{'latitude': 46.8682516, 'longitude': -122.2700681, 'fipsCode': '53053'}"
217465,,HighSchool,2023,2811.0,Collin Campbell,Bishop Blanchet,,LB,74.0,215.0,2.0,0.78,Seattle,WA,USA,"{'latitude': 47.6038321, 'longitude': -122.3300624, 'fipsCode': '53033'}"
217466,,HighSchool,2023,2811.0,Dylan Greeson,De La Salle,,ATH,70.0,190.0,2.0,0.78,Concord,CA,USA,"{'latitude': 37.9768525, 'longitude': -122.0335624, 'fipsCode': '06013'}"
217467,,HighSchool,2023,2811.0,Dexter Simmons,Inderkum,,LB,73.0,220.0,2.0,0.78,Sacramento,CA,USA,"{'latitude': 38.5815719, 'longitude': -121.4943996, 'fipsCode': '06067'}"
217468,,HighSchool,2023,2811.0,Jake Greule,Folsom,Presbyterian,DL,78.0,275.0,2.0,0.78,Folsom,CA,USA,"{'latitude': 38.6779591, 'longitude': -121.1760583, 'fipsCode': '06067'}"
217469,,HighSchool,2023,2811.0,Ben Pfaff,Bellarmine Prep,Cal Poly,RB,71.0,190.0,2.0,0.78,San Jose,CA,USA,"{'latitude': 37.3361905, 'longitude': -121.8905833, 'fipsCode': '06085'}"
217470,,HighSchool,2023,2811.0,Jared Quenga,Cosumnes Oaks,,ATH,70.0,160.0,2.0,0.78,Elk Grove,CA,USA,"{'latitude': 38.4087993, 'longitude': -121.3716178, 'fipsCode': '06067'}"
217471,,HighSchool,2023,2811.0,Jae'Von Reels,Bellarmine Prep,San Diego,DL,73.0,290.0,2.0,0.78,San Jose,CA,USA,"{'latitude': 37.3361905, 'longitude': -121.8905833, 'fipsCode': '06085'}"
217472,,HighSchool,2023,2811.0,Aidan Fortenberry,Clovis West,,RB,72.0,205.0,2.0,0.78,Fresno,CA,USA,"{'latitude': 36.7295295, 'longitude': -119.70886126075588, 'fipsCode': '06019'}"
217473,,HighSchool,2023,2811.0,Dallas Winner-Johnson,Cardinal Ritter College Prep,Missouri State,TE,76.0,200.0,2.0,0.78,St. Louis,MO,USA,"{'latitude': 38.6268039, 'longitude': -90.1994097, 'fipsCode': '29510'}"
217474,,HighSchool,2023,2811.0,Michael Parr,Lutheran of St. Charles,,WR,72.0,160.0,2.0,0.78,St. Peters,MO,USA,"{'latitude': 38.791612, 'longitude': -90.5958468, 'fipsCode': '29183'}"
217476,,HighSchool,2023,2811.0,Ryan Meza,American Leadership Academy,,CB,72.0,180.0,2.0,0.78,Queen Creek,AZ,USA,"{'latitude': 33.2483858, 'longitude': -111.6341585, 'fipsCode': '04013'}"
217477,,HighSchool,2023,2811.0,Caleb Padrid,San Ramon Valley,,ATH,70.0,180.0,2.0,0.78,Danville,CA,USA,"{'latitude': 37.8215929, 'longitude': -121.9999606, 'fipsCode': '06013'}"
217478,,HighSchool,2023,2811.0,Demetrius Brown,Folsom,,S,71.0,197.0,2.0,0.78,Folsom,CA,USA,"{'latitude': 38.6779591, 'longitude': -121.1760583, 'fipsCode': '06067'}"
217479,,HighSchool,2023,2811.0,Alex Good,Ballard,,LB,74.0,205.0,2.0,0.78,Seattle,WA,USA,"{'latitude': 47.6038321, 'longitude': -122.3300624, 'fipsCode': '53033'}"
217480,,HighSchool,2023,2811.0,Kiegan Henson,Mountain View,Idaho,OT,76.5,245.0,2.0,0.78,Meridian,ID,USA,"{'latitude': 43.6086295, 'longitude': -116.392326, 'fipsCode': '16001'}"
217482,,HighSchool,2023,2811.0,Cavin Ross,Lompoc,,QB,73.0,193.0,2.0,0.78,Lompoc,CA,USA,"{'latitude': 34.6391501, 'longitude': -120.4579409, 'fipsCode': '06083'}"
217483,,HighSchool,2023,2811.0,Sue Luamanu,Bishop Garcia Diego,,DL,71.0,295.0,2.0,0.78,Santa Barbara,CA,USA,"{'latitude': 34.4221319, 'longitude': -119.7026673, 'fipsCode': '06083'}"
217484,,HighSchool,2023,2811.0,Brayde Owen,Gladstone,Southern Utah,ATH,73.0,190.0,2.0,0.78,Gladstone,OR,USA,"{'latitude': 45.3803261, 'longitude': -122.5945507, 'fipsCode': '41005'}"
217485,,HighSchool,2023,2811.0,Brody Meyer,Camarillo (Adolfo) HS,,QB,74.0,205.0,2.0,0.78,Camarillo,CA,USA,"{'latitude': 34.2164099, 'longitude': -119.0376573, 'fipsCode': '06111'}"
217486,,HighSchool,2023,2811.0,Dylan Herman,Bishop Gorman,,WR,71.0,170.0,2.0,0.78,Las Vegas,NV,USA,"{'latitude': 36.1672559, 'longitude': -115.1485163, 'fipsCode': '32003'}"
217487,,HighSchool,2023,2811.0,Kateo Faaiu,North Creek,,EDGE,74.0,225.0,2.0,0.78,Bothell,WA,USA,"{'latitude': 47.7598697, 'longitude': -122.2068288, 'fipsCode': '53033'}"
217488,,HighSchool,2023,2811.0,Blaine Halley,Olympia,Southern Illinois,OT,78.0,290.0,2.0,0.78,Atlanta,IL,USA,"{'latitude': None, 'longitude': None, 'fipsCode': None}"
217489,,HighSchool,2023,2811.0,Cole Dutkovich,Neuqua Valley,Northern Iowa,LB,74.0,210.0,2.0,0.78,Naperville,IL,USA,"{'latitude': 41.7728699, 'longitude': -88.1479278, 'fipsCode': '17043'}"
217490,,HighSchool,2023,2811.0,Ashton Lloyd,Blue Earth Area Senior,,TE,76.0,240.0,2.0,0.78,Blue Earth,MN,USA,"{'latitude': 43.637455, 'longitude': -94.1021821, 'fipsCode': '27043'}"
217492,,HighSchool,2023,2811.0,R.J. Keuchler,Pickerington Central,,EDGE,77.0,225.0,2.0,0.78,Pickerington,OH,USA,"{'latitude': 39.896277299999994, 'longitude': -82.77319049748806, 'fipsCode': '39045'}"
217493,,HighSchool,2023,2811.0,Austin Keetch,San Juan Hills,,LB,75.0,190.0,2.0,0.78,San Juan Capistrano,CA,USA,"{'latitude': 33.5016932, 'longitude': -117.6625509, 'fipsCode': '06059'}"
217494,,HighSchool,2023,2811.0,Myshaun Turner,Euclid,,OT,78.0,290.0,2.0,0.78,Euclid,OH,USA,"{'latitude': 41.5931049, 'longitude': -81.5267873, 'fipsCode': '39035'}"
217495,,HighSchool,2023,2811.0,Zontez Calhoun,Martin Luther King,,IOL,76.0,300.0,2.0,0.78,Detroit,MI,USA,"{'latitude': 42.3315509, 'longitude': -83.0466403, 'fipsCode': '26163'}"
217496,,HighSchool,2023,2811.0,Nick Strelczyk,St. Rita of Cascia,,IOL,77.0,300.0,2.0,0.78,Chicago,IL,USA,"{'latitude': 41.8755616, 'longitude': -87.6244212, 'fipsCode': '17031'}"
217498,,HighSchool,2023,2811.0,Demoni Taylor,North Hardin,,IOL,76.0,265.0,2.0,0.78,Radcliff,KY,USA,"{'latitude': 37.8403456, 'longitude': -85.9491298, 'fipsCode': '21093'}"
217499,,HighSchool,2023,2811.0,Isaiah Jones,Brookfield,,ATH,76.0,187.0,2.0,0.78,Brookfield,OH,USA,"{'latitude': 41.233945, 'longitude': -80.569517, 'fipsCode': '39155'}"
217500,,HighSchool,2023,2811.0,Evan Pierce,Tesoro,,QB,73.0,195.0,2.0,0.78,Rancho Santa Margarita,CA,USA,"{'latitude': 33.6408845, 'longitude': -117.6029341, 'fipsCode': '06059'}"
217501,,HighSchool,2023,2811.0,Deegan Martinho,Eagle,,RB,72.0,190.0,2.0,0.78,Eagle,ID,USA,"{'latitude': 43.6954424, 'longitude': -116.3540138, 'fipsCode': '16001'}"
217502,,HighSchool,2023,2811.0,Beau Jacques,Owyhee,,LB,75.0,210.0,2.0,0.78,Meridian,ID,USA,"{'latitude': 43.6086295, 'longitude': -116.392326, 'fipsCode': '16001'}"
217503,,HighSchool,2023,2811.0,Campbell Sager,Westview,Army,EDGE,77.0,240.0,2.0,0.78,Portland,OR,USA,"{'latitude': 45.5202471, 'longitude': -122.6741949, 'fipsCode': '41051'}"
217505,,HighSchool,2023,2811.0,Jake Holmes,West Linn,,EDGE,75.0,225.0,2.0,0.78,West Linn,OR,USA,"{'latitude': 45.3656761, 'longitude': -122.6123141, 'fipsCode': '41005'}"
217507,,HighSchool,2023,2811.0,Javonte Walker,Timberline,,S,74.0,194.0,2.0,0.78,Lacey,WA,USA,"{'latitude': 47.0263876, 'longitude': -122.8072257, 'fipsCode': '53067'}"
217509,,HighSchool,2023,2811.0,Lucas Freitas,Mount Si,Montana,IOL,78.0,295.0,2.0,0.78,Snoqualmie,WA,USA,"{'latitude': 47.5289527, 'longitude': -121.8270932, 'fipsCode': '53033'}"
217510,,HighSchool,2023,2811.0,Pryce Roberts,Woodinville,Portland State,OT,77.0,275.0,2.0,0.78,Woodinville,WA,USA,"{'latitude': 47.7545827, 'longitude': -122.1588902, 'fipsCode': '53033'}"
217511,,HighSchool,2023,2811.0,Colin Dooley,Los Gatos,,IOL,74.0,225.0,2.0,0.78,Los Gatos,CA,USA,"{'latitude': 37.226611, 'longitude': -121.9746797, 'fipsCode': '06085'}"
217512,,HighSchool,2023,2811.0,Pasefika Salatielu,Bishop Garcia Diego,Cal Poly,EDGE,74.0,240.0,2.0,0.78,Santa Barbara,CA,USA,"{'latitude': 34.4221319, 'longitude': -119.7026673, 'fipsCode': '06083'}"
217513,,HighSchool,2023,2811.0,Jacob Rothwell,Castro Valley,,ATH,75.0,205.0,2.0,0.78,Castro Valley,CA,USA,"{'latitude': 37.6945519, 'longitude': -122.0857432, 'fipsCode': '06001'}"
217514,,HighSchool,2023,2811.0,Julian Smith,Garces Memorial,,S,73.0,190.0,2.0,0.78,Bakersfield,CA,USA,"{'latitude': 35.3738712, 'longitude': -119.0194639, 'fipsCode': '06029'}"
217515,,HighSchool,2023,2811.0,Da'Marion Williams,Antelope,,ATH,69.0,175.0,2.0,0.78,Antelope,CA,USA,"{'latitude': 38.7082357, 'longitude': -121.3299513, 'fipsCode': '06067'}"
217517,,HighSchool,2023,2811.0,Frank Ward,Terra Nova,San Diego,EDGE,76.0,235.0,2.0,0.78,Pacifica,CA,USA,"{'latitude': 37.6138253, 'longitude': -122.4869194, 'fipsCode': '06081'}"
217518,,HighSchool,2023,2811.0,Jonathan Stromberg,Skyview,Idaho,TE,77.0,205.0,2.0,0.78,Vancouver,WA,USA,"{'latitude': 45.6306954, 'longitude': -122.6744557, 'fipsCode': '53011'}"
217519,,HighSchool,2023,2811.0,Jermaine Hargraves,El Cerrito,,ATH,74.0,180.0,2.0,0.78,El Cerrito,CA,USA,"{'latitude': 37.9154056, 'longitude': -122.301411, 'fipsCode': '06013'}"
217520,,HighSchool,2023,2811.0,Tyler King,Clackamas,,EDGE,77.0,225.0,2.0,0.78,Clackamas,OR,USA,"{'latitude': 45.4103887, 'longitude': -122.5660663, 'fipsCode': '41005'}"
217521,,HighSchool,2023,2811.0,Ryder Ruiz,Xavier College Prep,,ATH,69.0,175.0,2.0,0.78,Palm Desert,CA,USA,"{'latitude': 33.7288179, 'longitude': -116.3825711, 'fipsCode': '06065'}"
217523,,HighSchool,2023,2811.0,Bryce Schondelmyer,Springfield,Youngstown State,QB,74.0,195.0,2.0,0.78,Springfield,OH,USA,"{'latitude': 39.9242266, 'longitude': -83.8088172, 'fipsCode': '39023'}"
217524,,HighSchool,2023,2811.0,Micah Johnson,Sunrise Mountain,,WR,73.0,185.0,2.0,0.78,Peoria,AZ,USA,"{'latitude': 33.5806115, 'longitude': -112.2372942, 'fipsCode': '04013'}"
217525,,HighSchool,2023,2811.0,Cooper LeDuc,Hamilton,Southern Utah,ATH,70.0,165.0,2.0,0.78,Chandler,AZ,USA,"{'latitude': 33.3062223, 'longitude': -111.8413317, 'fipsCode': '04013'}"
217526,,HighSchool,2023,2811.0,Benjamin Lee,Bishop O'Dowd,,DL,76.0,245.0,2.0,0.78,Oakland,CA,USA,"{'latitude': 37.8044557, 'longitude': -122.2713563, 'fipsCode': '06001'}"
217527,,HighSchool,2023,2811.0,Ralston Raphael,Menlo,,DL,75.0,230.0,2.0,0.78,Atherton,CA,USA,"{'latitude': 37.4613272, 'longitude': -122.197743, 'fipsCode': '06081'}"
217528,,HighSchool,2023,2811.0,Will Wilson,Tualatin,,LB,75.0,215.0,2.0,0.78,Tualatin,OR,USA,"{'latitude': 45.3838546, 'longitude': -122.7663518, 'fipsCode': '41067'}"
217529,,HighSchool,2023,2811.0,Kyle Bielawski,Acalanes,,LB,74.0,190.0,2.0,0.78,Lafayette,CA,USA,"{'latitude': 37.8857582, 'longitude': -122.1180201, 'fipsCode': '06013'}"
217530,,HighSchool,2023,2811.0,Hunter Fontenot,Ascension Episcopal,,LB,73.0,202.0,2.0,0.78,Lafayette,LA,USA,"{'latitude': 30.2240897, 'longitude': -92.0198427, 'fipsCode': '22055'}"
217532,,HighSchool,2023,2811.0,Damien Boozer,Lincoln,,ATH,74.0,160.0,2.0,0.78,Stockton,CA,USA,"{'latitude': 37.9577016, 'longitude': -121.2907796, 'fipsCode': '06077'}"
217533,,HighSchool,2023,2811.0,Reuelroy Luvu,Bishop Garcia Diego,,CB,73.0,185.0,2.0,0.78,Santa Barbara,CA,USA,"{'latitude': 34.4221319, 'longitude': -119.7026673, 'fipsCode': '06083'}"
217534,,HighSchool,2023,2811.0,Charles Brown,Pittsburg,,RB,69.0,155.0,2.0,0.78,Pittsburg,CA,USA,"{'latitude': 38.0181745, 'longitude': -121.8901232, 'fipsCode': '06013'}"
217535,,HighSchool,2023,2811.0,Jackson Sager,Westview,,IOL,75.0,290.0,2.0,0.78,Portland,OR,USA,"{'latitude': 45.5202471, 'longitude': -122.6741949, 'fipsCode': '41051'}"
217536,,HighSchool,2023,2811.0,Gavin O'Leary,College Park,,WR,72.0,185.0,2.0,0.78,Pleasant Hill,CA,USA,"{'latitude': 37.9479786, 'longitude': -122.0607963, 'fipsCode': '06013'}"
217537,,HighSchool,2023,2811.0,DJ Ritter,Lincoln-Way East,,S,75.0,195.0,2.0,0.78,Frankfort,IL,USA,"{'latitude': 41.4958665, 'longitude': -87.8486613, 'fipsCode': '17197'}"
217541,,HighSchool,2023,2811.0,Tini Tinitali,South Salem,Portland State,WR,72.0,180.0,2.0,0.78,Salem,OR,USA,"{'latitude': 44.9391565, 'longitude': -123.033121, 'fipsCode': '41047'}"
217542,,HighSchool,2023,2811.0,Ben Dutton,King's Schools,Washington State,ATH,76.0,230.0,2.0,0.78,Seattle,WA,USA,"{'latitude': 47.6038321, 'longitude': -122.3300624, 'fipsCode': '53033'}"
217543,,HighSchool,2023,2811.0,Bam Afalava,Emerald Ridge,Portland State,DL,74.0,230.0,2.0,0.78,Puyallup,WA,USA,"{'latitude': 47.1849009, 'longitude': -122.2921406, 'fipsCode': '53053'}"
217544,,HighSchool,2023,2811.0,Joe Merlino,Union,,IOL,75.0,255.0,2.0,0.78,Camas,WA,USA,"{'latitude': 45.5911103, 'longitude': -122.4122248, 'fipsCode': '53011'}"
217545,,HighSchool,2023,2811.0,Sejhe Jackson,Garfield,,WR,74.0,185.0,2.0,0.78,Seattle,WA,USA,"{'latitude': 47.6038321, 'longitude': -122.3300624, 'fipsCode': '53033'}"
217546,,HighSchool,2023,2811.0,Isaiah Pino,Antioch,,EDGE,75.0,240.0,2.0,0.78,Antioch,CA,USA,"{'latitude': 38.0049214, 'longitude': -121.805789, 'fipsCode': '06013'}"
217547,,HighSchool,2023,2811.0,Adon Turner,Chico,,EDGE,75.0,215.0,2.0,0.78,Chico,CA,USA,"{'latitude': 39.7284945, 'longitude': -121.8374777, 'fipsCode': '06007'}"
217549,,HighSchool,2023,2811.0,Kalayn Ellis-Perry,Inglewood,,WR,75.0,175.0,2.0,0.78,Inglewood,CA,USA,"{'latitude': 33.9562003, 'longitude': -118.353132, 'fipsCode': '06037'}"
217550,,HighSchool,2023,2811.0,Jake Scianna,Lincoln-Way East,,LB,72.0,225.0,2.0,0.78,Frankfort,IL,USA,"{'latitude': 41.4958665, 'longitude': -87.8486613, 'fipsCode': '17197'}"
217551,,HighSchool,2023,2811.0,Samirion Ford,Lawrence North,Grand Valley State,ATH,72.0,190.0,2.0,0.78,Indianapolis,IN,USA,"{'latitude': 39.7683331, 'longitude': -86.1583502, 'fipsCode': '18097'}"
217552,,HighSchool,2023,2811.0,Keyaundre Watkins,Wayzata,,EDGE,76.0,215.0,2.0,0.78,Minneapolis,MN,USA,"{'latitude': 44.9772995, 'longitude': -93.2654692, 'fipsCode': '27053'}"
217553,,HighSchool,2023,2811.0,David Alabi,Pickerington North,,DL,74.0,240.0,2.0,0.78,Pickerington,OH,USA,"{'latitude': 39.896277299999994, 'longitude': -82.77319049748806, 'fipsCode': '39045'}"
217554,,HighSchool,2023,2811.0,Kolbyn Jackson,Corner Canyon,,S,71.0,210.0,2.0,0.78,Draper,UT,USA,"{'latitude': 40.5246711, 'longitude': -111.8638226, 'fipsCode': '49035'}"
217555,,HighSchool,2023,2811.0,Jamell James,Fitch,,RB,70.0,215.0,2.0,0.78,Youngstown,OH,USA,"{'latitude': 41.1035786, 'longitude': -80.6520161, 'fipsCode': '39099'}"
217556,,HighSchool,2023,2811.0,Watson Hafer,West Plains,Missouri State,ATH,76.0,205.0,2.0,0.78,West Plains,MO,USA,"{'latitude': None, 'longitude': None, 'fipsCode': None}"
217557,,HighSchool,2023,2811.0,Jaiden Acker,Kenowa Hills,,TE,76.0,215.0,2.0,0.78,Grand Rapids,MI,USA,"{'latitude': 42.9632405, 'longitude': -85.6678639, 'fipsCode': '26081'}"
217558,,HighSchool,2023,2811.0,Matthew Seliga,Archbishop Moeller,,S,71.0,180.0,2.0,0.78,Cincinnati,OH,USA,"{'latitude': 39.1014537, 'longitude': -84.5124602, 'fipsCode': '39061'}"
217559,,HighSchool,2023,2811.0,Mekhi Bradley,Mansfield,,LB,72.0,225.0,2.0,0.78,Mansfield,OH,USA,"{'latitude': 40.75839, 'longitude': -82.5154471, 'fipsCode': '39139'}"
217560,,HighSchool,2023,2811.0,Logan Minton,Lafayette,Southern Illinois,TE,79.0,210.0,2.0,0.78,Ballwin,MO,USA,"{'latitude': 38.5936028, 'longitude': -90.5385549, 'fipsCode': '29189'}"
217561,,HighSchool,2023,2811.0,Joey Neumann,Antioch,South Dakota State,TE,76.0,215.0,2.0,0.78,Antioch,IL,USA,"{'latitude': 42.4772418, 'longitude': -88.0956396, 'fipsCode': '17097'}"
217562,,HighSchool,2023,2811.0,Andrew Harren,Sauk Rapids-rice Senior,,TE,77.0,200.0,2.0,0.78,Sauk Rapids,MN,,"{'latitude': None, 'longitude': None, 'fipsCode': None}"
217563,,HighSchool,2023,2811.0,Josiah Azure,Bay Port,North Dakota State,LB,74.0,220.0,2.0,0.78,Green Bay,WI,USA,"{'latitude': 44.5126379, 'longitude': -88.0125794, 'fipsCode': '55009'}"
217564,,HighSchool,2023,2811.0,Lorenzo Hudson,Winton Woods,,S,75.0,170.0,2.0,0.78,Cincinnati,OH,USA,"{'latitude': 39.1014537, 'longitude': -84.5124602, 'fipsCode': '39061'}"
217566,,HighSchool,2023,2811.0,Malik Richardson,McClymonds,,DL,74.0,265.0,2.0,0.78,Oakland,CA,USA,"{'latitude': 37.8044557, 'longitude': -122.2713563, 'fipsCode': '06001'}"
217567,,HighSchool,2023,2811.0,Everett Carr,Bozeman,Montana State,OT,77.0,260.0,2.0,0.78,Bozeman,MT,USA,"{'latitude': 45.6794293, 'longitude': -111.0440474, 'fipsCode': '30031'}"
217568,,HighSchool,2023,2811.0,Alvonti Gallon,Kennedy,,LB,72.0,215.0,2.0,0.78,Richmond,CA,USA,"{'latitude': 37.9357576, 'longitude': -122.3477486, 'fipsCode': '06013'}"
217569,,HighSchool,2023,2811.0,Talon Marsh,Capital,,DL,74.0,235.0,2.0,0.78,Helena,MT,USA,"{'latitude': 46.5927425, 'longitude': -112.0362771, 'fipsCode': '30049'}"
217570,,HighSchool,2023,2811.0,Cole Taylor,C.M. Russell,Montana State,QB,75.0,205.0,2.0,0.78,Great Falls,MT,USA,"{'latitude': 47.5048851, 'longitude': -111.2918908, 'fipsCode': '30013'}"
217571,,HighSchool,2023,2811.0,Matyus McLain,Priest River Lamanna,Idaho,EDGE,76.0,220.0,2.0,0.78,Priest River,ID,USA,"{'latitude': None, 'longitude': None, 'fipsCode': None}"
217573,,HighSchool,2023,2811.0,Ty Richardson,Menlo,,CB,71.0,165.0,2.0,0.78,Atherton,CA,USA,"{'latitude': 37.4613272, 'longitude': -122.197743, 'fipsCode': '06081'}"
217574,,HighSchool,2023,2811.0,Alex Green,Lake City,Idaho,OT,77.0,250.0,2.0,0.78,Coeur d'Alene,ID,USA,"{'latitude': 47.6742994, 'longitude': -116.7811531, 'fipsCode': '16055'}"
217575,,HighSchool,2023,2811.0,Mason Mini,Terra Nova,Idaho,TE,76.0,210.0,2.0,0.78,Pacifica,CA,USA,"{'latitude': 37.6138253, 'longitude': -122.4869194, 'fipsCode': '06081'}"
217576,,HighSchool,2023,2811.0,Isaiah Green,Oaks Christian,Portland State,CB,73.0,180.0,2.0,0.78,Westlake Village,CA,USA,"{'latitude': 34.1460234, 'longitude': -118.8061794, 'fipsCode': '06037'}"
217577,,HighSchool,2023,2811.0,Kaleb Cline,Spencer,Northern Iowa,DL,77.0,245.0,2.0,0.78,Spencer,IA,USA,"{'latitude': None, 'longitude': None, 'fipsCode': None}"
217578,,HighSchool,2023,2811.0,Freddy Lujan,Bishop Amat,,EDGE,73.0,245.0,2.0,0.78,La Puente,CA,USA,"{'latitude': 34.01979, 'longitude': -117.9503677, 'fipsCode': '06037'}"
217579,,HighSchool,2023,2811.0,Drew Patterson,Corner Canyon,,RB,71.0,187.0,2.0,0.78,Draper,UT,USA,"{'latitude': 40.5246711, 'longitude': -111.8638226, 'fipsCode': '49035'}"
217580,,HighSchool,2023,2811.0,Jayden Nolen,Capital Christian,,ATH,76.0,170.0,2.0,0.78,Sacramento,CA,USA,"{'latitude': 38.5815719, 'longitude': -121.4943996, 'fipsCode': '06067'}"
217583,,HighSchool,2023,2811.0,Nate Schneckloth,North Scott,North Dakota State,DL,77.0,245.0,2.0,0.78,Eldridge,IA,USA,"{'latitude': 41.6580864, 'longitude': -90.5845823, 'fipsCode': '19163'}"
217584,,HighSchool,2023,2811.0,Anton Keeling,Green Valley,,WR,70.0,175.0,2.0,0.78,Henderson,NV,USA,"{'latitude': 36.0301134, 'longitude': -114.9826194, 'fipsCode': '32003'}"
217585,,HighSchool,2023,2811.0,Hunter Lay,Mullen,Pennsylvania,EDGE,75.0,235.0,2.0,0.78,Denver,CO,USA,"{'latitude': 39.7392364, 'longitude': -104.9848623, 'fipsCode': '08031'}"
217586,,HighSchool,2023,2811.0,A.J. Perez,Clackamas,,WR,74.0,165.0,2.0,0.78,Clackamas,OR,USA,"{'latitude': 45.4103887, 'longitude': -122.5660663, 'fipsCode': '41005'}"
217587,,HighSchool,2023,2811.0,Bryce Hawthorne,Osseo Senior,South Dakota State,DL,75.0,245.0,2.0,0.78,Osseo,MN,USA,"{'latitude': 45.11715785, 'longitude': -93.39877096552499, 'fipsCode': '27053'}"
217589,,HighSchool,2023,2811.0,Jesse Miller,Greene County,South Dakota,TE,78.0,215.0,2.0,0.78,Jefferson,IA,USA,"{'latitude': 42.0152609, 'longitude': -94.3774684, 'fipsCode': '19073'}"
217590,,HighSchool,2023,2811.0,Malik Cleveland,Rancho Cotate,UC Davis,IOL,75.0,305.0,2.0,0.78,Rohnert Park,CA,USA,"{'latitude': 38.3396367, 'longitude': -122.7010984, 'fipsCode': '06097'}"
217593,,HighSchool,2023,2811.0,Fatafehi Puloka,Monterey Trail,,LB,75.0,200.0,2.0,0.78,Elk Grove,CA,USA,"{'latitude': 38.4087993, 'longitude': -121.3716178, 'fipsCode': '06067'}"
217594,,HighSchool,2023,2811.0,Zach Quilici,St. Ignatius College Preparatory,,OT,76.5,265.0,2.0,0.78,San Francisco,CA,USA,"{'latitude': 37.7790262, 'longitude': -122.4199061, 'fipsCode': '06075'}"
217595,,HighSchool,2023,2811.0,Cameron Gurnsey,Butte,Montana,WR,73.0,180.0,2.0,0.78,Butte,MT,USA,"{'latitude': 46.0131505, 'longitude': -112.5365089, 'fipsCode': '30093'}"
217596,,HighSchool,2023,2811.0,Hayden Opitz,Capital,Montana,ATH,75.0,215.0,2.0,0.78,Helena,MT,USA,"{'latitude': 46.5927425, 'longitude': -112.0362771, 'fipsCode': '30049'}"
217597,,HighSchool,2023,2811.0,Jackson Grover,Freeman,,EDGE,75.0,225.0,2.0,0.78,Rockford,WA,USA,"{'latitude': 42.2713945, 'longitude': -89.093966, 'fipsCode': '17201'}"
217600,,HighSchool,2023,2811.0,Austin Schultz,Moorhead,North Dakota State,IOL,76.0,290.0,2.0,0.78,Moorhead,MN,USA,"{'latitude': 46.8739081, 'longitude': -96.7538674, 'fipsCode': '27027'}"
217601,,HighSchool,2023,2811.0,Ethan Scaffidi,Servite,,ATH,69.0,160.0,2.0,0.78,Anaheim,CA,USA,"{'latitude': 33.8347516, 'longitude': -117.911732, 'fipsCode': '06059'}"
217602,,HighSchool,2023,2811.0,Aidan Bravo,St. Paul,,WR,75.0,190.0,2.0,0.78,Santa Fe Springs,CA,USA,"{'latitude': 33.9480787, 'longitude': -118.0691499, 'fipsCode': '06037'}"
217603,,HighSchool,2023,2811.0,Trevor Beck,Rocky Mountain,Weber State,IOL,77.0,250.0,2.0,0.78,Meridian,ID,USA,"{'latitude': 43.6086295, 'longitude': -116.392326, 'fipsCode': '16001'}"
217604,,HighSchool,2023,2811.0,Ryan Corder,Meridian,Idaho State,EDGE,75.0,215.0,2.0,0.78,Meridian,ID,USA,"{'latitude': 43.6086295, 'longitude': -116.392326, 'fipsCode': '16001'}"
217605,,HighSchool,2023,2811.0,Johnnie Alcombrack,Newport Senior,,ATH,71.0,170.0,2.0,0.78,Bellevue,WA,USA,"{'latitude': 47.6144219, 'longitude': -122.1923372, 'fipsCode': '53033'}"
217606,,HighSchool,2023,2811.0,Odera Okaka,Pittsburg,Southern Utah,EDGE,75.0,210.0,2.0,0.78,Pittsburg,CA,USA,"{'latitude': 38.0181745, 'longitude': -121.8901232, 'fipsCode': '06013'}"
217607,,HighSchool,2023,2811.0,Anta'Veon McKenzie,Edison,Sacramento State,S,73.0,190.0,2.0,0.78,Stockton,CA,USA,"{'latitude': 37.9577016, 'longitude': -121.2907796, 'fipsCode': '06077'}"
217608,,HighSchool,2023,2811.0,Robbie Stebbing,Chaparral,,WR,71.0,165.0,2.0,0.78,Temecula,CA,USA,"{'latitude': 33.4946353, 'longitude': -117.1473661, 'fipsCode': '06065'}"
217609,,HighSchool,2023,2811.0,Izaiah Johnson,Adelanto,,CB,75.0,177.0,2.0,0.78,Adelanto,CA,USA,"{'latitude': 34.5827699, 'longitude': -117.409215, 'fipsCode': '06071'}"
217610,,HighSchool,2023,2811.0,Joseph Johnson,Glacier Peak,,OT,77.0,235.0,2.0,0.78,Snohomish,WA,USA,"{'latitude': 47.9180275, 'longitude': -122.0899646, 'fipsCode': '53061'}"
217622,,HighSchool,2023,2811.0,Keawe Kane-Keahi,Lahainaluna,,LB,75.0,195.0,2.0,0.78,Lahaina,HI,USA,"{'latitude': 20.8738769, 'longitude': -156.6776784, 'fipsCode': '15009'}"
217623,,HighSchool,2023,2811.0,Eliseo Buffington,Sacred Heart Prep,San José State,EDGE,77.0,245.0,2.0,0.78,San Mateo,CA,USA,"{'latitude': 37.5439684, 'longitude': -122.3066789, 'fipsCode': '06081'}"
217624,,HighSchool,2023,2811.0,Maximus Hansen,Blue Springs,,OT,80.0,275.0,2.0,0.78,Blue Springs,MO,USA,"{'latitude': 39.017316, 'longitude': -94.282265, 'fipsCode': '29095'}"
217625,,HighSchool,2023,2811.0,Roman Tillmon,Fort Osage,South Dakota,S,71.0,185.0,2.0,0.78,Independence,MO,USA,"{'latitude': 39.0924792, 'longitude': -94.4137923, 'fipsCode': '29095'}"
217626,,HighSchool,2023,2811.0,Scott Nixon,Sheldon,,ATH,74.0,195.0,2.0,0.78,Sacramento,CA,USA,"{'latitude': 38.5815719, 'longitude': -121.4943996, 'fipsCode': '06067'}"
217627,,HighSchool,2023,2811.0,Demir Ashiru,Plainfield North,,QB,74.0,175.0,2.0,0.78,Plainfield,IL,USA,"{'latitude': 41.6086711, 'longitude': -88.2054345, 'fipsCode': '17197'}"
217628,,HighSchool,2023,2811.0,Joshua Pierce,University Liggett School,Campbell,EDGE,76.0,220.0,2.0,0.78,Grosse Pointe,MI,USA,"{'latitude': 42.3861485, 'longitude': -82.9118591, 'fipsCode': '26163'}"
217629,,HighSchool,2023,2811.0,William Buzzard,WF West,Eastern Washington,IOL,75.0,255.0,2.0,0.78,Chehalis,WA,USA,"{'latitude': 46.6599653, 'longitude': -122.9634322, 'fipsCode': '53041'}"
217630,,HighSchool,2023,2811.0,Jacob Martin,Mountain View,Washington State,ATH,74.0,180.0,2.0,0.78,Vancouver,WA,USA,"{'latitude': 45.6306954, 'longitude': -122.6744557, 'fipsCode': '53011'}"
217631,,HighSchool,2023,2811.0,Antonio Sandel-Bascomb,Akron East,Kent State,DL,75.0,280.0,2.0,0.78,Akron,OH,USA,"{'latitude': 41.083064, 'longitude': -81.518485, 'fipsCode': '39153'}"
217633,,HighSchool,2023,2811.0,Tre'Vonte Buckley,Godwin Heights,Grand Valley State,DL,75.0,245.0,2.0,0.78,Grand Rapids,MI,USA,"{'latitude': 42.9632405, 'longitude': -85.6678639, 'fipsCode': '26081'}"
113543,,HighSchool,2023,3000.0,Brady Probst,Brownsburg,Illinois State,TE,76.0,235.0,2.0,0.7733,Brownsburg,IN,USA,"{'latitude': 39.8433769, 'longitude': -86.3977736, 'fipsCode': '18063'}"
217638,,HighSchool,2023,3001.0,Christopher Arviso II,Mountain Pointe,,QB,73.0,175.0,2.0,0.77,Phoenix,AZ,USA,"{'latitude': 33.4484367, 'longitude': -112.0741417, 'fipsCode': '04013'}"
217639,,HighSchool,2023,3001.0,Luke Legarreta,Bishop Kelly,San Diego,LB,73.0,207.0,2.0,0.77,Boise,ID,USA,"{'latitude': 43.6166163, 'longitude': -116.200886, 'fipsCode': '16001'}"
217636,,HighSchool,2023,3001.0,Noah Fasavalu,Bethel,,S,73.0,195.0,2.0,0.77,Spanaway,WA,USA,"{'latitude': 47.0979462, 'longitude': -122.4243422, 'fipsCode': '53053'}"
217640,,HighSchool,2023,3001.0,Ryan Oliver,Lakeridge,,QB,74.0,190.0,2.0,0.77,Lake Oswego,OR,USA,"{'latitude': 45.4206749, 'longitude': -122.6706498, 'fipsCode': '41005'}"
217641,,HighSchool,2023,3001.0,Keontae Johnson-Gibson,Clackamas,,CB,70.0,160.0,2.0,0.77,Clackamas,OR,USA,"{'latitude': 45.4103887, 'longitude': -122.5660663, 'fipsCode': '41005'}"
217642,,HighSchool,2023,3001.0,Luke Ash,Clackamas,,RB,68.0,150.0,2.0,0.77,Clackamas,OR,USA,"{'latitude': 45.4103887, 'longitude': -122.5660663, 'fipsCode': '41005'}"
217643,,HighSchool,2023,3001.0,Henry Masters,Tigard,,TE,75.0,195.0,2.0,0.77,Portland,OR,USA,"{'latitude': 45.5202471, 'longitude': -122.6741949, 'fipsCode': '41051'}"
217644,,HighSchool,2023,3001.0,Sully McDaniel,Clackamas,,LB,75.0,215.0,2.0,0.77,Clackamas,OR,USA,"{'latitude': 45.4103887, 'longitude': -122.5660663, 'fipsCode': '41005'}"
217645,,HighSchool,2023,3001.0,Hogan Carmichael,Summit,Idaho,QB,77.0,185.0,2.0,0.77,Bend,OR,USA,"{'latitude': 44.0581728, 'longitude': -121.3153096, 'fipsCode': '41017'}"
217647,,HighSchool,2023,3001.0,River Lien,Glacier Peak,Air Force,QB,72.0,197.0,2.0,0.77,Snohomish,WA,USA,"{'latitude': 47.9180275, 'longitude': -122.0899646, 'fipsCode': '53061'}"
217648,,HighSchool,2023,3001.0,Khalil Yarbo,Graham-Kapowsin,,RB,72.0,210.0,2.0,0.77,Tacoma,WA,USA,"{'latitude': 47.2495798, 'longitude': -122.4398746, 'fipsCode': '53053'}"
217649,,HighSchool,2023,3001.0,Kolani Masunu,Bellevue,,DL,72.0,275.0,2.0,0.77,Bellevue,WA,USA,"{'latitude': 47.6144219, 'longitude': -122.1923372, 'fipsCode': '53033'}"
217650,,HighSchool,2023,3001.0,Palamveer Dhaliwal,Kentwood,,EDGE,75.0,230.0,2.0,0.77,Kent,WA,USA,"{'latitude': 47.3826903, 'longitude': -122.2270272, 'fipsCode': '53033'}"
217651,,HighSchool,2023,3001.0,Charles Brown,Highline,,ATH,74.0,200.0,2.0,0.77,Burien,WA,USA,"{'latitude': 47.469918, 'longitude': -122.3485274, 'fipsCode': '53033'}"
217652,,HighSchool,2023,3001.0,Leti Tanupo,Washington,,DL,73.0,290.0,2.0,0.77,Tacoma,WA,USA,"{'latitude': 47.2495798, 'longitude': -122.4398746, 'fipsCode': '53053'}"
217653,,HighSchool,2023,3001.0,Connor Meade,Wilson,,ATH,67.0,155.0,2.0,0.77,Tacoma,WA,USA,"{'latitude': 47.2495798, 'longitude': -122.4398746, 'fipsCode': '53053'}"
217654,,HighSchool,2023,3001.0,Zekiel Seumalo,Kentwood,,DL,72.0,230.0,2.0,0.77,Kent,WA,USA,"{'latitude': 47.3826903, 'longitude': -122.2270272, 'fipsCode': '53033'}"
217655,,HighSchool,2023,3001.0,Rixen Daley-Ka'aihue,Silas,,S,72.0,175.0,2.0,0.77,Tacoma,WA,USA,"{'latitude': 47.2495798, 'longitude': -122.4398746, 'fipsCode': '53053'}"
217656,,HighSchool,2023,3001.0,Elvis Kariuki,Emerald Ridge,,ATH,75.0,205.0,2.0,0.77,Puyallup,WA,USA,"{'latitude': 47.1849009, 'longitude': -122.2921406, 'fipsCode': '53053'}"
217686,5150703,HighSchool,2023,3001.0,George Nahas,Dowling Catholic,Iowa State,IOL,76.0,270.0,2.0,0.77,West Des Moines,IA,USA,"{'latitude': 41.5645337, 'longitude': -93.7595281, 'fipsCode': '19153'}"
217657,,HighSchool,2023,3001.0,Brendon Manzano,Bishop Blanchet,,WR,68.0,160.0,2.0,0.77,Kenmore,WA,USA,"{'latitude': 47.7573202, 'longitude': -122.2440148, 'fipsCode': '53033'}"
217658,,HighSchool,2023,3001.0,Shamonte Brown,Inderkum,,LB,76.0,230.0,2.0,0.77,Sacramento,CA,USA,"{'latitude': 38.5815719, 'longitude': -121.4943996, 'fipsCode': '06067'}"
217659,,HighSchool,2023,3001.0,Jalen Kennedy,Pleasant Grove,,RB,70.0,150.0,2.0,0.77,Elk Grove,CA,USA,"{'latitude': 38.4087993, 'longitude': -121.3716178, 'fipsCode': '06067'}"
217660,,HighSchool,2023,3001.0,Cincere Thomas,Franklin,,ATH,73.0,195.0,2.0,0.77,Elk Grove,CA,USA,"{'latitude': 38.4087993, 'longitude': -121.3716178, 'fipsCode': '06067'}"
217661,,HighSchool,2023,3001.0,Tyler Garrett,Mission College Preparatory Catholic,,TE,77.0,190.0,2.0,0.77,San Luis Obispo,CA,USA,"{'latitude': 35.2827525, 'longitude': -120.6596156, 'fipsCode': '06079'}"
217662,,HighSchool,2023,3001.0,Braeden Orlandi,Calaveras,,S,73.0,180.0,2.0,0.77,San Andreas,CA,,"{'latitude': None, 'longitude': None, 'fipsCode': None}"
217664,,HighSchool,2023,3001.0,Jack Collins,Merced,,WR,75.0,200.0,2.0,0.77,Midpines,CA,USA,"{'latitude': 37.5443798, 'longitude': -119.9204507, 'fipsCode': '06043'}"
217665,,HighSchool,2023,3001.0,Brandon Broch,Bellarmine Prep,,LB,72.0,190.0,2.0,0.77,San Jose,CA,USA,"{'latitude': 37.3361905, 'longitude': -121.8905833, 'fipsCode': '06085'}"
217666,,HighSchool,2023,3001.0,Ty Kubicek,Capital Christian,,IOL,75.0,277.0,2.0,0.77,Sacramento,CA,USA,"{'latitude': 38.5815719, 'longitude': -121.4943996, 'fipsCode': '06067'}"
217667,,HighSchool,2023,3001.0,Mason Michel,Eagle,,LB,73.0,202.0,2.0,0.77,Eagle,ID,USA,"{'latitude': 43.6954424, 'longitude': -116.3540138, 'fipsCode': '16001'}"
217669,,HighSchool,2023,3001.0,Cody Mikulich,Bloomington North,,RB,71.0,185.0,2.0,0.77,Bloomington,IN,USA,"{'latitude': 39.1670396, 'longitude': -86.5342881, 'fipsCode': '18105'}"
217670,,HighSchool,2023,3001.0,Levi Robins,Saguaro,Columbia,CB,70.0,175.0,2.0,0.77,Scottsdale,AZ,USA,"{'latitude': 33.4942189, 'longitude': -111.9260184, 'fipsCode': '04013'}"
217671,,HighSchool,2023,3001.0,Christian Johnson,River Rouge,Grand Valley State,QB,74.0,210.0,2.0,0.77,River Rouge,MI,USA,"{'latitude': 42.2729262, 'longitude': -83.1352891, 'fipsCode': '26163'}"
217672,,HighSchool,2023,3001.0,Trevor Scott,San Ramon Valley,,WR,74.0,180.0,2.0,0.77,Danville,CA,USA,"{'latitude': 37.8215929, 'longitude': -121.9999606, 'fipsCode': '06013'}"
217673,,HighSchool,2023,3001.0,Kyrell Goss-Pruitt,Grant Union,,ATH,72.0,180.0,2.0,0.77,Sacramento,CA,USA,"{'latitude': 38.5815719, 'longitude': -121.4943996, 'fipsCode': '06067'}"
217674,,HighSchool,2023,3001.0,Michael Cooley,Bishop O'Dowd,,EDGE,79.0,215.0,2.0,0.77,Oakland,CA,USA,"{'latitude': 37.8044557, 'longitude': -122.2713563, 'fipsCode': '06001'}"
217676,,HighSchool,2023,3001.0,Charlie Ozolin,Summit,,ATH,73.0,170.0,2.0,0.77,Bend,OR,USA,"{'latitude': 44.0581728, 'longitude': -121.3153096, 'fipsCode': '41017'}"
217677,,HighSchool,2023,3001.0,Tut Puoch,Crawford Champs,,CB,74.0,145.0,2.0,0.77,San Diego,CA,USA,"{'latitude': 32.7174209, 'longitude': -117.1627714, 'fipsCode': '06073'}"
217678,,HighSchool,2023,3001.0,Cash Layman,Zillah,,CB,69.0,175.0,2.0,0.77,Zillah,WA,USA,"{'latitude': 46.4020734, 'longitude': -120.2619988, 'fipsCode': '53077'}"
217680,,HighSchool,2023,3001.0,Baylor Corbin,Lakeridge,,WR,74.0,170.0,2.0,0.77,Lake Oswego,OR,USA,"{'latitude': 45.4206749, 'longitude': -122.6706498, 'fipsCode': '41005'}"
217682,,HighSchool,2023,3001.0,Collin Mennie,Aptos,,LB,73.0,210.0,2.0,0.77,Aptos,CA,USA,"{'latitude': 36.9787725, 'longitude': -121.8976335, 'fipsCode': '06087'}"
217683,,HighSchool,2023,3001.0,Nijawn Sterling,Rainier Beach,,DL,75.0,320.0,2.0,0.77,Seattle,WA,USA,"{'latitude': 47.6038321, 'longitude': -122.3300624, 'fipsCode': '53033'}"
217635,,HighSchool,2023,3001.0,Kavaughn Clark,Peoria Centennial,,RB,68.0,180.0,2.0,0.77,Peoria,AZ,USA,"{'latitude': 33.5806115, 'longitude': -112.2372942, 'fipsCode': '04013'}"
217684,,HighSchool,2023,3001.0,Jacorris Foreman,Pahokee,Tennessee State,LB,71.0,205.0,2.0,0.77,Pahokee,FL,USA,"{'latitude': 26.8200607, 'longitude': -80.6653351, 'fipsCode': '12099'}"
217685,,HighSchool,2023,3001.0,Drew Cowart,American Leadership Academy,BYU,QB,74.0,190.0,2.0,0.77,Queen Creek,AZ,USA,"{'latitude': 33.2483858, 'longitude': -111.6341585, 'fipsCode': '04013'}"
217687,,HighSchool,2023,3001.0,Najee Nelson,Lakeville North,,CB,71.0,165.0,2.0,0.77,Lakeville,MN,USA,"{'latitude': 44.650051, 'longitude': -93.2432791, 'fipsCode': '27037'}"
217745,5155161,HighSchool,2023,3001.0,Jack Yanachik,De La Salle Collegiate,Michigan State,ATH,75.0,185.0,2.0,0.77,Warren,MI,USA,"{'latitude': 42.4932575, 'longitude': -83.0062746, 'fipsCode': '26099'}"
217688,,HighSchool,2023,3001.0,Cameron Davenport,Ben Davis,,OT,77.0,335.0,2.0,0.77,Indianapolis,IN,USA,"{'latitude': 39.7683331, 'longitude': -86.1583502, 'fipsCode': '18097'}"
217689,,HighSchool,2023,3001.0,Serrell Curtis,Ben Davis,,S,73.0,172.0,2.0,0.77,Indianapolis,IN,USA,"{'latitude': 39.7683331, 'longitude': -86.1583502, 'fipsCode': '18097'}"
217690,,HighSchool,2023,3001.0,Keymarion Gibson,Ottawa Hills,,ATH,74.0,257.0,2.0,0.77,Grand Rapids,MI,USA,"{'latitude': 42.9632405, 'longitude': -85.6678639, 'fipsCode': '26081'}"
217691,,HighSchool,2023,3001.0,Keon Collier,Simeon,,S,74.0,175.0,2.0,0.77,Chicago,IL,USA,"{'latitude': 41.8755616, 'longitude': -87.6244212, 'fipsCode': '17031'}"
217692,,HighSchool,2023,3001.0,Roman Laurio,Saline,,WR,72.0,175.0,2.0,0.77,Saline,MI,USA,"{'latitude': 42.1667072, 'longitude': -83.7816075, 'fipsCode': '26161'}"
217693,,HighSchool,2023,3001.0,Kade Boyd,Billings Central Catholic,,ATH,72.0,180.0,2.0,0.77,Billings,MT,USA,"{'latitude': 45.7874957, 'longitude': -108.49607, 'fipsCode': '30111'}"
217694,,HighSchool,2023,3001.0,Mason Fullmer,Highland,,LB,73.0,215.0,2.0,0.77,Pocatello,ID,USA,"{'latitude': 42.8688613, 'longitude': -112.4401098, 'fipsCode': '16005'}"
217695,,HighSchool,2023,3001.0,Weston Benefield,Sandpoint,,LB,73.0,220.0,2.0,0.77,Sandpoint,ID,USA,"{'latitude': 48.2765903, 'longitude': -116.5532476, 'fipsCode': '16017'}"
217696,,HighSchool,2023,3001.0,Varick Meredith,Kellogg,,LB,75.0,210.0,2.0,0.77,Kellogg,ID,USA,"{'latitude': None, 'longitude': None, 'fipsCode': None}"
217828,5152134,HighSchool,2023,3001.0,Jaden Radke,Okanogan,Eastern Washington,EDGE,75.0,230.0,2.0,0.77,Okanogan,WA,USA,"{'latitude': 48.361262, 'longitude': -119.5833869, 'fipsCode': '53047'}"
217697,,HighSchool,2023,3001.0,Coltin Lyda,Idaho Falls Senior,,LB,73.0,195.0,2.0,0.77,Idaho Falls,ID,USA,"{'latitude': 43.4935245, 'longitude': -112.0400919, 'fipsCode': '16019'}"
217698,,HighSchool,2023,3001.0,Tegan Sweaney,Rocky Mountain,,QB,75.0,190.0,2.0,0.77,Meridian,ID,USA,"{'latitude': 43.6086295, 'longitude': -116.392326, 'fipsCode': '16001'}"
217699,,HighSchool,2023,3001.0,Logan Snarr,Lewiston,,IOL,74.0,265.0,2.0,0.77,Lewiston,ID,USA,"{'latitude': 46.4195913, 'longitude': -117.0216144, 'fipsCode': '16069'}"
217700,,HighSchool,2023,3001.0,Micah Elliss,Moscow,,DL,74.0,260.0,2.0,0.77,Moscow,ID,USA,"{'latitude': 46.7323875, 'longitude': -117.0001651, 'fipsCode': '16057'}"
217701,,HighSchool,2023,3001.0,Roy Hull,Eagle,,RB,73.0,195.0,2.0,0.77,Eagle,ID,USA,"{'latitude': 43.6954424, 'longitude': -116.3540138, 'fipsCode': '16001'}"
217702,,HighSchool,2023,3001.0,Owen West,Lake Oswego,,ATH,73.0,185.0,2.0,0.77,Lake Oswego,OR,USA,"{'latitude': 45.4206749, 'longitude': -122.6706498, 'fipsCode': '41005'}"
217675,5153625,HighSchool,2023,3001.0,Kory Symington,Henry,UCLA,OT,75.0,260.0,2.0,0.77,San Diego,CA,USA,"{'latitude': 32.7174209, 'longitude': -117.1627714, 'fipsCode': '06073'}"
217703,,HighSchool,2023,3001.0,Garrett Speer,Portland Jesuit,,ATH,72.0,190.0,2.0,0.77,Portland,OR,USA,"{'latitude': 45.5202471, 'longitude': -122.6741949, 'fipsCode': '41051'}"
217704,,HighSchool,2023,3001.0,Vaun Halstead,Thurston,,LB,73.0,215.0,2.0,0.77,Springfield,OR,USA,"{'latitude': 44.0462362, 'longitude': -123.0220289, 'fipsCode': '41039'}"
217715,,HighSchool,2023,3001.0,Lebron Thomas,Red Bluff,,WR,74.0,180.0,2.0,0.77,West Tehama County,CA,USA,"{'latitude': 40.1251334, 'longitude': -122.2015529, 'fipsCode': '06103'}"
217716,,HighSchool,2023,3001.0,Mario Luera,Mission College Preparatory Catholic,,LB,73.0,210.0,2.0,0.77,San Luis Obispo,CA,USA,"{'latitude': 35.2827525, 'longitude': -120.6596156, 'fipsCode': '06079'}"
217705,,HighSchool,2023,3001.0,Ishmael Taliauli,Kennedy Catholic,,DL,73.0,260.0,2.0,0.77,Burien,WA,USA,"{'latitude': 47.469918, 'longitude': -122.3485274, 'fipsCode': '53033'}"
217706,,HighSchool,2023,3001.0,Zach Mclean,Interlake Senior,,EDGE,74.5,235.0,2.0,0.77,Bellevue,WA,USA,"{'latitude': 47.6144219, 'longitude': -122.1923372, 'fipsCode': '53033'}"
217707,,HighSchool,2023,3001.0,Ethan Pletcher,Graham-Kapowsin,,S,73.0,175.0,2.0,0.77,Graham,WA,USA,"{'latitude': 47.0395996, 'longitude': -122.2785729, 'fipsCode': '53053'}"
217708,,HighSchool,2023,3001.0,Wyatt Tilton,Arlington,,DL,73.0,275.0,2.0,0.77,Arlington,WA,USA,"{'latitude': 48.1810957, 'longitude': -122.1389548, 'fipsCode': '53061'}"
217709,,HighSchool,2023,3001.0,Harrison Reid,Eastlake,,LB,73.0,205.0,2.0,0.77,Sammamish,WA,USA,"{'latitude': 47.6088445, 'longitude': -122.0423067, 'fipsCode': '53033'}"
217710,,HighSchool,2023,3001.0,Carter Rhooms,Auburn Riverside,,S,72.0,160.0,2.0,0.77,Auburn,WA,USA,"{'latitude': 47.3075369, 'longitude': -122.2301808, 'fipsCode': '53033'}"
217711,,HighSchool,2023,3001.0,Jamar Howard,Mission College Preparatory Catholic,,WR,75.0,170.0,2.0,0.77,San Luis Obispo,CA,USA,"{'latitude': 35.2827525, 'longitude': -120.6596156, 'fipsCode': '06079'}"
217712,,HighSchool,2023,3001.0,Marquis Singleton Jr.,Encinal,,WR,70.0,175.0,2.0,0.77,Alameda,CA,USA,"{'latitude': 37.7652076, 'longitude': -122.2416355, 'fipsCode': '06001'}"
217713,,HighSchool,2023,3001.0,Jacob Kleppin,Archbishop Riordan,,LB,74.0,190.0,2.0,0.77,San Francisco,CA,USA,"{'latitude': 37.7790262, 'longitude': -122.4199061, 'fipsCode': '06075'}"
217714,,HighSchool,2023,3001.0,Tayden Phillips,Abraham Lincoln,,RB,71.0,185.0,2.0,0.77,San Jose,CA,USA,"{'latitude': 37.3361905, 'longitude': -121.8905833, 'fipsCode': '06085'}"
217829,,HighSchool,2023,3001.0,Zack Pappadakis,Davison,,S,74.0,200.0,2.0,0.77,Davison,MI,USA,"{'latitude': 43.0346872, 'longitude': -83.5180155, 'fipsCode': '26049'}"
217827,,HighSchool,2023,3001.0,Billy Johnson,Menlo-Atherton,,QB,72.0,180.0,2.0,0.77,Menlo Park,CA,USA,"{'latitude': 37.4519671, 'longitude': -122.1779927, 'fipsCode': '06081'}"
217826,,HighSchool,2023,3001.0,Keagen Rongen,A G West Black Hills,Eastern Washington,ATH,77.0,235.0,2.0,0.77,Olympia,WA,USA,"{'latitude': 47.0451022, 'longitude': -122.8950075, 'fipsCode': '53067'}"
217825,,HighSchool,2023,3001.0,Te'Shaun Porter,Omaha North,,RB,71.0,200.0,2.0,0.77,Omaha,NE,USA,"{'latitude': 41.2587459, 'longitude': -95.9383758, 'fipsCode': '31055'}"
217823,,HighSchool,2023,3001.0,Jimmy Walls,Pittsburg,,OT,77.0,310.0,2.0,0.77,Pittsburg,CA,USA,"{'latitude': 38.0181745, 'longitude': -121.8901232, 'fipsCode': '06013'}"
217822,,HighSchool,2023,3001.0,Jonathan Van Hook,Lutheran North,Southeast Missouri State,CB,72.0,170.0,2.0,0.77,St. Louis,MO,USA,"{'latitude': 38.6268039, 'longitude': -90.1994097, 'fipsCode': '29510'}"
217821,,HighSchool,2023,3001.0,Kenyon Shabazz,Grant Union,,WR,76.0,170.0,2.0,0.77,Sacramento,CA,USA,"{'latitude': 38.5815719, 'longitude': -121.4943996, 'fipsCode': '06067'}"
217820,,HighSchool,2023,3001.0,Joseph McCray,Grant Union,,QB,73.0,185.0,2.0,0.77,Sacramento,CA,USA,"{'latitude': 38.5815719, 'longitude': -121.4943996, 'fipsCode': '06067'}"
217819,,HighSchool,2023,3001.0,Darien Maragh,O'Dea,,ATH,73.0,160.0,2.0,0.77,Seattle,WA,USA,"{'latitude': 47.6038321, 'longitude': -122.3300624, 'fipsCode': '53033'}"
217818,,HighSchool,2023,3001.0,Jordan Hernandez,Tennyson,,QB,72.0,150.0,2.0,0.77,Hayward,CA,USA,"{'latitude': 37.6688205, 'longitude': -122.0807964, 'fipsCode': '06001'}"
217817,,HighSchool,2023,3001.0,Jordan Dever,Shadle Park,Montana,WR,73.0,170.0,2.0,0.77,Spokane,WA,USA,"{'latitude': 47.6579425, 'longitude': -117.4212265, 'fipsCode': '53063'}"
217816,,HighSchool,2023,3001.0,Daschel Smith,South Salem,,QB,73.0,190.0,2.0,0.77,Salem,OR,USA,"{'latitude': 44.9391565, 'longitude': -123.033121, 'fipsCode': '41047'}"
217815,,HighSchool,2023,3001.0,A.J. Goodman,Saugus,,WR,71.0,160.0,2.0,0.77,Santa Clarita,CA,USA,"{'latitude': 34.3916641, 'longitude': -118.542586, 'fipsCode': '06037'}"
217814,,HighSchool,2023,3001.0,Kai Lane,Eastlake,,EDGE,76.0,210.0,2.0,0.77,Sammamish,WA,USA,"{'latitude': 47.6088445, 'longitude': -122.0423067, 'fipsCode': '53033'}"
217813,,HighSchool,2023,3001.0,Will Landram,Gig Harbor,,QB,78.0,170.0,2.0,0.77,Gig Harbor,WA,USA,"{'latitude': 47.3259697, 'longitude': -122.5878659, 'fipsCode': '53053'}"
217812,,HighSchool,2023,3001.0,Mike Watkins,Garfield,,LB,73.0,220.0,2.0,0.77,Seattle,WA,USA,"{'latitude': 47.6038321, 'longitude': -122.3300624, 'fipsCode': '53033'}"
217811,,HighSchool,2023,3001.0,Payton Roth,Portland Jesuit,,ATH,76.0,200.0,2.0,0.77,Portland,OR,USA,"{'latitude': 45.5202471, 'longitude': -122.6741949, 'fipsCode': '41051'}"
217810,,HighSchool,2023,3001.0,Jaden Foster,St. Mary's of Medford,,WR,75.0,187.0,2.0,0.77,Medford,OR,USA,"{'latitude': 42.3264181, 'longitude': -122.8718605, 'fipsCode': '41029'}"
217809,,HighSchool,2023,3001.0,Brayden Rice,Lewiston,Idaho,ATH,72.0,175.0,2.0,0.77,Lewiston,ID,USA,"{'latitude': 46.4195913, 'longitude': -117.0216144, 'fipsCode': '16069'}"
217808,,HighSchool,2023,3001.0,Paschal Jolman,Fruitport,Grand Valley State,RB,72.0,185.0,2.0,0.77,Fruitport,MI,USA,"{'latitude': 43.13067, 'longitude': -86.154682, 'fipsCode': '26121'}"
217806,,HighSchool,2023,3001.0,Braden Kuik,Lynden Christian School,Eastern Washington,ATH,77.0,215.0,2.0,0.77,Lynden,WA,USA,"{'latitude': 48.9466041, 'longitude': -122.4569315, 'fipsCode': '53073'}"
217805,,HighSchool,2023,3001.0,Gabriel Batres,Angelo Rodriguez,Valparaiso,EDGE,74.0,210.0,2.0,0.77,Fairfield,CA,USA,"{'latitude': 38.2493581, 'longitude': -122.0399663, 'fipsCode': '06095'}"
217804,,HighSchool,2023,3001.0,Louis Traglia,Kapaun Mt. Carmel,,EDGE,76.0,215.0,2.0,0.77,Wichita,KS,USA,"{'latitude': 37.6922361, 'longitude': -97.3375448, 'fipsCode': '20173'}"
217803,,HighSchool,2023,3001.0,Hasaan Miller,Monterey Trail,,WR,73.0,170.0,2.0,0.77,Elk Grove,CA,USA,"{'latitude': 38.4087993, 'longitude': -121.3716178, 'fipsCode': '06067'}"
217802,,HighSchool,2023,3001.0,Malik Dawson,Angelo Rodriguez,,EDGE,74.0,235.0,2.0,0.77,Fairfield,CA,USA,"{'latitude': 38.2493581, 'longitude': -122.0399663, 'fipsCode': '06095'}"
217801,,HighSchool,2023,3001.0,Devin Martin,Vanden,,LB,73.0,215.0,2.0,0.77,Fairfield,CA,USA,"{'latitude': 38.2493581, 'longitude': -122.0399663, 'fipsCode': '06095'}"
217800,,HighSchool,2023,3001.0,Sam Goligoski,Junipero Serra,UC Davis,EDGE,76.0,210.0,2.0,0.77,San Mateo,CA,USA,"{'latitude': 37.5439684, 'longitude': -122.3066789, 'fipsCode': '06081'}"
217799,,HighSchool,2023,3001.0,Max Rouse,Aiea,,IOL,76.0,270.0,2.0,0.77,Aiea,HI,USA,"{'latitude': 21.3822222, 'longitude': -157.9336111, 'fipsCode': '15003'}"
217798,,HighSchool,2023,3001.0,Mitch Johnson,Mountain View,,QB,74.0,190.0,2.0,0.77,Vancouver,WA,USA,"{'latitude': 45.6306954, 'longitude': -122.6744557, 'fipsCode': '53011'}"
217797,,HighSchool,2023,3001.0,Trent Bublitz,Monroe,,WR,72.0,160.0,2.0,0.77,Monroe,WA,USA,"{'latitude': 47.8552259, 'longitude': -121.9713359, 'fipsCode': '53061'}"
217796,,HighSchool,2023,3001.0,Drake Granberry,Lincoln,,ATH,70.0,165.0,2.0,0.77,Tacoma,WA,USA,"{'latitude': 47.2495798, 'longitude': -122.4398746, 'fipsCode': '53053'}"
217795,,HighSchool,2023,3001.0,Yemoni Howell,Garfield,,LB,75.0,220.0,2.0,0.77,Seattle,WA,USA,"{'latitude': 47.6038321, 'longitude': -122.3300624, 'fipsCode': '53033'}"
217794,,HighSchool,2023,3001.0,Brady Goff,North Creek,,LB,73.0,215.0,2.0,0.77,Bothell,WA,USA,"{'latitude': 47.7598697, 'longitude': -122.2068288, 'fipsCode': '53033'}"
217793,,HighSchool,2023,3001.0,Andre Breedlove,Kennewick,,QB,75.0,195.0,2.0,0.77,Kennewick,WA,USA,"{'latitude': 46.2087066, 'longitude': -119.1199192, 'fipsCode': '53005'}"
217792,,HighSchool,2023,3001.0,Hunter Tibodeau,Shorewood,,LB,73.0,234.0,2.0,0.77,Seattle,WA,USA,"{'latitude': 47.6038321, 'longitude': -122.3300624, 'fipsCode': '53033'}"
217791,,HighSchool,2023,3001.0,John John Nelson,Lincoln,,RB,69.0,175.0,2.0,0.77,Tacoma,WA,USA,"{'latitude': 47.2495798, 'longitude': -122.4398746, 'fipsCode': '53053'}"
217789,,HighSchool,2023,3001.0,Levi Willhite,South Salem,,EDGE,76.0,260.0,2.0,0.77,Salem,OR,USA,"{'latitude': 44.9391565, 'longitude': -123.033121, 'fipsCode': '41047'}"
217788,,HighSchool,2023,3001.0,Riply Luna,Kellogg,,QB,75.0,205.0,2.0,0.77,Kellogg,ID,USA,"{'latitude': None, 'longitude': None, 'fipsCode': None}"
217787,,HighSchool,2023,3001.0,Cooper Beltz,Clackamas,,WR,75.0,195.0,2.0,0.77,Clackamas,OR,USA,"{'latitude': 45.4103887, 'longitude': -122.5660663, 'fipsCode': '41005'}"
217786,,HighSchool,2023,3001.0,Ty Pugliano,North Medford,,ATH,70.0,185.0,2.0,0.77,Medford,OR,USA,"{'latitude': 42.3264181, 'longitude': -122.8718605, 'fipsCode': '41029'}"
217785,,HighSchool,2023,3001.0,Elijah Darwin,Stockdale,,WR,69.0,155.0,2.0,0.77,Bakersfield,CA,USA,"{'latitude': 35.3738712, 'longitude': -119.0194639, 'fipsCode': '06029'}"
217783,,HighSchool,2023,3001.0,Ryder Bordner,Bishop Kelly,Idaho,LB,73.0,200.0,2.0,0.77,Boise,ID,USA,"{'latitude': 43.6166163, 'longitude': -116.200886, 'fipsCode': '16001'}"
217782,,HighSchool,2023,3001.0,Dane Gatterman,Lynden,,IOL,74.0,280.0,2.0,0.77,Lynden,WA,USA,"{'latitude': 48.9466041, 'longitude': -122.4569315, 'fipsCode': '53073'}"
217781,,HighSchool,2023,3001.0,Devon Anderson,North Eugene,,S,74.0,170.0,2.0,0.77,Eugene,OR,USA,"{'latitude': 44.0505054, 'longitude': -123.0950506, 'fipsCode': '41039'}"
217780,,HighSchool,2023,3001.0,Carsten Bluhm,Lincoln Southeast,Northern Iowa,TE,77.0,220.0,2.0,0.77,LINCOLN,NE,USA,"{'latitude': 40.8088861, 'longitude': -96.7077751, 'fipsCode': '31109'}"
217779,,HighSchool,2023,3001.0,Brogan Ling,Southwest,Northern Iowa,LB,75.0,201.0,2.0,0.77,LINCOLN,NE,USA,"{'latitude': 40.8088861, 'longitude': -96.7077751, 'fipsCode': '31109'}"
217778,,HighSchool,2023,3001.0,James Cave,Dallas Parish Episcopal,Yale,EDGE,77.0,240.0,2.0,0.77,Dallas,TX,USA,"{'latitude': 32.7762719, 'longitude': -96.7968559, 'fipsCode': '48113'}"
217776,,HighSchool,2023,3001.0,Sterling Anderson,Martin Luther King,,RB,68.0,172.0,2.0,0.77,Detroit,MI,USA,"{'latitude': 42.3315509, 'longitude': -83.0466403, 'fipsCode': '26163'}"
217775,,HighSchool,2023,3001.0,Jackson Kerstin,Naperville North,,IOL,76.0,260.0,2.0,0.77,Naperville,IL,USA,"{'latitude': 41.7728699, 'longitude': -88.1479278, 'fipsCode': '17043'}"
217774,,HighSchool,2023,3001.0,Seth Shook,Richland,Idaho,ATH,71.0,178.0,2.0,0.77,Richland,WA,USA,"{'latitude': 46.2804298, 'longitude': -119.2752055, 'fipsCode': '53005'}"
217773,,HighSchool,2023,3001.0,Austin Cook,Sumner,,EDGE,76.0,230.0,2.0,0.77,Sumner,WA,USA,"{'latitude': 47.22131, 'longitude': -122.2326539, 'fipsCode': '053'}"
217772,,HighSchool,2023,3001.0,Jadon Lemmons,Saugus,,CB,68.0,155.0,2.0,0.77,Santa Clarita,CA,USA,"{'latitude': 34.3916641, 'longitude': -118.542586, 'fipsCode': '06037'}"
217771,,HighSchool,2023,3001.0,Kevin Fowler,Hayward,,ATH,72.0,170.0,2.0,0.77,Hayward,CA,USA,"{'latitude': 37.6688205, 'longitude': -122.0807964, 'fipsCode': '06001'}"
217770,,HighSchool,2023,3001.0,Kaden Robnett,Bethel,Idaho,IOL,75.0,290.0,2.0,0.77,Spanaway,WA,USA,"{'latitude': 47.0979462, 'longitude': -122.4243422, 'fipsCode': '53053'}"
217769,,HighSchool,2023,3001.0,Dakota Perry,Emmett,,QB,72.0,170.0,2.0,0.77,Emmett,ID,USA,"{'latitude': 43.8734979, 'longitude': -116.4993012, 'fipsCode': '16045'}"
217768,,HighSchool,2023,3001.0,Jabrayan Richburg,Capital,,EDGE,75.0,220.0,2.0,0.77,Olympia,WA,USA,"{'latitude': 47.0451022, 'longitude': -122.8950075, 'fipsCode': '53067'}"
217767,,HighSchool,2023,3001.0,Evan Rawlick,IMG Academy,Morgan State,OT,77.0,292.0,2.0,0.77,Clearwater,FL,USA,"{'latitude': 27.9658533, 'longitude': -82.8001026, 'fipsCode': '12103'}"
217766,,HighSchool,2023,3001.0,Jakeb Vallance,Cheney,,QB,75.0,200.0,2.0,0.77,Cheney,WA,USA,"{'latitude': 47.4873895, 'longitude': -117.5757676, 'fipsCode': '53063'}"
217765,,HighSchool,2023,3001.0,Koffi Kouame,West Linn,,CB,69.0,165.0,2.0,0.77,West Linn,OR,USA,"{'latitude': 45.3656761, 'longitude': -122.6123141, 'fipsCode': '41005'}"
217764,,HighSchool,2023,3001.0,Gage Sliter,Glacier,Montana,QB,73.0,185.0,2.0,0.77,Kalispell,MT,USA,"{'latitude': 48.2022563, 'longitude': -114.3167117, 'fipsCode': '30029'}"
217763,,HighSchool,2023,3001.0,Johnathan Godbout,C. K. McClatchy,,LB,74.0,210.0,2.0,0.77,Sacramento,CA,USA,"{'latitude': 38.5815719, 'longitude': -121.4943996, 'fipsCode': '06067'}"
217762,,HighSchool,2023,3001.0,Angus Hubbard,Capital,,QB,78.0,215.0,2.0,0.77,Olympia,WA,USA,"{'latitude': 47.0451022, 'longitude': -122.8950075, 'fipsCode': '53067'}"
217761,,HighSchool,2023,3001.0,Bo Hiemstra,Silas,,WR,72.0,180.0,2.0,0.77,Tacoma,WA,USA,"{'latitude': 47.2495798, 'longitude': -122.4398746, 'fipsCode': '53053'}"
217760,,HighSchool,2023,3001.0,Jacob Williams,Burley,,WR,72.0,175.0,2.0,0.77,Burley,ID,USA,"{'latitude': 42.5357428, 'longitude': -113.7927948, 'fipsCode': '16031'}"
217759,,HighSchool,2023,3001.0,Austin Goetz,Tigard,Portland State,ATH,74.0,215.0,2.0,0.77,Portland,OR,USA,"{'latitude': 45.5202471, 'longitude': -122.6741949, 'fipsCode': '41051'}"
217758,,HighSchool,2023,3001.0,Thys Van Der Hoek,Ripon Christian Schools,,EDGE,81.0,240.0,2.0,0.77,Ripon,CA,USA,"{'latitude': 37.741595, 'longitude': -121.1243828, 'fipsCode': '06077'}"
217757,,HighSchool,2023,3001.0,Jack Carner,Pioneer,,RB,72.0,175.0,2.0,0.77,Woodland,CA,USA,"{'latitude': 38.6786109, 'longitude': -121.7733285, 'fipsCode': '06113'}"
217756,,HighSchool,2023,3001.0,Roman Fries,Buchanan,,DL,74.0,280.0,2.0,0.77,Clovis,CA,USA,"{'latitude': 36.8252277, 'longitude': -119.7029194, 'fipsCode': '06019'}"
217755,,HighSchool,2023,3001.0,Danny Meade,Emerald Ridge,,IOL,77.0,280.0,2.0,0.77,Puyallup,WA,USA,"{'latitude': 47.1849009, 'longitude': -122.2921406, 'fipsCode': '53053'}"
217754,,HighSchool,2023,3001.0,Riley Penniman,Monte Vista,,OT,77.0,265.0,2.0,0.77,Danville,CA,USA,"{'latitude': 37.8215929, 'longitude': -121.9999606, 'fipsCode': '06013'}"
217753,,HighSchool,2023,3001.0,Dekker Hagler,Middleton,Idaho State,S,72.0,190.0,2.0,0.77,Middleton,ID,USA,"{'latitude': 43.7068282, 'longitude': -116.6201357, 'fipsCode': '16027'}"
217752,,HighSchool,2023,3001.0,Wylan Dorrel,Sandpoint,,OT,77.0,288.0,2.0,0.77,Sandpoint,ID,USA,"{'latitude': 48.2765903, 'longitude': -116.5532476, 'fipsCode': '16017'}"
217751,,HighSchool,2023,3001.0,Ryker Clinger,Shelley Senior,,ATH,72.0,190.0,2.0,0.77,Shelley,ID,USA,"{'latitude': 43.37998, 'longitude': -112.126914, 'fipsCode': '16011'}"
217750,,HighSchool,2023,3001.0,Frankie Tagoai,Wilcox,,LB,75.0,205.0,2.0,0.77,Santa Clara,CA,USA,"{'latitude': 37.3541132, 'longitude': -121.9551744, 'fipsCode': '06085'}"
217749,,HighSchool,2023,3001.0,Mateo Flores,Argonaut,,RB,68.0,155.0,2.0,0.77,Jackson,CA,USA,"{'latitude': 38.3488024, 'longitude': -120.7741018, 'fipsCode': '06005'}"
217748,,HighSchool,2023,3001.0,Cole Tanner,Mission College Preparatory Catholic,,S,71.0,180.0,2.0,0.77,San Luis Obispo,CA,USA,"{'latitude': 35.2827525, 'longitude': -120.6596156, 'fipsCode': '06079'}"
217747,,HighSchool,2023,3001.0,Richard Stallworth,Yuma Catholic,,QB,74.0,205.0,2.0,0.77,Yuma,AZ,USA,"{'latitude': 32.6926588, 'longitude': -114.6276157, 'fipsCode': '04027'}"
217746,,HighSchool,2023,3001.0,Isaac Redford,Lake Stevens,,WR,72.0,185.0,2.0,0.77,Lake Stevens,WA,USA,"{'latitude': 48.0197794, 'longitude': -122.0660914, 'fipsCode': '53061'}"
217744,,HighSchool,2023,3001.0,Charles Mackley,Brother Rice,Butler,IOL,75.0,255.0,2.0,0.77,Bloomfield Hills,MI,USA,"{'latitude': 42.583645, 'longitude': -83.2454883, 'fipsCode': '26125'}"
217743,,HighSchool,2023,3001.0,John Kemp,St. Ignatius,Yale,CB,71.0,175.0,2.0,0.77,Chicago,IL,USA,"{'latitude': 41.8755616, 'longitude': -87.6244212, 'fipsCode': '17031'}"
217637,,HighSchool,2023,3001.0,Nathan Rooks,St. Vincent de Paul,,LB,73.0,225.0,2.0,0.77,Petaluma,CA,USA,"{'latitude': 38.270022, 'longitude': -122.60612241304348, 'fipsCode': '06097'}"
217740,,HighSchool,2023,3001.0,Charlie Pietrosante,Brother Rice,,OT,77.0,270.0,2.0,0.77,Bloomfield Hills,MI,USA,"{'latitude': 42.583645, 'longitude': -83.2454883, 'fipsCode': '26125'}"
217739,,HighSchool,2023,3001.0,Marshune Waters,Grant,,S,72.0,150.0,2.0,0.77,Portland,OR,USA,"{'latitude': 45.5202471, 'longitude': -122.6741949, 'fipsCode': '41051'}"
217738,,HighSchool,2023,3001.0,Jeray Mott,Jefferson,,CB,70.0,150.0,2.0,0.77,Portland,OR,USA,"{'latitude': 45.5202471, 'longitude': -122.6741949, 'fipsCode': '41051'}"
217737,,HighSchool,2023,3001.0,Ray Wright,Yelm,,LB,70.0,200.0,2.0,0.77,Yelm,WA,USA,"{'latitude': 46.9413877, 'longitude': -122.6063902, 'fipsCode': '53067'}"
217736,,HighSchool,2023,3001.0,Jack Dennis,Bishop Kelly,,ATH,73.0,190.0,2.0,0.77,Boise,ID,USA,"{'latitude': 43.6166163, 'longitude': -116.200886, 'fipsCode': '16001'}"
217735,,HighSchool,2023,3001.0,Kall Renner,Eagle,,ATH,73.0,218.0,2.0,0.77,Eagle,ID,USA,"{'latitude': 43.6954424, 'longitude': -116.3540138, 'fipsCode': '16001'}"
217733,,HighSchool,2023,3001.0,Ferrari Miller,McClymonds,,RB,71.0,190.0,2.0,0.77,Oakland,CA,USA,"{'latitude': 37.8044557, 'longitude': -122.2713563, 'fipsCode': '06001'}"
217732,,HighSchool,2023,3001.0,Dorae Scott,Basha,,WR,72.0,170.0,2.0,0.77,Chandler,AZ,USA,"{'latitude': 33.3062223, 'longitude': -111.8413317, 'fipsCode': '04013'}"
217730,,HighSchool,2023,3001.0,Brooks Wheatley,St. Mary's,,WR,71.0,160.0,2.0,0.77,Stockton,CA,USA,"{'latitude': 37.9577016, 'longitude': -121.2907796, 'fipsCode': '06077'}"
217728,,HighSchool,2023,3001.0,Davis May,Garces Memorial,,IOL,76.0,300.0,2.0,0.77,Bakersfield,CA,USA,"{'latitude': 35.3738712, 'longitude': -119.0194639, 'fipsCode': '06029'}"
217727,,HighSchool,2023,3001.0,Connor Bonesio,Hamilton Union,,TE,78.0,215.0,2.0,0.77,Hamilton City,CA,USA,"{'latitude': 39.742217, 'longitude': -122.01252383301318, 'fipsCode': '06021'}"
217726,,HighSchool,2023,3001.0,Aidan Miller,Prairie,,ATH,72.0,170.0,2.0,0.77,Vancouver,WA,USA,"{'latitude': 45.6306954, 'longitude': -122.6744557, 'fipsCode': '53011'}"
217725,,HighSchool,2023,3001.0,Zachary Lee,Bishop O'Dowd,,DL,76.0,230.0,2.0,0.77,Oakland,CA,USA,"{'latitude': 37.8044557, 'longitude': -122.2713563, 'fipsCode': '06001'}"
217724,,HighSchool,2023,3001.0,LaDaimien McCord,Evergreen,,WR,71.0,160.0,2.0,0.77,Vancouver,WA,USA,"{'latitude': 45.6306954, 'longitude': -122.6744557, 'fipsCode': '53011'}"
217723,,HighSchool,2023,3001.0,Max Rust,Kamiak,,IOL,77.0,285.0,2.0,0.77,Mukilteo,WA,USA,"{'latitude': 47.9474034, 'longitude': -122.3036992, 'fipsCode': '53061'}"
217722,,HighSchool,2023,3001.0,Ki'Marree Washington,Lakes,,RB,69.0,180.0,2.0,0.77,Lakewood,WA,USA,"{'latitude': 47.1714085, 'longitude': -122.5164, 'fipsCode': '53053'}"
217721,,HighSchool,2023,3001.0,Ben Fosnot,William Mason,,TE,78.0,230.0,2.0,0.77,Mason,OH,USA,"{'latitude': 39.3600586, 'longitude': -84.309939, 'fipsCode': '39165'}"
217720,,HighSchool,2023,3001.0,Zion Wells,Archbishop Riordan,Davidson,ATH,74.0,185.0,2.0,0.77,San Francisco,CA,USA,"{'latitude': 37.7790262, 'longitude': -122.4199061, 'fipsCode': '06075'}"
217719,,HighSchool,2023,3001.0,Donovan Troupe,Angelo Rodriguez,,ATH,74.0,190.0,2.0,0.77,Fairfield,CA,USA,"{'latitude': 38.2493581, 'longitude': -122.0399663, 'fipsCode': '06095'}"
217718,,HighSchool,2023,3001.0,Colby White,Mission College Preparatory Catholic,,QB,74.0,195.0,2.0,0.77,San Luis Obispo,CA,USA,"{'latitude': 35.2827525, 'longitude': -120.6596156, 'fipsCode': '06079'}"
217717,,HighSchool,2023,3001.0,Deuce Carr,Liberty,,CB,70.0,175.0,2.0,0.77,Brentwood,CA,USA,"{'latitude': 37.9317766, 'longitude': -121.6960266, 'fipsCode': '06013'}"
217741,,HighSchool,2023,3001.0,Tyson Beck,Homewood-Flossmoor,,DL,76.0,223.0,2.0,0.77,Flossmoor,IL,USA,"{'latitude': 41.5428123, 'longitude': -87.6847684, 'fipsCode': '17031'}"
217742,5155168,HighSchool,2023,3001.0,Cooper Terpstra,West Ottawa,Michigan State,IOL,76.0,265.0,2.0,0.77,Holland,MI,USA,"{'latitude': 42.7876022, 'longitude': -86.1090828, 'fipsCode': '26139'}"
217790,5153054,HighSchool,2023,3001.0,Cartez Williams,Mariner,Washington State,RB,71.0,210.0,2.0,0.77,Everett,WA,USA,"{'latitude': 47.9673056, 'longitude': -122.2013998, 'fipsCode': '53061'}"
217646,5153075,HighSchool,2023,3001.0,Brady McKelheer,Eastside Catholic,Washington State,QB,72.0,170.0,2.0,0.77,Sammamish,WA,USA,"{'latitude': 47.6088445, 'longitude': -122.0423067, 'fipsCode': '53033'}"
217784,5152203,HighSchool,2023,3001.0,Kuba Tyszka,Ridgewood Comm,Wyoming,DL,76.0,270.0,2.0,0.77,Harwood Heights,IL,,"{'latitude': None, 'longitude': None, 'fipsCode': None}"
217681,5153059,HighSchool,2023,3001.0,Kalani Steward,Richland,Washington State,LB,72.0,205.0,2.0,0.77,Richland,WA,USA,"{'latitude': 46.2804298, 'longitude': -119.2752055, 'fipsCode': '53005'}"
217679,5152110,HighSchool,2023,3001.0,Nate Bell,Liberty,Eastern Washington,ATH,69.0,170.0,2.0,0.77,Brentwood,CA,USA,"{'latitude': 37.9317766, 'longitude': -121.6960266, 'fipsCode': '06013'}"
217831,5155530,HighSchool,2023,3001.0,Korey Tai,Glenbard West,North Dakota,ATH,72.0,175.0,2.0,0.77,Glen Ellyn,IL,USA,"{'latitude': 41.8775293, 'longitude': -88.0670118, 'fipsCode': '17043'}"
217663,5161138,HighSchool,2023,3001.0,Nate Escalada,Bellarmine Prep,California,ATH,73.0,180.0,2.0,0.77,San Jose,CA,USA,"{'latitude': 37.3361905, 'longitude': -121.8905833, 'fipsCode': '06085'}"
217731,5158420,HighSchool,2023,3001.0,Orlando Syph-Timmons,Mountain House,Florida International,ATH,74.0,195.0,2.0,0.77,Mountain House,CA,USA,"{'latitude': 37.7832614, 'longitude': -121.5427262, 'fipsCode': '06077'}"
217807,5156348,HighSchool,2023,3001.0,Bryson Kuzdzal,Forest Hills Eastern,Michigan,RB,72.0,195.0,2.0,0.77,Ada,MI,USA,"{'latitude': 42.9582975, 'longitude': -85.5004645, 'fipsCode': '081'}"
217830,5156071,HighSchool,2023,3001.0,Brady Sestili,Dublin Jerome,Ohio,LB,75.0,200.0,2.0,0.77,Dublin,OH,USA,"{'latitude': 40.0992294, 'longitude': -83.1140771, 'fipsCode': '39049'}"
217668,5155334,HighSchool,2023,3001.0,Carson Dunn,Fishers,Indiana State,RB,70.0,185.0,2.0,0.77,Fishers,IN,USA,"{'latitude': 39.9555928, 'longitude': -86.0138729, 'fipsCode': '18057'}"
217734,5151889,HighSchool,2023,3001.0,Habib Bello,Sehome,Washington,DL,74.0,310.0,2.0,0.77,Bellingham,WA,USA,"{'latitude': 48.7544012, 'longitude': -122.4788361, 'fipsCode': '53073'}"
217729,5151884,HighSchool,2023,3001.0,Logan Lisherness,Emerald Ridge,Washington,LB,75.0,230.0,2.0,0.77,Puyallup,WA,USA,"{'latitude': 47.1849009, 'longitude': -122.2921406, 'fipsCode': '53053'}"
217824,5151474,HighSchool,2023,3001.0,Owen McGraw,Garden City,Eastern Michigan,WR,68.0,165.0,2.0,0.77,Garden City,MI,USA,"{'latitude': 42.3255929, 'longitude': -83.3310422, 'fipsCode': '26163'}"
217777,5150541,HighSchool,2023,3001.0,Bryce Echols,Coronado,Arizona,DL,77.0,245.0,2.0,0.77,Henderson,NV,USA,"{'latitude': 36.0301134, 'longitude': -114.9826194, 'fipsCode': '32003'}"
217880,5150687,HighSchool,2023,3198.0,Zander Rockow,Regis,Minnesota,ATH,72.0,220.0,2.0,0.76,Eau Claire,WI,USA,"{'latitude': 44.811349, 'longitude': -91.4984941, 'fipsCode': '55035'}"
217900,5151885,HighSchool,2023,3198.0,Parker Cross,Seattle Prep,Washington,IOL,74.0,265.0,2.0,0.76,Seattle,WA,USA,"{'latitude': 47.6038321, 'longitude': -122.3300624, 'fipsCode': '53033'}"
217886,5154764,HighSchool,2023,3198.0,Jamir Conn,Lee's Summit North,Southern Illinois,CB,70.0,165.0,2.0,0.76,Lee's Summit,MO,USA,"{'latitude': 38.9107156, 'longitude': -94.3821295, 'fipsCode': '29095'}"
217878,5150680,HighSchool,2023,3198.0,Max Shikenjanski,Stillwater Area,Minnesota,QB,74.0,165.0,2.0,0.76,Stillwater,MN,USA,"{'latitude': 45.0564041, 'longitude': -92.8134982, 'fipsCode': '27163'}"
217877,,HighSchool,2023,3198.0,Niko Alailefaleula,Bartlett,,LB,69.0,220.0,2.0,0.76,Anchorage,AK,USA,"{'latitude': 61.2163129, 'longitude': -149.8948523, 'fipsCode': '02020'}"
217835,5150870,HighSchool,2023,3198.0,Ethan Trent,Carmel,Purdue,IOL,74.0,275.0,2.0,0.76,Carmel,IN,USA,"{'latitude': 39.9788017, 'longitude': -86.1189257, 'fipsCode': '18057'}"
217935,,HighSchool,2023,3198.0,Michael Alexander,Trenton,Grand Valley State,DL,77.0,315.0,2.0,0.76,Trenton,MI,USA,"{'latitude': 42.1406552, 'longitude': -83.1800544, 'fipsCode': '26163'}"
217934,,HighSchool,2023,3198.0,Junus McGraw,Coeur d'Alene,,ATH,73.0,180.0,2.0,0.76,Tampa,FL,USA,"{'latitude': 27.9477595, 'longitude': -82.458444, 'fipsCode': '12057'}"
217932,,HighSchool,2023,3198.0,William Snodgrass,Yelm,,IOL,77.0,360.0,2.0,0.76,Yelm,WA,USA,"{'latitude': 46.9413877, 'longitude': -122.6063902, 'fipsCode': '53067'}"
217931,,HighSchool,2023,3198.0,Malik Ray,Pickerington North,,LB,72.0,200.0,2.0,0.76,Pickerington,OH,USA,"{'latitude': 39.896277299999994, 'longitude': -82.77319049748806, 'fipsCode': '39045'}"
217930,,HighSchool,2023,3198.0,Langden Kitchen,Westran,,DL,78.0,250.0,2.0,0.76,Huntsville,MO,USA,"{'latitude': 39.4405891, 'longitude': -92.5451834, 'fipsCode': '29175'}"
217929,,HighSchool,2023,3198.0,Tyler Porte,Grand Rapids Christian,,TE,79.0,240.0,2.0,0.76,Grand Rapids,MI,USA,"{'latitude': 42.9632405, 'longitude': -85.6678639, 'fipsCode': '26081'}"
217928,,HighSchool,2023,3198.0,Hyrum Dewsnup,Gulf Coast,Utah State,IOL,75.0,270.0,2.0,0.76,Naples,FL,USA,"{'latitude': 26.1421976, 'longitude': -81.7942944, 'fipsCode': '12021'}"
217927,,HighSchool,2023,3198.0,Jake Bianchi,Menlo,,QB,77.0,200.0,2.0,0.76,Atherton,CA,USA,"{'latitude': 37.4613272, 'longitude': -122.197743, 'fipsCode': '06081'}"
217926,,HighSchool,2023,3198.0,Paavan Bankston,Yelm,,CB,69.0,155.0,2.0,0.76,Yelm,WA,USA,"{'latitude': 46.9413877, 'longitude': -122.6063902, 'fipsCode': '53067'}"
217925,,HighSchool,2023,3198.0,Emory Steward,Federal Way,,S,72.0,180.0,2.0,0.76,Federal Way,WA,USA,"{'latitude': 47.313494, 'longitude': -122.3393103, 'fipsCode': '53033'}"
217924,,HighSchool,2023,3198.0,Chimezie Elias,Gilroy,,WR,72.0,186.0,2.0,0.76,Gilroy,CA,USA,"{'latitude': 37.0065078, 'longitude': -121.5631723, 'fipsCode': '06085'}"
217923,,HighSchool,2023,3198.0,Ethan Carlson,Summit,,ATH,74.0,195.0,2.0,0.76,Bend,OR,USA,"{'latitude': 44.0581728, 'longitude': -121.3153096, 'fipsCode': '41017'}"
217922,,HighSchool,2023,3198.0,Jonathan Mcatee,Skyview,,ATH,73.0,175.0,2.0,0.76,Vancouver,WA,USA,"{'latitude': 45.6306954, 'longitude': -122.6744557, 'fipsCode': '53011'}"
217920,,HighSchool,2023,3198.0,Aaron Parker,Lake Stevens,,IOL,74.0,290.0,2.0,0.76,Lake Stevens,WA,USA,"{'latitude': 48.0197794, 'longitude': -122.0660914, 'fipsCode': '53061'}"
217919,,HighSchool,2023,3198.0,Erick Gonzales,North Salem,,WR,71.0,170.0,2.0,0.76,Salem,OR,USA,"{'latitude': 44.9391565, 'longitude': -123.033121, 'fipsCode': '41047'}"
217917,,HighSchool,2023,3198.0,Brock Salm,Appleton North,,S,74.0,205.0,2.0,0.76,Appleton,WI,USA,"{'latitude': 44.2611337, 'longitude': -88.4067604, 'fipsCode': '55087'}"
217916,,HighSchool,2023,3198.0,Magnus Wright,Champlin Park,Northern Iowa,DL,75.0,290.0,2.0,0.76,Champlin,MN,USA,"{'latitude': 45.1888539, 'longitude': -93.3974538, 'fipsCode': '27053'}"
217915,,HighSchool,2023,3198.0,Wynn Stang,Mukwonago,,RB,73.0,190.0,2.0,0.76,Mukwonago,WI,USA,"{'latitude': 42.8666803, 'longitude': -88.3334274, 'fipsCode': '55133'}"
217914,,HighSchool,2023,3198.0,Karl Schmalz,Notre Dame College Prep,,DL,76.0,250.0,2.0,0.76,Niles,IL,USA,"{'latitude': 42.0289319, 'longitude': -87.8122348, 'fipsCode': '17031'}"
217913,,HighSchool,2023,3198.0,Davonte Evans,Argo Community,,ATH,74.0,185.0,2.0,0.76,Summit Argo,IL,USA,"{'latitude': 41.7769163, 'longitude': -87.8064005, 'fipsCode': '17031'}"
217912,,HighSchool,2023,3198.0,Jamaica Myres,Garfield,,WR,75.0,160.0,2.0,0.76,Seattle,WA,USA,"{'latitude': 47.6038321, 'longitude': -122.3300624, 'fipsCode': '53033'}"
217911,,HighSchool,2023,3198.0,Dylan Cohen,O'Dea,Montana,IOL,73.0,280.0,2.0,0.76,Seattle,WA,USA,"{'latitude': 47.6038321, 'longitude': -122.3300624, 'fipsCode': '53033'}"
217910,,HighSchool,2023,3198.0,Zachariah Frazier,Clackamas,,RB,72.0,210.0,2.0,0.76,Clackamas,OR,USA,"{'latitude': 45.4103887, 'longitude': -122.5660663, 'fipsCode': '41005'}"
217909,,HighSchool,2023,3198.0,Jaidon Siler,Adrienne C. Nelson,,ATH,68.0,160.0,2.0,0.76,HAPPY VALLEY,OR,USA,"{'latitude': 45.428679, 'longitude': -122.4971747, 'fipsCode': '41005'}"
217908,,HighSchool,2023,3198.0,Cole Luekenga,Kuna,,QB,75.0,210.0,2.0,0.76,Kuna,ID,USA,"{'latitude': 43.4918307, 'longitude': -116.4201223, 'fipsCode': '16001'}"
217907,,HighSchool,2023,3198.0,Marcus Hansen,O'Fallon,Western Illinois,IOL,76.0,280.0,2.0,0.76,O'Fallon,IL,USA,"{'latitude': 38.5922715, 'longitude': -89.9112124, 'fipsCode': '17163'}"
217906,,HighSchool,2023,3198.0,Oliver Bari,St. Francis,,IOL,74.5,255.0,2.0,0.76,Mountain View,CA,USA,"{'latitude': 37.3893889, 'longitude': -122.0832101, 'fipsCode': '06085'}"
217905,,HighSchool,2023,3198.0,Larry McDonald,Pinole Valley,,RB,69.0,163.0,2.0,0.76,Pinole,CA,USA,"{'latitude': 38.0043667, 'longitude': -122.2988587, 'fipsCode': '06013'}"
217904,,HighSchool,2023,3198.0,James Gordon III,Pinole Valley,,LB,75.0,205.0,2.0,0.76,Pinole,CA,USA,"{'latitude': 38.0043667, 'longitude': -122.2988587, 'fipsCode': '06013'}"
217903,,HighSchool,2023,3198.0,Tanner Schuster,Richland,,ATH,74.0,187.0,2.0,0.76,Richland,WA,USA,"{'latitude': 46.2804298, 'longitude': -119.2752055, 'fipsCode': '53005'}"
217902,,HighSchool,2023,3198.0,Max Gwilliam,Meridian,,LB,74.0,225.0,2.0,0.76,Meridian,ID,USA,"{'latitude': 43.6086295, 'longitude': -116.392326, 'fipsCode': '16001'}"
217901,,HighSchool,2023,3198.0,Donavan Lee,Benicia,,CB,73.0,187.0,2.0,0.76,Benicia,CA,USA,"{'latitude': 38.049365, 'longitude': -122.1585777, 'fipsCode': '06095'}"
217899,,HighSchool,2023,3198.0,Parker Rushton,Borah Senior,,ATH,74.0,190.0,2.0,0.76,Boise,ID,USA,"{'latitude': 43.6166163, 'longitude': -116.200886, 'fipsCode': '16001'}"
217898,,HighSchool,2023,3198.0,Lyndon Vaivao,Franklin,,ATH,74.0,250.0,2.0,0.76,Seattle,WA,USA,"{'latitude': 47.6038321, 'longitude': -122.3300624, 'fipsCode': '53033'}"
217897,,HighSchool,2023,3198.0,Charles Parker,Rosemont,,EDGE,74.0,235.0,2.0,0.76,Sacramento,CA,USA,"{'latitude': 38.5815719, 'longitude': -121.4943996, 'fipsCode': '06067'}"
217896,,HighSchool,2023,3198.0,Sebastian Sibbald,Mount Douglas,,OT,79.0,350.0,2.0,0.76,Victoria,BC,CAN,"{'latitude': None, 'longitude': None, 'fipsCode': None}"
217895,,HighSchool,2023,3198.0,Aaron Melz,Sequoia,,EDGE,75.0,235.0,2.0,0.76,Redwood City,CA,USA,"{'latitude': 37.4863239, 'longitude': -122.2325233, 'fipsCode': '06081'}"
217894,,HighSchool,2023,3198.0,Owen Coomes,Eastlake,,EDGE,75.0,245.0,2.0,0.76,Sammamish,WA,USA,"{'latitude': 47.6088445, 'longitude': -122.0423067, 'fipsCode': '53033'}"
217892,,HighSchool,2023,3198.0,Triston Nichols,De La Salle Collegiate,,ATH,75.0,200.0,2.0,0.76,Warren,MI,USA,"{'latitude': 42.4932575, 'longitude': -83.0062746, 'fipsCode': '26099'}"
217891,,HighSchool,2023,3198.0,Zarek Zelinski,Waterford Kettering,,ATH,75.0,205.0,2.0,0.76,Waterford,MI,USA,"{'latitude': 42.6907, 'longitude': -83.4066, 'fipsCode': '06099'}"
217890,,HighSchool,2023,3198.0,Sayed Abuhamdeh,North Royalton,,LB,74.0,215.0,2.0,0.76,North Royalton,OH,USA,"{'latitude': 41.3136644, 'longitude': -81.7245739, 'fipsCode': '39035'}"
217889,,HighSchool,2023,3198.0,Kyrell Jordan,Bellevue West,,WR,66.0,160.0,2.0,0.76,Bellevue,NE,USA,"{'latitude': 41.1366494, 'longitude': -95.8907373, 'fipsCode': '31153'}"
217888,,HighSchool,2023,3198.0,James Minor,Winton Woods,,RB,70.0,200.0,2.0,0.76,Cincinnati,OH,USA,"{'latitude': 39.1014537, 'longitude': -84.5124602, 'fipsCode': '39061'}"
217885,,HighSchool,2023,3198.0,Noah Moris,Union Grove,,DL,74.0,230.0,2.0,0.76,Union Grove,WI,USA,"{'latitude': 42.6878984, 'longitude': -88.0520341, 'fipsCode': '55101'}"
217883,,HighSchool,2023,3198.0,Darrell Jones Jr.,Walled Lake Western,,CB,70.0,160.0,2.0,0.76,Southfield,MI,USA,"{'latitude': 42.4733689, 'longitude': -83.2218731, 'fipsCode': '26125'}"
217882,,HighSchool,2023,3198.0,Kaiki Akana,Orem,,OT,77.0,260.0,2.0,0.76,Orem,UT,USA,"{'latitude': 40.2971825, 'longitude': -111.694943, 'fipsCode': '49049'}"
217881,,HighSchool,2023,3198.0,Chase Nelson,Central,,QB,76.0,220.0,2.0,0.76,Independence,OR,USA,"{'latitude': 44.8560029, 'longitude': -123.1913034, 'fipsCode': '41053'}"
217879,,HighSchool,2023,3198.0,Kenyata Forbes Jr.,Kenwood Academy,New Hampshire,DL,74.0,280.0,2.0,0.76,Chicago,IL,USA,"{'latitude': 41.8755616, 'longitude': -87.6244212, 'fipsCode': '17031'}"
217876,,HighSchool,2023,3198.0,Holt Williams,Camas,,EDGE,76.0,220.0,2.0,0.76,Camas,WA,USA,"{'latitude': 45.5911103, 'longitude': -122.4122248, 'fipsCode': '53011'}"
217875,,HighSchool,2023,3198.0,Jack Elgaaen,Sequoia,,ATH,74.0,185.0,2.0,0.76,Redwood City,CA,USA,"{'latitude': 37.4863239, 'longitude': -122.2325233, 'fipsCode': '06081'}"
217874,,HighSchool,2023,3198.0,Ryan Yakovich,Sheldon,,IOL,76.0,280.0,2.0,0.76,Eugene,OR,USA,"{'latitude': 44.0505054, 'longitude': -123.0950506, 'fipsCode': '41039'}"
217873,,HighSchool,2023,3198.0,Carson Anderson,Helena,,WR,73.0,170.0,2.0,0.76,Helena,MT,USA,"{'latitude': 46.5927425, 'longitude': -112.0362771, 'fipsCode': '30049'}"
217872,,HighSchool,2023,3198.0,Micah Avery,Lake Stevens,,IOL,75.0,230.0,2.0,0.76,Lake Stevens,WA,USA,"{'latitude': 48.0197794, 'longitude': -122.0660914, 'fipsCode': '53061'}"
217871,,HighSchool,2023,3198.0,Parker Pettit,Sandpoint,,QB,73.0,200.0,2.0,0.76,Sandpoint,ID,USA,"{'latitude': 48.2765903, 'longitude': -116.5532476, 'fipsCode': '16017'}"
217870,,HighSchool,2023,3198.0,Kole Hunsaker,Lakeside,,QB,74.0,175.0,2.0,0.76,Nine Mile Falls,WA,USA,"{'latitude': None, 'longitude': None, 'fipsCode': None}"
217869,,HighSchool,2023,3198.0,Ramy Abdalla,Shorecrest,,ATH,72.0,205.0,2.0,0.76,Seattle,WA,USA,"{'latitude': 47.6038321, 'longitude': -122.3300624, 'fipsCode': '53033'}"
217868,,HighSchool,2023,3198.0,Edgerrin Cross,University Of Detroit Jesuit,,OT,76.0,285.0,2.0,0.76,Detroit,MI,USA,"{'latitude': 42.3315509, 'longitude': -83.0466403, 'fipsCode': '26163'}"
217867,,HighSchool,2023,3198.0,Leeshaun Mumpfield,Cass Technical,,QB,70.0,175.0,2.0,0.76,Detroit,MI,USA,"{'latitude': 42.3315509, 'longitude': -83.0466403, 'fipsCode': '26163'}"
217866,,HighSchool,2023,3198.0,Chayse Tapp,Malden,,IOL,75.0,300.0,2.0,0.76,Malden,MO,USA,"{'latitude': 36.5570028, 'longitude': -89.9664798, 'fipsCode': '29069'}"
217865,,HighSchool,2023,3198.0,Kohl Jarvis,Clarkston,,ATH,74.0,190.0,2.0,0.76,Clarkston,MI,USA,"{'latitude': 42.735863, 'longitude': -83.4188304, 'fipsCode': '26125'}"
217864,,HighSchool,2023,3198.0,Peyton Ledford,Franklin County,Army,LB,75.0,245.0,2.0,0.76,Frankfort,KY,USA,"{'latitude': 38.2009055, 'longitude': -84.8732836, 'fipsCode': '21073'}"
217863,,HighSchool,2023,3198.0,Jerry Kaminski,Sun Prairie,,QB,74.0,190.0,2.0,0.76,Sun Prairie,WI,USA,"{'latitude': 43.1834579, 'longitude': -89.2134359, 'fipsCode': '55025'}"
217862,,HighSchool,2023,3198.0,Giovanni Phanor,Chico,,DL,74.0,270.0,2.0,0.76,Chico,CA,USA,"{'latitude': 39.7284945, 'longitude': -121.8374777, 'fipsCode': '06007'}"
217861,,HighSchool,2023,3198.0,Dylan Labarbera,Foothill,,DL,73.0,230.0,2.0,0.76,Palo Cedro,CA,USA,"{'latitude': 40.5637631, 'longitude': -122.2388916, 'fipsCode': '06089'}"
217860,,HighSchool,2023,3198.0,Joey Stout,John H. Pitman,,RB,70.0,165.0,2.0,0.76,Turlock,CA,USA,"{'latitude': 37.4946568, 'longitude': -120.8465941, 'fipsCode': '06099'}"
217859,,HighSchool,2023,3198.0,Joe Stein,Etna Union,,OT,77.0,290.0,2.0,0.76,Etna,CA,,"{'latitude': None, 'longitude': None, 'fipsCode': None}"
217858,,HighSchool,2023,3198.0,Eli Aragon,Oxnard Union,,WR,72.0,180.0,2.0,0.76,Oxnard,CA,USA,"{'latitude': 34.1976308, 'longitude': -119.1803818, 'fipsCode': '06111'}"
217857,,HighSchool,2023,3198.0,David Luera,Mission College Preparatory Catholic,,LB,73.0,210.0,2.0,0.76,San Luis Obispo,CA,USA,"{'latitude': 35.2827525, 'longitude': -120.6596156, 'fipsCode': '06079'}"
217856,,HighSchool,2023,3198.0,Michael Forney,Archbishop Mitty,,IOL,76.0,275.0,2.0,0.76,San Jose,CA,USA,"{'latitude': 37.3361905, 'longitude': -121.8905833, 'fipsCode': '06085'}"
217855,,HighSchool,2023,3198.0,Brady Weingart,Redwood,,QB,74.0,195.0,2.0,0.76,Larkspur,CA,USA,"{'latitude': 37.9340915, 'longitude': -122.5352539, 'fipsCode': '06041'}"
217854,,HighSchool,2023,3198.0,Tovie Martin,Clovis,,TE,76.0,245.0,2.0,0.76,Clovis,CA,USA,"{'latitude': 36.8252277, 'longitude': -119.7029194, 'fipsCode': '06019'}"
217853,,HighSchool,2023,3198.0,Luke Elliott,Washington,,QB,77.0,170.0,2.0,0.76,Tacoma,WA,USA,"{'latitude': 47.2495798, 'longitude': -122.4398746, 'fipsCode': '53053'}"
217852,,HighSchool,2023,3198.0,Kayde Bodine,Sumner,,QB,72.0,165.0,2.0,0.76,Sumner,WA,USA,"{'latitude': 47.22131, 'longitude': -122.2326539, 'fipsCode': '053'}"
217851,,HighSchool,2023,3198.0,Ryan King,Glacier Peak,,ATH,73.0,190.0,2.0,0.76,Snohomish,WA,USA,"{'latitude': 47.9180275, 'longitude': -122.0899646, 'fipsCode': '53061'}"
217850,,HighSchool,2023,3198.0,Ikuna Muasika,Thomas Jefferson,,ATH,69.0,170.0,2.0,0.76,Auburn,WA,USA,"{'latitude': 47.3075369, 'longitude': -122.2301808, 'fipsCode': '53033'}"
217849,,HighSchool,2023,3198.0,Cooper Hiday,Wilsonville,,ATH,71.0,160.0,2.0,0.76,Wilsonville,OR,USA,"{'latitude': 45.3099218, 'longitude': -122.7681602, 'fipsCode': '41005'}"
217848,,HighSchool,2023,3198.0,Tanner Thomas,Sheldon,,EDGE,74.0,225.0,2.0,0.76,Eugene,OR,USA,"{'latitude': 44.0505054, 'longitude': -123.0950506, 'fipsCode': '41039'}"
217847,,HighSchool,2023,3198.0,Hunter McDonald,Sam Barlow,,ATH,72.0,202.0,2.0,0.76,Gresham,OR,USA,"{'latitude': 45.4997475, 'longitude': -122.4309766, 'fipsCode': '41051'}"
217846,,HighSchool,2023,3198.0,Sean Khouri,Portland Jesuit,,IOL,74.0,275.0,2.0,0.76,Portland,OR,USA,"{'latitude': 45.5202471, 'longitude': -122.6741949, 'fipsCode': '41051'}"
217845,,HighSchool,2023,3198.0,Kaden Huppin,Westview,,WR,71.0,170.0,2.0,0.76,Portland,OR,USA,"{'latitude': 45.5202471, 'longitude': -122.6741949, 'fipsCode': '41051'}"
217844,,HighSchool,2023,3198.0,Brendan Rasmussen,Idaho Falls Senior,,IOL,76.0,270.0,2.0,0.76,Idaho Falls,ID,USA,"{'latitude': 43.4935245, 'longitude': -112.0400919, 'fipsCode': '16019'}"
217843,,HighSchool,2023,3198.0,Mason Strong,Homedale,,WR,71.0,155.0,2.0,0.76,Homedale,ID,USA,"{'latitude': 43.6176584, 'longitude': -116.9337599, 'fipsCode': '16073'}"
217842,,HighSchool,2023,3198.0,Jameson Perry,Mountain View,Boise State,OT,77.0,280.0,2.0,0.76,Meridian,ID,USA,"{'latitude': 43.6086295, 'longitude': -116.392326, 'fipsCode': '16001'}"
217841,,HighSchool,2023,3198.0,Brevin Trenkle,Minico Senior,,ATH,73.0,220.0,2.0,0.76,Rupert,ID,USA,"{'latitude': 42.6190756, 'longitude': -113.6772348, 'fipsCode': '16067'}"
217840,,HighSchool,2023,3198.0,Treyton Sharp,Rocky Mountain,,CB,72.0,175.0,2.0,0.76,Meridian,ID,USA,"{'latitude': 43.6086295, 'longitude': -116.392326, 'fipsCode': '16001'}"
217839,,HighSchool,2023,3198.0,Dalin Walker,Owyhee,,EDGE,76.0,247.0,2.0,0.76,Meridian,ID,USA,"{'latitude': 43.6086295, 'longitude': -116.392326, 'fipsCode': '16001'}"
217838,,HighSchool,2023,3198.0,Peyton Wilp,Archbishop Moeller,,DL,74.0,275.0,2.0,0.76,Cincinnati,OH,USA,"{'latitude': 39.1014537, 'longitude': -84.5124602, 'fipsCode': '39061'}"
217837,,HighSchool,2023,3198.0,Cameron Vaughn,St. Vincent de Paul,,IOL,75.0,280.0,2.0,0.76,Petaluma,CA,USA,"{'latitude': 38.270022, 'longitude': -122.60612241304348, 'fipsCode': '06097'}"
217836,,HighSchool,2023,3198.0,Jacob Sersansie,Pine View,,ATH,73.0,190.0,2.0,0.76,St. George,UT,USA,"{'latitude': 37.104153, 'longitude': -113.5841313, 'fipsCode': '49053'}"
217834,,HighSchool,2023,3198.0,Chance Guadiz,Rainier Beach,,QB,73.0,205.0,2.0,0.76,Seattle,WA,USA,"{'latitude': 47.6038321, 'longitude': -122.3300624, 'fipsCode': '53033'}"
217833,,HighSchool,2023,3198.0,T.J. Tusi,Lincoln,,OT,76.0,350.0,2.0,0.76,Tacoma,WA,USA,"{'latitude': 47.2495798, 'longitude': -122.4398746, 'fipsCode': '53053'}"
217832,,HighSchool,2023,3198.0,Julius Walker,Kentridge,,ATH,76.0,220.0,2.0,0.76,Kent,WA,USA,"{'latitude': 47.3826903, 'longitude': -122.2270272, 'fipsCode': '53033'}"
217884,5125840,HighSchool,2023,3198.0,Jake Utley,College Station,UTEP,OT,77.0,315.0,2.0,0.76,College Station,TX,USA,"{'latitude': 30.5955289, 'longitude': -96.3071042, 'fipsCode': '48041'}"
217887,5150355,HighSchool,2023,3198.0,Brandon Wraalstad,Oconomowoc,Army,DL,76.0,245.0,2.0,0.76,Oconomowoc,WI,USA,"{'latitude': 43.1116731, 'longitude': -88.4992659, 'fipsCode': '55133'}"
217918,5160652,HighSchool,2023,3198.0,Zack Mlsna,Cashton,Wisconsin,OT,78.0,300.0,2.0,0.76,Cashton,WI,USA,"{'latitude': None, 'longitude': None, 'fipsCode': None}"
217893,5155535,HighSchool,2023,3198.0,Lance Rucker,Millard South,North Dakota,EDGE,75.0,205.0,2.0,0.76,Omaha,NE,USA,"{'latitude': 41.2587459, 'longitude': -95.9383758, 'fipsCode': '31055'}"
217933,5122031,HighSchool,2023,3198.0,Cade Riddle,Brighton,Central Michigan,LB,75.0,230.0,2.0,0.76,Brighton,MI,USA,"{'latitude': 42.5316918, 'longitude': -83.7846458, 'fipsCode': '26093'}"
217921,5153065,HighSchool,2023,3198.0,Branden Ganashamoorthy,Eastside Catholic,Washington State,WR,75.0,190.0,2.0,0.76,Sammamish,WA,USA,"{'latitude': 47.6088445, 'longitude': -122.0423067, 'fipsCode': '53033'}"
218000,5152194,HighSchool,2023,3302.0,Grant Seagren,Oakland Craig,Nebraska,TE,79.0,255.0,2.0,0.75,Oakland,NE,USA,"{'latitude': 41.8358265, 'longitude': -96.4669709, 'fipsCode': '31021'}"
217994,5160733,HighSchool,2023,3302.0,Boen Phelps,Freeman,Boise State,ATH,74.0,190.0,2.0,0.75,Rockford,WA,USA,"{'latitude': 42.2713945, 'longitude': -89.093966, 'fipsCode': '17201'}"
217981,5162947,HighSchool,2023,3302.0,Cory Chavis,Redford Union,Alabama A&M,QB,77.0,195.0,2.0,0.75,Redford,MI,USA,"{'latitude': 42.3944, 'longitude': -83.2974, 'fipsCode': '29179'}"
217967,5160732,HighSchool,2023,3302.0,Cole Miller,Bishop Kelly,Boise State,S,72.0,175.0,2.0,0.75,Boise,ID,USA,"{'latitude': 43.6166163, 'longitude': -116.200886, 'fipsCode': '16001'}"
217950,5150715,HighSchool,2023,3302.0,Caden Davis,William Mason,Ohio State,DL,77.0,220.0,2.0,0.75,Mason,OH,USA,"{'latitude': 39.3600586, 'longitude': -84.309939, 'fipsCode': '39165'}"
217998,,HighSchool,2023,3302.0,Jaxson Wilson,Hartland,,DL,77.0,240.0,2.0,0.75,Hartland,MI,USA,"{'latitude': 42.656697, 'longitude': -83.7530022, 'fipsCode': '26093'}"
217937,,HighSchool,2023,3302.0,Blake Baker,Clackamas,,QB,72.0,170.0,2.0,0.75,Clackamas,OR,USA,"{'latitude': 45.4103887, 'longitude': -122.5660663, 'fipsCode': '41005'}"
217938,,HighSchool,2023,3302.0,Nick Ferrero,Portland Jesuit,,ATH,71.0,170.0,2.0,0.75,Portland,OR,USA,"{'latitude': 45.5202471, 'longitude': -122.6741949, 'fipsCode': '41051'}"
217939,,HighSchool,2023,3302.0,Payton Faker,Kennedy Catholic,,QB,74.0,195.0,2.0,0.75,Burien,WA,USA,"{'latitude': 47.469918, 'longitude': -122.3485274, 'fipsCode': '53033'}"
217940,,HighSchool,2023,3302.0,Koby Kast,Evergreen,,DL,77.0,255.0,2.0,0.75,Vancouver,WA,USA,"{'latitude': 45.6306954, 'longitude': -122.6744557, 'fipsCode': '53011'}"
217941,,HighSchool,2023,3302.0,Emilio Pucci,Northgate,,ATH,71.0,202.0,2.0,0.75,Walnut Creek,CA,USA,"{'latitude': 37.9020731, 'longitude': -122.0618702, 'fipsCode': '06013'}"
217942,,HighSchool,2023,3302.0,Keegan Peterson,Montgomery,,WR,71.0,175.0,2.0,0.75,Santa Rosa,CA,USA,"{'latitude': 38.4404925, 'longitude': -122.7141049, 'fipsCode': '06097'}"
217943,,HighSchool,2023,3302.0,Jackson House,Dunham School,,QB,72.0,185.0,2.0,0.75,Baton Rouge,LA,USA,"{'latitude': 30.4459596, 'longitude': -91.18738, 'fipsCode': '22033'}"
217944,,HighSchool,2023,3302.0,Rasheed Anderson,Fenwick,Eastern Illinois,IOL,77.0,360.0,2.0,0.75,Oak Park,IL,USA,"{'latitude': 41.8878145, 'longitude': -87.7887615, 'fipsCode': '17031'}"
217945,,HighSchool,2023,3302.0,Andrew Beasley,Simeon,,S,72.0,175.0,2.0,0.75,Chicago,IL,USA,"{'latitude': 41.8755616, 'longitude': -87.6244212, 'fipsCode': '17031'}"
217946,,HighSchool,2023,3302.0,Drew Novak,Western Brown,,QB,78.0,190.0,2.0,0.75,Mount Orab,OH,USA,"{'latitude': 39.0275659, 'longitude': -83.919652, 'fipsCode': '39015'}"
217947,,HighSchool,2023,3302.0,Garrett Divis,Hinton,,OT,77.0,260.0,2.0,0.75,Hinton,IA,USA,"{'latitude': 42.6267251, 'longitude': -96.294369, 'fipsCode': '19149'}"
217948,,HighSchool,2023,3302.0,Jake Macphee,Bad Axe,,EDGE,77.0,226.0,2.0,0.75,Bad Axe,MI,,"{'latitude': None, 'longitude': None, 'fipsCode': None}"
217949,,HighSchool,2023,3302.0,Zyers Ruff II,Huron,,S,70.0,175.0,2.0,0.75,Ann Arbor,MI,USA,"{'latitude': 42.2681569, 'longitude': -83.7312291, 'fipsCode': '26161'}"
217951,,HighSchool,2023,3302.0,Joseph Abbiw,Pickerington North,,DL,75.0,265.0,2.0,0.75,Pickerington,OH,USA,"{'latitude': 39.896277299999994, 'longitude': -82.77319049748806, 'fipsCode': '39045'}"
217952,,HighSchool,2023,3302.0,Ky'Shaun Jackson,American Collegiate Academy,,WR,74.0,175.0,2.0,0.75,Clearwater,FL,USA,"{'latitude': 27.9658533, 'longitude': -82.8001026, 'fipsCode': '12103'}"
217953,,HighSchool,2023,3302.0,Soren Erickson,St. Charles North,,TE,76.0,238.0,2.0,0.75,St. Charles,IL,USA,"{'latitude': 41.9139509, 'longitude': -88.31253, 'fipsCode': '17089'}"
217954,,HighSchool,2023,3302.0,Nate Schuckman,Mary Institute & St. Louis Country Day,,OT,78.0,250.0,2.0,0.75,St. Louis,MO,USA,"{'latitude': 38.6268039, 'longitude': -90.1994097, 'fipsCode': '29510'}"
217955,,HighSchool,2023,3302.0,Jacob Lopau,Rocori,North Dakota,OT,79.0,300.0,2.0,0.75,Cold Spring,MN,USA,"{'latitude': 45.4557973, 'longitude': -94.4288849, 'fipsCode': '27145'}"
217956,,HighSchool,2023,3302.0,Eli Vanderveen,Hudsonville,,WR,76.0,195.0,2.0,0.75,Hudsonville,MI,USA,"{'latitude': 42.870889, 'longitude': -85.865235, 'fipsCode': '26139'}"
217957,,HighSchool,2023,3302.0,Dontez Hicks,Detroit Central,,ATH,71.0,190.0,2.0,0.75,Detroit,MI,USA,"{'latitude': 42.3315509, 'longitude': -83.0466403, 'fipsCode': '26163'}"
217958,,HighSchool,2023,3302.0,Jamire Hall,Redford Union,,IOL,75.0,275.0,2.0,0.75,Redford,MI,USA,"{'latitude': 42.3944, 'longitude': -83.2974, 'fipsCode': '29179'}"
217959,,HighSchool,2023,3302.0,Ethan Hamby,Dakota,,QB,74.0,205.0,2.0,0.75,Macomb,MI,USA,"{'latitude': 42.6652, 'longitude': -82.9286, 'fipsCode': '17109'}"
217960,,HighSchool,2023,3302.0,Dilyn Fuller,Anderson,Indiana State,EDGE,74.0,230.0,2.0,0.75,Anderson,IN,USA,"{'latitude': 40.1053196, 'longitude': -85.6802541, 'fipsCode': '18095'}"
217961,,HighSchool,2023,3302.0,Bryce Kooy,Bothell,,RB,73.0,185.0,2.0,0.75,Bothell,WA,USA,"{'latitude': 47.7598697, 'longitude': -122.2068288, 'fipsCode': '53033'}"
217962,,HighSchool,2023,3302.0,Masen Uribe,Eastside Catholic,,RB,70.0,182.0,2.0,0.75,Sammamish,WA,USA,"{'latitude': 47.6088445, 'longitude': -122.0423067, 'fipsCode': '53033'}"
217963,,HighSchool,2023,3302.0,Mason Chiles,Mountain View,,LB,70.0,170.0,2.0,0.75,Meridian,ID,USA,"{'latitude': 43.6086295, 'longitude': -116.392326, 'fipsCode': '16001'}"
217964,,HighSchool,2023,3302.0,Andrew Carrasquillo,St. Francis,,CB,70.0,160.0,2.0,0.75,Mountain View,CA,USA,"{'latitude': 37.3893889, 'longitude': -122.0832101, 'fipsCode': '06085'}"
217965,,HighSchool,2023,3302.0,Zamir Hall,Ridgeview,,RB,68.0,160.0,2.0,0.75,Bakersfield,CA,USA,"{'latitude': 35.3738712, 'longitude': -119.0194639, 'fipsCode': '06029'}"
217966,,HighSchool,2023,3302.0,Landon Howard,Christian Brothers,,LB,71.0,230.0,2.0,0.75,Sacramento,CA,USA,"{'latitude': 38.5815719, 'longitude': -121.4943996, 'fipsCode': '06067'}"
217968,,HighSchool,2023,3302.0,Jalen Hankins,Liberty,,ATH,68.0,175.0,2.0,0.75,Bakersfield,CA,USA,"{'latitude': 35.3738712, 'longitude': -119.0194639, 'fipsCode': '06029'}"
217969,,HighSchool,2023,3302.0,Brian Keliikuli,Grant Union,,IOL,72.0,300.0,2.0,0.75,Sacramento,CA,USA,"{'latitude': 38.5815719, 'longitude': -121.4943996, 'fipsCode': '06067'}"
217970,,HighSchool,2023,3302.0,Lucas Steffen,Summit,,LB,72.0,200.0,2.0,0.75,Bend,OR,USA,"{'latitude': 44.0581728, 'longitude': -121.3153096, 'fipsCode': '41017'}"
217972,,HighSchool,2023,3302.0,Joey Scarantino,Timberline,,QB,76.0,175.0,2.0,0.75,Boise,ID,USA,"{'latitude': 43.6166163, 'longitude': -116.200886, 'fipsCode': '16001'}"
217973,,HighSchool,2023,3302.0,Lincoln Gee,Cole Valley Christian,Idaho,ATH,71.0,180.0,2.0,0.75,Meridian,ID,USA,"{'latitude': 43.6086295, 'longitude': -116.392326, 'fipsCode': '16001'}"
217971,5152780,HighSchool,2023,3302.0,Spencer Elliott,Summit,Portland State,IOL,74.0,225.0,2.0,0.75,Bend,OR,USA,"{'latitude': 44.0581728, 'longitude': -121.3153096, 'fipsCode': '41017'}"
217974,,HighSchool,2023,3302.0,Caleb Loveland,Burley,,QB,74.0,190.0,2.0,0.75,Burley,ID,USA,"{'latitude': 42.5357428, 'longitude': -113.7927948, 'fipsCode': '16031'}"
217975,,HighSchool,2023,3302.0,Brodae Sutherland,Lake Oswego,,EDGE,75.0,215.0,2.0,0.75,Lake Oswego,OR,USA,"{'latitude': 45.4206749, 'longitude': -122.6706498, 'fipsCode': '41005'}"
217976,,HighSchool,2023,3302.0,Diaviante Dunmore,Kentlake,,WR,72.0,165.0,2.0,0.75,Kent,WA,USA,"{'latitude': 47.3826903, 'longitude': -122.2270272, 'fipsCode': '53033'}"
217977,,HighSchool,2023,3302.0,Holden Matthews,Enterprise,,WR,74.0,170.0,2.0,0.75,Redding,CA,USA,"{'latitude': 40.5863563, 'longitude': -122.3916754, 'fipsCode': '06089'}"
217978,,HighSchool,2023,3302.0,Ryder Alfrey,Auburn Mountainview,,ATH,72.0,165.0,2.0,0.75,Auburn,WA,USA,"{'latitude': 47.3075369, 'longitude': -122.2301808, 'fipsCode': '53033'}"
217979,,HighSchool,2023,3302.0,Jackson Bale,West Valley,,EDGE,74.0,224.0,2.0,0.75,Spokane,WA,USA,"{'latitude': 47.6579425, 'longitude': -117.4212265, 'fipsCode': '53063'}"
217980,,HighSchool,2023,3302.0,Javen Sewell,Cass Technical,,ATH,70.0,175.0,2.0,0.75,Detroit,MI,USA,"{'latitude': 42.3315509, 'longitude': -83.0466403, 'fipsCode': '26163'}"
217982,,HighSchool,2023,3302.0,Jaylen Johnson,Grand Blanc Community,Grand Valley State,WR,74.0,195.0,2.0,0.75,Grand Blanc,MI,USA,"{'latitude': 42.9275277, 'longitude': -83.6299518, 'fipsCode': '26049'}"
217983,,HighSchool,2023,3302.0,Royce Daugherty,Watervliet Senior,,DL,75.0,290.0,2.0,0.75,Watervliet,MI,USA,"{'latitude': None, 'longitude': None, 'fipsCode': None}"
217984,,HighSchool,2023,3302.0,Randall Ward,Lee's Summit North,Western Illinois,LB,74.0,215.0,2.0,0.75,Lee's Summit,MO,USA,"{'latitude': 38.9107156, 'longitude': -94.3821295, 'fipsCode': '29095'}"
217985,,HighSchool,2023,3302.0,Ethan Johnson,Lincoln,,IOL,75.0,270.0,2.0,0.75,Portland,OR,USA,"{'latitude': 45.5202471, 'longitude': -122.6741949, 'fipsCode': '41051'}"
217986,,HighSchool,2023,3302.0,Trent Hodney,Sherwood,,IOL,74.5,290.0,2.0,0.75,Sherwood,OR,USA,"{'latitude': 45.3570983, 'longitude': -122.840357, 'fipsCode': '41067'}"
217987,,HighSchool,2023,3302.0,Gabe Rhue,Sandy,,IOL,76.0,300.0,2.0,0.75,Sandy,OR,USA,"{'latitude': 45.3974065, 'longitude': -122.2614548, 'fipsCode': '41005'}"
217988,,HighSchool,2023,3302.0,Wyatt Bartroff,Ridgefield,,LB,74.0,225.0,2.0,0.75,Ridgefield,WA,USA,"{'latitude': 45.8167616, 'longitude': -122.7433775, 'fipsCode': '53011'}"
217989,,HighSchool,2023,3302.0,Breydan Fisher,Washington,,ATH,72.0,160.0,2.0,0.75,Tacoma,WA,USA,"{'latitude': 47.2495798, 'longitude': -122.4398746, 'fipsCode': '53053'}"
217990,,HighSchool,2023,3302.0,Stephen Woodward,North Creek,,LB,75.0,215.0,2.0,0.75,Bothell,WA,USA,"{'latitude': 47.7598697, 'longitude': -122.2068288, 'fipsCode': '53033'}"
217991,,HighSchool,2023,3302.0,Cooper Bohlig,Miramonte,,WR,72.0,170.0,2.0,0.75,Orinda,CA,USA,"{'latitude': 37.8771476, 'longitude': -122.1796888, 'fipsCode': '06013'}"
217992,,HighSchool,2023,3302.0,Isaac Haro,Merced,,OT,77.0,280.0,2.0,0.75,Merced,CA,USA,"{'latitude': 37.3029568, 'longitude': -120.4843269, 'fipsCode': '06047'}"
217993,,HighSchool,2023,3302.0,Griffin Addison,Adolfo Camarillo,,ATH,75.0,205.0,2.0,0.75,Camarillo,CA,USA,"{'latitude': 34.2164099, 'longitude': -119.0376573, 'fipsCode': '06111'}"
217995,,HighSchool,2023,3302.0,Cordell Mabins,Franklin,,RB,71.0,200.0,2.0,0.75,Livonia,MI,USA,"{'latitude': 42.36837, 'longitude': -83.3527097, 'fipsCode': '26163'}"
217996,,HighSchool,2023,3302.0,Brady Stanifer,Whiteland,,LB,76.0,215.0,2.0,0.75,Greenwood,IN,USA,"{'latitude': 39.6136578, 'longitude': -86.1066526, 'fipsCode': '18081'}"
217997,,HighSchool,2023,3302.0,Jake Houston,Franklin Community,,DL,76.0,245.0,2.0,0.75,Franklin,IN,USA,"{'latitude': 39.4806056, 'longitude': -86.0549863, 'fipsCode': '18081'}"
217999,,HighSchool,2023,3302.0,Aiden Townsend,Ozark,,OT,78.0,270.0,2.0,0.75,Ozark,MO,USA,"{'latitude': 37.0214248, 'longitude': -93.2053032, 'fipsCode': '29043'}"
218001,,HighSchool,2023,3302.0,Joe Roll,Gretna,South Dakota State,WR,70.0,185.0,2.0,0.75,Gretna,NE,USA,"{'latitude': 41.1469269, 'longitude': -96.2390053, 'fipsCode': '31153'}"
217936,,HighSchool,2023,3302.0,Mykell King,Jefferson,,LB,72.0,200.0,2.0,0.75,Portland,OR,USA,"{'latitude': 45.5202471, 'longitude': -122.6741949, 'fipsCode': '41051'}"
218009,,HighSchool,2023,3368.0,Jalen Salavea,Skyview,,LB,72.0,250.0,2.0,0.74,Vancouver,WA,USA,"{'latitude': 45.6306954, 'longitude': -122.6744557, 'fipsCode': '53011'}"
218022,,HighSchool,2023,3368.0,Calvin Watson,Dakota,,LB,74.0,210.0,2.0,0.74,Macomb,MI,USA,"{'latitude': 42.6652, 'longitude': -82.9286, 'fipsCode': '17109'}"
218002,,HighSchool,2023,3368.0,Samuel Gamino,Rigby,,RB,70.0,195.0,2.0,0.74,Rigby,ID,USA,"{'latitude': 43.6751937, 'longitude': -111.918002, 'fipsCode': '16051'}"
218003,,HighSchool,2023,3368.0,Jacob Wilcox-Fish,Menlo-Atherton,,ATH,70.0,185.0,2.0,0.74,Menlo Park,CA,USA,"{'latitude': 37.4519671, 'longitude': -122.1779927, 'fipsCode': '06081'}"
218004,,HighSchool,2023,3368.0,Landon Heard,Los Gatos,,S,71.0,175.0,2.0,0.74,Los Gatos,CA,USA,"{'latitude': 37.226611, 'longitude': -121.9746797, 'fipsCode': '06085'}"
218005,,HighSchool,2023,3368.0,Aidan Duerig,Crown Point,Southern Illinois,OT,78.0,305.0,2.0,0.74,Crown Point,IN,USA,"{'latitude': 41.4169806, 'longitude': -87.3653136, 'fipsCode': '18089'}"
218006,,HighSchool,2023,3368.0,Anthony Iliano,Benedictine,Maine,IOL,76.0,270.0,2.0,0.74,Cleveland,OH,USA,"{'latitude': 41.5051613, 'longitude': -81.6934446, 'fipsCode': '39035'}"
218007,,HighSchool,2023,3368.0,Kailin Frade,Buhach Colony,,S,71.0,170.0,2.0,0.74,Atwater,CA,USA,"{'latitude': 37.3477174, 'longitude': -120.609084, 'fipsCode': '06047'}"
218008,,HighSchool,2023,3368.0,Lyndon Tanoa,Curtis,,ATH,68.0,200.0,2.0,0.74,Tacoma,WA,USA,"{'latitude': 47.2495798, 'longitude': -122.4398746, 'fipsCode': '53053'}"
218020,,HighSchool,2023,3368.0,Christian Janis,Iowa City West,,WR,76.0,180.0,2.0,0.74,Iowa City,IA,USA,"{'latitude': 41.6612561, 'longitude': -91.5299106, 'fipsCode': '19103'}"
218019,,HighSchool,2023,3368.0,DeShaun Richmond,Christian Brothers College,,ATH,73.0,160.0,2.0,0.74,St. Louis,MO,USA,"{'latitude': 38.6268039, 'longitude': -90.1994097, 'fipsCode': '29510'}"
218018,,HighSchool,2023,3368.0,Trey Patrick,Blue Springs South,,ATH,73.0,170.0,2.0,0.74,Blue Springs,MO,USA,"{'latitude': 39.017316, 'longitude': -94.282265, 'fipsCode': '29095'}"
218017,,HighSchool,2023,3368.0,Daion Johnson,Martin Luther King,,S,73.0,180.0,2.0,0.74,Detroit,MI,USA,"{'latitude': 42.3315509, 'longitude': -83.0466403, 'fipsCode': '26163'}"
218016,,HighSchool,2023,3368.0,Gus Parker,St. Ignatius College Preparatory,,ATH,70.0,175.0,2.0,0.74,San Francisco,CA,USA,"{'latitude': 37.7790262, 'longitude': -122.4199061, 'fipsCode': '06075'}"
218015,,HighSchool,2023,3368.0,Zach McMurtrey,Central Valley,,LB,73.0,215.0,2.0,0.74,Spokane,WA,USA,"{'latitude': 47.6579425, 'longitude': -117.4212265, 'fipsCode': '53063'}"
218014,,HighSchool,2023,3368.0,Jacob Gatlin,Mead,,IOL,72.0,250.0,2.0,0.74,Spokane,WA,USA,"{'latitude': 47.6579425, 'longitude': -117.4212265, 'fipsCode': '53063'}"
218013,,HighSchool,2023,3368.0,Tayveon Sy,Mariner,,LB,73.0,220.0,2.0,0.74,Everett,WA,USA,"{'latitude': 47.9673056, 'longitude': -122.2013998, 'fipsCode': '53061'}"
218012,,HighSchool,2023,3368.0,Bertrelle Shelby-Rankin JR,Mt. Zion Prep,,S,72.0,180.0,2.0,0.74,West Bloomfield,MI,USA,"{'latitude': 42.5679, 'longitude': -83.3733, 'fipsCode': '36069'}"
218011,,HighSchool,2023,3368.0,Riley Paran,Bellarmine Prep,,RB,70.0,185.0,2.0,0.74,San Jose,CA,USA,"{'latitude': 37.3361905, 'longitude': -121.8905833, 'fipsCode': '06085'}"
218010,,HighSchool,2023,3368.0,James Scott,Franklin,,RB,69.0,205.0,2.0,0.74,Seattle,WA,USA,"{'latitude': 47.6038321, 'longitude': -122.3300624, 'fipsCode': '53033'}"
218021,5150681,HighSchool,2023,3368.0,Cade Osterman,Elk River,Minnesota,ATH,73.0,185.0,2.0,0.74,Elk River,MN,USA,"{'latitude': 45.3038538, 'longitude': -93.5671825, 'fipsCode': '27141'}"
218035,5160734,HighSchool,2023,3389.0,Troy Wilkey,Rocky Mountain,Boise State,S,69.0,160.0,2.0,0.73,Meridian,ID,USA,"{'latitude': 43.6086295, 'longitude': -116.392326, 'fipsCode': '16001'}"
218043,,HighSchool,2023,3389.0,Jayden Weber,Junipero Serra,Sacramento State,WR,69.0,160.0,2.0,0.73,San Mateo,CA,USA,"{'latitude': 37.5439684, 'longitude': -122.3066789, 'fipsCode': '06081'}"
218044,,HighSchool,2023,3389.0,Dylan Fear,Lincoln,,TE,77.0,210.0,2.0,0.73,Lincoln,CA,USA,"{'latitude': 38.8915741, 'longitude': -121.29318, 'fipsCode': '06061'}"
218045,,HighSchool,2023,3389.0,Joey Villaroman,Junipero Serra,,WR,74.0,180.0,2.0,0.73,San Mateo,CA,USA,"{'latitude': 37.5439684, 'longitude': -122.3066789, 'fipsCode': '06081'}"
218047,,HighSchool,2023,3389.0,Ramon Ruiz,San Joaquin Memorial,,ATH,72.0,170.0,2.0,0.73,Fresno,CA,USA,"{'latitude': 36.7295295, 'longitude': -119.70886126075588, 'fipsCode': '06019'}"
218048,,HighSchool,2023,3389.0,Lucas Vanderlind,Petaluma,,LB,73.0,210.0,2.0,0.73,Petaluma,CA,USA,"{'latitude': 38.270022, 'longitude': -122.60612241304348, 'fipsCode': '06097'}"
218049,,HighSchool,2023,3389.0,Emiliano Mejia,Los Gatos,,RB,69.0,185.0,2.0,0.73,Los Gatos,CA,USA,"{'latitude': 37.226611, 'longitude': -121.9746797, 'fipsCode': '06085'}"
218050,,HighSchool,2023,3389.0,Darrius Hickenbottom,Will C. Wood,,WR,74.0,170.0,2.0,0.73,Vacaville,CA,USA,"{'latitude': 38.3565773, 'longitude': -121.9877444, 'fipsCode': '06095'}"
218051,,HighSchool,2023,3389.0,Uriah Givens,Garfield,,LB,70.0,205.0,2.0,0.73,Seattle,WA,USA,"{'latitude': 47.6038321, 'longitude': -122.3300624, 'fipsCode': '53033'}"
218052,,HighSchool,2023,3389.0,Jackson Pfeifer,Silverton,,ATH,71.0,180.0,2.0,0.73,Silverton,OR,USA,"{'latitude': 45.0049305, 'longitude': -122.7832947, 'fipsCode': '41047'}"
218053,,HighSchool,2023,3389.0,Alex Quintanilla,Bellarmine Prep,,ATH,72.0,170.0,2.0,0.73,Tacoma,WA,USA,"{'latitude': 47.2495798, 'longitude': -122.4398746, 'fipsCode': '53053'}"
218054,,HighSchool,2023,3389.0,Ladanian Streets,Central East,,WR,73.0,175.0,2.0,0.73,Fresno,CA,USA,"{'latitude': 36.7295295, 'longitude': -119.70886126075588, 'fipsCode': '06019'}"
218055,,HighSchool,2023,3389.0,Mac VandenHout,Rockford,,ATH,72.0,185.0,2.0,0.73,Rockford,MI,USA,"{'latitude': 43.119721, 'longitude': -85.559604, 'fipsCode': '17201'}"
218056,,HighSchool,2023,3389.0,LJ Imo,Eastside Catholic,,DL,69.0,265.0,2.0,0.73,Sammamish,WA,USA,"{'latitude': 47.6088445, 'longitude': -122.0423067, 'fipsCode': '53033'}"
218046,,HighSchool,2023,3389.0,Lucas Reynolds,University HS,,LB,75.0,195.0,2.0,0.73,Spokane,WA,USA,"{'latitude': 47.6579425, 'longitude': -117.4212265, 'fipsCode': '53063'}"
218023,,HighSchool,2023,3389.0,Landon Taylor,Clarkston,,WR,72.0,160.0,2.0,0.73,Clarkston,WA,USA,"{'latitude': 46.4162724, 'longitude': -117.0451796, 'fipsCode': '53003'}"
218024,,HighSchool,2023,3389.0,Camden Ferguson,Lakeridge,,DL,75.0,256.0,2.0,0.73,Lake Oswego,OR,USA,"{'latitude': 45.4206749, 'longitude': -122.6706498, 'fipsCode': '41005'}"
218025,,HighSchool,2023,3389.0,Liam O'Leary,Lincoln,,S,72.0,170.0,2.0,0.73,Seattle,WA,USA,"{'latitude': 47.6038321, 'longitude': -122.3300624, 'fipsCode': '53033'}"
218026,,HighSchool,2023,3389.0,Brady Laybourn,Peninsula,,ATH,70.0,185.0,2.0,0.73,Gig Harbor,WA,USA,"{'latitude': 47.3259697, 'longitude': -122.5878659, 'fipsCode': '53053'}"
218027,,HighSchool,2023,3389.0,Carlos Orozco,Kennewick,,DL,72.0,250.0,2.0,0.73,Kennewick,WA,USA,"{'latitude': 46.2087066, 'longitude': -119.1199192, 'fipsCode': '53005'}"
218028,,HighSchool,2023,3389.0,Justice Toavalu,Archbishop Mitty,,ATH,72.0,175.0,2.0,0.73,San Jose,CA,USA,"{'latitude': 37.3361905, 'longitude': -121.8905833, 'fipsCode': '06085'}"
218029,,HighSchool,2023,3389.0,Pauli Mafi,St. Mary's,,RB,70.0,185.0,2.0,0.73,Stockton,CA,USA,"{'latitude': 37.9577016, 'longitude': -121.2907796, 'fipsCode': '06077'}"
218030,,HighSchool,2023,3389.0,John Feury,Cathedral City,,DL,72.0,320.0,2.0,0.73,Cathedral City,CA,USA,"{'latitude': 33.822998049999995, 'longitude': -116.4668702427116, 'fipsCode': '06065'}"
218031,,HighSchool,2023,3389.0,Ryan Given,Pioneer,,DL,72.0,240.0,2.0,0.73,San Jose,CA,USA,"{'latitude': 37.3361905, 'longitude': -121.8905833, 'fipsCode': '06085'}"
218032,,HighSchool,2023,3389.0,Nicolas Ramos,Los Gatos,,LB,72.0,205.0,2.0,0.73,Los Gatos,CA,USA,"{'latitude': 37.226611, 'longitude': -121.9746797, 'fipsCode': '06085'}"
218033,,HighSchool,2023,3389.0,Colby Marsh,Eastlake,,S,71.0,160.0,2.0,0.73,Sammamish,WA,USA,"{'latitude': 47.6088445, 'longitude': -122.0423067, 'fipsCode': '53033'}"
218037,,HighSchool,2023,3389.0,Isaiah Sinclair,Mckay,,IOL,74.0,285.0,2.0,0.73,Salem,OR,USA,"{'latitude': 44.9391565, 'longitude': -123.033121, 'fipsCode': '41047'}"
218034,,HighSchool,2023,3389.0,Xavior Tyus,Portage Northern,,RB,69.0,185.0,2.0,0.73,Portage,MI,USA,"{'latitude': 42.2011538, 'longitude': -85.5800022, 'fipsCode': '26077'}"
218036,,HighSchool,2023,3389.0,Micah Clyde,Rocky Mountain,,CB,70.0,165.0,2.0,0.73,Meridian,ID,USA,"{'latitude': 43.6086295, 'longitude': -116.392326, 'fipsCode': '16001'}"
218038,,HighSchool,2023,3389.0,Bo Dods,Enumclaw,,CB,71.0,160.0,2.0,0.73,Enumclaw,WA,USA,"{'latitude': 47.2047793, 'longitude': -121.9916371, 'fipsCode': '53033'}"
218039,,HighSchool,2023,3389.0,Owen Sieben,Terry Fox,,QB,76.0,203.0,2.0,0.73,Port Coquitlam,BC,CAN,"{'latitude': None, 'longitude': None, 'fipsCode': None}"
218040,,HighSchool,2023,3389.0,Samuel Hutchinson,Vista Del Lago,,LB,73.0,195.0,2.0,0.73,Folsom,CA,USA,"{'latitude': 38.6779591, 'longitude': -121.1760583, 'fipsCode': '06067'}"
218041,,HighSchool,2023,3389.0,Hayden Dotson,Lincoln,,ATH,74.0,180.0,2.0,0.73,Lincoln,CA,USA,"{'latitude': 38.8915741, 'longitude': -121.29318, 'fipsCode': '06061'}"
218042,,HighSchool,2023,3389.0,Brandon Thomas,Central Valley,Eastern Washington,EDGE,73.0,225.0,2.0,0.73,Spokane,WA,USA,"{'latitude': 47.6579425, 'longitude': -117.4212265, 'fipsCode': '53063'}"
218067,,HighSchool,2023,3423.0,Dylan Lozano,St. Mary's,,LB,73.0,195.0,2.0,0.72,Stockton,CA,USA,"{'latitude': 37.9577016, 'longitude': -121.2907796, 'fipsCode': '06077'}"
218068,,HighSchool,2023,3423.0,William Augenstein,Branham,,QB,74.0,180.0,2.0,0.72,San Jose,CA,USA,"{'latitude': 37.3361905, 'longitude': -121.8905833, 'fipsCode': '06085'}"
218069,,HighSchool,2023,3423.0,Johnel Pettus,Edison,,RB,69.0,185.0,2.0,0.72,Stockton,CA,USA,"{'latitude': 37.9577016, 'longitude': -121.2907796, 'fipsCode': '06077'}"
218070,,HighSchool,2023,3423.0,Jayce Ordiway,Lincoln,,OT,76.0,270.0,2.0,0.72,Lincoln,CA,USA,"{'latitude': 38.8915741, 'longitude': -121.29318, 'fipsCode': '06061'}"
218071,,HighSchool,2023,3423.0,Raymond Lane,Will C. Wood,,OT,76.0,245.0,2.0,0.72,Vacaville,CA,USA,"{'latitude': 38.3565773, 'longitude': -121.9877444, 'fipsCode': '06095'}"
218072,,HighSchool,2023,3423.0,Jackson Overton,St. Dominic,,RB,67.0,140.0,2.0,0.72,O'Fallon,MO,USA,"{'latitude': 38.7910374, 'longitude': -90.7039107, 'fipsCode': '29183'}"
218073,,HighSchool,2023,3423.0,Kyle Manikhoth,Capital,,CB,69.0,165.0,2.0,0.72,Olympia,WA,USA,"{'latitude': 47.0451022, 'longitude': -122.8950075, 'fipsCode': '53067'}"
218074,,HighSchool,2023,3423.0,Erick Jones,Pittsburg,,CB,70.0,160.0,2.0,0.72,Pittsburg,CA,USA,"{'latitude': 38.0181745, 'longitude': -121.8901232, 'fipsCode': '06013'}"
218075,,HighSchool,2023,3423.0,Isaac Saffold,Kenwood Academy,Drake,DL,74.0,260.0,2.0,0.72,Lawrenceville,NJ,USA,"{'latitude': 40.300987649999996, 'longitude': -74.73737283395636, 'fipsCode': '34021'}"
218066,,HighSchool,2023,3423.0,Dylan Dinh,Grant,,IOL,72.0,255.0,2.0,0.72,Portland,OR,USA,"{'latitude': 45.5202471, 'longitude': -122.6741949, 'fipsCode': '41051'}"
218065,,HighSchool,2023,3423.0,Dylan Gulseth,Manteca,,IOL,75.0,285.0,2.0,0.72,Manteca,CA,USA,"{'latitude': 37.7986184, 'longitude': -121.2117148, 'fipsCode': '06077'}"
218064,,HighSchool,2023,3423.0,Sean Cotten,Lincoln,,ATH,72.0,235.0,2.0,0.72,Lincoln,CA,USA,"{'latitude': 38.8915741, 'longitude': -121.29318, 'fipsCode': '06061'}"
218063,,HighSchool,2023,3423.0,Jahkylle Smith,Golden Valley,,ATH,67.0,160.0,2.0,0.72,Merced,CA,USA,"{'latitude': 37.3029568, 'longitude': -120.4843269, 'fipsCode': '06047'}"
218062,,HighSchool,2023,3423.0,Dee’Arian Barfield,Merced,,S,68.0,155.0,2.0,0.72,Merced,CA,USA,"{'latitude': 37.3029568, 'longitude': -120.4843269, 'fipsCode': '06047'}"
218061,,HighSchool,2023,3423.0,Ben Yundt,Mountain View,,RB,67.0,166.0,2.0,0.72,Bend,OR,USA,"{'latitude': 44.0581728, 'longitude': -121.3153096, 'fipsCode': '41017'}"
218060,,HighSchool,2023,3423.0,Trey Gibson,Hobart,,RB,72.0,190.0,2.0,0.72,Hobart,IN,USA,"{'latitude': 41.5322592, 'longitude': -87.2550353, 'fipsCode': '18089'}"
218059,,HighSchool,2023,3423.0,Tyler Michelini,Lake Park,,DL,74.0,243.0,2.0,0.72,Roselle,IL,USA,"{'latitude': 41.9847505, 'longitude': -88.0797933, 'fipsCode': '17043'}"
218058,,HighSchool,2023,3423.0,Dom Ference,St. Ignatius,,IOL,75.0,285.0,2.0,0.72,Cleveland,OH,USA,"{'latitude': 41.5051613, 'longitude': -81.6934446, 'fipsCode': '39035'}"
218057,,HighSchool,2023,3423.0,Julian Thomas,Cascade,,RB,66.0,175.0,2.0,0.72,Everett,WA,USA,"{'latitude': 47.9673056, 'longitude': -122.2013998, 'fipsCode': '53061'}"
218082,,HighSchool,2023,3442.0,Lukas Habelt,Burlingame,,ATH,71.0,190.0,2.0,0.71,Burlingame,CA,USA,"{'latitude': 37.5841026, 'longitude': -122.3660825, 'fipsCode': '06081'}"
218083,,HighSchool,2023,3442.0,Christian White,El Cerrito,Fresno State,S,74.0,185.0,2.0,0.71,El Cerrito,CA,USA,"{'latitude': 37.9154056, 'longitude': -122.301411, 'fipsCode': '06013'}"
218076,,HighSchool,2023,3442.0,Ry Fullerton,Emmett,,RB,68.0,185.0,2.0,0.71,Emmett,ID,USA,"{'latitude': 43.8734979, 'longitude': -116.4993012, 'fipsCode': '16045'}"
218077,,HighSchool,2023,3442.0,Ellis Shamsid-Deen,Pinole Valley,,WR,69.0,160.0,2.0,0.71,Pinole,CA,USA,"{'latitude': 38.0043667, 'longitude': -122.2988587, 'fipsCode': '06013'}"
218078,,HighSchool,2023,3442.0,Zaire Fortune,Will C. Wood,,ATH,70.0,165.0,2.0,0.71,Vacaville,CA,USA,"{'latitude': 38.3565773, 'longitude': -121.9877444, 'fipsCode': '06095'}"
218079,,HighSchool,2023,3442.0,Tony McAdoo,El Cerrito,,ATH,67.0,155.0,2.0,0.71,El Cerrito,CA,USA,"{'latitude': 37.9154056, 'longitude': -122.301411, 'fipsCode': '06013'}"
218080,,HighSchool,2023,3442.0,Jacob Gastrock,Mt. Eden,,ATH,69.0,150.0,2.0,0.71,Hayward,CA,USA,"{'latitude': 37.6688205, 'longitude': -122.0807964, 'fipsCode': '06001'}"
218081,,HighSchool,2023,3442.0,Orion Null,Vanden,,LB,72.0,215.0,2.0,0.71,Fairfield,CA,USA,"{'latitude': 38.2493581, 'longitude': -122.0399663, 'fipsCode': '06095'}"
218085,,HighSchool,2023,3450.0,Malaki Leach,Merced,,ATH,70.0,185.0,2.0,0.7,Merced,CA,USA,"{'latitude': 37.3029568, 'longitude': -120.4843269, 'fipsCode': '06047'}"
218087,,HighSchool,2023,3450.0,Kevin Underwood,Wyoming Park,,S,70.0,175.0,2.0,0.7,Grand Rapids,MI,USA,"{'latitude': 42.9632405, 'longitude': -85.6678639, 'fipsCode': '26081'}"
218084,,HighSchool,2023,3450.0,Charles Conner,Stevenson School,,QB,72.0,200.0,2.0,0.7,Pebble Beach,CA,USA,"{'latitude': 36.5672414, 'longitude': -121.9442134, 'fipsCode': '06053'}"
218086,,HighSchool,2023,3450.0,Cane Mack,Portage Northern,,QB,76.0,215.0,2.0,0.7,Portage,MI,USA,"{'latitude': 42.2011538, 'longitude': -85.5800022, 'fipsCode': '26077'}"
218088,5122035,HighSchool,2023,3454.0,Troy Wertman,Pewamo-Westphalia,Central Michigan,ATH,73.0,200.0,2.0,0.07,Westphalia,MI,,"{'latitude': None, 'longitude': None, 'fipsCode': None}"
256715,5122072,HighSchool,2023,,Nic Trujillo,Cleveland,New Mexico,WR,73.0,180.0,,,Rio Rancho,NM,USA,"{'latitude': 35.269381, 'longitude': -106.632819, 'fipsCode': '35043'}"
256593,5122092,HighSchool,2023,,Tim Roberson,Valdosta,Troy,CB,72.0,175.0,,,Valdosta,GA,USA,"{'latitude': 30.8327022, 'longitude': -83.2784851, 'fipsCode': '13185'}"
256972,5159277,HighSchool,2023,,Michael Robinson III,Groveport Madison,Duquesne,CB,72.0,190.0,,,Groveport,OH,USA,"{'latitude': 39.8522449, 'longitude': -82.8868636, 'fipsCode': '39049'}"
256718,5122083,HighSchool,2023,,Jayden Williams,Rudder,Wyoming,DL,75.0,270.0,,,Bryan,TX,USA,"{'latitude': 30.6743643, 'longitude': -96.3699632, 'fipsCode': '48041'}"
256503,5121773,HighSchool,2023,,Aidan Gilmore,Dallas Parish Episcopal,Iowa State,IOL,77.0,290.0,,,Dallas,TX,USA,"{'latitude': 32.7762719, 'longitude': -96.7968559, 'fipsCode': '48113'}"
256704,5121757,HighSchool,2023,,Ethan Presutty,Ardrey Kell,Old Dominion,WR,73.0,192.0,,,Charlotte,NC,USA,"{'latitude': 35.2272, 'longitude': -80.843083, 'fipsCode': '37119'}"
256780,5122060,HighSchool,2023,,Peyton Faulkner,Avonworth,Kent State,TE,76.0,220.0,,,Pittsburgh,PA,USA,"{'latitude': 40.4416941, 'longitude': -79.9900861, 'fipsCode': '42003'}"
257050,5121755,HighSchool,2023,,Samson Ogunade,Bishop O'Connell,James Madison,DL,77.0,245.0,,,Arlington,VA,USA,"{'latitude': 38.8903961, 'longitude': -77.0841585, 'fipsCode': '51013'}"
256691,5122147,HighSchool,2023,,Vaughn Blue,Oceanside Collegiate Academy,Liberty,RB,70.0,180.0,,,Mount Pleasant,SC,USA,"{'latitude': 32.7940651, 'longitude': -79.8625851, 'fipsCode': '45019'}"
256758,5122077,HighSchool,2023,,Charlie Williams,IMG Academy,UNLV,TE,76.0,240.0,,,Bradenton,FL,USA,"{'latitude': 27.4989278, 'longitude': -82.5748194, 'fipsCode': '12081'}"
256980,5153853,HighSchool,2023,,Anthony Crenshaw Jr.,Arlington,Delaware,S,71.0,170.0,,,Arlington,TX,USA,"{'latitude': 32.701938999999996, 'longitude': -97.10562379033699, 'fipsCode': '48439'}"
256805,5122155,HighSchool,2023,,Brady Tillman III,East Coweta,UL Monroe,WR,72.0,199.0,,,Sharpsburg,GA,USA,"{'latitude': 33.3392842, 'longitude': -84.6485417, 'fipsCode': '13077'}"
257007,5122159,HighSchool,2023,,Daveion Harley,Gadsden County,Jacksonville State,IOL,74.0,305.0,,,Havana,FL,USA,"{'latitude': 30.6255617, 'longitude': -84.4153769, 'fipsCode': '12039'}"
256548,5121768,HighSchool,2023,,Dante Atton,St Francis Xavier,Temple,P,72.0,190.0,,,Sumter,SC,USA,"{'latitude': 33.9204354, 'longitude': -80.3414693, 'fipsCode': '45085'}"
256581,5125906,HighSchool,2023,,Logan Moore,San Diego Lincoln,UAB,OT,79.0,255.0,,,San Diego,CA,USA,"{'latitude': 32.7174209, 'longitude': -117.1627714, 'fipsCode': '06073'}"
256641,5122093,HighSchool,2023,,Matthew Williams,Harlem,Georgia Southern,IOL,77.0,300.0,,,Harlem,GA,USA,"{'latitude': 33.4145834, 'longitude': -82.3126237, 'fipsCode': '13073'}"
256908,5121720,HighSchool,2023,,Noah Meyers,Trinity,Western Kentucky,TE,77.0,225.0,,,Louisville,KY,USA,"{'latitude': 38.2542376, 'longitude': -85.759407, 'fipsCode': '21111'}"
256702,5122108,HighSchool,2023,,Brock Walters,Winter Park,Old Dominion,LS,73.0,214.0,,,Winter Park,FL,USA,"{'latitude': 26.13784445, 'longitude': -81.75399813758739, 'fipsCode': '12021'}"
256637,5121711,HighSchool,2023,,Ayden Jackson,Walton,Georgia Southern,WR,71.0,175.0,,,Marietta,GA,USA,"{'latitude': 33.9528472, 'longitude': -84.5496148, 'fipsCode': '13067'}"
256621,5125751,HighSchool,2023,,Marcus Woodley,Homestead,Western Michigan,CB,74.0,210.0,,,Homestead,FL,USA,"{'latitude': 25.4718946, 'longitude': -80.4759905, 'fipsCode': '12086'}"
256499,5159678,HighSchool,2023,,Cayden Tone,Junipero Serra,Baylor,IOL,76.0,285.0,,,San Mateo,CA,USA,"{'latitude': 37.5439684, 'longitude': -122.3066789, 'fipsCode': '06081'}"
257049,5121750,HighSchool,2023,,Yamir Knight,Smyrna,James Madison,WR,69.0,180.0,,,Smyrna,DE,USA,"{'latitude': 39.2998339, 'longitude': -75.6046494, 'fipsCode': '10001'}"
256771,5125769,HighSchool,2023,,James Jackson III,Pahokee,Middle Tennessee,S,72.0,180.0,,,Pahokee,FL,USA,"{'latitude': 26.8200607, 'longitude': -80.6653351, 'fipsCode': '12099'}"
257052,5120977,HighSchool,2023,,Maxwell Moss,Archbishop Spalding,James Madison,WR,73.0,182.0,,,Severn,MD,USA,"{'latitude': 39.1278864, 'longitude': -76.6869128, 'fipsCode': '24003'}"
256766,5125821,HighSchool,2023,,Markel James,John Paul II Catholic,Middle Tennessee,LB,74.0,205.0,,,Tallahassee,FL,USA,"{'latitude': 30.4380832, 'longitude': -84.2809332, 'fipsCode': '12073'}"
256597,5125801,HighSchool,2023,,Elijah Prather,LaVergne,Troy,OT,76.0,280.0,,,LaVERGNE,TN,USA,"{'latitude': 41.8361431, 'longitude': -87.782001, 'fipsCode': '17031'}"
256770,5125774,HighSchool,2023,,Chayce Smith,Warner Robins,Middle Tennessee,DL,74.0,275.0,,,Warner Robins,GA,USA,"{'latitude': 32.6200973, 'longitude': -83.606568, 'fipsCode': '13153'}"
256603,5165108,HighSchool,2023,,Jaxton Eck,Brookings,Idaho,LB,72.0,210.0,,,Brookings,SD,USA,"{'latitude': 44.311461, 'longitude': -96.79844, 'fipsCode': '46011'}"
256591,5125849,HighSchool,2023,,Dorion Jackson,Wetumpka,Troy,S,74.0,180.0,,,Wetumpka,AL,USA,"{'latitude': 32.5437448, 'longitude': -86.2119127, 'fipsCode': '01051'}"
256644,5125823,HighSchool,2023,,DJ McKinney,Tulsa Union,Sam Houston,RB,69.0,175.0,,,Tulsa,OK,USA,"{'latitude': 36.1556805, 'longitude': -95.9929113, 'fipsCode': '40143'}"
256747,5125741,HighSchool,2023,,Tyler Rich,Owasso,Tulsa,DL,75.0,290.0,,,Owasso,OK,USA,"{'latitude': 36.2661536, 'longitude': -95.8549456, 'fipsCode': '40143'}"
256719,5125781,HighSchool,2023,,Jones Thomas,Fort Collins,Wyoming,S,74.0,180.0,,,Fort Collins,CO,USA,"{'latitude': 40.5508527, 'longitude': -105.0668085, 'fipsCode': '08069'}"
256689,5125746,HighSchool,2023,,Donivon Thomas,Brainerd,Toledo,TE,77.0,220.0,,,Chattanooga,TN,USA,"{'latitude': 35.0457219, 'longitude': -85.3094883, 'fipsCode': '47065'}"
256626,5125847,HighSchool,2023,,Jalile Bost,El Paso Pebble Hills,UTEP,WR,71.0,155.0,,,El Paso,TX,USA,"{'latitude': 31.7754152, 'longitude': -106.4646348, 'fipsCode': '48141'}"
256489,5150273,HighSchool,2023,,Aaron Smith,Conway,Arkansas,OT,78.0,260.0,,,Conway,AR,USA,"{'latitude': 35.0886963, 'longitude': -92.4421011, 'fipsCode': '05045'}"
256571,5125896,HighSchool,2023,,Chase Arrington,North Catholic,Eastern Michigan,CB,70.0,180.0,,,Pittsburgh,PA,USA,"{'latitude': 40.4416941, 'longitude': -79.9900861, 'fipsCode': '42003'}"
256526,5125908,HighSchool,2023,,Terryonte Taylor,South Gate Senior,Colorado State,WR,74.0,160.0,,,South Gate,CA,USA,"{'latitude': 37.4333295, 'longitude': -122.1512119, 'fipsCode': '06085'}"
256769,5125772,HighSchool,2023,,Ja'Darious Morris,Peach County,Middle Tennessee,DL,73.0,270.0,,,Fort Valley,GA,USA,"{'latitude': 32.5537585, 'longitude': -83.8874084, 'fipsCode': '13225'}"
256746,5125742,HighSchool,2023,,Bennett Ringleb,Tulsa Union,Tulsa,IOL,77.0,275.0,,,Tulsa,OK,USA,"{'latitude': 36.1556805, 'longitude': -95.9929113, 'fipsCode': '40143'}"
256628,5125851,HighSchool,2023,,Jackson Weng,Orange Lutheran,UTEP,WR,74.0,210.0,,,Orange,CA,USA,"{'latitude': 33.7872568, 'longitude': -117.8503088, 'fipsCode': '06059'}"
256627,5125842,HighSchool,2023,,Joey Lightfoot,A&M Consolidated,UTEP,DL,75.0,300.0,,,College Station,TX,USA,"{'latitude': 30.5955289, 'longitude': -96.3071042, 'fipsCode': '48041'}"
257089,5153430,HighSchool,2023,,Bradlee Jones,Emerald,The Citadel,CB,72.0,160.0,,,Greenwood,SC,USA,"{'latitude': 34.1954001, 'longitude': -82.1617883, 'fipsCode': '45047'}"
256700,5125760,HighSchool,2023,,Caleb Bryant,Camden,Old Dominion,IOL,79.0,253.0,,,Camden,NJ,USA,"{'latitude': 39.9448402, 'longitude': -75.1198911, 'fipsCode': '34007'}"
256570,5125733,HighSchool,2023,,Joey Mattord,Hartland,Eastern Michigan,RB,73.0,180.0,,,Hartland,MI,USA,"{'latitude': 42.656697, 'longitude': -83.7530022, 'fipsCode': '26093'}"
256749,5125734,HighSchool,2023,,Luke McGary,Prestonwood Christian,Tulsa,EDGE,75.0,225.0,,,Plano,TX,USA,"{'latitude': 33.0136764, 'longitude': -96.6925096, 'fipsCode': '48085'}"
256520,5160644,HighSchool,2023,,Sam Stone,St. Michael's Academy,Boston College,K,73.0,180.0,,,Austin,TX,USA,"{'latitude': 30.2711286, 'longitude': -97.7436995, 'fipsCode': '48453'}"
256487,5150266,HighSchool,2023,,Maddox Lassiter,Warren,Arkansas,TE,75.0,232.0,,,Warren,AR,USA,"{'latitude': 33.6126086, 'longitude': -92.0645831, 'fipsCode': '05011'}"
257106,5160003,HighSchool,2023,,Tyran Warren,Picayune Memorial,Alcorn State,WR,75.0,185.0,,,Picayune,MS,USA,"{'latitude': 30.5254692, 'longitude': -89.6795084, 'fipsCode': '28109'}"
256690,5121703,HighSchool,2023,,Donovan Dozier,Cardinal Gibbons,Liberty,EDGE,75.0,230.0,,,Raleigh,NC,USA,"{'latitude': 35.7803977, 'longitude': -78.6390989, 'fipsCode': '37183'}"
256634,5125897,HighSchool,2023,,Kobe Askew,Harris County,Northern Illinois,WR,72.0,180.0,,,Hamilton,GA,USA,"{'latitude': 32.7579107, 'longitude': -84.8749311, 'fipsCode': '13145'}"
256918,5152600,HighSchool,2023,,Reed Swanson,Wyoming Seminary Prep,Colgate,WR,77.0,215.0,,,Kingston,PA,USA,"{'latitude': 41.2617481, 'longitude': -75.8968635, 'fipsCode': '42079'}"
256509,5159827,HighSchool,2023,,Keona Peat,Corona Del Sol,Arizona State,IOL,76.0,260.0,,,Tempe,AZ,USA,"{'latitude': 33.4255056, 'longitude': -111.9400125, 'fipsCode': '04013'}"
257171,5153514,HighSchool,2023,,Eriq George,Montgomery Bell Academy,Tennessee State,DL,74.0,240.0,,,Nashville,TN,USA,"{'latitude': 36.1622296, 'longitude': -86.7743531, 'fipsCode': '47037'}"
256657,5159136,HighSchool,2023,,Tayden Barnes,Amarillo Tascosa,New Mexico State,CB,70.0,175.0,,,Amarillo,TX,USA,"{'latitude': 35.2072185, 'longitude': -101.8338246, 'fipsCode': '48375'}"
256647,5121696,HighSchool,2023,,Nate Burleson II,Ramapo,Nevada,WR,74.0,185.0,,,Franklin Lakes,NJ,USA,"{'latitude': 41.0167639, 'longitude': -74.2057012, 'fipsCode': '34003'}"
256777,5151225,HighSchool,2023,,Romello Flowers,Avant Garde Academy,Bowling Green,DL,73.0,185.0,,,Hollywood,FL,USA,"{'latitude': 26.0112014, 'longitude': -80.1494901, 'fipsCode': '12011'}"
256776,5151226,HighSchool,2023,,Trimaine Brown,Homestead,Bowling Green,ATH,71.0,150.0,,,Homestead,FL,USA,"{'latitude': 25.4718946, 'longitude': -80.4759905, 'fipsCode': '12086'}"
256995,5153264,HighSchool,2023,,Mena Mannan,Franklin,Eastern Kentucky,TE,76.0,225.0,,,Franklin,TN,USA,"{'latitude': 35.925193, 'longitude': -86.8689365, 'fipsCode': '47187'}"
256494,5151174,HighSchool,2023,,Garrett Morphis,Waco Midway,Texas Tech,IOL,76.0,300.0,,,Waco,TX,USA,"{'latitude': 31.549333, 'longitude': -97.1466695, 'fipsCode': '48309'}"
257046,5121607,HighSchool,2023,,Ke'Marion Baldwin,St. Pauls,James Madison,RB,69.0,215.0,,,St. Pauls,NC,USA,"{'latitude': None, 'longitude': None, 'fipsCode': None}"
256717,5121693,HighSchool,2023,,Bricen Brantley,Alief Taylor,Wyoming,WR,74.0,165.0,,,Houston,TX,USA,"{'latitude': 29.7589382, 'longitude': -95.3676974, 'fipsCode': '48201'}"
256653,5121691,HighSchool,2023,,Blaze Berlowitz,Cushing,New Mexico State,QB,75.0,195.0,,,Cushing,OK,USA,"{'latitude': 35.9850639, 'longitude': -96.76697, 'fipsCode': '40119'}"
256522,5125334,HighSchool,2023,,Jimarion McCrimon,Osceola,East Carolina,OT,77.0,270.0,,,Kissimmee,FL,USA,"{'latitude': 28.2918995, 'longitude': -81.4075838, 'fipsCode': '12097'}"
256724,5153602,HighSchool,2023,,Drew Nicolson,Corona Del Sol,Akron,LS,72.0,225.0,,,Tempe,AZ,USA,"{'latitude': 33.4255056, 'longitude': -111.9400125, 'fipsCode': '04013'}"
256750,5121616,HighSchool,2023,,Grayson Tempest,Tulsa Union,Tulsa,WR,70.0,160.0,,,Tulsa,OK,USA,"{'latitude': 36.1556805, 'longitude': -95.9929113, 'fipsCode': '40143'}"
257178,5171031,HighSchool,2023,,Matt Vezza,York Community,New Hampshire,QB,72.0,185.0,,,Elmhurst,IL,USA,"{'latitude': 41.8994745, 'longitude': -87.9403418, 'fipsCode': '17043'}"
256741,5151623,HighSchool,2023,,Angus Davies,ProKick Australia,Tulsa,P,73.0,205.0,,,Australia,,AUS,"{'latitude': None, 'longitude': None, 'fipsCode': None}"
256546,5092234,HighSchool,2023,,David Bird,Sandra Day O'connor,California,LS,72.0,205.0,,,Glendale,AZ,USA,"{'latitude': 33.5386858, 'longitude': -112.1859941, 'fipsCode': '04013'}"
256782,5151683,HighSchool,2023,,Braylon Smith,Glenville,Kent State,IOL,75.0,320.0,,,Cleveland,OH,USA,"{'latitude': 41.5051613, 'longitude': -81.6934446, 'fipsCode': '39035'}"
256579,5151666,HighSchool,2023,,Miquon Merriweather,Carver,UAB,DL,73.0,295.0,,,Columbus,GA,USA,"{'latitude': 32.4609764, 'longitude': -84.9877094, 'fipsCode': '13215'}"
256686,5151694,HighSchool,2023,,Kaden Holmes,Fremont Ross,Toledo,S,71.0,170.0,,,Fremont,OH,USA,"{'latitude': 41.3503303, 'longitude': -83.1218634, 'fipsCode': '39143'}"
256513,5152157,HighSchool,2023,,Brooks Yurachek,Fayetteville,Wake Forest,LB,73.0,225.0,,,FAYETTEVILLE,AR,USA,"{'latitude': 36.0625843, 'longitude': -94.1574328, 'fipsCode': '05143'}"
256742,5151618,HighSchool,2023,,Kirk Francis,Metro Christian Academy,Tulsa,QB,74.0,185.0,,,Tulsa,OK,USA,"{'latitude': 36.1556805, 'longitude': -95.9929113, 'fipsCode': '40143'}"
256790,5163069,HighSchool,2023,,Gerald Campbell,DeMatha Catholic,Marshall,WR,73.0,180.0,,,Hyattsville,MD,USA,"{'latitude': 38.9529442, 'longitude': -76.9408647, 'fipsCode': '24033'}"
256514,5152153,HighSchool,2023,,Tyler Mizzell,East Lincoln,Wake Forest,QB,72.0,180.0,,,Denver,NC,USA,"{'latitude': 35.5312452, 'longitude': -81.0297994, 'fipsCode': '37109'}"
256660,5077481,HighSchool,2023,,Ishmael Aceves,Mullen,New Mexico State,LB,74.0,215.0,,,Denver,CO,USA,"{'latitude': 39.7392364, 'longitude': -104.9848623, 'fipsCode': '08031'}"
256519,5152165,HighSchool,2023,,Tylan Dunn,PURE Youth,Memphis,S,75.0,207.0,,,Memphis,TN,USA,"{'latitude': 35.1490215, 'longitude': -90.0516285, 'fipsCode': '47157'}"
256655,5121318,HighSchool,2023,,Mason Graham,Amarillo,New Mexico State,QB,76.0,225.0,,,Amarillo,TX,USA,"{'latitude': 35.2072185, 'longitude': -101.8338246, 'fipsCode': '48375'}"
257055,5151422,HighSchool,2023,,Jamari Somerville,Henry E. Lackey,James Madison,CB,72.0,185.0,,,Indian Head,MD,USA,"{'latitude': 38.6005785, 'longitude': -77.1622733, 'fipsCode': '24017'}"
256961,5077811,HighSchool,2023,,Carsten Casady,Rolesville,UConn,DL,78.0,270.0,,,Rolesville,NC,USA,"{'latitude': 35.9232862, 'longitude': -78.4573914, 'fipsCode': '37183'}"
256521,5153066,HighSchool,2023,,Mahki Whitney,Hazen,Washington State,ATH,76.0,175.0,,,Renton,WA,USA,"{'latitude': 47.4799078, 'longitude': -122.2034496, 'fipsCode': '53033'}"
256477,5153150,HighSchool,2023,,Jack Susnjar,Loyola,USC,IOL,77.0,295.0,,,Los Angeles,CA,USA,"{'latitude': 34.0536909, 'longitude': -118.2427666, 'fipsCode': '06037'}"
257085,5166106,HighSchool,2023,,James London,Miami Central,Murray State,K,72.0,180.0,,,Miami,FL,USA,"{'latitude': 25.7742658, 'longitude': -80.1936589, 'fipsCode': '12086'}"
256997,5153258,HighSchool,2023,,Jacob Baker,Corbin,Eastern Kentucky,P,74.0,15.0,,,Corbin,KY,USA,"{'latitude': 36.9486986, 'longitude': -84.0968761, 'fipsCode': '21235'}"
256527,5092271,HighSchool,2023,,Buom Jock,Episcopal,Colorado State,WR,77.0,205.0,,,Alexandria,VA,USA,"{'latitude': 38.8051095, 'longitude': -77.0470229, 'fipsCode': '51510'}"
256558,5152923,HighSchool,2023,,Mitchell Butler,Northeast Lauderdale,Southern Miss,TE,76.0,235.0,,,Meridian,MS,USA,"{'latitude': 32.3643098, 'longitude': -88.703656, 'fipsCode': '28075'}"
256767,4871038,HighSchool,2023,,Jordan Thompson,Chambers,Middle Tennessee,LB,72.0,192.0,,,Charlotte,NC,USA,"{'latitude': 35.2272, 'longitude': -80.843083, 'fipsCode': '37119'}"
257124,5153889,HighSchool,2023,,Josh Derry,Concordia Prep,Monmouth,WR,69.0,175.0,,,Towson,MD,USA,"{'latitude': 39.4018552, 'longitude': -76.602388, 'fipsCode': '24005'}"
257079,5154004,HighSchool,2023,,Jason Hall,Suffield Academy,Villanova,LB,74.0,230.0,,,Suffield,CT,USA,"{'latitude': 41.9816944, 'longitude': -72.6506604, 'fipsCode': '09003'}"
257126,5153891,HighSchool,2023,,Deuce Lee,Gonzaga,Monmouth,S,72.0,180.0,,,Washington,DC,USA,"{'latitude': 38.8949855, 'longitude': -77.0365708, 'fipsCode': '11001'}"
257161,5154125,HighSchool,2023,,Chase Goodwin,Memorial,Columbia,QB,73.5,205.0,,,Houston,TX,USA,"{'latitude': 29.7589382, 'longitude': -95.3676974, 'fipsCode': '48201'}"
257077,5154007,HighSchool,2023,,Ja'briel Mace,Mainland Regional,Villanova,RB,69.0,165.0,,,Linwood,NJ,USA,"{'latitude': 39.3398404, 'longitude': -74.5751484, 'fipsCode': '34001'}"
257078,5154008,HighSchool,2023,,Capri Martin,Iona Prep,Villanova,DL,74.0,260.0,,,New Rochelle,NY,USA,"{'latitude': 40.9115386, 'longitude': -73.7826363, 'fipsCode': '36119'}"
257081,5154013,HighSchool,2023,,Isaiah Ragland,Centreville,Villanova,RB,69.0,195.0,,,Clifton,VA,USA,"{'latitude': 38.7802204, 'longitude': -77.3864722, 'fipsCode': '51059'}"
257127,5153908,HighSchool,2023,,Logan Barnes,Curtis,Monmouth,DL,73.0,275.0,,,Staten Island,NY,USA,"{'latitude': 40.564209, 'longitude': -74.12530461995391, 'fipsCode': '36085'}"
256957,5077340,HighSchool,2023,,Cleto Chol,Proctor Academy,UConn,ATH,78.0,240.0,,,Andover,NH,USA,"{'latitude': 43.4366616, 'longitude': -71.8197481, 'fipsCode': '33013'}"
257099,5154219,HighSchool,2023,,Five Hamilton,Dutchtown,Kennesaw State,CB,71.0,175.0,,,Hampton,GA,USA,"{'latitude': 33.3870578, 'longitude': -84.2829784, 'fipsCode': '13151'}"
256958,5077224,HighSchool,2023,,Brandon Kelley,Owen J. Roberts,UConn,EDGE,77.0,225.0,,,Pottstown,PA,USA,"{'latitude': 40.2452976, 'longitude': -75.6496424, 'fipsCode': '42091'}"
256795,5154420,HighSchool,2023,,Ahmad Miller,Briarcrest Christian,Jackson State,RB,72.0,200.0,,,Memphis,TN,USA,"{'latitude': 35.1490215, 'longitude': -90.0516285, 'fipsCode': '47157'}"
257118,5154361,HighSchool,2023,,Jalen Jones,Ramsay,Alabama State,WR,69.0,175.0,,,Birmingham,AL,USA,"{'latitude': 33.5206824, 'longitude': -86.8024326, 'fipsCode': '01073'}"
256642,4036672,HighSchool,2023,,Matthew Smith,Harlem,Georgia Southern,IOL,77.0,300.0,,,Harlem,GA,USA,"{'latitude': 33.4145834, 'longitude': -82.3126237, 'fipsCode': '13073'}"
257164,5154535,HighSchool,2023,,Ja'Son Prevard,East Coast Prep,Morgan State,S,75.0,180.0,,,Great Barrington,MA,USA,"{'latitude': 42.2103722, 'longitude': -73.3389121, 'fipsCode': '25003'}"
256979,5153856,HighSchool,2023,,Nyair Domnie,DePaul Catholic,Delaware,CB,71.0,175.0,,,Wayne,NJ,USA,"{'latitude': 40.9491723, 'longitude': -74.2376802, 'fipsCode': '34031'}"
256478,5153154,HighSchool,2023,,Tyler Robles,La Costa Canyon,USC,K,67.0,165.0,,,Encinitas,CA,USA,"{'latitude': 33.0369867, 'longitude': -117.2919818, 'fipsCode': '06073'}"
257117,5154352,HighSchool,2023,,Ethan Tookes,Riverside,Alabama State,CB,74.0,180.0,,,Jacksonville,FL,USA,"{'latitude': 30.3321838, 'longitude': -81.655651, 'fipsCode': '12031'}"
256960,5077806,HighSchool,2023,,Tucker McDonald,Wachusett Regional,UConn,QB,74.0,195.0,,,Holden,MA,USA,"{'latitude': 42.3560836, 'longitude': -71.8623548, 'fipsCode': '25027'}"
256762,5155193,HighSchool,2023,,Corey Thompson Jr.,San Diego Lincoln,UNLV,WR,73.0,185.0,,,San Diego,CA,USA,"{'latitude': 32.7174209, 'longitude': -117.1627714, 'fipsCode': '06073'}"
256760,5155191,HighSchool,2023,,Rashawn Jackson,Venice,UNLV,WR,74.0,185.0,,,Los Angeles,CA,USA,"{'latitude': 34.0536909, 'longitude': -118.2427666, 'fipsCode': '06037'}"
256701,5122095,HighSchool,2023,,Connor Drake,Providence,Old Dominion,OT,78.0,315.0,,,Charlotte,NC,USA,"{'latitude': 35.2272, 'longitude': -80.843083, 'fipsCode': '37119'}"
256919,5108223,HighSchool,2023,,Brock Winsett,Allen,Colgate,EDGE,75.0,225.0,,,Allen,TX,USA,"{'latitude': 33.1031744, 'longitude': -96.6705503, 'fipsCode': '48085'}"
257000,5104855,HighSchool,2023,,Dajwon DeLoach,Northside,Jacksonville State,LB,74.0,220.0,,,Columbus,GA,USA,"{'latitude': 32.4609764, 'longitude': -84.9877094, 'fipsCode': '13215'}"
256889,5155026,HighSchool,2023,,Phoenix Grant,Sherman,Yale,QB,73.0,185.0,,,Sherman,TX,USA,"{'latitude': 33.6398609, 'longitude': -96.6089146, 'fipsCode': '48181'}"
256888,5155033,HighSchool,2023,,Spencer Mermans,Charlotte Country Day,Yale,TE,77.0,246.0,,,Charlotte,NC,USA,"{'latitude': 35.2272, 'longitude': -80.843083, 'fipsCode': '37119'}"
257045,5079055,HighSchool,2023,,Derrick Barksdale,South Pointe,James Madison,CB,70.0,175.0,,,Rock Hill,SC,USA,"{'latitude': 34.9248667, 'longitude': -81.0250784, 'fipsCode': '45091'}"
257011,5154886,HighSchool,2023,,Cyrus Traugh,Parkersburg South,Youngstown State,WR,71.0,,,,Parkersburg,WV,USA,"{'latitude': 39.2699565, 'longitude': -81.5506916, 'fipsCode': '54107'}"
256580,5125905,HighSchool,2023,,Corri Milliner,Benjamin Russell,UAB,WR,74.0,170.0,,,Alexander City,AL,USA,"{'latitude': 32.944012, 'longitude': -85.9538532, 'fipsCode': '01123'}"
256726,5153604,HighSchool,2023,,Owen Wiley,Avon Lake,Akron,K,71.0,165.0,,,Avon Lake,OH,USA,"{'latitude': 41.510033, 'longitude': -82.0185895, 'fipsCode': '39093'}"
256892,5152414,HighSchool,2023,,Beau Sparks,El Paso Franklin,Utah Tech,WR,72.0,170.0,,,El Paso,TX,USA,"{'latitude': 31.7754152, 'longitude': -106.4646348, 'fipsCode': '48141'}"
256734,5157277,HighSchool,2023,,Farradj Titikpina,Duesseldorf Panther - U 19 A,Coastal Carolina,DL,75.0,280.0,,,Germany,,DEU,"{'latitude': None, 'longitude': None, 'fipsCode': None}"
256735,5157264,HighSchool,2023,,Luke Sather,Wharton,Coastal Carolina,QB,76.0,190.0,,,Tampa,FL,USA,"{'latitude': 27.9477595, 'longitude': -82.458444, 'fipsCode': '12057'}"
256736,5157268,HighSchool,2023,,Darren Lloyd,West Florence,Coastal Carolina,RB,66.0,170.0,,,Florence,SC,USA,"{'latitude': 34.1984435, 'longitude': -79.7671658, 'fipsCode': '45041'}"
256561,4870997,HighSchool,2023,,Daylon Sibley,Lake Charles College Prep,Louisiana,LB,72.0,215.0,,,Lake Charles,LA,USA,"{'latitude': 30.2265949, 'longitude': -93.2173759, 'fipsCode': '22019'}"
256587,5156937,HighSchool,2023,,Noah Flores,Alta,Utah State,CB,69.0,175.0,,,Sandy,UT,USA,"{'latitude': 40.5664878, 'longitude': -111.838904, 'fipsCode': '49035'}"
256504,5150706,HighSchool,2023,,Kyle Konrardy,Dubuque Senior,Iowa State,K,73.0,200.0,,,Dubuque,IA,USA,"{'latitude': 42.5006217, 'longitude': -90.6647967, 'fipsCode': '19061'}"
256798,5157006,HighSchool,2023,,Eli Ozick,Liberty North,North Dakota State,K,71.0,195.0,,,Liberty,MO,USA,"{'latitude': 39.246479, 'longitude': -94.419079, 'fipsCode': '29047'}"
257133,5163560,HighSchool,2023,,Jeffson Lafontant,North Miami Beach,Bethune-Cookman,DL,75.0,290.0,,,Miami,FL,USA,"{'latitude': 25.7742658, 'longitude': -80.1936589, 'fipsCode': '12086'}"
256535,5080403,HighSchool,2023,,Jaylen Raynor,East Forsyth,Arkansas State,QB,73.0,180.0,,,Kernersville,NC,USA,"{'latitude': 36.1198589, 'longitude': -80.0736533, 'fipsCode': '37067'}"
256577,5125761,HighSchool,2023,,Mason Chorak,Saguaro,UAB,IOL,77.0,240.0,,,Scottsdale,AZ,USA,"{'latitude': 33.4942189, 'longitude': -111.9260184, 'fipsCode': '04013'}"
256531,5160456,HighSchool,2023,,Will Karoll,ProKick Australia,Tulane,P,76.0,200.0,,,Australia,,AUS,"{'latitude': None, 'longitude': None, 'fipsCode': None}"
256652,5159142,HighSchool,2023,,Zach Haber,Durango,New Mexico State,LS,70.0,226.0,,,Durango,CO,USA,"{'latitude': 37.2713951, 'longitude': -107.8815978, 'fipsCode': '08067'}"
256656,5159149,HighSchool,2023,,Angel Munoz,Riverside,New Mexico State,ATH,71.0,175.0,,,El Paso,TX,USA,"{'latitude': 31.7754152, 'longitude': -106.4646348, 'fipsCode': '48141'}"
256491,5159501,HighSchool,2023,,Noah Bustard,Elkhorn South,Nebraska,LB,73.0,225.0,,,Omaha,NE,USA,"{'latitude': 41.2587459, 'longitude': -95.9383758, 'fipsCode': '31055'}"
256575,5121934,HighSchool,2023,,Jaylyn Ferguson,Southwest,UAB,WR,75.0,160.0,,,Fort Worth,TX,USA,"{'latitude': 32.753177, 'longitude': -97.3327459, 'fipsCode': '48439'}"
256786,5078815,HighSchool,2023,,TaShawn Jeter,Reynolds,Marshall,CB,73.0,175.0,,,Winston Salem,NC,USA,"{'latitude': 36.0998131, 'longitude': -80.2440518, 'fipsCode': '37067'}"
256703,5122091,HighSchool,2023,,Zion Frink,Wake Forest,Old Dominion,S,72.0,170.0,,,Wake Forest,NC,USA,"{'latitude': 35.9803138, 'longitude': -78.5103731, 'fipsCode': '37183'}"
256508,5159830,HighSchool,2023,,Jamaal Young,Marcos De Niza,Arizona State,WR,69.0,180.0,,,Tempe,AZ,USA,"{'latitude': 33.4255056, 'longitude': -111.9400125, 'fipsCode': '04013'}"
256572,5160064,HighSchool,2023,,Mitchell Dietzel,Catholic Central,Eastern Michigan,LS,76.0,230.0,,,Burlington,WI,USA,"{'latitude': 42.6780758, 'longitude': -88.27619, 'fipsCode': '55101'}"
256956,5077803,HighSchool,2023,,Jackson Harper,Avon Old Farms,UConn,WR,74.0,195.0,,,Avon,CT,USA,"{'latitude': 41.8098209, 'longitude': -72.8306541, 'fipsCode': '09003'}"
256540,5160146,HighSchool,2023,,Ranod Smith,Lehigh Senior,South Florida,ATH,69.0,155.0,,,Lehigh Acres,FL,USA,"{'latitude': 26.6091509, 'longitude': -81.652407, 'fipsCode': '12071'}"
256623,5160104,HighSchool,2023,,Blake Fann,Frisco Lone Star,North Texas,LB,73.0,230.0,,,Frisco,TX,USA,"{'latitude': 33.1506744, 'longitude': -96.8236116, 'fipsCode': '48085'}"
256518,5160096,HighSchool,2023,,Mark Shenouda,Mt. Juliet,Memphis,P,74.0,199.0,,,Mt. Juliet,TN,USA,"{'latitude': 36.200055, 'longitude': -86.5186054, 'fipsCode': '47189'}"
256583,5151664,HighSchool,2023,,Kyle McKinney,Hillgrove,UAB,S,71.0,195.0,,,Powder Springs,GA,USA,"{'latitude': 33.8595492, 'longitude': -84.683824, 'fipsCode': '13067'}"
256594,5092692,HighSchool,2023,,Billy Gilmore,Alma Bryant,Troy,IOL,75.0,285.0,,,Irvington,AL,USA,"{'latitude': 30.5068623, 'longitude': -88.2338925, 'fipsCode': '01097'}"
256697,5125798,HighSchool,2023,,DeAndre Lynch,Rocky Mount,Old Dominion,DL,75.0,294.0,,,Rocky Mount,NC,USA,"{'latitude': 35.9423833, 'longitude': -77.7956949, 'fipsCode': '37127'}"
257092,5160687,HighSchool,2023,,Jaxson Davis,DeSoto,Mississippi Valley State,TE,77.0,210.0,,,Desoto,TX,USA,"{'latitude': 32.6061241, 'longitude': -96.865612653687, 'fipsCode': '48113'}"
256965,5092693,HighSchool,2023,,Toluwanimi Tunde,Royal Imperial Collegiate,UConn,OT,77.0,268.0,,,St. Catharines,ON,CAN,"{'latitude': None, 'longitude': None, 'fipsCode': None}"
256515,5160752,HighSchool,2023,,Colin O'Sullivan,Upper Dublin,Rutgers,QB,71.0,170.0,,,Fort Washington,PA,USA,"{'latitude': 40.1399717, 'longitude': -75.210095, 'fipsCode': '42091'}"
256962,5092568,HighSchool,2023,,Chris Hudson,St. Thomas More (Prep),UConn,CB,72.0,170.0,,,Oakdale,CT,USA,"{'latitude': 41.4662093, 'longitude': -72.1573008, 'fipsCode': '09011'}"
256963,5121898,HighSchool,2023,,Nader Chirchi,Edison,UConn,TE,79.0,250.0,,,Alexandria,VA,USA,"{'latitude': 38.8051095, 'longitude': -77.0470229, 'fipsCode': '51510'}"
256964,5121899,HighSchool,2023,,Oumar Diomande,John F. Kennedy,UConn,LB,72.0,210.0,,,Bronx,NY,USA,"{'latitude': 40.85048545, 'longitude': -73.84040355802088, 'fipsCode': '36005'}"
256779,5085002,HighSchool,2023,,Evan Cooke,Seneca Valley,Kent State,OT,78.0,280.0,,,Germantown,MD,USA,"{'latitude': 39.1731621, 'longitude': -77.2716502, 'fipsCode': '24031'}"
257051,5092252,HighSchool,2023,,Jack Mowrey,Ardrey Kell,James Madison,LS,75.0,240.0,,,Charlotte,NC,USA,"{'latitude': 35.2272, 'longitude': -80.843083, 'fipsCode': '37119'}"
256501,5161643,HighSchool,2023,,Jackson Sigler,Mountain View,Virginia Tech,QB,73.0,180.0,,,Stafford,VA,USA,"{'latitude': 38.4222681, 'longitude': -77.4084067, 'fipsCode': '51179'}"
256500,5161651,HighSchool,2023,,Jordan Tapscott,Kettle Run,Virginia Tech,WR,73.0,170.0,,,Nokesville,VA,USA,"{'latitude': 38.6984987, 'longitude': -77.5800445, 'fipsCode': '51153'}"
256511,5161771,HighSchool,2023,,Tyler Cain,Naval Academy Prep,West Virginia,LB,74.0,215.0,,,Newport,RI,USA,"{'latitude': 41.4899827, 'longitude': -71.3137707, 'fipsCode': '44005'}"
256567,5162847,HighSchool,2023,,Nick Reed,Harrison,Buffalo,K,67.0,175.0,,,Harrison,NY,USA,"{'latitude': 40.9689871, 'longitude': -73.71263, 'fipsCode': '36119'}"
256650,5162695,HighSchool,2023,,Caleb Vogel,Flower Mound,Ball State,DL,76.0,235.0,,,Flower Mound,TX,USA,"{'latitude': 33.0283854, 'longitude': -97.0867203, 'fipsCode': '48121'}"
256789,5163074,HighSchool,2023,,Mathis Haygood,Sandy Creek,Marshall,LB,75.0,210.0,,,Tyrone,GA,USA,"{'latitude': 33.4713249, 'longitude': -84.5972005, 'fipsCode': '13113'}"
257075,5163008,HighSchool,2023,,DeMichael Porter,DeSoto,Texas Southern,WR,72.0,170.0,,,Desoto,TX,USA,"{'latitude': 32.6061241, 'longitude': -96.865612653687, 'fipsCode': '48113'}"
256793,5163088,HighSchool,2023,,Nathan Totten,Russell,Marshall,P,73.0,230.0,,,Russell,KY,USA,"{'latitude': 38.5173028, 'longitude': -82.6976631, 'fipsCode': '21089'}"
256474,5092221,HighSchool,2023,,Badger Hargett,Ascension Episcopal,LSU,P,69.0,185.0,,,Lafayette,LA,USA,"{'latitude': 30.2240897, 'longitude': -92.0198427, 'fipsCode': '22055'}"
256588,5089319,HighSchool,2023,,Reggie Foster,American Heritage,Utah State,RB,71.0,200.0,,,Plantation,FL,USA,"{'latitude': 26.1265258, 'longitude': -80.25786123765101, 'fipsCode': '12011'}"
256787,5163078,HighSchool,2023,,Ian Foster,Pike County,Marshall,CB,71.0,175.0,,,Brundidge,AL,USA,"{'latitude': 31.7201615, 'longitude': -85.8160567, 'fipsCode': '01109'}"
256568,5091893,HighSchool,2023,,Henry Tabansi,Moore Catholic,Buffalo,OT,77.0,288.0,,,Staten Island,NY,USA,"{'latitude': 40.564209, 'longitude': -74.12530461995391, 'fipsCode': '36085'}"
256711,5163022,HighSchool,2023,,Ezra Sexton,St. Michael Catholic,New Mexico,WR,71.0,181.0,,,Fairhope,AL,USA,"{'latitude': 30.507956, 'longitude': -87.89742922432941, 'fipsCode': '01003'}"
256710,5163021,HighSchool,2023,,Jake Godfrey,Spanish Fort,New Mexico,WR,69.0,175.0,,,Spanish Fort,AL,USA,"{'latitude': 30.6749127, 'longitude': -87.9152724, 'fipsCode': '01003'}"
257084,5166220,HighSchool,2023,,Orion Phillips,Australia,Murray State,P,72.0,180.0,,,Australia,,AUS,"{'latitude': None, 'longitude': None, 'fipsCode': None}"
257027,5166159,HighSchool,2023,,Elijah Fields,North Shore,Stephen F. Austin,DL,72.0,260.0,,,Houston,TX,USA,"{'latitude': 29.7589382, 'longitude': -95.3676974, 'fipsCode': '48201'}"
257025,5166148,HighSchool,2023,,Gerald Lacy Jr.,Lancaster,Stephen F. Austin,S,71.0,170.0,,,Lancaster,TX,USA,"{'latitude': 32.5920798, 'longitude': -96.7561083, 'fipsCode': '48113'}"
257119,5166035,HighSchool,2023,,Zy'Terrio Lee,Mays,Alabama State,OT,75.0,310.0,,,Atlanta,GA,USA,"{'latitude': 33.7490987, 'longitude': -84.3901849, 'fipsCode': '13121'}"
256808,4870791,HighSchool,2023,,Lynard Harris,Destrehan,UL Monroe,CB,71.0,180.0,,,Destrehan,LA,USA,"{'latitude': 29.960933, 'longitude': -90.3705407077716, 'fipsCode': '22089'}"
257031,5169046,HighSchool,2023,,Jacob Hand,Mansfield,Stephen F. Austin,K,71.0,170.0,,,Mansfield,TX,USA,"{'latitude': 32.5631924, 'longitude': -97.1416768, 'fipsCode': '48439'}"
257039,5168770,HighSchool,2023,,Carver Cheeks,Mesa Ridge,Northern Colorado,WR,74.0,171.0,,,Colorado Springs,CO,USA,"{'latitude': 38.8339578, 'longitude': -104.8253485, 'fipsCode': '08041'}"
256959,5077285,HighSchool,2023,,Toriyan Johnson,Proctor Academy,UConn,OT,80.0,320.0,,,Andover,NH,USA,"{'latitude': 43.4366616, 'longitude': -71.8197481, 'fipsCode': '33013'}"
257134,5163541,HighSchool,2023,,Max Tulen,ProKick Australia,Bethune-Cookman,P,75.0,185.0,,,Australia,,AUS,"{'latitude': None, 'longitude': None, 'fipsCode': None}"
257040,5168788,HighSchool,2023,,Brayden Munroe,Chaparral,Northern Colorado,WR,74.0,190.0,,,Parker,CO,USA,"{'latitude': 39.5184514, 'longitude': -104.7612638, 'fipsCode': '08035'}"
257120,5168859,HighSchool,2023,,Harrison Tuck,Australia,Alabama State,P,73.0,237.0,,,Australia,,AUS,"{'latitude': None, 'longitude': None, 'fipsCode': None}"
256886,5168833,HighSchool,2023,,Jacob Trimble,Fort Worth Christian,Montana State,WR,70.5,180.0,,,North Richland Hills,TX,USA,"{'latitude': 32.8342952, 'longitude': -97.2289029, 'fipsCode': '48439'}"
256845,5101120,HighSchool,2023,,Kameron Howard,St. Frances Academy,Charlotte,S,72.0,190.0,,,Baltimore,MD,USA,"{'latitude': 39.2908816, 'longitude': -76.610759, 'fipsCode': '24510'}"
256791,5172403,HighSchool,2023,,Alec Clark,Australia,Marshall,P,73.0,184.0,,,Australia,,AUS,"{'latitude': None, 'longitude': None, 'fipsCode': None}"
256728,5157271,HighSchool,2023,,Javon Gillespie,Ridge View,Coastal Carolina,CB,72.0,170.0,,,Columbia,SC,USA,"{'latitude': 34.0007493, 'longitude': -81.0343313, 'fipsCode': '45079'}"
256688,5092238,HighSchool,2023,,Chris D'Appolonia,Seneca Valley,Toledo,LB,75.0,225.0,,,Harmony,PA,USA,"{'latitude': 40.8027772, 'longitude': -80.1280528, 'fipsCode': '42019'}"
256840,5122007,HighSchool,2023,,Micah Sumpter,Knightdale,Charlotte,OT,77.0,275.0,,,Knightdale,NC,USA,"{'latitude': 35.7878975, 'longitude': -78.4822938, 'fipsCode': '37183'}"
256729,5121715,HighSchool,2023,,Spencer Kishbaugh,Berwick Area,Coastal Carolina,LB,75.0,210.0,,,Berwick,PA,USA,"{'latitude': 41.0602024, 'longitude': -76.2461259, 'fipsCode': '42037'}"
257056,5121744,HighSchool,2023,,Collin Carroll,Mountain View,James Madison,TE,74.5,234.0,,,Stafford,VA,USA,"{'latitude': 38.4222681, 'longitude': -77.4084067, 'fipsCode': '51179'}"
256829,5159158,HighSchool,2023,,Rashad Henry,St. Thomas Aquinas,Massachusetts,LB,74.0,225.0,,,Fort Lauderdale,FL,USA,"{'latitude': 26.1223084, 'longitude': -80.1433786, 'fipsCode': '12011'}"
256904,5121707,HighSchool,2023,,Jarvis Hayes,Ware County,Western Kentucky,WR,73.0,175.0,,,Waycross,GA,USA,"{'latitude': 31.2135511, 'longitude': -82.3540178, 'fipsCode': '13299'}"
256806,5121747,HighSchool,2023,,Immanuel Hawkins,Trinity,UL Monroe,DL,75.0,240.0,,,Euless,TX,USA,"{'latitude': 32.8457865, 'longitude': -97.0667142473263, 'fipsCode': '48439'}"
256615,5150342,HighSchool,2023,,Drew Prieto,Marist School,Army,LS,72.0,220.0,,,Atlanta,GA,USA,"{'latitude': 33.7490987, 'longitude': -84.3901849, 'fipsCode': '13121'}"
256598,5121756,HighSchool,2023,,Ty'Quarius Perry,Jackson-Olin,Troy,DL,75.0,275.0,,,Birmingham,AL,USA,"{'latitude': 33.5206824, 'longitude': -86.8024326, 'fipsCode': '01073'}"
256539,5121879,HighSchool,2023,,Keshaun Singleton,Meadowcreek,South Florida,WR,75.0,190.0,,,Norcross,GA,USA,"{'latitude': 33.9412127, 'longitude': -84.2135309, 'fipsCode': '13135'}"
256525,5122042,HighSchool,2023,,Dylan Phelps,Spring Valley,Colorado State,CB,74.0,185.0,,,Las Vegas,NV,USA,"{'latitude': 36.1672559, 'longitude': -115.1485163, 'fipsCode': '32003'}"
257143,5152634,HighSchool,2023,,Zeraun Daniel,Poly Prep,Georgetown,S,73.0,185.0,,,Brooklyn,NY,USA,"{'latitude': 40.6501038, 'longitude': -73.9495823, 'fipsCode': '36047'}"
256547,5121994,HighSchool,2023,,Melvin Siani,Wyoming Seminary Prep,Temple,OT,78.0,275.0,,,Kingston,PA,USA,"{'latitude': 41.2617481, 'longitude': -75.8968635, 'fipsCode': '42079'}"
256844,5121998,HighSchool,2023,,Lacota Dippre,Lakeland,Charlotte,TE,75.0,230.0,,,Jermyn,PA,USA,"{'latitude': 41.5309147, 'longitude': -75.5454634, 'fipsCode': '42069'}"
256765,5121721,HighSchool,2023,,Jekail Middlebrook,Langston Hughes,Middle Tennessee,ATH,70.0,180.0,,,Fairburn,GA,USA,"{'latitude': 33.5670562, 'longitude': -84.5810418, 'fipsCode': '13121'}"
256631,5122043,HighSchool,2023,,Jaylen Poe,North Paulding,Northern Illinois,RB,70.0,212.0,,,Dallas,GA,USA,"{'latitude': 33.9237141, 'longitude': -84.8407732, 'fipsCode': '13223'}"
257043,5121754,HighSchool,2023,,Mychal McMullin,Phoebus,James Madison,DL,74.0,285.0,,,Hampton,VA,USA,"{'latitude': 37.0520315, 'longitude': -76.2856365, 'fipsCode': '51650'}"
256550,5121722,HighSchool,2023,,Jordan Montgomery,Roman Catholic,Temple,LB,74.0,220.0,,,Philadelphia,PA,USA,"{'latitude': 39.9527237, 'longitude': -75.1635262, 'fipsCode': '42101'}"
256475,5121892,HighSchool,2023,,Dylan Joyce,Australia,Miami,P,74.0,213.0,,,Australia,,AUS,"{'latitude': None, 'longitude': None, 'fipsCode': None}"
256810,5121759,HighSchool,2023,,La'Garrius Sims,Mobile Christian,UL Monroe,LB,76.0,211.0,,,Mobile,AL,USA,"{'latitude': 30.6943566, 'longitude': -88.0430541, 'fipsCode': '01097'}"
256763,5122064,HighSchool,2023,,Matthew Greene,Arapahoe,UNLV,IOL,77.0,270.0,,,Littleton,CO,USA,"{'latitude': 39.613321, 'longitude': -105.0166498, 'fipsCode': '08005'}"
256541,5125850,HighSchool,2023,,Tyree Kelly,Cairo,South Florida,WR,75.0,195.0,,,Cairo,GA,USA,"{'latitude': 30.8774063, 'longitude': -84.2013936, 'fipsCode': '13131'}"
256624,5121787,HighSchool,2023,,Eddie Osei-Nketia,Scots College,Hawai'i,WR,77.0,210.0,,,Sydney,SW,AUS,"{'latitude': None, 'longitude': None, 'fipsCode': None}"
257041,5092420,HighSchool,2023,,Riley Robell,Bishop McDevitt,James Madison,DL,75.0,280.0,,,Harrisburg,PA,USA,"{'latitude': 40.2663107, 'longitude': -76.8861122, 'fipsCode': '42043'}"
256592,5122109,HighSchool,2023,,Colton Walls,Stanhope Elmore,Troy,ATH,75.0,225.0,,,Millbrook,AL,USA,"{'latitude': 32.4798575, 'longitude': -86.3619163, 'fipsCode': '01051'}"
257017,5155532,HighSchool,2023,,Sawyer Seidl,Hill-Murray,North Dakota,RB,70.0,165.0,,,Maplewood,MN,USA,"{'latitude': 44.9533351, 'longitude': -92.9953373, 'fipsCode': '27123'}"
256560,5122090,HighSchool,2023,,Zavion Coleman,Picayune Memorial,Louisiana,DL,75.0,285.0,,,Picayune,MS,USA,"{'latitude': 30.5254692, 'longitude': -89.6795084, 'fipsCode': '28109'}"
256712,5122054,HighSchool,2023,,Aidan Armenta,La Cueva,New Mexico,QB,75.0,190.0,,,Albuquerque,NM,USA,"{'latitude': 35.0841034, 'longitude': -106.6509851, 'fipsCode': '35001'}"
256940,,HighSchool,2023,,Jehchys Brown,Centralia,Southeast Missouri State,DL,74.0,290.0,,,Centralia,IL,USA,"{'latitude': 38.5250491, 'longitude': -89.1334037, 'fipsCode': '17121'}"
256941,,HighSchool,2023,,Donnie Cheers,Marion,Southeast Missouri State,WR,73.0,180.0,,,Marion,AR,USA,"{'latitude': 35.2145337, 'longitude': -90.1964836, 'fipsCode': '05035'}"
256942,,HighSchool,2023,,Farand Washington,St. Mary's,Southeast Missouri State,WR,72.0,165.0,,,St. Louis,MO,USA,"{'latitude': 38.6268039, 'longitude': -90.1994097, 'fipsCode': '29510'}"
256943,,HighSchool,2023,,Jamarcus Smith,American Heritage,Illinois State,LB,72.0,230.0,,,Plantation,FL,USA,"{'latitude': 26.1265258, 'longitude': -80.25786123765101, 'fipsCode': '12011'}"
256944,,HighSchool,2023,,Joshua Ficklin,Bentonville,Illinois State,RB,70.0,195.0,,,Bentonville,AR,USA,"{'latitude': 36.3728538, 'longitude': -94.2088172, 'fipsCode': '05007'}"
256945,,HighSchool,2023,,Paul Omodia,Fort Bend Bush,Illinois State,S,74.0,185.0,,,Richmond,TX,USA,"{'latitude': 29.5821811, 'longitude': -95.7607832, 'fipsCode': '48157'}"
256946,,HighSchool,2023,,Patrick Bauer,St. Viator,Illinois State,LB,75.0,235.0,,,Arlington Heights,IL,USA,"{'latitude': 42.0811563, 'longitude': -87.9802164, 'fipsCode': '17031'}"
256947,,HighSchool,2023,,Toby Bolton,Cedar Shoals,Tennessee Tech,CB,70.0,170.0,,,Athens,GA,USA,"{'latitude': 33.9597677, 'longitude': -83.376398, 'fipsCode': '13059'}"
256948,,HighSchool,2023,,Jeremiah Sandiford,Falcon,Tennessee Tech,DL,74.0,260.0,,,Peyton,CO,USA,"{'latitude': 39.0288809, 'longitude': -104.4830238, 'fipsCode': '08041'}"
256950,,HighSchool,2023,,Myles Parker,Brookwood,Tennessee Tech,DL,71.0,344.0,,,Snellville,GA,USA,"{'latitude': 33.857328, 'longitude': -84.0199108, 'fipsCode': '13135'}"
256967,,HighSchool,2023,,Jason Patterson,Roman Catholic,Duquesne,EDGE,75.0,228.0,,,Philadelphia,PA,USA,"{'latitude': 39.9527237, 'longitude': -75.1635262, 'fipsCode': '42101'}"
256968,,HighSchool,2023,,Luke LoPresti,Robinson Secondary,Duquesne,QB,72.0,205.0,,,Fairfax,VA,USA,"{'latitude': 38.8462236, 'longitude': -77.3063733, 'fipsCode': '51600'}"
256969,,HighSchool,2023,,Jack Dunkley,Neshaminy,Duquesne,EDGE,76.0,230.0,,,Langhorne,PA,USA,"{'latitude': 40.1745538, 'longitude': -74.9226665, 'fipsCode': '42017'}"
256970,,HighSchool,2023,,DJ Cerisier,Upper Dublin,Duquesne,CB,72.0,180.0,,,Fort Washington,PA,USA,"{'latitude': 40.1399717, 'longitude': -75.210095, 'fipsCode': '42091'}"
256973,,HighSchool,2023,,Daniel Tarabrella,Penn Trafford,Duquesne,LB,74.0,215.0,,,Harrison City,PA,USA,"{'latitude': 40.3542355, 'longitude': -79.6483764, 'fipsCode': '42129'}"
256975,,HighSchool,2023,,Anwar O'neal,Middletown,Delaware,OT,76.0,250.0,,,Middletown,DE,USA,"{'latitude': 39.4496857, 'longitude': -75.7166811, 'fipsCode': '10003'}"
256976,,HighSchool,2023,,Anthony Caccese,Exeter Township,Delaware,IOL,78.0,280.0,,,Reading,PA,USA,"{'latitude': 40.335345, 'longitude': -75.9279495, 'fipsCode': '42011'}"
256981,,HighSchool,2023,,Todd Williams,Wakulla,Delaware,DL,75.0,240.0,,,Crawfordville,FL,USA,"{'latitude': 30.1760358, 'longitude': -84.3751778, 'fipsCode': '12129'}"
256982,,HighSchool,2023,,Jacek Blaszynski,Lemont,Indiana State,IOL,75.0,285.0,,,Lemont,IL,USA,"{'latitude': 41.6737149, 'longitude': -88.0016263, 'fipsCode': '17031'}"
256983,,HighSchool,2023,,Brandon Amaniampong,Downers Grove South,Indiana State,TE,77.0,200.0,,,Downers Grove,IL,USA,"{'latitude': 41.7938195, 'longitude': -88.010376, 'fipsCode': '17043'}"
256984,,HighSchool,2023,,Grady Stanley,Fishers,Indiana State,LB,74.0,205.0,,,Fishers,IN,USA,"{'latitude': 39.9555928, 'longitude': -86.0138729, 'fipsCode': '18057'}"
256985,,HighSchool,2023,,Angelo St. Louis,Evansville North,Indiana State,RB,72.0,180.0,,,Evansville,IN,USA,"{'latitude': 37.9747645, 'longitude': -87.5558483, 'fipsCode': '18163'}"
256988,,HighSchool,2023,,Carter Schmidt,Kearney,Indiana State,IOL,78.0,250.0,,,Kearney,MO,USA,"{'latitude': 40.699478, 'longitude': -99.081858, 'fipsCode': '31019'}"
256989,,HighSchool,2023,,Grant Shelton,Fishers,Indiana State,CB,75.0,185.0,,,Fishers,IN,USA,"{'latitude': 39.9555928, 'longitude': -86.0138729, 'fipsCode': '18057'}"
256990,,HighSchool,2023,,Zach Simpson,West Lauderdale,Indiana State,OT,77.0,295.0,,,Collinsville,MS,USA,"{'latitude': 32.4979183, 'longitude': -88.8458832, 'fipsCode': '28075'}"
256991,,HighSchool,2023,,Jorge Valdes,Carroll,Indiana State,S,71.0,185.0,,,Fort Wayne,IN,USA,"{'latitude': 41.0799898, 'longitude': -85.1386015, 'fipsCode': '18003'}"
256993,,HighSchool,2023,,Josiah Chenault,Sanford,Howard,IOL,75.0,290.0,,,Sanford,FL,USA,"{'latitude': 28.8117297, 'longitude': -81.2680345, 'fipsCode': '12117'}"
256994,,HighSchool,2023,,Ishaun Abdul Ali,Mallard Creek,Howard,EDGE,75.0,225.0,,,Charlotte,NC,USA,"{'latitude': 35.2272, 'longitude': -80.843083, 'fipsCode': '37119'}"
256996,,HighSchool,2023,,Maddox Marcellus,Pembroke Pines Charter,Eastern Kentucky,LB,74.0,190.0,,,Fort Lauderdale,FL,USA,"{'latitude': 26.1223084, 'longitude': -80.1433786, 'fipsCode': '12011'}"
256998,,HighSchool,2023,,Landon Smith,Hazard,Eastern Kentucky,ATH,76.0,205.0,,,Hazard,KY,USA,"{'latitude': 37.24954, 'longitude': -83.1932284, 'fipsCode': '21193'}"
257012,,HighSchool,2023,,Wyatt Minor,Robert C. Byrd,Youngstown State,OT,78.0,290.0,,,Clarksburg,WV,USA,"{'latitude': 39.2806451, 'longitude': -80.3445341, 'fipsCode': '54033'}"
257013,,HighSchool,2023,,Sebastian Espinoza,Bullitt East,Youngstown State,OT,78.0,280.0,,,Mount Washington,KY,USA,"{'latitude': 38.0500627, 'longitude': -85.5457877, 'fipsCode': '21029'}"
257014,,HighSchool,2023,,Dallas Harper,Gateway,Youngstown State,S,73.0,190.0,,,Monroeville,PA,USA,"{'latitude': 40.4211798, 'longitude': -79.7881025, 'fipsCode': '42003'}"
257015,,HighSchool,2023,,Maximus Lockett,Springfield Central,Youngstown State,ATH,79.0,235.0,,,Springfield,MA,USA,"{'latitude': 42.1014831, 'longitude': -72.589811, 'fipsCode': '25013'}"
257016,,HighSchool,2023,,Dashawn Carter,South Allegheny,Youngstown State,EDGE,75.0,220.0,,,Mckeesport,PA,USA,"{'latitude': 40.3478472, 'longitude': -79.864215, 'fipsCode': '42003'}"
257018,,HighSchool,2023,,Tyler Erkman,Lake Zurich,North Dakota,WR,73.0,180.0,,,Lake Zurich,IL,USA,"{'latitude': 42.1969689, 'longitude': -88.0934108, 'fipsCode': '17097'}"
257019,,HighSchool,2023,,Braden Mohr,Farmington,North Dakota,DL,75.0,240.0,,,Farmington,MN,USA,"{'latitude': 44.6402434, 'longitude': -93.1435497, 'fipsCode': '27037'}"
257020,,HighSchool,2023,,Tre Guerra,Keller,Central Arkansas,QB,74.0,185.0,,,Keller,TX,USA,"{'latitude': 32.9299655, 'longitude': -97.2271249, 'fipsCode': '48439'}"
257022,,HighSchool,2023,,Torik Aigbedion,Katy,Central Arkansas,CB,72.0,170.0,,,Katy,TX,USA,"{'latitude': 29.7857853, 'longitude': -95.8243956, 'fipsCode': '48157'}"
257023,,HighSchool,2023,,Miguel Graham,Bryant,Central Arkansas,S,73.0,170.0,,,Bryant,AR,USA,"{'latitude': 34.5959265, 'longitude': -92.4890469, 'fipsCode': '05125'}"
257024,,HighSchool,2023,,Cedric Harden Jr.,DeSoto,Central Arkansas,ATH,74.0,185.0,,,Desoto,TX,USA,"{'latitude': 32.6061241, 'longitude': -96.865612653687, 'fipsCode': '48113'}"
257026,,HighSchool,2023,,Broderick Johnson,Katy,Stephen F. Austin,EDGE,75.0,230.0,,,Katy,TX,USA,"{'latitude': 29.7857853, 'longitude': -95.8243956, 'fipsCode': '48157'}"
257028,,HighSchool,2023,,Jaymon Lamb,Rowlett,Stephen F. Austin,OT,76.0,250.0,,,Rowlett,TX,USA,"{'latitude': 32.9029017, 'longitude': -96.56388, 'fipsCode': '48113'}"
257029,,HighSchool,2023,,Chimdia Nwaiwu,Coppell,Stephen F. Austin,OT,77.0,296.0,,,Coppell,TX,USA,"{'latitude': 32.9552598, 'longitude': -97.0155703, 'fipsCode': '48113'}"
257030,,HighSchool,2023,,Tug Sanford,Allen,Stephen F. Austin,LS,72.0,194.0,,,Allen,TX,USA,"{'latitude': 33.1031744, 'longitude': -96.6705503, 'fipsCode': '48085'}"
257033,,HighSchool,2023,,Tyler Hutcherson,Aldine Eisenhower,Stephen F. Austin,CB,70.0,150.0,,,Houston,TX,USA,"{'latitude': 29.7589382, 'longitude': -95.3676974, 'fipsCode': '48201'}"
257034,,HighSchool,2023,,Santana Wilson,Fort Bend Hightower,Stephen F. Austin,CB,70.0,170.0,,,Missouri City,TX,USA,"{'latitude': 29.6185669, 'longitude': -95.5377215, 'fipsCode': '48157'}"
257035,,HighSchool,2023,,Elias Dejean,C.E. King,Stephen F. Austin,WR,73.0,180.0,,,Houston,TX,USA,"{'latitude': 29.7589382, 'longitude': -95.3676974, 'fipsCode': '48201'}"
257036,,HighSchool,2023,,Gavin Rutherford,Katy Cinco Ranch,Stephen F. Austin,QB,73.0,190.0,,,Katy,TX,USA,"{'latitude': 29.7857853, 'longitude': -95.8243956, 'fipsCode': '48157'}"
257057,,HighSchool,2023,,Keoni Perkins,South Grand Prairie,Dartmouth,DL,74.0,230.0,,,Grand Prairie,TX,USA,"{'latitude': 32.657368000000005, 'longitude': -97.02846624175038, 'fipsCode': '48113'}"
257058,,HighSchool,2023,,Kaden Brown,Midlothian Heritage,South Dakota State,QB,74.0,175.0,,,Midlothian,TX,USA,"{'latitude': 32.482361, 'longitude': -96.9944489, 'fipsCode': '48139'}"
257061,,HighSchool,2023,,Davin Stoffel,Mosinee,South Dakota State,TE,78.0,250.0,,,Mosinee,WI,USA,"{'latitude': None, 'longitude': None, 'fipsCode': None}"
257062,,HighSchool,2023,,Ashton Nawrocki,York,Butler,EDGE,74.0,235.0,,,Elmhurst,IL,USA,"{'latitude': 41.8994745, 'longitude': -87.9403418, 'fipsCode': '17043'}"
257064,,HighSchool,2023,,Keshawn Harrington-McKinney,Harlem,Western Illinois,IOL,74.0,300.0,,,Machesney Park,IL,USA,"{'latitude': 42.3472406, 'longitude': -89.0389956, 'fipsCode': '17201'}"
257065,,HighSchool,2023,,Oshobi Odior,Oswego East,Western Illinois,DL,73.0,246.0,,,Oswego,IL,USA,"{'latitude': 41.6789932, 'longitude': -88.3550216, 'fipsCode': '17093'}"
257066,,HighSchool,2023,,Willard Ferrell,Miami Killian,Presbyterian,CB,74.0,165.0,,,Miami,FL,USA,"{'latitude': 25.7742658, 'longitude': -80.1936589, 'fipsCode': '12086'}"
257067,,HighSchool,2023,,Nic DiSanto,Gabriel Richard,Eastern Illinois,IOL,77.0,310.0,,,Wyandotte,MI,USA,"{'latitude': 42.2006617, 'longitude': -83.1510164, 'fipsCode': '26163'}"
257069,,HighSchool,2023,,Pat Darelus,Deerfield Beach,Eastern Illinois,CB,72.0,160.0,,,Deerfield Beach,FL,USA,"{'latitude': 26.318342, 'longitude': -80.0996306, 'fipsCode': '12011'}"
257070,,HighSchool,2023,,Jacob Russell,Glen Ridge,Valparaiso,IOL,75.0,270.0,,,Glen Ridge,NJ,USA,"{'latitude': None, 'longitude': None, 'fipsCode': None}"
257072,,HighSchool,2023,,Greg Knox,Peabody Magnet,McNeese,OT,78.0,285.0,,,Alexandria,LA,USA,"{'latitude': 31.311248, 'longitude': -92.4449087, 'fipsCode': '27041'}"
257073,,HighSchool,2023,,Jaylon Hall-Wright,Dallas Parish Episcopal,McNeese,LB,72.0,225.0,,,Dallas,TX,USA,"{'latitude': 32.7762719, 'longitude': -96.7968559, 'fipsCode': '48113'}"
257074,,HighSchool,2023,,Jack Schierholz,Summit,Arkansas-Pine Bluff,QB,74.0,200.0,,,Granby,CO,,"{'latitude': None, 'longitude': None, 'fipsCode': None}"
257076,,HighSchool,2023,,Ebuka Okafor,Alief Taylor,Texas Southern,IOL,78.0,320.0,,,Houston,TX,USA,"{'latitude': 29.7589382, 'longitude': -95.3676974, 'fipsCode': '48201'}"
257080,,HighSchool,2023,,Kyle Fay,Cranford Sr,Villanova,OT,78.0,285.0,,,Cranford,NJ,USA,"{'latitude': 40.6584358, 'longitude': -74.2995923, 'fipsCode': '34039'}"
257082,,HighSchool,2023,,Chris McCullers,Woodgrove,Villanova,IOL,76.0,285.0,,,Purcellville,VA,USA,"{'latitude': 39.1367717, 'longitude': -77.7147153, 'fipsCode': '51107'}"
257083,,HighSchool,2023,,Jayvont Williams,All Saints Episcopal,Villanova,ATH,74.0,185.0,,,Fort Worth,TX,USA,"{'latitude': 32.753177, 'longitude': -97.3327459, 'fipsCode': '48439'}"
257086,,HighSchool,2023,,Johnny Cauley,Monroe,Murray State,WR,74.0,170.0,,,Albany,GA,USA,"{'latitude': 31.5782062, 'longitude': -84.1556809, 'fipsCode': '13095'}"
257087,,HighSchool,2023,,Spencer Davis,Shawnee Mission North,Murray State,IOL,74.0,260.0,,,Mission,KS,USA,"{'latitude': 39.0277832, 'longitude': -94.6557914, 'fipsCode': '20091'}"
257088,,HighSchool,2023,,Kevin Emmanuel,Eureka,Murray State,RB,68.0,190.0,,,Eureka,MO,USA,"{'latitude': 38.5025537, 'longitude': -90.6279044, 'fipsCode': '29189'}"
257091,,HighSchool,2023,,Logan Locklear,West Florence,The Citadel,OT,77.0,280.0,,,Florence,SC,USA,"{'latitude': 34.1984435, 'longitude': -79.7671658, 'fipsCode': '45041'}"
257093,,HighSchool,2023,,James Bradley,John F. Kennedy,Mississippi Valley State,EDGE,77.0,240.0,,,New Orleans,LA,USA,"{'latitude': 29.9499323, 'longitude': -90.0701156, 'fipsCode': '22071'}"
257094,,HighSchool,2023,,Gatlin Hancock,Darlington School,Kennesaw State,OT,76.0,260.0,,,Rome,GA,USA,"{'latitude': 34.257038, 'longitude': -85.1646726, 'fipsCode': '13115'}"
257095,,HighSchool,2023,,Andre Craig,Locust Grove,Kennesaw State,ATH,72.0,180.0,,,Locust Grove,GA,USA,"{'latitude': 33.3459495, 'longitude': -84.109083, 'fipsCode': '13151'}"
257096,,HighSchool,2023,,Jaylan Jarrett,Pike Road,Kennesaw State,DL,73.0,250.0,,,Pike Road,AL,USA,"{'latitude': 32.272931, 'longitude': -86.15018999518217, 'fipsCode': '01101'}"
257097,,HighSchool,2023,,Ethan Newman,Navarre,Kennesaw State,IOL,74.0,260.0,,,Navarre,FL,USA,"{'latitude': 30.4019789, 'longitude': -86.8700821, 'fipsCode': '12113'}"
257100,,HighSchool,2023,,Que Billingsley,Central Phenix City,Kennesaw State,CB,72.0,190.0,,,Phenix City,AL,USA,"{'latitude': 32.4709761, 'longitude': -85.0007653, 'fipsCode': '01113'}"
257103,,HighSchool,2023,,Brody Balliew,Calhoun,Furman,OT,77.0,295.0,,,Calhoun,GA,USA,"{'latitude': 34.502587, 'longitude': -84.9510542, 'fipsCode': '13129'}"
257104,,HighSchool,2023,,Ja'Keith Hamilton,Shelby,Furman,WR,74.0,190.0,,,Shelby,NC,USA,"{'latitude': 35.2919489, 'longitude': -81.5402112, 'fipsCode': '37045'}"
257105,,HighSchool,2023,,John Holbrook,IMG Academy,Furman,WR,75.5,200.0,,,Bradenton,FL,USA,"{'latitude': 27.4989278, 'longitude': -82.5748194, 'fipsCode': '12081'}"
257107,,HighSchool,2023,,Logan Quates,Gardendale,Alcorn State,WR,74.0,180.0,,,Gardendale,AL,USA,"{'latitude': 33.6601033, 'longitude': -86.8127702, 'fipsCode': '01073'}"
257108,,HighSchool,2023,,Ahstin Watkins,O D Wyatt,Alcorn State,ATH,77.0,215.0,,,Fort Worth,TX,USA,"{'latitude': 32.753177, 'longitude': -97.3327459, 'fipsCode': '48439'}"
257109,,HighSchool,2023,,Roderick Hartsfield,Waxahachie,Alcorn State,QB,73.0,205.0,,,Waxahachie,TX,USA,"{'latitude': 32.3944908, 'longitude': -96.8439365, 'fipsCode': '48139'}"
257110,,HighSchool,2023,,Doug Nelson,Hazlehurst,Alcorn State,WR,76.0,180.0,,,Hazlehurst,MS,USA,"{'latitude': 31.8604382, 'longitude': -90.3959255, 'fipsCode': '28029'}"
257111,,HighSchool,2023,,Blake Howard,Princeton,East Tennessee State,LS,74.0,225.0,,,Cincinnati,OH,USA,"{'latitude': 39.1014537, 'longitude': -84.5124602, 'fipsCode': '39061'}"
257116,,HighSchool,2023,,O'marion Brown,Manchester,Wofford,DL,76.0,285.0,,,Manchester,GA,USA,"{'latitude': 32.8598538, 'longitude': -84.6199251, 'fipsCode': '13199'}"
257121,,HighSchool,2023,,Devin Davis,East St. John,Alabama State,EDGE,77.0,230.0,,,Reserve,LA,USA,"{'latitude': 30.0538131, 'longitude': -90.5517534, 'fipsCode': '20013'}"
257123,,HighSchool,2023,,Christian Harris,Elbert County,Chattanooga,ATH,73.0,170.0,,,Elberton,GA,USA,"{'latitude': 34.1112226, 'longitude': -82.8670839, 'fipsCode': '13105'}"
257125,,HighSchool,2023,,Izzy Clark-White,Camden,Monmouth,CB,72.0,170.0,,,Camden,NJ,USA,"{'latitude': 39.9448402, 'longitude': -75.1198911, 'fipsCode': '34007'}"
257130,,HighSchool,2023,,Luke Rector,Jimmy C. Draughn,Gardner-Webb,IOL,76.0,300.0,,,Valdese,NC,USA,"{'latitude': 35.7431562, 'longitude': -81.5633738, 'fipsCode': '37023'}"
257131,,HighSchool,2023,,Oscar Colon,IMG Academy,Gardner-Webb,OT,77.0,340.0,,,Bradenton,FL,USA,"{'latitude': 27.4989278, 'longitude': -82.5748194, 'fipsCode': '12081'}"
257132,,HighSchool,2023,,Will Fitzpatrick,Walton,Gardner-Webb,OT,78.0,280.0,,,Marietta,GA,USA,"{'latitude': 33.9528472, 'longitude': -84.5496148, 'fipsCode': '13067'}"
257136,,HighSchool,2023,,Jaâ€™vieane Stevens,Dunbar,Bethune-Cookman,EDGE,72.0,200.0,,,Fort Myers,FL,USA,"{'latitude': 26.640628, 'longitude': -81.8723084, 'fipsCode': '12071'}"
257137,,HighSchool,2023,,Jaylen Patterson,West Caldwell,Savannah State,QB,74.0,193.0,,,Lenoir,NC,USA,"{'latitude': 35.9140196, 'longitude': -81.5389849, 'fipsCode': '37027'}"
257138,,HighSchool,2023,,Lexington Matthews,Union Grove,Savannah State,P,77.0,200.0,,,Mcdonough,GA,USA,"{'latitude': 33.4473361, 'longitude': -84.1468616, 'fipsCode': '13151'}"
257139,,HighSchool,2023,,Xavier Esquillen,Ardrey Kell,Savannah State,EDGE,74.0,220.0,,,Charlotte,NC,USA,"{'latitude': 35.2272, 'longitude': -80.843083, 'fipsCode': '37119'}"
257140,,HighSchool,2023,,Kyai Cook,Byrnes,Brown,WR,72.0,185.0,,,Duncan,SC,USA,"{'latitude': 34.9378962, 'longitude': -82.1451096, 'fipsCode': '45083'}"
257141,,HighSchool,2023,,Brady Dever,Fort Bend Christian Academy,Brown,QB,75.0,200.0,,,Sugar Land,TX,USA,"{'latitude': 29.6196787, 'longitude': -95.6349463, 'fipsCode': '48157'}"
257142,,HighSchool,2023,,Danny Thompson,Scituate,Brown,OT,76.0,305.0,,,Scituate,MA,USA,"{'latitude': 42.1939754, 'longitude': -70.7697128, 'fipsCode': '25023'}"
257144,,HighSchool,2023,,Cooper Blomstrom,St. Paul's School,Georgetown,EDGE,74.5,220.0,,,Concord,NH,USA,"{'latitude': 43.207178, 'longitude': -71.537476, 'fipsCode': '33013'}"
257145,,HighSchool,2023,,Bijay Boldin,Pahokee,Georgetown,S,72.0,180.0,,,Pahokee,FL,USA,"{'latitude': 26.8200607, 'longitude': -80.6653351, 'fipsCode': '12099'}"
257146,,HighSchool,2023,,Ude Enyeribe,Frisco Independence,Georgetown,RB,69.0,190.0,,,Frisco,TX,USA,"{'latitude': 33.1506744, 'longitude': -96.8236116, 'fipsCode': '48085'}"
257147,,HighSchool,2023,,Cody Pham,Fort Bend Kempner,Georgetown,LB,74.0,210.0,,,Sugar Land,TX,USA,"{'latitude': 29.6196787, 'longitude': -95.6349463, 'fipsCode': '48157'}"
257148,,HighSchool,2023,,Cam Santee,Avon,Holy Cross,LB,75.0,210.0,,,Avon,OH,USA,"{'latitude': 41.4516512, 'longitude': -82.0350598, 'fipsCode': '39093'}"
257150,,HighSchool,2023,,Cam Jones,Wilson,Holy Cross,CB,69.0,175.0,,,Reading,PA,USA,"{'latitude': 40.335345, 'longitude': -75.9279495, 'fipsCode': '42011'}"
257155,,HighSchool,2023,,Daniel Porto,Horizon,Holy Cross,K,73.0,190.0,,,Winter Garden,FL,USA,"{'latitude': 28.5656649, 'longitude': -81.5856742, 'fipsCode': '12095'}"
257157,,HighSchool,2023,,Colin Beesley,Prosper,Holy Cross,OT,77.0,283.0,,,Prosper,TX,USA,"{'latitude': 33.2385763, 'longitude': -96.7866058, 'fipsCode': '48085'}"
257158,,HighSchool,2023,,Josh Jenkins,Sto-Rox,Holy Cross,QB,74.0,180.0,,,Mckees Rocks,PA,USA,"{'latitude': 40.4656244, 'longitude': -80.0656106, 'fipsCode': '42003'}"
257160,,HighSchool,2023,,Ahmari Owens,Springfield Central,Columbia,OT,77.0,305.0,,,Springfield,MA,USA,"{'latitude': 42.1014831, 'longitude': -72.589811, 'fipsCode': '25013'}"
257163,,HighSchool,2023,,Kendell Anderson,Montgomery Blair,Morgan State,QB,75.0,181.0,,,Silver Spring,MD,USA,"{'latitude': 38.9959461, 'longitude': -77.0276231, 'fipsCode': '24031'}"
257165,,HighSchool,2023,,Jason Collins Jr.,Roosevelt,Morgan State,RB,69.0,185.0,,,Washington,DC,USA,"{'latitude': 38.8949855, 'longitude': -77.0365708, 'fipsCode': '11001'}"
257166,,HighSchool,2023,,Elijah McKenzie,North County,Morgan State,CB,71.0,175.0,,,Glen Burnie,MD,USA,"{'latitude': 39.1626298, 'longitude': -76.6250756, 'fipsCode': '24003'}"
257167,,HighSchool,2023,,Janard Lockhardt,Mergenthaler Vocational,Morgan State,CB,73.0,180.0,,,Pikesville,MD,USA,"{'latitude': 39.3745035, 'longitude': -76.7227288, 'fipsCode': '24005'}"
257168,,HighSchool,2023,,Kahari Finley,St. Frances Academy,Morgan State,OT,77.0,267.0,,,Baltimore,MD,USA,"{'latitude': 39.2908816, 'longitude': -76.610759, 'fipsCode': '24510'}"
257169,,HighSchool,2023,,Lance Byndon,Taft,Morgan State,LB,75.0,235.0,,,Cincinnati,OH,USA,"{'latitude': 39.1014537, 'longitude': -84.5124602, 'fipsCode': '39061'}"
257170,,HighSchool,2023,,Hadine Diaby,Grayson,Tennessee State,IOL,75.0,285.0,,,Loganville,GA,USA,"{'latitude': 33.8389977, 'longitude': -83.9007382, 'fipsCode': '13297'}"
257172,,HighSchool,2023,,Mecca Carr-Bordeaux,Pender,Tennessee State,DL,76.0,255.0,,,Burgaw,NC,USA,"{'latitude': None, 'longitude': None, 'fipsCode': None}"
257173,,HighSchool,2023,,Darius Neals,Cedar Grove,Tennessee State,IOL,76.0,325.0,,,Ellenwood,GA,USA,"{'latitude': 33.6101096, 'longitude': -84.287978, 'fipsCode': '13063'}"
257174,,HighSchool,2023,,Jase Hoath,Page,Tennessee State,TE,75.0,244.0,,,Franklin,TN,USA,"{'latitude': 35.925193, 'longitude': -86.8689365, 'fipsCode': '47187'}"
257176,,HighSchool,2023,,Rion Roseborough,John Paul II,Towson,DL,74.0,300.0,,,Plano,TX,USA,"{'latitude': 33.0136764, 'longitude': -96.6925096, 'fipsCode': '48085'}"
257177,,HighSchool,2023,,Darren Burton II,Seton Hall Prep,New Hampshire,CB,71.0,185.0,,,West Orange,NJ,USA,"{'latitude': 40.7987113, 'longitude': -74.2390353, 'fipsCode': '34013'}"
257179,,HighSchool,2023,,Sean Webb,Madison,New Hampshire,CB,72.0,180.0,,,San Diego,CA,USA,"{'latitude': 32.7174209, 'longitude': -117.1627714, 'fipsCode': '06073'}"
257180,,HighSchool,2023,,Jordan McAllister,Seton Hall Prep,New Hampshire,EDGE,75.0,239.0,,,West Orange,NJ,USA,"{'latitude': 40.7987113, 'longitude': -74.2390353, 'fipsCode': '34013'}"
257181,,HighSchool,2023,,Joshua Farquharson,St. James School,New Hampshire,ATH,73.0,195.0,,,Sharpsburg,MD,,"{'latitude': None, 'longitude': None, 'fipsCode': None}"
257182,,HighSchool,2023,,Jaâ€™Bari Odoemenem,Woodbridge,Maine,TE,73.0,230.0,,,Woodbridge,VA,USA,"{'latitude': 38.6581723, 'longitude': -77.2497049, 'fipsCode': '51153'}"
257183,,HighSchool,2023,,Devin Vaught,Mallard Creek,Maine,S,72.0,190.0,,,Charlotte,NC,USA,"{'latitude': 35.2272, 'longitude': -80.843083, 'fipsCode': '37119'}"
257184,,HighSchool,2023,,Xavier Lozowicki,IMG Academy,Maine,IOL,77.0,290.0,,,Bradenton,FL,USA,"{'latitude': 27.4989278, 'longitude': -82.5748194, 'fipsCode': '12081'}"
257185,,HighSchool,2023,,Ta'kai Chisolm,St. Joseph Regional,Maine,TE,76.0,230.0,,,Montvale,NJ,USA,"{'latitude': 41.0467635, 'longitude': -74.0229173, 'fipsCode': '34003'}"
257186,,HighSchool,2023,,BJ Mayes,Taft School,Maine,LB,72.0,200.0,,,Watertown,CT,USA,"{'latitude': 41.6062078, 'longitude': -73.1181658, 'fipsCode': '09005'}"
257187,,HighSchool,2023,,Shaku Sangarie,Atlantic Coast,Drake,EDGE,75.0,220.0,,,Jacksonville,FL,USA,"{'latitude': 30.3321838, 'longitude': -81.655651, 'fipsCode': '12031'}"
256745,,HighSchool,2023,,Zaid Hamden,William Mason,Tulsa,DL,72.0,255.0,,,Mason,OH,USA,"{'latitude': 39.3600586, 'longitude': -84.309939, 'fipsCode': '39165'}"
256752,,HighSchool,2023,,Dominic Braesch,NFL Academy,Georgia State,IOL,76.0,286.0,,,London,EN,England,"{'latitude': None, 'longitude': None, 'fipsCode': None}"
256753,,HighSchool,2023,,Sam Lindsey,Parkview,Georgia State,LS,72.0,185.0,,,Lilburn,GA,USA,"{'latitude': 33.8901036, 'longitude': -84.1429719, 'fipsCode': '13135'}"
256754,,HighSchool,2023,,Weston Smith,Colleyville Heritage,Princeton,QB,77.0,215.0,,,Colleyville,TX,USA,"{'latitude': 32.8809603, 'longitude': -97.155012, 'fipsCode': '48439'}"
256755,,HighSchool,2023,,Barrett Eddlemon,La Vernia,Princeton,OT,76.0,270.0,,,La Vernia,TX,USA,"{'latitude': 29.356348, 'longitude': -98.1155633, 'fipsCode': '48493'}"
256756,,HighSchool,2023,,Connor McAllen,St. Joseph Regional,Princeton,IOL,77.0,290.0,,,Montvale,NJ,USA,"{'latitude': 41.0467635, 'longitude': -74.0229173, 'fipsCode': '34003'}"
256773,,HighSchool,2023,,Myles Bradley,Mansfield,Bowling Green,EDGE,72.0,225.0,,,Mansfield,OH,USA,"{'latitude': 40.75839, 'longitude': -82.5154471, 'fipsCode': '39139'}"
256783,,HighSchool,2023,,Xander Chisolm,Liberty,Sacramento State,S,75.0,185.0,,,Bakersfield,CA,USA,"{'latitude': 35.3738712, 'longitude': -119.0194639, 'fipsCode': '06029'}"
256794,,HighSchool,2023,,Bruce Mitchell,Frisco Lone Star,Jackson State,S,73.0,182.0,,,Frisco,TX,USA,"{'latitude': 33.1506744, 'longitude': -96.8236116, 'fipsCode': '48085'}"
256796,,HighSchool,2023,,Quaveon Davis,Lewisville,Jackson State,OT,79.0,320.0,,,Lewisville,TX,USA,"{'latitude': 33.046233, 'longitude': -96.994174, 'fipsCode': '48121'}"
256799,,HighSchool,2023,,Abraham Myers,Washington,North Dakota State,EDGE,75.0,215.0,,,Sioux Falls,SD,USA,"{'latitude': 43.5499749, 'longitude': -96.700327, 'fipsCode': '46099'}"
256800,,HighSchool,2023,,Jaylin Crumby,Armwood,North Dakota State,S,73.0,180.0,,,Seffner,FL,USA,"{'latitude': 27.998541000000003, 'longitude': -82.27488400114905, 'fipsCode': '12057'}"
256801,,HighSchool,2023,,Noah Taylor,Lemont,North Dakota State,S,72.0,200.0,,,Lemont,IL,USA,"{'latitude': 41.6737149, 'longitude': -88.0016263, 'fipsCode': '17031'}"
256802,,HighSchool,2023,,Trey Drake,Jamestown,North Dakota State,QB,75.0,200.0,,,Jamestown,NY,USA,"{'latitude': 42.0970023, 'longitude': -79.2353259, 'fipsCode': '36013'}"
256812,,HighSchool,2023,,Will Way,Pusch Ridge Christian Academy,Weber State,EDGE,76.0,240.0,,,Tucson,AZ,USA,"{'latitude': 32.2228765, 'longitude': -110.9748477, 'fipsCode': '04019'}"
256813,,HighSchool,2023,,Logan Mackey,C.E. King,Weber State,CB,72.0,185.0,,,Houston,TX,USA,"{'latitude': 29.7589382, 'longitude': -95.3676974, 'fipsCode': '48201'}"
256815,,HighSchool,2023,,Trey Dunn,South Charleston,Navy,QB,71.5,189.0,,,Charleston,WV,USA,"{'latitude': 38.3505995, 'longitude': -81.6332812, 'fipsCode': '54039'}"
256816,,HighSchool,2023,,Justin Ross,Hunter Huss,Navy,CB,74.0,160.0,,,Gastonia,NC,USA,"{'latitude': 35.2622158, 'longitude': -81.1838794, 'fipsCode': '37071'}"
257135,5163543,HighSchool,2023,,Cade Hechter,Australia,Bethune-Cookman,K,74.0,245.0,,,Australia,,AUS,"{'latitude': None, 'longitude': None, 'fipsCode': None}"
256909,5162649,HighSchool,2023,,Tylon Webb,Frederick Douglass,Western Kentucky,ATH,75.0,188.0,,,Lexington,KY,USA,"{'latitude': 38.0464066, 'longitude': -84.4970393, 'fipsCode': '21067'}"
256906,5162648,HighSchool,2023,,Jared White,Southlake Carroll,Western Kentucky,P,74.0,211.0,,,Southlake,TX,USA,"{'latitude': 32.9412363, 'longitude': -97.1341783, 'fipsCode': '48439'}"
256648,5162686,HighSchool,2023,,Jackson Courville,Centerville,Ball State,K,70.0,181.0,,,Dayton,OH,USA,"{'latitude': 39.7589478, 'longitude': -84.1916069, 'fipsCode': '39113'}"
256764,5162617,HighSchool,2023,,Sam Driggers,Peabody,Middle Tennessee,WR,71.0,201.0,,,Trenton,TN,USA,"{'latitude': 35.9807252, 'longitude': -88.9416829, 'fipsCode': '47053'}"
256538,5161639,HighSchool,2023,,Jadyn Oh,Chantilly,Syracuse,K,73.0,180.0,,,Chantilly,VA,USA,"{'latitude': 38.8941543, 'longitude': -77.4311513, 'fipsCode': '51059'}"
256498,5161631,HighSchool,2023,,Jack Blythe,Charlotte Country Day,North Carolina,S,74.0,190.0,,,Charlotte,NC,USA,"{'latitude': 35.2272, 'longitude': -80.843083, 'fipsCode': '37119'}"
256586,5160240,HighSchool,2023,,Hamilton DiBoyan,Denmark,South Alabama,K,71.0,170.0,,,Alpharetta,GA,USA,"{'latitude': 34.0709576, 'longitude': -84.2747329, 'fipsCode': '13121'}"
256696,5159964,HighSchool,2023,,Jordan Saunders,Washington and Lee,Old Dominion,CB,70.0,160.0,,,Montross,VA,USA,"{'latitude': None, 'longitude': None, 'fipsCode': None}"
256517,5159883,HighSchool,2023,,Joseph Stoever,Benedictine Military School,Georgia Tech,LS,74.0,210.0,,,Savannah,GA,USA,"{'latitude': 32.0809263, 'longitude': -81.0911768, 'fipsCode': '13051'}"
256867,5159366,HighSchool,2023,,Markel Townsend,A.C. Flora,Western Carolina,RB,68.0,175.0,,,Columbia,SC,USA,"{'latitude': 34.0007493, 'longitude': -81.0343313, 'fipsCode': '45079'}"
256866,5159361,HighSchool,2023,,Bennett Judy,Hillcrest,Western Carolina,QB,75.0,194.0,,,Simpsonville,SC,USA,"{'latitude': 34.7370639, 'longitude': -82.2542834, 'fipsCode': '45045'}"
256863,5159364,HighSchool,2023,,Marlin Cochran,Miami Northwestern,Western Carolina,RB,71.0,170.0,,,Miami,FL,USA,"{'latitude': 25.7742658, 'longitude': -80.1936589, 'fipsCode': '12086'}"
256971,5159261,HighSchool,2023,,Justin Harris,Fork Union Military Academy,Duquesne,S,75.0,188.0,,,Fork Union,VA,USA,"{'latitude': 37.7632986, 'longitude': -78.2626198, 'fipsCode': '51065'}"
256858,5159362,HighSchool,2023,,Zion Booker,Chambers,Western Carolina,WR,71.0,175.0,,,Charlotte,NC,USA,"{'latitude': 35.2272, 'longitude': -80.843083, 'fipsCode': '37119'}"
256895,5158748,HighSchool,2023,,Jackson Sharman,Torrance West,Idaho State,QB,74.0,195.0,,,Torrance,CA,USA,"{'latitude': 33.8358492, 'longitude': -118.3406288, 'fipsCode': '06037'}"
256954,5158837,HighSchool,2023,,Keyshawn Johnson,St. Thomas Aquinas,Grambling,EDGE,74.0,240.0,,,Fort Lauderdale,FL,USA,"{'latitude': 26.1223084, 'longitude': -80.1433786, 'fipsCode': '12011'}"
256803,5158146,HighSchool,2023,,Carmelo Crump,Warren Easton,UL Monroe,IOL,75.0,310.0,,,New Orleans,LA,USA,"{'latitude': 29.9499323, 'longitude': -90.0701156, 'fipsCode': '22071'}"
256804,5158134,HighSchool,2023,,Shitez Wilkerson,Texas High,UL Monroe,LB,74.0,185.0,,,Texarkana,TX,USA,"{'latitude': 33.44628645, 'longitude': -94.07638067493534, 'fipsCode': '48037'}"
256811,5158130,HighSchool,2023,,Qway McCoy,Colquitt County,UL Monroe,LB,73.0,190.0,,,Moultrie,GA,USA,"{'latitude': 31.179998, 'longitude': -83.7887928, 'fipsCode': '13071'}"
256529,5156042,HighSchool,2023,,Jaz Boykin,Fishers,Indiana,CB,72.0,178.0,,,Fishers,IN,USA,"{'latitude': 39.9555928, 'longitude': -86.0138729, 'fipsCode': '18057'}"
256949,5153762,HighSchool,2023,,Cayman Spaulding,Miller Grove,Tennessee Tech,LB,72.0,189.0,,,Lithonia,GA,USA,"{'latitude': 33.7123305, 'longitude': -84.1051939, 'fipsCode': '13089'}"
256589,5153652,HighSchool,2023,,Zion Andreasen,East,Utah State,DL,76.0,225.0,,,Salt Lake City,UT,USA,"{'latitude': 40.7596198, 'longitude': -111.8867975, 'fipsCode': '49035'}"
257114,5153783,HighSchool,2023,,Pauly Seeley V,New Hampstead,Wofford,QB,72.0,185.0,,,Bloomingdale,GA,USA,"{'latitude': 32.1324249, 'longitude': -81.2990018, 'fipsCode': '13051'}"
256974,5153849,HighSchool,2023,,Daniel Lipovski,Lake Braddock,Delaware,QB,72.0,185.0,,,Burke,VA,USA,"{'latitude': 38.7771321, 'longitude': -77.2754691, 'fipsCode': '51059'}"
256951,5153755,HighSchool,2023,,Marcellus Jackson,Fulton,Tennessee Tech,WR,67.0,160.0,,,Knoxville,TN,USA,"{'latitude': 35.9603948, 'longitude': -83.9210261, 'fipsCode': '47093'}"
256869,5153730,HighSchool,2023,,Jaden Barnes,Langston Hughes,Austin Peay,WR,69.0,160.0,,,Fairburn,GA,USA,"{'latitude': 33.5670562, 'longitude': -84.5810418, 'fipsCode': '13121'}"
256952,5153763,HighSchool,2023,,Devin Hunter,Norcross,Tennessee Tech,S,71.0,175.0,,,Norcross,GA,USA,"{'latitude': 33.9412127, 'longitude': -84.2135309, 'fipsCode': '13135'}"
257115,5153782,HighSchool,2023,,Amari Odom,Panther Creek,Wofford,QB,77.0,195.0,,,Cary,NC,USA,"{'latitude': 35.7883046, 'longitude': -78.7811964, 'fipsCode': '37183'}"
257128,5152839,HighSchool,2023,,Jaylen King,Charlton County,Gardner-Webb,QB,75.0,185.0,,,Folkston,GA,USA,"{'latitude': 30.8305818, 'longitude': -82.0097846, 'fipsCode': '13049'}"
257112,5152609,HighSchool,2023,,Andrew Osmun,Spring Grove Area,Fordham,S,73.0,205.0,,,Spring Grove,PA,USA,"{'latitude': 39.8745437, 'longitude': -76.8658078, 'fipsCode': '42133'}"
256649,5151980,HighSchool,2023,,Arkel Anugwom,Antioch,Ball State,IOL,78.0,325.0,,,Antioch,TN,USA,"{'latitude': 36.0806394, 'longitude': -83.7799037, 'fipsCode': '47093'}"
256632,5151515,HighSchool,2023,,Ajahvea Robinson,Phillips Academy,Northern Illinois,DL,75.0,265.0,,,Chicago,IL,USA,"{'latitude': 41.8755616, 'longitude': -87.6244212, 'fipsCode': '17031'}"
256630,5151511,HighSchool,2023,,Filip Maciorowski,Glenbard West,Northern Illinois,LB,75.0,225.0,,,Glen Ellyn,IL,USA,"{'latitude': 41.8775293, 'longitude': -88.0670118, 'fipsCode': '17043'}"
256590,5151526,HighSchool,2023,,M.J. Johnson,Enterprise,Troy,WR,70.0,175.0,,,Enterprise,AL,USA,"{'latitude': 31.3151708, 'longitude': -85.8552161, 'fipsCode': '01031'}"
256633,5151512,HighSchool,2023,,Christian Medlock,Homewood-Flossmoor,Northern Illinois,IOL,77.0,304.0,,,Flossmoor,IL,USA,"{'latitude': 41.5428123, 'longitude': -87.6847684, 'fipsCode': '17031'}"
256751,5151141,HighSchool,2023,,Isaac Kone,Decatur,Georgia State,K,73.0,160.0,,,Decatur,GA,USA,"{'latitude': 33.7737582, 'longitude': -84.296069, 'fipsCode': '13089'}"
256907,5151134,HighSchool,2023,,Leavy Johnson,Bay,Western Kentucky,IOL,75.0,292.0,,,Panama City,FL,USA,"{'latitude': 30.1600827, 'longitude': -85.6545729, 'fipsCode': '12005'}"
256512,5151151,HighSchool,2023,,Shea Freibaum,Saguaro,Oklahoma State,LS,73.0,190.0,,,Scottsdale,AZ,USA,"{'latitude': 33.4942189, 'longitude': -111.9260184, 'fipsCode': '04013'}"
256533,5151072,HighSchool,2023,,Lance Bassett,Lawrence,Kansas,DL,74.0,295.0,,,LAWRENCE,KS,USA,"{'latitude': 38.9719384, 'longitude': -95.2359496, 'fipsCode': '20045'}"
256636,5151110,HighSchool,2023,,J'Shawn Anderson,Hartsville,Georgia Southern,RB,72.0,190.0,,,Hartsville,SC,USA,"{'latitude': 34.3740431, 'longitude': -80.0734005, 'fipsCode': '45031'}"
257008,5150917,HighSchool,2023,,Dee Newsome,Deshler,Jacksonville State,CB,75.0,165.0,,,Tuscumbia,AL,USA,"{'latitude': 34.727315000000004, 'longitude': -87.75049816666667, 'fipsCode': '01033'}"
256502,5150882,HighSchool,2023,,Caleb Nitta,Tuscarora,Virginia Tech,IOL,74.0,270.0,,,Leesburg,VA,USA,"{'latitude': 39.1154496, 'longitude': -77.5645446, 'fipsCode': '51107'}"
257005,5150904,HighSchool,2023,,Cam Vaughn,Temple,Jacksonville State,QB,74.0,170.0,,,Temple,GA,USA,"{'latitude': 33.733194499999996, 'longitude': -85.03112422515679, 'fipsCode': '13045'}"
257004,5150903,HighSchool,2023,,Zechariah Poyser,Wildwood,Jacksonville State,S,74.0,190.0,,,Wildwood,FL,USA,"{'latitude': 28.865264, 'longitude': -82.0389743, 'fipsCode': '12119'}"
257006,5150901,HighSchool,2023,,Geimere Latimer Jr.,Sandy Creek,Jacksonville State,CB,70.0,187.0,,,Tyrone,GA,USA,"{'latitude': 33.4713249, 'longitude': -84.5972005, 'fipsCode': '13113'}"
256530,5150866,HighSchool,2023,,Christian Womack,Tomball,Purdue,RB,72.0,182.0,,,Tomball,TX,USA,"{'latitude': 30.0971621, 'longitude': -95.6160549, 'fipsCode': '48201'}"
256966,5150460,HighSchool,2023,,John Neider,Jonathan Law,UConn,WR,74.0,205.0,,,Milford,CT,USA,"{'latitude': 41.2222218, 'longitude': -73.0570603, 'fipsCode': '09009'}"
256910,5085839,HighSchool,2023,,Kayleb Wagner,Baker School,Southern Illinois,RB,73.0,205.0,,,Baker,FL,USA,"{'latitude': 30.7971318, 'longitude': -86.681344, 'fipsCode': '12091'}"
256661,5088793,HighSchool,2023,,Josiah Charles,Arlington Martin,New Mexico State,CB,71.0,170.0,,,Arlington,TX,USA,"{'latitude': 32.701938999999996, 'longitude': -97.10562379033699, 'fipsCode': '48439'}"
256708,5092281,HighSchool,2023,,Evan Wysong,Cleveland,New Mexico,WR,70.0,170.0,,,Rio Rancho,NM,USA,"{'latitude': 35.269381, 'longitude': -106.632819, 'fipsCode': '35043'}"
256911,5154766,HighSchool,2023,,Chris Presto,Cardinal Newman,Southern Illinois,LB,74.0,204.0,,,West Palm Beach,FL,USA,"{'latitude': 26.715364, 'longitude': -80.0532942, 'fipsCode': '12099'}"
256819,5158393,HighSchool,2023,,Gavin Woods,Smithson Valley,Navy,EDGE,74.0,220.0,,,Spring Branch,TX,USA,"{'latitude': 29.885073249999998, 'longitude': -98.4196833729311, 'fipsCode': '48091'}"
256937,5154849,HighSchool,2023,,Andrew Huff,Stafford,Houston Christian,EDGE,74.0,215.0,,,Stafford,TX,USA,"{'latitude': 29.6160671, 'longitude': -95.5577221, 'fipsCode': '48157'}"
256870,5153741,HighSchool,2023,,Garrett Hawkins,Sevier County,Austin Peay,LB,75.0,227.0,,,Sevierville,TN,USA,"{'latitude': 35.8681455, 'longitude': -83.561835, 'fipsCode': '47155'}"
256761,5125754,HighSchool,2023,,Jai'den Thomas,Westlake,UNLV,RB,70.0,180.0,,,Atlanta,GA,USA,"{'latitude': 33.7490987, 'longitude': -84.3901849, 'fipsCode': '13121'}"
256759,5125768,HighSchool,2023,,DeAngelo Irvin Jr.,Midwest City,UNLV,WR,69.0,155.0,,,Oklahoma City,OK,USA,"{'latitude': 35.4729886, 'longitude': -97.5170536, 'fipsCode': '40109'}"
256556,5151232,HighSchool,2023,,Patrick Keller,Central Bucks East,Temple,QB,76.0,205.0,,,Doylestown,PA,USA,"{'latitude': 40.3100446, 'longitude': -75.1304588, 'fipsCode': '42017'}"
256555,5151240,HighSchool,2023,,Carl Hardin,Broughton,Temple,K,69.0,160.0,,,Raleigh,NC,USA,"{'latitude': 35.7803977, 'longitude': -78.6390989, 'fipsCode': '37183'}"
256725,5157335,HighSchool,2023,,Melvin Spriggs,St. Michael The Archangel,Akron,LB,74.0,215.0,,,Baton Rouge,LA,USA,"{'latitude': 30.4459596, 'longitude': -91.18738, 'fipsCode': '22033'}"
256740,5075797,HighSchool,2023,,Raion Strader,Penn Hills,Miami (OH),CB,72.0,160.0,,,Pittsburgh,PA,USA,"{'latitude': 40.4416941, 'longitude': -79.9900861, 'fipsCode': '42003'}"
256692,5122153,HighSchool,2023,,Eliyt Nairne,Olympic,Liberty,DL,74.0,260.0,,,Charlotte,NC,USA,"{'latitude': 35.2272, 'longitude': -80.843083, 'fipsCode': '37119'}"
256480,5092232,HighSchool,2023,,Ryan Barker,Kennett,Penn State,K,76.0,205.0,,,Kennett Square,PA,USA,"{'latitude': 39.8467414, 'longitude': -75.7116997, 'fipsCode': '42029'}"
256605,5161892,HighSchool,2023,,Xayvion Noland,Canyon,Texas State,WR,66.0,165.0,,,New Braunfels,TX,USA,"{'latitude': 29.7028266, 'longitude': -98.1257348, 'fipsCode': '48091'}"
256537,5125819,HighSchool,2023,,Darrell Gill Jr.,Atascocita,Syracuse,WR,75.0,175.0,,,Humble,TX,USA,"{'latitude': 29.9988312, 'longitude': -95.2621553, 'fipsCode': '48201'}"
256625,5125900,HighSchool,2023,,Joshua Dye,Williams Field,UTEP,RB,71.0,202.0,,,Gilbert,AZ,USA,"{'latitude': 33.3527632, 'longitude': -111.7890373, 'fipsCode': '04013'}"
257071,5155000,HighSchool,2023,,Jer'Michael Carter,Kentwood,McNeese,WR,76.0,184.0,,,Kentwood,LA,USA,"{'latitude': 30.9382358, 'longitude': -90.5089843, 'fipsCode': '26081'}"
256924,5156218,HighSchool,2023,,Barry Dillon,Arlington,Incarnate Word,CB,72.0,175.0,,,Arlington,TX,USA,"{'latitude': 32.701938999999996, 'longitude': -97.10562379033699, 'fipsCode': '48439'}"
256757,4923291,HighSchool,2023,,Cameren Jenkins,Lewisville,UNLV,S,73.0,175.0,,,Lewisville,TX,USA,"{'latitude': 33.046233, 'longitude': -96.994174, 'fipsCode': '48121'}"
256743,5178689,HighSchool,2023,,C.J. Coombes,Delaware Military Academy,Tulsa,S,73.0,213.0,,,Wilmington,DE,USA,"{'latitude': 39.7459468, 'longitude': -75.546589, 'fipsCode': '10003'}"
256645,5121729,HighSchool,2023,,Bishop Turner,Charter Oak,Nevada,CB,71.0,170.0,,,Covina,CA,USA,"{'latitude': 34.1024, 'longitude': -117.85486499999999, 'fipsCode': '06037'}"
256646,5151791,HighSchool,2023,,Jayden O'Rourke,Gold Coast Stingrays,Nevada,TE,79.0,240.0,,,Australia,,AUS,"{'latitude': None, 'longitude': None, 'fipsCode': None}"
256822,5158359,HighSchool,2023,,Giuseppe Sessi,Reagan,Navy,S,71.0,195.0,,,SAN ANTONIO,TX,USA,"{'latitude': 29.4246002, 'longitude': -98.4951405, 'fipsCode': '48029'}"
256638,5122105,HighSchool,2023,,Robert Wright Jr.,Stockbridge,Georgia Southern,IOL,76.0,285.0,,,Stockbridge,GA,USA,"{'latitude': 33.5442781, 'longitude': -84.2338093, 'fipsCode': '13151'}"
256792,5163082,HighSchool,2023,,Mikailin Warren,Sandy Creek,Marshall,DL,75.0,360.0,,,Tyrone,GA,USA,"{'latitude': 33.4713249, 'longitude': -84.5972005, 'fipsCode': '13113'}"
256785,5163083,HighSchool,2023,,Braydin Ward,Riverside,Marshall,EDGE,78.0,225.0,,,Belle,WV,USA,"{'latitude': 38.2320006, 'longitude': -81.5378003, 'fipsCode': '54039'}"
256784,5120142,HighSchool,2023,,Tracy Stephens,Ridge View,Marshall,TE,77.0,240.0,,,Columbia,SC,USA,"{'latitude': 34.0007493, 'longitude': -81.0343313, 'fipsCode': '45079'}"
256788,5092695,HighSchool,2023,,Shawn Rouse,Cabell Midland,Marshall,OT,77.0,260.0,,,Ona,WV,USA,"{'latitude': 38.4248088, 'longitude': -82.2132003, 'fipsCode': '54011'}"
256562,5122096,HighSchool,2023,,KeDarius Wade,Callaway,Louisiana,WR,76.0,180.0,,,Jackson,MS,USA,"{'latitude': 32.2990384, 'longitude': -90.1847691, 'fipsCode': '28049'}"
256723,5157329,HighSchool,2023,,Delvin Morris,Caldwell,Akron,IOL,75.0,290.0,,,Caldwell,TX,USA,"{'latitude': 30.5305813, 'longitude': -96.6969703, 'fipsCode': '48051'}"
256534,5151066,HighSchool,2023,,Ezra Vedral,Creighton Prep,Kansas,LB,74.0,210.0,,,Omaha,NE,USA,"{'latitude': 41.2587459, 'longitude': -95.9383758, 'fipsCode': '31055'}"
256913,5155366,HighSchool,2023,,Malachi Hosley,Northside,Pennsylvania,RB,70.0,190.0,,,Columbus,GA,USA,"{'latitude': 32.4609764, 'longitude': -84.9877094, 'fipsCode': '13215'}"
256595,5122111,HighSchool,2023,,Deshaun Batiste,John F. Kennedy,Troy,DL,75.0,220.0,,,New Orleans,LA,USA,"{'latitude': 29.9499323, 'longitude': -90.0701156, 'fipsCode': '22071'}"
256978,5153851,HighSchool,2023,,KT Seay,Maury,Delaware,S,74.0,185.0,,,Norfolk,VA,USA,"{'latitude': 36.8462923, 'longitude': -76.2929252, 'fipsCode': '51710'}"
256977,5153846,HighSchool,2023,,Nick Minicucci,Don Bosco Prep,Delaware,QB,74.0,205.0,,,Ramsey,NJ,USA,"{'latitude': 41.0573188, 'longitude': -74.1409771, 'fipsCode': '34003'}"
256532,5125820,HighSchool,2023,,Damon Greaves,ProKick Australia,Kansas,P,73.0,170.0,,,Australia,,AUS,"{'latitude': None, 'longitude': None, 'fipsCode': None}"
257021,5152045,HighSchool,2023,,Malachi Henry,Van Buren,Central Arkansas,WR,73.0,175.0,,,Van Buren,AR,USA,"{'latitude': 39.5970311, 'longitude': -80.9442642, 'fipsCode': '54095'}"
256506,5150539,HighSchool,2023,,Zarius Wells,Chandler,Arizona,IOL,78.0,294.0,,,Chandler,AZ,USA,"{'latitude': 33.3062223, 'longitude': -111.8413317, 'fipsCode': '04013'}"
256473,,HighSchool,2023,,Isaiah Stone,Campbell,LSU,WR,69.0,172.0,,,Smyrna,GA,USA,"{'latitude': 33.883887, 'longitude': -84.5147454, 'fipsCode': '13067'}"
256476,,HighSchool,2023,,Owen Ruskavich,St. John's College,Miami,TE,78.0,240.0,,,Washington,DC,USA,"{'latitude': 38.8949855, 'longitude': -77.0365708, 'fipsCode': '11001'}"
256481,,HighSchool,2023,,Ryan Burtin,Brazos Christian School,Texas A&M,WR,68.0,165.0,,,Bryan,TX,USA,"{'latitude': 30.6743643, 'longitude': -96.3699632, 'fipsCode': '48041'}"
256493,,HighSchool,2023,,Trevon Kinchen,Lovejoy,Nebraska,RB,71.0,215.0,,,Hampton,GA,USA,"{'latitude': 33.3870578, 'longitude': -84.2829784, 'fipsCode': '13151'}"
256495,,HighSchool,2023,,Jacob Hand,Mansfield,Texas Tech,K,71.0,170.0,,,Mansfield,TX,USA,"{'latitude': 32.5631924, 'longitude': -97.1416768, 'fipsCode': '48439'}"
256507,,HighSchool,2023,,Kayden Luke,Canyon Del Oro,Arizona,RB,71.0,250.0,,,Tucson,AZ,USA,"{'latitude': 32.2228765, 'longitude': -110.9748477, 'fipsCode': '04019'}"
256516,,HighSchool,2023,,Andrew Nelms,Pope,Georgia Tech,K,74.0,210.0,,,Marietta,GA,USA,"{'latitude': 33.9528472, 'longitude': -84.5496148, 'fipsCode': '13067'}"
256523,,HighSchool,2023,,Jarrett Reeser,Canyon,Boise State,P,70.0,170.0,,,Canyon Country,CA,USA,"{'latitude': 34.4233293, 'longitude': -118.4720281, 'fipsCode': '06037'}"
256528,,HighSchool,2023,,Clayton Allen,Hamilton Southeastern,Indiana,LB,74.0,215.0,,,Fishers,IN,USA,"{'latitude': 39.9555928, 'longitude': -86.0138729, 'fipsCode': '18057'}"
256543,,HighSchool,2023,,Jaden Outar,Miami Palmetto,Florida Atlantic,CB,69.0,150.0,,,Miami,FL,USA,"{'latitude': 25.7742658, 'longitude': -80.1936589, 'fipsCode': '12086'}"
256553,,HighSchool,2023,,Reggie Jones,DeMatha Catholic,Temple,LB,74.0,210.0,,,Hyattsville,MD,USA,"{'latitude': 38.9529442, 'longitude': -76.9408647, 'fipsCode': '24033'}"
256554,,HighSchool,2023,,David Kpeglo,Monsignor Bonner,Temple,EDGE,74.0,230.0,,,Drexel Hill,PA,USA,"{'latitude': 39.9470567, 'longitude': -75.2921301, 'fipsCode': '42045'}"
256557,,HighSchool,2023,,Demonte Greene,Newman Smith,Temple,WR,72.0,163.0,,,Carrollton,TX,USA,"{'latitude': 32.9537349, 'longitude': -96.8902816, 'fipsCode': '48113'}"
256564,,HighSchool,2023,,Jaylen Lawrence,Acadiana,Louisiana,LB,73.0,202.0,,,Lafayette,LA,USA,"{'latitude': 30.2240897, 'longitude': -92.0198427, 'fipsCode': '22055'}"
256573,,HighSchool,2023,,Markus Meincke,Germany,UAB,P,79.0,220.0,,,Germany,,DEU,"{'latitude': None, 'longitude': None, 'fipsCode': None}"
256578,,HighSchool,2023,,Tyler Thomas,Cottage Hill Christian Academy,UAB,DL,76.0,230.0,,,Mobile,AL,USA,"{'latitude': 30.6943566, 'longitude': -88.0430541, 'fipsCode': '01097'}"
256584,,HighSchool,2023,,Tyler Patterson,Fort Pierce Central,Florida International,K,73.0,180.0,,,Fort Pierce,FL,USA,"{'latitude': 27.4467056, 'longitude': -80.3256056, 'fipsCode': '12111'}"
256585,,HighSchool,2023,,Antoine Cobb,Frostproof,Florida International,DL,76.0,260.0,,,Frostproof,FL,USA,"{'latitude': 27.7458626, 'longitude': -81.5306313, 'fipsCode': '12105'}"
256599,,HighSchool,2023,,Jamarcus Hamilton,Lanier,Troy,S,71.0,195.0,,,Montgomery,AL,USA,"{'latitude': 32.3669656, 'longitude': -86.3006485, 'fipsCode': '01101'}"
256600,,HighSchool,2023,,A'mari Wilson,Duncan U. Fletcher,Campbell,EDGE,78.0,240.0,,,Neptune Beach,FL,USA,"{'latitude': 30.311908, 'longitude': -81.3964734, 'fipsCode': '12031'}"
256601,,HighSchool,2023,,Devin Boatwright,Ecorse Community,Campbell,ATH,71.0,147.0,,,Ecorse,MI,USA,"{'latitude': 42.2444833, 'longitude': -83.145757, 'fipsCode': '26163'}"
256604,,HighSchool,2023,,Malakai Railton,Brisbane Rhinos,Idaho,EDGE,77.0,250.0,,,Brisbane,QL,AUS,"{'latitude': None, 'longitude': None, 'fipsCode': None}"
256608,,HighSchool,2023,,Bill Young,Saint Andrew's,Army,WR,70.0,175.0,,,Boca Raton,FL,USA,"{'latitude': 26.3586885, 'longitude': -80.0830984, 'fipsCode': '12099'}"
256610,,HighSchool,2023,,Caleb Moran,Milton,Army,LB,74.0,215.0,,,Alpharetta,GA,USA,"{'latitude': 34.0709576, 'longitude': -84.2747329, 'fipsCode': '13121'}"
256611,,HighSchool,2023,,Myles Arterberry,Klein,Army,RB,70.0,180.0,,,Spring,TX,USA,"{'latitude': 30.0798826, 'longitude': -95.4172549, 'fipsCode': '48201'}"
256612,,HighSchool,2023,,Matt Gemma,Delbarton School,Army,DL,75.0,280.0,,,Morristown,NJ,USA,"{'latitude': 40.7970384, 'longitude': -74.4809492, 'fipsCode': '34027'}"
256614,,HighSchool,2023,,Malcolm Anderson,El Paso Andress,Army,ATH,69.0,180.0,,,El Paso,TX,USA,"{'latitude': 31.7754152, 'longitude': -106.4646348, 'fipsCode': '48141'}"
256616,,HighSchool,2023,,Justin Green,Lakota West,Army,CB,73.0,175.0,,,West Chester,OH,USA,"{'latitude': 39.3303357, 'longitude': -84.408275, 'fipsCode': '39017'}"
256617,,HighSchool,2023,,Sam Waters,Boerne,Army,OT,76.0,260.0,,,Boerne,TX,USA,"{'latitude': 29.7946641, 'longitude': -98.7319703, 'fipsCode': '48259'}"
256618,,HighSchool,2023,,Phineas Allen,Rockledge,Army,CB,69.0,170.0,,,Rockledge,FL,USA,"{'latitude': 28.313751500000002, 'longitude': -80.72421890178558, 'fipsCode': '12009'}"
256619,,HighSchool,2023,,Sam Oppenheimer,Johns Creek,Army,LB,73.0,215.0,,,Alpharetta,GA,USA,"{'latitude': 34.0709576, 'longitude': -84.2747329, 'fipsCode': '13121'}"
256620,,HighSchool,2023,,Ethan Washington,North Gwinnett,Army,QB,75.0,190.0,,,Suwanee,GA,USA,"{'latitude': 34.0514898, 'longitude': -84.0712997, 'fipsCode': '13135'}"
256629,,HighSchool,2023,,Zachary Essih,Mansfield Timberview,UTEP,TE,68.0,213.0,,,Arlington,TX,USA,"{'latitude': 32.701938999999996, 'longitude': -97.10562379033699, 'fipsCode': '48439'}"
256635,,HighSchool,2023,,Zach Gordon,Rosewood,Northern Illinois,K,72.0,160.0,,,Goldsboro,NC,USA,"{'latitude': 35.3848841, 'longitude': -77.9927651, 'fipsCode': '37191'}"
256651,,HighSchool,2023,,Kai Wheeler,Corner Canyon,New Mexico State,IOL,76.0,300.0,,,Draper,UT,USA,"{'latitude': 40.5246711, 'longitude': -111.8638226, 'fipsCode': '49035'}"
256654,,HighSchool,2023,,Gabe Jones,W.T. White,New Mexico State,DL,76.0,270.0,,,Dallas,TX,USA,"{'latitude': 32.7762719, 'longitude': -96.7968559, 'fipsCode': '48113'}"
256662,,HighSchool,2023,,Quentin Hayes,Enterprise,Air Force,QB,72.0,,,,Enterprise,AL,USA,"{'latitude': 31.3151708, 'longitude': -85.8552161, 'fipsCode': '01031'}"
256663,,HighSchool,2023,,David Santiago,Millbrook,Air Force,LB,75.0,230.0,,,Raleigh,NC,USA,"{'latitude': 35.7803977, 'longitude': -78.6390989, 'fipsCode': '37183'}"
256664,,HighSchool,2023,,Dominic Diaz,St. Thomas Aquinas,Air Force,LS,72.0,225.0,,,Fort Lauderdale,FL,USA,"{'latitude': 26.1223084, 'longitude': -80.1433786, 'fipsCode': '12011'}"
256665,,HighSchool,2023,,Nicholas Beckwith,St. Thomas More,Air Force,S,74.5,190.0,,,Lafayette,LA,USA,"{'latitude': 30.2240897, 'longitude': -92.0198427, 'fipsCode': '22055'}"
256666,,HighSchool,2023,,Cole Nilles,St. Joseph's Prep,Air Force,LB,74.0,225.0,,,Philadelphia,PA,USA,"{'latitude': 39.9527237, 'longitude': -75.1635262, 'fipsCode': '42101'}"
256667,,HighSchool,2023,,Mitchell Blakeslee,The Woodlands,Air Force,OT,76.0,245.0,,,The Woodlands,TX,USA,"{'latitude': 30.1734194, 'longitude': -95.504686, 'fipsCode': '48339'}"
256668,,HighSchool,2023,,Luke Fisher,Heritage Academy,Air Force,TE,74.0,210.0,,,Columbus,MS,USA,"{'latitude': 33.4956744, 'longitude': -88.4272627, 'fipsCode': '28087'}"
256669,,HighSchool,2023,,Jonathan Ashford,Santa Fe,Air Force,OT,76.0,315.0,,,Edmond,OK,USA,"{'latitude': 35.6571367, 'longitude': -97.4649038, 'fipsCode': '40109'}"
256670,,HighSchool,2023,,Dermot White,Plano West,Air Force,RB,69.0,185.0,,,Plano,TX,USA,"{'latitude': 33.0136764, 'longitude': -96.6925096, 'fipsCode': '48085'}"
256671,,HighSchool,2023,,Jansen Ware,Port Neches-Groves,Air Force,IOL,76.0,275.0,,,Port Neches,TX,USA,"{'latitude': 29.9913244, 'longitude': -93.9585067, 'fipsCode': '48245'}"
256672,,HighSchool,2023,,Grant Rountree,Wilson Central,Air Force,LS,73.0,225.0,,,Lebanon,TN,USA,"{'latitude': 36.2079779, 'longitude': -86.2910945, 'fipsCode': '47189'}"
256673,,HighSchool,2023,,Luke Rogers,Independence,Air Force,IOL,75.0,305.0,,,Ashburn,VA,USA,"{'latitude': 39.0437192, 'longitude': -77.4874899, 'fipsCode': '51107'}"
256674,,HighSchool,2023,,Greg Hatley,Waxahachie,Air Force,ATH,70.0,190.0,,,Waxahachie,TX,USA,"{'latitude': 32.3944908, 'longitude': -96.8439365, 'fipsCode': '48139'}"
256675,,HighSchool,2023,,Carter McElhany,Greenbrier,Air Force,WR,68.0,150.0,,,Greenbrier,AR,USA,"{'latitude': 35.2339712, 'longitude': -92.387655, 'fipsCode': '05045'}"
256676,,HighSchool,2023,,Justus Perales,Garland Naaman Forest,Air Force,IOL,75.0,260.0,,,Garland,TX,USA,"{'latitude': 32.912624, 'longitude': -96.6388833, 'fipsCode': '48113'}"
256677,,HighSchool,2023,,Josh Johnson,Morton Ranch,Air Force,QB,75.0,185.0,,,Katy,TX,USA,"{'latitude': 29.7857853, 'longitude': -95.8243956, 'fipsCode': '48157'}"
256678,,HighSchool,2023,,Ian Fisher,Mcintosh,Air Force,IOL,76.0,290.0,,,Peachtree City,GA,USA,"{'latitude': 33.3967829, 'longitude': -84.5957629, 'fipsCode': '13113'}"
256679,,HighSchool,2023,,Keegan Bass,Mustang,Air Force,WR,70.0,170.0,,,Mustang,OK,USA,"{'latitude': 35.384227, 'longitude': -97.7244813, 'fipsCode': '40017'}"
256680,,HighSchool,2023,,Kade Tompkins,Midlothian,Air Force,DL,73.0,290.0,,,Midlothian,TX,USA,"{'latitude': 32.482361, 'longitude': -96.9944489, 'fipsCode': '48139'}"
256681,,HighSchool,2023,,Brody Bujnoch,Hutto,Air Force,LB,75.0,220.0,,,Hutto,TX,USA,"{'latitude': 30.5427638, 'longitude': -97.5468898, 'fipsCode': '48491'}"
256682,,HighSchool,2023,,Kaden Freeman,Frisco Reedy,Air Force,DL,75.0,235.0,,,Frisco,TX,USA,"{'latitude': 33.1506744, 'longitude': -96.8236116, 'fipsCode': '48085'}"
256683,,HighSchool,2023,,Griffin Stalfort,Hamilton,Air Force,IOL,74.0,280.0,,,Chandler,AZ,USA,"{'latitude': 33.3062223, 'longitude': -111.8413317, 'fipsCode': '04013'}"
256684,,HighSchool,2023,,Donte Hookfin,Mojave,Portland State,DL,75.0,250.0,,,North Las Vegas,NV,USA,"{'latitude': 36.2005843, 'longitude': -115.1215844, 'fipsCode': '32003'}"
256687,,HighSchool,2023,,Amare Garrett,Lakewood,Toledo,CB,71.0,180.0,,,St. Petersburg,FL,USA,"{'latitude': 27.7703796, 'longitude': -82.6695085, 'fipsCode': '12103'}"
256694,,HighSchool,2023,,Mamadou Cissokho,Senegal,Liberty,DL,77.0,290.0,,,Senegal,,SEN,"{'latitude': None, 'longitude': None, 'fipsCode': None}"
256705,,HighSchool,2023,,JoJo Haynes,Rockmart,Old Dominion,ATH,69.0,160.0,,,Rockmart,GA,USA,"{'latitude': 34.0026005, 'longitude': -85.0416133, 'fipsCode': '13233'}"
256706,,HighSchool,2023,,Jamarr Ebron,Archbishop Carroll,Old Dominion,WR,69.0,160.0,,,Washington,DC,USA,"{'latitude': 38.8949855, 'longitude': -77.0365708, 'fipsCode': '11001'}"
256709,,HighSchool,2023,,Hyrum Hatch,Buffalo,New Mexico,LS,72.0,196.0,,,Buffalo,WY,USA,"{'latitude': 44.3480865, 'longitude': -106.6992871, 'fipsCode': '56019'}"
256727,,HighSchool,2023,,Ahmad Rabah,International,Akron,DL,77.0,210.0,,,Paterson,NJ,USA,"{'latitude': 40.9167654, 'longitude': -74.171811, 'fipsCode': '34031'}"
256732,,HighSchool,2023,,Michael Cogoni,Archbishop Stepinac,Coastal Carolina,IOL,75.0,285.0,,,White Plains,NY,USA,"{'latitude': 41.0339862, 'longitude': -73.7629097, 'fipsCode': '36119'}"
256817,,HighSchool,2023,,Rolijah Hardy,Lakeland,Navy,LB,73.0,230.0,,,Lakeland,FL,USA,"{'latitude': 28.0394654, 'longitude': -81.9498042, 'fipsCode': '12105'}"
256818,,HighSchool,2023,,Noah Short,Madison-Ridgeland Academy,Navy,CB,70.0,170.0,,,Madison,MS,USA,"{'latitude': 32.4618086, 'longitude': -90.1153638, 'fipsCode': '28089'}"
256820,,HighSchool,2023,,Bradley Raredon,Hudsonville,Navy,ATH,76.0,195.0,,,Hudsonville,MI,USA,"{'latitude': 42.870889, 'longitude': -85.865235, 'fipsCode': '26139'}"
256821,,HighSchool,2023,,Drew Hall,Cheshire Academy,Navy,ATH,76.0,215.0,,,Cheshire,CT,USA,"{'latitude': 41.4989861, 'longitude': -72.900658, 'fipsCode': '09009'}"
256823,,HighSchool,2023,,Michael Barrow,Arlington Martin,Navy,RB,66.0,175.0,,,Arlington,TX,USA,"{'latitude': 32.701938999999996, 'longitude': -97.10562379033699, 'fipsCode': '48439'}"
256824,,HighSchool,2023,,Connor Heater,Brookfield,Navy,IOL,75.0,260.0,,,Brookfield,OH,USA,"{'latitude': 41.233945, 'longitude': -80.569517, 'fipsCode': '39155'}"
256825,,HighSchool,2023,,Xavier LeJeune,Dallas Skyline,Navy,CB,72.0,160.0,,,Dallas,TX,USA,"{'latitude': 32.7762719, 'longitude': -96.7968559, 'fipsCode': '48113'}"
256826,,HighSchool,2023,,Theo Elwell,Mcintosh,Navy,EDGE,78.0,220.0,,,Peachtree City,GA,USA,"{'latitude': 33.3967829, 'longitude': -84.5957629, 'fipsCode': '13113'}"
256827,,HighSchool,2023,,Derek Ganter Jr.,Arcadia,Eastern Washington,S,72.0,188.0,,,Arcadia,CA,USA,"{'latitude': 34.1362075, 'longitude': -118.0401497, 'fipsCode': '06037'}"
256828,,HighSchool,2023,,Jirah Leaupepetele,Apple Valley,Eastern Washington,DL,75.0,322.0,,,Apple Valley,CA,USA,"{'latitude': 34.5008311, 'longitude': -117.1858759, 'fipsCode': '06071'}"
256830,,HighSchool,2023,,Jibriel Conde,Lincoln,Grand Valley State,EDGE,76.0,230.0,,,Ypsilanti,MI,USA,"{'latitude': 42.24253, 'longitude': -83.6171426940706, 'fipsCode': '26161'}"
256831,,HighSchool,2023,,Cannon Mackey,Normal Community,Grand Valley State,IOL,77.0,280.0,,,Normal,IL,USA,"{'latitude': 40.5117699, 'longitude': -88.9944815, 'fipsCode': '17113'}"
256832,,HighSchool,2023,,Khamani Potts,Rochester,Grand Valley State,EDGE,75.0,200.0,,,Rochester,MI,USA,"{'latitude': 42.680588, 'longitude': -83.1338214, 'fipsCode': '27109'}"
256833,,HighSchool,2023,,Derek Rood,Cadillac Senior,Grand Valley State,EDGE,75.0,230.0,,,Cadillac,MI,USA,"{'latitude': 44.2519526, 'longitude': -85.4011619, 'fipsCode': '26165'}"
256834,,HighSchool,2023,,Alex McLean,Rockford,Grand Valley State,RB,67.0,165.0,,,Rockford,MI,USA,"{'latitude': 43.119721, 'longitude': -85.559604, 'fipsCode': '17201'}"
256835,,HighSchool,2023,,Conor Smith,Lumen Christi,Grand Valley State,ATH,74.0,230.0,,,Jackson,MI,USA,"{'latitude': 42.2465036, 'longitude': -84.4016963, 'fipsCode': '28049'}"
256836,,HighSchool,2023,,Dorijan Jackson,East Lansing,Grand Valley State,WR,,,,,East Lansing,MI,USA,"{'latitude': 42.7355416, 'longitude': -84.4852469, 'fipsCode': '26065'}"
256837,,HighSchool,2023,,DeAndre Hill,West Bloomfield,Grand Valley State,TE,74.0,220.0,,,West Bloomfield,MI,USA,"{'latitude': 42.5679, 'longitude': -83.3733, 'fipsCode': '36069'}"
256838,,HighSchool,2023,,Matthew Nickens,Cass Technical,Grand Valley State,S,74.0,174.0,,,Detroit,MI,USA,"{'latitude': 42.3315509, 'longitude': -83.0466403, 'fipsCode': '26163'}"
256839,,HighSchool,2023,,Tymere Burton,South Gwinnett,Charlotte,LB,75.0,225.0,,,Snellville,GA,USA,"{'latitude': 33.857328, 'longitude': -84.0199108, 'fipsCode': '13135'}"
256847,,HighSchool,2023,,Ezekiel Zeff,IMG Academy,Charlotte,DL,74.0,300.0,,,Bradenton,FL,USA,"{'latitude': 27.4989278, 'longitude': -82.5748194, 'fipsCode': '12081'}"
256849,,HighSchool,2023,,Daryl DePass,Beaufort,Charlotte,CB,71.0,160.0,,,Beaufort,SC,USA,"{'latitude': 32.4315813, 'longitude': -80.6698286, 'fipsCode': '45013'}"
256851,,HighSchool,2023,,Brodrick Stewart,Mansfield Summit,Northern Arizona,DL,74.0,305.0,,,Arlington,TX,USA,"{'latitude': 32.701938999999996, 'longitude': -97.10562379033699, 'fipsCode': '48439'}"
256852,,HighSchool,2023,,Kyler Wilson,Montgomery,Northern Arizona,S,72.0,185.0,,,Montgomery,TX,USA,"{'latitude': 30.3882613, 'longitude': -95.6963355, 'fipsCode': '48339'}"
256853,,HighSchool,2023,,Darieus Dixon,McGregor,Northern Arizona,CB,72.0,170.0,,,Mcgregor,TX,USA,"{'latitude': 31.4368343, 'longitude': -97.4089194, 'fipsCode': '48309'}"
256854,,HighSchool,2023,,Jeno Junius Jr.,Chaminade-Madonna,Western Carolina,LB,71.0,185.0,,,Hollywood,FL,USA,"{'latitude': 26.0112014, 'longitude': -80.1494901, 'fipsCode': '12011'}"
256855,,HighSchool,2023,,James Tyre,Lambert,Western Carolina,WR,70.0,155.0,,,Suwanee,GA,USA,"{'latitude': 34.0514898, 'longitude': -84.0712997, 'fipsCode': '13135'}"
256856,,HighSchool,2023,,Eric Rasheed,Hendersonville,Western Carolina,WR,69.0,160.0,,,Hendersonville,NC,USA,"{'latitude': 35.3187279, 'longitude': -82.4609528, 'fipsCode': '37089'}"
256857,,HighSchool,2023,,Bo Simpson-Nealy,Seminole,Western Carolina,S,70.0,185.0,,,Sanford,FL,USA,"{'latitude': 28.8117297, 'longitude': -81.2680345, 'fipsCode': '12117'}"
256859,,HighSchool,2023,,Kenyon Partridge,Columbia,Western Carolina,DL,75.0,225.0,,,Decatur,GA,USA,"{'latitude': 33.7737582, 'longitude': -84.296069, 'fipsCode': '13089'}"
256860,,HighSchool,2023,,Antonio Simpson,Seminole,Western Carolina,CB,70.0,178.0,,,Sanford,FL,USA,"{'latitude': 28.8117297, 'longitude': -81.2680345, 'fipsCode': '12117'}"
256861,,HighSchool,2023,,Zach Watson,Ware County,Western Carolina,IOL,73.0,265.0,,,Waycross,GA,USA,"{'latitude': 31.2135511, 'longitude': -82.3540178, 'fipsCode': '13299'}"
256862,,HighSchool,2023,,Marselle Felton,North Cobb,Western Carolina,IOL,76.0,290.0,,,Kennesaw,GA,USA,"{'latitude': 34.0234337, 'longitude': -84.6154897, 'fipsCode': '13067'}"
256864,,HighSchool,2023,,David Hulbert,Charlotte Christian,Western Carolina,TE,76.0,225.0,,,Charlotte,NC,USA,"{'latitude': 35.2272, 'longitude': -80.843083, 'fipsCode': '37119'}"
256865,,HighSchool,2023,,Jai Boyd,Fairfield Central,Western Carolina,WR,73.0,157.0,,,Winnsboro,SC,USA,"{'latitude': 34.3807012, 'longitude': -81.0864776, 'fipsCode': '45039'}"
256868,,HighSchool,2023,,TJ Hartley,Whitewater,Austin Peay,K,72.0,172.0,,,Fayetteville,GA,USA,"{'latitude': 33.4487257, 'longitude': -84.4549262, 'fipsCode': '13113'}"
256871,,HighSchool,2023,,Ty Williams,Greeneville,Austin Peay,OT,76.0,309.0,,,Greeneville,TN,USA,"{'latitude': 36.1631575, 'longitude': -82.8309861, 'fipsCode': '47059'}"
256872,,HighSchool,2023,,Malaki Dowell,White County,Austin Peay,RB,70.0,185.0,,,Sparta,TN,USA,"{'latitude': 35.9258921, 'longitude': -85.4641342, 'fipsCode': '47185'}"
256873,,HighSchool,2023,,Griffin Throneberry,Mt. Juliet,Austin Peay,ATH,74.0,205.0,,,Mt. Juliet,TN,USA,"{'latitude': 36.200055, 'longitude': -86.5186054, 'fipsCode': '47189'}"
256874,,HighSchool,2023,,Josiah Drake,Duncanville,Austin Peay,IOL,75.0,275.0,,,Duncanville,TX,USA,"{'latitude': 32.6518004, 'longitude': -96.9083366, 'fipsCode': '48113'}"
256875,,HighSchool,2023,,Marceo Collins Jr.,Baylor School,Austin Peay,DL,75.0,265.0,,,Chattanooga,TN,USA,"{'latitude': 35.0457219, 'longitude': -85.3094883, 'fipsCode': '47065'}"
256876,,HighSchool,2023,,Stephen Scourtis,State College Area,Harvard,EDGE,76.0,240.0,,,State College,PA,USA,"{'latitude': 40.7944504, 'longitude': -77.8616386, 'fipsCode': '42027'}"
256877,,HighSchool,2023,,Cooper Roy,Air Force Prep,Missouri State,LB,75.0,220.0,,,U S A F Academy,CO,USA,"{'latitude': None, 'longitude': None, 'fipsCode': None}"
256879,,HighSchool,2023,,Floyd Williams,Gosnell,Missouri State,CB,72.0,175.0,,,Gosnell,AR,USA,"{'latitude': 35.962109749999996, 'longitude': -89.96735296661407, 'fipsCode': '05093'}"
256883,,HighSchool,2023,,Andrew Powdrell,College Park,Montana State,CB,72.0,175.0,,,The Woodlands,TX,USA,"{'latitude': 30.1734194, 'longitude': -95.504686, 'fipsCode': '48339'}"
256884,,HighSchool,2023,,Cedric Jefferson,Chaparral,Montana State,OT,76.0,265.0,,,Temecula,CA,USA,"{'latitude': 33.4946353, 'longitude': -117.1473661, 'fipsCode': '06065'}"
256885,,HighSchool,2023,,Chance Wilson,Rejoice Christian,Montana State,QB,75.0,180.0,,,Owasso,OK,USA,"{'latitude': 36.2661536, 'longitude': -95.8549456, 'fipsCode': '40143'}"
256887,,HighSchool,2023,,Dylan Cook,Butte,Montana,OT,77.0,280.0,,,Butte,MT,USA,"{'latitude': 46.0131505, 'longitude': -112.5365089, 'fipsCode': '30093'}"
256890,,HighSchool,2023,,Garon Duncan,Dripping Springs,Yale,WR,73.0,195.0,,,Dripping Springs,TX,USA,"{'latitude': 30.1902067, 'longitude': -98.0866781, 'fipsCode': '48209'}"
256891,,HighSchool,2023,,Brandon Webster,St. Ignatius,Yale,ATH,72.0,182.0,,,Cleveland,OH,USA,"{'latitude': 41.5051613, 'longitude': -81.6934446, 'fipsCode': '39035'}"
256894,,HighSchool,2023,,Eric Olsen,Desert HIlls,Utah Tech,TE,77.0,230.0,,,St. George,UT,USA,"{'latitude': 37.104153, 'longitude': -113.5841313, 'fipsCode': '49053'}"
256896,,HighSchool,2023,,Kymani Lautaimi,West,Idaho State,EDGE,73.0,235.0,,,Salt Lake City,UT,USA,"{'latitude': 40.7596198, 'longitude': -111.8867975, 'fipsCode': '49035'}"
256897,,HighSchool,2023,,Bradley Vislisel,Mount Vernon,Northern Iowa,DL,77.0,220.0,,,Mount Vernon,IA,USA,"{'latitude': 41.9222443, 'longitude': -91.4171209, 'fipsCode': '19113'}"
256898,,HighSchool,2023,,Will Frattalone,Benilde-St Margaret's,Northern Iowa,ATH,72.0,200.0,,,Minneapolis,MN,USA,"{'latitude': 44.9772995, 'longitude': -93.2654692, 'fipsCode': '27053'}"
256899,,HighSchool,2023,,Alonzo Morgan,Blue Valley North,Northern Iowa,CB,71.0,160.0,,,Leawood,KS,USA,"{'latitude': 38.966673, 'longitude': -94.6169012, 'fipsCode': '20091'}"
256900,,HighSchool,2023,,Braylon Kammrad,Lewis Central,Northern Iowa,QB,74.0,185.0,,,Council Bluffs,IA,USA,"{'latitude': 41.2621283, 'longitude': -95.8613912, 'fipsCode': '19155'}"
256901,,HighSchool,2023,,Emmet Rhoades,St. Ignatius,Florida A&M,LS,70.0,225.0,,,Saint Ignatius,MT,,"{'latitude': None, 'longitude': None, 'fipsCode': None}"
256902,,HighSchool,2023,,Cedric Byrd,Gadsden County,Florida A&M,CB,71.0,175.0,,,Havana,FL,USA,"{'latitude': 30.6255617, 'longitude': -84.4153769, 'fipsCode': '12039'}"
256903,,HighSchool,2023,,Damir Blakely,American Collegiate Academy,Florida A&M,TE,74.0,200.0,,,Clearwater,FL,USA,"{'latitude': 27.9658533, 'longitude': -82.8001026, 'fipsCode': '12103'}"
256912,,HighSchool,2023,,Elijah Gunn,Callaway,Southern Illinois,DL,74.0,290.0,,,Hogansville,GA,USA,"{'latitude': 33.1731769, 'longitude': -84.914936, 'fipsCode': '13285'}"
256914,,HighSchool,2023,,Darius Beauvoir,Community School Of Naples,Pennsylvania,ATH,74.0,185.0,,,Naples,FL,USA,"{'latitude': 26.1421976, 'longitude': -81.7942944, 'fipsCode': '12021'}"
256915,,HighSchool,2023,,Cadin Olsen,Armstrong,Pennsylvania,QB,76.0,205.0,,,Kittanning,PA,USA,"{'latitude': 40.8164531, 'longitude': -79.5219893, 'fipsCode': '42005'}"
256916,,HighSchool,2023,,Michael Zack,Choate Rosemary Hall,Pennsylvania,IOL,76.0,280.0,,,Wallingford,CT,USA,"{'latitude': 41.4570418, 'longitude': -72.8231552, 'fipsCode': '09009'}"
256920,,HighSchool,2023,,Todd Drummond,Pawhuska,South Dakota,QB,76.0,190.0,,,Pawhuska,OK,USA,"{'latitude': 36.6678426, 'longitude': -96.3372309, 'fipsCode': '40113'}"
256921,,HighSchool,2023,,Lendon Phillips Jr.,Wichita Northwest,South Dakota,RB,69.0,200.0,,,Wichita,KS,USA,"{'latitude': 37.6922361, 'longitude': -97.3375448, 'fipsCode': '20173'}"
256922,,HighSchool,2023,,Brandon Smith,DeMatha Catholic,South Dakota,IOL,73.0,290.0,,,Hyattsville,MD,USA,"{'latitude': 38.9529442, 'longitude': -76.9408647, 'fipsCode': '24033'}"
256923,,HighSchool,2023,,Lawson Petty,Highland Park,Incarnate Word,IOL,75.0,275.0,,,Dallas,TX,USA,"{'latitude': 32.7762719, 'longitude': -96.7968559, 'fipsCode': '48113'}"
256925,,HighSchool,2023,,Rasheed Jackson,Duncanville,Incarnate Word,OT,77.0,320.0,,,Duncanville,TX,USA,"{'latitude': 32.6518004, 'longitude': -96.9083366, 'fipsCode': '48113'}"
256926,,HighSchool,2023,,Jameson Garcia,Amarillo,Incarnate Word,WR,73.0,190.0,,,Amarillo,TX,USA,"{'latitude': 35.2072185, 'longitude': -101.8338246, 'fipsCode': '48375'}"
256928,,HighSchool,2023,,Logan Granville,Fort Bend Marshall,Incarnate Word,EDGE,76.0,225.0,,,Missouri City,TX,USA,"{'latitude': 29.6185669, 'longitude': -95.5377215, 'fipsCode': '48157'}"
256930,,HighSchool,2023,,Dane Farley,Wylie,Incarnate Word,TE,75.0,230.0,,,Wylie,TX,USA,"{'latitude': 33.0151201, 'longitude': -96.5388789, 'fipsCode': '48085'}"
256931,,HighSchool,2023,,Patrick Batiste,Klein Cain,Incarnate Word,CB,71.0,170.0,,,Houston,TX,USA,"{'latitude': 29.7589382, 'longitude': -95.3676974, 'fipsCode': '48201'}"
256932,,HighSchool,2023,,Jeremiah Robinson,Brookshire Royal,Incarnate Word,DL,74.0,240.0,,,Brookshire,TX,USA,"{'latitude': 29.7860643, 'longitude': -95.9510661, 'fipsCode': '48473'}"
256933,,HighSchool,2023,,Christian Fitchett,Cibolo Steele,Incarnate Word,OT,77.0,270.0,,,Cibolo,TX,USA,"{'latitude': 29.5707831, 'longitude': -98.2330927, 'fipsCode': '48187'}"
256934,,HighSchool,2023,,Noah Yeh,Shady Side Academy,San Diego,EDGE,76.0,245.0,,,Pittsburgh,PA,USA,"{'latitude': 40.4416941, 'longitude': -79.9900861, 'fipsCode': '42003'}"
256935,,HighSchool,2023,,Tyree Trusty,Columbine,San Diego,RB,71.0,195.0,,,Littleton,CO,USA,"{'latitude': 39.613321, 'longitude': -105.0166498, 'fipsCode': '08005'}"
256938,,HighSchool,2023,,Vontrelle Sanders,Sherman,Houston Christian,WR,74.0,170.0,,,Sherman,TX,USA,"{'latitude': 33.6398609, 'longitude': -96.6089146, 'fipsCode': '48181'}"
256939,,HighSchool,2023,,Jaylon Stone,Clarke Central,Southeast Missouri State,DL,74.0,288.0,,,Athens,GA,USA,"{'latitude': 33.9597677, 'longitude': -83.376398, 'fipsCode': '13059'}"
256693,4921399,HighSchool,2023,,Tajh Boyd,Oscar Smith,Liberty,OT,77.0,315.0,,,Chesapeake,VA,USA,"{'latitude': 36.7183708, 'longitude': -76.2466798, 'fipsCode': '51550'}"
257156,5157412,HighSchool,2023,,Maxwell Warren,Avon Old Farms,Holy Cross,WR,72.0,170.0,,,Avon,CT,USA,"{'latitude': 41.8098209, 'longitude': -72.8306541, 'fipsCode': '09003'}"
256643,5088803,HighSchool,2023,,Eli Wallace,Duncanville,Sam Houston,EDGE,73.0,220.0,,,Duncanville,TX,USA,"{'latitude': 32.6518004, 'longitude': -96.9083366, 'fipsCode': '48113'}"
257159,5157411,HighSchool,2023,,Luke Petitta,Riverview,Holy Cross,TE,77.0,240.0,,,Sarasota,FL,USA,"{'latitude': 27.3364347, 'longitude': -82.5306527, 'fipsCode': '12115'}"
256576,5121666,HighSchool,2023,,Kam Shanks,Prattville,UAB,WR,70.0,175.0,,,Prattville,AL,USA,"{'latitude': 32.4640245, 'longitude': -86.4596966, 'fipsCode': '01001'}"
257153,5157391,HighSchool,2023,,Jayden Clerveaux,Williston Northampton School,Holy Cross,RB,71.0,200.0,,,Easthampton,MA,USA,"{'latitude': 42.2689274, 'longitude': -72.6688036, 'fipsCode': '25015'}"
257152,5157415,HighSchool,2023,,Brice Stevenson,Berkeley Prep,Holy Cross,DL,73.0,295.0,,,Tampa,FL,USA,"{'latitude': 27.9477595, 'longitude': -82.458444, 'fipsCode': '12057'}"
257149,5157398,HighSchool,2023,,Eli Thompson,Darlington School,Holy Cross,CB,70.0,170.0,,,Rome,GA,USA,"{'latitude': 34.257038, 'longitude': -85.1646726, 'fipsCode': '13115'}"
256490,5150261,HighSchool,2023,,Jabrae Shaw,Mills University Studies,Arkansas,RB,70.0,195.0,,,Little Rock,AR,USA,"{'latitude': 34.7464809, 'longitude': -92.2895948, 'fipsCode': '05119'}"
256731,5157281,HighSchool,2023,,Marlon Corey II,Grayson,Coastal Carolina,OT,77.0,285.0,,,Loganville,GA,USA,"{'latitude': 33.8389977, 'longitude': -83.9007382, 'fipsCode': '13297'}"
256639,4950393,HighSchool,2023,,Branden Palmer,Hough,Georgia Southern,EDGE,76.0,205.0,,,Cornelius,NC,USA,"{'latitude': 35.4817982, 'longitude': -80.8589501, 'fipsCode': '37119'}"
256744,5158401,HighSchool,2023,,Jackson Johnson,Salem,Tulsa,QB,70.0,165.0,,,Salem,OH,USA,"{'latitude': 40.9008923, 'longitude': -80.8567502, 'fipsCode': '39029'}"
256582,5158402,HighSchool,2023,,Elijah Williams,Thompson,UAB,DL,75.0,290.0,,,Alabaster,AL,USA,"{'latitude': 33.2442813, 'longitude': -86.8163773, 'fipsCode': '01117'}"
257044,4923224,HighSchool,2023,,Darold DeNgohe,LaSalle College,James Madison,DL,74.0,270.0,,,Glenside,PA,USA,"{'latitude': 40.1023326, 'longitude': -75.1521195, 'fipsCode': '42091'}"
257037,5166242,HighSchool,2023,,Jason Hampton,South Houston,Stephen F. Austin,CB,72.0,160.0,,,South Houston,TX,USA,"{'latitude': 29.663008, 'longitude': -95.2354902, 'fipsCode': '48201'}"
257032,5166250,HighSchool,2023,,Tim Muhammad,Garland,Stephen F. Austin,EDGE,76.0,225.0,,,Garland,TX,USA,"{'latitude': 32.912624, 'longitude': -96.6388833, 'fipsCode': '48113'}"
257063,5166761,HighSchool,2023,,Cordell Wilson,Robbinsdale Armstrong,Western Illinois,CB,70.0,175.0,,,Minneapolis,MN,USA,"{'latitude': 44.9772995, 'longitude': -93.2654692, 'fipsCode': '27053'}"
257038,5167781,HighSchool,2023,,Jarvis Anderson,Taylor,Stephen F. Austin,WR,70.0,160.0,,,Taylor,TX,USA,"{'latitude': 30.5728854, 'longitude': -97.4141053, 'fipsCode': '48491'}"
256492,5174993,HighSchool,2023,,Kenneth Williams,Lincoln,Nebraska,RB,69.0,190.0,,,LINCOLN,NE,USA,"{'latitude': 40.8088861, 'longitude': -96.7077751, 'fipsCode': '31109'}"
256695,5103800,HighSchool,2023,,Zach Dantzlerward,Loudoun Valley,Old Dominion,DL,76.0,295.0,,,Purcellville,VA,USA,"{'latitude': 39.1367717, 'longitude': -77.7147153, 'fipsCode': '51107'}"
257047,5110157,HighSchool,2023,,Ibrahim Barry,North County,James Madison,WR,78.0,200.0,,,Glen Burnie,MD,USA,"{'latitude': 39.1626298, 'longitude': -76.6250756, 'fipsCode': '24003'}"
257001,5110129,HighSchool,2023,,Ridge Redd,Sonoraville,Jacksonville State,TE,76.0,236.0,,,Calhoun,GA,USA,"{'latitude': 34.502587, 'longitude': -84.9510542, 'fipsCode': '13129'}"
256659,5078018,HighSchool,2023,,Naeten Mitchell,Temple,New Mexico State,S,71.0,175.0,,,Temple,TX,USA,"{'latitude': 31.098207, 'longitude': -97.3427847, 'fipsCode': '48027'}"
256549,5109793,HighSchool,2023,,Zyheem Coleman-Frazier,Timber Creek,Temple,WR,72.0,165.0,,,Sicklerville,NJ,USA,"{'latitude': 39.7173375, 'longitude': -74.9693329, 'fipsCode': '34007'}"
256881,4870701,HighSchool,2023,,Jayden Gillens,Jones,Missouri State,WR,69.0,170.0,,,Orlando,FL,USA,"{'latitude': 28.5421109, 'longitude': -81.3790304, 'fipsCode': '12095'}"
256848,5101116,HighSchool,2023,,Colin Coates,St. Frances Academy,Charlotte,DL,74.0,292.0,,,Baltimore,MD,USA,"{'latitude': 39.2908816, 'longitude': -76.610759, 'fipsCode': '24510'}"
256510,5161773,HighSchool,2023,,DJ Cotton Jr.,Mt. Zion Prep,West Virginia,DL,74.0,260.0,,,Lanham,MD,USA,"{'latitude': 38.9670551, 'longitude': -76.8619166, 'fipsCode': '24033'}"
256596,5120317,HighSchool,2023,,Jordan Lovett,Statesboro,Troy,ATH,71.0,185.0,,,Statesboro,GA,USA,"{'latitude': 32.4490141, 'longitude': -81.7832912, 'fipsCode': '13031'}"
256496,5151023,HighSchool,2023,,Carter Schwartz,Trinity,Louisville,P,75.0,215.0,,,Louisville,KY,USA,"{'latitude': 38.2542376, 'longitude': -85.759407, 'fipsCode': '21111'}"
257002,5150905,HighSchool,2023,,Travis Franklin Jr.,Sandy Creek,Jacksonville State,CB,71.0,180.0,,,Tyrone,GA,USA,"{'latitude': 33.4713249, 'longitude': -84.5972005, 'fipsCode': '13113'}"
256698,5101121,HighSchool,2023,,Trenton Kintigh,Venice,Old Dominion,DL,74.0,255.0,,,Venice,FL,USA,"{'latitude': 27.0999188, 'longitude': -82.4543597, 'fipsCode': '12115'}"
256685,5101119,HighSchool,2023,,Jayden House,Bishop Gorman,Portland State,EDGE,75.0,250.0,,,Las Vegas,NV,USA,"{'latitude': 36.1672559, 'longitude': -115.1485163, 'fipsCode': '32003'}"
256953,5158829,HighSchool,2023,,Javon Robinson,Homestead,Grambling,WR,69.0,160.0,,,Homestead,FL,USA,"{'latitude': 25.4718946, 'longitude': -80.4759905, 'fipsCode': '12086'}"
256739,5122076,HighSchool,2023,,Cole Weaver,Blessed Trinity Catholic,Miami (OH),WR,77.0,200.0,,,Roswell,GA,USA,"{'latitude': 34.02332, 'longitude': -84.360022, 'fipsCode': '13121'}"
257053,5080304,HighSchool,2023,,Evan Spivey,Germantown Academy,James Madison,WR,74.0,185.0,,,Fort Washington,PA,USA,"{'latitude': 40.1399717, 'longitude': -75.210095, 'fipsCode': '42091'}"
256552,5160148,HighSchool,2023,,Ihsim Smith-Marsette,Weequahic,Temple,S,71.0,170.0,,,Newark,NJ,USA,"{'latitude': 40.735657, 'longitude': -74.1723667, 'fipsCode': '34013'}"
256714,5124132,HighSchool,2023,,Austin Ackel,John Curtis,New Mexico,LB,75.0,210.0,,,River Ridge,LA,USA,"{'latitude': 38.378678, 'longitude': -85.6455176, 'fipsCode': '18019'}"
256551,5160152,HighSchool,2023,,Kian Johnson,Inlet Grove,Temple,WR,70.0,165.0,,,Riviera Beach,FL,USA,"{'latitude': 26.7753405, 'longitude': -80.0580969, 'fipsCode': '12099'}"
256484,5154345,HighSchool,2023,,Campbell Vandiver,Lipscomb Academy,South Carolina,OT,79.0,267.0,,,Nashville,TN,USA,"{'latitude': 36.1622296, 'longitude': -86.7743531, 'fipsCode': '47037'}"
257048,5092352,HighSchool,2023,,Chris Lofton,A.C. Flora,James Madison,WR,70.0,165.0,,,Columbia,SC,USA,"{'latitude': 34.0007493, 'longitude': -81.0343313, 'fipsCode': '45079'}"
256713,5124993,HighSchool,2023,,Edward Blacklock,Klein Forest,New Mexico,CB,72.0,175.0,,,Houston,TX,USA,"{'latitude': 29.7589382, 'longitude': -95.3676974, 'fipsCode': '48201'}"
256748,5125729,HighSchool,2023,,RJ Jackson Jr.,Choctaw,Tulsa,TE,76.0,220.0,,,Choctaw,OK,USA,"{'latitude': 35.4975654, 'longitude': -97.2689263, 'fipsCode': '40109'}"
256640,4871058,HighSchool,2023,,Keion Wallace,Effingham County,Georgia Southern,WR,75.0,215.0,,,Springfield,GA,USA,"{'latitude': 32.3724131, 'longitude': -81.3114988, 'fipsCode': '13103'}"
256807,5092455,HighSchool,2023,,Zach Moore,Sachse,UL Monroe,IOL,77.0,307.0,,,Sachse,TX,USA,"{'latitude': 32.9762327, 'longitude': -96.5952703, 'fipsCode': '48113'}"
256809,5092411,HighSchool,2023,,Evan Blalock,Mobile Christian,UL Monroe,CB,72.0,170.0,,,Mobile,AL,USA,"{'latitude': 30.6943566, 'longitude': -88.0430541, 'fipsCode': '01097'}"
256483,5154346,HighSchool,2023,,Lukas Vozeh,IMG Academy,South Carolina,TE,76.0,230.0,,,Bradenton,FL,USA,"{'latitude': 27.4989278, 'longitude': -82.5748194, 'fipsCode': '12081'}"
256733,5157266,HighSchool,2023,,Bryson Graves,West Florence,Coastal Carolina,WR,73.0,185.0,,,Florence,SC,USA,"{'latitude': 34.1984435, 'longitude': -79.7671658, 'fipsCode': '45041'}"
256574,5125721,HighSchool,2023,,Jonathan Allen,Jackson-Olin,UAB,EDGE,75.0,230.0,,,Birmingham,AL,USA,"{'latitude': 33.5206824, 'longitude': -86.8024326, 'fipsCode': '01073'}"
256536,5161691,HighSchool,2023,,Keilan Smith,Pickerington Central,Cincinnati,DL,74.0,290.0,,,Pickerington,OH,USA,"{'latitude': 39.896277299999994, 'longitude': -82.77319049748806, 'fipsCode': '39045'}"
256658,5092213,HighSchool,2023,,Kaden Stanton,Beggs,New Mexico State,OT,77.0,315.0,,,Beggs,OK,USA,"{'latitude': 35.7425976, 'longitude': -96.0702731, 'fipsCode': '40111'}"
256992,5154262,HighSchool,2023,,Gavin Harris,Converse Judson,Howard,TE,75.0,220.0,,,Converse,TX,USA,"{'latitude': 29.5180081, 'longitude': -98.3161241, 'fipsCode': '48029'}"
256699,5125725,HighSchool,2023,,Spencer Dow,Maine South,Old Dominion,IOL,74.0,292.0,,,Park Ridge,IL,USA,"{'latitude': 42.0112329, 'longitude': -87.8406031, 'fipsCode': '17031'}"
256768,4871078,HighSchool,2023,,Shakai Woods,Douglas County,Middle Tennessee,LB,73.0,240.0,,,Douglasville,GA,USA,"{'latitude': 33.7514966, 'longitude': -84.7477136, 'fipsCode': '13097'}"
256781,5125525,HighSchool,2023,,Jahzae Kimbrough,Patrick Henry,Kent State,ATH,71.0,185.0,,,Roanoke,VA,USA,"{'latitude': 37.270973, 'longitude': -79.9414313, 'fipsCode': '51770'}"
256730,5124203,HighSchool,2023,,Trelon Slade,Fork Union Military Academy,Coastal Carolina,WR,74.0,180.0,,,Fork Union,VA,USA,"{'latitude': 37.7632986, 'longitude': -78.2626198, 'fipsCode': '51065'}"
256841,5151045,HighSchool,2023,,Dominick Kelley,Cuthbertson,Charlotte,OT,77.0,285.0,,,Waxhaw,NC,USA,"{'latitude': 34.9362535, 'longitude': -80.75079198523316, 'fipsCode': '37179'}"
256485,5150258,HighSchool,2023,,Emmanuel Crawford,Grove,Arkansas,RB,70.0,175.0,,,Jay,OK,USA,"{'latitude': 36.4211914, 'longitude': -94.7968959, 'fipsCode': '40041'}"
256488,5150268,HighSchool,2023,,Luke Johnston,Trinity Christian Academy,Arkansas,TE,77.0,235.0,,,Addison,TX,USA,"{'latitude': 32.9604305, 'longitude': -96.83025951893629, 'fipsCode': '48113'}"
256486,5150275,HighSchool,2023,,Kaylon Morris,Fayetteville,Arkansas,WR,74.0,185.0,,,FAYETTEVILLE,AR,USA,"{'latitude': 36.0625843, 'longitude': -94.1574328, 'fipsCode': '05143'}"
256609,5150300,HighSchool,2023,,Champ Harris,St. Thomas Aquinas,Army,QB,74.0,180.0,,,Fort Lauderdale,FL,USA,"{'latitude': 26.1223084, 'longitude': -80.1433786, 'fipsCode': '12011'}"
256607,5150299,HighSchool,2023,,Carlos Alvarado,Tomball,Army,K,69.0,155.0,,,Tomball,TX,USA,"{'latitude': 30.0971621, 'longitude': -95.6160549, 'fipsCode': '48201'}"
256606,5150321,HighSchool,2023,,Parker Williams,Fulshear,Army,WR,70.0,165.0,,,Fulshear,TX,USA,"{'latitude': 29.690292, 'longitude': -95.8996261, 'fipsCode': '48157'}"
256613,5150330,HighSchool,2023,,TJ Andrews,Taft,Army,RB,73.0,195.0,,,SAN ANTONIO,TX,USA,"{'latitude': 29.4246002, 'longitude': -98.4951405, 'fipsCode': '48029'}"
256905,5091827,HighSchool,2023,,Jalen Hand,Frederick Douglass,Western Kentucky,DL,76.0,270.0,,,Lexington,KY,USA,"{'latitude': 38.0464066, 'longitude': -84.4970393, 'fipsCode': '21067'}"
256772,5122015,HighSchool,2023,,David Afogho,Catholic Memorial,Bowling Green,LB,75.0,210.0,,,West Roxbury,MA,USA,"{'latitude': 42.2792649, 'longitude': -71.1494972, 'fipsCode': '25025'}"
256774,5160945,HighSchool,2023,,Chris Edmonds,Central Catholic,Bowling Green,RB,70.0,200.0,,,Toledo,OH,USA,"{'latitude': 41.6786754, 'longitude': -83.5127283, 'fipsCode': '39095'}"
256622,5150786,HighSchool,2023,,Makenzie McGill II,Mount Vernon,North Texas,RB,70.0,165.0,,,Mount Vernon,TX,USA,"{'latitude': 33.1850662, 'longitude': -95.2226528, 'fipsCode': '48159'}"
256846,5151041,HighSchool,2023,,Brian Bates,DeMatha Catholic,Charlotte,LB,72.0,225.0,,,Hyattsville,MD,USA,"{'latitude': 38.9529442, 'longitude': -76.9408647, 'fipsCode': '24033'}"
257009,5150921,HighSchool,2023,,Cam Griffin,Pinson Valley,Jacksonville State,IOL,76.0,305.0,,,Pinson,AL,USA,"{'latitude': 33.706205, 'longitude': -86.67007895992774, 'fipsCode': '01073'}"
257129,4882735,HighSchool,2023,,Ja'Kai Young,Westhill,Gardner-Webb,CB,72.0,180.0,,,Stamford,CT,USA,"{'latitude': 41.0534302, 'longitude': -73.5387341, 'fipsCode': '09001'}"
256775,5151218,HighSchool,2023,,Lucian Anderson III,Clarke Central,Bowling Green,QB,75.0,190.0,,,Athens,GA,USA,"{'latitude': 33.9597677, 'longitude': -83.376398, 'fipsCode': '13059'}"
257003,5150922,HighSchool,2023,,K.D. Arnold,Escambia County,Jacksonville State,OT,79.0,320.0,,,Atmore,AL,USA,"{'latitude': 31.0237921, 'longitude': -87.4938708, 'fipsCode': '01053'}"
256842,5151049,HighSchool,2023,,PJ Wilkins,St. Frances Academy,Charlotte,OT,79.0,335.0,,,Baltimore,MD,USA,"{'latitude': 39.2908816, 'longitude': -76.610759, 'fipsCode': '24510'}"
256843,5151043,HighSchool,2023,,Ephraim Deese,Forest Hills,Charlotte,DL,75.0,221.0,,,Marshville,NC,USA,"{'latitude': 34.988486, 'longitude': -80.3670085, 'fipsCode': '37179'}"
256999,5150931,HighSchool,2023,,Jackson Veasy,Gadsden City,Jacksonville State,DL,72.0,270.0,,,Gadsden,AL,USA,"{'latitude': 34.010929, 'longitude': -85.9989596, 'fipsCode': '01055'}"
256497,5151022,HighSchool,2023,,Kevin Longstreet,Inglewood,Louisville,CB,69.0,165.0,,,Inglewood,CA,USA,"{'latitude': 33.9562003, 'longitude': -118.353132, 'fipsCode': '06037'}"
256524,5151401,HighSchool,2023,,Javion Smith-Combs,Cherry Creek,Colorado State,EDGE,78.0,225.0,,,Englewood,CO,USA,"{'latitude': 39.6482059, 'longitude': -104.9879641, 'fipsCode': '08005'}"
257042,5151434,HighSchool,2023,,Cameron Jones,Weir,James Madison,OT,78.0,315.0,,,Weirton,WV,USA,"{'latitude': 40.4189566, 'longitude': -80.5895167, 'fipsCode': '54029'}"
257054,5151435,HighSchool,2023,,Rykin Maxwell,North Mecklenburg,James Madison,WR,75.0,200.0,,,Huntersville,NC,USA,"{'latitude': 35.410845, 'longitude': -80.8429094, 'fipsCode': '37119'}"
256542,5151827,HighSchool,2023,,Robert Hammond III,Cardinal Gibbons,Florida Atlantic,K,73.0,160.0,,,Fort Lauderdale,FL,USA,"{'latitude': 26.1223084, 'longitude': -80.1433786, 'fipsCode': '12011'}"
257113,5152606,HighSchool,2023,,Ricky Gonzalez,Antonian College Prep,Fordham,WR,72.0,185.0,,,SAN ANTONIO,TX,USA,"{'latitude': 29.4246002, 'longitude': -98.4951405, 'fipsCode': '48029'}"
257162,5152347,HighSchool,2023,,Adam Zouagui,Herndon,Davidson,K,71.0,188.0,,,Herndon,VA,USA,"{'latitude': 38.9695316, 'longitude': -77.3859479, 'fipsCode': '51059'}"
256893,5152415,HighSchool,2023,,Brevin Hamblin,Syracuse,Utah Tech,S,77.0,205.0,,,Syracuse,UT,USA,"{'latitude': 41.0895938, 'longitude': -112.0638903, 'fipsCode': '49011'}"
257101,5153389,HighSchool,2023,,Colton Hinton,Stone Bridge,Furman,WR,71.0,175.0,,,Ashburn,VA,USA,"{'latitude': 39.0437192, 'longitude': -77.4874899, 'fipsCode': '51107'}"
257122,5153318,HighSchool,2023,,A.J. Little,Noxubee County,Chattanooga,WR,71.0,193.0,,,Macon,MS,USA,"{'latitude': 33.1054039, 'longitude': -88.5608767, 'fipsCode': '28103'}"
256797,5086414,HighSchool,2023,,Noah Boulieu,Lancaster,Jackson State,LB,73.0,210.0,,,Lancaster,TX,USA,"{'latitude': 32.5920798, 'longitude': -96.7561083, 'fipsCode': '48113'}"
257090,5153429,HighSchool,2023,,Jeremiah Holmes,Hillside,The Citadel,LB,75.0,214.0,,,Durham,NC,USA,"{'latitude': 35.996653, 'longitude': -78.9018053, 'fipsCode': '37063'}"
257175,5153516,HighSchool,2023,,Ryder Hagan,Overton,Tennessee State,QB,74.0,200.0,,,Nashville,TN,USA,"{'latitude': 36.1622296, 'longitude': -86.7743531, 'fipsCode': '47037'}"
257102,5153377,HighSchool,2023,,Brock Chappell,Cardinal Gibbons,Furman,TE,77.0,245.0,,,Raleigh,NC,USA,"{'latitude': 35.7803977, 'longitude': -78.6390989, 'fipsCode': '37183'}"
257068,5153465,HighSchool,2023,,Jacob Horvath,McKinnon Secondary,Eastern Illinois,P,73.0,190.0,,,Australia,,AUS,"{'latitude': None, 'longitude': None, 'fipsCode': None}"
256882,5154291,HighSchool,2023,,Mitchell Toney,Trinity,Missouri State,DL,74.0,270.0,,,Louisville,KY,USA,"{'latitude': 38.2542376, 'longitude': -85.759407, 'fipsCode': '21111'}"
256878,5154278,HighSchool,2023,,Jayden Becks,Waxahachie,Missouri State,RB,70.0,190.0,,,Waxahachie,TX,USA,"{'latitude': 32.3944908, 'longitude': -96.8439365, 'fipsCode': '48139'}"
256880,5154294,HighSchool,2023,,Tim Brantley Jr.,Allen,Missouri State,DL,72.0,280.0,,,Allen,TX,USA,"{'latitude': 33.1031744, 'longitude': -96.6705503, 'fipsCode': '48085'}"
256545,5125902,HighSchool,2023,,Wyatt Freeman,Naval Academy Prep,Rice,LS,70.0,200.0,,,Newport,RI,USA,"{'latitude': 41.4899827, 'longitude': -71.3137707, 'fipsCode': '44005'}"
257098,5154245,HighSchool,2023,,Jacob Ulrich,Mill Creek,Kennesaw State,P,77.0,205.0,,,Hoschton,GA,USA,"{'latitude': 34.096496, 'longitude': -83.7612839, 'fipsCode': '13157'}"
257059,5154734,HighSchool,2023,,Griffin Wilde,Jefferson,South Dakota State,WR,74.0,200.0,,,Sioux Falls,SD,USA,"{'latitude': 43.5499749, 'longitude': -96.700327, 'fipsCode': '46099'}"
257060,5154732,HighSchool,2023,,Kirby Vorhees,Steinbrenner,South Dakota State,RB,69.0,200.0,,,Lutz,FL,USA,"{'latitude': 28.1511243, 'longitude': -82.4614831, 'fipsCode': '12057'}"
256936,5154855,HighSchool,2023,,Cutter Stewart,Alice,Houston Christian,QB,72.0,170.0,,,Alice,TX,USA,"{'latitude': 27.7522487, 'longitude': -98.0697249, 'fipsCode': '48249'}"
257010,5154884,HighSchool,2023,,Makai Shahid,Gahanna Lincoln,Youngstown State,CB,70.0,180.0,,,Columbus,OH,USA,"{'latitude': 39.9622601, 'longitude': -83.0007065, 'fipsCode': '39049'}"
256986,5155321,HighSchool,2023,,Elijah Owens,Jacksonville,Indiana State,QB,74.0,200.0,,,Jacksonville,IL,USA,"{'latitude': 39.7343037, 'longitude': -90.2288356, 'fipsCode': '12031'}"
256987,5155328,HighSchool,2023,,Zechariah Prince,East Robertson,Indiana State,RB,74.0,190.0,,,Cross Plains,TN,USA,"{'latitude': 36.5486597, 'longitude': -86.6961102, 'fipsCode': '47147'}"
256917,5155358,HighSchool,2023,,Christian de Villiers,Miami Columbus,Pennsylvania,P,76.0,200.0,,,Miami,FL,USA,"{'latitude': 25.7742658, 'longitude': -80.1936589, 'fipsCode': '12086'}"
256479,5158450,HighSchool,2023,,Zach Grace,Kearney,Oregon,TE,75.0,238.0,,,Kearney,MO,USA,"{'latitude': 40.699478, 'longitude': -99.081858, 'fipsCode': '31019'}"
256927,5156214,HighSchool,2023,,D'Arius Carmouche,South Grand Prairie,Incarnate Word,CB,71.0,160.0,,,Grand Prairie,TX,USA,"{'latitude': 32.657368000000005, 'longitude': -97.02846624175038, 'fipsCode': '48113'}"
256929,5156229,HighSchool,2023,,AJ Harris,Garland Lakeview Centennial,Incarnate Word,S,70.0,170.0,,,Garland,TX,USA,"{'latitude': 32.912624, 'longitude': -96.6388833, 'fipsCode': '48113'}"
256563,5156930,HighSchool,2023,,Mason Clinton,Petal,Louisiana,DL,77.0,290.0,,,Petal,MS,USA,"{'latitude': 31.3465627, 'longitude': -89.2600605, 'fipsCode': '28035'}"
257154,5157410,HighSchool,2023,,Charly Mullaly,John Jay,Holy Cross,WR,72.0,195.0,,,Hopewell Junction,NY,USA,"{'latitude': 41.584752, 'longitude': -73.80004907608696, 'fipsCode': '36027'}"
256814,4923296,HighSchool,2023,,Dahlyn Jones,DeSoto,Weber State,WR,74.0,220.0,,,Desoto,TX,USA,"{'latitude': 32.6061241, 'longitude': -96.865612653687, 'fipsCode': '48113'}"
256850,5088802,HighSchool,2023,,David Spruiells,South Oak Cliff,Northern Arizona,S,69.0,170.0,,,Dallas,TX,USA,"{'latitude': 32.7762719, 'longitude': -96.7968559, 'fipsCode': '48113'}"
257151,5157400,HighSchool,2023,,Drew Spinogatti,Bishop Moore Catholic,Holy Cross,LB,73.0,215.0,,,Orlando,FL,USA,"{'latitude': 28.5421109, 'longitude': -81.3790304, 'fipsCode': '12095'}"
