id,athleteId,recruitType,year,ranking,name,school,committedTo,position,height,weight,stars,rating,city,stateProvince,country,hometownInfo
254930,,HighSchool,2021,1.0,Marques Buford Jr.,St. Thomas More (Prep),Nebraska,CB,72.0,190.0,3.0,0.8589,Oakdale,CT,USA,"{'latitude': 41.4662093, 'longitude': -72.1573008, 'fipsCode': '09011'}"
115742,,HighSchool,2021,1.0,Quinn Ewers,Southlake Carroll,Ohio State,QB,75.0,206.0,5.0,1.0,Southlake,TX,USA,"{'latitude': 32.9412363, 'longitude': -97.1341783, 'fipsCode': '48439'}"
254944,,HighSchool,2021,2.0,Lorenz Terry,Fork Union Military Academy,Virginia,DL,77.0,240.0,3.0,0.8444,Fork Union,VA,USA,"{'latitude': 37.7632986, 'longitude': -78.2626198, 'fipsCode': '51065'}"
115743,4431274,HighSchool,2021,2.0,Korey Foreman,Corona Centennial,USC,DL,76.0,265.0,5.0,0.9992,Corona,CA,USA,"{'latitude': 33.8752945, 'longitude': -117.5664449, 'fipsCode': '06065'}"
115744,,HighSchool,2021,3.0,JC Latham,IMG Academy,Alabama,OT,78.0,305.0,5.0,0.9989,Bradenton,FL,USA,"{'latitude': 27.4989278, 'longitude': -82.5748194, 'fipsCode': '12081'}"
254952,,HighSchool,2021,3.0,Da'Shawn Elder,Fork Union Military Academy,Virginia Tech,S,73.0,200.0,3.0,0.8381,Fork Union,VA,USA,"{'latitude': 37.7632986, 'longitude': -78.2626198, 'fipsCode': '51065'}"
115745,4566154,HighSchool,2021,4.0,J.T. Tuimoloau,Eastside Catholic,Ohio State,DL,76.5,277.0,5.0,0.9989,Sammamish,WA,USA,"{'latitude': 47.6088445, 'longitude': -122.0423067, 'fipsCode': '53033'}"
115746,4431590,HighSchool,2021,5.0,Jack Sawyer,Pickerington North,Ohio State,DL,77.0,248.0,5.0,0.998,Pickerington,OH,USA,"{'latitude': 39.896277299999994, 'longitude': -82.77319049748806, 'fipsCode': '39045'}"
254988,,HighSchool,2021,5.0,Anthony Simpson,Trinity-Pawling School (PREP),Arizona,ATH,70.0,180.0,3.0,0.825,Pawling,NY,USA,"{'latitude': 41.5620381, 'longitude': -73.6026271, 'fipsCode': '36027'}"
255016,,HighSchool,2021,6.0,Latrell Fordham,St. Thomas More (Prep),Eastern Michigan,WR,76.0,180.0,3.0,0.8244,Oakdale,CT,USA,"{'latitude': 41.4662093, 'longitude': -72.1573008, 'fipsCode': '09011'}"
115747,4432667,HighSchool,2021,6.0,Tommy Brockermeyer,All Saints Episcopal,Alabama,OT,78.25,283.0,5.0,0.9977,Fort Worth,TX,USA,"{'latitude': 32.753177, 'longitude': -97.3327459, 'fipsCode': '48439'}"
255020,,HighSchool,2021,7.0,Jayden Chalmers,Fork Union Military Academy,East Carolina,CB,72.0,175.0,3.0,0.82,Fork Union,VA,USA,"{'latitude': 37.7632986, 'longitude': -78.2626198, 'fipsCode': '51065'}"
115748,4431611,HighSchool,2021,7.0,Caleb Williams,Gonzaga,Oklahoma,QB,73.0,210.0,5.0,0.9969,Washington,DC,USA,"{'latitude': 38.8949855, 'longitude': -77.0365708, 'fipsCode': '11001'}"
255160,,HighSchool,2021,8.0,Nate Martey,Loomis Chaffee Prep School,Princeton,DT,73.0,285.0,2.0,0.7956,Windsor,CT,USA,"{'latitude': 41.8525984, 'longitude': -72.6437022, 'fipsCode': '09003'}"
115749,4431571,HighSchool,2021,8.0,Amarius Mims,Bleckley County,Georgia,OT,79.0,315.0,5.0,0.9956,Cochran,GA,USA,"{'latitude': 32.3868278, 'longitude': -83.3546098, 'fipsCode': '13023'}"
115750,4565190,HighSchool,2021,9.0,Dallas Turner,St. Thomas Aquinas,Alabama,EDGE,76.0,245.0,5.0,0.995,Fort Lauderdale,FL,USA,"{'latitude': 26.1223084, 'longitude': -80.1433786, 'fipsCode': '12011'}"
115751,4567750,HighSchool,2021,10.0,Emeka Egbuka,Steilacoom,Ohio State,WR,73.0,190.0,5.0,0.9945,Steilacoom,WA,USA,"{'latitude': 47.1703692, 'longitude': -122.5962874, 'fipsCode': '53053'}"
115752,4431598,HighSchool,2021,11.0,Leonard Taylor III,Miami Palmetto,Miami,DL,76.0,265.0,5.0,0.9938,Miami,FL,USA,"{'latitude': 25.7742658, 'longitude': -80.1936589, 'fipsCode': '12086'}"
115753,4567748,HighSchool,2021,12.0,Sam Huard,Kennedy Catholic,Washington,QB,74.0,190.0,5.0,0.9935,Bellevue,WA,USA,"{'latitude': 47.6144219, 'longitude': -122.1923372, 'fipsCode': '53033'}"
115754,4431588,HighSchool,2021,13.0,Ja'Tavion Sanders,Denton Ryan,Texas,ATH,75.5,235.0,5.0,0.9932,Denton,TX,USA,"{'latitude': 33.2150386, 'longitude': -97.1330516, 'fipsCode': '48121'}"
115755,4431443,HighSchool,2021,14.0,Tristan Leigh,Robinson Secondary,Clemson,OT,77.0,270.0,5.0,0.9921,Fairfax,VA,USA,"{'latitude': 38.8462236, 'longitude': -77.3063733, 'fipsCode': '51600'}"
115756,4431613,HighSchool,2021,15.0,James Williams,American Heritage,Miami,S,77.0,218.0,5.0,0.9921,Opa Locka,FL,USA,"{'latitude': 25.896733849999997, 'longitude': -80.25949640850294, 'fipsCode': '12086'}"
115757,4431587,HighSchool,2021,16.0,Nolan Rucci,Warwick,Wisconsin,OT,80.0,295.0,5.0,0.9918,Lititz,PA,USA,"{'latitude': 40.1571252, 'longitude': -76.3072103, 'fipsCode': '42071'}"
115758,4432782,HighSchool,2021,17.0,Brock Vandagriff,Prince Avenue Christian School,Georgia,QB,75.0,205.0,5.0,0.9908,Bogart,GA,USA,"{'latitude': 33.949281, 'longitude': -83.534608, 'fipsCode': '13219'}"
115759,4873066,HighSchool,2021,18.0,Kool-Aid McKinstry,Pinson Valley,Alabama,CB,72.5,180.0,5.0,0.9906,Pinson,AL,USA,"{'latitude': 33.706205, 'longitude': -86.67007895992774, 'fipsCode': '01073'}"
115760,4431553,HighSchool,2021,19.0,Donovan Jackson,Episcopal,Ohio State,IOL,76.5,308.0,5.0,0.99,Bellaire,TX,USA,"{'latitude': 29.7057858, 'longitude': -95.4588299, 'fipsCode': '48201'}"
115761,4431567,HighSchool,2021,20.0,Maason Smith,Terrebonne,LSU,DL,77.0,316.0,5.0,0.9897,Houma,LA,USA,"{'latitude': 29.5957696, 'longitude': -90.7195348, 'fipsCode': '22109'}"
115762,4431558,HighSchool,2021,21.0,Terrence Lewis,Miami Central,Maryland,LB,73.0,200.0,5.0,0.9894,Opa Locka,FL,USA,"{'latitude': 25.896733849999997, 'longitude': -80.25949640850294, 'fipsCode': '12086'}"
115763,4432804,HighSchool,2021,22.0,Shemar Turner,DeSoto,Texas A&M,DL,75.5,282.0,5.0,0.9877,DeSoto,TX,USA,"{'latitude': 32.6061241, 'longitude': -96.865612653687, 'fipsCode': '48113'}"
115764,4432710,HighSchool,2021,23.0,TreVeyon Henderson,Hopewell,Ohio State,RB,71.0,195.0,5.0,0.9872,Hopewell,VA,USA,"{'latitude': 36.7468036, 'longitude': -79.4639158, 'fipsCode': '51143'}"
115765,4431503,HighSchool,2021,24.0,Damon Payne,Belleville,Alabama,DL,75.5,297.0,5.0,0.9872,Belleville,MI,USA,"{'latitude': 42.2048414, 'longitude': -83.4852106, 'fipsCode': '17163'}"
115766,4433970,HighSchool,2021,25.0,J.J. McCarthy,IMG Academy,Michigan,QB,75.0,190.0,5.0,0.9866,La Grange Park,IL,USA,"{'latitude': 41.8333646, 'longitude': -87.8677324, 'fipsCode': '17031'}"
115767,4431570,HighSchool,2021,26.0,Xavian Sorey Jr.,IMG Academy,Georgia,LB,75.0,214.0,5.0,0.9864,Bradenton,FL,USA,"{'latitude': 27.4989278, 'longitude': -82.5748194, 'fipsCode': '12081'}"
115768,4431506,HighSchool,2021,27.0,Ja'Corey Brooks,IMG Academy,Alabama,WR,75.0,185.0,5.0,0.9861,Miami,FL,USA,"{'latitude': 25.7742658, 'longitude': -80.1936589, 'fipsCode': '12086'}"
115769,4433971,HighSchool,2021,28.0,Kyle McCord,St. Joseph's Prep,Ohio State,QB,75.0,215.0,5.0,0.9858,Philadelphia,PA,USA,"{'latitude': 39.9527237, 'longitude': -75.1635262, 'fipsCode': '42101'}"
115770,4875178,HighSchool,2021,29.0,Jason Marshall Jr.,Miami Palmetto,Florida,CB,74.0,180.0,5.0,0.9854,Miami,FL,USA,"{'latitude': 25.7742658, 'longitude': -80.1936589, 'fipsCode': '12086'}"
115771,4431539,HighSchool,2021,30.0,Sage Ryan,Lafayette Christian Academy,LSU,S,71.0,193.0,5.0,0.9851,Lafayette,LA,USA,"{'latitude': 30.2240897, 'longitude': -92.0198427, 'fipsCode': '22055'}"
115772,4432764,HighSchool,2021,31.0,Keeshawn Silver,Rocky Mount,North Carolina,DL,78.0,275.0,5.0,0.9841,Rocky Mount,NC,USA,"{'latitude': 35.9423833, 'longitude': -77.7956949, 'fipsCode': '37127'}"
115773,4431545,HighSchool,2021,32.0,Will Shipley,Weddington,Clemson,RB,71.0,198.0,5.0,0.9839,Matthews,NC,USA,"{'latitude': 35.1170873, 'longitude': -80.723718, 'fipsCode': '37119'}"
115774,4431519,HighSchool,2021,33.0,Barrett Carter,North Gwinnett,Clemson,LB,73.0,220.0,5.0,0.9835,Suwanee,GA,USA,"{'latitude': 34.0514898, 'longitude': -84.0712997, 'fipsCode': '13135'}"
115775,,HighSchool,2021,34.0,Camar Wheaton,Garland Lakeview Centennial,Alabama,RB,71.0,190.0,5.0,0.9834,Garland,TX,USA,"{'latitude': 32.912624, 'longitude': -96.6388833, 'fipsCode': '48113'}"
115776,4431573,HighSchool,2021,35.0,Smael Mondon Jr.,Paulding County,Georgia,LB,75.0,220.0,5.0,0.9834,Dallas,GA,USA,"{'latitude': 33.9237141, 'longitude': -84.8407732, 'fipsCode': '13223'}"
115777,4431595,HighSchool,2021,36.0,Kingsley Suamataia,Orem,Oregon,OT,77.0,280.0,4.0,0.9823,Orem,UT,USA,"{'latitude': 40.2971825, 'longitude': -111.694943, 'fipsCode': '49049'}"
115778,4432777,HighSchool,2021,37.0,Jeremiah Trotter Jr.,St. Joseph's Prep,Clemson,LB,72.0,210.0,4.0,0.9818,Philadelphia,PA,USA,"{'latitude': 39.9527237, 'longitude': -75.1635262, 'fipsCode': '42101'}"
115779,4432765,HighSchool,2021,38.0,Clayton Smith,Texas High,Oklahoma,EDGE,76.0,220.0,4.0,0.9812,Texarkana,TX,USA,"{'latitude': 33.44628645, 'longitude': -94.07638067493534, 'fipsCode': '48037'}"
115780,4432655,HighSchool,2021,39.0,Tunmise Adeleye,Katy Tompkins,Texas A&M,DL,75.0,245.0,4.0,0.9811,Katy,TX,USA,"{'latitude': 29.7857853, 'longitude': -95.8243956, 'fipsCode': '48157'}"
115781,4432774,HighSchool,2021,40.0,Ty Thompson,Mesquite,Oregon,QB,76.0,215.0,4.0,0.9809,Gilbert,AZ,USA,"{'latitude': 33.3527632, 'longitude': -111.7890373, 'fipsCode': '04013'}"
115782,4431280,HighSchool,2021,41.0,Troy Franklin,Menlo-Atherton,Oregon,WR,74.0,170.0,4.0,0.9808,Menlo Park,CA,USA,"{'latitude': 37.4519671, 'longitude': -122.1779927, 'fipsCode': '06081'}"
115783,4431536,HighSchool,2021,42.0,Donovan Edwards,West Bloomfield,Michigan,RB,71.0,190.0,4.0,0.9806,West Bloomfield,MI,USA,"{'latitude': 42.5679, 'longitude': -83.3733, 'fipsCode': '36069'}"
115784,4431618,HighSchool,2021,43.0,Mario Williams,Plant City,Oklahoma,WR,71.0,178.0,4.0,0.9801,Plant City,FL,USA,"{'latitude': 28.01806015, 'longitude': -82.11848198507127, 'fipsCode': '12057'}"
115785,4431194,HighSchool,2021,44.0,Billy Bowman,Denton Ryan,Oklahoma,ATH,70.0,175.0,4.0,0.9799,Denton,TX,USA,"{'latitude': 33.2150386, 'longitude': -97.1330516, 'fipsCode': '48121'}"
115786,4567774,HighSchool,2021,45.0,Agiye Hall,Bloomingdale,Alabama,WR,75.0,190.0,4.0,0.9788,Valrico,FL,USA,"{'latitude': 27.9484265, 'longitude': -82.23621545220522, 'fipsCode': '12057'}"
115787,4432718,HighSchool,2021,46.0,LJ Johnson Jr.,Cy-Fair,Texas A&M,RB,70.0,204.0,4.0,0.9779,Cypress,TX,USA,"{'latitude': 29.9691116, 'longitude': -95.6971686, 'fipsCode': '48201'}"
115788,4432694,HighSchool,2021,47.0,JoJo Earle,Aledo,Alabama,WR,69.5,170.0,4.0,0.9762,Aledo,TX,USA,"{'latitude': 32.69900905, 'longitude': -97.60396629774493, 'fipsCode': '48367'}"
115789,4432703,HighSchool,2021,48.0,Jake Garcia,Grayson,Miami,QB,74.5,195.0,4.0,0.9761,Whittier,CA,USA,"{'latitude': 33.9708782, 'longitude': -118.0308396, 'fipsCode': '06037'}"
115790,4431247,HighSchool,2021,49.0,Raesjon Davis,Mater Dei,USC,LB,73.0,215.0,4.0,0.9746,Santa Ana,CA,USA,"{'latitude': 33.7494951, 'longitude': -117.8732213, 'fipsCode': '06059'}"
115791,5081803,HighSchool,2021,50.0,JK Johnson,De Smet Jesuit,Ohio State,CB,73.0,175.0,4.0,0.9745,St. Louis,MO,USA,"{'latitude': 38.6268039, 'longitude': -90.1994097, 'fipsCode': '29510'}"
115792,4592837,HighSchool,2021,51.0,Terrion Arnold,John Paul II Catholic,Alabama,S,72.0,180.0,4.0,0.9745,Tallahassee,FL,USA,"{'latitude': 30.4380832, 'longitude': -84.2809332, 'fipsCode': '12073'}"
115793,4432725,HighSchool,2021,52.0,Deontae Lawson,Mobile Christian,Alabama,LB,75.0,225.0,4.0,0.9744,Mobile,AL,USA,"{'latitude': 30.6943566, 'longitude': -88.0430541, 'fipsCode': '01097'}"
115794,4600415,HighSchool,2021,53.0,Michael Hall Jr.,Streetsboro,Ohio State,DL,75.0,290.0,4.0,0.9742,Streetsboro,OH,USA,"{'latitude': 41.239223, 'longitude': -81.345941, 'fipsCode': '39133'}"
115795,4431578,HighSchool,2021,54.0,Landon Tengwall,Our Lady of Good Counsel,Penn State,OT,78.0,300.0,4.0,0.9739,Olney,MD,USA,"{'latitude': 39.1532123, 'longitude': -77.0668408, 'fipsCode': '24031'}"
115796,4432699,HighSchool,2021,55.0,Blake Fisher,Avon,Notre Dame,OT,77.5,336.0,4.0,0.9738,Avon,IN,USA,"{'latitude': 39.7628227, 'longitude': -86.3997168, 'fipsCode': '18063'}"
115797,4431452,HighSchool,2021,56.0,Drake Maye,Myers Park,North Carolina,QB,77.0,210.0,4.0,0.9724,Charlotte,NC,USA,"{'latitude': 35.2272, 'longitude': -80.843083, 'fipsCode': '37119'}"
115798,4432775,HighSchool,2021,57.0,Dont’e Thornton Jr.,Mount Saint Joseph,Oregon,WR,76.5,185.0,4.0,0.9719,Baltimore,MD,USA,"{'latitude': 39.2908816, 'longitude': -76.610759, 'fipsCode': '24510'}"
115799,4431542,HighSchool,2021,58.0,TJ Ferguson,Peach County,Alabama,IOL,76.0,300.0,4.0,0.9719,Fort Valley,GA,USA,"{'latitude': 32.5537585, 'longitude': -83.8874084, 'fipsCode': '13225'}"
115800,4570039,HighSchool,2021,59.0,Keanu Koht,Vero Beach,Alabama,EDGE,76.0,215.0,4.0,0.9715,Vero Beach,FL,USA,"{'latitude': 27.6387163, 'longitude': -80.3975399, 'fipsCode': '12061'}"
115801,4431593,HighSchool,2021,60.0,Rocco Spindler,Clarkston,Notre Dame,IOL,76.5,315.0,4.0,0.9713,Clarkston,MI,USA,"{'latitude': 42.735863, 'longitude': -83.4188304, 'fipsCode': '26125'}"
115802,4431196,HighSchool,2021,61.0,Jake Briningstool,Ravenwood,Clemson,TE,77.0,215.0,4.0,0.9713,Brentwood,TN,USA,"{'latitude': 36.0325687, 'longitude': -86.7825235, 'fipsCode': '47187'}"
115803,4683062,HighSchool,2021,62.0,Xavier Worthy,Central East,Texas,WR,73.0,160.0,4.0,0.9712,Fresno,CA,USA,"{'latitude': 36.7295295, 'longitude': -119.70886126075588, 'fipsCode': '06019'}"
115804,4432729,HighSchool,2021,63.0,Tywone Malone Jr.,Bergen Catholic,Ole Miss,DL,76.0,305.0,4.0,0.9707,Oradell,NJ,USA,"{'latitude': 40.9543943, 'longitude': -74.0308504, 'fipsCode': '34003'}"
115805,4432671,HighSchool,2021,64.0,Savion Byrd,Duncanville,Oklahoma,IOL,77.0,295.0,4.0,0.9706,Duncanville,TX,USA,"{'latitude': 32.6518004, 'longitude': -96.9083366, 'fipsCode': '48113'}"
115806,5095992,HighSchool,2021,65.0,Derrick Davis Jr.,Gateway,LSU,S,73.0,194.0,4.0,0.9706,Monroeville,PA,USA,"{'latitude': 40.4211798, 'longitude': -79.7881025, 'fipsCode': '42003'}"
115807,4431276,HighSchool,2021,66.0,Bryce Foster,Katy Taylor,Texas A&M,IOL,76.5,330.0,4.0,0.9703,Katy,TX,USA,"{'latitude': 29.7857853, 'longitude': -95.8243956, 'fipsCode': '48157'}"
115808,4432738,HighSchool,2021,67.0,Micah Morris,Camden County,Georgia,OT,76.0,316.0,4.0,0.9698,Kingsland,GA,USA,"{'latitude': 30.7999563, 'longitude': -81.6898261, 'fipsCode': '13039'}"
115809,4431586,HighSchool,2021,68.0,Chop Robinson,Quince Orchard,Maryland,EDGE,75.0,220.0,4.0,0.9698,Gaithersburg,MD,USA,"{'latitude': 39.1434406, 'longitude': -77.2013705, 'fipsCode': '24031'}"
115810,4689114,HighSchool,2021,69.0,Jaxson Dart,Corner Canyon,USC,QB,75.0,210.0,4.0,0.9693,Draper,UT,USA,"{'latitude': 40.5246711, 'longitude': -111.8638226, 'fipsCode': '49035'}"
115811,4873170,HighSchool,2021,70.0,Deion Smith,Jackson Academy,LSU,WR,73.5,172.0,4.0,0.969,Jackson,MS,USA,"{'latitude': 32.2990384, 'longitude': -90.1847691, 'fipsCode': '28049'}"
115812,4431513,HighSchool,2021,71.0,Tyler Buchner,Helix,Notre Dame,QB,74.0,205.0,4.0,0.9684,La Jolla,CA,USA,"{'latitude': 32.83259, 'longitude': -117.2716839, 'fipsCode': '06073'}"
115813,4431549,HighSchool,2021,72.0,Nyland Green,Newton,Georgia,CB,74.0,183.0,4.0,0.9682,Covington,GA,USA,"{'latitude': 33.5967815, 'longitude': -83.8601827, 'fipsCode': '13217'}"
115814,4596480,HighSchool,2021,73.0,Jordan Hancock,North Gwinnett,Ohio State,CB,73.0,170.0,4.0,0.968,Suwanee,GA,USA,"{'latitude': 34.0514898, 'longitude': -84.0712997, 'fipsCode': '13135'}"
115815,4875181,HighSchool,2021,74.0,Scooby Williams,Ramsay,Florida,EDGE,75.0,224.0,4.0,0.9678,Birmingham,AL,USA,"{'latitude': 33.5206824, 'longitude': -86.8024326, 'fipsCode': '01073'}"
115816,4587702,HighSchool,2021,75.0,Christian Leary,Edgewater,Alabama,WR,69.0,190.0,4.0,0.9672,Orlando,FL,USA,"{'latitude': 28.5421109, 'longitude': -81.3790304, 'fipsCode': '12095'}"
115817,4431580,HighSchool,2021,76.0,Miller Moss,Bishop Alemany,USC,QB,74.0,197.0,4.0,0.9663,Mission Hills,CA,USA,"{'latitude': 34.687584, 'longitude': -120.43901754304565, 'fipsCode': '06083'}"
115818,4431508,HighSchool,2021,77.0,Dylan Brooks,Handley,Auburn,EDGE,77.0,250.0,4.0,0.9658,Roanoke,AL,USA,"{'latitude': 33.1512313, 'longitude': -85.3721709, 'fipsCode': '01111'}"
115819,4433964,HighSchool,2021,78.0,Ethan Calvert,Oaks Christian,Utah,LB,75.0,230.0,4.0,0.9652,Westlake Village,CA,USA,"{'latitude': 34.1460234, 'longitude': -118.8061794, 'fipsCode': '06037'}"
115820,4431334,HighSchool,2021,79.0,Chris Hilton Jr.,Zachary,LSU,WR,71.5,169.0,4.0,0.9646,Zachary,LA,USA,"{'latitude': 30.6485191, 'longitude': -91.1564961, 'fipsCode': '22033'}"
115821,4431619,HighSchool,2021,80.0,Ceyair Wright,Loyola,USC,CB,73.0,175.0,4.0,0.9636,Los Angeles,CA,USA,"{'latitude': 34.0536909, 'longitude': -118.2427666, 'fipsCode': '06037'}"
115822,4431551,HighSchool,2021,81.0,Lee Hunter,Blount,Auburn,DL,77.0,292.0,4.0,0.9633,Eight Mile,AL,USA,"{'latitude': 30.7635213, 'longitude': -88.126946, 'fipsCode': '01097'}"
115823,4432734,HighSchool,2021,82.0,Jalen Milroe,Katy Tompkins,Alabama,QB,75.0,206.0,4.0,0.9631,Katy,TX,USA,"{'latitude': 29.7857853, 'longitude': -95.8243956, 'fipsCode': '48157'}"
115824,4432757,HighSchool,2021,83.0,Evan Pryor,Hough,Ohio State,RB,70.0,190.0,4.0,0.9628,Cornelius,NC,USA,"{'latitude': 35.4817982, 'longitude': -80.8589501, 'fipsCode': '37119'}"
115825,4567747,HighSchool,2021,84.0,Garrett Nussmeier,Flower Mound Marcus,LSU,QB,73.5,182.0,4.0,0.9624,Flower Mound,TX,USA,"{'latitude': 33.0283854, 'longitude': -97.0867203, 'fipsCode': '48121'}"
115826,4432783,HighSchool,2021,85.0,Bram Walden,Saguaro,Oregon,OT,76.0,270.0,4.0,0.9624,Scottsdale,AZ,USA,"{'latitude': 33.4942189, 'longitude': -111.9260184, 'fipsCode': '04013'}"
115827,4431210,HighSchool,2021,86.0,Beaux Collins,St. John Bosco,Clemson,WR,74.5,195.0,4.0,0.9624,Bellflower,CA,USA,"{'latitude': 33.8825705, 'longitude': -118.1167679, 'fipsCode': '06037'}"
115828,4432673,HighSchool,2021,87.0,Reid Carrico,Ironton,Ohio State,LB,75.0,225.0,4.0,0.9615,Ironton,OH,USA,"{'latitude': 38.5367471, 'longitude': -82.6829406, 'fipsCode': '39087'}"
115829,4431538,HighSchool,2021,88.0,Giovanni El-Hadi,Adlai Stevenson,Michigan,OT,77.0,285.0,4.0,0.9612,Sterling Heights,MI,USA,"{'latitude': 42.5803122, 'longitude': -83.0302033, 'fipsCode': '26099'}"
115830,4873176,HighSchool,2021,89.0,Brian Thomas Jr.,Walker,LSU,WR,76.0,190.0,4.0,0.96,Walker,LA,USA,"{'latitude': 30.4879678, 'longitude': -90.8614878, 'fipsCode': '27021'}"
115831,4431212,HighSchool,2021,90.0,Junior Colson,Ravenwood,Michigan,LB,74.0,228.0,4.0,0.9597,Brentwood,TN,USA,"{'latitude': 36.0325687, 'longitude': -86.7825235, 'fipsCode': '47187'}"
115832,4431252,HighSchool,2021,91.0,Garrett Dellinger,Clarkston,LSU,OT,77.0,280.0,4.0,0.9595,Clarkston,MI,USA,"{'latitude': 42.735863, 'longitude': -83.4188304, 'fipsCode': '26125'}"
115833,4431288,HighSchool,2021,92.0,Monkell Goodwine,Rock Creek Christian Academy,Alabama,DL,76.0,260.0,4.0,0.9595,Upper Marlboro,MD,USA,"{'latitude': 38.8165274, 'longitude': -76.7519753, 'fipsCode': '24033'}"
115834,4590292,HighSchool,2021,93.0,Thomas Fidone II,Lewis Central,Nebraska,TE,77.0,225.0,4.0,0.9593,Council Bluffs,IA,USA,"{'latitude': 41.2621283, 'longitude': -95.8613912, 'fipsCode': '19155'}"
115835,4431582,HighSchool,2021,94.0,Payton Page,Dudley,Clemson,DL,76.0,360.0,4.0,0.9585,Greensboro,NC,USA,"{'latitude': 36.0726355, 'longitude': -79.7919754, 'fipsCode': '37081'}"
115836,4431286,HighSchool,2021,95.0,Armoni Goodwin,Hewitt-Trussville,LSU,RB,68.0,190.0,4.0,0.9584,Trussville,AL,USA,"{'latitude': 33.626629, 'longitude': -86.5549335251678, 'fipsCode': '01073'}"
115837,4873113,HighSchool,2021,96.0,David Daniel-Sisavanh,Woodstock,Georgia,ATH,73.0,180.0,4.0,0.9583,Woodstock,GA,USA,"{'latitude': 34.1014112, 'longitude': -84.5192192, 'fipsCode': '13057'}"
115838,4432708,HighSchool,2021,97.0,Marvin Harrison Jr.,St. Joseph's Prep,Ohio State,WR,75.0,190.0,4.0,0.9583,Philadelphia,PA,USA,"{'latitude': 39.9527237, 'longitude': -75.1635262, 'fipsCode': '42101'}"
115839,4646773,HighSchool,2021,98.0,Dylan Fairchild,West Forsyth,Georgia,IOL,77.0,298.0,4.0,0.9582,Cumming,GA,USA,"{'latitude': 34.2073196, 'longitude': -84.1401926, 'fipsCode': '13117'}"
115840,4431498,HighSchool,2021,99.0,Jayden Ballard,Massillon Washington,Ohio State,WR,74.0,175.0,4.0,0.958,Massillon,OH,USA,"{'latitude': 40.7967244, 'longitude': -81.5215093, 'fipsCode': '39151'}"
115841,4889957,HighSchool,2021,100.0,Tyreak Sapp,St. Thomas Aquinas,Florida,DL,74.5,255.0,4.0,0.9578,Fort Lauderdale,FL,USA,"{'latitude': 26.1223084, 'longitude': -80.1433786, 'fipsCode': '12011'}"
115842,4595343,HighSchool,2021,101.0,Kendal Daniels,Beggs,Oklahoma State,S,76.0,190.0,4.0,0.9578,Beggs,OK,USA,"{'latitude': 35.7425976, 'longitude': -96.0702731, 'fipsCode': '40111'}"
115843,4431213,HighSchool,2021,102.0,Deion Colzie,Athens Academy,Notre Dame,WR,76.0,193.0,4.0,0.957,Athens,GA,USA,"{'latitude': 33.9597677, 'longitude': -83.376398, 'fipsCode': '13059'}"
115844,4612847,HighSchool,2021,103.0,RaRa Dillworth,Glenn,North Carolina,LB,74.0,193.0,4.0,0.9561,Kernersville,NC,USA,"{'latitude': 36.1198589, 'longitude': -80.0736533, 'fipsCode': '37067'}"
115845,4567943,HighSchool,2021,104.0,Cade Denhoff,Lakeland Christian School,Clemson,DL,76.5,235.0,4.0,0.9536,Lakeland,FL,USA,"{'latitude': 28.0394654, 'longitude': -81.9498042, 'fipsCode': '12105'}"
115846,4432665,HighSchool,2021,105.0,Brock Bowers,Napa,Georgia,TE,75.0,225.0,4.0,0.9531,Napa,CA,USA,"{'latitude': 38.2971367, 'longitude': -122.2855293, 'fipsCode': '06055'}"
115847,4432681,HighSchool,2021,106.0,Corey Collier,Miami Palmetto,Florida,S,74.0,170.0,4.0,0.9525,Miami,FL,USA,"{'latitude': 25.7742658, 'longitude': -80.1936589, 'fipsCode': '12086'}"
115848,4431547,HighSchool,2021,107.0,Kelvin Gilliam Jr.,Highland Springs,Oklahoma,EDGE,75.0,250.0,4.0,0.952,Highland Springs,VA,USA,"{'latitude': 37.5460121, 'longitude': -77.3278441, 'fipsCode': '51087'}"
115849,5081358,HighSchool,2021,108.0,Branden Jennings,Sandalwood,Maryland,LB,75.5,225.0,4.0,0.9509,Jacksonville,FL,USA,"{'latitude': 30.3321838, 'longitude': -81.655651, 'fipsCode': '12031'}"
115850,4431463,HighSchool,2021,109.0,Wyatt Milum,Spring Valley,West Virginia,OT,78.0,273.0,4.0,0.9507,Huntington,WV,USA,"{'latitude': 38.4192496, 'longitude': -82.445154, 'fipsCode': '54011'}"
115851,4875853,HighSchool,2021,110.0,Cody Jackson,Richmond Foster,Oklahoma,WR,72.0,175.0,4.0,0.9505,Richmond,TX,USA,"{'latitude': 29.5821811, 'longitude': -95.7607832, 'fipsCode': '48157'}"
115852,4432767,HighSchool,2021,111.0,Preston Stone,Dallas Parish Episcopal,SMU,QB,74.0,205.0,4.0,0.9497,Dallas,TX,USA,"{'latitude': 32.7762719, 'longitude': -96.7968559, 'fipsCode': '48113'}"
115853,,HighSchool,2021,112.0,Shad Banks Jr.,North Shore,Texas A&M,WR,72.0,220.0,4.0,0.9492,Houston,TX,USA,"{'latitude': 29.7589382, 'longitude': -95.3676974, 'fipsCode': '48201'}"
115854,5150834,HighSchool,2021,113.0,Destyn Hill,Edna Karr,Florida State,WR,72.0,200.0,4.0,0.9482,New Orleans,LA,USA,"{'latitude': 29.9499323, 'longitude': -90.0701156, 'fipsCode': '22071'}"
115855,4431200,HighSchool,2021,114.0,Keith Brown,Lebanon,Oregon,LB,73.0,220.0,4.0,0.9479,Lebanon,OR,USA,"{'latitude': 44.5365467, 'longitude': -122.9068762, 'fipsCode': '41043'}"
115856,4432768,HighSchool,2021,115.0,Lorenzo Styles Jr.,Pickerington Central,Notre Dame,WR,73.0,185.0,4.0,0.9477,Pickerington,OH,USA,"{'latitude': 39.896277299999994, 'longitude': -82.77319049748806, 'fipsCode': '39045'}"
115857,4432674,HighSchool,2021,116.0,Lovasea Carroll,IMG Academy,Georgia,RB,72.5,189.0,4.0,0.9474,Bradenton,FL,USA,"{'latitude': 27.4989278, 'longitude': -82.5748194, 'fipsCode': '12081'}"
115858,4431533,HighSchool,2021,117.0,Gabriel Rubio,Lutheran of St. Charles,Notre Dame,DL,77.5,305.0,4.0,0.9472,St. Peters,MO,USA,"{'latitude': 38.791612, 'longitude': -90.5958468, 'fipsCode': '29183'}"
115859,4601278,HighSchool,2021,118.0,Nate Wiggins,Westlake,Clemson,CB,74.0,170.0,4.0,0.9451,Atlanta,GA,USA,"{'latitude': 33.7490987, 'longitude': -84.3901849, 'fipsCode': '13121'}"
115860,4431528,HighSchool,2021,119.0,Elliot Donald,Central Catholic,Pittsburgh,DL,74.0,250.0,4.0,0.9449,Pittsburgh,PA,USA,"{'latitude': 40.4416941, 'longitude': -79.9900861, 'fipsCode': '42003'}"
115861,4431566,HighSchool,2021,120.0,Julien Simon,Lincoln,USC,LB,74.0,221.0,4.0,0.9445,Tacoma,WA,USA,"{'latitude': 47.2495798, 'longitude': -122.4398746, 'fipsCode': '53053'}"
115862,4432676,HighSchool,2021,121.0,Bryce Carter,Life Christian Academy,Virginia,DL,75.0,250.0,4.0,0.9442,Chester,VA,USA,"{'latitude': 37.3569086, 'longitude': -77.4421818, 'fipsCode': '51041'}"
115863,4432693,HighSchool,2021,122.0,Avante Dickerson,Omaha Westside,Oregon,CB,72.0,170.0,4.0,0.9442,Omaha,NE,USA,"{'latitude': 41.2587459, 'longitude': -95.9383758, 'fipsCode': '31055'}"
115864,4431273,HighSchool,2021,123.0,Jalil Farooq,Dr. Henry Wise,Oklahoma,WR,73.0,200.0,4.0,0.9441,Upper Marlboro,MD,USA,"{'latitude': 38.8165274, 'longitude': -76.7519753, 'fipsCode': '24033'}"
115865,4431521,HighSchool,2021,124.0,Ben Christman,Revere,Ohio State,IOL,78.0,299.0,4.0,0.9437,Richfield,OH,USA,"{'latitude': 41.2397772, 'longitude': -81.6381785, 'fipsCode': '39153'}"
115866,,HighSchool,2021,125.0,Landon Jackson,Texarkana Pleasant Grove,LSU,EDGE,78.0,240.0,4.0,0.9435,Texarkana,TX,USA,"{'latitude': 33.44628645, 'longitude': -94.07638067493534, 'fipsCode': '48037'}"
115867,5085025,HighSchool,2021,126.0,Kyron Hudson,Mater Dei,USC,WR,73.0,200.0,4.0,0.9421,Santa Ana,CA,USA,"{'latitude': 33.7494951, 'longitude': -117.8732213, 'fipsCode': '06059'}"
115868,4431576,HighSchool,2021,127.0,Marcus Tate,TRU Prep Academy,Clemson,IOL,76.5,318.0,4.0,0.941,Miami Gardens,FL,USA,"{'latitude': 25.9423108, 'longitude': -80.23976495072381, 'fipsCode': '12086'}"
115869,4432695,HighSchool,2021,128.0,Power Echols,Chambers,North Carolina,LB,73.0,206.0,4.0,0.9408,Charlotte,NC,USA,"{'latitude': 35.2272, 'longitude': -80.843083, 'fipsCode': '37119'}"
115870,4431393,HighSchool,2021,129.0,Jonathan Jefferson,Douglas County,Georgia,DL,76.0,255.0,4.0,0.9407,Douglasville,GA,USA,"{'latitude': 33.7514966, 'longitude': -84.7477136, 'fipsCode': '13097'}"
115871,4594749,HighSchool,2021,130.0,Michael Trigg,Carrollwood Day,USC,TE,75.0,230.0,4.0,0.9402,Tampa,FL,USA,"{'latitude': 27.9477595, 'longitude': -82.458444, 'fipsCode': '12057'}"
115872,4568124,HighSchool,2021,131.0,JP Benzschawel,Grafton,Wisconsin,OT,79.0,285.0,4.0,0.9397,Grafton,WI,USA,"{'latitude': 43.3197265, 'longitude': -87.9534226, 'fipsCode': '55089'}"
115873,4431518,HighSchool,2021,132.0,Marcus Burris Jr.,Texarkana Pleasant Grove,Texas A&M,DL,76.0,280.0,4.0,0.9396,Texarkana,TX,USA,"{'latitude': 33.44628645, 'longitude': -94.07638067493534, 'fipsCode': '48037'}"
115874,4431584,HighSchool,2021,133.0,Jahvaree Ritzie,Glenn,North Carolina,DL,77.0,274.0,4.0,0.9394,Kernersville,NC,USA,"{'latitude': 36.1198589, 'longitude': -80.0736533, 'fipsCode': '37067'}"
115875,4432759,HighSchool,2021,134.0,Sawyer Robertson,Lubbock Coronado,Mississippi State,QB,75.5,200.0,4.0,0.9392,Lubbock,TX,USA,"{'latitude': 33.5635206, 'longitude': -101.879336, 'fipsCode': '48303'}"
115876,,HighSchool,2021,135.0,Kadarius Calloway,Philadelphia,Alabama,ATH,72.0,210.0,4.0,0.9392,Philadelphia,MS,USA,"{'latitude': 32.7703841, 'longitude': -89.1153488, 'fipsCode': '28099'}"
115877,4567802,HighSchool,2021,136.0,Drew Kendall,Noble And Greenough School,Boston College,IOL,76.0,260.0,4.0,0.9392,Dedham,MA,USA,"{'latitude': 42.2489143, 'longitude': -71.1755732, 'fipsCode': '25021'}"
115878,4875201,HighSchool,2021,137.0,Aaron Willis,Life Christian Academy,Tennessee,LB,71.0,207.0,4.0,0.9392,Colonial Heights,VA,USA,"{'latitude': 37.2555718, 'longitude': -77.4112016, 'fipsCode': '51570'}"
115879,4432698,HighSchool,2021,138.0,Reuben Fatheree II,Richmond Foster,Texas A&M,OT,80.0,305.0,4.0,0.9391,Richmond,TX,USA,"{'latitude': 29.5821811, 'longitude': -95.7607832, 'fipsCode': '48157'}"
115880,4569661,HighSchool,2021,139.0,Jager Burton,Frederick Douglass,Kentucky,IOL,76.0,271.0,4.0,0.9387,Lexington,KY,USA,"{'latitude': 38.0464066, 'longitude': -84.4970393, 'fipsCode': '21067'}"
115881,4362794,HighSchool,2021,140.0,Isaiah Johnson,St. Bernard,Arizona State,CB,74.0,180.0,4.0,0.9381,Playa Del Rey,CA,USA,"{'latitude': 33.9550828, 'longitude': -118.4367496, 'fipsCode': '06037'}"
115882,4683815,HighSchool,2021,141.0,Trevin Wallace,Wayne County,Kentucky,LB,74.0,209.0,4.0,0.938,Jesup,GA,USA,"{'latitude': 31.6074365, 'longitude': -81.8853924, 'fipsCode': '13305'}"
115883,4431448,HighSchool,2021,142.0,Riley Mahlman,Lakeville South,Wisconsin,OT,79.0,290.0,4.0,0.9379,Lakeville,MN,USA,"{'latitude': 44.650051, 'longitude': -93.2432791, 'fipsCode': '27037'}"
115884,,HighSchool,2021,143.0,Kaidon Salter,Cedar Hill,Tennessee,QB,73.5,185.0,4.0,0.9375,Cedar Hill,TX,USA,"{'latitude': 32.5888072, 'longitude': -96.9553675, 'fipsCode': '48113'}"
115885,5083971,HighSchool,2021,144.0,Quay Davis,Dallas Skyline,Jackson State,WR,72.0,193.0,4.0,0.9372,Dallas,TX,USA,"{'latitude': 32.7762719, 'longitude': -96.7968559, 'fipsCode': '48113'}"
115886,4635009,HighSchool,2021,145.0,J. Michael Sturdivant,Flower Mound Marcus,California,WR,75.5,185.0,4.0,0.9369,Flower Mound,TX,USA,"{'latitude': 33.0283854, 'longitude': -97.0867203, 'fipsCode': '48121'}"
115887,4431197,HighSchool,2021,146.0,Romello Brinson,Miami Northwestern,Miami,WR,74.0,180.0,4.0,0.9368,Miami,FL,USA,"{'latitude': 25.7742658, 'longitude': -80.1936589, 'fipsCode': '12086'}"
115888,4682989,HighSchool,2021,147.0,Prince Kollie,David Crockett,Notre Dame,LB,73.0,210.0,4.0,0.9366,Jonesborough,TN,USA,"{'latitude': 36.2944928, 'longitude': -82.4734089, 'fipsCode': '47179'}"
115889,4875179,HighSchool,2021,148.0,Carlos Del Rio-Wilson,Cartersville,Florida,QB,75.0,215.0,4.0,0.9357,Cartersville,GA,USA,"{'latitude': 34.1650972, 'longitude': -84.7999383, 'fipsCode': '13015'}"
115890,4431465,HighSchool,2021,149.0,Behren Morton,Eastland,Texas Tech,QB,74.0,185.0,4.0,0.9356,Eastland,TX,USA,"{'latitude': 32.4006299, 'longitude': -98.8194482, 'fipsCode': '48133'}"
115891,4629149,HighSchool,2021,150.0,Tyrion Ingram-Dawkins,Gaffney,Georgia,DL,77.0,298.0,4.0,0.9356,Gaffney,SC,USA,"{'latitude': 35.0717945, 'longitude': -81.6498195, 'fipsCode': '45021'}"
115892,4433973,HighSchool,2021,151.0,Seven McGee,East,Oregon,RB,68.0,185.0,4.0,0.935,Rochester,NY,USA,"{'latitude': 43.157285, 'longitude': -77.615214, 'fipsCode': '36055'}"
115893,4432689,HighSchool,2021,152.0,Jaylin Davies,Mater Dei,Oregon,CB,73.0,165.0,4.0,0.935,Santa Ana,CA,USA,"{'latitude': 33.7494951, 'longitude': -117.8732213, 'fipsCode': '06059'}"
115894,4432688,HighSchool,2021,153.0,David Davidkov,New Trier,Iowa,OT,78.0,295.0,4.0,0.9349,Winnetka,IL,USA,"{'latitude': 42.1080703, 'longitude': -87.7365286, 'fipsCode': '17031'}"
115895,4685245,HighSchool,2021,154.0,Wilfredo Aybar,Cheshire Academy,Stanford,EDGE,74.0,240.0,4.0,0.9347,Cheshire,CT,USA,"{'latitude': 41.4989861, 'longitude': -72.900658, 'fipsCode': '09009'}"
115896,4431450,HighSchool,2021,155.0,Kaemen Marley,Eastern Randolph,Tennessee,ATH,74.0,206.0,4.0,0.9337,Ramseur,NC,USA,"{'latitude': 35.7334711, 'longitude': -79.6525267, 'fipsCode': '37151'}"
115897,4432712,HighSchool,2021,156.0,Wynden Ho'ohuli,Mililani,Nebraska,LB,75.0,220.0,4.0,0.9335,Mililani,HI,USA,"{'latitude': 21.4508308, 'longitude': -158.0095783, 'fipsCode': '15003'}"
115898,4603189,HighSchool,2021,157.0,Sai'vion Jones,St. James,LSU,EDGE,77.0,240.0,4.0,0.9333,St. James,LA,USA,"{'latitude': 39.573173, 'longitude': -77.74937083071353, 'fipsCode': '24043'}"
115899,4685268,HighSchool,2021,158.0,Prophet Brown,Monterey Trail,USC,CB,70.0,180.0,4.0,0.9332,Elk Grove,CA,USA,"{'latitude': 38.4087993, 'longitude': -121.3716178, 'fipsCode': '06067'}"
115900,4431162,HighSchool,2021,159.0,T.J. Bollers,Clear Creek Amana,Wisconsin,EDGE,75.0,250.0,4.0,0.9325,Tiffin,IA,USA,"{'latitude': 41.7058469, 'longitude': -91.6629498, 'fipsCode': '19103'}"
115901,4432731,HighSchool,2021,160.0,Moliki Matavao,Liberty,Oregon,TE,78.0,240.0,4.0,0.9324,Henderson,NV,USA,"{'latitude': 36.0301134, 'longitude': -114.9826194, 'fipsCode': '32003'}"
115902,4431208,HighSchool,2021,161.0,JD Coffey,Kennedale,Texas,S,72.5,180.0,4.0,0.9318,Kennedale,TX,USA,"{'latitude': 32.646801, 'longitude': -97.2258465, 'fipsCode': '48439'}"
115903,4431431,HighSchool,2021,162.0,Corey Kiner,Roger Bacon,LSU,RB,70.0,210.0,4.0,0.9317,Cincinnati,OH,USA,"{'latitude': 39.1014537, 'longitude': -84.5124602, 'fipsCode': '39061'}"
115904,4431546,HighSchool,2021,163.0,Ma'a Gaoteote,Bishop Gorman,Michigan State,LB,74.0,220.0,4.0,0.9316,Las Vegas,NV,USA,"{'latitude': 36.1672559, 'longitude': -115.1485163, 'fipsCode': '32003'}"
115905,4432724,HighSchool,2021,164.0,Bryce Langston,Vanguard,LSU,DL,74.5,250.0,4.0,0.9316,Ocala,FL,USA,"{'latitude': 29.1871986, 'longitude': -82.1400923, 'fipsCode': '12083'}"
115906,4431389,HighSchool,2021,165.0,Ketron Jackson,Royse City,Arkansas,WR,74.0,186.0,4.0,0.929,Royse City,TX,USA,"{'latitude': 32.9761045, 'longitude': -96.331334, 'fipsCode': '48397'}"
115907,4590891,HighSchool,2021,166.0,Tyleik Williams,Unity Reed,Ohio State,DL,75.0,330.0,4.0,0.9288,Manassas,VA,USA,"{'latitude': 38.7509488, 'longitude': -77.4752667, 'fipsCode': '51683'}"
115908,4602197,HighSchool,2021,167.0,Andrew Mukuba,Austin LBJ,Clemson,S,72.0,185.0,4.0,0.9278,Austin,TX,USA,"{'latitude': 30.2711286, 'longitude': -97.7436995, 'fipsCode': '48453'}"
115909,4431500,HighSchool,2021,168.0,Kendrick Blackshire,Duncanville,Alabama,LB,74.0,245.0,4.0,0.9278,Duncanville,TX,USA,"{'latitude': 32.6518004, 'longitude': -96.9083366, 'fipsCode': '48113'}"
115910,4432805,HighSchool,2021,169.0,Andre Turrentine,Ensworth,Ohio State,S,72.0,175.0,4.0,0.9269,Nashville,TN,USA,"{'latitude': 36.1622296, 'longitude': -86.7743531, 'fipsCode': '47037'}"
115911,,HighSchool,2021,170.0,Lonnie White Jr.,Malvern Prep,Penn State,WR,74.0,210.0,4.0,0.9267,Malvern,PA,USA,"{'latitude': 40.034444, 'longitude': -75.514444, 'fipsCode': '01061'}"
115912,4431574,HighSchool,2021,171.0,Eli Stowers,Denton Guyer,Texas A&M,QB,76.0,215.0,4.0,0.9267,Denton,TX,USA,"{'latitude': 33.2150386, 'longitude': -97.1330516, 'fipsCode': '48121'}"
115913,4592550,HighSchool,2021,172.0,Jantzen Dunn,South Warren,Ohio State,S,74.0,178.0,4.0,0.9267,Bowling Green,KY,USA,"{'latitude': 36.9903199, 'longitude': -86.4436018, 'fipsCode': '21227'}"
115914,4565177,HighSchool,2021,173.0,Isaiah Brevard,Southaven,Oregon,WR,76.0,200.0,4.0,0.9264,Southaven,MS,USA,"{'latitude': 34.9889818, 'longitude': -90.0125913, 'fipsCode': '28033'}"
115915,4431534,HighSchool,2021,174.0,Ethan Downs,Weatherford,Oklahoma,EDGE,76.0,240.0,4.0,0.9261,Weatherford,OK,USA,"{'latitude': 35.5261633, 'longitude': -98.7075744, 'fipsCode': '40039'}"
115916,4567103,HighSchool,2021,175.0,Jacolby George,Plantation,Miami,WR,71.0,161.0,4.0,0.9257,Fort Lauderdale,FL,USA,"{'latitude': 26.1223084, 'longitude': -80.1433786, 'fipsCode': '12011'}"
115917,,HighSchool,2021,176.0,Kaine Williams,John Ehret,Alabama,S,74.0,205.0,4.0,0.9253,Marrero,LA,USA,"{'latitude': 29.8993723, 'longitude': -90.1003506, 'fipsCode': '22051'}"
115918,4432661,HighSchool,2021,177.0,Rayshaun Benny,Oak Park,Michigan,DL,77.0,275.0,4.0,0.9253,Oak Park,MI,USA,"{'latitude': 42.4595317, 'longitude': -83.1821445, 'fipsCode': '17031'}"
115919,4587722,HighSchool,2021,178.0,Troy Stellato,Cardinal Gibbons,Clemson,WR,72.0,175.0,4.0,0.9253,Fort Lauderdale,FL,USA,"{'latitude': 26.1223084, 'longitude': -80.1433786, 'fipsCode': '12011'}"
115920,4244774,HighSchool,2021,179.0,Bralon Brown,St. Thomas Aquinas,Ole Miss,WR,75.0,190.0,4.0,0.9251,Fort Lauderdale,FL,USA,"{'latitude': 26.1223084, 'longitude': -80.1433786, 'fipsCode': '12011'}"
115921,4432670,HighSchool,2021,180.0,Clinton Burton Jr.,St. Frances Academy,Boston College,CB,71.0,170.0,4.0,0.925,Baltimore,MD,USA,"{'latitude': 39.2908816, 'longitude': -76.610759, 'fipsCode': '24510'}"
115922,4431195,HighSchool,2021,181.0,DeAndre Boykins,Central Cabarrus,North Carolina,ATH,71.0,200.0,4.0,0.9249,Concord,NC,USA,"{'latitude': 35.4093772, 'longitude': -80.5797416, 'fipsCode': '37025'}"
115923,4431209,HighSchool,2021,182.0,Dacari Collins,Westlake,Clemson,WR,75.5,200.0,4.0,0.9248,Atlanta,GA,USA,"{'latitude': 33.7490987, 'longitude': -84.3901849, 'fipsCode': '13121'}"
115924,4432763,HighSchool,2021,183.0,Laurence Seymore,Miami Central,Miami,IOL,73.5,293.0,4.0,0.9248,Miami,FL,USA,"{'latitude': 25.7742658, 'longitude': -80.1936589, 'fipsCode': '12086'}"
115925,4431511,HighSchool,2021,184.0,Owen Prentice,O'Dea,Washington,IOL,75.0,295.0,4.0,0.9246,Seattle,WA,USA,"{'latitude': 47.6038321, 'longitude': -122.3300624, 'fipsCode': '53033'}"
115926,4592832,HighSchool,2021,185.0,Marcus Burke,Trinity Christian Academy,Florida,WR,75.0,180.0,4.0,0.9245,Jacksonville,FL,USA,"{'latitude': 30.3321838, 'longitude': -81.655651, 'fipsCode': '12031'}"
115927,4431517,HighSchool,2021,186.0,Calen Bullock,John Muir,USC,ATH,74.0,175.0,4.0,0.9238,Pasadena,CA,USA,"{'latitude': 34.1476452, 'longitude': -118.1444779, 'fipsCode': '06037'}"
115928,4875180,HighSchool,2021,187.0,Donovan McMillon,Peters Township,Florida,S,74.0,193.0,4.0,0.9237,Canonsburg,PA,USA,"{'latitude': 40.2625702, 'longitude': -80.1872797, 'fipsCode': '42125'}"
115929,4431562,HighSchool,2021,188.0,Phil Mafah,Grayson,Clemson,RB,73.0,215.0,4.0,0.9237,Loganville,GA,USA,"{'latitude': 33.8389977, 'longitude': -83.9007382, 'fipsCode': '13297'}"
115930,4431502,HighSchool,2021,189.0,Zaire Patterson,Winston-Salem Prep,Clemson,EDGE,78.0,230.0,4.0,0.9236,Winston Salem,NC,USA,"{'latitude': 36.0998131, 'longitude': -80.2440518, 'fipsCode': '37067'}"
115931,4596437,HighSchool,2021,190.0,AJ Green,Tulsa Union,Arkansas,ATH,71.0,194.0,4.0,0.9235,Tulsa,OK,USA,"{'latitude': 36.1556805, 'longitude': -95.9929113, 'fipsCode': '40143'}"
115932,,HighSchool,2021,191.0,Jay Toia,Grace Brethren,USC,DL,74.0,315.0,4.0,0.9235,Inglewood,CA,USA,"{'latitude': 33.9562003, 'longitude': -118.353132, 'fipsCode': '06037'}"
115933,4683409,HighSchool,2021,192.0,Damarius McGhee,Pensacola Catholic,LSU,CB,73.0,163.0,4.0,0.9231,Pensacola,FL,USA,"{'latitude': 30.421309, 'longitude': -87.2169149, 'fipsCode': '12033'}"
115934,4433968,HighSchool,2021,193.0,Byron Cardwell Jr.,Morse,Oregon,RB,72.0,203.0,4.0,0.9226,San Diego,CA,USA,"{'latitude': 32.7174209, 'longitude': -117.1627714, 'fipsCode': '06073'}"
115935,4567783,HighSchool,2021,194.0,James Brockermeyer,All Saints Episcopal,Alabama,IOL,75.0,273.0,4.0,0.9224,Fort Worth,TX,USA,"{'latitude': 32.753177, 'longitude': -97.3327459, 'fipsCode': '48439'}"
115936,4597005,HighSchool,2021,195.0,Marcus Bradley,Quince Orchard,Vanderbilt,DL,75.0,270.0,4.0,0.922,Gaithersburg,MD,USA,"{'latitude': 39.1434406, 'longitude': -77.2013705, 'fipsCode': '24031'}"
115937,4597679,HighSchool,2021,196.0,Luke Altmyer,Starkville,Ole Miss,QB,74.0,190.0,4.0,0.9219,Starkville,MS,USA,"{'latitude': 33.4503998, 'longitude': -88.8183872, 'fipsCode': '28105'}"
115938,4875295,HighSchool,2021,197.0,Jackson Powers-Johnson,Corner Canyon,Oregon,IOL,75.0,284.0,4.0,0.9216,Draper,UT,USA,"{'latitude': 40.5246711, 'longitude': -111.8638226, 'fipsCode': '49035'}"
115939,4569680,HighSchool,2021,198.0,Jamon Dumas-Johnson,St. Frances Academy,Georgia,LB,73.0,235.0,4.0,0.9215,Baltimore,MD,USA,"{'latitude': 39.2908816, 'longitude': -76.610759, 'fipsCode': '24510'}"
115940,4432668,HighSchool,2021,199.0,Denzel Burke,Saguaro,Ohio State,ATH,72.0,189.0,4.0,0.9213,Scottsdale,AZ,USA,"{'latitude': 33.4942189, 'longitude': -111.9260184, 'fipsCode': '04013'}"
115941,4432697,HighSchool,2021,200.0,KaTron Evans,St. Frances Academy,Jackson State,DL,76.0,320.0,4.0,0.9212,Baltimore,MD,USA,"{'latitude': 39.2908816, 'longitude': -76.610759, 'fipsCode': '24510'}"
115942,4678006,HighSchool,2021,201.0,Elijah Arroyo,Frisco Independence,Miami,TE,76.0,210.0,4.0,0.9212,Frisco,TX,USA,"{'latitude': 33.1506744, 'longitude': -96.8236116, 'fipsCode': '48085'}"
115943,4703064,HighSchool,2021,202.0,Micah Crowell,East Forsyth,NC State,WR,74.0,205.0,4.0,0.921,Kernersville,NC,USA,"{'latitude': 36.1198589, 'longitude': -80.0736533, 'fipsCode': '37067'}"
115944,4431552,HighSchool,2021,203.0,Ishmael Ibraheem,Kimball,Texas,CB,73.0,175.0,4.0,0.9206,Dallas,TX,USA,"{'latitude': 32.7762719, 'longitude': -96.7968559, 'fipsCode': '48113'}"
115945,4431535,HighSchool,2021,204.0,Jake Rubley,West Des Moines Valley,Kansas State,QB,75.0,205.0,4.0,0.9204,West Des Moines,IA,USA,"{'latitude': 41.5645337, 'longitude': -93.7595281, 'fipsCode': '19153'}"
115946,4893657,HighSchool,2021,205.0,Gavin Wimsatt,Owensboro,Rutgers,QB,75.0,200.0,4.0,0.9201,Owensboro,KY,USA,"{'latitude': 37.7742152, 'longitude': -87.1133304, 'fipsCode': '21059'}"
115947,4596602,HighSchool,2021,206.0,Brashard Smith,Miami Palmetto,Miami,WR,68.5,190.0,4.0,0.9198,Miami,FL,USA,"{'latitude': 25.7742658, 'longitude': -80.1936589, 'fipsCode': '12086'}"
115948,4432772,HighSchool,2021,207.0,Jermaine Terry II,Kennedy,California,TE,76.0,235.0,4.0,0.9196,Richmond,CA,USA,"{'latitude': 37.9357576, 'longitude': -122.3477486, 'fipsCode': '06013'}"
115949,4432717,HighSchool,2021,208.0,Elijah Jeudy,Northeast,Texas A&M,EDGE,75.0,246.0,4.0,0.9193,Philadelphia,PA,USA,"{'latitude': 39.9527237, 'longitude': -75.1635262, 'fipsCode': '42101'}"
115950,4567804,HighSchool,2021,209.0,Hudson Wolfe,Hardin County,Ole Miss,TE,79.0,240.0,4.0,0.9193,Savannah,TN,USA,"{'latitude': 35.2248034, 'longitude': -88.2492037, 'fipsCode': '47071'}"
115951,4432664,HighSchool,2021,210.0,Gavin Blackwell,Sun Valley,North Carolina,WR,71.5,164.0,4.0,0.9191,Monroe,NC,USA,"{'latitude': 34.9854275, 'longitude': -80.5495112, 'fipsCode': '37179'}"
115952,4431330,HighSchool,2021,211.0,Jahzion Harris,Erasmus Hall,Texas A&M,EDGE,76.0,215.0,4.0,0.9185,Brooklyn,NY,USA,"{'latitude': 40.6501038, 'longitude': -73.9495823, 'fipsCode': '36047'}"
115953,4432789,HighSchool,2021,212.0,Hunter Wohler,Muskego,Wisconsin,S,73.0,190.0,4.0,0.9184,Muskego,WI,USA,"{'latitude': 42.905848, 'longitude': -88.1389779, 'fipsCode': '55133'}"
115954,4431156,HighSchool,2021,213.0,Aaron Armitage,Blair Academy,Stanford,DL,76.0,242.0,4.0,0.9183,Blairstown,NJ,USA,"{'latitude': 40.9828753, 'longitude': -74.9604501, 'fipsCode': '34041'}"
115955,4596438,HighSchool,2021,214.0,Deuce Harmon,Denton Guyer,Texas A&M,CB,70.0,190.0,4.0,0.9183,Denton,TX,USA,"{'latitude': 33.2150386, 'longitude': -97.1330516, 'fipsCode': '48121'}"
115956,4432658,HighSchool,2021,215.0,Raheem Anderson II,Cass Technical,Michigan,IOL,75.0,298.0,4.0,0.9178,Detroit,MI,USA,"{'latitude': 42.3315509, 'longitude': -83.0466403, 'fipsCode': '26163'}"
115957,4570037,HighSchool,2021,216.0,Terrance Ferguson,Heritage,Oregon,TE,77.0,230.0,4.0,0.9178,Littleton,CO,USA,"{'latitude': 39.613321, 'longitude': -105.0166498, 'fipsCode': '08005'}"
115958,4432701,HighSchool,2021,217.0,Travion Ford,Lutheran North,Missouri,EDGE,76.0,232.0,4.0,0.9177,St. Louis,MO,USA,"{'latitude': 38.6268039, 'longitude': -90.1994097, 'fipsCode': '29510'}"
115959,4431594,HighSchool,2021,218.0,Gabe Stephens,Mountain Island Charter,North Carolina,ATH,75.0,205.0,4.0,0.9175,Mount Holly,NC,USA,"{'latitude': 35.2976601, 'longitude': -81.0162049, 'fipsCode': '37071'}"
115960,4569925,HighSchool,2021,219.0,Dietrick Pennington,Evangelical Christian,Clemson,IOL,77.0,326.0,4.0,0.9174,Cordova,TN,USA,"{'latitude': 35.1556451, 'longitude': -89.7761955, 'fipsCode': '47157'}"
115961,4432709,HighSchool,2021,220.0,Ahmari Harvey,Florida State University School,Auburn,S,70.5,171.0,4.0,0.9174,Tallahassee,FL,USA,"{'latitude': 30.4380832, 'longitude': -84.2809332, 'fipsCode': '12073'}"
115962,4431583,HighSchool,2021,221.0,Greg Penn III,DeMatha Catholic,LSU,LB,73.0,225.0,4.0,0.9173,Hyattsville,MD,USA,"{'latitude': 38.9529442, 'longitude': -76.9408647, 'fipsCode': '24033'}"
115963,4431433,HighSchool,2021,222.0,Kalen King,Cass Technical,Penn State,CB,71.0,170.0,4.0,0.9168,Detroit,MI,USA,"{'latitude': 42.3315509, 'longitude': -83.0466403, 'fipsCode': '26163'}"
115964,4596347,HighSchool,2021,223.0,Donaven McCulley,Lawrence North,Indiana,QB,77.0,195.0,4.0,0.9167,Indianapolis,IN,USA,"{'latitude': 39.7683331, 'longitude': -86.1583502, 'fipsCode': '18097'}"
115965,4432675,HighSchool,2021,224.0,Zavier Carter,Hapeville Charter,LSU,LB,76.0,193.0,4.0,0.9165,Atlanta,GA,USA,"{'latitude': 33.7490987, 'longitude': -84.3901849, 'fipsCode': '13121'}"
115966,4433972,HighSchool,2021,225.0,Latrell McCutchin Sr.,Austin LBJ,Oklahoma,CB,73.0,176.0,4.0,0.9164,Austin,TX,USA,"{'latitude': 30.2711286, 'longitude': -97.7436995, 'fipsCode': '48453'}"
115967,4431541,HighSchool,2021,226.0,Tiaoalii Savea,Desert Pines,UCLA,DL,75.0,265.0,4.0,0.9161,Las Vegas,NV,USA,"{'latitude': 36.1672559, 'longitude': -115.1485163, 'fipsCode': '32003'}"
115968,4685247,HighSchool,2021,227.0,Braelon Allen,Fond Du Lac,Wisconsin,LB,74.0,215.0,4.0,0.9159,Fond Du Lac,WI,USA,"{'latitude': 43.7748763, 'longitude': -88.4458033, 'fipsCode': '55039'}"
115969,4432660,HighSchool,2021,228.0,Anthony Beavers Jr.,Narbonne,USC,ATH,73.0,195.0,4.0,0.9149,Harbor City,CA,USA,"{'latitude': 33.7972822, 'longitude': -118.3004717, 'fipsCode': '06037'}"
115970,4432690,HighSchool,2021,229.0,Dematrius Davis Jr.,North Shore,Auburn,QB,70.5,200.0,4.0,0.9148,Houston,TX,USA,"{'latitude': 29.7589382, 'longitude': -95.3676974, 'fipsCode': '48201'}"
115971,4432766,HighSchool,2021,230.0,Quintin Somerville,Saguaro,UCLA,DL,73.0,257.0,4.0,0.9147,Scottsdale,AZ,USA,"{'latitude': 33.4942189, 'longitude': -111.9260184, 'fipsCode': '04013'}"
115972,4569682,HighSchool,2021,231.0,Audric Estime,St. Joseph Regional,Notre Dame,RB,73.5,215.0,4.0,0.9146,Montvale,NJ,USA,"{'latitude': 41.0467635, 'longitude': -74.0229173, 'fipsCode': '34003'}"
115973,4567803,HighSchool,2021,232.0,Teddy Prochazka,Elkhorn South,Nebraska,OT,80.0,280.0,4.0,0.9145,Omaha,NE,USA,"{'latitude': 41.2587459, 'longitude': -95.9383758, 'fipsCode': '31055'}"
115974,,HighSchool,2021,233.0,Naquan Brown,Ocean Lakes,Pittsburgh,EDGE,74.0,205.0,4.0,0.9144,Virginia Beach,VA,USA,"{'latitude': 36.8529841, 'longitude': -75.9774183, 'fipsCode': '51810'}"
115975,4431256,HighSchool,2021,234.0,Cristian Dixon,Mater Dei,Michigan,WR,74.0,187.0,4.0,0.9142,Santa Ana,CA,USA,"{'latitude': 33.7494951, 'longitude': -117.8732213, 'fipsCode': '06059'}"
115976,4431550,HighSchool,2021,235.0,Tommi Hill,Edgewater,Arizona State,ATH,73.0,185.0,4.0,0.9141,Orlando,FL,USA,"{'latitude': 28.5421109, 'longitude': -81.3790304, 'fipsCode': '12095'}"
115977,4431523,HighSchool,2021,236.0,Connor Colby,John F. Kennedy,Iowa,IOL,77.0,305.0,4.0,0.914,Cedar Rapids,IA,USA,"{'latitude': 41.9758872, 'longitude': -91.6704053, 'fipsCode': '19113'}"
115978,5081156,HighSchool,2021,237.0,John Lewis,Germantown,Mississippi State,LB,76.0,225.0,4.0,0.914,Madison,MS,USA,"{'latitude': 32.4618086, 'longitude': -90.1153638, 'fipsCode': '28089'}"
115979,4432662,HighSchool,2021,238.0,Cane Berrong,Hart County,Notre Dame,TE,76.0,230.0,4.0,0.9137,Hartwell,GA,USA,"{'latitude': 34.3528825, 'longitude': -82.932087, 'fipsCode': '13147'}"
115980,4602699,HighSchool,2021,239.0,Kamari Lassiter,American Christian,Georgia,CB,72.0,185.0,4.0,0.9137,Tuscaloosa,AL,USA,"{'latitude': 33.2095614, 'longitude': -87.5675258, 'fipsCode': '01125'}"
115981,4432728,HighSchool,2021,240.0,Ryan Linthicum,Damascus,Clemson,IOL,76.0,275.0,4.0,0.9135,Damascus,MD,USA,"{'latitude': 39.2884381, 'longitude': -77.2038717, 'fipsCode': '24031'}"
115982,4873637,HighSchool,2021,241.0,Cody Brown,Parkview,Miami,RB,72.0,217.0,4.0,0.9134,Lilburn,GA,USA,"{'latitude': 33.8901036, 'longitude': -84.1429719, 'fipsCode': '13135'}"
115983,4691828,HighSchool,2021,242.0,Daymon David,Franklin,Oregon,S,73.0,178.0,4.0,0.9133,Reisterstown,MD,USA,"{'latitude': 39.4695489, 'longitude': -76.8294213, 'fipsCode': '24005'}"
115984,4879611,HighSchool,2021,243.0,Amari Daniels,Miami Central,Texas A&M,RB,68.0,200.0,4.0,0.9131,Miami,FL,USA,"{'latitude': 25.7742658, 'longitude': -80.1936589, 'fipsCode': '12086'}"
115985,4602970,HighSchool,2021,244.0,Jordan Poole,West Stanly,NC State,LB,72.0,225.0,4.0,0.9131,Oakboro,NC,USA,"{'latitude': 35.2257007, 'longitude': -80.3289521, 'fipsCode': '37167'}"
115986,4431509,HighSchool,2021,245.0,Kaden Prather,Northwest,West Virginia,WR,75.0,210.0,4.0,0.9128,Germantown,MD,USA,"{'latitude': 39.1731621, 'longitude': -77.2716502, 'fipsCode': '24031'}"
115987,4592570,HighSchool,2021,246.0,Ian Jackson,Prattville,Alabama,LB,74.0,225.0,4.0,0.9127,Prattville,AL,USA,"{'latitude': 32.4640245, 'longitude': -86.4596966, 'fipsCode': '01001'}"
115988,4432762,HighSchool,2021,247.0,Shedeur Sanders,Trinity Christian School,Jackson State,QB,73.0,198.0,4.0,0.9126,Cedar Hill,TX,USA,"{'latitude': 32.5888072, 'longitude': -96.9553675, 'fipsCode': '48113'}"
115989,4431341,HighSchool,2021,248.0,Jabari Ishmael,Miami Columbus,Miami,EDGE,77.0,210.0,4.0,0.912,Miami,FL,USA,"{'latitude': 25.7742658, 'longitude': -80.1936589, 'fipsCode': '12086'}"
115990,4432769,HighSchool,2021,249.0,Eli Sutton,Brentwood Academy,North Carolina,OT,79.0,285.0,4.0,0.9119,Brentwood,TN,USA,"{'latitude': 36.0325687, 'longitude': -86.7825235, 'fipsCode': '47187'}"
115991,,HighSchool,2021,250.0,DeVonta Smith,La Salle,Alabama,CB,72.0,185.0,4.0,0.9114,Cincinnati,OH,USA,"{'latitude': 39.1014537, 'longitude': -84.5124602, 'fipsCode': '39061'}"
115992,4595348,HighSchool,2021,251.0,Malik Nabers,Southside,LSU,WR,72.0,190.0,4.0,0.9112,Youngsville,LA,USA,"{'latitude': 30.0996471, 'longitude': -91.9901206, 'fipsCode': '22055'}"
115993,4429914,HighSchool,2021,252.0,Nahki Johnson,West Mifflin Area,Pittsburgh,EDGE,75.0,225.0,4.0,0.9111,Homestead,PA,USA,"{'latitude': 40.4059025, 'longitude': -79.9119948, 'fipsCode': '42003'}"
115994,4602926,HighSchool,2021,253.0,Devin Kirkwood,Junipero Serra,UCLA,ATH,75.0,175.0,4.0,0.9099,Gardena,CA,USA,"{'latitude': 33.8963593, 'longitude': -118.3053037, 'fipsCode': '06037'}"
115995,4903971,HighSchool,2021,254.0,Thad Franklin,Chaminade-Madonna,Miami,RB,72.0,225.0,4.0,0.9098,Hollywood,FL,USA,"{'latitude': 26.0112014, 'longitude': -80.1494901, 'fipsCode': '12011'}"
115996,4875270,HighSchool,2021,255.0,Ezra Dotson-Oyetade,Garland Lakeview Centennial,Arizona State,IOL,75.0,285.0,4.0,0.9096,Garland,TX,USA,"{'latitude': 32.912624, 'longitude': -96.6388833, 'fipsCode': '48113'}"
115997,4565180,HighSchool,2021,256.0,Peter Costelli,Mission Viejo,Utah,QB,75.0,205.0,4.0,0.9095,Mission Viejo,CA,USA,"{'latitude': 33.5965685, 'longitude': -117.659405, 'fipsCode': '06059'}"
115998,4569727,HighSchool,2021,257.0,Louis Hansen,St. Sebastian's,Michigan,TE,76.5,232.0,4.0,0.909,Needham,MA,USA,"{'latitude': 42.283431, 'longitude': -71.2328329, 'fipsCode': '25021'}"
115999,4603193,HighSchool,2021,258.0,Jardin Gilbert,University Lab,Texas A&M,S,73.0,175.0,4.0,0.9089,Baton Rouge,LA,USA,"{'latitude': 30.4459596, 'longitude': -91.18738, 'fipsCode': '22033'}"
116000,4611768,HighSchool,2021,259.0,Jaydon Hood,St. Thomas Aquinas,Michigan,LB,73.0,212.0,4.0,0.9088,Fort Lauderdale,FL,USA,"{'latitude': 26.1223084, 'longitude': -80.1433786, 'fipsCode': '12011'}"
116001,4603749,HighSchool,2021,260.0,Nathan Rawlins-Kibonge,Jefferson,Oklahoma,DL,79.0,240.0,4.0,0.9088,Portland,OR,USA,"{'latitude': 45.5202471, 'longitude': -122.6741949, 'fipsCode': '41051'}"
116002,4431601,HighSchool,2021,261.0,Hunter Washington,Katy,Florida State,CB,71.0,178.0,4.0,0.9088,Katy,TX,USA,"{'latitude': 29.7857853, 'longitude': -95.8243956, 'fipsCode': '48157'}"
116003,4432696,HighSchool,2021,262.0,Kamarro Edmonds,Havelock,North Carolina,RB,71.0,227.0,4.0,0.9087,Havelock,NC,USA,"{'latitude': 34.8785, 'longitude': -76.9014457, 'fipsCode': '37049'}"
116004,4678010,HighSchool,2021,263.0,Kyron Drones,Shadow Creek,Baylor,QB,74.0,195.0,4.0,0.9087,Pearland,TX,USA,"{'latitude': 29.5639758, 'longitude': -95.2864299, 'fipsCode': '48039'}"
116005,4595352,HighSchool,2021,264.0,Alijah Clark,Camden,Rutgers,CB,74.0,180.0,4.0,0.9086,Camden,NJ,USA,"{'latitude': 39.9448402, 'longitude': -75.1198911, 'fipsCode': '34007'}"
116006,4431529,HighSchool,2021,265.0,Jaeden Roberts,North Shore,Alabama,IOL,77.0,340.0,4.0,0.9084,Houston,TX,USA,"{'latitude': 29.7589382, 'longitude': -95.3676974, 'fipsCode': '48201'}"
116007,4569922,HighSchool,2021,266.0,Khayri Banton,West Side,Rutgers,LB,74.0,220.0,4.0,0.9084,Newark,NJ,USA,"{'latitude': 40.735657, 'longitude': -74.1723667, 'fipsCode': '34013'}"
116008,4431557,HighSchool,2021,267.0,Teddy Knox,The Woodlands,Mississippi State,WR,70.0,167.0,4.0,0.9079,The Woodlands,TX,USA,"{'latitude': 30.1734194, 'longitude': -95.504686, 'fipsCode': '48339'}"
116009,4431435,HighSchool,2021,268.0,Randolph Kpai,Washington,Nebraska,LB,75.0,185.0,4.0,0.9079,Sioux Falls,SD,USA,"{'latitude': 43.5499749, 'longitude': -96.700327, 'fipsCode': '46099'}"
116010,4431406,HighSchool,2021,269.0,Taizse Johnson,St. John's College,Maryland,DL,73.0,290.0,4.0,0.9073,Washington,DC,USA,"{'latitude': 38.8949855, 'longitude': -77.0365708, 'fipsCode': '11001'}"
116011,4431405,HighSchool,2021,270.0,Tysheem Johnson,Neumann Goretti,Ole Miss,S,70.0,190.0,4.0,0.9071,Philadelphia,PA,USA,"{'latitude': 39.9527237, 'longitude': -75.1635262, 'fipsCode': '42101'}"
116012,4431531,HighSchool,2021,271.0,George Rooks,St. Peter's Prep,Michigan,DL,76.0,260.0,4.0,0.907,Jersey City,NJ,USA,"{'latitude': 40.7281575, 'longitude': -74.0776417, 'fipsCode': '34017'}"
116013,4685721,HighSchool,2021,272.0,Raheim Sanders,Rockledge,Arkansas,ATH,74.0,210.0,4.0,0.9069,Rockledge,FL,USA,"{'latitude': 28.313751500000002, 'longitude': -80.72421890178558, 'fipsCode': '12009'}"
116014,4431412,HighSchool,2021,273.0,Yanni Karlaftis,West Lafayette,Purdue,LB,75.0,203.0,4.0,0.9069,West Lafayette,IN,USA,"{'latitude': 40.4258686, 'longitude': -86.9080655, 'fipsCode': '18157'}"
116015,4433976,HighSchool,2021,274.0,Aaron McLaughlin,Denmark,NC State,QB,77.0,219.0,4.0,0.9068,Alpharetta,GA,USA,"{'latitude': 34.0709576, 'longitude': -84.2747329, 'fipsCode': '13121'}"
116016,4431568,HighSchool,2021,275.0,Jaquez Smith,Westlake,Indiana,WR,73.0,190.0,4.0,0.9065,Atlanta,GA,USA,"{'latitude': 33.7490987, 'longitude': -84.3901849, 'fipsCode': '13121'}"
116017,4432719,HighSchool,2021,276.0,Jamier Johnson,John Muir,Texas,CB,72.0,170.0,4.0,0.9064,Pasadena,CA,USA,"{'latitude': 34.1476452, 'longitude': -118.1444779, 'fipsCode': '06037'}"
116018,4683450,HighSchool,2021,277.0,Tommy Akingbesote,C.H. Flowers,Maryland,DL,76.0,270.0,4.0,0.906,Upper Marlboro,MD,USA,"{'latitude': 38.8165274, 'longitude': -76.7519753, 'fipsCode': '24033'}"
116019,4682490,HighSchool,2021,278.0,Chase Smith,Melbourne,Miami,ATH,75.0,190.0,4.0,0.9059,Melbourne,FL,USA,"{'latitude': 28.0836269, 'longitude': -80.6081089, 'fipsCode': '12009'}"
116020,4567785,HighSchool,2021,279.0,D.J. Harris Jr.,New Caney,Texas,EDGE,74.5,215.0,4.0,0.9058,New Caney,TX,USA,"{'latitude': 30.155216, 'longitude': -95.2113221, 'fipsCode': '48339'}"
116021,4596539,HighSchool,2021,280.0,Yulkeith Brown,Miami Central,Texas A&M,ATH,70.0,174.0,4.0,0.9057,Miami,FL,USA,"{'latitude': 25.7742658, 'longitude': -80.1936589, 'fipsCode': '12086'}"
116022,4432758,HighSchool,2021,281.0,Jaylen Reed,Martin Luther King,Penn State,S,72.0,190.0,4.0,0.9057,Detroit,MI,USA,"{'latitude': 42.3315509, 'longitude': -83.0466403, 'fipsCode': '26163'}"
116023,4431473,HighSchool,2021,282.0,Yousef Mugharbil,Murphy,Florida,IOL,77.0,330.0,4.0,0.9057,Murphy,NC,USA,"{'latitude': 35.0875836, 'longitude': -84.0346315, 'fipsCode': '37039'}"
116024,4682509,HighSchool,2021,283.0,Malik McClain,IMG Academy,Florida State,WR,76.0,195.0,4.0,0.9056,Bradenton,FL,USA,"{'latitude': 27.4989278, 'longitude': -82.5748194, 'fipsCode': '12081'}"
116025,4432684,HighSchool,2021,284.0,Greg Crippen,IMG Academy,Michigan,IOL,76.0,285.0,4.0,0.9054,Bradenton,FL,USA,"{'latitude': 27.4989278, 'longitude': -82.5748194, 'fipsCode': '12081'}"
116026,4431623,HighSchool,2021,285.0,Trey Zuhn III,Fossil Ridge,Texas A&M,OT,78.0,300.0,4.0,0.9048,Fort Collins,CO,USA,"{'latitude': 40.5508527, 'longitude': -105.0668085, 'fipsCode': '08069'}"
116027,4432742,HighSchool,2021,286.0,Dontavius Nash,Hunter Huss,North Carolina,S,75.0,185.0,4.0,0.9048,Gastonia,NC,USA,"{'latitude': 35.2622158, 'longitude': -81.1838794, 'fipsCode': '37071'}"
116028,4594322,HighSchool,2021,287.0,Shambre Jackson,Boone,Florida State,DL,74.0,230.0,4.0,0.9042,Orlando,FL,USA,"{'latitude': 28.5421109, 'longitude': -81.3790304, 'fipsCode': '12095'}"
116029,,HighSchool,2021,288.0,Jonah Miller,Sahuaro,Oregon,IOL,78.5,260.0,4.0,0.904,Tucson,AZ,USA,"{'latitude': 32.2228765, 'longitude': -110.9748477, 'fipsCode': '04019'}"
116030,4567706,HighSchool,2021,289.0,Omarion Cooper,Lehigh Senior,Florida State,CB,72.0,170.0,4.0,0.904,Lehigh Acres,FL,USA,"{'latitude': 26.6091509, 'longitude': -81.652407, 'fipsCode': '12071'}"
116031,4431606,HighSchool,2021,290.0,Monte Watkins,Klein Forest,TCU,RB,71.0,175.0,4.0,0.9035,Houston,TX,USA,"{'latitude': 29.7589382, 'longitude': -95.3676974, 'fipsCode': '48201'}"
116032,4683230,HighSchool,2021,291.0,Philip Riley,Bloomingdale,Notre Dame,CB,72.0,195.0,4.0,0.9033,Valrico,FL,USA,"{'latitude': 27.9484265, 'longitude': -82.23621545220522, 'fipsCode': '12057'}"
116033,4431497,HighSchool,2021,292.0,Mavin Anderson,Mission Viejo,California,WR,72.0,195.0,4.0,0.9031,Mission Viejo,CA,USA,"{'latitude': 33.5965685, 'longitude': -117.659405, 'fipsCode': '06059'}"
116034,4431514,HighSchool,2021,293.0,Daejon Reynolds,Grayson,Florida,WR,74.0,210.0,4.0,0.903,Loganville,GA,USA,"{'latitude': 33.8389977, 'longitude': -83.9007382, 'fipsCode': '13297'}"
116035,4432779,HighSchool,2021,294.0,Mason Tufaga,St. Louis,Utah,LB,73.0,210.0,4.0,0.9027,Honolulu,HI,USA,"{'latitude': 21.304547, 'longitude': -157.8556764, 'fipsCode': '15003'}"
116036,,HighSchool,2021,295.0,Drey Norwood,Northside,Texas A&M,CB,72.0,175.0,4.0,0.9027,Fort Smith,AR,USA,"{'latitude': 35.3872218, 'longitude': -94.4248983, 'fipsCode': '05131'}"
116037,4643625,HighSchool,2021,296.0,Kai Millner,Higley,California,QB,74.0,188.0,4.0,0.9024,Gilbert,AZ,USA,"{'latitude': 33.3527632, 'longitude': -111.7890373, 'fipsCode': '04013'}"
116038,,HighSchool,2021,297.0,Jordon Thomas,Port Arthur Memorial,Texas,DL,75.0,240.0,4.0,0.9016,Port Arthur,TX,USA,"{'latitude': 29.8988618, 'longitude': -93.9288723, 'fipsCode': '48245'}"
116039,4432776,HighSchool,2021,298.0,Jabez Tinae,Kennedy Catholic,Washington,WR,73.0,187.0,4.0,0.9016,Burien,WA,USA,"{'latitude': 47.469918, 'longitude': -122.3485274, 'fipsCode': '53033'}"
116040,4581420,HighSchool,2021,299.0,Lonyatta Alexander,Kennedy Catholic,Arizona State,WR,75.0,189.0,4.0,0.9015,Burien,WA,USA,"{'latitude': 47.469918, 'longitude': -122.3485274, 'fipsCode': '53033'}"
116041,4431439,HighSchool,2021,300.0,Will Latu,Bethel,Washington,ATH,74.0,221.0,4.0,0.9014,Spanaway,WA,USA,"{'latitude': 47.0979462, 'longitude': -122.4243422, 'fipsCode': '53053'}"
116042,4432706,HighSchool,2021,301.0,Antonio Harmon,Kosciusko,Mississippi State,WR,76.0,205.0,4.0,0.9014,Kosciusko,MS,USA,"{'latitude': 33.0576295, 'longitude': -89.5875764, 'fipsCode': '28007'}"
116043,,HighSchool,2021,302.0,Ricky Parks,Gaither,Utah,RB,70.0,192.0,4.0,0.9014,Tampa,FL,USA,"{'latitude': 27.9477595, 'longitude': -82.458444, 'fipsCode': '12057'}"
116044,4597334,HighSchool,2021,303.0,Xamarion Gordon,Warren,USC,S,74.0,190.0,4.0,0.9013,Downey,CA,USA,"{'latitude': 33.942215, 'longitude': -118.1235646, 'fipsCode': '06037'}"
116045,4683065,HighSchool,2021,304.0,Damond Harmon,Highland Springs,Oklahoma,CB,73.0,178.0,4.0,0.9013,Highland Springs,VA,USA,"{'latitude': 37.5460121, 'longitude': -77.3278441, 'fipsCode': '51087'}"
116046,4431501,HighSchool,2021,305.0,James BlackStrain,Holy Trinity Episcopal Academy,Georgia Tech,WR,74.0,190.0,4.0,0.9013,Cocoa,FL,USA,"{'latitude': 28.3553873, 'longitude': -80.7318827, 'fipsCode': '12009'}"
116047,4683131,HighSchool,2021,306.0,Zen Michalski,Floyd Central,Ohio State,OT,78.5,288.0,4.0,0.9012,Floyds Knobs,IN,USA,"{'latitude': 38.3243841, 'longitude': -85.8735251, 'fipsCode': '18043'}"
116048,4431525,HighSchool,2021,307.0,Dekel Crowdus,Frederick Douglass,Kentucky,WR,70.5,165.0,4.0,0.9011,Lexington,KY,USA,"{'latitude': 38.0464066, 'longitude': -84.4970393, 'fipsCode': '21067'}"
116049,4431596,HighSchool,2021,308.0,Justice Sullivan,Eden Prairie,Iowa,EDGE,73.0,220.0,4.0,0.9008,Eden Prairie,MN,USA,"{'latitude': 44.8546856, 'longitude': -93.470786, 'fipsCode': '27053'}"
116050,4612202,HighSchool,2021,309.0,Aden Kelley,Thomas-Fay-Custer,Oklahoma State,DL,75.0,275.0,4.0,0.9006,Thomas,OK,USA,"{'latitude': 35.7442157, 'longitude': -98.747584, 'fipsCode': '40039'}"
116051,4682762,HighSchool,2021,310.0,Ke'Travion Hargrove,Ruston,Mississippi State,RB,71.0,185.0,4.0,0.9001,Ruston,LA,USA,"{'latitude': 32.5232053, 'longitude': -92.637927, 'fipsCode': '22061'}"
116052,,HighSchool,2021,311.0,Jonathan Flowe,Upland,Oregon,LB,73.0,200.0,4.0,0.9,Upland,CA,USA,"{'latitude': 34.09751, 'longitude': -117.6483876, 'fipsCode': '06071'}"
116055,,HighSchool,2021,312.0,Emeka Megwa,Keller Timber Creek,Washington,ATH,73.0,220.0,4.0,0.9,Keller,TX,USA,"{'latitude': 32.9299655, 'longitude': -97.2271249, 'fipsCode': '48439'}"
116057,,HighSchool,2021,312.0,Caleb Johnson,Trinity Catholic,Notre Dame,OT,79.0,295.0,4.0,0.9,Ocala,FL,USA,"{'latitude': 29.1871986, 'longitude': -82.1400923, 'fipsCode': '12083'}"
116056,4710344,HighSchool,2021,312.0,Titus Mokiao-Atimalala,James Campbell,UCF,ATH,73.0,170.0,4.0,0.9,Ewa Beach,HI,USA,"{'latitude': 21.315603, 'longitude': -158.008804, 'fipsCode': '15003'}"
116053,4685585,HighSchool,2021,312.0,Keanu Williams,Clovis,Oregon,DL,77.0,290.0,4.0,0.9,Clovis,CA,USA,"{'latitude': 36.8252277, 'longitude': -119.7029194, 'fipsCode': '06019'}"
116058,4683093,HighSchool,2021,312.0,Josh McCarron,Archbishop Murphy,Virginia,EDGE,76.0,215.0,4.0,0.9,Everett,WA,USA,"{'latitude': 47.9673056, 'longitude': -122.2013998, 'fipsCode': '53061'}"
116059,4683794,HighSchool,2021,312.0,Davon Townley Jr.,Minneapolis North,Penn State,DL,78.0,220.0,4.0,0.9,Minneapolis,MN,USA,"{'latitude': 44.9772995, 'longitude': -93.2654692, 'fipsCode': '27053'}"
116054,4432751,HighSchool,2021,312.0,Steven Ortiz,Desert Edge,Minnesota,CB,72.0,175.0,4.0,0.9,Goodyear,AZ,USA,"{'latitude': 33.4353672, 'longitude': -112.3576005, 'fipsCode': '04013'}"
116060,4431468,HighSchool,2021,319.0,Jordan Mosley,McGill Toolen,Northwestern,WR,72.0,190.0,4.0,0.8998,Mobile,AL,USA,"{'latitude': 30.6943566, 'longitude': -88.0430541, 'fipsCode': '01097'}"
116061,4596363,HighSchool,2021,320.0,Kamren Kinchens,Miami Northwestern,Miami,S,71.0,201.0,4.0,0.8994,Miami,FL,USA,"{'latitude': 25.7742658, 'longitude': -80.1936589, 'fipsCode': '12086'}"
116062,4586313,HighSchool,2021,321.0,Terrence Cooks II,Shadow Creek,Texas,LB,74.0,210.0,4.0,0.8994,Pearland,TX,USA,"{'latitude': 29.5639758, 'longitude': -95.2864299, 'fipsCode': '48039'}"
116063,4570043,HighSchool,2021,322.0,Mac Uihlein,Lake Forest,Northwestern,LB,73.0,215.0,4.0,0.8994,Lake Forest,IL,USA,"{'latitude': 42.2586342, 'longitude': -87.840625, 'fipsCode': '17097'}"
116064,4594277,HighSchool,2021,323.0,Jaylin Smith,Bishop Alemany,USC,ATH,71.0,180.0,4.0,0.8993,Mission Hills,CA,USA,"{'latitude': 34.687584, 'longitude': -120.43901754304565, 'fipsCode': '06083'}"
116065,4683158,HighSchool,2021,324.0,Arland Bruce IV,Ankeny,Iowa,ATH,70.0,195.0,4.0,0.8993,Olathe,KS,USA,"{'latitude': 38.8838856, 'longitude': -94.81887, 'fipsCode': '20091'}"
116066,4596362,HighSchool,2021,325.0,Justus Boone,Sumter,Florida,DL,77.0,250.0,4.0,0.8992,Sumter,SC,USA,"{'latitude': 33.9204354, 'longitude': -80.3414693, 'fipsCode': '45085'}"
116067,4431600,HighSchool,2021,326.0,Jayden Thomas,Pace Academy,Notre Dame,WR,73.0,205.0,4.0,0.8991,Atlanta,GA,USA,"{'latitude': 33.7490987, 'longitude': -84.3901849, 'fipsCode': '13121'}"
116068,4913159,HighSchool,2021,327.0,Jaylen Anderson,Perry,West Virginia,RB,72.0,205.0,4.0,0.8991,Perry,OH,USA,"{'latitude': 41.760326, 'longitude': -81.140932, 'fipsCode': '39085'}"
116069,4600388,HighSchool,2021,328.0,Chief Borders,Heard County,Florida,LB,77.0,242.0,4.0,0.8989,Carrollton,GA,USA,"{'latitude': 33.5801103, 'longitude': -85.0766113, 'fipsCode': '13045'}"
116070,4596679,HighSchool,2021,329.0,Patrick Payton,Miami Northwestern,Florida State,LB,77.0,205.0,4.0,0.8986,Miami,FL,USA,"{'latitude': 25.7742658, 'longitude': -80.1936589, 'fipsCode': '12086'}"
116071,4690780,HighSchool,2021,330.0,Rod Orr Jr.,Gadsden City,Florida State,OT,79.0,296.0,4.0,0.8986,Gadsden,AL,USA,"{'latitude': 34.010929, 'longitude': -85.9989596, 'fipsCode': '01055'}"
116072,4596439,HighSchool,2021,331.0,Dominic Lovett,East St. Louis,Missouri,WR,70.0,175.0,4.0,0.8986,Belleville,IL,USA,"{'latitude': 38.5200504, 'longitude': -89.9839935, 'fipsCode': '17163'}"
116073,4432787,HighSchool,2021,332.0,Gage Wilcox,Jefferson,Florida,TE,76.0,228.0,4.0,0.8985,Tampa,FL,USA,"{'latitude': 27.9477595, 'longitude': -82.458444, 'fipsCode': '12057'}"
116074,4431537,HighSchool,2021,333.0,Trevonte Rucker,Vanguard,Jackson State,WR,71.5,157.0,4.0,0.8978,Ocala,FL,USA,"{'latitude': 29.1871986, 'longitude': -82.1400923, 'fipsCode': '12083'}"
116075,4602389,HighSchool,2021,334.0,Jeffrey Bassa,Kearns,Oregon,S,75.0,200.0,4.0,0.8978,Salt Lake City,UT,USA,"{'latitude': 40.7596198, 'longitude': -111.8867975, 'fipsCode': '49035'}"
116076,4431332,HighSchool,2021,334.0,DJ Harvey,Sierra Canyon,Virginia Tech,CB,71.0,166.0,4.0,0.8978,Palmdale,CA,USA,"{'latitude': 34.5793131, 'longitude': -118.1171108, 'fipsCode': '06037'}"
116077,4602969,HighSchool,2021,334.0,Bryson Nesbit,South Mecklenburg,North Carolina,TE,78.0,235.0,4.0,0.8978,Charlotte,NC,USA,"{'latitude': 35.2272, 'longitude': -80.843083, 'fipsCode': '37119'}"
116078,4433965,HighSchool,2021,337.0,Brandon Campbell,Katy,USC,RB,70.0,190.0,4.0,0.8978,Katy,TX,USA,"{'latitude': 29.7857853, 'longitude': -95.8243956, 'fipsCode': '48157'}"
116079,4683264,HighSchool,2021,338.0,Tate Williams,Wall,Baylor,IOL,76.0,264.0,4.0,0.8974,Wall,TX,USA,"{'latitude': 31.3743455, 'longitude': -100.3036601, 'fipsCode': '48451'}"
116080,,HighSchool,2021,339.0,Dink Jackson,Eau Gallie,Ole Miss,S,72.0,185.0,4.0,0.8972,Melbourne,FL,USA,"{'latitude': 28.0836269, 'longitude': -80.6081089, 'fipsCode': '12009'}"
116081,4596448,HighSchool,2021,340.0,Bucky Irving,Hillcrest,Minnesota,RB,70.0,175.0,4.0,0.8972,Country Club Hills,IL,USA,"{'latitude': 41.5680898, 'longitude': -87.7203257, 'fipsCode': '17031'}"
116082,4683515,HighSchool,2021,341.0,Leo Blackburn,Westlake,Georgia Tech,TE,77.0,230.0,4.0,0.8968,Atlanta,GA,USA,"{'latitude': 33.7490987, 'longitude': -84.3901849, 'fipsCode': '13121'}"
116085,4596357,HighSchool,2021,342.0,Kechaun Bennett,Suffield Academy,Michigan,DL,76.0,220.0,4.0,0.8967,Suffield,CT,USA,"{'latitude': 41.9816944, 'longitude': -72.6506604, 'fipsCode': '09003'}"
116088,4569659,HighSchool,2021,342.0,Josh Simmons,Helix,San Diego State,IOL,78.0,280.0,4.0,0.8967,La Mesa,CA,USA,"{'latitude': 32.7678288, 'longitude': -117.0230839, 'fipsCode': '06073'}"
116086,4873126,HighSchool,2021,342.0,Chris Lewis,Pleasant Grove,Kentucky,WR,75.0,190.0,4.0,0.8967,Pleasant Grove,AL,USA,"{'latitude': 33.4909405, 'longitude': -86.9702714, 'fipsCode': '01073'}"
116083,4432732,HighSchool,2021,342.0,Walker Merrill,Brentwood,Tennessee,WR,73.0,178.0,4.0,0.8967,Brentwood,TN,USA,"{'latitude': 36.0325687, 'longitude': -86.7825235, 'fipsCode': '47187'}"
116087,4570035,HighSchool,2021,342.0,Jaden Alexis,Monarch,Texas,WR,71.0,185.0,4.0,0.8967,Pompano Beach,FL,USA,"{'latitude': 26.2378597, 'longitude': -80.1247667, 'fipsCode': '12011'}"
116084,4603186,HighSchool,2021,342.0,Jack Bech,St. Thomas More,LSU,WR,74.0,215.0,4.0,0.8967,Lafayette,LA,USA,"{'latitude': 30.2240897, 'longitude': -92.0198427, 'fipsCode': '22055'}"
116089,4432744,HighSchool,2021,348.0,Julian Nixon,Centennial,Tennessee,WR,75.0,230.0,4.0,0.8964,Roswell,GA,USA,"{'latitude': 34.02332, 'longitude': -84.360022, 'fipsCode': '13121'}"
116090,4432722,HighSchool,2021,349.0,Athan Kaliakmanis,Antioch,Minnesota,QB,76.0,205.0,4.0,0.8964,Antioch,IL,USA,"{'latitude': 42.4772418, 'longitude': -88.0956396, 'fipsCode': '17097'}"
116091,4566384,HighSchool,2021,350.0,Zakee Wheatley,Archbishop Spalding,Penn State,S,74.0,180.0,4.0,0.8962,Severn,MD,USA,"{'latitude': 39.1278864, 'longitude': -76.6869128, 'fipsCode': '24003'}"
116092,4610011,HighSchool,2021,351.0,Tar'Varish Dawson,Lehigh Senior,Auburn,ATH,70.0,175.0,4.0,0.8959,Lehigh Acres,FL,USA,"{'latitude': 26.6091509, 'longitude': -81.652407, 'fipsCode': '12071'}"
116093,4431530,HighSchool,2021,352.0,Marquis Robinson,Milton,Auburn,DL,75.0,300.0,4.0,0.8958,Milton,FL,USA,"{'latitude': 30.6324149, 'longitude': -87.0396881, 'fipsCode': '12113'}"
116094,4592823,HighSchool,2021,353.0,Beau Stephens,Blue Springs,Iowa,OT,78.0,295.0,4.0,0.8956,Blue Springs,MO,USA,"{'latitude': 39.017316, 'longitude': -94.282265, 'fipsCode': '29095'}"
116095,4592836,HighSchool,2021,354.0,Caleb Tiernan,Detroit Country Day,Northwestern,OT,79.0,280.0,4.0,0.8956,Livonia,MI,USA,"{'latitude': 42.36837, 'longitude': -83.3527097, 'fipsCode': '26163'}"
116096,4819231,HighSchool,2021,354.0,Keagan Johnson,Bellevue West,Iowa,ATH,73.0,180.0,4.0,0.8956,Bellevue,NE,USA,"{'latitude': 41.1366494, 'longitude': -95.8907373, 'fipsCode': '31153'}"
116097,4678008,HighSchool,2021,354.0,Jonathon Brooks,Hallettsville,Texas,RB,72.0,185.0,4.0,0.8956,Hallettsville,TX,USA,"{'latitude': 29.4438528, 'longitude': -96.9410929, 'fipsCode': '48285'}"
116098,4880312,HighSchool,2021,354.0,D'Arco Perkins-McAllister,Stratford Comprehensive,TCU,S,73.0,185.0,4.0,0.8956,Nashville,TN,USA,"{'latitude': 36.1622296, 'longitude': -86.7743531, 'fipsCode': '47037'}"
116099,4609203,HighSchool,2021,358.0,Deven Eastern,Shakopee,Minnesota,DL,78.0,280.0,4.0,0.8955,Shakopee,MN,USA,"{'latitude': 44.7980186, 'longitude': -93.5268986, 'fipsCode': '27139'}"
116100,4682618,HighSchool,2021,359.0,Cooper DeJean,Battle Creek-Ida Grove,Iowa,S,74.0,195.0,4.0,0.895,Ida Grove,IA,USA,"{'latitude': 42.3449871, 'longitude': -95.4716666, 'fipsCode': '19093'}"
116101,4682789,HighSchool,2021,360.0,Logan Taylor,Episcopal,Virginia,OT,80.0,290.0,4.0,0.8948,Alexandria,VA,USA,"{'latitude': 38.8051095, 'longitude': -77.0470229, 'fipsCode': '51510'}"
116102,4683149,HighSchool,2021,361.0,Benjamin Perry,Mount Carmel,Louisville,S,75.0,190.0,4.0,0.8945,Chicago,IL,USA,"{'latitude': 41.8755616, 'longitude': -87.6244212, 'fipsCode': '17031'}"
116103,4682747,HighSchool,2021,362.0,Jordan Mukes,Choctaw,Oklahoma,S,76.0,192.0,4.0,0.8941,Choctaw,OK,USA,"{'latitude': 35.4975654, 'longitude': -97.2689263, 'fipsCode': '40109'}"
116104,4570741,HighSchool,2021,363.0,Akili Calhoun,Liberty,California,EDGE,76.0,245.0,4.0,0.894,Brentwood,CA,USA,"{'latitude': 37.9317766, 'longitude': -121.6960266, 'fipsCode': '06013'}"
116105,4565181,HighSchool,2021,364.0,Markevious Brown,IMG Academy,Ole Miss,CB,72.0,170.0,4.0,0.8938,Bradenton,FL,USA,"{'latitude': 27.4989278, 'longitude': -82.5748194, 'fipsCode': '12081'}"
116106,4634711,HighSchool,2021,365.0,Michael McLaughlin,Marjory Stoneman Douglas,Miami,OT,79.0,290.0,4.0,0.8938,Pompano Beach,FL,USA,"{'latitude': 26.2378597, 'longitude': -80.1247667, 'fipsCode': '12011'}"
116107,4684967,HighSchool,2021,366.0,George Wilson,Green Run,Florida State,EDGE,77.0,214.0,4.0,0.8934,Virginia Beach,VA,USA,"{'latitude': 36.8529841, 'longitude': -75.9774183, 'fipsCode': '51810'}"
116110,4875183,HighSchool,2021,367.0,Desmond Watson,Armwood,Florida,DL,77.0,380.0,4.0,0.8933,Seffner,FL,USA,"{'latitude': 27.998541000000003, 'longitude': -82.27488400114905, 'fipsCode': '12057'}"
116108,5080699,HighSchool,2021,367.0,Logan Fano,Timpview,BYU,EDGE,76.0,230.0,4.0,0.8933,Spanish Fork,UT,USA,"{'latitude': 40.114955, 'longitude': -111.654923, 'fipsCode': '49049'}"
116111,4431461,HighSchool,2021,367.0,Chamon Metayer,North Miami,Cincinnati,ATH,77.0,220.0,4.0,0.8933,Miami,FL,USA,"{'latitude': 25.7742658, 'longitude': -80.1936589, 'fipsCode': '12086'}"
116109,4431414,HighSchool,2021,367.0,Tim Keenan III,Ramsay,Alabama,DL,74.0,330.0,4.0,0.8933,Birmingham,AL,USA,"{'latitude': 33.5206824, 'longitude': -86.8024326, 'fipsCode': '01073'}"
116112,4602936,HighSchool,2021,371.0,Morice Blackwell Jr.,Arlington Martin,Texas,LB,73.0,196.0,4.0,0.8933,Arlington,TX,USA,"{'latitude': 32.701938999999996, 'longitude': -97.10562379033699, 'fipsCode': '48439'}"
116113,4596345,HighSchool,2021,372.0,Jamari Buddin,Belleville,Penn State,LB,74.0,215.0,4.0,0.8932,Belleville,MI,USA,"{'latitude': 42.2048414, 'longitude': -83.4852106, 'fipsCode': '17163'}"
116114,4601283,HighSchool,2021,373.0,Trey Cooley,Knightdale,Louisville,RB,71.0,208.0,4.0,0.8932,Knightdale,NC,USA,"{'latitude': 35.7878975, 'longitude': -78.4822938, 'fipsCode': '37183'}"
116115,4874527,HighSchool,2021,374.0,Sam Jackson V,Naperville Central,TCU,QB,72.0,185.0,4.0,0.8929,Naperville,IL,USA,"{'latitude': 41.7728699, 'longitude': -88.1479278, 'fipsCode': '17043'}"
116116,4592573,HighSchool,2021,375.0,Michael Jackson III,Desert Pines,USC,WR,72.0,198.0,4.0,0.8928,Las Vegas,NV,USA,"{'latitude': 36.1672559, 'longitude': -115.1485163, 'fipsCode': '32003'}"
116117,4603185,HighSchool,2021,376.0,Markus Allen,Northmont,Wisconsin,WR,74.0,190.0,4.0,0.8928,Clayton,OH,USA,"{'latitude': 39.8631101, 'longitude': -84.3605022, 'fipsCode': '39113'}"
116120,,HighSchool,2021,377.0,Hal Presley,Mansfield Summit,Auburn,WR,75.0,190.0,4.0,0.8926,Arlington,TX,USA,"{'latitude': 32.701938999999996, 'longitude': -97.10562379033699, 'fipsCode': '48439'}"
116119,4597241,HighSchool,2021,377.0,Derek Wilkins,Santa Margarita Catholic,California,DL,76.0,250.0,4.0,0.8926,Rancho Santa Margarita,CA,USA,"{'latitude': 33.6408845, 'longitude': -117.6029341, 'fipsCode': '06059'}"
116118,4596666,HighSchool,2021,377.0,Bryce Steele,Millbrook,Boston College,LB,73.0,207.0,4.0,0.8926,Raleigh,NC,USA,"{'latitude': 35.7803977, 'longitude': -78.6390989, 'fipsCode': '37183'}"
116122,4635008,HighSchool,2021,377.0,Keon Coleman,Opelousas Catholic School,Michigan State,WR,76.0,200.0,4.0,0.8926,Opelousas,LA,USA,"{'latitude': 30.5335302, 'longitude': -92.081509, 'fipsCode': '22097'}"
116121,4708089,HighSchool,2021,377.0,Jake Ratzlaff,Rosemount,Wisconsin,LB,74.0,220.0,4.0,0.8926,Rosemount,MN,USA,"{'latitude': 44.7391873, 'longitude': -93.12611, 'fipsCode': '27037'}"
116123,4604986,HighSchool,2021,382.0,MJ Daniels,George County,Ole Miss,ATH,75.0,200.0,4.0,0.8924,Lucedale,MS,USA,"{'latitude': 30.9251869, 'longitude': -88.5900235, 'fipsCode': '28039'}"
116124,4597500,HighSchool,2021,383.0,Adonai Mitchell,Cane Ridge,Georgia,WR,75.0,190.0,4.0,0.8922,Antioch,TN,USA,"{'latitude': 36.0806394, 'longitude': -83.7799037, 'fipsCode': '47093'}"
116125,4683325,HighSchool,2021,384.0,Bubba Chandler,North Oconee,Clemson,QB,76.0,195.0,4.0,0.8919,Bogart,GA,USA,"{'latitude': 33.949281, 'longitude': -83.534608, 'fipsCode': '13219'}"
116126,4598574,HighSchool,2021,385.0,Darryl Peterson III,Archbishop Hoban,Wisconsin,LB,75.0,235.0,4.0,0.8918,Akron,OH,USA,"{'latitude': 41.083064, 'longitude': -81.518485, 'fipsCode': '39153'}"
116127,4682479,HighSchool,2021,386.0,Mason Murphy,JSerra Catholic,USC,OT,77.0,290.0,4.0,0.8914,San Juan Capistrano,CA,USA,"{'latitude': 33.5016932, 'longitude': -117.6625509, 'fipsCode': '06059'}"
116128,4431520,HighSchool,2021,387.0,Chaz Chambliss,Carrollton,Georgia,LB,74.0,239.0,4.0,0.8914,Carrollton,GA,USA,"{'latitude': 33.5801103, 'longitude': -85.0766113, 'fipsCode': '13045'}"
116132,4683173,HighSchool,2021,388.0,Trenilyas Tatum,Mount Zion,Georgia Tech,LB,74.0,215.0,4.0,0.8911,Jonesboro,GA,USA,"{'latitude': 33.5215013, 'longitude': -84.3538128, 'fipsCode': '13063'}"
116130,4570038,HighSchool,2021,388.0,Sam Hart,Cherokee Trail,Ohio State,TE,77.0,225.0,4.0,0.8911,Aurora,CO,USA,"{'latitude': 39.729432, 'longitude': -104.8319196, 'fipsCode': '08005'}"
116129,4682565,HighSchool,2021,388.0,Tyler Macon,East St. Louis,Missouri,QB,71.5,200.0,4.0,0.8911,East St. Louis,IL,USA,"{'latitude': 38.6244952, 'longitude': -90.1509429, 'fipsCode': '17163'}"
116131,,HighSchool,2021,388.0,Khari Gee,Woodward Academy,Notre Dame,S,75.0,185.0,4.0,0.8911,Atlanta,GA,USA,"{'latitude': 33.7490987, 'longitude': -84.3901849, 'fipsCode': '13121'}"
116133,4596541,HighSchool,2021,392.0,Jordan Young,Gaither,Florida,CB,72.0,185.0,4.0,0.8909,Tampa,FL,USA,"{'latitude': 27.9477595, 'longitude': -82.458444, 'fipsCode': '12057'}"
116135,4597008,HighSchool,2021,393.0,Thomas Cole,San Luis Obispo,UCLA,OT,79.0,265.0,4.0,0.8904,San Luis Obispo,CA,USA,"{'latitude': 35.2827525, 'longitude': -120.6596156, 'fipsCode': '06079'}"
116138,4596596,HighSchool,2021,393.0,J.J. Jones,Myrtle Beach,North Carolina,WR,75.0,195.0,4.0,0.8904,Myrtle Beach,SC,USA,"{'latitude': 33.6956461, 'longitude': -78.8900409, 'fipsCode': '45051'}"
116137,4612839,HighSchool,2021,393.0,Terry Wells,Wynne,Arkansas,OT,76.0,306.0,4.0,0.8904,Wynne,AR,USA,"{'latitude': 35.224533, 'longitude': -90.7867798, 'fipsCode': '05037'}"
116139,4680604,HighSchool,2021,393.0,Jaydon Williams,South Oak Cliff,Arizona State,LB,73.0,195.0,4.0,0.8904,Dallas,TX,USA,"{'latitude': 32.7762719, 'longitude': -96.7968559, 'fipsCode': '48113'}"
116134,4570040,HighSchool,2021,393.0,Byron Murphy II,DeSoto,Texas,DL,73.0,290.0,4.0,0.8904,DeSoto,TX,USA,"{'latitude': 32.6061241, 'longitude': -96.865612653687, 'fipsCode': '48113'}"
116136,4432756,HighSchool,2021,393.0,Travali Price,North Lincoln,NC State,EDGE,76.0,265.0,4.0,0.8904,Lincolnton,NC,USA,"{'latitude': 35.473745, 'longitude': -81.2545251, 'fipsCode': '37109'}"
116140,4595024,HighSchool,2021,399.0,Connor Tollison,Jackson,Missouri,OT,77.0,300.0,4.0,0.8903,Jackson,MO,USA,"{'latitude': 37.3828316, 'longitude': -89.6684487, 'fipsCode': '29031'}"
116141,4683487,HighSchool,2021,400.0,Joe Alt,Totino-Grace,Notre Dame,OT,79.0,283.0,4.0,0.8901,Minneapolis,MN,USA,"{'latitude': 44.9772995, 'longitude': -93.2654692, 'fipsCode': '27053'}"
116142,4683138,HighSchool,2021,401.0,Voi Tunuufi,East,Washington,DL,74.0,280.0,3.0,0.89,Salt Lake City,UT,USA,"{'latitude': 40.7596198, 'longitude': -111.8867975, 'fipsCode': '49035'}"
116143,4683215,HighSchool,2021,402.0,Danny Stutsman,Foundation Academy,Oklahoma,LB,74.5,215.0,3.0,0.89,Winter Garden,FL,USA,"{'latitude': 28.5656649, 'longitude': -81.5856742, 'fipsCode': '12095'}"
116144,4594984,HighSchool,2021,403.0,Tavierre Dunlap,Del Valle,Michigan,RB,72.0,196.0,3.0,0.8899,Del Valle,TX,USA,"{'latitude': 30.2091, 'longitude': -97.647, 'fipsCode': '06037'}"
116145,4594321,HighSchool,2021,404.0,Kaleb Elarms-Orr,Moreau Catholic,California,EDGE,75.0,222.0,3.0,0.8896,Hayward,CA,USA,"{'latitude': 37.6688205, 'longitude': -122.0807964, 'fipsCode': '06001'}"
116146,4592531,HighSchool,2021,405.0,Ari Patu,Folsom,Stanford,QB,76.5,205.0,3.0,0.8894,Folsom,CA,USA,"{'latitude': 38.6779591, 'longitude': -121.1760583, 'fipsCode': '06067'}"
116149,4682510,HighSchool,2021,406.0,Ryan Rodriguez,Miami Columbus,Miami,IOL,75.0,280.0,3.0,0.8893,Miami,FL,USA,"{'latitude': 25.7742658, 'longitude': -80.1936589, 'fipsCode': '12086'}"
116151,4680018,HighSchool,2021,406.0,Alton McCaskill,Conroe Oak Ridge,Houston,RB,73.0,200.0,3.0,0.8893,Conroe,TX,USA,"{'latitude': 30.3118769, 'longitude': -95.4560512, 'fipsCode': '48339'}"
116152,4682505,HighSchool,2021,406.0,De'Shawn Rucker,Amos P. Godby,Tennessee,S,71.0,184.0,3.0,0.8893,Tallahassee,FL,USA,"{'latitude': 30.4380832, 'longitude': -84.2809332, 'fipsCode': '12073'}"
116147,4875593,HighSchool,2021,406.0,Jaylen Johnson,La Salle,Ohio State,S,73.0,200.0,3.0,0.8893,Cincinnati,OH,USA,"{'latitude': 39.1014537, 'longitude': -84.5124602, 'fipsCode': '39061'}"
116148,4690781,HighSchool,2021,406.0,Will Parker,Pearl-Cohn,Tennessee,OT,77.0,330.0,3.0,0.8893,Nashville,TN,USA,"{'latitude': 36.1622296, 'longitude': -86.7743531, 'fipsCode': '47037'}"
116150,4596364,HighSchool,2021,406.0,Byron Turner Jr.,St. Augustine,Florida State,DL,75.5,237.0,3.0,0.8893,Port Sulphur,LA,USA,"{'latitude': 29.4804947, 'longitude': -89.6939531, 'fipsCode': '22075'}"
116153,4566094,HighSchool,2021,412.0,Jacob Rodriguez,Wichita Falls Rider,Virginia,ATH,74.0,205.0,3.0,0.889,Wichita Falls,TX,USA,"{'latitude': 33.9137085, 'longitude': -98.4933873, 'fipsCode': '48485'}"
116156,4569658,HighSchool,2021,413.0,Duce Chestnut,Camden,Syracuse,CB,71.0,180.0,3.0,0.8889,Camden,NJ,USA,"{'latitude': 39.9448402, 'longitude': -75.1198911, 'fipsCode': '34007'}"
116154,4588300,HighSchool,2021,413.0,Kobe King,Cass Technical,Penn State,LB,72.5,223.0,3.0,0.8889,Detroit,MI,USA,"{'latitude': 42.3315509, 'longitude': -83.0466403, 'fipsCode': '26163'}"
116155,4590298,HighSchool,2021,413.0,Remington Strickland,Fort Bend Christian Academy,Texas A&M,IOL,76.0,292.0,3.0,0.8889,Sugar Land,TX,USA,"{'latitude': 29.6196787, 'longitude': -95.6349463, 'fipsCode': '48157'}"
116158,4612200,HighSchool,2021,413.0,Kyndrich Breedlove,Pearl-Cohn,Ole Miss,ATH,70.5,165.0,3.0,0.8889,Nashville,TN,USA,"{'latitude': 36.1622296, 'longitude': -86.7743531, 'fipsCode': '47037'}"
116159,4599197,HighSchool,2021,413.0,Tristan Bounds,Choate Rosemary Hall,Michigan,OT,79.5,285.0,3.0,0.8889,Wallingford,CT,USA,"{'latitude': 41.4570418, 'longitude': -72.8231552, 'fipsCode': '09009'}"
116160,4668019,HighSchool,2021,413.0,Erik Olsen,Heritage,Colorado,TE,77.0,230.0,3.0,0.8889,Littleton,CO,USA,"{'latitude': 39.613321, 'longitude': -105.0166498, 'fipsCode': '08005'}"
116157,4589518,HighSchool,2021,413.0,Noah Josey,Brentwood Academy,Virginia,IOL,77.0,280.0,3.0,0.8889,Brentwood,TN,USA,"{'latitude': 36.0325687, 'longitude': -86.7825235, 'fipsCode': '47187'}"
116161,4565184,HighSchool,2021,420.0,Jerand Bradley,DeSoto,Texas Tech,WR,77.0,200.0,3.0,0.8889,DeSoto,TX,USA,"{'latitude': 32.6061241, 'longitude': -96.865612653687, 'fipsCode': '48113'}"
116162,4682652,HighSchool,2021,421.0,Devin Neal,Lawrence,Kansas,RB,71.0,208.0,3.0,0.8888,Lawrence,KS,USA,"{'latitude': 38.9719384, 'longitude': -95.2359496, 'fipsCode': '20045'}"
116164,4602696,HighSchool,2021,422.0,Christian Burkhalter,Spanish Fort,UCLA,EDGE,77.0,230.0,3.0,0.8881,Spanish Fort,AL,USA,"{'latitude': 30.6749127, 'longitude': -87.9152724, 'fipsCode': '01003'}"
116165,4683446,HighSchool,2021,422.0,Josh Moore,Marist School,UCLA,S,74.0,195.0,3.0,0.8881,Atlanta,GA,USA,"{'latitude': 33.7490987, 'longitude': -84.3901849, 'fipsCode': '13121'}"
116163,4687700,HighSchool,2021,422.0,Malachi Holt-Bennett,Fairfield Preparatory School,Indiana,WR,74.0,180.0,3.0,0.8881,Fairfield,AL,USA,"{'latitude': 33.4859402, 'longitude': -86.9119366, 'fipsCode': '01073'}"
116168,,HighSchool,2021,422.0,Damir Collins,Jefferson,Oregon State,RB,69.0,185.0,3.0,0.8881,Portland,OR,USA,"{'latitude': 45.5202471, 'longitude': -122.6741949, 'fipsCode': '41051'}"
116167,4682984,HighSchool,2021,422.0,Tevin Williams III,Stillwater,Baylor,CB,72.0,172.0,3.0,0.8881,Stillwater,OK,USA,"{'latitude': 36.1156306, 'longitude': -97.0585717, 'fipsCode': '40119'}"
116166,4683417,HighSchool,2021,422.0,Miles Campbell,South Paulding,Tennessee,TE,75.0,238.0,3.0,0.8881,Douglasville,GA,USA,"{'latitude': 33.7514966, 'longitude': -84.7477136, 'fipsCode': '13097'}"
116169,4875981,HighSchool,2021,428.0,Geno VanDeMark,St. Joseph Regional,Michigan State,IOL,77.0,295.0,3.0,0.8878,Montvale,NJ,USA,"{'latitude': 41.0467635, 'longitude': -74.0229173, 'fipsCode': '34003'}"
116170,4684142,HighSchool,2021,428.0,Kaleb Edwards,Dacula,Georgia Tech,S,72.0,195.0,3.0,0.8878,Dacula,GA,USA,"{'latitude': 33.9887165, 'longitude': -83.8979573, 'fipsCode': '13135'}"
116171,4431572,HighSchool,2021,430.0,Najee Story,Solon,Northwestern,DL,76.0,235.0,3.0,0.8877,Solon,OH,USA,"{'latitude': 41.3897764, 'longitude': -81.4412259, 'fipsCode': '39035'}"
116172,4563007,HighSchool,2021,431.0,Nick Elksnis,Episcopal,Florida,TE,78.0,220.0,3.0,0.8877,Jacksonville,FL,USA,"{'latitude': 30.3321838, 'longitude': -81.655651, 'fipsCode': '12031'}"
116173,4432705,HighSchool,2021,432.0,Bryson Green,Allen,Oklahoma State,WR,72.5,203.0,3.0,0.8875,Allen,TX,USA,"{'latitude': 33.1031744, 'longitude': -96.6705503, 'fipsCode': '48085'}"
116174,4596597,HighSchool,2021,433.0,Kyran Montgomery,Pike,Missouri,EDGE,76.0,251.0,3.0,0.8874,Indianapolis,IN,USA,"{'latitude': 39.7683331, 'longitude': -86.1583502, 'fipsCode': '18097'}"
116175,4431214,HighSchool,2021,434.0,Hayden Conner,Katy Taylor,Texas,OT,77.5,317.0,3.0,0.8873,Katy,TX,USA,"{'latitude': 29.7857853, 'longitude': -95.8243956, 'fipsCode': '48157'}"
116176,4710322,HighSchool,2021,435.0,Deonte Anderson,Fort Meade,Mississippi State,EDGE,75.0,225.0,3.0,0.8872,Fort Meade,FL,USA,"{'latitude': 27.7522526, 'longitude': -81.8017491, 'fipsCode': '12105'}"
116178,4683101,HighSchool,2021,436.0,Max Llewellyn,Urbandale,Iowa,DL,77.0,230.0,3.0,0.887,Urbandale,IA,USA,"{'latitude': 41.6274552, 'longitude': -93.7380624, 'fipsCode': '19153'}"
116179,4686693,HighSchool,2021,436.0,Kimo Makane'ole,Niceville,LSU,IOL,76.0,285.0,3.0,0.887,Niceville,FL,USA,"{'latitude': 30.5168639, 'longitude': -86.482172, 'fipsCode': '12091'}"
116177,4599375,HighSchool,2021,436.0,Matthew Wykoff,Magnolia,Texas A&M,OT,77.0,304.0,3.0,0.887,Magnolia,TX,USA,"{'latitude': 30.2093794, 'longitude': -95.7507815, 'fipsCode': '48339'}"
116180,4683059,HighSchool,2021,439.0,Collin Oliver,Santa Fe,Oklahoma State,LB,74.0,220.0,3.0,0.8867,Edmond,OK,USA,"{'latitude': 35.6571367, 'longitude': -97.4649038, 'fipsCode': '40109'}"
116181,,HighSchool,2021,440.0,Roc Taylor,Oxford,Memphis,ATH,74.0,212.0,3.0,0.8867,Oxford,AL,USA,"{'latitude': 33.5853695, 'longitude': -85.91428175037092, 'fipsCode': '01121'}"
116187,4589439,HighSchool,2021,441.0,Chris Thomas,Dunbar,Florida,DL,78.0,290.0,3.0,0.8859,Fort Myers,FL,USA,"{'latitude': 26.640628, 'longitude': -81.8723084, 'fipsCode': '12071'}"
116183,4432612,HighSchool,2021,441.0,Christian Veilleux,The Bullis School,Penn State,QB,75.5,201.0,3.0,0.8859,Potomac,MD,USA,"{'latitude': 39.017936, 'longitude': -77.2094542, 'fipsCode': '24031'}"
116185,4433974,HighSchool,2021,441.0,Rodney McGraw,Elkhart Central,Penn State,EDGE,77.0,255.0,3.0,0.8859,Elkhart,IN,USA,"{'latitude': 41.6819935, 'longitude': -85.9766671, 'fipsCode': '18039'}"
116189,4431505,HighSchool,2021,441.0,Kobe Paysour,Gaffney,North Carolina,WR,73.0,175.0,3.0,0.8859,Gaffney,SC,USA,"{'latitude': 35.0717945, 'longitude': -81.6498195, 'fipsCode': '45021'}"
116186,5081939,HighSchool,2021,441.0,Ty Williams,Muskogee,Oklahoma State,S,73.0,186.0,3.0,0.8859,Muskogee,OK,USA,"{'latitude': 35.7478769, 'longitude': -95.3696909, 'fipsCode': '40101'}"
116188,4880845,HighSchool,2021,441.0,Chuck Montgomery,Armwood,Marshall,ATH,70.0,185.0,3.0,0.8859,Valrico,FL,USA,"{'latitude': 27.9484265, 'longitude': -82.23621545220522, 'fipsCode': '12057'}"
116184,4431526,HighSchool,2021,441.0,Dametrious Crownover,Grandview,Texas A&M,TE,78.0,275.0,3.0,0.8859,Grandview,TX,USA,"{'latitude': 32.2666506, 'longitude': -97.1785429, 'fipsCode': '48251'}"
116182,4566153,HighSchool,2021,441.0,Blaine Green,Allen,Oklahoma State,WR,73.5,204.0,3.0,0.8859,Allen,TX,USA,"{'latitude': 33.1031744, 'longitude': -96.6705503, 'fipsCode': '48085'}"
116190,4708079,HighSchool,2021,449.0,Dontae Balfour,Bradford,North Carolina,CB,74.0,170.0,3.0,0.8858,Starke,FL,USA,"{'latitude': 29.9443488, 'longitude': -82.1101137, 'fipsCode': '12007'}"
116191,4599198,HighSchool,2021,450.0,Jared Wilson,West Forsyth,Georgia,IOL,76.0,325.0,3.0,0.8856,Clemmons,NC,USA,"{'latitude': 36.0215258, 'longitude': -80.3819984, 'fipsCode': '37067'}"
116192,,HighSchool,2021,451.0,Javonte Gardner,Jones,Jackson State,OT,77.0,290.0,3.0,0.8856,Orlando,FL,USA,"{'latitude': 28.5421109, 'longitude': -81.3790304, 'fipsCode': '12095'}"
116193,4569663,HighSchool,2021,451.0,Justin Johnson Jr.,Edwardsville,West Virginia,RB,71.0,190.0,3.0,0.8856,Edwardsville,IL,USA,"{'latitude': 38.8114364, 'longitude': -89.953157, 'fipsCode': '17119'}"
116197,4602016,HighSchool,2021,453.0,Anquin Barnes Jr.,Percy L. Julian,Alabama,DL,77.0,299.0,3.0,0.8852,Montgomery,AL,USA,"{'latitude': 32.3669656, 'longitude': -86.3006485, 'fipsCode': '01101'}"
116194,4612298,HighSchool,2021,453.0,Albert Regis,La Porte,Texas A&M,DL,73.0,300.0,3.0,0.8852,La Porte,TX,USA,"{'latitude': 29.6657838, 'longitude': -95.0193729, 'fipsCode': '48201'}"
116195,4432755,HighSchool,2021,453.0,Andre Porter,Washington,Maryland,DL,75.0,300.0,3.0,0.8852,Washington,PA,USA,"{'latitude': 40.17396, 'longitude': -80.2461714, 'fipsCode': '42125'}"
116198,4603085,HighSchool,2021,453.0,Jack Pugh,Hilliard Bradley,Wisconsin,TE,77.0,235.0,3.0,0.8852,Hilliard,OH,USA,"{'latitude': 40.033814, 'longitude': -83.1596108, 'fipsCode': '39049'}"
116199,,HighSchool,2021,453.0,Andrew Jones,John Ehret,Memphis,LB,72.0,200.0,3.0,0.8852,Marrero,LA,USA,"{'latitude': 29.8993723, 'longitude': -90.1003506, 'fipsCode': '22051'}"
116196,5085888,HighSchool,2021,453.0,Easton Mascarenas-Arnold,Mission Viejo,Oregon State,LB,72.0,215.0,3.0,0.8852,Mission Viejo,CA,USA,"{'latitude': 33.5965685, 'longitude': -117.659405, 'fipsCode': '06059'}"
116200,,HighSchool,2021,459.0,Chase Mason,Viborg-Hurley,,QB,76.0,212.0,3.0,0.885,Viborg,SD,USA,"{'latitude': 43.170266, 'longitude': -97.081441, 'fipsCode': '46125'}"
116201,,HighSchool,2021,460.0,Chris Murray,Hirschi,TCU,DL,75.0,240.0,3.0,0.885,Wichita Falls,TX,USA,"{'latitude': 33.9137085, 'longitude': -98.4933873, 'fipsCode': '48485'}"
116204,4596601,HighSchool,2021,461.0,Dakota Mitchell,Winter Park,Florida,S,72.0,185.0,3.0,0.8848,Winter Park,FL,USA,"{'latitude': 26.13784445, 'longitude': -81.75399813758739, 'fipsCode': '12021'}"
116202,4594329,HighSchool,2021,461.0,Henry Lutovsky,Mount Pleasant,Nebraska,IOL,78.0,320.0,3.0,0.8848,Mount Pleasant,IA,USA,"{'latitude': 40.966312, 'longitude': -91.5539956, 'fipsCode': '19087'}"
116203,4603086,HighSchool,2021,461.0,Andrew Wilson-Lamp,Massillon Washington,West Virginia,WR,75.0,175.0,3.0,0.8848,Massillon,OH,USA,"{'latitude': 40.7967244, 'longitude': -81.5215093, 'fipsCode': '39151'}"
116205,4601280,HighSchool,2021,464.0,Andrew Jones,Reagan,Duke,OT,76.0,255.0,3.0,0.8841,Pfafftown,NC,USA,"{'latitude': 36.1526379, 'longitude': -80.3622753, 'fipsCode': '37067'}"
116206,4699354,HighSchool,2021,465.0,Harrison Wallace III,Pike Road,Penn State,WR,73.0,180.0,3.0,0.8841,Pike Road,AL,USA,"{'latitude': 32.272931, 'longitude': -86.15018999518217, 'fipsCode': '01101'}"
116207,,HighSchool,2021,466.0,Bennett Pitcher,Deerfield Academy,,OT,79.5,273.0,3.0,0.8839,Deerfield,MA,USA,"{'latitude': 42.5195925, 'longitude': -72.6103994, 'fipsCode': '25011'}"
116212,4687707,HighSchool,2021,467.0,Matthew Langlois,Catholic Of Pointe Coupee,LSU,S,72.0,185.0,3.0,0.8837,New Roads,LA,USA,"{'latitude': 30.7015741, 'longitude': -91.4362242, 'fipsCode': '22077'}"
116208,4598577,HighSchool,2021,467.0,Dorien Ford,Baldwin,Pittsburgh,DL,76.0,290.0,3.0,0.8837,Pittsburgh,PA,USA,"{'latitude': 40.4416941, 'longitude': -79.9900861, 'fipsCode': '42003'}"
116209,4431410,HighSchool,2021,467.0,Cooper Jones,Valparaiso,Indiana,DL,78.0,245.0,3.0,0.8837,Valparaiso,IN,USA,"{'latitude': 41.4730948, 'longitude': -87.0611412, 'fipsCode': '18127'}"
116211,4683818,HighSchool,2021,467.0,Deshun Murrell,Bibb County,UCLA,RB,72.0,194.0,3.0,0.8837,Centreville,AL,USA,"{'latitude': 32.9445682, 'longitude': -87.1386067, 'fipsCode': '01007'}"
116210,4602695,HighSchool,2021,467.0,Trinity Bell,Albertville,Tennessee,ATH,79.0,260.0,3.0,0.8837,Albertville,AL,USA,"{'latitude': 34.2675937, 'longitude': -86.2088669, 'fipsCode': '01095'}"
116213,4683176,HighSchool,2021,467.0,Connor Heffernan,Georgetown,Baylor,IOL,76.0,260.0,3.0,0.8837,Georgetown,TX,USA,"{'latitude': 30.671598, 'longitude': -97.65500660120435, 'fipsCode': '48491'}"
116215,4587705,HighSchool,2021,473.0,Cam'Ron Valdez,Rockdale,Texas Tech,RB,70.0,190.0,3.0,0.8833,Rockdale,TX,USA,"{'latitude': 30.6549433, 'longitude': -97.0058245, 'fipsCode': '48331'}"
116214,4433967,HighSchool,2021,473.0,Daylan Carnell,Ben Davis,Missouri,CB,73.5,195.0,3.0,0.8833,Indianapolis,IN,USA,"{'latitude': 39.7683331, 'longitude': -86.1583502, 'fipsCode': '18097'}"
116216,,HighSchool,2021,475.0,David Abiara,Mansfield Legacy,Texas,DL,76.0,248.0,3.0,0.8833,Mansfield,TX,USA,"{'latitude': 32.5631924, 'longitude': -97.1416768, 'fipsCode': '48439'}"
116219,4700270,HighSchool,2021,476.0,Austin Uke,Dallas Parish Episcopal,Stanford,OT,76.0,265.0,3.0,0.883,Dallas,TX,USA,"{'latitude': 32.7762719, 'longitude': -96.7968559, 'fipsCode': '48113'}"
116217,4431575,HighSchool,2021,476.0,Cullen Montgomery,Episcopal,Oklahoma,IOL,77.0,315.0,3.0,0.883,Bellaire,TX,USA,"{'latitude': 29.7057858, 'longitude': -95.4588299, 'fipsCode': '48201'}"
116218,4431540,HighSchool,2021,476.0,Bryan Sanborn,Lake Zurich,Wisconsin,LB,74.0,210.0,3.0,0.883,Lake Zurich,IL,USA,"{'latitude': 42.1969689, 'longitude': -88.0934108, 'fipsCode': '17097'}"
116220,4432733,HighSchool,2021,479.0,Clay Millen,Mount Si,Nevada,QB,75.0,188.0,3.0,0.8826,Snoqualmie,WA,USA,"{'latitude': 47.5289527, 'longitude': -121.8270932, 'fipsCode': '53033'}"
116222,4431646,HighSchool,2021,480.0,Keontez Lewis,East St. Louis,UCLA,WR,74.0,185.0,3.0,0.8826,East St. Louis,IL,USA,"{'latitude': 38.6244952, 'longitude': -90.1509429, 'fipsCode': '17163'}"
116226,,HighSchool,2021,480.0,Victory Vaka,Westlake,BYU,DL,74.0,350.0,3.0,0.8826,Westlake Village,CA,USA,"{'latitude': 34.1460234, 'longitude': -118.8061794, 'fipsCode': '06037'}"
116229,4683002,HighSchool,2021,480.0,Khristian Zachary,Carrollton,Liberty,EDGE,75.0,250.0,3.0,0.8826,Carrollton,GA,USA,"{'latitude': 33.5801103, 'longitude': -85.0766113, 'fipsCode': '13045'}"
116224,4596346,HighSchool,2021,480.0,Jordan Dingle,Bowling Green,Kentucky,TE,76.0,235.0,3.0,0.8826,Bowling Green,KY,USA,"{'latitude': 36.9903199, 'longitude': -86.4436018, 'fipsCode': '21227'}"
116230,,HighSchool,2021,480.0,Jaylin White,Dothan,,RB,70.5,185.0,3.0,0.8826,Dothan,AL,USA,"{'latitude': 31.2237434, 'longitude': -85.3933906, 'fipsCode': '01069'}"
116223,4431608,HighSchool,2021,480.0,Landyn Watson,Hutto,TCU,EDGE,75.0,235.0,3.0,0.8826,Hutto,TX,USA,"{'latitude': 30.5427638, 'longitude': -97.5468898, 'fipsCode': '48491'}"
116225,4566198,HighSchool,2021,480.0,Lake McRee,Lake Travis,USC,TE,76.0,217.0,3.0,0.8826,Austin,TX,USA,"{'latitude': 30.2711286, 'longitude': -97.7436995, 'fipsCode': '48453'}"
116228,4588194,HighSchool,2021,480.0,Dyson McCutcheon,Bishop Amat,Washington,CB,70.0,165.0,3.0,0.8826,La Puente,CA,USA,"{'latitude': 34.01979, 'longitude': -117.9503677, 'fipsCode': '06037'}"
116227,4602193,HighSchool,2021,480.0,Lyrik Rawls,Marshall,Oklahoma State,S,73.0,180.0,3.0,0.8826,Marshall,TX,USA,"{'latitude': 32.5447756, 'longitude': -94.3661004, 'fipsCode': '48203'}"
116231,4431278,HighSchool,2021,480.0,Weston Franklin,Wayne County,Georgia Tech,IOL,76.0,308.0,3.0,0.8826,Jesup,GA,USA,"{'latitude': 31.6074365, 'longitude': -81.8853924, 'fipsCode': '13305'}"
116221,4432788,HighSchool,2021,480.0,Brody Wisecarver,De Smet Jesuit,Illinois,IOL,76.0,317.0,3.0,0.8826,St. Louis,MO,USA,"{'latitude': 38.6268039, 'longitude': -90.1994097, 'fipsCode': '29510'}"
116232,4431340,HighSchool,2021,491.0,Javion Hunt,Carl Albert,Arkansas,RB,72.0,205.0,3.0,0.8819,Oklahoma City,OK,USA,"{'latitude': 35.4729886, 'longitude': -97.5170536, 'fipsCode': '40109'}"
116233,,HighSchool,2021,492.0,Quenton Barnes,Cane Ridge,,WR,74.0,175.0,3.0,0.8816,Antioch,TN,USA,"{'latitude': 36.0806394, 'longitude': -83.7799037, 'fipsCode': '47093'}"
232201,,HighSchool,2021,493.0,Tyler McLaurin,Bolingbrook,Michigan,LB,74.0,210.0,3.0,0.8815,Bolingbrook,IL,USA,"{'latitude': 41.7003302, 'longitude': -88.0717708, 'fipsCode': '17197'}"
116240,4683243,HighSchool,2021,493.0,Mitchell Evans,Wadsworth,Notre Dame,TE,79.0,240.0,3.0,0.8815,Wadsworth,OH,USA,"{'latitude': 41.0256101, 'longitude': -81.7298519, 'fipsCode': '39103'}"
116245,4698884,HighSchool,2021,493.0,Isaac Vaha,Pleasant Grove,Utah,TE,79.0,230.0,3.0,0.8815,Pleasant Grove,UT,USA,"{'latitude': 40.3641184, 'longitude': -111.73854, 'fipsCode': '49049'}"
116242,4597253,HighSchool,2021,493.0,Isaiah Nwokobia,Dallas Skyline,SMU,S,72.0,191.0,3.0,0.8815,Dallas,TX,USA,"{'latitude': 32.7762719, 'longitude': -96.7968559, 'fipsCode': '48113'}"
116238,4691878,HighSchool,2021,493.0,Cameron Ball,Tri-Cities,Arkansas,DT,77.0,300.0,3.0,0.8815,Atlanta,GA,USA,"{'latitude': 33.7490987, 'longitude': -84.3901849, 'fipsCode': '13121'}"
116243,,HighSchool,2021,493.0,Breon Pass,Reidsville,,WR,72.0,175.0,3.0,0.8815,Reidsville,NC,USA,"{'latitude': 36.3548586, 'longitude': -79.6644748, 'fipsCode': '37157'}"
116244,4602927,HighSchool,2021,493.0,Mitch Leigber,Laguna Hills,Stanford,S,73.0,205.0,3.0,0.8815,Laguna Hills,CA,USA,"{'latitude': 33.5948758, 'longitude': -117.6882067, 'fipsCode': '06059'}"
116239,4668088,HighSchool,2021,493.0,Marlin Dean,IMG Academy,Georgia,DL,78.0,265.0,3.0,0.8815,Elberton,GA,USA,"{'latitude': 34.1112226, 'longitude': -82.8670839, 'fipsCode': '13105'}"
116237,4603192,HighSchool,2021,493.0,Logan Diggs,Archbishop Rummel,Notre Dame,RB,72.0,195.0,3.0,0.8815,Metairie,LA,USA,"{'latitude': 30.001852, 'longitude': -90.1767149159888, 'fipsCode': '22051'}"
116236,4592826,HighSchool,2021,493.0,Victoine Brown,Grayson,Louisville,DL,76.0,227.0,3.0,0.8815,Loganville,GA,USA,"{'latitude': 33.8389977, 'longitude': -83.9007382, 'fipsCode': '13297'}"
116241,4686569,HighSchool,2021,493.0,Shield Taylor,Alexandria,Stanford,TE,76.0,235.0,3.0,0.8815,Alexandria,LA,USA,"{'latitude': 31.311248, 'longitude': -92.4449087, 'fipsCode': '27041'}"
116234,4565552,HighSchool,2021,493.0,Deacon Hill,Santa Barbara,Wisconsin,QB,75.0,230.0,3.0,0.8815,Santa Barbara,CA,USA,"{'latitude': 34.4221319, 'longitude': -119.7026673, 'fipsCode': '06083'}"
116235,4602189,HighSchool,2021,493.0,Terrell Tilmon,Mansfield Timberview,Oregon,EDGE,76.0,210.0,3.0,0.8815,Arlington,TX,USA,"{'latitude': 32.701938999999996, 'longitude': -97.10562379033699, 'fipsCode': '48439'}"
116246,4592833,HighSchool,2021,506.0,Cameron James,Simeon,Minnesota,OT,80.0,290.0,3.0,0.8807,Chicago,IL,USA,"{'latitude': 41.8755616, 'longitude': -87.6244212, 'fipsCode': '17031'}"
116249,,HighSchool,2021,506.0,Khalil Anderson,Riverwood,Pittsburgh,CB,71.0,175.0,3.0,0.8807,Atlanta,GA,USA,"{'latitude': 33.7490987, 'longitude': -84.3901849, 'fipsCode': '13121'}"
116248,4690476,HighSchool,2021,506.0,Noah Pulealii,Palma,UCLA,IOL,75.5,312.0,3.0,0.8807,Salinas,CA,USA,"{'latitude': 36.6744117, 'longitude': -121.6550372, 'fipsCode': '06053'}"
116247,4603101,HighSchool,2021,506.0,Rod Moore,Northmont,Michigan,S,71.0,180.0,3.0,0.8807,Clayton,OH,USA,"{'latitude': 39.8631101, 'longitude': -84.3605022, 'fipsCode': '39113'}"
116250,4683536,HighSchool,2021,510.0,JJ Henry,McKinney North,Ole Miss,WR,70.0,165.0,3.0,0.8804,McKinney,TX,USA,"{'latitude': 33.1976496, 'longitude': -96.6154471, 'fipsCode': '48085'}"
116254,,HighSchool,2021,511.0,Joshua Burrell,Blythewood,Florida State,WR,74.0,212.0,3.0,0.8804,Blythewood,SC,USA,"{'latitude': 34.2187005, 'longitude': -80.98456918011235, 'fipsCode': '45079'}"
116257,,HighSchool,2021,511.0,Keithron Lee,Rudder,Texas,WR,70.0,175.0,3.0,0.8804,Bryan,TX,USA,"{'latitude': 30.6743643, 'longitude': -96.3699632, 'fipsCode': '48041'}"
116256,4683318,HighSchool,2021,511.0,James Carnie,Norris,Nebraska,TE,77.0,220.0,3.0,0.8804,Firth,NE,USA,"{'latitude': 40.532789, 'longitude': -96.606415, 'fipsCode': '31109'}"
116255,4586334,HighSchool,2021,511.0,Bryon Threats,Dublin Coffman,Cincinnati,ATH,70.0,190.0,3.0,0.8804,Dublin,OH,USA,"{'latitude': 40.0992294, 'longitude': -83.1140771, 'fipsCode': '39049'}"
116259,4683489,HighSchool,2021,511.0,Saia Mapakaitolo,Red Mountain,Minnesota,OT,77.0,280.0,3.0,0.8804,Mesa,AZ,USA,"{'latitude': 33.4151117, 'longitude': -111.8314773, 'fipsCode': '04013'}"
116258,4683043,HighSchool,2021,511.0,Thomas Davis,Lowndes,Miami,LB,72.5,235.0,3.0,0.8804,Valdosta,GA,USA,"{'latitude': 30.8327022, 'longitude': -83.2784851, 'fipsCode': '13185'}"
116253,4589233,HighSchool,2021,511.0,Dylan Goffney,Bridgeland,SMU,WR,73.0,195.0,3.0,0.8804,Cypress,TX,USA,"{'latitude': 29.9691116, 'longitude': -95.6971686, 'fipsCode': '48201'}"
116251,4432736,HighSchool,2021,511.0,Colin Mobley,DeMatha Catholic,USC,DL,76.0,260.0,3.0,0.8804,Hyattsville,MD,USA,"{'latitude': 38.9529442, 'longitude': -76.9408647, 'fipsCode': '24033'}"
116252,4602900,HighSchool,2021,511.0,Zakhari Spears,Loyola,Washington,CB,74.0,180.0,3.0,0.8804,Los Angeles,CA,USA,"{'latitude': 34.0536909, 'longitude': -118.2427666, 'fipsCode': '06037'}"
116262,4431632,HighSchool,2021,520.0,Caleb Coombs,St. John's College,Marshall,WR,70.0,175.0,3.0,0.88,Washington,DC,USA,"{'latitude': 38.8949855, 'longitude': -77.0365708, 'fipsCode': '11001'}"
116261,4572380,HighSchool,2021,520.0,Quincy Skinner Jr.,St. Thomas Aquinas,Vanderbilt,WR,73.0,175.0,3.0,0.88,Fort Lauderdale,FL,USA,"{'latitude': 26.1223084, 'longitude': -80.1433786, 'fipsCode': '12011'}"
116263,4431626,HighSchool,2021,520.0,Charles Brantley,Venice,Michigan State,CB,72.0,160.0,3.0,0.88,Venice,FL,USA,"{'latitude': 27.0999188, 'longitude': -82.4543597, 'fipsCode': '12115'}"
116260,4683102,HighSchool,2021,520.0,Kuao Peihopa,Kamehameha Kapalama,Washington,DL,75.0,306.0,3.0,0.88,Honolulu,HI,USA,"{'latitude': 21.304547, 'longitude': -157.8556764, 'fipsCode': '15003'}"
116264,,HighSchool,2021,524.0,Tobechi Okoli,Lincoln College Prep,Auburn,DL,77.0,255.0,3.0,0.8796,Kansas City,MO,USA,"{'latitude': 39.100105, 'longitude': -94.5781416, 'fipsCode': '29095'}"
116265,,HighSchool,2021,525.0,Enrique Cruz Jr.,Willowbrook,Syracuse,OT,77.0,252.0,3.0,0.8796,Villa Park,IL,USA,"{'latitude': 41.8891319, 'longitude': -87.9774854, 'fipsCode': '17043'}"
116268,4587701,HighSchool,2021,526.0,Andrel Anthony,East Lansing,Michigan,WR,74.0,175.0,3.0,0.8793,East Lansing,MI,USA,"{'latitude': 42.7355416, 'longitude': -84.4852469, 'fipsCode': '26065'}"
116271,,HighSchool,2021,526.0,Tyrese Johnson,KIPP Booker T. Washington,Memphis,WR,73.0,190.0,3.0,0.8793,New Orleans,LA,USA,"{'latitude': 29.9499323, 'longitude': -90.0701156, 'fipsCode': '22071'}"
116270,4683128,HighSchool,2021,526.0,Jack Dingle,Trinity,Cincinnati,LB,76.0,205.0,3.0,0.8793,Louisville,KY,USA,"{'latitude': 38.2542376, 'longitude': -85.759407, 'fipsCode': '21111'}"
116267,4602895,HighSchool,2021,526.0,Makai Cope,Culver City,Utah,WR,74.0,190.0,3.0,0.8793,Culver City,CA,USA,"{'latitude': 34.0278787, 'longitude': -118.3888493, 'fipsCode': '06037'}"
116266,4587723,HighSchool,2021,526.0,Keuan Parker,Booker T. Washington,Arkansas,CB,71.0,173.0,3.0,0.8793,Tulsa,OK,USA,"{'latitude': 36.1556805, 'longitude': -95.9929113, 'fipsCode': '40143'}"
116269,4600604,HighSchool,2021,526.0,Jeffrey Davis Jr.,Kingswood Oxford,Penn State,CB,72.0,170.0,3.0,0.8793,West Hartford,CT,USA,"{'latitude': 41.7629122, 'longitude': -72.75664456297505, 'fipsCode': '09003'}"
116272,4602984,HighSchool,2021,532.0,Diego Pounds,Millbrook,North Carolina,OT,78.0,305.0,3.0,0.8789,Raleigh,NC,USA,"{'latitude': 35.7803977, 'longitude': -78.6390989, 'fipsCode': '37183'}"
116273,4873431,HighSchool,2021,533.0,Larry Smith III,Oakleaf,Indiana,S,70.0,170.0,3.0,0.8789,Jacksonville,FL,USA,"{'latitude': 30.3321838, 'longitude': -81.655651, 'fipsCode': '12031'}"
116274,4431510,HighSchool,2021,534.0,Tymir Brown,Jacksonville,North Carolina,ATH,71.0,169.0,3.0,0.8786,Jacksonville,NC,USA,"{'latitude': 34.7494749, 'longitude': -77.4208221, 'fipsCode': '37133'}"
116281,4568723,HighSchool,2021,535.0,Tyler Johnson,Miami Killian,Miami,LB,74.0,200.0,3.0,0.8785,Miami,FL,USA,"{'latitude': 25.7742658, 'longitude': -80.1936589, 'fipsCode': '12086'}"
116280,4431516,HighSchool,2021,535.0,Brandon Buckhaulter,Hartfield Academy,Ole Miss,WR,75.0,220.0,3.0,0.8785,Flowood,MS,USA,"{'latitude': 32.3095903, 'longitude': -90.1389757, 'fipsCode': '28121'}"
116279,4431258,HighSchool,2021,535.0,Gennings Dunker,Lena-Winslow,Iowa,IOL,77.0,290.0,3.0,0.8785,Lena,IL,USA,"{'latitude': 42.3804975, 'longitude': -89.8220784, 'fipsCode': '17177'}"
116277,,HighSchool,2021,535.0,Jordan Jenkins,Lindale,Baylor,RB,73.0,202.0,3.0,0.8785,Lindale,TX,USA,"{'latitude': 32.5156971, 'longitude': -95.4093998, 'fipsCode': '48423'}"
116275,,HighSchool,2021,535.0,Raider Damuni,Timpview,BYU,ATH,74.0,190.0,3.0,0.8785,Provo,UT,USA,"{'latitude': 40.2338438, 'longitude': -111.6585337, 'fipsCode': '49049'}"
116276,4594337,HighSchool,2021,535.0,Liam Clifford,St. Xavier,Penn State,WR,73.0,195.0,3.0,0.8785,Cincinnati,OH,USA,"{'latitude': 39.1014537, 'longitude': -84.5124602, 'fipsCode': '39061'}"
116278,4432745,HighSchool,2021,535.0,Phillip O'Brien Jr.,Deerfield Beach,Pittsburgh,S,73.0,190.0,3.0,0.8785,Deerfield Beach,FL,USA,"{'latitude': 26.318342, 'longitude': -80.0996306, 'fipsCode': '12011'}"
116282,4431494,HighSchool,2021,542.0,Dameon Wilson,Kings Mountain,Missouri,LB,73.0,210.0,3.0,0.8782,Kings Mountain,NC,USA,"{'latitude': 35.2450607, 'longitude': -81.3410516, 'fipsCode': '37045'}"
116286,4602021,HighSchool,2021,543.0,Ru'Quan Buckley,Godwin Heights,Nebraska,DL,78.0,280.0,3.0,0.8781,Three Rivers,MI,USA,"{'latitude': 41.9442722, 'longitude': -85.6346222, 'fipsCode': '26149'}"
116287,4568075,HighSchool,2021,543.0,Juan Davis,Everman,Texas,ATH,76.0,217.0,3.0,0.8781,Fort Worth,TX,USA,"{'latitude': 32.753177, 'longitude': -97.3327459, 'fipsCode': '48439'}"
116289,4683092,HighSchool,2021,543.0,Cole Carson,Rivercrest,Arkansas,OT,77.0,285.0,3.0,0.8781,Bogata,TX,USA,"{'latitude': 33.4711597, 'longitude': -95.2144967, 'fipsCode': '48387'}"
116288,4598576,HighSchool,2021,543.0,Nick Dimitris,Sierra Vista,UNLV,EDGE,76.0,235.0,3.0,0.8781,Baldwin Park,CA,USA,"{'latitude': 34.0854739, 'longitude': -117.9611761, 'fipsCode': '06037'}"
116290,,HighSchool,2021,543.0,Bralyn Oliver,Hough,Louisville,S,74.0,195.0,3.0,0.8781,Cornelius,NC,USA,"{'latitude': 35.4817982, 'longitude': -80.8589501, 'fipsCode': '37119'}"
116283,4596663,HighSchool,2021,543.0,Jalen Cheek,Winslow Township,Boston College,CB,73.0,187.0,3.0,0.8781,Atco,NJ,USA,"{'latitude': 39.769838, 'longitude': -74.8873855, 'fipsCode': '34007'}"
116284,4602899,HighSchool,2021,543.0,RJ Regan,Orange Lutheran,Arizona State,CB,72.0,186.0,3.0,0.8781,Orange,CA,USA,"{'latitude': 33.7872568, 'longitude': -117.8503088, 'fipsCode': '06059'}"
116285,4431647,HighSchool,2021,543.0,Chauncey Magwood,Lee County,Kentucky,WR,72.0,187.0,3.0,0.8781,Leesburg,GA,USA,"{'latitude': 31.7324556, 'longitude': -84.1711966, 'fipsCode': '13177'}"
116291,4684525,HighSchool,2021,551.0,Eli Sanders,Chandler,Iowa State,ATH,72.0,190.0,3.0,0.8778,Chandler,AZ,USA,"{'latitude': 33.3062223, 'longitude': -111.8413317, 'fipsCode': '04013'}"
116292,4697393,HighSchool,2021,551.0,Chase Hattley,Panther Creek,NC State,S,75.0,205.0,3.0,0.8778,Cary,NC,USA,"{'latitude': 35.7883046, 'longitude': -78.7811964, 'fipsCode': '37183'}"
116293,5081785,HighSchool,2021,553.0,Jackie Marshall,East St. John,Baylor,LB,73.5,230.0,3.0,0.8774,Reserve,LA,USA,"{'latitude': 30.0538131, 'longitude': -90.5517534, 'fipsCode': '20013'}"
116294,4683119,HighSchool,2021,553.0,Tyler Moore,Johnston,Iowa State,TE,77.0,245.0,3.0,0.8774,Johnston,IA,USA,"{'latitude': 41.6731523, 'longitude': -93.6973395, 'fipsCode': '19153'}"
116296,,HighSchool,2021,555.0,Ayo Adebogun,Homestead,Wisconsin,EDGE,75.0,215.0,3.0,0.877,Thiensville,WI,USA,"{'latitude': 43.2375067, 'longitude': -87.9787001, 'fipsCode': '55089'}"
116298,4683118,HighSchool,2021,555.0,Ja'Den McBurrows,St. Thomas Aquinas,Michigan,CB,70.0,165.0,3.0,0.877,Fort Lauderdale,FL,USA,"{'latitude': 26.1223084, 'longitude': -80.1433786, 'fipsCode': '12011'}"
116295,4602191,HighSchool,2021,555.0,Mark Wilson,Clear Lake,Houston,S,72.0,170.0,3.0,0.877,Houston,TX,USA,"{'latitude': 29.7589382, 'longitude': -95.3676974, 'fipsCode': '48201'}"
116297,4698179,HighSchool,2021,555.0,River Helms,West Limestone,Western Kentucky,TE,76.0,225.0,3.0,0.877,Lester,AL,USA,"{'latitude': 34.9906391, 'longitude': -87.1533469, 'fipsCode': '01083'}"
116301,4683096,HighSchool,2021,559.0,Caden Fordham,The Bolles School,NC State,LB,74.0,220.0,3.0,0.8763,Ponte Vedra Beach,FL,USA,"{'latitude': 30.2396865, 'longitude': -81.3856384, 'fipsCode': '12109'}"
116309,4691282,HighSchool,2021,559.0,Caleb Johnson,Greenville,North Texas,CB,70.0,170.0,3.0,0.8763,Greenville,TX,USA,"{'latitude': 33.1384488, 'longitude': -96.1108066, 'fipsCode': '48231'}"
116307,4683717,HighSchool,2021,559.0,Ryan Barnes,Quince Orchard,Notre Dame,CB,74.0,185.0,3.0,0.8763,Gaithersburg,MD,USA,"{'latitude': 39.1434406, 'longitude': -77.2013705, 'fipsCode': '24031'}"
116310,4683920,HighSchool,2021,559.0,Isaiah Newcombe,Casteel,UCLA,ATH,73.0,185.0,3.0,0.8763,Queen Creek,AZ,USA,"{'latitude': 33.2483858, 'longitude': -111.6341585, 'fipsCode': '04013'}"
116302,4684421,HighSchool,2021,559.0,Simeon Price,West Florida Tech,Mississippi State,ATH,72.0,204.0,3.0,0.8763,Pensacola,FL,USA,"{'latitude': 30.421309, 'longitude': -87.2169149, 'fipsCode': '12033'}"
116299,4432726,HighSchool,2021,559.0,Zeiqui Lawton,South Charleston,Cincinnati,DL,75.0,240.0,3.0,0.8763,Charleston,WV,USA,"{'latitude': 38.3505995, 'longitude': -81.6332812, 'fipsCode': '54039'}"
116308,4680016,HighSchool,2021,559.0,Cameron Bonner,Houston St. Thomas,Baylor,WR,71.0,173.0,3.0,0.8763,Houston,TX,USA,"{'latitude': 29.7589382, 'longitude': -95.3676974, 'fipsCode': '48201'}"
116305,4431152,HighSchool,2021,559.0,Jackson Acker,Verona Area,Wisconsin,ATH,74.0,220.0,3.0,0.8763,Verona,WI,USA,"{'latitude': 41.215285, 'longitude': -88.50465218777931, 'fipsCode': '17063'}"
116303,4751683,HighSchool,2021,559.0,Jacobi Moore,Harrison Central,Mississippi State,WR,74.0,200.0,3.0,0.8763,Gulfport,MS,USA,"{'latitude': 30.3674198, 'longitude': -89.0928155, 'fipsCode': '28047'}"
116300,,HighSchool,2021,559.0,Nate Bruce,Harrisburg,Penn State,IOL,76.0,320.0,3.0,0.8763,Harrisburg,PA,USA,"{'latitude': 40.2663107, 'longitude': -76.8861122, 'fipsCode': '42043'}"
116304,5081941,HighSchool,2021,559.0,Nick Martin,Texarkana Pleasant Grove,Oklahoma State,ATH,72.0,195.0,3.0,0.8763,Texarkana,TX,USA,"{'latitude': 33.44628645, 'longitude': -94.07638067493534, 'fipsCode': '48037'}"
116306,4597310,HighSchool,2021,559.0,Austin Barber,Trinity Christian Academy,Florida,OT,79.0,300.0,3.0,0.8763,Jacksonville,FL,USA,"{'latitude': 30.3321838, 'longitude': -81.655651, 'fipsCode': '12031'}"
116311,,HighSchool,2021,571.0,Loyal Crawford,Eau Claire Memorial,Wisconsin,RB,72.0,190.0,3.0,0.8759,Eau Claire,WI,USA,"{'latitude': 44.811349, 'longitude': -91.4984941, 'fipsCode': '55035'}"
116314,4568722,HighSchool,2021,571.0,Jaden Harrell,Urbandale,Iowa,LB,74.0,215.0,3.0,0.8759,Urbandale,IA,USA,"{'latitude': 41.6274552, 'longitude': -93.7380624, 'fipsCode': '19153'}"
116312,4431605,HighSchool,2021,571.0,Justin Walters,Bolingbrook,Notre Dame,S,74.0,185.0,3.0,0.8759,Bolingbrook,IL,USA,"{'latitude': 41.7003302, 'longitude': -88.0717708, 'fipsCode': '17197'}"
116318,4596010,HighSchool,2021,571.0,Lemeke Brockington,Colquitt County,Minnesota,WR,72.0,195.0,3.0,0.8759,Moultrie,GA,USA,"{'latitude': 31.179998, 'longitude': -83.7887928, 'fipsCode': '13071'}"
116316,4686218,HighSchool,2021,571.0,Chance Tucker,Crespi,Notre Dame,CB,73.0,180.0,3.0,0.8759,Encino,CA,USA,"{'latitude': 34.1591324, 'longitude': -118.5016166, 'fipsCode': '06037'}"
116315,4606193,HighSchool,2021,571.0,Bryson Estes,Eagle's Landing Christian,Florida State,IOL,75.0,291.0,3.0,0.8759,McDonough,GA,USA,"{'latitude': 33.4473361, 'longitude': -84.1468616, 'fipsCode': '13151'}"
116317,4431211,HighSchool,2021,571.0,Savion Collins,Miami Palmetto,Florida International,DL,76.0,290.0,3.0,0.8759,Miami,FL,USA,"{'latitude': 25.7742658, 'longitude': -80.1936589, 'fipsCode': '12086'}"
116313,4586314,HighSchool,2021,571.0,Bryce Stephens,John Marshall,Arkansas,WR,72.0,170.0,3.0,0.8759,Oklahoma City,OK,USA,"{'latitude': 35.4729886, 'longitude': -97.5170536, 'fipsCode': '40109'}"
116319,4709392,HighSchool,2021,579.0,Anthony Tyus III,Portage Northern,Northwestern,RB,73.0,207.0,3.0,0.8756,Portage,MI,USA,"{'latitude': 42.2011538, 'longitude': -85.5800022, 'fipsCode': '26077'}"
116321,4709718,HighSchool,2021,580.0,Jayden Williams,Conway,Ole Miss,OT,77.0,268.0,3.0,0.8756,Conway,AR,USA,"{'latitude': 35.0886963, 'longitude': -92.4421011, 'fipsCode': '05045'}"
116320,4700139,HighSchool,2021,580.0,Jacob Schuster,Tumwater,Minnesota,DL,74.0,300.0,3.0,0.8756,Olympia,WA,USA,"{'latitude': 47.0451022, 'longitude': -122.8950075, 'fipsCode': '53067'}"
116322,4602946,HighSchool,2021,582.0,Jabril McNeill,Sanderson,Oregon,LB,76.0,225.0,3.0,0.8753,Raleigh,NC,USA,"{'latitude': 35.7803977, 'longitude': -78.6390989, 'fipsCode': '37183'}"
116331,4432723,HighSchool,2021,583.0,A.J. Kirk,Archbishop Hoban,Michigan State,S,72.0,200.0,3.0,0.8752,Columbus,OH,USA,"{'latitude': 39.9622601, 'longitude': -83.0007065, 'fipsCode': '39049'}"
116323,4431336,HighSchool,2021,583.0,Jack Hollifield,Shelby,Virginia Tech,LB,75.0,225.0,3.0,0.8752,Shelby,NC,USA,"{'latitude': 35.2919489, 'longitude': -81.5402112, 'fipsCode': '37045'}"
116327,4431328,HighSchool,2021,583.0,Rodney Hammond Jr.,Booker T. Washington,Pittsburgh,ATH,70.0,170.0,3.0,0.8752,Norfolk,VA,USA,"{'latitude': 36.8462923, 'longitude': -76.2929252, 'fipsCode': '51710'}"
116325,4602896,HighSchool,2021,583.0,Kaleb Higgins,Folsom,California,CB,74.0,196.0,3.0,0.8752,Folsom,CA,USA,"{'latitude': 38.6779591, 'longitude': -121.1760583, 'fipsCode': '06067'}"
116326,,HighSchool,2021,583.0,Alonzo Fontenette,Oaks Christian,,WR,75.0,175.0,3.0,0.8752,Westlake Village,CA,USA,"{'latitude': 34.1460234, 'longitude': -118.8061794, 'fipsCode': '06037'}"
116329,4597249,HighSchool,2021,583.0,Devin Aupiu,Oxnard Pacifica,Notre Dame,LB,77.0,220.0,3.0,0.8752,Oxnard,CA,USA,"{'latitude': 34.1976308, 'longitude': -119.1803818, 'fipsCode': '06111'}"
116330,,HighSchool,2021,583.0,Jayden Johnson,Cedartown,Arkansas,ATH,74.0,200.0,3.0,0.8752,Cedartown,GA,USA,"{'latitude': 34.0124425, 'longitude': -85.2559398, 'fipsCode': '13233'}"
116328,4602648,HighSchool,2021,583.0,Kevin Knowles II,McArthur,Florida State,CB,70.0,168.0,3.0,0.8752,Hollywood,FL,USA,"{'latitude': 26.0112014, 'longitude': -80.1494901, 'fipsCode': '12011'}"
116324,4431418,HighSchool,2021,583.0,Ty Keyes,Taylorsville,Southern Miss,QB,74.0,205.0,3.0,0.8752,Taylorsville,MS,USA,"{'latitude': 31.8296038, 'longitude': -89.4281208, 'fipsCode': '28129'}"
116333,4602192,HighSchool,2021,592.0,Landen King,Atascocita,Auburn,TE,77.0,220.0,3.0,0.8748,Humble,TX,USA,"{'latitude': 29.9988312, 'longitude': -95.2621553, 'fipsCode': '48201'}"
116332,4592530,HighSchool,2021,592.0,Devon Williams,Dublin Coffman,Minnesota,LB,73.0,215.0,3.0,0.8748,Dublin,OH,USA,"{'latitude': 40.0992294, 'longitude': -83.1140771, 'fipsCode': '39049'}"
116337,4705623,HighSchool,2021,592.0,Kahanu Kia,Punahou,Notre Dame,LB,74.0,220.0,3.0,0.8748,Honolulu,HI,USA,"{'latitude': 21.304547, 'longitude': -157.8556764, 'fipsCode': '15003'}"
116335,4592834,HighSchool,2021,592.0,Will Schweitzer,Los Gatos,Notre Dame,LB,76.0,220.0,3.0,0.8748,Los Gatos,CA,USA,"{'latitude': 37.226611, 'longitude': -121.9746797, 'fipsCode': '06085'}"
116336,4592569,HighSchool,2021,592.0,Arden Walker,Cherry Creek,Missouri,DL,76.0,240.0,3.0,0.8748,Englewood,CO,USA,"{'latitude': 39.6482059, 'longitude': -104.9879641, 'fipsCode': '08005'}"
116334,4431338,HighSchool,2021,592.0,Ahmari Huggins-Bruce,Dillon,Louisville,WR,70.0,163.0,3.0,0.8748,Dillon,SC,USA,"{'latitude': 34.4165391, 'longitude': -79.3713948, 'fipsCode': '45033'}"
116338,4682644,HighSchool,2021,592.0,Jordan Thompson,Parsippany Hills,Rutgers,ATH,75.0,225.0,3.0,0.8748,Morris Plains,NJ,USA,"{'latitude': 40.8364845, 'longitude': -74.47818854051508, 'fipsCode': '34027'}"
116339,4880150,HighSchool,2021,599.0,Jaraye Williams,Kennedy Catholic,Louisville,LB,75.0,197.0,3.0,0.8744,Burien,WA,USA,"{'latitude': 47.469918, 'longitude': -122.3485274, 'fipsCode': '53033'}"
116344,4602676,HighSchool,2021,600.0,Tyreek Chappell,Northeast,Texas A&M,CB,71.0,170.0,3.0,0.8741,Philadelphia,PA,USA,"{'latitude': 39.9527237, 'longitude': -75.1635262, 'fipsCode': '42101'}"
116342,4431556,HighSchool,2021,600.0,Cam Jeffery,American Christian Academy,Arkansas State,ATH,72.0,195.0,3.0,0.8741,Tuscaloosa,AL,USA,"{'latitude': 33.2095614, 'longitude': -87.5675258, 'fipsCode': '01125'}"
232202,4683553,HighSchool,2021,600.0,Austin Booker,Center Grove,Minnesota,DL,78.0,240.0,3.0,0.8741,Greenwood,IN,USA,"{'latitude': 39.6136578, 'longitude': -86.1066526, 'fipsCode': '18081'}"
116343,4586311,HighSchool,2021,600.0,Bastian Swinney,Edina,California,IOL,78.0,275.0,3.0,0.8741,Minneapolis,MN,USA,"{'latitude': 44.9772995, 'longitude': -93.2654692, 'fipsCode': '27053'}"
116349,4688754,HighSchool,2021,600.0,Sirad Bryant,Crisp County,Georgia Tech,S,73.0,184.0,3.0,0.8741,Cordele,GA,USA,"{'latitude': 31.9635074, 'longitude': -83.7823938, 'fipsCode': '13081'}"
116345,4432659,HighSchool,2021,600.0,Noah Avinger,Servite,San Diego State,CB,71.0,165.0,3.0,0.8741,Anaheim,CA,USA,"{'latitude': 33.8347516, 'longitude': -117.911732, 'fipsCode': '06059'}"
116340,,HighSchool,2021,600.0,Ryan Peppins,Thompson,Utah,WR,68.0,168.0,3.0,0.8741,Alabaster,AL,USA,"{'latitude': 33.2442813, 'longitude': -86.8163773, 'fipsCode': '01117'}"
116351,4698882,HighSchool,2021,600.0,Christian Charles,Chestatee,Tennessee,ATH,73.0,185.0,3.0,0.8741,Gainesville,GA,USA,"{'latitude': 34.2978794, 'longitude': -83.8240663, 'fipsCode': '13139'}"
116348,4431664,HighSchool,2021,600.0,Dante Trader Jr.,McDonogh School,Maryland,CB,72.0,180.0,3.0,0.8741,Owings Mills,MD,USA,"{'latitude': 39.4010753, 'longitude': -76.796299, 'fipsCode': '24005'}"
116350,4683263,HighSchool,2021,600.0,Heinrich Haarberg,Kearney Catholic,Nebraska,DUAL,77.0,185.0,3.0,0.8741,Kearney,NE,USA,"{'latitude': 40.699478, 'longitude': -99.081858, 'fipsCode': '31019'}"
116341,4431663,HighSchool,2021,600.0,Jackson West,Huntsville,Florida State,TE,76.0,231.0,3.0,0.8741,Huntsville,AL,USA,"{'latitude': 34.729847, 'longitude': -86.5859011, 'fipsCode': '01089'}"
116346,4677280,HighSchool,2021,600.0,Julian Gray,Hopewell,NC State,WR,70.5,174.0,3.0,0.8741,Huntersville,NC,USA,"{'latitude': 35.410845, 'longitude': -80.8429094, 'fipsCode': '37119'}"
116347,4631068,HighSchool,2021,600.0,Carnell Davis,Eau Gallie,Rutgers,WR,73.0,170.0,3.0,0.8741,Melbourne,FL,USA,"{'latitude': 28.0836269, 'longitude': -80.6081089, 'fipsCode': '12009'}"
116359,4586333,HighSchool,2021,613.0,Mekhi Wingo,De Smet Jesuit,Missouri,DL,72.0,280.0,3.0,0.8737,St. Louis,MO,USA,"{'latitude': 38.6268039, 'longitude': -90.1994097, 'fipsCode': '29510'}"
116360,4587704,HighSchool,2021,613.0,Jaden Slocum,Alpharetta,Stanford,S,74.0,181.0,3.0,0.8737,Alpharetta,GA,USA,"{'latitude': 34.0709576, 'longitude': -84.2747329, 'fipsCode': '13121'}"
116355,4431591,HighSchool,2021,613.0,ZionAngelo Shockley,St. Frances Academy,Maryland,EDGE,76.0,230.0,3.0,0.8737,Baltimore,MD,USA,"{'latitude': 39.2908816, 'longitude': -76.610759, 'fipsCode': '24510'}"
116353,4594319,HighSchool,2021,613.0,Brady Boyd,Southlake Carroll,Minnesota,WR,73.0,185.0,3.0,0.8737,Southlake,TX,USA,"{'latitude': 32.9412363, 'longitude': -97.1341783, 'fipsCode': '48439'}"
116354,4683154,HighSchool,2021,613.0,Mikai Gbayor,Irvington,Nebraska,LB,74.0,220.0,3.0,0.8737,Irvington,NJ,USA,"{'latitude': 40.7323235, 'longitude': -74.2348684, 'fipsCode': '34013'}"
116356,4602017,HighSchool,2021,613.0,Martez Thrower,Wilcox County,Kentucky,LB,73.0,220.0,3.0,0.8737,Rochelle,GA,USA,"{'latitude': 31.9510105, 'longitude': -83.4562744, 'fipsCode': '13315'}"
116363,,HighSchool,2021,613.0,Armond Scott,Euclid,,WR,75.0,200.0,3.0,0.8737,Columbus,OH,USA,"{'latitude': 39.9622601, 'longitude': -83.0007065, 'fipsCode': '39049'}"
116352,4431628,HighSchool,2021,613.0,Demetrius Cannon,Trinity Catholic,Louisville,WR,75.0,205.0,3.0,0.8737,St. Louis,MO,USA,"{'latitude': 38.6268039, 'longitude': -90.1994097, 'fipsCode': '29510'}"
116362,,HighSchool,2021,613.0,John Henry Daley,Lone Peak,BYU,ATH,76.0,225.0,3.0,0.8737,American Fork,UT,USA,"{'latitude': 40.3768954, 'longitude': -111.7957645, 'fipsCode': '49049'}"
116364,4432713,HighSchool,2021,613.0,Anthony Hundley,IMG Academy,UCF,DL,75.0,270.0,3.0,0.8737,Bradenton,FL,USA,"{'latitude': 27.4989278, 'longitude': -82.5748194, 'fipsCode': '12081'}"
116361,4599365,HighSchool,2021,613.0,Tyler Maro,Assumption,Iowa State,OT,79.0,260.0,3.0,0.8737,Davenport,IA,USA,"{'latitude': 41.5236436, 'longitude': -90.5776368, 'fipsCode': '19163'}"
116358,4596710,HighSchool,2021,613.0,Joshua Robinson,Douglas County,Georgia Tech,EDGE,76.0,235.0,3.0,0.8737,Douglasville,GA,USA,"{'latitude': 33.7514966, 'longitude': -84.7477136, 'fipsCode': '13097'}"
116357,,HighSchool,2021,613.0,Pat Coogan,Marist,Notre Dame,IOL,77.0,290.0,3.0,0.8737,Chicago,IL,USA,"{'latitude': 41.8755616, 'longitude': -87.6244212, 'fipsCode': '17031'}"
116367,,HighSchool,2021,626.0,Juwon Gaston,Carver Montgomery,Auburn,S,71.0,187.0,3.0,0.8733,Montgomery,AL,USA,"{'latitude': 32.3669656, 'longitude': -86.3006485, 'fipsCode': '01101'}"
116366,,HighSchool,2021,626.0,Colby Smith,Rockingham County,Auburn,OT,79.0,315.0,3.0,0.8733,Reidsville,NC,USA,"{'latitude': 36.3548586, 'longitude': -79.6644748, 'fipsCode': '37157'}"
116365,4602937,HighSchool,2021,626.0,Colten Gauthier,Hebron Christian Academy,South Carolina,QB,75.0,214.0,3.0,0.8733,Dacula,GA,USA,"{'latitude': 33.9887165, 'longitude': -83.8979573, 'fipsCode': '13135'}"
116368,4431159,HighSchool,2021,629.0,E'maurion Banks,Wichita Falls Rider,Texas Tech,DL,76.0,260.0,3.0,0.873,Wichita Falls,TX,USA,"{'latitude': 33.9137085, 'longitude': -98.4933873, 'fipsCode': '48485'}"
116370,,HighSchool,2021,629.0,Jason Onye,Bishop Hendricken,Notre Dame,EDGE,77.0,260.0,3.0,0.873,Warwick,RI,USA,"{'latitude': 41.7002024, 'longitude': -71.4161108, 'fipsCode': '44003'}"
116372,4612850,HighSchool,2021,629.0,Rob Jackson,Archbishop Wood,Cincinnati,DL,77.0,265.0,3.0,0.873,Warminster,PA,USA,"{'latitude': 40.2067751, 'longitude': -75.0996159, 'fipsCode': '42017'}"
116371,,HighSchool,2021,629.0,Cisco Caston,Weatherford,Baylor,S,74.0,195.0,3.0,0.873,Weatherford,TX,USA,"{'latitude': 32.7589648, 'longitude': -97.7970748, 'fipsCode': '48367'}"
116373,,HighSchool,2021,629.0,J'Marion Gooch,Gallatin Senior,Missouri,OT,79.5,358.0,3.0,0.873,Gallatin,TN,USA,"{'latitude': 36.3883031, 'longitude': -86.4475898, 'fipsCode': '47165'}"
116369,4691688,HighSchool,2021,629.0,Robbie Ouzts,Rock Hill,Alabama,TE,76.0,240.0,3.0,0.873,Rock Hill,SC,USA,"{'latitude': 34.9248667, 'longitude': -81.0250784, 'fipsCode': '45091'}"
116380,4588298,HighSchool,2021,635.0,Jameson Geers,Providence Catholic,Minnesota,TE,78.0,250.0,3.0,0.8726,New Lenox,IL,USA,"{'latitude': 41.5119761, 'longitude': -87.9656098, 'fipsCode': '17197'}"
116375,4682788,HighSchool,2021,635.0,Ryan Keeler,Nazareth Academy,Rutgers,DL,77.0,250.0,3.0,0.8726,Chicago,IL,USA,"{'latitude': 41.8755616, 'longitude': -87.6244212, 'fipsCode': '17031'}"
116383,4873009,HighSchool,2021,635.0,Zemarion Harrell,Salem,Coastal Carolina,LB,74.0,220.0,3.0,0.8726,Virginia Beach,VA,USA,"{'latitude': 36.8529841, 'longitude': -75.9774183, 'fipsCode': '51810'}"
116381,4873929,HighSchool,2021,635.0,Terrence Moore,Massillon Washington,Pittsburgh,OT,78.0,280.0,3.0,0.8726,Massillon,OH,USA,"{'latitude': 40.7967244, 'longitude': -81.5215093, 'fipsCode': '39151'}"
116384,4607404,HighSchool,2021,635.0,Davonte Pritchard,Gardner Edgerton,Kansas State,ATH,73.0,200.0,3.0,0.8726,Gardner,KS,USA,"{'latitude': 38.8109254, 'longitude': -94.9272958, 'fipsCode': '20091'}"
116382,4688930,HighSchool,2021,635.0,Javon Bullard,Baldwin,Georgia,CB,72.0,183.0,3.0,0.8726,Milledgeville,GA,USA,"{'latitude': 33.0801429, 'longitude': -83.2320991, 'fipsCode': '13009'}"
116385,4682508,HighSchool,2021,635.0,Garner Langlo,Trinity Catholic,Auburn,IOL,79.0,270.0,3.0,0.8726,Ocala,FL,USA,"{'latitude': 29.1871986, 'longitude': -82.1400923, 'fipsCode': '12083'}"
116376,4431633,HighSchool,2021,635.0,Will Crowder,Gardendale,West Virginia,QB,74.5,195.0,3.0,0.8726,Gardendale,AL,USA,"{'latitude': 33.6601033, 'longitude': -86.8127702, 'fipsCode': '01073'}"
116374,,HighSchool,2021,635.0,Malik Newton,Lake Taylor,Pittsburgh,RB,71.5,223.0,3.0,0.8726,Norfolk,VA,USA,"{'latitude': 36.8462923, 'longitude': -76.2929252, 'fipsCode': '51710'}"
116378,,HighSchool,2021,635.0,Zamon Ross,Schley County,Jacksonville State,S,73.0,200.0,3.0,0.8726,Ellaville,GA,USA,"{'latitude': 32.2382139, 'longitude': -84.3090798, 'fipsCode': '13249'}"
116379,,HighSchool,2021,635.0,Will Reed,Eastside Catholic,Princeton,OT,78.0,280.0,3.0,0.8726,Sammamish,WA,USA,"{'latitude': 47.6088445, 'longitude': -122.0423067, 'fipsCode': '53033'}"
116377,4603746,HighSchool,2021,635.0,Malik Rutherford,Champagnat Catholic - Hialeah,Georgia Tech,WR,69.0,165.0,3.0,0.8726,Hialeah,FL,USA,"{'latitude': 25.8575963, 'longitude': -80.2781057, 'fipsCode': '12086'}"
116386,4682503,HighSchool,2021,647.0,Ricardo Hallman,TRU Prep Academy,Wisconsin,CB,72.0,183.0,3.0,0.8722,Miami Gardens,FL,USA,"{'latitude': 25.9423108, 'longitude': -80.23976495072381, 'fipsCode': '12086'}"
116387,4678007,HighSchool,2021,648.0,Elijah Bean,Summer Creek,Baylor,WR,77.0,185.0,3.0,0.8722,Humble,TX,USA,"{'latitude': 29.9988312, 'longitude': -95.2621553, 'fipsCode': '48201'}"
116388,4700529,HighSchool,2021,648.0,Marvin Covington,Mansfield Lake Ridge,TCU,CB,71.0,180.0,3.0,0.8722,Mansfield,TX,USA,"{'latitude': 32.5631924, 'longitude': -97.1416768, 'fipsCode': '48439'}"
116397,,HighSchool,2021,650.0,Jordyn Williams,Trinity Christian School,Indiana,WR,73.0,182.0,3.0,0.8719,Cedar Hill,TX,USA,"{'latitude': 32.5888072, 'longitude': -96.9553675, 'fipsCode': '48113'}"
116391,,HighSchool,2021,650.0,Trenton Adkins,Ridgeview,Toledo,ATH,73.0,195.0,3.0,0.8719,Clintwood,VA,USA,"{'latitude': 37.1501067, 'longitude': -82.4559846, 'fipsCode': '51051'}"
116393,4600418,HighSchool,2021,650.0,Kajiya Hollawayne,San Jacinto,UCLA,QB,75.0,206.0,3.0,0.8719,San Jacinto,CA,USA,"{'latitude': 33.7839664, 'longitude': -116.9589086, 'fipsCode': '06065'}"
116392,,HighSchool,2021,650.0,Tyler Morehead,Clinch County,,ATH,71.0,185.0,3.0,0.8719,Homerville,GA,USA,"{'latitude': 31.0365983, 'longitude': -82.7470849, 'fipsCode': '13065'}"
116390,4596604,HighSchool,2021,650.0,Griffin Liddle,Bettendorf,Iowa,DL,75.0,270.0,3.0,0.8719,Bettendorf,IA,USA,"{'latitude': 41.5252761, 'longitude': -90.5096386, 'fipsCode': '19163'}"
116389,4683291,HighSchool,2021,650.0,Joe Labas,Brecksville-Broadview Heights,Iowa,QB,76.0,190.0,3.0,0.8719,Broadview Heights,OH,USA,"{'latitude': 41.3139426, 'longitude': -81.6851271, 'fipsCode': '39035'}"
116395,4611993,HighSchool,2021,650.0,Joshua Farmer,Gadsden County,Florida State,DL,75.0,250.0,3.0,0.8719,Port St. Joe,FL,USA,"{'latitude': 29.8118757, 'longitude': -85.302974, 'fipsCode': '12045'}"
116396,4683554,HighSchool,2021,650.0,Darren Barkins,Mater Dei Catholic,Oregon,CB,72.0,170.0,3.0,0.8719,Chula Vista,CA,USA,"{'latitude': 32.6400541, 'longitude': -117.0841955, 'fipsCode': '06073'}"
232203,4684069,HighSchool,2021,650.0,Maurice Heims,Santa Margarita Catholic,Washington,EDGE,77.0,235.0,3.0,0.8719,Germany,,DEU,"{'latitude': None, 'longitude': None, 'fipsCode': None}"
116394,4602928,HighSchool,2021,650.0,Ezavier Staples,Millikan,UCLA,WR,74.0,182.0,3.0,0.8719,Long Beach,CA,USA,"{'latitude': 33.7690164, 'longitude': -118.1916048, 'fipsCode': '06037'}"
116403,4682745,HighSchool,2021,660.0,Jaylen Wright,Southern Durham,Tennessee,RB,71.0,187.0,3.0,0.8715,Durham,NC,USA,"{'latitude': 35.996653, 'longitude': -78.9018053, 'fipsCode': '37063'}"
116398,,HighSchool,2021,660.0,Latrell Neville,Fort Bend Hightower,Nebraska,WR,75.0,195.0,3.0,0.8715,Missouri City,TX,USA,"{'latitude': 29.6185669, 'longitude': -95.5377215, 'fipsCode': '48157'}"
116399,,HighSchool,2021,660.0,Jai Jones,South Oak Cliff,Boise State,LB,70.0,230.0,3.0,0.8715,Dallas,TX,USA,"{'latitude': 32.7762719, 'longitude': -96.7968559, 'fipsCode': '48113'}"
116402,,HighSchool,2021,660.0,Kanarius Johnson,Laurel,,WR,74.0,190.0,3.0,0.8715,Laurel,MS,USA,"{'latitude': 31.74096, 'longitude': -89.13382003619111, 'fipsCode': '28067'}"
116401,4587724,HighSchool,2021,660.0,West Weeks,Oconee County,Virginia,ATH,75.0,215.0,3.0,0.8715,Watkinsville,GA,USA,"{'latitude': 33.8628959, 'longitude': -83.4087709, 'fipsCode': '13219'}"
116400,4602788,HighSchool,2021,660.0,Jackson Meeks,Central Phenix City,Georgia,WR,74.0,190.0,3.0,0.8715,Phenix City,AL,USA,"{'latitude': 32.4709761, 'longitude': -85.0007653, 'fipsCode': '01113'}"
116407,4695860,HighSchool,2021,666.0,Je'lin Samuels,Sam Rayburn,SMU,EDGE,79.0,225.0,3.0,0.8711,Pasadena,TX,USA,"{'latitude': 29.6910625, 'longitude': -95.2091006, 'fipsCode': '48201'}"
116406,4686728,HighSchool,2021,666.0,Gunnar Helm,Cherry Creek,Texas,TE,77.0,225.0,3.0,0.8711,Englewood,CO,USA,"{'latitude': 39.6482059, 'longitude': -104.9879641, 'fipsCode': '08005'}"
116404,4431327,HighSchool,2021,666.0,Kamonte Grimes,Palmetto Ridge,Nebraska,ATH,74.0,205.0,3.0,0.8711,Naples,FL,USA,"{'latitude': 26.1421976, 'longitude': -81.7942944, 'fipsCode': '12021'}"
116405,4699678,HighSchool,2021,666.0,Khalil Dinkins,North Allegheny,Penn State,TE,75.0,220.0,3.0,0.8711,Wexford,PA,USA,"{'latitude': 40.6264561, 'longitude': -80.055891, 'fipsCode': '42003'}"
116413,4597311,HighSchool,2021,670.0,Trey Reynolds,Queen Creek,Utah,LB,74.0,235.0,3.0,0.8707,Queen Creek,AZ,USA,"{'latitude': 33.2483858, 'longitude': -111.6341585, 'fipsCode': '04013'}"
116416,4699664,HighSchool,2021,670.0,Devin Lee,Ola,Vanderbilt,DL,75.0,285.0,3.0,0.8707,McDonough,GA,USA,"{'latitude': 33.4473361, 'longitude': -84.1468616, 'fipsCode': '13151'}"
116409,,HighSchool,2021,670.0,Barylre Davenport,Chickasaw,Central Arkansas,EDGE,76.0,224.0,3.0,0.8707,Chickasaw,AL,USA,"{'latitude': 30.7637991, 'longitude': -88.0747222, 'fipsCode': '01097'}"
116410,,HighSchool,2021,670.0,Hugh Laughlin,Athens Academy,Virginia,OT,78.0,285.0,3.0,0.8707,Athens,GA,USA,"{'latitude': 33.9597677, 'longitude': -83.376398, 'fipsCode': '13059'}"
116418,4683436,HighSchool,2021,670.0,Jeremiah Pittman,St. Viator,Iowa,DL,74.0,255.0,3.0,0.8707,Arlington Heights,IL,USA,"{'latitude': 42.0811563, 'longitude': -87.9802164, 'fipsCode': '17031'}"
116419,,HighSchool,2021,670.0,T.J. Sanders,Marion,South Carolina,DL,77.0,275.0,3.0,0.8707,Marion,SC,USA,"{'latitude': 40.5583739, 'longitude': -85.6591442, 'fipsCode': '18053'}"
116411,4596995,HighSchool,2021,670.0,Jeff Bowie,West Branch,Iowa,DL,77.0,245.0,3.0,0.8707,West Branch,IA,USA,"{'latitude': 41.6720735, 'longitude': -91.3459735, 'fipsCode': '19031'}"
116420,,HighSchool,2021,670.0,Ian Mathews,St. Anne-Pacelli,Auburn,DL,77.0,290.0,3.0,0.8707,Columbus,GA,USA,"{'latitude': 32.4609764, 'longitude': -84.9877094, 'fipsCode': '13215'}"
116414,4612082,HighSchool,2021,670.0,Logan Purcell,Annandale,Minnesota,OT,79.0,260.0,3.0,0.8707,Annandale,MN,USA,"{'latitude': 45.2627428, 'longitude': -94.1244271, 'fipsCode': '27171'}"
116417,4685257,HighSchool,2021,670.0,De'kelvion Beamon,Huntington,Oklahoma State,S,73.0,180.0,3.0,0.8707,Shreveport,LA,USA,"{'latitude': 32.5221828, 'longitude': -93.7651944, 'fipsCode': '22017'}"
116412,4682852,HighSchool,2021,670.0,Ethan Boyd,East Lansing,Michigan State,OT,79.0,285.0,3.0,0.8707,East Lansing,MI,USA,"{'latitude': 42.7355416, 'longitude': -84.4852469, 'fipsCode': '26065'}"
116415,4676004,HighSchool,2021,670.0,Cole Bishop,Starrs Mill,Utah,LB,75.0,200.0,3.0,0.8707,Fayetteville,GA,USA,"{'latitude': 33.4487257, 'longitude': -84.4549262, 'fipsCode': '13113'}"
116408,4602898,HighSchool,2021,670.0,Chayden Peery,Sierra Canyon,Georgia Tech,QB,75.0,215.0,3.0,0.8707,Chatsworth,CA,USA,"{'latitude': 34.2595715, 'longitude': -118.6023247, 'fipsCode': '06037'}"
116425,4602935,HighSchool,2021,683.0,DJ Justice,Bishop Alemany,UCLA,WR,73.0,180.0,3.0,0.8704,Mission Hills,CA,USA,"{'latitude': 34.687584, 'longitude': -120.43901754304565, 'fipsCode': '06083'}"
116422,4678012,HighSchool,2021,683.0,Jimmy Wyrick,South Oak Cliff,Stanford,CB,70.0,160.0,3.0,0.8704,Dallas,TX,USA,"{'latitude': 32.7762719, 'longitude': -96.7968559, 'fipsCode': '48113'}"
116421,4569262,HighSchool,2021,683.0,Alex Honig,Germany,TCU,QB,77.5,230.0,3.0,0.8704,Germany,,DEU,"{'latitude': None, 'longitude': None, 'fipsCode': None}"
116430,4683423,HighSchool,2021,683.0,Riley Leonard,Fairhope,Duke,QB,76.0,203.0,3.0,0.8704,Fairhope,AL,USA,"{'latitude': 30.507956, 'longitude': -87.89742922432941, 'fipsCode': '01003'}"
116429,4689528,HighSchool,2021,683.0,Koby Bretz,Omaha Westside,Nebraska,S,74.0,185.0,3.0,0.8704,Omaha,NE,USA,"{'latitude': 41.2587459, 'longitude': -95.9383758, 'fipsCode': '31055'}"
116423,,HighSchool,2021,683.0,KeyShawn Spencer,Palm Bay Senior,,RB,70.0,181.0,3.0,0.8704,Melbourne,FL,USA,"{'latitude': 28.0836269, 'longitude': -80.6081089, 'fipsCode': '12009'}"
116427,4710334,HighSchool,2021,683.0,Ese Dubre,McEachern,Stanford,LB,74.0,220.0,3.0,0.8704,Powder Springs,GA,USA,"{'latitude': 33.8595492, 'longitude': -84.683824, 'fipsCode': '13067'}"
116426,4873123,HighSchool,2021,683.0,Jamarius Dinkins,Walnut Ridge,Kentucky,DL,78.0,255.0,3.0,0.8704,Columbus,OH,USA,"{'latitude': 39.9622601, 'longitude': -83.0007065, 'fipsCode': '39049'}"
116424,4887226,HighSchool,2021,683.0,Gabe Ervin Jr.,Buford,Nebraska,RB,72.0,200.0,3.0,0.8704,Buford,GA,USA,"{'latitude': 34.1206564, 'longitude': -84.0043513, 'fipsCode': '13135'}"
116428,4683643,HighSchool,2021,683.0,Barryn Sorrell,Holy Cross,Texas,DL,75.0,250.0,3.0,0.8704,New Orleans,LA,USA,"{'latitude': 29.9499323, 'longitude': -90.0701156, 'fipsCode': '22071'}"
116432,4682792,HighSchool,2021,693.0,Jed Castles,Wichita Falls Rider,Texas Tech,TE,78.0,215.0,3.0,0.87,Wichita Falls,TX,USA,"{'latitude': 33.9137085, 'longitude': -98.4933873, 'fipsCode': '48485'}"
116431,4683227,HighSchool,2021,693.0,Joseph Manjack IV,Tomball Memorial,USC,WR,75.0,200.0,3.0,0.87,Tomball,TX,USA,"{'latitude': 30.0971621, 'longitude': -95.6160549, 'fipsCode': '48201'}"
116434,4683458,HighSchool,2021,695.0,Jordan Lovett,North Hardin,Kentucky,S,74.0,195.0,3.0,0.8696,Radcliff,KY,USA,"{'latitude': 37.8403456, 'longitude': -85.9491298, 'fipsCode': '21093'}"
116433,4683058,HighSchool,2021,695.0,Brendan Sullivan,Davison,Northwestern,QB,75.0,180.0,3.0,0.8696,Davison,MI,USA,"{'latitude': 43.0346872, 'longitude': -83.5180155, 'fipsCode': '26049'}"
232204,4682862,HighSchool,2021,697.0,Tyas Martin,Jacksonville,Colorado,DL,76.0,318.0,3.0,0.8693,Jacksonville,AR,USA,"{'latitude': 34.8662005, 'longitude': -92.1101458, 'fipsCode': '05119'}"
116437,4592839,HighSchool,2021,697.0,Deshawn Troutman,Edgewater,Miami,ILB,73.0,205.0,3.0,0.8693,Orlando,FL,USA,"{'latitude': 28.5421109, 'longitude': -81.3790304, 'fipsCode': '12095'}"
116438,4611994,HighSchool,2021,697.0,Ja'Corey Hammett,Miami Northwestern,West Virginia,LB,75.0,205.0,3.0,0.8693,Miami,FL,USA,"{'latitude': 25.7742658, 'longitude': -80.1936589, 'fipsCode': '12086'}"
116436,4682506,HighSchool,2021,697.0,Jake Slaughter,Trinity Catholic,Florida,IOL,76.0,300.0,3.0,0.8693,Ocala,FL,USA,"{'latitude': 29.1871986, 'longitude': -82.1400923, 'fipsCode': '12083'}"
116435,4590293,HighSchool,2021,697.0,Brody Brecht,Ankeny,Iowa,WR,76.0,205.0,3.0,0.8693,Ankeny,IA,USA,"{'latitude': 41.7318715, 'longitude': -93.6003837, 'fipsCode': '19153'}"
116440,4872833,HighSchool,2021,702.0,Luke Collinsworth,East Central,Cincinnati,OT,78.0,300.0,3.0,0.8689,Brookville,IN,USA,"{'latitude': 39.422222, 'longitude': -85.009444, 'fipsCode': '36059'}"
116443,4683188,HighSchool,2021,702.0,Mike Green,Lafayette,Virginia,WR,76.0,215.0,3.0,0.8689,Williamsburg,VA,USA,"{'latitude': 37.2708788, 'longitude': -76.7074042, 'fipsCode': '51830'}"
116441,,HighSchool,2021,702.0,Austin Gentle,McCallie School,Harvard,IOL,75.5,292.0,3.0,0.8689,Chattanooga,TN,USA,"{'latitude': 35.0457219, 'longitude': -85.3094883, 'fipsCode': '47065'}"
116439,4595341,HighSchool,2021,702.0,Caleb Hood,Richmond,North Carolina,ATH,73.0,231.0,3.0,0.8689,Rockingham,NC,USA,"{'latitude': 34.9393201, 'longitude': -79.7739457, 'fipsCode': '37153'}"
116442,,HighSchool,2021,702.0,Royce White,Troup County,Memphis,OT,76.0,250.0,3.0,0.8689,LaGrange,GA,USA,"{'latitude': 33.039291, 'longitude': -85.0313269, 'fipsCode': '13285'}"
116456,4700756,HighSchool,2021,707.0,Jaden Keller,Tennessee,Virginia Tech,ATH,75.0,202.0,3.0,0.8685,Bristol,TN,USA,"{'latitude': 36.5945034, 'longitude': -82.1885212, 'fipsCode': '47163'}"
116460,,HighSchool,2021,707.0,Jah'von Grigsby,Scotlandville Magnet,Purdue,S,70.0,185.0,3.0,0.8685,Baton Rouge,LA,USA,"{'latitude': 30.4459596, 'longitude': -91.18738, 'fipsCode': '22033'}"
116448,4684542,HighSchool,2021,707.0,Garrett DiGiorgio,Serrano,UCLA,OT,79.0,295.0,3.0,0.8685,Phelan,CA,USA,"{'latitude': 34.426298, 'longitude': -117.5725026, 'fipsCode': '06071'}"
116461,,HighSchool,2021,707.0,Tray Curry,North Cobb,,WR,76.0,210.0,3.0,0.8685,Kennesaw,GA,USA,"{'latitude': 34.0234337, 'longitude': -84.6154897, 'fipsCode': '13067'}"
116455,4684173,HighSchool,2021,707.0,O'Mega Blake,South Pointe,South Carolina,WR,73.0,188.0,3.0,0.8685,Rock Hill,SC,USA,"{'latitude': 34.9248667, 'longitude': -81.0250784, 'fipsCode': '45091'}"
116444,,HighSchool,2021,707.0,JoJo Johnson,Merrillville,Notre Dame,ATH,71.0,180.0,3.0,0.8685,Merrillville,IN,USA,"{'latitude': 41.4828144, 'longitude': -87.3328139, 'fipsCode': '18089'}"
116445,,HighSchool,2021,707.0,Jaedon Wilson,DeSoto,Arkansas,WR,75.0,172.0,3.0,0.8685,DeSoto,TX,USA,"{'latitude': 32.6061241, 'longitude': -96.865612653687, 'fipsCode': '48113'}"
116452,4689529,HighSchool,2021,707.0,Kenji Christian,Pinson Valley,Virginia Tech,RB,74.0,200.0,3.0,0.8685,Pinson,AL,USA,"{'latitude': 33.706205, 'longitude': -86.67007895992774, 'fipsCode': '01073'}"
116446,4680017,HighSchool,2021,707.0,Lucas Coley,Cornerstone Christian,Arkansas,QB,73.0,203.0,3.0,0.8685,San Antonio,TX,USA,"{'latitude': 29.4246002, 'longitude': -98.4951405, 'fipsCode': '48029'}"
116454,4602906,HighSchool,2021,707.0,Jordan Hornbeak,San Joaquin Memorial,Fresno State,RB,72.0,195.0,3.0,0.8685,Fresno,CA,USA,"{'latitude': 36.7295295, 'longitude': -119.70886126075588, 'fipsCode': '06019'}"
116458,4612836,HighSchool,2021,707.0,Darrell Jackson Jr.,Gadsden County,Maryland,DL,77.5,258.0,3.0,0.8685,Havana,FL,USA,"{'latitude': 30.6255617, 'longitude': -84.4153769, 'fipsCode': '12039'}"
116459,4689267,HighSchool,2021,707.0,Demarcus Smith,Parker,Ole Miss,DL,76.0,272.0,3.0,0.8685,Birmingham,AL,USA,"{'latitude': 33.5206824, 'longitude': -86.8024326, 'fipsCode': '01073'}"
116457,4691318,HighSchool,2021,707.0,Zyun Reeves,East Forsyth,NC State,DL,79.0,245.0,3.0,0.8685,Kernersville,NC,USA,"{'latitude': 36.1198589, 'longitude': -80.0736533, 'fipsCode': '37067'}"
116453,4600984,HighSchool,2021,707.0,Davion Sistrunk,Eau Gallie,Missouri,CB,74.0,170.0,3.0,0.8685,Melbourne,FL,USA,"{'latitude': 28.0836269, 'longitude': -80.6081089, 'fipsCode': '12009'}"
116450,4687186,HighSchool,2021,707.0,Cameron Bergeron,Westover,Duke,CB,71.0,180.0,3.0,0.8685,Albany,GA,USA,"{'latitude': 31.5782062, 'longitude': -84.1556809, 'fipsCode': '13095'}"
116447,4682909,HighSchool,2021,707.0,Justin Walley,D'Iberville,Minnesota,CB,71.0,185.0,3.0,0.8685,Biloxi,MS,USA,"{'latitude': 30.374673, 'longitude': -88.84594333482862, 'fipsCode': '28047'}"
116451,4431548,HighSchool,2021,707.0,Michael Gonzalez,Sun Valley,Louisville,IOL,76.0,280.0,3.0,0.8685,Monroe,NC,USA,"{'latitude': 34.9854275, 'longitude': -80.5495112, 'fipsCode': '37179'}"
116449,4710341,HighSchool,2021,707.0,Jarquez Hunter,Neshoba Central,Auburn,RB,70.0,190.0,3.0,0.8685,Philadelphia,MS,USA,"{'latitude': 32.7703841, 'longitude': -89.1153488, 'fipsCode': '28099'}"
116464,,HighSchool,2021,725.0,Fernando Garza III,Katy,Texas A&M,TE,77.0,244.0,3.0,0.8681,Katy,TX,USA,"{'latitude': 29.7857853, 'longitude': -95.8243956, 'fipsCode': '48157'}"
116463,4603088,HighSchool,2021,725.0,Mao Glynn II,Walnut Hills,Cincinnati,IOL,76.0,280.0,3.0,0.8681,Cincinnati,OH,USA,"{'latitude': 39.1014537, 'longitude': -84.5124602, 'fipsCode': '39061'}"
116462,4684433,HighSchool,2021,725.0,Tyler Hibbler,Trinity Catholic,Missouri,S,73.5,198.0,3.0,0.8681,St. Louis,MO,USA,"{'latitude': 38.6268039, 'longitude': -90.1994097, 'fipsCode': '29510'}"
116465,4603089,HighSchool,2021,725.0,Aidan Hubbard,St. Ignatius,Northwestern,LB,76.0,218.0,3.0,0.8681,Cleveland,OH,USA,"{'latitude': 41.5051613, 'longitude': -81.6934446, 'fipsCode': '39035'}"
116466,4892242,HighSchool,2021,729.0,Roderick Daniels Jr.,Duncanville,SMU,WR,69.0,160.0,3.0,0.8678,Duncanville,TX,USA,"{'latitude': 32.6518004, 'longitude': -96.9083366, 'fipsCode': '48113'}"
116467,4565553,HighSchool,2021,729.0,Elijah Howard,Baylor School,Virginia Tech,RB,71.0,182.0,3.0,0.8678,Chattanooga,TN,USA,"{'latitude': 35.0457219, 'longitude': -85.3094883, 'fipsCode': '47065'}"
116468,4683202,HighSchool,2021,729.0,Chase Jackson,Choctaw,TCU,WR,74.0,170.0,3.0,0.8678,Choctaw,OK,USA,"{'latitude': 35.4975654, 'longitude': -97.2689263, 'fipsCode': '40109'}"
116471,4611517,HighSchool,2021,732.0,Demarko Williams,Westlake,Ole Miss,CB,70.0,175.0,3.0,0.8674,Atlanta,GA,USA,"{'latitude': 33.7490987, 'longitude': -84.3901849, 'fipsCode': '13121'}"
116472,4602390,HighSchool,2021,732.0,Joshua Sales Jr.,Brownsburg,Indiana,OT,78.0,305.0,3.0,0.8674,South Bend,IN,USA,"{'latitude': 41.6833813, 'longitude': -86.2500066, 'fipsCode': '18141'}"
116470,4592840,HighSchool,2021,732.0,Jack Tucker,Argyle,Texas Tech,OT,78.0,270.0,3.0,0.8674,Argyle,TX,USA,"{'latitude': 33.110156, 'longitude': -97.17940980147037, 'fipsCode': '48121'}"
116476,4682760,HighSchool,2021,732.0,Aaron Steinfeldt,Bloomington North,Indiana,TE,77.0,230.0,3.0,0.8674,Bloomington,IN,USA,"{'latitude': 39.1670396, 'longitude': -86.5342881, 'fipsCode': '18105'}"
116480,4682796,HighSchool,2021,732.0,Finn Collins,Bishop Alemany,Arizona State,QB,75.0,178.0,3.0,0.8674,Mission Hills,CA,USA,"{'latitude': 34.687584, 'longitude': -120.43901754304565, 'fipsCode': '06083'}"
116474,4683155,HighSchool,2021,732.0,Jalen Stroman,Patriot,Virginia Tech,S,73.0,190.0,3.0,0.8674,Nokesville,VA,USA,"{'latitude': 38.6984987, 'longitude': -77.5800445, 'fipsCode': '51153'}"
116469,,HighSchool,2021,732.0,Bam Booker,Winton Woods,Maryland,LB,75.0,230.0,3.0,0.8674,Cincinnati,OH,USA,"{'latitude': 39.1014537, 'longitude': -84.5124602, 'fipsCode': '39061'}"
116479,,HighSchool,2021,732.0,Antario Brown,Beach,Northern Illinois,RB,71.0,205.0,3.0,0.8674,Savannah,GA,USA,"{'latitude': 32.0809263, 'longitude': -81.0911768, 'fipsCode': '13051'}"
116473,4683207,HighSchool,2021,732.0,Theran Johnson,North Central,Northwestern,CB,72.0,170.0,3.0,0.8674,Indianapolis,IN,USA,"{'latitude': 39.7683331, 'longitude': -86.1583502, 'fipsCode': '18097'}"
116475,4570645,HighSchool,2021,732.0,Owen McGowan,Catholic Memorial,Boston College,LB,73.0,225.0,3.0,0.8674,West Roxbury,MA,USA,"{'latitude': 42.2792649, 'longitude': -71.1494972, 'fipsCode': '25025'}"
116477,4684529,HighSchool,2021,732.0,Fred Seabrough,Swainsboro,NC State,TE,76.0,215.0,3.0,0.8674,Swainsboro,GA,USA,"{'latitude': 32.5973857, 'longitude': -82.3337376, 'fipsCode': '13107'}"
116478,4683311,HighSchool,2021,732.0,Sam Vidlak,Hidden Valley,Oregon State,QB,74.0,184.0,3.0,0.8674,Grants Pass,OR,USA,"{'latitude': 42.4393707, 'longitude': -123.3272489, 'fipsCode': '41033'}"
116485,4691966,HighSchool,2021,744.0,Maddox Kopp,Houston St. Thomas,Houston,QB,77.0,210.0,3.0,0.867,Houston,TX,USA,"{'latitude': 29.7589382, 'longitude': -95.3676974, 'fipsCode': '48201'}"
116484,,HighSchool,2021,744.0,Tae'Quan Johnson,Ocoee,Coastal Carolina,WR,75.0,190.0,3.0,0.867,Ocoee,FL,USA,"{'latitude': 28.5695186, 'longitude': -81.544117, 'fipsCode': '12095'}"
116481,4684636,HighSchool,2021,744.0,Malik Verdon,Hamilton,Iowa State,ATH,75.5,205.0,3.0,0.867,Hamilton,OH,USA,"{'latitude': 39.3995067, 'longitude': -84.5613428, 'fipsCode': '39017'}"
116482,4586331,HighSchool,2021,744.0,Taj Butts,De Smet Jesuit,Missouri,RB,71.0,205.0,3.0,0.867,St. Louis,MO,USA,"{'latitude': 38.6268039, 'longitude': -90.1994097, 'fipsCode': '29510'}"
116483,4683004,HighSchool,2021,744.0,Tyson Watson,Warren Mott,Michigan State,DL,78.0,270.0,3.0,0.867,Warren,MI,USA,"{'latitude': 42.4932575, 'longitude': -83.0062746, 'fipsCode': '26099'}"
116488,4683648,HighSchool,2021,749.0,Kolinu'u Faaiu,North Creek,Utah,IOL,76.0,315.0,3.0,0.8667,Bothell,WA,USA,"{'latitude': 47.7598697, 'longitude': -122.2068288, 'fipsCode': '53033'}"
116487,4682983,HighSchool,2021,749.0,Josaiah Stewart,Everett,Coastal Carolina,EDGE,74.0,235.0,3.0,0.8667,Everett,MA,USA,"{'latitude': 42.40843, 'longitude': -71.0536625, 'fipsCode': '25017'}"
254934,4611355,HighSchool,2021,749.0,Javon McIntyre,Imhotep Institute,Pittsburgh,S,73.0,187.0,3.0,0.8667,Philadelphia,PA,USA,"{'latitude': 39.9527237, 'longitude': -75.1635262, 'fipsCode': '42101'}"
116486,4684084,HighSchool,2021,749.0,Keli Lawson,Sherando,Virginia Tech,ATH,76.0,200.0,3.0,0.8667,Stephens City,VA,USA,"{'latitude': 39.0834398, 'longitude': -78.2180567, 'fipsCode': '51069'}"
232205,4684454,HighSchool,2021,749.0,Jalon Williams,South Grand Prairie,Boston College,CB,71.0,180.0,3.0,0.8667,Grand Prairie,TX,USA,"{'latitude': 32.657368000000005, 'longitude': -97.02846624175038, 'fipsCode': '48113'}"
116489,,HighSchool,2021,754.0,Zeus Alefosio,Villa Park,,ATH,74.0,205.0,3.0,0.8667,Villa Park,CA,USA,"{'latitude': 33.8147541, 'longitude': -117.8206235, 'fipsCode': '06059'}"
116490,4890617,HighSchool,2021,755.0,Antwain Littleton II,St. John's College,Maryland,RB,72.0,265.0,3.0,0.8666,Greenbelt,MD,USA,"{'latitude': 39.0099993, 'longitude': -76.9125366, 'fipsCode': '24033'}"
116499,4602907,HighSchool,2021,756.0,Jason White,Orange Lutheran,Oregon State,OT,76.0,290.0,3.0,0.8663,Orange,CA,USA,"{'latitude': 33.7872568, 'longitude': -117.8503088, 'fipsCode': '06059'}"
116493,4603092,HighSchool,2021,756.0,David Wohlabaugh Jr.,Walsh Jesuit,Kentucky,OT,78.0,280.0,3.0,0.8663,Stow,OH,USA,"{'latitude': 41.1596261, 'longitude': -81.4406258, 'fipsCode': '39153'}"
116495,4684325,HighSchool,2021,756.0,Elisha Lloyd,Mission Hills,Utah,CB,70.0,175.0,3.0,0.8663,San Marcos,CA,USA,"{'latitude': 33.1433723, 'longitude': -117.1661449, 'fipsCode': '06073'}"
116497,4683926,HighSchool,2021,756.0,Tyrell Raby,Madison Prep Academy,Memphis,CB,71.0,173.0,3.0,0.8663,Baton Rouge,LA,USA,"{'latitude': 30.4459596, 'longitude': -91.18738, 'fipsCode': '22033'}"
116496,4594320,HighSchool,2021,756.0,Aubrey Burks,Auburndale,West Virginia,S,72.0,180.0,3.0,0.8663,Auburndale,FL,USA,"{'latitude': 28.10708845, 'longitude': -81.80358011667643, 'fipsCode': '12105'}"
116504,4869748,HighSchool,2021,756.0,Rara Thomas,Eufaula,Mississippi State,WR,73.0,185.0,3.0,0.8663,Eufaula,AL,USA,"{'latitude': 31.905459999999998, 'longitude': -85.15893958513422, 'fipsCode': '01005'}"
116503,4682935,HighSchool,2021,756.0,Jack Leyrer,Highland Park,Stanford,OT,78.0,275.0,3.0,0.8663,Dallas,TX,USA,"{'latitude': 32.7762719, 'longitude': -96.7968559, 'fipsCode': '48113'}"
116501,4607403,HighSchool,2021,756.0,Noah Bolticoff,Rose Hill,TCU,IOL,77.0,265.0,3.0,0.8663,Rose Hill,KS,USA,"{'latitude': 37.5583517, 'longitude': -97.1350405, 'fipsCode': '20015'}"
116498,4565186,HighSchool,2021,756.0,Shawn Hardy,Camden County,Nebraska,WR,75.0,190.0,3.0,0.8663,Kingsland,GA,USA,"{'latitude': 30.7999563, 'longitude': -81.6898261, 'fipsCode': '13039'}"
116507,4687041,HighSchool,2021,756.0,JJ Hawkins,Discovery,Ole Miss,DL,75.0,245.0,3.0,0.8663,Lawrenceville,GA,USA,"{'latitude': 33.9562149, 'longitude': -83.9879625, 'fipsCode': '13135'}"
116505,4698910,HighSchool,2021,756.0,Cedrick Nicely,Gainesville,Ole Miss,OT,76.0,305.0,3.0,0.8663,Gainesville,GA,USA,"{'latitude': 34.2978794, 'longitude': -83.8240663, 'fipsCode': '13139'}"
116492,,HighSchool,2021,756.0,Tim Williams,Clearwater,,DL,74.0,254.0,3.0,0.8663,Clearwater,FL,USA,"{'latitude': 27.9658533, 'longitude': -82.8001026, 'fipsCode': '12103'}"
116494,,HighSchool,2021,756.0,Braezhon Ross,Desert Pines,Jackson State,DL,74.0,266.0,3.0,0.8663,Las Vegas,NV,USA,"{'latitude': 36.1672559, 'longitude': -115.1485163, 'fipsCode': '32003'}"
116506,4880608,HighSchool,2021,756.0,Juju McDowell,Lee County,South Carolina,RB,68.0,180.0,3.0,0.8663,Leesburg,GA,USA,"{'latitude': 31.7324556, 'longitude': -84.1711966, 'fipsCode': '13177'}"
116500,,HighSchool,2021,756.0,Brandon Honorable,Martin Luther King,Western Michigan,OT,79.0,280.0,3.0,0.8663,Detroit,MI,USA,"{'latitude': 42.3315509, 'longitude': -83.0466403, 'fipsCode': '26163'}"
116491,4568726,HighSchool,2021,756.0,Zach Twedt,Roland-Story,Iowa,ATH,75.0,205.0,3.0,0.8663,Story City,IA,USA,"{'latitude': 42.1872062, 'longitude': -93.5957713, 'fipsCode': '19169'}"
116502,4595022,HighSchool,2021,756.0,Hunter Barth,Queen Creek,California,S,74.0,200.0,3.0,0.8663,Queen Creek,AZ,USA,"{'latitude': 33.2483858, 'longitude': -111.6341585, 'fipsCode': '04013'}"
116510,,HighSchool,2021,773.0,Kyree Young,Massillon Washington,,RB,73.0,200.0,3.0,0.8659,Massillon,OH,USA,"{'latitude': 40.7967244, 'longitude': -81.5215093, 'fipsCode': '39151'}"
116508,4597240,HighSchool,2021,773.0,Terrence Enos Jr.,Cass Technical,Pittsburgh,OT,77.0,317.0,3.0,0.8659,Detroit,MI,USA,"{'latitude': 42.3315509, 'longitude': -83.0466403, 'fipsCode': '26163'}"
116509,4683867,HighSchool,2021,773.0,Xavier Ward,Eastvale Roosevelt,Washington State,QB,74.0,195.0,3.0,0.8659,Corona,CA,USA,"{'latitude': 33.8752945, 'longitude': -117.5664449, 'fipsCode': '06065'}"
116515,4683821,HighSchool,2021,776.0,Garfield Lawrence,Tyler Legacy,Houston,DL,76.0,240.0,3.0,0.8656,Tyler,TX,USA,"{'latitude': 32.3512601, 'longitude': -95.3010624, 'fipsCode': '48423'}"
116517,4682853,HighSchool,2021,776.0,Howard Brown,Lincoln College Prep,Iowa State,DL,74.0,288.0,3.0,0.8656,Kansas City,MO,USA,"{'latitude': 39.100105, 'longitude': -94.5781416, 'fipsCode': '29095'}"
116513,4683192,HighSchool,2021,776.0,Solomon Wright,Vian,Arkansas,DL,72.0,270.0,3.0,0.8656,Vian,OK,USA,"{'latitude': 35.4984281, 'longitude': -94.9696749, 'fipsCode': '40135'}"
116519,4682861,HighSchool,2021,776.0,Davis Mallinger,Cocoa,West Virginia,WR,73.0,176.0,3.0,0.8656,Cocoa,FL,USA,"{'latitude': 28.3553873, 'longitude': -80.7318827, 'fipsCode': '12009'}"
116516,4662406,HighSchool,2021,776.0,Javon Gipson,George Ranch,Baylor,WR,74.5,189.0,3.0,0.8656,Richmond,TX,USA,"{'latitude': 29.5821811, 'longitude': -95.7607832, 'fipsCode': '48157'}"
116518,4683244,HighSchool,2021,776.0,Tomas Rimac,Brunswick,West Virginia,OT,78.0,280.0,3.0,0.8656,Brunswick,OH,USA,"{'latitude': 41.2456819, 'longitude': -81.8275398, 'fipsCode': '39103'}"
116512,,HighSchool,2021,776.0,Velltray Jefferson,Edison,Utah,ATH,76.0,230.0,3.0,0.8656,Fresno,CA,USA,"{'latitude': 36.7295295, 'longitude': -119.70886126075588, 'fipsCode': '06019'}"
116514,,HighSchool,2021,776.0,Javon Nelson,Riverdale,Memphis,DL,75.0,265.0,3.0,0.8656,Murfreesboro,TN,USA,"{'latitude': 35.845999, 'longitude': -86.3920452, 'fipsCode': '47149'}"
116511,4602656,HighSchool,2021,776.0,Eric Gentry,Neumann Goretti,Arizona State,EDGE,78.0,205.0,3.0,0.8656,Philadelphia,PA,USA,"{'latitude': 39.9527237, 'longitude': -75.1635262, 'fipsCode': '42101'}"
116530,4600407,HighSchool,2021,785.0,TJ Huggins,Miami Killian,Tulane,WR,74.0,163.0,3.0,0.8652,Miami,FL,USA,"{'latitude': 25.7742658, 'longitude': -80.1936589, 'fipsCode': '12086'}"
116525,4431609,HighSchool,2021,785.0,Jarris Williams,Blount,Troy,RB,70.0,184.0,3.0,0.8652,Eight Mile,AL,USA,"{'latitude': 30.7635213, 'longitude': -88.126946, 'fipsCode': '01097'}"
116531,4600408,HighSchool,2021,785.0,Jakiah Leftwich,Westlake,Georgia Tech,OT,78.0,302.0,3.0,0.8652,Atlanta,GA,USA,"{'latitude': 33.7490987, 'longitude': -84.3901849, 'fipsCode': '13121'}"
116534,4689074,HighSchool,2021,785.0,Andrew Leingang,Century,Kansas State,IOL,77.0,270.0,3.0,0.8652,Bismarck,ND,USA,"{'latitude': 46.808327, 'longitude': -100.783739, 'fipsCode': '38015'}"
116526,4602783,HighSchool,2021,785.0,Trent Battle,Daphne,TCU,QB,73.0,200.0,3.0,0.8652,Daphne,AL,USA,"{'latitude': 30.6035255, 'longitude': -87.9036047, 'fipsCode': '01003'}"
232206,4686609,HighSchool,2021,785.0,Austin Barry,John W. North,Arizona State,OT,78.0,260.0,3.0,0.8652,Riverside,CA,USA,"{'latitude': 33.9533546, 'longitude': -117.3961623, 'fipsCode': '06065'}"
116527,4565187,HighSchool,2021,785.0,Jalen Kitna,Burleson,Florida,QB,76.0,200.0,3.0,0.8652,Burleson,TX,USA,"{'latitude': 32.5420821, 'longitude': -97.3208492, 'fipsCode': '48251'}"
116522,4689115,HighSchool,2021,785.0,Marvin Martin,Trinity Christian School,Kansas State,S,72.0,185.0,3.0,0.8652,Cedar Hill,TX,USA,"{'latitude': 32.5888072, 'longitude': -96.9553675, 'fipsCode': '48113'}"
116521,4874477,HighSchool,2021,785.0,Edwin White Schultz,UMS-Wright Preparatory School,Kansas,S,72.0,196.0,3.0,0.8652,Mobile,AL,USA,"{'latitude': 30.6943566, 'longitude': -88.0430541, 'fipsCode': '01097'}"
116524,4683556,HighSchool,2021,785.0,Brandon Buckner,Chandler,Oregon,LB,73.0,234.0,3.0,0.8652,Chandler,AZ,USA,"{'latitude': 33.3062223, 'longitude': -111.8413317, 'fipsCode': '04013'}"
116535,4683585,HighSchool,2021,785.0,Neto Okpala,Loganville,Boston College,EDGE,74.0,235.0,3.0,0.8652,Loganville,GA,USA,"{'latitude': 33.8389977, 'longitude': -83.9007382, 'fipsCode': '13297'}"
116523,4602671,HighSchool,2021,785.0,Aaron Gunn,Union Area,Louisville,IOL,75.0,308.0,3.0,0.8652,New Castle,PA,USA,"{'latitude': 40.9999202, 'longitude': -80.3471856, 'fipsCode': '42073'}"
116532,4611385,HighSchool,2021,785.0,Kolbe Fields,Archbishop Rummel,South Carolina,LB,73.0,205.0,3.0,0.8652,Metairie,LA,USA,"{'latitude': 30.001852, 'longitude': -90.1767149159888, 'fipsCode': '22051'}"
116528,4602943,HighSchool,2021,785.0,Chris Paul Jr.,Crisp County,Arkansas,LB,73.0,235.0,3.0,0.8652,Cordele,GA,USA,"{'latitude': 31.9635074, 'longitude': -83.7823938, 'fipsCode': '13081'}"
116529,4603090,HighSchool,2021,785.0,Hammond Russell IV,Dublin Coffman,West Virginia,DL,75.0,245.0,3.0,0.8652,Dublin,OH,USA,"{'latitude': 40.0992294, 'longitude': -83.1140771, 'fipsCode': '39049'}"
254962,4432799,HighSchool,2021,785.0,Jasper Lott,Argyle,TCU,TE,77.0,243.0,3.0,0.8652,Argyle,TX,USA,"{'latitude': 33.110156, 'longitude': -97.17940980147037, 'fipsCode': '48121'}"
232207,4701308,HighSchool,2021,785.0,Zereoue Williams,Mountain Pointe,Utah,OT,80.0,255.0,3.0,0.8652,Phoenix,AZ,USA,"{'latitude': 33.4484367, 'longitude': -112.0741417, 'fipsCode': '04013'}"
116520,4678009,HighSchool,2021,785.0,Montaye Dawson,All Saints Episcopal,SMU,RB,67.0,165.0,3.0,0.8652,Fort Worth,TX,USA,"{'latitude': 32.753177, 'longitude': -97.3327459, 'fipsCode': '48439'}"
116533,4708859,HighSchool,2021,785.0,Amari McNeill,Peachtree Ridge,Tennessee,OT,76.0,280.0,3.0,0.8652,Suwanee,GA,USA,"{'latitude': 34.0514898, 'longitude': -84.0712997, 'fipsCode': '13135'}"
116536,4713357,HighSchool,2021,804.0,Dillion Williams,Nacogdoches,North Texas,S,72.0,180.0,3.0,0.865,Nacogdoches,TX,USA,"{'latitude': 31.6035129, 'longitude': -94.6554874, 'fipsCode': '48347'}"
116539,4683228,HighSchool,2021,805.0,Victor Mullen,Marquette,Louisville,TE,78.0,255.0,3.0,0.8648,Ottawa,IL,USA,"{'latitude': 41.3516628, 'longitude': -88.845436, 'fipsCode': '17099'}"
116538,4875086,HighSchool,2021,805.0,John Howse IV,Brentwood,Vanderbilt,CB,74.0,185.0,3.0,0.8648,Brentwood,TN,USA,"{'latitude': 36.0325687, 'longitude': -86.7825235, 'fipsCode': '47187'}"
116540,4687673,HighSchool,2021,805.0,Ty Buchanan,Calallen,USC,IOL,77.0,280.0,3.0,0.8648,Corpus Christi,TX,USA,"{'latitude': 27.7477253, 'longitude': -97.4014129, 'fipsCode': '48355'}"
116537,4874416,HighSchool,2021,805.0,Zachary Lovett,Rockledge,Missouri,LB,74.0,210.0,3.0,0.8648,Rockledge,FL,USA,"{'latitude': 28.313751500000002, 'longitude': -80.72421890178558, 'fipsCode': '12009'}"
116542,4683151,HighSchool,2021,809.0,Deion Burks,Belleville,Purdue,WR,70.5,175.0,3.0,0.8644,Belleville,MI,USA,"{'latitude': 42.2048414, 'longitude': -83.4852106, 'fipsCode': '17163'}"
116550,4685731,HighSchool,2021,809.0,Don Munnerlyn,Independence,Rutgers,ATH,77.0,205.0,3.0,0.8644,Columbus,OH,USA,"{'latitude': 39.9622601, 'longitude': -83.0007065, 'fipsCode': '39049'}"
116544,4592572,HighSchool,2021,809.0,Mason Tharp,Klein,Texas Tech,TE,79.0,225.0,3.0,0.8644,Spring,TX,USA,"{'latitude': 30.0798826, 'longitude': -95.4172549, 'fipsCode': '48201'}"
116546,4683667,HighSchool,2021,809.0,Trent Howland,Joliet West,Indiana,ATH,74.0,218.0,3.0,0.8644,Joliet,IL,USA,"{'latitude': 41.5263603, 'longitude': -88.0840212, 'fipsCode': '17197'}"
116545,4710665,HighSchool,2021,809.0,Maurice Freeman III,Oscar Smith,Indiana,S,72.0,190.0,3.0,0.8644,Chesapeake,VA,USA,"{'latitude': 36.7183708, 'longitude': -76.2466798, 'fipsCode': '51550'}"
116541,4876057,HighSchool,2021,809.0,Oluwafemi Oladejo,Cosumnes Oaks,California,LB,74.0,225.0,3.0,0.8644,Elk Grove,CA,USA,"{'latitude': 38.4087993, 'longitude': -121.3716178, 'fipsCode': '06067'}"
116543,,HighSchool,2021,809.0,Donny Stephens,Del City,Oklahoma State,LB,73.0,205.0,3.0,0.8644,Oklahoma City,OK,USA,"{'latitude': 35.4729886, 'longitude': -97.5170536, 'fipsCode': '40109'}"
116548,4683330,HighSchool,2021,809.0,Jaylen Jones,Thomas Jefferson,Virginia Tech,WR,73.0,185.0,3.0,0.8644,Richmond,VA,USA,"{'latitude': 37.5385087, 'longitude': -77.43428, 'fipsCode': '51760'}"
116549,,HighSchool,2021,809.0,TJ Patu,La Habra,,LB,76.0,210.0,3.0,0.8644,La Habra,CA,USA,"{'latitude': 33.9330156, 'longitude': -117.944777, 'fipsCode': '06059'}"
116547,4682634,HighSchool,2021,809.0,Shaquan Loyal,West Side,Rutgers,CB,72.0,175.0,3.0,0.8644,Newark,NJ,USA,"{'latitude': 40.735657, 'longitude': -74.1723667, 'fipsCode': '34013'}"
116555,4432770,HighSchool,2021,819.0,Melvin Swindle II,Heritage Hall,Eastern Michigan,DL,74.5,290.0,3.0,0.8641,Oklahoma City,OK,USA,"{'latitude': 35.4729886, 'longitude': -97.5170536, 'fipsCode': '40109'}"
116558,4432771,HighSchool,2021,819.0,Preston Terrell,Brownsburg,Purdue,WR,75.0,180.0,3.0,0.8641,Brownsburg,IN,USA,"{'latitude': 39.8433769, 'longitude': -86.3977736, 'fipsCode': '18063'}"
116552,4874413,HighSchool,2021,819.0,BJ Harris,McCallie School,Missouri,RB,70.0,193.0,3.0,0.8641,Chattanooga,TN,USA,"{'latitude': 35.0457219, 'longitude': -85.3094883, 'fipsCode': '47065'}"
116560,4686358,HighSchool,2021,819.0,Isaia Glass,Queen Creek,Arizona State,OT,77.0,245.0,3.0,0.8641,Queen Creek,AZ,USA,"{'latitude': 33.2483858, 'longitude': -111.6341585, 'fipsCode': '04013'}"
116561,,HighSchool,2021,819.0,Kameron Grays,Blount,Middle Tennessee,CB,73.5,194.0,3.0,0.8641,Eight Mile,AL,USA,"{'latitude': 30.7635213, 'longitude': -88.126946, 'fipsCode': '01097'}"
116563,4597499,HighSchool,2021,819.0,Mikey Keene,Chandler,UCF,QB,71.0,175.0,3.0,0.8641,Chandler,AZ,USA,"{'latitude': 33.3062223, 'longitude': -111.8413317, 'fipsCode': '04013'}"
116551,4432666,HighSchool,2021,819.0,Kahlil Brantley,Miami Northwestern,Miami,TE,74.0,205.0,3.0,0.8641,Opa Locka,FL,USA,"{'latitude': 25.896733849999997, 'longitude': -80.25949640850294, 'fipsCode': '12086'}"
116554,,HighSchool,2021,819.0,Elia Migao,Chaparral,,IOL,74.0,320.0,3.0,0.8641,Temecula,CA,USA,"{'latitude': 33.4946353, 'longitude': -117.1473661, 'fipsCode': '06065'}"
116553,4611995,HighSchool,2021,819.0,Jamal Haynes,Grayson,Georgia Tech,ATH,69.0,175.0,3.0,0.8641,Loganville,GA,USA,"{'latitude': 33.8389977, 'longitude': -83.9007382, 'fipsCode': '13297'}"
116556,,HighSchool,2021,819.0,Isaac Washington,East Surry,Tennessee,DL,75.0,267.0,3.0,0.8641,Pilot Mountain,NC,USA,"{'latitude': 36.3865267, 'longitude': -80.4695023, 'fipsCode': '37171'}"
116559,4596708,HighSchool,2021,819.0,Corey Coley Jr.,Trinity Christian Academy,Maryland,S,73.0,170.0,3.0,0.8641,Jacksonville,FL,USA,"{'latitude': 30.3321838, 'longitude': -81.655651, 'fipsCode': '12031'}"
116562,4594748,HighSchool,2021,819.0,Grey Carroll,Alcoa,Georgia Tech,DL,75.0,260.0,3.0,0.8641,Alcoa,TN,USA,"{'latitude': 35.7895271, 'longitude': -83.9737935, 'fipsCode': '47009'}"
116557,4599150,HighSchool,2021,819.0,Kahlil Saunders,Grissom,Kentucky,DL,77.0,260.0,3.0,0.8641,Huntsville,AL,USA,"{'latitude': 34.729847, 'longitude': -86.5859011, 'fipsCode': '01089'}"
116564,,HighSchool,2021,832.0,Cortez McKenzie,Lakewood,,LB,71.0,185.0,3.0,0.8637,St. Petersburg,FL,USA,"{'latitude': 27.7703796, 'longitude': -82.6695085, 'fipsCode': '12103'}"
116565,4603199,HighSchool,2021,833.0,Terrence Williams,Many,Louisiana,RB,73.0,220.0,3.0,0.8633,Many,LA,USA,"{'latitude': 31.5687848, 'longitude': -93.4840645, 'fipsCode': '22085'}"
116566,4682485,HighSchool,2021,834.0,Jacoby Jackson,Mansfield Summit,Texas Tech,OT,78.0,320.0,3.0,0.8633,Arlington,TX,USA,"{'latitude': 32.701938999999996, 'longitude': -97.10562379033699, 'fipsCode': '48439'}"
116568,,HighSchool,2021,834.0,Stephon Hall,Central Valley,Pittsburgh,S,73.5,180.0,3.0,0.8633,Monaca,PA,USA,"{'latitude': 40.6872885, 'longitude': -80.2714505, 'fipsCode': '42007'}"
116567,4432704,HighSchool,2021,834.0,Thornton Gentry,Chapin,NC State,IOL,76.0,282.0,3.0,0.8633,Chapin,SC,USA,"{'latitude': 34.1659795, 'longitude': -81.3498212, 'fipsCode': '45063'}"
116571,4600389,HighSchool,2021,837.0,Nate Evans,Frank W. Cox,NC State,CB,73.0,175.0,3.0,0.863,Virginia Beach,VA,USA,"{'latitude': 36.8529841, 'longitude': -75.9774183, 'fipsCode': '51810'}"
116579,,HighSchool,2021,837.0,Shawn Gates,Akron East,,CB,72.0,175.0,3.0,0.863,Akron,OH,USA,"{'latitude': 41.083064, 'longitude': -81.518485, 'fipsCode': '39153'}"
116572,4683234,HighSchool,2021,837.0,La'Vell Wright,North Hardin,Kentucky,S,72.0,204.0,3.0,0.863,Radcliff,KY,USA,"{'latitude': 37.8403456, 'longitude': -85.9491298, 'fipsCode': '21093'}"
116580,,HighSchool,2021,837.0,Jayden Williams,West Des Moines Valley,Northern Iowa,ATH,73.0,195.0,3.0,0.863,West Des Moines,IA,USA,"{'latitude': 41.5645337, 'longitude': -93.7595281, 'fipsCode': '19153'}"
116576,4690483,HighSchool,2021,837.0,AJ Rollins,Creighton Prep,Nebraska,TE,78.0,220.0,3.0,0.863,Omaha,NE,USA,"{'latitude': 41.2587459, 'longitude': -95.9383758, 'fipsCode': '31055'}"
116583,4596947,HighSchool,2021,837.0,Noah Collins,Grayson,Georgia Tech,EDGE,76.0,225.0,3.0,0.863,Loganville,GA,USA,"{'latitude': 33.8389977, 'longitude': -83.9007382, 'fipsCode': '13297'}"
116574,4688538,HighSchool,2021,837.0,Justin Pickett,Carmel,Duke,IOL,79.0,315.0,3.0,0.863,Carmel,IN,USA,"{'latitude': 39.9788017, 'longitude': -86.1189257, 'fipsCode': '18057'}"
116573,,HighSchool,2021,837.0,Robert Army,Southfield,,WR,72.0,186.0,3.0,0.863,Detroit,MI,USA,"{'latitude': 42.3315509, 'longitude': -83.0466403, 'fipsCode': '26163'}"
116577,4682749,HighSchool,2021,837.0,Kani Walker,Douglas County,Louisville,CB,74.0,194.0,3.0,0.863,Douglasville,GA,USA,"{'latitude': 33.7514966, 'longitude': -84.7477136, 'fipsCode': '13097'}"
254976,,HighSchool,2021,837.0,Mason Randolph,Yorba Linda,Boise State,IOL,76.0,280.0,3.0,0.863,Yorba Linda,CA,USA,"{'latitude': 33.8901096, 'longitude': -117.8249705, 'fipsCode': '06059'}"
116578,4603091,HighSchool,2021,837.0,Paul Rodriguez,William Mason,Kentucky,OT,77.5,305.0,3.0,0.863,Mason,OH,USA,"{'latitude': 39.3600586, 'longitude': -84.309939, 'fipsCode': '39165'}"
116584,4603190,HighSchool,2021,837.0,Casey Cain,Warren Easton,Texas,WR,74.0,175.0,3.0,0.863,New Orleans,LA,USA,"{'latitude': 29.9499323, 'longitude': -90.0701156, 'fipsCode': '22071'}"
254980,4603084,HighSchool,2021,837.0,Damon Ollison,Archbishop Hoban,Toledo,LB,72.0,215.0,3.0,0.863,Akron,OH,USA,"{'latitude': 41.083064, 'longitude': -81.518485, 'fipsCode': '39153'}"
232208,4586312,HighSchool,2021,837.0,Jaylin Noel,Park Hill,Iowa State,WR,71.0,170.0,3.0,0.863,Kansas City,MO,USA,"{'latitude': 39.100105, 'longitude': -94.5781416, 'fipsCode': '29095'}"
116569,4874514,HighSchool,2021,837.0,Brayden Wood,Fairview,Kansas State,DL,75.0,267.0,3.0,0.863,Boulder,CO,USA,"{'latitude': 40.0149856, 'longitude': -105.2705456, 'fipsCode': '08013'}"
254943,4605835,HighSchool,2021,837.0,Jay Woolfolk,Benedictine,Virginia,QB,73.0,200.0,3.0,0.863,Richmond,VA,USA,"{'latitude': 37.5385087, 'longitude': -77.43428, 'fipsCode': '51760'}"
116582,4703023,HighSchool,2021,837.0,Mike Diatta,Cane Ridge,Virginia,DL,77.0,265.0,3.0,0.863,Antioch,TN,USA,"{'latitude': 36.0806394, 'longitude': -83.7799037, 'fipsCode': '47093'}"
116570,4683144,HighSchool,2021,837.0,Myles Alston,Ocean Lakes,Pittsburgh,WR,74.0,175.0,3.0,0.863,Virginia Beach,VA,USA,"{'latitude': 36.8529841, 'longitude': -75.9774183, 'fipsCode': '51810'}"
232209,4683563,HighSchool,2021,837.0,Dylan Merrell,Alpharetta,Duke,CB,73.0,179.0,3.0,0.863,Alpharetta,GA,USA,"{'latitude': 34.0709576, 'longitude': -84.2747329, 'fipsCode': '13121'}"
116575,4683645,HighSchool,2021,837.0,Mike Jarvis,Shawnee,Wisconsin,DL,77.0,250.0,3.0,0.863,Medford,NJ,USA,"{'latitude': 39.9009472, 'longitude': -74.8234961, 'fipsCode': '34005'}"
116585,4600980,HighSchool,2021,837.0,Mattheus Carroll,Gilman,Virginia Tech,EDGE,75.0,220.0,3.0,0.863,Baltimore,MD,USA,"{'latitude': 39.2908816, 'longitude': -76.610759, 'fipsCode': '24510'}"
116581,4687044,HighSchool,2021,837.0,Cole Nelson,Johns Creek,Virginia Tech,DL,75.0,230.0,3.0,0.863,Alpharetta,GA,USA,"{'latitude': 34.0709576, 'longitude': -84.2747329, 'fipsCode': '13121'}"
116587,4684528,HighSchool,2021,859.0,Cedric Seabrough,Swainsboro,NC State,TE,76.0,220.0,3.0,0.8628,Swainsboro,GA,USA,"{'latitude': 32.5973857, 'longitude': -82.3337376, 'fipsCode': '13107'}"
116586,,HighSchool,2021,859.0,Elijah Davis,Wagener-Salley,,DL,75.5,250.0,3.0,0.8628,Wagener,SC,USA,"{'latitude': 33.6523712, 'longitude': -81.3612142, 'fipsCode': '45003'}"
116588,4612411,HighSchool,2021,861.0,Chase Penry,Cherry Creek,Colorado,WR,73.0,185.0,3.0,0.8626,Englewood,CO,USA,"{'latitude': 39.6482059, 'longitude': -104.9879641, 'fipsCode': '08005'}"
116589,4683272,HighSchool,2021,861.0,Willie Shaw,Brother Rice,Toledo,RB,71.0,180.0,3.0,0.8626,Oak Lawn,IL,USA,"{'latitude': 41.7108662, 'longitude': -87.7581081, 'fipsCode': '17031'}"
116590,4570743,HighSchool,2021,861.0,Santino Marucci,Bartram Trail,Wake Forest,QB,73.0,190.0,3.0,0.8626,Jacksonville,FL,USA,"{'latitude': 30.3321838, 'longitude': -81.655651, 'fipsCode': '12031'}"
116602,4708486,HighSchool,2021,864.0,Jimmy Horn Jr.,Seminole,South Florida,WR,69.0,160.0,3.0,0.8622,Sanford,FL,USA,"{'latitude': 28.8117297, 'longitude': -81.2680345, 'fipsCode': '12117'}"
116601,4705513,HighSchool,2021,864.0,Da'Veawn Armstead,Baton Rouge Central,TCU,S,72.0,180.0,3.0,0.8622,Baton Rouge,LA,USA,"{'latitude': 30.4459596, 'longitude': -91.18738, 'fipsCode': '22033'}"
116599,4682918,HighSchool,2021,864.0,Adrian Huey,Hillsboro,Kentucky,CB,70.5,160.0,3.0,0.8622,Nashville,TN,USA,"{'latitude': 36.1622296, 'longitude': -86.7743531, 'fipsCode': '47037'}"
116592,4687358,HighSchool,2021,864.0,J'Dan Burnett,Nolan Catholic,Louisiana Tech,LB,72.0,200.0,3.0,0.8622,Fort Worth,TX,USA,"{'latitude': 32.753177, 'longitude': -97.3327459, 'fipsCode': '48439'}"
116593,4431559,HighSchool,2021,864.0,Jaden Lindsay,East Forsyth,App State,IOL,75.0,270.0,3.0,0.8622,Kernersville,NC,USA,"{'latitude': 36.1198589, 'longitude': -80.0736533, 'fipsCode': '37067'}"
116591,4597252,HighSchool,2021,864.0,Chase Lowery,Frisco,Arkansas,CB,72.0,180.0,3.0,0.8622,Frisco,TX,USA,"{'latitude': 33.1506744, 'longitude': -96.8236116, 'fipsCode': '48085'}"
116600,,HighSchool,2021,864.0,Raymond Gay,Red Oak,Oklahoma State,CB,70.0,175.0,3.0,0.8622,Red Oak,TX,USA,"{'latitude': 32.5117104, 'longitude': -96.80836332870047, 'fipsCode': '48139'}"
116597,,HighSchool,2021,864.0,JP Martin,Cy Falls,Memphis,RB,71.0,185.0,3.0,0.8622,Houston,TX,USA,"{'latitude': 29.7589382, 'longitude': -95.3676974, 'fipsCode': '48201'}"
116595,4685822,HighSchool,2021,864.0,Michael Myslinski,Bishop Kenny,Iowa,IOL,74.0,285.0,3.0,0.8622,Jacksonville,FL,USA,"{'latitude': 30.3321838, 'longitude': -81.655651, 'fipsCode': '12031'}"
116594,,HighSchool,2021,864.0,Taleeq Robbins,Imhotep Institute,Ole Miss,DL,75.0,300.0,3.0,0.8622,Philadelphia,PA,USA,"{'latitude': 39.9527237, 'longitude': -75.1635262, 'fipsCode': '42101'}"
116598,4684010,HighSchool,2021,864.0,TJ Steele,Lubbock Estacado,TCU,WR,72.0,180.0,3.0,0.8622,Lubbock,TX,USA,"{'latitude': 33.5635206, 'longitude': -101.879336, 'fipsCode': '48303'}"
116596,4683918,HighSchool,2021,864.0,Tyler Needham,William Penn Charter,Rutgers,OT,76.0,265.0,3.0,0.8622,Philadelphia,PA,USA,"{'latitude': 39.9527237, 'longitude': -75.1635262, 'fipsCode': '42101'}"
116607,4612846,HighSchool,2021,876.0,Jackson Hamilton,Blessed Trinity Catholic,Louisville,LB,73.0,205.0,3.0,0.8619,Roswell,GA,USA,"{'latitude': 34.02332, 'longitude': -84.360022, 'fipsCode': '13121'}"
116604,4432672,HighSchool,2021,876.0,Erick Cade,Denton Braswell,Ole Miss,OT,77.5,313.0,3.0,0.8619,Denton,TX,USA,"{'latitude': 33.2150386, 'longitude': -97.1330516, 'fipsCode': '48121'}"
116603,,HighSchool,2021,876.0,Torey Phillips,Texarkana Pleasant Grove,,DL,77.0,298.0,3.0,0.8619,Texarkana,TX,USA,"{'latitude': 33.44628645, 'longitude': -94.07638067493534, 'fipsCode': '48037'}"
116606,4595344,HighSchool,2021,876.0,Terion Sugick,National Christian Academy,Vanderbilt,DL,74.5,288.0,3.0,0.8619,Fort Washington,MD,USA,"{'latitude': 38.7125305, 'longitude': -77.0124598, 'fipsCode': '24033'}"
116605,,HighSchool,2021,876.0,Colin Henrich,IMG Academy,,IOL,75.0,300.0,3.0,0.8619,Bradenton,FL,USA,"{'latitude': 27.4989278, 'longitude': -82.5748194, 'fipsCode': '12081'}"
116620,4683235,HighSchool,2021,881.0,Darius Green,Newton,Minnesota,S,73.0,190.0,3.0,0.8611,Covington,GA,USA,"{'latitude': 33.5967815, 'longitude': -83.8601827, 'fipsCode': '13217'}"
116619,,HighSchool,2021,881.0,Al-Shadee Salaam,East Orange Campus,Rutgers,RB,69.0,170.0,3.0,0.8611,East Orange,NJ,USA,"{'latitude': 40.767323, 'longitude': -74.2048677, 'fipsCode': '34013'}"
116609,,HighSchool,2021,881.0,Romario Noel,Cy Ranch,Baylor,S,74.5,194.0,3.0,0.8611,Cypress,TX,USA,"{'latitude': 29.9691116, 'longitude': -95.6971686, 'fipsCode': '48201'}"
116613,,HighSchool,2021,881.0,Jimmy Valsin III,Arlington Bowie,Oregon State,WR,75.0,180.0,3.0,0.8611,Arlington,TX,USA,"{'latitude': 32.701938999999996, 'longitude': -97.10562379033699, 'fipsCode': '48439'}"
116617,4686031,HighSchool,2021,881.0,Gharin Stansbury,Franklin,Arizona State,EDGE,77.0,230.0,3.0,0.8611,Franklin,LA,USA,"{'latitude': 29.796, 'longitude': -91.5015, 'fipsCode': '01059'}"
116612,,HighSchool,2021,881.0,Rejhan Tatum,Del City,Boise State,LB,74.0,224.0,3.0,0.8611,Oklahoma City,OK,USA,"{'latitude': 35.4729886, 'longitude': -97.5170536, 'fipsCode': '40109'}"
116616,4680024,HighSchool,2021,881.0,Da'Wain Lofton,Fort Worth North Side,Virginia Tech,ATH,70.0,175.0,3.0,0.8611,Fort Worth,TX,USA,"{'latitude': 32.753177, 'longitude': -97.3327459, 'fipsCode': '48439'}"
116608,4663499,HighSchool,2021,881.0,Sam Reynolds,Thompson,South Carolina,WR,68.0,170.0,3.0,0.8611,Alabaster,AL,USA,"{'latitude': 33.2442813, 'longitude': -86.8163773, 'fipsCode': '01117'}"
116618,4874434,HighSchool,2021,881.0,Jon Jones,McKinney,Missouri,DL,76.0,230.0,3.0,0.8611,McKinney,TX,USA,"{'latitude': 33.1976496, 'longitude': -96.6154471, 'fipsCode': '48085'}"
116615,4691315,HighSchool,2021,881.0,Umari Hatcher,Freedom,Syracuse,WR,75.0,175.0,3.0,0.8611,Woodbridge,VA,USA,"{'latitude': 38.6581723, 'longitude': -77.2497049, 'fipsCode': '51153'}"
116611,4682757,HighSchool,2021,881.0,Marco Avant,Jonesboro,Arkansas,LB,74.5,212.0,3.0,0.8611,Forrest City,AR,USA,"{'latitude': 35.0081474, 'longitude': -90.7898342, 'fipsCode': '05123'}"
116610,4566654,HighSchool,2021,881.0,Victor Wikstrom,Sweden,West Virginia,TE,75.0,235.0,3.0,0.8611,Sweden,,SWE,"{'latitude': None, 'longitude': None, 'fipsCode': None}"
116614,4712462,HighSchool,2021,881.0,Keith Cooper Jr.,Dickinson,Tulane,EDGE,76.0,230.0,3.0,0.8611,Dickinson,TX,USA,"{'latitude': 29.4607876, 'longitude': -95.0513173, 'fipsCode': '48167'}"
116630,4573075,HighSchool,2021,894.0,Maximus Gibbs,St. John Bosco,USC,IOL,78.0,385.0,3.0,0.8607,Bellflower,CA,USA,"{'latitude': 33.8825705, 'longitude': -118.1167679, 'fipsCode': '06037'}"
254961,4683582,HighSchool,2021,894.0,Lawson Albright,Grimsley,Northwestern,TE,77.0,225.0,3.0,0.8607,Greensboro,NC,USA,"{'latitude': 36.0726355, 'longitude': -79.7919754, 'fipsCode': '37081'}"
116632,4683014,HighSchool,2021,894.0,Armorion Smith,River Rouge,Cincinnati,S,74.0,190.0,3.0,0.8607,River Rouge,MI,USA,"{'latitude': 42.2729262, 'longitude': -83.1352891, 'fipsCode': '26163'}"
116631,4565912,HighSchool,2021,894.0,Jay Jones,Demopolis,Southern Miss,CB,73.0,200.0,3.0,0.8607,Demopolis,AL,USA,"{'latitude': 32.5178284, 'longitude': -87.8368201, 'fipsCode': '01091'}"
116634,4683127,HighSchool,2021,894.0,Ryan Hoerstkamp,Washington,Missouri,TE,76.0,225.0,3.0,0.8607,Washington,MO,USA,"{'latitude': 38.5581072, 'longitude': -91.0120878, 'fipsCode': '29071'}"
116621,4602199,HighSchool,2021,894.0,Charles Wright,Austin,Texas,PRO,73.0,194.0,3.0,0.8607,Austin,TX,USA,"{'latitude': 30.2711286, 'longitude': -97.7436995, 'fipsCode': '48453'}"
116626,4683126,HighSchool,2021,894.0,Malik Curtis,Bishop Verot,Miami,ATH,71.0,160.0,3.0,0.8607,Fort Myers,FL,USA,"{'latitude': 26.640628, 'longitude': -81.8723084, 'fipsCode': '12071'}"
232214,4707209,HighSchool,2021,894.0,Nick Morris Jr.,Austin Westlake,Duke,LB,75.0,225.0,3.0,0.8607,Austin,TX,USA,"{'latitude': 30.2711286, 'longitude': -97.7436995, 'fipsCode': '48453'}"
116629,4595351,HighSchool,2021,894.0,Rance Conner,Booker T. Washington,Louisville,CB,70.0,173.0,3.0,0.8607,Miami,FL,USA,"{'latitude': 25.7742658, 'longitude': -80.1936589, 'fipsCode': '12086'}"
232211,4684625,HighSchool,2021,894.0,Montrell Johnson Jr.,De La Salle,Louisiana,RB,70.0,184.0,3.0,0.8607,New Orleans,LA,USA,"{'latitude': 29.9499323, 'longitude': -90.0701156, 'fipsCode': '22071'}"
232210,4683265,HighSchool,2021,894.0,Weston Wolff,Venice,Maryland,TE,76.0,210.0,3.0,0.8607,Venice,FL,USA,"{'latitude': 27.0999188, 'longitude': -82.4543597, 'fipsCode': '12115'}"
116627,4683502,HighSchool,2021,894.0,Nigel Tate,The Bullis School,Boston College,DL,74.0,295.0,3.0,0.8607,Potomac,MD,USA,"{'latitude': 39.017936, 'longitude': -77.2094542, 'fipsCode': '24031'}"
232212,4596545,HighSchool,2021,894.0,CJ Dippre,Lakeland,Maryland,TE,77.0,245.0,3.0,0.8607,Jermyn,PA,USA,"{'latitude': 41.5309147, 'longitude': -75.5454634, 'fipsCode': '42069'}"
116635,,HighSchool,2021,894.0,Fred Eaford,Deerfield Beach,Florida Atlantic,WR,70.5,159.0,3.0,0.8607,Deerfield Beach,FL,USA,"{'latitude': 26.318342, 'longitude': -80.0996306, 'fipsCode': '12011'}"
116622,4688216,HighSchool,2021,894.0,Karate Brenson,Christian Brothers College,Ball State,WR,76.0,195.0,3.0,0.8607,St. Louis,MO,USA,"{'latitude': 38.6268039, 'longitude': -90.1994097, 'fipsCode': '29510'}"
116625,4683336,HighSchool,2021,894.0,Jaydon Collins,Greer,Wake Forest,OT,78.0,275.0,3.0,0.8607,Greer,SC,USA,"{'latitude': 34.9381361, 'longitude': -82.2272119, 'fipsCode': '45045'}"
116628,,HighSchool,2021,894.0,Iesa Jarmon,LaSalle,Cincinnati,CB,73.0,180.0,3.0,0.8607,Cincinnati,OH,USA,"{'latitude': 39.1014537, 'longitude': -84.5124602, 'fipsCode': '39061'}"
232213,4613269,HighSchool,2021,894.0,Jim Bonifas,Dubuque Senior,Iowa State,OT,77.0,255.0,3.0,0.8607,Dubuque,IA,USA,"{'latitude': 42.5006217, 'longitude': -90.6647967, 'fipsCode': '19061'}"
116624,4602982,HighSchool,2021,894.0,Jaleel Davis,Richmond,NC State,OT,78.0,300.0,3.0,0.8607,Rockingham,NC,USA,"{'latitude': 34.9393201, 'longitude': -79.7739457, 'fipsCode': '37153'}"
116633,4684007,HighSchool,2021,894.0,Gavin Barthiel,Lake Gibson,Washington State,OLB,74.0,205.0,3.0,0.8607,Lakeland,FL,USA,"{'latitude': 28.0394654, 'longitude': -81.9498042, 'fipsCode': '12105'}"
116623,4682501,HighSchool,2021,894.0,OJ Burroughs,IMG Academy,Kansas,S,69.5,167.0,3.0,0.8607,Savannah,GA,USA,"{'latitude': 32.0809263, 'longitude': -81.0911768, 'fipsCode': '13051'}"
116637,4683145,HighSchool,2021,915.0,Branson Yager,Grantsville,Nebraska,OT,79.0,332.0,3.0,0.8604,Grantsville,UT,USA,"{'latitude': 40.6000817, 'longitude': -112.4635316, 'fipsCode': '49045'}"
116636,,HighSchool,2021,915.0,Kiael Kelly,Gaither,Ball State,QB,73.0,200.0,3.0,0.8604,Tampa,FL,USA,"{'latitude': 27.9477595, 'longitude': -82.458444, 'fipsCode': '12057'}"
116641,4583089,HighSchool,2021,917.0,Var'Keyes Gumms,Spring Dekaney,North Texas,TE,75.0,230.0,3.0,0.86,Houston,TX,USA,"{'latitude': 29.7589382, 'longitude': -95.3676974, 'fipsCode': '48201'}"
116643,4593005,HighSchool,2021,917.0,Cole Joyce,Bentonville,UCF,LB,72.0,212.0,3.0,0.86,Bentonville,AR,USA,"{'latitude': 36.3728538, 'longitude': -94.2088172, 'fipsCode': '05007'}"
116638,,HighSchool,2021,917.0,Kaden McMullen,Living Word Christian,Alabama A&M,QB,76.0,202.0,3.0,0.86,O'Fallon,MO,USA,"{'latitude': 38.7910374, 'longitude': -90.7039107, 'fipsCode': '29183'}"
116639,,HighSchool,2021,917.0,James Bohls,San Clemente,Arizona,RB,72.0,195.0,3.0,0.86,San Clemente,CA,USA,"{'latitude': 33.4270275, 'longitude': -117.6124179, 'fipsCode': '06059'}"
116640,,HighSchool,2021,917.0,Eric McAlister,Azle,Boise State,WR,75.0,180.0,3.0,0.86,Azle,TX,USA,"{'latitude': 32.8975875, 'longitude': -97.5437799, 'fipsCode': '48439'}"
116642,4682779,HighSchool,2021,917.0,Jermaine Hamilton-Jordan,Lincoln College Prep,Arkansas,LB,73.0,195.0,3.0,0.86,Kansas City,MO,USA,"{'latitude': 39.100105, 'longitude': -94.5781416, 'fipsCode': '29095'}"
116655,4682908,HighSchool,2021,923.0,Jalen Shead,Olive Branch,LSU,TE,76.0,240.0,3.0,0.8596,Olive Branch,MS,USA,"{'latitude': 34.9617605, 'longitude': -89.8295315, 'fipsCode': '28033'}"
116645,4683097,HighSchool,2021,923.0,Allan Haye,Chaminade-Madonna,Miami,DL,73.0,296.0,3.0,0.8596,MARGATE,FL,,"{'latitude': None, 'longitude': None, 'fipsCode': None}"
116652,4643696,HighSchool,2021,923.0,Gunnar Greenwald,Satellite,South Florida,TE,77.0,220.0,3.0,0.8596,Satellite Beach,FL,USA,"{'latitude': 28.1761233, 'longitude': -80.5900519, 'fipsCode': '12009'}"
116651,4682643,HighSchool,2021,923.0,Cam'Ron Stewart,Governor Mifflin,Rutgers,DL,76.0,225.0,3.0,0.8596,Reading,PA,USA,"{'latitude': 40.335345, 'longitude': -75.9279495, 'fipsCode': '42011'}"
116644,4586330,HighSchool,2021,923.0,Rico Barfield,De Smet Jesuit,Ball State,RB,72.0,215.0,3.0,0.8596,St. Louis,MO,USA,"{'latitude': 38.6268039, 'longitude': -90.1994097, 'fipsCode': '29510'}"
116649,4682688,HighSchool,2021,923.0,Kaiya Sheron,Somerset,Kentucky,QB,75.5,195.0,3.0,0.8596,Somerset,KY,USA,"{'latitude': 37.0920222, 'longitude': -84.6041084, 'fipsCode': '21199'}"
116647,4684003,HighSchool,2021,923.0,Tahj Bullock,St. Peter's Prep,Virginia Tech,QB,76.0,223.0,3.0,0.8596,Jersey City,NJ,USA,"{'latitude': 40.7281575, 'longitude': -74.0776417, 'fipsCode': '34017'}"
116650,4682568,HighSchool,2021,923.0,Jake Chaney,Lehigh Senior,Wisconsin,LB,72.0,210.0,3.0,0.8596,Lehigh Acres,FL,USA,"{'latitude': 26.6091509, 'longitude': -81.652407, 'fipsCode': '12071'}"
116653,4619186,HighSchool,2021,923.0,Treylan Davis,Jackson,West Virginia,TE,77.0,215.0,3.0,0.8596,Jackson,OH,USA,"{'latitude': 39.0520169, 'longitude': -82.6365537, 'fipsCode': '39079'}"
116648,,HighSchool,2021,923.0,Jaden Hicks,Bishop Gorman,Washington State,S,74.0,192.0,3.0,0.8596,Las Vegas,NV,USA,"{'latitude': 36.1672559, 'longitude': -115.1485163, 'fipsCode': '32003'}"
116654,4687483,HighSchool,2021,923.0,A.J. Campbell,Copley,UCLA,EDGE,76.0,240.0,3.0,0.8596,Akron,OH,USA,"{'latitude': 41.083064, 'longitude': -81.518485, 'fipsCode': '39153'}"
116646,,HighSchool,2021,923.0,Jordan Oladokun,Gaither,Samford,ATH,71.0,185.0,3.0,0.8596,Tampa,FL,USA,"{'latitude': 27.9477595, 'longitude': -82.458444, 'fipsCode': '12057'}"
116657,4431154,HighSchool,2021,935.0,Deshauwn Alleyne,St. Lucie West Centennial,Morgan State,LB,72.0,210.0,3.0,0.8593,Port St. Lucie,FL,USA,"{'latitude': 27.2939333, 'longitude': -80.3503283, 'fipsCode': '12111'}"
116656,4432721,HighSchool,2021,935.0,Dino Kaliakmanis,Antioch,Minnesota,WR,74.0,195.0,3.0,0.8593,Antioch,IL,USA,"{'latitude': 42.4772418, 'longitude': -88.0956396, 'fipsCode': '17097'}"
116660,4708795,HighSchool,2021,937.0,Jalen Williams,Paraclete,Fresno State,CB,70.5,188.0,3.0,0.8589,Lancaster,CA,USA,"{'latitude': 34.6981064, 'longitude': -118.1366153, 'fipsCode': '06037'}"
232215,4680023,HighSchool,2021,937.0,Brandon Epton Jr.,Kimball,SMU,RB,71.5,181.0,3.0,0.8589,Dallas,TX,USA,"{'latitude': 32.7762719, 'longitude': -96.7968559, 'fipsCode': '48113'}"
116659,4432786,HighSchool,2021,937.0,James Wilborn Jr.,Avon Old Farms,Boise State,LB,75.0,235.0,3.0,0.8589,Avon,CT,USA,"{'latitude': 41.8098209, 'longitude': -72.8306541, 'fipsCode': '09003'}"
116658,4431507,HighSchool,2021,937.0,Colston Powers,Lord Botetourt,App State,OT,76.0,285.0,3.0,0.8589,Daleville,VA,USA,"{'latitude': 37.4200715, 'longitude': -79.92234624394857, 'fipsCode': '51023'}"
116672,4687093,HighSchool,2021,937.0,Tsion Nunnally,Cardinal Newman,Washington State,WR,74.0,195.0,3.0,0.8589,Santa Rosa,CA,USA,"{'latitude': 38.4404925, 'longitude': -122.7141049, 'fipsCode': '06097'}"
116663,4683191,HighSchool,2021,937.0,Greg Rubin,White Station,Memphis,S,71.0,180.0,3.0,0.8589,Memphis,TN,USA,"{'latitude': 35.1490215, 'longitude': -90.0516285, 'fipsCode': '47157'}"
116669,4683559,HighSchool,2021,937.0,Jordan Eubanks,Denton Guyer,Florida State,LB,74.0,200.0,3.0,0.8589,Denton,TX,USA,"{'latitude': 33.2150386, 'longitude': -97.1330516, 'fipsCode': '48121'}"
116664,4691367,HighSchool,2021,937.0,Jamareeh Jones,Highland Springs,Boston College,ATH,72.0,182.0,3.0,0.8589,Highland Springs,VA,USA,"{'latitude': 37.5460121, 'longitude': -77.3278441, 'fipsCode': '51087'}"
116665,4610164,HighSchool,2021,937.0,Jaelin Alstott-VanDeVanter,Mooresville,Purdue,OT,79.0,260.0,3.0,0.8589,Mooresville,IN,USA,"{'latitude': 39.6128243, 'longitude': -86.37416, 'fipsCode': '18109'}"
116662,4594444,HighSchool,2021,937.0,Jordan Moore,Loyola Blakefield,Duke,QB,74.0,175.0,3.0,0.8589,Towson,MD,USA,"{'latitude': 39.4018552, 'longitude': -76.602388, 'fipsCode': '24005'}"
116661,4684502,HighSchool,2021,937.0,Justin Lamson,Oak Ridge,Syracuse,QB,75.0,210.0,3.0,0.8589,El Dorado Hills,CA,USA,"{'latitude': 38.6561185, 'longitude': -121.0743265, 'fipsCode': '06017'}"
116666,4600387,HighSchool,2021,937.0,TJ Guy,Mansfield,Michigan,EDGE,76.0,240.0,3.0,0.8589,Mansfield,MA,USA,"{'latitude': 42.0334326, 'longitude': -71.2189405, 'fipsCode': '25005'}"
116670,,HighSchool,2021,937.0,Cyrus Allen,Landry-Walker,Louisiana Tech,WR,73.0,180.0,3.0,0.8589,New Orleans,LA,USA,"{'latitude': 29.9499323, 'longitude': -90.0701156, 'fipsCode': '22071'}"
116668,,HighSchool,2021,937.0,Canon Boone,Dickinson,Mississippi State,OT,76.0,280.0,3.0,0.8589,Dickinson,TX,USA,"{'latitude': 29.4607876, 'longitude': -95.0513173, 'fipsCode': '48167'}"
116671,,HighSchool,2021,937.0,Jesiah Davis,Hough,Virginia,WR,74.0,170.0,3.0,0.8589,Cornelius,NC,USA,"{'latitude': 35.4817982, 'longitude': -80.8589501, 'fipsCode': '37119'}"
116667,,HighSchool,2021,937.0,Javin Burke,Bradley Central,Virginia,ATH,72.0,202.0,3.0,0.8589,Cleveland,TN,USA,"{'latitude': 35.1595182, 'longitude': -84.8766115, 'fipsCode': '47011'}"
116684,4693942,HighSchool,2021,953.0,Michael Mincey,Ware County,Vanderbilt,LB,73.0,210.0,3.0,0.8585,Waycross,GA,USA,"{'latitude': 31.2135511, 'longitude': -82.3540178, 'fipsCode': '13299'}"
116681,4683464,HighSchool,2021,953.0,Desmond Igbinosun,Union,Rutgers,S,75.0,195.0,3.0,0.8585,Union,NJ,USA,"{'latitude': 40.6976019, 'longitude': -74.2632024, 'fipsCode': '34039'}"
116686,4683222,HighSchool,2021,953.0,DJ Sims,Christchurch School,Virginia Tech,WR,75.0,190.0,3.0,0.8585,Richmond,VA,USA,"{'latitude': 37.5385087, 'longitude': -77.43428, 'fipsCode': '51760'}"
116680,4690066,HighSchool,2021,953.0,Krew Jackson,Queen Creek,Kansas State,S,77.0,200.0,3.0,0.8585,Queen Creek,AZ,USA,"{'latitude': 33.2483858, 'longitude': -111.6341585, 'fipsCode': '04013'}"
116685,,HighSchool,2021,953.0,Andrew Simpson,St. John Bosco,Boise State,LB,73.0,220.0,3.0,0.8585,Norwalk,CA,USA,"{'latitude': 33.9092802, 'longitude': -118.0849169, 'fipsCode': '06037'}"
116675,,HighSchool,2021,953.0,K'wan Powell,Vernon,South Florida,RB,69.0,190.0,3.0,0.8585,Vernon,FL,USA,"{'latitude': 30.6229702, 'longitude': -85.7121531, 'fipsCode': '12133'}"
116673,4683314,HighSchool,2021,953.0,Xavier Coleman,Lenape,Boston College,RB,70.0,190.0,3.0,0.8585,Medford,NJ,USA,"{'latitude': 39.9009472, 'longitude': -74.8234961, 'fipsCode': '34005'}"
116683,4684011,HighSchool,2021,953.0,Garner Wallace,Pickerington Central,Northwestern,S,77.0,185.0,3.0,0.8585,Pickerington,OH,USA,"{'latitude': 39.896277299999994, 'longitude': -82.77319049748806, 'fipsCode': '39045'}"
116674,4600983,HighSchool,2021,953.0,DJ Stepney,Dakota,Central Michigan,ATH,72.0,180.0,3.0,0.8585,Macomb,MI,USA,"{'latitude': 42.6652, 'longitude': -82.9286, 'fipsCode': '17109'}"
116679,4682639,HighSchool,2021,953.0,Cameron Junior,Middletown,Cincinnati,LB,73.0,210.0,3.0,0.8585,Middletown,OH,USA,"{'latitude': 39.5150576, 'longitude': -84.3982763, 'fipsCode': '39017'}"
116678,4592571,HighSchool,2021,953.0,Anthony Rosas,Sierra Vista,UNLV,IOL,74.0,295.0,3.0,0.8585,Baldwin Park,CA,USA,"{'latitude': 34.0854739, 'longitude': -117.9611761, 'fipsCode': '06037'}"
116677,4601081,HighSchool,2021,953.0,Jailen Weaver,Antioch,Nebraska,EDGE,80.0,280.0,3.0,0.8585,Antioch,CA,USA,"{'latitude': 38.0049214, 'longitude': -121.805789, 'fipsCode': '06013'}"
116676,4683057,HighSchool,2021,953.0,Tamarion Crumpley,Winton Woods,Pittsburgh,CB,74.0,180.0,3.0,0.8585,Cincinnati,OH,USA,"{'latitude': 39.1014537, 'longitude': -84.5124602, 'fipsCode': '39061'}"
116687,4691879,HighSchool,2021,953.0,Al Ashford III,Cherry Creek,Wisconsin,CB,73.0,170.0,3.0,0.8585,Englewood,CO,USA,"{'latitude': 39.6482059, 'longitude': -104.9879641, 'fipsCode': '08005'}"
116682,4688931,HighSchool,2021,953.0,Maxwell Hairston,West Bloomfield,Kentucky,CB,73.0,175.0,3.0,0.8585,West Bloomfield,MI,USA,"{'latitude': 42.5679, 'longitude': -83.3733, 'fipsCode': '36069'}"
116688,,HighSchool,2021,968.0,Eric McDaniels,Hopewell,,RB,72.0,225.0,3.0,0.8581,Hopewell,VA,USA,"{'latitude': 36.7468036, 'longitude': -79.4639158, 'fipsCode': '51143'}"
116696,,HighSchool,2021,969.0,Marcus Morgan,Iowa City West,,ATH,75.0,180.0,3.0,0.8578,Iowa City,IA,USA,"{'latitude': 41.6612561, 'longitude': -91.5299106, 'fipsCode': '19103'}"
116689,,HighSchool,2021,969.0,KJ Liggins,Coppell,,WR,71.0,185.0,3.0,0.8578,Coppell,TX,USA,"{'latitude': 32.9552598, 'longitude': -97.0155703, 'fipsCode': '48113'}"
116703,4598579,HighSchool,2021,969.0,TJ Butler,St. Frances Academy,Maryland,EDGE,75.0,220.0,3.0,0.8578,Baltimore,MD,USA,"{'latitude': 39.2908816, 'longitude': -76.610759, 'fipsCode': '24510'}"
116695,4600406,HighSchool,2021,969.0,Caleb Berry,Lufkin,Washington,RB,72.0,213.0,3.0,0.8578,Lufkin,TX,USA,"{'latitude': 31.3386242, 'longitude': -94.7288558, 'fipsCode': '48005'}"
116711,,HighSchool,2021,969.0,Zamajay Duncan,San Diego Lincoln,Idaho,CB,70.0,180.0,3.0,0.8578,San Diego,CA,USA,"{'latitude': 32.7174209, 'longitude': -117.1627714, 'fipsCode': '06073'}"
116701,4683462,HighSchool,2021,969.0,Andrew Edson,Mount Si,Washington State,EDGE,75.0,240.0,3.0,0.8578,Snoqualmie,WA,USA,"{'latitude': 47.5289527, 'longitude': -121.8270932, 'fipsCode': '53033'}"
116708,,HighSchool,2021,969.0,Raheem Roberts,Bogalusa,,ATH,75.0,190.0,3.0,0.8578,Bogalusa,LA,USA,"{'latitude': 30.7910204, 'longitude': -89.8486858, 'fipsCode': '22117'}"
116707,,HighSchool,2021,969.0,Bryce Phillips,Orange Lutheran,,CB,72.0,170.0,3.0,0.8578,Santa Ana,CA,USA,"{'latitude': 33.7494951, 'longitude': -117.8732213, 'fipsCode': '06059'}"
116692,4432677,HighSchool,2021,969.0,Iverson Celestine,Fontainebleau,Tulane,RB,70.0,198.0,3.0,0.8578,Mandeville,LA,USA,"{'latitude': 30.3582305, 'longitude': -90.0657477, 'fipsCode': '22103'}"
116705,,HighSchool,2021,969.0,Ty Furnish,Blessed Trinity Catholic,Virginia,IOL,76.0,250.0,3.0,0.8578,Roswell,GA,USA,"{'latitude': 34.02332, 'longitude': -84.360022, 'fipsCode': '13121'}"
116700,,HighSchool,2021,969.0,Braylen Jackson,Mansfield Lake Ridge,SMU,DL,75.0,265.0,3.0,0.8578,Mansfield,TX,USA,"{'latitude': 32.5631924, 'longitude': -97.1416768, 'fipsCode': '48439'}"
116699,,HighSchool,2021,969.0,Justin Franklin,Douglas County,,ATH,69.0,160.0,3.0,0.8578,Douglasville,GA,USA,"{'latitude': 33.7514966, 'longitude': -84.7477136, 'fipsCode': '13097'}"
116690,4600403,HighSchool,2021,969.0,Braylon Braxton,Frisco Independence,Tulsa,QB,74.0,200.0,3.0,0.8578,Frisco,TX,USA,"{'latitude': 33.1506744, 'longitude': -96.8236116, 'fipsCode': '48085'}"
116691,4600603,HighSchool,2021,969.0,Drew Carter,Tigard,Colorado,QB,75.0,195.0,3.0,0.8578,Portland,OR,USA,"{'latitude': 45.5202471, 'longitude': -122.6741949, 'fipsCode': '41051'}"
116697,4683153,HighSchool,2021,969.0,Skyler Bell,Taft School,Wisconsin,WR,73.0,185.0,3.0,0.8578,Watertown,CT,USA,"{'latitude': 41.6062078, 'longitude': -73.1181658, 'fipsCode': '09005'}"
116710,4686947,HighSchool,2021,969.0,Darell Jones,Field Kindley,Kansas State,ATH,71.0,166.0,3.0,0.8578,Coffeyville,KS,USA,"{'latitude': 37.0372999, 'longitude': -95.6163634, 'fipsCode': '20125'}"
116698,4602194,HighSchool,2021,969.0,D'Marion Alexander,China Spring,Kansas,EDGE,77.0,215.0,3.0,0.8578,China Spring,TX,USA,"{'latitude': 31.6517652, 'longitude': -97.3067348, 'fipsCode': '48309'}"
116706,4683165,HighSchool,2021,969.0,Jaden Nixon,Frisco Lone Star,Oklahoma State,RB,70.0,170.0,3.0,0.8578,Frisco,TX,USA,"{'latitude': 33.1506744, 'longitude': -96.8236116, 'fipsCode': '48085'}"
116702,4682778,HighSchool,2021,969.0,Vince Fiacable,Bishop Dwenger,Indiana,IOL,76.0,300.0,3.0,0.8578,Fort Wayne,IN,USA,"{'latitude': 41.0799898, 'longitude': -85.1386015, 'fipsCode': '18003'}"
116693,4602019,HighSchool,2021,969.0,Caleb Banks,Southfield,Louisville,DL,78.0,255.0,3.0,0.8578,Southfield,MI,USA,"{'latitude': 42.4733689, 'longitude': -83.2218731, 'fipsCode': '26125'}"
116694,4682980,HighSchool,2021,969.0,Derrick Harmon,Detroit Loyola,Michigan State,DL,76.5,359.0,3.0,0.8578,Detroit,MI,USA,"{'latitude': 42.3315509, 'longitude': -83.0466403, 'fipsCode': '26163'}"
116704,4683719,HighSchool,2021,969.0,Jaden Bray,Norman,Oklahoma State,WR,75.0,190.0,3.0,0.8578,Norman,OK,USA,"{'latitude': 35.2225717, 'longitude': -97.4394816, 'fipsCode': '40027'}"
116709,4687184,HighSchool,2021,969.0,Myles Williams,Bishop Alemany,California,EDGE,75.0,250.0,3.0,0.8578,Mission Hills,CA,USA,"{'latitude': 34.687584, 'longitude': -120.43901754304565, 'fipsCode': '06083'}"
116716,4603188,HighSchool,2021,992.0,Kenneth Bannister,Edna Karr,Louisiana Tech,OT,74.5,255.0,3.0,0.8574,New Orleans,LA,USA,"{'latitude': 29.9499323, 'longitude': -90.0701156, 'fipsCode': '22071'}"
116715,4684030,HighSchool,2021,992.0,TJ Quinn,Lowndes,Louisville,S,73.0,200.0,3.0,0.8574,Valdosta,GA,USA,"{'latitude': 30.8327022, 'longitude': -83.2784851, 'fipsCode': '13185'}"
116717,4682504,HighSchool,2021,992.0,Demetrius Hill,Miami Springs,Florida International,S,74.0,190.0,3.0,0.8574,Miami,FL,USA,"{'latitude': 25.7742658, 'longitude': -80.1936589, 'fipsCode': '12086'}"
116714,,HighSchool,2021,992.0,Jacob Coleman,Matoaca,East Carolina,ATH,76.0,215.0,3.0,0.8574,Chesterfield,VA,USA,"{'latitude': 37.3770935, 'longitude': -77.5058196, 'fipsCode': '51041'}"
255074,4683319,HighSchool,2021,992.0,Bill Jackson,Cardinal Ritter College Prep,Tulsa,RB,70.0,195.0,3.0,0.8574,St. Louis,MO,USA,"{'latitude': 38.6268039, 'longitude': -90.1994097, 'fipsCode': '29510'}"
116713,,HighSchool,2021,992.0,Baron Hopson,Lee County,Jackson State,LB,70.0,220.0,3.0,0.8574,Leesburg,GA,USA,"{'latitude': 31.7324556, 'longitude': -84.1711966, 'fipsCode': '13177'}"
232217,,HighSchool,2021,992.0,Dylan Flowers,St. Bernard,Southern Utah,CB,70.5,175.0,3.0,0.8574,Playa del Rey,CA,USA,"{'latitude': 33.9550828, 'longitude': -118.4367496, 'fipsCode': '06037'}"
116712,4431654,HighSchool,2021,992.0,Erin Outley,Parkview Magnet,Arkansas,TE,76.0,255.0,3.0,0.8574,Little Rock,AR,USA,"{'latitude': 34.7464809, 'longitude': -92.2895948, 'fipsCode': '05119'}"
232216,4683326,HighSchool,2021,992.0,Henry Hughes Jr.,Tampa Bay Tech,Rutgers,EDGE,77.0,228.0,3.0,0.8574,Tampa,FL,USA,"{'latitude': 27.9477595, 'longitude': -82.458444, 'fipsCode': '12057'}"
116721,4683178,HighSchool,2021,992.0,David Holloman,Avondale,Indiana,RB,71.0,200.0,3.0,0.8574,Auburn Hills,MI,USA,"{'latitude': 42.6875323, 'longitude': -83.2341028, 'fipsCode': '26125'}"
116718,4707203,HighSchool,2021,992.0,Shyheim Brown,Columbia,Florida State,LB,73.0,185.0,3.0,0.8574,Lake City,FL,USA,"{'latitude': 30.1896756, 'longitude': -82.6392899, 'fipsCode': '12023'}"
116719,4686786,HighSchool,2021,992.0,Trevor Woods,Katy Taylor,Colorado,S,73.0,190.0,3.0,0.8574,Katy,TX,USA,"{'latitude': 29.7857853, 'longitude': -95.8243956, 'fipsCode': '48157'}"
116720,4688836,HighSchool,2021,992.0,Alex Okelo,Pearl-Cohn,Michigan State,EDGE,77.0,217.0,3.0,0.8574,Nashville,TN,USA,"{'latitude': 36.1622296, 'longitude': -86.7743531, 'fipsCode': '47037'}"
116723,4682915,HighSchool,2021,1005.0,D.J. Withers,Joe T. Robinson,Kansas,DL,76.0,245.0,3.0,0.857,Little Rock,AR,USA,"{'latitude': 34.7464809, 'longitude': -92.2895948, 'fipsCode': '05119'}"
116725,4602947,HighSchool,2021,1005.0,Kaci Seegars,Hough,Liberty,LB,74.0,215.0,3.0,0.857,Cornelius,NC,USA,"{'latitude': 35.4817982, 'longitude': -80.8589501, 'fipsCode': '37119'}"
116724,4690461,HighSchool,2021,1005.0,Robert Williams,Trinity Christian School,Louisiana,WR,73.0,170.0,3.0,0.857,Cedar Hill,TX,USA,"{'latitude': 32.5888072, 'longitude': -96.9553675, 'fipsCode': '48113'}"
116722,,HighSchool,2021,1005.0,Emile Aime,University School,,LB,69.0,202.0,3.0,0.857,Miami Gardens,FL,USA,"{'latitude': 25.9423108, 'longitude': -80.23976495072381, 'fipsCode': '12086'}"
116732,4602967,HighSchool,2021,1009.0,Aaron Hall,Southern Durham,Duke,EDGE,77.0,210.0,3.0,0.8567,Durham,NC,USA,"{'latitude': 35.996653, 'longitude': -78.9018053, 'fipsCode': '37063'}"
116733,4683410,HighSchool,2021,1009.0,Beau Freyler,Pine Creek,Iowa State,S,74.0,195.0,3.0,0.8567,Colorado Springs,CO,USA,"{'latitude': 38.8339578, 'longitude': -104.8253485, 'fipsCode': '08041'}"
116727,4572446,HighSchool,2021,1009.0,Katravis Geter Jr.,Miami Carol City,Florida International,RB,70.0,194.0,3.0,0.8567,Opa Locka,FL,USA,"{'latitude': 25.896733849999997, 'longitude': -80.25949640850294, 'fipsCode': '12086'}"
116726,,HighSchool,2021,1009.0,Tim Burns Jr.,Miami Northwestern,UAB,CB,70.0,145.0,3.0,0.8567,Miami,FL,USA,"{'latitude': 25.7742658, 'longitude': -80.1936589, 'fipsCode': '12086'}"
116729,4565185,HighSchool,2021,1009.0,Tai Felton,Stone Bridge,Maryland,WR,74.0,172.0,3.0,0.8567,Ashburn,VA,USA,"{'latitude': 39.0437192, 'longitude': -77.4874899, 'fipsCode': '51107'}"
116728,4602203,HighSchool,2021,1009.0,Carlton Guidry,Shadow Creek,Houston,WR,70.0,160.0,3.0,0.8567,Pearland,TX,USA,"{'latitude': 29.5639758, 'longitude': -95.2864299, 'fipsCode': '48039'}"
116731,4612346,HighSchool,2021,1009.0,Devin Lemear,Manor,Baylor,S,72.0,170.0,3.0,0.8567,Manor,TX,USA,"{'latitude': 30.3407629, 'longitude': -97.5569456, 'fipsCode': '48453'}"
116730,4602923,HighSchool,2021,1009.0,Jaylen Henderson,Chaminade,Fresno State,QB,75.0,205.0,3.0,0.8567,West Hills,CA,USA,"{'latitude': 34.2032325, 'longitude': -118.645476, 'fipsCode': '06037'}"
116739,4875094,HighSchool,2021,1017.0,Xavier Castillo,Osceola,Vanderbilt,IOL,77.0,325.0,3.0,0.8563,Kissimmee,FL,USA,"{'latitude': 28.2918995, 'longitude': -81.4075838, 'fipsCode': '12097'}"
116744,,HighSchool,2021,1017.0,Ross Ulugalu-Maseuli,Mater Dei,San Diego State,IOL,74.5,350.0,3.0,0.8563,Santa Ana,CA,USA,"{'latitude': 33.7494951, 'longitude': -117.8732213, 'fipsCode': '06059'}"
116737,,HighSchool,2021,1017.0,Ethan Mort,Venice,UCF,OT,78.0,275.0,3.0,0.8563,Venice,FL,USA,"{'latitude': 27.0999188, 'longitude': -82.4543597, 'fipsCode': '12115'}"
116740,,HighSchool,2021,1017.0,Jordan Blackmon,Eau Gallie,South Florida,S,70.0,175.0,3.0,0.8563,Melbourne,FL,USA,"{'latitude': 28.0836269, 'longitude': -80.6081089, 'fipsCode': '12009'}"
116742,,HighSchool,2021,1017.0,Charlie Patterson,Fellowship Christian School,Virginia,OT,78.0,275.0,3.0,0.8563,Roswell,GA,USA,"{'latitude': 34.02332, 'longitude': -84.360022, 'fipsCode': '13121'}"
116736,4683468,HighSchool,2021,1017.0,Daniel Edwards Jr.,Winter Park,Illinois,CB,71.0,155.0,3.0,0.8563,Winter Park,FL,USA,"{'latitude': 26.13784445, 'longitude': -81.75399813758739, 'fipsCode': '12021'}"
116738,4595342,HighSchool,2021,1017.0,Oronde Gadsden II,American Heritage,Syracuse,WR,76.0,190.0,3.0,0.8563,Fort Lauderdale,FL,USA,"{'latitude': 26.1223084, 'longitude': -80.1433786, 'fipsCode': '12011'}"
116741,,HighSchool,2021,1017.0,Samari Collier,DeSoto,Illinois,QB,75.0,220.0,3.0,0.8563,DeSoto,TX,USA,"{'latitude': 32.6061241, 'longitude': -96.865612653687, 'fipsCode': '48113'}"
116745,,HighSchool,2021,1017.0,Kevin Toth Jr.,Hudson,Rutgers,OT,78.0,270.0,3.0,0.8563,Hudson,OH,USA,"{'latitude': 41.240056, 'longitude': -81.440667, 'fipsCode': '39153'}"
116734,4431565,HighSchool,2021,1017.0,Walter Simmons III,Oakleaf,East Carolina,QB,74.0,180.0,3.0,0.8563,Orange Park,FL,USA,"{'latitude': 30.1654707, 'longitude': -81.7016346, 'fipsCode': '12019'}"
116735,4431391,HighSchool,2021,1017.0,George Jackson,Stephenson,Louisiana,OT,76.0,350.0,3.0,0.8563,Stone Mountain,GA,USA,"{'latitude': 33.8080924, 'longitude': -84.1706273, 'fipsCode': '13089'}"
116743,4683567,HighSchool,2021,1017.0,Will Towns,Jackson Memorial,Wake Forest,RB,71.0,190.0,3.0,0.8563,Jackson,NJ,USA,"{'latitude': 40.1151766, 'longitude': -74.3647772, 'fipsCode': '34029'}"
116746,4687185,HighSchool,2021,1029.0,TJ Lewis,Glynn Academy,Louisville,QB,76.0,186.0,3.0,0.8559,Brunswick,GA,USA,"{'latitude': 31.1499528, 'longitude': -81.4914894, 'fipsCode': '13127'}"
116747,,HighSchool,2021,1029.0,Winsome Frazier,Palm Beach Lakes,Florida A&M,S,75.0,185.0,3.0,0.8559,West Palm Beach,FL,USA,"{'latitude': 26.715364, 'longitude': -80.0532942, 'fipsCode': '12099'}"
232220,4686709,HighSchool,2021,1031.0,Placide Djungu-Sungu,Arlington Martin,Duke,S,72.0,170.0,3.0,0.8556,Arlington,TX,USA,"{'latitude': 32.701938999999996, 'longitude': -97.10562379033699, 'fipsCode': '48439'}"
254966,4683310,HighSchool,2021,1031.0,Omar Daniels,Colquitt County,Kansas State,CB,72.0,180.0,3.0,0.8556,Moultrie,GA,USA,"{'latitude': 31.179998, 'longitude': -83.7887928, 'fipsCode': '13071'}"
116767,,HighSchool,2021,1031.0,Kason Boston,Jackson-Olin,,EDGE,77.0,240.0,3.0,0.8556,Birmingham,AL,USA,"{'latitude': 33.5206824, 'longitude': -86.8024326, 'fipsCode': '01073'}"
116755,4686030,HighSchool,2021,1031.0,Christian Pedersen,Junipero Serra,Louisville,TE,77.0,230.0,3.0,0.8556,San Mateo,CA,USA,"{'latitude': 37.5439684, 'longitude': -122.3066789, 'fipsCode': '06081'}"
254965,4683543,HighSchool,2021,1031.0,RJ Garcia II,Berkeley Prep,Kansas State,WR,73.0,170.0,3.0,0.8556,Tampa,FL,USA,"{'latitude': 27.9477595, 'longitude': -82.458444, 'fipsCode': '12057'}"
116766,,HighSchool,2021,1031.0,Dorian Singer,Pinnacle,,WR,72.0,172.0,3.0,0.8556,Phoenix,AZ,USA,"{'latitude': 33.4484367, 'longitude': -112.0741417, 'fipsCode': '04013'}"
232223,,HighSchool,2021,1031.0,JaCorey Hyder,Woodville,UTSA,LB,74.0,225.0,3.0,0.8556,Woodville,TX,USA,"{'latitude': 30.7758997, 'longitude': -94.4178256, 'fipsCode': '48457'}"
116765,4683984,HighSchool,2021,1031.0,Devon Manuel,Beau Chene,Arkansas,OT,80.0,300.0,3.0,0.8556,Arnaudville,LA,USA,"{'latitude': 30.3976485, 'longitude': -91.9316052, 'fipsCode': '22097'}"
232218,,HighSchool,2021,1031.0,Kamron Scott,Converse Judson,UTSA,IOL,75.0,302.0,3.0,0.8556,Converse,TX,USA,"{'latitude': 29.5180081, 'longitude': -98.3161241, 'fipsCode': '48029'}"
116756,,HighSchool,2021,1031.0,Mak Pounders,Byhalia,Memphis,OT,78.0,295.0,3.0,0.8556,Byhalia,MS,USA,"{'latitude': 34.8723179, 'longitude': -89.6906396, 'fipsCode': '28093'}"
116758,,HighSchool,2021,1031.0,Marcus Mbow,Wauwatosa East,Purdue,OT,78.0,305.0,3.0,0.8556,Milwaukee,WI,USA,"{'latitude': 43.0349931, 'longitude': -87.922497, 'fipsCode': '55079'}"
232221,4873284,HighSchool,2021,1031.0,Tre Freeman,Northern,Duke,LB,72.0,225.0,3.0,0.8556,Durham,NC,USA,"{'latitude': 35.996653, 'longitude': -78.9018053, 'fipsCode': '37063'}"
116753,,HighSchool,2021,1031.0,Javione Carr,Arlington Sam Houston,Arizona,S,72.0,170.0,3.0,0.8556,Arlington,TX,USA,"{'latitude': 32.701938999999996, 'longitude': -97.10562379033699, 'fipsCode': '48439'}"
116748,,HighSchool,2021,1031.0,Mario Love,Hough,,CB,70.0,170.0,3.0,0.8556,Cornelius,NC,USA,"{'latitude': 35.4817982, 'longitude': -80.8589501, 'fipsCode': '37119'}"
116764,,HighSchool,2021,1031.0,Cameron Brady,Arlington Lamar,Stephen F. Austin,WR,75.0,200.0,3.0,0.8556,Arlington,TX,USA,"{'latitude': 32.701938999999996, 'longitude': -97.10562379033699, 'fipsCode': '48439'}"
116770,,HighSchool,2021,1031.0,Enoka Migao,Chaparral,Utah State,EDGE,77.0,230.0,3.0,0.8556,Temecula,CA,USA,"{'latitude': 33.4946353, 'longitude': -117.1473661, 'fipsCode': '06065'}"
116775,4709014,HighSchool,2021,1031.0,Zion Washington,Frisco Reedy,Boise State,S,74.0,200.0,3.0,0.8556,Frisco,TX,USA,"{'latitude': 33.1506744, 'longitude': -96.8236116, 'fipsCode': '48085'}"
116754,4683463,HighSchool,2021,1031.0,Matt Gulbin,Wilton,Wake Forest,IOL,76.0,290.0,3.0,0.8556,Wilton,CT,USA,"{'latitude': 41.1953739, 'longitude': -73.4378988, 'fipsCode': '09001'}"
254937,,HighSchool,2021,1031.0,Kyle Fugedi,Franklin,Pittsburgh,OT,78.0,290.0,3.0,0.8556,Livonia,MI,USA,"{'latitude': 42.36837, 'longitude': -83.3527097, 'fipsCode': '26163'}"
255024,,HighSchool,2021,1031.0,James Gillespie,Woodbridge,UL Monroe,DL,74.0,300.0,3.0,0.8556,Woodbridge,VA,USA,"{'latitude': 38.6581723, 'longitude': -77.2497049, 'fipsCode': '51153'}"
116759,4680021,HighSchool,2021,1031.0,DJ Arkansas,Denton Ryan,Rice,LB,73.0,200.0,3.0,0.8556,Denton,TX,USA,"{'latitude': 33.2150386, 'longitude': -97.1330516, 'fipsCode': '48121'}"
116771,4684277,HighSchool,2021,1031.0,Jackson Carsello,Glenbrook North,Northwestern,OT,76.0,270.0,3.0,0.8556,Northbrook,IL,USA,"{'latitude': 42.128704, 'longitude': -87.8265089, 'fipsCode': '39061'}"
116773,4684388,HighSchool,2021,1031.0,Elijah Sabbatini,Biloxi,Ole Miss,S,73.0,195.0,3.0,0.8556,Biloxi,MS,USA,"{'latitude': 30.374673, 'longitude': -88.84594333482862, 'fipsCode': '28047'}"
116763,4684453,HighSchool,2021,1031.0,Jatius Geer,Belton-Honea Path,Syracuse,DL,77.0,260.0,3.0,0.8556,Anderson,SC,USA,"{'latitude': 34.5068601, 'longitude': -82.6506264, 'fipsCode': '45007'}"
116760,4676889,HighSchool,2021,1031.0,Myles Montgomery,Duncan U. Fletcher,Cincinnati,RB,70.0,195.0,3.0,0.8556,Neptune Beach,FL,USA,"{'latitude': 30.311908, 'longitude': -81.3964734, 'fipsCode': '12031'}"
232219,4709669,HighSchool,2021,1031.0,Christian Moss,North Cobb,Virginia Tech,WR,75.0,180.0,3.0,0.8556,Kennesaw,GA,USA,"{'latitude': 34.0234337, 'longitude': -84.6154897, 'fipsCode': '13067'}"
116772,4709386,HighSchool,2021,1031.0,Josh Kreutz,Loyola Academy,Illinois,IOL,74.0,275.0,3.0,0.8556,Wilmette,IL,USA,"{'latitude': 42.0757315, 'longitude': -87.7193768, 'fipsCode': '17031'}"
232222,4612589,HighSchool,2021,1031.0,Gavin McKay,Memphis University School,Missouri,TE,76.0,215.0,3.0,0.8556,Memphis,TN,USA,"{'latitude': 35.1490215, 'longitude': -90.0516285, 'fipsCode': '47157'}"
116750,4687190,HighSchool,2021,1031.0,Patrick Hisatake,Westview,California,LB,76.0,240.0,3.0,0.8556,Portland,OR,USA,"{'latitude': 45.5202471, 'longitude': -122.6741949, 'fipsCode': '41051'}"
116774,4685826,HighSchool,2021,1031.0,BJ Adams,Arabia Mountain,UCF,S,75.0,185.0,3.0,0.8556,Lithonia,GA,USA,"{'latitude': 33.7123305, 'longitude': -84.1051939, 'fipsCode': '13089'}"
116757,4600827,HighSchool,2021,1031.0,Nykelius Johnson,West Florence,Virginia Tech,ATH,71.0,180.0,3.0,0.8556,Florence,SC,USA,"{'latitude': 34.1984435, 'longitude': -79.7671658, 'fipsCode': '45041'}"
116768,4683182,HighSchool,2021,1031.0,Nate Yarnell,Lake Travis,Pittsburgh,QB,78.0,200.0,3.0,0.8556,Austin,TX,USA,"{'latitude': 30.2711286, 'longitude': -97.7436995, 'fipsCode': '48453'}"
116749,4600981,HighSchool,2021,1031.0,Pat Bryant,Atlantic Coast,Illinois,WR,75.0,187.0,3.0,0.8556,Jacksonville,FL,USA,"{'latitude': 30.3321838, 'longitude': -81.655651, 'fipsCode': '12031'}"
116769,4683819,HighSchool,2021,1031.0,Cam Smith,Denton Braswell,Oklahoma State,ATH,73.0,165.0,3.0,0.8556,Denton,TX,USA,"{'latitude': 33.2150386, 'longitude': -97.1330516, 'fipsCode': '48121'}"
116761,4602646,HighSchool,2021,1031.0,Dylan Hazen,College Park,Wake Forest,LB,73.0,220.0,3.0,0.8556,The Woodlands,TX,USA,"{'latitude': 30.1734194, 'longitude': -95.504686, 'fipsCode': '48339'}"
116752,4602187,HighSchool,2021,1031.0,Raam Stevenson,Mansfield Timberview,Washington State,EDGE,75.0,200.0,3.0,0.8556,Arlington,TX,USA,"{'latitude': 32.701938999999996, 'longitude': -97.10562379033699, 'fipsCode': '48439'}"
116762,4606188,HighSchool,2021,1031.0,Noah Biglow,Armwood,Pittsburgh,CB,72.0,175.0,3.0,0.8556,Seffner,FL,USA,"{'latitude': 27.998541000000003, 'longitude': -82.27488400114905, 'fipsCode': '12057'}"
116751,4683205,HighSchool,2021,1031.0,Quincy Bryant,Parkview,Wake Forest,CB,72.0,195.0,3.0,0.8556,Lilburn,GA,USA,"{'latitude': 33.8901036, 'longitude': -84.1429719, 'fipsCode': '13135'}"
116776,4612605,HighSchool,2021,1069.0,Carter Evans,Prairie Ridge,Eastern Michigan,TE,76.0,230.0,3.0,0.8552,Crystal Lake,IL,USA,"{'latitude': 42.2411344, 'longitude': -88.3161965, 'fipsCode': '17111'}"
116778,,HighSchool,2021,1069.0,Jaelin Moss,Fairport,,DL,77.0,260.0,3.0,0.8552,Fairport,NY,USA,"{'latitude': 43.0993, 'longitude': -77.443014, 'fipsCode': '36055'}"
116777,,HighSchool,2021,1069.0,Zach Richards,Mooresville,Purdue,IOL,75.0,296.0,3.0,0.8552,Mooresville,IN,USA,"{'latitude': 39.6128243, 'longitude': -86.37416, 'fipsCode': '18109'}"
116779,,HighSchool,2021,1072.0,Lennard Kuhl,Casady School,Toledo,TE,76.0,235.0,3.0,0.855,Oklahoma City,OK,USA,"{'latitude': 35.4729886, 'longitude': -97.5170536, 'fipsCode': '40109'}"
116783,4597498,HighSchool,2021,1073.0,Quillen Howze,Chippewa Valley,Buffalo,ATH,73.0,180.0,3.0,0.8544,Waterford,MI,USA,"{'latitude': 42.6907, 'longitude': -83.4066, 'fipsCode': '06099'}"
116793,,HighSchool,2021,1073.0,Max Merril,Strake Jesuit,Texas,OT,76.0,273.0,3.0,0.8544,Houston,TX,USA,"{'latitude': 29.7589382, 'longitude': -95.3676974, 'fipsCode': '48201'}"
116794,4683538,HighSchool,2021,1073.0,Caleb Ellis,Frisco Independence,Stanford,S,72.0,180.0,3.0,0.8544,Frisco,TX,USA,"{'latitude': 33.1506744, 'longitude': -96.8236116, 'fipsCode': '48085'}"
116787,4567707,HighSchool,2021,1073.0,Grayson James,Duncanville,Florida International,QB,73.0,200.0,3.0,0.8544,Duncanville,TX,USA,"{'latitude': 32.6518004, 'longitude': -96.9083366, 'fipsCode': '48113'}"
116791,4683537,HighSchool,2021,1073.0,Brayden Dudley,Mill Creek,West Virginia,DL,75.0,250.0,3.0,0.8544,Hoschton,GA,USA,"{'latitude': 34.096496, 'longitude': -83.7612839, 'fipsCode': '13157'}"
116785,4596665,HighSchool,2021,1073.0,Keshon Griffin,St. Joseph,Rutgers,EDGE,76.0,220.0,3.0,0.8544,Hammonton,NJ,USA,"{'latitude': 39.6365056, 'longitude': -74.8023853, 'fipsCode': '34001'}"
116781,4600405,HighSchool,2021,1073.0,CJ Baskerville,Richland,San Diego State,S,74.0,180.0,3.0,0.8544,North Richland Hills,TX,USA,"{'latitude': 32.8342952, 'longitude': -97.2289029, 'fipsCode': '48439'}"
116792,,HighSchool,2021,1073.0,Jared Brown,Parkview,Coastal Carolina,WR,72.0,175.0,3.0,0.8544,Lilburn,GA,USA,"{'latitude': 33.8901036, 'longitude': -84.1429719, 'fipsCode': '13135'}"
116796,4687592,HighSchool,2021,1073.0,Jonah Elliss,Moscow,Utah,LB,74.0,210.0,3.0,0.8544,Moscow,ID,USA,"{'latitude': 46.7323875, 'longitude': -117.0001651, 'fipsCode': '16057'}"
116786,4596450,HighSchool,2021,1073.0,Jalen Hoyle,Dwight Morrow,Virginia Tech,S,72.0,180.0,3.0,0.8544,Englewood,NJ,USA,"{'latitude': 40.8928771, 'longitude': -73.9726381, 'fipsCode': '34003'}"
116784,,HighSchool,2021,1073.0,Aidan Ryan,James Monroe,Virginia,S,72.0,192.0,3.0,0.8544,Fredericksburg,VA,USA,"{'latitude': 38.3031837, 'longitude': -77.4605399, 'fipsCode': '51630'}"
116790,4682993,HighSchool,2021,1073.0,Landon Rogers,Parkview Magnet,Arkansas,QB,76.0,215.0,3.0,0.8544,Little Rock,AR,USA,"{'latitude': 34.7464809, 'longitude': -92.2895948, 'fipsCode': '05119'}"
116780,4685183,HighSchool,2021,1073.0,John Paul Richardson,Fort Bend Ridge Point,Oklahoma State,WR,72.0,180.0,3.0,0.8544,Missouri City,TX,USA,"{'latitude': 29.6185669, 'longitude': -95.5377215, 'fipsCode': '48157'}"
116782,4602015,HighSchool,2021,1073.0,Deamikkio Nathan,South Grand Prairie,UNLV,WR,72.0,185.0,3.0,0.8544,Grand Prairie,TX,USA,"{'latitude': 32.657368000000005, 'longitude': -97.02846624175038, 'fipsCode': '48113'}"
116795,4683116,HighSchool,2021,1073.0,Carston Marshall,Wadsworth,Iowa State,LB,75.0,205.0,3.0,0.8544,Wadsworth,OH,USA,"{'latitude': 41.0256101, 'longitude': -81.7298519, 'fipsCode': '39103'}"
116788,4875085,HighSchool,2021,1073.0,Nick Barrett,Eastern Wayne,South Carolina,DL,75.0,329.0,3.0,0.8544,Goldsboro,NC,USA,"{'latitude': 35.3848841, 'longitude': -77.9927651, 'fipsCode': '37191'}"
116789,4680601,HighSchool,2021,1073.0,Darius Jackson,Red Oak,Missouri,CB,73.0,175.0,3.0,0.8544,Red Oak,TX,USA,"{'latitude': 32.5117104, 'longitude': -96.80836332870047, 'fipsCode': '48139'}"
116798,4682642,HighSchool,2021,1090.0,DC Tabscott,Father Ryan,App State,QB,74.5,201.0,3.0,0.8541,Nashville,TN,USA,"{'latitude': 36.1622296, 'longitude': -86.7743531, 'fipsCode': '47037'}"
116801,,HighSchool,2021,1090.0,Micah Gaffney,Spanish Fort,Virginia,CB,72.0,160.0,3.0,0.8541,Spanish Fort,AL,USA,"{'latitude': 30.6749127, 'longitude': -87.9152724, 'fipsCode': '01003'}"
116802,,HighSchool,2021,1090.0,William Whitlow Jr.,Stanhope Elmore,Memphis,DL,75.0,240.0,3.0,0.8541,Millbrook,AL,USA,"{'latitude': 32.4798575, 'longitude': -86.3619163, 'fipsCode': '01051'}"
116803,4682533,HighSchool,2021,1090.0,Michael Gravely Jr.,Euclid,Michigan State,S,73.0,193.0,3.0,0.8541,Cleveland,OH,USA,"{'latitude': 41.5051613, 'longitude': -81.6934446, 'fipsCode': '39035'}"
116797,,HighSchool,2021,1090.0,Devon Martin,Mesquite Poteet,,TE,77.0,240.0,3.0,0.8541,Mesquite,TX,USA,"{'latitude': 32.7666103, 'longitude': -96.599472, 'fipsCode': '48113'}"
116800,,HighSchool,2021,1090.0,Amaad Foston,John Milledge Academy,Virginia,RB,71.0,199.0,3.0,0.8541,Milledgeville,GA,USA,"{'latitude': 33.0801429, 'longitude': -83.2320991, 'fipsCode': '13009'}"
116799,4593004,HighSchool,2021,1090.0,Davion Primm,Oak Park,Michigan State,RB,72.0,201.0,3.0,0.8541,Oak Park,MI,USA,"{'latitude': 42.4595317, 'longitude': -83.1821445, 'fipsCode': '17031'}"
116804,4597250,HighSchool,2021,1097.0,Will Johnson,St. Mary's Ryken,Virginia Tech,LB,74.0,210.0,3.0,0.8537,Leonardtown,MD,USA,"{'latitude': 38.2912431, 'longitude': -76.6357946, 'fipsCode': '24037'}"
116805,,HighSchool,2021,1098.0,Aries Scott,Hillcrest,,EDGE,76.0,207.0,3.0,0.8533,Simpsonville,SC,USA,"{'latitude': 34.7370639, 'longitude': -82.2542834, 'fipsCode': '45045'}"
116822,4686223,HighSchool,2021,1099.0,Malachi Thomas,Hart County,Virginia Tech,RB,72.0,180.0,3.0,0.8533,Hartwell,GA,USA,"{'latitude': 34.3528825, 'longitude': -82.932087, 'fipsCode': '13147'}"
116818,4683484,HighSchool,2021,1099.0,Caleb Schmitz,Warwick,Cincinnati,LB,75.0,185.0,3.0,0.8533,Lititz,PA,USA,"{'latitude': 40.1571252, 'longitude': -76.3072103, 'fipsCode': '42071'}"
116820,4683327,HighSchool,2021,1099.0,Michael Lunz,North Hardin,Tulane,LB,75.0,230.0,3.0,0.8533,Radcliff,KY,USA,"{'latitude': 37.8403456, 'longitude': -85.9491298, 'fipsCode': '21093'}"
116819,,HighSchool,2021,1099.0,Dakote Doyle,De Smet Jesuit,Baylor,DL,73.0,270.0,3.0,0.8533,St. Louis,MO,USA,"{'latitude': 38.6268039, 'longitude': -90.1994097, 'fipsCode': '29510'}"
116815,4599160,HighSchool,2021,1099.0,Trey Washington,Hewitt-Trussville,Ole Miss,CB,72.0,195.0,3.0,0.8533,Trussville,AL,USA,"{'latitude': 33.626629, 'longitude': -86.5549335251678, 'fipsCode': '01073'}"
232224,,HighSchool,2021,1099.0,Jawon Odoms,Henry County,Memphis,CB,74.0,185.0,3.0,0.8533,Paris,TN,USA,"{'latitude': 36.3019461, 'longitude': -88.3258578, 'fipsCode': '47079'}"
116810,,HighSchool,2021,1099.0,Ike Iwunnah,Garland Lakeview Centennial,Michigan,DL,76.0,275.0,3.0,0.8533,Garland,TX,USA,"{'latitude': 32.912624, 'longitude': -96.6388833, 'fipsCode': '48113'}"
116809,4700142,HighSchool,2021,1099.0,Jace Williams,Catholic Central,Miami (OH),WR,75.0,185.0,3.0,0.8533,Grand Rapids,MI,USA,"{'latitude': 42.9632405, 'longitude': -85.6678639, 'fipsCode': '26081'}"
116807,4602908,HighSchool,2021,1099.0,Kamren Blanton,St. John Bosco,UNLV,CB,71.0,175.0,3.0,0.8533,Bellflower,CA,USA,"{'latitude': 33.8825705, 'longitude': -118.1167679, 'fipsCode': '06037'}"
116813,4586332,HighSchool,2021,1099.0,Jaylin Mines,Oak Park,Toledo,S,73.0,190.0,3.0,0.8533,Oak Park,MI,USA,"{'latitude': 42.4595317, 'longitude': -83.1821445, 'fipsCode': '17031'}"
116806,4680599,HighSchool,2021,1099.0,De'Anthony Lewis,Converse Judson,UTSA,RB,73.0,185.0,3.0,0.8533,Converse,TX,USA,"{'latitude': 29.5180081, 'longitude': -98.3161241, 'fipsCode': '48029'}"
116817,4603752,HighSchool,2021,1099.0,Trent Broadnax,Benedictine Military School,Duke,WR,73.0,190.0,3.0,0.8533,Savannah,GA,USA,"{'latitude': 32.0809263, 'longitude': -81.0911768, 'fipsCode': '13051'}"
116811,4682486,HighSchool,2021,1099.0,Hampton Fay,All Saints Episcopal,Michigan State,QB,77.0,210.0,3.0,0.8533,Fort Worth,TX,USA,"{'latitude': 32.753177, 'longitude': -97.3327459, 'fipsCode': '48439'}"
116821,4687327,HighSchool,2021,1099.0,Bryce Goodner,McMinn,Virginia Tech,OG,75.0,300.0,3.0,0.8533,Athens,TN,USA,"{'latitude': 35.4428864, 'longitude': -84.5930113, 'fipsCode': '47107'}"
116808,4682916,HighSchool,2021,1099.0,Malcolm Folk,Episcopal Academy,Syracuse,S,73.0,191.0,3.0,0.8533,Newtown Square,PA,USA,"{'latitude': 39.9868117, 'longitude': -75.4007633, 'fipsCode': '42045'}"
116814,4594198,HighSchool,2021,1099.0,Cameron Wright,South Panola,Memphis,WR,76.0,200.0,3.0,0.8533,Batesville,MS,USA,"{'latitude': 34.3114982, 'longitude': -89.9442567, 'fipsCode': '28107'}"
116812,4602188,HighSchool,2021,1099.0,Jadarius Thursby,Duncanville,SMU,S,70.0,186.0,3.0,0.8533,Duncanville,TX,USA,"{'latitude': 32.6518004, 'longitude': -96.9083366, 'fipsCode': '48113'}"
116816,4594281,HighSchool,2021,1099.0,Ty Cooper,Louisville,Mississippi State,EDGE,76.0,245.0,3.0,0.8533,Louisville,MS,USA,"{'latitude': 33.1237377, 'longitude': -89.0550624, 'fipsCode': '28159'}"
116824,4683658,HighSchool,2021,1117.0,Javonte Sherman,Valdosta,Middle Tennessee,WR,73.0,170.0,3.0,0.853,Valdosta,GA,USA,"{'latitude': 30.8327022, 'longitude': -83.2784851, 'fipsCode': '13185'}"
116823,4688552,HighSchool,2021,1117.0,Keleki Latu,Jesuit,California,TE,78.0,205.0,3.0,0.853,Carmichael,CA,USA,"{'latitude': 38.62709845, 'longitude': -121.32224222755409, 'fipsCode': '06067'}"
116826,,HighSchool,2021,1119.0,Marceese Yetts,Mater Dei,Air Force,RB,67.5,154.0,3.0,0.8528,Santa Ana,CA,USA,"{'latitude': 33.7494951, 'longitude': -117.8732213, 'fipsCode': '06059'}"
116825,4710348,HighSchool,2021,1119.0,Zhen-Keith Sotelo,Kapolei,Hawai'i,DL,76.0,268.0,3.0,0.8528,Kapolei,HI,USA,"{'latitude': 21.3340079, 'longitude': -158.0778491, 'fipsCode': '15003'}"
116828,4686711,HighSchool,2021,1121.0,Gaven Haselhorst,Hays,Kansas State,LB,73.0,230.0,3.0,0.8526,Hays,KS,USA,"{'latitude': 38.8791783, 'longitude': -99.3267702, 'fipsCode': '20051'}"
116827,,HighSchool,2021,1121.0,Sam Ofurie,IMG Academy,North Carolina A&T,LB,73.0,240.0,3.0,0.8526,Bradenton,FL,USA,"{'latitude': 27.4989278, 'longitude': -82.5748194, 'fipsCode': '12081'}"
116835,,HighSchool,2021,1123.0,Ronnie Hamrick II,Parkview,Texas State,CB,72.0,175.0,3.0,0.8522,Lilburn,GA,USA,"{'latitude': 33.8901036, 'longitude': -84.1429719, 'fipsCode': '13135'}"
116832,,HighSchool,2021,1123.0,Gabe Nealy,Gulliver Prep,South Florida,S,76.0,175.0,3.0,0.8522,Miami,FL,USA,"{'latitude': 25.7742658, 'longitude': -80.1936589, 'fipsCode': '12086'}"
116831,,HighSchool,2021,1123.0,Antwan Roberts,Pope John Paul II,Wisconsin,RB,74.0,195.0,3.0,0.8522,Hendersonville,TN,USA,"{'latitude': 36.3049177, 'longitude': -86.621443, 'fipsCode': '47165'}"
116843,4683516,HighSchool,2021,1123.0,Luther McCoy,Creekside,Minnesota,DL,77.0,290.0,3.0,0.8522,St. Augustine,FL,USA,"{'latitude': 29.8946952, 'longitude': -81.3145395, 'fipsCode': '12109'}"
116839,4683510,HighSchool,2021,1123.0,Otto Hess,Oswego,Boston College,OT,78.5,293.0,3.0,0.8522,Oswego,IL,USA,"{'latitude': 41.6789932, 'longitude': -88.3550216, 'fipsCode': '17093'}"
116837,4683530,HighSchool,2021,1123.0,Chance Black,Dorman,Virginia Tech,RB,73.0,190.0,3.0,0.8522,Roebuck,SC,USA,"{'latitude': 34.8826085, 'longitude': -81.96547100908059, 'fipsCode': '45083'}"
116846,,HighSchool,2021,1123.0,Logan Nobles,Jenks,Oklahoma State,OT,78.0,260.0,3.0,0.8522,Jenks,OK,USA,"{'latitude': 36.0228734, 'longitude': -95.9683278, 'fipsCode': '40143'}"
116836,,HighSchool,2021,1123.0,Timar Rogers,Deland,Mississippi State,LB,74.0,200.0,3.0,0.8522,Deland,FL,USA,"{'latitude': 29.0283213, 'longitude': -81.3031098, 'fipsCode': '12127'}"
116845,,HighSchool,2021,1123.0,Kevon Garcia,Spring Dekaney,Arizona,EDGE,74.0,215.0,3.0,0.8522,Houston,TX,USA,"{'latitude': 29.7589382, 'longitude': -95.3676974, 'fipsCode': '48201'}"
116847,4576303,HighSchool,2021,1123.0,RJ Sorensen,St. Thomas Aquinas,Louisville,DL,76.0,240.0,3.0,0.8522,Fort Lauderdale,FL,USA,"{'latitude': 26.1223084, 'longitude': -80.1433786, 'fipsCode': '12011'}"
116830,4601078,HighSchool,2021,1123.0,Derrick Edwards,Space Coast,Louisville,CB,71.0,175.0,3.0,0.8522,Cocoa,FL,USA,"{'latitude': 28.3553873, 'longitude': -80.7318827, 'fipsCode': '12009'}"
116833,4708494,HighSchool,2021,1123.0,Mandela Tobin,Westview,Duke,DL,76.0,270.0,3.0,0.8522,San Diego,CA,USA,"{'latitude': 32.7174209, 'longitude': -117.1627714, 'fipsCode': '06073'}"
116842,4685119,HighSchool,2021,1123.0,Nic Mitchell,Mandarin,Mississippi State,LB,74.0,215.0,3.0,0.8522,Jacksonville,FL,USA,"{'latitude': 30.3321838, 'longitude': -81.655651, 'fipsCode': '12031'}"
116841,4682748,HighSchool,2021,1123.0,Max Patterson,Yorktown,Rutgers,WR,71.0,165.0,3.0,0.8522,Arlington,VA,USA,"{'latitude': 38.8903961, 'longitude': -77.0841585, 'fipsCode': '51013'}"
116840,4682754,HighSchool,2021,1123.0,Jayden Jones,Dallas Parish Episcopal,SMU,EDGE,76.0,225.0,3.0,0.8522,Dallas,TX,USA,"{'latitude': 32.7762719, 'longitude': -96.7968559, 'fipsCode': '48113'}"
116829,4568709,HighSchool,2021,1123.0,Jayon Venerable,Archbishop Spalding,Maryland,ATH,71.0,193.0,3.0,0.8522,Severn,MD,USA,"{'latitude': 39.1278864, 'longitude': -76.6869128, 'fipsCode': '24003'}"
116844,4643729,HighSchool,2021,1123.0,Joshua Pickett,Habersham Central,Duke,CB,72.0,175.0,3.0,0.8522,Mount Airy,GA,USA,"{'latitude': 34.5187106, 'longitude': -83.5007265, 'fipsCode': '13137'}"
116834,4677297,HighSchool,2021,1123.0,Langston Long,Christ School,Virginia,S,74.0,205.0,3.0,0.8522,Arden,NC,USA,"{'latitude': 35.4661821, 'longitude': -82.5164242, 'fipsCode': '37021'}"
116838,4684279,HighSchool,2021,1123.0,Charlie Browder,Christ School,UCF,TE,79.0,235.0,3.0,0.8522,Arden,NC,USA,"{'latitude': 35.4661821, 'longitude': -82.5164242, 'fipsCode': '37021'}"
116852,4682676,HighSchool,2021,1142.0,Terry Lockett Jr.,Springfield Central,Syracuse,DL,73.0,255.0,3.0,0.8519,Springfield,MA,USA,"{'latitude': 42.1014831, 'longitude': -72.589811, 'fipsCode': '25013'}"
255032,,HighSchool,2021,1142.0,Brylan Lanier,Paul W. Bryant,Georgia State,CB,72.0,165.0,3.0,0.8519,Cottondale,AL,USA,"{'latitude': 33.1895629, 'longitude': -87.4516703, 'fipsCode': '01125'}"
232225,4683437,HighSchool,2021,1142.0,Xavier Young,Miami Edison,Washington State,DL,76.0,215.0,3.0,0.8519,Miami,FL,USA,"{'latitude': 25.7742658, 'longitude': -80.1936589, 'fipsCode': '12086'}"
116849,4688537,HighSchool,2021,1142.0,Jacques Hunter,Lowndes,Vanderbilt,DL,75.0,210.0,3.0,0.8519,Valdosta,GA,USA,"{'latitude': 30.8327022, 'longitude': -83.2784851, 'fipsCode': '13185'}"
116848,,HighSchool,2021,1142.0,Isaiah Finnie,McArthur,Marshall,LB,73.0,205.0,3.0,0.8519,Hollywood,FL,USA,"{'latitude': 26.0112014, 'longitude': -80.1494901, 'fipsCode': '12011'}"
116850,,HighSchool,2021,1142.0,Dorian Stephens,Blue Valley,Kansas State,WR,75.0,182.0,3.0,0.8519,Stilwell,KS,USA,"{'latitude': 38.7691755, 'longitude': -94.6563454, 'fipsCode': '20091'}"
116855,,HighSchool,2021,1142.0,Erick Smith Jr.,Booker T. Washington,,WR,76.0,193.0,3.0,0.8519,Pensacola,FL,USA,"{'latitude': 30.421309, 'longitude': -87.2169149, 'fipsCode': '12033'}"
116854,,HighSchool,2021,1142.0,Elijah Hawk,Pickerington North,Western Michigan,DL,76.0,235.0,3.0,0.8519,Pickerington,OH,USA,"{'latitude': 39.896277299999994, 'longitude': -82.77319049748806, 'fipsCode': '39045'}"
116853,4592873,HighSchool,2021,1142.0,Corey Ellington,Holmes County,Mississippi State,S,75.0,190.0,3.0,0.8519,Lexington,MS,USA,"{'latitude': 33.1131834, 'longitude': -90.0531408, 'fipsCode': '28051'}"
116856,4611996,HighSchool,2021,1142.0,Braylen Nelson,Vista Peak,Fresno State,OT,77.0,310.0,3.0,0.8519,Aurora,CO,USA,"{'latitude': 39.729432, 'longitude': -104.8319196, 'fipsCode': '08005'}"
116851,4588193,HighSchool,2021,1142.0,Brye Lighon,Linfield Christian School,UNLV,ATH,75.0,220.0,3.0,0.8519,Temecula,CA,USA,"{'latitude': 33.4946353, 'longitude': -117.1473661, 'fipsCode': '06065'}"
116857,,HighSchool,2021,1153.0,Shakari Denson,Claxton,Ohio,ATH,71.0,175.0,3.0,0.8517,Claxton,GA,USA,"{'latitude': 32.1615815, 'longitude': -81.9040047, 'fipsCode': '13109'}"
116858,,HighSchool,2021,1154.0,Marquael Parks,Orrville,,ATH,69.0,160.0,3.0,0.8515,Orrville,OH,USA,"{'latitude': 40.8436664, 'longitude': -81.7640212, 'fipsCode': '39169'}"
116860,4677281,HighSchool,2021,1154.0,Kyonte Hamilton,Georgetown Preparatory,Rutgers,ATH,77.0,230.0,3.0,0.8515,Rockville,MD,USA,"{'latitude': 39.0840054, 'longitude': -77.1527573, 'fipsCode': '24031'}"
116859,4432727,HighSchool,2021,1154.0,Solo Lewis,Lake Charles College Prep,Louisiana Tech,WR,68.0,150.0,3.0,0.8515,Lake Charles,LA,USA,"{'latitude': 30.2265949, 'longitude': -93.2173759, 'fipsCode': '22019'}"
116885,4709678,HighSchool,2021,1157.0,Devonte Ross,Cartersville,Kentucky,ATH,72.0,170.0,3.0,0.8511,Cartersville,GA,USA,"{'latitude': 34.1650972, 'longitude': -84.7999383, 'fipsCode': '13015'}"
116861,4602924,HighSchool,2021,1157.0,Ryan Lange,Pittsburg,California,OT,78.0,330.0,3.0,0.8511,Pittsburg,CA,USA,"{'latitude': 38.0181745, 'longitude': -121.8901232, 'fipsCode': '06013'}"
116869,4683963,HighSchool,2021,1157.0,Austin Weiner,Gardner Edgerton,Kansas State,OT,79.0,240.0,3.0,0.8511,Gardner,KS,USA,"{'latitude': 38.8109254, 'longitude': -94.9272958, 'fipsCode': '20091'}"
116886,4684091,HighSchool,2021,1157.0,Jamari Gassett,Tampa Bay Tech,Buffalo,WR,70.0,170.0,3.0,0.8511,Tampa,FL,USA,"{'latitude': 27.9477595, 'longitude': -82.458444, 'fipsCode': '12057'}"
116882,4684389,HighSchool,2021,1157.0,Myzel Williams,Deland,Georgia Southern,S,72.0,190.0,3.0,0.8511,Deltona,FL,USA,"{'latitude': 28.9005446, 'longitude': -81.2636738, 'fipsCode': '12127'}"
116876,4683159,HighSchool,2021,1157.0,Lewis Bond,Kenwood Academy,Boston College,RB,72.0,188.0,3.0,0.8511,Chicago,IL,USA,"{'latitude': 41.8755616, 'longitude': -87.6244212, 'fipsCode': '17031'}"
116880,,HighSchool,2021,1157.0,Malachi Lawrence,Dupont Manual,UCF,DL,76.0,259.0,3.0,0.8511,Louisville,KY,USA,"{'latitude': 38.2542376, 'longitude': -85.759407, 'fipsCode': '21111'}"
116866,,HighSchool,2021,1157.0,Josh Hough,Beaver Falls,Syracuse,RB,74.0,235.0,3.0,0.8511,Beaver Falls,PA,USA,"{'latitude': 40.7520097, 'longitude': -80.3192295, 'fipsCode': '42007'}"
116872,,HighSchool,2021,1157.0,Jalen Clyatt,Sherwood,East Carolina,S,76.0,197.0,3.0,0.8511,Sandy Spring,MD,USA,"{'latitude': 39.1495517, 'longitude': -77.0269221, 'fipsCode': '24031'}"
116862,,HighSchool,2021,1157.0,Ja'Quez Harvey,Alain LeRoy Locke,Fresno State,DL,76.0,245.0,3.0,0.8511,Los Angeles,CA,USA,"{'latitude': 34.0536909, 'longitude': -118.2427666, 'fipsCode': '06037'}"
116868,,HighSchool,2021,1157.0,DJ Fryar,Steilacoom,Arizona,LB,75.0,210.0,3.0,0.8511,Tacoma,WA,USA,"{'latitude': 47.2495798, 'longitude': -122.4398746, 'fipsCode': '53053'}"
116884,,HighSchool,2021,1157.0,La'Dareyen Craig,Baker,South Carolina,CB,74.0,175.0,3.0,0.8511,Mobile,AL,USA,"{'latitude': 30.6943566, 'longitude': -88.0430541, 'fipsCode': '01097'}"
116881,4875632,HighSchool,2021,1157.0,Samuel Green,Huntington Beach,UNLV,RB,68.0,170.0,3.0,0.8511,Huntington Beach,CA,USA,"{'latitude': 33.6783336, 'longitude': -118.0000166, 'fipsCode': '06059'}"
116877,,HighSchool,2021,1157.0,Malik Matthew,Herbert H Lehman,Syracuse,LB,75.0,210.0,3.0,0.8511,Bronx,NY,USA,"{'latitude': 40.85048545, 'longitude': -73.84040355802088, 'fipsCode': '36005'}"
116879,4684524,HighSchool,2021,1157.0,Bernard Gooden,Park Crossing,Wake Forest,DL,73.5,278.0,3.0,0.8511,Montgomery,AL,USA,"{'latitude': 32.3669656, 'longitude': -86.3006485, 'fipsCode': '01101'}"
116871,4684551,HighSchool,2021,1157.0,Jake Renda,IMG Academy,Pittsburgh,TE,77.0,230.0,3.0,0.8511,Bradenton,FL,USA,"{'latitude': 27.4989278, 'longitude': -82.5748194, 'fipsCode': '12081'}"
116873,4587720,HighSchool,2021,1157.0,Tristan Michaud,Clarkson Football North,Iowa State,WR,77.0,200.0,3.0,0.8511,Mississauga,ON,CAN,"{'latitude': None, 'longitude': None, 'fipsCode': None}"
116864,4602201,HighSchool,2021,1157.0,Brenen Hawkins,Colleyville Heritage,Kansas State,WR,75.0,200.0,3.0,0.8511,Colleyville,TX,USA,"{'latitude': 32.8809603, 'longitude': -97.155012, 'fipsCode': '48439'}"
116865,4701177,HighSchool,2021,1157.0,Myles Purchase,Cherry Creek,Iowa State,CB,71.0,170.0,3.0,0.8511,Englewood,CO,USA,"{'latitude': 39.6482059, 'longitude': -104.9879641, 'fipsCode': '08005'}"
116878,4702539,HighSchool,2021,1157.0,Isiah Cox,Alcoa,Cincinnati,ATH,74.0,185.0,3.0,0.8511,Alcoa,TN,USA,"{'latitude': 35.7895271, 'longitude': -83.9737935, 'fipsCode': '47009'}"
116883,4710673,HighSchool,2021,1157.0,Calvin Johnson II,French Camp Academy,Northwestern,ATH,71.0,180.0,3.0,0.8511,French Camp,MS,USA,"{'latitude': 33.293181, 'longitude': -89.3995159, 'fipsCode': '28019'}"
116867,4567790,HighSchool,2021,1157.0,Artez Hooker,Lakewood,Florida International,WR,69.0,160.0,3.0,0.8511,St. Petersburg,FL,USA,"{'latitude': 27.7703796, 'longitude': -82.6695085, 'fipsCode': '12103'}"
116874,4606195,HighSchool,2021,1157.0,Demie Sumo-Karngbaye,Willingboro,NC State,RB,72.0,202.0,3.0,0.8511,Willingboro,NJ,USA,"{'latitude': 40.0278894, 'longitude': -74.8690542, 'fipsCode': '34005'}"
116870,4683114,HighSchool,2021,1157.0,Will Pauling,Homewood-Flossmoor,Cincinnati,WR,70.0,165.0,3.0,0.8511,Flossmoor,IL,USA,"{'latitude': 41.5428123, 'longitude': -87.6847684, 'fipsCode': '17031'}"
116875,4689690,HighSchool,2021,1157.0,Trent Davis,Etowah,Duke,RB,71.0,170.0,3.0,0.8511,Attalla,AL,USA,"{'latitude': 34.0217639, 'longitude': -86.0885851, 'fipsCode': '01055'}"
116863,4587703,HighSchool,2021,1157.0,Ivan Shultz,St. Paul's Episcopal,Troy,IOL,74.75,287.0,3.0,0.8511,Mobile,AL,USA,"{'latitude': 30.6943566, 'longitude': -88.0430541, 'fipsCode': '01097'}"
116889,4683056,HighSchool,2021,1183.0,Antoine Booth,DeMatha Catholic,Michigan State,CB,72.0,185.0,3.0,0.8507,Baltimore,MD,USA,"{'latitude': 39.2908816, 'longitude': -76.610759, 'fipsCode': '24510'}"
116888,4612210,HighSchool,2021,1183.0,Joseph McKay,Central Phenix City,East Carolina,RB,72.0,216.0,3.0,0.8507,Phenix City,AL,USA,"{'latitude': 32.4709761, 'longitude': -85.0007653, 'fipsCode': '01113'}"
116890,4602940,HighSchool,2021,1183.0,Derwin Burgess Jr.,Riverdale,Georgia Southern,WR,71.0,177.0,3.0,0.8507,Riverdale,GA,USA,"{'latitude': 33.5726113, 'longitude': -84.4132594, 'fipsCode': '13063'}"
116891,4683506,HighSchool,2021,1183.0,Albert Reese IV,Clearwater Academy International,Mississippi State,OT,79.0,295.0,3.0,0.8507,Clearwater,FL,USA,"{'latitude': 27.9658533, 'longitude': -82.8001026, 'fipsCode': '12103'}"
116887,4898827,HighSchool,2021,1183.0,Corey Cuascut-Palmer,Camden,Temple,WR,73.0,180.0,3.0,0.8507,Camden,NJ,USA,"{'latitude': 39.9448402, 'longitude': -75.1198911, 'fipsCode': '34007'}"
116909,4683460,HighSchool,2021,1188.0,Benjamin Roy,Liberty,UCLA,OC,75.0,275.0,3.0,0.85,Henderson,NV,USA,"{'latitude': 36.0301134, 'longitude': -114.9826194, 'fipsCode': '32003'}"
232231,4602981,HighSchool,2021,1188.0,Jakolbe Baldwin,Richmond,NC State,WR,73.0,205.0,3.0,0.85,Rockingham,NC,USA,"{'latitude': 34.9393201, 'longitude': -79.7739457, 'fipsCode': '37153'}"
116902,4684536,HighSchool,2021,1188.0,Da'Shawn Brown,York Comprehensive,App State,WR,73.0,170.0,3.0,0.85,York,SC,USA,"{'latitude': 34.9940463, 'longitude': -81.2424638, 'fipsCode': '45091'}"
232233,4683459,HighSchool,2021,1188.0,Sedarius McConnell,Westlake,Illinois,DL,75.0,260.0,3.0,0.85,Atlanta,GA,USA,"{'latitude': 33.7490987, 'longitude': -84.3901849, 'fipsCode': '13121'}"
116896,4602966,HighSchool,2021,1188.0,Jacob Gill,Cardinal Gibbons,Northwestern,WR,72.0,170.0,3.0,0.85,Raleigh,NC,USA,"{'latitude': 35.7803977, 'longitude': -78.6390989, 'fipsCode': '37183'}"
232234,4686063,HighSchool,2021,1188.0,Lyndon Cooper,Carrollton,NC State,IOL,75.0,315.0,3.0,0.85,Carrollton,GA,USA,"{'latitude': 33.5801103, 'longitude': -85.0766113, 'fipsCode': '13045'}"
232227,4595349,HighSchool,2021,1188.0,Carson Walker,Midlothian Heritage,Houston,IOL,76.0,285.0,3.0,0.85,Midlothian,TX,USA,"{'latitude': 32.482361, 'longitude': -96.9944489, 'fipsCode': '48139'}"
116908,,HighSchool,2021,1188.0,Amariyon Howard,Starkville,,RB,72.0,200.0,3.0,0.85,Starkville,MS,USA,"{'latitude': 33.4503998, 'longitude': -88.8183872, 'fipsCode': '28105'}"
116904,,HighSchool,2021,1188.0,Leander Wiegand,Germany,UCF,OT,77.0,270.0,3.0,0.85,Germany,,DEU,"{'latitude': None, 'longitude': None, 'fipsCode': None}"
232230,,HighSchool,2021,1188.0,Ieremia Moore,St. John Bosco,California,DL,75.0,265.0,3.0,0.85,Bellflower,CA,USA,"{'latitude': 33.8825705, 'longitude': -118.1167679, 'fipsCode': '06037'}"
116907,,HighSchool,2021,1188.0,Eric Randall,Baker,Memphis,S,72.0,181.0,3.0,0.85,Baker,LA,USA,"{'latitude': 30.5882429, 'longitude': -91.168163, 'fipsCode': '06071'}"
116899,4710274,HighSchool,2021,1188.0,Michael Mokofisi,Woods Cross,Utah,DL,75.0,300.0,3.0,0.85,Woods Cross,UT,USA,"{'latitude': 40.8716964, 'longitude': -111.8925775, 'fipsCode': '49011'}"
116892,4687188,HighSchool,2021,1188.0,KC Ossai,Conroe Oak Ridge,Louisiana,LB,73.0,222.0,3.0,0.85,Conroe,TX,USA,"{'latitude': 30.3118769, 'longitude': -95.4560512, 'fipsCode': '48339'}"
116900,4684961,HighSchool,2021,1188.0,Jayhvion Gipson,Langham Creek,TCU,LB,73.0,205.0,3.0,0.85,Houston,TX,USA,"{'latitude': 29.7589382, 'longitude': -95.3676974, 'fipsCode': '48201'}"
116911,4689618,HighSchool,2021,1188.0,Ozzie Hoffler,Woodward Academy,Kansas State,EDGE,75.0,220.0,3.0,0.85,Atlanta,GA,USA,"{'latitude': 33.7490987, 'longitude': -84.3901849, 'fipsCode': '13121'}"
116898,4689266,HighSchool,2021,1188.0,Drew Donley,Frisco Lebanon Trail,Cincinnati,WR,74.0,170.0,3.0,0.85,Frisco,TX,USA,"{'latitude': 33.1506744, 'longitude': -96.8236116, 'fipsCode': '48085'}"
116897,4612606,HighSchool,2021,1188.0,Kevon Ivy,Duncanville,UNLV,DL,76.0,250.0,3.0,0.85,Duncanville,TX,USA,"{'latitude': 32.6518004, 'longitude': -96.9083366, 'fipsCode': '48113'}"
116910,4606194,HighSchool,2021,1188.0,Seth Henigan,Denton Ryan,Memphis,QB,74.0,195.0,3.0,0.85,Denton,TX,USA,"{'latitude': 33.2150386, 'longitude': -97.1330516, 'fipsCode': '48121'}"
232229,4686656,HighSchool,2021,1188.0,Ja'Marian Peterson,De La Salle,Louisiana,DL,75.0,238.0,3.0,0.85,New Orleans,LA,USA,"{'latitude': 29.9499323, 'longitude': -90.0701156, 'fipsCode': '22071'}"
116894,4588200,HighSchool,2021,1188.0,Colby McDonald,St. John's College,Maryland,RB,70.5,200.0,3.0,0.85,Washington,DC,USA,"{'latitude': 38.8949855, 'longitude': -77.0365708, 'fipsCode': '11001'}"
254941,4691881,HighSchool,2021,1188.0,Darrien Stewart,Desert Pines,Utah,S,74.0,190.0,3.0,0.85,Las Vegas,NV,USA,"{'latitude': 36.1672559, 'longitude': -115.1485163, 'fipsCode': '32003'}"
232232,4600739,HighSchool,2021,1188.0,Izaiah Kelley,Lubbock Coronado,SMU,LB,74.0,175.0,3.0,0.85,Lubbock,TX,USA,"{'latitude': 33.5635206, 'longitude': -101.879336, 'fipsCode': '48303'}"
116906,4683914,HighSchool,2021,1188.0,Cole Batson,San Clemente,Boston College,ATH,76.0,190.0,3.0,0.85,San Clemente,CA,USA,"{'latitude': 33.4270275, 'longitude': -117.6124179, 'fipsCode': '06059'}"
116905,4602659,HighSchool,2021,1188.0,Zephaniah Maea,Liberty,Colorado,LB,73.0,230.0,3.0,0.85,Henderson,NV,USA,"{'latitude': 36.0301134, 'longitude': -114.9826194, 'fipsCode': '32003'}"
116912,4686360,HighSchool,2021,1188.0,Jordan Grier,Cedar Grove,Indiana,ATH,72.0,185.0,3.0,0.85,Ellenwood,GA,USA,"{'latitude': 33.6101096, 'longitude': -84.287978, 'fipsCode': '13063'}"
116901,4683105,HighSchool,2021,1188.0,De'Kedrick Sterns,Del Valle,Kansas,OT,76.0,272.0,3.0,0.85,Del Valle,TX,USA,"{'latitude': 30.2091, 'longitude': -97.647, 'fipsCode': '06037'}"
116893,4680603,HighSchool,2021,1188.0,Ben Postma,Cy Ranch,Georgia Tech,TE,76.0,225.0,3.0,0.85,Cypress,TX,USA,"{'latitude': 29.9691116, 'longitude': -95.6971686, 'fipsCode': '48201'}"
116903,4875091,HighSchool,2021,1188.0,CJ Taylor,Warren County,Vanderbilt,S,72.0,195.0,3.0,0.85,Mcminnville,TN,USA,"{'latitude': 35.683404, 'longitude': -85.7699816, 'fipsCode': '47177'}"
232226,4649323,HighSchool,2021,1188.0,LeRon Husbands,C.H. Flowers,Maryland,TE,75.0,207.0,3.0,0.85,Washington,DC,USA,"{'latitude': 38.8949855, 'longitude': -77.0365708, 'fipsCode': '11001'}"
232228,4680600,HighSchool,2021,1188.0,Charles Esters,Cedar Hill,Texas Tech,DL,75.0,230.0,3.0,0.85,Cedar Hill,TX,USA,"{'latitude': 32.5888072, 'longitude': -96.9553675, 'fipsCode': '48113'}"
116895,4643649,HighSchool,2021,1188.0,Kaden Dudley,Palmer Ridge,Boise State,ATH,71.25,190.0,3.0,0.85,Monument,CO,USA,"{'latitude': 39.06775465, 'longitude': -104.86175880732664, 'fipsCode': '08041'}"
116917,4684031,HighSchool,2021,1219.0,Devrin Weathers,Webb City,Kansas State,ATH,73.0,195.0,3.0,0.8496,Webb City,MO,USA,"{'latitude': 37.1435741, 'longitude': -94.4634702, 'fipsCode': '29097'}"
116915,,HighSchool,2021,1219.0,Jared Behrens,IMG Academy,Navy,LB,75.0,220.0,3.0,0.8496,Bradenton,FL,USA,"{'latitude': 27.4989278, 'longitude': -82.5748194, 'fipsCode': '12081'}"
116913,4683724,HighSchool,2021,1219.0,Zyrus Fiaseu,Liberty,San Diego State,LB,73.0,200.0,3.0,0.8496,Henderson,NV,USA,"{'latitude': 36.0301134, 'longitude': -114.9826194, 'fipsCode': '32003'}"
116916,,HighSchool,2021,1219.0,Kenard Snyder,Rockledge,UL Monroe,LB,73.0,220.0,3.0,0.8496,Rockledge,FL,USA,"{'latitude': 28.313751500000002, 'longitude': -80.72421890178558, 'fipsCode': '12009'}"
116914,4872458,HighSchool,2021,1219.0,Malik Williams,Buford,Nebraska,CB,72.0,187.0,3.0,0.8496,Buford,GA,USA,"{'latitude': 34.1206564, 'longitude': -84.0043513, 'fipsCode': '13135'}"
116920,4682858,HighSchool,2021,1224.0,Jaelen Stokes,Auburndale,South Florida,CB,73.0,175.0,3.0,0.8493,Auburndale,FL,USA,"{'latitude': 28.10708845, 'longitude': -81.80358011667643, 'fipsCode': '12105'}"
116919,4602644,HighSchool,2021,1224.0,Brendon Barrow,Clearwater Academy International,Stanford,RB,68.0,175.0,3.0,0.8493,Clearwater,FL,USA,"{'latitude': 27.9658533, 'longitude': -82.8001026, 'fipsCode': '12103'}"
116918,4431325,HighSchool,2021,1224.0,Taylen Green,Lewisville,Boise State,QB,77.0,215.0,3.0,0.8493,Lewisville,TX,USA,"{'latitude': 33.046233, 'longitude': -96.994174, 'fipsCode': '48121'}"
116933,,HighSchool,2021,1227.0,JonDarius Morgan,Huffman,South Carolina,OT,75.0,326.0,3.0,0.8489,Birmingham,AL,USA,"{'latitude': 33.5206824, 'longitude': -86.8024326, 'fipsCode': '01073'}"
116925,4689721,HighSchool,2021,1227.0,Ty Robinson,Eaglecrest,Colorado,ATH,76.0,190.0,3.0,0.8489,Aurora,CO,USA,"{'latitude': 39.729432, 'longitude': -104.8319196, 'fipsCode': '08005'}"
116926,,HighSchool,2021,1227.0,Kaden Meredith,Longview,Air Force,RB,69.5,179.0,3.0,0.8489,Longview,TX,USA,"{'latitude': 32.5007031, 'longitude': -94.74049, 'fipsCode': '48183'}"
116924,4875608,HighSchool,2021,1227.0,Kamron Beachem,Oceanside,Fresno State,ATH,77.0,200.0,3.0,0.8489,Oceanside,CA,USA,"{'latitude': 33.1958696, 'longitude': -117.3794834, 'fipsCode': '06073'}"
116927,4875095,HighSchool,2021,1227.0,James Ziglor III,Harrison,Vanderbilt,WR,71.0,185.0,3.0,0.8489,Kennesaw,GA,USA,"{'latitude': 34.0234337, 'longitude': -84.6154897, 'fipsCode': '13067'}"
116922,4590294,HighSchool,2021,1227.0,Brady Lichtenberg,St. John's Jesuit,Cincinnati,QB,74.0,190.0,3.0,0.8489,Toledo,OH,USA,"{'latitude': 41.6786754, 'longitude': -83.5127283, 'fipsCode': '39095'}"
116921,4683386,HighSchool,2021,1227.0,William Haskell,Ironwood,San Diego State,QB,76.0,200.0,3.0,0.8489,Glendale,AZ,USA,"{'latitude': 33.5386858, 'longitude': -112.1859941, 'fipsCode': '04013'}"
116931,4594445,HighSchool,2021,1227.0,Leroy Bowers,Princeton,Cincinnati,S,74.0,200.0,3.0,0.8489,Cincinnati,OH,USA,"{'latitude': 39.1014537, 'longitude': -84.5124602, 'fipsCode': '39061'}"
116930,4602934,HighSchool,2021,1227.0,David Gusta,Cajon,Washington State,DL,76.0,260.0,3.0,0.8489,San Bernardino,CA,USA,"{'latitude': 34.1083449, 'longitude': -117.2897652, 'fipsCode': '06071'}"
116928,4682484,HighSchool,2021,1227.0,Stone Eby,Flower Mound,SMU,DL,76.0,240.0,3.0,0.8489,Flower Mound,TX,USA,"{'latitude': 33.0283854, 'longitude': -97.0867203, 'fipsCode': '48121'}"
116923,4602672,HighSchool,2021,1227.0,Saint McLeod,Imhotep Institute,West Virginia,S,71.0,197.0,3.0,0.8489,Philadelphia,PA,USA,"{'latitude': 39.9527237, 'longitude': -75.1635262, 'fipsCode': '42101'}"
116932,4612212,HighSchool,2021,1227.0,Joriell Washington,Fort Myers,Illinois,S,74.0,178.0,3.0,0.8489,Fort Myers,FL,USA,"{'latitude': 26.640628, 'longitude': -81.8723084, 'fipsCode': '12071'}"
116929,4696315,HighSchool,2021,1227.0,Will Taylor,Dutch Fork,Clemson,ATH,70.0,175.0,3.0,0.8489,Columbia,SC,USA,"{'latitude': 34.0007493, 'longitude': -81.0343313, 'fipsCode': '45079'}"
116934,4602650,HighSchool,2021,1240.0,Gaethan Bernadel,Hallandale,Florida International,LB,73.0,210.0,3.0,0.8485,Hallandale,FL,USA,"{'latitude': 25.985600599999998, 'longitude': -80.13999671464335, 'fipsCode': '12011'}"
116941,4683848,HighSchool,2021,1240.0,Donovan Ezeiruaku,Williamstown,Boston College,LB,74.0,210.0,3.0,0.8485,Williamstown,NJ,USA,"{'latitude': 39.6862263, 'longitude': -74.995168, 'fipsCode': '34015'}"
116939,4683111,HighSchool,2021,1240.0,Jaden Bradley,DeMatha Catholic,Pittsburgh,WR,76.0,190.0,3.0,0.8485,Hyattsville,MD,USA,"{'latitude': 38.9529442, 'longitude': -76.9408647, 'fipsCode': '24033'}"
116938,4683285,HighSchool,2021,1240.0,Erik Russell,Boston College High,Wake Forest,OT,79.0,255.0,3.0,0.8485,Scituate,MA,USA,"{'latitude': 42.1939754, 'longitude': -70.7697128, 'fipsCode': '25023'}"
116935,,HighSchool,2021,1240.0,James Stewart,Brentwood Academy,Memphis,DL,74.0,260.0,3.0,0.8485,Brentwood,TN,USA,"{'latitude': 36.0325687, 'longitude': -86.7825235, 'fipsCode': '47187'}"
116937,4693394,HighSchool,2021,1240.0,Zach Buckey,Garces Memorial,Stanford,EDGE,77.0,250.0,3.0,0.8485,Bakersfield,CA,USA,"{'latitude': 35.3738712, 'longitude': -119.0194639, 'fipsCode': '06029'}"
116940,,HighSchool,2021,1240.0,Mahamane Moussa,Pike,Purdue,OT,77.0,260.0,3.0,0.8485,Indianapolis,IN,USA,"{'latitude': 39.7683331, 'longitude': -86.1583502, 'fipsCode': '18097'}"
116936,4590299,HighSchool,2021,1240.0,Armon Bethea,Erasmus Hall,Arizona State,IOL,77.0,310.0,3.0,0.8485,Brooklyn,NY,USA,"{'latitude': 40.6501038, 'longitude': -73.9495823, 'fipsCode': '36047'}"
116942,4713159,HighSchool,2021,1248.0,Dennard Flowers,Creekside,Arkansas State,EDGE,76.0,210.0,3.0,0.8483,Fairburn,GA,USA,"{'latitude': 33.5670562, 'longitude': -84.5810418, 'fipsCode': '13121'}"
116943,4685795,HighSchool,2021,1249.0,Kendrell Williams,Carencro,Louisiana,RB,71.0,210.0,3.0,0.8481,Lafayette,LA,USA,"{'latitude': 30.2240897, 'longitude': -92.0198427, 'fipsCode': '22055'}"
116970,4683813,HighSchool,2021,1250.0,Jonas Sanker,The Covenant School,Virginia,S,74.0,193.0,3.0,0.8478,Charlottesville,VA,USA,"{'latitude': 38.029306, 'longitude': -78.4766781, 'fipsCode': '51540'}"
116973,4710331,HighSchool,2021,1250.0,Lamondre Brooks,Huffman,South Alabama,DL,74.0,260.0,3.0,0.8478,Birmingham,AL,USA,"{'latitude': 33.5206824, 'longitude': -86.8024326, 'fipsCode': '01073'}"
116948,4875383,HighSchool,2021,1250.0,Dylan McGill,Mesquite,Minnesota,ATH,75.0,210.0,3.0,0.8478,Mesquite,TX,USA,"{'latitude': 32.7666103, 'longitude': -96.599472, 'fipsCode': '48113'}"
116967,4687326,HighSchool,2021,1250.0,Jalen Garner,Norcross,Houston,LB,72.0,200.0,3.0,0.8478,Norcross,GA,USA,"{'latitude': 33.9412127, 'longitude': -84.2135309, 'fipsCode': '13135'}"
116960,4685824,HighSchool,2021,1250.0,Johnathan Arceneaux,Lawndale,Fresno State,RB,72.0,185.0,3.0,0.8478,Whittier,CA,USA,"{'latitude': 33.9708782, 'longitude': -118.0308396, 'fipsCode': '06037'}"
116949,4682772,HighSchool,2021,1250.0,Casey Phinney,Noble And Greenough School,Boston College,LB,73.0,232.0,3.0,0.8478,Marshfield,MA,USA,"{'latitude': 42.091769, 'longitude': -70.7055941, 'fipsCode': '25023'}"
116946,4683206,HighSchool,2021,1250.0,Orion Peters,Inglewood,Washington State,WR,70.0,170.0,3.0,0.8478,Inglewood,CA,USA,"{'latitude': 33.9562003, 'longitude': -118.353132, 'fipsCode': '06037'}"
116945,4612198,HighSchool,2021,1250.0,Kameron Allen,North Forney,Michigan State,TE,77.0,220.0,3.0,0.8478,Forney,TX,USA,"{'latitude': 32.747893, 'longitude': -96.4719289, 'fipsCode': '48257'}"
116947,4431504,HighSchool,2021,1250.0,Jeremiah Bodwin,Dallas Parish Episcopal,Nevada,LB,75.0,190.0,3.0,0.8478,Dallas,TX,USA,"{'latitude': 32.7762719, 'longitude': -96.7968559, 'fipsCode': '48113'}"
116959,4698455,HighSchool,2021,1250.0,Gabe Blair,Denton Guyer,North Texas,IOL,75.0,303.0,3.0,0.8478,Denton,TX,USA,"{'latitude': 33.2150386, 'longitude': -97.1330516, 'fipsCode': '48121'}"
116972,4710422,HighSchool,2021,1250.0,Ahmed Hassanein,Loara,Boise State,DL,75.0,270.0,3.0,0.8478,Anaheim,CA,USA,"{'latitude': 33.8347516, 'longitude': -117.911732, 'fipsCode': '06059'}"
116956,4592835,HighSchool,2021,1250.0,Dalton Stroman,Richmond,App State,WR,75.0,179.0,3.0,0.8478,Rockingham,NC,USA,"{'latitude': 34.9393201, 'longitude': -79.7739457, 'fipsCode': '37153'}"
116954,4602791,HighSchool,2021,1250.0,Micah Pettus,James Clemens,Ole Miss,OT,80.0,318.0,3.0,0.8478,Harvest,AL,USA,"{'latitude': 34.857193249999995, 'longitude': -86.74907012252524, 'fipsCode': '01089'}"
116971,,HighSchool,2021,1250.0,Gabe Cavazos,Lake Cormorant,Mississippi State,OT,77.0,292.0,3.0,0.8478,Lake Cormorant,MS,USA,"{'latitude': 34.9042635, 'longitude': -90.2145395, 'fipsCode': '28033'}"
116963,4684702,HighSchool,2021,1250.0,Kolby Phillips,Hillsboro,Tulane,CB,72.0,175.0,3.0,0.8478,Nashville,TN,USA,"{'latitude': 36.1622296, 'longitude': -86.7743531, 'fipsCode': '47037'}"
116962,,HighSchool,2021,1250.0,Damon Owens,Ravenwood,UL Monroe,LB,73.0,203.0,3.0,0.8478,Brentwood,TN,USA,"{'latitude': 36.0325687, 'longitude': -86.7825235, 'fipsCode': '47187'}"
116964,,HighSchool,2021,1250.0,Bruno Zandamela,Clearwater Academy International,Jackson State,OT,80.0,310.0,3.0,0.8478,Clearwater,FL,USA,"{'latitude': 27.9658533, 'longitude': -82.8001026, 'fipsCode': '12103'}"
116966,,HighSchool,2021,1250.0,Derrveron Maxwell-Black,Lakewood,,LB,72.0,201.0,3.0,0.8478,St. Petersburg,FL,USA,"{'latitude': 27.7703796, 'longitude': -82.6695085, 'fipsCode': '12103'}"
116944,4683214,HighSchool,2021,1250.0,Hayden Nelson,Brookfield Central,UCLA,EDGE,76.0,248.0,3.0,0.8478,Brookfield,WI,USA,"{'latitude': 43.0605671, 'longitude': -88.1064787, 'fipsCode': '55133'}"
116953,4596709,HighSchool,2021,1250.0,Aalah Brown,Valdosta,Jackson State,WR,70.0,185.0,3.0,0.8478,Valdosta,GA,USA,"{'latitude': 30.8327022, 'longitude': -83.2784851, 'fipsCode': '13185'}"
116969,,HighSchool,2021,1250.0,Bentley Redden,San Clemente,BYU,ATH,77.0,220.0,3.0,0.8478,San Clemente,CA,USA,"{'latitude': 33.4270275, 'longitude': -117.6124179, 'fipsCode': '06059'}"
116968,,HighSchool,2021,1250.0,Kolbe Cage,Holy Cross,Arizona,LB,72.0,205.0,3.0,0.8478,New Orleans,LA,USA,"{'latitude': 29.9499323, 'longitude': -90.0701156, 'fipsCode': '22071'}"
116958,4612623,HighSchool,2021,1250.0,Prince Green,Griffin,Illinois,CB,74.0,190.0,3.0,0.8478,Griffin,GA,USA,"{'latitude': 33.2467807, 'longitude': -84.2640904, 'fipsCode': '13255'}"
116965,4688932,HighSchool,2021,1250.0,Ethan Hassler,Collierville,Arkansas State,EDGE,75.0,210.0,3.0,0.8478,Collierville,TN,USA,"{'latitude': 35.042036, 'longitude': -89.6645266, 'fipsCode': '47157'}"
116957,,HighSchool,2021,1250.0,Amari Wansley,Buford,Florida Atlantic,S,72.0,175.0,3.0,0.8478,Buford,GA,USA,"{'latitude': 34.1206564, 'longitude': -84.0043513, 'fipsCode': '13135'}"
116955,,HighSchool,2021,1250.0,Jackson Bailey,Red Oak,Arizona,LB,73.0,220.0,3.0,0.8478,Red Oak,TX,USA,"{'latitude': 32.5117104, 'longitude': -96.80836332870047, 'fipsCode': '48139'}"
116952,,HighSchool,2021,1250.0,Aramoni Rhone,Plant City,Ohio,WR,77.0,190.0,3.0,0.8478,Orlando,FL,USA,"{'latitude': 28.5421109, 'longitude': -81.3790304, 'fipsCode': '12095'}"
116961,,HighSchool,2021,1250.0,Cameron Garnett,Harlem,,ATH,73.0,210.0,3.0,0.8478,Harlem,GA,USA,"{'latitude': 33.4145834, 'longitude': -82.3126237, 'fipsCode': '13073'}"
116951,,HighSchool,2021,1250.0,Jack Witmer,Cy-Fair,Virginia,TE,78.0,225.0,3.0,0.8478,Cypress,TX,USA,"{'latitude': 29.9691116, 'longitude': -95.6971686, 'fipsCode': '48201'}"
116950,,HighSchool,2021,1250.0,Andrew Canelas,Leesville Road,Lehigh,OT,80.0,300.0,3.0,0.8478,Raleigh,NC,USA,"{'latitude': 35.7803977, 'longitude': -78.6390989, 'fipsCode': '37183'}"
116974,4431499,HighSchool,2021,1280.0,Sieh Bangura,DeMatha Catholic,Ohio,RB,72.0,190.0,3.0,0.8474,Hyattsville,MD,USA,"{'latitude': 38.9529442, 'longitude': -76.9408647, 'fipsCode': '24033'}"
116975,4612246,HighSchool,2021,1281.0,Sahmir Hagans,St. Joseph's Prep,Duke,WR,69.0,168.0,3.0,0.847,Philadelphia,PA,USA,"{'latitude': 39.9527237, 'longitude': -75.1635262, 'fipsCode': '42101'}"
116977,4683324,HighSchool,2021,1281.0,Jordan Jones,Smiths Station,Georgia State,LB,73.0,215.0,3.0,0.847,Smiths Station,AL,USA,"{'latitude': 32.5401394, 'longitude': -85.0985474, 'fipsCode': '01081'}"
116976,4684432,HighSchool,2021,1281.0,Ashton Gillotte,Boca Raton,Louisville,EDGE,76.0,220.0,3.0,0.847,Boca Raton,FL,USA,"{'latitude': 26.3586885, 'longitude': -80.0830984, 'fipsCode': '12099'}"
116992,4683507,HighSchool,2021,1284.0,Owen Stoudmire,Norwayne,Boston College,DL,74.0,315.0,3.0,0.8467,Creston,OH,USA,"{'latitude': 40.9869997, 'longitude': -81.8937511, 'fipsCode': '39169'}"
232235,4585727,HighSchool,2021,1284.0,Cale Sanders,New Caney,Fresno State,ATH,70.0,170.0,3.0,0.8467,New Caney,TX,USA,"{'latitude': 30.155216, 'longitude': -95.2113221, 'fipsCode': '48339'}"
232236,4568725,HighSchool,2021,1284.0,Trevion Sneed,Mineola,SMU,LB,72.0,220.0,3.0,0.8467,Mineola,TX,USA,"{'latitude': 32.6633387, 'longitude': -95.4880308, 'fipsCode': '48499'}"
254954,4872830,HighSchool,2021,1284.0,Landon Fickell,Archbishop Moeller,Cincinnati,OG,77.0,275.0,3.0,0.8467,Cincinnati,OH,USA,"{'latitude': 39.1014537, 'longitude': -84.5124602, 'fipsCode': '39061'}"
116984,4682692,HighSchool,2021,1284.0,Josh Thompson,Fenton,Northwestern,IOL,76.0,290.0,3.0,0.8467,Fenton,MI,USA,"{'latitude': 42.7978061, 'longitude': -83.7049498, 'fipsCode': '29189'}"
116983,4589232,HighSchool,2021,1284.0,Jalen McCain,C.H. Flowers,Old Dominion,CB,70.0,178.0,3.0,0.8467,Bowie,MD,USA,"{'latitude': 38.9429659, 'longitude': -76.731234, 'fipsCode': '24033'}"
232237,4708067,HighSchool,2021,1284.0,Kai Horton,Carthage,Tulane,QB,76.0,215.0,3.0,0.8467,Carthage,TX,USA,"{'latitude': 32.1570412, 'longitude': -94.338114, 'fipsCode': '48365'}"
116986,4587721,HighSchool,2021,1284.0,Daniel Greek,Liberty Christian,Mississippi State,QB,76.0,230.0,3.0,0.8467,Argyle,TX,USA,"{'latitude': 33.110156, 'longitude': -97.17940980147037, 'fipsCode': '48121'}"
116979,4566320,HighSchool,2021,1284.0,Majik Rector,Lancaster,Kansas,WR,69.0,152.0,3.0,0.8467,Lancaster,TX,USA,"{'latitude': 32.5920798, 'longitude': -96.7561083, 'fipsCode': '48113'}"
116991,4685113,HighSchool,2021,1284.0,Jaylin Alderman,Valdosta,Louisville,LB,73.0,215.0,3.0,0.8467,Valdosta,GA,USA,"{'latitude': 30.8327022, 'longitude': -83.2784851, 'fipsCode': '13185'}"
116978,4875972,HighSchool,2021,1284.0,Dedrick Smith,Riverside,Memphis,LB,73.0,200.0,3.0,0.8467,Jacksonville,FL,USA,"{'latitude': 30.3321838, 'longitude': -81.655651, 'fipsCode': '12031'}"
116993,4708487,HighSchool,2021,1284.0,Jaquez Moore,Suwannee,Duke,ATH,71.0,185.0,3.0,0.8467,Live Oak,FL,USA,"{'latitude': 30.2949457, 'longitude': -82.98402, 'fipsCode': '12121'}"
116990,,HighSchool,2021,1284.0,Adrein Strickland,Mosley,South Alabama,OT,78.0,330.0,3.0,0.8467,Lynn Haven,FL,USA,"{'latitude': 30.2454776, 'longitude': -85.648261, 'fipsCode': '12005'}"
116989,,HighSchool,2021,1284.0,Garrett Gillette,Mukwonago,,TE,77.0,225.0,3.0,0.8467,Mukwonago,WI,USA,"{'latitude': 42.8666803, 'longitude': -88.3334274, 'fipsCode': '55133'}"
116988,,HighSchool,2021,1284.0,Dalen Stovall,Stow-Munroe Falls,Toledo,WR,75.0,180.0,3.0,0.8467,Stow,OH,USA,"{'latitude': 41.1596261, 'longitude': -81.4406258, 'fipsCode': '39153'}"
116987,,HighSchool,2021,1284.0,Charles Armstrong,Manatee,Jackson State,OT,77.0,270.0,3.0,0.8467,Bradenton,FL,USA,"{'latitude': 27.4989278, 'longitude': -82.5748194, 'fipsCode': '12081'}"
116985,,HighSchool,2021,1284.0,Marco Notarainni,Torrey Pines,Boise State,LB,75.0,195.0,3.0,0.8467,Encinitas,CA,USA,"{'latitude': 33.0369867, 'longitude': -117.2919818, 'fipsCode': '06073'}"
116981,,HighSchool,2021,1284.0,Lathan Adams,DeSoto,Colorado State,CB,70.0,160.0,3.0,0.8467,DeSoto,TX,USA,"{'latitude': 32.6061241, 'longitude': -96.865612653687, 'fipsCode': '48113'}"
116980,,HighSchool,2021,1284.0,Charlie Dixon,Callaway,North Carolina A&T,RB,74.0,225.0,3.0,0.8467,Hogansville,GA,USA,"{'latitude': 33.1731769, 'longitude': -84.914936, 'fipsCode': '13285'}"
116982,4683495,HighSchool,2021,1284.0,Tyler Kiehne,Los Lunas,UCLA,DL,75.0,250.0,3.0,0.8467,Los Lunas,NM,USA,"{'latitude': 34.8142093, 'longitude': -106.7613067, 'fipsCode': '35061'}"
116994,,HighSchool,2021,1284.0,Francisco Mauigoa,Tafuna,Washington State,OLB,75.0,215.0,3.0,0.8467,Pago Pago,AS,USA,"{'latitude': -14.2754786, 'longitude': -170.7048298, 'fipsCode': '60010'}"
116996,,HighSchool,2021,1305.0,Jode McDuffie,St. John Bosco,,WR,70.0,170.0,3.0,0.8467,Bellflower,CA,USA,"{'latitude': 33.8825705, 'longitude': -118.1167679, 'fipsCode': '06037'}"
116995,,HighSchool,2021,1305.0,Jaden Mosley,McGill Toolen,,S,72.0,179.0,3.0,0.8467,Mobile,AL,USA,"{'latitude': 30.6943566, 'longitude': -88.0430541, 'fipsCode': '01097'}"
116998,,HighSchool,2021,1305.0,Micheal Tucker,Valwood School,,CB,73.0,177.0,3.0,0.8467,Valdosta,GA,USA,"{'latitude': 30.8327022, 'longitude': -83.2784851, 'fipsCode': '13185'}"
116997,,HighSchool,2021,1305.0,Patrick Tukes,Telfair County,,DL,75.0,282.0,3.0,0.8467,Mcrae,GA,USA,"{'latitude': 32.064444, 'longitude': -82.898333, 'fipsCode': '05145'}"
116999,4713277,HighSchool,2021,1305.0,Eric Rivers,McCallie School,Memphis,ATH,73.0,165.0,3.0,0.8467,Chattanooga,TN,USA,"{'latitude': 35.0457219, 'longitude': -85.3094883, 'fipsCode': '47065'}"
117004,4683451,HighSchool,2021,1310.0,Cameron Friel,Kailua,UNLV,QB,76.0,210.0,3.0,0.8463,Kaneohe,HI,USA,"{'latitude': 21.4055, 'longitude': -157.7960716072044, 'fipsCode': '15003'}"
117006,,HighSchool,2021,1310.0,Ryan Lengyel,Dallas Jesuit,Baylor,OT,77.0,275.0,3.0,0.8463,Dallas,TX,USA,"{'latitude': 32.7762719, 'longitude': -96.7968559, 'fipsCode': '48113'}"
117005,4683671,HighSchool,2021,1310.0,Eli Richey,Southern Academy,UAB,IOL,77.0,291.0,3.0,0.8463,Greensboro,AL,USA,"{'latitude': 32.7045753, 'longitude': -87.5958396, 'fipsCode': '01065'}"
117002,4683669,HighSchool,2021,1310.0,Jordan Laudato,Henderson,Temple,DL,77.0,240.0,3.0,0.8463,West Chester,PA,USA,"{'latitude': 39.9597213, 'longitude': -75.6059638, 'fipsCode': '42029'}"
117001,4683850,HighSchool,2021,1310.0,Seth Malcom,Fremont-Mills,Nebraska,LB,75.0,195.0,3.0,0.8463,Tabor,IA,USA,"{'latitude': 40.8983329, 'longitude': -95.6713892, 'fipsCode': '19071'}"
117003,4685828,HighSchool,2021,1310.0,Stevie Rocker Jr.,Canyon Del Oro,Arizona,RB,72.0,185.0,3.0,0.8463,Tucson,AZ,USA,"{'latitude': 32.2228765, 'longitude': -110.9748477, 'fipsCode': '04019'}"
117000,4433969,HighSchool,2021,1310.0,Timmy McClain,Seminole,South Florida,QB,73.0,190.0,3.0,0.8463,Sanford,FL,USA,"{'latitude': 28.8117297, 'longitude': -81.2680345, 'fipsCode': '12117'}"
117011,4701592,HighSchool,2021,1317.0,Jordon Vaughn,Manvel,Wyoming,ATH,73.0,210.0,3.0,0.8459,Manvel,TX,USA,"{'latitude': 29.4664706, 'longitude': -95.355714, 'fipsCode': '48039'}"
117008,4683160,HighSchool,2021,1317.0,Brad Kemayou,Clarkson Football North,Kent State,CB,71.0,174.0,3.0,0.8459,Mississauga,ON,CAN,"{'latitude': None, 'longitude': None, 'fipsCode': None}"
117013,4684281,HighSchool,2021,1317.0,Jairus Mack,Clarke Central,Charlotte,WR,70.0,170.0,3.0,0.8459,Athens,GA,USA,"{'latitude': 33.9597677, 'longitude': -83.376398, 'fipsCode': '13059'}"
117007,4590302,HighSchool,2021,1317.0,Deon Silas,Steinbrenner,Iowa State,RB,66.0,170.0,3.0,0.8459,Lutz,FL,USA,"{'latitude': 28.1511243, 'longitude': -82.4614831, 'fipsCode': '12057'}"
117012,,HighSchool,2021,1317.0,J.T. Byrne,Carmel,Oregon State,TE,78.0,238.0,3.0,0.8459,Carmel,CA,USA,"{'latitude': 38.75511285, 'longitude': -121.35330894827251, 'fipsCode': '06061'}"
117009,4684830,HighSchool,2021,1317.0,Cejae Ceasar,Iowa,Louisiana,S,74.0,200.0,3.0,0.8459,Iowa,LA,USA,"{'latitude': 30.2368772, 'longitude': -93.0137569, 'fipsCode': '22019'}"
117014,,HighSchool,2021,1317.0,Phillippe Wesley,St. Bernard,San Diego State,WR,71.0,184.0,3.0,0.8459,Playa Del Rey,CA,USA,"{'latitude': 33.9550828, 'longitude': -118.4367496, 'fipsCode': '06037'}"
117010,,HighSchool,2021,1317.0,Cooper Lanz,Denton Guyer,Baylor,DL,76.0,240.0,3.0,0.8459,Denton,TX,USA,"{'latitude': 33.2150386, 'longitude': -97.1330516, 'fipsCode': '48121'}"
117021,4683296,HighSchool,2021,1325.0,Tay Lanier,Long Beach Poly,New Mexico,ATH,72.0,160.0,3.0,0.8456,Long Beach,CA,USA,"{'latitude': 33.7690164, 'longitude': -118.1916048, 'fipsCode': '06037'}"
117015,,HighSchool,2021,1325.0,Luis Chavarria,Episcopal,Prairie View A&M,IOL,76.0,310.0,3.0,0.8456,Bellaire,TX,USA,"{'latitude': 29.7057858, 'longitude': -95.4588299, 'fipsCode': '48201'}"
117020,4684639,HighSchool,2021,1325.0,DD Snyder,Tampa Catholic,Illinois,S,72.0,175.0,3.0,0.8456,Tampa,FL,USA,"{'latitude': 27.9477595, 'longitude': -82.458444, 'fipsCode': '12057'}"
117016,4596336,HighSchool,2021,1325.0,Chandler Pittman,Magee,Southern Miss,ATH,71.0,165.0,3.0,0.8456,Magee,MS,USA,"{'latitude': 31.8737712, 'longitude': -89.7336852, 'fipsCode': '28127'}"
117024,4710706,HighSchool,2021,1325.0,Jadon Canady,Sandalwood,Tulane,CB,72.0,170.0,3.0,0.8456,Jacksonville,FL,USA,"{'latitude': 30.3321838, 'longitude': -81.655651, 'fipsCode': '12031'}"
117017,4683218,HighSchool,2021,1325.0,Zy McDonald,Ridgeland,Louisiana,QB,70.0,185.0,3.0,0.8456,Ridgeland,MS,USA,"{'latitude': 32.4284761, 'longitude': -90.1323087, 'fipsCode': '28089'}"
117023,,HighSchool,2021,1325.0,Troy Everett,Lord Botetourt,App State,IOL,75.0,280.0,3.0,0.8456,Daleville,VA,USA,"{'latitude': 37.4200715, 'longitude': -79.92234624394857, 'fipsCode': '51023'}"
117019,,HighSchool,2021,1325.0,Dylan Rollins,Sentinel,BYU,OT,77.5,284.0,3.0,0.8456,Missoula,MT,USA,"{'latitude': 46.8701049, 'longitude': -113.9952672, 'fipsCode': '30063'}"
117025,4708049,HighSchool,2021,1325.0,Gavin Bartholomew,Blue Mountain,Pittsburgh,TE,77.0,248.0,3.0,0.8456,Schuylkill Haven,PA,USA,"{'latitude': 40.6306464, 'longitude': -76.171054, 'fipsCode': '42107'}"
117018,4875092,HighSchool,2021,1325.0,Errington Truesdell,Woodward Academy,Vanderbilt,LB,72.0,215.0,3.0,0.8456,Atlanta,GA,USA,"{'latitude': 33.7490987, 'longitude': -84.3901849, 'fipsCode': '13121'}"
117022,4709649,HighSchool,2021,1325.0,Scottie Alexander,Collierville,Tulsa,WR,73.0,183.0,3.0,0.8456,Collierville,TN,USA,"{'latitude': 35.042036, 'longitude': -89.6645266, 'fipsCode': '47157'}"
117026,,HighSchool,2021,1336.0,Colby Powers,Klein Collins,Arizona,TE,76.0,235.0,3.0,0.8452,Spring,TX,USA,"{'latitude': 30.0798826, 'longitude': -95.4172549, 'fipsCode': '48201'}"
117027,,HighSchool,2021,1336.0,James Smith,Princess Anne,UL Monroe,EDGE,75.0,230.0,3.0,0.8452,Virginia Beach,VA,USA,"{'latitude': 36.8529841, 'longitude': -75.9774183, 'fipsCode': '51810'}"
117028,,HighSchool,2021,1338.0,Tonga Lolohea,Trinity,Lamar,DL,76.0,245.0,3.0,0.845,Euless,TX,USA,"{'latitude': 32.8457865, 'longitude': -97.0667142473263, 'fipsCode': '48439'}"
117029,4683248,HighSchool,2021,1338.0,Deshawn McKnight,Sumter,App State,LB,74.0,215.0,3.0,0.845,Sumter,SC,USA,"{'latitude': 33.9204354, 'longitude': -80.3414693, 'fipsCode': '45085'}"
117031,,HighSchool,2021,1340.0,Austin Roon,Byron Center,Syracuse,LB,76.0,220.0,3.0,0.8448,Byron Center,MI,USA,"{'latitude': 42.81928795, 'longitude': -85.72791602258194, 'fipsCode': '26081'}"
117033,,HighSchool,2021,1340.0,Karson Sharar,Iowa Falls-Alden,Iowa,ATH,75.0,205.0,3.0,0.8448,Iowa Falls,IA,USA,"{'latitude': 42.5210019, 'longitude': -93.2636705, 'fipsCode': '19083'}"
117030,4594323,HighSchool,2021,1340.0,Jalen Monrrow,Jefferson,Cincinnati,DL,76.0,258.0,3.0,0.8448,Lafayette,IN,USA,"{'latitude': 40.4167022, 'longitude': -86.8752869, 'fipsCode': '18157'}"
117032,4682996,HighSchool,2021,1340.0,Sam Carrell,Sandia,Washington State,DL,76.0,254.0,3.0,0.8448,Albuquerque,NM,USA,"{'latitude': 35.0841034, 'longitude': -106.6509851, 'fipsCode': '35001'}"
117044,4612835,HighSchool,2021,1344.0,Tyler Bence,Huntsville,Vanderbilt,DL,75.0,273.0,3.0,0.8444,Huntsville,AL,USA,"{'latitude': 34.729847, 'longitude': -86.5859011, 'fipsCode': '01089'}"
117049,4571879,HighSchool,2021,1344.0,Tyrone Brown,West Orange-Stark,Baylor,LB,70.5,200.0,3.0,0.8444,Orange,TX,USA,"{'latitude': 30.0929879, 'longitude': -93.7365549, 'fipsCode': '48361'}"
117039,4875342,HighSchool,2021,1344.0,Vincent Nunley,Freedom,Washington,S,73.0,180.0,3.0,0.8444,Oakley,CA,USA,"{'latitude': 37.9974219, 'longitude': -121.7124536, 'fipsCode': '06013'}"
117038,4683046,HighSchool,2021,1344.0,Marlon Dawson,Oak Park,Miami (OH),LB,76.0,227.0,3.0,0.8444,Oak Park,MI,USA,"{'latitude': 42.4595317, 'longitude': -83.1821445, 'fipsCode': '17031'}"
117045,4592886,HighSchool,2021,1344.0,Brandon Williams,Strom Thurmond,Wake Forest,TE,76.0,225.0,3.0,0.8444,Johnston,SC,USA,"{'latitude': 33.83208, 'longitude': -81.8009424, 'fipsCode': '45037'}"
117054,4686366,HighSchool,2021,1344.0,Kalan Ellis,St. Louis School,Syracuse,IOL,77.0,350.0,3.0,0.8444,Honolulu,HI,USA,"{'latitude': 21.304547, 'longitude': -157.8556764, 'fipsCode': '15003'}"
117058,4683195,HighSchool,2021,1344.0,Edgar Amaya,Russellville,Colorado,IOL,76.0,315.0,3.0,0.8444,Russellville,AL,USA,"{'latitude': 34.5067141, 'longitude': -87.7294591, 'fipsCode': '01059'}"
117062,4683723,HighSchool,2021,1344.0,Kale Smith,Midwest City,Oklahoma State,ATH,72.0,165.0,3.0,0.8444,Oklahoma City,OK,USA,"{'latitude': 35.4729886, 'longitude': -97.5170536, 'fipsCode': '40109'}"
117046,4602784,HighSchool,2021,1344.0,Armani Diamond,Blount,Auburn,CB,71.0,171.0,3.0,0.8444,Eight Mile,AL,USA,"{'latitude': 30.7635213, 'longitude': -88.126946, 'fipsCode': '01097'}"
117053,4683670,HighSchool,2021,1344.0,Zxaequan Reeves,Cocoa,Missouri,CB,74.0,180.0,3.0,0.8444,Cocoa,FL,USA,"{'latitude': 28.3553873, 'longitude': -80.7318827, 'fipsCode': '12009'}"
117060,4684141,HighSchool,2021,1344.0,Shawn Asbury II,North Stafford,Boston College,CB,70.0,170.0,3.0,0.8444,Stafford,VA,USA,"{'latitude': 38.4222681, 'longitude': -77.4084067, 'fipsCode': '51179'}"
117034,4875087,HighSchool,2021,1344.0,Jake Ketschek,St. Augustine Prep,Vanderbilt,OT,76.0,318.0,3.0,0.8444,Richland,NJ,USA,"{'latitude': 39.4917828, 'longitude': -74.8707243, 'fipsCode': '34001'}"
117041,4602929,HighSchool,2021,1344.0,Vance Jefferson,Poway,San Diego,WR,72.0,185.0,3.0,0.8444,Poway,CA,USA,"{'latitude': 32.9628234, 'longitude': -117.0358646, 'fipsCode': '06073'}"
117063,4585726,HighSchool,2021,1344.0,Cam Smith,Euclid,Eastern Michigan,S,74.0,180.0,3.0,0.8444,Euclid,OH,USA,"{'latitude': 41.5931049, 'longitude': -81.5267873, 'fipsCode': '39035'}"
117052,4709393,HighSchool,2021,1344.0,Edward Vesterinen,Helsinki Roosters,West Virginia,DL,76.0,240.0,3.0,0.8444,Finland,,FIN,"{'latitude': None, 'longitude': None, 'fipsCode': None}"
117051,4684009,HighSchool,2021,1344.0,Ty Marsh,Denton Ryan,Hawai'i,S,70.0,170.0,3.0,0.8444,Denton,TX,USA,"{'latitude': 33.2150386, 'longitude': -97.1330516, 'fipsCode': '48121'}"
117055,4682483,HighSchool,2021,1344.0,Joseph Amos,Lancaster,Boise State,OT,77.0,325.0,3.0,0.8444,Lancaster,TX,USA,"{'latitude': 32.5920798, 'longitude': -96.7561083, 'fipsCode': '48113'}"
117042,4691042,HighSchool,2021,1344.0,Jayson Raines,West Orange,Stanford,WR,75.0,197.0,3.0,0.8444,West Orange,NJ,USA,"{'latitude': 40.7987113, 'longitude': -74.2390353, 'fipsCode': '34013'}"
117036,,HighSchool,2021,1344.0,Nathan Boerboom,Great Bridge,UCF,TE,76.0,210.0,3.0,0.8444,Chesapeake,VA,USA,"{'latitude': 36.7183708, 'longitude': -76.2466798, 'fipsCode': '51550'}"
117061,4686028,HighSchool,2021,1344.0,James Jackson,North Cross,Virginia,ATH,75.0,200.0,3.0,0.8444,Roanoke,VA,USA,"{'latitude': 37.270973, 'longitude': -79.9414313, 'fipsCode': '51770'}"
117059,4687586,HighSchool,2021,1344.0,New Zealand Williams,St. Bernard,San Diego State,S,74.0,175.0,3.0,0.8444,Playa Del Rey,CA,USA,"{'latitude': 33.9550828, 'longitude': -118.4367496, 'fipsCode': '06037'}"
117037,,HighSchool,2021,1344.0,Zaire Angoy,Irvington,Rutgers,DL,76.0,310.0,3.0,0.8444,Irvington,NJ,USA,"{'latitude': 40.7323235, 'longitude': -74.2348684, 'fipsCode': '34013'}"
117043,,HighSchool,2021,1344.0,Viliami Po'uha,Bingham,BYU,EDGE,74.0,260.0,3.0,0.8444,South Jordan,UT,USA,"{'latitude': 40.5621704, 'longitude': -111.929658, 'fipsCode': '49035'}"
254959,4572341,HighSchool,2021,1344.0,Tyson Russell,St. Thomas Aquinas,Vanderbilt,CB,70.0,160.0,3.0,0.8444,Fort Lauderdale,FL,USA,"{'latitude': 26.1223084, 'longitude': -80.1433786, 'fipsCode': '12011'}"
254960,4432663,HighSchool,2021,1344.0,Dylan Betts-Pauley,Hoover,Vanderbilt,RB,72.0,215.0,3.0,0.8444,Hoover,AL,USA,"{'latitude': 33.3848933, 'longitude': -86.8070484, 'fipsCode': '01073'}"
117035,4682488,HighSchool,2021,1344.0,Dalton Johnson,Katy,Arizona,S,70.0,180.0,3.0,0.8444,Katy,TX,USA,"{'latitude': 29.7857853, 'longitude': -95.8243956, 'fipsCode': '48157'}"
117057,383510,HighSchool,2021,1344.0,Jah-Mal Williams,Cardinal Gibbons,Cincinnati,DL,76.0,225.0,3.0,0.8444,Fort Lauderdale,FL,USA,"{'latitude': 26.1223084, 'longitude': -80.1433786, 'fipsCode': '12011'}"
117064,,HighSchool,2021,1344.0,Lardarius Webb Jr.,Jackson Academy,,CB,70.0,170.0,3.0,0.8444,Jackson,MS,USA,"{'latitude': 32.2990384, 'longitude': -90.1847691, 'fipsCode': '28049'}"
117040,,HighSchool,2021,1344.0,Scott Giuliano,Corona Del Mar,Harvard,TE,77.0,232.0,3.0,0.8444,Newport Beach,CA,USA,"{'latitude': 33.6170092, 'longitude': -117.9294401, 'fipsCode': '06059'}"
117050,,HighSchool,2021,1344.0,Kaylin Moore,Oaks Christian,Colorado,ATH,72.0,180.0,3.0,0.8444,Westlake Village,CA,USA,"{'latitude': 34.1460234, 'longitude': -118.8061794, 'fipsCode': '06037'}"
117048,,HighSchool,2021,1344.0,Dodge Sauser,Grinnell,Iowa State,OT,76.5,270.0,3.0,0.8444,Grinnell,IA,USA,"{'latitude': 41.7430554, 'longitude': -92.7224206, 'fipsCode': '19157'}"
117047,4604008,HighSchool,2021,1344.0,Kelan Robinson,South Grand Prairie,Kansas,WR,74.0,183.0,3.0,0.8444,Grand Prairie,TX,USA,"{'latitude': 32.657368000000005, 'longitude': -97.02846624175038, 'fipsCode': '48113'}"
117056,,HighSchool,2021,1344.0,Jaylen Martin,Chamberlain,,CB,73.0,163.0,3.0,0.8444,Tampa,FL,USA,"{'latitude': 27.9477595, 'longitude': -82.458444, 'fipsCode': '12057'}"
254974,4612242,HighSchool,2021,1344.0,Davon Hicks,Vero Beach,South Florida,OLB,72.0,200.0,3.0,0.8444,Vero Beach,FL,USA,"{'latitude': 27.6387163, 'longitude': -80.3975399, 'fipsCode': '12061'}"
117065,4683181,HighSchool,2021,1378.0,Robert Wyrsch,Soquel,Washington,OT,79.0,270.0,3.0,0.8441,Soquel,CA,USA,"{'latitude': 36.9886992, 'longitude': -121.9550714, 'fipsCode': '06087'}"
117068,4687533,HighSchool,2021,1379.0,Jaylen Lane,Shadow Creek,UNLV,S,72.0,180.0,3.0,0.8437,Pearland,TX,USA,"{'latitude': 29.5639758, 'longitude': -95.2864299, 'fipsCode': '48039'}"
117066,4683630,HighSchool,2021,1379.0,Corey Platt Jr.,Little Rock Christian Academy,Tulane,ATH,73.0,195.0,3.0,0.8437,Little Rock,AR,USA,"{'latitude': 34.7464809, 'longitude': -92.2895948, 'fipsCode': '05119'}"
117067,4683247,HighSchool,2021,1379.0,Julius Lewis,Central Catholic,Fresno State,DL,77.0,280.0,3.0,0.8437,Modesto,CA,USA,"{'latitude': 37.6390972, 'longitude': -120.9968782, 'fipsCode': '06099'}"
117069,4683109,HighSchool,2021,1379.0,Myles Mendeszoon,Chardon,Iowa State,EDGE,76.0,195.0,3.0,0.8437,Chardon,OH,USA,"{'latitude': 41.582466, 'longitude': -81.20334, 'fipsCode': '39055'}"
117070,4700267,HighSchool,2021,1379.0,Jayson Gilliom,North Gwinnett,Kansas,S,74.0,190.0,3.0,0.8437,Suwanee,GA,USA,"{'latitude': 34.0514898, 'longitude': -84.0712997, 'fipsCode': '13135'}"
117077,,HighSchool,2021,1384.0,Jaylen Hughey,Cullman,,ATH,74.0,230.0,3.0,0.8433,Cullman,AL,USA,"{'latitude': 34.1748408, 'longitude': -86.8435802, 'fipsCode': '01043'}"
117075,,HighSchool,2021,1384.0,Jalin Shephard,Callaway,,CB,69.5,167.0,3.0,0.8433,Hogansville,GA,USA,"{'latitude': 33.1731769, 'longitude': -84.914936, 'fipsCode': '13285'}"
117076,,HighSchool,2021,1384.0,Keenan Landry,Jennings,,DL,74.0,295.0,3.0,0.8433,Jennings,LA,USA,"{'latitude': 30.2224284, 'longitude': -92.657085, 'fipsCode': '29189'}"
117074,,HighSchool,2021,1384.0,Tank Young,St. Thomas Aquinas,,RB,66.0,185.0,3.0,0.8433,Overland Park,KS,USA,"{'latitude': 38.9742502, 'longitude': -94.6851702, 'fipsCode': '20091'}"
117078,4682770,HighSchool,2021,1384.0,Jayden Gray,Haslet Eaton,Iowa State,EDGE,75.0,235.0,3.0,0.8433,Haslet,TX,USA,"{'latitude': 32.96116000000001, 'longitude': -97.34228157049023, 'fipsCode': '48439'}"
117071,4682820,HighSchool,2021,1384.0,Tristan Cox,Pulaski County,Purdue,LB,75.0,235.0,3.0,0.8433,Somerset,KY,USA,"{'latitude': 37.0920222, 'longitude': -84.6041084, 'fipsCode': '21199'}"
117072,4602645,HighSchool,2021,1384.0,Jalen Emery,Shadow Creek,Houston,CB,71.0,168.0,3.0,0.8433,Pearland,TX,USA,"{'latitude': 29.5639758, 'longitude': -95.2864299, 'fipsCode': '48039'}"
117073,4687485,HighSchool,2021,1384.0,Lu-Magia Hearns,De La Salle,California,CB,70.0,160.0,3.0,0.8433,Concord,CA,USA,"{'latitude': 37.9768525, 'longitude': -122.0335624, 'fipsCode': '06013'}"
117080,4689617,HighSchool,2021,1392.0,Cam'Ron Dabney,Riverside Military Academy,Kansas,ATH,70.5,175.0,3.0,0.843,Gainesville,GA,USA,"{'latitude': 34.2978794, 'longitude': -83.8240663, 'fipsCode': '13139'}"
117079,4682640,HighSchool,2021,1392.0,Josh McCray,Enterprise,Illinois,RB,73.0,207.0,3.0,0.843,Enterprise,AL,USA,"{'latitude': 31.3151708, 'longitude': -85.8552161, 'fipsCode': '01031'}"
117081,,HighSchool,2021,1394.0,Kelly Loiseau,Miami Christian School,,ATH,71.0,190.0,3.0,0.8428,Miami,FL,USA,"{'latitude': 25.7742658, 'longitude': -80.1936589, 'fipsCode': '12086'}"
117088,,HighSchool,2021,1395.0,Justin Bradford,Denmark,,CB,72.0,165.0,3.0,0.8426,Alpharetta,GA,USA,"{'latitude': 34.0709576, 'longitude': -84.2747329, 'fipsCode': '13121'}"
117084,,HighSchool,2021,1395.0,Brandon Johnson,Newton-conover,Duke,CB,70.0,170.0,3.0,0.8426,Newton,NC,USA,"{'latitude': 35.6630887, 'longitude': -81.2219363, 'fipsCode': '37035'}"
117086,4683958,HighSchool,2021,1395.0,Jackson Anderson,Mineola,Colorado,IOL,76.0,290.0,3.0,0.8426,Mineola,TX,USA,"{'latitude': 32.6633387, 'longitude': -95.4880308, 'fipsCode': '48499'}"
117089,4684280,HighSchool,2021,1395.0,Kadeem Leonard,Fairmont,UCF,LB,75.0,215.0,3.0,0.8426,Fairmont,NC,USA,"{'latitude': 34.4968311, 'longitude': -79.114202, 'fipsCode': '37155'}"
117085,4683132,HighSchool,2021,1395.0,William Simpkins III,Quince Orchard,Virginia,CB,74.0,175.0,3.0,0.8426,Gaithersburg,MD,USA,"{'latitude': 39.1434406, 'longitude': -77.2013705, 'fipsCode': '24031'}"
117082,4683660,HighSchool,2021,1395.0,Tyler Quinn,Duncanville,Colorado State,DL,73.5,266.0,3.0,0.8426,Duncanville,TX,USA,"{'latitude': 32.6518004, 'longitude': -96.9083366, 'fipsCode': '48113'}"
117087,4683136,HighSchool,2021,1395.0,Tae'Shaun Johnson,Central Catholic,Bowling Green,WR,71.0,185.0,3.0,0.8426,Toledo,OH,USA,"{'latitude': 41.6786754, 'longitude': -83.5127283, 'fipsCode': '39095'}"
117091,4612213,HighSchool,2021,1395.0,Tyler Gaskin,Deerfield Beach,Navy,CB,69.0,165.0,3.0,0.8426,Deerfield Beach,FL,USA,"{'latitude': 26.318342, 'longitude': -80.0996306, 'fipsCode': '12011'}"
117090,4683830,HighSchool,2021,1395.0,Jared Nedd,Carrollton,Memphis,LB,71.0,225.0,3.0,0.8426,Carrollton,GA,USA,"{'latitude': 33.5801103, 'longitude': -85.0766113, 'fipsCode': '13045'}"
117083,4566399,HighSchool,2021,1395.0,Kobe Walton,West Mesquite,Northern Arizona,S,71.0,175.0,3.0,0.8426,Mesquite,TX,USA,"{'latitude': 32.7666103, 'longitude': -96.599472, 'fipsCode': '48113'}"
117099,4683141,HighSchool,2021,1405.0,Kevin Wigenton II,Hun School,Michigan State,IOL,77.0,290.0,3.0,0.8422,Princeton,NJ,USA,"{'latitude': 40.3492744, 'longitude': -74.6592958, 'fipsCode': '34021'}"
117100,4701176,HighSchool,2021,1405.0,Zion Magalei,Chandler,Colorado,LB,75.0,220.0,3.0,0.8422,Chandler,AZ,USA,"{'latitude': 33.3062223, 'longitude': -111.8413317, 'fipsCode': '04013'}"
117096,4712464,HighSchool,2021,1405.0,Conrad Hawley,Raymore-Peculiar,Kansas,QB,78.0,220.0,3.0,0.8422,Peculiar,MO,USA,"{'latitude': 38.7145481, 'longitude': -94.4611204, 'fipsCode': '29037'}"
117094,4709977,HighSchool,2021,1405.0,Brayden Schager,Highland Park,Hawai'i,QB,75.0,200.0,3.0,0.8422,Dallas,TX,USA,"{'latitude': 32.7762719, 'longitude': -96.7968559, 'fipsCode': '48113'}"
117093,4683161,HighSchool,2021,1405.0,Dante Reynolds,Kenwood Academy,Boston College,WR,72.0,190.0,3.0,0.8422,Chicago,IL,USA,"{'latitude': 41.8755616, 'longitude': -87.6244212, 'fipsCode': '17031'}"
117095,4689355,HighSchool,2021,1405.0,Jalil Muhammad,Creekside,Arkansas State,IOL,75.0,280.0,3.0,0.8422,Fairburn,GA,USA,"{'latitude': 33.5670562, 'longitude': -84.5810418, 'fipsCode': '13121'}"
117097,,HighSchool,2021,1405.0,Weston Jones,Romeo,BYU,OT,77.0,260.0,3.0,0.8422,Romeo,MI,USA,"{'latitude': 42.802808, 'longitude': -83.0129874, 'fipsCode': '26099'}"
117098,4683535,HighSchool,2021,1405.0,Tyler Onyedim,Richmond Foster,Iowa State,DL,75.0,277.0,3.0,0.8422,Richmond,TX,USA,"{'latitude': 29.5821811, 'longitude': -95.7607832, 'fipsCode': '48157'}"
117101,,HighSchool,2021,1405.0,Devean Deal,Garland Naaman Forest,Tulane,TE,76.0,225.0,3.0,0.8422,Garland,TX,USA,"{'latitude': 32.912624, 'longitude': -96.6388833, 'fipsCode': '48113'}"
117102,4698083,HighSchool,2021,1405.0,Chris Adams,South Hagerstown,Old Dominion,OT,77.0,270.0,3.0,0.8422,Hagerstown,MD,USA,"{'latitude': 39.6419219, 'longitude': -77.7202641, 'fipsCode': '24043'}"
117092,4709683,HighSchool,2021,1405.0,Anthony Williams,Lake Brantley,UCF,RB,72.0,185.0,3.0,0.8422,Altamonte Springs,FL,USA,"{'latitude': 28.6619154, 'longitude': -81.3885899, 'fipsCode': '12117'}"
117103,4682863,HighSchool,2021,1416.0,Brayden Fox,Archbishop Hoban,Rutgers,WR,75.0,200.0,3.0,0.8419,Akron,OH,USA,"{'latitude': 41.083064, 'longitude': -81.518485, 'fipsCode': '39153'}"
117104,,HighSchool,2021,1416.0,Antonio Outler,Palm Beach Lakes,South Dakota,RB,70.0,190.0,3.0,0.8419,West Palm Beach,FL,USA,"{'latitude': 26.715364, 'longitude': -80.0532942, 'fipsCode': '12099'}"
117105,,HighSchool,2021,1418.0,Reece Jesse,Hopkinsville,Louisville,WR,75.0,180.0,3.0,0.8417,Hopkinsville,KY,USA,"{'latitude': 36.8657651, 'longitude': -87.4889532, 'fipsCode': '21047'}"
117110,,HighSchool,2021,1418.0,Jay Hampton,Amory,Mississippi State,CB,74.0,180.0,3.0,0.8417,Amory,MS,USA,"{'latitude': 33.9842768, 'longitude': -88.488099, 'fipsCode': '28095'}"
117112,,HighSchool,2021,1418.0,Donovan Smith,Damien,,QB,75.0,200.0,3.0,0.8417,La Verne,CA,USA,"{'latitude': 34.1008426, 'longitude': -117.7678355, 'fipsCode': '06037'}"
117107,,HighSchool,2021,1418.0,Josh Long,Loyola,,LB,76.0,205.0,3.0,0.8417,Los Angeles,CA,USA,"{'latitude': 34.0536909, 'longitude': -118.2427666, 'fipsCode': '06037'}"
117108,,HighSchool,2021,1418.0,Terrance Anthony,Oakleaf,,WR,73.0,165.0,3.0,0.8417,Orange Park,FL,USA,"{'latitude': 30.1654707, 'longitude': -81.7016346, 'fipsCode': '12019'}"
117111,4430229,HighSchool,2021,1418.0,Michael Murray,Lampasas,Sam Houston,WR,74.0,182.0,3.0,0.8417,Lampasas,TX,USA,"{'latitude': 31.0644039, 'longitude': -98.1836796, 'fipsCode': '48281'}"
117106,4875335,HighSchool,2021,1418.0,Bryson Reeves,St. Francis,Utah,ATH,75.0,185.0,3.0,0.8417,La Canada Flintridge,CA,USA,"{'latitude': 34.1998302, 'longitude': -118.2005236, 'fipsCode': '06037'}"
117109,4879286,HighSchool,2021,1418.0,Joshua Rudolph,Park Crossing,Austin Peay,LB,72.0,226.0,3.0,0.8417,Montgomery,AL,USA,"{'latitude': 32.3669656, 'longitude': -86.3006485, 'fipsCode': '01101'}"
117124,4687486,HighSchool,2021,1426.0,Matt Lauter,Torrey Pines,Boise State,TE,76.0,222.0,3.0,0.8415,Encinitas,CA,USA,"{'latitude': 33.0369867, 'longitude': -117.2919818, 'fipsCode': '06073'}"
117120,4694149,HighSchool,2021,1426.0,Walker Eget,West Ranch,San José State,QB,75.0,197.0,3.0,0.8415,Stevenson Ranch,CA,USA,"{'latitude': 34.3864721, 'longitude': -118.5826635, 'fipsCode': '06037'}"
117125,4705978,HighSchool,2021,1426.0,Desmond Purnell,Hayden,Kansas State,ATH,72.0,195.0,3.0,0.8415,Topeka,KS,USA,"{'latitude': 39.049011, 'longitude': -95.677556, 'fipsCode': '20177'}"
117113,4589218,HighSchool,2021,1426.0,Aaron Dumas,El Paso Americas,New Mexico,RB,69.0,200.0,3.0,0.8415,El Paso,TX,USA,"{'latitude': 31.7754152, 'longitude': -106.4646348, 'fipsCode': '48141'}"
117117,4683174,HighSchool,2021,1426.0,Drew Biber,Cedarburg,Purdue,WR,77.0,215.0,3.0,0.8415,Cedarburg,WI,USA,"{'latitude': 43.2966545, 'longitude': -87.9875348, 'fipsCode': '55089'}"
117123,4710010,HighSchool,2021,1426.0,Benji Johnson,Hooks,New Mexico,ATH,75.0,195.0,3.0,0.8415,Hooks,TX,USA,"{'latitude': 33.4696541, 'longitude': -94.2859652, 'fipsCode': '48037'}"
117114,4600602,HighSchool,2021,1426.0,Wyatt Begeal,Cibolo Steele,Arkansas State,QB,71.0,189.0,3.0,0.8415,Cibolo,TX,USA,"{'latitude': 29.5707831, 'longitude': -98.2330927, 'fipsCode': '48187'}"
117115,4682641,HighSchool,2021,1426.0,Marlen Sewell,Shades Valley,Vanderbilt,CB,72.0,178.0,3.0,0.8415,Birmingham,AL,USA,"{'latitude': 33.5206824, 'longitude': -86.8024326, 'fipsCode': '01073'}"
117118,4613268,HighSchool,2021,1426.0,Joey Bearns III,St. Frances Academy,Maryland,TE,74.0,245.0,3.0,0.8415,Baltimore,MD,USA,"{'latitude': 39.2908816, 'longitude': -76.610759, 'fipsCode': '24510'}"
117121,4912262,HighSchool,2021,1426.0,Brandon Schabert,American Heritage Palm Beach,Florida Atlantic,WR,72.5,182.0,3.0,0.8415,Delray Beach,FL,USA,"{'latitude': 26.4614625, 'longitude': -80.0728201, 'fipsCode': '12099'}"
117119,4683452,HighSchool,2021,1426.0,Herman Smith III,San Diego Lincoln,Jackson State,ATH,71.0,190.0,3.0,0.8415,San Diego,CA,USA,"{'latitude': 32.7174209, 'longitude': -117.1627714, 'fipsCode': '06073'}"
117122,4699437,HighSchool,2021,1426.0,Ore Adeyi,Mansfield Legacy,Northwestern,CB,70.0,175.0,3.0,0.8415,Mansfield,TX,USA,"{'latitude': 32.5631924, 'longitude': -97.1416768, 'fipsCode': '48439'}"
117116,4693396,HighSchool,2021,1426.0,Harold West,Arlington Lamar,North Texas,S,71.0,170.0,3.0,0.8415,Arlington,TX,USA,"{'latitude': 32.701938999999996, 'longitude': -97.10562379033699, 'fipsCode': '48439'}"
117145,4698181,HighSchool,2021,1439.0,Quintayvious Hutchins,Bessemer City,Boston College,EDGE,75.0,230.0,3.0,0.8411,Bessemer,AL,USA,"{'latitude': 33.3823635, 'longitude': -86.91720475, 'fipsCode': '01073'}"
117141,4683224,HighSchool,2021,1439.0,Derek McDonald,Marist School,Syracuse,TE,76.0,230.0,3.0,0.8411,Atlanta,GA,USA,"{'latitude': 33.7490987, 'longitude': -84.3901849, 'fipsCode': '13121'}"
117143,,HighSchool,2021,1439.0,Isaiah Pipkin,Wake Forest,Toledo,LB,78.0,220.0,3.0,0.8411,Wake Forest,NC,USA,"{'latitude': 35.9803138, 'longitude': -78.5103731, 'fipsCode': '37183'}"
117138,,HighSchool,2021,1439.0,Kareem Harden,Stranahan,Florida International,OT,77.0,290.0,3.0,0.8411,Fort Lauderdale,FL,USA,"{'latitude': 26.1223084, 'longitude': -80.1433786, 'fipsCode': '12011'}"
117137,,HighSchool,2021,1439.0,Trey Staley,Brookwood,Kansas,LB,74.0,200.0,3.0,0.8411,Snellville,GA,USA,"{'latitude': 33.857328, 'longitude': -84.0199108, 'fipsCode': '13135'}"
117129,,HighSchool,2021,1439.0,Ilaisa Gonebure,Rocklin,San Diego State,DL,76.0,325.0,3.0,0.8411,Sacramento,CA,USA,"{'latitude': 38.5815719, 'longitude': -121.4943996, 'fipsCode': '06067'}"
117140,4683544,HighSchool,2021,1439.0,Zay Franks,Magee,Southern Miss,WR,74.0,180.0,3.0,0.8411,Magee,MS,USA,"{'latitude': 31.8737712, 'longitude': -89.7336852, 'fipsCode': '28127'}"
117132,4683256,HighSchool,2021,1439.0,Evan Slocum,Cartersville,Wake Forest,S,70.0,175.0,3.0,0.8411,Cartersville,GA,USA,"{'latitude': 34.1650972, 'longitude': -84.7999383, 'fipsCode': '13015'}"
117144,4683486,HighSchool,2021,1439.0,Brandon Warner,Ridgeway,Memphis,S,72.0,180.0,3.0,0.8411,Memphis,TN,USA,"{'latitude': 35.1490215, 'longitude': -90.0516285, 'fipsCode': '47157'}"
117134,4570740,HighSchool,2021,1439.0,Bryce Butler,St. John's College,Ohio,TE,75.0,240.0,3.0,0.8411,Washington,DC,USA,"{'latitude': 38.8949855, 'longitude': -77.0365708, 'fipsCode': '11001'}"
117142,3892791,HighSchool,2021,1439.0,Devonte Wilson,Robert F. Munroe Day School,Kansas,CB,75.0,190.0,3.0,0.8411,Quincy,FL,USA,"{'latitude': 30.5871948, 'longitude': -84.5832619, 'fipsCode': '12039'}"
117127,4602787,HighSchool,2021,1439.0,Luke McAllister,Palmer Ridge,Colorado State,QB,77.0,200.0,3.0,0.8411,Monument,CO,USA,"{'latitude': 39.06775465, 'longitude': -104.86175880732664, 'fipsCode': '08041'}"
117135,4683012,HighSchool,2021,1439.0,Eddie Lee Marburger,Sharyland Pioneer,UTSA,QB,73.0,195.0,3.0,0.8411,Mission,TX,USA,"{'latitude': 26.2159066, 'longitude': -98.3252932, 'fipsCode': '48215'}"
117131,4685116,HighSchool,2021,1439.0,DJ Herman,Bishop Gorman,San Diego State,LB,73.0,235.0,3.0,0.8411,Las Vegas,NV,USA,"{'latitude': 36.1672559, 'longitude': -115.1485163, 'fipsCode': '32003'}"
117133,4705395,HighSchool,2021,1439.0,Coco Lukrich,Park City,Stanford,IOL,76.0,265.0,3.0,0.8411,Park City,UT,USA,"{'latitude': 40.6460635, 'longitude': -111.4979741, 'fipsCode': '49043'}"
117136,4683129,HighSchool,2021,1439.0,Khordae Sydnor,Iona Prep,Purdue,DL,76.0,230.0,3.0,0.8411,New York,NY,USA,"{'latitude': 40.7127281, 'longitude': -74.0060152, 'fipsCode': '36061'}"
117130,4683644,HighSchool,2021,1439.0,Alan Wright,Woodward Academy,Vanderbilt,S,72.0,185.0,3.0,0.8411,Atlanta,GA,USA,"{'latitude': 33.7490987, 'longitude': -84.3901849, 'fipsCode': '13121'}"
117128,4709808,HighSchool,2021,1439.0,Kylen Austin,St. Paul's School,Liberty,WR,73.0,170.0,3.0,0.8411,Baltimore,MD,USA,"{'latitude': 39.2908816, 'longitude': -76.610759, 'fipsCode': '24510'}"
117126,4431259,HighSchool,2021,1439.0,Deandrae McCray,North Florida Christian,Austin Peay,RB,70.0,170.0,3.0,0.8411,Tallahassee,FL,USA,"{'latitude': 30.4380832, 'longitude': -84.2809332, 'fipsCode': '12073'}"
117139,4684374,HighSchool,2021,1439.0,Gage Pitchford,East Coweta,Vanderbilt,OT,78.0,280.0,3.0,0.8411,Sharpsburg,GA,USA,"{'latitude': 33.3392842, 'longitude': -84.6485417, 'fipsCode': '13077'}"
117146,4877645,HighSchool,2021,1459.0,Darius Hale,Pearland,Central Arkansas,RB,70.5,219.0,3.0,0.8407,Pearland,TX,USA,"{'latitude': 29.5639758, 'longitude': -95.2864299, 'fipsCode': '48039'}"
117148,4682518,HighSchool,2021,1459.0,Nicholas Vattiato,TRU Prep Academy,Middle Tennessee,QB,71.0,169.0,3.0,0.8407,Miami Gardens,FL,USA,"{'latitude': 25.9423108, 'longitude': -80.23976495072381, 'fipsCode': '12086'}"
117147,4873016,HighSchool,2021,1459.0,Rakim Cooper,St. Thomas More,Coastal Carolina,DL,76.0,280.0,3.0,0.8407,Oakdale,CT,USA,"{'latitude': 41.4662093, 'longitude': -72.1573008, 'fipsCode': '09011'}"
117149,,HighSchool,2021,1462.0,William Thomas,Sanderson,,DL,74.0,286.0,3.0,0.8406,Raleigh,NC,USA,"{'latitude': 35.7803977, 'longitude': -78.6390989, 'fipsCode': '37183'}"
117153,4683225,HighSchool,2021,1463.0,Dominic Eldridge,Pinkston,Nevada,OT,77.0,300.0,3.0,0.8404,Dallas,TX,USA,"{'latitude': 32.7762719, 'longitude': -96.7968559, 'fipsCode': '48113'}"
117154,4700811,HighSchool,2021,1463.0,Ja'Quez Cross,Fordyce,Purdue,ATH,70.0,170.0,3.0,0.8404,Fordyce,AR,USA,"{'latitude': 33.8137161, 'longitude': -92.4129303, 'fipsCode': '05039'}"
117157,4701541,HighSchool,2021,1463.0,Ty Clemons,Sparkman,Boston College,EDGE,75.0,245.0,3.0,0.8404,Harvest,AL,USA,"{'latitude': 34.857193249999995, 'longitude': -86.74907012252524, 'fipsCode': '01089'}"
117151,,HighSchool,2021,1463.0,Zyquez Perryman,Pleasant Grove,,QB,73.0,178.0,3.0,0.8404,Pleasant Grove,AL,USA,"{'latitude': 33.4909405, 'longitude': -86.9702714, 'fipsCode': '01073'}"
117156,4683194,HighSchool,2021,1463.0,Ethan Onianwa,Katy Cinco Ranch,Rice,IOL,77.0,305.0,3.0,0.8404,Katy,TX,USA,"{'latitude': 29.7857853, 'longitude': -95.8243956, 'fipsCode': '48157'}"
117155,4683886,HighSchool,2021,1463.0,Jahmal Edrine,Fort Lauderdale,Florida Atlantic,WR,75.0,190.0,3.0,0.8404,Fort Lauderdale,FL,USA,"{'latitude': 26.1223084, 'longitude': -80.1433786, 'fipsCode': '12011'}"
117152,4685823,HighSchool,2021,1463.0,Rolan Fullwood,Lawndale,Fresno State,IOL,77.0,305.0,3.0,0.8404,Lawndale,CA,USA,"{'latitude': 33.8885217, 'longitude': -118.3531991, 'fipsCode': '06037'}"
117150,4581502,HighSchool,2021,1463.0,Jamarion Ellis,IMG Academy,Georgia State,LB,74.0,228.0,3.0,0.8404,Eastman,GA,USA,"{'latitude': 32.1976729, 'longitude': -83.1776514, 'fipsCode': '13091'}"
117167,,HighSchool,2021,1471.0,Reginald Davis,Percy L. Julian,,RB,71.0,180.0,3.0,0.84,Montgomery,AL,USA,"{'latitude': 32.3669656, 'longitude': -86.3006485, 'fipsCode': '01101'}"
117168,,HighSchool,2021,1471.0,Tre'von Marshall,Locust Grove,Mississippi State,EDGE,76.0,240.0,3.0,0.84,Stockbridge,GA,USA,"{'latitude': 33.5442781, 'longitude': -84.2338093, 'fipsCode': '13151'}"
117165,4683287,HighSchool,2021,1471.0,Brendan Toles,Lafayette,Southern Miss,CB,73.0,178.0,3.0,0.84,Oxford,MS,USA,"{'latitude': 34.3664127, 'longitude': -89.5187664, 'fipsCode': '28071'}"
117166,4683465,HighSchool,2021,1471.0,Desmond Mamudi,Carrollwood Day,Virginia Tech,DL,75.0,290.0,3.0,0.84,Tampa,FL,USA,"{'latitude': 27.9477595, 'longitude': -82.458444, 'fipsCode': '12057'}"
117158,4431634,HighSchool,2021,1471.0,Brock Dieu,Casteel,Washington State,IOL,74.0,290.0,3.0,0.84,Queen Creek,AZ,USA,"{'latitude': 33.2483858, 'longitude': -111.6341585, 'fipsCode': '04013'}"
117162,4880012,HighSchool,2021,1471.0,DJ Johnson,South Gwinnett,Illinois,LB,75.5,225.0,3.0,0.84,Snellville,GA,USA,"{'latitude': 33.857328, 'longitude': -84.0199108, 'fipsCode': '13135'}"
117159,,HighSchool,2021,1471.0,Jaddai Henry,Hebron,,WR,76.0,192.0,3.0,0.84,Carrollton,TX,USA,"{'latitude': 32.9537349, 'longitude': -96.8902816, 'fipsCode': '48113'}"
117161,,HighSchool,2021,1471.0,Rickey Smith,Jones,Purdue,LB,73.0,195.0,3.0,0.84,Orlando,FL,USA,"{'latitude': 28.5421109, 'longitude': -81.3790304, 'fipsCode': '12095'}"
117160,4682517,HighSchool,2021,1471.0,Irone Jackson,Manatee,Central Michigan,ATH,71.0,168.0,3.0,0.84,Bradenton,FL,USA,"{'latitude': 27.4989278, 'longitude': -82.5748194, 'fipsCode': '12081'}"
117163,4591106,HighSchool,2021,1471.0,Jaylen Smith,Mandarin,Bowling Green,WR,72.0,170.0,3.0,0.84,Jacksonville,FL,USA,"{'latitude': 30.3321838, 'longitude': -81.655651, 'fipsCode': '12031'}"
117164,4680029,HighSchool,2021,1471.0,BK Jackson,Fort Bend Ridge Point,North Texas,RB,70.0,195.0,3.0,0.84,Missouri City,TX,USA,"{'latitude': 29.6185669, 'longitude': -95.5377215, 'fipsCode': '48157'}"
117169,4683217,HighSchool,2021,1482.0,Ryheem Craig,Alexander Central,Louisville,EDGE,75.0,212.0,3.0,0.8396,Taylorsville,NC,USA,"{'latitude': 35.9219402, 'longitude': -81.1763421, 'fipsCode': '37003'}"
117170,,HighSchool,2021,1483.0,Shafeek Smith,Imhotep Institute,,CB,69.0,165.0,3.0,0.8396,Philadelphia,PA,USA,"{'latitude': 39.9527237, 'longitude': -75.1635262, 'fipsCode': '42101'}"
117171,4683531,HighSchool,2021,1483.0,Aaron Turner,Gonzaga,UConn,RB,69.0,175.0,3.0,0.8396,Washington,DC,USA,"{'latitude': 38.8949855, 'longitude': -77.0365708, 'fipsCode': '11001'}"
117176,4699540,HighSchool,2021,1485.0,Jonah Lytle,McKinley,Cincinnati,CB,73.0,180.0,3.0,0.8393,Canton,OH,USA,"{'latitude': 40.7989522, 'longitude': -81.3784445, 'fipsCode': '39151'}"
117175,,HighSchool,2021,1485.0,Isi Etute,Frank W. Cox,Virginia Tech,LB,75.0,205.0,3.0,0.8393,Virginia Beach,VA,USA,"{'latitude': 36.8529841, 'longitude': -75.9774183, 'fipsCode': '51810'}"
117174,4683448,HighSchool,2021,1485.0,Zy Brockington,Colquitt County,Memphis,DL,74.0,250.0,3.0,0.8393,Moultrie,GA,USA,"{'latitude': 31.179998, 'longitude': -83.7887928, 'fipsCode': '13071'}"
117172,4686064,HighSchool,2021,1485.0,Dylan Jemtegaard,Yelm,California,IOL,77.0,300.0,3.0,0.8393,Yelm,WA,USA,"{'latitude': 46.9413877, 'longitude': -122.6063902, 'fipsCode': '53067'}"
117173,4877881,HighSchool,2021,1485.0,Sebastian Sagar,Grayson,Rhode Island,LB,76.0,215.0,3.0,0.8393,Loganville,GA,USA,"{'latitude': 33.8389977, 'longitude': -83.9007382, 'fipsCode': '13297'}"
117177,4687189,HighSchool,2021,1485.0,Josh Meredith,Mater Dei Catholic,Washington State,WR,72.0,170.0,3.0,0.8393,Chula Vista,CA,USA,"{'latitude': 32.6400541, 'longitude': -117.0841955, 'fipsCode': '06073'}"
117179,4683094,HighSchool,2021,1491.0,Mason Brotherton,Mena,Kansas,TE,76.5,242.0,3.0,0.8389,Mena,AR,USA,"{'latitude': 34.5862171, 'longitude': -94.2396554, 'fipsCode': '05113'}"
117197,4710009,HighSchool,2021,1491.0,Mike Edwards III,Hewitt-Trussville,Georgia Southern,LB,74.0,210.0,3.0,0.8389,Trussville,AL,USA,"{'latitude': 33.626629, 'longitude': -86.5549335251678, 'fipsCode': '01073'}"
117196,4683729,HighSchool,2021,1491.0,Kyjuan Phillips,Dr. Phillips,East Carolina,IOL,76.0,285.0,3.0,0.8389,Orlando,FL,USA,"{'latitude': 28.5421109, 'longitude': -81.3790304, 'fipsCode': '12095'}"
117192,4570644,HighSchool,2021,1491.0,Peyton Todd,West Monroe,LSU,P,77.0,210.0,3.0,0.8389,West Monroe,LA,USA,"{'latitude': 32.5184775, 'longitude': -92.1476353, 'fipsCode': '22073'}"
117186,4687373,HighSchool,2021,1491.0,Jordan Bly,Myers Park,Old Dominion,WR,70.0,170.0,3.0,0.8389,Charlotte,NC,USA,"{'latitude': 35.2272, 'longitude': -80.843083, 'fipsCode': '37119'}"
117198,4689191,HighSchool,2021,1491.0,Gunnar Hansen,St. Thomas Aquinas,Vanderbilt,IOL,77.0,305.0,3.0,0.8389,Fort Lauderdale,FL,USA,"{'latitude': 26.1223084, 'longitude': -80.1433786, 'fipsCode': '12011'}"
117193,4612209,HighSchool,2021,1491.0,Jaquan Lowman,Apopka,App State,S,73.0,175.0,3.0,0.8389,Apopka,FL,USA,"{'latitude': 28.6779683, 'longitude': -81.5115214, 'fipsCode': '12095'}"
117199,4702726,HighSchool,2021,1491.0,Ryan O'Hair,South Fayette Township,Miami (OH),OT,80.0,293.0,3.0,0.8389,McDonald,PA,USA,"{'latitude': 40.3709025, 'longitude': -80.2347814, 'fipsCode': '42125'}"
117202,4684975,HighSchool,2021,1491.0,Max Balthazar,TRU Prep Academy,Coastal Carolina,RB,70.0,180.0,3.0,0.8389,Miami Gardens,FL,USA,"{'latitude': 25.9423108, 'longitude': -80.23976495072381, 'fipsCode': '12086'}"
117178,4683133,HighSchool,2021,1491.0,Errington McRae,Har-Ber,Memphis,TE,75.0,230.0,3.0,0.8389,Springdale,AR,USA,"{'latitude': 36.1867442, 'longitude': -94.1288142, 'fipsCode': '05143'}"
117188,4683913,HighSchool,2021,1491.0,Fatuvalu Iosefa,Mililani,California,S,72.0,170.0,3.0,0.8389,Mililani,HI,USA,"{'latitude': 21.4508308, 'longitude': -158.0095783, 'fipsCode': '15003'}"
117191,,HighSchool,2021,1491.0,Tevita Mafileo,Jordan,,ATH,77.0,175.0,3.0,0.8389,Sandy,UT,USA,"{'latitude': 40.5664878, 'longitude': -111.838904, 'fipsCode': '49035'}"
117189,4683282,HighSchool,2021,1491.0,Justin Lynch,Mount Carmel,Temple,QB,73.0,185.0,3.0,0.8389,Chicago,IL,USA,"{'latitude': 41.8755616, 'longitude': -87.6244212, 'fipsCode': '17031'}"
117201,4683306,HighSchool,2021,1491.0,Landon Morris,Fishers,Syracuse,TE,77.0,210.0,3.0,0.8389,Indianapolis,IN,USA,"{'latitude': 39.7683331, 'longitude': -86.1583502, 'fipsCode': '18097'}"
117180,,HighSchool,2021,1491.0,Orion Maile-Kaufusi,East,Oregon State,ATH,75.0,190.0,3.0,0.8389,Salt Lake City,UT,USA,"{'latitude': 40.7596198, 'longitude': -111.8867975, 'fipsCode': '49035'}"
117200,4684086,HighSchool,2021,1491.0,Phillip Lee,First Coast,Troy,EDGE,77.0,195.0,3.0,0.8389,Jacksonville,FL,USA,"{'latitude': 30.3321838, 'longitude': -81.655651, 'fipsCode': '12031'}"
117187,4687708,HighSchool,2021,1491.0,Dominic Oliver,Valley Christian,San Diego State,LB,75.0,224.0,3.0,0.8389,San Jose,CA,USA,"{'latitude': 37.3361905, 'longitude': -121.8905833, 'fipsCode': '06085'}"
117184,,HighSchool,2021,1491.0,Omarion Fa’amoe,West,Oregon State,EDGE,74.0,255.0,3.0,0.8389,Salt Lake City,UT,USA,"{'latitude': 40.7596198, 'longitude': -111.8867975, 'fipsCode': '49035'}"
117185,5084124,HighSchool,2021,1491.0,Peter Manuma,James Campbell,Hawai'i,ATH,72.0,165.0,3.0,0.8389,Ewa Beach,HI,USA,"{'latitude': 21.315603, 'longitude': -158.008804, 'fipsCode': '15003'}"
117194,4685309,HighSchool,2021,1491.0,Jordan Davis,Creekside,South Carolina,OT,77.0,300.0,3.0,0.8389,Fairburn,GA,USA,"{'latitude': 33.5670562, 'longitude': -84.5810418, 'fipsCode': '13121'}"
117183,4875068,HighSchool,2021,1491.0,Jaden Handy,Holy Cross,Ole Miss,RB,68.5,189.0,3.0,0.8389,New Orleans,LA,USA,"{'latitude': 29.9499323, 'longitude': -90.0701156, 'fipsCode': '22071'}"
117182,4602790,HighSchool,2021,1491.0,Justin Parks,Gardendale,Arkansas State,CB,73.0,180.0,3.0,0.8389,Gardendale,AL,USA,"{'latitude': 33.6601033, 'longitude': -86.8127702, 'fipsCode': '01073'}"
117181,4682487,HighSchool,2021,1491.0,Cam Davis,South Oak Cliff,San Diego State,RB,68.0,170.0,3.0,0.8389,Dallas,TX,USA,"{'latitude': 32.7762719, 'longitude': -96.7968559, 'fipsCode': '48113'}"
117190,4684372,HighSchool,2021,1491.0,Tobias Fletcher,Carver,Coastal Carolina,CB,70.0,165.0,3.0,0.8389,Atlanta,GA,USA,"{'latitude': 33.7490987, 'longitude': -84.3901849, 'fipsCode': '13121'}"
117195,4684178,HighSchool,2021,1491.0,Matthew Weerts,Batavia,Arizona,LB,74.0,217.0,3.0,0.8389,Batavia,IL,USA,"{'latitude': 41.8500284, 'longitude': -88.3125738, 'fipsCode': '17089'}"
117203,4683827,HighSchool,2021,1516.0,Christian Greene,Briar Woods,Wake Forest,WR,74.0,170.0,3.0,0.8385,Ashburn,VA,USA,"{'latitude': 39.0437192, 'longitude': -77.4874899, 'fipsCode': '51107'}"
117205,4705717,HighSchool,2021,1517.0,Chris Davis Jr.,Armwood,Georgia State,LB,75.0,220.0,3.0,0.8383,Seffner,FL,USA,"{'latitude': 27.998541000000003, 'longitude': -82.27488400114905, 'fipsCode': '12057'}"
117204,4603093,HighSchool,2021,1517.0,Ian Kipp,Mentor,Kent State,QB,74.0,195.0,3.0,0.8383,Mentor,OH,USA,"{'latitude': 41.6661573, 'longitude': -81.339552, 'fipsCode': '39085'}"
117206,4679957,HighSchool,2021,1519.0,Joshua Sosanya,Wakefield,Wake Forest,S,73.5,180.0,3.0,0.8381,Raleigh,NC,USA,"{'latitude': 35.7803977, 'longitude': -78.6390989, 'fipsCode': '37183'}"
117207,4683148,HighSchool,2021,1519.0,Allan Baugh,St. Thomas Aquinas,Colorado,DL,75.0,253.0,3.0,0.8381,Fort Lauderdale,FL,USA,"{'latitude': 26.1223084, 'longitude': -80.1433786, 'fipsCode': '12011'}"
117208,4592838,HighSchool,2021,1519.0,Floyd Dozier,Palmetto,Buffalo,DL,74.0,275.0,3.0,0.8381,Palmetto,FL,USA,"{'latitude': 27.5214269, 'longitude': -82.5723193, 'fipsCode': '12081'}"
117212,4683166,HighSchool,2021,1519.0,Jeremiah Peters,Booker T. Washington,Toledo,EDGE,75.0,215.0,3.0,0.8381,Miami,FL,USA,"{'latitude': 25.7742658, 'longitude': -80.1936589, 'fipsCode': '12086'}"
117209,4683010,HighSchool,2021,1519.0,Bryce Drummond,Pawhuska,North Texas,QB,75.0,205.0,3.0,0.8381,Pawhuska,OK,USA,"{'latitude': 36.6678426, 'longitude': -96.3372309, 'fipsCode': '40113'}"
117213,4686996,HighSchool,2021,1519.0,Richard Pearce,Hueytown,East Carolina,IOL,75.0,305.0,3.0,0.8381,Hueytown,AL,USA,"{'latitude': 33.4512197, 'longitude': -86.9966606, 'fipsCode': '01073'}"
117210,4597254,HighSchool,2021,1519.0,Seyi Oladipo,Eaglecrest,Boise State,S,71.0,175.0,3.0,0.8381,Aurora,CO,USA,"{'latitude': 39.729432, 'longitude': -104.8319196, 'fipsCode': '08005'}"
117211,4683286,HighSchool,2021,1519.0,Isaac Smith,Wagoner,Texas Tech,EDGE,77.0,235.0,3.0,0.8381,Wagoner,OK,USA,"{'latitude': 35.9595442, 'longitude': -95.3694116, 'fipsCode': '40145'}"
117216,,HighSchool,2021,1527.0,Ari Allen,IMG Academy,,WR,69.0,154.0,3.0,0.8378,Bradenton,FL,USA,"{'latitude': 27.4989278, 'longitude': -82.5748194, 'fipsCode': '12081'}"
117221,,HighSchool,2021,1527.0,Johnny Martin,Timber Creek,,RB,70.0,215.0,3.0,0.8378,Sicklerville,NJ,USA,"{'latitude': 39.7173375, 'longitude': -74.9693329, 'fipsCode': '34007'}"
117218,4599158,HighSchool,2021,1527.0,Aljay Henderson,Irvington,Buffalo,RB,70.0,190.0,3.0,0.8378,Irvington,NJ,USA,"{'latitude': 40.7323235, 'longitude': -74.2348684, 'fipsCode': '34013'}"
117219,4684531,HighSchool,2021,1527.0,Nickolas Tshivuadi,Clearwater Academy International (),South Florida,WR,76.0,180.0,3.0,0.8378,,,,"{'latitude': None, 'longitude': None, 'fipsCode': None}"
117217,,HighSchool,2021,1527.0,Preston Lavant,Crisp County,Pittsburgh,LB,74.0,200.0,3.0,0.8378,Cordele,GA,USA,"{'latitude': 31.9635074, 'longitude': -83.7823938, 'fipsCode': '13081'}"
117215,4879235,HighSchool,2021,1527.0,Malachi McNeal,Warren Township,North Dakota,LB,72.0,215.0,3.0,0.8378,Gurnee,IL,USA,"{'latitude': 42.3702996, 'longitude': -87.9020186, 'fipsCode': '17097'}"
117214,4683110,HighSchool,2021,1527.0,Caden Jumper,Eatonville,Washington,ATH,75.0,245.0,3.0,0.8378,Eatonville,WA,USA,"{'latitude': 46.8682516, 'longitude': -122.2700681, 'fipsCode': '53053'}"
117220,4686361,HighSchool,2021,1527.0,Cam Little,Southmoore,Arkansas,K,74.0,170.0,3.0,0.8378,Moore,OK,USA,"{'latitude': 35.3395135, 'longitude': -97.4867045, 'fipsCode': '40027'}"
117236,4686564,HighSchool,2021,1535.0,Tyler Strain,Pace,Illinois,CB,70.0,180.0,3.0,0.837,Milton,FL,USA,"{'latitude': 30.6324149, 'longitude': -87.0396881, 'fipsCode': '12113'}"
117231,4682756,HighSchool,2021,1535.0,Corban Hondru,Peters Township,Miami (OH),LB,73.0,225.0,3.0,0.837,Canonsburg,PA,USA,"{'latitude': 40.2625702, 'longitude': -80.1872797, 'fipsCode': '42125'}"
117235,4708106,HighSchool,2021,1535.0,William Wells,Suncoast,UCF,CB,74.0,180.0,3.0,0.837,Riviera Beach,FL,USA,"{'latitude': 26.7753405, 'longitude': -80.0580969, 'fipsCode': '12099'}"
117227,4701216,HighSchool,2021,1535.0,Jacques Badolato-Birdsell,Camas,Nevada,RB,71.0,195.0,3.0,0.837,Camas,WA,USA,"{'latitude': 45.5911103, 'longitude': -122.4122248, 'fipsCode': '53011'}"
117229,4709671,HighSchool,2021,1535.0,Steven Parker,Tampa Bay Tech,Charlotte,S,74.0,170.0,3.0,0.837,Tampa,FL,USA,"{'latitude': 27.9477595, 'longitude': -82.458444, 'fipsCode': '12057'}"
117234,4684061,HighSchool,2021,1535.0,TJ Lockley,Mainland,East Carolina,ATH,72.0,175.0,3.0,0.837,Daytona Beach,FL,USA,"{'latitude': 29.2108147, 'longitude': -81.0228331, 'fipsCode': '12127'}"
117233,4709380,HighSchool,2021,1535.0,Lawrence Falatea,Alta,Washington State,LB,76.0,208.0,3.0,0.837,Sandy,UT,USA,"{'latitude': 40.5664878, 'longitude': -111.838904, 'fipsCode': '49035'}"
117224,4602983,HighSchool,2021,1535.0,Ty Lyles,East Forsyth,Coastal Carolina,QB,71.0,213.0,3.0,0.837,Kernersville,NC,USA,"{'latitude': 36.1198589, 'longitude': -80.0736533, 'fipsCode': '37067'}"
117223,4682480,HighSchool,2021,1535.0,Kenny Seymour Jr.,Fort Bend Marshall,Rice,LB,73.0,226.0,3.0,0.837,Missouri City,TX,USA,"{'latitude': 29.6185669, 'longitude': -95.5377215, 'fipsCode': '48157'}"
117237,4683498,HighSchool,2021,1535.0,Ilija Krajnovic,IMG Academy,Boston College,OT,80.0,325.0,3.0,0.837,Serbia,,SRB,"{'latitude': None, 'longitude': None, 'fipsCode': None}"
117222,4683257,HighSchool,2021,1535.0,Davion Weatherspoon,Harper Woods,Ohio,IOL,74.0,310.0,3.0,0.837,Detroit,MI,USA,"{'latitude': 42.3315509, 'longitude': -83.0466403, 'fipsCode': '26163'}"
117230,4683412,HighSchool,2021,1535.0,Marquis Shoulders,Katy Tompkins,Tulsa,RB,70.0,165.0,3.0,0.837,Katy,TX,USA,"{'latitude': 29.7857853, 'longitude': -95.8243956, 'fipsCode': '48157'}"
117228,4683226,HighSchool,2021,1535.0,Kendall Long,River Bluff,Syracuse,WR,75.0,215.0,3.0,0.837,Lexington,SC,USA,"{'latitude': 33.98390015, 'longitude': -81.22601082617007, 'fipsCode': '45063'}"
117225,,HighSchool,2021,1535.0,Rajon Hill,Hogan Preparatory Academy,Toledo,CB,74.0,184.0,3.0,0.837,Kansas City,MO,USA,"{'latitude': 39.100105, 'longitude': -94.5781416, 'fipsCode': '29095'}"
117232,4696541,HighSchool,2021,1535.0,Emari Pait,Culver City,Fresno State,ATH,74.0,200.0,3.0,0.837,Culver City,CA,USA,"{'latitude': 34.0278787, 'longitude': -118.3888493, 'fipsCode': '06037'}"
117226,,HighSchool,2021,1535.0,Cardrece Mobley,Clearwater,South Florida,WR,76.0,190.0,3.0,0.837,Clearwater,FL,USA,"{'latitude': 27.9658533, 'longitude': -82.8001026, 'fipsCode': '12103'}"
117242,4705561,HighSchool,2021,1551.0,Corey Robinson II,Roswell,Kansas,OT,77.0,270.0,3.0,0.8367,Roswell,GA,USA,"{'latitude': 34.02332, 'longitude': -84.360022, 'fipsCode': '13121'}"
117245,5081537,HighSchool,2021,1551.0,Brody Crane,Santa Margarita Catholic,Navy,IOL,75.0,290.0,3.0,0.8367,Rancho Santa Margarita,CA,USA,"{'latitude': 33.6408845, 'longitude': -117.6029341, 'fipsCode': '06059'}"
117246,4683524,HighSchool,2021,1551.0,DaShawn Jones,Mount Saint Joseph,Wake Forest,CB,72.0,170.0,3.0,0.8367,Baltimore,MD,USA,"{'latitude': 39.2908816, 'longitude': -76.610759, 'fipsCode': '24510'}"
117238,4689364,HighSchool,2021,1551.0,Tommy Dunn Jr.,Garland Naaman Forest,Kansas,DL,75.0,255.0,3.0,0.8367,Garland,TX,USA,"{'latitude': 32.912624, 'longitude': -96.6388833, 'fipsCode': '48113'}"
117248,,HighSchool,2021,1551.0,Kameren Epps,Lovejoy,,OT,76.0,252.0,3.0,0.8367,Hampton,GA,USA,"{'latitude': 33.3870578, 'longitude': -84.2829784, 'fipsCode': '13151'}"
117239,4686079,HighSchool,2021,1551.0,Henry Wilson,St. Rita,Western Michigan,ATH,72.0,208.0,3.0,0.8367,Chicago,IL,USA,"{'latitude': 41.8755616, 'longitude': -87.6244212, 'fipsCode': '17031'}"
117244,4683500,HighSchool,2021,1551.0,James Wright,Lakewood,Kansas,ATH,73.0,195.0,3.0,0.8367,Sumter,SC,USA,"{'latitude': 33.9204354, 'longitude': -80.3414693, 'fipsCode': '45085'}"
117247,4685896,HighSchool,2021,1551.0,Martin Lucas,Abingdon,William & Mary,RB,74.0,245.0,3.0,0.8367,Abingdon,VA,USA,"{'latitude': 36.7095788, 'longitude': -81.9774878, 'fipsCode': '51191'}"
117240,4592879,HighSchool,2021,1551.0,Tyrin Taylor,Hough,Colorado,S,74.0,175.0,3.0,0.8367,Cornelius,NC,USA,"{'latitude': 35.4817982, 'longitude': -80.8589501, 'fipsCode': '37119'}"
117241,4685821,HighSchool,2021,1551.0,ZaBrien Harden,Swainsboro,Middle Tennessee,LB,75.0,220.0,3.0,0.8367,Swainsboro,GA,USA,"{'latitude': 32.5973857, 'longitude': -82.3337376, 'fipsCode': '13107'}"
117243,4687331,HighSchool,2021,1551.0,Jalen Herring,Lawton Chiles,South Florida,ATH,71.0,175.0,3.0,0.8367,Tallahassee,FL,USA,"{'latitude': 30.4380832, 'longitude': -84.2809332, 'fipsCode': '12073'}"
117262,4708065,HighSchool,2021,1562.0,Clay Petry,Helix,Pennsylvania,WR,74.0,200.0,3.0,0.8367,La Mesa,CA,USA,"{'latitude': 32.7678288, 'longitude': -117.0230839, 'fipsCode': '06073'}"
117249,4708062,HighSchool,2021,1562.0,Cole Lourd,Brentwood School,Texas,QB,74.0,220.0,3.0,0.8367,Los Angeles,CA,USA,"{'latitude': 34.0536909, 'longitude': -118.2427666, 'fipsCode': '06037'}"
117252,4883672,HighSchool,2021,1562.0,Dillon Simon,Lake Charles College Prep,McNeese,QB,70.0,170.0,3.0,0.8367,Lake Charles,LA,USA,"{'latitude': 30.2265949, 'longitude': -93.2173759, 'fipsCode': '22019'}"
117259,4708100,HighSchool,2021,1562.0,Sergio Morancy,Lely,Northern Iowa,WR,75.0,180.0,3.0,0.8367,Naples,FL,USA,"{'latitude': 26.1421976, 'longitude': -81.7942944, 'fipsCode': '12021'}"
117264,4875322,HighSchool,2021,1562.0,Aristotle Taylor,Brother Rice,Stanford,DL,80.0,235.0,3.0,0.8367,Bloomfield Hills,MI,USA,"{'latitude': 42.583645, 'longitude': -83.2454883, 'fipsCode': '26125'}"
117250,4712326,HighSchool,2021,1562.0,Isaiah Taylor,St. Thomas Aquinas,Arizona,S,71.0,195.0,3.0,0.8367,Fort Lauderdale,FL,USA,"{'latitude': 26.1223084, 'longitude': -80.1433786, 'fipsCode': '12011'}"
117260,,HighSchool,2021,1562.0,Jaden Jones,Park Crossing,,DL,78.0,250.0,3.0,0.8367,Montgomery,AL,USA,"{'latitude': 32.3669656, 'longitude': -86.3006485, 'fipsCode': '01101'}"
117261,4701270,HighSchool,2021,1562.0,Deuce Blades ll,American Heritage,Florida International,CB,70.0,160.0,3.0,0.8367,Fort Lauderdale,FL,USA,"{'latitude': 26.1223084, 'longitude': -80.1433786, 'fipsCode': '12011'}"
117256,,HighSchool,2021,1562.0,Keontae Pittman,Ashland Blazer,,RB,71.0,170.0,3.0,0.8367,Ashland,KY,USA,"{'latitude': 38.4784144, 'longitude': -82.6379387, 'fipsCode': '21019'}"
117255,,HighSchool,2021,1562.0,Ken'Daylon Wilson,Hempstead,,ATH,69.0,160.0,3.0,0.8367,Hempstead,TX,USA,"{'latitude': 30.0929491, 'longitude': -96.0806548, 'fipsCode': '48473'}"
117254,,HighSchool,2021,1562.0,Jay Allen,John Carroll,,ATH,73.0,170.0,3.0,0.8367,Fort Pierce,FL,USA,"{'latitude': 27.4467056, 'longitude': -80.3256056, 'fipsCode': '12111'}"
117253,,HighSchool,2021,1562.0,Lamont Vaz,Fort Bend Marshall,,IOL,77.0,295.0,3.0,0.8367,Missouri City,TX,USA,"{'latitude': 29.6185669, 'longitude': -95.5377215, 'fipsCode': '48157'}"
117251,,HighSchool,2021,1562.0,Lamarcus Brown,Blount,,QB,74.0,180.0,3.0,0.8367,Eight Mile,AL,USA,"{'latitude': 30.7635213, 'longitude': -88.126946, 'fipsCode': '01097'}"
117258,,HighSchool,2021,1562.0,Christian Jackson,Fort Bend Marshall,Incarnate Word,S,73.0,185.0,3.0,0.8367,Missouri City,TX,USA,"{'latitude': 29.6185669, 'longitude': -95.5377215, 'fipsCode': '48157'}"
117263,,HighSchool,2021,1562.0,Caron Richards,Inglewood,,DL,75.0,265.0,3.0,0.8367,Inglewood,CA,USA,"{'latitude': 33.9562003, 'longitude': -118.353132, 'fipsCode': '06037'}"
117257,,HighSchool,2021,1562.0,Ariyon Paige,Cordova,,CB,71.0,180.0,3.0,0.8367,Cordova,TN,USA,"{'latitude': 35.1556451, 'longitude': -89.7761955, 'fipsCode': '47157'}"
117266,4875640,HighSchool,2021,1578.0,Anton Ambuehl,St. John Bosco,UNLV,OT,78.0,275.0,3.0,0.8363,Bellflower,CA,USA,"{'latitude': 33.8825705, 'longitude': -118.1167679, 'fipsCode': '06037'}"
117265,4683814,HighSchool,2021,1578.0,Dequan Stanley,St. Augustine,South Florida,ATH,70.0,156.0,3.0,0.8363,St. Augustine,FL,USA,"{'latitude': 29.8946952, 'longitude': -81.3145395, 'fipsCode': '12109'}"
117267,4708127,HighSchool,2021,1578.0,Monaray Baldwin,Killeen Shoemaker,Baylor,WR,69.0,160.0,3.0,0.8363,Killeen,TX,USA,"{'latitude': 31.1171441, 'longitude': -97.727796, 'fipsCode': '48027'}"
117270,4683013,HighSchool,2021,1581.0,Doran Ray,Cass Technical,Toledo,DL,75.0,275.0,3.0,0.8359,Detroit,MI,USA,"{'latitude': 42.3315509, 'longitude': -83.0466403, 'fipsCode': '26163'}"
117273,4612838,HighSchool,2021,1581.0,Nick Sharpe,Hunter Huss,Wake Forest,DL,74.0,297.0,3.0,0.8359,Gastonia,NC,USA,"{'latitude': 35.2622158, 'longitude': -81.1838794, 'fipsCode': '37071'}"
117268,4602186,HighSchool,2021,1581.0,Jaymond Jackson,Lindale,Lamar,LB,75.0,205.0,3.0,0.8359,Lindale,TX,USA,"{'latitude': 32.5156971, 'longitude': -95.4093998, 'fipsCode': '48423'}"
117272,4875978,HighSchool,2021,1581.0,Steffan Johnson,Venice,Michigan State,CB,72.0,160.0,3.0,0.8359,Venice,FL,USA,"{'latitude': 27.0999188, 'longitude': -82.4543597, 'fipsCode': '12115'}"
117269,4683425,HighSchool,2021,1581.0,PJ Johnson III,Lake Charles College Prep,New Mexico State,WR,69.5,154.0,3.0,0.8359,Lake Charles,LA,USA,"{'latitude': 30.2265949, 'longitude': -93.2173759, 'fipsCode': '22019'}"
117271,4594336,HighSchool,2021,1581.0,Miles Capers,Sumter,Vanderbilt,EDGE,77.0,220.0,3.0,0.8359,Sumter,SC,USA,"{'latitude': 33.9204354, 'longitude': -80.3414693, 'fipsCode': '45085'}"
117274,4684088,HighSchool,2021,1581.0,KaRon White,Sparkman,App State,DL,74.0,275.0,3.0,0.8359,Harvest,AL,USA,"{'latitude': 34.857193249999995, 'longitude': -86.74907012252524, 'fipsCode': '01089'}"
117275,,HighSchool,2021,1588.0,Jerrell Boykins Jr.,East Ascension,Louisiana Tech,DL,76.0,290.0,3.0,0.8356,Gonzales,LA,USA,"{'latitude': 30.2385294, 'longitude': -90.9200987, 'fipsCode': '48177'}"
117280,,HighSchool,2021,1589.0,Boaz Saint-Vil,St. Thomas Aquinas,UAB,DL,74.0,341.0,3.0,0.8356,Fort Lauderdale,FL,USA,"{'latitude': 26.1223084, 'longitude': -80.1433786, 'fipsCode': '12011'}"
117277,4694814,HighSchool,2021,1589.0,Anthony Franklin,Pinnacle,Stanford,EDGE,76.0,240.0,3.0,0.8356,Phoenix,AZ,USA,"{'latitude': 33.4484367, 'longitude': -112.0741417, 'fipsCode': '04013'}"
117286,4700137,HighSchool,2021,1589.0,Tanaka Scott,Murphy,Kansas,WR,76.0,190.0,3.0,0.8356,Mobile,AL,USA,"{'latitude': 30.6943566, 'longitude': -88.0430541, 'fipsCode': '01097'}"
117284,4683501,HighSchool,2021,1589.0,Emmett Morehead,Episcopal,Boston College,QB,78.0,225.0,3.0,0.8356,Alexandria,VA,USA,"{'latitude': 38.8051095, 'longitude': -77.0470229, 'fipsCode': '51510'}"
117291,4683328,HighSchool,2021,1589.0,Malik Rainey,Bolingbrook,Cincinnati,CB,71.0,175.0,3.0,0.8356,Bolingbrook,IL,USA,"{'latitude': 41.7003302, 'longitude': -88.0717708, 'fipsCode': '17197'}"
117287,4682787,HighSchool,2021,1589.0,Quayde Hawkins,Bainbridge,Troy,QB,73.0,180.0,3.0,0.8356,Bainbridge,GA,USA,"{'latitude': 30.9038252, 'longitude': -84.5754768, 'fipsCode': '13087'}"
117276,4431564,HighSchool,2021,1589.0,George Miki-Han,Mater Dei,Colorado State,IOL,71.0,310.0,3.0,0.8356,Santa Ana,CA,USA,"{'latitude': 33.7494951, 'longitude': -117.8732213, 'fipsCode': '06059'}"
117283,4592532,HighSchool,2021,1589.0,Billy Edwards Jr.,Lake Braddock,Wake Forest,QB,75.0,215.0,3.0,0.8356,Burke,VA,USA,"{'latitude': 38.7771321, 'longitude': -77.2754691, 'fipsCode': '51059'}"
117288,4612837,HighSchool,2021,1589.0,CJ Ross,Trinity Christian Academy,South Florida,LB,71.0,200.0,3.0,0.8356,Jacksonville,FL,USA,"{'latitude': 30.3321838, 'longitude': -81.655651, 'fipsCode': '12031'}"
117292,4682758,HighSchool,2021,1589.0,Tommy Doman,Orchard Lake St. Mary's,Michigan,P,75.0,170.0,3.0,0.8356,Orchard Lake,MI,USA,"{'latitude': 42.5869558, 'longitude': -83.36895696372882, 'fipsCode': '26125'}"
117285,4683095,HighSchool,2021,1589.0,Ronnie Garza,Robert Vela,UTSA,OT,78.0,295.0,3.0,0.8356,Edinburg,TX,USA,"{'latitude': 26.3013982, 'longitude': -98.1624501, 'fipsCode': '48215'}"
117289,4683558,HighSchool,2021,1589.0,Jibrahn Claude,Grayson,Buffalo,S,71.0,185.0,3.0,0.8356,Loganville,GA,USA,"{'latitude': 33.8389977, 'longitude': -83.9007382, 'fipsCode': '13297'}"
117278,4872999,HighSchool,2021,1589.0,Cam'Ron Ransom,Armwood,Georgia Southern,QB,75.0,210.0,3.0,0.8356,LAKELAND,FL,USA,"{'latitude': 28.0394654, 'longitude': -81.9498042, 'fipsCode': '12105'}"
117290,4682622,HighSchool,2021,1589.0,Caleb Tubbs,Winton Woods,Miami (OH),CB,73.0,180.0,3.0,0.8356,Cincinnati,OH,USA,"{'latitude': 39.1014537, 'longitude': -84.5124602, 'fipsCode': '39061'}"
117281,4570042,HighSchool,2021,1589.0,Ikenna Ugbaja,Belmont Hill School,Yale,DL,74.0,268.0,3.0,0.8356,Hyde Park,MA,USA,"{'latitude': 42.2556543, 'longitude': -71.1244963, 'fipsCode': '25025'}"
117279,4603751,HighSchool,2021,1589.0,Bryce McMorris,Bridgeland,SMU,S,72.0,175.0,3.0,0.8356,Cypress,TX,USA,"{'latitude': 29.9691116, 'longitude': -95.6971686, 'fipsCode': '48201'}"
117282,4684429,HighSchool,2021,1589.0,Matthew Alexander,Buford,UCF,DL,75.0,260.0,3.0,0.8356,Buford,GA,USA,"{'latitude': 34.1206564, 'longitude': -84.0043513, 'fipsCode': '13135'}"
117293,4893783,HighSchool,2021,1606.0,Nick Patterson,Choate Rosemary Hall,Princeton,TE,75.0,225.0,3.0,0.8352,San Antonio,TX,USA,"{'latitude': 29.4246002, 'longitude': -98.4951405, 'fipsCode': '48029'}"
117294,4714115,HighSchool,2021,1607.0,Jordan Palmer,Chattahoochee,UAB,WR,75.0,190.0,3.0,0.835,Alpharetta,GA,USA,"{'latitude': 34.0709576, 'longitude': -84.2747329, 'fipsCode': '13121'}"
117307,4683831,HighSchool,2021,1608.0,Cruz Temple,Abbeville,East Carolina,S,71.0,205.0,3.0,0.8348,Abbeville,SC,USA,"{'latitude': 34.1779495, 'longitude': -82.3792463, 'fipsCode': '45001'}"
117299,4683045,HighSchool,2021,1608.0,Zhighlil McMillan,Frisco Independence,North Texas,WR,73.0,190.0,3.0,0.8348,Frisco,TX,USA,"{'latitude': 33.1506744, 'longitude': -96.8236116, 'fipsCode': '48085'}"
117297,4875782,HighSchool,2021,1608.0,Dominik Calhoun,Brazosport,Louisiana Tech,LB,72.5,210.0,3.0,0.8348,Freeport,TX,USA,"{'latitude': 28.9541368, 'longitude': -95.3596617, 'fipsCode': '48039'}"
117306,4682777,HighSchool,2021,1608.0,Key'Savalyn Barnes,Logansport,Louisiana,CB,72.0,190.0,3.0,0.8348,Logansport,LA,USA,"{'latitude': 31.975445, 'longitude': -93.9979678, 'fipsCode': '18017'}"
117303,,HighSchool,2021,1608.0,Jaali Parker,Mount Carmel,Western Michigan,S,72.0,185.0,3.0,0.8348,Chicago,IL,USA,"{'latitude': 41.8755616, 'longitude': -87.6244212, 'fipsCode': '17031'}"
117308,,HighSchool,2021,1608.0,Zyin Thomas,Atlantic,UCF,DL,74.0,260.0,3.0,0.8348,Delray Beach,FL,USA,"{'latitude': 26.4614625, 'longitude': -80.0728201, 'fipsCode': '12099'}"
117301,4683271,HighSchool,2021,1608.0,Jayleen Record,Dallas Madison,SMU,WR,68.0,160.0,3.0,0.8348,Dallas,TX,USA,"{'latitude': 32.7762719, 'longitude': -96.7968559, 'fipsCode': '48113'}"
117300,4684217,HighSchool,2021,1608.0,Bryun Parham,Long Beach Poly,San José State,LB,73.0,210.0,3.0,0.8348,Long Beach,CA,USA,"{'latitude': 33.7690164, 'longitude': -118.1916048, 'fipsCode': '06037'}"
117305,4684543,HighSchool,2021,1608.0,Julian Neal,Mission,Fresno State,ATH,76.0,195.0,3.0,0.8348,San Francisco,CA,USA,"{'latitude': 37.7790262, 'longitude': -122.4199061, 'fipsCode': '06075'}"
117296,,HighSchool,2021,1608.0,Chavion Smith,Statesville,Charlotte,RB,69.0,195.0,3.0,0.8348,Statesville,NC,USA,"{'latitude': 35.7826363, 'longitude': -80.8872959, 'fipsCode': '37097'}"
117309,4690591,HighSchool,2021,1608.0,Cole Best,Trinity Preparatory School,South Florida,IOL,76.0,275.0,3.0,0.8348,Winter Park,FL,USA,"{'latitude': 26.13784445, 'longitude': -81.75399813758739, 'fipsCode': '12021'}"
117304,4709391,HighSchool,2021,1608.0,Adrian Shepherd,McKinney,Washington State,S,70.0,180.0,3.0,0.8348,McKinney,TX,USA,"{'latitude': 33.1976496, 'longitude': -96.6154471, 'fipsCode': '48085'}"
117298,4682647,HighSchool,2021,1608.0,Carson Briggs,Traverse City Central,Western Michigan,OT,78.0,290.0,3.0,0.8348,Traverse City,MI,USA,"{'latitude': 44.7606441, 'longitude': -85.6165301, 'fipsCode': '26055'}"
117302,4684004,HighSchool,2021,1608.0,Dylan Rosiek,East Lake,Illinois,LB,73.0,210.0,3.0,0.8348,Tarpon Springs,FL,USA,"{'latitude': 28.148082950000003, 'longitude': -82.74380159717906, 'fipsCode': '12103'}"
117295,4603198,HighSchool,2021,1608.0,Caleb Spann,John Curtis,Central Michigan,S,70.0,170.0,3.0,0.8348,New Orleans,LA,USA,"{'latitude': 29.9499323, 'longitude': -90.0701156, 'fipsCode': '22071'}"
117310,4575215,HighSchool,2021,1623.0,Ben Easters,Brownsburg,Kansas,QB,75.0,195.0,3.0,0.8344,Brownsburg,IN,USA,"{'latitude': 39.8433769, 'longitude': -86.3977736, 'fipsCode': '18063'}"
117313,4683167,HighSchool,2021,1623.0,Sander Sahaydak,Liberty,Penn State,K,74.0,160.0,3.0,0.8344,Bethlehem,PA,USA,"{'latitude': 40.6178915, 'longitude': -75.3786521, 'fipsCode': '42095'}"
117312,4879280,HighSchool,2021,1623.0,Brandon Calloway,Griffin,Purdue,CB,74.0,175.0,3.0,0.8344,Griffin,GA,USA,"{'latitude': 33.2467807, 'longitude': -84.2640904, 'fipsCode': '13255'}"
117311,4686357,HighSchool,2021,1623.0,Gamarion Carter,Stephens County,Vanderbilt,WR,74.0,187.0,3.0,0.8344,Toccoa,GA,USA,"{'latitude': 34.5774368, 'longitude': -83.332881, 'fipsCode': '13257'}"
117314,4597312,HighSchool,2021,1627.0,Eli Blakey,Dupont Manual,Miami (OH),ATH,74.0,185.0,3.0,0.8341,Louisville,KY,USA,"{'latitude': 38.2542376, 'longitude': -85.759407, 'fipsCode': '21111'}"
117325,,HighSchool,2021,1628.0,Marco Fugar,St. Thomas Aquinas,Pittsburgh,IOL,76.0,270.0,3.0,0.8337,Fort Lauderdale,FL,USA,"{'latitude': 26.1223084, 'longitude': -80.1433786, 'fipsCode': '12011'}"
117332,4683280,HighSchool,2021,1628.0,Christian Hilborn,Highland,Washington State,OT,77.0,280.0,3.0,0.8337,Salt Lake City,UT,USA,"{'latitude': 40.7596198, 'longitude': -111.8867975, 'fipsCode': '49035'}"
117317,4875623,HighSchool,2021,1628.0,Bo Maile,Bingham,Utah State,EDGE,75.0,230.0,3.0,0.8337,South Jordan,UT,USA,"{'latitude': 40.5621704, 'longitude': -111.929658, 'fipsCode': '49035'}"
117320,4700140,HighSchool,2021,1628.0,Bryce Biggs,Spring Valley,West Virginia,OT,78.0,270.0,3.0,0.8337,Huntington,WV,USA,"{'latitude': 38.4192496, 'longitude': -82.445154, 'fipsCode': '54011'}"
117316,4683329,HighSchool,2021,1628.0,Elijah Rikard,University Of Detroit Jesuit,Central Michigan,S,73.0,180.0,3.0,0.8337,Detroit,MI,USA,"{'latitude': 42.3315509, 'longitude': -83.0466403, 'fipsCode': '26163'}"
117318,4683320,HighSchool,2021,1628.0,Trevor Moffitt,South Sumter,App State,LB,73.0,198.0,3.0,0.8337,Bushnell,FL,USA,"{'latitude': 28.6644827, 'longitude': -82.1117399, 'fipsCode': '12119'}"
117322,4612621,HighSchool,2021,1628.0,Josh Atkins,Mansfield Timberview,Houston,OT,76.0,290.0,3.0,0.8337,Arlington,TX,USA,"{'latitude': 32.701938999999996, 'longitude': -97.10562379033699, 'fipsCode': '48439'}"
117315,4682649,HighSchool,2021,1628.0,Conor Easthope,Pioneer,Harvard,QB,74.0,186.0,3.0,0.8337,Ann Arbor,MI,USA,"{'latitude': 42.2681569, 'longitude': -83.7312291, 'fipsCode': '26161'}"
117330,4683923,HighSchool,2021,1628.0,Banks Pope,A.C. Flora,Clemson,TE,76.0,235.0,3.0,0.8337,Columbia,SC,USA,"{'latitude': 34.0007493, 'longitude': -81.0343313, 'fipsCode': '45079'}"
117323,4684332,HighSchool,2021,1628.0,Evan Graham,Boca Ciega,Georgia State,LB,74.0,218.0,3.0,0.8337,St. Petersburg,FL,USA,"{'latitude': 27.7703796, 'longitude': -82.6695085, 'fipsCode': '12103'}"
117324,4676565,HighSchool,2021,1628.0,Keeon Terrell,Fort Myers,South Florida,DL,75.0,220.0,3.0,0.8337,Fort Myers,FL,USA,"{'latitude': 26.640628, 'longitude': -81.8723084, 'fipsCode': '12071'}"
117328,4710856,HighSchool,2021,1628.0,Travonte O'Neal,Vero Beach,Florida International,DL,75.0,240.0,3.0,0.8337,Vero Beach,FL,USA,"{'latitude': 27.6387163, 'longitude': -80.3975399, 'fipsCode': '12061'}"
117326,4683924,HighSchool,2021,1628.0,Andrew Madrigal,Norco,Nevada,IOL,76.0,280.0,3.0,0.8337,Norco,CA,USA,"{'latitude': 33.9323307, 'longitude': -117.5508901, 'fipsCode': '06065'}"
117327,4684431,HighSchool,2021,1628.0,Julius Barfield,Eau Gallie,Florida Atlantic,DL,76.0,220.0,3.0,0.8337,Melbourne,FL,USA,"{'latitude': 28.0836269, 'longitude': -80.6081089, 'fipsCode': '12009'}"
117319,4683590,HighSchool,2021,1628.0,Chris King,Christ the King,Buffalo,EDGE,75.0,235.0,3.0,0.8337,Middle Village,NY,USA,"{'latitude': 40.7182153, 'longitude': -73.87867088764077, 'fipsCode': '36081'}"
117331,4912360,HighSchool,2021,1628.0,Jacquez Williams,Jenkins,South Florida,DL,74.0,270.0,3.0,0.8337,Savannah,GA,USA,"{'latitude': 32.0809263, 'longitude': -81.0911768, 'fipsCode': '13051'}"
117329,4682999,HighSchool,2021,1628.0,Makilan Thomas,Little Rock Central,Arkansas State,IOL,75.0,295.0,3.0,0.8337,Little Rock,AR,USA,"{'latitude': 34.7464809, 'longitude': -92.2895948, 'fipsCode': '05119'}"
117321,4685783,HighSchool,2021,1628.0,Daniel Pilgrim,North Fort Myers,Florida International,TE,74.0,215.0,3.0,0.8337,North Fort Myers,FL,USA,"{'latitude': 26.6728666, 'longitude': -81.8840848, 'fipsCode': '12071'}"
117334,5094668,HighSchool,2021,1646.0,Aaron Jones,Bartram Trail,Coastal Carolina,RB,67.0,160.0,3.0,0.8333,Jacksonville,FL,USA,"{'latitude': 30.3321838, 'longitude': -81.655651, 'fipsCode': '12031'}"
117340,4712883,HighSchool,2021,1646.0,Terrell Pack,Sarasota,Middle Tennessee,WR,75.0,195.0,3.0,0.8333,Sarasota,FL,USA,"{'latitude': 27.3364347, 'longitude': -82.5306527, 'fipsCode': '12115'}"
117333,4610132,HighSchool,2021,1646.0,Jack Brandon,Cheshire Academy,Boston College,QB,75.0,192.0,3.0,0.8333,Cheshire,CT,USA,"{'latitude': 41.4989861, 'longitude': -72.900658, 'fipsCode': '09009'}"
117336,,HighSchool,2021,1646.0,Dwight Dassaw,Miami Palmetto,Florida Atlantic,DL,73.0,225.0,3.0,0.8333,Miami,FL,USA,"{'latitude': 25.7742658, 'longitude': -80.1936589, 'fipsCode': '12086'}"
117335,,HighSchool,2021,1646.0,Jaden Williams,Columbia,,WR,71.0,160.0,3.0,0.8333,Lake City,FL,USA,"{'latitude': 30.1896756, 'longitude': -82.6392899, 'fipsCode': '12023'}"
117337,4698829,HighSchool,2021,1646.0,Jaden Gaines,Chattahoochee,Eastern Michigan,EDGE,77.0,228.0,3.0,0.8333,Alpharetta,GA,USA,"{'latitude': 34.0709576, 'longitude': -84.2747329, 'fipsCode': '13121'}"
117339,,HighSchool,2021,1646.0,Legend Doggett,Ola,,CB,72.0,170.0,3.0,0.8333,McDonough,GA,USA,"{'latitude': 33.4473361, 'longitude': -84.1468616, 'fipsCode': '13151'}"
117338,,HighSchool,2021,1646.0,Jayden Bodison,Gadsden County,,S,72.0,180.0,3.0,0.8333,Havana,FL,USA,"{'latitude': 30.6255617, 'longitude': -84.4153769, 'fipsCode': '12039'}"
117345,,HighSchool,2021,1654.0,Bobby Ezzard,North Gwinnett,,WR,73.0,178.0,3.0,0.8333,Suwanee,GA,USA,"{'latitude': 34.0514898, 'longitude': -84.0712997, 'fipsCode': '13135'}"
117346,,HighSchool,2021,1654.0,Michael Maginnis,Newnan,Samford,QB,72.5,182.0,3.0,0.8333,Newnan,GA,USA,"{'latitude': 33.3806716, 'longitude': -84.7996573, 'fipsCode': '13077'}"
117352,,HighSchool,2021,1654.0,Christien Hawks,Norton,Air Force,OT,76.0,262.0,3.0,0.8333,Norton,KS,USA,"{'latitude': 39.833895, 'longitude': -99.891511, 'fipsCode': '20137'}"
117348,4708099,HighSchool,2021,1654.0,Gus McGee,Miami Columbus,San Diego State,TE,77.0,220.0,3.0,0.8333,Newburyport,MA,USA,"{'latitude': 42.8125913, 'longitude': -70.8772751, 'fipsCode': '25009'}"
117354,4688551,HighSchool,2021,1654.0,Gavin Ellis,Topsail,Wake Forest,TE,77.0,225.0,3.0,0.8333,Hampstead,NC,USA,"{'latitude': 34.3676686, 'longitude': -77.7105332, 'fipsCode': '37141'}"
117342,4431651,HighSchool,2021,1654.0,Elijah Metcalf,Mallard Creek,Middle Tennessee,WR,69.0,170.0,3.0,0.8333,Charlotte,NC,USA,"{'latitude': 35.2272, 'longitude': -80.843083, 'fipsCode': '37119'}"
117349,5080697,HighSchool,2021,1654.0,Isaiah Glasker,Bingham,BYU,ATH,77.0,195.0,3.0,0.8333,South Jordan,UT,USA,"{'latitude': 40.5621704, 'longitude': -111.929658, 'fipsCode': '49035'}"
117353,,HighSchool,2021,1654.0,Arnez Madison,Manual Arts Senior,Oregon State,CB,74.0,170.0,3.0,0.8333,Los Angeles,CA,USA,"{'latitude': 34.0536909, 'longitude': -118.2427666, 'fipsCode': '06037'}"
117356,4569923,HighSchool,2021,1654.0,Andres Borregales,Champagnat Catholic - Hialeah,Miami,K,71.0,140.0,3.0,0.8333,Hialeah,FL,USA,"{'latitude': 25.8575963, 'longitude': -80.2781057, 'fipsCode': '12086'}"
117351,4683791,HighSchool,2021,1654.0,Jaden Coffen,St. Albans School,Temple,ATH,74.0,195.0,3.0,0.8333,Bowie,MD,USA,"{'latitude': 38.9429659, 'longitude': -76.731234, 'fipsCode': '24033'}"
117355,4602647,HighSchool,2021,1654.0,Christopher Johnson,Westside,UConn,ATH,74.0,203.0,3.0,0.8333,Jacksonville,FL,USA,"{'latitude': 30.3321838, 'longitude': -81.655651, 'fipsCode': '12031'}"
117347,4682866,HighSchool,2021,1654.0,Tajheem Lawson,Marian Catholic,Northern Illinois,RB,70.0,160.0,3.0,0.8333,Chicago Heights,IL,USA,"{'latitude': 41.5062834, 'longitude': -87.6357079, 'fipsCode': '17031'}"
117341,4572267,HighSchool,2021,1654.0,Elijah Spencer,Dutch Fork,Charlotte,WR,74.0,190.0,3.0,0.8333,Irmo,SC,USA,"{'latitude': 34.08846885, 'longitude': -81.18021121302588, 'fipsCode': '45063'}"
117343,4572264,HighSchool,2021,1654.0,Coleman Jeffcoat,Mallard Creek,Temple,WR,76.0,210.0,3.0,0.8333,Charlotte,NC,USA,"{'latitude': 35.2272, 'longitude': -80.843083, 'fipsCode': '37119'}"
117350,4683922,HighSchool,2021,1654.0,Caden Sullivan,Boiling Springs,App State,S,73.0,185.0,3.0,0.8333,Boiling Springs,SC,USA,"{'latitude': 35.04136, 'longitude': -81.97882024148419, 'fipsCode': '45083'}"
117344,4602968,HighSchool,2021,1654.0,Nate Hampton,Davie County,Liberty,QB,78.0,230.0,3.0,0.8333,Mocksville,NC,USA,"{'latitude': 35.8940236, 'longitude': -80.5617846, 'fipsCode': '37059'}"
117357,4710765,HighSchool,2021,1670.0,Jameson Tucker,Mauldin,Coastal Carolina,WR,73.0,185.0,3.0,0.833,Mauldin,SC,USA,"{'latitude': 34.77873, 'longitude': -82.310119, 'fipsCode': '45045'}"
117364,4683456,HighSchool,2021,1671.0,Max Modeste,Byron Nelson,UConn,RB,72.0,190.0,3.0,0.8326,Trophy Club,TX,USA,"{'latitude': 33.00367, 'longitude': -97.20303354151261, 'fipsCode': '48121'}"
117367,4686080,HighSchool,2021,1671.0,Larson Workman,Ganado,Kansas,OT,77.0,265.0,3.0,0.8326,Ganado,TX,USA,"{'latitude': 29.0396292, 'longitude': -96.5122845, 'fipsCode': '48239'}"
117366,,HighSchool,2021,1671.0,Xavier Evans,Laurel,,RB,68.0,195.0,3.0,0.8326,Laurel,MS,USA,"{'latitude': 31.74096, 'longitude': -89.13382003619111, 'fipsCode': '28067'}"
117358,,HighSchool,2021,1671.0,Chris Phillips,Boca Ciega,,RB,69.0,165.0,3.0,0.8326,St. Petersburg,FL,USA,"{'latitude': 27.7703796, 'longitude': -82.6695085, 'fipsCode': '12103'}"
117368,4693395,HighSchool,2021,1671.0,Peyton Stevenson,Demopolis,Rice,ATH,75.0,190.0,3.0,0.8326,Demopolis,AL,USA,"{'latitude': 32.5178284, 'longitude': -87.8368201, 'fipsCode': '01091'}"
117363,,HighSchool,2021,1671.0,Donovan Dreighton,San Antonio Brennan,Incarnate Word,S,74.0,200.0,3.0,0.8326,San Antonio,TX,USA,"{'latitude': 29.4246002, 'longitude': -98.4951405, 'fipsCode': '48029'}"
117360,4683279,HighSchool,2021,1671.0,Jared Gibble,Oak Grove,Virginia Tech,TE,76.0,225.0,3.0,0.8326,Winston Salem,NC,USA,"{'latitude': 36.0998131, 'longitude': -80.2440518, 'fipsCode': '37067'}"
117359,4594205,HighSchool,2021,1671.0,Dontay Corleone,Colerain,Cincinnati,DL,74.0,295.0,3.0,0.8326,Cincinnati,OH,USA,"{'latitude': 39.1014537, 'longitude': -84.5124602, 'fipsCode': '39061'}"
117362,4687409,HighSchool,2021,1671.0,Josh Bertholotte,Landry-Walker,Hawai'i,LB,72.0,190.0,3.0,0.8326,New Orleans,LA,USA,"{'latitude': 29.9499323, 'longitude': -90.0701156, 'fipsCode': '22071'}"
117365,4875848,HighSchool,2021,1671.0,Parker Petersen,Father Ryan,Tulane,DL,78.0,240.0,3.0,0.8326,Nashville,TN,USA,"{'latitude': 36.1622296, 'longitude': -86.7743531, 'fipsCode': '47037'}"
117361,4685792,HighSchool,2021,1671.0,Zach Vode,Hobart,Western Michigan,ATH,75.0,210.0,3.0,0.8326,Hobart,IN,USA,"{'latitude': 41.5322592, 'longitude': -87.2550353, 'fipsCode': '18089'}"
117369,,HighSchool,2021,1682.0,Jalen Jones,South Oak Cliff,,LB,69.5,202.0,3.0,0.8322,Dallas,TX,USA,"{'latitude': 32.7762719, 'longitude': -96.7968559, 'fipsCode': '48113'}"
117370,,HighSchool,2021,1682.0,Matt Marshall,William Penn Charter,,CB,70.0,175.0,3.0,0.8322,Philadelphia,PA,USA,"{'latitude': 39.9527237, 'longitude': -75.1635262, 'fipsCode': '42101'}"
117372,5084965,HighSchool,2021,1682.0,Isaiah World,San Diego Lincoln,Nevada,OT,80.0,270.0,3.0,0.8322,San Diego,CA,USA,"{'latitude': 32.7174209, 'longitude': -117.1627714, 'fipsCode': '06073'}"
117371,4709668,HighSchool,2021,1682.0,Jacob Merrifield,Winder-Barrow,Florida Atlantic,DL,75.0,265.0,3.0,0.8322,Winder,GA,USA,"{'latitude': 33.9919085, 'longitude': -83.7184368, 'fipsCode': '13013'}"
117373,4590295,HighSchool,2021,1686.0,Thomas Zsiros,St. John's Jesuit,Toledo,WR,75.0,202.0,3.0,0.8319,Toledo,OH,USA,"{'latitude': 41.6786754, 'longitude': -83.5127283, 'fipsCode': '39095'}"
117390,4710767,HighSchool,2021,1687.0,Corey Walker,Normal Community,Western Michigan,TE,78.0,240.0,3.0,0.8317,Normal,IL,USA,"{'latitude': 40.5117699, 'longitude': -88.9944815, 'fipsCode': '17113'}"
117387,4710791,HighSchool,2021,1687.0,Curtis Nixon,Maret School,Old Dominion,TE,77.0,210.0,3.0,0.8317,Washington,DC,USA,"{'latitude': 38.8949855, 'longitude': -77.0365708, 'fipsCode': '11001'}"
117382,4878271,HighSchool,2021,1687.0,Nick Ostlund,St. Margaret's Episcopal School,Pennsylvania,EDGE,75.0,260.0,3.0,0.8317,San Juan Capistrano,CA,USA,"{'latitude': 33.5016932, 'longitude': -117.6625509, 'fipsCode': '06059'}"
117381,4877814,HighSchool,2021,1687.0,Skylar Martin,Stone Bridge,James Madison,LB,75.0,225.0,3.0,0.8317,Ashburn,VA,USA,"{'latitude': 39.0437192, 'longitude': -77.4874899, 'fipsCode': '51107'}"
117385,4710635,HighSchool,2021,1687.0,J.B. Mitchell,Thompson,Eastern Michigan,WR,74.0,190.0,3.0,0.8317,Alabaster,AL,USA,"{'latitude': 33.2442813, 'longitude': -86.8163773, 'fipsCode': '01117'}"
117375,4879920,HighSchool,2021,1687.0,Jordan Burrell,Blythewood,Army,S,72.0,190.0,3.0,0.8317,Blythewood,SC,USA,"{'latitude': 34.2187005, 'longitude': -80.98456918011235, 'fipsCode': '45079'}"
117377,4708098,HighSchool,2021,1687.0,Kionte Curry,Cocoa,Illinois,S,73.0,190.0,3.0,0.8317,Cocoa,FL,USA,"{'latitude': 28.3553873, 'longitude': -80.7318827, 'fipsCode': '12009'}"
117386,,HighSchool,2021,1687.0,Rashaun Ramsey,Adelanto,,WR,71.0,165.0,3.0,0.8317,Adelanto,CA,USA,"{'latitude': 34.5827699, 'longitude': -117.409215, 'fipsCode': '06071'}"
117384,,HighSchool,2021,1687.0,Daine Hanson,Nazareth Academy,,DL,79.0,235.0,3.0,0.8317,La Grange Park,IL,USA,"{'latitude': 41.8333646, 'longitude': -87.8677324, 'fipsCode': '17031'}"
117383,,HighSchool,2021,1687.0,Caleb Anderson,Brandon,,WR,76.0,194.0,3.0,0.8317,Brandon,MS,USA,"{'latitude': 32.2731475, 'longitude': -89.9868058, 'fipsCode': '28121'}"
117379,,HighSchool,2021,1687.0,Josiah Perryman,Madison Central,,LB,72.0,196.0,3.0,0.8317,Madison,MS,USA,"{'latitude': 32.4618086, 'longitude': -90.1153638, 'fipsCode': '28089'}"
117378,,HighSchool,2021,1687.0,Isaiah Henderson,Salem,Air Force,EDGE,73.5,220.0,3.0,0.8317,Virginia Beach,VA,USA,"{'latitude': 36.8529841, 'longitude': -75.9774183, 'fipsCode': '51810'}"
117376,,HighSchool,2021,1687.0,Jaden McGill,Oak Park and River Forest,,ATH,72.0,180.0,3.0,0.8317,Oak Park,IL,USA,"{'latitude': 41.8878145, 'longitude': -87.7887615, 'fipsCode': '17031'}"
117374,,HighSchool,2021,1687.0,Jonah Carnell,Rancho Verde,Northern Arizona,WR,71.0,170.0,3.0,0.8317,Norco,CA,USA,"{'latitude': 33.9323307, 'longitude': -117.5508901, 'fipsCode': '06065'}"
117389,,HighSchool,2021,1687.0,Roscoe Gibson,Miami Edison,Tennessee State,WR,72.0,170.0,3.0,0.8317,Miami,FL,USA,"{'latitude': 25.7742658, 'longitude': -80.1936589, 'fipsCode': '12086'}"
117388,,HighSchool,2021,1687.0,Jadai Smith,Dr. Phillips,,S,74.0,170.0,3.0,0.8317,Orlando,FL,USA,"{'latitude': 28.5421109, 'longitude': -81.3790304, 'fipsCode': '12095'}"
117380,,HighSchool,2021,1687.0,Jakob Foss,Grissom,,QB,74.0,204.0,3.0,0.8317,Huntsville,AL,USA,"{'latitude': 34.729847, 'longitude': -86.5859011, 'fipsCode': '01089'}"
117416,4683252,HighSchool,2021,1704.0,Justin Michael,Poudre,Colorado State,OT,77.0,260.0,3.0,0.8315,Fort Collins,CO,USA,"{'latitude': 40.5508527, 'longitude': -105.0668085, 'fipsCode': '08069'}"
117400,4708238,HighSchool,2021,1704.0,George Gumbs Jr.,Simeon,Northern Illinois,WR,76.0,180.0,3.0,0.8315,Chicago,IL,USA,"{'latitude': 41.8755616, 'longitude': -87.6244212, 'fipsCode': '17031'}"
117408,4689360,HighSchool,2021,1704.0,Elijah Fuentes-Cundiff,Cardinal Hayes,Syracuse,DL,75.0,260.0,3.0,0.8315,Bronx,NY,USA,"{'latitude': 40.85048545, 'longitude': -73.84040355802088, 'fipsCode': '36005'}"
117397,4683572,HighSchool,2021,1704.0,JT Hand,Mission Viejo,Arizona,IOL,75.0,285.0,3.0,0.8315,Mission Viejo,CA,USA,"{'latitude': 33.5965685, 'longitude': -117.659405, 'fipsCode': '06059'}"
117406,4431631,HighSchool,2021,1704.0,Tyrell Davis,Hickory Ridge,Georgia Southern,S,73.0,180.0,3.0,0.8315,Harrisburg,NC,USA,"{'latitude': 35.3262523, 'longitude': -80.6446563, 'fipsCode': '37025'}"
117425,4693393,HighSchool,2021,1704.0,Javon Batten,Erasmus Hall,Massachusetts,ATH,75.0,182.0,3.0,0.8315,Brooklyn,NY,USA,"{'latitude': 40.6501038, 'longitude': -73.9495823, 'fipsCode': '36047'}"
117405,4690360,HighSchool,2021,1704.0,Trey Brown,Arcadia,Duke,LB,75.0,205.0,3.0,0.8315,Phoenix,AZ,USA,"{'latitude': 33.4484367, 'longitude': -112.0741417, 'fipsCode': '04013'}"
117420,4690606,HighSchool,2021,1704.0,Al'zillion Hamilton,Hayward,Fresno State,CB,71.0,180.0,3.0,0.8315,Hayward,CA,USA,"{'latitude': 37.6688205, 'longitude': -122.0807964, 'fipsCode': '06001'}"
117423,4683241,HighSchool,2021,1704.0,Micah Young,Southside,Wyoming,LB,74.0,210.0,3.0,0.8315,San Antonio,TX,USA,"{'latitude': 29.4246002, 'longitude': -98.4951405, 'fipsCode': '48029'}"
117429,4688595,HighSchool,2021,1704.0,Kevorian Barnes,San Augustine,UTSA,RB,69.0,190.0,3.0,0.8315,San Augustine,TX,USA,"{'latitude': 31.5299029, 'longitude': -94.1060282, 'fipsCode': '48405'}"
117403,4687594,HighSchool,2021,1704.0,Akanimo Asuquo,North Forney,Northern Illinois,LB,73.0,212.0,3.0,0.8315,Forney,TX,USA,"{'latitude': 32.747893, 'longitude': -96.4719289, 'fipsCode': '48257'}"
117411,,HighSchool,2021,1704.0,Pius Odjugo,River Rouge,Central Michigan,DL,75.0,324.0,3.0,0.8315,River Rouge,MI,USA,"{'latitude': 42.2729262, 'longitude': -83.1352891, 'fipsCode': '26163'}"
117413,,HighSchool,2021,1704.0,Nate Lewis,Jesuit,San José State,ATH,76.0,200.0,3.0,0.8315,Carmichael,CA,USA,"{'latitude': 38.62709845, 'longitude': -121.32224222755409, 'fipsCode': '06067'}"
117415,,HighSchool,2021,1704.0,Donald Lee,Klein Collins,Grambling,CB,74.0,178.0,3.0,0.8315,Spring,TX,USA,"{'latitude': 30.0798826, 'longitude': -95.4172549, 'fipsCode': '48201'}"
117421,,HighSchool,2021,1704.0,Logan Kraut,Maria Carrillo,Arizona,ATH,74.0,190.0,3.0,0.8315,Santa Rosa,CA,USA,"{'latitude': 38.4404925, 'longitude': -122.7141049, 'fipsCode': '06097'}"
117428,,HighSchool,2021,1704.0,Nathan Hoke,North Allegheny,BYU,LB,75.0,225.0,3.0,0.8315,Wexford,PA,USA,"{'latitude': 40.6264561, 'longitude': -80.055891, 'fipsCode': '42003'}"
117407,4684526,HighSchool,2021,1704.0,Jahaad Scales,Glenn,Old Dominion,S,72.0,185.0,3.0,0.8315,Kernersville,NC,USA,"{'latitude': 36.1198589, 'longitude': -80.0736533, 'fipsCode': '37067'}"
117422,4709776,HighSchool,2021,1704.0,Dominic Schofield,Milford,Massachusetts,LB,75.0,228.0,3.0,0.8315,Milford,MA,USA,"{'latitude': 42.1540735, 'longitude': -71.521871, 'fipsCode': '25027'}"
117404,4618083,HighSchool,2021,1704.0,Ethan Hampton,Aurora Christian Schools,Northern Illinois,QB,75.0,185.0,3.0,0.8315,Aurora,IL,USA,"{'latitude': 41.7571701, 'longitude': -88.3147539, 'fipsCode': '17089'}"
117417,4683916,HighSchool,2021,1704.0,Austyn Kauhi,Kamehameha Kapalama,Syracuse,OT,77.0,260.0,3.0,0.8315,Honolulu,HI,USA,"{'latitude': 21.304547, 'longitude': -157.8556764, 'fipsCode': '15003'}"
117426,4684373,HighSchool,2021,1704.0,Jeremiah Brown,Gadsden County,Jackson State,LB,74.0,217.0,3.0,0.8315,Carrabelle,FL,USA,"{'latitude': 29.8532645, 'longitude': -84.664348, 'fipsCode': '12037'}"
117427,4684387,HighSchool,2021,1704.0,Siaosi Finau,Renton,Washington,DL,75.0,300.0,3.0,0.8315,Renton,WA,USA,"{'latitude': 47.4799078, 'longitude': -122.2034496, 'fipsCode': '53033'}"
117394,4683915,HighSchool,2021,1704.0,Jatavious Magee,Federal Way,San Diego State,S,73.0,170.0,3.0,0.8315,Federal Way,WA,USA,"{'latitude': 47.313494, 'longitude': -122.3393103, 'fipsCode': '53033'}"
117399,4709652,HighSchool,2021,1704.0,Mandel Eugene,St. Charles Catholic,Tulane,LB,72.0,201.0,3.0,0.8315,La Place,LA,USA,"{'latitude': 30.0666, 'longitude': -90.4801, 'fipsCode': '01087'}"
117414,4683911,HighSchool,2021,1704.0,Damir Abdullah,Charter Oak,Colorado State,WR,77.0,190.0,3.0,0.8315,Covina,CA,USA,"{'latitude': 34.1024, 'longitude': -117.85486499999999, 'fipsCode': '06037'}"
117392,4685895,HighSchool,2021,1704.0,Tylon Dunlap,Harding University High,Georgia State,DL,72.0,240.0,3.0,0.8315,Charlotte,NC,USA,"{'latitude': 35.2272, 'longitude': -80.843083, 'fipsCode': '37119'}"
117410,5081769,HighSchool,2021,1704.0,Jhalin Hobbs,Lennard,South Florida,DL,74.0,280.0,3.0,0.8315,Ruskin,FL,USA,"{'latitude': 27.7208575, 'longitude': -82.4331528, 'fipsCode': '12057'}"
117430,4714019,HighSchool,2021,1704.0,Deavin Hilson,Des Moines North,Iowa,ATH,73.0,200.0,3.0,0.8315,Des Moines,IA,USA,"{'latitude': 41.5910641, 'longitude': -93.6037149, 'fipsCode': '19153'}"
117396,4683557,HighSchool,2021,1704.0,Dalton Dueweke,Eisenhower,Western Michigan,IOL,76.0,270.0,3.0,0.8315,Utica,MI,USA,"{'latitude': 42.6261446, 'longitude': -83.0335384, 'fipsCode': '26099'}"
117401,4686359,HighSchool,2021,1704.0,Shaun Grayson,La Mirada,UNLV,TE,76.0,225.0,3.0,0.8315,La Mirada,CA,USA,"{'latitude': 33.9060971, 'longitude': -118.0107092, 'fipsCode': '06037'}"
117419,4708558,HighSchool,2021,1704.0,Carson Casteel,Florence,Michigan State,LB,75.0,210.0,3.0,0.8315,Florence,AL,USA,"{'latitude': 34.79981, 'longitude': -87.677251, 'fipsCode': '01077'}"
117398,4602216,HighSchool,2021,1704.0,Omari Walker,McKinney,Arkansas State,WR,69.0,175.0,3.0,0.8315,McKinney,TX,USA,"{'latitude': 33.1976496, 'longitude': -96.6154471, 'fipsCode': '48085'}"
117424,4892106,HighSchool,2021,1704.0,Marlon Crockett,Cabot,Memphis,WR,76.0,190.0,3.0,0.8315,Searcy,AR,USA,"{'latitude': 35.2506406, 'longitude': -91.7362488, 'fipsCode': '05145'}"
117391,4698454,HighSchool,2021,1704.0,Knox Boyd,Denton Guyer,Charlotte,OT,76.0,290.0,3.0,0.8315,Denton,TX,USA,"{'latitude': 33.2150386, 'longitude': -97.1330516, 'fipsCode': '48121'}"
117395,4682914,HighSchool,2021,1704.0,Trevion Stevenson,Phoebus,North Carolina,EDGE,75.0,217.0,3.0,0.8315,Hampton,VA,USA,"{'latitude': 37.0520315, 'longitude': -76.2856365, 'fipsCode': '51650'}"
117402,4683646,HighSchool,2021,1704.0,Ezra McAllister,Marshall,Vanderbilt,ATH,72.0,170.0,3.0,0.8315,Marshall,MI,USA,"{'latitude': 42.2721367, 'longitude': -84.9642008, 'fipsCode': '26025'}"
117418,4880249,HighSchool,2021,1704.0,Tyler Magnuson,Wayzata,Syracuse,OT,77.0,260.0,3.0,0.8315,Wayzata,MN,USA,"{'latitude': 44.9741995, 'longitude': -93.5069942, 'fipsCode': '27053'}"
117393,4687329,HighSchool,2021,1704.0,Marsel McDuffie,South Grand Prairie,UNLV,LB,73.0,218.0,3.0,0.8315,Grand Prairie,TX,USA,"{'latitude': 32.657368000000005, 'longitude': -97.02846624175038, 'fipsCode': '48113'}"
117412,4687398,HighSchool,2021,1704.0,Jalen Rainey,San Antonio Brandeis,UTSA,S,74.0,180.0,3.0,0.8315,San Antonio,TX,USA,"{'latitude': 29.4246002, 'longitude': -98.4951405, 'fipsCode': '48029'}"
117409,4683912,HighSchool,2021,1704.0,Hunter Herring,Ouachita Christian School,Louisiana,QB,76.0,200.0,3.0,0.8315,Monroe,LA,USA,"{'latitude': 32.5093109, 'longitude': -92.1193012, 'fipsCode': '22073'}"
117434,4694148,HighSchool,2021,1744.0,Rayvon Crum,Pinson Valley,North Texas,OT,77.0,325.0,3.0,0.8311,Pinson,AL,USA,"{'latitude': 33.706205, 'longitude': -86.67007895992774, 'fipsCode': '01073'}"
117431,4686692,HighSchool,2021,1744.0,Carlton Brown,Mission College Preparatory Catholic,Nevada,TE,78.0,200.0,3.0,0.8311,San Luis Obispo,CA,USA,"{'latitude': 35.2827525, 'longitude': -120.6596156, 'fipsCode': '06079'}"
117432,,HighSchool,2021,1744.0,Renard Gwynn,Arlington Bowie,,EDGE,74.0,240.0,3.0,0.8311,Arlington,TX,USA,"{'latitude': 32.701938999999996, 'longitude': -97.10562379033699, 'fipsCode': '48439'}"
117433,4700609,HighSchool,2021,1744.0,Fernando Sanchez,Grayson,Central Michigan,LB,74.0,212.0,3.0,0.8311,Loganville,GA,USA,"{'latitude': 33.8389977, 'longitude': -83.9007382, 'fipsCode': '13297'}"
117435,4713275,HighSchool,2021,1744.0,Cayden Bridges,Magee,Auburn,S,74.0,190.0,3.0,0.8311,Magee,MS,USA,"{'latitude': 31.8737712, 'longitude': -89.7336852, 'fipsCode': '28127'}"
117436,,HighSchool,2021,1749.0,Cole Essek,Tampa Catholic,App State,OT,79.0,260.0,3.0,0.8307,Tampa,FL,USA,"{'latitude': 27.9477595, 'longitude': -82.458444, 'fipsCode': '12057'}"
117438,,HighSchool,2021,1750.0,Jamarian Samuel,Trinity Catholic,,RB,70.0,190.0,3.0,0.8306,Ocala,FL,USA,"{'latitude': 29.1871986, 'longitude': -82.1400923, 'fipsCode': '12083'}"
117437,,HighSchool,2021,1750.0,Derek Coombs,Holly Springs,,RB,74.0,200.0,3.0,0.8306,Holly Springs,NC,USA,"{'latitude': 35.6512655, 'longitude': -78.8336218, 'fipsCode': '37183'}"
117439,4714290,HighSchool,2021,1750.0,Fred Farrier II,Franklin County,UAB,WR,73.0,170.0,3.0,0.8306,Frankfort,KY,USA,"{'latitude': 38.2009055, 'longitude': -84.8732836, 'fipsCode': '21073'}"
117444,4682780,HighSchool,2021,1753.0,Jaggar Hebeisen,Colleyville Heritage,Rice,TE,76.0,225.0,3.0,0.8304,Colleyville,TX,USA,"{'latitude': 32.8809603, 'longitude': -97.155012, 'fipsCode': '48439'}"
117440,4683137,HighSchool,2021,1753.0,Drake Martinez,Houston St. Thomas,Colorado State,TE,75.0,215.0,3.0,0.8304,Houston,TX,USA,"{'latitude': 29.7589382, 'longitude': -95.3676974, 'fipsCode': '48201'}"
117441,4683470,HighSchool,2021,1753.0,Chance McDonald,Steilacoom,Western Kentucky,QB,74.0,205.0,3.0,0.8304,Steilacoom,WA,USA,"{'latitude': 47.1703692, 'longitude': -122.5962874, 'fipsCode': '53053'}"
117442,,HighSchool,2021,1753.0,Nasir Kemper,MacArthur,Oklahoma,LB,73.0,190.0,3.0,0.8304,Lawton,OK,USA,"{'latitude': 34.6086854, 'longitude': -98.3903305, 'fipsCode': '40031'}"
117443,4686032,HighSchool,2021,1753.0,Trent Ward,Klein Collins,North Texas,DL,75.0,250.0,3.0,0.8304,Spring,TX,USA,"{'latitude': 30.0798826, 'longitude': -95.4172549, 'fipsCode': '48201'}"
117449,,HighSchool,2021,1758.0,Jarrett Lucombe,Pope John Paul II,Western Kentucky,DL,76.0,230.0,3.0,0.83,Hendersonville,TN,USA,"{'latitude': 36.3049177, 'longitude': -86.621443, 'fipsCode': '47165'}"
117447,,HighSchool,2021,1758.0,Turner Hilburn,Royse City,Army,IOL,75.0,270.0,3.0,0.83,Royse City,TX,USA,"{'latitude': 32.9761045, 'longitude': -96.331334, 'fipsCode': '48397'}"
117448,5082475,HighSchool,2021,1758.0,Caymen Mills,Green Run,UL Monroe,CB,72.0,173.0,3.0,0.83,Virginia Beach,VA,USA,"{'latitude': 36.8529841, 'longitude': -75.9774183, 'fipsCode': '51810'}"
117446,4714242,HighSchool,2021,1758.0,Gerard Joseph,Pasadena Dobie,UTEP,DL,77.0,255.0,3.0,0.83,Houston,TX,USA,"{'latitude': 29.7589382, 'longitude': -95.3676974, 'fipsCode': '48201'}"
117445,4684977,HighSchool,2021,1758.0,Dre Pinckney,Boiling Springs,Coastal Carolina,S,70.5,170.0,3.0,0.83,Boiling Springs,SC,USA,"{'latitude': 35.04136, 'longitude': -81.97882024148419, 'fipsCode': '45083'}"
117450,4258419,HighSchool,2021,1763.0,Hunter Smith,Joe T. Robinson,UL Monroe,ATH,71.0,180.0,3.0,0.8296,Little Rock,AR,USA,"{'latitude': 34.7464809, 'longitude': -92.2895948, 'fipsCode': '05119'}"
117451,4682648,HighSchool,2021,1763.0,Malachi Fields,Monticello,Virginia,ATH,76.0,202.0,3.0,0.8296,Charlottesville,VA,USA,"{'latitude': 38.029306, 'longitude': -78.4766781, 'fipsCode': '51540'}"
117452,,HighSchool,2021,1765.0,Christian Abraham,St. Joseph Regional,,ATH,71.0,200.0,3.0,0.8296,Montvale,NJ,USA,"{'latitude': 41.0467635, 'longitude': -74.0229173, 'fipsCode': '34003'}"
117453,4686934,HighSchool,2021,1765.0,Damian Ilalio,Manhattan,Kansas State,DL,72.0,270.0,3.0,0.8296,Manhattan,KS,USA,"{'latitude': 39.1836082, 'longitude': -96.5716694, 'fipsCode': '20161'}"
117468,,HighSchool,2021,1767.0,Dru Polidore Jr.,Katy Tompkins,Air Force,CB,73.0,170.0,3.0,0.8293,Katy,TX,USA,"{'latitude': 29.7857853, 'longitude': -95.8243956, 'fipsCode': '48157'}"
117475,4685794,HighSchool,2021,1767.0,Fuches Lewis,Calvary Day School,Georgia State,DL,75.0,290.0,3.0,0.8293,Savannah,GA,USA,"{'latitude': 32.0809263, 'longitude': -81.0911768, 'fipsCode': '13051'}"
117455,4688835,HighSchool,2021,1767.0,Roman Hemby,John Carroll,Maryland,RB,72.0,195.0,3.0,0.8293,Bel Air,MD,USA,"{'latitude': 39.5355063, 'longitude': -76.3490396, 'fipsCode': '24025'}"
117476,4684883,HighSchool,2021,1767.0,Toler Keigley,Mobile Christian,Western Carolina,WR,73.0,180.0,3.0,0.8293,Mobile,AL,USA,"{'latitude': 30.6943566, 'longitude': -88.0430541, 'fipsCode': '01097'}"
117457,4684469,HighSchool,2021,1767.0,Jaymar Mundy,La Salle,Miami (OH),CB,72.0,170.0,3.0,0.8293,Cincinnati,OH,USA,"{'latitude': 39.1014537, 'longitude': -84.5124602, 'fipsCode': '39061'}"
117466,4684533,HighSchool,2021,1767.0,Zach Barlev,Plainfield East,Illinois,IOL,76.0,292.0,3.0,0.8293,Plainfield,IL,USA,"{'latitude': 41.6086711, 'longitude': -88.2054345, 'fipsCode': '17197'}"
117454,4710001,HighSchool,2021,1767.0,CJ Montes,Paraclete,New Mexico,QB,72.0,170.0,3.0,0.8293,Pasadena,CA,USA,"{'latitude': 34.1476452, 'longitude': -118.1444779, 'fipsCode': '06037'}"
117459,4877875,HighSchool,2021,1767.0,Tyrese Baptiste,Everett,Maine,ATH,70.0,175.0,3.0,0.8293,Everett,MA,USA,"{'latitude': 42.40843, 'longitude': -71.0536625, 'fipsCode': '25017'}"
117478,4709774,HighSchool,2021,1767.0,Quentavius Scandrett,Lovejoy,Eastern Michigan,S,75.0,195.0,3.0,0.8293,Hampton,GA,USA,"{'latitude': 33.3870578, 'longitude': -84.2829784, 'fipsCode': '13151'}"
117462,4431644,HighSchool,2021,1767.0,Makkah Jordan,Calvary Christian,Georgia State,S,70.0,182.0,3.0,0.8293,Bradenton,FL,USA,"{'latitude': 27.4989278, 'longitude': -82.5748194, 'fipsCode': '12081'}"
117473,4700456,HighSchool,2021,1767.0,Jaden Williams,Pflugerville Hendrickson,Boston College,WR,70.0,170.0,3.0,0.8293,Pflugerville,TX,USA,"{'latitude': 30.4393696, 'longitude': -97.6200043, 'fipsCode': '48453'}"
117477,,HighSchool,2021,1767.0,Robert Johnson,Memphis Academy of Health Sciences,North Texas,S,73.0,190.0,3.0,0.8293,Memphis,TN,USA,"{'latitude': 35.1490215, 'longitude': -90.0516285, 'fipsCode': '47157'}"
117471,,HighSchool,2021,1767.0,Drayton Charlton-Perrin,Glenbrook North,Ball State,TE,76.0,230.0,3.0,0.8293,Northbrook,IL,USA,"{'latitude': 42.128704, 'longitude': -87.8265089, 'fipsCode': '39061'}"
117458,,HighSchool,2021,1767.0,Ryan Kershaw,La Salle,Washington State,LB,74.0,220.0,3.0,0.8293,Yakima,WA,USA,"{'latitude': 46.601557, 'longitude': -120.5108421, 'fipsCode': '53077'}"
117474,4684419,HighSchool,2021,1767.0,Kavon Baptiste,John W. North,San José State,CB,75.0,180.0,3.0,0.8293,Riverside,CA,USA,"{'latitude': 33.9533546, 'longitude': -117.3961623, 'fipsCode': '06065'}"
117469,4679958,HighSchool,2021,1767.0,Willie Jones,Phillips Academy,Bowling Green,S,74.0,171.0,3.0,0.8293,Chicago,IL,USA,"{'latitude': 41.8755616, 'longitude': -87.6244212, 'fipsCode': '17031'}"
117463,4682698,HighSchool,2021,1767.0,Dominick Giudice,Mater Dei,Michigan,EDGE,76.0,250.0,3.0,0.8293,Freehold,NJ,USA,"{'latitude': 40.2601096, 'longitude': -74.2737573, 'fipsCode': '34025'}"
117480,4711408,HighSchool,2021,1767.0,Horatio Fields,New Manchester,Wake Forest,WR,75.0,190.0,3.0,0.8293,Douglasville,GA,USA,"{'latitude': 33.7514966, 'longitude': -84.7477136, 'fipsCode': '13097'}"
117456,4432740,HighSchool,2021,1767.0,Tony Muse,Lawrence Academy,Boston College,ATH,68.0,170.0,3.0,0.8293,Groton,MA,USA,"{'latitude': 42.6112242, 'longitude': -71.5745402, 'fipsCode': '25017'}"
117460,4682775,HighSchool,2021,1767.0,DQ James,Lancaster,Wyoming,RB,67.0,180.0,3.0,0.8293,Lancaster,TX,USA,"{'latitude': 32.5920798, 'longitude': -96.7561083, 'fipsCode': '48113'}"
117464,4685234,HighSchool,2021,1767.0,Tony McCray,Lake Cormorant,Georgia State,CB,71.0,170.0,3.0,0.8293,Lake Cormorant,MS,USA,"{'latitude': 34.9042635, 'longitude': -90.2145395, 'fipsCode': '28033'}"
117461,4682982,HighSchool,2021,1767.0,Justin Macias Jr.,Hempstead,UL Monroe,S,72.0,205.0,3.0,0.8293,Hempstead,TX,USA,"{'latitude': 30.0929491, 'longitude': -96.0806548, 'fipsCode': '48473'}"
117472,4685644,HighSchool,2021,1767.0,Jordan Johnson,Allen,Hawai'i,RB,69.0,165.0,3.0,0.8293,Allen,TX,USA,"{'latitude': 33.1031744, 'longitude': -96.6705503, 'fipsCode': '48085'}"
117465,4691317,HighSchool,2021,1767.0,Cord Kringlen,Holy Family,Boise State,OT,77.0,275.0,3.0,0.8293,Broomfield,CO,USA,"{'latitude': 39.9203827, 'longitude': -105.0691464, 'fipsCode': '08014'}"
117467,4612845,HighSchool,2021,1767.0,Malik Cooper,St. Joseph's Prep,Temple,WR,69.0,165.0,3.0,0.8293,Philadelphia,PA,USA,"{'latitude': 39.9527237, 'longitude': -75.1635262, 'fipsCode': '42101'}"
117479,4705595,HighSchool,2021,1767.0,Bryce Bohanon,Conway,Tulane,WR,70.0,175.0,3.0,0.8293,Conway,AR,USA,"{'latitude': 35.0886963, 'longitude': -92.4421011, 'fipsCode': '05045'}"
117470,4684973,HighSchool,2021,1767.0,Canaan Clark,Forsyth Central,East Carolina,OT,78.0,310.0,3.0,0.8293,Cumming,GA,USA,"{'latitude': 34.2073196, 'longitude': -84.1401926, 'fipsCode': '13117'}"
117481,4708163,HighSchool,2021,1794.0,Jorden McDonald,Salem,Virginia Tech,CB,76.0,217.0,3.0,0.8289,Salem,VA,USA,"{'latitude': 37.293378, 'longitude': -80.054667, 'fipsCode': '51775'}"
117484,5081064,HighSchool,2021,1795.0,Cash Jones,Brock,Georgia,RB,71.0,170.0,3.0,0.8285,Brock,TX,USA,"{'latitude': 32.6762432, 'longitude': -97.9408718, 'fipsCode': '48367'}"
117482,,HighSchool,2021,1795.0,Dequaveon Fuller,Lehigh Senior,,LB,71.0,209.0,3.0,0.8285,Lehigh Acres,FL,USA,"{'latitude': 26.6091509, 'longitude': -81.652407, 'fipsCode': '12071'}"
117483,4683266,HighSchool,2021,1795.0,Jalen Riven,Central Catholic,Toledo,LB,75.0,210.0,3.0,0.8285,Toledo,OH,USA,"{'latitude': 41.6786754, 'longitude': -83.5127283, 'fipsCode': '39095'}"
117486,,HighSchool,2021,1798.0,Henry Buckles,Hood River Valley,Oregon State,IOL,74.0,285.0,3.0,0.8281,Hood River,OR,USA,"{'latitude': 45.7087902, 'longitude': -121.5123728, 'fipsCode': '41027'}"
117496,4700135,HighSchool,2021,1798.0,Cam Fancher,Wayne,Marshall,QB,73.0,180.0,3.0,0.8281,Dayton,OH,USA,"{'latitude': 39.7589478, 'longitude': -84.1916069, 'fipsCode': '39113'}"
117487,4683255,HighSchool,2021,1798.0,Demarco Cuffey,IMG Academy,Buffalo,CB,70.5,173.0,3.0,0.8281,Bradenton,FL,USA,"{'latitude': 27.4989278, 'longitude': -82.5748194, 'fipsCode': '12081'}"
117497,4685829,HighSchool,2021,1798.0,Dre Washington,Hemphill,Louisiana,RB,68.0,205.0,3.0,0.8281,Hemphill,TX,USA,"{'latitude': 31.3407403, 'longitude': -93.846852, 'fipsCode': '48403'}"
117492,,HighSchool,2021,1798.0,Shawn Chappell Jr.,Southern Durham,North Carolina A&T,S,74.0,181.0,3.0,0.8281,Durham,NC,USA,"{'latitude': 35.996653, 'longitude': -78.9018053, 'fipsCode': '37063'}"
117491,4710859,HighSchool,2021,1798.0,Isaiah Rogers,Academy Park,Central Michigan,DL,76.0,270.0,3.0,0.8281,Sharon Hill,PA,USA,"{'latitude': 39.9063027, 'longitude': -75.2721402, 'fipsCode': '42045'}"
117494,4683721,HighSchool,2021,1798.0,Jordan Sandlin,Tampa Catholic,Florida Atlantic,OT,78.0,295.0,3.0,0.8281,Tampa,FL,USA,"{'latitude': 27.9477595, 'longitude': -82.458444, 'fipsCode': '12057'}"
117495,4711686,HighSchool,2021,1798.0,Caiden Woullard,Massillon Washington,Miami (OH),LB,76.0,210.0,3.0,0.8281,Massillon,OH,USA,"{'latitude': 40.7967244, 'longitude': -81.5215093, 'fipsCode': '39151'}"
117488,5092198,HighSchool,2021,1798.0,Kyson Hall,Maple Mountain,BYU,WR,71.0,175.0,3.0,0.8281,Spanish Fork,UT,USA,"{'latitude': 40.114955, 'longitude': -111.654923, 'fipsCode': '49049'}"
117485,4432798,HighSchool,2021,1798.0,Hutson Lillibridge,De Smet Jesuit,Tulane,IOL,75.0,292.0,3.0,0.8281,St. Louis,MO,USA,"{'latitude': 38.6268039, 'longitude': -90.1994097, 'fipsCode': '29510'}"
117489,4682822,HighSchool,2021,1798.0,Jayden Ramsey,Westside,App State,OT,78.0,235.0,3.0,0.8281,Anderson,SC,USA,"{'latitude': 34.5068601, 'longitude': -82.6506264, 'fipsCode': '45007'}"
117493,4684139,HighSchool,2021,1798.0,Sean Brown,Hough,NC State,S,73.0,190.0,3.0,0.8281,Cornelius,NC,USA,"{'latitude': 35.4817982, 'longitude': -80.8589501, 'fipsCode': '37119'}"
117490,4590562,HighSchool,2021,1798.0,Austin Dean,Berkeley Prep,Rutgers,LB,74.0,215.0,3.0,0.8281,Tampa,FL,USA,"{'latitude': 27.9477595, 'longitude': -82.458444, 'fipsCode': '12057'}"
117502,4682525,HighSchool,2021,1811.0,Aidan Siano,Prosper,Rice,LB,72.0,215.0,3.0,0.8278,Prosper,TX,USA,"{'latitude': 33.2385763, 'longitude': -96.7866058, 'fipsCode': '48085'}"
117505,4912241,HighSchool,2021,1811.0,Jahbari Hill,Atlantic,Florida Atlantic,CB,73.0,187.0,3.0,0.8278,Delray Beach,FL,USA,"{'latitude': 26.4614625, 'longitude': -80.0728201, 'fipsCode': '12099'}"
117504,,HighSchool,2021,1811.0,Yakiri Walker,DeSoto,UConn,IOL,75.0,270.0,3.0,0.8278,DeSoto,TX,USA,"{'latitude': 32.6061241, 'longitude': -96.865612653687, 'fipsCode': '48113'}"
117498,,HighSchool,2021,1811.0,Carson Cota,South Medford,Arizona,TE,77.0,222.0,3.0,0.8278,Medford,OR,USA,"{'latitude': 42.3264181, 'longitude': -122.8718605, 'fipsCode': '41029'}"
117499,,HighSchool,2021,1811.0,Tre Roberson,Thompson,Air Force,WR,75.0,195.0,3.0,0.8278,Alabaster,AL,USA,"{'latitude': 33.2442813, 'longitude': -86.8163773, 'fipsCode': '01117'}"
117501,,HighSchool,2021,1811.0,Patrick Turner,Highland Park,Navy,LB,74.0,220.0,3.0,0.8278,Dallas,TX,USA,"{'latitude': 32.7762719, 'longitude': -96.7968559, 'fipsCode': '48113'}"
117503,4709970,HighSchool,2021,1811.0,Montae Maxwell,Hart County,Georgia Southern,ATH,72.0,177.0,3.0,0.8278,Hartwell,GA,USA,"{'latitude': 34.3528825, 'longitude': -82.932087, 'fipsCode': '13147'}"
117506,4684970,HighSchool,2021,1811.0,Jimto Obidegwu,Archbishop Carroll,Temple,OT,77.0,285.0,3.0,0.8278,Brandywine,MD,USA,"{'latitude': 38.6967833, 'longitude': -76.8477485, 'fipsCode': '24033'}"
117507,4683727,HighSchool,2021,1811.0,Langston Hardy,Sandalwood,UConn,DL,75.0,220.0,3.0,0.8278,Jacksonville,FL,USA,"{'latitude': 30.3321838, 'longitude': -81.655651, 'fipsCode': '12031'}"
117500,4587719,HighSchool,2021,1811.0,Esean Carter,Martin Luther King,Toledo,DL,74.0,265.0,3.0,0.8278,Detroit,MI,USA,"{'latitude': 42.3315509, 'longitude': -83.0466403, 'fipsCode': '26163'}"
117510,4708068,HighSchool,2021,1821.0,Jathan Caldwell,Dickinson,Louisiana,TE,74.0,220.0,3.0,0.8274,Dickinson,TX,USA,"{'latitude': 29.4607876, 'longitude': -95.0513173, 'fipsCode': '48167'}"
117512,4694150,HighSchool,2021,1821.0,Kai Jessie,Henry,New Mexico,WR,77.0,195.0,3.0,0.8274,San Diego,CA,USA,"{'latitude': 32.7174209, 'longitude': -117.1627714, 'fipsCode': '06073'}"
117511,4880841,HighSchool,2021,1821.0,Jeremiah McClendon,Atlantic,Marshall,S,72.0,170.0,3.0,0.8274,Delray Beach,FL,USA,"{'latitude': 26.4614625, 'longitude': -80.0728201, 'fipsCode': '12099'}"
117508,4683208,HighSchool,2021,1821.0,Branden Alvarez,Corona Centennial,San José State,WR,71.0,180.0,3.0,0.8274,Corona,CA,USA,"{'latitude': 33.8752945, 'longitude': -117.5664449, 'fipsCode': '06065'}"
117509,,HighSchool,2021,1821.0,"Omar Simpson, Jr.",Stranahan,,CB,68.0,170.0,3.0,0.8274,Fort Lauderdale,FL,USA,"{'latitude': 26.1223084, 'longitude': -80.1433786, 'fipsCode': '12011'}"
117513,4684534,HighSchool,2021,1821.0,Marquez Bargman,Treasure Coast,Georgia State,IOL,75.0,286.0,3.0,0.8274,Port St. Lucie,FL,USA,"{'latitude': 27.2939333, 'longitude': -80.3503283, 'fipsCode': '12111'}"
117514,,HighSchool,2021,1827.0,Jalen Richmond,Chandler,Boise State,WR,72.0,175.0,3.0,0.827,Chandler,AZ,USA,"{'latitude': 33.3062223, 'longitude': -111.8413317, 'fipsCode': '04013'}"
117518,4691965,HighSchool,2021,1827.0,Drew Cornelius,Heard County,South Florida,IOL,77.0,271.0,3.0,0.827,Franklin,GA,USA,"{'latitude': 33.2776182, 'longitude': -85.0979973, 'fipsCode': '13149'}"
117516,4683275,HighSchool,2021,1827.0,Erron Bean,Huntington School,Louisiana Tech,DL,77.0,255.0,3.0,0.827,Shreveport,LA,USA,"{'latitude': 32.5221828, 'longitude': -93.7651944, 'fipsCode': '22017'}"
117515,,HighSchool,2021,1827.0,Malik Franklin,Rickards,,CB,73.0,182.0,3.0,0.827,Tallahassee,FL,USA,"{'latitude': 30.4380832, 'longitude': -84.2809332, 'fipsCode': '12073'}"
117517,4685132,HighSchool,2021,1827.0,Kevin Greene,Del City,North Texas,DL,75.0,280.0,3.0,0.827,Oklahoma City,OK,USA,"{'latitude': 35.4729886, 'longitude': -97.5170536, 'fipsCode': '40109'}"
117520,4683164,HighSchool,2021,1832.0,Shakhi Carson,West Orange,Kent State,RB,69.0,182.0,3.0,0.8267,West Orange,NJ,USA,"{'latitude': 40.7987113, 'longitude': -74.2390353, 'fipsCode': '34013'}"
117524,4684070,HighSchool,2021,1832.0,Wes Hoeh,Glenbard West,Syracuse,IOL,76.0,250.0,3.0,0.8267,Glen Ellyn,IL,USA,"{'latitude': 41.8775293, 'longitude': -88.0670118, 'fipsCode': '17043'}"
117521,4684082,HighSchool,2021,1832.0,Almarion Crim,Minor,Houston,OT,75.0,285.0,3.0,0.8267,Adamsville,AL,USA,"{'latitude': 33.6009389, 'longitude': -86.9561059, 'fipsCode': '01073'}"
117519,4700134,HighSchool,2021,1832.0,Marquise Brunson,Princess Anne,Liberty,DL,76.0,270.0,3.0,0.8267,Virginia Beach,VA,USA,"{'latitude': 36.8529841, 'longitude': -75.9774183, 'fipsCode': '51810'}"
117522,,HighSchool,2021,1832.0,Rae'quin Lee,Southfield,Ball State,RB,71.0,180.0,3.0,0.8267,Southfield,MI,USA,"{'latitude': 42.4733689, 'longitude': -83.2218731, 'fipsCode': '26125'}"
117523,5081515,HighSchool,2021,1832.0,Roderic Lewis,Memphis University School,Navy,ATH,71.0,175.0,3.0,0.8267,Memphis,TN,USA,"{'latitude': 35.1490215, 'longitude': -90.0516285, 'fipsCode': '47157'}"
117532,,HighSchool,2021,1838.0,Zach Myers,Evanston Township,Air Force,DL,76.0,245.0,3.0,0.8267,Evanston,IL,USA,"{'latitude': 42.0447388, 'longitude': -87.6930459, 'fipsCode': '17031'}"
117525,,HighSchool,2021,1838.0,Hunter Rice,Lord Botetourt,Army,RB,72.0,205.0,3.0,0.8267,Daleville,VA,USA,"{'latitude': 37.4200715, 'longitude': -79.92234624394857, 'fipsCode': '51023'}"
117526,,HighSchool,2021,1838.0,Griffin Duggan,Nansemond-Suffolk Academy,Virginia,OT,76.5,290.0,3.0,0.8267,Suffolk,VA,USA,"{'latitude': 36.7282096, 'longitude': -76.5835703, 'fipsCode': '51800'}"
117528,,HighSchool,2021,1838.0,Jamarion McDougle,Deerfield Beach,,WR,71.0,147.0,3.0,0.8267,Deerfield Beach,FL,USA,"{'latitude': 26.318342, 'longitude': -80.0996306, 'fipsCode': '12011'}"
117530,,HighSchool,2021,1838.0,Dawson Rivers,Tucker,,DL,73.5,208.0,3.0,0.8267,Tucker,GA,USA,"{'latitude': 33.8532701, 'longitude': -84.2200729, 'fipsCode': '13089'}"
117531,,HighSchool,2021,1838.0,Joseph Bray,St. Frances Academy,,RB,71.0,205.0,3.0,0.8267,Baltimore,MD,USA,"{'latitude': 39.2908816, 'longitude': -76.610759, 'fipsCode': '24510'}"
117535,,HighSchool,2021,1838.0,Tristyn Flores,Rancho Cucamonga,Idaho,CB,72.0,170.0,3.0,0.8267,Rancho Cucamonga,CA,USA,"{'latitude': 34.1033192, 'longitude': -117.5751735, 'fipsCode': '06071'}"
117536,,HighSchool,2021,1838.0,Bryce Fleetwood,Parkview,,WR,75.0,185.0,3.0,0.8267,Lilburn,GA,USA,"{'latitude': 33.8901036, 'longitude': -84.1429719, 'fipsCode': '13135'}"
117537,,HighSchool,2021,1838.0,Jamari Sirmons,Westlake,,RB,71.0,190.0,3.0,0.8267,Atlanta,GA,USA,"{'latitude': 33.7490987, 'longitude': -84.3901849, 'fipsCode': '13121'}"
117538,,HighSchool,2021,1838.0,Tyler Curtis,Parkview,,RB,73.0,225.0,3.0,0.8267,Lilburn,GA,USA,"{'latitude': 33.8901036, 'longitude': -84.1429719, 'fipsCode': '13135'}"
117539,,HighSchool,2021,1838.0,Harlan Obioha,Hoxie,,OT,83.0,300.0,3.0,0.8267,Hoxie,KS,USA,"{'latitude': 39.357505, 'longitude': -100.441807, 'fipsCode': '20179'}"
117529,4600410,HighSchool,2021,1838.0,Tre Shackelford,Austin,Austin Peay,WR,73.5,180.0,3.0,0.8267,Decatur,AL,USA,"{'latitude': 34.6060203, 'longitude': -86.9838165, 'fipsCode': '01103'}"
117533,4879312,HighSchool,2021,1838.0,Christian Wingfield,Hapeville Charter,Austin Peay,OT,79.0,270.0,3.0,0.8267,Atlanta,GA,USA,"{'latitude': 33.7490987, 'longitude': -84.3901849, 'fipsCode': '13121'}"
117527,5084765,HighSchool,2021,1838.0,Alani Ma'afu,Saguaro,Northern Arizona,DL,75.0,285.0,3.0,0.8267,Scottsdale,AZ,USA,"{'latitude': 33.4942189, 'longitude': -111.9260184, 'fipsCode': '04013'}"
117540,4874350,HighSchool,2021,1838.0,Will Jones,IMG Academy,Virginia Tech,OT,78.0,280.0,3.0,0.8267,Bradenton,FL,USA,"{'latitude': 27.4989278, 'longitude': -82.5748194, 'fipsCode': '12081'}"
117534,4708105,HighSchool,2021,1838.0,Levi McAffee,Robinson,Southern Illinois,CB,74.5,175.0,3.0,0.8267,Tampa,FL,USA,"{'latitude': 27.9477595, 'longitude': -82.458444, 'fipsCode': '12057'}"
117541,4683983,HighSchool,2021,1854.0,Shawqi Itraish,Braden River,Rice,QB,75.0,190.0,3.0,0.8263,Bradenton,FL,USA,"{'latitude': 27.4989278, 'longitude': -82.5748194, 'fipsCode': '12081'}"
117560,4709673,HighSchool,2021,1855.0,Jacob Pasley,Sebring,Florida Atlantic,TE,76.0,235.0,3.0,0.8259,Sebring,FL,USA,"{'latitude': 27.4957453, 'longitude': -81.4410425, 'fipsCode': '12055'}"
117550,4872942,HighSchool,2021,1855.0,Trevor Appelman,Mater Dei Catholic,New Mexico State,QB,77.0,185.0,3.0,0.8259,Chula Vista,CA,USA,"{'latitude': 32.6400541, 'longitude': -117.0841955, 'fipsCode': '06073'}"
117547,4603195,HighSchool,2021,1855.0,Kaden Rogers,Ross,Ohio,IOL,76.0,265.0,3.0,0.8259,Hamilton,OH,USA,"{'latitude': 39.3995067, 'longitude': -84.5613428, 'fipsCode': '39017'}"
117554,4682651,HighSchool,2021,1855.0,Diego Neri,Northwest,Bowling Green,LB,74.0,230.0,3.0,0.8259,Cincinnati,OH,USA,"{'latitude': 39.1014537, 'longitude': -84.5124602, 'fipsCode': '39061'}"
117559,4683344,HighSchool,2021,1855.0,Charles Arnold Jr.,Langston Hughes,Coastal Carolina,CB,69.0,165.0,3.0,0.8259,Fairburn,GA,USA,"{'latitude': 33.5670562, 'longitude': -84.5810418, 'fipsCode': '13121'}"
117563,4697843,HighSchool,2021,1855.0,Brendan Jones,Austin LBJ,Princeton,EDGE,74.0,225.0,3.0,0.8259,Austin,TX,USA,"{'latitude': 30.2711286, 'longitude': -97.7436995, 'fipsCode': '48453'}"
117566,,HighSchool,2021,1855.0,Sione Hingano,Chandler,BYU,OT,77.0,290.0,3.0,0.8259,Chandler,AZ,USA,"{'latitude': 33.3062223, 'longitude': -111.8413317, 'fipsCode': '04013'}"
117561,4683292,HighSchool,2021,1855.0,Alex Padgett,Avon Lake,Bowling Green,OT,78.0,310.0,3.0,0.8259,Avon Lake,OH,USA,"{'latitude': 41.510033, 'longitude': -82.0185895, 'fipsCode': '39093'}"
117556,4687374,HighSchool,2021,1855.0,Andrew Kilfoyl,Gaither,South Florida,OT,77.0,290.0,3.0,0.8259,Tampa,FL,USA,"{'latitude': 27.9477595, 'longitude': -82.458444, 'fipsCode': '12057'}"
117565,,HighSchool,2021,1855.0,Lawson Chandler,Bainbridge,Troy,OT,76.0,320.0,3.0,0.8259,Bainbridge,GA,USA,"{'latitude': 30.9038252, 'longitude': -84.5754768, 'fipsCode': '13087'}"
117553,4683449,HighSchool,2021,1855.0,Amahri McCray,Miami Northwestern,Florida International,LB,72.0,210.0,3.0,0.8259,Miami,FL,USA,"{'latitude': 25.7742658, 'longitude': -80.1936589, 'fipsCode': '12086'}"
117552,,HighSchool,2021,1855.0,Eric Reese,Dakota,Central Michigan,CB,71.0,170.0,3.0,0.8259,Macomb,MI,USA,"{'latitude': 42.6652, 'longitude': -82.9286, 'fipsCode': '17109'}"
117549,,HighSchool,2021,1855.0,Dallin Havea,Provo,BYU,ATH,75.0,215.0,3.0,0.8259,Provo,UT,USA,"{'latitude': 40.2338438, 'longitude': -111.6585337, 'fipsCode': '49049'}"
117545,4602785,HighSchool,2021,1855.0,Peyton Higgins,Mars Hill Bible School,Troy,WR,70.0,170.0,3.0,0.8259,Florence,AL,USA,"{'latitude': 34.79981, 'longitude': -87.677251, 'fipsCode': '01077'}"
117558,4683309,HighSchool,2021,1855.0,Grady Kelly,Navarre,Colorado State,DL,76.0,275.0,3.0,0.8259,Navarre,FL,USA,"{'latitude': 30.4019789, 'longitude': -86.8700821, 'fipsCode': '12113'}"
117557,4683052,HighSchool,2021,1855.0,Nasir Washington,West Des Moines Valley,Miami (OH),EDGE,75.0,230.0,3.0,0.8259,West Des Moines,IA,USA,"{'latitude': 41.5645337, 'longitude': -93.7595281, 'fipsCode': '19153'}"
117551,4683720,HighSchool,2021,1855.0,Caleb Cook,Brunswick,Georgia Southern,IOL,73.0,278.0,3.0,0.8259,Brunswick,GA,USA,"{'latitude': 31.1499528, 'longitude': -81.4914894, 'fipsCode': '13127'}"
117548,4683564,HighSchool,2021,1855.0,Caiden Miles,Peoria Centennial,Northern Arizona,OT,76.0,290.0,3.0,0.8259,Peoria,AZ,USA,"{'latitude': 33.5806115, 'longitude': -112.2372942, 'fipsCode': '04013'}"
117546,4682924,HighSchool,2021,1855.0,Angelo Butts,Living Word Christian,Miami (OH),WR,71.0,167.0,3.0,0.8259,Florissant,MO,USA,"{'latitude': 38.7919683, 'longitude': -90.3227803, 'fipsCode': '29189'}"
117562,4711115,HighSchool,2021,1855.0,J.J. Dervil,Lely,New Mexico State,ATH,75.0,185.0,3.0,0.8259,Naples,FL,USA,"{'latitude': 26.1421976, 'longitude': -81.7942944, 'fipsCode': '12021'}"
117555,4683175,HighSchool,2021,1855.0,Malik Brooks,Desert Pines,Fresno State,S,74.0,205.0,3.0,0.8259,Las Vegas,NV,USA,"{'latitude': 36.1672559, 'longitude': -115.1485163, 'fipsCode': '32003'}"
117542,4683104,HighSchool,2021,1855.0,Isaiah Sillemon,Lancaster,New Mexico,IOL,75.0,285.0,3.0,0.8259,Lancaster,TX,USA,"{'latitude': 32.5920798, 'longitude': -96.7561083, 'fipsCode': '48113'}"
117564,4683889,HighSchool,2021,1855.0,Damien Taylor,Tuscaloosa County,Troy,RB,70.0,180.0,3.0,0.8259,Northport,AL,USA,"{'latitude': 33.2449315, 'longitude': -87.6728397782913, 'fipsCode': '01125'}"
117543,4709997,HighSchool,2021,1855.0,Jaiden Brown,Helix,San Diego State,CB,71.0,160.0,3.0,0.8259,La Mesa,CA,USA,"{'latitude': 32.7678288, 'longitude': -117.0230839, 'fipsCode': '06073'}"
117544,4686731,HighSchool,2021,1855.0,Jordan Stringer,Laney,Troy,LB,72.0,225.0,3.0,0.8259,Augusta,GA,USA,"{'latitude': 33.4709714, 'longitude': -81.9748429, 'fipsCode': '13245'}"
117567,4879453,HighSchool,2021,1880.0,DeMarco Roberts,Aledo,Lamar,ATH,68.0,160.0,3.0,0.8256,Aledo,TX,USA,"{'latitude': 32.69900905, 'longitude': -97.60396629774493, 'fipsCode': '48367'}"
117569,4683259,HighSchool,2021,1880.0,Jordan Favors,Griffin,App State,S,71.0,185.0,3.0,0.8256,Griffin,GA,USA,"{'latitude': 33.2467807, 'longitude': -84.2640904, 'fipsCode': '13255'}"
117572,,HighSchool,2021,1880.0,Martavien Johnson,Massillon Washington,,ATH,69.0,170.0,3.0,0.8256,Massillon,OH,USA,"{'latitude': 40.7967244, 'longitude': -81.5215093, 'fipsCode': '39151'}"
117571,4684552,HighSchool,2021,1880.0,Taevion Clarke,Dr. Henry Wise,Old Dominion,LB,75.0,190.0,3.0,0.8256,Baltimore,MD,USA,"{'latitude': 39.2908816, 'longitude': -76.610759, 'fipsCode': '24510'}"
117570,4594447,HighSchool,2021,1880.0,Donnie Gray,Deerfield Academy,Northwestern,ATH,72.0,190.0,3.0,0.8256,New Haven,CT,USA,"{'latitude': 41.3082138, 'longitude': -72.9250518, 'fipsCode': '09009'}"
117568,,HighSchool,2021,1880.0,JoJo Blackmon,Escambia,,WR,70.0,175.0,3.0,0.8256,Pensacola,FL,USA,"{'latitude': 30.421309, 'longitude': -87.2169149, 'fipsCode': '12033'}"
117575,4683283,HighSchool,2021,1886.0,Connor Lytton,Radford,Boston College,K,74.0,195.0,3.0,0.8256,Radford,VA,USA,"{'latitude': 37.1317924, 'longitude': -80.5764477, 'fipsCode': '51750'}"
117573,4713655,HighSchool,2021,1886.0,Imari Jones,Lubbock Coronado,Texas Tech,CB,74.0,170.0,3.0,0.8256,Lubbock,TX,USA,"{'latitude': 33.5635206, 'longitude': -101.879336, 'fipsCode': '48303'}"
117574,4875419,HighSchool,2021,1886.0,Joe McFadden,Southlake Carroll,UConn,K,70.0,180.0,3.0,0.8256,Southlake,TX,USA,"{'latitude': 32.9412363, 'longitude': -97.1341783, 'fipsCode': '48439'}"
117576,4683852,HighSchool,2021,1889.0,Dez Williams,St. Mary's Ryken,Wake Forest,WR,74.0,200.0,3.0,0.8252,Leonardtown,MD,USA,"{'latitude': 38.2912431, 'longitude': -76.6357946, 'fipsCode': '24037'}"
117577,4691369,HighSchool,2021,1889.0,Alec Palella,Bartlett,Central Michigan,TE,77.0,220.0,3.0,0.8252,Bartlett,IL,USA,"{'latitude': 41.9908485, 'longitude': -88.1850028, 'fipsCode': '17031'}"
117578,4880167,HighSchool,2021,1889.0,Jackson Wiegold,Vernon Hills,Ball State,LB,74.0,220.0,3.0,0.8252,Vernon Hills,IL,USA,"{'latitude': 42.2204892, 'longitude': -87.9803604, 'fipsCode': '17097'}"
117579,4705855,HighSchool,2021,1892.0,Mason Fletcher,ProKick Australia,Cincinnati,P,79.0,,3.0,0.825,Australia,,AUS,"{'latitude': None, 'longitude': None, 'fipsCode': None}"
117580,4705927,HighSchool,2021,1892.0,Jevon Jackson,Austin,Austin Peay,RB,70.0,195.0,3.0,0.825,Decatur,AL,USA,"{'latitude': 34.6060203, 'longitude': -86.9838165, 'fipsCode': '01103'}"
117581,4710804,HighSchool,2021,1892.0,Josh Trice,Harris County,Georgia Southern,CB,71.0,170.0,3.0,0.825,Hamilton,GA,USA,"{'latitude': 32.7579107, 'longitude': -84.8749311, 'fipsCode': '13145'}"
117591,4709685,HighSchool,2021,1895.0,Marcus Williams,Hoover,Rice,S,72.0,195.0,3.0,0.8248,Hoover,AL,USA,"{'latitude': 33.3848933, 'longitude': -86.8070484, 'fipsCode': '01073'}"
117589,4875090,HighSchool,2021,1895.0,Patrick Smith,Holy Spirit,Vanderbilt,RB,71.0,185.0,3.0,0.8248,Absecon,NJ,USA,"{'latitude': 39.4284503, 'longitude': -74.4957076, 'fipsCode': '34001'}"
117585,4683472,HighSchool,2021,1895.0,Gus Zilinskas,Cherry Creek,Rutgers,IOL,75.0,263.0,3.0,0.8248,Englewood,CO,USA,"{'latitude': 39.6482059, 'longitude': -104.9879641, 'fipsCode': '08005'}"
117592,,HighSchool,2021,1895.0,Tharon Davis,Newport,Memphis,RB,70.0,170.0,3.0,0.8248,Newport,AR,USA,"{'latitude': 35.6048018, 'longitude': -91.2817951, 'fipsCode': '05067'}"
117590,4683278,HighSchool,2021,1895.0,Carson Bruno,C.E. Byrd,Louisiana Tech,DL,75.0,285.0,3.0,0.8248,Shreveport,LA,USA,"{'latitude': 32.5221828, 'longitude': -93.7651944, 'fipsCode': '22017'}"
117584,4689249,HighSchool,2021,1895.0,Ollie Finch,Etowah,Troy,WR,74.0,180.0,3.0,0.8248,Attalla,AL,USA,"{'latitude': 34.0217639, 'longitude': -86.0885851, 'fipsCode': '01055'}"
117583,4683647,HighSchool,2021,1895.0,Danijel Miletic,Germany,Virginia Tech,IOL,75.0,290.0,3.0,0.8248,Germany,,DEU,"{'latitude': None, 'longitude': None, 'fipsCode': None}"
117588,4683044,HighSchool,2021,1895.0,BJ Mayes,Heights,Incarnate Word,CB,72.0,170.0,3.0,0.8248,Houston,TX,USA,"{'latitude': 29.7589382, 'longitude': -95.3676974, 'fipsCode': '48201'}"
117586,4683003,HighSchool,2021,1895.0,Kybo Jamerson,Longview,UAB,LB,73.0,205.0,3.0,0.8248,Longview,TX,USA,"{'latitude': 32.5007031, 'longitude': -94.74049, 'fipsCode': '48183'}"
117587,4890184,HighSchool,2021,1895.0,Malichi Lowery,Auburndale,Duquesne,CB,70.0,165.0,3.0,0.8248,Auburndale,FL,USA,"{'latitude': 28.10708845, 'longitude': -81.80358011667643, 'fipsCode': '12105'}"
117582,4683885,HighSchool,2021,1895.0,Justice Cross,Deerfield Beach,Florida Atlantic,LB,74.0,220.0,3.0,0.8248,Deerfield Beach,FL,USA,"{'latitude': 26.318342, 'longitude': -80.0996306, 'fipsCode': '12011'}"
117596,4713657,HighSchool,2021,1906.0,Dre Spriggs,San Antonio Harlan,UTSA,WR,74.0,175.0,3.0,0.8244,San Antonio,TX,USA,"{'latitude': 29.4246002, 'longitude': -98.4951405, 'fipsCode': '48029'}"
117593,4432800,HighSchool,2021,1906.0,Luke Pinnick,West Marshall,Northern Illinois,OT,76.0,291.0,3.0,0.8244,Marshalltown,IA,USA,"{'latitude': 42.0442545, 'longitude': -92.9123388, 'fipsCode': '19127'}"
117597,4683223,HighSchool,2021,1906.0,Chris Wright,Aledo,North Texas,EDGE,75.0,220.0,3.0,0.8244,Aledo,TX,USA,"{'latitude': 32.69900905, 'longitude': -97.60396629774493, 'fipsCode': '48367'}"
117598,4687706,HighSchool,2021,1906.0,Josh Gesky,Manteno,Illinois,OT,77.0,265.0,3.0,0.8244,Manteno,IL,USA,"{'latitude': 41.2506759, 'longitude': -87.8314299, 'fipsCode': '17091'}"
117595,,HighSchool,2021,1906.0,Darius Chester,Miami Edison,,RB,66.0,177.0,3.0,0.8244,Miami,FL,USA,"{'latitude': 25.7742658, 'longitude': -80.1936589, 'fipsCode': '12086'}"
117594,,HighSchool,2021,1906.0,Shawn Williams,Imhotep Institute,,DL,76.0,260.0,3.0,0.8244,Philadelphia,PA,USA,"{'latitude': 39.9527237, 'longitude': -75.1635262, 'fipsCode': '42101'}"
117600,4684878,HighSchool,2021,1912.0,Jason Brooks,Mobile Christian,South Alabama,ATH,69.0,175.0,3.0,0.8241,Mobile,AL,USA,"{'latitude': 30.6943566, 'longitude': -88.0430541, 'fipsCode': '01097'}"
117605,,HighSchool,2021,1912.0,Tito Chikere,Fort Bend Kempner,Fresno State,DL,75.0,245.0,3.0,0.8241,Sugar Land,TX,USA,"{'latitude': 29.6196787, 'longitude': -95.6349463, 'fipsCode': '48157'}"
117603,4687396,HighSchool,2021,1912.0,Aaron Holloway,Legacy,UNLV,WR,71.0,180.0,3.0,0.8241,North Las Vegas,NV,USA,"{'latitude': 36.2005843, 'longitude': -115.1215844, 'fipsCode': '32003'}"
117604,4709985,HighSchool,2021,1912.0,Nick Mercer,Crisp County,Georgia Southern,EDGE,75.0,235.0,3.0,0.8241,Cordele,GA,USA,"{'latitude': 31.9635074, 'longitude': -83.7823938, 'fipsCode': '13081'}"
117599,4684964,HighSchool,2021,1912.0,Kalen Villanueva,Stuart,Illinois,LB,73.0,206.0,3.0,0.8241,Falls Church,VA,USA,"{'latitude': 38.882334, 'longitude': -77.1710914, 'fipsCode': '51610'}"
117601,4603191,HighSchool,2021,1912.0,David Larkins,Cincinnati Elder,App State,TE,77.0,225.0,3.0,0.8241,Cincinnati,OH,USA,"{'latitude': 39.1014537, 'longitude': -84.5124602, 'fipsCode': '39061'}"
117602,4682687,HighSchool,2021,1912.0,Aidan Ralph,De La Salle Institute,Iowa State,LB,75.0,195.0,3.0,0.8241,Chicago,IL,USA,"{'latitude': 41.8755616, 'longitude': -87.6244212, 'fipsCode': '17031'}"
117612,4709012,HighSchool,2021,1919.0,Jase Bauer,Ankeny,Central Michigan,QB,73.0,205.0,3.0,0.8237,Ankeny,IA,USA,"{'latitude': 41.7318715, 'longitude': -93.6003837, 'fipsCode': '19153'}"
117607,4709800,HighSchool,2021,1919.0,Michael Fitzgerald II,Roswell,Massachusetts,WR,77.0,200.0,3.0,0.8237,Roswell,GA,USA,"{'latitude': 34.02332, 'longitude': -84.360022, 'fipsCode': '13121'}"
117613,4710843,HighSchool,2021,1919.0,Jasaiah Gathings,Statesville,Akron,WR,72.0,160.0,3.0,0.8237,Statesville,NC,USA,"{'latitude': 35.7826363, 'longitude': -80.8872959, 'fipsCode': '37097'}"
117610,4684638,HighSchool,2021,1919.0,Ali Fisher,Pioneer,Buffalo,WR,73.0,183.0,3.0,0.8237,Ann Arbor,MI,USA,"{'latitude': 42.2681569, 'longitude': -83.7312291, 'fipsCode': '26161'}"
117615,4912248,HighSchool,2021,1919.0,Okino King,Miami Northwestern,Florida Atlantic,IOL,74.0,298.0,3.0,0.8237,Miami,FL,USA,"{'latitude': 25.7742658, 'longitude': -80.1936589, 'fipsCode': '12086'}"
117618,,HighSchool,2021,1919.0,Levontre Daniels,Bradford,Florida International,IOL,74.0,324.0,3.0,0.8237,Starke,FL,USA,"{'latitude': 29.9443488, 'longitude': -82.1101137, 'fipsCode': '12007'}"
117617,,HighSchool,2021,1919.0,Jeremiah Robinson,Petal,Southern Miss,WR,71.0,165.0,3.0,0.8237,Petal,MS,USA,"{'latitude': 31.3465627, 'longitude': -89.2600605, 'fipsCode': '28035'}"
117609,4698883,HighSchool,2021,1919.0,John Long,Lampasas,Rice,IOL,76.0,300.0,3.0,0.8237,Lampasas,TX,USA,"{'latitude': 31.0644039, 'longitude': -98.1836796, 'fipsCode': '48281'}"
117606,4683321,HighSchool,2021,1919.0,Cinque Williams,Southlake Carroll,North Texas,S,70.0,183.0,3.0,0.8237,Southlake,TX,USA,"{'latitude': 32.9412363, 'longitude': -97.1341783, 'fipsCode': '48439'}"
117608,4686657,HighSchool,2021,1919.0,Fatafehi Vailea II,Desert Pines,North Texas,DL,74.0,290.0,3.0,0.8237,Las Vegas,NV,USA,"{'latitude': 36.1672559, 'longitude': -115.1485163, 'fipsCode': '32003'}"
117614,4686151,HighSchool,2021,1919.0,Charlotin Charles,Bishop Gorman,Fresno State,S,72.0,195.0,3.0,0.8237,Las Vegas,NV,USA,"{'latitude': 36.1672559, 'longitude': -115.1485163, 'fipsCode': '32003'}"
117611,4687183,HighSchool,2021,1919.0,Nace Washington,Brock,Texas State,LB,75.0,205.0,3.0,0.8237,Brock,TX,USA,"{'latitude': 32.6762432, 'longitude': -97.9408718, 'fipsCode': '48367'}"
117616,4683122,HighSchool,2021,1919.0,Elroyal Morris,Spring Dekaney,Rice,DL,74.0,270.0,3.0,0.8237,Houston,TX,USA,"{'latitude': 29.7589382, 'longitude': -95.3676974, 'fipsCode': '48201'}"
117619,4710842,HighSchool,2021,1932.0,Dakota Cochran,Shaker Heights,Central Michigan,LB,74.0,211.0,3.0,0.8233,Cleveland,OH,USA,"{'latitude': 41.5051613, 'longitude': -81.6934446, 'fipsCode': '39035'}"
117620,4685825,HighSchool,2021,1933.0,Kyle Arnholt,Lord Botetourt,App State,LB,75.0,200.0,3.0,0.8233,Daleville,VA,USA,"{'latitude': 37.4200715, 'longitude': -79.92234624394857, 'fipsCode': '51023'}"
117622,4686963,HighSchool,2021,1934.0,BJ Ragland,Red Bank,Charlotte,OT,75.0,285.0,3.0,0.823,Chattanooga,TN,USA,"{'latitude': 35.0457219, 'longitude': -85.3094883, 'fipsCode': '47065'}"
117623,4683589,HighSchool,2021,1934.0,Jalonnie Williams,Greenfield,Northern Illinois,DL,77.0,265.0,3.0,0.823,Milwaukee,WI,USA,"{'latitude': 43.0349931, 'longitude': -87.922497, 'fipsCode': '55079'}"
117621,,HighSchool,2021,1934.0,Cole Daniels,Sumrall,South Alabama,DL,74.0,290.0,3.0,0.823,Sumrall,MS,USA,"{'latitude': 31.4173935, 'longitude': -89.5422909, 'fipsCode': '28073'}"
117627,,HighSchool,2021,1937.0,Will Lee III,Kirkwood,,WR,74.0,185.0,3.0,0.8228,St. Louis,MO,USA,"{'latitude': 38.6268039, 'longitude': -90.1994097, 'fipsCode': '29510'}"
117626,5081552,HighSchool,2021,1937.0,Jake Lusk,Johnstown-Monroe HS,Navy,EDGE,76.0,245.0,3.0,0.8228,Johnstown,OH,USA,"{'latitude': 40.1536742, 'longitude': -82.6851699, 'fipsCode': '39089'}"
117624,,HighSchool,2021,1937.0,Caleb Kwalalon,Lakes,,RB,71.0,195.0,3.0,0.8228,Lakewood,WA,USA,"{'latitude': 47.1714085, 'longitude': -122.5164, 'fipsCode': '53053'}"
117625,,HighSchool,2021,1937.0,Marseille Taylor,Seminole,,CB,74.0,173.0,3.0,0.8228,Sanford,FL,USA,"{'latitude': 28.8117297, 'longitude': -81.2680345, 'fipsCode': '12117'}"
117628,4691043,HighSchool,2021,1941.0,Nikko Reed,Moreau Catholic,Colorado,ATH,70.0,160.0,3.0,0.8226,Hayward,CA,USA,"{'latitude': 37.6688205, 'longitude': -122.0807964, 'fipsCode': '06001'}"
117633,,HighSchool,2021,1941.0,Jaden Sandlin,Tampa Catholic,Florida Atlantic,IOL,78.0,260.0,3.0,0.8226,Tampa,FL,USA,"{'latitude': 27.9477595, 'longitude': -82.458444, 'fipsCode': '12057'}"
117634,4684068,HighSchool,2021,1941.0,Cameron Harpole,Prosper,San Diego State,TE,76.0,221.0,3.0,0.8226,Prosper,TX,USA,"{'latitude': 33.2385763, 'longitude': -96.7866058, 'fipsCode': '48085'}"
117637,,HighSchool,2021,1941.0,Edwin Smith,Cy Ranch,,WR,76.0,180.0,3.0,0.8226,Cypress,TX,USA,"{'latitude': 29.9691116, 'longitude': -95.6971686, 'fipsCode': '48201'}"
117635,,HighSchool,2021,1941.0,Willie Simmons,Elgin,North Texas,LB,74.0,208.0,3.0,0.8226,Elgin,TX,USA,"{'latitude': 30.349351, 'longitude': -97.3705762, 'fipsCode': '48021'}"
117629,4875609,HighSchool,2021,1941.0,Tre Watson,Cleveland,Fresno State,TE,77.0,205.0,3.0,0.8226,Rio Rancho,NM,USA,"{'latitude': 35.269381, 'longitude': -106.632819, 'fipsCode': '35043'}"
117632,4592872,HighSchool,2021,1941.0,Bryce Edmondson,Ensworth,Memphis,LB,74.0,220.0,3.0,0.8226,Nashville,TN,USA,"{'latitude': 36.1622296, 'longitude': -86.7743531, 'fipsCode': '47037'}"
117636,4684676,HighSchool,2021,1941.0,Luke Lapeze,Summer Creek,UTSA,IOL,77.0,275.0,3.0,0.8226,Humble,TX,USA,"{'latitude': 29.9988312, 'longitude': -95.2621553, 'fipsCode': '48201'}"
117640,4709847,HighSchool,2021,1941.0,Jeff Nwankwo,Putnam City North,Tulane,WR,77.0,200.0,3.0,0.8226,Oklahoma City,OK,USA,"{'latitude': 35.4729886, 'longitude': -97.5170536, 'fipsCode': '40109'}"
117639,4686997,HighSchool,2021,1941.0,Connor Weselman,Westminster School,Stanford,P,76.0,190.0,3.0,0.8226,Atlanta,GA,USA,"{'latitude': 33.7490987, 'longitude': -84.3901849, 'fipsCode': '13121'}"
117638,4687325,HighSchool,2021,1941.0,Josh Bryan,Sierra Canyon,Notre Dame,K,72.0,190.0,3.0,0.8226,Chatsworth,CA,USA,"{'latitude': 34.2595715, 'longitude': -118.6023247, 'fipsCode': '06037'}"
117630,4686368,HighSchool,2021,1941.0,Christian Jones,San Luis Obispo,San Diego State,OT,81.0,300.0,3.0,0.8226,San Luis Obispo,CA,USA,"{'latitude': 35.2827525, 'longitude': -120.6596156, 'fipsCode': '06079'}"
117631,4574084,HighSchool,2021,1941.0,Miles Cross,Our Lady of Good Counsel,Ohio,WR,73.0,195.0,3.0,0.8226,Olney,MD,USA,"{'latitude': 39.1532123, 'longitude': -77.0668408, 'fipsCode': '24031'}"
117643,4688563,HighSchool,2021,1954.0,Jonathan Streeter,Panther Creek,App State,ATH,71.0,175.0,3.0,0.8222,Cary,NC,USA,"{'latitude': 35.7883046, 'longitude': -78.7811964, 'fipsCode': '37183'}"
117642,4684701,HighSchool,2021,1954.0,Troy Lewis,Matoaca,East Carolina,WR,75.0,200.0,3.0,0.8222,Chesterfield,VA,USA,"{'latitude': 37.3770935, 'longitude': -77.5058196, 'fipsCode': '51041'}"
117641,4709661,HighSchool,2021,1954.0,Jason Henderson,Delaware Valley,Old Dominion,LB,73.0,210.0,3.0,0.8222,Milford,PA,USA,"{'latitude': 41.322316, 'longitude': -74.8023882, 'fipsCode': '42103'}"
117645,4712465,HighSchool,2021,1957.0,Owen Ostroski,Holland Hall,Tulsa,DL,74.0,245.0,3.0,0.8222,Tulsa,OK,USA,"{'latitude': 36.1556805, 'longitude': -95.9929113, 'fipsCode': '40143'}"
117644,4698771,HighSchool,2021,1957.0,Chase Whatton,Elizabeth Forward,Bowling Green,DL,76.0,235.0,3.0,0.8222,Elizabeth,PA,USA,"{'latitude': 40.2692367, 'longitude': -79.8897706, 'fipsCode': '42003'}"
117646,4879547,HighSchool,2021,1959.0,Nowlin Ewaliko,Ballard,San Diego State,DL,76.0,230.0,3.0,0.8219,Seattle,WA,USA,"{'latitude': 47.6038321, 'longitude': -122.3300624, 'fipsCode': '53033'}"
117648,4694151,HighSchool,2021,1959.0,Aedan Seiuli,Maple Mountain,Nevada,S,75.0,205.0,3.0,0.8219,Spanish Fork,UT,USA,"{'latitude': 40.114955, 'longitude': -111.654923, 'fipsCode': '49049'}"
117647,4683832,HighSchool,2021,1959.0,Carson Williams,Marshalltown,Buffalo,TE,77.0,225.0,3.0,0.8219,Marshalltown,IA,USA,"{'latitude': 42.0442545, 'longitude': -92.9123388, 'fipsCode': '19127'}"
117654,4877023,HighSchool,2021,1962.0,Demetrius Coleman,Callaway,Chattanooga,CB,68.5,160.0,3.0,0.8217,Hogansville,GA,USA,"{'latitude': 33.1731769, 'longitude': -84.914936, 'fipsCode': '13285'}"
117658,4612560,HighSchool,2021,1962.0,Chas Collins,Bulloch Academy,Georgia Southern,OT,79.0,275.0,3.0,0.8217,Statesboro,GA,USA,"{'latitude': 32.4490141, 'longitude': -81.7832912, 'fipsCode': '13031'}"
117657,4430513,HighSchool,2021,1962.0,Seth Smith,Spartanburg,Marshall,QB,74.0,205.0,3.0,0.8217,Spartanburg,SC,USA,"{'latitude': 34.9498007, 'longitude': -81.9320157, 'fipsCode': '45083'}"
117655,4877543,HighSchool,2021,1962.0,Zion Rucker,Smyrna,UT Martin,DL,76.0,260.0,3.0,0.8217,Smyrna,TN,USA,"{'latitude': 35.9828413, 'longitude': -86.5186045, 'fipsCode': '47149'}"
117650,4432780,HighSchool,2021,1962.0,Austin Tutas,Archbishop Spalding,Yale,QB,73.0,178.0,3.0,0.8217,Severn,MD,USA,"{'latitude': 39.1278864, 'longitude': -76.6869128, 'fipsCode': '24003'}"
117651,,HighSchool,2021,1962.0,Jacoby Leatherwood,East Nashville Magnet School,East Tennessee State,LB,74.0,215.0,3.0,0.8217,Nashville,TN,USA,"{'latitude': 36.1622296, 'longitude': -86.7743531, 'fipsCode': '47037'}"
117653,,HighSchool,2021,1962.0,Delvon Fegans,Oxford,,CB,71.0,179.0,3.0,0.8217,Oxford,AL,USA,"{'latitude': 33.5853695, 'longitude': -85.91428175037092, 'fipsCode': '01121'}"
117656,,HighSchool,2021,1962.0,Jamarian Henderson,McDonogh 35,,LB,72.0,195.0,3.0,0.8217,New Orleans,LA,USA,"{'latitude': 29.9499323, 'longitude': -90.0701156, 'fipsCode': '22071'}"
117649,,HighSchool,2021,1962.0,Omega Williams,Portsmouth Christian School,,EDGE,77.0,230.0,3.0,0.8217,Portsmouth,VA,USA,"{'latitude': 36.8354258, 'longitude': -76.2982742, 'fipsCode': '51740'}"
117652,,HighSchool,2021,1962.0,Trey Higgins,Oxford,,ATH,75.0,200.0,3.0,0.8217,Oxford,AL,USA,"{'latitude': 33.5853695, 'longitude': -85.91428175037092, 'fipsCode': '01121'}"
117664,4880258,HighSchool,2021,1972.0,Andrew Kulick,Regis Jesuit,Colorado State,LB,75.0,200.0,3.0,0.8215,Aurora,CO,USA,"{'latitude': 39.729432, 'longitude': -104.8319196, 'fipsCode': '08005'}"
117661,4696500,HighSchool,2021,1972.0,Silas Barr,Pottsboro,Oklahoma State,DL,77.0,250.0,3.0,0.8215,Pottsboro,TX,USA,"{'latitude': 33.759271, 'longitude': -96.6694402, 'fipsCode': '48181'}"
117660,4689354,HighSchool,2021,1972.0,Kilinahe Mendiola-Jensen,Punahou,UNLV,CB,74.0,160.0,3.0,0.8215,Honolulu,HI,USA,"{'latitude': 21.304547, 'longitude': -157.8556764, 'fipsCode': '15003'}"
117662,,HighSchool,2021,1972.0,MJ Singleton,Monterey,Rice,WR,69.0,170.0,3.0,0.8215,Lubbock,TX,USA,"{'latitude': 33.5635206, 'longitude': -101.879336, 'fipsCode': '48303'}"
117659,4683179,HighSchool,2021,1972.0,Jacob Trussell,Georgetown,New Mexico,TE,77.0,205.0,3.0,0.8215,Georgetown,TX,USA,"{'latitude': 30.671598, 'longitude': -97.65500660120435, 'fipsCode': '48491'}"
117663,4710789,HighSchool,2021,1972.0,Carlos Dunovant,Chattahoochee County,Louisiana Tech,S,73.0,175.0,3.0,0.8215,Cusseta,GA,USA,"{'latitude': 32.3054268, 'longitude': -84.7727027, 'fipsCode': '13053'}"
117665,4705851,HighSchool,2021,1978.0,Caden Costa,Mandeville,Ole Miss,K,73.0,185.0,3.0,0.8211,Mandeville,LA,USA,"{'latitude': 30.3582305, 'longitude': -90.0657477, 'fipsCode': '22103'}"
117667,4682823,HighSchool,2021,1979.0,Elijah Wesley,McKinley,Toledo,QB,74.0,195.0,3.0,0.8207,Canton,OH,USA,"{'latitude': 40.7989522, 'longitude': -81.3784445, 'fipsCode': '39151'}"
117666,4612211,HighSchool,2021,1979.0,Jaison Patterson,Ed White,Bowling Green,RB,71.0,180.0,3.0,0.8207,Jacksonville,FL,USA,"{'latitude': 30.3321838, 'longitude': -81.655651, 'fipsCode': '12031'}"
117675,4709980,HighSchool,2021,1981.0,Johnathan Baldwin,Pasadena Dobie,UNLV,S,72.0,185.0,3.0,0.8206,Houston,TX,USA,"{'latitude': 29.7589382, 'longitude': -95.3676974, 'fipsCode': '48201'}"
117676,4878263,HighSchool,2021,1981.0,Nick Fryhoff,Foothill,Pennsylvania,DL,77.0,225.0,3.0,0.8206,Santa Ana,CA,USA,"{'latitude': 33.7494951, 'longitude': -117.8732213, 'fipsCode': '06059'}"
117668,,HighSchool,2021,1981.0,Trace Campbell,Our Lady of Good Counsel,,ATH,77.0,233.0,3.0,0.8206,Hyattsville,MD,USA,"{'latitude': 38.9529442, 'longitude': -76.9408647, 'fipsCode': '24033'}"
117673,,HighSchool,2021,1981.0,Chamor Price,Gateway,,WR,73.0,175.0,3.0,0.8206,Monroeville,PA,USA,"{'latitude': 40.4211798, 'longitude': -79.7881025, 'fipsCode': '42003'}"
117669,,HighSchool,2021,1981.0,Terrod Kearse,Dunbar,,LB,71.0,185.0,3.0,0.8206,Fort Myers,FL,USA,"{'latitude': 26.640628, 'longitude': -81.8723084, 'fipsCode': '12071'}"
117671,,HighSchool,2021,1981.0,Jamal Marshall,Fort Worth Christian,Air Force,S,71.0,175.0,3.0,0.8206,North Richland Hills,TX,USA,"{'latitude': 32.8342952, 'longitude': -97.2289029, 'fipsCode': '48439'}"
117677,2027902,HighSchool,2021,1981.0,Michael Marshall,Miami Northwestern,Florida A&M,DL,76.0,280.0,3.0,0.8206,Miami,FL,USA,"{'latitude': 25.7742658, 'longitude': -80.1936589, 'fipsCode': '12086'}"
117672,5081551,HighSchool,2021,1981.0,Tyler Narayan,Mater Dei,Navy,DL,73.0,255.0,3.0,0.8206,Santa Ana,CA,USA,"{'latitude': 33.7494951, 'longitude': -117.8732213, 'fipsCode': '06059'}"
117674,4710848,HighSchool,2021,1981.0,Connor Jones,Hilliard Darby,Toledo,LB,74.0,230.0,3.0,0.8206,Hilliard,OH,USA,"{'latitude': 40.033814, 'longitude': -83.1596108, 'fipsCode': '39049'}"
117670,4710714,HighSchool,2021,1981.0,De'Zhaun Stribling,Kapolei,Washington State,WR,74.0,195.0,3.0,0.8206,Kapolei,HI,USA,"{'latitude': 21.3340079, 'longitude': -158.0778491, 'fipsCode': '15003'}"
117685,4684080,HighSchool,2021,1991.0,Reid Gavin,South Jones,South Alabama,OT,76.0,310.0,3.0,0.8204,Ellisville,MS,USA,"{'latitude': 31.6047734, 'longitude': -89.195641, 'fipsCode': '28067'}"
117682,4709677,HighSchool,2021,1991.0,Caleb Rodkey,Fort Bend Ridge Point,Texas Tech,IOL,76.0,320.0,3.0,0.8204,Missouri City,TX,USA,"{'latitude': 29.6185669, 'longitude': -95.5377215, 'fipsCode': '48157'}"
117695,4710741,HighSchool,2021,1991.0,DJ Brown,Memphis University School,Charlotte,LB,72.0,235.0,3.0,0.8204,Memphis,TN,USA,"{'latitude': 35.1490215, 'longitude': -90.0516285, 'fipsCode': '47157'}"
117700,4709975,HighSchool,2021,1991.0,Langston Williams,Eaglecrest,Colorado State,CB,70.0,155.0,3.0,0.8204,Aurora,CO,USA,"{'latitude': 39.729432, 'longitude': -104.8319196, 'fipsCode': '08005'}"
117694,4686369,HighSchool,2021,1991.0,Dwight Togiola,Timberline,Nevada,EDGE,75.0,250.0,3.0,0.8204,Lacey,WA,USA,"{'latitude': 47.0263876, 'longitude': -122.8072257, 'fipsCode': '53067'}"
117693,4686563,HighSchool,2021,1991.0,Ryan Williams,Shadow Creek,Colorado,DL,77.0,260.0,3.0,0.8204,Pearland,TX,USA,"{'latitude': 29.5639758, 'longitude': -95.2864299, 'fipsCode': '48039'}"
117701,4686943,HighSchool,2021,1991.0,David Kemp,Bartram Trail,Memphis,K,69.0,170.0,3.0,0.8204,Jacksonville,FL,USA,"{'latitude': 30.3321838, 'longitude': -81.655651, 'fipsCode': '12031'}"
117702,4687091,HighSchool,2021,1991.0,Joshua Williams,Linden,Rice,S,73.0,190.0,3.0,0.8204,Linden,AL,USA,"{'latitude': 32.3062535, 'longitude': -87.7980665, 'fipsCode': '01091'}"
117686,4683627,HighSchool,2021,1991.0,Bailey Despanie,Carencro,Tulane,CB,72.0,160.0,3.0,0.8204,Lafayette,LA,USA,"{'latitude': 30.2240897, 'longitude': -92.0198427, 'fipsCode': '22055'}"
117692,4877475,HighSchool,2021,1991.0,Cam'Ron Silmon,Trinity Christian School,Jackson State,S,70.0,170.0,3.0,0.8204,Cedar Hill,TX,USA,"{'latitude': 32.5888072, 'longitude': -96.9553675, 'fipsCode': '48113'}"
117698,4683851,HighSchool,2021,1991.0,Jesse Mirco,ProKick Australia,Ohio State,P,75.0,200.0,3.0,0.8204,Australia,,AUS,"{'latitude': None, 'longitude': None, 'fipsCode': None}"
117691,4683565,HighSchool,2021,1991.0,Ryan Mosesso,Noble And Greenough School,Massachusetts,TE,77.0,250.0,3.0,0.8204,Marshfield,MA,USA,"{'latitude': 42.091769, 'longitude': -70.7055941, 'fipsCode': '25023'}"
117678,4683584,HighSchool,2021,1991.0,JP Murphy,San Ramon Valley,San Diego State,TE,76.0,220.0,3.0,0.8204,Danville,CA,USA,"{'latitude': 37.8215929, 'longitude': -121.9999606, 'fipsCode': '06013'}"
117690,4683180,HighSchool,2021,1991.0,Ronald Wilson,North Crowley,New Mexico,S,70.0,180.0,3.0,0.8204,Fort Worth,TX,USA,"{'latitude': 32.753177, 'longitude': -97.3327459, 'fipsCode': '48439'}"
117703,4709974,HighSchool,2021,1991.0,Mukendi Wa-Kalonji,Grandview,Colorado State,EDGE,77.0,220.0,3.0,0.8204,Aurora,CO,USA,"{'latitude': 39.729432, 'longitude': -104.8319196, 'fipsCode': '08005'}"
117696,4683050,HighSchool,2021,1991.0,Dayton Robinson,Mansfield Timberview,Incarnate Word,IOL,77.0,285.0,3.0,0.8204,Arlington,TX,USA,"{'latitude': 32.701938999999996, 'longitude': -97.10562379033699, 'fipsCode': '48439'}"
117697,,HighSchool,2021,1991.0,Braylon Fowler,Bartram Trail,Air Force,WR,75.0,190.0,3.0,0.8204,Jacksonville,FL,USA,"{'latitude': 30.3321838, 'longitude': -81.655651, 'fipsCode': '12031'}"
117680,4686071,HighSchool,2021,1991.0,Cameron Oliver,Fort Bend Travis,UNLV,CB,72.5,160.0,3.0,0.8204,Richmond,TX,USA,"{'latitude': 29.5821811, 'longitude': -95.7607832, 'fipsCode': '48157'}"
117689,4688553,HighSchool,2021,1991.0,Assani Berkeley,Mission College Preparatory Catholic,San José State,ATH,73.0,180.0,3.0,0.8204,San Luis Obispo,CA,USA,"{'latitude': 35.2827525, 'longitude': -120.6596156, 'fipsCode': '06079'}"
117688,4683424,HighSchool,2021,1991.0,Chance Harris,Clovis,Colorado State,QB,72.0,198.0,3.0,0.8204,Clovis,NM,USA,"{'latitude': 34.405472, 'longitude': -103.2050709, 'fipsCode': '35009'}"
117699,4683539,HighSchool,2021,1991.0,Isaac Pearson,ProKick Australia,Texas,P,74.0,215.0,3.0,0.8204,Australia,,AUS,"{'latitude': None, 'longitude': None, 'fipsCode': None}"
117679,,HighSchool,2021,1991.0,Maurice Jamison,Pittsburg,UNLV,LB,74.5,205.0,3.0,0.8204,Pittsburg,CA,USA,"{'latitude': 38.0181745, 'longitude': -121.8901232, 'fipsCode': '06013'}"
117681,,HighSchool,2021,1991.0,Andrew Garwo,Conwell Egan Catholic,Temple,CB,72.0,180.0,3.0,0.8204,Fairless Hills,PA,USA,"{'latitude': 40.1795537, 'longitude': -74.8551644, 'fipsCode': '42017'}"
117683,,HighSchool,2021,1991.0,Kendric Rhymes,Heights,,RB,70.0,190.0,3.0,0.8204,Houston,TX,USA,"{'latitude': 29.7589382, 'longitude': -95.3676974, 'fipsCode': '48201'}"
117684,,HighSchool,2021,1991.0,Kenjuan Manuel,St. John's College,Towson,DL,73.0,296.0,3.0,0.8204,Washington,DC,USA,"{'latitude': 38.8949855, 'longitude': -77.0365708, 'fipsCode': '11001'}"
117687,,HighSchool,2021,1991.0,Carl Chester,Manor,,WR,76.0,190.0,3.0,0.8204,Manor,TX,USA,"{'latitude': 30.3407629, 'longitude': -97.5569456, 'fipsCode': '48453'}"
117708,4683254,HighSchool,2021,2017.0,Mark Vassett,ProKick Australia,Louisville,P,76.0,210.0,3.0,0.82,Australia,,AUS,"{'latitude': None, 'longitude': None, 'fipsCode': None}"
117709,4710713,HighSchool,2021,2017.0,Nason Simmons,Cherokee,Arkansas State,OT,78.0,280.0,3.0,0.82,Canton,GA,USA,"{'latitude': 34.2367621, 'longitude': -84.4907621, 'fipsCode': '13057'}"
117705,4684390,HighSchool,2021,2017.0,Sterling Roberts,Bradford,Troy,S,73.0,200.0,3.0,0.82,Starke,FL,USA,"{'latitude': 29.9443488, 'longitude': -82.1101137, 'fipsCode': '12007'}"
117711,4713276,HighSchool,2021,2017.0,Torren Coppage-El,Parkview,Arkansas State,DL,75.0,220.0,3.0,0.82,Lilburn,GA,USA,"{'latitude': 33.8901036, 'longitude': -84.1429719, 'fipsCode': '13135'}"
117710,4710679,HighSchool,2021,2017.0,Jordan Guerad,Bloomingdale,Florida International,DL,75.0,295.0,3.0,0.82,Valrico,FL,USA,"{'latitude': 27.9484265, 'longitude': -82.23621545220522, 'fipsCode': '12057'}"
117706,4714256,HighSchool,2021,2017.0,Ammon Allen,Highland,Arizona,LB,74.0,202.0,3.0,0.82,Gilbert,AZ,USA,"{'latitude': 33.3527632, 'longitude': -111.7890373, 'fipsCode': '04013'}"
117707,4685781,HighSchool,2021,2017.0,William Ford,St. Pauls,Florida Atlantic,TE,76.0,225.0,3.0,0.82,St. Pauls,NC,USA,"{'latitude': None, 'longitude': None, 'fipsCode': None}"
117704,4692859,HighSchool,2021,2017.0,Cameron George,Acadiana,Louisiana,EDGE,74.0,245.0,3.0,0.82,Lafayette,LA,USA,"{'latitude': 30.2240897, 'longitude': -92.0198427, 'fipsCode': '22055'}"
117712,4684978,HighSchool,2021,2025.0,Keshaun Jones,Centralia,Temple,OT,77.0,280.0,3.0,0.8196,Centralia,IL,USA,"{'latitude': 38.5250491, 'longitude': -89.1334037, 'fipsCode': '17121'}"
117719,4708490,HighSchool,2021,2026.0,John Michael Gyllenborg,Rockhurst,Wyoming,TE,77.0,220.0,3.0,0.8193,Kansas City,MO,USA,"{'latitude': 39.100105, 'longitude': -94.5781416, 'fipsCode': '29095'}"
117713,5082336,HighSchool,2021,2026.0,CJ Wilson Jr.,Cass Technical,Toledo,DL,75.0,250.0,3.0,0.8193,Detroit,MI,USA,"{'latitude': 42.3315509, 'longitude': -83.0466403, 'fipsCode': '26163'}"
117714,4709809,HighSchool,2021,2026.0,Andrew Adair,St. Frances Academy,Liberty,IOL,76.0,310.0,3.0,0.8193,Baltimore,MD,USA,"{'latitude': 39.2908816, 'longitude': -76.610759, 'fipsCode': '24510'}"
117715,,HighSchool,2021,2026.0,Aiden Logan,Carthage,,OT,78.0,305.0,3.0,0.8193,Carthage,MO,USA,"{'latitude': 37.1765141, 'longitude': -94.3103412, 'fipsCode': '29097'}"
117718,,HighSchool,2021,2026.0,Ty Collins,North Forney,Nevada,RB,70.0,190.0,3.0,0.8193,Forney,TX,USA,"{'latitude': 32.747893, 'longitude': -96.4719289, 'fipsCode': '48257'}"
117717,4682621,HighSchool,2021,2026.0,Tyren Mason,Elkhart,Western Michigan,WR,72.0,175.0,3.0,0.8193,Elkhart,IN,USA,"{'latitude': 41.6819935, 'longitude': -85.9766671, 'fipsCode': '18039'}"
117716,4709798,HighSchool,2021,2026.0,Brian Plummer,Quince Orchard,Buffalo,QB,76.0,205.0,3.0,0.8193,Gaithersburg,MD,USA,"{'latitude': 39.1434406, 'longitude': -77.2013705, 'fipsCode': '24031'}"
117722,4698184,HighSchool,2021,2033.0,Xavier Williams,Colquitt County,Charlotte,QB,74.0,205.0,3.0,0.8189,Moultrie,GA,USA,"{'latitude': 31.179998, 'longitude': -83.7887928, 'fipsCode': '13071'}"
117721,4709982,HighSchool,2021,2033.0,Joshua Nicholson,South Grand Prairie,San Diego State,WR,70.0,160.0,3.0,0.8189,Grand Prairie,TX,USA,"{'latitude': 32.657368000000005, 'longitude': -97.02846624175038, 'fipsCode': '48113'}"
117720,,HighSchool,2021,2033.0,Jovesa Damuni,Ridgeline,BYU,CB,71.0,180.0,3.0,0.8189,Millville,UT,USA,"{'latitude': 41.6815987, 'longitude': -111.8229982, 'fipsCode': '49005'}"
117725,4663498,HighSchool,2021,2036.0,JaVaughn Byrd,King,Northern Illinois,CB,72.0,170.0,3.0,0.8189,Milwaukee,WI,USA,"{'latitude': 43.0349931, 'longitude': -87.922497, 'fipsCode': '55079'}"
117724,4682619,HighSchool,2021,2036.0,Will Jados,Westerville Central,Miami (OH),OT,80.0,295.0,3.0,0.8189,Westerville,OH,USA,"{'latitude': 40.126139, 'longitude': -82.9295287, 'fipsCode': '39049'}"
117723,4709665,HighSchool,2021,2036.0,Devin Manigault,St. Paul's Episcopal,UAB,DL,75.5,282.0,3.0,0.8189,Mobile,AL,USA,"{'latitude': 30.6943566, 'longitude': -88.0430541, 'fipsCode': '01097'}"
117726,4684965,HighSchool,2021,2036.0,Ahmad Walker,Warner Robins,Liberty,LB,72.0,215.0,3.0,0.8189,Warner Robins,GA,USA,"{'latitude': 32.6200973, 'longitude': -83.606568, 'fipsCode': '13153'}"
117727,4686154,HighSchool,2021,2036.0,Mason Bundy,Fannin County,Liberty,OT,78.0,280.0,3.0,0.8189,Blue Ridge,GA,USA,"{'latitude': 34.863972, 'longitude': -84.324087, 'fipsCode': '13111'}"
117728,4710012,HighSchool,2021,2036.0,Julian Peterson,Pinson Valley,Troy,DL,75.0,295.0,3.0,0.8189,Pinson,AL,USA,"{'latitude': 33.706205, 'longitude': -86.67007895992774, 'fipsCode': '01073'}"
117730,4698180,HighSchool,2021,2042.0,Andrew Johnson,Cheyenne Central,Wyoming,ATH,73.0,180.0,3.0,0.8185,Cheyenne,WY,USA,"{'latitude': 41.139981, 'longitude': -104.820246, 'fipsCode': '56021'}"
117734,4710019,HighSchool,2021,2042.0,Dalton Hughes,Tupelo,South Alabama,LB,76.0,205.0,3.0,0.8185,Tupelo,MS,USA,"{'latitude': 34.2576067, 'longitude': -88.7033859, 'fipsCode': '28081'}"
117731,4683308,HighSchool,2021,2042.0,Tanner Arkin,Fossil Ridge,Colorado State,TE,75.0,215.0,3.0,0.8185,Fort Collins,CO,USA,"{'latitude': 40.5508527, 'longitude': -105.0668085, 'fipsCode': '08069'}"
117732,5082597,HighSchool,2021,2042.0,Kai Peterson-Davison,Marin  Catholic,San José State,IOL,74.0,267.0,3.0,0.8185,Kentfield,CA,USA,"{'latitude': 37.9519958, 'longitude': -122.5572116, 'fipsCode': '06041'}"
117729,4709810,HighSchool,2021,2042.0,Joshua Nobles,Camden Eastside,Western Michigan,EDGE,75.0,245.0,3.0,0.8185,Camden,NJ,USA,"{'latitude': 39.9448402, 'longitude': -75.1198911, 'fipsCode': '34007'}"
117733,4709783,HighSchool,2021,2042.0,Torrie Cox Jr.,Chaminade-Madonna,Ohio,CB,68.0,165.0,3.0,0.8185,Hollywood,FL,USA,"{'latitude': 26.0112014, 'longitude': -80.1494901, 'fipsCode': '12011'}"
117737,4710865,HighSchool,2021,2048.0,Jakobe Thomas,Tullahoma,Middle Tennessee,S,74.0,190.0,3.0,0.8183,Tullahoma,TN,USA,"{'latitude': 35.3620235, 'longitude': -86.2094342, 'fipsCode': '47031'}"
117735,,HighSchool,2021,2048.0,Emmanual Stevenson,Eufaula,Arkansas State,TE,75.0,220.0,3.0,0.8183,Eufaula,AL,USA,"{'latitude': 31.905459999999998, 'longitude': -85.15893958513422, 'fipsCode': '01005'}"
117736,4712749,HighSchool,2021,2048.0,Harrison Hamsley,Valwood School,Georgia Southern,DL,75.0,230.0,3.0,0.8183,Valdosta,GA,USA,"{'latitude': 30.8327022, 'longitude': -83.2784851, 'fipsCode': '13185'}"
117742,4683362,HighSchool,2021,2051.0,Tyson Clawson,Independence,Charlotte,DL,72.0,209.0,3.0,0.8181,Charlotte,NC,USA,"{'latitude': 35.2272, 'longitude': -80.843083, 'fipsCode': '37119'}"
117740,,HighSchool,2021,2051.0,Jacory Jordan,Trinity Christian Academy,,QB,74.5,185.0,3.0,0.8181,Jacksonville,FL,USA,"{'latitude': 30.3321838, 'longitude': -81.655651, 'fipsCode': '12031'}"
117741,4700138,HighSchool,2021,2051.0,Samuel Scott,Skutt Catholic,Wyoming,LB,73.0,215.0,3.0,0.8181,Omaha,NE,USA,"{'latitude': 41.2587459, 'longitude': -95.9383758, 'fipsCode': '31055'}"
117738,4701307,HighSchool,2021,2051.0,Henry Hesson,Avon,Miami (OH),QB,74.0,195.0,3.0,0.8181,Avon,IN,USA,"{'latitude': 39.7628227, 'longitude': -86.3997168, 'fipsCode': '18063'}"
117739,4686710,HighSchool,2021,2051.0,Frankco Gratton,Rainier Beach,Fresno State,LB,77.0,205.0,3.0,0.8181,Seattle,WA,USA,"{'latitude': 47.6038321, 'longitude': -122.3300624, 'fipsCode': '53033'}"
117743,4709787,HighSchool,2021,2051.0,Darius Peterson,Klein,New Mexico State,S,72.0,185.0,3.0,0.8181,Spring,TX,USA,"{'latitude': 30.0798826, 'longitude': -95.4172549, 'fipsCode': '48201'}"
117747,,HighSchool,2021,2057.0,Noah Bodden,Christ the King,Grambling,QB,76.0,216.0,3.0,0.8178,Middle Village,NY,USA,"{'latitude': 40.7182153, 'longitude': -73.87867088764077, 'fipsCode': '36081'}"
117745,,HighSchool,2021,2057.0,Jacobi Myers,Ponte Vedra,,QB,75.0,190.0,3.0,0.8178,Ponte Vedra Beach,FL,USA,"{'latitude': 30.2396865, 'longitude': -81.3856384, 'fipsCode': '12109'}"
117746,,HighSchool,2021,2057.0,Josh Baka,St. Thomas More,,CB,73.0,185.0,3.0,0.8178,St. Catharines,ON,CAN,"{'latitude': None, 'longitude': None, 'fipsCode': None}"
117748,4708164,HighSchool,2021,2057.0,Jayden McDonald,Salem,Virginia Tech,CB,75.0,218.0,3.0,0.8178,Salem,VA,USA,"{'latitude': 37.293378, 'longitude': -80.054667, 'fipsCode': '51775'}"
117744,4682904,HighSchool,2021,2057.0,Zahir Abdus-Salaam,Union City,Western Michigan,RB,69.0,180.0,3.0,0.8178,Irvington,NJ,USA,"{'latitude': 40.7323235, 'longitude': -74.2348684, 'fipsCode': '34013'}"
117754,4612188,HighSchool,2021,2062.0,Vontrell Chairse,Phillips Academy,Toledo,EDGE,76.0,220.0,3.0,0.817,Chicago,IL,USA,"{'latitude': 41.8755616, 'longitude': -87.6244212, 'fipsCode': '17031'}"
117761,4684966,HighSchool,2021,2062.0,Amarian Williams,Cedar Hill,Liberty,CB,71.0,165.0,3.0,0.817,Cedar Hill,TX,USA,"{'latitude': 32.5888072, 'longitude': -96.9553675, 'fipsCode': '48113'}"
117767,4683011,HighSchool,2021,2062.0,Caden Holt,Canyon,UTSA,LB,74.0,220.0,3.0,0.817,New Braunfels,TX,USA,"{'latitude': 29.7028266, 'longitude': -98.1257348, 'fipsCode': '48091'}"
117762,4683802,HighSchool,2021,2062.0,Nolan Gorczyca,Roncalli Catholic,Buffalo,OT,78.0,275.0,3.0,0.817,Omaha,NE,USA,"{'latitude': 41.2587459, 'longitude': -95.9383758, 'fipsCode': '31055'}"
117768,4710021,HighSchool,2021,2062.0,Marcel Sanders,Clovis West,San José State,DL,75.0,235.0,3.0,0.817,Fresno,CA,USA,"{'latitude': 36.7295295, 'longitude': -119.70886126075588, 'fipsCode': '06019'}"
117771,4709972,HighSchool,2021,2062.0,Tyce Westland,Pleasanton,Wyoming,EDGE,76.0,220.0,3.0,0.817,Pleasanton,NE,USA,"{'latitude': 37.6624312, 'longitude': -121.8746789, 'fipsCode': '06001'}"
117765,4709984,HighSchool,2021,2062.0,Damon Gentry Jr.,O D Wyatt,New Mexico,CB,72.0,175.0,3.0,0.817,Fort Worth,TX,USA,"{'latitude': 32.753177, 'longitude': -97.3327459, 'fipsCode': '48439'}"
117752,4683170,HighSchool,2021,2062.0,Macyo Williams,St. Vincent-St. Mary,Kent State,DL,75.0,260.0,3.0,0.817,Akron,OH,USA,"{'latitude': 41.083064, 'longitude': -81.518485, 'fipsCode': '39153'}"
117758,4710007,HighSchool,2021,2062.0,Tariq Jones,McDonogh 35,Hawai'i,EDGE,74.0,220.0,3.0,0.817,New Orleans,LA,USA,"{'latitude': 29.9499323, 'longitude': -90.0701156, 'fipsCode': '22071'}"
117751,4682927,HighSchool,2021,2062.0,Billy Wiles,Stone Bridge,Clemson,QB,75.0,200.0,3.0,0.817,Ashburn,VA,USA,"{'latitude': 39.0437192, 'longitude': -77.4874899, 'fipsCode': '51107'}"
117753,4708878,HighSchool,2021,2062.0,Trace Bruckler,Frisco Lone Star,New Mexico,WR,74.0,195.0,3.0,0.817,Frisco,TX,USA,"{'latitude': 33.1506744, 'longitude': -96.8236116, 'fipsCode': '48085'}"
117759,4683917,HighSchool,2021,2062.0,River Gordon,Mansfield,UTSA,IOL,75.0,285.0,3.0,0.817,Mansfield,TX,USA,"{'latitude': 32.5631924, 'longitude': -97.1416768, 'fipsCode': '48439'}"
117766,,HighSchool,2021,2062.0,Luke Eckardt,Richmond-Burton,Arizona,OT,79.0,265.0,3.0,0.817,Richmond,IL,USA,"{'latitude': 42.4758522, 'longitude': -88.3059251, 'fipsCode': '51760'}"
117763,,HighSchool,2021,2062.0,Kolbey Taylor,Pasadena Memorial,Wyoming,S,74.0,175.0,3.0,0.817,Pasadena,TX,USA,"{'latitude': 29.6910625, 'longitude': -95.2091006, 'fipsCode': '48201'}"
117757,4379523,HighSchool,2021,2062.0,Zach Lewis,Hamilton,Nevada,ATH,71.0,180.0,3.0,0.817,Chandler,AZ,USA,"{'latitude': 33.3062223, 'longitude': -111.8413317, 'fipsCode': '04013'}"
117756,4683233,HighSchool,2021,2062.0,Jaillen Howze,Chippewa Valley,Buffalo,LB,73.0,210.0,3.0,0.817,Clinton Township,MI,USA,"{'latitude': 42.5869, 'longitude': -82.9196, 'fipsCode': '34019'}"
117750,4687675,HighSchool,2021,2062.0,Brady Anderson,Liberty,San Diego State,LB,74.0,215.0,3.0,0.817,Bakersfield,CA,USA,"{'latitude': 35.3738712, 'longitude': -119.0194639, 'fipsCode': '06029'}"
117770,4683348,HighSchool,2021,2062.0,David Shanahan,ProKick Australia,Georgia Tech,P,72.0,180.0,3.0,0.817,Australia,,AUS,"{'latitude': None, 'longitude': None, 'fipsCode': None}"
117760,4683268,HighSchool,2021,2062.0,Mason Jolley,Prosper,SMU,LB,74.0,208.0,3.0,0.817,Prosper,TX,USA,"{'latitude': 33.2385763, 'longitude': -96.7866058, 'fipsCode': '48085'}"
117749,,HighSchool,2021,2062.0,Dalton Allen,Oak Grove,,TE,76.0,220.0,3.0,0.817,Oak Grove,LA,USA,"{'latitude': 32.8609625, 'longitude': -91.3884483, 'fipsCode': '17161'}"
117764,4875598,HighSchool,2021,2062.0,Zeke Branham,Skyline,Fresno State,ATH,74.0,212.0,3.0,0.817,Mesa,AZ,USA,"{'latitude': 33.4151117, 'longitude': -111.8314773, 'fipsCode': '04013'}"
117755,4683221,HighSchool,2021,2062.0,Chris Parker,Heritage,Central Michigan,WR,74.0,180.0,3.0,0.817,Saginaw,MI,USA,"{'latitude': 43.4200387, 'longitude': -83.9490365, 'fipsCode': '26145'}"
117769,4683337,HighSchool,2021,2062.0,Pryce Yates,Reagan,UConn,DL,75.0,240.0,3.0,0.817,San Antonio,TX,USA,"{'latitude': 29.4246002, 'longitude': -98.4951405, 'fipsCode': '48029'}"
117773,4687355,HighSchool,2021,2085.0,Thai Baldwin,Life Christian Academy,Ball State,CB,71.0,170.0,3.0,0.8167,Colonial Heights,VA,USA,"{'latitude': 37.2555718, 'longitude': -77.4112016, 'fipsCode': '51570'}"
117776,4705631,HighSchool,2021,2085.0,Chase Simmons,N Myrtle Beach,Syracuse,DL,76.0,240.0,3.0,0.8167,Little River,SC,USA,"{'latitude': 33.8727006, 'longitude': -78.6232583, 'fipsCode': '45051'}"
117774,4683986,HighSchool,2021,2085.0,Tariq Sims,Loudoun County,Old Dominion,WR,72.0,175.0,3.0,0.8167,Leesburg,VA,USA,"{'latitude': 39.1154496, 'longitude': -77.5645446, 'fipsCode': '51107'}"
117775,4709667,HighSchool,2021,2085.0,Courtney McBride Jr.,Heritage,Florida Atlantic,EDGE,75.0,215.0,3.0,0.8167,Conyers,GA,USA,"{'latitude': 33.6676103, 'longitude': -84.0176904, 'fipsCode': '13247'}"
117772,4602939,HighSchool,2021,2085.0,Xavier Hailey,Tulare Union,New Mexico,CB,71.0,160.0,3.0,0.8167,Tulare,CA,USA,"{'latitude': 36.2077351, 'longitude': -119.3473421, 'fipsCode': '06107'}"
117787,4601941,HighSchool,2021,2090.0,Ike Larsen,Sky View,Utah State,CB,71.0,160.0,3.0,0.8167,Smithfield,UT,USA,"{'latitude': 41.838429, 'longitude': -111.8328045, 'fipsCode': '49005'}"
117782,4875266,HighSchool,2021,2090.0,BJ Green,Prince Avenue Christian School,Arizona State,LB,73.0,240.0,3.0,0.8167,Powder Springs,GA,USA,"{'latitude': 33.8595492, 'longitude': -84.683824, 'fipsCode': '13067'}"
117790,,HighSchool,2021,2090.0,LJ Tufele,Bingham,,IOL,76.0,325.0,3.0,0.8167,South Jordan,UT,USA,"{'latitude': 40.5621704, 'longitude': -111.929658, 'fipsCode': '49035'}"
117788,,HighSchool,2021,2090.0,Earnest McDaniel,St. Bernard,,WR,70.0,170.0,3.0,0.8167,Playa Del Rey,CA,USA,"{'latitude': 33.9550828, 'longitude': -118.4367496, 'fipsCode': '06037'}"
117786,,HighSchool,2021,2090.0,O’Shae Pollard,Inglewood,,CB,72.0,170.0,3.0,0.8167,Inglewood,CA,USA,"{'latitude': 33.9562003, 'longitude': -118.353132, 'fipsCode': '06037'}"
117785,,HighSchool,2021,2090.0,Tyler Williams,St. Joseph,UTEP,CB,74.0,185.0,3.0,0.8167,Santa Maria,CA,USA,"{'latitude': 34.9531295, 'longitude': -120.4358577, 'fipsCode': '06083'}"
117784,,HighSchool,2021,2090.0,Charlie Sims,Cass Technical,,IOL,77.0,330.0,3.0,0.8167,Detroit,MI,USA,"{'latitude': 42.3315509, 'longitude': -83.0466403, 'fipsCode': '26163'}"
117780,,HighSchool,2021,2090.0,Jaelon Brown,Park Crossing,,IOL,74.0,360.0,3.0,0.8167,Montgomery,AL,USA,"{'latitude': 32.3669656, 'longitude': -86.3006485, 'fipsCode': '01101'}"
117779,,HighSchool,2021,2090.0,Parker Bates,Apollo,,OT,77.0,310.0,3.0,0.8167,Owensboro,KY,USA,"{'latitude': 37.7742152, 'longitude': -87.1133304, 'fipsCode': '21059'}"
117777,,HighSchool,2021,2090.0,Roddrell Freeman,Mart,,LB,72.0,205.0,3.0,0.8167,Mart,TX,USA,"{'latitude': 31.5423911, 'longitude': -96.8336015, 'fipsCode': '48309'}"
117778,4877499,HighSchool,2021,2090.0,Logan Weedman,Apollo,Tennessee Tech,OT,77.0,280.0,3.0,0.8167,Owensboro,KY,USA,"{'latitude': 37.7742152, 'longitude': -87.1133304, 'fipsCode': '21059'}"
117783,4685793,HighSchool,2021,2090.0,Andrew Weisz,The Benjamin School,Yale,OT,77.0,290.0,3.0,0.8167,North Palm Beach,FL,USA,"{'latitude': 26.8237944, 'longitude': -80.05592659756701, 'fipsCode': '12099'}"
117781,4875319,HighSchool,2021,2090.0,Jason Amsler,Franklin,Stanford,IOL,77.0,295.0,3.0,0.8167,Franklin,TN,USA,"{'latitude': 35.925193, 'longitude': -86.8689365, 'fipsCode': '47187'}"
117789,4877824,HighSchool,2021,2090.0,Zach Horton,Northside,James Madison,TE,76.0,249.0,3.0,0.8167,Roanoke,VA,USA,"{'latitude': 37.270973, 'longitude': -79.9414313, 'fipsCode': '51770'}"
117795,4709813,HighSchool,2021,2104.0,Jelani Willis,Memphis East,Western Michigan,ATH,75.0,205.0,3.0,0.8163,Memphis,TN,USA,"{'latitude': 35.1490215, 'longitude': -90.0516285, 'fipsCode': '47157'}"
117794,4683112,HighSchool,2021,2104.0,Trevor Jones,Lincoln,Central Michigan,IOL,76.0,265.0,3.0,0.8163,Ypsilanti,MI,USA,"{'latitude': 42.24253, 'longitude': -83.6171426940706, 'fipsCode': '26161'}"
117792,4683588,HighSchool,2021,2104.0,Darrion Dalton,Saguaro,San Diego State,DL,74.0,255.0,3.0,0.8163,Scottsdale,AZ,USA,"{'latitude': 33.4942189, 'longitude': -111.9260184, 'fipsCode': '04013'}"
117791,,HighSchool,2021,2104.0,Ricky Wolfgramm,East,BYU,LB,74.0,255.0,3.0,0.8163,Salt Lake City,UT,USA,"{'latitude': 40.7596198, 'longitude': -111.8867975, 'fipsCode': '49035'}"
117793,5082163,HighSchool,2021,2104.0,Zac Daher,Wichita Northwest,Army,DL,76.0,230.0,3.0,0.8163,Wichita,KS,USA,"{'latitude': 37.6922361, 'longitude': -97.3375448, 'fipsCode': '20173'}"
117796,4710000,HighSchool,2021,2104.0,Fernando Carmona,Las Vegas,San José State,TE,76.0,225.0,3.0,0.8163,Las Vegas,NV,USA,"{'latitude': 36.1672559, 'longitude': -115.1485163, 'fipsCode': '32003'}"
117798,,HighSchool,2021,2110.0,Darion Dearinger,Anderson County,Marshall,DL,75.0,265.0,3.0,0.8159,Lawrenceburg,KY,USA,"{'latitude': 38.0372967, 'longitude': -84.8966171, 'fipsCode': '21005'}"
117800,,HighSchool,2021,2110.0,Jaylen Blackwell,Union Grove,Boston College,S,74.0,190.0,3.0,0.8159,McDonough,GA,USA,"{'latitude': 33.4473361, 'longitude': -84.1468616, 'fipsCode': '13151'}"
117801,5082491,HighSchool,2021,2110.0,Brett Drillette,Brock,UL Monroe,LB,75.0,215.0,3.0,0.8159,Brock,TX,USA,"{'latitude': 32.6762432, 'longitude': -97.9408718, 'fipsCode': '48367'}"
117797,4432801,HighSchool,2021,2110.0,Ron Powlus III,Penn,Notre Dame,QB,75.0,225.0,3.0,0.8159,Mishawaka,IN,USA,"{'latitude': 41.6619927, 'longitude': -86.1586156, 'fipsCode': '18141'}"
117804,4701175,HighSchool,2021,2110.0,Graham Keating,Oakland,UNLV,OT,77.0,275.0,3.0,0.8159,Murfreesboro,TN,USA,"{'latitude': 35.845999, 'longitude': -86.3920452, 'fipsCode': '47149'}"
117802,4709983,HighSchool,2021,2110.0,Caden Barnett,Justin Northwest,Wyoming,OT,77.0,275.0,3.0,0.8159,Justin,TX,USA,"{'latitude': 33.0848442, 'longitude': -97.2961286, 'fipsCode': '48121'}"
117799,4917292,HighSchool,2021,2110.0,Austin Smith,Cedar Grove,Eastern Michigan,QB,73.5,192.0,3.0,0.8159,Ellenwood,GA,USA,"{'latitude': 33.6101096, 'longitude': -84.287978, 'fipsCode': '13063'}"
117803,5081778,HighSchool,2021,2110.0,Balansama Kamara,Central,Temple,LB,75.0,220.0,3.0,0.8159,Philadelphia,PA,USA,"{'latitude': 39.9527237, 'longitude': -75.1635262, 'fipsCode': '42101'}"
117805,,HighSchool,2021,2118.0,Tylan Hines,Plano,Air Force,RB,67.0,170.0,3.0,0.8156,Plano,TX,USA,"{'latitude': 33.0136764, 'longitude': -96.6925096, 'fipsCode': '48085'}"
117812,,HighSchool,2021,2118.0,Jalik Thomas,Central,,ATH,70.0,168.0,3.0,0.8156,Macon,GA,USA,"{'latitude': 32.8406946, 'longitude': -83.6324022, 'fipsCode': '13021'}"
117810,,HighSchool,2021,2118.0,Andre Goodman,Greenville,App State,ATH,73.0,180.0,3.0,0.8156,Greenville,SC,USA,"{'latitude': 34.851354, 'longitude': -82.3984882, 'fipsCode': '45045'}"
117807,,HighSchool,2021,2118.0,Isaiah Bunn,Deerfield Beach,,IOL,73.5,270.0,3.0,0.8156,Deerfield Beach,FL,USA,"{'latitude': 26.318342, 'longitude': -80.0996306, 'fipsCode': '12011'}"
117811,4686065,HighSchool,2021,2118.0,Devin Mockobee,Boonville,Purdue,ATH,72.0,193.0,3.0,0.8156,Boonville,IN,USA,"{'latitude': 38.0493288, 'longitude': -87.2746568, 'fipsCode': '18173'}"
117809,4878871,HighSchool,2021,2118.0,Earl Miller Jr.,American Heritage Palm Beach,South Dakota,DL,75.0,260.0,3.0,0.8156,Riviera Beach,FL,USA,"{'latitude': 26.7753405, 'longitude': -80.0580969, 'fipsCode': '12099'}"
117808,5081542,HighSchool,2021,2118.0,Nasir Robinson,Penns Grove,Navy,RB,68.0,180.0,3.0,0.8156,Penns Grove,NJ,USA,"{'latitude': 39.7295581, 'longitude': -75.4679734, 'fipsCode': '34033'}"
117806,4887689,HighSchool,2021,2118.0,Duce Taylor,Fort Wayne North Side,Morgan State,QB,73.0,175.0,3.0,0.8156,Fort Wayne,IN,USA,"{'latitude': 41.0799898, 'longitude': -85.1386015, 'fipsCode': '18003'}"
117813,4687039,HighSchool,2021,2126.0,Kriston Esnard,Decatur,Tulane,K,70.0,170.0,3.0,0.8152,Decatur,GA,USA,"{'latitude': 33.7737582, 'longitude': -84.296069, 'fipsCode': '13089'}"
117814,,HighSchool,2021,2127.0,Brian Pinkney,McKinley,Old Dominion,S,71.0,175.0,3.0,0.815,Canton,OH,USA,"{'latitude': 40.7989522, 'longitude': -81.3784445, 'fipsCode': '39151'}"
117815,,HighSchool,2021,2127.0,Tillman Weaver,Riverwood,Ohio,DL,74.0,240.0,3.0,0.815,Atlanta,GA,USA,"{'latitude': 33.7490987, 'longitude': -84.3901849, 'fipsCode': '13121'}"
117827,4683545,HighSchool,2021,2129.0,Anton Ricumstrict,Mt. Pleasant,Buffalo,ATH,76.0,205.0,3.0,0.8148,Mt. Pleasant,MI,USA,"{'latitude': 43.597646, 'longitude': -84.7668495, 'fipsCode': '26073'}"
117838,,HighSchool,2021,2129.0,Drew Scolari,Bishop Manogue,Nevada,QB,74.0,175.0,3.0,0.8148,Reno,NV,USA,"{'latitude': 39.5261206, 'longitude': -119.8126581, 'fipsCode': '32031'}"
117835,,HighSchool,2021,2129.0,Travis Crum,Daphne,,WR,75.0,185.0,3.0,0.8148,Daphne,AL,USA,"{'latitude': 30.6035255, 'longitude': -87.9036047, 'fipsCode': '01003'}"
117832,,HighSchool,2021,2129.0,Nathan Linkous,Stuart W. Cramer,,IOL,77.0,294.0,3.0,0.8148,Cramerton,NC,USA,"{'latitude': 35.2387504, 'longitude': -81.0750757, 'fipsCode': '37071'}"
117828,,HighSchool,2021,2129.0,Wilburn Smallwood,Lufkin,Stephen F. Austin,EDGE,74.0,223.0,3.0,0.8148,Lufkin,TX,USA,"{'latitude': 31.3386242, 'longitude': -94.7288558, 'fipsCode': '48005'}"
117820,,HighSchool,2021,2129.0,Jordan Marshall,Christian Brothers College,Ball State,S,73.0,205.0,3.0,0.8148,St. Louis,MO,USA,"{'latitude': 38.6268039, 'longitude': -90.1994097, 'fipsCode': '29510'}"
117816,,HighSchool,2021,2129.0,Navell Chopin,East Ascension,,WR,74.0,175.0,3.0,0.8148,Gonzales,LA,USA,"{'latitude': 30.2385294, 'longitude': -90.9200987, 'fipsCode': '48177'}"
117817,4683718,HighSchool,2021,2129.0,Evan Branch-Haynes,Sacred Heart Cathedral Prep,Arizona,DL,74.0,270.0,3.0,0.8148,San Francisco,CA,USA,"{'latitude': 37.7790262, 'longitude': -122.4199061, 'fipsCode': '06075'}"
117824,4683561,HighSchool,2021,2129.0,Mareyohn Hrabowski,River Rouge,Western Michigan,QB,76.0,205.0,3.0,0.8148,River Rouge,MI,USA,"{'latitude': 42.2729262, 'longitude': -83.1352891, 'fipsCode': '26163'}"
117833,4683273,HighSchool,2021,2129.0,Zion Burns,Poston Butte,Nevada,S,71.0,180.0,3.0,0.8148,San Tan Valley,AZ,USA,"{'latitude': 33.1775233, 'longitude': -111.5478925, 'fipsCode': '04021'}"
117831,4683494,HighSchool,2021,2129.0,Rishad Hence,Martin Luther King,Akron,CB,69.0,165.0,3.0,0.8148,Detroit,MI,USA,"{'latitude': 42.3315509, 'longitude': -83.0466403, 'fipsCode': '26163'}"
117837,4688588,HighSchool,2021,2129.0,Dylan Mehrotra,Episcopal,UAB,QB,75.0,188.0,3.0,0.8148,Baton Rouge,LA,USA,"{'latitude': 30.4459596, 'longitude': -91.18738, 'fipsCode': '22033'}"
117836,4688609,HighSchool,2021,2129.0,Alec Marenco,El Paso Burges,New Mexico,LB,74.0,200.0,3.0,0.8148,El Paso,TX,USA,"{'latitude': 31.7754152, 'longitude': -106.4646348, 'fipsCode': '48141'}"
117830,4683960,HighSchool,2021,2129.0,Jack Howell,Hamilton,Colorado State,ATH,72.0,190.0,3.0,0.8148,Chandler,AZ,USA,"{'latitude': 33.3062223, 'longitude': -111.8413317, 'fipsCode': '04013'}"
117839,4684329,HighSchool,2021,2129.0,Phil Jeffs,Clarkson Football North,Massachusetts,OT,78.0,280.0,3.0,0.8148,St. Catharines,ON,CAN,"{'latitude': None, 'longitude': None, 'fipsCode': None}"
117821,4709786,HighSchool,2021,2129.0,Malcolm Bell,Clarkson Football North,UConn,CB,73.0,175.0,3.0,0.8148,Sainte-Anne-de-Bellevue,QC,CAN,"{'latitude': None, 'longitude': None, 'fipsCode': None}"
117841,4873240,HighSchool,2021,2129.0,Zion Hopes,Jefferson,Tulsa,S,75.0,180.0,3.0,0.8148,Jefferson,TX,USA,"{'latitude': 32.7573626, 'longitude': -94.3451926, 'fipsCode': '48315'}"
117823,4684393,HighSchool,2021,2129.0,Justin Kimber,Mansfield Timberview,UL Monroe,WR,74.0,169.0,3.0,0.8148,Arlington,TX,USA,"{'latitude': 32.701938999999996, 'longitude': -97.10562379033699, 'fipsCode': '48439'}"
117825,4710735,HighSchool,2021,2129.0,Jaden Moore,Green Oaks,Tulsa,LB,74.0,210.0,3.0,0.8148,Shreveport,LA,USA,"{'latitude': 32.5221828, 'longitude': -93.7651944, 'fipsCode': '22017'}"
117840,4683828,HighSchool,2021,2129.0,Justin Isler,Temple,App State,EDGE,73.0,225.0,3.0,0.8148,Temple,GA,USA,"{'latitude': 33.733194499999996, 'longitude': -85.03112422515679, 'fipsCode': '13045'}"
117826,4701173,HighSchool,2021,2129.0,Javien Clemmer,Cedar Hill,New Mexico State,ATH,70.25,165.0,3.0,0.8148,Cedar Hill,TX,USA,"{'latitude': 32.5888072, 'longitude': -96.9553675, 'fipsCode': '48113'}"
117829,4709804,HighSchool,2021,2129.0,Cole Rusk,Rock Island,Eastern Michigan,TE,77.0,211.0,3.0,0.8148,Rock Island,IL,USA,"{'latitude': 41.5094771, 'longitude': -90.5787477, 'fipsCode': '17161'}"
117834,4698183,HighSchool,2021,2129.0,Anthony Tocchini,Regis Jesuit,New Mexico State,IOL,76.0,265.0,3.0,0.8148,Aurora,CO,USA,"{'latitude': 39.729432, 'longitude': -104.8319196, 'fipsCode': '08005'}"
117822,4685043,HighSchool,2021,2129.0,Brendan Hall,Springtown,SMU,K,79.0,216.0,3.0,0.8148,Springtown,TX,USA,"{'latitude': 32.97067175, 'longitude': -97.68392100646909, 'fipsCode': '48367'}"
117819,4686748,HighSchool,2021,2129.0,Charles Daniels,John Paul II,UAB,LB,74.0,205.0,3.0,0.8148,Plano,TX,USA,"{'latitude': 33.0136764, 'longitude': -96.6925096, 'fipsCode': '48085'}"
117818,4683910,HighSchool,2021,2129.0,Matthew Geeting,Chino Hills,UNLV,QB,77.0,195.0,3.0,0.8148,Chino,CA,USA,"{'latitude': 34.0133561, 'longitude': -117.690075, 'fipsCode': '06071'}"
117844,4709849,HighSchool,2021,2155.0,Cal Varner,Katy,Rice,DL,76.0,225.0,3.0,0.8144,Katy,TX,USA,"{'latitude': 29.7857853, 'longitude': -95.8243956, 'fipsCode': '48157'}"
117842,4710634,HighSchool,2021,2155.0,Clay Nanke,Regis Jesuit,Colorado State,EDGE,78.0,215.0,3.0,0.8144,Aurora,CO,USA,"{'latitude': 39.729432, 'longitude': -104.8319196, 'fipsCode': '08005'}"
117843,4686566,HighSchool,2021,2155.0,Rocco Underwood,Lake Mary,Florida,TE,76.0,220.0,3.0,0.8144,Lake Mary,FL,USA,"{'latitude': 28.756618000000003, 'longitude': -81.33888382214167, 'fipsCode': '12117'}"
117845,4709790,HighSchool,2021,2155.0,Bradley Weaver,Hilliard Darby,Ohio,DL,76.0,235.0,3.0,0.8144,Hilliard,OH,USA,"{'latitude': 40.033814, 'longitude': -83.1596108, 'fipsCode': '39049'}"
117846,4710772,HighSchool,2021,2155.0,Kris Caine,Dr. Henry Wise,Old Dominion,EDGE,75.0,208.0,3.0,0.8144,Upper Marlboro,MD,USA,"{'latitude': 38.8165274, 'longitude': -76.7519753, 'fipsCode': '24033'}"
117848,4685559,HighSchool,2021,2160.0,Austin Smith,Tidehaven,Colorado,TE,77.0,220.0,3.0,0.8144,El Maton,TX,USA,"{'latitude': 35.616412, 'longitude': -78.631809, 'fipsCode': '37183'}"
117847,5082144,HighSchool,2021,2160.0,Hayden Reed,Gaither,Army,ATH,74.0,210.0,3.0,0.8144,Tampa,FL,USA,"{'latitude': 27.9477595, 'longitude': -82.458444, 'fipsCode': '12057'}"
117852,4687703,HighSchool,2021,2162.0,Drew Hoth,Cedar Falls,Northern Illinois,OT,78.0,310.0,3.0,0.8141,Cedar Falls,IA,USA,"{'latitude': 42.5274123, 'longitude': -92.4453179, 'fipsCode': '19013'}"
117849,,HighSchool,2021,2162.0,Anthony Earle,Cardinal Gibbons,Florida Atlantic,OT,75.0,309.0,3.0,0.8141,Fort Lauderdale,FL,USA,"{'latitude': 26.1223084, 'longitude': -80.1433786, 'fipsCode': '12011'}"
117850,4710752,HighSchool,2021,2162.0,Cashius Howell,Rockhurst,Bowling Green,ATH,75.0,215.0,3.0,0.8141,Kansas City,MO,USA,"{'latitude': 39.100105, 'longitude': -94.5781416, 'fipsCode': '29095'}"
117851,4611330,HighSchool,2021,2162.0,Brian Whitsey,Solorio Academy,Northern Illinois,S,72.0,189.0,3.0,0.8141,Chicago,IL,USA,"{'latitude': 41.8755616, 'longitude': -87.6244212, 'fipsCode': '17031'}"
117854,4612607,HighSchool,2021,2166.0,Giovonni Scales,Marion-Franklin,Ohio,S,73.0,194.0,3.0,0.8137,Columbus,OH,USA,"{'latitude': 39.9622601, 'longitude': -83.0007065, 'fipsCode': '39049'}"
117855,,HighSchool,2021,2166.0,Riley Starnes,Gallia Academy,Toledo,OT,78.0,295.0,3.0,0.8137,Gallipolis,OH,USA,"{'latitude': 38.809803, 'longitude': -82.2023691, 'fipsCode': '39053'}"
117857,4572449,HighSchool,2021,2166.0,Travis McNichols,Miami Northwestern,App State,CB,68.0,170.0,3.0,0.8137,Miami,FL,USA,"{'latitude': 25.7742658, 'longitude': -80.1936589, 'fipsCode': '12086'}"
117859,,HighSchool,2021,2166.0,Corey Barnes,Mundy's Mill,,WR,73.0,190.0,3.0,0.8137,Jonesboro,GA,USA,"{'latitude': 33.5215013, 'longitude': -84.3538128, 'fipsCode': '13063'}"
117853,4683211,HighSchool,2021,2166.0,Mason Pierre-Antoine,Lincoln-Way East,Northern Illinois,WR,73.0,175.0,3.0,0.8137,Frankfort,IL,USA,"{'latitude': 41.4958665, 'longitude': -87.8486613, 'fipsCode': '17197'}"
117858,,HighSchool,2021,2166.0,TJ Spradley,Colquitt County,Kent State,CB,70.0,185.0,3.0,0.8137,Moultrie,GA,USA,"{'latitude': 31.179998, 'longitude': -83.7887928, 'fipsCode': '13071'}"
117856,4709770,HighSchool,2021,2166.0,Wetu Kalomo,Wichita Northwest,Northern Illinois,CB,73.0,165.0,3.0,0.8137,Wichita,KS,USA,"{'latitude': 37.6922361, 'longitude': -97.3375448, 'fipsCode': '20173'}"
117860,4705858,HighSchool,2021,2173.0,Brenden Segovia,Oaks Christian,Maryland,P,74.0,185.0,3.0,0.8133,Westlake Village,CA,USA,"{'latitude': 34.1460234, 'longitude': -118.8061794, 'fipsCode': '06037'}"
117861,,HighSchool,2021,2173.0,Tom Weston,Australia,,P,75.0,200.0,3.0,0.8133,Australia,,AUS,"{'latitude': None, 'longitude': None, 'fipsCode': None}"
117863,4710704,HighSchool,2021,2175.0,Lezeric Bailey,Denton Braswell,New Mexico State,LB,76.0,200.0,3.0,0.8133,Denton,TX,USA,"{'latitude': 33.2150386, 'longitude': -97.1330516, 'fipsCode': '48121'}"
117862,4683728,HighSchool,2021,2175.0,Antwan Massie,Miami Northwestern,UAB,CB,68.5,175.0,3.0,0.8133,Miami,FL,USA,"{'latitude': 25.7742658, 'longitude': -80.1936589, 'fipsCode': '12086'}"
117866,4683196,HighSchool,2021,2177.0,Alex Branch,Twinsburg,Kent State,CB,72.0,165.0,3.0,0.813,Twinsburg,OH,USA,"{'latitude': 41.3125552, 'longitude': -81.4401129, 'fipsCode': '39153'}"
117867,4689193,HighSchool,2021,2177.0,Nick Mosley,Pickerington Central,Bowling Green,RB,73.0,195.0,3.0,0.813,Pickerington,OH,USA,"{'latitude': 39.896277299999994, 'longitude': -82.77319049748806, 'fipsCode': '39045'}"
117870,4699353,HighSchool,2021,2177.0,Cole Becker,Rocklin,Colorado,K,75.5,215.0,3.0,0.813,Rocklin,CA,USA,"{'latitude': 38.7907339, 'longitude': -121.2357828, 'fipsCode': '06061'}"
117869,,HighSchool,2021,2177.0,Jackson Andrews,Samuel Clemens,,OT,76.0,280.0,3.0,0.813,Schertz,TX,USA,"{'latitude': 29.5641617, 'longitude': -98.2695702, 'fipsCode': '48187'}"
117868,,HighSchool,2021,2177.0,Jamarcus Jones,Union,,WR,76.0,190.0,3.0,0.813,Union,MS,USA,"{'latitude': 32.5715272, 'longitude': -89.1214478, 'fipsCode': '28101'}"
117865,4682650,HighSchool,2021,2177.0,John Hofer,Valparaiso,Western Michigan,OT,78.0,300.0,3.0,0.813,Valparaiso,IN,USA,"{'latitude': 41.4730948, 'longitude': -87.0611412, 'fipsCode': '18127'}"
117864,4682620,HighSchool,2021,2177.0,Matt Reardon,Ursuline,Miami (OH),ATH,72.0,170.0,3.0,0.813,Youngstown,OH,USA,"{'latitude': 41.1035786, 'longitude': -80.6520161, 'fipsCode': '39099'}"
117871,4876713,HighSchool,2021,2184.0,Dorian Nowell,St. Joseph Regional,Georgetown,QB,74.5,220.0,3.0,0.8128,Montvale,NJ,USA,"{'latitude': 41.0467635, 'longitude': -74.0229173, 'fipsCode': '34003'}"
117872,4875902,HighSchool,2021,2185.0,Jayden Folmar,Dothan,Rice,WR,73.0,185.0,3.0,0.8126,Dothan,AL,USA,"{'latitude': 31.2237434, 'longitude': -85.3933906, 'fipsCode': '01069'}"
117873,4701178,HighSchool,2021,2186.0,Chris Rhone,Gray Academy,Coastal Carolina,ATH,76.0,200.0,3.0,0.8122,Columbia,SC,USA,"{'latitude': 34.0007493, 'longitude': -81.0343313, 'fipsCode': '45079'}"
117875,4683583,HighSchool,2021,2187.0,Naahlyee Bryant,Oak Park and River Forest,Western Michigan,LB,74.0,200.0,3.0,0.8122,Oak Park,IL,USA,"{'latitude': 41.8878145, 'longitude': -87.7887615, 'fipsCode': '17031'}"
117874,,HighSchool,2021,2187.0,Charlie Ely,Trinity,Ball State,LB,74.0,220.0,3.0,0.8122,Louisville,KY,USA,"{'latitude': 38.2542376, 'longitude': -85.759407, 'fipsCode': '21111'}"
117879,4683251,HighSchool,2021,2189.0,Kyle Long,Hazelwood Central,Maryland,OT,78.0,300.0,3.0,0.8119,Florissant,MO,USA,"{'latitude': 38.7919683, 'longitude': -90.3227803, 'fipsCode': '29189'}"
117877,4682741,HighSchool,2021,2189.0,Blake Boenisch,Needville,Rice,DL,75.0,300.0,3.0,0.8119,Needville,TX,USA,"{'latitude': 29.3974305, 'longitude': -95.8380978, 'fipsCode': '48157'}"
117878,4705926,HighSchool,2021,2189.0,Michael Heldman,Romeo,Central Michigan,DL,76.0,235.0,3.0,0.8119,Romeo,MI,USA,"{'latitude': 42.802808, 'longitude': -83.0129874, 'fipsCode': '26099'}"
117876,4708104,HighSchool,2021,2189.0,Will Evans,C.E. King,Wyoming,DL,75.0,235.0,3.0,0.8119,Houston,TX,USA,"{'latitude': 29.7589382, 'longitude': -95.3676974, 'fipsCode': '48201'}"
117880,4689691,HighSchool,2021,2189.0,Zaire Jackson,Valor Christian,Wyoming,CB,71.0,185.0,3.0,0.8119,Littleton,CO,USA,"{'latitude': 39.613321, 'longitude': -105.0166498, 'fipsCode': '08005'}"
117896,4712956,HighSchool,2021,2194.0,Evan Lester,Christian Heritage,Georgia Southern,ATH,75.0,220.0,3.0,0.8117,Dalton,GA,USA,"{'latitude': 34.7691867, 'longitude': -84.9702475, 'fipsCode': '13313'}"
117894,4883103,HighSchool,2021,2194.0,Luke Foster,Choate Rosemary Hall,Yale,TE,76.0,230.0,3.0,0.8117,Wallingford,CT,USA,"{'latitude': 41.4570418, 'longitude': -72.8231552, 'fipsCode': '09009'}"
117897,4894114,HighSchool,2021,2194.0,Edward Bobino,Huntsville,Stephen F. Austin,DL,75.0,305.0,3.0,0.8117,Huntsville,TX,USA,"{'latitude': 30.7235263, 'longitude': -95.5507771, 'fipsCode': '48471'}"
117899,4705000,HighSchool,2021,2194.0,Muhammed Jammeh,Renaissance,Northern Illinois,CB,74.0,180.0,3.0,0.8117,Detroit,MI,USA,"{'latitude': 42.3315509, 'longitude': -83.0466403, 'fipsCode': '26163'}"
117898,4880233,HighSchool,2021,2194.0,Isaiah Davis,Wekiva,Ohio,WR,75.0,190.0,3.0,0.8117,Apopka,FL,USA,"{'latitude': 28.6779683, 'longitude': -81.5115214, 'fipsCode': '12095'}"
117895,4878248,HighSchool,2021,2194.0,Davis McKenna,Marist School,Harvard,OT,77.0,275.0,3.0,0.8117,Atlanta,GA,USA,"{'latitude': 33.7490987, 'longitude': -84.3901849, 'fipsCode': '13121'}"
117884,5082921,HighSchool,2021,2194.0,Myles Mooyoung,Wylie E. Groves,Miami,CB,72.0,185.0,3.0,0.8117,Birmingham,MI,USA,"{'latitude': 42.5467012, 'longitude': -83.2113192, 'fipsCode': '01073'}"
117892,4880086,HighSchool,2021,2194.0,DJ Harden,Christian Brothers,Arkansas State,IOL,76.0,305.0,3.0,0.8117,Memphis,TN,USA,"{'latitude': 35.1490215, 'longitude': -90.0516285, 'fipsCode': '47157'}"
117889,,HighSchool,2021,2194.0,Savone Tutt,Pamlico County,,RB,72.0,190.0,3.0,0.8117,Bayboro,NC,USA,"{'latitude': 35.1429445, 'longitude': -76.7702093, 'fipsCode': '37137'}"
117893,,HighSchool,2021,2194.0,James Burnett,Santa Fe,Eastern Michigan,LB,73.5,200.0,3.0,0.8117,Edmond,OK,USA,"{'latitude': 35.6571367, 'longitude': -97.4649038, 'fipsCode': '40109'}"
117887,,HighSchool,2021,2194.0,Quincy Thompson,Atascocita,,RB,69.0,195.0,3.0,0.8117,Humble,TX,USA,"{'latitude': 29.9988312, 'longitude': -95.2621553, 'fipsCode': '48201'}"
117888,,HighSchool,2021,2194.0,Arendez Fedd,Dutchtown,Kennesaw State,QB,73.0,205.0,3.0,0.8117,Hampton,GA,USA,"{'latitude': 33.3870578, 'longitude': -84.2829784, 'fipsCode': '13151'}"
117885,,HighSchool,2021,2194.0,Abdul Jabbaar,Southfield,,DL,74.0,280.0,3.0,0.8117,Southfield,MI,USA,"{'latitude': 42.4733689, 'longitude': -83.2218731, 'fipsCode': '26125'}"
117900,,HighSchool,2021,2194.0,Tony Evans Jr.,Lancaster,Wyoming,ATH,73.0,185.0,3.0,0.8117,Lancaster,TX,USA,"{'latitude': 32.5920798, 'longitude': -96.7561083, 'fipsCode': '48113'}"
117891,,HighSchool,2021,2194.0,Jason Davis,Jefferson,,LB,74.0,210.0,3.0,0.8117,Portland,OR,USA,"{'latitude': 45.5202471, 'longitude': -122.6741949, 'fipsCode': '41051'}"
117886,4877831,HighSchool,2021,2194.0,Josh Toner,Cherokee,James Madison,IOL,75.0,285.0,3.0,0.8117,Marlton,NJ,USA,"{'latitude': 39.8912248, 'longitude': -74.9218325, 'fipsCode': '34005'}"
117883,4875203,HighSchool,2021,2194.0,Lucien Brunetti,Montgomery Bell Academy,Tennessee,WR,74.0,175.0,3.0,0.8117,Nashville,TN,USA,"{'latitude': 36.1622296, 'longitude': -86.7743531, 'fipsCode': '47037'}"
117882,,HighSchool,2021,2194.0,Blake Nelson,Walled Lake Central,Louisville,TE,76.0,235.0,3.0,0.8117,Walled Lake,MI,USA,"{'latitude': 42.537811, 'longitude': -83.4810481, 'fipsCode': '26125'}"
117890,,HighSchool,2021,2194.0,Matt Binkowski,Battlefield,James Madison,LB,73.0,218.0,3.0,0.8117,Haymarket,VA,USA,"{'latitude': 38.8121398, 'longitude': -77.6368038, 'fipsCode': '51153'}"
117881,,HighSchool,2021,2194.0,Antonio Robinson,Melissa,,WR,74.0,185.0,3.0,0.8117,Melissa,TX,USA,"{'latitude': 33.2860549, 'longitude': -96.5725952, 'fipsCode': '48085'}"
117901,4710718,HighSchool,2021,2194.0,Andreas Paaske,Denmark,Eastern Michigan,TE,79.0,220.0,3.0,0.8117,Denmark,,DNK,"{'latitude': None, 'longitude': None, 'fipsCode': None}"
117921,5085163,HighSchool,2021,2215.0,Kaleb Tompkins,Midlothian,Air Force,DL,75.0,250.0,3.0,0.8115,Midlothian,TX,USA,"{'latitude': 32.482361, 'longitude': -96.9944489, 'fipsCode': '48139'}"
117920,,HighSchool,2021,2215.0,Hunter Marcom,Waupaca,Central Michigan,TE,79.0,232.0,3.0,0.8115,Waupaca,WI,USA,"{'latitude': 44.3580348, 'longitude': -89.0859464, 'fipsCode': '55135'}"
117905,,HighSchool,2021,2215.0,Nahamani Harris,Cornerstone Christian,,CB,74.0,185.0,3.0,0.8115,San Antonio,TX,USA,"{'latitude': 29.4246002, 'longitude': -98.4951405, 'fipsCode': '48029'}"
117907,4684881,HighSchool,2021,2215.0,Rylan Green,West Monroe,UL Monroe,TE,75.0,245.0,3.0,0.8115,West Monroe,LA,USA,"{'latitude': 32.5184775, 'longitude': -92.1476353, 'fipsCode': '22073'}"
117913,4687043,HighSchool,2021,2215.0,Mackey Maillho,Mandeville,Louisiana,IOL,80.0,350.0,3.0,0.8115,Mandeville,LA,USA,"{'latitude': 30.3582305, 'longitude': -90.0657477, 'fipsCode': '22103'}"
117908,4683812,HighSchool,2021,2215.0,Nate Pabst,Archbishop Moeller,Bowling Green,EDGE,78.0,240.0,3.0,0.8115,Cincinnati,OH,USA,"{'latitude': 39.1014537, 'longitude': -84.5124602, 'fipsCode': '39061'}"
117912,4687414,HighSchool,2021,2215.0,Stephon Dubose,Indian River,Old Dominion,IOL,75.0,280.0,3.0,0.8115,Chesapeake,VA,USA,"{'latitude': 36.7183708, 'longitude': -76.2466798, 'fipsCode': '51550'}"
117914,4890323,HighSchool,2021,2215.0,Dion Daniels,Tyler Legacy,Houston Christian,IOL,75.0,265.0,3.0,0.8115,Tyler,TX,USA,"{'latitude': 32.3512601, 'longitude': -95.3010624, 'fipsCode': '48423'}"
117903,4602702,HighSchool,2021,2215.0,Jon-Luke Peaker,Northeast,Old Dominion,RB,69.0,187.0,3.0,0.8115,Philadelphia,PA,USA,"{'latitude': 39.9527237, 'longitude': -75.1635262, 'fipsCode': '42101'}"
117911,4701542,HighSchool,2021,2215.0,Coryon Francis,North Crowley,New Mexico,S,73.0,170.0,3.0,0.8115,Fort Worth,TX,USA,"{'latitude': 32.753177, 'longitude': -97.3327459, 'fipsCode': '48439'}"
117919,5082474,HighSchool,2021,2215.0,Zach Shaw,Ouachita Parish,UL Monroe,QB,75.0,200.0,3.0,0.8115,Monroe,LA,USA,"{'latitude': 32.5093109, 'longitude': -92.1193012, 'fipsCode': '22073'}"
117917,4709805,HighSchool,2021,2215.0,Femi Sakiri,Byron Nelson,UConn,IOL,75.0,285.0,3.0,0.8115,Trophy Club,TX,USA,"{'latitude': 33.00367, 'longitude': -97.20303354151261, 'fipsCode': '48121'}"
117904,4687187,HighSchool,2021,2215.0,Marquis Crosby,Seminary,Louisiana Tech,RB,69.0,169.0,3.0,0.8115,Seminary,MS,USA,"{'latitude': 31.5623892, 'longitude': -89.4975669, 'fipsCode': '28031'}"
117906,4687316,HighSchool,2021,2215.0,Jovan Marsh,Marist,Wyoming,ATH,71.0,170.0,3.0,0.8115,Chicago,IL,USA,"{'latitude': 41.8755616, 'longitude': -87.6244212, 'fipsCode': '17031'}"
117909,4683108,HighSchool,2021,2215.0,Parker Buchanan,Box Elder,Utah State,ATH,78.0,215.0,3.0,0.8115,Brigham City,UT,USA,"{'latitude': 41.5103717, 'longitude': -112.0155619, 'fipsCode': '49003'}"
117916,4702893,HighSchool,2021,2215.0,Richard Toney Jr.,Arlington,Nevada,S,72.0,170.0,3.0,0.8115,Arlington,TX,USA,"{'latitude': 32.701938999999996, 'longitude': -97.10562379033699, 'fipsCode': '48439'}"
117918,4709981,HighSchool,2021,2215.0,Jared Morrow,Mount Zion,Coastal Carolina,OT,77.0,290.0,3.0,0.8115,Carrollton,GA,USA,"{'latitude': 33.5801103, 'longitude': -85.0766113, 'fipsCode': '13045'}"
117910,4682675,HighSchool,2021,2215.0,Drew Beckenhaupt,Cincinnati Elder,Toledo,IOL,76.0,290.0,3.0,0.8115,Cincinnati,OH,USA,"{'latitude': 39.1014537, 'longitude': -84.5124602, 'fipsCode': '39061'}"
117922,4710750,HighSchool,2021,2215.0,Rocco Hicks,Blue Valley West,Bowling Green,DL,76.0,240.0,3.0,0.8115,Stilwell,KS,USA,"{'latitude': 38.7691755, 'longitude': -94.6563454, 'fipsCode': '20091'}"
117902,4684083,HighSchool,2021,2215.0,Tyler Phommachanh,Avon Old Farms,UConn,QB,72.0,200.0,3.0,0.8115,Stratford,CT,USA,"{'latitude': 41.1845415, 'longitude': -73.1331651, 'fipsCode': '09001'}"
117915,4684278,HighSchool,2021,2215.0,Jakolby Longino,Fort Bend Hightower,UTEP,QB,74.0,195.0,3.0,0.8115,Missouri City,TX,USA,"{'latitude': 29.6185669, 'longitude': -95.5377215, 'fipsCode': '48157'}"
117927,4709684,HighSchool,2021,2236.0,Jayden Williams,Bloomingdale,Florida Atlantic,CB,71.0,185.0,3.0,0.8111,Valrico,FL,USA,"{'latitude': 27.9484265, 'longitude': -82.23621545220522, 'fipsCode': '12057'}"
117932,4710742,HighSchool,2021,2236.0,Cam Burden,Alcoa,Charlotte,LB,75.0,205.0,3.0,0.8111,Alcoa,TN,USA,"{'latitude': 35.7895271, 'longitude': -83.9737935, 'fipsCode': '47009'}"
117931,4710774,HighSchool,2021,2236.0,Montavious Cunningham,Clarke Central,Georgia State,OT,75.0,285.0,3.0,0.8111,Athens,GA,USA,"{'latitude': 33.9597677, 'longitude': -83.376398, 'fipsCode': '13059'}"
117923,4684140,HighSchool,2021,2236.0,Matthew Pajuste,Martin Luther King,Buffalo,IOL,75.5,275.0,3.0,0.8111,Philadelphia,PA,USA,"{'latitude': 39.9527237, 'longitude': -75.1635262, 'fipsCode': '42101'}"
117928,4684960,HighSchool,2021,2236.0,Chris Boti,St. Vincent Pallotti,Liberty,DL,74.0,283.0,3.0,0.8111,Laurel,MD,USA,"{'latitude': 39.0992752, 'longitude': -76.8483061, 'fipsCode': '24033'}"
117926,4697263,HighSchool,2021,2236.0,Cameron Whitfield,Pearland Dawson,Louisiana,DL,75.0,230.0,3.0,0.8111,Pearland,TX,USA,"{'latitude': 29.5639758, 'longitude': -95.2864299, 'fipsCode': '48039'}"
117929,,HighSchool,2021,2236.0,Tyriek Bell,Saddleback,Marshall,LB,75.0,205.0,3.0,0.8111,Santa Ana,CA,USA,"{'latitude': 33.7494951, 'longitude': -117.8732213, 'fipsCode': '06059'}"
117930,4710022,HighSchool,2021,2236.0,Drue Watts,Sierra Canyon,Nevada,LB,73.0,215.0,3.0,0.8111,Chatsworth,CA,USA,"{'latitude': 34.2595715, 'longitude': -118.6023247, 'fipsCode': '06037'}"
117924,4683276,HighSchool,2021,2236.0,Zeek Biggers,West Rowan,Georgia Tech,DL,79.0,330.0,3.0,0.8111,Mount Ulla,NC,USA,"{'latitude': 35.6584725, 'longitude': -80.7267361, 'fipsCode': '37159'}"
117925,4683665,HighSchool,2021,2236.0,Zuberi Mobley,Miami Northwestern,Florida Atlantic,RB,70.0,185.0,3.0,0.8111,Miami,FL,USA,"{'latitude': 25.7742658, 'longitude': -80.1936589, 'fipsCode': '12086'}"
117933,4683461,HighSchool,2021,2246.0,Tyson Davis,Goodrich,Central Michigan,WR,70.0,175.0,3.0,0.8107,Goodrich,MI,USA,"{'latitude': 42.91708, 'longitude': -83.501656, 'fipsCode': '26049'}"
117938,,HighSchool,2021,2247.0,Leroy Watson Jr.,Central Catholic,Army,CB,70.0,160.0,3.0,0.8106,Toledo,OH,USA,"{'latitude': 41.6786754, 'longitude': -83.5127283, 'fipsCode': '39095'}"
117939,,HighSchool,2021,2247.0,Nathan Roach,Buckingham Browne & Nichols School,Navy,IOL,75.0,280.0,3.0,0.8106,Cambridge,MA,USA,"{'latitude': 42.3750997, 'longitude': -71.1056157, 'fipsCode': '25017'}"
117935,,HighSchool,2021,2247.0,Shoes Brinkley,Mater Dei,,ATH,69.0,183.0,3.0,0.8106,Santa Ana,CA,USA,"{'latitude': 33.7494951, 'longitude': -117.8732213, 'fipsCode': '06059'}"
117943,,HighSchool,2021,2247.0,Nick Sawyer,Sparkman,Kennesaw State,ATH,71.0,180.0,3.0,0.8106,Harvest,AL,USA,"{'latitude': 34.857193249999995, 'longitude': -86.74907012252524, 'fipsCode': '01089'}"
117936,,HighSchool,2021,2247.0,Shepherd Bowling,Katy,Army,LB,72.0,210.0,3.0,0.8106,Katy,TX,USA,"{'latitude': 29.7857853, 'longitude': -95.8243956, 'fipsCode': '48157'}"
117942,5081557,HighSchool,2021,2247.0,Matteo Bianchi,McKinney Boyd,Navy,LB,75.0,210.0,3.0,0.8106,McKinney,TX,USA,"{'latitude': 33.1976496, 'longitude': -96.6154471, 'fipsCode': '48085'}"
117937,4688424,HighSchool,2021,2247.0,Jékob Jones,Central East,Cal Poly,LB,72.0,216.0,3.0,0.8106,Fresno,CA,USA,"{'latitude': 36.7295295, 'longitude': -119.70886126075588, 'fipsCode': '06019'}"
117941,4876140,HighSchool,2021,2247.0,Kekoa Visperas,Bethel,Eastern Washington,QB,72.0,190.0,3.0,0.8106,Spanaway,WA,USA,"{'latitude': 47.0979462, 'longitude': -122.4243422, 'fipsCode': '53053'}"
117940,4880195,HighSchool,2021,2247.0,Colt Fulton,Santa Margarita Catholic,Boise State,QB,76.0,195.0,3.0,0.8106,Rancho Santa Margarita,CA,USA,"{'latitude': 33.6408845, 'longitude': -117.6029341, 'fipsCode': '06059'}"
117934,4887162,HighSchool,2021,2247.0,Mikeviun Titus,South Oak Cliff,Texas Southern,ATH,70.0,182.0,3.0,0.8106,Dallas,TX,USA,"{'latitude': 32.7762719, 'longitude': -96.7968559, 'fipsCode': '48113'}"
117944,4431640,HighSchool,2021,2257.0,Emon Hill,Mill Creek,Kent State,CB,70.0,175.0,3.0,0.8104,Hoschton,GA,USA,"{'latitude': 34.096496, 'longitude': -83.7612839, 'fipsCode': '13157'}"
117946,4710849,HighSchool,2021,2258.0,Wyatt Lawson,Durant,Florida International,IOL,75.0,290.0,3.0,0.81,Plant City,FL,USA,"{'latitude': 28.01806015, 'longitude': -82.11848198507127, 'fipsCode': '12057'}"
117945,4705085,HighSchool,2021,2258.0,Louce Julien,Orange,Massachusetts,EDGE,74.0,225.0,3.0,0.81,Orange,NJ,USA,"{'latitude': 40.77117355, 'longitude': -74.23102475098881, 'fipsCode': '34013'}"
117950,4691368,HighSchool,2021,2260.0,Brandon MacKinnon,Hun School,Northern Illinois,OT,78.0,280.0,3.0,0.8096,Lakeville,MA,USA,"{'latitude': 41.8459353, 'longitude': -70.9494854, 'fipsCode': '25023'}"
117948,4683297,HighSchool,2021,2260.0,Gerick Robinson,Las Vegas Centennial,Colorado State,ATH,71.0,165.0,3.0,0.8096,Las Vegas,NV,USA,"{'latitude': 36.1672559, 'longitude': -115.1485163, 'fipsCode': '32003'}"
117947,4684530,HighSchool,2021,2260.0,Bear Milacek,Boulder Creek,New Mexico,QB,75.0,208.0,3.0,0.8096,Phoenix,AZ,USA,"{'latitude': 33.4484367, 'longitude': -112.0741417, 'fipsCode': '04013'}"
117949,4687704,HighSchool,2021,2260.0,Makhi Nelson-Douglas,Elkhorn South,Northern Illinois,LB,74.0,200.0,3.0,0.8096,Omaha,NE,USA,"{'latitude': 41.2587459, 'longitude': -95.9383758, 'fipsCode': '31055'}"
117951,4876117,HighSchool,2021,2264.0,Tommy Griffin,Corona Del Mar,Cal Poly,ATH,74.0,173.0,3.0,0.8094,Newport Beach,CA,USA,"{'latitude': 33.6170092, 'longitude': -117.9294401, 'fipsCode': '06059'}"
117953,,HighSchool,2021,2264.0,Javon Murphy,Stellar Prep,Cal Poly,LB,74.0,215.0,3.0,0.8094,Hayward,CA,USA,"{'latitude': 37.6688205, 'longitude': -122.0807964, 'fipsCode': '06001'}"
117952,4709789,HighSchool,2021,2264.0,Quintell Quinn,St. Francis de Sales,Ohio,RB,72.0,190.0,3.0,0.8094,Columbus,OH,USA,"{'latitude': 39.9622601, 'longitude': -83.0007065, 'fipsCode': '39049'}"
117956,4710068,HighSchool,2021,2267.0,Colin Weber,Hopkins,Charlotte,TE,76.0,220.0,3.0,0.8093,Hopkins,MI,USA,"{'latitude': 42.6236425, 'longitude': -85.7603024, 'fipsCode': '27053'}"
117955,4709803,HighSchool,2021,2267.0,Calvin Muraski,Bay Port,Western Michigan,OT,80.0,260.0,3.0,0.8093,Green Bay,WI,USA,"{'latitude': 44.5126379, 'longitude': -88.0125794, 'fipsCode': '55009'}"
117954,4685892,HighSchool,2021,2267.0,Shane Slattery,Revere,Kent State,LB,73.0,220.0,3.0,0.8093,Richfield,OH,USA,"{'latitude': 41.2397772, 'longitude': -81.6381785, 'fipsCode': '39153'}"
117959,4709840,HighSchool,2021,2270.0,Liam Rempel,Hun School,Northern Illinois,EDGE,77.0,225.0,3.0,0.8089,Princeton,NJ,USA,"{'latitude': 40.3492744, 'longitude': -74.6592958, 'fipsCode': '34021'}"
117958,4683792,HighSchool,2021,2270.0,Evan Olaes,Legacy,Colorado State,QB,72.0,205.0,3.0,0.8089,North Las Vegas,NV,USA,"{'latitude': 36.2005843, 'longitude': -115.1215844, 'fipsCode': '32003'}"
117960,4709973,HighSchool,2021,2270.0,Malakai Grant,Flagler Palm Coast,Colorado State,LB,72.0,210.0,3.0,0.8089,Palm Coast,FL,USA,"{'latitude': 29.5541432, 'longitude': -81.2207673, 'fipsCode': '12035'}"
117957,4700455,HighSchool,2021,2270.0,David Patterson,Parkview,Ohio,DL,75.0,230.0,3.0,0.8089,Lilburn,GA,USA,"{'latitude': 33.8901036, 'longitude': -84.1429719, 'fipsCode': '13135'}"
117961,4712321,HighSchool,2021,2274.0,Nate Adams,Flower Mound,Hawai'i,OT,78.0,295.0,3.0,0.8085,Flower Mound,TX,USA,"{'latitude': 33.0283854, 'longitude': -97.0867203, 'fipsCode': '48121'}"
117965,4709651,HighSchool,2021,2275.0,Brody Dalton,Fyffe,UAB,TE,76.0,225.0,3.0,0.8083,Fyffe,AL,USA,"{'latitude': 34.4470207, 'longitude': -85.9039621, 'fipsCode': '01049'}"
117966,,HighSchool,2021,2275.0,Logan Seibert,Belleville West,Akron,K,70.0,170.0,3.0,0.8083,Belleville,IL,USA,"{'latitude': 38.5200504, 'longitude': -89.9839935, 'fipsCode': '17163'}"
117964,,HighSchool,2021,2275.0,Jack Burnett,St. Ignatius College Preparatory,Air Force,IOL,75.0,295.0,3.0,0.8083,San Francisco,CA,USA,"{'latitude': 37.7790262, 'longitude': -122.4199061, 'fipsCode': '06075'}"
117963,4714341,HighSchool,2021,2275.0,Ben Ford,Eagle,Boise State,ATH,71.0,190.0,3.0,0.8083,Eagle,ID,USA,"{'latitude': 43.6954424, 'longitude': -116.3540138, 'fipsCode': '16001'}"
117962,,HighSchool,2021,2275.0,Nickel Fields,Providence Day School,,RB,68.0,170.0,3.0,0.8083,Charlotte,NC,USA,"{'latitude': 35.2272, 'longitude': -80.843083, 'fipsCode': '37119'}"
117972,4696475,HighSchool,2021,2280.0,Trey Urwiler,Batavia,Northern Illinois,ATH,69.0,165.0,3.0,0.8081,Batavia,IL,USA,"{'latitude': 41.8500284, 'longitude': -88.3125738, 'fipsCode': '17089'}"
117980,4682761,HighSchool,2021,2280.0,Luke Wysong,Cleveland,New Mexico,WR,69.0,170.0,3.0,0.8081,Rio Rancho,NM,USA,"{'latitude': 35.269381, 'longitude': -106.632819, 'fipsCode': '35043'}"
117975,4683455,HighSchool,2021,2280.0,Jalen McMurray,Gonzaga,Temple,CB,71.0,170.0,3.0,0.8081,Washington,DC,USA,"{'latitude': 38.8949855, 'longitude': -77.0365708, 'fipsCode': '11001'}"
117976,4683471,HighSchool,2021,2280.0,Brady Olson,Milford,Massachusetts,QB,76.0,185.0,3.0,0.8081,Bellingham,MA,USA,"{'latitude': 42.0869493, 'longitude': -71.4746436, 'fipsCode': '25021'}"
117981,4683250,HighSchool,2021,2280.0,Marcus Harris,North Hardin,Kent State,WR,74.0,180.0,3.0,0.8081,Radcliff,KY,USA,"{'latitude': 37.8403456, 'longitude': -85.9491298, 'fipsCode': '21093'}"
117974,4683562,HighSchool,2021,2280.0,Drew Hughes,Nazareth Academy,Ball State,DL,76.0,256.0,3.0,0.8081,La Grange Park,IL,USA,"{'latitude': 41.8333646, 'longitude': -87.8677324, 'fipsCode': '17031'}"
117970,4599374,HighSchool,2021,2280.0,Cort Bradley,Auburn,Auburn,IOL,75.5,285.0,3.0,0.8081,Auburn,AL,USA,"{'latitude': 32.6550905, 'longitude': -85.50364346309962, 'fipsCode': '01081'}"
117984,4572906,HighSchool,2021,2280.0,Jaquan Toney,Mae Jemison,Middle Tennessee,IOL,76.0,288.0,3.0,0.8081,Huntsville,AL,USA,"{'latitude': 34.729847, 'longitude': -86.5859011, 'fipsCode': '01089'}"
117971,4684963,HighSchool,2021,2280.0,Wayne Matthews III,C.H. Flowers,Old Dominion,LB,74.0,205.0,3.0,0.8081,Upper Marlboro,MD,USA,"{'latitude': 38.8165274, 'longitude': -76.7519753, 'fipsCode': '24033'}"
117973,,HighSchool,2021,2280.0,Joey Petersen,North Scott,Iowa State,EDGE,76.0,220.0,3.0,0.8081,Eldridge,IA,USA,"{'latitude': 41.6580864, 'longitude': -90.5845823, 'fipsCode': '19163'}"
117983,4683482,HighSchool,2021,2280.0,Josh Tracey,Avon Old Farms,UConn,WR,69.0,180.0,3.0,0.8081,Avon,CT,USA,"{'latitude': 41.8098209, 'longitude': -72.8306541, 'fipsCode': '09003'}"
117982,4683169,HighSchool,2021,2280.0,Leon Williams,Lowndes,Kent State,LB,74.0,215.0,3.0,0.8081,Valdosta,GA,USA,"{'latitude': 30.8327022, 'longitude': -83.2784851, 'fipsCode': '13185'}"
117969,4687397,HighSchool,2021,2280.0,Richard Mays,Ridgeland,Southern Miss,WR,74.0,205.0,3.0,0.8081,Ridgeland,MS,USA,"{'latitude': 32.4284761, 'longitude': -90.1323087, 'fipsCode': '28089'}"
117977,3821571,HighSchool,2021,2280.0,Jakelyn Morgan,Tyler Legacy,Arizona,CB,73.0,175.0,3.0,0.8081,Tyler,TX,USA,"{'latitude': 32.3512601, 'longitude': -95.3010624, 'fipsCode': '48423'}"
117967,4682626,HighSchool,2021,2280.0,Pete Nygra,Brownsburg,Northern Illinois,IOL,76.0,260.0,3.0,0.8081,Brownsburg,IN,USA,"{'latitude': 39.8433769, 'longitude': -86.3977736, 'fipsCode': '18063'}"
117986,4710717,HighSchool,2021,2280.0,Bobby Mcmillian,Vero Beach,Arkansas State,RB,70.0,190.0,3.0,0.8081,Vero Beach,FL,USA,"{'latitude': 27.6387163, 'longitude': -80.3975399, 'fipsCode': '12061'}"
117978,4677308,HighSchool,2021,2280.0,Faaeanuu Pepe,Orange Lutheran,Rice,OT,76.0,325.0,3.0,0.8081,Orange,CA,USA,"{'latitude': 33.7872568, 'longitude': -117.8503088, 'fipsCode': '06059'}"
117979,4682521,HighSchool,2021,2280.0,Evan Azzara,Plum,Miami (OH),OT,78.0,290.0,3.0,0.8081,Pittsburgh,PA,USA,"{'latitude': 40.4416941, 'longitude': -79.9900861, 'fipsCode': '42003'}"
117968,4890891,HighSchool,2021,2280.0,D'Juan Grant,New Caney,UL Monroe,CB,70.0,172.0,3.0,0.8081,New Caney,TX,USA,"{'latitude': 30.155216, 'longitude': -95.2113221, 'fipsCode': '48339'}"
117985,4432796,HighSchool,2021,2280.0,DeTerias Glover,Camden County,Austin Peay,DL,75.0,255.0,3.0,0.8081,Kingsland,GA,USA,"{'latitude': 30.7999563, 'longitude': -81.6898261, 'fipsCode': '13039'}"
117988,4710862,HighSchool,2021,2300.0,Rey'Noi Summersett,North Mecklenburg,Akron,LB,76.0,230.0,3.0,0.8078,Huntersville,NC,USA,"{'latitude': 35.410845, 'longitude': -80.8429094, 'fipsCode': '37119'}"
117987,,HighSchool,2021,2300.0,Lysander Moeolo,Timberline,Nevada,OT,78.0,345.0,3.0,0.8078,Lacey,WA,USA,"{'latitude': 47.0263876, 'longitude': -122.8072257, 'fipsCode': '53067'}"
117995,4690607,HighSchool,2021,2302.0,J.J. Uphold,Garces Memorial,Wyoming,TE,77.0,230.0,3.0,0.8074,Bakersfield,CA,USA,"{'latitude': 35.3738712, 'longitude': -119.0194639, 'fipsCode': '06029'}"
117989,,HighSchool,2021,2302.0,Jaret Frantz,Elyria Catholic,Ball State,WR,75.0,205.0,3.0,0.8074,Elyria,OH,USA,"{'latitude': 41.368251, 'longitude': -82.1065757, 'fipsCode': '39093'}"
117996,4683346,HighSchool,2021,2302.0,Jaden Phillips,Clovis,New Mexico,DL,74.0,240.0,3.0,0.8074,Clovis,NM,USA,"{'latitude': 34.405472, 'longitude': -103.2050709, 'fipsCode': '35009'}"
117994,4683466,HighSchool,2021,2302.0,Jamir Roberts,McDonogh School,Massachusetts,WR,69.0,185.0,3.0,0.8074,Owings Mills,MD,USA,"{'latitude': 39.4010753, 'longitude': -76.796299, 'fipsCode': '24005'}"
117990,4684330,HighSchool,2021,2302.0,Daniel Warnsman,Dublin Coffman,Eastern Michigan,OT,76.0,280.0,3.0,0.8074,Dublin,OH,USA,"{'latitude': 40.0992294, 'longitude': -83.1140771, 'fipsCode': '39049'}"
117993,4684216,HighSchool,2021,2302.0,Andrell Barney Jr.,Basha,New Mexico,CB,71.0,185.0,3.0,0.8074,Chandler,AZ,USA,"{'latitude': 33.3062223, 'longitude': -111.8413317, 'fipsCode': '04013'}"
117997,4683925,HighSchool,2021,2302.0,Gage Michael,Fairmont,Kent State,QB,72.0,175.0,3.0,0.8074,Fairmont,WV,USA,"{'latitude': 39.4850848, 'longitude': -80.1425781, 'fipsCode': '54049'}"
117991,4713156,HighSchool,2021,2302.0,Sioeli Helu,Junipero Serra,New Mexico State,DL,75.0,315.0,3.0,0.8074,San Mateo,CA,USA,"{'latitude': 37.5439684, 'longitude': -122.3066789, 'fipsCode': '06081'}"
117992,4684962,HighSchool,2021,2302.0,Ja'Shon Lowery,La Cueva,New Mexico,EDGE,76.0,225.0,3.0,0.8074,Albuquerque,NM,USA,"{'latitude': 35.0841034, 'longitude': -106.6509851, 'fipsCode': '35001'}"
117998,,HighSchool,2021,2311.0,Trey Lubin,Timber Creek,Tennessee Tech,S,71.0,180.0,3.0,0.807,Orlando,FL,USA,"{'latitude': 28.5421109, 'longitude': -81.3790304, 'fipsCode': '12095'}"
118000,,HighSchool,2021,2312.0,Trevyn Heil,Grandview,Nevada,IOL,75.0,275.0,3.0,0.8067,Aurora,CO,USA,"{'latitude': 39.729432, 'longitude': -104.8319196, 'fipsCode': '08005'}"
117999,4705853,HighSchool,2021,2312.0,Eddie Czaplicki,Providence,Arizona State,K,73.0,185.0,3.0,0.8067,Charlotte,NC,USA,"{'latitude': 35.2272, 'longitude': -80.843083, 'fipsCode': '37119'}"
118001,4709801,HighSchool,2021,2312.0,Elijah Hamm,Oconee County,Northern Illinois,S,74.0,200.0,3.0,0.8067,Watkinsville,GA,USA,"{'latitude': 33.8628959, 'longitude': -83.4087709, 'fipsCode': '13219'}"
118004,,HighSchool,2021,2315.0,Xavier Copening,Avon Old Farms,,QB,71.0,180.0,3.0,0.8067,Avon,CT,USA,"{'latitude': 41.8098209, 'longitude': -72.8306541, 'fipsCode': '09003'}"
118014,,HighSchool,2021,2315.0,Rick Mua'e,Pine View,,EDGE,75.0,250.0,3.0,0.8067,St. George,UT,USA,"{'latitude': 37.104153, 'longitude': -113.5841313, 'fipsCode': '49053'}"
118010,,HighSchool,2021,2315.0,Wahkeem Roman,Highlands,,IOL,76.0,275.0,3.0,0.8067,Natrona Heights,PA,USA,"{'latitude': 40.6232405, 'longitude': -79.7297287, 'fipsCode': '42003'}"
118011,4882113,HighSchool,2021,2315.0,Jonathan Cannon,Chambers,North Carolina A&T,EDGE,76.0,240.0,3.0,0.8067,Charlotte,NC,USA,"{'latitude': 35.2272, 'longitude': -80.843083, 'fipsCode': '37119'}"
118008,5082627,HighSchool,2021,2315.0,NyNy Davis,Etowah,Utah State,ATH,70.0,160.0,3.0,0.8067,Attalla,AL,USA,"{'latitude': 34.0217639, 'longitude': -86.0885851, 'fipsCode': '01055'}"
118009,,HighSchool,2021,2315.0,Eric O'Neill,Tottenville,Long Island University,DL,75.0,235.0,3.0,0.8067,Staten Island,NY,USA,"{'latitude': 40.564209, 'longitude': -74.12530461995391, 'fipsCode': '36085'}"
118006,,HighSchool,2021,2315.0,Jaxon McBride,Casteel,Arizona,OT,79.0,290.0,3.0,0.8067,Queen Creek,AZ,USA,"{'latitude': 33.2483858, 'longitude': -111.6341585, 'fipsCode': '04013'}"
118002,,HighSchool,2021,2315.0,Corey Walker,West Side,,LB,73.0,230.0,3.0,0.8067,Newark,NJ,USA,"{'latitude': 40.735657, 'longitude': -74.1723667, 'fipsCode': '34013'}"
118005,4878251,HighSchool,2021,2315.0,Michael Entwistle,Don Bosco Prep,Harvard,IOL,76.0,270.0,3.0,0.8067,Ramsey,NJ,USA,"{'latitude': 41.0573188, 'longitude': -74.1409771, 'fipsCode': '34003'}"
118012,4917395,HighSchool,2021,2315.0,Phil Gunn,Merrillville,Ball State,IOL,75.0,310.0,3.0,0.8067,Hammond,IN,USA,"{'latitude': 41.5833658, 'longitude': -87.500043, 'fipsCode': '18089'}"
118013,4714289,HighSchool,2021,2315.0,Cameron Dye,Milton,Georgia State,OT,76.0,270.0,3.0,0.8067,Alpharetta,GA,USA,"{'latitude': 34.0709576, 'longitude': -84.2747329, 'fipsCode': '13121'}"
118007,4875582,HighSchool,2021,2315.0,Toby Wilson,Olentangy,Ohio State,IOL,74.5,273.0,3.0,0.8067,Lewis Center,OH,USA,"{'latitude': 40.1983958, 'longitude': -83.0101843, 'fipsCode': '39041'}"
118015,4881352,HighSchool,2021,2315.0,Jack Shields,Centreville,Old Dominion,QB,73.0,190.0,3.0,0.8067,Clifton,VA,USA,"{'latitude': 38.7802204, 'longitude': -77.3864722, 'fipsCode': '51059'}"
118003,5082000,HighSchool,2021,2315.0,Theo Grabill,Cathedral,West Virginia,WR,75.0,194.0,3.0,0.8067,Overland Park,KS,USA,"{'latitude': 38.9742502, 'longitude': -94.6851702, 'fipsCode': '20091'}"
118022,4705928,HighSchool,2021,2329.0,Brayden Swartout,Garber,Central Michigan,OT,78.0,280.0,3.0,0.8063,Essexville,MI,USA,"{'latitude': 43.6153, 'longitude': -83.841919, 'fipsCode': '26017'}"
118018,4708491,HighSchool,2021,2329.0,Zavier Leonard,Arlington Sam Houston,San Diego State,OT,76.0,290.0,3.0,0.8063,Arlington,TX,USA,"{'latitude': 32.701938999999996, 'longitude': -97.10562379033699, 'fipsCode': '48439'}"
118016,4688839,HighSchool,2021,2329.0,Bryson Moss,Newnan,Eastern Michigan,RB,69.0,185.0,3.0,0.8063,Newnan,GA,USA,"{'latitude': 33.3806716, 'longitude': -84.7996573, 'fipsCode': '13077'}"
118019,4682928,HighSchool,2021,2329.0,Dierre Kelly,Merrillville,Bowling Green,DL,74.0,240.0,3.0,0.8063,Merrillville,IN,USA,"{'latitude': 41.4828144, 'longitude': -87.3328139, 'fipsCode': '18089'}"
118020,4688756,HighSchool,2021,2329.0,Omarion Hammond,A.C. Flora,Georgia State,DL,76.0,250.0,3.0,0.8063,Columbia,SC,USA,"{'latitude': 34.0007493, 'longitude': -81.0343313, 'fipsCode': '45079'}"
118021,4683457,HighSchool,2021,2329.0,Andrew Stokes,ProKick Australia,South Florida,P,77.0,220.0,3.0,0.8063,Australia,,AUS,"{'latitude': None, 'longitude': None, 'fipsCode': None}"
118017,4683290,HighSchool,2021,2329.0,DeAnthony Becton,Akron East,Central Michigan,S,71.0,170.0,3.0,0.8063,Akron,OH,USA,"{'latitude': 41.083064, 'longitude': -81.518485, 'fipsCode': '39153'}"
118025,4683293,HighSchool,2021,2336.0,Brett Coleman,Belfry,Miami (OH),S,75.0,190.0,3.0,0.8059,Belfry,KY,USA,"{'latitude': 37.6203804, 'longitude': -82.2690294, 'fipsCode': '21195'}"
118023,,HighSchool,2021,2336.0,Larry Harris,Lawrence North,Ball State,DL,77.0,275.0,3.0,0.8059,Indianapolis,IN,USA,"{'latitude': 39.7683331, 'longitude': -86.1583502, 'fipsCode': '18097'}"
118027,4878142,HighSchool,2021,2336.0,Mason Woods,Gar-Field,Towson,LB,72.0,205.0,3.0,0.8059,Woodbridge,VA,USA,"{'latitude': 38.6581723, 'longitude': -77.2497049, 'fipsCode': '51153'}"
118028,4710790,HighSchool,2021,2336.0,LJ McCloud,Pike Road,Georgia Southern,DL,73.0,265.0,3.0,0.8059,Pike Road,AL,USA,"{'latitude': 32.272931, 'longitude': -86.15018999518217, 'fipsCode': '01101'}"
118026,4684971,HighSchool,2021,2336.0,Carlos Peoples,Cedar Hill,New Mexico State,IOL,74.0,285.0,3.0,0.8059,Cedar Hill,TX,USA,"{'latitude': 32.5888072, 'longitude': -96.9553675, 'fipsCode': '48113'}"
118024,4612189,HighSchool,2021,2336.0,Kadinn Morris,Sacred Heart Griffin,Western Michigan,TE,75.0,225.0,3.0,0.8059,Springfield,IL,USA,"{'latitude': 39.7990175, 'longitude': -89.6439575, 'fipsCode': '17167'}"
118037,4710002,HighSchool,2021,2342.0,Kiylan Miller,Chase,Coastal Carolina,ATH,75.0,175.0,3.0,0.8056,Forest City,NC,USA,"{'latitude': 35.3340108, 'longitude': -81.8651028, 'fipsCode': '37161'}"
118047,4710006,HighSchool,2021,2342.0,D.J. Bryant,San Leandro,San Diego State,QB,72.0,170.0,3.0,0.8056,San Leandro,CA,USA,"{'latitude': 37.7249296, 'longitude': -122.1560768, 'fipsCode': '06001'}"
118046,4710017,HighSchool,2021,2342.0,Caleb Manson,El Modena,Nevada,DL,77.0,265.0,3.0,0.8056,Orange,CA,USA,"{'latitude': 33.7872568, 'longitude': -117.8503088, 'fipsCode': '06059'}"
118040,4701590,HighSchool,2021,2342.0,Vinson Davis III,American Heritage,Charleston Southern,ATH,68.0,160.0,3.0,0.8056,Miramar,FL,USA,"{'latitude': 25.975911449999998, 'longitude': -80.33472128115224, 'fipsCode': '12011'}"
118051,4714293,HighSchool,2021,2342.0,Caleb Lewis,Cibolo Steele,UTSA,EDGE,75.0,210.0,3.0,0.8056,Cibolo,TX,USA,"{'latitude': 29.5707831, 'longitude': -98.2330927, 'fipsCode': '48187'}"
118042,4775224,HighSchool,2021,2342.0,Xander Werner,Saguaro,Northern Arizona,ATH,74.0,225.0,3.0,0.8056,Scottsdale,AZ,USA,"{'latitude': 33.4942189, 'longitude': -111.9260184, 'fipsCode': '04013'}"
118038,4876157,HighSchool,2021,2342.0,Shane Schwake,Sheldon,Eastern Washington,OT,80.0,270.0,3.0,0.8056,Eugene,OR,USA,"{'latitude': 44.0505054, 'longitude': -123.0950506, 'fipsCode': '41039'}"
118035,4879291,HighSchool,2021,2342.0,Brodie Williams,Jonesboro,Austin Peay,CB,70.0,170.0,3.0,0.8056,Jonesboro,AR,USA,"{'latitude': 35.8428646, 'longitude': -90.7034522, 'fipsCode': '05031'}"
118043,4896147,HighSchool,2021,2342.0,Zequarrius Rhone,Many,Northwestern State,CB,73.0,180.0,3.0,0.8056,Many,LA,USA,"{'latitude': 31.5687848, 'longitude': -93.4840645, 'fipsCode': '22085'}"
118041,,HighSchool,2021,2342.0,Jake Harrington,St. Thomas Aquinas,,WR,70.0,180.0,3.0,0.8056,Fort Lauderdale,FL,USA,"{'latitude': 26.1223084, 'longitude': -80.1433786, 'fipsCode': '12011'}"
118033,4595345,HighSchool,2021,2342.0,Isaac Walker,Hough,Georgia Southern,LB,73.0,214.0,3.0,0.8056,Cornelius,NC,USA,"{'latitude': 35.4817982, 'longitude': -80.8589501, 'fipsCode': '37119'}"
118050,4700804,HighSchool,2021,2342.0,Kamell Smith,Eastern Guilford,Miami (OH),QB,76.0,200.0,3.0,0.8056,Gibsonville,NC,USA,"{'latitude': 36.09791955, 'longitude': -79.54583336494393, 'fipsCode': '37081'}"
118049,,HighSchool,2021,2342.0,Caleb Bryan,Wheeling Park,,OT,77.0,275.0,3.0,0.8056,Wheeling,WV,USA,"{'latitude': 40.0639616, 'longitude': -80.7209149, 'fipsCode': '54069'}"
118034,5087331,HighSchool,2021,2342.0,Isaiah Perkins,St. Vincent Pallotti,Towson,WR,74.0,190.0,3.0,0.8056,Laurel,MD,USA,"{'latitude': 39.0992752, 'longitude': -76.8483061, 'fipsCode': '24033'}"
118045,,HighSchool,2021,2342.0,Jamal Hill,Kell,,WR,72.0,190.0,3.0,0.8056,Marietta,GA,USA,"{'latitude': 33.9528472, 'longitude': -84.5496148, 'fipsCode': '13067'}"
118030,5082128,HighSchool,2021,2342.0,Jaydan Mayes,Fairfield,Army,CB,70.0,165.0,3.0,0.8056,Fairfield,OH,USA,"{'latitude': 39.3458953, 'longitude': -84.5605031, 'fipsCode': '39017'}"
118048,,HighSchool,2021,2342.0,Niquan Williams,James Madison,,ATH,74.0,200.0,3.0,0.8056,Brooklyn,NY,USA,"{'latitude': 40.6501038, 'longitude': -73.9495823, 'fipsCode': '36047'}"
118044,4877892,HighSchool,2021,2342.0,Angelo Rankin Jr.,Santa Fe,Richmond,ATH,69.0,175.0,3.0,0.8056,Edmond,OK,USA,"{'latitude': 35.6571367, 'longitude': -97.4649038, 'fipsCode': '40109'}"
118032,5082148,HighSchool,2021,2342.0,Eric Ford,Landon School,Army,LB,75.0,195.0,3.0,0.8056,Bethesda,MD,USA,"{'latitude': 38.9819845, 'longitude': -77.12423413116392, 'fipsCode': '24031'}"
118031,,HighSchool,2021,2342.0,Elijah Muhammad,Erasmus Hall,Colorado State,LB,73.0,200.0,3.0,0.8056,Middle Village,NY,USA,"{'latitude': 40.7182153, 'longitude': -73.87867088764077, 'fipsCode': '36081'}"
118029,,HighSchool,2021,2342.0,Branden McDonald,Archbishop Alter,,RB,71.0,217.0,3.0,0.8056,Dayton,OH,USA,"{'latitude': 39.7589478, 'longitude': -84.1916069, 'fipsCode': '39113'}"
118036,4710755,HighSchool,2021,2342.0,Matt Kordas,Lincoln-Way East,Bowling Green,S,73.0,190.0,3.0,0.8056,Frankfort,IL,USA,"{'latitude': 41.4958665, 'longitude': -87.8486613, 'fipsCode': '17197'}"
118039,4878788,HighSchool,2021,2342.0,AJ Johnson,St. Thomas Aquinas,Villanova,TE,75.0,220.0,3.0,0.8056,Fort Lauderdale,FL,USA,"{'latitude': 26.1223084, 'longitude': -80.1433786, 'fipsCode': '12011'}"
118052,4710759,HighSchool,2021,2342.0,Jaedyn McKinstry,St. John's Jesuit,Bowling Green,TE,79.0,210.0,3.0,0.8056,Toledo,OH,USA,"{'latitude': 41.6786754, 'longitude': -83.5127283, 'fipsCode': '39095'}"
118055,4710838,HighSchool,2021,2366.0,Bennett Adler,St. Ignatius,Akron,DL,75.0,225.0,3.0,0.8052,Cleveland,OH,USA,"{'latitude': 41.5051613, 'longitude': -81.6934446, 'fipsCode': '39035'}"
118054,4685791,HighSchool,2021,2366.0,Jakovi Bryant,Gateway,Florida International,CB,71.0,178.0,3.0,0.8052,Kissimmee,FL,USA,"{'latitude': 28.2918995, 'longitude': -81.4075838, 'fipsCode': '12097'}"
118053,4700266,HighSchool,2021,2366.0,Trevor Timmons,Blythewood,Charlotte,IOL,74.0,275.0,3.0,0.8052,Blythewood,SC,USA,"{'latitude': 34.2187005, 'longitude': -80.98456918011235, 'fipsCode': '45079'}"
118056,4687038,HighSchool,2021,2369.0,Jalen Clark,Alabama Christian Academy,Louisiana,ATH,74.0,185.0,3.0,0.805,Montgomery,AL,USA,"{'latitude': 32.3669656, 'longitude': -86.3006485, 'fipsCode': '01101'}"
118058,4682759,HighSchool,2021,2370.0,Daylan Long,Winton Woods,Miami (OH),LB,71.0,185.0,3.0,0.8048,Cincinnati,OH,USA,"{'latitude': 39.1014537, 'longitude': -84.5124602, 'fipsCode': '39061'}"
118059,4683107,HighSchool,2021,2370.0,Cade Haberman,Omaha Westside,Northern Illinois,DL,75.0,260.0,3.0,0.8048,Omaha,NE,USA,"{'latitude': 41.2587459, 'longitude': -95.9383758, 'fipsCode': '31055'}"
118057,4710636,HighSchool,2021,2370.0,Tristan Shorter,Oxford,Arkansas State,LB,72.0,190.0,3.0,0.8048,Oxford,MS,USA,"{'latitude': 34.3664127, 'longitude': -89.5187664, 'fipsCode': '28071'}"
118061,4709806,HighSchool,2021,2370.0,Zachary Russell,Johnson Central,Bowling Green,TE,75.5,220.0,3.0,0.8048,Paintsville,KY,USA,"{'latitude': 37.8145384, 'longitude': -82.8071054, 'fipsCode': '21115'}"
118060,4709767,HighSchool,2021,2370.0,Kaleb Anthony,Eagle's Landing Christian,UConn,CB,72.0,170.0,3.0,0.8048,McDonough,GA,USA,"{'latitude': 33.4473361, 'longitude': -84.1468616, 'fipsCode': '13151'}"
118064,4684087,HighSchool,2021,2375.0,Noel Roach,Penn Hills,Akron,S,73.0,180.0,3.0,0.8044,Pittsburgh,PA,USA,"{'latitude': 40.4416941, 'longitude': -79.9900861, 'fipsCode': '42003'}"
118063,4709676,HighSchool,2021,2375.0,Isaiah Potts,Pine Forest,Charlotte,DL,74.0,300.0,3.0,0.8044,Fayetteville,NC,USA,"{'latitude': 35.0525759, 'longitude': -78.878292, 'fipsCode': '37051'}"
118062,4683363,HighSchool,2021,2375.0,Luke Miller,Pine-Richland,Kent State,LB,74.0,190.0,3.0,0.8044,Gibsonia,PA,USA,"{'latitude': 40.6300671, 'longitude': -79.9695004, 'fipsCode': '42003'}"
118066,,HighSchool,2021,2378.0,Omar Aigbedion,Katy,Army,IOL,75.0,280.0,3.0,0.8044,Katy,TX,USA,"{'latitude': 29.7857853, 'longitude': -95.8243956, 'fipsCode': '48157'}"
118065,4876144,HighSchool,2021,2378.0,Tuna Altahir,Kamiakin,Eastern Washington,RB,72.0,215.0,3.0,0.8044,Kennewick,WA,USA,"{'latitude': 46.2087066, 'longitude': -119.1199192, 'fipsCode': '53005'}"
118070,4683921,HighSchool,2021,2380.0,Jalen Satchell,The Avalon School,Temple,DL,74.0,250.0,3.0,0.8041,Long Island City,NY,USA,"{'latitude': 40.7415095, 'longitude': -73.9569751, 'fipsCode': '36081'}"
118071,4683168,HighSchool,2021,2380.0,Aaron Wofford,St. Laurence,Western Michigan,ATH,73.0,165.0,3.0,0.8041,Evergreen Park,IL,USA,"{'latitude': 41.720136, 'longitude': -87.7013258, 'fipsCode': '17031'}"
118069,4875765,HighSchool,2021,2380.0,Trevon Jordan,Sterling,Northern Illinois,EDGE,77.0,235.0,3.0,0.8041,Sterling,IL,USA,"{'latitude': 41.788642, 'longitude': -89.6962194, 'fipsCode': '17195'}"
118068,4702549,HighSchool,2021,2380.0,Julius Sims,Muskegon,Bowling Green,S,74.0,185.0,3.0,0.8041,Muskegon,MI,USA,"{'latitude': 43.2341813, 'longitude': -86.2483921, 'fipsCode': '26121'}"
118067,4700141,HighSchool,2021,2380.0,Eric Meeks,Walnut Hills,Marshall,IOL,75.0,270.0,3.0,0.8041,Cincinnati,OH,USA,"{'latitude': 39.1014537, 'longitude': -84.5124602, 'fipsCode': '39061'}"
118072,,HighSchool,2021,2385.0,Alex Reese,Euclid,Akron,DL,76.0,280.0,3.0,0.8033,Euclid,OH,USA,"{'latitude': 41.5931049, 'longitude': -81.5267873, 'fipsCode': '39035'}"
118074,4709664,HighSchool,2021,2385.0,Jack Loew,Australia,Kent State,DL,77.0,245.0,3.0,0.8033,Australia,,AUS,"{'latitude': None, 'longitude': None, 'fipsCode': None}"
118075,4873005,HighSchool,2021,2385.0,Seaburn Hines,Helena,Georgia Southern,OT,74.0,295.0,3.0,0.8033,Helena,AL,USA,"{'latitude': 33.2937354, 'longitude': -86.93437519805573, 'fipsCode': '01073'}"
118073,4879653,HighSchool,2021,2385.0,Shyhiem Scotland,Wren,Charlotte,LB,74.0,205.0,3.0,0.8033,Piedmont,SC,USA,"{'latitude': 34.7105655, 'longitude': -82.4576113634228, 'fipsCode': '45007'}"
118077,,HighSchool,2021,2389.0,Daniel Ogundipe,Imhotep Institute,Old Dominion,OT,77.0,265.0,3.0,0.8033,Philadelphia,PA,USA,"{'latitude': 39.9527237, 'longitude': -75.1635262, 'fipsCode': '42101'}"
118076,4684703,HighSchool,2021,2389.0,Coen Sutton,Hough,App State,WR,74.0,190.0,3.0,0.8033,Cornelius,NC,USA,"{'latitude': 35.4817982, 'longitude': -80.8589501, 'fipsCode': '37119'}"
118078,4710779,HighSchool,2021,2389.0,Skyler Grant,Riverbend,Old Dominion,IOL,75.0,295.0,3.0,0.8033,Fredericksburg,VA,USA,"{'latitude': 38.3031837, 'longitude': -77.4605399, 'fipsCode': '51630'}"
118080,4710400,HighSchool,2021,2392.0,Dylan Early,Spring Dekaney,New Mexico State,S,71.0,175.0,3.0,0.8026,Houston,TX,USA,"{'latitude': 29.7589382, 'longitude': -95.3676974, 'fipsCode': '48201'}"
118084,4686655,HighSchool,2021,2392.0,Jonathan Martin,Collins Hill,Massachusetts,DL,75.0,300.0,3.0,0.8026,Suwanee,GA,USA,"{'latitude': 34.0514898, 'longitude': -84.0712997, 'fipsCode': '13135'}"
118081,4431658,HighSchool,2021,2392.0,Jack Tannehill,Oxford,Southern Miss,K,69.0,170.0,3.0,0.8026,Oxford,MS,USA,"{'latitude': 34.3664127, 'longitude': -89.5187664, 'fipsCode': '28071'}"
118079,4683294,HighSchool,2021,2392.0,Peyton Price,Jefferson,Eastern Michigan,DL,74.0,295.0,3.0,0.8026,Lafayette,IN,USA,"{'latitude': 40.4167022, 'longitude': -86.8752869, 'fipsCode': '18157'}"
118083,,HighSchool,2021,2392.0,Gavin Malott,Trinity,Akron,OT,81.0,320.0,3.0,0.8026,Louisville,KY,USA,"{'latitude': 38.2542376, 'longitude': -85.759407, 'fipsCode': '21111'}"
118082,4690482,HighSchool,2021,2392.0,Justin Morris,Vernon Hills,Ball State,TE,76.0,215.0,3.0,0.8026,Vernon Hills,IL,USA,"{'latitude': 42.2204892, 'longitude': -87.9803604, 'fipsCode': '17097'}"
118089,,HighSchool,2021,2398.0,Larry Luna,Goddard,New Mexico,OT,77.0,280.0,3.0,0.8022,Roswell,NM,USA,"{'latitude': 33.3943282, 'longitude': -104.5229518, 'fipsCode': '35005'}"
118086,4685233,HighSchool,2021,2398.0,Migo Jackson,Pine-Richland,Charlotte,EDGE,73.0,240.0,3.0,0.8022,Gibsonia,PA,USA,"{'latitude': 40.6300671, 'longitude': -79.9695004, 'fipsCode': '42003'}"
118085,4682523,HighSchool,2021,2398.0,Deavion Pierce,Phillips Academy,Miami (OH),S,72.0,193.0,3.0,0.8022,Chicago,IL,USA,"{'latitude': 41.8755616, 'longitude': -87.6244212, 'fipsCode': '17031'}"
118091,4683967,HighSchool,2021,2398.0,Wilson Berry,ProKick Australia,Kentucky,P,,,3.0,0.8022,Australia,,AUS,"{'latitude': None, 'longitude': None, 'fipsCode': None}"
118087,4643646,HighSchool,2021,2398.0,Matthew Dennis,Myers Park,Wake Forest,K,71.0,163.0,3.0,0.8022,Charlotte,NC,USA,"{'latitude': 35.2272, 'longitude': -80.843083, 'fipsCode': '37119'}"
118092,4907919,HighSchool,2021,2398.0,Oran Singleton Jr.,Clewiston,Akron,WR,67.0,160.0,3.0,0.8022,Clewiston,FL,USA,"{'latitude': 26.7542312, 'longitude': -80.9336753, 'fipsCode': '12051'}"
118088,4710014,HighSchool,2021,2398.0,Jayjuan Townsend,Eufaula,South Alabama,ATH,71.0,170.0,3.0,0.8022,Eufaula,AL,USA,"{'latitude': 31.905459999999998, 'longitude': -85.15893958513422, 'fipsCode': '01005'}"
118090,4683849,HighSchool,2021,2398.0,Nick Haberer,ProKick Australia,Washington State,P,77.0,202.0,3.0,0.8022,Australia,,AUS,"{'latitude': None, 'longitude': None, 'fipsCode': None}"
118093,4683130,HighSchool,2021,2406.0,Jalen Johnson,River Rouge,Ball State,IOL,75.0,290.0,3.0,0.8019,River Rouge,MI,USA,"{'latitude': 42.2729262, 'longitude': -83.1352891, 'fipsCode': '26163'}"
118098,4705560,HighSchool,2021,2406.0,Hank Pepper,Chandler,Michigan State,LS,74.0,200.0,3.0,0.8019,Chandler,AZ,USA,"{'latitude': 33.3062223, 'longitude': -111.8413317, 'fipsCode': '04013'}"
118096,4684434,HighSchool,2021,2406.0,Joey Stemler,Cincinnati Elder,Ball State,LB,74.0,220.0,3.0,0.8019,Cincinnati,OH,USA,"{'latitude': 39.1014537, 'longitude': -84.5124602, 'fipsCode': '39061'}"
118095,,HighSchool,2021,2406.0,Raheem Toombs,Immokalee,New Mexico,RB,71.0,205.0,3.0,0.8019,Immokalee,FL,USA,"{'latitude': 26.4186898, 'longitude': -81.4172993, 'fipsCode': '12021'}"
118097,4709781,HighSchool,2021,2406.0,Myles Walker,Central Valley,Akron,WR,69.0,165.0,3.0,0.8019,Monaca,PA,USA,"{'latitude': 40.6872885, 'longitude': -80.2714505, 'fipsCode': '42007'}"
118094,4682627,HighSchool,2021,2406.0,Darez Snider,De Smet Jesuit,Miami (OH),RB,66.0,176.0,3.0,0.8019,St. Louis,MO,USA,"{'latitude': 38.6268039, 'longitude': -90.1994097, 'fipsCode': '29510'}"
118102,4710027,HighSchool,2021,2412.0,Ed Smith IV,Central Tuscaloosa,South Alabama,DL,74.0,260.0,3.0,0.8017,Tuscaloosa,AL,USA,"{'latitude': 33.2095614, 'longitude': -87.5675258, 'fipsCode': '01125'}"
118099,4877782,HighSchool,2021,2412.0,Ah-Shaun Davis,Willingboro,Lafayette,QB,74.0,205.0,3.0,0.8017,Willingboro,NJ,USA,"{'latitude': 40.0278894, 'longitude': -74.8690542, 'fipsCode': '34005'}"
118101,4713648,HighSchool,2021,2412.0,John Burris III,Mesquite Horn,UTEP,CB,71.0,170.0,3.0,0.8017,Mesquite,TX,USA,"{'latitude': 32.7666103, 'longitude': -96.599472, 'fipsCode': '48113'}"
118100,4879072,HighSchool,2021,2412.0,Cam McNair,Donovan Catholic,Holy Cross,OT,77.0,325.0,3.0,0.8017,Toms River,NJ,USA,"{'latitude': 39.9537359, 'longitude': -74.1979576, 'fipsCode': '34029'}"
118103,4688596,HighSchool,2021,2416.0,Jack Walsh,Fremd,Wyoming,IOL,75.5,290.0,3.0,0.8007,Palatine,IL,USA,"{'latitude': 42.1105779, 'longitude': -88.0336888, 'fipsCode': '17031'}"
118104,4709777,HighSchool,2021,2416.0,Deondrick Speight,Champagnat Catholic - Hialeah,UConn,LB,74.0,190.0,3.0,0.8007,Hialeah,FL,USA,"{'latitude': 25.8575963, 'longitude': -80.2781057, 'fipsCode': '12086'}"
118105,4890892,HighSchool,2021,2416.0,David Godsey,Mansfield,UL Monroe,WR,70.0,160.0,3.0,0.8007,Mansfield,TX,USA,"{'latitude': 32.5631924, 'longitude': -97.1416768, 'fipsCode': '48439'}"
118120,4710818,HighSchool,2021,2419.0,Dazure Paggett,Kearny,Nevada,WR,71.0,165.0,3.0,0.8006,San Diego,CA,USA,"{'latitude': 32.7174209, 'longitude': -117.1627714, 'fipsCode': '06073'}"
118125,5081559,HighSchool,2021,2419.0,Dylan Spelios,East Coweta,Navy,EDGE,76.0,235.0,3.0,0.8006,Sharpsburg,GA,USA,"{'latitude': 33.3392842, 'longitude': -84.6485417, 'fipsCode': '13077'}"
118109,5081511,HighSchool,2021,2419.0,Jace Washington,Haltom,Navy,WR,76.0,190.0,3.0,0.8006,Fort Worth,TX,USA,"{'latitude': 32.753177, 'longitude': -97.3327459, 'fipsCode': '48439'}"
118108,,HighSchool,2021,2419.0,Simeon Evans,Mansfield Timberview,Army,QB,71.0,170.0,3.0,0.8006,Mansfield,TX,USA,"{'latitude': 32.5631924, 'longitude': -97.1416768, 'fipsCode': '48439'}"
118106,,HighSchool,2021,2419.0,Cortland Dicks,Deerfield Academy,,QB,74.0,200.0,3.0,0.8006,Deerfield,MA,USA,"{'latitude': 42.5195925, 'longitude': -72.6103994, 'fipsCode': '25011'}"
118116,4877818,HighSchool,2021,2419.0,Kye Holmes,Gonzaga,James Madison,S,71.0,180.0,3.0,0.8006,Washington,DC,USA,"{'latitude': 38.8949855, 'longitude': -77.0365708, 'fipsCode': '11001'}"
118112,4682654,HighSchool,2021,2419.0,Jeremiah Ballard,Pasadena Dobie,UTEP,WR,75.0,180.0,3.0,0.8006,Houston,TX,USA,"{'latitude': 29.7589382, 'longitude': -95.3676974, 'fipsCode': '48201'}"
118110,,HighSchool,2021,2419.0,Jayden Truesdale,Princess Anne,,LB,72.0,225.0,3.0,0.8006,Virginia Beach,VA,USA,"{'latitude': 36.8529841, 'longitude': -75.9774183, 'fipsCode': '51810'}"
118111,,HighSchool,2021,2419.0,Brandon Castro,Buford,Army,RB,72.0,190.0,3.0,0.8006,Buford,GA,USA,"{'latitude': 34.1206564, 'longitude': -84.0043513, 'fipsCode': '13135'}"
118113,,HighSchool,2021,2419.0,Trey Longstreet,Delano Senior,,TE,76.0,210.0,3.0,0.8006,Delano,MN,USA,"{'latitude': 45.0419073, 'longitude': -93.7891331, 'fipsCode': '27171'}"
118114,,HighSchool,2021,2419.0,Tanner Krevokuch,Norwin,,TE,76.0,200.0,3.0,0.8006,Irwin,PA,USA,"{'latitude': 40.3301738, 'longitude': -79.7093339, 'fipsCode': '42129'}"
118115,,HighSchool,2021,2419.0,Beau Shugarts,Greenbrier,,DL,74.0,250.0,3.0,0.8006,Evans,GA,USA,"{'latitude': 33.5143065, 'longitude': -82.1387819734912, 'fipsCode': '13073'}"
118117,,HighSchool,2021,2419.0,Cole Kirkpatrick,Argyle,Texas Tech,WR,72.0,180.0,3.0,0.8006,Argyle,TX,USA,"{'latitude': 33.110156, 'longitude': -97.17940980147037, 'fipsCode': '48121'}"
118118,,HighSchool,2021,2419.0,Cade Anders,Tift County,Army,TE,76.0,240.0,3.0,0.8006,Tifton,GA,USA,"{'latitude': 31.4522765, 'longitude': -83.5096866, 'fipsCode': '13277'}"
118119,,HighSchool,2021,2419.0,Aidan Swartz,Sylvania Northview,Air Force,DL,76.0,240.0,3.0,0.8006,Sylvania,OH,USA,"{'latitude': 41.7189392, 'longitude': -83.7129935, 'fipsCode': '39095'}"
118121,,HighSchool,2021,2419.0,Thurman Rayborn,Horn Lake,,DL,74.0,318.0,3.0,0.8006,Horn Lake,MS,USA,"{'latitude': 34.9553719, 'longitude': -90.0348139, 'fipsCode': '28033'}"
118122,,HighSchool,2021,2419.0,Marcus Dickey,Biloxi,Army,EDGE,75.0,230.0,3.0,0.8006,Biloxi,MS,USA,"{'latitude': 30.374673, 'longitude': -88.84594333482862, 'fipsCode': '28047'}"
118123,,HighSchool,2021,2419.0,Dillon Gilbert,Owasso,Air Force,IOL,76.0,285.0,3.0,0.8006,Owasso,OK,USA,"{'latitude': 36.2661536, 'longitude': -95.8549456, 'fipsCode': '40143'}"
118126,,HighSchool,2021,2419.0,Gabriel Thompson,Wiregrass Ranch,Army,ATH,76.0,240.0,3.0,0.8006,Zephyrhills,FL,USA,"{'latitude': 28.2336196, 'longitude': -82.1811947, 'fipsCode': '12101'}"
118127,5081507,HighSchool,2021,2419.0,Jaxson Campbell,Independence,Navy,ATH,72.0,182.0,3.0,0.8006,Thompson's Station,TN,USA,"{'latitude': 35.802011, 'longitude': -86.9113908, 'fipsCode': '47187'}"
118124,4709998,HighSchool,2021,2419.0,Wrook Brown,Salado,Wyoming,S,71.0,175.0,3.0,0.8006,Salado,TX,USA,"{'latitude': 30.9473351, 'longitude': -97.5382009, 'fipsCode': '48027'}"
118107,4881835,HighSchool,2021,2419.0,Logan Johnson,Prince Avenue Christian School,Georgia,WR,66.0,150.0,3.0,0.8006,Bogart,GA,USA,"{'latitude': 33.949281, 'longitude': -83.534608, 'fipsCode': '13219'}"
118137,4702546,HighSchool,2021,2441.0,Damarcus Ellis-Dennard,Brophy College Preparatory,New Mexico State,S,71.0,185.0,3.0,0.8,Phoenix,AZ,USA,"{'latitude': 33.4484367, 'longitude': -112.0741417, 'fipsCode': '04013'}"
118134,4687395,HighSchool,2021,2441.0,JD Roberts,Notre Dame Preparatory,New Mexico,LB,74.0,230.0,3.0,0.8,Scottsdale,AZ,USA,"{'latitude': 33.4942189, 'longitude': -111.9260184, 'fipsCode': '04013'}"
118142,4687535,HighSchool,2021,2441.0,Quenton Rice,Faith Lutheran,BYU,WR,73.0,170.0,3.0,0.8,Las Vegas,NV,USA,"{'latitude': 36.1672559, 'longitude': -115.1485163, 'fipsCode': '32003'}"
118135,4682981,HighSchool,2021,2441.0,Harrison Hayes,Pine-Richland,Liberty,OT,76.0,270.0,3.0,0.8,Gibsonia,PA,USA,"{'latitude': 40.6300671, 'longitude': -79.9695004, 'fipsCode': '42003'}"
118133,4683571,HighSchool,2021,2441.0,Eni Falayi,Williston Northampton School,Massachusetts,WR,77.0,220.0,3.0,0.8,Peabody,MA,USA,"{'latitude': 42.5278731, 'longitude': -70.9286609, 'fipsCode': '25009'}"
118131,4701768,HighSchool,2021,2441.0,Jaquan Dixon,Green Sea Floyds,Georgia State,RB,71.0,185.0,3.0,0.8,Green Sea,SC,USA,"{'latitude': 34.1262801, 'longitude': -78.9755859, 'fipsCode': '45051'}"
118139,4705934,HighSchool,2021,2441.0,Jaylen Sargent,Logan,Wyoming,WR,74.0,170.0,3.0,0.8,Logan,UT,USA,"{'latitude': 41.7313447, 'longitude': -111.8348631, 'fipsCode': '49005'}"
118129,5084126,HighSchool,2021,2441.0,Sonny Semeatu,Mililani,Hawai'i,EDGE,71.0,238.0,3.0,0.8,Mililani,HI,USA,"{'latitude': 21.4508308, 'longitude': -158.0095783, 'fipsCode': '15003'}"
118128,4603750,HighSchool,2021,2441.0,Davion Rhodes,Pelham,Georgia Southern,DL,75.0,220.0,3.0,0.8,Pelham,GA,USA,"{'latitude': 31.1276849, 'longitude': -84.1518466, 'fipsCode': '13205'}"
118132,4912159,HighSchool,2021,2441.0,Ashton Logan,Orange Lutheran,Colorado,P,74.0,185.0,3.0,0.8,Orange,CA,USA,"{'latitude': 33.7872568, 'longitude': -117.8503088, 'fipsCode': '06059'}"
118140,4710840,HighSchool,2021,2441.0,Julius Bolden,Wichita Northwest,Northern Illinois,RB,71.0,190.0,3.0,0.8,Wichita,KS,USA,"{'latitude': 37.6922361, 'longitude': -97.3375448, 'fipsCode': '20173'}"
118138,4686078,HighSchool,2021,2441.0,Rowan McGwin,Irondequoit,Buffalo,OT,78.0,280.0,3.0,0.8,Rochester,NY,USA,"{'latitude': 43.157285, 'longitude': -77.615214, 'fipsCode': '36055'}"
118130,4684541,HighSchool,2021,2441.0,Keegan Davis,Treasure Coast,Florida International,ATH,75.0,235.0,3.0,0.8,Port St. Lucie,FL,USA,"{'latitude': 27.2939333, 'longitude': -80.3503283, 'fipsCode': '12111'}"
118141,,HighSchool,2021,2441.0,Andrew Vaught,Roanoke Catholic,Toledo,IOL,77.0,275.0,3.0,0.8,Roanoke,VA,USA,"{'latitude': 37.270973, 'longitude': -79.9414313, 'fipsCode': '51770'}"
118136,4683220,HighSchool,2021,2441.0,Alex Berrouet,Acton-Boxborough Regional,Colorado State,RB,73.0,200.0,3.0,0.8,Acton,MA,USA,"{'latitude': 42.4850931, 'longitude': -71.43284, 'fipsCode': '25017'}"
118143,,HighSchool,2021,2456.0,Gary Clinton,Webb City,,TE,76.0,220.0,3.0,0.7996,Webb City,MO,USA,"{'latitude': 37.1435741, 'longitude': -94.4634702, 'fipsCode': '29097'}"
118144,4709796,HighSchool,2021,2456.0,Bruno Guberinich,Detroit Catholic Central,Central Michigan,DL,77.0,276.0,3.0,0.7996,Novi,MI,USA,"{'latitude': 42.48059, 'longitude': -83.4754913, 'fipsCode': '26125'}"
118145,4261090,HighSchool,2021,2458.0,Terrell Jackson,Trinity Christian Academy,Air Force,CB,73.0,170.0,3.0,0.7994,Jacksonville,FL,USA,"{'latitude': 30.3321838, 'longitude': -81.655651, 'fipsCode': '12031'}"
118147,4878277,HighSchool,2021,2458.0,Justin Cayenne,The Bolles School,Pennsylvania,TE,75.0,225.0,3.0,0.7994,Jacksonville,FL,USA,"{'latitude': 30.3321838, 'longitude': -81.655651, 'fipsCode': '12031'}"
118146,,HighSchool,2021,2458.0,Colt Musgrave,Bend Senior,Idaho,LB,74.0,213.0,3.0,0.7994,Bend,OR,USA,"{'latitude': 44.0581728, 'longitude': -121.3153096, 'fipsCode': '41017'}"
118148,5082173,HighSchool,2021,2458.0,Bailey Meek,Ridgefield,Army,DL,77.0,255.0,3.0,0.7994,Ridgefield,WA,USA,"{'latitude': 45.8167616, 'longitude': -122.7433775, 'fipsCode': '53011'}"
118149,4691591,HighSchool,2021,2462.0,Robert Rigsby,Converse Judson,UTSA,IOL,75.0,310.0,3.0,0.7993,Converse,TX,USA,"{'latitude': 29.5180081, 'longitude': -98.3161241, 'fipsCode': '48029'}"
118150,4685889,HighSchool,2021,2463.0,Malachi Taylor,Goose Creek,Coastal Carolina,WR,75.0,190.0,3.0,0.7989,Goose Creek,SC,USA,"{'latitude': 32.9961038, 'longitude': -80.0387292, 'fipsCode': '45015'}"
118153,4710738,HighSchool,2021,2463.0,Tom Bambrick,Daniel Hand,Coastal Carolina,IOL,76.0,305.0,3.0,0.7989,Madison,CT,USA,"{'latitude': 41.2794282, 'longitude': -72.5983151, 'fipsCode': '09009'}"
118152,4709663,HighSchool,2021,2463.0,D'moir Jean-Baptiste,North Miami Beach,Florida International,S,72.0,172.0,3.0,0.7989,Miami,FL,USA,"{'latitude': 25.7742658, 'longitude': -80.1936589, 'fipsCode': '12086'}"
118151,238567,HighSchool,2021,2463.0,James Evans,ProKick Australia,Indiana,P,73.0,207.0,3.0,0.7989,New Zealand,,NZL,"{'latitude': None, 'longitude': None, 'fipsCode': None}"
118154,4686034,HighSchool,2021,2467.0,Ronde Worrels,Princeton,Northern Illinois,LB,72.0,190.0,3.0,0.7985,Princeton,IL,USA,"{'latitude': 41.368092, 'longitude': -89.4648145, 'fipsCode': '34021'}"
118159,4710672,HighSchool,2021,2467.0,Ivan Escobar,El Paso Montwood,New Mexico State,DL,75.0,290.0,3.0,0.7985,El Paso,TX,USA,"{'latitude': 31.7754152, 'longitude': -106.4646348, 'fipsCode': '48141'}"
118156,4879950,HighSchool,2021,2467.0,Bo Kite,Deep Run,Army,ATH,75.0,220.0,3.0,0.7985,Glen Allen,VA,USA,"{'latitude': 37.6659781, 'longitude': -77.506374, 'fipsCode': '51087'}"
118155,4683253,HighSchool,2021,2467.0,Jonah Pace,Marengo,Central Michigan,DL,77.0,235.0,3.0,0.7985,Marengo,IL,USA,"{'latitude': 42.2525476, 'longitude': -88.6078921, 'fipsCode': '17111'}"
118158,4709978,HighSchool,2021,2467.0,Tommy Wroblewski,St Paul,Wyoming,S,74.0,175.0,3.0,0.7985,Saint Paul,NE,USA,"{'latitude': 41.2134073, 'longitude': -98.4580649, 'fipsCode': '31093'}"
118157,4710816,HighSchool,2021,2467.0,Deon McLean,The Lawrenceville School,UConn,S,72.0,180.0,3.0,0.7985,Lawrenceville,NJ,USA,"{'latitude': 40.300987649999996, 'longitude': -74.73737283395636, 'fipsCode': '34021'}"
118162,4708847,HighSchool,2021,2473.0,Mitchell Tomasek,Worthington Kilbourne,Eastern Michigan,K,,,3.0,0.7983,Columbus,OH,USA,"{'latitude': 39.9622601, 'longitude': -83.0007065, 'fipsCode': '39049'}"
118160,,HighSchool,2021,2473.0,Avery Shunneson,Thomas Jefferson,Princeton,LB,73.0,220.0,3.0,0.7983,Denver,CO,USA,"{'latitude': 39.7392364, 'longitude': -104.9848623, 'fipsCode': '08031'}"
118161,4710011,HighSchool,2021,2473.0,Brett Johnson,Isabella,UAB,OT,76.0,277.0,3.0,0.7983,Maplesville,AL,USA,"{'latitude': 32.7884608, 'longitude': -86.8716549, 'fipsCode': '01021'}"
118163,4687092,HighSchool,2021,2476.0,Myles Winslow,Tohopekaliga,Georgia Southern,EDGE,76.0,225.0,3.0,0.7978,Kissimmee,FL,USA,"{'latitude': 28.2918995, 'longitude': -81.4075838, 'fipsCode': '12097'}"
118165,4708970,HighSchool,2021,2476.0,Jaylin Tolbert,Greenwood,Georgia State,ATH,75.0,207.0,3.0,0.7978,Greenwood,SC,USA,"{'latitude': 34.1954001, 'longitude': -82.1617883, 'fipsCode': '45047'}"
118166,4710853,HighSchool,2021,2476.0,Cyrus McGarrell,Clearwater Academy International,Northern Illinois,CB,74.0,175.0,3.0,0.7978,Clearwater,FL,USA,"{'latitude': 27.9658533, 'longitude': -82.8001026, 'fipsCode': '12103'}"
118164,,HighSchool,2021,2476.0,Kenny Dudley Jr,Friendship Collegiate Academy,Massachusetts,S,71.0,175.0,3.0,0.7978,Washington,DC,USA,"{'latitude': 38.8949855, 'longitude': -77.0365708, 'fipsCode': '11001'}"
118168,,HighSchool,2021,2480.0,Clinton Roberson,Dakota,Central Michigan,WR,74.0,180.0,3.0,0.7974,Macomb,MI,USA,"{'latitude': 42.6652, 'longitude': -82.9286, 'fipsCode': '17109'}"
118170,4684884,HighSchool,2021,2480.0,Ty Myles,Pierce County,Northern Illinois,CB,72.0,180.0,3.0,0.7974,Blackshear,GA,USA,"{'latitude': 31.3060513, 'longitude': -82.2420661, 'fipsCode': '13229'}"
118167,4682819,HighSchool,2021,2480.0,Tyson Lee,Riley,Western Michigan,DL,75.0,235.0,3.0,0.7974,South Bend,IN,USA,"{'latitude': 41.6833813, 'longitude': -86.2500066, 'fipsCode': '18141'}"
118171,4706680,HighSchool,2021,2480.0,Jez Janvier,Cegep du Vieux,Eastern Michigan,OT,77.0,315.0,3.0,0.7974,Montreal,QC,CAN,"{'latitude': None, 'longitude': None, 'fipsCode': None}"
118169,4684181,HighSchool,2021,2480.0,Ibri Harrell,Phoebus,Georgetown,EDGE,75.0,220.0,3.0,0.7974,Hampton,VA,USA,"{'latitude': 37.0520315, 'longitude': -76.2856365, 'fipsCode': '51650'}"
118179,4710751,HighSchool,2021,2485.0,Dawson Hildebrand,Troy,Bowling Green,IOL,76.0,337.0,2.0,0.7967,Troy,OH,USA,"{'latitude': 40.0394982, 'longitude': -84.2032767, 'fipsCode': '39109'}"
118172,4709672,HighSchool,2021,2485.0,Ethan Payne,Poca,Marshall,RB,72.5,205.0,2.0,0.7967,Poca,WV,USA,"{'latitude': 38.4723137, 'longitude': -81.8142977, 'fipsCode': '54079'}"
118174,5098563,HighSchool,2021,2485.0,Jonathan Jean,Victory Christian Academy,Rice,CB,70.0,155.0,2.0,0.7967,Lakeland,FL,USA,"{'latitude': 28.0394654, 'longitude': -81.9498042, 'fipsCode': '12105'}"
118180,4710776,HighSchool,2021,2485.0,Tahj Ra-El,Myers Park,Old Dominion,S,74.0,192.0,2.0,0.7967,Charlotte,NC,USA,"{'latitude': 35.2272, 'longitude': -80.843083, 'fipsCode': '37119'}"
118175,4683347,HighSchool,2021,2485.0,Caleb Ransaw,Sparkman,Troy,CB,72.0,180.0,2.0,0.7967,Harvest,AL,USA,"{'latitude': 34.857193249999995, 'longitude': -86.74907012252524, 'fipsCode': '01089'}"
118176,4710015,HighSchool,2021,2485.0,Dion Washington,Shadow Ridge,Nevada,EDGE,75.0,246.0,2.0,0.7967,Las Vegas,NV,USA,"{'latitude': 36.1672559, 'longitude': -115.1485163, 'fipsCode': '32003'}"
118178,,HighSchool,2021,2485.0,Mykal McLeod,Greene County,Southern Miss,OT,76.0,315.0,2.0,0.7967,Leakesville,MS,USA,"{'latitude': 31.1557373, 'longitude': -88.5577994, 'fipsCode': '28041'}"
118177,,HighSchool,2021,2485.0,Jackson Ray,Highland,Colorado State,P,71.0,150.0,2.0,0.7967,Gilbert,AZ,USA,"{'latitude': 33.3527632, 'longitude': -111.7890373, 'fipsCode': '04013'}"
118173,4683229,HighSchool,2021,2485.0,Naran Buntin,Mater Dei,Kent State,WR,74.0,180.0,2.0,0.7967,Edison,NJ,USA,"{'latitude': 40.5382375, 'longitude': -74.39451734508772, 'fipsCode': '34023'}"
118198,4686658,HighSchool,2021,2494.0,Mike Washington Jr.,Cicero-North Syracuse,Buffalo,RB,74.0,215.0,2.0,0.7956,Cicero,NY,USA,"{'latitude': 43.1756235, 'longitude': -76.1193678, 'fipsCode': '36067'}"
118202,,HighSchool,2021,2494.0,Demitray Fields,Fort Lauderdale,,S,73.0,180.0,2.0,0.7956,Fort Lauderdale,FL,USA,"{'latitude': 26.1223084, 'longitude': -80.1433786, 'fipsCode': '12011'}"
118200,,HighSchool,2021,2494.0,Sam Graham,North County,,S,73.0,185.0,2.0,0.7956,Glen Burnie,MD,USA,"{'latitude': 39.1626298, 'longitude': -76.6250756, 'fipsCode': '24003'}"
118188,,HighSchool,2021,2494.0,TJ Urban,Millard South,Air Force,QB,73.0,191.0,2.0,0.7956,Omaha,NE,USA,"{'latitude': 41.2587459, 'longitude': -95.9383758, 'fipsCode': '31055'}"
118205,4879951,HighSchool,2021,2494.0,Gavyn Lewis,Morgan County,Army,OT,77.0,250.0,2.0,0.7956,Madison,GA,USA,"{'latitude': 33.5956814, 'longitude': -83.467944, 'fipsCode': '13211'}"
118197,,HighSchool,2021,2494.0,Jabari Parker,Highland Springs,Virginia Tech,S,74.0,190.0,2.0,0.7956,Highland Springs,VA,USA,"{'latitude': 37.5460121, 'longitude': -77.3278441, 'fipsCode': '51087'}"
118195,,HighSchool,2021,2494.0,Joshua Williams,Gonzaga,,DL,74.0,265.0,2.0,0.7956,Washington,DC,USA,"{'latitude': 38.8949855, 'longitude': -77.0365708, 'fipsCode': '11001'}"
118201,4873018,HighSchool,2021,2494.0,Kenneth Walton,Lamar,Coastal Carolina,OT,76.0,300.0,2.0,0.7956,Lamar,SC,USA,"{'latitude': 37.4950527, 'longitude': -94.2768736, 'fipsCode': '29011'}"
118193,,HighSchool,2021,2494.0,Aldyn Bradley,Spring High,,ATH,73.0,190.0,2.0,0.7956,Spring,TX,USA,"{'latitude': 30.0798826, 'longitude': -95.4172549, 'fipsCode': '48201'}"
118192,,HighSchool,2021,2494.0,Taelen Brooks,Woodland Hills,,RB,72.0,175.0,2.0,0.7956,Pittsburgh,PA,USA,"{'latitude': 40.4416941, 'longitude': -79.9900861, 'fipsCode': '42003'}"
118189,,HighSchool,2021,2494.0,Alex Moore,Trinity,Air Force,OT,75.0,275.0,2.0,0.7956,Louisville,KY,USA,"{'latitude': 38.2542376, 'longitude': -85.759407, 'fipsCode': '21111'}"
118191,,HighSchool,2021,2494.0,Keshawn Wheeler,St. Vincent Pallotti,,RB,71.0,190.0,2.0,0.7956,Laurel,MD,USA,"{'latitude': 39.0992752, 'longitude': -76.8483061, 'fipsCode': '24033'}"
118190,,HighSchool,2021,2494.0,Parker Menefee,Fort Bend Ridge Point,Air Force,TE,77.0,230.0,2.0,0.7956,Missouri City,TX,USA,"{'latitude': 29.6185669, 'longitude': -95.5377215, 'fipsCode': '48157'}"
118204,5082191,HighSchool,2021,2494.0,Justin Weaver,Decatur,Army,ATH,70.0,175.0,2.0,0.7956,Decatur,GA,USA,"{'latitude': 33.7737582, 'longitude': -84.296069, 'fipsCode': '13089'}"
118184,,HighSchool,2021,2494.0,MarQeese Dietz,Norview,,WR,71.5,180.0,2.0,0.7956,Norfolk,VA,USA,"{'latitude': 36.8462923, 'longitude': -76.2929252, 'fipsCode': '51710'}"
118187,,HighSchool,2021,2494.0,Jayon Carter,Penns Grove,,ATH,68.0,171.0,2.0,0.7956,Penns Grove,NJ,USA,"{'latitude': 39.7295581, 'longitude': -75.4679734, 'fipsCode': '34033'}"
118194,4879573,HighSchool,2021,2494.0,Carter Neuman,Sheldon,Oregon State,ATH,76.0,228.0,2.0,0.7956,Eugene,OR,USA,"{'latitude': 44.0505054, 'longitude': -123.0950506, 'fipsCode': '41039'}"
118183,5082188,HighSchool,2021,2494.0,Jacob Smith,Buford,Army,IOL,75.5,290.0,2.0,0.7956,Buford,GA,USA,"{'latitude': 34.1206564, 'longitude': -84.0043513, 'fipsCode': '13135'}"
118206,,HighSchool,2021,2494.0,Nick Yagodich,St. Joseph's Prep,,DL,76.0,250.0,2.0,0.7956,Philadelphia,PA,USA,"{'latitude': 39.9527237, 'longitude': -75.1635262, 'fipsCode': '42101'}"
118186,4875070,HighSchool,2021,2494.0,Rayf Vinson,Madison-Ridgeland Academy,Ole Miss,WR,72.0,185.0,2.0,0.7956,Madison,MS,USA,"{'latitude': 32.4618086, 'longitude': -90.1153638, 'fipsCode': '28089'}"
118199,4876763,HighSchool,2021,2494.0,Jordan Love,Rockledge,Kennesaw State,DL,74.0,290.0,2.0,0.7956,Rockledge,FL,USA,"{'latitude': 28.313751500000002, 'longitude': -80.72421890178558, 'fipsCode': '12009'}"
118196,4876855,HighSchool,2021,2494.0,Kyrik Mason,St. John's College,Monmouth,OT,77.0,290.0,2.0,0.7956,Washington,DC,USA,"{'latitude': 38.8949855, 'longitude': -77.0365708, 'fipsCode': '11001'}"
118182,4878811,HighSchool,2021,2494.0,Richie Ilarraza,Calvary Christian,Howard,WR,70.0,170.0,2.0,0.7956,Clearwater,FL,USA,"{'latitude': 27.9658533, 'longitude': -82.8001026, 'fipsCode': '12103'}"
118203,4907788,HighSchool,2021,2494.0,Ethan Schlundt,Tomball,Air Force,OT,76.0,275.0,2.0,0.7956,Tomball,TX,USA,"{'latitude': 30.0971621, 'longitude': -95.6160549, 'fipsCode': '48201'}"
118181,5082150,HighSchool,2021,2494.0,Casey Shorter,Katy Taylor,Army,RB,70.0,210.0,2.0,0.7956,Katy,TX,USA,"{'latitude': 29.7857853, 'longitude': -95.8243956, 'fipsCode': '48157'}"
118185,5082146,HighSchool,2021,2494.0,Noah Alexander,Eufaula,Army,RB,69.0,176.0,2.0,0.7956,Eufaula,OK,USA,"{'latitude': 35.2873206, 'longitude': -95.5824846, 'fipsCode': '40091'}"
118207,5082143,HighSchool,2021,2494.0,Walker Lyles,Pelham,Army,S,72.0,185.0,2.0,0.7956,Pelham,AL,USA,"{'latitude': 33.3114985, 'longitude': -86.78242528471824, 'fipsCode': '01117'}"
118209,5082332,HighSchool,2021,2521.0,Ethan Spoth,North,Toledo,IOL,76.0,305.0,2.0,0.7952,Eastlake,OH,USA,"{'latitude': 41.659241, 'longitude': -81.43220925, 'fipsCode': '39085'}"
118208,4688564,HighSchool,2021,2521.0,Terran Hearn,Ballard,Miami (OH),DL,73.5,209.0,2.0,0.7952,Louisville,KY,USA,"{'latitude': 38.2542376, 'longitude': -85.759407, 'fipsCode': '21111'}"
118210,,HighSchool,2021,2523.0,Zaire McLaurin,LaSalle College,Central Michigan,S,73.0,180.0,2.0,0.7944,Glenside,PA,USA,"{'latitude': 40.1023326, 'longitude': -75.1521195, 'fipsCode': '42091'}"
118211,4705856,HighSchool,2021,2523.0,John McConnell,Morgantown,Marshall,P,76.0,190.0,2.0,0.7944,Morgantown,WV,USA,"{'latitude': 39.6296809, 'longitude': -79.9559437, 'fipsCode': '54061'}"
118216,5082151,HighSchool,2021,2525.0,Tyler Deleon,Los Alamitos,Army,LB,76.0,230.0,2.0,0.7944,Los Alamitos,CA,USA,"{'latitude': 33.8038865, 'longitude': -118.0772433, 'fipsCode': '06059'}"
118217,4876150,HighSchool,2021,2525.0,Daniel Taumoepeau,Westlake,Eastern Washington,LB,73.0,205.0,2.0,0.7944,Saratoga Springs,UT,USA,"{'latitude': 40.3491173, 'longitude': -111.9046567, 'fipsCode': '49049'}"
118219,4876250,HighSchool,2021,2525.0,Brady Shough,Hamilton,Northern Arizona,ATH,74.0,195.0,2.0,0.7944,Chandler,AZ,USA,"{'latitude': 33.3062223, 'longitude': -111.8413317, 'fipsCode': '04013'}"
118215,,HighSchool,2021,2525.0,Danny Joiner,North Kansas City,Army,TE,75.0,235.0,2.0,0.7944,Kansas City,MO,USA,"{'latitude': 39.100105, 'longitude': -94.5781416, 'fipsCode': '29095'}"
118214,5082197,HighSchool,2021,2525.0,Roderick Brown,North Forney,North Texas,DL,73.0,265.0,2.0,0.7944,Forney,TX,USA,"{'latitude': 32.747893, 'longitude': -96.4719289, 'fipsCode': '48257'}"
118212,,HighSchool,2021,2525.0,Antwan Brown,O'Dea,Air Force,EDGE,74.0,268.0,2.0,0.7944,Seattle,WA,USA,"{'latitude': 47.6038321, 'longitude': -122.3300624, 'fipsCode': '53033'}"
118213,,HighSchool,2021,2525.0,Judah Holtzclaw,Westerville Central,Youngstown State,ATH,78.0,230.0,2.0,0.7944,Westerville,OH,USA,"{'latitude': 40.126139, 'longitude': -82.9295287, 'fipsCode': '39049'}"
118218,,HighSchool,2021,2525.0,Ty Reasoner,San Antonio Johnson,Air Force,QB,73.0,180.0,2.0,0.7944,San Antonio,TX,USA,"{'latitude': 29.4246002, 'longitude': -98.4951405, 'fipsCode': '48029'}"
118220,,HighSchool,2021,2525.0,Harrison Unger,Davison,Air Force,DL,75.0,230.0,2.0,0.7944,Davison,MI,USA,"{'latitude': 43.0346872, 'longitude': -83.5180155, 'fipsCode': '26049'}"
118222,4880191,HighSchool,2021,2534.0,Dajhon Smith,Milan,Central Michigan,CB,74.0,180.0,2.0,0.7937,Milan,TN,USA,"{'latitude': 35.9197886, 'longitude': -88.7589489, 'fipsCode': '47053'}"
118221,4684072,HighSchool,2021,2534.0,Jayden Tate,North Lincoln,NC State,LS,71.0,265.0,2.0,0.7937,Lincolnton,NC,USA,"{'latitude': 35.473745, 'longitude': -81.2545251, 'fipsCode': '37109'}"
118228,5084119,HighSchool,2021,2536.0,Matagi Thompson,Punahou,Hawai'i,S,74.0,185.0,2.0,0.7933,Honolulu,HI,USA,"{'latitude': 21.304547, 'longitude': -157.8556764, 'fipsCode': '15003'}"
118224,,HighSchool,2021,2536.0,Sam Whitney,Mira Costa,,QB,72.0,180.0,2.0,0.7933,Manhattan Beach,CA,USA,"{'latitude': 33.8915985, 'longitude': -118.3951241, 'fipsCode': '06037'}"
118227,4876127,HighSchool,2021,2536.0,Thomas Bouda,Corona Del Mar,Cal Poly,DL,76.0,270.0,2.0,0.7933,Newport Beach,CA,USA,"{'latitude': 33.6170092, 'longitude': -117.9294401, 'fipsCode': '06059'}"
118226,4876352,HighSchool,2021,2536.0,Jessie Campbell,Mater Dei Catholic,Southern Utah,WR,74.0,175.0,2.0,0.7933,Chula Vista,CA,USA,"{'latitude': 32.6400541, 'longitude': -117.0841955, 'fipsCode': '06073'}"
118223,,HighSchool,2021,2536.0,Kekona Tinajero,Rio Mesa,San Diego,ATH,72.0,175.0,2.0,0.7933,Oxnard,CA,USA,"{'latitude': 34.1976308, 'longitude': -119.1803818, 'fipsCode': '06111'}"
118225,4876498,HighSchool,2021,2536.0,Hayden McDonald,O'Dea,Columbia,CB,70.0,170.0,2.0,0.7933,Seattle,WA,USA,"{'latitude': 47.6038321, 'longitude': -122.3300624, 'fipsCode': '53033'}"
118231,4686741,HighSchool,2021,2542.0,Miles Posey,Life Christian Academy,Charlotte,EDGE,75.0,220.0,2.0,0.7933,Colonial Heights,VA,USA,"{'latitude': 37.2555718, 'longitude': -77.4112016, 'fipsCode': '51570'}"
118232,4708240,HighSchool,2021,2542.0,Jordan Mahoney,South Pointe,Massachusetts,CB,72.0,167.0,2.0,0.7933,Rock Hill,SC,USA,"{'latitude': 34.9248667, 'longitude': -81.0250784, 'fipsCode': '45091'}"
118234,4692893,HighSchool,2021,2542.0,Michael Hughes,George Washington,App State,K,75.0,160.0,2.0,0.7933,Charleston,WV,USA,"{'latitude': 38.3505995, 'longitude': -81.6332812, 'fipsCode': '54039'}"
118229,4709694,HighSchool,2021,2542.0,Dorian Helm,Stephenson,Massachusetts,S,72.0,175.0,2.0,0.7933,Stone Mountain,GA,USA,"{'latitude': 33.8080924, 'longitude': -84.1706273, 'fipsCode': '13089'}"
118235,4710782,HighSchool,2021,2542.0,Douglas Newsome,Orange Co.,Charlotte,CB,72.0,175.0,2.0,0.7933,Orange,VA,USA,"{'latitude': 38.2454106, 'longitude': -78.1108342, 'fipsCode': '51137'}"
118236,4710762,HighSchool,2021,2542.0,Jordan Riley,National Christian Academy,Ball State,CB,73.0,195.0,2.0,0.7933,Fort Washington,MD,USA,"{'latitude': 38.7125305, 'longitude': -77.0124598, 'fipsCode': '24033'}"
118233,4691041,HighSchool,2021,2542.0,Raiheem Olalekan,New Town,Massachusetts,ATH,76.0,190.0,2.0,0.7933,Owings Mills,MD,USA,"{'latitude': 39.4010753, 'longitude': -76.796299, 'fipsCode': '24005'}"
118230,4683210,HighSchool,2021,2542.0,Brady Hunt,Delta,Ball State,QB,77.0,201.0,2.0,0.7933,Muncie,IN,USA,"{'latitude': 40.1936892, 'longitude': -85.3865271, 'fipsCode': '18035'}"
118237,4683623,HighSchool,2021,2550.0,Xavier Black,McKinley,Toledo,WR,73.0,165.0,2.0,0.793,Canton,OH,USA,"{'latitude': 40.7989522, 'longitude': -81.3784445, 'fipsCode': '39151'}"
118239,4709802,HighSchool,2021,2550.0,John Motton,Groveport Madison,Ohio,CB,70.0,185.0,2.0,0.793,Groveport,OH,USA,"{'latitude': 39.8522449, 'longitude': -82.8868636, 'fipsCode': '39049'}"
118238,4685827,HighSchool,2021,2550.0,Jamal Johnson,Lincoln-Way East,Bowling Green,WR,70.0,185.0,2.0,0.793,Frankfort,IL,USA,"{'latitude': 41.4958665, 'longitude': -87.8486613, 'fipsCode': '17197'}"
118240,4705930,HighSchool,2021,2553.0,Hahsaun Wilson,South Florence,Charlotte,RB,72.0,191.0,2.0,0.7922,Florence,SC,USA,"{'latitude': 34.1984435, 'longitude': -79.7671658, 'fipsCode': '45041'}"
118241,4683295,HighSchool,2021,2554.0,Jackson Schott,Center Grove,Miami (OH),LB,75.0,195.0,2.0,0.7919,Greenwood,IN,USA,"{'latitude': 39.6136578, 'longitude': -86.1066526, 'fipsCode': '18081'}"
118242,4701769,HighSchool,2021,2554.0,Ryan Stewart,Lincoln-Way East,San José State,OT,77.0,240.0,2.0,0.7919,Frankfort,IL,USA,"{'latitude': 41.4958665, 'longitude': -87.8486613, 'fipsCode': '17197'}"
118243,4710851,HighSchool,2021,2554.0,Darrian Lewis,St. Vincent-St. Mary,Akron,S,70.0,170.0,2.0,0.7919,Akron,OH,USA,"{'latitude': 41.083064, 'longitude': -81.518485, 'fipsCode': '39153'}"
118246,4896022,HighSchool,2021,2557.0,Tyler McMillan,River Rouge,Mississippi Valley State,IOL,77.0,315.0,2.0,0.7917,River Rouge,MI,USA,"{'latitude': 42.2729262, 'longitude': -83.1352891, 'fipsCode': '26163'}"
118245,,HighSchool,2021,2557.0,Roscoe Burton,North Miami,,RB,69.0,180.0,2.0,0.7917,Miami,FL,USA,"{'latitude': 25.7742658, 'longitude': -80.1936589, 'fipsCode': '12086'}"
118244,,HighSchool,2021,2557.0,Nicholas Steinacker,Corunna,,DL,79.0,214.0,2.0,0.7917,Corunna,MI,USA,"{'latitude': 42.9819728, 'longitude': -84.1177451, 'fipsCode': '26155'}"
118247,4696540,HighSchool,2021,2560.0,Grant Oberheu,Ruidoso,New Mexico State,TE,75.0,235.0,2.0,0.7911,Ruidoso,NM,USA,"{'latitude': 33.3315804, 'longitude': -105.6730991, 'fipsCode': '35027'}"
118248,5082425,HighSchool,2021,2560.0,Khian'Dre Harris,Conwell Egan Catholic,Old Dominion,ATH,70.0,160.0,2.0,0.7911,Fairless Hills,PA,USA,"{'latitude': 40.1795537, 'longitude': -74.8551644, 'fipsCode': '42017'}"
118250,4709771,HighSchool,2021,2560.0,Colin Lyons,McKeesport,Akron,IOL,76.0,275.0,2.0,0.7911,McKeesport,PA,USA,"{'latitude': 40.3478472, 'longitude': -79.864215, 'fipsCode': '42003'}"
118249,4686363,HighSchool,2021,2560.0,Aquan Robinson,West Orange,Massachusetts,DL,77.0,240.0,2.0,0.7911,West Orange,NJ,USA,"{'latitude': 40.7987113, 'longitude': -74.2390353, 'fipsCode': '34013'}"
118251,4612827,HighSchool,2021,2564.0,Blake Kosin,Clarkston,Northern Illinois,TE,78.0,225.0,2.0,0.7907,Clarkston,MI,USA,"{'latitude': 42.735863, 'longitude': -83.4188304, 'fipsCode': '26125'}"
118255,4871707,HighSchool,2021,2565.0,Andrew Butler,DePaul Catholic,Boston College,QB,75.5,202.0,2.0,0.7906,Wayne,NJ,USA,"{'latitude': 40.9491723, 'longitude': -74.2376802, 'fipsCode': '34031'}"
118261,4876513,HighSchool,2021,2565.0,Patrick Colicchio,Bergen Catholic,Columbia,OT,76.0,280.0,2.0,0.7906,Oradell,NJ,USA,"{'latitude': 40.9543943, 'longitude': -74.0308504, 'fipsCode': '34003'}"
118254,4876708,HighSchool,2021,2565.0,Ethan Hunt,St. Joseph,Georgetown,DL,73.0,250.0,2.0,0.7906,Hammonton,NJ,USA,"{'latitude': 39.6365056, 'longitude': -74.8023853, 'fipsCode': '34001'}"
118260,4878822,HighSchool,2021,2565.0,Jaylon Tolbert,Chaminade-Madonna,Howard,QB,74.0,170.0,2.0,0.7906,Hollywood,FL,USA,"{'latitude': 26.0112014, 'longitude': -80.1494901, 'fipsCode': '12011'}"
118252,5087324,HighSchool,2021,2565.0,Curtis Miller,Timber Creek,Howard,DL,72.0,275.0,2.0,0.7906,Sicklerville,NJ,USA,"{'latitude': 39.7173375, 'longitude': -74.9693329, 'fipsCode': '34007'}"
118259,5082153,HighSchool,2021,2565.0,Braden Bartosh,Park Hill South,Army,IOL,75.0,280.0,2.0,0.7906,Riverside,MO,USA,"{'latitude': 39.1775032, 'longitude': -94.6130121, 'fipsCode': '29165'}"
118253,,HighSchool,2021,2565.0,Da'Veon Turner,Harper Woods,Army,CB,69.0,165.0,2.0,0.7906,Harper Woods,MI,USA,"{'latitude': 42.4333367, 'longitude': -82.9238847, 'fipsCode': '26163'}"
118257,,HighSchool,2021,2565.0,Angelo Vokolos,St. Augustine Prep,,LB,71.0,200.0,2.0,0.7906,Richland,NJ,USA,"{'latitude': 39.4917828, 'longitude': -74.8707243, 'fipsCode': '34001'}"
118258,,HighSchool,2021,2565.0,Steve Smith,Mercyhurst Preparatory School,,ATH,73.0,185.0,2.0,0.7906,Erie,PA,USA,"{'latitude': 42.1294712, 'longitude': -80.0852695, 'fipsCode': '42049'}"
118262,,HighSchool,2021,2565.0,Michael Cerniauskas,Baton Rouge Catholic,Army,S,71.0,195.0,2.0,0.7906,Baton Rouge,LA,USA,"{'latitude': 30.4459596, 'longitude': -91.18738, 'fipsCode': '22033'}"
118256,4876600,HighSchool,2021,2565.0,Laron Davis,Mainland,Charleston Southern,DL,74.0,287.0,2.0,0.7906,Daytona Beach,FL,USA,"{'latitude': 29.2108147, 'longitude': -81.0228331, 'fipsCode': '12127'}"
118263,4710764,HighSchool,2021,2576.0,Shay Taylor,Sheridan,Ohio,LB,74.0,210.0,2.0,0.7904,Thornville,OH,USA,"{'latitude': 39.896454, 'longitude': -82.4201539, 'fipsCode': '39127'}"
118264,4876695,HighSchool,2021,2577.0,Jaden Allen,Washington Township,Fordham,TE,75.0,220.0,2.0,0.79,Sewell,NJ,USA,"{'latitude': 39.7665029, 'longitude': -75.1443435, 'fipsCode': '34015'}"
118265,4893718,HighSchool,2021,2577.0,Xavier Leigh,Troy,Sacred Heart,RB,70.0,175.0,2.0,0.79,Troy,NY,USA,"{'latitude': 42.7284117, 'longitude': -73.6917878, 'fipsCode': '36083'}"
118266,,HighSchool,2021,2579.0,Daylen Morgan,Trotwood-Madison,Akron,LB,74.0,205.0,2.0,0.7896,Dayton,OH,USA,"{'latitude': 39.7589478, 'longitude': -84.1916069, 'fipsCode': '39113'}"
118268,4876643,HighSchool,2021,2580.0,Donovan Jones,Champagnat Catholic - Hialeah,Gardner-Webb,RB,69.0,180.0,2.0,0.7894,Miami,FL,USA,"{'latitude': 25.7742658, 'longitude': -80.1936589, 'fipsCode': '12086'}"
118270,4876358,HighSchool,2021,2580.0,Porter Connors,Pleasant Grove,UC Davis,LB,73.0,210.0,2.0,0.7894,Pleasant Grove,UT,USA,"{'latitude': 40.3641184, 'longitude': -111.73854, 'fipsCode': '49049'}"
118267,,HighSchool,2021,2580.0,Ryan Wills,LaSalle College,Penn State,OT,76.0,275.0,2.0,0.7894,Glenside,PA,USA,"{'latitude': 40.1023326, 'longitude': -75.1521195, 'fipsCode': '42091'}"
118269,,HighSchool,2021,2580.0,JJ Mckinley,Lake Gibson,Rhode Island,LB,72.0,215.0,2.0,0.7894,Lakeland,FL,USA,"{'latitude': 28.0394654, 'longitude': -81.9498042, 'fipsCode': '12105'}"
118271,,HighSchool,2021,2580.0,Anthony Giansante,Norwin,Western Kentucky,OT,76.0,290.0,2.0,0.7894,Irwin,PA,USA,"{'latitude': 40.3301738, 'longitude': -79.7093339, 'fipsCode': '42129'}"
118272,,HighSchool,2021,2580.0,Braxton Cannon,Dupont Manual,Air Force,ATH,73.0,192.0,2.0,0.7894,Louisville,KY,USA,"{'latitude': 38.2542376, 'longitude': -85.759407, 'fipsCode': '21111'}"
118273,,HighSchool,2021,2580.0,Ethan Sturgeon,New Palestine,Air Force,IOL,75.0,280.0,2.0,0.7894,New Palestine,IN,USA,"{'latitude': 39.7219882, 'longitude': -85.8891471, 'fipsCode': '18059'}"
118274,4880709,HighSchool,2021,2580.0,David Hixon,Auburn,Navy,OT,75.0,255.0,2.0,0.7894,Auburn,AL,USA,"{'latitude': 32.6550905, 'longitude': -85.50364346309962, 'fipsCode': '01081'}"
118275,4683213,HighSchool,2021,2588.0,Zack Taylor,Parsippany Hills,Rutgers,LS,72.0,220.0,2.0,0.7889,Morris Plains,NJ,USA,"{'latitude': 40.8364845, 'longitude': -74.47818854051508, 'fipsCode': '34027'}"
118276,4892327,HighSchool,2021,2589.0,Andre Proffitt,Lakota West,Akron,DL,75.0,270.0,2.0,0.7885,West Chester,OH,USA,"{'latitude': 39.3303357, 'longitude': -84.408275, 'fipsCode': '39017'}"
118280,4709052,HighSchool,2021,2590.0,Nathan Mejia,Cathedral,Sacramento State,IOL,75.0,280.0,2.0,0.7883,Los Angeles,CA,USA,"{'latitude': 34.0536909, 'longitude': -118.2427666, 'fipsCode': '06037'}"
118277,4876310,HighSchool,2021,2590.0,Dorian Hale,De La Salle,Sacramento State,QB,72.0,175.0,2.0,0.7883,Brentwood,CA,USA,"{'latitude': 37.9317766, 'longitude': -121.6960266, 'fipsCode': '06013'}"
118279,5085142,HighSchool,2021,2590.0,Jacob Tafoya,Clovis East,Air Force,LB,73.0,188.0,2.0,0.7883,Clovis,CA,USA,"{'latitude': 36.8252277, 'longitude': -119.7029194, 'fipsCode': '06019'}"
118281,4876125,HighSchool,2021,2590.0,Jake Trachtman,Corona Del Mar,Cal Poly,OT,79.0,285.0,2.0,0.7883,Newport Beach,CA,USA,"{'latitude': 33.6170092, 'longitude': -117.9294401, 'fipsCode': '06059'}"
118278,4876220,HighSchool,2021,2590.0,Kenneth Eiden IV,Bozeman,Montana State,ATH,72.0,231.0,2.0,0.7883,Bozeman,MT,USA,"{'latitude': 45.6794293, 'longitude': -111.0440474, 'fipsCode': '30031'}"
118282,4691316,HighSchool,2021,2595.0,Justin Meyers,Washington-Wilkes,Georgia Southern,ATH,72.0,170.0,2.0,0.7878,Washington,GA,USA,"{'latitude': 33.7367948, 'longitude': -82.7393089, 'fipsCode': '13317'}"
118283,4917436,HighSchool,2021,2596.0,Nick Presley,Walnut Hills,Ball State,WR,72.0,170.0,2.0,0.7867,Cincinnati,OH,USA,"{'latitude': 39.1014537, 'longitude': -84.5124602, 'fipsCode': '39061'}"
118284,4872964,HighSchool,2021,2596.0,Scott Renfroe,Pike Liberal Arts School,Troy,K,72.0,175.0,2.0,0.7867,Troy,AL,USA,"{'latitude': 31.8087678, 'longitude': -85.969951, 'fipsCode': '01109'}"
118286,4873599,HighSchool,2021,2598.0,Zane Smith,N Myrtle Beach,Florida State,P,74.0,190.0,2.0,0.7867,Little River,SC,USA,"{'latitude': 33.8727006, 'longitude': -78.6232583, 'fipsCode': '45051'}"
118287,,HighSchool,2021,2598.0,Robert Simmons,Sandalwood,,CB,69.0,160.0,2.0,0.7867,Jacksonville,FL,USA,"{'latitude': 30.3321838, 'longitude': -81.655651, 'fipsCode': '12031'}"
118285,,HighSchool,2021,2598.0,Khamari Brown,Wakulla,,DL,74.0,245.0,2.0,0.7867,Tallahassee,FL,USA,"{'latitude': 30.4380832, 'longitude': -84.2809332, 'fipsCode': '12073'}"
118288,4711114,HighSchool,2021,2601.0,Zavier Simpson,Pike,Wake Forest,WR,75.0,185.0,2.0,0.7863,Indianapolis,IN,USA,"{'latitude': 39.7683331, 'longitude': -86.1583502, 'fipsCode': '18097'}"
118289,4710655,HighSchool,2021,2601.0,Jalen Burton,Carmel Catholic,Bowling Green,WR,70.0,180.0,2.0,0.7863,Mundelein,IL,USA,"{'latitude': 42.263079, 'longitude': -88.0039653, 'fipsCode': '17097'}"
118290,4917427,HighSchool,2021,2603.0,Tanner Koziol,Nazareth Academy,Ball State,WR,78.0,197.0,2.0,0.7859,La Grange Park,IL,USA,"{'latitude': 41.8333646, 'longitude': -87.8677324, 'fipsCode': '17031'}"
118295,,HighSchool,2021,2604.0,Wendell McClain,Tift County,,CB,72.0,165.0,2.0,0.7856,Tifton,GA,USA,"{'latitude': 31.4522765, 'longitude': -83.5096866, 'fipsCode': '13277'}"
118294,5082118,HighSchool,2021,2604.0,Zach Mundell,Arlington Martin,Army,QB,69.0,165.0,2.0,0.7856,Arlington,TX,USA,"{'latitude': 32.701938999999996, 'longitude': -97.10562379033699, 'fipsCode': '48439'}"
118297,4880697,HighSchool,2021,2604.0,Daba Fofana,West Forsyth,Navy,RB,69.0,190.0,2.0,0.7856,Cumming,GA,USA,"{'latitude': 34.2073196, 'longitude': -84.1401926, 'fipsCode': '13117'}"
118291,,HighSchool,2021,2604.0,Sam Floysand,Cretin Derham Hall,Air Force,IOL,75.0,270.0,2.0,0.7856,Saint Paul,MN,USA,"{'latitude': 44.9504037, 'longitude': -93.1015026, 'fipsCode': '27123'}"
118293,,HighSchool,2021,2604.0,Ralph Williams,Miami Palmetto,,RB,69.0,185.0,2.0,0.7856,Miami,FL,USA,"{'latitude': 25.7742658, 'longitude': -80.1936589, 'fipsCode': '12086'}"
118296,,HighSchool,2021,2604.0,Gary Phillips,Van Buren,Army,QB,72.0,185.0,2.0,0.7856,Van Buren,AR,USA,"{'latitude': 39.5970311, 'longitude': -80.9442642, 'fipsCode': '54095'}"
118292,4709782,HighSchool,2021,2604.0,Luke Bauer,Archbishop Hoban,Akron,LB,72.0,232.0,2.0,0.7856,Akron,OH,USA,"{'latitude': 41.083064, 'longitude': -81.518485, 'fipsCode': '39153'}"
118298,4709659,HighSchool,2021,2604.0,Jalen Hargrove,Choate Rosemary Hall,Rice,DL,76.0,305.0,2.0,0.7856,Wallingford,CT,USA,"{'latitude': 41.4570418, 'longitude': -72.8231552, 'fipsCode': '09009'}"
118299,4709807,HighSchool,2021,2612.0,Jake Skelly,Bishop Hartley,Ohio,OT,76.0,250.0,2.0,0.7852,Columbus,OH,USA,"{'latitude': 39.9622601, 'longitude': -83.0007065, 'fipsCode': '39049'}"
118304,5082149,HighSchool,2021,2613.0,Clev Lubin,Suffern Senior,Army,EDGE,75.0,212.0,2.0,0.7844,Suffern,NY,USA,"{'latitude': 41.1151372, 'longitude': -74.1493948, 'fipsCode': '36087'}"
118302,4876133,HighSchool,2021,2613.0,Michael Otterstedt,Vacaville,Cal Poly,LB,76.0,220.0,2.0,0.7844,Vacaville,CA,USA,"{'latitude': 38.3565773, 'longitude': -121.9877444, 'fipsCode': '06095'}"
118306,5100433,HighSchool,2021,2613.0,Jaylen Collins,Flagler Palm Coast,Air Force,CB,72.0,170.0,2.0,0.7844,Palm Coast,FL,USA,"{'latitude': 29.5541432, 'longitude': -81.2207673, 'fipsCode': '12035'}"
118300,,HighSchool,2021,2613.0,AJ Snow,Orchard Farm Sr.,Air Force,QB,71.5,192.0,2.0,0.7844,St. Charles,MO,USA,"{'latitude': 38.7946252, 'longitude': -90.519829, 'fipsCode': '29183'}"
118303,4876014,HighSchool,2021,2613.0,Collyn Hopkins,Bradley-Bourbonnais,San Diego State,K,74.0,210.0,2.0,0.7844,Bradley,IL,USA,"{'latitude': 41.1421905, 'longitude': -87.8613221, 'fipsCode': '17091'}"
118301,,HighSchool,2021,2613.0,Matthew Brown,New Palestine,Air Force,EDGE,76.0,242.0,2.0,0.7844,New Palestine,IN,USA,"{'latitude': 39.7219882, 'longitude': -85.8891471, 'fipsCode': '18059'}"
118307,,HighSchool,2021,2613.0,Mo Vanderwiel,Torrey Pines,,ATH,72.0,180.0,2.0,0.7844,Encinitas,CA,USA,"{'latitude': 33.0369867, 'longitude': -117.2919818, 'fipsCode': '06073'}"
118308,,HighSchool,2021,2613.0,Curt Evangelister,College Park,Air Force,CB,70.0,170.0,2.0,0.7844,The Woodlands,TX,USA,"{'latitude': 30.1734194, 'longitude': -95.504686, 'fipsCode': '48339'}"
118310,,HighSchool,2021,2613.0,Camden Hardy,Frisco Reedy,Air Force,S,73.0,185.0,2.0,0.7844,Frisco,TX,USA,"{'latitude': 33.1506744, 'longitude': -96.8236116, 'fipsCode': '48085'}"
118305,4880698,HighSchool,2021,2613.0,RJ Davis,Duval,Navy,EDGE,76.0,230.0,2.0,0.7844,Lanham,MD,USA,"{'latitude': 38.9670551, 'longitude': -76.8619166, 'fipsCode': '24033'}"
118309,5082142,HighSchool,2021,2613.0,Noah Short,The King's Academy,Army,ATH,72.0,180.0,2.0,0.7844,Sunnyvale,CA,USA,"{'latitude': 37.3688301, 'longitude': -122.0363496, 'fipsCode': '06085'}"
118320,4880674,HighSchool,2021,2624.0,Elias Larry,Sierra Canyon,Navy,CB,72.0,170.0,2.0,0.7833,Chatsworth,CA,USA,"{'latitude': 34.2595715, 'longitude': -118.6023247, 'fipsCode': '06037'}"
118313,,HighSchool,2021,2624.0,Kevin Thompson,St. Frances Academy,,RB,69.0,190.0,2.0,0.7833,Baltimore,MD,USA,"{'latitude': 39.2908816, 'longitude': -76.610759, 'fipsCode': '24510'}"
118321,5085140,HighSchool,2021,2624.0,Cameron Breier,Chiawana,Air Force,LB,74.0,190.0,2.0,0.7833,Pasco,WA,USA,"{'latitude': 46.2306739, 'longitude': -119.0921006, 'fipsCode': '53021'}"
118316,4876279,HighSchool,2021,2624.0,Wilson Clark,Ralston Valley,Northern Colorado,IOL,77.0,280.0,2.0,0.7833,Arvada,CO,USA,"{'latitude': 39.8211225, 'longitude': -105.22074299044587, 'fipsCode': '08059'}"
118317,5083186,HighSchool,2021,2624.0,Jacob Graves,Kuna,Idaho,IOL,75.0,285.0,2.0,0.7833,Kuna,ID,USA,"{'latitude': 43.4918307, 'longitude': -116.4201223, 'fipsCode': '16001'}"
118312,4876362,HighSchool,2021,2624.0,Darien Langley,St. Joseph,UC Davis,ATH,69.0,160.0,2.0,0.7833,Santa Maria,CA,USA,"{'latitude': 34.9531295, 'longitude': -120.4358577, 'fipsCode': '06083'}"
118322,,HighSchool,2021,2624.0,Trevor Faulkner,Avonworth,Air Force,TE,76.0,225.0,2.0,0.7833,Pittsburgh,PA,USA,"{'latitude': 40.4416941, 'longitude': -79.9900861, 'fipsCode': '42003'}"
118315,4247804,HighSchool,2021,2624.0,Andrew Patterson,Desert Edge,Montana State,WR,70.0,170.0,2.0,0.7833,Goodyear,AZ,USA,"{'latitude': 33.4353672, 'longitude': -112.3576005, 'fipsCode': '04013'}"
118324,4714362,HighSchool,2021,2624.0,Eldrick Robinson II,Booker T. Washington,Georgia Southern,LB,73.0,210.0,2.0,0.7833,Pensacola,FL,USA,"{'latitude': 30.421309, 'longitude': -87.2169149, 'fipsCode': '12033'}"
118314,4883100,HighSchool,2021,2624.0,Nate Denney,Georgetown,Yale,RB,70.0,190.0,2.0,0.7833,Georgetown,TX,USA,"{'latitude': 30.671598, 'longitude': -97.65500660120435, 'fipsCode': '48491'}"
118311,4876160,HighSchool,2021,2624.0,Messiah Jones,Kamiakin,Eastern Washington,ATH,78.0,240.0,2.0,0.7833,Kennewick,WA,USA,"{'latitude': 46.2087066, 'longitude': -119.1199192, 'fipsCode': '53005'}"
118319,4876466,HighSchool,2021,2624.0,Tim Malo,Sehome,Brown,S,72.0,195.0,2.0,0.7833,Bellingham,WA,USA,"{'latitude': 48.7544012, 'longitude': -122.4788361, 'fipsCode': '53073'}"
118318,4876249,HighSchool,2021,2624.0,Jake Schmitt,Corona del Sol,Northern Arizona,LB,74.0,210.0,2.0,0.7833,Tempe,AZ,USA,"{'latitude': 33.4255056, 'longitude': -111.9400125, 'fipsCode': '04013'}"
118323,4712463,HighSchool,2021,2624.0,William Hardrick,Minor,Mississippi State,CB,73.0,165.0,2.0,0.7833,Adamsville,AL,USA,"{'latitude': 33.6009389, 'longitude': -86.9561059, 'fipsCode': '01073'}"
118325,4677307,HighSchool,2021,2638.0,Kolby Borders,Mccutcheon,Miami (OH),IOL,77.0,300.0,2.0,0.783,Lafayette,IN,USA,"{'latitude': 40.4167022, 'longitude': -86.8752869, 'fipsCode': '18157'}"
118326,4689194,HighSchool,2021,2639.0,Jack Reynolds,Davie County,Charlotte,WR,70.0,170.0,2.0,0.7811,Mocksville,NC,USA,"{'latitude': 35.8940236, 'longitude': -80.5617846, 'fipsCode': '37059'}"
118327,,HighSchool,2021,2640.0,Tajaun Curry,Clyde C. Miller Career Academy,,WR,72.0,184.0,2.0,0.7806,St. Louis,MO,USA,"{'latitude': 38.6268039, 'longitude': -90.1994097, 'fipsCode': '29510'}"
118333,,HighSchool,2021,2641.0,Steven Carter,Newnan,Army,LB,73.0,220.0,2.0,0.7794,Newnan,GA,USA,"{'latitude': 33.3806716, 'longitude': -84.7996573, 'fipsCode': '13077'}"
118330,4684882,HighSchool,2021,2641.0,Terrance Kamara,Minneapolis North,Northern Iowa,RB,69.0,175.0,2.0,0.7794,Minneapolis,MN,USA,"{'latitude': 44.9772995, 'longitude': -93.2654692, 'fipsCode': '27053'}"
118335,,HighSchool,2021,2641.0,Aquavious Hunter,Jefferson County,,ATH,70.0,160.0,2.0,0.7794,Louisville,GA,USA,"{'latitude': 33.0015407, 'longitude': -82.4112377, 'fipsCode': '13163'}"
118332,,HighSchool,2021,2641.0,Malcolm Seaborn,Atlantic Coast,Navy,WR,72.0,180.0,2.0,0.7794,Jacksonville,FL,USA,"{'latitude': 30.3321838, 'longitude': -81.655651, 'fipsCode': '12031'}"
118334,5082140,HighSchool,2021,2641.0,Liam Fortner,Knoxville Central,Army,WR,75.0,195.0,2.0,0.7794,Knoxville,TN,USA,"{'latitude': 35.9603948, 'longitude': -83.9210261, 'fipsCode': '47093'}"
118328,,HighSchool,2021,2641.0,Rhoody Jean-Louis,Miami Central,,LB,73.0,205.0,2.0,0.7794,Miami,FL,USA,"{'latitude': 25.7742658, 'longitude': -80.1936589, 'fipsCode': '12086'}"
118331,4880708,HighSchool,2021,2641.0,Evan Brown,St. Xavier,Navy,OT,76.0,260.0,2.0,0.7794,Louisville,KY,USA,"{'latitude': 38.2542376, 'longitude': -85.759407, 'fipsCode': '21111'}"
118329,4877042,HighSchool,2021,2641.0,Javonte Graves-Billips,St. Paul's Episcopal,The Citadel,WR,70.5,185.0,2.0,0.7794,Mobile,AL,USA,"{'latitude': 30.6943566, 'longitude': -88.0430541, 'fipsCode': '01097'}"
118336,4709788,HighSchool,2021,2649.0,Vaughn Pemberton,Loyola Academy,Ball State,RB,72.0,205.0,2.0,0.7785,Wilmette,IL,USA,"{'latitude': 42.0757315, 'longitude': -87.7193768, 'fipsCode': '17031'}"
118354,5081521,HighSchool,2021,2650.0,TK Kocak,Fleming Island,Navy,ATH,70.0,200.0,2.0,0.7783,Orange Park,FL,USA,"{'latitude': 30.1654707, 'longitude': -81.7016346, 'fipsCode': '12019'}"
118346,,HighSchool,2021,2650.0,Zach Blackwood,Desert Edge,Northern Arizona,DL,76.0,255.0,2.0,0.7783,Goodyear,AZ,USA,"{'latitude': 33.4353672, 'longitude': -112.3576005, 'fipsCode': '04013'}"
118347,,HighSchool,2021,2650.0,Jared Roznos,Seattle Prep,Air Force,ATH,73.0,190.0,2.0,0.7783,Seattle,WA,USA,"{'latitude': 47.6038321, 'longitude': -122.3300624, 'fipsCode': '53033'}"
118348,,HighSchool,2021,2650.0,Robbie Sanders,Lake Minneola,Army,QB,70.0,180.0,2.0,0.7783,Clermont,FL,USA,"{'latitude': 28.5494447, 'longitude': -81.7728543, 'fipsCode': '12069'}"
118349,,HighSchool,2021,2650.0,Michael Schneider,Bishop Manogue,Air Force,S,71.0,175.0,2.0,0.7783,Reno,NV,USA,"{'latitude': 39.5261206, 'longitude': -119.8126581, 'fipsCode': '32031'}"
118350,,HighSchool,2021,2650.0,Tafao Amataga,Bishop Gorman,Southern Utah,DL,73.0,265.0,2.0,0.7783,Las Vegas,NV,USA,"{'latitude': 36.1672559, 'longitude': -115.1485163, 'fipsCode': '32003'}"
118351,,HighSchool,2021,2650.0,Kyle Orr,Chandler,Air Force,LB,74.0,220.0,2.0,0.7783,Chandler,AZ,USA,"{'latitude': 33.3062223, 'longitude': -111.8413317, 'fipsCode': '04013'}"
118352,,HighSchool,2021,2650.0,Daxon Lindholm,Peoria Centennial,Army,RB,72.0,180.0,2.0,0.7783,Peoria,AZ,USA,"{'latitude': 33.5806115, 'longitude': -112.2372942, 'fipsCode': '04013'}"
118344,5081561,HighSchool,2021,2650.0,Max Smith,La Jolla,Navy,ATH,70.0,195.0,2.0,0.7783,La Jolla,CA,USA,"{'latitude': 32.83259, 'longitude': -117.2716839, 'fipsCode': '06073'}"
118355,,HighSchool,2021,2650.0,Liam Hoffmeyer,Cibola,Air Force,TE,76.0,240.0,2.0,0.7783,Yuma,AZ,USA,"{'latitude': 32.6926588, 'longitude': -114.6276157, 'fipsCode': '04027'}"
118353,4879944,HighSchool,2021,2650.0,Gregory Johnson,Northwestern,Army,LB,71.0,205.0,2.0,0.7783,Rock Hill,SC,USA,"{'latitude': 34.9248667, 'longitude': -81.0250784, 'fipsCode': '45091'}"
118338,5081516,HighSchool,2021,2650.0,Jacob Rooks,Taft School,Navy,CB,70.0,170.0,2.0,0.7783,Watertown,CT,USA,"{'latitude': 41.6062078, 'longitude': -73.1181658, 'fipsCode': '09005'}"
118356,4710728,HighSchool,2021,2650.0,Cade Zimmerly,Perrysburg,Bowling Green,IOL,73.0,265.0,2.0,0.7783,Perrysburg,OH,USA,"{'latitude': 41.5571178, 'longitude': -83.6279321, 'fipsCode': '39173'}"
118342,,HighSchool,2021,2650.0,Nahjee Adams,Easton Area,,RB,69.0,200.0,2.0,0.7783,Easton,PA,USA,"{'latitude': 40.6916081, 'longitude': -75.2099866, 'fipsCode': '42095'}"
118340,,HighSchool,2021,2650.0,Nico Estrada,Kearny,Idaho,RB,69.0,175.0,2.0,0.7783,San Diego,CA,USA,"{'latitude': 32.7174209, 'longitude': -117.1627714, 'fipsCode': '06073'}"
118345,,HighSchool,2021,2650.0,Jackson Kohal,Coeur d'Alene,Air Force,IOL,76.0,280.0,2.0,0.7783,Coeur d'Alene,ID,USA,"{'latitude': 47.6742994, 'longitude': -116.7811531, 'fipsCode': '16055'}"
118337,4878239,HighSchool,2021,2650.0,Marcus Alexander,Clark,Harvard,LB,73.0,209.0,2.0,0.7783,Las Vegas,NV,USA,"{'latitude': 36.1672559, 'longitude': -115.1485163, 'fipsCode': '32003'}"
118343,4877776,HighSchool,2021,2650.0,Donovan Everette,Norview,Elon,EDGE,75.0,215.0,2.0,0.7783,Norfolk,VA,USA,"{'latitude': 36.8462923, 'longitude': -76.2929252, 'fipsCode': '51710'}"
118341,4876224,HighSchool,2021,2650.0,Sean Austin,Kuna,Montana State,QB,74.0,175.0,2.0,0.7783,Kuna,ID,USA,"{'latitude': 43.4918307, 'longitude': -116.4201223, 'fipsCode': '16001'}"
118339,4883137,HighSchool,2021,2650.0,Connor Smith,Noble And Greenough School,Yale,OT,77.0,275.0,2.0,0.7783,Medway,MA,USA,"{'latitude': 42.1417641, 'longitude': -71.3967256, 'fipsCode': '25021'}"
118357,,HighSchool,2021,2670.0,Zatrell Garrett,Edgewater,,DL,74.0,302.0,2.0,0.7767,Orlando,FL,USA,"{'latitude': 28.5421109, 'longitude': -81.3790304, 'fipsCode': '12095'}"
118358,,HighSchool,2021,2670.0,Samari Allen,Escambia,Tulsa,DL,71.0,280.0,2.0,0.7767,Pensacola,FL,USA,"{'latitude': 30.421309, 'longitude': -87.2169149, 'fipsCode': '12033'}"
118361,,HighSchool,2021,2672.0,Lincoln Parker,Marist School,Army,RB,71.0,220.0,2.0,0.7744,Atlanta,GA,USA,"{'latitude': 33.7490987, 'longitude': -84.3901849, 'fipsCode': '13121'}"
118359,,HighSchool,2021,2672.0,Tyrese Green,Deland,,S,70.0,175.0,2.0,0.7744,Port Orange,FL,USA,"{'latitude': 29.101628050000002, 'longitude': -81.01059617608054, 'fipsCode': '12127'}"
118360,,HighSchool,2021,2672.0,Joseph Stellmach,Pope,Air Force,RB,70.0,190.0,2.0,0.7744,Marietta,GA,USA,"{'latitude': 33.9528472, 'longitude': -84.5496148, 'fipsCode': '13067'}"
118363,,HighSchool,2021,2675.0,Campbell McHarg,Calabasas,Cal Poly,IOL,75.0,250.0,2.0,0.7733,Calabasas,CA,USA,"{'latitude': 34.1446643, 'longitude': -118.6440973, 'fipsCode': '06037'}"
118364,,HighSchool,2021,2675.0,Jaiden Hill,Montour,,CB,72.0,165.0,2.0,0.7733,Mckees Rocks,PA,USA,"{'latitude': 40.4656244, 'longitude': -80.0656106, 'fipsCode': '42003'}"
118365,,HighSchool,2021,2675.0,Kobe Muasau,Eastside Catholic,Navy,QB,73.0,180.0,2.0,0.7733,Sammamish,WA,USA,"{'latitude': 47.6088445, 'longitude': -122.0423067, 'fipsCode': '53033'}"
118366,,HighSchool,2021,2675.0,Jadon Furubotten,Chaparral,Air Force,OT,76.0,275.0,2.0,0.7733,Riverside,CA,USA,"{'latitude': 33.9533546, 'longitude': -117.3961623, 'fipsCode': '06065'}"
118368,,HighSchool,2021,2675.0,Jahmir Dooley,West Side,,RB,70.0,210.0,2.0,0.7733,Newark,NJ,USA,"{'latitude': 40.735657, 'longitude': -74.1723667, 'fipsCode': '34013'}"
118369,,HighSchool,2021,2675.0,Miles Mitchell,Paramus Catholic,,LB,75.0,210.0,2.0,0.7733,Paramus,NJ,USA,"{'latitude': 40.9452911, 'longitude': -74.0735899, 'fipsCode': '34003'}"
118362,,HighSchool,2021,2675.0,Jj Jelsing,Wenatchee,Air Force,RB,71.0,180.0,2.0,0.7733,Wenatchee,WA,USA,"{'latitude': 47.4234599, 'longitude': -120.3103494, 'fipsCode': '53007'}"
118375,4718540,HighSchool,2021,2675.0,Ja'Shon Williams,San Diego Lincoln,Idaho,CB,71.0,170.0,2.0,0.7733,San Diego,CA,USA,"{'latitude': 32.7174209, 'longitude': -117.1627714, 'fipsCode': '06073'}"
118378,5081541,HighSchool,2021,2675.0,Elijah Oatsvall,Brentwood Academy,Navy,LB,73.0,208.0,2.0,0.7733,Brentwood,TN,USA,"{'latitude': 36.0325687, 'longitude': -86.7825235, 'fipsCode': '47187'}"
118377,,HighSchool,2021,2675.0,Marion Lotulelei,Highland,Air Force,DL,72.0,305.0,2.0,0.7733,Salt Lake City,UT,USA,"{'latitude': 40.7596198, 'longitude': -111.8867975, 'fipsCode': '49035'}"
118381,4879948,HighSchool,2021,2675.0,Bill Katsigiannis,Katy,Army,IOL,73.0,260.0,2.0,0.7733,Katy,TX,USA,"{'latitude': 29.7857853, 'longitude': -95.8243956, 'fipsCode': '48157'}"
118373,4876364,HighSchool,2021,2675.0,Matteo Perez,Marin  Catholic,UC Davis,RB,70.0,180.0,2.0,0.7733,Greenbrae,CA,USA,"{'latitude': 37.9485356, 'longitude': -122.5247031, 'fipsCode': '06041'}"
118370,4876356,HighSchool,2021,2675.0,Christian Calhoun,Oxnard Pacifica,UC Davis,CB,71.0,170.0,2.0,0.7733,Oxnard,CA,USA,"{'latitude': 34.1976308, 'longitude': -119.1803818, 'fipsCode': '06111'}"
118380,4710811,HighSchool,2021,2675.0,Arrison Cole,Lambert,New Mexico,OT,79.0,290.0,2.0,0.7733,Suwanee,GA,USA,"{'latitude': 34.0514898, 'longitude': -84.0712997, 'fipsCode': '13135'}"
118367,4876315,HighSchool,2021,2675.0,Kenndel Riley,Capital Christian,Sacramento State,DL,77.0,280.0,2.0,0.7733,Sacramento,CA,USA,"{'latitude': 38.5815719, 'longitude': -121.4943996, 'fipsCode': '06067'}"
118372,4890380,HighSchool,2021,2675.0,Kristen McAdams,Imhotep Institute,UAlbany,WR,75.0,190.0,2.0,0.7733,Philadelphia,PA,USA,"{'latitude': 39.9527237, 'longitude': -75.1635262, 'fipsCode': '42101'}"
118379,4710854,HighSchool,2021,2675.0,Matthew Monaghan,England,Akron,TE,76.0,235.0,2.0,0.7733,England,,GBR,"{'latitude': None, 'longitude': None, 'fipsCode': None}"
118371,4775237,HighSchool,2021,2675.0,Mason Packer,Kings Way Christian,Portland State,ATH,72.0,200.0,2.0,0.7733,Vancouver,WA,USA,"{'latitude': 45.6306954, 'longitude': -122.6744557, 'fipsCode': '53011'}"
118376,4876472,HighSchool,2021,2675.0,Jack Whitten,Chaparral,Brown,CB,73.0,180.0,2.0,0.7733,Scottsdale,AZ,USA,"{'latitude': 33.4942189, 'longitude': -111.9260184, 'fipsCode': '04013'}"
118382,4714376,HighSchool,2021,2675.0,Joseph Immediato,El Paso Eastwood,UTEP,IOL,77.0,310.0,2.0,0.7733,El Paso,TX,USA,"{'latitude': 31.7754152, 'longitude': -106.4646348, 'fipsCode': '48141'}"
118374,4876199,HighSchool,2021,2675.0,Daniel Britt,Liberty,Montana,QB,72.0,187.0,2.0,0.7733,Henderson,NV,USA,"{'latitude': 36.0301134, 'longitude': -114.9826194, 'fipsCode': '32003'}"
118383,5082165,HighSchool,2021,2696.0,Kenyatta Brannon,Chanhassen,Army,IOL,76.0,260.0,2.0,0.7694,Chanhassen,MN,USA,"{'latitude': 44.8618403, 'longitude': -93.5307207, 'fipsCode': '27019'}"
118384,,HighSchool,2021,2696.0,Charlie Rolenc,Bishop Moore Catholic,Army,DL,73.0,260.0,2.0,0.7694,Orlando,FL,USA,"{'latitude': 28.5421109, 'longitude': -81.3790304, 'fipsCode': '12095'}"
118392,,HighSchool,2021,2698.0,Troy dela Vega,Park City,Utah State,ATH,77.0,240.0,2.0,0.7683,Park City,UT,USA,"{'latitude': 40.6460635, 'longitude': -111.4979741, 'fipsCode': '49043'}"
118387,,HighSchool,2021,2698.0,Enrique Lopez,St. Pauls,Air Force,DL,75.0,240.0,2.0,0.7683,St. Pauls,NC,USA,"{'latitude': None, 'longitude': None, 'fipsCode': None}"
118391,5082172,HighSchool,2021,2698.0,Kemari Copeland,Floyd Kellam,Army,EDGE,74.0,225.0,2.0,0.7683,Virginia Beach,VA,USA,"{'latitude': 36.8529841, 'longitude': -75.9774183, 'fipsCode': '51810'}"
118393,5082154,HighSchool,2021,2698.0,Kalib Fortner,Knoxville Central,Army,LB,73.0,205.0,2.0,0.7683,Knoxville,TN,USA,"{'latitude': 35.9603948, 'longitude': -83.9210261, 'fipsCode': '47093'}"
118388,,HighSchool,2021,2698.0,Michael Rhodes,Ocean City,,DL,76.0,230.0,2.0,0.7683,Ocean City,NJ,USA,"{'latitude': 39.2776156, 'longitude': -74.5746001, 'fipsCode': '34009'}"
118390,4876544,HighSchool,2021,2698.0,CJ Tillman,Richmond,Campbell,LB,72.0,224.0,2.0,0.7683,Rockingham,NC,USA,"{'latitude': 34.9393201, 'longitude': -79.7739457, 'fipsCode': '37153'}"
118386,5085137,HighSchool,2021,2698.0,Cade Harris,Roy,Air Force,WR,68.0,175.0,2.0,0.7683,Roy,UT,USA,"{'latitude': 41.1617999, 'longitude': -112.0261903, 'fipsCode': '49057'}"
118394,4714418,HighSchool,2021,2698.0,Carter Gilbert,Oxford,Eastern Michigan,DL,76.0,290.0,2.0,0.7683,Oxford,MI,USA,"{'latitude': 42.8247524, 'longitude': -83.2646624, 'fipsCode': '28071'}"
118389,4879914,HighSchool,2021,2698.0,Josiah Banks,Mount Tabor,Army,LB,73.0,200.0,2.0,0.7683,Winston Salem,NC,USA,"{'latitude': 36.0998131, 'longitude': -80.2440518, 'fipsCode': '37067'}"
118385,4876711,HighSchool,2021,2698.0,Naieem Kearney,Martinsburg,Georgetown,RB,68.0,185.0,2.0,0.7683,Martinsburg,WV,USA,"{'latitude': 39.4562528, 'longitude': -77.9639604, 'fipsCode': '54003'}"
118395,5081533,HighSchool,2021,2708.0,Andrew Threatt,Metrolina Christian Academy,Navy,OT,76.0,246.0,2.0,0.7633,Indian Trail,NC,USA,"{'latitude': 35.0768141, 'longitude': -80.6692352, 'fipsCode': '37179'}"
118397,4710850,HighSchool,2021,2708.0,Benjamin Lisk,Paradise Valley,Toledo,LS,70.0,210.0,2.0,0.7633,Phoenix,AZ,USA,"{'latitude': 33.4484367, 'longitude': -112.0741417, 'fipsCode': '04013'}"
118396,4710758,HighSchool,2021,2708.0,Casey Magyar,Dublin Coffman,Kent State,K,71.0,165.0,2.0,0.7633,Dublin,OH,USA,"{'latitude': 40.0992294, 'longitude': -83.1140771, 'fipsCode': '39049'}"
118399,4877589,HighSchool,2021,2711.0,Camden Gray,Chapman,Wofford,LB,75.0,225.0,2.0,0.7583,Inman,SC,USA,"{'latitude': 35.0470617, 'longitude': -82.0901088, 'fipsCode': '45083'}"
118398,,HighSchool,2021,2711.0,Gavin Hardeman,West Bloomfield,Air Force,S,74.0,155.0,2.0,0.7583,West Bloomfield,MI,USA,"{'latitude': 42.5679, 'longitude': -83.3733, 'fipsCode': '36069'}"
118400,4696710,HighSchool,2021,2711.0,Jake Marion,North Davidson,Georgia State,K,71.0,180.0,2.0,0.7583,Lexington,NC,USA,"{'latitude': 35.8240265, 'longitude': -80.2533838, 'fipsCode': '37057'}"
118401,,HighSchool,2021,2714.0,James Reddick II,Peach County,Jackson State,IOL,75.0,320.0,2.0,0.7556,Fort Valley,GA,USA,"{'latitude': 32.5537585, 'longitude': -83.8874084, 'fipsCode': '13225'}"
118402,,HighSchool,2021,2715.0,Terrell Dillworth,McKinley,Air Force,WR,69.0,170.0,2.0,0.7533,Canton,OH,USA,"{'latitude': 40.7989522, 'longitude': -81.3784445, 'fipsCode': '39151'}"
118403,5085451,HighSchool,2021,2715.0,Britton Williams,Richmond Hill,Georgia Southern,K,71.0,170.0,2.0,0.7533,Richmond Hill,GA,USA,"{'latitude': 31.9382652, 'longitude': -81.3034433, 'fipsCode': '13029'}"
118405,4714425,HighSchool,2021,2715.0,Zach Zoglio,Anderson,Eastern Michigan,LS,72.0,215.0,2.0,0.7533,Cincinnati,OH,USA,"{'latitude': 39.1014537, 'longitude': -84.5124602, 'fipsCode': '39061'}"
118404,4714421,HighSchool,2021,2715.0,Tanner Luther,Chambersburg Area,Eastern Michigan,K,69.0,175.0,2.0,0.7533,Chambersburg,PA,USA,"{'latitude': 39.9405903, 'longitude': -77.6598624, 'fipsCode': '42055'}"
118406,5082120,HighSchool,2021,2719.0,Jabril Williams,Joliet Catholic Academy,Army,ATH,71.0,170.0,2.0,0.7494,Joliet,IL,USA,"{'latitude': 41.5263603, 'longitude': -88.0840212, 'fipsCode': '17197'}"
118407,4887438,HighSchool,2021,2720.0,Elisha Cummings,Reicher Catholic,Idaho,RB,69.0,180.0,2.0,0.7444,Waco,TX,USA,"{'latitude': 31.549333, 'longitude': -97.1466695, 'fipsCode': '48309'}"
254998,4880212,HighSchool,2021,,Graham Nicholson,Summit Country Day School,Miami (OH),K,72.0,185.0,,,Cincinnati,OH,USA,"{'latitude': 39.1014537, 'longitude': -84.5124602, 'fipsCode': '39061'}"
254923,4873679,HighSchool,2021,,Brooks Miller,Greater Atlanta Christian School,North Carolina,ATH,71.5,167.0,,,Norcross,GA,USA,"{'latitude': 33.9412127, 'longitude': -84.2135309, 'fipsCode': '13135'}"
254924,4873680,HighSchool,2021,,Cyrus Rogers,Rolesville,North Carolina,WR,71.0,178.0,,,Rolesville,NC,USA,"{'latitude': 35.9232862, 'longitude': -78.4573914, 'fipsCode': '37183'}"
254925,4873683,HighSchool,2021,,Carter Kulka,Woodward Academy,North Carolina,IOL,76.75,255.0,,,College Park,GA,USA,"{'latitude': 33.6534427, 'longitude': -84.4493725, 'fipsCode': '13121'}"
255272,4696107,HighSchool,2021,,Quandarius Smith,Buchholz,Kennesaw State,RB,71.0,205.0,,,Gainesville,FL,USA,"{'latitude': 29.6519684, 'longitude': -82.3249846, 'fipsCode': '12001'}"
255450,4696094,HighSchool,2021,,Dorian Royal,Cegep Garneau,Maine,DL,76.0,295.0,,,Quebec City,QC,CAN,"{'latitude': None, 'longitude': None, 'fipsCode': None}"
255381,4695038,HighSchool,2021,,Junious Johnson,Lake Minneola,Tennessee Tech,WR,72.0,184.0,,,Lake Minneola,FL,USA,"{'latitude': 28.574159, 'longitude': -81.76767074806016, 'fipsCode': '12069'}"
254927,4873687,HighSchool,2021,,Cole Maynard,Hough,North Carolina,P,73.25,175.0,,,Cornelius,NC,USA,"{'latitude': 35.4817982, 'longitude': -80.8589501, 'fipsCode': '37119'}"
254920,4875300,HighSchool,2021,,Von Reames,Franklin,Oregon,WR,67.0,175.0,,,Reisterstown,MD,USA,"{'latitude': 39.4695489, 'longitude': -76.8294213, 'fipsCode': '24005'}"
255385,4694209,HighSchool,2021,,Seth Anderson,North Gwinnett,Charleston Southern,WR,72.0,178.0,,,Suwanee,GA,USA,"{'latitude': 34.0514898, 'longitude': -84.0712997, 'fipsCode': '13135'}"
255382,4571228,HighSchool,2021,,Devin Miller,Mays,Tennessee Tech,WR,74.0,195.0,,,Atlanta,GA,USA,"{'latitude': 33.7490987, 'longitude': -84.3901849, 'fipsCode': '13121'}"
254940,4875341,HighSchool,2021,,Andrew Sirmon,Bothell,Washington,QB,72.0,190.0,,,Bothell,WA,USA,"{'latitude': 47.7598697, 'longitude': -122.2068288, 'fipsCode': '53033'}"
255558,4570917,HighSchool,2021,,Ben McGourin,Cheney,Montana,ILB,74.0,215.0,,,Cheney,WA,USA,"{'latitude': 47.4873895, 'longitude': -117.5757676, 'fipsCode': '53063'}"
255519,4775270,HighSchool,2021,,Jaden Shirden,Cheshire Academy (Prep),Monmouth,RB,67.5,173.0,,,Cheshire,CT,USA,"{'latitude': 41.4989861, 'longitude': -72.900658, 'fipsCode': '09009'}"
254978,4875452,HighSchool,2021,,Trayv'on Culbert,Tioga,Louisiana,WR,72.0,190.0,,,Tioga,LA,USA,"{'latitude': 48.397244, 'longitude': -102.938238, 'fipsCode': '38105'}"
255060,4875742,HighSchool,2021,,Aeden Holler,Loyalsock Township,Kent State,EDGE,76.0,220.0,,,Williamsport,PA,USA,"{'latitude': 41.2493292, 'longitude': -77.0027671, 'fipsCode': '42081'}"
255072,4875787,HighSchool,2021,,Michael Graham,Kaiser,Hawai'i,S,72.0,195.0,,,Honolulu,HI,USA,"{'latitude': 21.304547, 'longitude': -157.8556764, 'fipsCode': '15003'}"
255071,4875788,HighSchool,2021,,Jalen Walthall,Manvel,Hawai'i,WR,73.0,165.0,,,Manvel,TX,USA,"{'latitude': 29.4664706, 'longitude': -95.355714, 'fipsCode': '48039'}"
255070,4875810,HighSchool,2021,,Taharin Sudderth,Alcoa,Middle Tennessee,DL,76.0,230.0,,,Alcoa,TN,USA,"{'latitude': 35.7895271, 'longitude': -83.9737935, 'fipsCode': '47009'}"
255011,4875904,HighSchool,2021,,Connor Welsh,Birdville,Rice,TE,75.0,228.0,,,North Richland Hills,TX,USA,"{'latitude': 32.8342952, 'longitude': -97.2289029, 'fipsCode': '48439'}"
255217,4428884,HighSchool,2021,,Jase Williams,Slidell,Lamar,WDE,74.0,220.0,,,Slidell,LA,USA,"{'latitude': 30.2751945, 'longitude': -89.7811745, 'fipsCode': '22103'}"
255086,4427748,HighSchool,2021,,Richard Kwete,Sunnyslope,Northern Arizona,EDGE,75.0,250.0,,,Phoenix,AZ,USA,"{'latitude': 33.4484367, 'longitude': -112.0741417, 'fipsCode': '04013'}"
255078,4876244,HighSchool,2021,,RJ Martinez,Round Rock Westwood,Northern Arizona,QB,71.0,180.0,,,Austin,TX,USA,"{'latitude': 30.2711286, 'longitude': -97.7436995, 'fipsCode': '48453'}"
255144,4876138,HighSchool,2021,,Joshua Ngaluafe,River City Senior,Cal Poly,DL,74.0,340.0,,,West Sacramento,CA,USA,"{'latitude': 38.5804609, 'longitude': -121.530234, 'fipsCode': '06113'}"
255534,4876649,HighSchool,2021,,Tyler Arrington,Shelby,Gardner-Webb,S,72.0,180.0,,,Shelby,NC,USA,"{'latitude': 35.2919489, 'longitude': -81.5402112, 'fipsCode': '37045'}"
255294,4877393,HighSchool,2021,,Johnny Chaney Jr.,Wekiva,Florida A&M,LB,73.0,192.0,,,Apopka,FL,USA,"{'latitude': 28.6779683, 'longitude': -81.5115214, 'fipsCode': '12095'}"
255383,4877476,HighSchool,2021,,Jayvian Allen,Grayson,Tennessee Tech,S,67.0,175.0,,,Loganville,GA,USA,"{'latitude': 33.8389977, 'longitude': -83.9007382, 'fipsCode': '13297'}"
255411,4877511,HighSchool,2021,,Jaden Stewart,Pearland Dawson,Prairie View A&M,RB,71.0,195.0,,,Pearland,TX,USA,"{'latitude': 29.5639758, 'longitude': -95.2864299, 'fipsCode': '48039'}"
255012,4714365,HighSchool,2021,,Carson Steele,Center Grove,Ball State,RB,72.0,202.0,,,Greenwood,IN,USA,"{'latitude': 39.6136578, 'longitude': -86.1066526, 'fipsCode': '18081'}"
255029,4714379,HighSchool,2021,,Seydou Traore,Clearwater Academy International,Arkansas State,WR,76.0,210.0,,,Clearwater,FL,USA,"{'latitude': 27.9658533, 'longitude': -82.8001026, 'fipsCode': '12103'}"
255069,4714294,HighSchool,2021,,Damonte Smith,Islands,Middle Tennessee,DL,75.0,285.0,,,Savannah,GA,USA,"{'latitude': 32.0809263, 'longitude': -81.0911768, 'fipsCode': '13051'}"
255384,4701591,HighSchool,2021,,Boogsie Silvera,American Heritage,Charleston Southern,S,71.0,185.0,,,Plantation,FL,USA,"{'latitude': 26.1265258, 'longitude': -80.25786123765101, 'fipsCode': '12011'}"
255523,4878982,HighSchool,2021,,Luke Hensley,Medina,Youngstown State,WR,74.0,190.0,,,Medina,OH,USA,"{'latitude': 41.1383878, 'longitude': -81.8637474, 'fipsCode': '39103'}"
255347,4247812,HighSchool,2021,,Lance McCutcheon,Bozeman,Montana State,WR,75.0,202.0,,,Bozeman,MT,USA,"{'latitude': 45.6794293, 'longitude': -111.0440474, 'fipsCode': '30031'}"
255105,4879293,HighSchool,2021,,Jaheim Ward,Colquitt County,Austin Peay,S,74.0,168.0,,,Moultrie,GA,USA,"{'latitude': 31.179998, 'longitude': -83.7887928, 'fipsCode': '13071'}"
254951,4879204,HighSchool,2021,,Isaiah Hankins,Little Rock Christian Academy,Baylor,K,73.0,194.0,,,Little Rock,AR,USA,"{'latitude': 34.7464809, 'longitude': -92.2895948, 'fipsCode': '05119'}"
255092,4879292,HighSchool,2021,,Kam Thomas,Ramsay,Austin Peay,WR,69.0,165.0,,,Birmingham,AL,USA,"{'latitude': 33.5206824, 'longitude': -86.8024326, 'fipsCode': '01073'}"
255094,4879298,HighSchool,2021,,Trey Goodman,Norcross,Austin Peay,WR,72.0,173.0,,,Norcross,GA,USA,"{'latitude': 33.9412127, 'longitude': -84.2135309, 'fipsCode': '13135'}"
255091,4879326,HighSchool,2021,,Maddux Trujillo,Flowery Branch,Austin Peay,K,73.0,161.0,,,Flowery Branch,GA,USA,"{'latitude': 34.1851017, 'longitude': -83.9251809, 'fipsCode': '13139'}"
255216,4879445,HighSchool,2021,,Antorius Hambric Jr.,North Forney,Lamar,CB,70.0,175.0,,,Forney,TX,USA,"{'latitude': 32.747893, 'longitude': -96.4719289, 'fipsCode': '48257'}"
255218,4879451,HighSchool,2021,,Damian Alexander,KIPP Booker T. Washington,Lamar,CB,71.0,175.0,,,New Orleans,LA,USA,"{'latitude': 29.9499323, 'longitude': -90.0701156, 'fipsCode': '22071'}"
255215,4879458,HighSchool,2021,,Adrian Owens,Langham Creek,Lamar,ILB,74.0,220.0,,,Houston,TX,USA,"{'latitude': 29.7589382, 'longitude': -95.3676974, 'fipsCode': '48201'}"
255212,4879488,HighSchool,2021,,VJ Bronson,Katy Taylor,Lamar,DL,75.0,290.0,,,Katy,TX,USA,"{'latitude': 29.7857853, 'longitude': -95.8243956, 'fipsCode': '48157'}"
254987,4713157,HighSchool,2021,,Jack Ansell,Australia,Purdue,P,,,,,Australia,,AUS,"{'latitude': None, 'longitude': None, 'fipsCode': None}"
255065,4880129,HighSchool,2021,,Josh Bryant,Middletown,Akron,RB,70.0,192.0,,,Middletown,OH,USA,"{'latitude': 39.5150576, 'longitude': -84.3982763, 'fipsCode': '39017'}"
255311,4247737,HighSchool,2021,,Montrell Walker,Mt. Juliet Christian Academy,Howard,TE,75.0,220.0,,,Mt. Juliet,TN,USA,"{'latitude': 36.200055, 'longitude': -86.5186054, 'fipsCode': '47189'}"
255023,4880173,HighSchool,2021,,Solomanie Bambara,Neumann Goretti,Buffalo,TE,78.0,215.0,,,Philadelphia,PA,USA,"{'latitude': 39.9527237, 'longitude': -75.1635262, 'fipsCode': '42101'}"
255028,4880235,HighSchool,2021,,Bralen Henderson,Central Catholic,Ohio,DL,75.0,255.0,,,Pittsburgh,PA,USA,"{'latitude': 40.4416941, 'longitude': -79.9900861, 'fipsCode': '42003'}"
254933,4873084,HighSchool,2021,,Jon Hill,Dumas,Arkansas,EDGE,77.0,250.0,,,Dumas,AR,USA,"{'latitude': 33.8870477, 'longitude': -91.4917899, 'fipsCode': '05041'}"
255037,4880724,HighSchool,2021,,Riley Riethman,Nolan Catholic,Navy,K,70.0,170.0,,,Fort Worth,TX,USA,"{'latitude': 32.753177, 'longitude': -97.3327459, 'fipsCode': '48439'}"
255014,4880799,HighSchool,2021,,Ernesto Acuna,Clovis,New Mexico,LB,74.0,215.0,,,Clovis,NM,USA,"{'latitude': 34.405472, 'longitude': -103.2050709, 'fipsCode': '35009'}"
255093,4240478,HighSchool,2021,,Brennan Smith,Escambia,Austin Peay,IOL,75.0,286.0,,,Pensacola,FL,USA,"{'latitude': 30.421309, 'longitude': -87.2169149, 'fipsCode': '12033'}"
254922,4881431,HighSchool,2021,,Nelson Foley,Australian Institute of Sport,Miami,P,72.0,190.0,,,Canberra,SW,AUS,"{'latitude': None, 'longitude': None, 'fipsCode': None}"
255003,4711056,HighSchool,2021,,Nathan Tillman,Claxton,Georgia Southern,LS,74.0,220.0,,,Claxton,GA,USA,"{'latitude': 32.1615815, 'longitude': -81.9040047, 'fipsCode': '13109'}"
255489,4887160,HighSchool,2021,,Kedric Williams,Duncanville,Texas Southern,OT,76.0,270.0,,,Duncanville,TX,USA,"{'latitude': 32.6518004, 'longitude': -96.9083366, 'fipsCode': '48113'}"
255491,4887164,HighSchool,2021,,Calvin Henderson,Richwood,Texas Southern,WR,74.0,170.0,,,Monroe,LA,USA,"{'latitude': 32.5093109, 'longitude': -92.1193012, 'fipsCode': '22073'}"
255493,4886015,HighSchool,2021,,Kristos Fernandez,New Hyde Park Memorial,Long Island University,OT,77.0,280.0,,,New Hyde Park,NY,USA,"{'latitude': 40.7308451, 'longitude': -73.6805499, 'fipsCode': '36059'}"
255492,4887151,HighSchool,2021,,Andrew Body,Miller,Texas Southern,PRO,71.5,166.0,,,Corpus Christi,TX,USA,"{'latitude': 27.7477253, 'longitude': -97.4014129, 'fipsCode': '48355'}"
255308,4887430,HighSchool,2021,,Robert Jones III,DeMatha Catholic,Howard,WR,72.0,185.0,,,Hyattsville,MD,USA,"{'latitude': 38.9529442, 'longitude': -76.9408647, 'fipsCode': '24033'}"
255075,4889984,HighSchool,2021,,Seth Bullock,Dubuque Senior,Tulsa,LB,75.0,208.0,,,Dubuque,IA,USA,"{'latitude': 42.5006217, 'longitude': -90.6647967, 'fipsCode': '19061'}"
255221,5091793,HighSchool,2021,,Charles Demmings,Mesquite Horn,Stephen F. Austin,CB,74.0,180.0,,,Mesquite,TX,USA,"{'latitude': 32.7666103, 'longitude': -96.599472, 'fipsCode': '48113'}"
254932,4873079,HighSchool,2021,,Zach Lee,Bentonville,Arkansas,TE,76.0,241.0,,,Bentonville,AR,USA,"{'latitude': 36.3728538, 'longitude': -94.2088172, 'fipsCode': '05007'}"
255030,4710780,HighSchool,2021,,Denzel Lowry,Landstown,Old Dominion,DL,76.0,280.0,,,Virginia Beach,VA,USA,"{'latitude': 36.8529841, 'longitude': -75.9774183, 'fipsCode': '51810'}"
255457,4877563,HighSchool,2021,,Andreas Keaton,Hillgrove,Western Carolina,S,73.0,185.0,,,Powder Springs,GA,USA,"{'latitude': 33.8595492, 'longitude': -84.683824, 'fipsCode': '13067'}"
255501,4878785,HighSchool,2021,,Bryce Ganious,Westbury Christian School,Villanova,OC,74.0,270.0,,,Houston,TX,USA,"{'latitude': 29.7589382, 'longitude': -95.3676974, 'fipsCode': '48201'}"
255021,4872845,HighSchool,2021,,Carson Smith,South Point,East Carolina,K,71.0,175.0,,,Belmont,NC,USA,"{'latitude': 35.2438272, 'longitude': -81.0377322, 'fipsCode': '37071'}"
255301,4878809,HighSchool,2021,,CJ Hoffman,Westfield,Howard,ILB,73.0,215.0,,,Chantilly,VA,USA,"{'latitude': 38.8941543, 'longitude': -77.4311513, 'fipsCode': '51059'}"
255282,4877652,HighSchool,2021,,Jake Golday,Arlington,Central Arkansas,LB,76.0,190.0,,,Arlington,TN,USA,"{'latitude': 35.2964487, 'longitude': -89.6617313, 'fipsCode': '47157'}"
255304,4878814,HighSchool,2021,,Undre Lindsay,Gaffney,Howard,DUAL,75.0,200.0,,,Gaffney,SC,USA,"{'latitude': 35.0717945, 'longitude': -81.6498195, 'fipsCode': '45021'}"
255310,4878817,HighSchool,2021,,Robert Morgan IV,Louisa County,Howard,RB,70.0,200.0,,,Mineral,VA,USA,"{'latitude': 38.010695, 'longitude': -77.9086068, 'fipsCode': '51109'}"
255306,4878819,HighSchool,2021,,Xavier Robiou,North Miami Beach,Howard,WR,73.0,170.0,,,Miami,FL,USA,"{'latitude': 25.7742658, 'longitude': -80.1936589, 'fipsCode': '12086'}"
255315,4878820,HighSchool,2021,,Jamel Stewart,Thomas Jefferson,Howard,SDE,75.0,230.0,,,Richmond,VA,USA,"{'latitude': 37.5385087, 'longitude': -77.43428, 'fipsCode': '51760'}"
255444,4883680,HighSchool,2021,,Alijah Hamilton,Hahnville,McNeese,CB,71.0,180.0,,,Boutte,LA,USA,"{'latitude': 29.8951685, 'longitude': -90.38943007298417, 'fipsCode': '22089'}"
255485,4885986,HighSchool,2021,,Charles King,North Shore,Houston Christian,WR,72.0,182.0,,,Houston,TX,USA,"{'latitude': 29.7589382, 'longitude': -95.3676974, 'fipsCode': '48201'}"
255483,4886005,HighSchool,2021,,Rodney Dansby,Bellaire,Houston Christian,LB,72.0,225.0,,,Bellaire,TX,USA,"{'latitude': 29.7057858, 'longitude': -95.4588299, 'fipsCode': '48201'}"
255552,4877778,HighSchool,2021,,Jeff Yurk,Pinecrest,Elon,P,74.0,200.0,,,Southern Pines,NC,USA,"{'latitude': 35.1740471, 'longitude': -79.3922539, 'fipsCode': '37125'}"
255327,4888142,HighSchool,2021,,Jalen Thomas,Pope John Paul II Catholic,Grambling,DL,73.0,239.0,,,Slidell,LA,USA,"{'latitude': 30.2751945, 'longitude': -89.7811745, 'fipsCode': '22103'}"
255271,4876751,HighSchool,2021,,Deontre Morris,Therrell School Of Business And Entrepreneurship,Kennesaw State,S,71.0,185.0,,,Atlanta,GA,USA,"{'latitude': 33.7490987, 'longitude': -84.3901849, 'fipsCode': '13121'}"
255083,4731633,HighSchool,2021,,Draycen Hall,Higley,Northern Arizona,APB,68.0,170.0,,,Gilbert,AZ,USA,"{'latitude': 33.3527632, 'longitude': -111.7890373, 'fipsCode': '04013'}"
255183,4725519,HighSchool,2021,,Jalen Mann,Life High School,Incarnate Word,CB,72.0,175.0,,,Waxahachie,TX,USA,"{'latitude': 32.3944908, 'longitude': -96.8439365, 'fipsCode': '48139'}"
255045,4710761,HighSchool,2021,,Bailey Rice,Australia,Charlotte,P,72.0,200.0,,,Australia,,AUS,"{'latitude': None, 'longitude': None, 'fipsCode': None}"
255022,4710857,HighSchool,2021,,Janik Ogunlade,North Point,Buffalo,IOL,77.0,275.0,,,Waldorf,MD,USA,"{'latitude': 38.6263882, 'longitude': -76.9106581, 'fipsCode': '24017'}"
255057,4710794,HighSchool,2021,,Xander Echols,Chelsea,UAB,LS,72.0,195.0,,,Chelsea,AL,USA,"{'latitude': 33.3467195, 'longitude': -86.63644825, 'fipsCode': '01117'}"
255269,4876752,HighSchool,2021,,Garland Benyard,Irwin County,Kennesaw State,LB,74.0,180.0,,,Ocilla,GA,USA,"{'latitude': 31.5943567, 'longitude': -83.2504328, 'fipsCode': '13155'}"
254967,4874509,HighSchool,2021,,DJ Giddens,Junction City,Kansas State,RB,73.0,212.0,,,Junction City,KS,USA,"{'latitude': 39.0286093, 'longitude': -96.8313978, 'fipsCode': '20061'}"
255058,4710814,HighSchool,2021,,Haydn Kerr,Australia,UConn,P,74.0,195.0,,,Australia,,AUS,"{'latitude': None, 'longitude': None, 'fipsCode': None}"
255017,4709779,HighSchool,2021,,Christian Smith,Father Ryan,Eastern Michigan,WR,72.0,170.0,,,Nashville,TN,USA,"{'latitude': 36.1622296, 'longitude': -86.7743531, 'fipsCode': '47037'}"
255575,4877582,HighSchool,2021,,Amir Annoor,Brentwood Academy,Wofford,ATH,72.0,175.0,,,Brentwood,TN,USA,"{'latitude': 36.0325687, 'longitude': -86.7825235, 'fipsCode': '47187'}"
255555,,HighSchool,2021,,Amara Yobouet,Northeast,UAlbany,DT,72.0,255.0,,,Philadelphia,PA,USA,"{'latitude': 39.9527237, 'longitude': -75.1635262, 'fipsCode': '42101'}"
255556,,HighSchool,2021,,Jace Klucewich,Sentinel,Montana,ATH,70.0,170.0,,,Missoula,MT,USA,"{'latitude': 46.8701049, 'longitude': -113.9952672, 'fipsCode': '30063'}"
255557,,HighSchool,2021,,Kellen Detrick,Havre,Montana,LB,75.0,215.0,,,Havre,MT,USA,"{'latitude': 48.5536972, 'longitude': -109.677802, 'fipsCode': '30041'}"
255559,,HighSchool,2021,,Liam Brown,Sunset,Montana,OT,77.0,280.0,,,Portland,OR,USA,"{'latitude': 45.5202471, 'longitude': -122.6741949, 'fipsCode': '41051'}"
255560,,HighSchool,2021,,T.J. Rausch,Sentinel,Montana,WR,74.0,175.0,,,Missoula,MT,USA,"{'latitude': 46.8701049, 'longitude': -113.9952672, 'fipsCode': '30063'}"
255561,,HighSchool,2021,,Padraig Lang,Bozeman,Montana,S,73.0,185.0,,,Bozeman,MT,USA,"{'latitude': 45.6794293, 'longitude': -111.0440474, 'fipsCode': '30031'}"
255562,,HighSchool,2021,,Brady Lang,Bozeman,Montana,S,73.0,170.0,,,Bozeman,MT,USA,"{'latitude': 45.6794293, 'longitude': -111.0440474, 'fipsCode': '30031'}"
255563,,HighSchool,2021,,Geno Leonard,Sentinel,Montana,LB,71.0,215.0,,,Missoula,MT,USA,"{'latitude': 46.8701049, 'longitude': -113.9952672, 'fipsCode': '30063'}"
255564,,HighSchool,2021,,Zac Evans,Helena,Montana,ATH,72.0,230.0,,,Helena,MT,USA,"{'latitude': 46.5927425, 'longitude': -112.0362771, 'fipsCode': '30049'}"
255435,,HighSchool,2021,,Damien Owens,Notre Dame Preparatory,North Dakota,WR,73.0,160.0,,,Scottsdale,AZ,USA,"{'latitude': 33.4942189, 'longitude': -111.9260184, 'fipsCode': '04013'}"
255436,,HighSchool,2021,,Casey Schultz,Caledonia,North Dakota,SDE,76.0,230.0,,,Caledonia,MN,USA,"{'latitude': 43.6350469, 'longitude': -91.496387, 'fipsCode': '27055'}"
255437,,HighSchool,2021,,Edmund Ocansey,Champlin Park,North Dakota,CB,72.0,165.0,,,Champlin,MN,USA,"{'latitude': 45.1888539, 'longitude': -93.3974538, 'fipsCode': '27053'}"
255438,,HighSchool,2021,,Momen Zahid,Stone Bridge,William & Mary,DL,77.0,295.0,,,Ashburn,VA,USA,"{'latitude': 39.0437192, 'longitude': -77.4874899, 'fipsCode': '51107'}"
255439,,HighSchool,2021,,Davin Dzidzienyo,DeMatha Catholic,William & Mary,DT,75.0,300.0,,,Hyattsville,MD,USA,"{'latitude': 38.9529442, 'longitude': -76.9408647, 'fipsCode': '24033'}"
255440,,HighSchool,2021,,Keaton Altman,Brenham,McNeese,OT,77.0,275.0,,,Brenham,TX,USA,"{'latitude': 30.1668828, 'longitude': -96.3977442, 'fipsCode': '48477'}"
255441,,HighSchool,2021,,Micah Davey,University Lab,McNeese,LB,72.0,235.0,,,Baton Rouge,LA,USA,"{'latitude': 30.4459596, 'longitude': -91.18738, 'fipsCode': '22033'}"
255442,,HighSchool,2021,,Eli Goss,Westlake,McNeese,SDE,75.0,260.0,,,Westlake,LA,USA,"{'latitude': 30.2421496, 'longitude': -93.2507099, 'fipsCode': '48121'}"
255443,,HighSchool,2021,,Travis Walker Jr.,Landry-Walker,McNeese,CB,74.0,186.0,,,New Orleans,LA,USA,"{'latitude': 29.9499323, 'longitude': -90.0701156, 'fipsCode': '22071'}"
255445,,HighSchool,2021,,Jeremiah Frazier,Pike Road,Tennessee State,IOL,75.0,315.0,,,Pike Road,AL,USA,"{'latitude': 32.272931, 'longitude': -86.15018999518217, 'fipsCode': '01101'}"
255447,,HighSchool,2021,,Sincere Littles,Riverview,Tennessee State,DT,74.0,260.0,,,Sarasota,FL,USA,"{'latitude': 27.3364347, 'longitude': -82.5306527, 'fipsCode': '12115'}"
255448,,HighSchool,2021,,Torey Morrison,Booker T. Washington,Tennessee State,DUAL,68.0,140.0,,,Miami,FL,USA,"{'latitude': 25.7742658, 'longitude': -80.1936589, 'fipsCode': '12086'}"
255449,,HighSchool,2021,,Darius Bell,Clearwater Academy International,Maine,OT,76.0,300.0,,,Clearwater,FL,USA,"{'latitude': 27.9658533, 'longitude': -82.8001026, 'fipsCode': '12103'}"
255452,,HighSchool,2021,,Darius McKenzie,Clearwater Academy International,Maine,LB,74.0,220.0,,,Clearwater,FL,USA,"{'latitude': 27.9658533, 'longitude': -82.8001026, 'fipsCode': '12103'}"
255453,,HighSchool,2021,,Shymell Davis,Wyoming Seminary Prep,Maine,DL,75.0,265.0,,,Kingston,PA,USA,"{'latitude': 41.2617481, 'longitude': -75.8968635, 'fipsCode': '42079'}"
255454,,HighSchool,2021,,Xavier Holmes,Clarksburg,Maine,DL,75.0,245.0,,,Clarksburg,MD,USA,"{'latitude': 39.2387164, 'longitude': -77.2794288, 'fipsCode': '24031'}"
255455,,HighSchool,2021,,Antonio Corsi,St. Francis,Maine,TE,75.0,238.0,,,Attica,NY,USA,"{'latitude': 42.8642267, 'longitude': -78.2802946, 'fipsCode': '36121'}"
255456,,HighSchool,2021,,Dramarian McNulty,Niceville,Western Carolina,CB,72.0,180.0,,,Niceville,FL,USA,"{'latitude': 30.5168639, 'longitude': -86.482172, 'fipsCode': '12091'}"
255458,,HighSchool,2021,,Brandon Smiley,Riverside,Western Carolina,DL,74.0,307.0,,,Durham,NC,USA,"{'latitude': 35.996653, 'longitude': -78.9018053, 'fipsCode': '37063'}"
255459,,HighSchool,2021,,Davis Ridings,Prince Avenue Christian School,Western Carolina,ILB,73.0,220.0,,,Bogart,GA,USA,"{'latitude': 33.949281, 'longitude': -83.534608, 'fipsCode': '13219'}"
255460,,HighSchool,2021,,Ethan Tyla,Fairfield,Southern Illinois,IOL,75.0,280.0,,,Fairfield,OH,USA,"{'latitude': 39.3458953, 'longitude': -84.5605031, 'fipsCode': '39017'}"
255461,,HighSchool,2021,,Jalen Bates,Oak Park and River Forest,Southern Illinois,CB,73.0,165.0,,,Oak Park,IL,USA,"{'latitude': 41.8878145, 'longitude': -87.7887615, 'fipsCode': '17031'}"
255462,,HighSchool,2021,,Caden Reeves,St. Thomas Aquinas,Southern Illinois,DL,75.0,260.0,,,Lenexa,KS,USA,"{'latitude': 38.9697458, 'longitude': -94.7845837, 'fipsCode': '20091'}"
255353,,HighSchool,2021,,Kyle Ecker,San Ramon Valley,San Diego,OT,77.0,275.0,,,Danville,CA,USA,"{'latitude': 37.8215929, 'longitude': -121.9999606, 'fipsCode': '06013'}"
255354,,HighSchool,2021,,Josh Heverly,Amador Valley,San Diego,ATH,73.0,190.0,,,Pleasanton,CA,USA,"{'latitude': 37.6624312, 'longitude': -121.8746789, 'fipsCode': '06001'}"
255565,,HighSchool,2021,,Jessie Brown,Olympic,Portland State,DT,74.0,240.0,,,Bremerton,WA,USA,"{'latitude': 47.5653663, 'longitude': -122.6246836, 'fipsCode': '53035'}"
255566,,HighSchool,2021,,Ryan Young,Brookwood,Campbell,IOL,75.0,295.0,,,Snellville,GA,USA,"{'latitude': 33.857328, 'longitude': -84.0199108, 'fipsCode': '13135'}"
255567,,HighSchool,2021,,Quincy Pugh,Middle Creek,Campbell,WDE,75.0,235.0,,,Apex,NC,USA,"{'latitude': 35.7325352, 'longitude': -78.8505516, 'fipsCode': '37183'}"
255568,,HighSchool,2021,,Joshua Lyles,Seminole,Campbell,DL,73.0,275.0,,,Sanford,FL,USA,"{'latitude': 28.8117297, 'longitude': -81.2680345, 'fipsCode': '12117'}"
255569,,HighSchool,2021,,Greyson Houchins,Hough,Campbell,OT,78.0,287.0,,,Cornelius,NC,USA,"{'latitude': 35.4817982, 'longitude': -80.8589501, 'fipsCode': '37119'}"
255570,,HighSchool,2021,,Antonio McFadden,Whiteville,Campbell,TE,75.0,225.0,,,Whiteville,NC,USA,"{'latitude': 34.3387802, 'longitude': -78.7030721, 'fipsCode': '37047'}"
255572,,HighSchool,2021,,Tavoris Miller,South Miami Senior,Campbell,ATH,72.0,160.0,,,Miami,FL,USA,"{'latitude': 25.7742658, 'longitude': -80.1936589, 'fipsCode': '12086'}"
255573,,HighSchool,2021,,Hunter Gfell,Cocoa,Wofford,OG,74.0,270.0,,,Cocoa,FL,USA,"{'latitude': 28.3553873, 'longitude': -80.7318827, 'fipsCode': '12009'}"
255574,,HighSchool,2021,,Austin Drinkwater,Mount Dora Christian Academy,Wofford,OT,76.0,300.0,,,Mount Dora,FL,USA,"{'latitude': 28.818746750000003, 'longitude': -81.64585723799206, 'fipsCode': '12069'}"
255576,,HighSchool,2021,,Kyle Watkins,Carolina Forest,Wofford,ATH,72.0,170.0,,,Myrtle Beach,SC,USA,"{'latitude': 33.6956461, 'longitude': -78.8900409, 'fipsCode': '45051'}"
255463,,HighSchool,2021,,Jon Nalley,Daviess County,Southern Illinois,OT,78.0,295.0,,,Owensboro,KY,USA,"{'latitude': 37.7742152, 'longitude': -87.1133304, 'fipsCode': '21059'}"
255464,,HighSchool,2021,,Bullet Pryor,Jones,Southern Illinois,CB,,,,,Orlando,FL,USA,"{'latitude': 28.5421109, 'longitude': -81.3790304, 'fipsCode': '12095'}"
255465,,HighSchool,2021,,TyJuan Atkins,Cardinal Ritter College Prep,Southern Illinois,WR,73.0,185.0,,,St. Louis,MO,USA,"{'latitude': 38.6268039, 'longitude': -90.1994097, 'fipsCode': '29510'}"
255466,,HighSchool,2021,,Kaniji Chandler,Pinson Valley,Southern Illinois,LB,71.0,185.0,,,Pinson,AL,USA,"{'latitude': 33.706205, 'longitude': -86.67007895992774, 'fipsCode': '01073'}"
255467,,HighSchool,2021,,Hunter Simmons,Marion,Southern Illinois,QB,75.0,215.0,,,Marion,IL,USA,"{'latitude': None, 'longitude': None, 'fipsCode': None}"
255468,,HighSchool,2021,,Cejai Parson,White Station,Southern Illinois,S,73.0,165.0,,,Memphis,TN,USA,"{'latitude': 35.1490215, 'longitude': -90.0516285, 'fipsCode': '47157'}"
255469,,HighSchool,2021,,Keshawn Brown,Champagnat Catholic - Hialeah,Duquesne,ATH,68.0,150.0,,,Hialeah,FL,USA,"{'latitude': 25.8575963, 'longitude': -80.2781057, 'fipsCode': '12086'}"
255470,,HighSchool,2021,,Jamario Clements,Lafayette,Duquesne,RB,71.0,190.0,,,LaFayette,GA,USA,"{'latitude': 34.7116985, 'longitude': -85.28054634169581, 'fipsCode': '13295'}"
255471,,HighSchool,2021,,Abdul Janneh,New Oxford,Duquesne,WR,75.0,180.0,,,New Oxford,PA,USA,"{'latitude': 39.8638759, 'longitude': -77.0558481, 'fipsCode': '42001'}"
255472,,HighSchool,2021,,Ayden Garnes,Monsignor Bonner,Duquesne,S,72.0,162.0,,,Drexel Hill,PA,USA,"{'latitude': 39.9470567, 'longitude': -75.2921301, 'fipsCode': '42045'}"
255473,,HighSchool,2021,,Javin Whatley,Rockmart,Chattanooga,WR,72.0,170.0,,,Rockmart,GA,USA,"{'latitude': 34.0026005, 'longitude': -85.0416133, 'fipsCode': '13233'}"
255474,,HighSchool,2021,,Christian Anderson,Cedar Grove,Chattanooga,OT,78.0,270.0,,,Ellenwood,GA,USA,"{'latitude': 33.6101096, 'longitude': -84.287978, 'fipsCode': '13063'}"
255475,,HighSchool,2021,,Josh Battle,Mill Creek,Chattanooga,S,73.0,190.0,,,Hoschton,GA,USA,"{'latitude': 34.096496, 'longitude': -83.7612839, 'fipsCode': '13157'}"
255476,,HighSchool,2021,,Sam Phillips,Cartersville,Chattanooga,WR,69.0,185.0,,,Cartersville,GA,USA,"{'latitude': 34.1650972, 'longitude': -84.7999383, 'fipsCode': '13015'}"
255477,,HighSchool,2021,,Davion Hood,Harrison,East Tennessee State,EDGE,75.0,235.0,,,Kennesaw,GA,USA,"{'latitude': 34.0234337, 'longitude': -84.6154897, 'fipsCode': '13067'}"
255478,,HighSchool,2021,,Adriel Clark,Rabun County,East Tennessee State,WR,76.0,185.0,,,Tiger,GA,USA,"{'latitude': 34.8470372, 'longitude': -83.4329399, 'fipsCode': '13241'}"
255479,,HighSchool,2021,,Sam Franklin,Little Rock Central,UT Martin,RB,69.0,170.0,,,Little Rock,AR,USA,"{'latitude': 34.7464809, 'longitude': -92.2895948, 'fipsCode': '05119'}"
255480,,HighSchool,2021,,JaMichael McGoy,Boyd-Buchanan,UT Martin,CB,70.0,170.0,,,Chattanooga,TN,USA,"{'latitude': 35.0457219, 'longitude': -85.3094883, 'fipsCode': '47065'}"
255481,,HighSchool,2021,,Andrew Alvarado,Robert Vela,Houston Christian,OT,76.5,265.0,,,Edinburg,TX,USA,"{'latitude': 26.3013982, 'longitude': -98.1624501, 'fipsCode': '48215'}"
255482,,HighSchool,2021,,Alpha Khan,Mayde Creek,Houston Christian,CB,72.0,165.0,,,Houston,TX,USA,"{'latitude': 29.7589382, 'longitude': -95.3676974, 'fipsCode': '48201'}"
255484,,HighSchool,2021,,Zae Smith,Clear Springs,Houston Christian,DL,73.0,270.0,,,League City,TX,USA,"{'latitude': 29.5074538, 'longitude': -95.0949303, 'fipsCode': '48167'}"
255486,,HighSchool,2021,,Tristin Drones-Mouton,Fort Bend Marshall,Houston Christian,SDE,73.0,251.0,,,Missouri City,TX,USA,"{'latitude': 29.6185669, 'longitude': -95.5377215, 'fipsCode': '48157'}"
255487,,HighSchool,2021,,Orion Olivas,El Paso Eastlake,Houston Christian,PRO,73.0,180.0,,,El Paso,TX,USA,"{'latitude': 31.7754152, 'longitude': -106.4646348, 'fipsCode': '48141'}"
255488,,HighSchool,2021,,Kelton Wright,Lufkin,Texas Southern,WR,73.0,180.0,,,Lufkin,TX,USA,"{'latitude': 31.3386242, 'longitude': -94.7288558, 'fipsCode': '48005'}"
255490,,HighSchool,2021,,Caleb Arnold,Texas High,Texas Southern,WR,73.0,175.0,,,Texarkana,TX,USA,"{'latitude': 33.44628645, 'longitude': -94.07638067493534, 'fipsCode': '48037'}"
255494,,HighSchool,2021,,Ara Rauls,Waco La Vega,Northwestern State,S,70.0,165.0,,,Waco,TX,USA,"{'latitude': 31.549333, 'longitude': -97.1466695, 'fipsCode': '48309'}"
255495,,HighSchool,2021,,Waymon Smith,DeSoto,Northwestern State,DL,72.0,280.0,,,Desoto,TX,USA,"{'latitude': 32.6061241, 'longitude': -96.865612653687, 'fipsCode': '48113'}"
255496,,HighSchool,2021,,Dylan Fluellen,Gilmer,Northwestern State,WR,73.0,177.0,,,Gilmer,TX,USA,"{'latitude': 32.7312256, 'longitude': -94.9469309, 'fipsCode': '48459'}"
255497,,HighSchool,2021,,Donovan Hoilette Jr.,Palm Beach Central,Richmond,LB,75.0,198.0,,,Wellington,FL,USA,"{'latitude': 26.63799875, 'longitude': -80.25590780868578, 'fipsCode': '12099'}"
255498,,HighSchool,2021,,Keith Gouveia,Sherando,Richmond,IOL,76.0,305.0,,,Stephens City,VA,USA,"{'latitude': 39.0834398, 'longitude': -78.2180567, 'fipsCode': '51069'}"
255499,,HighSchool,2021,,Bryson Parker,Weddington,Richmond,S,70.0,188.0,,,Matthews,NC,USA,"{'latitude': 35.1170873, 'longitude': -80.723718, 'fipsCode': '37119'}"
255500,,HighSchool,2021,,Kyle Wickersham,Archbishop Rummel,Richmond,PRO,75.0,218.0,,,Metairie,LA,USA,"{'latitude': 30.001852, 'longitude': -90.1767149159888, 'fipsCode': '22051'}"
255502,,HighSchool,2021,,Chantz Harley,Landon School,Villanova,ATH,73.0,170.0,,,Bethesda,MD,USA,"{'latitude': 38.9819845, 'longitude': -77.12423413116392, 'fipsCode': '24031'}"
255503,,HighSchool,2021,,Stephane Voltaire,Tabor Academy,Villanova,OT,77.0,285.0,,,Marion,MA,USA,"{'latitude': 41.7001043, 'longitude': -70.7628129, 'fipsCode': '25023'}"
255504,,HighSchool,2021,,Irene Ngabonziza,Nolan Catholic,Villanova,WR,70.0,165.0,,,Fort Worth,TX,USA,"{'latitude': 32.753177, 'longitude': -97.3327459, 'fipsCode': '48439'}"
255505,,HighSchool,2021,,Shane Hartzell,Pennridge,Villanova,ILB,71.0,207.0,,,Perkasie,PA,USA,"{'latitude': 40.372048, 'longitude': -75.292676, 'fipsCode': '42017'}"
255506,,HighSchool,2021,,Ryan Ruane,Rumson-Fair Haven,Holy Cross,ATH,73.0,185.0,,,Rumson,NJ,USA,"{'latitude': 40.372054, 'longitude': -73.9990269, 'fipsCode': '34025'}"
255507,,HighSchool,2021,,Jacob Petersen,Richmond-Burton,Holy Cross,TE,76.0,220.0,,,Richmond,IL,USA,"{'latitude': 42.4758522, 'longitude': -88.3059251, 'fipsCode': '51760'}"
255508,,HighSchool,2021,,Jake Jarmolowich,Delbarton School,Holy Cross,ATH,74.0,185.0,,,Morristown,NJ,USA,"{'latitude': 40.7970384, 'longitude': -74.4809492, 'fipsCode': '34027'}"
255509,,HighSchool,2021,,Jordan Fuller,The Governors Academy,Holy Cross,RB,72.0,225.0,,,Byfield,MA,USA,"{'latitude': 42.7598138, 'longitude': -70.9481097, 'fipsCode': '25009'}"
255510,,HighSchool,2021,,Curtis Harris-Lopez,Nashua North,Holy Cross,CB,71.5,168.0,,,Nashua,NH,USA,"{'latitude': 42.7653662, 'longitude': -71.467566, 'fipsCode': '33011'}"
255511,,HighSchool,2021,,Joe Pesansky,Tampa Jesuit,Holy Cross,QB,76.0,225.0,,,Tampa,FL,USA,"{'latitude': 27.9477595, 'longitude': -82.458444, 'fipsCode': '12057'}"
255512,,HighSchool,2021,,Eddy Cachon,Gulliver Prep,Holy Cross,OG,75.0,260.0,,,Miami,FL,USA,"{'latitude': 25.7742658, 'longitude': -80.1936589, 'fipsCode': '12086'}"
255513,,HighSchool,2021,,Mark Gorbatenko,Clear Creek Amana,Lafayette,SDE,78.0,245.0,,,Tiffin,IA,USA,"{'latitude': 41.7058469, 'longitude': -91.6629498, 'fipsCode': '19103'}"
255514,,HighSchool,2021,,Ryder Langsdale,Ridgewood,Lafayette,OT,79.0,298.0,,,Glen Rock,NJ,USA,"{'latitude': 40.9628758, 'longitude': -74.1329208, 'fipsCode': '34003'}"
255515,,HighSchool,2021,,Dallas Holmes,Wyoming Seminary Prep,Lafayette,TE,77.0,238.0,,,Kingston,PA,USA,"{'latitude': 41.2617481, 'longitude': -75.8968635, 'fipsCode': '42079'}"
255516,,HighSchool,2021,,Tyler Roberts,Valley Christian,Lafayette,ATH,76.0,240.0,,,San Jose,CA,USA,"{'latitude': 37.3361905, 'longitude': -121.8905833, 'fipsCode': '06085'}"
255518,,HighSchool,2021,,Jayden Loving,Hamilton,Bethune-Cookman,DL,74.0,280.0,,,Hamilton,AL,USA,"{'latitude': 34.1423235, 'longitude': -87.9886438, 'fipsCode': '01093'}"
255520,,HighSchool,2021,,Jaylen Dotson,Our Lady of Good Counsel,Monmouth,CB,70.0,180.0,,,Olney,MD,USA,"{'latitude': 39.1532123, 'longitude': -77.0668408, 'fipsCode': '24031'}"
255521,,HighSchool,2021,,John England,Hammond,Monmouth,S,74.0,175.0,,,Columbia,MD,USA,"{'latitude': 39.193919550000004, 'longitude': -76.87477229012376, 'fipsCode': '24027'}"
255125,4882128,HighSchool,2021,,Henry Daniel,South Granville Of Engineering And Applied St,North Carolina A&T,SDE,74.0,225.0,,,Creedmoor,NC,USA,"{'latitude': None, 'longitude': None, 'fipsCode': None}"
255117,4882093,HighSchool,2021,,Bhayshul Tuten,Paulsboro,North Carolina A&T,RB,71.0,195.0,,,Paulsboro,NJ,USA,"{'latitude': 39.830391, 'longitude': -75.2404608, 'fipsCode': '34015'}"
255126,4882086,HighSchool,2021,,Zach Yeager,Minneapolis North,North Carolina A&T,DUAL,74.0,200.0,,,Minneapolis,MN,USA,"{'latitude': 44.9772995, 'longitude': -93.2654692, 'fipsCode': '27053'}"
255119,4882122,HighSchool,2021,,Sterling Berkhalter,Georgia Prep Sports Academy,North Carolina A&T,WR,76.0,186.0,,,Atlanta,GA,USA,"{'latitude': 33.7490987, 'longitude': -84.3901849, 'fipsCode': '13121'}"
255035,4880686,HighSchool,2021,,Jianni Woodson-Brooks,Woodberry Forest,Navy,LB,72.0,220.0,,,Woodberry Forest,VA,USA,"{'latitude': 35.1668118, 'longitude': -80.7514585, 'fipsCode': '37119'}"
255034,4880675,HighSchool,2021,,Rayuan Lane III,Gilman,Navy,S,71.0,175.0,,,Baltimore,MD,USA,"{'latitude': 39.2908816, 'longitude': -76.610759, 'fipsCode': '24510'}"
255175,4880638,HighSchool,2021,,Kye Robichaux,Glenwood School,Western Kentucky,RB,72.0,215.0,,,Phenix City,AL,USA,"{'latitude': 32.4709761, 'longitude': -85.0007653, 'fipsCode': '01113'}"
255002,4880253,HighSchool,2021,,Robert Floyd Jr.,University School,Colorado State,WR,67.5,160.0,,,Fort Lauderdale,FL,USA,"{'latitude': 26.1223084, 'longitude': -80.1433786, 'fipsCode': '12011'}"
255054,4879961,HighSchool,2021,,Cade Patton,Allen,Army,CB,71.0,175.0,,,Allen,TX,USA,"{'latitude': 33.1031744, 'longitude': -96.6705503, 'fipsCode': '48085'}"
255451,4877862,HighSchool,2021,,Kahzir Brown,Trenton Central,Maine,CB,75.0,210.0,,,Trenton,NJ,USA,"{'latitude': 40.2170575, 'longitude': -74.7429463, 'fipsCode': '34021'}"
255386,4876577,HighSchool,2021,,TJ Ruff,Crest,Charleston Southern,ATH,70.0,175.0,,,Shelby,NC,USA,"{'latitude': 35.2919489, 'longitude': -81.5402112, 'fipsCode': '37045'}"
255571,4876566,HighSchool,2021,,R.J. Jackson,Anson,Campbell,WR,72.0,180.0,,,Wadesboro,NC,USA,"{'latitude': 34.9682097, 'longitude': -80.0767266, 'fipsCode': '37007'}"
255146,4876120,HighSchool,2021,,Adam Garwood,Los Gatos,Cal Poly,ATH,69.0,165.0,,,Los Gatos,CA,USA,"{'latitude': 37.226611, 'longitude': -121.9746797, 'fipsCode': '06085'}"
255073,4875625,HighSchool,2021,,D'Andre Randolph,Alta,Utah State,WR,74.0,185.0,,,Sandy,UT,USA,"{'latitude': 40.5664878, 'longitude': -111.838904, 'fipsCode': '49035'}"
254992,4875611,HighSchool,2021,,Jay Barry Jr.,Fairview,Florida International,WR,74.0,185.0,,,Boulder,CO,USA,"{'latitude': 40.0149856, 'longitude': -105.2705456, 'fipsCode': '08013'}"
255129,4698308,HighSchool,2021,,Brett Tommasini,Eagle,Idaho,LB,74.0,205.0,,,Eagle,ID,USA,"{'latitude': 43.6954424, 'longitude': -116.3540138, 'fipsCode': '16001'}"
255303,4697543,HighSchool,2021,,Broadus Brown,Paramus Catholic,Howard,DT,71.0,270.0,,,Paramus,NJ,USA,"{'latitude': 40.9452911, 'longitude': -74.0735899, 'fipsCode': '34003'}"
254955,4574833,HighSchool,2021,,Devonta Davis,Bullock County,Jackson State,DL,75.0,296.0,,,Union Springs,AL,USA,"{'latitude': 32.144316, 'longitude': -85.7149495, 'fipsCode': '01011'}"
255293,4383350,HighSchool,2021,,Bryson Williams,Cardinal Gibbons,Samford,TE,73.0,195.0,,,Fort Lauderdale,FL,USA,"{'latitude': 26.1223084, 'longitude': -80.1433786, 'fipsCode': '12011'}"
255025,4373396,HighSchool,2021,,Abraham Alce,Dodge City,UL Monroe,RB,72.0,224.0,,,Dodge City,KS,USA,"{'latitude': 37.7527982, 'longitude': -100.0170787, 'fipsCode': '20057'}"
255005,4875755,HighSchool,2021,,Mason King,Centralia,Northern Illinois,RB,74.0,220.0,,,Centralia,IL,USA,"{'latitude': 38.5250491, 'longitude': -89.1334037, 'fipsCode': '17121'}"
254984,4875604,HighSchool,2021,,Phoenix Jackson,Central Catholic,Fresno State,LB,72.0,220.0,,,Modesto,CA,USA,"{'latitude': 37.6390972, 'longitude': -120.9968782, 'fipsCode': '06099'}"
255050,4879561,HighSchool,2021,,Skyler Thomas,Menlo-Atherton,Oregon State,CB,74.0,160.0,,,Menlo Park,CA,USA,"{'latitude': 37.4519671, 'longitude': -122.1779927, 'fipsCode': '06081'}"
255182,4725514,HighSchool,2021,,Reggie Branch,Crosby,Incarnate Word,ATH,73.0,180.0,,,Crosby,TX,USA,"{'latitude': 29.9118885, 'longitude': -95.0621941, 'fipsCode': '48201'}"
254985,4873319,HighSchool,2021,,Kenenna Odeluga,Mount Carmel,Illinois,ATH,72.0,210.0,,,Chicago,IL,USA,"{'latitude': 41.8755616, 'longitude': -87.6244212, 'fipsCode': '17031'}"
255517,4877357,HighSchool,2021,,Eddie Walls III,South Fort Myers,Bethune-Cookman,EDGE,76.0,230.0,,,Fort Myers,FL,USA,"{'latitude': 26.640628, 'longitude': -81.8723084, 'fipsCode': '12071'}"
254929,4875108,HighSchool,2021,,Jack Howes,Edgewater,Maryland,K,73.0,202.0,,,Orlando,FL,USA,"{'latitude': 28.5421109, 'longitude': -81.3790304, 'fipsCode': '12095'}"
255041,4880171,HighSchool,2021,,Victor Vazquez,G. Holmes Braddock Senior,Bowling Green,WR,,,,,Miami,FL,USA,"{'latitude': 25.7742658, 'longitude': -80.1936589, 'fipsCode': '12086'}"
255446,4893878,HighSchool,2021,,Jalen McClendon,Chamberlain,Tennessee State,CB,72.0,175.0,,,Tampa,FL,USA,"{'latitude': 27.9477595, 'longitude': -82.458444, 'fipsCode': '12057'}"
254917,4875583,HighSchool,2021,,Reis Stocksdale,Little Miami,Ohio State,WR,70.0,185.0,,,Morrow,OH,USA,"{'latitude': None, 'longitude': None, 'fipsCode': None}"
254938,4875340,HighSchool,2021,,Davon Banks,San Jacinto,Washington,CB,72.0,185.0,,,San Jacinto,CA,USA,"{'latitude': 33.7839664, 'longitude': -116.9589086, 'fipsCode': '06065'}"
255524,,HighSchool,2021,,Chris Victor,Terry Parker,Mississippi Valley State,EDGE,75.0,185.0,,,Jacksonville,FL,USA,"{'latitude': 30.3321838, 'longitude': -81.655651, 'fipsCode': '12031'}"
255434,,HighSchool,2021,,Trey Feeney,Moorhead,North Dakota,DUAL,74.0,180.0,,,Moorhead,MN,USA,"{'latitude': 46.8739081, 'longitude': -96.7538674, 'fipsCode': '27027'}"
255522,,HighSchool,2021,,Da'Shun Tanner,Central Catholic,Youngstown State,S,71.0,185.0,,,Toledo,OH,USA,"{'latitude': 41.6786754, 'longitude': -83.5127283, 'fipsCode': '39095'}"
255433,,HighSchool,2021,,Gaven Ziebarth,Cambridge-Isanti,North Dakota,RB,72.0,200.0,,,Cambridge,MN,USA,"{'latitude': None, 'longitude': None, 'fipsCode': None}"
255432,,HighSchool,2021,,Jaden Norby,West Central Area,North Dakota,TE,76.0,240.0,,,Barrett,MN,,"{'latitude': None, 'longitude': None, 'fipsCode': None}"
255431,,HighSchool,2021,,Sam Hagen,Park River-Fordville/Lankin,North Dakota,OT,78.0,325.0,,,Park River,ND,USA,"{'latitude': 48.3986043, 'longitude': -97.7411999, 'fipsCode': '38099'}"
255430,,HighSchool,2021,,CJ Marsh,Katy,Sam Houston,OT,76.0,270.0,,,Katy,TX,USA,"{'latitude': 29.7857853, 'longitude': -95.8243956, 'fipsCode': '48157'}"
255429,,HighSchool,2021,,Weston Stephens,Lake Travis,Sam Houston,RB,70.0,175.0,,,Austin,TX,USA,"{'latitude': 30.2711286, 'longitude': -97.7436995, 'fipsCode': '48453'}"
255428,,HighSchool,2021,,Ryder Wall,Fort Bend Travis,Sam Houston,IOL,75.0,270.0,,,Richmond,TX,USA,"{'latitude': 29.5821811, 'longitude': -95.7607832, 'fipsCode': '48157'}"
255352,,HighSchool,2021,,Justus Del Rio,Capital,San Diego,CB,72.0,155.0,,,Boise,ID,USA,"{'latitude': 43.6166163, 'longitude': -116.200886, 'fipsCode': '16001'}"
255427,,HighSchool,2021,,Christian Williams,Parkview Baptist School,Sam Houston,S,68.5,167.0,,,Baton Rouge,LA,USA,"{'latitude': 30.4459596, 'longitude': -91.18738, 'fipsCode': '22033'}"
255351,,HighSchool,2021,,Giulio Fernandes,El Toro,San Diego,LB,73.0,220.0,,,Lake Forest,CA,USA,"{'latitude': 33.6469261, 'longitude': -117.6859213, 'fipsCode': '06059'}"
255426,,HighSchool,2021,,Marcus Collins,Magnolia West,Sam Houston,TE,75.0,225.0,,,Magnolia,TX,USA,"{'latitude': 30.2093794, 'longitude': -95.7507815, 'fipsCode': '48339'}"
255425,,HighSchool,2021,,Emon Allen,Vista Ridge,Sam Houston,CB,69.0,160.0,,,Cedar Park,TX,USA,"{'latitude': 30.5217116, 'longitude': -97.827833, 'fipsCode': '48491'}"
255350,,HighSchool,2021,,Jackson Harmon,South Anchorage,Montana State,CB,74.25,180.0,,,Anchorage,AK,USA,"{'latitude': 61.2163129, 'longitude': -149.8948523, 'fipsCode': '02020'}"
255424,,HighSchool,2021,,Cameron Plummer,Fort Bend Ridge Point,Sam Houston,EDGE,77.0,220.0,,,Missouri City,TX,USA,"{'latitude': 29.6185669, 'longitude': -95.5377215, 'fipsCode': '48157'}"
255423,,HighSchool,2021,,Donovan Adkins,Kilgore,Sam Houston,ATH,71.0,180.0,,,Kilgore,TX,USA,"{'latitude': 32.3860733, 'longitude': -94.8758518, 'fipsCode': '48183'}"
255422,,HighSchool,2021,,Maize Washington,Alief Taylor,Sam Houston,DT,73.0,245.0,,,Houston,TX,USA,"{'latitude': 29.7589382, 'longitude': -95.3676974, 'fipsCode': '48201'}"
255349,,HighSchool,2021,,Jace Fisher,Troy,Montana State,DL,77.0,305.0,,,Troy,MT,USA,"{'latitude': 48.4615199, 'longitude': -115.8949854, 'fipsCode': '30053'}"
255421,,HighSchool,2021,,Shane Johnson,San Antonio Johnson,Sam Houston,WR,74.0,185.0,,,SAN ANTONIO,TX,USA,"{'latitude': 29.4246002, 'longitude': -98.4951405, 'fipsCode': '48029'}"
255420,,HighSchool,2021,,John Mathis,Red Oak,Sam Houston,DT,73.0,280.0,,,Red Oak,TX,USA,"{'latitude': 32.5117104, 'longitude': -96.80836332870047, 'fipsCode': '48139'}"
255348,,HighSchool,2021,,Simeon Woodard,San Antonio Veterans Memorial,Montana State,CB,69.0,164.0,,,SAN ANTONIO,TX,USA,"{'latitude': 29.4246002, 'longitude': -98.4951405, 'fipsCode': '48029'}"
255419,,HighSchool,2021,,Kavian Gaither,Waco Connally,Sam Houston,S,71.0,180.0,,,Waco,TX,USA,"{'latitude': 31.549333, 'longitude': -97.1466695, 'fipsCode': '48309'}"
255418,,HighSchool,2021,,KeSean Raven,Rockdale,Sam Houston,WR,69.0,155.0,,,Rockdale,TX,USA,"{'latitude': 30.6549433, 'longitude': -97.0058245, 'fipsCode': '48331'}"
255346,,HighSchool,2021,,Aaron Gerle,Greenway,Montana State,DT,,,,,Phoenix,AZ,USA,"{'latitude': 33.4484367, 'longitude': -112.0741417, 'fipsCode': '04013'}"
255417,,HighSchool,2021,,Kamren Washington,Mansfield Summit,Sam Houston,DL,73.0,260.0,,,Arlington,TX,USA,"{'latitude': 32.701938999999996, 'longitude': -97.10562379033699, 'fipsCode': '48439'}"
255345,,HighSchool,2021,,Hunter Parsons,Spanish Springs,Montana State,OLB,76.0,220.0,,,Sparks,NV,USA,"{'latitude': 39.5404679, 'longitude': -119.7487235, 'fipsCode': '32031'}"
255416,,HighSchool,2021,,Zach Hrbacek,Troy,Sam Houston,RB,67.0,165.0,,,Troy,TX,USA,"{'latitude': 31.2046542, 'longitude': -97.3003176, 'fipsCode': '48027'}"
255344,,HighSchool,2021,,Luke Fedyk,Bozeman,Montana State,LB,73.0,210.0,,,Bozeman,MT,USA,"{'latitude': 45.6794293, 'longitude': -111.0440474, 'fipsCode': '30031'}"
255415,,HighSchool,2021,,David Fisher,Pearland Dawson,Sam Houston,CB,70.0,170.0,,,Pearland,TX,USA,"{'latitude': 29.5639758, 'longitude': -95.2864299, 'fipsCode': '48039'}"
255414,,HighSchool,2021,,Jadon Cardell,Cedar Hill,Sam Houston,K,72.0,215.0,,,Cedar Hill,TX,USA,"{'latitude': 32.5888072, 'longitude': -96.9553675, 'fipsCode': '48113'}"
255343,,HighSchool,2021,,Zack Black,Rocky Mountain,Montana State,WDE,75.0,245.0,,,Meridian,ID,USA,"{'latitude': 43.6086295, 'longitude': -116.392326, 'fipsCode': '16001'}"
255413,,HighSchool,2021,,Matthew Aribisala,Air Force Prep,Sam Houston,EDGE,74.0,229.0,,,U S A F Academy,CO,USA,"{'latitude': None, 'longitude': None, 'fipsCode': None}"
255342,,HighSchool,2021,,Eli Aby,Laurel,Montana State,ATH,74.0,185.0,,,Laurel,MT,USA,"{'latitude': None, 'longitude': None, 'fipsCode': None}"
255412,,HighSchool,2021,,Jamin Godwin-Ali,Katy Paetow,Prairie View A&M,WR,73.0,180.0,,,Katy,TX,USA,"{'latitude': 29.7857853, 'longitude': -95.8243956, 'fipsCode': '48157'}"
255410,,HighSchool,2021,,Logan Jones,Suffield Academy,Lehigh,S,74.0,175.0,,,Suffield,CT,USA,"{'latitude': 41.9816944, 'longitude': -72.6506604, 'fipsCode': '09003'}"
255341,,HighSchool,2021,,Neil Daily,Billings West,Montana State,LB,75.0,200.0,,,Billings,MT,USA,"{'latitude': 45.7874957, 'longitude': -108.49607, 'fipsCode': '30111'}"
255409,,HighSchool,2021,,Christian Curatolo,Malvern Prep,Lehigh,IOL,76.0,280.0,,,Malvern,PA,USA,"{'latitude': 40.034444, 'longitude': -75.514444, 'fipsCode': '01061'}"
255408,,HighSchool,2021,,CJ Hankins,St. Edward,Brown,ILB,71.0,220.0,,,Lakewood,OH,USA,"{'latitude': 41.4819932, 'longitude': -81.7981908, 'fipsCode': '39035'}"
255340,,HighSchool,2021,,Sebastian Valdez,Monte Vista,Montana State,DL,,,,,Spring Valley,CA,USA,"{'latitude': 39.0800023, 'longitude': -122.5963989, 'fipsCode': '06033'}"
255407,,HighSchool,2021,,Kaleb Ross,Lake Gibson,Brown,LB,71.0,205.0,,,Lakeland,FL,USA,"{'latitude': 28.0394654, 'longitude': -81.9498042, 'fipsCode': '12105'}"
255406,,HighSchool,2021,,Jordan McIntyre,Chaminade,Brown,WR,73.0,180.0,,,West Hills,CA,USA,"{'latitude': 34.2032325, 'longitude': -118.645476, 'fipsCode': '06037'}"
255339,,HighSchool,2021,,Titan Fleischmann,Century,Montana State,TE,77.0,250.0,,,Pocatello,ID,USA,"{'latitude': 42.8688613, 'longitude': -112.4401098, 'fipsCode': '16005'}"
255405,,HighSchool,2021,,Nic Jones,Leesville Road,Brown,TE,77.0,234.0,,,Raleigh,NC,USA,"{'latitude': 35.7803977, 'longitude': -78.6390989, 'fipsCode': '37183'}"
255404,,HighSchool,2021,,Mike Bumpus,The Bolles School,Brown,DL,76.0,255.0,,,Jacksonville,FL,USA,"{'latitude': 30.3321838, 'longitude': -81.655651, 'fipsCode': '12031'}"
255403,,HighSchool,2021,,Isaiah Reed,Seffner Christian Academy,Brown,CB,72.0,165.0,,,Lake Wales,FL,USA,"{'latitude': 27.9014133, 'longitude': -81.5859099, 'fipsCode': '12105'}"
255402,,HighSchool,2021,,Pedro Carter,Bradford,Alabama A&M,DUAL,74.0,195.0,,,Starke,FL,USA,"{'latitude': 29.9443488, 'longitude': -82.1101137, 'fipsCode': '12007'}"
255401,,HighSchool,2021,,Mekhian Jackson,G.W. Long,Jacksonville State,LB,74.0,220.0,,,Skipperville,AL,USA,"{'latitude': 31.5576671, 'longitude': -85.5454941, 'fipsCode': '01045'}"
255400,,HighSchool,2021,,Matthew Caldwell,Auburn,Jacksonville State,QB,76.0,185.0,,,Auburn,AL,USA,"{'latitude': 32.6550905, 'longitude': -85.50364346309962, 'fipsCode': '01081'}"
255399,,HighSchool,2021,,Derek Carter Jr.,Gardendale,Jacksonville State,CB,69.0,160.0,,,Gardendale,AL,USA,"{'latitude': 33.6601033, 'longitude': -86.8127702, 'fipsCode': '01073'}"
255398,,HighSchool,2021,,Jarod Bowie,Martinsburg,Jacksonville State,WR,69.0,160.0,,,Martinsburg,WV,USA,"{'latitude': 39.4562528, 'longitude': -77.9639604, 'fipsCode': '54003'}"
255397,,HighSchool,2021,,Omar Sims,McEachern,Jacksonville State,DL,74.0,270.0,,,Powder Springs,GA,USA,"{'latitude': 33.8595492, 'longitude': -84.683824, 'fipsCode': '13067'}"
255396,,HighSchool,2021,,Nicolas Nesbitt,Chandler,Columbia,RB,69.0,190.0,,,Chandler,AZ,USA,"{'latitude': 33.3062223, 'longitude': -111.8413317, 'fipsCode': '04013'}"
255395,,HighSchool,2021,,Augustus Rice,Waller,Columbia,OG,78.0,317.0,,,Waller,TX,USA,"{'latitude': 30.0586951, 'longitude': -95.9264143, 'fipsCode': '48473'}"
255394,,HighSchool,2021,,Raleigh Erwin,Lake Travis,Columbia,SDE,74.0,245.0,,,Austin,TX,USA,"{'latitude': 30.2711286, 'longitude': -97.7436995, 'fipsCode': '48453'}"
255393,,HighSchool,2021,,Judge Niland,Lake Travis,Columbia,OG,75.0,255.0,,,Austin,TX,USA,"{'latitude': 30.2711286, 'longitude': -97.7436995, 'fipsCode': '48453'}"
255392,,HighSchool,2021,,Terrell Long,Sierra Canyon,Columbia,ATH,75.0,175.0,,,Chatsworth,CA,USA,"{'latitude': 34.2595715, 'longitude': -118.6023247, 'fipsCode': '06037'}"
255391,,HighSchool,2021,,John Martin,De La Salle,Columbia,OG,74.5,336.0,,,New Orleans,LA,USA,"{'latitude': 29.9499323, 'longitude': -90.0701156, 'fipsCode': '22071'}"
255390,,HighSchool,2021,,Justin Townsend,Randolph,Columbia,LB,73.5,213.0,,,Randolph,NJ,USA,"{'latitude': 40.844265, 'longitude': -74.58572175018249, 'fipsCode': '34027'}"
255389,,HighSchool,2021,,John Iannuzzi,Dexter Southfield,Columbia,IOL,76.0,300.0,,,Brookline,MA,USA,"{'latitude': 42.3317642, 'longitude': -71.1211635, 'fipsCode': '25021'}"
255388,,HighSchool,2021,,Bryson Canty,Reagan,Columbia,WR,72.0,175.0,,,Pfafftown,NC,USA,"{'latitude': 36.1526379, 'longitude': -80.3622753, 'fipsCode': '37067'}"
255387,,HighSchool,2021,,Rocco Milia,Brother Rice,Columbia,S,75.0,195.0,,,Bloomfield Hills,MI,USA,"{'latitude': 42.583645, 'longitude': -83.2454883, 'fipsCode': '26125'}"
255380,,HighSchool,2021,,Lem Wash,Derby,Tennessee Tech,RB,71.0,205.0,,,Derby,KS,USA,"{'latitude': 37.5455735, 'longitude': -97.2689331, 'fipsCode': '20173'}"
255379,,HighSchool,2021,,Jackson Burkhalter,Worcester Academy (Prep),Rhode Island,PRO,77.0,218.0,,,Worcester,MA,USA,"{'latitude': 42.2625932, 'longitude': -71.8022934, 'fipsCode': '25027'}"
255378,,HighSchool,2021,,Elijah Jackson,St. Frances Academy,Rhode Island,DT,74.0,306.0,,,Baltimore,MD,USA,"{'latitude': 39.2908816, 'longitude': -76.610759, 'fipsCode': '24510'}"
255377,,HighSchool,2021,,Jacob Otts,Bartram Trail,Rhode Island,OT,79.0,270.0,,,St. Johns,FL,USA,"{'latitude': 27.3027501, 'longitude': -80.4026589, 'fipsCode': '12111'}"
255376,,HighSchool,2021,,A.J. Pena,Somerville,Rhode Island,LB,73.0,215.0,,,Somerville,NJ,USA,"{'latitude': 40.5742696, 'longitude': -74.60988, 'fipsCode': '34035'}"
255375,,HighSchool,2021,,Tanner Jellison,Lake Stevens,San Diego,PRO,77.0,185.0,,,Lake Stevens,WA,USA,"{'latitude': 48.0197794, 'longitude': -122.0660914, 'fipsCode': '53061'}"
255374,,HighSchool,2021,,Logan Gingg,Verrado,San Diego,RB,70.0,195.0,,,Buckeye,AZ,USA,"{'latitude': 33.3702748, 'longitude': -112.5838673, 'fipsCode': '04013'}"
255373,,HighSchool,2021,,Adrian Aguirre,Notre Dame,San Diego,WDE,75.0,220.0,,,Sherman Oaks,CA,USA,"{'latitude': 34.1508718, 'longitude': -118.4489865, 'fipsCode': '06037'}"
255372,,HighSchool,2021,,Christian Gaeta,St. Augustine,San Diego,OG,73.0,280.0,,,San Diego,CA,USA,"{'latitude': 32.7174209, 'longitude': -117.1627714, 'fipsCode': '06073'}"
255371,,HighSchool,2021,,Aidan Lehman,J.K. Mullen,San Diego,K,73.0,180.0,,,Denver,CO,USA,"{'latitude': 39.7392364, 'longitude': -104.9848623, 'fipsCode': '08031'}"
255370,,HighSchool,2021,,Malachi Cooper,Serra,San Diego,SDE,77.0,260.0,,,San Diego,CA,USA,"{'latitude': 32.7174209, 'longitude': -117.1627714, 'fipsCode': '06073'}"
255369,,HighSchool,2021,,Brian Coburn,Mcnary,San Diego,EDGE,76.0,230.0,,,Keizer,OR,USA,"{'latitude': 44.9969, 'longitude': -123.0266267, 'fipsCode': '41047'}"
255368,,HighSchool,2021,,Justin Aletor,Agua Fria,San Diego,SDE,74.0,240.0,,,Avondale,AZ,USA,"{'latitude': 33.4354989, 'longitude': -112.3495572, 'fipsCode': '04013'}"
255367,,HighSchool,2021,,Jaseem Reed,Westlake,San Diego,WR,74.0,170.0,,,Westlake Village,CA,USA,"{'latitude': 34.1460234, 'longitude': -118.8061794, 'fipsCode': '06037'}"
255366,,HighSchool,2021,,Jerry Riggins,Helix,San Diego,ILB,72.0,218.0,,,La Mesa,CA,USA,"{'latitude': 32.7678288, 'longitude': -117.0230839, 'fipsCode': '06073'}"
255365,,HighSchool,2021,,Landon Toll,Rancho Cucamonga,San Diego,LB,72.0,190.0,,,Rancho Cucamonga,CA,USA,"{'latitude': 34.1033192, 'longitude': -117.5751735, 'fipsCode': '06071'}"
255364,,HighSchool,2021,,Evans Bowling,Cathedral,San Diego,OT,78.0,235.0,,,El Paso,TX,USA,"{'latitude': 31.7754152, 'longitude': -106.4646348, 'fipsCode': '48141'}"
255363,,HighSchool,2021,,James Jaquint,Notre Dame Preparatory,San Diego,CB,74.0,195.0,,,Scottsdale,AZ,USA,"{'latitude': 33.4942189, 'longitude': -111.9260184, 'fipsCode': '04013'}"
255362,,HighSchool,2021,,Jalon Jackson,Buhach Colony,San Diego,WR,74.0,175.0,,,Atwater,CA,USA,"{'latitude': 37.3477174, 'longitude': -120.609084, 'fipsCode': '06047'}"
255361,,HighSchool,2021,,Gianni Walsh,Madison,San Diego,OC,74.0,290.0,,,San Diego,CA,USA,"{'latitude': 32.7174209, 'longitude': -117.1627714, 'fipsCode': '06073'}"
255360,,HighSchool,2021,,Malcolm Williams,St. Augustine,San Diego,ILB,72.0,230.0,,,San Diego,CA,USA,"{'latitude': 32.7174209, 'longitude': -117.1627714, 'fipsCode': '06073'}"
255359,,HighSchool,2021,,Jack Giguire,Napa,San Diego,OLB,76.0,210.0,,,Napa,CA,USA,"{'latitude': 38.2971367, 'longitude': -122.2855293, 'fipsCode': '06055'}"
255358,,HighSchool,2021,,Trey Ortega,Cleveland,San Diego,S,71.0,174.0,,,Rio Rancho,NM,USA,"{'latitude': 35.269381, 'longitude': -106.632819, 'fipsCode': '35043'}"
255357,,HighSchool,2021,,Eli Swope,Chandler,San Diego,TE,75.0,225.0,,,Chandler,AZ,USA,"{'latitude': 33.3062223, 'longitude': -111.8413317, 'fipsCode': '04013'}"
255356,,HighSchool,2021,,Marcus Powe,La Salle,San Diego,S,74.0,180.0,,,Pasadena,CA,USA,"{'latitude': 34.1476452, 'longitude': -118.1444779, 'fipsCode': '06037'}"
255355,,HighSchool,2021,,Nick Murray,St. Mary's,San Diego,CB,71.0,170.0,,,Stockton,CA,USA,"{'latitude': 37.9577016, 'longitude': -121.2907796, 'fipsCode': '06077'}"
255202,,HighSchool,2021,,Bo Sprague,Rockhurst,Pennsylvania,TE,76.0,230.0,,,Kansas City,MO,USA,"{'latitude': 39.100105, 'longitude': -94.5781416, 'fipsCode': '29095'}"
255201,,HighSchool,2021,,Julian Talley,St. Joseph's Prep,Pennsylvania,CB,68.0,170.0,,,Philadelphia,PA,USA,"{'latitude': 39.9527237, 'longitude': -75.1635262, 'fipsCode': '42101'}"
255200,,HighSchool,2021,,Bryce Myers,Bridgewater-Raritan HS,Pennsylvania,TE,75.0,220.0,,,Bridgewater,NJ,USA,"{'latitude': 40.5598127, 'longitude': -74.5517146, 'fipsCode': '34035'}"
255199,,HighSchool,2021,,Armani Orange,Rancho Verde,Eastern Washington,CB,72.0,180.0,,,Moreno Valley,CA,USA,"{'latitude': 33.937517, 'longitude': -117.2305944, 'fipsCode': '06065'}"
255198,,HighSchool,2021,,Joseph Obeto,Charter Oak,Eastern Washington,CB,71.0,180.0,,,Covina,CA,USA,"{'latitude': 34.1024, 'longitude': -117.85486499999999, 'fipsCode': '06037'}"
255197,,HighSchool,2021,,Kentrell Williams,Chandler,Eastern Washington,CB,71.0,185.0,,,Chandler,AZ,USA,"{'latitude': 33.3062223, 'longitude': -111.8413317, 'fipsCode': '04013'}"
255196,,HighSchool,2021,,Chad Vidican,Hazen,Eastern Washington,DT,74.0,260.0,,,Renton,WA,USA,"{'latitude': 47.4799078, 'longitude': -122.2034496, 'fipsCode': '53033'}"
255195,,HighSchool,2021,,Emilio Veater,Mountain Crest,Eastern Washington,OLB,74.0,205.0,,,Hyrum,UT,USA,"{'latitude': 41.63022515, 'longitude': -111.83896318870987, 'fipsCode': '49005'}"
255194,,HighSchool,2021,,Shane Aleaga,Kennedy Catholic,Eastern Washington,ILB,73.0,210.0,,,Burien,WA,USA,"{'latitude': 47.469918, 'longitude': -122.3485274, 'fipsCode': '53033'}"
255193,,HighSchool,2021,,Davante Smith,Oxnard Pacifica,Eastern Washington,WR,70.0,180.0,,,Oxnard,CA,USA,"{'latitude': 34.1976308, 'longitude': -119.1803818, 'fipsCode': '06111'}"
255192,,HighSchool,2021,,Desmian Licon,Pasco Senior,Eastern Washington,CB,72.0,175.0,,,Pasco,WA,USA,"{'latitude': 46.2306739, 'longitude': -119.0921006, 'fipsCode': '53021'}"
255191,,HighSchool,2021,,Isaiah Howard,Clovis West,Eastern Washington,WR,74.0,185.0,,,Fresno,CA,USA,"{'latitude': 36.7295295, 'longitude': -119.70886126075588, 'fipsCode': '06019'}"
255190,,HighSchool,2021,,Joshua Johnson,San Pedro,Eastern Washington,ATH,74.0,190.0,,,San Pedro,CA,USA,"{'latitude': 33.7358518, 'longitude': -118.2922934, 'fipsCode': '06037'}"
255189,,HighSchool,2021,,Woodley Downard,Kamiakin,Eastern Washington,WR,74.0,195.0,,,Kennewick,WA,USA,"{'latitude': 46.2087066, 'longitude': -119.1199192, 'fipsCode': '53005'}"
255188,,HighSchool,2021,,Sean Skladany,Peninsula,Eastern Washington,RB,75.0,215.0,,,Gig Harbor,WA,USA,"{'latitude': 47.3259697, 'longitude': -122.5878659, 'fipsCode': '53053'}"
255187,,HighSchool,2021,,Javen Ware,Hernando,Texas State,S,71.0,180.0,,,Hernando,MS,USA,"{'latitude': 34.823987, 'longitude': -89.9937018, 'fipsCode': '28033'}"
255186,,HighSchool,2021,,Jimmy Lee,DeSoto,Incarnate Word,OT,77.0,275.0,,,Desoto,TX,USA,"{'latitude': 32.6061241, 'longitude': -96.865612653687, 'fipsCode': '48113'}"
255185,,HighSchool,2021,,Darius Sanders,Amarillo Tascosa,Incarnate Word,OLB,74.0,210.0,,,Amarillo,TX,USA,"{'latitude': 35.2072185, 'longitude': -101.8338246, 'fipsCode': '48375'}"
255184,,HighSchool,2021,,Joshua Gonzalez,Stevens,Incarnate Word,DT,73.0,262.0,,,SAN ANTONIO,TX,USA,"{'latitude': 29.4246002, 'longitude': -98.4951405, 'fipsCode': '48029'}"
255181,,HighSchool,2021,,Kannon Williams,San Antonio Harlan,Incarnate Word,DUAL,74.0,205.0,,,SAN ANTONIO,TX,USA,"{'latitude': 29.4246002, 'longitude': -98.4951405, 'fipsCode': '48029'}"
255180,,HighSchool,2021,,Rayden Campbell,Flour Bluff,Incarnate Word,S,70.0,179.0,,,Corpus Christi,TX,USA,"{'latitude': 27.7477253, 'longitude': -97.4014129, 'fipsCode': '48355'}"
255179,,HighSchool,2021,,Emeka Obigbo,Mansfield Timberview,Incarnate Word,IOL,76.0,315.0,,,Arlington,TX,USA,"{'latitude': 32.701938999999996, 'longitude': -97.10562379033699, 'fipsCode': '48439'}"
255178,,HighSchool,2021,,Jimeto Obigbo,Mansfield Timberview,Incarnate Word,OT,76.0,300.0,,,Arlington,TX,USA,"{'latitude': 32.701938999999996, 'longitude': -97.10562379033699, 'fipsCode': '48439'}"
255177,,HighSchool,2021,,Dorion Strawn,Ennis,Incarnate Word,IOL,77.0,305.0,,,Ennis,TX,USA,"{'latitude': 32.3293111, 'longitude': -96.6252679, 'fipsCode': '48139'}"
255176,,HighSchool,2021,,Marshall Jackson,Meade County,Western Kentucky,IOL,78.0,,,,Brandenburg,KY,USA,"{'latitude': 37.9989592, 'longitude': -86.1694143, 'fipsCode': '21163'}"
255174,,HighSchool,2021,,Jaelin Montgomery,Prince George,James Madison,OG,76.0,310.0,,,Prince George,VA,USA,"{'latitude': 37.2204272, 'longitude': -77.288033, 'fipsCode': '51149'}"
255173,,HighSchool,2021,,Matei Fitz,Tuscarora,James Madison,SDE,74.0,260.0,,,Leesburg,VA,USA,"{'latitude': 39.1154496, 'longitude': -77.5645446, 'fipsCode': '51107'}"
255172,,HighSchool,2021,,Ali Abbasi,Woodbridge,James Madison,DL,77.0,300.0,,,Woodbridge,VA,USA,"{'latitude': 38.6581723, 'longitude': -77.2497049, 'fipsCode': '51153'}"
255171,,HighSchool,2021,,Jailin Walker,Varina,James Madison,LB,74.0,195.0,,,Richmond,VA,USA,"{'latitude': 37.5385087, 'longitude': -77.43428, 'fipsCode': '51760'}"
255170,,HighSchool,2021,,Samy Lamothe,Everett,Princeton,ATH,70.0,180.0,,,Everett,MA,USA,"{'latitude': 42.40843, 'longitude': -71.0536625, 'fipsCode': '25017'}"
255169,,HighSchool,2021,,Nasir Cook,Montgomery Bell Academy,Princeton,CB,72.0,175.0,,,Nashville,TN,USA,"{'latitude': 36.1622296, 'longitude': -86.7743531, 'fipsCode': '47037'}"
255168,,HighSchool,2021,,Carson Irons,Sunny Hills,Princeton,OLB,72.0,190.0,,,Fullerton,CA,USA,"{'latitude': 33.8708215, 'longitude': -117.9294165, 'fipsCode': '06059'}"
255167,,HighSchool,2021,,Dyami Rios,Mcnary,Princeton,ATH,74.0,210.0,,,Keizer,OR,USA,"{'latitude': 44.9969, 'longitude': -123.0266267, 'fipsCode': '41047'}"
255166,,HighSchool,2021,,Connor Hulstein,Frisco Liberty,Princeton,TE,77.0,210.0,,,Frisco,TX,USA,"{'latitude': 33.1506744, 'longitude': -96.8236116, 'fipsCode': '48085'}"
255165,,HighSchool,2021,,Christopher Paige,Punahou,Princeton,WR,74.0,180.0,,,Honolulu,HI,USA,"{'latitude': 21.304547, 'longitude': -157.8556764, 'fipsCode': '15003'}"
255164,,HighSchool,2021,,Aidan Kingsbury,Concordia Academy,Princeton,OT,77.0,260.0,,,Saint Paul,MN,USA,"{'latitude': 44.9504037, 'longitude': -93.1015026, 'fipsCode': '27123'}"
255163,,HighSchool,2021,,Ja'Derris Carr,Vista Peak,Princeton,RB,71.0,175.0,,,Aurora,CO,USA,"{'latitude': 39.729432, 'longitude': -104.8319196, 'fipsCode': '08005'}"
255162,,HighSchool,2021,,Matthew Mahoney,West Des Moines Valley,Princeton,WR,74.0,175.0,,,West Des Moines,IA,USA,"{'latitude': 41.5645337, 'longitude': -93.7595281, 'fipsCode': '19153'}"
255161,,HighSchool,2021,,Collin Taylor,St. John's Prep,Princeton,SDE,77.0,210.0,,,Danvers,MA,USA,"{'latitude': 42.5750946, 'longitude': -70.9300507, 'fipsCode': '25009'}"
255525,,HighSchool,2021,,Lucas Banks,North Shore,Mississippi Valley State,DL,74.0,270.0,,,Houston,TX,USA,"{'latitude': 29.7589382, 'longitude': -95.3676974, 'fipsCode': '48201'}"
255159,,HighSchool,2021,,Tommy Matheson,Warren Township,Princeton,IOL,75.0,265.0,,,Gurnee,IL,USA,"{'latitude': 42.3702996, 'longitude': -87.9020186, 'fipsCode': '17097'}"
255158,,HighSchool,2021,,John Volker,Rumson-Fair Haven,Princeton,RB,72.0,210.0,,,Rumson,NJ,USA,"{'latitude': 40.372054, 'longitude': -73.9990269, 'fipsCode': '34025'}"
255157,,HighSchool,2021,,Jalen Newman,Weddington,Princeton,CB,71.0,172.0,,,Matthews,NC,USA,"{'latitude': 35.1170873, 'longitude': -80.723718, 'fipsCode': '37119'}"
255156,,HighSchool,2021,,Joseph Nash,Trinity Christian Academy,Yale,OLB,74.0,265.0,,,Addison,TX,USA,"{'latitude': 32.9604305, 'longitude': -96.83025951893629, 'fipsCode': '48113'}"
255155,,HighSchool,2021,,Dominic Zepherin,St. Thomas More,Yale,CB,71.0,175.0,,,Lafayette,LA,USA,"{'latitude': 30.2240897, 'longitude': -92.0198427, 'fipsCode': '22055'}"
255154,,HighSchool,2021,,Aaron Session,Morton Ranch,Yale,OT,77.0,297.0,,,Katy,TX,USA,"{'latitude': 29.7857853, 'longitude': -95.8243956, 'fipsCode': '48157'}"
255153,,HighSchool,2021,,Kevin Jourdain Jr,Holyoke,Yale,SDE,76.0,255.0,,,Holyoke,MA,USA,"{'latitude': None, 'longitude': None, 'fipsCode': None}"
255152,,HighSchool,2021,,Tamatoa McDonough,Asheville,Yale,EDGE,77.0,245.0,,,Asheville,NC,USA,"{'latitude': 35.6009498, 'longitude': -82.5540161, 'fipsCode': '37021'}"
255151,,HighSchool,2021,,Alvin Gulley Jr.,Belleville West,Yale,DL,74.0,290.0,,,Belleville,IL,USA,"{'latitude': 38.5200504, 'longitude': -89.9839935, 'fipsCode': '17163'}"
255150,,HighSchool,2021,,Inumidun Ayo-Durojaiye,Damascus,Yale,S,74.0,190.0,,,Damascus,MD,USA,"{'latitude': 39.2884381, 'longitude': -77.2038717, 'fipsCode': '24031'}"
255149,,HighSchool,2021,,Mason Shipp,The Peddie School,Yale,WR,73.0,175.0,,,Hightstown,NJ,USA,"{'latitude': 40.2695538, 'longitude': -74.5232089, 'fipsCode': '34021'}"
255148,,HighSchool,2021,,David Pantelis,Upper St. Clair,Yale,WR,73.0,185.0,,,Upper St. Clair,PA,USA,"{'latitude': 40.3359029, 'longitude': -80.0833881, 'fipsCode': '42003'}"
255147,,HighSchool,2021,,Sean Sullivan,St John's,Yale,OT,77.0,275.0,,,Shrewsbury,MA,USA,"{'latitude': 42.283828, 'longitude': -71.7172866, 'fipsCode': '25027'}"
255145,,HighSchool,2021,,Bryce Weiner,Bullard,Cal Poly,PRO,72.0,180.0,,,Fresno,CA,USA,"{'latitude': 36.7295295, 'longitude': -119.70886126075588, 'fipsCode': '06019'}"
255143,,HighSchool,2021,,Elijah Satcher,Salesian,Cal Poly,TE,76.0,235.0,,,Richmond,CA,USA,"{'latitude': 37.9357576, 'longitude': -122.3477486, 'fipsCode': '06013'}"
255142,,HighSchool,2021,,Zion Hall,Garces Memorial,Cal Poly,ATH,67.0,160.0,,,Bakersfield,CA,USA,"{'latitude': 35.3738712, 'longitude': -119.0194639, 'fipsCode': '06029'}"
255141,,HighSchool,2021,,Jalen Grable,Westview,Idaho,WR,76.0,195.0,,,Portland,OR,USA,"{'latitude': 45.5202471, 'longitude': -122.6741949, 'fipsCode': '41051'}"
255140,,HighSchool,2021,,Jona Turagavou,Spanish Fork,Idaho,TE,76.0,215.0,,,Spanish Fork,UT,USA,"{'latitude': 40.114955, 'longitude': -111.654923, 'fipsCode': '49049'}"
255139,,HighSchool,2021,,Tommy Hauser,Post Falls,Idaho,ATH,71.0,170.0,,,Worley,ID,USA,"{'latitude': 47.400736, 'longitude': -116.9171246, 'fipsCode': '16055'}"
255138,,HighSchool,2021,,Luke Borchardt,Grant,Idaho,WR,77.0,190.0,,,Portland,OR,USA,"{'latitude': 45.5202471, 'longitude': -122.6741949, 'fipsCode': '41051'}"
255137,,HighSchool,2021,,Tyler Webb,Waco Connally,Idaho,PRO,75.0,205.0,,,Waco,TX,USA,"{'latitude': 31.549333, 'longitude': -97.1466695, 'fipsCode': '48309'}"
255136,,HighSchool,2021,,Logan Harris,Centennial,Idaho,OT,79.0,275.0,,,Boise,ID,USA,"{'latitude': 43.6166163, 'longitude': -116.200886, 'fipsCode': '16001'}"
255135,,HighSchool,2021,,Isiah King,Montgomery Senior,Idaho,ATH,76.0,200.0,,,San Diego,CA,USA,"{'latitude': 32.7174209, 'longitude': -117.1627714, 'fipsCode': '06073'}"
255134,,HighSchool,2021,,Gabe Benton,Stagg,Idaho,RB,73.0,225.0,,,Stockton,CA,USA,"{'latitude': 37.9577016, 'longitude': -121.2907796, 'fipsCode': '06077'}"
255133,,HighSchool,2021,,Tyler Skinner,Moscow,Idaho,SDE,77.0,280.0,,,Moscow,ID,USA,"{'latitude': 46.7323875, 'longitude': -117.0001651, 'fipsCode': '16057'}"
255132,,HighSchool,2021,,Keison Evans,Warren,Idaho,WR,74.0,175.0,,,Downey,CA,USA,"{'latitude': 33.942215, 'longitude': -118.1235646, 'fipsCode': '06037'}"
255131,,HighSchool,2021,,Aamarii Notice,Clarkson Football North,Idaho,DL,76.0,290.0,,,Mississauga,ON,CAN,"{'latitude': None, 'longitude': None, 'fipsCode': None}"
255130,,HighSchool,2021,,Gevani McCoy,Lakewood,Idaho,QB,73.0,160.0,,,Lakewood,CA,USA,"{'latitude': 33.8503463, 'longitude': -118.1171914, 'fipsCode': '06037'}"
255128,,HighSchool,2021,,Kevin Hamilton,J.H. Rose,North Carolina A&T,WR,76.0,200.0,,,Greenville,NC,USA,"{'latitude': 35.612661, 'longitude': -77.3663538, 'fipsCode': '37147'}"
255127,,HighSchool,2021,,Eli Brickhandler,Pittsburg,North Carolina A&T,QB,74.0,195.0,,,Pittsburg,CA,USA,"{'latitude': 38.0181745, 'longitude': -121.8901232, 'fipsCode': '06013'}"
255124,,HighSchool,2021,,Terrell Spicer,Northside,North Carolina A&T,S,75.0,170.0,,,Jacksonville,NC,USA,"{'latitude': 34.7494749, 'longitude': -77.4208221, 'fipsCode': '37133'}"
255123,,HighSchool,2021,,Jamison Warren,East Forsyth,North Carolina A&T,WR,71.0,175.0,,,Kernersville,NC,USA,"{'latitude': 36.1198589, 'longitude': -80.0736533, 'fipsCode': '37067'}"
255122,,HighSchool,2021,,Quinton Hill,Havelock,North Carolina A&T,EDGE,78.0,190.0,,,Havelock,NC,USA,"{'latitude': 34.8785, 'longitude': -76.9014457, 'fipsCode': '37049'}"
255121,,HighSchool,2021,,Damien Jackson,Porter Ridge,North Carolina A&T,LS,71.0,205.0,,,Indian Trail,NC,USA,"{'latitude': 35.0768141, 'longitude': -80.6692352, 'fipsCode': '37179'}"
255120,,HighSchool,2021,,Nathaniel Spindle,Chambers,North Carolina A&T,CB,71.0,185.0,,,Charlotte,NC,USA,"{'latitude': 35.2272, 'longitude': -80.843083, 'fipsCode': '37119'}"
255118,,HighSchool,2021,,Avarion Cole,Chambers,North Carolina A&T,S,73.0,205.0,,,Charlotte,NC,USA,"{'latitude': 35.2272, 'longitude': -80.843083, 'fipsCode': '37119'}"
255116,,HighSchool,2021,,Korion Sharpe,Rocky River,North Carolina A&T,IOL,76.0,315.0,,,Charlotte,NC,USA,"{'latitude': 35.2272, 'longitude': -80.843083, 'fipsCode': '37119'}"
255115,,HighSchool,2021,,A'tiq Muhammad,Guilford,UTEP,CB,74.0,195.0,,,Rockford,IL,USA,"{'latitude': 42.2713945, 'longitude': -89.093966, 'fipsCode': '17201'}"
255114,,HighSchool,2021,,Sterling Scott,Isidore Newman,Harvard,CB,70.0,175.0,,,New Orleans,LA,USA,"{'latitude': 29.9499323, 'longitude': -90.0701156, 'fipsCode': '22071'}"
255113,,HighSchool,2021,,Caden Woodall,Adlai Stevenson,Harvard,RB,73.0,220.0,,,Sterling Heights,MI,USA,"{'latitude': 42.5803122, 'longitude': -83.0302033, 'fipsCode': '26099'}"
255112,,HighSchool,2021,,Ameer Dudley,Central Valley,Harvard,ATH,74.0,188.0,,,Monaca,PA,USA,"{'latitude': 40.6872885, 'longitude': -80.2714505, 'fipsCode': '42007'}"
255111,,HighSchool,2021,,Jack Gentle,McCallie School,Harvard,OC,74.0,275.0,,,Chattanooga,TN,USA,"{'latitude': 35.0457219, 'longitude': -85.3094883, 'fipsCode': '47065'}"
255110,,HighSchool,2021,,Ledger Hatch,Dr. Phillips,Harvard,WR,76.0,190.0,,,Orlando,FL,USA,"{'latitude': 28.5421109, 'longitude': -81.3790304, 'fipsCode': '12095'}"
255109,,HighSchool,2021,,Gavin Shipman,Thompson,Harvard,CB,69.5,170.0,,,Alabaster,AL,USA,"{'latitude': 33.2442813, 'longitude': -86.8163773, 'fipsCode': '01117'}"
255108,,HighSchool,2021,,Brandon Svets,Loyola Academy,Harvard,DL,77.0,230.0,,,Wilmette,IL,USA,"{'latitude': 42.0757315, 'longitude': -87.7193768, 'fipsCode': '17031'}"
255107,,HighSchool,2021,,Jacob Psyk,Strake Jesuit,Harvard,DL,74.5,231.0,,,Houston,TX,USA,"{'latitude': 29.7589382, 'longitude': -95.3676974, 'fipsCode': '48201'}"
255106,,HighSchool,2021,,Charles DePrima,Ramapo,Harvard,QB,74.0,185.0,,,Franklin Lakes,NJ,USA,"{'latitude': 41.0167639, 'longitude': -74.2057012, 'fipsCode': '34003'}"
255104,,HighSchool,2021,,Neyland Jean,Baylor School,Austin Peay,PRO,74.0,205.0,,,Chattanooga,TN,USA,"{'latitude': 35.0457219, 'longitude': -85.3094883, 'fipsCode': '47065'}"
254997,,HighSchool,2021,,Cade Conley,Williamston,Central Michigan,TE,76.0,240.0,,,Williamston,MI,USA,"{'latitude': 42.689151, 'longitude': -84.2832798, 'fipsCode': '26065'}"
254996,,HighSchool,2021,,Finn Hogan,Maple City-Glen Lake,Central Michigan,WR,77.0,210.0,,,Maple City,MI,USA,"{'latitude': 44.8555539, 'longitude': -85.8559201, 'fipsCode': '26089'}"
254995,,HighSchool,2021,,Travis Ward,Sunrise Mountain,Nevada,TE,74.0,219.0,,,Peoria,AZ,USA,"{'latitude': 33.5806115, 'longitude': -112.2372942, 'fipsCode': '04013'}"
254994,,HighSchool,2021,,Victor Snow,Webster-schroeder,Nevada,WR,68.0,155.0,,,Webster,NY,USA,"{'latitude': 43.212285, 'longitude': -77.429994, 'fipsCode': '36055'}"
254993,,HighSchool,2021,,Justin Goodwin,Huffman,Florida Atlantic,DL,75.0,280.0,,,Birmingham,AL,USA,"{'latitude': 33.5206824, 'longitude': -86.8024326, 'fipsCode': '01073'}"
254991,,HighSchool,2021,,Trey Moore,Smithson Valley,UTSA,EDGE,74.0,240.0,,,Spring Branch,TX,USA,"{'latitude': 29.885073249999998, 'longitude': -98.4196833729311, 'fipsCode': '48091'}"
254990,,HighSchool,2021,,John Leglue,Holy Savior Menard,Tulane,IOL,79.0,310.0,,,Alexandria,LA,USA,"{'latitude': 31.311248, 'longitude': -92.4449087, 'fipsCode': '27041'}"
254989,,HighSchool,2021,,Sifa Leota,Trinity,North Texas,EDGE,74.0,221.0,,,Euless,TX,USA,"{'latitude': 32.8457865, 'longitude': -97.0667142473263, 'fipsCode': '48439'}"
255526,,HighSchool,2021,,Chuck Bradley,Deland,Mississippi Valley State,WR,77.0,205.0,,,Deland,FL,USA,"{'latitude': 29.0283213, 'longitude': -81.3031098, 'fipsCode': '12127'}"
254986,,HighSchool,2021,,Joshua Singh,Orem,BYU,DL,71.0,251.0,,,Orem,UT,USA,"{'latitude': 40.2971825, 'longitude': -111.694943, 'fipsCode': '49049'}"
254983,,HighSchool,2021,,Donovan Williams,Sierra Canyon,Fresno State,WR,71.0,170.0,,,Chatsworth,CA,USA,"{'latitude': 34.2595715, 'longitude': -118.6023247, 'fipsCode': '06037'}"
254982,,HighSchool,2021,,Pedro Timoteo,East Anchorage,Fresno State,OT,76.0,320.0,,,Anchorage,AK,USA,"{'latitude': 61.2163129, 'longitude': -149.8948523, 'fipsCode': '02020'}"
254970,,HighSchool,2021,,Avory Hart,Chaparral,San Diego State,SDE,77.0,240.0,,,Temecula,CA,USA,"{'latitude': 33.4946353, 'longitude': -117.1473661, 'fipsCode': '06065'}"
254969,,HighSchool,2021,,Evan Ladwig,Plymouth,Iowa State,IOL,77.0,275.0,,,Plymouth,WI,USA,"{'latitude': 43.7486054, 'longitude': -87.977038, 'fipsCode': '55117'}"
254968,,HighSchool,2021,,Keegan Shackford,Grayson County,Iowa State,K,70.0,185.0,,,Independence,VA,,"{'latitude': None, 'longitude': None, 'fipsCode': None}"
254964,,HighSchool,2021,,Ryan Quintanar,Loyola,TCU,LB,72.0,220.0,,,Los Angeles,CA,USA,"{'latitude': 34.0536909, 'longitude': -118.2427666, 'fipsCode': '06037'}"
254963,,HighSchool,2021,,Andrew McIlquham,IMG Academy,TCU,LS,74.0,210.0,,,Bradenton,FL,USA,"{'latitude': 27.4989278, 'longitude': -82.5748194, 'fipsCode': '12081'}"
254958,,HighSchool,2021,,Jeremiah Williams,Holmes County Central,Jackson State,DL,74.0,270.0,,,Lexington,MS,USA,"{'latitude': 33.1131834, 'longitude': -90.0531408, 'fipsCode': '28051'}"
254957,,HighSchool,2021,,Jacob Politte,Lubbock-Cooper,Jackson State,LS,73.0,195.0,,,Lubbock,TX,USA,"{'latitude': 33.5635206, 'longitude': -101.879336, 'fipsCode': '48303'}"
254956,,HighSchool,2021,,Kevin May,St. Joseph,Jackson State,RB,69.0,171.0,,,Greenville,MS,USA,"{'latitude': 33.4000633, 'longitude': -91.0551312, 'fipsCode': '28151'}"
255338,,HighSchool,2021,,Junior Bergen,Billings,,WR,71.0,165.0,,,Billings,MT,USA,"{'latitude': 45.7874957, 'longitude': -108.49607, 'fipsCode': '30111'}"
255337,,HighSchool,2021,,Oge Feo,Bethel,Sacramento State,ILB,73.0,230.0,,,Spanaway,WA,USA,"{'latitude': 47.0979462, 'longitude': -122.4243422, 'fipsCode': '53053'}"
255336,,HighSchool,2021,,Sawyer Hays,Christian Brothers,Sacramento State,WDE,76.0,205.0,,,Sacramento,CA,USA,"{'latitude': 38.5815719, 'longitude': -121.4943996, 'fipsCode': '06067'}"
255335,,HighSchool,2021,,Aidan Meek,Garces Memorial,Sacramento State,OT,78.0,270.0,,,Bakersfield,CA,USA,"{'latitude': 35.3738712, 'longitude': -119.0194639, 'fipsCode': '06029'}"
255334,,HighSchool,2021,,Gary Morrison,JSerra Catholic,Sacramento State,TE,76.0,220.0,,,San Juan Capistrano,CA,USA,"{'latitude': 33.5016932, 'longitude': -117.6625509, 'fipsCode': '06059'}"
255333,,HighSchool,2021,,Mason Brosseau,Hanford,Sacramento State,DT,75.0,260.0,,,Hanford,CA,USA,"{'latitude': 36.3274502, 'longitude': -119.6456844, 'fipsCode': '06031'}"
255332,,HighSchool,2021,,Gabe Panikowski,Torrey Pines,Sacramento State,K,70.0,200.0,,,Encinitas,CA,USA,"{'latitude': 33.0369867, 'longitude': -117.2919818, 'fipsCode': '06073'}"
255331,,HighSchool,2021,,Jackson Slater,Newport Senior,Sacramento State,IOL,75.0,295.0,,,Bellevue,WA,USA,"{'latitude': 47.6144219, 'longitude': -122.1923372, 'fipsCode': '53033'}"
255330,,HighSchool,2021,,Elijah Tau-Tolliver,Reed,Sacramento State,ATH,73.0,170.0,,,Sparks,NV,USA,"{'latitude': 39.5404679, 'longitude': -119.7487235, 'fipsCode': '32031'}"
255329,,HighSchool,2021,,Antonio Jones,Lovejoy,Grambling,WR,69.0,175.0,,,Hampton,GA,USA,"{'latitude': 33.3870578, 'longitude': -84.2829784, 'fipsCode': '13151'}"
255328,,HighSchool,2021,,Rod Green,Springfield,Grambling,OG,77.0,305.0,,,Springfield,OH,USA,"{'latitude': 39.9242266, 'longitude': -83.8088172, 'fipsCode': '39023'}"
255326,,HighSchool,2021,,Gerrit Poncius,Buffalo Senior,South Dakota,OT,79.0,275.0,,,Buffalo,MN,USA,"{'latitude': 45.1719084, 'longitude': -93.8746941, 'fipsCode': '27171'}"
255325,,HighSchool,2021,,Matteo Bonnin,Hudson,South Dakota,WR,75.0,215.0,,,Hudson,WI,USA,"{'latitude': 44.9746896, 'longitude': -92.7568703, 'fipsCode': '55109'}"
255324,,HighSchool,2021,,Javion Phelps,Boone,South Dakota,WR,75.0,175.0,,,Orlando,FL,USA,"{'latitude': 28.5421109, 'longitude': -81.3790304, 'fipsCode': '12095'}"
255323,,HighSchool,2021,,Makai Lovett,Miami Senior,South Dakota,WR,72.0,195.0,,,Miami,FL,USA,"{'latitude': 25.7742658, 'longitude': -80.1936589, 'fipsCode': '12086'}"
255322,,HighSchool,2021,,JJ Galbreath,Ralston Valley,South Dakota,TE,76.0,240.0,,,Arvada,CO,USA,"{'latitude': 39.8211225, 'longitude': -105.22074299044587, 'fipsCode': '08059'}"
255321,,HighSchool,2021,,Dominic Caggiano,Southeast Polk,South Dakota,SDE,76.0,230.0,,,Des Moines,IA,USA,"{'latitude': 41.5910641, 'longitude': -93.6037149, 'fipsCode': '19153'}"
255320,,HighSchool,2021,,Shahid Barros,St. Thomas More (Prep),South Dakota,ATH,74.0,186.0,,,Oakdale,CT,USA,"{'latitude': 41.4662093, 'longitude': -72.1573008, 'fipsCode': '09011'}"
255319,,HighSchool,2021,,Jack Clougherty,John Muir,South Dakota,QB,72.0,164.0,,,Pasadena,CA,USA,"{'latitude': 34.1476452, 'longitude': -118.1444779, 'fipsCode': '06037'}"
255318,,HighSchool,2021,,Jacolby Thomas Jr.,Mesquite,Howard,TE,75.0,200.0,,,Mesquite,TX,USA,"{'latitude': 32.7666103, 'longitude': -96.599472, 'fipsCode': '48113'}"
255317,,HighSchool,2021,,Kaden Jernigan,Dr. Henry Wise,Howard,S,70.0,175.0,,,Upper Marlboro,MD,USA,"{'latitude': 38.8165274, 'longitude': -76.7519753, 'fipsCode': '24033'}"
255316,,HighSchool,2021,,Emerson Martin,Riverside,Howard,SDE,77.0,250.0,,,Williamston,NC,USA,"{'latitude': 35.8546039, 'longitude': -77.0555114, 'fipsCode': '37117'}"
255314,,HighSchool,2021,,Jamal Hines,DeMatha Catholic,Howard,OG,75.0,330.0,,,Hyattsville,MD,USA,"{'latitude': 38.9529442, 'longitude': -76.9408647, 'fipsCode': '24033'}"
255313,,HighSchool,2021,,Darius Fox,DeMatha Catholic,Howard,OG,75.0,290.0,,,Hyattsville,MD,USA,"{'latitude': 38.9529442, 'longitude': -76.9408647, 'fipsCode': '24033'}"
255312,,HighSchool,2021,,Xavier Ricks,Our Lady of Good Counsel,Howard,OG,75.0,280.0,,,Olney,MD,USA,"{'latitude': 39.1532123, 'longitude': -77.0668408, 'fipsCode': '24031'}"
255309,,HighSchool,2021,,Jabari Knighten,Sebring,Howard,CB,70.5,165.0,,,Sebring,FL,USA,"{'latitude': 27.4957453, 'longitude': -81.4410425, 'fipsCode': '12055'}"
255307,,HighSchool,2021,,Adrian Chandler,Williston Elko,Howard,WR,73.0,180.0,,,Williston,SC,USA,"{'latitude': 33.4026478, 'longitude': -81.4201063, 'fipsCode': '45011'}"
255305,,HighSchool,2021,,Nahshawn Hezekiah,Orangeburg-Wilkinson,Howard,WR,74.0,200.0,,,Orangeburg,SC,USA,"{'latitude': 33.4918203, 'longitude': -80.8556476, 'fipsCode': '45075'}"
255302,,HighSchool,2021,,Amir Renwick,Woodlawn,Howard,ATH,74.0,207.0,,,Gwynn Oak,MD,USA,"{'latitude': 39.3265775, 'longitude': -76.7181764750945, 'fipsCode': '24005'}"
255300,,HighSchool,2021,,Da'Metrius Weatherspoon,Clairton,Howard,IOL,79.0,335.0,,,Clairton,PA,USA,"{'latitude': 40.2922938, 'longitude': -79.8817181, 'fipsCode': '42003'}"
255299,,HighSchool,2021,,Josh Graham,Norcross,Morgan State,S,69.0,175.0,,,Norcross,GA,USA,"{'latitude': 33.9412127, 'longitude': -84.2135309, 'fipsCode': '13135'}"
255298,,HighSchool,2021,,Chance Moore,River Rouge,Morgan State,OT,76.0,288.0,,,River Rouge,MI,USA,"{'latitude': 42.2729262, 'longitude': -83.1352891, 'fipsCode': '26163'}"
255297,,HighSchool,2021,,Taylor Kendrick,P.K. Yonge,Florida A&M,ILB,70.0,200.0,,,Gainesville,FL,USA,"{'latitude': 29.6519684, 'longitude': -82.3249846, 'fipsCode': '12001'}"
255296,,HighSchool,2021,,Jermaine Hawkins,Miami Killian,Florida A&M,WR,73.0,170.0,,,Miami,FL,USA,"{'latitude': 25.7742658, 'longitude': -80.1936589, 'fipsCode': '12086'}"
255295,,HighSchool,2021,,Jordan White,Gadsden County,Florida A&M,OG,75.0,290.0,,,Havana,FL,USA,"{'latitude': 30.6255617, 'longitude': -84.4153769, 'fipsCode': '12039'}"
255292,,HighSchool,2021,,Kobe Stewart,Thompson,Samford,EDGE,75.0,226.0,,,Alabaster,AL,USA,"{'latitude': 33.2442813, 'longitude': -86.8163773, 'fipsCode': '01117'}"
255291,,HighSchool,2021,,Devin Steen,Red Oak,Central Arkansas,ILB,72.0,185.0,,,Red Oak,TX,USA,"{'latitude': 32.5117104, 'longitude': -96.80836332870047, 'fipsCode': '48139'}"
255290,,HighSchool,2021,,Jalin Moore,Wilmer-Hutchins,Central Arkansas,WR,75.0,180.0,,,Dallas,TX,USA,"{'latitude': 32.7762719, 'longitude': -96.7968559, 'fipsCode': '48113'}"
255289,,HighSchool,2021,,Tyler Gee,Cabot,Central Arkansas,PRO,72.5,203.0,,,Cabot,AR,USA,"{'latitude': 34.974532, 'longitude': -92.0165336, 'fipsCode': '05085'}"
255288,,HighSchool,2021,,Montrell Smith,Carthage,Central Arkansas,TE,75.0,215.0,,,Carthage,TX,USA,"{'latitude': 32.1570412, 'longitude': -94.338114, 'fipsCode': '48365'}"
255287,,HighSchool,2021,,Brett Lynch,Cedar Hill,Central Arkansas,S,68.5,165.0,,,Cedar Hill,TX,USA,"{'latitude': 32.5888072, 'longitude': -96.9553675, 'fipsCode': '48113'}"
255286,,HighSchool,2021,,Sean Smith,Mansfield Summit,Central Arkansas,S,71.0,170.0,,,Arlington,TX,USA,"{'latitude': 32.701938999999996, 'longitude': -97.10562379033699, 'fipsCode': '48439'}"
255285,,HighSchool,2021,,Khristian Scott,Lakeland Christian School,Central Arkansas,WR,72.0,175.0,,,Lakeland,FL,USA,"{'latitude': 28.0394654, 'longitude': -81.9498042, 'fipsCode': '12105'}"
255284,,HighSchool,2021,,Bradley Clark,Pine Bluff,Central Arkansas,DL,74.0,280.0,,,Pine Bluff,AR,USA,"{'latitude': 34.2157064, 'longitude': -92.0140402, 'fipsCode': '05069'}"
255283,,HighSchool,2021,,Myles Butler,Montgomery Catholic Preparatory,Central Arkansas,WR,74.0,190.0,,,Montgomery,AL,USA,"{'latitude': 32.3669656, 'longitude': -86.3006485, 'fipsCode': '01101'}"
255281,,HighSchool,2021,,Kylin James,Dumas,Central Arkansas,RB,71.0,200.0,,,Dumas,AR,USA,"{'latitude': 33.8870477, 'longitude': -91.4917899, 'fipsCode': '05041'}"
255280,,HighSchool,2021,,Jayden Stanley,Menlo-Atherton,UC Davis,ATH,72.0,180.0,,,Menlo Park,CA,USA,"{'latitude': 37.4519671, 'longitude': -122.1779927, 'fipsCode': '06081'}"
255279,,HighSchool,2021,,Winston Williams,Immanuel Schools,UC Davis,TE,76.0,220.0,,,Reedley,CA,USA,"{'latitude': 36.5963395, 'longitude': -119.4504029, 'fipsCode': '06019'}"
255278,,HighSchool,2021,,Jake Parsons,Edison,UC Davis,OG,76.0,290.0,,,Huntington Beach,CA,USA,"{'latitude': 33.6783336, 'longitude': -118.0000166, 'fipsCode': '06059'}"
255277,,HighSchool,2021,,Rex Connors,Pleasant Grove,UC Davis,S,73.0,200.0,,,Pleasant Grove,UT,USA,"{'latitude': 40.3641184, 'longitude': -111.73854, 'fipsCode': '49049'}"
255276,,HighSchool,2021,,Landon Kardian,Holy Innocents Episcopal School,Kennesaw State,ATH,77.0,215.0,,,Atlanta,GA,USA,"{'latitude': 33.7490987, 'longitude': -84.3901849, 'fipsCode': '13121'}"
255275,,HighSchool,2021,,Anthony Ferguson,Troup County,Kennesaw State,APB,68.0,178.0,,,Lagrange,GA,USA,"{'latitude': 33.039291, 'longitude': -85.0313269, 'fipsCode': '13285'}"
255274,,HighSchool,2021,,Austin Eldred,Walton,Kennesaw State,S,71.0,170.0,,,Marietta,GA,USA,"{'latitude': 33.9528472, 'longitude': -84.5496148, 'fipsCode': '13067'}"
255273,,HighSchool,2021,,Tykeem Wallace,Thomas County Central,Kennesaw State,RB,69.0,160.0,,,Thomasville,GA,USA,"{'latitude': 30.8365815, 'longitude': -83.9787808, 'fipsCode': '13275'}"
255270,,HighSchool,2021,,Chance Gamble,Fitzgerald,Kennesaw State,S,74.0,170.0,,,Fitzgerald,GA,USA,"{'latitude': 31.7149082, 'longitude': -83.2526545, 'fipsCode': '13017'}"
255268,,HighSchool,2021,,George Ramirez,Red Mountain,Southern Utah,ATH,70.0,170.0,,,Mesa,AZ,USA,"{'latitude': 33.4151117, 'longitude': -111.8314773, 'fipsCode': '04013'}"
255267,,HighSchool,2021,,Devon Sa-Chisholm,Orem,Southern Utah,WR,73.0,185.0,,,Orem,UT,USA,"{'latitude': 40.2971825, 'longitude': -111.694943, 'fipsCode': '49049'}"
255266,,HighSchool,2021,,Dukari Glover,Stellar Prep,Southern Utah,RB,70.0,195.0,,,Hayward,CA,USA,"{'latitude': 37.6688205, 'longitude': -122.0807964, 'fipsCode': '06001'}"
255265,,HighSchool,2021,,Braxton Hickman,Snow Canyon,Southern Utah,S,75.0,205.0,,,St. George,UT,USA,"{'latitude': 37.104153, 'longitude': -113.5841313, 'fipsCode': '49053'}"
255264,,HighSchool,2021,,Kam Cullimore,Highland,Southern Utah,ILB,71.0,220.0,,,Gilbert,AZ,USA,"{'latitude': 33.3527632, 'longitude': -111.7890373, 'fipsCode': '04013'}"
255263,,HighSchool,2021,,Bodee Blackett,Juab,Southern Utah,S,72.0,195.0,,,Nephi,UT,USA,"{'latitude': 39.7102336, 'longitude': -111.8363216, 'fipsCode': '49023'}"
255262,,HighSchool,2021,,Mason Thueson,Roy,Southern Utah,TE,78.0,185.0,,,Roy,UT,USA,"{'latitude': 41.1617999, 'longitude': -112.0261903, 'fipsCode': '49057'}"
255261,,HighSchool,2021,,Bracken Schumann,Sky View,Southern Utah,OT,79.0,250.0,,,Smithfield,UT,USA,"{'latitude': 41.838429, 'longitude': -111.8328045, 'fipsCode': '49005'}"
255260,,HighSchool,2021,,Joe Tongamoa,St. Francis,Southern Utah,ILB,73.0,235.0,,,Mountain View,CA,USA,"{'latitude': 37.3893889, 'longitude': -122.0832101, 'fipsCode': '06085'}"
255259,,HighSchool,2021,,Jackson Berry,Prosper,Southern Utah,PRO,73.0,194.0,,,Prosper,TX,USA,"{'latitude': 33.2385763, 'longitude': -96.7866058, 'fipsCode': '48085'}"
255258,,HighSchool,2021,,Jonah Wright,Peoria,Southern Utah,OT,79.0,290.0,,,Peoria,AZ,USA,"{'latitude': 33.5806115, 'longitude': -112.2372942, 'fipsCode': '04013'}"
255257,,HighSchool,2021,,Chad Tasi,De La Salle,Southern Utah,IOL,73.0,260.0,,,Concord,CA,USA,"{'latitude': 37.9768525, 'longitude': -122.0335624, 'fipsCode': '06013'}"
255256,,HighSchool,2021,,Trevor Moser,Legacy,Southern Utah,SDE,75.0,256.0,,,North Las Vegas,NV,USA,"{'latitude': 36.2005843, 'longitude': -115.1215844, 'fipsCode': '32003'}"
255255,,HighSchool,2021,,Keilen Washington,Dixie,Southern Utah,CB,74.0,175.0,,,St. George,UT,USA,"{'latitude': 37.104153, 'longitude': -113.5841313, 'fipsCode': '49053'}"
255254,,HighSchool,2021,,Nathan Suaste,Hunter,Southern Utah,TE,76.0,200.0,,,Salt Lake City,UT,USA,"{'latitude': 40.7596198, 'longitude': -111.8867975, 'fipsCode': '49035'}"
255253,,HighSchool,2021,,David Spjut,Davis,Southern Utah,WR,69.0,170.0,,,Kaysville,UT,USA,"{'latitude': 41.0349847, 'longitude': -111.9383931, 'fipsCode': '49011'}"
255252,,HighSchool,2021,,Judah Ezinwa,Etiwanda,Southern Utah,TE,75.0,210.0,,,Rancho Cucamonga,CA,USA,"{'latitude': 34.1033192, 'longitude': -117.5751735, 'fipsCode': '06071'}"
255251,,HighSchool,2021,,Mata'ava Ta'ase,Mountain View,Southern Utah,TE,75.0,240.0,,,Mesa,AZ,USA,"{'latitude': 33.4151117, 'longitude': -111.8314773, 'fipsCode': '04013'}"
255250,,HighSchool,2021,,Kyle Sfarcioc,Liberty,Southern Utah,IOL,76.0,295.0,,,Peoria,AZ,USA,"{'latitude': 33.5806115, 'longitude': -112.2372942, 'fipsCode': '04013'}"
255249,,HighSchool,2021,,Jordan Barnett,Colonial Forge,Southern Utah,LB,71.0,220.0,,,Stafford,VA,USA,"{'latitude': 38.4222681, 'longitude': -77.4084067, 'fipsCode': '51179'}"
255248,,HighSchool,2021,,Wyatt Dawe,Pleasant Grove,Southern Utah,DT,74.0,280.0,,,Pleasant Grove,UT,USA,"{'latitude': 40.3641184, 'longitude': -111.73854, 'fipsCode': '49049'}"
255247,,HighSchool,2021,,Evan Rutkowski,Briar Woods,Towson,LB,74.0,200.0,,,Ashburn,VA,USA,"{'latitude': 39.0437192, 'longitude': -77.4874899, 'fipsCode': '51107'}"
255246,,HighSchool,2021,,Kaysen Mahuka-Kaawa,Damien Memorial School,Georgetown,OG,75.0,322.0,,,Honolulu,HI,USA,"{'latitude': 21.304547, 'longitude': -157.8556764, 'fipsCode': '15003'}"
255245,,HighSchool,2021,,Myles Jones,Brother Rice,Georgetown,ILB,72.0,228.0,,,Oak Lawn,IL,USA,"{'latitude': 41.7108662, 'longitude': -87.7581081, 'fipsCode': '17031'}"
255244,,HighSchool,2021,,VeRon Garrison,Dwight Morrow,Georgetown,DT,73.0,265.0,,,Englewood,NJ,USA,"{'latitude': 40.8928771, 'longitude': -73.9726381, 'fipsCode': '34003'}"
255243,,HighSchool,2021,,Kenneth Borders,Dallas Parish Episcopal,Georgetown,OLB,71.0,200.0,,,Dallas,TX,USA,"{'latitude': 32.7762719, 'longitude': -96.7968559, 'fipsCode': '48113'}"
255242,,HighSchool,2021,,Braxton Turner,Wasatch,Georgetown,IOL,75.0,295.0,,,Heber City,UT,USA,"{'latitude': 40.5065256, 'longitude': -111.4133091, 'fipsCode': '49051'}"
255241,,HighSchool,2021,,Mitchell Duea,West Linn,Georgetown,TE,78.0,235.0,,,West Linn,OR,USA,"{'latitude': 45.3656761, 'longitude': -122.6123141, 'fipsCode': '41005'}"
255240,,HighSchool,2021,,Ben Fewel,Richland,Georgetown,ATH,72.0,180.0,,,Richland,WA,USA,"{'latitude': 46.2804298, 'longitude': -119.2752055, 'fipsCode': '53005'}"
255239,,HighSchool,2021,,Dontae Owens,River Ridge,Georgetown,APB,69.0,170.0,,,Olympia,WA,USA,"{'latitude': 47.0451022, 'longitude': -122.8950075, 'fipsCode': '53067'}"
255238,,HighSchool,2021,,Kamren Watkins-Hunter,The Loomis Chaffee School,Georgetown,CB,73.0,170.0,,,Windsor,CT,USA,"{'latitude': 41.8525984, 'longitude': -72.6437022, 'fipsCode': '09003'}"
255237,,HighSchool,2021,,Carson Petlon,West Delaware,Northern Iowa,DT,78.0,295.0,,,Manchester,IA,USA,"{'latitude': 42.484154, 'longitude': -91.4554252, 'fipsCode': '19055'}"
255236,,HighSchool,2021,,Michael Olowo,Rogers,Northern Iowa,CB,72.0,190.0,,,Rogers,MN,USA,"{'latitude': 45.1888617, 'longitude': -93.5527318, 'fipsCode': '27053'}"
255235,,HighSchool,2021,,Ethan George,Raymore-Peculiar,Northern Iowa,DT,75.0,270.0,,,Peculiar,MO,USA,"{'latitude': 38.7145481, 'longitude': -94.4611204, 'fipsCode': '29037'}"
255234,,HighSchool,2021,,Dionysius Hogan,Peoria,Northern Iowa,ATH,76.0,195.0,,,Peoria,IL,USA,"{'latitude': 40.6938609, 'longitude': -89.5891008, 'fipsCode': '17143'}"
255233,,HighSchool,2021,,Tucker Langenberg,Urbandale,Northern Iowa,OLB,74.0,194.0,,,Urbandale,IA,USA,"{'latitude': 41.6274552, 'longitude': -93.7380624, 'fipsCode': '19153'}"
255232,,HighSchool,2021,,Caleb Frazer,Kimberly,Northern Iowa,RB,73.0,195.0,,,Kimberly,WI,USA,"{'latitude': 44.2717086, 'longitude': -88.3400807, 'fipsCode': '55087'}"
255231,,HighSchool,2021,,Drew Clausen,Dallas Center-grimes Community,Northern Iowa,LS,78.0,260.0,,,Grimes,IA,USA,"{'latitude': None, 'longitude': None, 'fipsCode': None}"
255230,,HighSchool,2021,,Carter Hewitt,South Hamilton,Northern Iowa,DL,78.0,250.0,,,Jewell,IA,USA,"{'latitude': 42.3069254, 'longitude': -93.6402159, 'fipsCode': '19079'}"
255229,,HighSchool,2021,,Bronya Todd,Pinkston,Stephen F. Austin,ATH,69.0,155.0,,,Dallas,TX,USA,"{'latitude': 32.7762719, 'longitude': -96.7968559, 'fipsCode': '48113'}"
255228,,HighSchool,2021,,Isaiah Smith,Kenwood Academy,Stephen F. Austin,WR,71.0,170.0,,,Chicago,IL,USA,"{'latitude': 41.8755616, 'longitude': -87.6244212, 'fipsCode': '17031'}"
255227,,HighSchool,2021,,Rylan Wilcox,Lubbock-Cooper,Stephen F. Austin,S,70.0,165.0,,,Lubbock,TX,USA,"{'latitude': 33.5635206, 'longitude': -101.879336, 'fipsCode': '48303'}"
255226,,HighSchool,2021,,Davin Lemmons,Amarillo,Stephen F. Austin,WR,70.0,150.0,,,Amarillo,TX,USA,"{'latitude': 35.2072185, 'longitude': -101.8338246, 'fipsCode': '48375'}"
255225,,HighSchool,2021,,Luke Watson,Gilmer,Stephen F. Austin,OLB,73.0,205.0,,,Gilmer,TX,USA,"{'latitude': 32.7312256, 'longitude': -94.9469309, 'fipsCode': '48459'}"
255224,,HighSchool,2021,,Griffin Edwards,Grapevine,Stephen F. Austin,TE,77.0,210.0,,,Grapevine,TX,USA,"{'latitude': 32.9337381, 'longitude': -97.0788754, 'fipsCode': '48439'}"
255223,,HighSchool,2021,,Dave Babalola,George Ranch,Stephen F. Austin,WDE,76.0,217.0,,,Richmond,TX,USA,"{'latitude': 29.5821811, 'longitude': -95.7607832, 'fipsCode': '48157'}"
255222,,HighSchool,2021,,Donnie Moody,Converse Judson,Stephen F. Austin,ILB,72.0,210.0,,,Converse,TX,USA,"{'latitude': 29.5180081, 'longitude': -98.3161241, 'fipsCode': '48029'}"
255220,,HighSchool,2021,,Dozie Ifeadi,Bishop TK Gorman,Lamar,WR,74.0,185.0,,,Tyler,TX,USA,"{'latitude': 32.3512601, 'longitude': -95.3010624, 'fipsCode': '48423'}"
255219,,HighSchool,2021,,Daelyn Williams,Spring Dekaney,Lamar,ATH,70.0,165.0,,,Houston,TX,USA,"{'latitude': 29.7589382, 'longitude': -95.3676974, 'fipsCode': '48201'}"
255214,,HighSchool,2021,,Dane Jentsch,Grandview,Lamar,ATH,69.0,170.0,,,Grandview,TX,USA,"{'latitude': 32.2666506, 'longitude': -97.1785429, 'fipsCode': '48251'}"
255213,,HighSchool,2021,,Jacob Bayer,Grandview,Lamar,IOL,76.0,315.0,,,Grandview,TX,USA,"{'latitude': 32.2666506, 'longitude': -97.1785429, 'fipsCode': '48251'}"
255211,,HighSchool,2021,,Breylon Charles,Sophie B. Wright,Lamar,EDGE,74.5,230.0,,,New Orleans,LA,USA,"{'latitude': 29.9499323, 'longitude': -90.0701156, 'fipsCode': '22071'}"
255210,,HighSchool,2021,,Drew Moss,Richardson,Lamar,IOL,76.0,300.0,,,Richardson,TX,USA,"{'latitude': 32.9481789, 'longitude': -96.7297206, 'fipsCode': '48113'}"
255209,,HighSchool,2021,,Damashja Harris,Ellison,Lamar,RB,74.0,205.0,,,Killeen,TX,USA,"{'latitude': 31.1171441, 'longitude': -97.727796, 'fipsCode': '48027'}"
255208,,HighSchool,2021,,Blake Gotcher,Frisco Lone Star,Lamar,LB,73.0,195.0,,,Frisco,TX,USA,"{'latitude': 33.1506744, 'longitude': -96.8236116, 'fipsCode': '48085'}"
255207,,HighSchool,2021,,Aidan Sayin,Carlsbad,Pennsylvania,PRO,74.0,185.0,,,Carlsbad,CA,USA,"{'latitude': 33.1580933, 'longitude': -117.3505966, 'fipsCode': '06073'}"
255206,,HighSchool,2021,,Davis Ellis,The Bolles School,Pennsylvania,WR,72.0,185.0,,,Jacksonville,FL,USA,"{'latitude': 30.3321838, 'longitude': -81.655651, 'fipsCode': '12031'}"
255205,,HighSchool,2021,,Devin Spencer,Corona Centennial,Pennsylvania,OG,75.0,270.0,,,Corona,CA,USA,"{'latitude': 33.8752945, 'longitude': -117.5664449, 'fipsCode': '06065'}"
255204,,HighSchool,2021,,Jake Peterson,The John Cooper School,Pennsylvania,OLB,74.0,210.0,,,The Woodlands,TX,USA,"{'latitude': 30.1734194, 'longitude': -95.504686, 'fipsCode': '48339'}"
255203,,HighSchool,2021,,Julien Stokes,Grace Brethren,Pennsylvania,RB,68.0,160.0,,,Simi Valley,CA,USA,"{'latitude': 34.2694474, 'longitude': -118.781482, 'fipsCode': '06111'}"
255103,,HighSchool,2021,,Harrison Wilkes,Houston,Austin Peay,OG,75.0,290.0,,,Germantown,TN,USA,"{'latitude': 35.0867577, 'longitude': -89.8100858, 'fipsCode': '47157'}"
255102,,HighSchool,2021,,Denver Parker,De Smet Jesuit,Austin Peay,CB,70.0,180.0,,,St. Louis,MO,USA,"{'latitude': 38.6268039, 'longitude': -90.1994097, 'fipsCode': '29510'}"
255101,,HighSchool,2021,,Kobe Nash,Buckhorn,Austin Peay,OG,74.0,322.0,,,New Market,AL,USA,"{'latitude': 34.895672000000005, 'longitude': -86.41498977939412, 'fipsCode': '01089'}"
255100,,HighSchool,2021,,Jackson Griner,Glenwood School,Austin Peay,LB,74.0,210.0,,,Phenix City,AL,USA,"{'latitude': 32.4709761, 'longitude': -85.0007653, 'fipsCode': '01113'}"
255099,,HighSchool,2021,,Tae Gayden,Mangham,Austin Peay,WR,75.0,184.0,,,Mangham,LA,USA,"{'latitude': 32.3090366, 'longitude': -91.7748485, 'fipsCode': '22083'}"
255098,,HighSchool,2021,,Tyree Pharr,Theodore,Austin Peay,DL,73.0,250.0,,,Theodore,AL,USA,"{'latitude': 30.547295, 'longitude': -88.18020367595204, 'fipsCode': '01097'}"
255097,,HighSchool,2021,,Anietie Ntekop,Roswell,Austin Peay,OT,76.0,255.0,,,Roswell,GA,USA,"{'latitude': 34.02332, 'longitude': -84.360022, 'fipsCode': '13121'}"
255096,,HighSchool,2021,,Chandler Kirton,Duncan U. Fletcher,Austin Peay,IOL,74.0,285.0,,,Neptune Beach,FL,USA,"{'latitude': 30.311908, 'longitude': -81.3964734, 'fipsCode': '12031'}"
255095,,HighSchool,2021,,Alexander Whitmore,Whitehaven,Austin Peay,DL,75.0,255.0,,,Memphis,TN,USA,"{'latitude': 35.1490215, 'longitude': -90.0516285, 'fipsCode': '47157'}"
255090,,HighSchool,2021,,Will Spain,IMG Academy,Austin Peay,LS,71.0,209.0,,,Bradenton,FL,USA,"{'latitude': 27.4989278, 'longitude': -82.5748194, 'fipsCode': '12081'}"
255089,,HighSchool,2021,,Kellen Stewart,Terry,Austin Peay,WR,69.0,150.0,,,Rosenberg,TX,USA,"{'latitude': 29.5571825, 'longitude': -95.8085623, 'fipsCode': '48157'}"
255088,,HighSchool,2021,,Malachi Williams,Cathedral Catholic,Northern Arizona,CB,71.0,,,,San Diego,CA,USA,"{'latitude': 32.7174209, 'longitude': -117.1627714, 'fipsCode': '06073'}"
255087,,HighSchool,2021,,Diallo Williams,Peoria Centennial,Northern Arizona,ATH,73.0,180.0,,,Peoria,AZ,USA,"{'latitude': 33.5806115, 'longitude': -112.2372942, 'fipsCode': '04013'}"
255085,,HighSchool,2021,,Andrew Mason,Perry,Northern Arizona,OT,77.0,280.0,,,Gilbert,AZ,USA,"{'latitude': 33.3527632, 'longitude': -111.7890373, 'fipsCode': '04013'}"
255084,,HighSchool,2021,,Marzion Cosby,Peoria Centennial,Northern Arizona,ATH,72.0,165.0,,,Peoria,AZ,USA,"{'latitude': 33.5806115, 'longitude': -112.2372942, 'fipsCode': '04013'}"
255082,,HighSchool,2021,,Holden Whipple,West Salem,Northern Arizona,OT,77.0,285.0,,,Salem,OR,USA,"{'latitude': 44.9391565, 'longitude': -123.033121, 'fipsCode': '41047'}"
255081,,HighSchool,2021,,Dante Smith Jr.,Desert Ridge,Northern Arizona,IOL,74.0,290.0,,,Mesa,AZ,USA,"{'latitude': 33.4151117, 'longitude': -111.8314773, 'fipsCode': '04013'}"
255080,,HighSchool,2021,,Joe MaQatish,Santiam Christian School,Northern Arizona,TE,80.0,245.0,,,Corvallis,OR,USA,"{'latitude': 44.5645659, 'longitude': -123.2620435, 'fipsCode': '41003'}"
255079,,HighSchool,2021,,Quinn Carolan,O'Dea,Northern Arizona,TE,77.0,230.0,,,Seattle,WA,USA,"{'latitude': 47.6038321, 'longitude': -122.3300624, 'fipsCode': '53033'}"
255077,,HighSchool,2021,,Seth Smith,Chandler,Northern Arizona,OT,78.0,285.0,,,Chandler,AZ,USA,"{'latitude': 33.3062223, 'longitude': -111.8413317, 'fipsCode': '04013'}"
255076,,HighSchool,2021,,Walter Young Bear,Norman North,Tulsa,IOL,75.0,312.0,,,Norman,OK,USA,"{'latitude': 35.2225717, 'longitude': -97.4394816, 'fipsCode': '40027'}"
255068,,HighSchool,2021,,Bennie Garner,Simpson County Academy,Southern Miss,LB,74.0,238.0,,,Mendenhall,MS,USA,"{'latitude': 31.9622006, 'longitude': -89.8702079, 'fipsCode': '28127'}"
255067,,HighSchool,2021,,Drew Lawson,Bob Jones,Southern Miss,IOL,74.0,300.0,,,Madison,AL,USA,"{'latitude': 34.6928726, 'longitude': -86.7511427, 'fipsCode': '01089'}"
255066,,HighSchool,2021,,Dontae Pollard,Penn Hills,Akron,CB,71.0,170.0,,,Pittsburgh,PA,USA,"{'latitude': 40.4416941, 'longitude': -79.9900861, 'fipsCode': '42003'}"
255064,,HighSchool,2021,,Anthony Richard Jr.,Lafayette Christian Academy,Marshall,CB,72.0,165.0,,,Lafayette,LA,USA,"{'latitude': 30.2240897, 'longitude': -92.0198427, 'fipsCode': '22055'}"
255063,,HighSchool,2021,,Zane Porter,Spring Valley,Marshall,LB,75.0,210.0,,,Huntington,WV,USA,"{'latitude': 38.4192496, 'longitude': -82.445154, 'fipsCode': '54011'}"
255062,,HighSchool,2021,,Cade Cunningham,Heritage,Marshall,QB,76.0,195.0,,,Wake Forest,NC,USA,"{'latitude': 35.9803138, 'longitude': -78.5103731, 'fipsCode': '37183'}"
255061,,HighSchool,2021,,Andrew Glass,Wheeling Park,Kent State,K,70.0,172.0,,,Wheeling,WV,USA,"{'latitude': 40.0639616, 'longitude': -80.7209149, 'fipsCode': '54069'}"
255059,,HighSchool,2021,,John Adams,Deptford Township,Temple,WR,74.0,185.0,,,Woodbury,NJ,USA,"{'latitude': 39.8381691, 'longitude': -75.1526774, 'fipsCode': '34015'}"
255056,,HighSchool,2021,,Paolo Gennarelli,St. Charles North,Army,IOL,75.0,275.0,,,St. Charles,IL,USA,"{'latitude': 41.9139509, 'longitude': -88.31253, 'fipsCode': '17089'}"
255055,,HighSchool,2021,,Max Didomenico,Samuel Clemens,Army,PRO,70.5,190.0,,,Schertz,TX,USA,"{'latitude': 29.5641617, 'longitude': -98.2695702, 'fipsCode': '48187'}"
255053,,HighSchool,2021,,Cody Bradford,Flowery Branch,Army,OT,75.0,270.0,,,Flowery Branch,GA,USA,"{'latitude': 34.1851017, 'longitude': -83.9251809, 'fipsCode': '13139'}"
255052,,HighSchool,2021,,Donavon Platt,Ragsdale,Army,CB,71.0,170.0,,,Jamestown,NC,USA,"{'latitude': 35.9941053, 'longitude': -79.9356589, 'fipsCode': '37081'}"
255051,,HighSchool,2021,,Josiah Johnson,San Diego,Oregon State,S,70.0,187.0,,,San Diego,CA,USA,"{'latitude': 32.7174209, 'longitude': -117.1627714, 'fipsCode': '06073'}"
255049,,HighSchool,2021,,Gabe Milbourn,Sonora,Oregon State,TE,77.0,225.0,,,Sonora,CA,USA,"{'latitude': 37.9840911, 'longitude': -120.3821381, 'fipsCode': '06109'}"
255048,,HighSchool,2021,,Jordan Brown,Jireh Prep Academy,Charlotte,IOL,77.0,320.0,,,Matthews,NC,USA,"{'latitude': 35.1170873, 'longitude': -80.723718, 'fipsCode': '37119'}"
255047,,HighSchool,2021,,Freddie Felton,Ola,Charlotte,WR,76.0,195.0,,,Mcdonough,GA,USA,"{'latitude': 33.4473361, 'longitude': -84.1468616, 'fipsCode': '13151'}"
255046,,HighSchool,2021,,JD Therrell,Clover,Charlotte,OT,76.0,280.0,,,Clover,SC,USA,"{'latitude': 44.0380716, 'longitude': -87.7016818, 'fipsCode': '55071'}"
255044,,HighSchool,2021,,John Anderson,Hough,Charlotte,S,70.0,171.0,,,Cornelius,NC,USA,"{'latitude': 35.4817982, 'longitude': -80.8589501, 'fipsCode': '37119'}"
255043,,HighSchool,2021,,Zach Long,Hillsborough,Troy,K,75.0,191.0,,,Tampa,FL,USA,"{'latitude': 27.9477595, 'longitude': -82.458444, 'fipsCode': '12057'}"
255042,,HighSchool,2021,,Denver Warren,St. Thomas More (Prep),Bowling Green,DL,75.0,310.0,,,Oakdale,CT,USA,"{'latitude': 41.4662093, 'longitude': -72.1573008, 'fipsCode': '09011'}"
255040,,HighSchool,2021,,Shamoun Duncan-Niusulu,James Logan,Bowling Green,ATH,73.0,195.0,,,Union City,CA,USA,"{'latitude': 37.5963232, 'longitude': -122.0816297, 'fipsCode': '06001'}"
255039,,HighSchool,2021,,Sam Knipe,State College Area,Navy,S,73.0,195.0,,,State College,PA,USA,"{'latitude': 40.7944504, 'longitude': -77.8616386, 'fipsCode': '42027'}"
255038,,HighSchool,2021,,Bryan Graves,Miramonte,Navy,CB,71.0,180.0,,,Orinda,CA,USA,"{'latitude': 37.8771476, 'longitude': -122.1796888, 'fipsCode': '06013'}"
255036,,HighSchool,2021,,Preston Carr,Person,Navy,DL,75.0,245.0,,,Roxboro,NC,USA,"{'latitude': 36.3937519, 'longitude': -78.9827881, 'fipsCode': '37145'}"
255033,,HighSchool,2021,,Landon Robinson,Copley,Navy,DL,73.0,230.0,,,Akron,OH,USA,"{'latitude': 41.083064, 'longitude': -81.518485, 'fipsCode': '39153'}"
255527,,HighSchool,2021,,Julius Loughridge,Mayde Creek,Fordham,RB,72.0,210.0,,,Houston,TX,USA,"{'latitude': 29.7589382, 'longitude': -95.3676974, 'fipsCode': '48201'}"
255031,,HighSchool,2021,,Keshawn Lynch,Heritage,Old Dominion,EDGE,75.0,240.0,,,Newport News,VA,USA,"{'latitude': 36.9786449, 'longitude': -76.4321089, 'fipsCode': '51700'}"
255027,,HighSchool,2021,,Will Kacmarek,Mary Institute & St. Louis Country Day,Ohio,DL,78.0,240.0,,,St. Louis,MO,USA,"{'latitude': 38.6268039, 'longitude': -90.1994097, 'fipsCode': '29510'}"
255026,,HighSchool,2021,,Antonio Spencer,St. Thomas Aquinas,UL Monroe,WR,67.0,140.0,,,Fort Lauderdale,FL,USA,"{'latitude': 26.1223084, 'longitude': -80.1433786, 'fipsCode': '12011'}"
255528,,HighSchool,2021,,David Evbomenya,Sprayberry,Fordham,OT,77.0,286.0,,,Marietta,GA,USA,"{'latitude': 33.9528472, 'longitude': -84.5496148, 'fipsCode': '13067'}"
255529,,HighSchool,2021,,Nate Summerville,Shawnee,Fordham,WR,77.0,210.0,,,Medford,NJ,USA,"{'latitude': 39.9009472, 'longitude': -74.8234961, 'fipsCode': '34005'}"
255019,,HighSchool,2021,,Jesus Gomez,Mexico,Eastern Michigan,K,73.0,218.0,,,Mexico,,MEX,"{'latitude': None, 'longitude': None, 'fipsCode': None}"
255018,,HighSchool,2021,,Jalik Yancey,Campbell,Eastern Michigan,CB,71.0,173.0,,,Smyrna,GA,USA,"{'latitude': 33.883887, 'longitude': -84.5147454, 'fipsCode': '13067'}"
255530,,HighSchool,2021,,Elizjah Lewis,Salisbury School,Sacred Heart,WR,73.0,210.0,,,Salisbury,CT,USA,"{'latitude': 41.983426, 'longitude': -73.4212318, 'fipsCode': '09005'}"
255015,,HighSchool,2021,,Shancco Matautia,Servite,New Mexico,IOL,75.0,320.0,,,Anaheim,CA,USA,"{'latitude': 33.8347516, 'longitude': -117.911732, 'fipsCode': '06059'}"
255013,,HighSchool,2021,,Colin Blazek,Venice,Ball State,PRO,75.0,195.0,,,Venice,FL,USA,"{'latitude': 27.0999188, 'longitude': -82.4543597, 'fipsCode': '12115'}"
255010,,HighSchool,2021,,Branson Tita-Nwa,DeSoto Central,Air Force,S,72.0,200.0,,,Southaven,MS,USA,"{'latitude': 34.9889818, 'longitude': -90.0125913, 'fipsCode': '28033'}"
255009,,HighSchool,2021,,Aidan Plate,Archbishop Alter,Air Force,S,73.0,195.0,,,Dayton,OH,USA,"{'latitude': 39.7589478, 'longitude': -84.1916069, 'fipsCode': '39113'}"
255008,,HighSchool,2021,,Tre Horner,Steilacoom,Air Force,WR,74.0,170.0,,,Steilacoom,WA,USA,"{'latitude': 47.1703692, 'longitude': -122.5962874, 'fipsCode': '53053'}"
255007,,HighSchool,2021,,Jarius Stewart,Calhoun,Air Force,CB,68.0,166.0,,,Port Lavaca,TX,USA,"{'latitude': 28.6149968, 'longitude': -96.6260892, 'fipsCode': '48057'}"
255006,,HighSchool,2021,,Joshua Sauickie,St. Thomas Aquinas,Air Force,OG,75.0,285.0,,,Fort Lauderdale,FL,USA,"{'latitude': 26.1223084, 'longitude': -80.1433786, 'fipsCode': '12011'}"
255004,,HighSchool,2021,,Chris Crouch,Barron Collier,Georgia Southern,S,72.0,200.0,,,Naples,FL,USA,"{'latitude': 26.1421976, 'longitude': -81.7942944, 'fipsCode': '12021'}"
255001,,HighSchool,2021,,Cole Feinauer,Cheshire Academy,Colorado State,OT,79.0,300.0,,,Cheshire,CT,USA,"{'latitude': 41.4989861, 'longitude': -72.900658, 'fipsCode': '09009'}"
255000,,HighSchool,2021,,Carson Voss,Dansville,Western Michigan,P,72.0,160.0,,,Dansville,MI,USA,"{'latitude': None, 'longitude': None, 'fipsCode': None}"
254999,,HighSchool,2021,,Malique Dieudonne,Palmetto Ridge,Western Michigan,WR,74.0,175.0,,,Naples,FL,USA,"{'latitude': 26.1421976, 'longitude': -81.7942944, 'fipsCode': '12021'}"
254981,,HighSchool,2021,,Jonathon Batzke,ProKick Australia,Toledo,P,73.0,200.0,,,Australia,,AUS,"{'latitude': None, 'longitude': None, 'fipsCode': None}"
254979,,HighSchool,2021,,Kamryn Waites,Universal Academy,Louisiana,OT,80.0,372.0,,,Irving,TX,USA,"{'latitude': 32.8295183, 'longitude': -96.9442177, 'fipsCode': '48113'}"
254977,,HighSchool,2021,,Colton Fitzgerald,Saugus,Boise State,QB,74.0,195.0,,,Santa Clarita,CA,USA,"{'latitude': 34.3916641, 'longitude': -118.542586, 'fipsCode': '06037'}"
255531,,HighSchool,2021,,Ethan Rodriguez,St. Peter's Prep,Sacred Heart,ATH,73.0,225.0,,,Jersey City,NJ,USA,"{'latitude': 40.7281575, 'longitude': -74.0776417, 'fipsCode': '34017'}"
254975,,HighSchool,2021,,De'Juan Sease,Bamberg-Ehrhardt,South Florida,DL,74.0,287.0,,,Bamberg,SC,USA,"{'latitude': 33.2971012, 'longitude': -81.0348202, 'fipsCode': '45009'}"
254973,,HighSchool,2021,,Katin Surprenant,Upland,Colorado,LB,74.0,225.0,,,Upland,CA,USA,"{'latitude': 34.09751, 'longitude': -117.6483876, 'fipsCode': '06071'}"
254972,,HighSchool,2021,,Will Gavin,St. Thomas Aquinas,Kansas,CB,73.0,180.0,,,Lenexa,KS,USA,"{'latitude': 38.9697458, 'longitude': -94.7845837, 'fipsCode': '20091'}"
254971,,HighSchool,2021,,Reece Thomas,Lansing,Kansas,WR,70.0,185.0,,,Lansing,KS,USA,"{'latitude': 39.248739, 'longitude': -94.900246, 'fipsCode': '20103'}"
254953,,HighSchool,2021,,Kyle Lowe,Cosby,Virginia Tech,K,74.0,200.0,,,Midlothian,VA,USA,"{'latitude': 37.5062673, 'longitude': -77.649268, 'fipsCode': '51041'}"
255532,,HighSchool,2021,,Blaise Heshler,Central Dauphin,Sacred Heart,OT,77.0,280.0,,,Harrisburg,PA,USA,"{'latitude': 40.2663107, 'longitude': -76.8861122, 'fipsCode': '42043'}"
254950,,HighSchool,2021,,CJ Rogers,Argyle,Baylor,QB,75.0,205.0,,,Argyle,TX,USA,"{'latitude': 33.110156, 'longitude': -97.17940980147037, 'fipsCode': '48121'}"
254949,,HighSchool,2021,,Josh Cameron,Cedar Park,Baylor,WR,73.0,180.0,,,Cedar Park,TX,USA,"{'latitude': 30.5217116, 'longitude': -97.827833, 'fipsCode': '48491'}"
254948,,HighSchool,2021,,Caden Biser,Morgantown,West Virginia,LB,72.0,228.0,,,Morgantown,WV,USA,"{'latitude': 39.6296809, 'longitude': -79.9559437, 'fipsCode': '54061'}"
254947,,HighSchool,2021,,Dylan Ray,Noblesville,West Virginia,IOL,77.0,293.0,,,Noblesville,IN,USA,"{'latitude': 40.0455918, 'longitude': -86.0085955, 'fipsCode': '18057'}"
254946,,HighSchool,2021,,Gabe Krug,Christian,Louisville,DUAL,73.0,200.0,,,El Cajon,CA,USA,"{'latitude': 32.7947731, 'longitude': -116.9625269, 'fipsCode': '06073'}"
254945,,HighSchool,2021,,Jarard Mosely,Cardinal Newman,Kentucky,S,74.0,193.0,,,West Palm Beach,FL,USA,"{'latitude': 26.715364, 'longitude': -80.0532942, 'fipsCode': '12099'}"
255533,,HighSchool,2021,,Travis Burke,South Broward,Gardner-Webb,OT,78.0,260.0,,,Hollywood,FL,USA,"{'latitude': 26.0112014, 'longitude': -80.1494901, 'fipsCode': '12011'}"
254942,,HighSchool,2021,,Noah Bennee,Olympus,Utah,TE,76.0,240.0,,,Salt Lake City,UT,USA,"{'latitude': 40.7596198, 'longitude': -111.8867975, 'fipsCode': '49035'}"
254939,,HighSchool,2021,,Jake Jennings,Gig Harbor,Washington,LB,76.0,210.0,,,Gig Harbor,WA,USA,"{'latitude': 47.3259697, 'longitude': -122.5878659, 'fipsCode': '53053'}"
255535,,HighSchool,2021,,Amare Bryant,Clayton,Gardner-Webb,S,73.0,205.0,,,Clayton,NC,USA,"{'latitude': 35.650711, 'longitude': -78.4563914, 'fipsCode': '37101'}"
254936,,HighSchool,2021,,Thomas Aden,St. Edward,Pittsburgh,IOL,74.0,284.0,,,Lakewood,OH,USA,"{'latitude': 41.4819932, 'longitude': -81.7981908, 'fipsCode': '39035'}"
254935,,HighSchool,2021,,Akâ€™Bar Shabazz II,Harrison,Pittsburgh,CB,72.0,170.0,,,Kennesaw,GA,USA,"{'latitude': 34.0234337, 'longitude': -84.6154897, 'fipsCode': '13067'}"
254931,,HighSchool,2021,,Ben Chizmar,Mars Area,Penn State,LB,73.0,211.0,,,Mars,PA,USA,"{'latitude': 40.6958342, 'longitude': -80.011878, 'fipsCode': '42019'}"
255536,,HighSchool,2021,,Kendall McKoy,Western Alamance,Gardner-Webb,QB,75.0,220.0,,,Elon,NC,USA,"{'latitude': 36.1029132, 'longitude': -79.5066895, 'fipsCode': '37001'}"
254928,,HighSchool,2021,,Keyshawn Lawrence,Starkville,Ole Miss,LB,72.0,230.0,,,Starkville,MS,USA,"{'latitude': 33.4503998, 'longitude': -88.8183872, 'fipsCode': '28105'}"
254926,,HighSchool,2021,,Kellan Hood,Richmond,North Carolina,WR,70.75,185.0,,,Rockingham,NC,USA,"{'latitude': 34.9393201, 'longitude': -79.7739457, 'fipsCode': '37153'}"
254921,,HighSchool,2021,,Theo Bravos,Sutter,USC,LB,70.0,210.0,,,Sutter,CA,USA,"{'latitude': 39.156868, 'longitude': -121.74959344630915, 'fipsCode': '06101'}"
254919,,HighSchool,2021,,Tavion Faulk,Carencro,LSU,QB,71.0,180.0,,,Lafayette,LA,USA,"{'latitude': 30.2240897, 'longitude': -92.0198427, 'fipsCode': '22055'}"
254918,,HighSchool,2021,,Damian Ramos,St. Paul's School,LSU,K,74.0,186.0,,,Baltimore,MD,USA,"{'latitude': 39.2908816, 'longitude': -76.610759, 'fipsCode': '24510'}"
254916,,HighSchool,2021,,Mason Arnold,Carrollwood Day,Ohio State,LS,74.0,240.0,,,Tampa,FL,USA,"{'latitude': 27.9477595, 'longitude': -82.458444, 'fipsCode': '12057'}"
255537,,HighSchool,2021,,Jamari Nelson,Eau Gallie,Gardner-Webb,S,70.0,160.0,,,Melbourne,FL,USA,"{'latitude': 28.0836269, 'longitude': -80.6081089, 'fipsCode': '12009'}"
255538,,HighSchool,2021,,TJ Jones,Eau Gallie,Gardner-Webb,ATH,70.0,170.0,,,Melbourne,FL,USA,"{'latitude': 28.0836269, 'longitude': -80.6081089, 'fipsCode': '12009'}"
255539,,HighSchool,2021,,Devin Bale,La Jolla,Northern Colorado,P,75.0,216.0,,,La Jolla,CA,USA,"{'latitude': 32.83259, 'longitude': -117.2716839, 'fipsCode': '06073'}"
255540,,HighSchool,2021,,L'Cier Luter,Cass Technical,Northern Colorado,DL,75.0,340.0,,,Detroit,MI,USA,"{'latitude': 42.3315509, 'longitude': -83.0466403, 'fipsCode': '26163'}"
255541,,HighSchool,2021,,Jax Brown,Little Elm,Northern Colorado,DT,75.0,265.0,,,Little Elm,TX,USA,"{'latitude': 33.1626194, 'longitude': -96.9375051, 'fipsCode': '48121'}"
255542,,HighSchool,2021,,Jaylen Byrd,Montbello,Northern Colorado,CB,75.0,195.0,,,Denver,CO,USA,"{'latitude': 39.7392364, 'longitude': -104.9848623, 'fipsCode': '08031'}"
255543,,HighSchool,2021,,Jacquez Robertson,Mission Viejo,Northern Colorado,RB,67.0,185.0,,,Mission Viejo,CA,USA,"{'latitude': 33.5965685, 'longitude': -117.659405, 'fipsCode': '06059'}"
255544,,HighSchool,2021,,Varney Farhnbullah,Cox Mill,The Citadel,DUAL,73.0,191.0,,,Concord,NC,USA,"{'latitude': 35.4093772, 'longitude': -80.5797416, 'fipsCode': '37025'}"
255545,,HighSchool,2021,,Ian Adams,Christ School,The Citadel,OG,75.0,303.0,,,Arden,NC,USA,"{'latitude': 35.4661821, 'longitude': -82.5164242, 'fipsCode': '37021'}"
255546,,HighSchool,2021,,Andrew Oliver,Lakeridge,The Citadel,ATH,72.0,200.0,,,Lake Oswego,OR,USA,"{'latitude': 45.4206749, 'longitude': -122.6706498, 'fipsCode': '41005'}"
255547,,HighSchool,2021,,Caleb Curtain,Grimsley,Elon,WR,74.0,185.0,,,Greensboro,NC,USA,"{'latitude': 36.0726355, 'longitude': -79.7919754, 'fipsCode': '37081'}"
255548,,HighSchool,2021,,Johncarlos Miller II,Dudley,Elon,TE,76.0,230.0,,,Greensboro,NC,USA,"{'latitude': 36.0726355, 'longitude': -79.7919754, 'fipsCode': '37081'}"
255549,,HighSchool,2021,,Luke Duska,Roman Catholic,Elon,IOL,77.0,303.0,,,Philadelphia,PA,USA,"{'latitude': 39.9527237, 'longitude': -75.1635262, 'fipsCode': '42101'}"
255550,,HighSchool,2021,,ZyMere Reddick,Scotland County,Elon,OLB,75.0,200.0,,,Laurinburg,NC,USA,"{'latitude': 34.7740495, 'longitude': -79.4628248, 'fipsCode': '37165'}"
255551,,HighSchool,2021,,Jamarien Dalton,North Davidson,Elon,WR,74.0,180.0,,,Lexington,NC,USA,"{'latitude': 35.8240265, 'longitude': -80.2533838, 'fipsCode': '37057'}"
255553,,HighSchool,2021,,T.J. Young,Dacula,Elon,ILB,74.0,225.0,,,Dacula,GA,USA,"{'latitude': 33.9887165, 'longitude': -83.8979573, 'fipsCode': '13135'}"
255554,,HighSchool,2021,,Elijah Hills,Delbarton School,UAlbany,DL,74.0,280.0,,,Morristown,NJ,USA,"{'latitude': 40.7970384, 'longitude': -74.4809492, 'fipsCode': '34027'}"
