gameId,season,week,startDate,homeTeam,awayTeam,win_home,winPctDiff,pointDifferentialAvgDiff,pointsForAvgDiff,pointsAgainstAvgDiff,yardsPerPassAttemptDiff,yardsPerRushAttemptDiff,pointsForTrendDiff,pointsAgainstTrendDiff,pointDifferentialTrendDiff,totalYardsTrendDiff,netPassingYardsTrendDiff,winPctTrendDiff,priorSOSWinPctDiff,priorSOSPointDiffDiff
401532570,2023,1,2023-09-02 17:00:00+00:00,Air Force,Robert Morris,1,,,,,,,,,,,,,,
401532581,2023,3,2023-09-16 00:00:00+00:00,Air Force,Utah State,1,0.5,2.5,-18.5,21.0,12.587719298245617,-1.967217828900072,0.0,-0.0,0.0,0.0,0.0,0.0,0.0,-6.0
401532589,2023,5,2023-10-01 00:00:00+00:00,Air Force,San Diego State,1,0.6,28.0,13.55,14.45,11.50886524822695,1.440894993354009,2.116666666666667,2.5500000000000025,4.666666666666668,-16.550000000000015,-60.11666666666662,0.4,-0.5277777777777778,-13.25
401532598,2023,7,2023-10-14 23:00:00+00:00,Air Force,Wyoming,1,0.16666666666666663,23.4,11.433333333333334,11.966666666666669,15.346070656092284,0.6612465269007322,5.900000000000002,-7.63333333333334,-1.733333333333337,36.60000000000002,28.66666666666663,-0.1666666666666666,-0.3458333333333333,5.3075
401520361,2023,10,2023-11-04 18:30:00+00:00,Air Force,Army,0,0.75,25.625,13.5,12.125,8.297556390977443,1.1619621830378764,8.833333333333332,6.541666666666666,15.374999999999995,5.416666666666686,38.91666666666664,0.25,-0.15167233560090704,-7.317120181405896
401532624,2023,12,2023-11-18 20:30:00+00:00,Air Force,UNLV,0,0.0,0.7000000000000011,-7.899999999999999,8.600000000000001,3.591609589041097,0.42917795408344706,-14.766666666666667,-9.933333333333334,-24.699999999999996,-63.133333333333326,-26.466666666666686,-0.33333333333333326,-0.13928571428571423,-2.1554673721340394
401532399,2023,2,2023-09-09 22:00:00+00:00,Akron,Morgan State,1,-1.0,-10.0,4.0,-14.0,-0.546419098143236,0.1645962732919255,0.0,-0.0,0.0,0.0,0.0,0.0,,
401532412,2023,5,2023-09-30 16:00:00+00:00,Akron,Buffalo,0,0.25,6.25,-11.0,17.25,-0.03167498708899963,-0.30685555274475096,-5.0,1.0833333333333286,-3.916666666666668,-0.3333333333333144,-8.5,0.0833333333333333,0.05555555555555558,-0.11111111111111072
401532418,2023,6,2023-10-07 19:30:00+00:00,Akron,Northern Illinois,0,0.0,-0.6000000000000005,-2.1999999999999993,1.6000000000000014,-0.2727272727272716,0.06152347555036064,-3.7999999999999954,3.3999999999999986,-0.39999999999999947,40.19999999999999,3.333333333333343,0.0,0.06250000000000011,-1.1875000000000009
401532436,2023,10,2023-11-01 23:30:00+00:00,Akron,Kent State,1,0.0,6.5,2.875,3.625,-0.5982773851590109,0.1223451083966105,-2.541666666666668,-9.958333333333329,-12.5,-23.58333333333337,-4.375000000000028,0.0,-0.12482993197278913,-9.880952380952381
401532452,2023,13,2023-11-24 17:00:00+00:00,Akron,Ohio,0,-0.5454545454545455,-19.0,-6.272727272727273,-12.727272727272737,-1.248394245577133,-0.8538406160010013,2.272727272727274,7.393939393939405,9.666666666666668,37.51515151515156,25.545454545454533,0.2121212121212121,0.0058333333333333015,-1.6379365079365078
401520149,2023,1,2023-09-02 23:30:00+00:00,Alabama,Middle Tennessee,1,,,,,,,,,,,,,,
401520183,2023,2,2023-09-09 23:00:00+00:00,Alabama,Texas,0,0.0,22.0,19.0,3.0,1.0833333333333321,1.073717948717949,0.0,-0.0,0.0,0.0,0.0,0.0,,
401520250,2023,4,2023-09-23 19:30:00+00:00,Alabama,Ole Miss,1,-0.33333333333333337,-18.333333333333332,-20.33333333333332,2.0000000000000018,-3.9745085995085976,-0.6554334554334549,0.0,-0.0,0.0,0.0,0.0,0.0,-0.08333333333333337,-2.25
401520316,2023,7,2023-10-14 16:00:00+00:00,Alabama,Arkansas,1,0.5,10.0,-0.16666666666666075,10.166666666666663,1.2056737588652489,0.7582683982683989,5.833333333333332,5.833333333333339,11.666666666666666,29.833333333333314,18.0,0.4999999999999999,0.1166666666666667,10.166666666666666
401520333,2023,8,2023-10-21 19:30:00+00:00,Alabama,Tennessee,1,0.023809523809523725,-2.3571428571428577,-3.3571428571428577,1.0,2.663299663299661,-2.0754951263425845,-1.9761904761904783,-4.6666666666666625,-6.642857142857144,7.642857142857224,51.404761904761926,-0.023809523809523697,0.288888888888889,14.15
401520362,2023,10,2023-11-04 23:45:00+00:00,Alabama,LSU,1,0.125,-6.75,-16.75,10.0,-1.198022378350247,-2.0363734194242666,-8.25,-11.333333333333329,-19.583333333333332,3.249999999999943,62.5,-0.125,0.08809523809523823,2.533333333333333
401520401,2023,12,2023-11-18 17:00:00+00:00,Alabama,Chattanooga,1,0.20000000000000007,4.5,2.0,2.5,0.8032219146973247,0.3555145118733507,15.666666666666657,-11.166666666666668,4.500000000000002,85.23333333333335,45.23333333333329,0.1333333333333332,0.37923280423280425,26.585846560846562
401539483,2023,14,2023-12-02 21:00:00+00:00,Alabama,Georgia,1,-0.08333333333333337,-5.9999999999999964,-3.8333333333333357,-2.166666666666668,0.5851299508294154,-0.7949061064275833,10.833333333333336,0.5000000000000073,11.333333333333329,70.25,79.66666666666669,0.0833333333333333,0.09419191919191927,8.839164370982552
401531835,2023,1,2023-09-02 19:30:00+00:00,App State,Gardner-Webb,1,,,,,,,,,,,,,,
401531412,2023,3,2023-09-16 19:30:00+00:00,App State,East Carolina,1,0.5,30.0,31.5,-1.5,3.541044776119403,0.3162715517241379,0.0,-0.0,0.0,0.0,0.0,0.0,0.0,10.0
401531888,2023,7,2023-10-10 23:30:00+00:00,App State,Coastal Carolina,0,0.19999999999999996,-1.6000000000000005,5.599999999999998,-7.199999999999999,-0.8198513625103212,0.4338891877353417,-8.266666666666662,2.1999999999999993,-6.066666666666666,-24.0,-5.2666666666666515,0.1333333333333333,-0.10416666666666674,-9.083333333333332
401531898,2023,9,2023-10-28 19:30:00+00:00,App State,Southern Miss,1,0.2857142857142857,20.0,11.714285714285715,8.285714285714288,1.9394920963980304,0.6302044221944101,-0.38095238095237915,0.7142857142857013,0.3333333333333295,16.857142857142833,59.85714285714286,0.0476190476190477,-0.04166666666666674,-5.161111111111111
401531905,2023,10,2023-11-04 22:00:00+00:00,App State,Marshall,1,0.0,7.0,9.75,-2.75,1.4446173033158907,1.0117845491466744,8.25,3.416666666666668,11.666666666666668,65.45833333333331,55.416666666666686,0.33333333333333337,-0.11828231292517005,-7.381462585034012
401531922,2023,13,2023-11-25 20:30:00+00:00,App State,Georgia Southern,1,0.09090909090909094,3.3636363636363633,2.7272727272727195,0.6363636363636402,1.708126550868486,0.2543203841619457,5.606060606060609,18.363636363636367,23.96969696969697,27.181818181818187,44.03030303030306,0.909090909090909,-0.04503968253968249,-5.609246031746031
401523989,2023,1,2023-09-03 02:00:00+00:00,Arizona,Northern Arizona,1,,,,,,,,,,,,,,
401520219,2023,3,2023-09-17 03:00:00+00:00,Arizona,UTEP,1,0.16666666666666669,20.666666666666668,14.666666666666668,6.0,1.476978691019788,0.7253605769230766,0.0,-0.0,0.0,0.0,0.0,0.0,1.0,58.0
401524021,2023,5,2023-10-01 02:00:00+00:00,Arizona,Washington,0,-0.25,-20.25,-21.25,1.0,-3.8008714596949886,0.6579783852511136,-1.0833333333333286,-4.9999999999999964,-6.083333333333329,-17.583333333333314,4.916666666666629,-0.0833333333333333,-0.33333333333333337,-19.05555555555556
401524039,2023,9,2023-10-29 02:30:00+00:00,Arizona,Oregon State,1,-0.2857142857142857,-6.571428571428571,-6.285714285714288,-0.28571428571428825,-0.8199855699855698,-0.47265800865800944,6.285714285714288,-2.7142857142857117,3.571428571428571,22.66666666666669,-14.428571428571388,-0.38095238095238093,0.020634920634920673,6.517857142857146
401524045,2023,10,2023-11-05 02:30:00+00:00,Arizona,UCLA,1,-0.125,-5.625,0.375,-6.0,0.012338028169013526,-0.2626525884344648,5.625000000000007,1.3333333333333393,6.958333333333334,6.666666666666689,33.041666666666686,0.1249999999999999,-0.0591836734693878,7.731292517006803
401524058,2023,12,2023-11-18 19:30:00+00:00,Arizona,Utah,1,0.0,2.6999999999999993,5.800000000000001,-3.099999999999998,1.179350778703367,0.4904289506776589,-6.13333333333334,5.766666666666659,-0.36666666666666536,-57.133333333333326,-37.0,0.6666666666666665,0.033774250440917086,1.0295414462081123
401523987,2023,1,2023-09-01 02:00:00+00:00,Arizona State,Southern Utah,1,,,,,,,,,,,,,,
401523998,2023,2,2023-09-10 02:30:00+00:00,Arizona State,Oklahoma State,0,0.0,-11.0,-3.0,-8.0,1.279569892473119,-0.8358633776091082,0.0,-0.0,0.0,0.0,0.0,0.0,,
401524005,2023,3,2023-09-17 02:30:00+00:00,Arizona State,Fresno State,0,-0.5,-8.0,-17.0,9.0,-0.4738095238095239,0.12406793703396835,0.0,-0.0,0.0,0.0,0.0,0.0,1.0,39.0
401524014,2023,4,2023-09-24 02:30:00+00:00,Arizona State,USC,0,-0.6666666666666667,-54.666666666666664,-46.333333333333336,-8.333333333333336,-5.211978399607265,-3.747240051347882,0.0,-0.0,0.0,0.0,0.0,0.0,0.0,-4.25
401524026,2023,6,2023-10-07 22:30:00+00:00,Arizona State,Colorado,0,-0.39999999999999997,-9.0,-16.6,7.600000000000001,-1.4659631698737847,0.2846628679962011,2.9333333333333336,2.399999999999988,5.333333333333332,51.80000000000001,91.93333333333334,0.0666666666666666,0.375,4.041666666666666
401524040,2023,9,2023-10-29 00:00:00+00:00,Arizona State,Washington State,1,-0.4285714285714286,-12.428571428571429,-15.857142857142854,3.4285714285714306,-2.4695730091943284,-0.12962962962962976,17.523809523809522,10.238095238095234,27.761904761904763,170.66666666666669,118.47619047619054,0.4285714285714286,0.1694444444444445,0.3333333333333339
401524059,2023,12,2023-11-18 21:00:00+00:00,Arizona State,Oregon,0,-0.6000000000000001,-38.9,-28.599999999999998,-10.299999999999997,-3.3104076452142754,-3.0050156800872627,3.2666666666666693,-2.0333333333333385,1.233333333333336,-14.933333333333337,-89.66666666666666,0.2666666666666667,0.21177248677248683,6.401146384479718
401524064,2023,13,2023-11-25 20:30:00+00:00,Arizona State,Arizona,0,-0.4545454545454546,-23.545454545454547,-14.81818181818182,-8.727272727272723,-2.2659628141642534,-1.541352730807958,-8.515151515151516,-8.606060606060609,-17.121212121212118,-99.21212121212125,-77.06060606060609,-0.2121212121212121,0.07698412698412704,-0.15876984126984262
401520150,2023,1,2023-09-02 20:00:00+00:00,Arkansas,Western Carolina,1,,,,,,,,,,,,,,
401520184,2023,2,2023-09-09 20:00:00+00:00,Arkansas,Kent State,1,1.0,93.0,50.0,43.0,6.428750000000001,0.30555555555555536,0.0,-0.0,0.0,0.0,0.0,0.0,,
401520220,2023,3,2023-09-16 23:30:00+00:00,Arkansas,BYU,0,0.0,13.0,14.5,-1.5,1.733566433566434,0.647823261858349,0.0,-0.0,0.0,0.0,0.0,0.0,0.0,-47.0
401520279,2023,5,2023-09-30 16:00:00+00:00,Arkansas,Texas A&M,0,-0.25,-8.25,-3.25,-5.0,0.6723684210526315,-1.0582494349702078,-2.4166666666666643,-0.6666666666666714,-3.083333333333334,-11.5,-20.583333333333314,-0.0833333333333333,-0.44444444444444453,-25.61111111111111
401520334,2023,8,2023-10-21 16:00:00+00:00,Arkansas,Mississippi State,0,-0.2142857142857143,4.0476190476190474,-0.3095238095238102,4.357142857142858,0.43828802776171205,-1.879955636216979,-8.023809523809518,2.3095238095238138,-5.7142857142857135,-115.50000000000006,-91.1428571428572,-0.1190476190476191,0.07833333333333325,-4.062222222222221
401520380,2023,11,2023-11-11 21:00:00+00:00,Arkansas,Auburn,0,-0.22222222222222227,-1.9999999999999996,0.6666666666666679,-2.6666666666666607,0.4683267802533857,-1.6568279240661359,-5.9999999999999964,-1.0,-7.000000000000002,-31.22222222222223,-53.44444444444443,-0.111111111111111,-0.015382495590828937,-4.29577270723104
401520402,2023,12,2023-11-19 00:30:00+00:00,Arkansas,Florida International,1,-0.10000000000000003,9.8,6.800000000000001,3.0,-0.3126480457954992,0.3885073260073262,-7.799999999999997,2.666666666666672,-5.133333333333333,28.133333333333326,-22.23333333333329,0.09999999999999999,0.3193672839506173,14.050501543209876
401520426,2023,13,2023-11-24 21:00:00+00:00,Arkansas,Missouri,0,-0.45454545454545464,-8.090909090909092,-5.0909090909090935,-3.0,-2.212516143024734,-0.8435465859712665,6.0909090909090935,-8.999999999999996,-2.909090909090907,60.515151515151445,10.848484848484816,0.4545454545454546,-0.03138888888888891,-3.12361111111111
401531427,2023,2,2023-09-09 23:00:00+00:00,Arkansas State,Memphis,0,-1.0,-115.0,-56.0,-59.0,-3.1003898635477576,-2.7502527805864507,0.0,-0.0,0.0,0.0,0.0,0.0,,
401531846,2023,3,2023-09-16 23:00:00+00:00,Arkansas State,Stony Brook,1,0.0,-31.0,-12.0,-19.0,0.5405965202982603,-2.362202288895762,0.0,-0.0,0.0,0.0,0.0,0.0,1.0,49.0
401531874,2023,4,2023-09-23 23:00:00+00:00,Arkansas State,Southern Miss,1,0.0,-12.666666666666668,-7.333333333333334,-5.333333333333336,-1.2124542124542135,1.6578282828282829,0.0,-0.0,0.0,0.0,0.0,0.0,-0.25,-1.5
401531896,2023,8,2023-10-21 23:00:00+00:00,Arkansas State,Coastal Carolina,0,0.0,-20.833333333333336,-8.0,-12.833333333333332,-1.3964931440359187,-0.14972831993044888,17.0,9.5,26.5,14.0,28.33333333333337,0.3333333333333332,-0.24333333333333346,-5.093333333333334
401531908,2023,10,2023-11-04 19:00:00+00:00,Arkansas State,Louisiana,1,-0.125,-16.75,-9.875,-6.875,0.3355341509788774,-1.42957654723127,-0.125,0.875,0.7499999999999991,49.95833333333337,66.45833333333331,-0.2083333333333332,-0.04081632653061229,-2.9581632653061227
401531919,2023,12,2023-11-18 20:00:00+00:00,Arkansas State,Texas State,1,-0.09999999999999998,-13.7,-11.399999999999999,-2.3000000000000007,-0.5189661851790355,-0.8089248095932584,12.733333333333327,10.3,23.033333333333335,86.56666666666672,48.06666666666672,0.43333333333333324,0.011948853615520283,2.8157407407407415
401520185,2023,2,2023-09-09 16:00:00+00:00,Army,Delaware State,1,,,,,,,,,,,,,,
401520298,2023,6,2023-10-07 16:00:00+00:00,Army,Boston College,0,0.09999999999999998,17.4,2.9499999999999993,14.450000000000003,3.161616161616161,-0.24111519607843146,5.716666666666658,3.2166666666666686,8.933333333333332,7.399999999999977,-9.76666666666668,0.23333333333333328,0.0,5.0
401520317,2023,7,2023-10-14 19:30:00+00:00,Army,Troy,0,-0.2666666666666666,1.5,1.56666666666667,-0.06666666666666998,1.6457674050632907,-0.6802646720368237,-6.56666666666667,-16.933333333333323,-23.499999999999993,-92.39999999999998,-26.43333333333331,-0.4,-0.21999999999999997,-0.6588888888888889
401520349,2023,9,2023-10-28 16:00:00+00:00,Army,Massachusetts,0,0.1607142857142857,14.357142857142858,-1.875,16.232142857142858,0.28044871794871806,0.05739058165522959,-7.458333333333332,-0.23214285714285765,-7.690476190476193,-29.73809523809524,-21.708333333333314,-0.1607142857142857,0.13396825396825396,13.803333333333335
401520381,2023,11,2023-11-11 17:00:00+00:00,Army,Holy Cross,1,-0.3333333333333333,-14.222222222222221,-19.66666666666668,5.444444444444443,-1.2836881755650191,-2.2823968484345842,-5.333333333333323,2.222222222222225,-3.1111111111111107,-40.55555555555554,-19.777777777777743,0.0,0.19404761904761914,15.480272108843538
401520403,2023,12,2023-11-18 17:00:00+00:00,Army,Coastal Carolina,1,-0.29999999999999993,-10.9,-10.0,-0.9000000000000021,-0.581514206514206,-0.24086021505376376,-3.0,5.900000000000004,2.8999999999999995,8.900000000000038,34.23333333333329,-0.03333333333333338,0.013177910052910136,7.433101851851853
401520445,2023,15,2023-12-09 20:00:00+00:00,Army,Navy,1,0.0,3.4545454545454546,2.545454545454536,0.9090909090909101,1.4607843137254894,0.0641832284696564,1.7878787878787998,8.090909090909092,9.878787878787879,-18.484848484848442,-57.60606060606062,0.3333333333333334,0.1612506012506012,8.517449494949494
401520151,2023,1,2023-09-02 19:30:00+00:00,Auburn,Massachusetts,1,,,,,,,,,,,,,,
401520221,2023,3,2023-09-16 23:00:00+00:00,Auburn,Samford,1,1.0,47.5,29.5,18.0,-2.193277310924371,3.1829268292682924,0.0,-0.0,0.0,0.0,0.0,0.0,1.0,67.0
401520280,2023,5,2023-09-30 19:30:00+00:00,Auburn,Georgia,0,-0.25,-14.25,-9.5,-4.75,-2.3222873307738947,0.16361096560153676,-6.833333333333336,0.7499999999999982,-6.083333333333336,-19.416666666666625,10.916666666666659,-0.0833333333333333,0.38888888888888895,20.72222222222222
401520335,2023,8,2023-10-21 23:00:00+00:00,Auburn,Ole Miss,0,-0.33333333333333337,-13.333333333333332,-13.99999999999999,0.6666666666666607,-3.448389879240942,-0.09616634178037753,-0.6666666666666785,-3.6666666666666607,-4.333333333333336,-43.333333333333314,-12.833333333333343,-0.33333333333333326,0.002777777777777768,0.40000000000000213
401520350,2023,9,2023-10-28 19:30:00+00:00,Auburn,Mississippi State,1,-0.1428571428571429,1.7142857142857144,-0.14285714285714235,1.8571428571428577,-0.9186816619806306,0.028525701374506163,-1.8571428571428585,-12.523809523809526,-14.38095238095238,3.8095238095239026,27.33333333333331,-0.5238095238095237,0.19325396825396823,4.468650793650793
401520404,2023,12,2023-11-18 21:00:00+00:00,Auburn,New Mexico State,0,-0.12727272727272732,0.8909090909090915,0.5727272727272741,0.31818181818181657,-1.8150658494032639,-0.9278229448961159,8.760606060606062,7.015151515151517,15.775757575757575,137.12727272727278,93.44848484848481,0.12727272727272732,0.20533509700176367,14.578880070546738
401520427,2023,13,2023-11-25 20:30:00+00:00,Auburn,Alabama,0,-0.36363636363636376,-13.090909090909093,-9.0,-4.09090909090909,-2.932694938440493,0.42331610059961466,-13.666666666666666,5.09090909090909,-8.57575757575757,-75.57575757575756,-19.909090909090878,0.0303030303030304,-0.07006755870392223,-4.4241915912370455
401520152,2023,1,2023-09-03 02:15:00+00:00,BYU,Sam Houston,1,,,,,,,,,,,,,,
401525828,2023,2,2023-09-09 19:00:00+00:00,BYU,Southern Utah,1,1.0,17.0,-7.0,24.0,-3.3282828282828287,0.48766603415559784,0.0,-0.0,0.0,0.0,0.0,0.0,,
401525851,2023,5,2023-09-30 02:15:00+00:00,BYU,Cincinnati,1,0.25,-0.75,-0.75,-0.0,-0.9851570964247021,-2.554040404040404,17.083333333333336,-4.333333333333329,12.75,82.16666666666669,94.41666666666669,0.0833333333333333,-0.16666666666666674,-9.16666666666667
401525867,2023,8,2023-10-21 23:00:00+00:00,BYU,Texas Tech,1,0.23809523809523814,-5.476190476190476,-4.619047619047617,-0.8571428571428577,0.8597130625940075,-2.6176470588235294,-7.38095238095239,-8.80952380952381,-16.19047619047619,-10.0,23.880952380952323,-0.5714285714285714,-0.09444444444444455,-6.191666666666666
401525886,2023,11,2023-11-12 03:15:00+00:00,BYU,Iowa State,0,0.0,-6.888888888888889,-0.6666666666666714,-6.222222222222221,-0.9296726755218216,-0.8622905470629765,-12.999999999999995,-3.7777777777777786,-16.77777777777778,-44.44444444444446,-66.33333333333331,-0.3333333333333332,-0.07514880952380953,2.3218749999999986
401525893,2023,12,2023-11-18 17:00:00+00:00,BYU,Oklahoma,0,-0.30000000000000004,-28.8,-19.9,-8.899999999999999,-3.3253045596937003,-1.2323283938000338,-10.099999999999993,-1.7666666666666728,-11.866666666666662,-24.266666666666712,-19.366666666666674,-0.033333333333333326,-0.09237213403880074,-0.3458553791887109
401532402,2023,3,2023-09-16 18:00:00+00:00,Ball State,Indiana State,1,0.0,-5.5,5.0,-10.5,1.8196853569987899,-0.4525200086523906,0.0,-0.0,0.0,0.0,0.0,0.0,1.0,61.0
401531871,2023,4,2023-09-23 18:00:00+00:00,Ball State,Georgia Southern,0,-0.3333333333333333,-20.333333333333336,-11.666666666666668,-8.666666666666671,-1.571428571428572,-0.5458216837527177,0.0,-0.0,0.0,0.0,0.0,0.0,-0.25,-12.25
401532419,2023,7,2023-10-14 18:00:00+00:00,Ball State,Toledo,0,-0.6666666666666667,-35.0,-24.333333333333336,-10.666666666666664,-2.491253930817611,-2.5384615384615383,-4.999999999999988,4.666666666666657,-0.3333333333333339,-57.33333333333326,28.66666666666669,-0.3333333333333332,0.24666666666666662,7.193333333333333
401532425,2023,8,2023-10-21 19:30:00+00:00,Ball State,Central Michigan,1,-0.4285714285714286,-7.857142857142857,-7.714285714285715,-0.14285714285714235,-0.9622726411519515,-0.07894736842105265,2.3809523809523823,-2.8571428571428577,-0.4761904761904767,-16.809523809523796,-31.809523809523796,-0.238095238095238,-0.06388888888888888,-5.8888888888888875
401532448,2023,12,2023-11-18 19:00:00+00:00,Ball State,Kent State,1,0.19999999999999998,9.5,2.4000000000000004,7.099999999999998,-1.0308604038630378,1.0698193030259575,1.9333333333333353,8.233333333333338,10.166666666666664,3.8000000000000096,-83.79999999999998,0.46666666666666656,-0.03893298059964734,-4.386596119929453
401532454,2023,13,2023-11-25 17:00:00+00:00,Ball State,Miami (OH),0,-0.45454545454545464,-18.272727272727273,-9.636363636363637,-8.636363636363637,-2.732945067587,-0.28016306652290357,10.636363636363637,2.6363636363636367,13.272727272727273,80.39393939393938,30.36363636363636,0.12121212121212127,0.015317460317460285,4.833214285714285
401525817,2023,1,2023-09-02 23:00:00+00:00,Baylor,Texas State,0,,,,,,,,,,,,,,
401523999,2023,2,2023-09-09 16:00:00+00:00,Baylor,Utah,0,-1.0,-24.0,7.0,-31.0,2.280632411067196,-0.125,0.0,-0.0,0.0,0.0,0.0,0.0,,
401525834,2023,3,2023-09-16 16:00:00+00:00,Baylor,Long Island University,1,0.0,5.0,12.0,-7.0,3.1603942652329744,-0.9368107302533528,0.0,-0.0,0.0,0.0,0.0,0.0,1.0,31.5
401525844,2023,4,2023-09-23 23:30:00+00:00,Baylor,Texas,0,-0.6666666666666667,-17.66666666666666,-9.333333333333332,-8.333333333333334,-0.584263689526848,0.39106576352568023,0.0,-0.0,0.0,0.0,0.0,0.0,-0.5,-29.0
401525858,2023,6,2023-10-08 00:00:00+00:00,Baylor,Texas Tech,0,0.0,-13.600000000000001,-10.000000000000004,-3.599999999999998,1.0610787942887363,-1.064596880056171,-0.33333333333333215,-6.06666666666667,-6.399999999999999,13.466666666666697,24.133333333333265,0.0,-0.10416666666666663,-17.041666666666668
401525873,2023,9,2023-10-28 19:30:00+00:00,Baylor,Iowa State,0,-0.1428571428571429,-9.857142857142858,0.14285714285714235,-10.0,0.5719204553439674,-0.42656366521980216,1.5238095238095184,0.33333333333333215,1.8571428571428568,-33.428571428571445,44.190476190476204,0.1428571428571429,-0.1416666666666666,-4.511111111111113
401525880,2023,10,2023-11-04 19:30:00+00:00,Baylor,Houston,0,0.0,-0.25,-2.75,2.5,0.19062408691982213,-0.510848549946294,2.4166666666666607,1.8333333333333357,4.25,11.041666666666686,38.375,0.0,0.136734693877551,3.2312925170068025
401525902,2023,13,2023-11-26 00:00:00+00:00,Baylor,West Virginia,0,-0.36363636363636365,-15.09090909090909,-9.0,-6.09090909090909,-0.7233851925041446,-1.7961740579338632,-2.0,-6.90909090909091,-8.90909090909091,-97.33333333333331,-31.454545454545467,-0.3030303030303029,0.018381834215167703,-0.7816578483245165
401525827,2023,2,2023-09-09 23:00:00+00:00,Boise State,UCF,0,-1.0,-87.0,-37.0,-50.0,-3.9258358662613997,-3.5279503105590067,0.0,-0.0,0.0,0.0,0.0,0.0,,
401532582,2023,3,2023-09-16 16:00:00+00:00,Boise State,North Dakota,1,-1.0,-51.0,-28.5,-22.5,-4.258500435919791,-1.5272230397309228,0.0,-0.0,0.0,0.0,0.0,0.0,1.0,85.0
401532592,2023,6,2023-10-08 00:00:00+00:00,Boise State,San José State,1,0.2,2.2,0.40000000000000213,1.7999999999999972,1.540344724914812,-0.16712215320911028,3.599999999999998,-6.799999999999999,-3.1999999999999993,9.200000000000044,7.9333333333333105,0.1333333333333333,-0.02083333333333337,-0.41666666666666785
401532607,2023,9,2023-10-28 21:30:00+00:00,Boise State,Wyoming,1,-0.2857142857142858,-1.8571428571428572,3.4285714285714306,-5.285714285714285,1.075805793553652,0.5159715786221817,0.23809523809523725,0.6190476190476133,0.8571428571428577,3.2857142857143344,-28.285714285714278,-0.04761904761904749,-0.05277777777777759,14.041666666666668
401532616,2023,11,2023-11-12 03:00:00+00:00,Boise State,New Mexico,1,0.1111111111111111,9.0,2.555555555555557,6.444444444444446,-0.05660224135130765,0.212480370896583,1.4444444444444429,5.555555555555554,7.0,0.0,-32.111111111111114,-0.1111111111111111,0.34508928571428577,21.134970238095242
401532625,2023,13,2023-11-24 21:00:00+00:00,Boise State,Air Force,1,-0.18181818181818188,-4.636363636363635,4.09090909090909,-8.727272727272727,-3.4076381986390407,0.19884830838128842,20.575757575757578,15.393939393939398,35.96969696969697,71.96969696969694,-14.939393939393952,0.8484848484848485,0.20107142857142862,10.253134920634917
401525464,2023,1,2023-09-02 16:00:00+00:00,Boston College,Northern Illinois,0,,,,,,,,,,,,,,
401525490,2023,2,2023-09-09 16:00:00+00:00,Boston College,Holy Cross,1,-1.0,-25.0,-18.0,-7.0,-9.150375939849624,-1.9033613445378146,0.0,-0.0,0.0,0.0,0.0,0.0,,
401525500,2023,3,2023-09-16 16:00:00+00:00,Boston College,Florida State,0,-0.5,-37.0,-28.0,-9.0,-3.4351946721311473,-1.4441443179625697,0.0,-0.0,0.0,0.0,0.0,0.0,0.0,-4.0
401525513,2023,5,2023-09-30 18:00:00+00:00,Boston College,Virginia,1,0.25,9.5,7.25,2.25,-1.4212184873949578,2.1873878129428435,-1.25,-6.583333333333336,-7.833333333333334,-15.416666666666686,-24.666666666666686,0.0833333333333333,0.11111111111111116,4.222222222222225
401520351,2023,9,2023-10-28 16:00:00+00:00,Boston College,UConn,1,0.4285714285714286,8.571428571428571,8.57142857142857,-0.0,1.1535545023696683,0.7761859369743194,-8.571428571428571,6.0,-2.571428571428571,-34.47619047619048,-67.80952380952382,0.2380952380952381,0.009126984126984095,7.186904761904762
401525547,2023,11,2023-11-11 17:00:00+00:00,Boston College,Virginia Tech,0,0.2222222222222222,1.1111111111111112,3.3333333333333286,-2.222222222222218,-0.07829919626652959,0.6367482106612536,-1.666666666666668,5.555555555555554,3.8888888888888884,14.33333333333331,-0.22222222222225696,0.1111111111111111,-0.08169642857142867,-0.7723214285714288
401525560,2023,13,2023-11-24 17:00:00+00:00,Boston College,Miami,0,0.0,-11.272727272727273,-5.454545454545457,-5.8181818181818095,-1.0803037275655782,-0.6247282608695652,4.787878787878785,6.818181818181813,11.606060606060606,-15.939393939393995,-9.212121212121186,0.3333333333333333,-0.12567460317460322,-0.508015873015875
401532400,2023,2,2023-09-09 18:00:00+00:00,Bowling Green,Eastern Illinois,1,-1.0,-37.0,-3.0,-34.0,-3.451612903225807,2.804147465437788,0.0,-0.0,0.0,0.0,0.0,0.0,,
401532405,2023,4,2023-09-23 19:30:00+00:00,Bowling Green,Ohio,0,-0.4166666666666667,-9.0,5.916666666666668,-14.916666666666668,1.993566352986365,0.4427246522120565,-1.25,-2.75,-4.0,22.16666666666669,32.91666666666666,-0.25,0.25,12.75
401532429,2023,8,2023-10-21 18:00:00+00:00,Bowling Green,Akron,1,0.2857142857142857,5.142857142857142,4.000000000000002,1.1428571428571423,0.9826096588391664,0.8764581124072115,5.333333333333332,4.523809523809518,9.857142857142858,33.76190476190481,20.476190476190514,0.38095238095238093,0.2250000000000001,11.72777777777778
401532435,2023,10,2023-11-01 23:00:00+00:00,Bowling Green,Ball State,1,0.25,10.125,6.125,4.0,0.481694185211774,0.4076588664662948,2.208333333333334,-4.333333333333329,-2.124999999999999,-49.666666666666686,-15.791666666666671,0.0833333333333333,0.1149659863945578,7.27108843537415
401532443,2023,12,2023-11-15 00:00:00+00:00,Bowling Green,Toledo,0,-0.30000000000000004,-15.1,-10.799999999999997,-4.300000000000001,-1.7313971742543162,-1.0045548654244305,15.133333333333335,3.9666666666666686,19.099999999999998,79.96666666666664,-10.266666666666623,0.30000000000000016,0.21785714285714297,8.534964726631394
401532401,2023,2,2023-09-09 22:00:00+00:00,Buffalo,Fordham,0,-0.5,-25.5,-12.5,-13.0,-3.6070023603461836,1.1051282051282048,0.0,-0.0,0.0,0.0,0.0,0.0,,
401520222,2023,3,2023-09-16 16:00:00+00:00,Buffalo,Liberty,0,-1.0,-25.0,-6.5,-18.5,-2.8463223787167458,-1.260891089108911,0.0,-0.0,0.0,0.0,0.0,0.0,0.0,-8.5
401532415,2023,6,2023-10-07 18:00:00+00:00,Buffalo,Central Michigan,1,-0.39999999999999997,-3.5999999999999996,0.5999999999999979,-4.200000000000003,-1.6415329156295604,-0.7024509803921566,-0.2666666666666658,-1.1333333333333258,-1.3999999999999997,-9.666666666666686,-28.06666666666669,0.06666666666666671,-0.1875,-12.749999999999998
401532421,2023,7,2023-10-14 19:30:00+00:00,Buffalo,Bowling Green,0,0.0,4.500000000000001,9.33333333333334,-4.833333333333332,-0.5015787937485063,-0.5087257075779306,4.999999999999989,12.833333333333332,17.833333333333332,32.833333333333314,3.1666666666666536,0.3333333333333333,-0.20666666666666667,-11.916666666666668
401532439,2023,11,2023-11-08 00:30:00+00:00,Buffalo,Ohio,0,-0.3333333333333333,-10.777777777777779,2.6666666666666643,-13.444444444444445,-1.4640095806370281,0.008518302180685389,-1.9999999999999964,16.444444444444443,14.444444444444445,-33.66666666666663,-82.44444444444446,0.3333333333333333,0.05992772108843547,-0.7646683673469389
401532449,2023,13,2023-11-22 00:30:00+00:00,Buffalo,Eastern Michigan,0,-0.18181818181818177,-0.7272727272727275,1.8181818181818166,-2.545454545454543,-0.2554599422689403,0.2678062678062676,-15.484848484848484,18.21212121212121,2.7272727272727275,-48.75757575757581,-72.09090909090907,-0.1515151515151516,0.12003968253968256,7.2422619047619055
401520186,2023,2,2023-09-10 02:30:00+00:00,California,Auburn,0,0.0,-8.0,-1.0,-7.0,0.13641025641025806,-0.12175324675324717,0.0,-0.0,0.0,0.0,0.0,0.0,,
401524006,2023,3,2023-09-16 20:00:00+00:00,California,Idaho,1,-0.5,-9.5,-3.5,-6.0,-6.525974025974027,-0.7787162162162158,0.0,-0.0,0.0,0.0,0.0,0.0,1.0,97.0
401524022,2023,5,2023-09-30 19:00:00+00:00,California,Arizona State,1,0.25,18.0,16.0,2.0,0.20031796502384758,2.0257489365553445,-6.000000000000005,0.6666666666666643,-5.333333333333339,-54.25,-19.91666666666669,0.0833333333333334,0.0,15.388888888888893
401524027,2023,6,2023-10-08 02:00:00+00:00,California,Oregon State,0,-0.20000000000000007,-15.6,-4.799999999999997,-10.799999999999999,-1.944679849340865,-0.9568926468367804,6.466666666666669,-3.5333333333333368,2.933333333333331,-16.600000000000023,-18.600000000000023,0.19999999999999998,0.07916666666666672,14.08333333333333
401524041,2023,9,2023-10-28 20:00:00+00:00,California,USC,0,-0.3214285714285715,-16.160714285714285,-15.517857142857142,-0.6428571428571423,-3.289194139194139,-0.571520245417978,9.851190476190474,5.976190476190478,15.827380952380956,59.041666666666686,61.58333333333336,0.3214285714285716,0.10317460317460303,14.049603174603174
401524051,2023,11,2023-11-11 21:00:00+00:00,California,Washington State,1,-0.1111111111111111,-6.777777777777778,1.44444444444445,-8.222222222222218,-1.9202749854974588,1.976326530612245,6.55555555555555,-12.111111111111112,-5.555555555555555,-18.77777777777777,5.2222222222222285,0.1111111111111111,0.24985119047619042,13.14940476190476
401532396,2023,2,2023-09-09 17:30:00+00:00,Central Michigan,New Hampshire,1,-1.0,-58.0,-44.0,-14.0,-6.3028571428571425,-1.371428571428571,0.0,-0.0,0.0,0.0,0.0,0.0,,
401532410,2023,5,2023-09-30 17:30:00+00:00,Central Michigan,Eastern Michigan,1,0.0,-3.25,11.25,-14.5,2.1129652103559877,-0.36122284794851156,12.416666666666666,-2.166666666666657,10.25,48.833333333333314,40.41666666666663,0.3333333333333332,0.2222222222222222,26.88888888888889
401532420,2023,7,2023-10-14 19:30:00+00:00,Central Michigan,Akron,1,0.33333333333333337,2.666666666666666,7.166666666666668,-4.5,1.3176274018379281,0.7723192265956391,0.16666666666666075,6.833333333333336,7.000000000000001,1.1666666666666288,76.49999999999997,0.3333333333333332,0.16666666666666674,10.636666666666665
401532433,2023,10,2023-10-31 23:00:00+00:00,Central Michigan,Northern Illinois,1,0.0,-10.75,-2.25,-8.5,0.05198528616250098,-0.8113092897737424,-14.749999999999998,-1.833333333333334,-16.58333333333333,-64.20833333333331,29.541666666666657,-0.6666666666666666,-0.001700680272108901,1.1544217687074814
401532451,2023,13,2023-11-24 17:00:00+00:00,Central Michigan,Toledo,0,-0.4545454545454547,-22.09090909090909,-11.81818181818182,-10.272727272727273,-2.059615829669058,-0.9503987829815861,2.818181818181813,-1.7272727272727342,1.09090909090909,61.03030303030306,-78.54545454545453,-0.2121212121212119,0.16829365079365072,8.677936507936508
401531402,2023,1,2023-09-02 22:00:00+00:00,Charlotte,South Carolina State,1,,,,,,,,,,,,,,
401531403,2023,3,2023-09-16 22:00:00+00:00,Charlotte,Georgia State,0,-0.5,-12.5,-16.5,4.0,0.7251950947603119,-1.535921463632306,0.0,-0.0,0.0,0.0,0.0,0.0,0.5,11.0
401531405,2023,7,2023-10-14 18:00:00+00:00,Charlotte,Navy,0,-0.2,-3.1999999999999993,-3.200000000000003,-0.0,-0.9264399722414991,-1.2581759044733558,-7.799999999999997,-0.3333333333333357,-8.133333333333333,-52.39999999999998,13.999999999999988,-0.1333333333333333,0.1333333333333333,8.8875
401531407,2023,9,2023-10-27 23:30:00+00:00,Charlotte,Florida Atlantic,0,-0.1428571428571428,-7.285714285714286,-9.571428571428571,2.2857142857142847,0.5668265643321604,-0.28304451240230977,-10.42857142857143,1.7142857142857153,-8.714285714285714,-24.666666666666686,-11.380952380952351,-0.19047619047619052,0.04444444444444445,3.6103174603174604
401531408,2023,11,2023-11-11 19:00:00+00:00,Charlotte,Memphis,0,-0.4444444444444445,-19.333333333333336,-22.444444444444443,3.1111111111111107,-1.8395089793134805,-1.012571075626283,-7.5555555555555465,10.888888888888879,3.333333333333334,-17.444444444444514,-0.5555555555555429,0.1111111111111111,0.0023148148148147696,11.099966931216931
401531409,2023,12,2023-11-18 19:00:00+00:00,Charlotte,Rice,0,-0.10000000000000003,-9.7,-12.200000000000003,2.5,-1.595467720685111,0.5664945367459961,16.866666666666674,-5.166666666666664,11.7,156.90000000000003,124.20000000000002,0.43333333333333335,0.04734126984126996,4.676212522045855
401525818,2023,1,2023-09-02 19:30:00+00:00,Cincinnati,Eastern Kentucky,1,,,,,,,,,,,,,,
401525835,2023,3,2023-09-16 23:00:00+00:00,Cincinnati,Miami (OH),0,0.5,40.5,24.5,16.0,0.8510466988727838,1.924418604651163,0.0,-0.0,0.0,0.0,0.0,0.0,0.5,55.0
401525845,2023,4,2023-09-23 16:00:00+00:00,Cincinnati,Oklahoma,0,-0.33333333333333337,-29.000000000000004,-16.666666666666657,-12.333333333333334,-1.5552631578947356,0.7629145048499888,0.0,-0.0,0.0,0.0,0.0,0.0,0.0,1.0
401525863,2023,7,2023-10-14 16:00:00+00:00,Cincinnati,Iowa State,0,-0.09999999999999998,5.833333333333333,8.166666666666671,-2.333333333333332,1.5169977505306838,0.9507789235350579,-16.16666666666667,3.999999999999993,-12.166666666666666,-72.0,-40.4666666666667,-0.5666666666666667,0.025833333333333375,6.9775000000000045
401525868,2023,8,2023-10-21 16:00:00+00:00,Cincinnati,Baylor,0,0.0,10.166666666666666,5.0,5.166666666666668,-0.09885204081632715,1.2543878656554721,-9.333333333333334,3.8333333333333393,-5.499999999999998,-64.33333333333331,-72.5,-0.3333333333333333,0.12,7.453333333333333
401525881,2023,10,2023-11-04 19:30:00+00:00,Cincinnati,UCF,0,-0.125,-6.625,-8.125,1.5,-2.197728516694034,-0.5944257737582053,-0.8749999999999964,3.8333333333333357,2.9583333333333357,8.833333333333371,-42.208333333333314,0.125,0.07278911564625845,4.358503401360543
401525903,2023,13,2023-11-26 00:30:00+00:00,Cincinnati,Kansas,0,-0.36363636363636365,-9.0,-7.363636363636363,-1.6363636363636402,-1.8195488721804507,-0.22276254015319985,8.363636363636363,-3.696969696969696,4.666666666666668,26.636363636363562,14.272727272727284,0.3636363636363636,-0.07523809523809522,0.5312301587301578
401525491,2023,2,2023-09-09 18:15:00+00:00,Clemson,Charleston Southern,1,,,,,,,,,,,,,,
401525501,2023,3,2023-09-17 00:00:00+00:00,Clemson,Florida Atlantic,1,0.0,6.5,10.5,-4.0,0.40584415584415723,1.3007265179034775,0.0,-0.0,0.0,0.0,0.0,0.0,,
401525507,2023,4,2023-09-23 16:00:00+00:00,Clemson,Florida State,0,-0.33333333333333337,-4.666666666666661,-7.0,2.333333333333332,-2.546487603305785,0.23312629399586005,0.0,-0.0,0.0,0.0,0.0,0.0,-0.25,-5.5
401525517,2023,6,2023-10-07 19:30:00+00:00,Clemson,Wake Forest,1,-0.15000000000000002,8.15,6.200000000000003,1.9499999999999993,-0.9069580588140767,0.8553150185305016,1.8000000000000043,3.0500000000000007,4.849999999999999,-62.0333333333333,3.616666666666678,0.1499999999999999,0.22222222222222232,16.72222222222222
401525441,2023,10,2023-11-04 16:00:00+00:00,Clemson,Notre Dame,1,-0.2777777777777778,-15.25,-9.583333333333336,-5.666666666666666,-2.6778975913631884,-0.6775420875420872,-14.416666666666664,4.3333333333333375,-10.083333333333332,-1.0694444444444002,-12.555555555555545,-0.0555555555555555,-0.07851473922902497,0.3321428571428573
401525548,2023,11,2023-11-11 17:00:00+00:00,Clemson,Georgia Tech,1,0.0,4.666666666666666,-4.222222222222221,8.88888888888889,-1.5134430237889056,-1.4258371040723983,-11.11111111111111,-1.5555555555555536,-12.666666666666666,-139.0,14.222222222222232,-0.3333333333333332,0.14512471655328807,10.095663265306124
401525554,2023,12,2023-11-18 20:30:00+00:00,Clemson,North Carolina,1,-0.20000000000000007,-5.300000000000001,-9.599999999999998,4.300000000000001,-2.5776416171081884,-0.49904599834983543,-9.733333333333336,5.699999999999996,-4.033333333333334,-85.70000000000005,-47.70000000000002,0.19999999999999998,0.09487433862433858,4.904662698412695
401520187,2023,2,2023-09-09 23:00:00+00:00,Coastal Carolina,Jacksonville State,1,-1.0,-38.5,-20.0,-18.5,1.7465712581991646,-2.8029411764705885,0.0,-0.0,0.0,0.0,0.0,0.0,,
401531845,2023,3,2023-09-16 23:00:00+00:00,Coastal Carolina,Duquesne,1,0.5,39.0,4.5,34.5,0.5173611111111107,2.2599457504520797,0.0,-0.0,0.0,0.0,0.0,0.0,1.0,47.5
401531849,2023,4,2023-09-21 23:30:00+00:00,Coastal Carolina,Georgia State,0,-0.33333333333333337,5.000000000000002,-3.0,8.0,-1.1319482663731417,-1.0243025596778832,0.0,-0.0,0.0,0.0,0.0,0.0,0.25,-3.0
401531899,2023,9,2023-10-28 22:00:00+00:00,Coastal Carolina,Marshall,1,0.0,7.0,2.4285714285714306,4.571428571428569,1.5848091302636753,0.6595875239463602,0.23809523809523014,5.4285714285714395,5.666666666666666,79.23809523809518,3.476190476190453,0.6666666666666666,0.036904761904761996,-0.7992063492063497
401531912,2023,11,2023-11-11 20:30:00+00:00,Coastal Carolina,Texas State,1,0.0,1.0,-6.222222222222221,7.222222222222221,0.26420266565837913,-0.6057999348321932,9.55555555555556,2.111111111111113,11.666666666666668,20.222222222222175,-24.0,0.3333333333333333,0.21339285714285716,4.416517857142858
401531923,2023,13,2023-11-25 20:30:00+00:00,Coastal Carolina,James Madison,0,-0.2727272727272728,-6.909090909090909,-3.999999999999993,-2.9090909090909065,-0.21017607539720373,0.5485204081632644,-5.666666666666671,-6.75757575757576,-12.424242424242424,-82.90909090909093,-128.09090909090907,0.2727272727272727,0.11555555555555558,2.774404761904762
401520188,2023,2,2023-09-09 16:00:00+00:00,Colorado,Nebraska,1,1.0,6.0,35.0,-29.0,4.851063829787234,-3.2742448330683627,0.0,-0.0,0.0,0.0,0.0,0.0,,
401524007,2023,3,2023-09-17 02:00:00+00:00,Colorado,Colorado State,1,1.0,38.5,16.5,22.0,2.6833166833166846,-0.16343283582089563,0.0,-0.0,0.0,0.0,0.0,0.0,,
401524023,2023,5,2023-09-30 16:00:00+00:00,Colorado,USC,0,-0.25,-35.75,-22.5,-13.25,-2.8324303405572753,-5.012936012936014,-3.8333333333333286,0.25000000000000355,-3.583333333333336,-74.75,-64.33333333333331,-0.0833333333333333,-0.3333333333333333,4.277777777777779
401524029,2023,7,2023-10-14 02:00:00+00:00,Colorado,Stanford,0,0.4666666666666666,14.233333333333334,13.8,0.4333333333333371,0.9332838528781124,-1.3194444444444446,-5.466666666666665,-7.433333333333337,-12.900000000000002,-41.099999999999966,-81.36666666666667,-0.1333333333333333,-0.2933333333333333,-14.749999999999998
401524046,2023,10,2023-11-05 02:00:00+00:00,Colorado,Oregon State,0,-0.25,-18.0,-4.25,-13.75,-1.1583818480370205,-2.859615302231932,-4.416666666666668,11.416666666666664,7.0,-53.0,-76.83333333333337,-0.0833333333333333,-0.2598639455782312,-4.482525510204083
401524052,2023,11,2023-11-11 19:00:00+00:00,Colorado,Arizona,0,-0.2222222222222222,-14.222222222222221,-0.11111111111111072,-14.111111111111107,-0.7092574931324851,-2.3246746746746743,-6.555555555555554,-5.888888888888895,-12.44444444444444,-48.5555555555556,-51.33333333333337,-0.7777777777777777,-0.27619047619047615,-9.733779761904763
401523990,2023,1,2023-09-02 23:00:00+00:00,Colorado State,Washington State,0,,,,,,,,,,,,,,
401532585,2023,5,2023-09-30 23:00:00+00:00,Colorado State,Utah Tech,1,0.08333333333333331,17.333333333333336,5.75,11.583333333333343,1.7305102763997153,-1.6488043791414575,-1.416666666666668,-4.25,-5.666666666666671,-9.666666666666686,2.5833333333333712,-0.0833333333333333,0.3333333333333333,10.583333333333332
401532593,2023,7,2023-10-15 01:45:00+00:00,Colorado State,Boise State,1,-0.09999999999999998,-3.833333333333333,1.3333333333333321,-5.166666666666671,-0.11663629863689895,-2.173417414504002,-2.999999999999997,7.166666666666671,4.166666666666667,-39.0,-9.199999999999989,0.1,-0.19416666666666677,-22.801666666666666
401532603,2023,9,2023-10-28 23:00:00+00:00,Colorado State,Air Force,0,-0.5714285714285715,-24.42857142857143,-4.285714285714288,-20.14285714285714,-11.257575757575761,-2.349023078494111,-3.0476190476190474,1.4761904761904745,-1.5714285714285712,-51.76190476190487,-107.66666666666667,-0.0952380952380951,0.13888888888888878,-1.758333333333333
401532617,2023,11,2023-11-12 00:00:00+00:00,Colorado State,San Diego State,1,0.0,2.666666666666667,6.222222222222218,-3.5555555555555536,0.4940619762070231,-1.0476016260162604,-10.888888888888886,1.222222222222225,-9.666666666666668,-60.55555555555554,-64.66666666666669,-0.3333333333333333,0.040327380952380865,-4.025595238095237
401532621,2023,12,2023-11-18 20:00:00+00:00,Colorado State,Nevada,1,0.2,9.799999999999999,7.699999999999999,2.099999999999998,1.1603313840155947,-0.4804758364312267,-15.033333333333331,4.233333333333341,-10.799999999999997,-39.43333333333334,-21.10000000000005,-0.2,-0.11293650793650789,-9.559726631393298
401525468,2023,1,2023-09-05 00:00:00+00:00,Duke,Clemson,1,,,,,,,,,,,,,,
401525492,2023,2,2023-09-09 22:00:00+00:00,Duke,Lafayette,1,0.0,16.0,9.0,7.0,0.5470588235294125,0.26190476190476275,0.0,-0.0,0.0,0.0,0.0,0.0,,
401520223,2023,3,2023-09-16 19:30:00+00:00,Duke,Northwestern,1,0.5,21.0,12.5,8.5,1.3081967213114751,2.920218579234973,0.0,-0.0,0.0,0.0,0.0,0.0,0.5,-0.5
401525438,2023,5,2023-09-30 23:30:00+00:00,Duke,Notre Dame,0,0.19999999999999996,1.6999999999999993,-2.3500000000000014,4.050000000000001,-2.3252710592160106,0.06361766102231403,9.350000000000001,5.949999999999994,15.3,32.36666666666662,27.066666666666606,0.1333333333333334,-0.33333333333333337,-11.277777777777777
401525523,2023,7,2023-10-15 00:00:00+00:00,Duke,NC State,1,0.13333333333333341,15.73333333333333,3.4333333333333336,12.3,1.2023953911461494,1.431541431541432,0.23333333333333828,-1.3000000000000007,-1.0666666666666647,20.633333333333326,14.666666666666686,-0.1333333333333334,-0.125,-4.58333333333333
401525539,2023,10,2023-11-02 23:30:00+00:00,Duke,Wake Forest,1,0.125,13.125,3.625,9.5,-0.11111111111111072,1.9623995407577497,-5.625000000000002,-1.5,-7.125000000000002,-13.458333333333314,-13.000000000000028,-0.12500000000000008,0.10340136054421778,2.591156462585034
401525561,2023,13,2023-11-25 17:00:00+00:00,Duke,Pittsburgh,1,0.2727272727272727,14.545454545454545,7.272727272727266,7.272727272727273,-0.5620618556701036,1.494866796621182,10.060606060606064,-17.27272727272727,-7.212121212121211,-10.181818181818187,2.3333333333333144,-0.2727272727272727,-0.07428571428571429,-5.757301587301588
401531411,2023,2,2023-09-09 20:00:00+00:00,East Carolina,Marshall,0,-1.0,-31.0,-18.0,-13.0,-3.1054187192118228,-1.615384615384615,0.0,-0.0,0.0,0.0,0.0,0.0,,
401531413,2023,4,2023-09-23 22:00:00+00:00,East Carolina,Gardner-Webb,1,-0.3333333333333333,-14.666666666666668,-13.000000000000002,-1.6666666666666643,-0.68550241008528,-1.3667353008464889,0.0,-0.0,0.0,0.0,0.0,0.0,0.75,42.25
401531415,2023,7,2023-10-12 23:30:00+00:00,East Carolina,SMU,0,-0.39999999999999997,-20.0,-12.799999999999997,-7.200000000000003,-2.6882000704473406,-0.8900824456881509,2.466666666666665,1.533333333333342,4.000000000000005,17.600000000000023,23.133333333333326,0.06666666666666671,-0.10000000000000009,-12.849999999999998
401531406,2023,8,2023-10-21 18:00:00+00:00,East Carolina,Charlotte,0,0.0,2.666666666666667,3.833333333333334,-1.1666666666666714,-1.450091781770034,-0.07726457781951712,12.166666666666668,6.166666666666671,18.333333333333332,85.16666666666669,58.333333333333286,0.3333333333333333,-0.007777777777777772,-1.4449999999999994
401531374,2023,10,2023-11-04 19:30:00+00:00,East Carolina,Tulane,0,-0.75,-17.75,-12.0,-5.75,-4.3122521536988945,-0.8570000951746457,-5.333333333333334,4.083333333333339,-1.2499999999999991,-51.625,-5.374999999999972,-0.25,0.0071428571428571175,-3.252040816326531
401531346,2023,13,2023-11-25 19:00:00+00:00,East Carolina,Tulsa,0,-0.09090909090909091,6.18181818181818,-6.454545454545457,12.636363636363637,-2.4504413504413503,-0.898275002030092,-8.212121212121206,8.030303030303031,-0.18181818181817988,-119.69696969696975,-70.48484848484847,0.4242424242424242,-0.0301190476190476,-5.158333333333334
401532394,2023,1,2023-09-01 22:30:00+00:00,Eastern Michigan,Howard,1,,,,,,,,,,,,,,
401526834,2023,3,2023-09-16 18:00:00+00:00,Eastern Michigan,Massachusetts,1,0.16666666666666669,11.166666666666666,-8.166666666666668,19.333333333333336,-2.730263157894737,-0.571603927986907,0.0,-0.0,0.0,0.0,0.0,0.0,1.0,38.0
401532414,2023,6,2023-10-07 19:30:00+00:00,Eastern Michigan,Ball State,1,0.2,11.600000000000001,-1.6000000000000014,13.200000000000003,-0.9588209154199383,0.9224563515954243,-8.399999999999999,-4.866666666666664,-13.266666666666666,0.1333333333333222,1.4666666666666686,-0.2,0.14583333333333343,-3.1875
401532422,2023,7,2023-10-14 16:00:00+00:00,Eastern Michigan,Kent State,1,0.33333333333333337,19.166666666666668,4.166666666666666,15.000000000000007,-1.2049975502204804,0.6428571428571428,1.5,5.333333333333329,6.833333333333329,29.833333333333314,28.333333333333314,0.0,-0.16999999999999993,-19.6
401532431,2023,9,2023-10-28 17:00:00+00:00,Eastern Michigan,Western Michigan,0,0.25,9.125,-5.625,14.75,-0.8211996336996332,-0.6311763843409417,5.291666666666668,2.2500000000000018,7.541666666666666,2.999999999999943,-14.583333333333345,0.41666666666666663,-0.22414965986394547,-21.095238095238095
401532445,2023,12,2023-11-15 00:00:00+00:00,Eastern Michigan,Akron,1,0.2,6.699999999999999,3.5999999999999996,3.1000000000000014,0.30135013685199485,0.30422270186507294,0.4000000000000003,-12.100000000000001,-11.7,6.066666666666606,-7.633333333333383,-0.5333333333333333,0.007716049382715917,-2.790343915343916
401520190,2023,2,2023-09-09 23:30:00+00:00,Florida,McNeese,1,0.0,5.0,-23.0,28.0,2.958425720620843,-1.7863577863577862,0.0,-0.0,0.0,0.0,0.0,0.0,,
401520224,2023,3,2023-09-16 23:00:00+00:00,Florida,Tennessee,1,-0.5,-12.0,-9.5,-2.5,1.7810945273631846,-1.408730158730159,0.0,-0.0,0.0,0.0,0.0,0.0,0.0,8.0
401520251,2023,4,2023-09-23 23:00:00+00:00,Florida,Charlotte,1,0.3333333333333333,18.333333333333332,6.666666666666668,11.666666666666663,0.1790911790911789,0.6114624505928847,0.0,-0.0,0.0,0.0,0.0,0.0,-0.16666666666666663,-1.083333333333333
401520299,2023,6,2023-10-07 20:00:00+00:00,Florida,Vanderbilt,1,0.26666666666666666,9.6,-6.333333333333329,15.933333333333337,0.9252260981912146,0.6091503267973857,-0.6666666666666714,6.399999999999995,5.733333333333334,-18.10000000000002,-25.5,0.3999999999999999,-0.29166666666666674,-7.104166666666665
401520352,2023,9,2023-10-28 19:30:00+00:00,Florida,Georgia,0,-0.2857142857142857,-17.0,-11.000000000000004,-6.0,-0.7207176097216053,-0.8943873845834629,3.666666666666668,-5.0,-1.3333333333333348,-5.095238095238074,39.47619047619054,-0.0476190476190476,0.032936507936507875,2.546031746031747
401520363,2023,10,2023-11-04 16:00:00+00:00,Florida,Arkansas,0,0.375,1.5,1.5,-0.0,0.9931533546867319,1.2641240108183909,16.833333333333336,-12.666666666666671,4.166666666666668,91.83333333333337,71.20833333333334,0.29166666666666663,-0.06904761904761914,-0.34625850340136033
401520429,2023,13,2023-11-26 00:00:00+00:00,Florida,Florida State,0,-0.5454545454545455,-21.454545454545457,-10.454545454545453,-11.0,-0.7955446690613641,-0.5050133005934114,8.121212121212118,-17.0,-8.878787878787877,38.57575757575768,-7.272727272727309,-0.4545454545454545,-0.0071428571428571175,-0.29015873015872895
401531418,2023,1,2023-09-02 22:00:00+00:00,Florida Atlantic,Monmouth,1,,,,,,,,,,,,,,
401531419,2023,2,2023-09-09 22:00:00+00:00,Florida Atlantic,Ohio,0,0.5,17.0,22.0,-5.0,4.5673400673400675,2.577302631578948,0.0,-0.0,0.0,0.0,0.0,0.0,,
401531340,2023,6,2023-10-07 22:00:00+00:00,Florida Atlantic,Tulsa,1,-0.35,-2.85,-7.050000000000001,4.199999999999999,-2.7499477533960297,-0.39478061143671805,-8.283333333333333,1.8000000000000078,-6.4833333333333325,-34.4666666666667,-9.833333333333314,-0.3166666666666666,-0.26388888888888895,-13.305555555555555
401531397,2023,8,2023-10-21 22:00:00+00:00,Florida Atlantic,UTSA,0,0.0,3.1666666666666665,-1.3333333333333286,4.5,-0.5162180814354738,0.32044172932330817,-2.3333333333333357,10.5,8.166666666666668,53.666666666666686,4.666666666666689,0.0,-0.09333333333333327,-6.346666666666668
401531416,2023,11,2023-11-11 21:00:00+00:00,Florida Atlantic,East Carolina,0,0.3333333333333333,8.555555555555555,10.0,-1.4444444444444429,1.6027508914926134,0.6842804230225643,5.333333333333334,-9.555555555555564,-4.222222222222221,14.000000000000057,2.999999999999943,0.0,-0.13467261904761896,-5.0687500000000005
401531375,2023,12,2023-11-18 17:00:00+00:00,Florida Atlantic,Tulane,0,-0.5,-8.799999999999999,-2.599999999999998,-6.199999999999999,-2.521801954951127,-0.4841470765521403,9.26666666666667,-1.4666666666666686,7.8,-7.400000000000036,-0.6666666666666856,-0.16666666666666657,-0.055511463844797215,-4.3960317460317455
401520153,2023,1,2023-09-02 22:30:00+00:00,Florida International,Maine,1,,,,,,,,,,,,,,
401520189,2023,2,2023-09-09 22:30:00+00:00,Florida International,North Texas,1,0.5,35.5,-5.5,41.0,-0.34965034965034825,2.0185185185185186,0.0,-0.0,0.0,0.0,0.0,0.0,,
401520275,2023,4,2023-09-23 22:30:00+00:00,Florida International,Liberty,0,-0.25,-15.25,-15.416666666666657,0.16666666666666785,-1.8545001311991598,-1.2135933947588846,2.75,-0.1666666666666678,2.583333333333333,53.083333333333314,71.25,0.25,-0.25,-26.75
401520314,2023,7,2023-10-11 23:30:00+00:00,Florida International,UTEP,0,0.33333333333333337,5.666666666666667,4.5,1.1666666666666679,1.4226711560044887,-0.5672147900408766,-4.833333333333334,2.5,-2.333333333333335,18.66666666666669,11.666666666666629,0.0,-0.04166666666666663,-7.1416666666666675
401520347,2023,9,2023-10-25 23:00:00+00:00,Florida International,Jacksonville State,0,-0.25,-13.5,-5.625,-7.875,1.7564004622828149,-1.1577541761187873,0.9583333333333286,4.541666666666671,5.5,6.708333333333314,-11.916666666666629,-0.0833333333333333,-0.1611111111111111,-5.1833333333333345
401520428,2023,13,2023-11-25 20:00:00+00:00,Florida International,Western Kentucky,0,-0.18181818181818182,-12.272727272727273,-9.454545454545453,-2.8181818181818166,0.490814750589319,-1.400547497838824,-2.5454545454545463,-14.181818181818171,-16.727272727272727,-32.0,37.09090909090909,-0.4848484848484848,-0.28766313932980603,-15.899285714285716
401520182,2023,1,2023-09-03 23:30:00+00:00,Florida State,LSU,1,,,,,,,,,,,,,,
401525493,2023,2,2023-09-10 00:30:00+00:00,Florida State,Southern Miss,1,0.0,-5.0,5.0,-10.0,1.670362903225806,0.15479876160990713,0.0,-0.0,0.0,0.0,0.0,0.0,,
401525518,2023,6,2023-10-07 19:30:00+00:00,Florida State,Virginia Tech,1,0.6,20.15,18.45,1.6999999999999993,1.7422051282051294,1.453388601036269,0.54999999999999,2.966666666666669,3.516666666666668,-37.48333333333329,2.533333333333303,0.0666666666666667,0.1597222222222222,7.805555555555555
401525524,2023,7,2023-10-14 16:00:00+00:00,Florida State,Syracuse,1,0.33333333333333337,7.0,9.399999999999999,-2.3999999999999986,0.40586956521739026,0.918049903619619,7.599999999999998,8.06666666666667,15.66666666666667,57.13333333333338,30.233333333333317,0.3333333333333333,-0.09166666666666667,-1.6499999999999968
401525530,2023,8,2023-10-21 23:30:00+00:00,Florida State,Duke,1,0.16666666666666663,2.5,10.99999999999999,-8.499999999999995,0.8995781495781507,-0.13321238509917777,-0.33333333333331794,4.166666666666663,3.8333333333333286,56.666666666666686,23.83333333333337,0.1666666666666667,0.053333333333333344,5.893333333333333
401525550,2023,11,2023-11-11 20:30:00+00:00,Florida State,Miami,1,0.33333333333333337,10.44444444444445,7.444444444444443,3.0,1.0022818791946317,-0.12507730364873204,5.888888888888893,4.666666666666666,10.55555555555555,147.0,143.88888888888886,0.0,0.030505952380952328,6.032886904761903
401525556,2023,12,2023-11-18 23:30:00+00:00,Florida State,North Alabama,1,0.7,27.9,14.399999999999999,13.5,2.4742755295278407,0.40902079547748826,-11.73333333333333,7.500000000000002,-4.233333333333335,38.433333333333394,61.200000000000045,-0.0333333333333333,0.1185350529100529,13.491859567901233
401539478,2023,14,2023-12-03 01:00:00+00:00,Florida State,Louisville,1,0.16666666666666663,9.0,5.75,3.25,-0.23171525880459676,-0.07922789790496676,-2.75,11.75,8.999999999999996,-69.58333333333331,-60.833333333333314,0.1666666666666667,0.010061655516200974,-0.4414043027679382
401532574,2023,2,2023-09-10 01:00:00+00:00,Fresno State,Eastern Washington,1,1.0,29.0,29.0,-0.0,1.4239316239316233,0.563706563706563,0.0,-0.0,0.0,0.0,0.0,0.0,,
401532407,2023,4,2023-09-24 02:30:00+00:00,Fresno State,Kent State,1,0.6666666666666667,26.666666666666664,17.333333333333332,9.333333333333329,-0.8997108155002893,-0.284126984126984,0.0,-0.0,0.0,0.0,0.0,0.0,-0.25,-34.75
401532587,2023,5,2023-10-01 02:30:00+00:00,Fresno State,Nevada,1,1.0,44.0,21.75,22.25,1.4834739968881134,-0.1483655982227865,-1.0833333333333428,-2.916666666666666,-4.0,-3.0,20.75000000000003,0.0,-0.638888888888889,-37.138888888888886
401532606,2023,9,2023-10-29 02:30:00+00:00,Fresno State,UNLV,1,0.0,4.428571428571429,-1.7142857142857153,6.142857142857142,-0.37734298222103124,-1.351883408071748,-8.619047619047617,-4.476190476190482,-13.095238095238095,-77.38095238095246,-49.571428571428555,-0.3333333333333333,-0.11388888888888887,-8.15
401532608,2023,10,2023-11-05 02:00:00+00:00,Fresno State,Boise State,1,0.375,10.875,3.625,7.25,-0.6289789169078128,-1.5645692287269348,-6.958333333333336,-12.25,-19.208333333333336,-49.0,24.58333333333337,-0.3749999999999999,-0.22482993197278905,-19.300340136054423
401532622,2023,12,2023-11-19 03:30:00+00:00,Fresno State,New Mexico,0,0.5,18.6,6.299999999999997,12.3,-0.642811056778049,-1.2479300561635105,5.0333333333333385,-0.3000000000000007,4.733333333333334,-19.0,-43.73333333333329,0.1666666666666666,0.09021164021164024,3.060758377425045
401520154,2023,1,2023-09-02 22:00:00+00:00,Georgia,UT Martin,1,,,,,,,,,,,,,,
401520191,2023,2,2023-09-09 16:00:00+00:00,Georgia,Ball State,1,1.0,71.0,34.0,37.0,2.823076923076922,3.5439024390243903,0.0,-0.0,0.0,0.0,0.0,0.0,,
401520225,2023,3,2023-09-16 19:30:00+00:00,Georgia,South Carolina,1,0.5,35.5,14.5,21.0,-1.0557359307359295,2.933990147783251,0.0,-0.0,0.0,0.0,0.0,0.0,-1.0,-65.0
401520252,2023,4,2023-09-23 23:30:00+00:00,Georgia,UAB,1,0.6666666666666667,32.666666666666664,8.666666666666671,24.0,1.098513865481845,0.39299123904881084,0.0,-0.0,0.0,0.0,0.0,0.0,-0.5,-33.5
401520300,2023,6,2023-10-07 23:00:00+00:00,Georgia,Kentucky,1,0.0,3.8000000000000007,1.6000000000000014,2.1999999999999993,1.3437839937839922,-2.037878787878787,-5.933333333333323,-5.533333333333328,-11.466666666666667,-2.46666666666664,22.19999999999999,0.0,-0.041666666666666685,5.895833333333333
401520364,2023,10,2023-11-04 19:30:00+00:00,Georgia,Missouri,1,0.125,15.125,6.625,8.5,-0.17079194106485218,0.8025107164727494,0.04166666666665719,1.1666666666666607,1.208333333333334,60.04166666666663,23.208333333333314,0.2083333333333333,-0.08333333333333337,-3.1476190476190484
401520382,2023,11,2023-11-12 00:00:00+00:00,Georgia,Ole Miss,1,0.11111111111111116,8.0,0.5555555555555571,7.444444444444445,-0.8747733296136158,0.3116314486959837,3.1111111111111,-6.777777777777773,-3.6666666666666683,2.333333333333318,-31.999999999999943,-0.1111111111111111,-0.07511574074074079,-7.698726851851851
401531836,2023,1,2023-09-02 22:00:00+00:00,Georgia Southern,The Citadel,1,,,,,,,,,,,,,,
401531378,2023,2,2023-09-09 22:00:00+00:00,Georgia Southern,UAB,1,0.0,5.0,-1.0,6.0,-0.272560975609756,0.3156862745098046,0.0,-0.0,0.0,0.0,0.0,0.0,,
401531878,2023,5,2023-09-30 23:00:00+00:00,Georgia Southern,Coastal Carolina,1,0.25,4.5,2.75,1.75,-1.2293008641005496,1.037044048971349,-6.0833333333333215,-8.41666666666666,-14.5,-21.083333333333375,25.083333333333314,-0.2499999999999999,-0.05555555555555558,7.833333333333333
401531894,2023,8,2023-10-21 18:00:00+00:00,Georgia Southern,UL Monroe,1,0.3333333333333333,21.0,12.833333333333329,8.16666666666666,0.9770937883350062,-0.8011120615911036,-4.833333333333329,6.833333333333339,2.0,-26.0,-42.66666666666663,0.3333333333333333,0.25333333333333335,7.356666666666666
401531929,2023,9,2023-10-26 23:30:00+00:00,Georgia Southern,Georgia State,1,-0.1428571428571428,0.0,1.428571428571427,-1.428571428571427,-2.1274018379281534,-0.08830880311024636,5.571428571428573,-7.904761904761909,-2.333333333333332,-2.428571428571445,-9.476190476190482,0.1428571428571428,0.0888888888888888,1.9722222222222214
401531917,2023,12,2023-11-18 23:00:00+00:00,Georgia Southern,Old Dominion,0,0.19999999999999996,9.100000000000001,9.700000000000003,-0.6000000000000014,-0.501747842506906,0.12255538716893977,3.633333333333333,-4.066666666666656,-0.43333333333333446,-23.399999999999977,-32.46666666666661,0.13333333333333341,-0.08130511463844803,-1.0411816578483242
401531834,2023,1,2023-08-31 23:00:00+00:00,Georgia State,Rhode Island,1,,,,,,,,,,,,,,
401520192,2023,2,2023-09-09 23:00:00+00:00,Georgia State,UConn,1,1.0,17.0,28.0,-11.0,5.464814814814815,-0.07489878542510198,0.0,-0.0,0.0,0.0,0.0,0.0,,
401531879,2023,5,2023-09-30 23:00:00+00:00,Georgia State,Troy,0,0.5,16.75,11.5,5.25,1.61140104375753,0.3993265993265993,5.833333333333336,3.4166666666666607,9.250000000000002,46.333333333333314,-6.75,0.1666666666666666,-0.5,-16.611111111111107
401531889,2023,7,2023-10-14 23:00:00+00:00,Georgia State,Marshall,1,0.0,1.6000000000000005,-0.6000000000000014,2.1999999999999993,1.5566375364128175,0.43877551020408134,-8.733333333333334,7.800000000000008,-0.9333333333333331,-5.7999999999999545,50.53333333333333,0.0,-0.07,3.4533333333333336
401531906,2023,10,2023-11-04 19:30:00+00:00,Georgia State,James Madison,0,-0.25,-7.0,-1.75,-5.25,-0.6699700138960001,0.736838658269023,0.75,-6.7499999999999964,-6.0,-3.375,-53.20833333333337,-0.0833333333333333,0.0680272108843537,6.059863945578232
401531913,2023,11,2023-11-11 19:00:00+00:00,Georgia State,App State,0,0.11111111111111105,-4.333333333333333,-5.444444444444439,1.1111111111111143,-0.6742527313955886,0.36795264373086134,-7.555555555555568,-10.44444444444445,-18.0,-47.888888888888914,-72.22222222222223,-0.4444444444444443,0.12142857142857139,9.629613095238096
401525462,2023,1,2023-09-01 23:30:00+00:00,Georgia Tech,Louisville,0,,,,,,,,,,,,,,
401525494,2023,2,2023-09-09 17:00:00+00:00,Georgia Tech,South Carolina State,1,0.0,20.5,29.0,-8.5,6.70625,1.1885964912280707,0.0,-0.0,0.0,0.0,0.0,0.0,,
401525515,2023,5,2023-09-30 19:30:00+00:00,Georgia Tech,Bowling Green,0,0.25,15.5,15.0,0.5,2.0023598820058996,0.9492682926829268,1.6666666666666643,1.8333333333333321,3.5,2.4166666666666288,-24.16666666666663,0.0833333333333333,-0.25,-10.166666666666663
401525528,2023,8,2023-10-21 16:00:00+00:00,Georgia Tech,Boston College,0,0.0,5.833333333333333,3.1666666666666607,2.666666666666668,1.1746411483253594,0.24505928853755066,-3.8333333333333215,7.333333333333329,3.4999999999999996,-84.0,-14.333333333333371,0.0,-0.04999999999999993,-5.433333333333334
401525537,2023,9,2023-10-29 00:00:00+00:00,Georgia Tech,North Carolina,1,-0.4285714285714286,-14.0,-6.142857142857139,-7.857142857142858,-0.5187520743445067,0.6208307786633966,-5.523809523809533,-1.1428571428571423,-6.666666666666667,-108.76190476190487,-63.38095238095241,0.09523809523809532,-0.05833333333333324,-5.3
401525557,2023,12,2023-11-19 01:00:00+00:00,Georgia Tech,Syracuse,1,0.0,-1.9000000000000001,7.100000000000001,-9.0,0.597245080500894,0.9336789648288821,14.233333333333334,-1.999999999999997,12.233333333333334,120.90000000000003,80.63333333333333,0.3333333333333332,-0.05886243386243384,-2.2817460317460325
401520430,2023,13,2023-11-26 00:30:00+00:00,Georgia Tech,Georgia,0,-0.4545454545454546,-23.818181818181827,-8.454545454545457,-15.363636363636362,-1.7931677018633527,0.35377109704641363,0.7878787878787924,4.3636363636363615,5.151515151515156,-52.03030303030289,-47.878787878787875,0.1212121212121212,-0.013452380952380993,0.7859126984126972
401523988,2023,1,2023-09-02 03:00:00+00:00,Hawai'i,Stanford,0,,,,,,,,,,,,,,
401532575,2023,2,2023-09-10 03:59:00+00:00,Hawai'i,UAlbany,1,-0.5,-18.5,0.5,-19.0,2.2919580419580425,-2.9645232815964517,0.0,-0.0,0.0,0.0,0.0,0.0,,
401520253,2023,4,2023-09-24 03:59:00+00:00,Hawai'i,New Mexico State,1,-0.25,-18.5,-9.75,-8.75,-4.823255813953489,-4.127173411294045,-2.583333333333332,-4.916666666666668,-7.5,-18.25,-26.250000000000004,-0.0833333333333333,0.0,18.75
401532595,2023,7,2023-10-15 03:00:00+00:00,Hawai'i,San Diego State,0,0.0,-1.0,2.8333333333333393,-3.8333333333333357,0.25004937783922543,-1.7151846785225726,-2.8333333333333393,1.5000000000000142,-1.3333333333333321,-40.50000000000006,-79.66666666666674,0.3333333333333333,-0.14583333333333326,-1.875
401532605,2023,9,2023-10-29 03:59:00+00:00,Hawai'i,San José State,0,-0.125,-14.75,-9.25,-5.5,0.0030886627906978603,-2.6842105263157894,-6.083333333333336,-10.166666666666668,-16.25,-4.083333333333314,44.75000000000006,-0.5416666666666665,-0.05198412698412702,-4.6992063492063485
401532613,2023,11,2023-11-12 04:00:00+00:00,Hawai'i,Air Force,1,-0.5888888888888888,-28.27777777777778,-8.722222222222221,-19.555555555555557,-5.131003878281623,-2.41123012009088,8.055555555555554,3.222222222222227,11.27777777777778,55.811111111111074,-59.7444444444445,0.25555555555555554,0.10997023809523815,4.8861607142857135
401532626,2023,13,2023-11-26 04:00:00+00:00,Hawai'i,Colorado State,1,-0.12121212121212116,-8.454545454545455,-5.356060606060613,-3.0984848484848477,-0.6595857697237877,-0.5267986798679871,4.02272727272728,1.0984848484848477,5.121212121212121,11.916666666666629,17.628787878787932,0.12121212121212122,0.005555555555555536,5.81579365079365
401525819,2023,1,2023-09-02 23:00:00+00:00,Houston,UTSA,1,,,,,,,,,,,,,,
401525836,2023,3,2023-09-17 00:00:00+00:00,Houston,TCU,0,0.0,-15.5,-12.5,-3.0,-1.49073593073593,-1.5469416785206263,0.0,-0.0,0.0,0.0,0.0,0.0,0.0,-13.0
401520254,2023,4,2023-09-23 23:00:00+00:00,Houston,Sam Houston,1,0.3333333333333333,4.666666666666667,22.166666666666668,-17.5,2.346884498480243,1.7849694354548717,0.0,-0.0,0.0,0.0,0.0,0.0,-0.75,-40.5
401525862,2023,7,2023-10-12 23:00:00+00:00,Houston,West Virginia,1,-0.4,-9.8,1.0,-10.8,0.3201724529158163,-0.4403831417624522,5.0,-6.533333333333333,-1.5333333333333325,94.39999999999998,78.26666666666668,-0.2666666666666666,-0.3402777777777778,-18.881944444444443
401525869,2023,8,2023-10-21 20:00:00+00:00,Houston,Texas,0,-0.33333333333333337,-20.333333333333336,-5.333333333333332,-14.999999999999996,-1.878681790598887,-0.7810344827586206,4.9999999999999964,1.3333333333333288,6.333333333333335,-14.333333333333314,-3.6666666666666288,0.3333333333333333,-0.5566666666666666,-24.12333333333333
401525887,2023,11,2023-11-12 00:00:00+00:00,Houston,Cincinnati,0,0.2222222222222222,-3.333333333333333,-0.11111111111110716,-3.222222222222232,-0.10253300113646269,-1.2898023556868328,-6.2222222222222285,6.222222222222232,1.7763568394002505e-15,-75.66666666666669,2.2222222222222,0.1111111111111111,-0.21250000000000002,-7.607738095238094
401525894,2023,12,2023-11-18 21:00:00+00:00,Houston,Oklahoma State,0,-0.29999999999999993,-8.2,-3.799999999999997,-4.400000000000002,0.517025911488191,-1.128568507157465,-8.200000000000001,2.066666666666663,-6.1333333333333355,-129.10000000000002,-132.63333333333335,-0.033333333333333395,-0.2215167548500882,-5.978042328042326
401520155,2023,1,2023-09-02 23:30:00+00:00,Illinois,Toledo,1,,,,,,,,,,,,,,
401520226,2023,3,2023-09-16 16:00:00+00:00,Illinois,Penn State,0,-0.5,-44.0,-24.0,-20.0,-1.5919854280510002,0.020384294068503728,0.0,-0.0,0.0,0.0,0.0,0.0,0.0,7.0
401520255,2023,4,2023-09-23 19:30:00+00:00,Illinois,Florida Atlantic,1,0.0,-2.333333333333333,0.0,-2.3333333333333393,1.3669950738916263,0.3843635411210067,0.0,-0.0,0.0,0.0,0.0,0.0,0.5,25.75
401520301,2023,6,2023-10-07 00:00:00+00:00,Illinois,Nebraska,0,0.0,-4.0,2.8000000000000007,-6.800000000000001,0.9499107541276217,-1.1298868232122148,-7.800000000000001,-0.1999999999999993,-8.0,1.9333333333332803,12.600000000000023,-0.3333333333333333,-0.10416666666666663,6.229166666666668
401520336,2023,8,2023-10-21 19:30:00+00:00,Illinois,Wisconsin,0,-0.23809523809523814,-17.19047619047619,-6.880952380952383,-10.30952380952381,1.1061336060254474,-1.1200793650793655,1.8809523809523832,-4.023809523809518,-2.142857142857142,9.761904761904816,18.047619047619037,-0.0952380952380951,-0.15722222222222226,-2.4416666666666664
401520383,2023,11,2023-11-11 17:00:00+00:00,Illinois,Indiana,1,0.1111111111111111,2.777777777777775,2.333333333333332,0.4444444444444393,0.29613755546591314,0.768859371705672,3.333333333333339,0.5555555555555607,3.888888888888892,-8.555555555555486,-23.777777777777686,0.2222222222222222,-0.05267857142857146,-2.4382440476190492
401520431,2023,13,2023-11-25 20:30:00+00:00,Illinois,Northwestern,0,-0.09090909090909094,-3.8181818181818183,2.09090909090909,-5.90909090909091,0.6868538524086878,0.9706959706959708,9.242424242424239,-11.090909090909092,-1.8484848484848477,76.51515151515156,109.54545454545459,0.0909090909090909,-0.007817460317460223,-1.2415476190476173
401520156,2023,1,2023-09-02 19:30:00+00:00,Indiana,Ohio State,0,,,,,,,,,,,,,,
401520193,2023,2,2023-09-08 23:00:00+00:00,Indiana,Indiana State,1,0.0,7.0,3.0,4.0,-0.36153846153846203,-0.7913419913419917,0.0,-0.0,0.0,0.0,0.0,0.0,,
401520230,2023,3,2023-09-16 16:00:00+00:00,Indiana,Louisville,0,-0.5,-23.5,-25.5,2.0,-1.6493927125506085,-3.5205128205128204,0.0,-0.0,0.0,0.0,0.0,0.0,-1.0,-58.0
401520256,2023,4,2023-09-23 23:30:00+00:00,Indiana,Akron,1,0.0,13.0,3.3333333333333286,9.666666666666668,1.6112637362637363,1.734539969834088,0.0,-0.0,0.0,0.0,0.0,0.0,-0.5,-12.0
401520337,2023,8,2023-10-21 16:00:00+00:00,Indiana,Rutgers,0,-0.380952380952381,-22.214285714285715,-9.214285714285715,-13.0,0.1402667650132159,-1.253640776699029,-3.785714285714285,-11.0,-14.785714285714281,-45.50000000000006,-54.66666666666666,0.0476190476190476,-0.025000000000000133,3.705555555555555
401520365,2023,10,2023-11-04 16:00:00+00:00,Indiana,Wisconsin,1,-0.375,-16.875,-6.125,-10.75,1.2064900604637012,-1.5216634378763287,7.458333333333334,-7.916666666666657,-0.4583333333333357,26.70833333333337,-29.416666666666657,0.041666666666666685,-0.07006802721088445,0.6938775510204067
401520405,2023,12,2023-11-18 17:00:00+00:00,Indiana,Michigan State,0,0.0,2.4000000000000004,4.699999999999999,-2.3000000000000007,0.7232869601328904,-0.1599287215571601,13.300000000000002,-2.0333333333333385,11.266666666666666,76.69999999999999,68.30000000000001,0.0,-0.07098765432098764,-3.8163580246913593
401520157,2023,1,2023-09-02 16:00:00+00:00,Iowa,Utah State,1,,,,,,,,,,,,,,
401520227,2023,3,2023-09-16 19:30:00+00:00,Iowa,Western Michigan,1,0.5,20.0,1.0,19.0,0.44383561643835545,-1.6112489660876759,0.0,-0.0,0.0,0.0,0.0,0.0,0.0,-44.0
401520281,2023,5,2023-09-30 23:30:00+00:00,Iowa,Michigan State,1,0.25,4.5,-1.75,6.25,-2.4191158900836323,0.29593700787401556,1.75,4.416666666666668,6.166666666666667,-3.1666666666666856,-18.666666666666686,0.0833333333333333,0.16666666666666674,-4.166666666666666
401520302,2023,6,2023-10-07 19:30:00+00:00,Iowa,Purdue,1,0.4,7.0,-5.800000000000001,12.8,-1.7974252873563215,-0.5617848970251704,1.1333333333333293,-1.1333333333333333,-1.3322676295501878e-15,-15.13333333333338,-15.666666666666629,-0.0666666666666667,-0.04166666666666663,-9.1875
401520338,2023,8,2023-10-21 19:30:00+00:00,Iowa,Minnesota,0,0.3571428571428571,11.0,-0.8095238095238102,11.80952380952381,-0.6753623188405804,-0.5406522497384025,-5.19047619047619,13.857142857142847,8.666666666666668,11.571428571428555,1.928571428571475,0.30952380952380953,-0.11666666666666659,-2.4883333333333315
401520384,2023,11,2023-11-11 20:30:00+00:00,Iowa,Rutgers,1,0.11111111111111116,-4.111111111111112,-8.333333333333336,4.222222222222223,-1.3256367753834661,-1.202475283512649,-4.666666666666666,11.777777777777771,7.111111111111111,-40.33333333333334,-8.222222222222168,-0.1111111111111111,-0.03541666666666665,-0.5708333333333337
401520406,2023,12,2023-11-18 20:30:00+00:00,Iowa,Illinois,1,0.30000000000000004,12.0,-5.0,17.0,-2.7019874369271957,-0.4402178466694595,-13.0,8.666666666666668,-4.333333333333333,-66.63333333333338,-25.866666666666646,-0.3,0.047222222222222276,-1.6608024691358025
401539480,2023,14,2023-12-03 01:00:00+00:00,Iowa,Michigan,0,-0.16666666666666663,-21.499999999999996,-19.583333333333336,-1.916666666666666,-4.373810815699041,-0.9472981680935293,7.916666666666677,15.25,23.166666666666668,155.16666666666669,134.99999999999997,0.1666666666666666,-0.022819100091827305,-5.651492194674012
401525820,2023,1,2023-09-02 18:00:00+00:00,Iowa State,Northern Iowa,1,,,,,,,,,,,,,,
401520194,2023,2,2023-09-09 19:30:00+00:00,Iowa State,Iowa,0,0.0,11.0,6.0,5.0,0.5050505050505052,2.518518518518518,0.0,-0.0,0.0,0.0,0.0,0.0,,
401525846,2023,4,2023-09-23 20:00:00+00:00,Iowa State,Oklahoma State,1,-0.3333333333333333,3.6666666666666665,-3.6666666666666607,7.333333333333329,1.122952477249747,-0.7145570478903811,0.0,-0.0,0.0,0.0,0.0,0.0,0.08333333333333326,6.833333333333334
401525859,2023,6,2023-10-08 00:00:00+00:00,Iowa State,TCU,1,-0.19999999999999996,-16.2,-13.999999999999996,-2.1999999999999993,-1.0531289654711813,-1.2749200517112342,3.9999999999999964,-8.8,-4.799999999999999,34.066666666666606,42.0666666666667,-0.1333333333333333,0.3541666666666667,8.395833333333336
401525882,2023,10,2023-11-04 23:00:00+00:00,Iowa State,Kansas,0,-0.125,-3.5,-11.875,8.375,-2.072782380278843,-1.70248503773094,0.5416666666666643,8.958333333333329,9.5,0.04166666666662877,-19.375,0.4583333333333333,-0.06258503401360549,3.560884353741497
401525895,2023,12,2023-11-19 01:00:00+00:00,Iowa State,Texas,0,-0.30000000000000004,-9.600000000000001,-8.099999999999998,-1.5,-1.2584806397306405,-0.7407718397049621,7.766666666666662,2.5,10.26666666666667,65.5,47.20000000000002,-0.0333333333333333,-0.0749559082892417,-7.5322310405643735
401520145,2023,1,2023-08-26 21:30:00+00:00,Jacksonville State,UTEP,1,,,,,,,,,,,,,,
401520158,2023,1,2023-09-02 18:00:00+00:00,Jacksonville State,East Tennessee State,1,,,,,,,,,,,,,,
401520257,2023,4,2023-09-23 21:00:00+00:00,Jacksonville State,Eastern Michigan,1,0.0,14.0,8.0,6.000000000000002,0.5391286809197258,-0.840583554376658,0.0,-0.0,0.0,0.0,0.0,0.0,-0.6666666666666666,-7.666666666666667
401520312,2023,7,2023-10-10 23:30:00+00:00,Jacksonville State,Liberty,0,-0.16666666666666663,-5.199999999999999,-5.700000000000003,0.5,-4.142456140350878,-1.0799411162314385,1.3666666666666671,-3.499999999999997,-2.133333333333335,3.0666666666666025,3.5333333333333314,0.1666666666666666,-0.09583333333333341,-8.779166666666663
401520329,2023,8,2023-10-17 23:30:00+00:00,Jacksonville State,Western Kentucky,1,0.04761904761904767,5.404761904761905,-4.166666666666664,9.571428571428573,-0.6934902714388667,0.4038993710691825,5.166666666666664,-17.571428571428573,-12.404761904761905,14.09523809523813,44.92857142857136,-0.0476190476190476,-0.2433333333333334,-21.133333333333333
401520407,2023,12,2023-11-18 19:00:00+00:00,Jacksonville State,Louisiana Tech,1,0.42727272727272725,12.436363636363637,1.7727272727272734,10.663636363636364,-1.6126185353414613,0.4190026641955287,0.8939393939393947,7.336363636363625,8.23030303030303,17.69999999999999,-45.118181818181796,0.2393939393939394,0.0730709876543209,1.3567129629629635
401531837,2023,1,2023-09-02 22:00:00+00:00,James Madison,Bucknell,1,,,,,,,,,,,,,,
401531880,2023,5,2023-09-30 16:00:00+00:00,James Madison,South Alabama,1,0.5,6.25,5.0,1.25,-0.23379310344827609,-0.5246098439375757,-5.333333333333329,-10.916666666666671,-16.25,-52.083333333333314,14.166666666666686,-0.1666666666666666,-0.16666666666666674,2.9444444444444464
401531890,2023,7,2023-10-14 16:00:00+00:00,James Madison,Georgia Southern,1,0.19999999999999996,-4.200000000000001,-1.7999999999999972,-2.400000000000002,1.9040296924708375,-0.8057456043551818,1.7999999999999972,-0.5999999999999979,1.200000000000002,-11.733333333333292,7.73333333333332,0.1333333333333334,-0.24999999999999994,-16.083333333333332
401531900,2023,9,2023-10-29 00:00:00+00:00,James Madison,Old Dominion,1,0.4285714285714286,14.428571428571429,8.285714285714288,6.142857142857142,0.601370020723003,-0.3911875,-4.285714285714288,3.8571428571428577,-0.4285714285714288,-45.95238095238085,47.285714285714306,-0.0952380952380952,-0.15000000000000008,-3.8611111111111107
401520385,2023,11,2023-11-11 19:00:00+00:00,James Madison,UConn,1,0.8888888888888888,28.333333333333332,15.333333333333332,12.999999999999996,2.5646572994312127,0.4206349206349209,2.6666666666666696,5.0,7.666666666666668,80.11111111111109,51.77777777777783,0.1111111111111111,-0.14315476190476195,-6.801488095238096
401531918,2023,12,2023-11-18 19:00:00+00:00,James Madison,App State,0,0.4,8.3,-0.5,8.8,0.4562743336328232,-0.5339591268262183,-1.1666666666666785,-4.133333333333338,-5.300000000000001,47.4666666666667,65.5333333333333,-0.4,-0.03447971781305115,1.3032186948853606
401525815,2023,1,2023-09-02 00:00:00+00:00,Kansas,Missouri State,1,,,,,,,,,,,,,,
401520195,2023,2,2023-09-08 23:30:00+00:00,Kansas,Illinois,1,0.0,29.0,18.0,11.0,1.9340659340659343,1.647368421052632,0.0,-0.0,0.0,0.0,0.0,0.0,,
401525847,2023,4,2023-09-23 19:30:00+00:00,Kansas,BYU,1,0.0,0.9999999999999982,6.666666666666657,-5.6666666666666625,2.47161172161172,2.6574143070044713,0.0,-0.0,0.0,0.0,0.0,0.0,0.0,-33.5
401525860,2023,6,2023-10-07 20:00:00+00:00,Kansas,UCF,1,0.20000000000000007,-7.6000000000000005,-4.600000000000001,-3.0,-1.1527746447101297,-0.6685817805383021,-5.733333333333331,4.0,-1.7333333333333352,-17.93333333333333,-27.133333333333297,0.13333333333333322,0.2708333333333334,-1.270833333333333
401525874,2023,9,2023-10-28 16:00:00+00:00,Kansas,Oklahoma,1,-0.2857142857142857,-19.0,-7.714285714285715,-11.285714285714285,0.24345351043643326,1.5309343434343434,1.7142857142857153,3.952380952380949,5.666666666666666,-13.285714285714448,8.428571428571388,-0.380952380952381,0.005555555555555758,-10.377777777777778
401525888,2023,11,2023-11-11 17:00:00+00:00,Kansas,Texas Tech,0,0.33333333333333337,2.666666666666666,4.333333333333325,-1.6666666666666607,2.991446794226251,0.6191176470588244,5.000000000000011,1.6666666666666603,6.666666666666667,-21.999999999999943,34.111111111111114,0.0,0.06145833333333339,-9.591666666666667
401525896,2023,12,2023-11-19 00:00:00+00:00,Kansas,Kansas State,0,0.0,-13.8,-6.099999999999994,-7.699999999999999,1.3116049382716044,0.09651196683615648,-10.900000000000013,3.6999999999999993,-7.199999999999999,6.466666666666697,-31.599999999999994,0.0,0.006790123456790087,-4.627116402116403
401525821,2023,1,2023-09-02 23:00:00+00:00,Kansas State,Southeast Missouri State,1,,,,,,,,,,,,,,
401525829,2023,2,2023-09-09 16:00:00+00:00,Kansas State,Troy,1,0.0,27.0,-3.0,30.0,2.612903225806452,-2.442857142857142,0.0,-0.0,0.0,0.0,0.0,0.0,,
401525848,2023,4,2023-09-24 00:00:00+00:00,Kansas State,UCF,1,-0.33333333333333337,-5.0,-2.666666666666657,-2.333333333333334,-1.752983802216539,-1.8289713173915771,0.0,-0.0,0.0,0.0,0.0,0.0,0.5,22.0
401525870,2023,8,2023-10-21 23:00:00+00:00,Kansas State,TCU,1,0.09523809523809523,2.7857142857142865,3.0238095238095113,-0.2380952380952408,-0.17855327184254577,0.6432137430618017,4.976190476190496,-6.095238095238091,-1.1190476190476213,8.428571428571388,-66.85714285714272,0.238095238095238,0.28055555555555556,9.694444444444443
401525875,2023,9,2023-10-28 16:00:00+00:00,Kansas State,Houston,1,0.2857142857142858,21.142857142857142,7.999999999999989,13.142857142857142,0.03361570525749613,1.8775153519130847,-5.666666666666654,8.857142857142847,3.1904761904761885,-26.857142857142946,-86.80952380952385,0.04761904761904749,0.36468253968253966,12.496825396825397
401525889,2023,11,2023-11-11 20:00:00+00:00,Kansas State,Baylor,1,0.3333333333333333,25.555555555555557,13.88888888888889,11.666666666666664,0.4574378508420205,1.6765269614106821,-1.2222222222222214,4.333333333333336,3.1111111111111054,15.777777777777771,18.111111111111057,0.0,0.18065476190476193,7.121130952380953
401525904,2023,13,2023-11-26 01:00:00+00:00,Kansas State,Iowa State,0,0.18181818181818188,14.454545454545453,13.272727272727277,1.1818181818181728,0.04340041225587754,1.1850729381339153,-0.6060606060606055,-7.181818181818176,-7.787878787878788,-81.60606060606057,-24.545454545454533,0.1515151515151515,-0.0059126984126984805,1.3206746031746022
401532404,2023,3,2023-09-16 16:00:00+00:00,Kent State,Central Connecticut,1,0.0,-33.0,-24.0,-9.0,-3.8469387755102042,-0.9047619047619053,0.0,-0.0,0.0,0.0,0.0,0.0,1.0,77.0
401532413,2023,5,2023-09-30 18:30:00+00:00,Kent State,Miami (OH),0,-0.5,-28.5,-19.25,-9.25,-2.6215909090909086,-2.5868191113589885,-7.416666666666655,2.9166666666666714,-4.500000000000002,-52.0,-17.833333333333286,-0.16666666666666669,0.16666666666666663,28.0
401532430,2023,8,2023-10-21 19:30:00+00:00,Kent State,Buffalo,0,-0.1428571428571429,-14.857142857142858,-12.714285714285714,-2.142857142857139,0.9412411550965754,-0.5853447504251577,2.714285714285719,-13.190476190476197,-10.476190476190478,26.23809523809524,52.71428571428572,-0.5238095238095237,0.11666666666666659,10.313888888888888
401532442,2023,11,2023-11-09 00:00:00+00:00,Kent State,Bowling Green,0,-0.4444444444444445,-16.555555555555557,-8.333333333333332,-8.222222222222218,0.01609050911376464,-1.1742731575388778,-5.66666666666667,-3.111111111111118,-8.777777777777777,23.666666666666686,54.55555555555557,-0.5555555555555556,-0.039434523809523836,0.352232142857142
401532453,2023,13,2023-11-25 17:00:00+00:00,Kent State,Northern Illinois,0,-0.3636363636363636,-24.363636363636363,-10.63636363636364,-13.727272727272727,-0.23983379878754807,-2.09064039408867,2.9696969696969724,-5.272727272727273,-2.303030303030306,-37.5151515151515,44.42424242424235,0.030303030303030207,0.05059523809523819,3.3461904761904773
401520159,2023,1,2023-09-02 16:00:00+00:00,Kentucky,Ball State,1,,,,,,,,,,,,,,
401520196,2023,2,2023-09-09 19:00:00+00:00,Kentucky,Eastern Kentucky,1,1.0,83.0,31.0,52.0,0.6941935483870969,1.7437500000000004,0.0,-0.0,0.0,0.0,0.0,0.0,,
401520228,2023,3,2023-09-16 23:30:00+00:00,Kentucky,Akron,1,0.5,20.5,13.5,7.0,0.34989648033126297,3.830627468187801,0.0,-0.0,0.0,0.0,0.0,0.0,-1.0,-60.0
401520282,2023,5,2023-09-30 16:00:00+00:00,Kentucky,Florida,1,0.25,8.25,10.25,-2.0,-0.14459535936615708,1.0836782560706402,-7.583333333333336,-4.0,-11.583333333333329,-8.250000000000004,36.416666666666686,-0.25,-0.1111111111111111,-17.22222222222222
401520318,2023,7,2023-10-14 23:30:00+00:00,Kentucky,Missouri,0,0.0,4.166666666666667,-0.1666666666666643,4.333333333333332,-2.526047703287989,1.6628830519074418,-6.500000000000007,-2.9999999999999964,-9.5,-115.0,-135.66666666666663,0.0,-0.04999999999999993,-7.263333333333334
401520353,2023,9,2023-10-28 23:00:00+00:00,Kentucky,Tennessee,0,0.0,-4.428571428571428,-0.28571428571428825,-4.142857142857146,0.24480844969566817,0.2563917405050944,-4.380952380952383,-7.857142857142863,-12.23809523809524,-24.71428571428561,-73.52380952380942,-0.33333333333333337,0.1210317460317461,-3.201587301587301
401520386,2023,11,2023-11-11 17:00:00+00:00,Kentucky,Alabama,0,-0.2222222222222222,-6.444444444444444,-1.8888888888888893,-4.55555555555555,-2.2412247946228545,1.2251615881809785,-7.444444444444446,2.8888888888888817,-4.555555555555557,-59.55555555555554,-0.777777777777743,-0.4444444444444444,-0.11488095238095242,-14.620684523809523
401520199,2023,2,2023-09-09 23:30:00+00:00,LSU,Grambling,1,0.0,-17.0,-7.0,-10.0,1.1671408250355615,0.7369093231162198,0.0,-0.0,0.0,0.0,0.0,0.0,,
401520258,2023,4,2023-09-23 23:00:00+00:00,LSU,Arkansas,1,0.0,3.3333333333333393,7.3333333333333215,-4.0,1.248359118612285,1.2868421052631582,0.0,-0.0,0.0,0.0,0.0,0.0,0.0,25.25
401520319,2023,7,2023-10-14 23:00:00+00:00,LSU,Auburn,1,0.06666666666666665,1.0999999999999996,15.233333333333334,-14.133333333333336,3.7777777777777777,0.835625549810115,3.7666666666666657,-5.19999999999999,-1.4333333333333336,13.199999999999932,-11.80000000000004,0.2666666666666666,-0.04999999999999993,-0.9766666666666683
401520339,2023,8,2023-10-21 23:30:00+00:00,LSU,Army,1,0.380952380952381,10.666666666666668,20.785714285714285,-10.119047619047617,1.5726002290950731,1.6494910941475833,14.547619047619039,-2.214285714285719,12.333333333333334,103.0714285714285,30.97619047619054,0.2857142857142857,0.02777777777777779,3.130555555555553
401520389,2023,11,2023-11-12 00:30:00+00:00,LSU,Florida,1,0.11111111111111105,12.777777777777779,16.333333333333332,-3.5555555555555536,2.532735872541698,1.8120287215114796,-2.666666666666668,23.88888888888889,21.22222222222222,-7.111111111111086,-49.888888888888914,0.2222222222222222,0.11354166666666665,6.482142857142855
401520409,2023,12,2023-11-19 01:00:00+00:00,LSU,Georgia State,1,0.09999999999999998,18.7,18.799999999999997,-0.09999999999999787,3.553790412486067,1.7062578168801483,10.20000000000001,17.099999999999987,27.299999999999997,92.03333333333325,80.76666666666671,0.5666666666666667,0.04193121693121693,6.898148148148147
401520433,2023,13,2023-11-25 17:00:00+00:00,LSU,Texas A&M,1,0.09090909090909094,4.181818181818189,12.272727272727273,-8.090909090909093,3.027005716538536,2.2794871794871803,-8.272727272727273,-2.9090909090909065,-11.181818181818185,-3.8484848484848193,25.75757575757575,-0.0909090909090908,-0.08246031746031734,-2.1593253968254
401520160,2023,1,2023-09-02 16:00:00+00:00,Liberty,Bowling Green,1,,,,,,,,,,,,,,
401520198,2023,2,2023-09-09 22:00:00+00:00,Liberty,New Mexico State,1,0.5,-3.0,-10.0,7.0,-5.666326530612244,-1.1295918367346944,0.0,-0.0,0.0,0.0,0.0,0.0,,
401520296,2023,6,2023-10-05 23:00:00+00:00,Liberty,Sam Houston,1,1.0,37.0,30.5,6.5,4.022308063737325,4.039251257524532,-1.166666666666666,5.5,4.333333333333329,25.83333333333337,26.583333333333346,0.0,-0.2777777777777776,-12.638888888888893
401520330,2023,8,2023-10-17 23:00:00+00:00,Liberty,Middle Tennessee,1,0.7142857142857143,27.88095238095238,13.190476190476193,14.69047619047619,2.93510101010101,1.714770797962648,-6.857142857142861,6.642857142857144,-0.2142857142857189,-56.33333333333337,-79.5476190476191,-0.0476190476190476,-0.12142857142857139,-0.7488095238095236
401520366,2023,10,2023-11-04 22:00:00+00:00,Liberty,Louisiana Tech,1,0.6666666666666667,17.23611111111111,10.666666666666671,6.569444444444443,2.4998039215686303,1.4913028764805407,2.6666666666666643,-1.2361111111111107,1.4305555555555554,-16.263888888888914,-82.19444444444443,0.3333333333333333,0.14506802721088446,7.770918367346939
401520388,2023,11,2023-11-11 18:00:00+00:00,Liberty,Old Dominion,1,0.5555555555555556,19.0,14.666666666666679,4.333333333333332,2.3003911342894394,1.452160568168523,5.66666666666665,-9.333333333333332,-3.666666666666665,17.66666666666663,-24.88888888888883,0.1111111111111111,-0.2563988095238096,-5.086359126984127
401520408,2023,12,2023-11-18 18:00:00+00:00,Liberty,Massachusetts,1,0.7,32.2,15.5,16.7,2.5863211512783746,1.2277666674698215,12.500000000000004,-7.033333333333335,5.4666666666666615,106.10000000000008,126.5333333333333,-0.3666666666666666,-0.06781305114638442,0.5192901234567904
401539476,2023,14,2023-12-02 00:00:00+00:00,Liberty,New Mexico State,1,0.23076923076923073,9.87820512820513,11.852564102564106,-1.9743589743589745,1.1080017024898918,0.19288306181736647,1.4807692307692264,-0.3589743589743577,1.1217948717948705,4.5,-30.032051282051214,-0.2307692307692307,-0.07750557523284796,-1.2671258034894395
401531839,2023,1,2023-09-02 23:30:00+00:00,Louisiana,Northwestern State,1,,,,,,,,,,,,,,
401531875,2023,4,2023-09-23 23:30:00+00:00,Louisiana,Buffalo,1,0.6666666666666666,30.0,9.666666666666657,20.333333333333336,1.758018531717748,2.6,0.0,-0.0,0.0,0.0,0.0,0.0,-0.5,-14.5
401531884,2023,6,2023-10-07 19:30:00+00:00,Louisiana,Texas State,1,-0.20000000000000007,-7.6000000000000005,-7.600000000000001,-0.0,-2.3541727387544915,0.5105892750055236,-9.73333333333334,-0.0,-9.733333333333334,-93.33333333333337,-38.73333333333338,-0.1333333333333333,0.0625,2.520833333333335
401531897,2023,8,2023-10-22 00:00:00+00:00,Louisiana,Georgia State,0,-0.16666666666666674,-2.500000000000001,2.8333333333333357,-5.333333333333339,-0.3271121294995947,1.4634071810542393,5.5,-5.9999999999999964,-0.4999999999999991,21.833333333333314,15.833333333333314,0.1666666666666667,-0.1333333333333333,-5.6899999999999995
401531911,2023,11,2023-11-10 00:30:00+00:00,Louisiana,Southern Miss,0,0.33333333333333337,15.888888888888891,8.11111111111111,7.777777777777779,1.4271883936667367,1.1207698887938413,-7.44444444444445,3.2222222222222108,-4.222222222222225,-108.66666666666669,-15.222222222222204,-0.3333333333333333,-0.05714285714285705,-0.6880952380952379
401531926,2023,13,2023-11-25 20:00:00+00:00,Louisiana,UL Monroe,1,0.2727272727272727,18.0,13.454545454545453,4.54545454545455,1.359230769230769,0.7588022736778592,2.5454545454545467,-3.878787878787886,-1.3333333333333321,8.60606060606063,66.27272727272725,-0.2727272727272727,-0.01376984126984132,-0.8124603174603177
401520146,2023,1,2023-08-27 01:00:00+00:00,Louisiana Tech,Florida International,1,,,,,,,,,,,,,,
401520197,2023,2,2023-09-09 23:00:00+00:00,Louisiana Tech,Northwestern State,1,0.5,15.5,5.0,10.5,3.5259740259740253,0.3289682539682539,0.0,-0.0,0.0,0.0,0.0,0.0,,
401520229,2023,3,2023-09-16 23:00:00+00:00,Louisiana Tech,North Texas,0,0.6666666666666666,25.666666666666668,-1.0,26.66666666666667,-1.0316277529392277,1.1477120685041475,0.0,-0.0,0.0,0.0,0.0,0.0,-0.5,-23.5
401520295,2023,6,2023-10-06 00:00:00+00:00,Louisiana Tech,Western Kentucky,0,-0.09999999999999998,-1.0666666666666667,-4.600000000000001,3.5333333333333314,0.7459953103788726,0.7581754862821719,7.933333333333334,3.8000000000000043,11.733333333333334,22.466666666666697,23.333333333333314,0.1,-0.5125000000000001,-33.650000000000006
401520345,2023,9,2023-10-24 23:00:00+00:00,Louisiana Tech,New Mexico State,0,-0.25,-9.5,-3.125,-6.375,-2.5201279262192955,-1.7235452444340416,-1.5416666666666679,-6.624999999999995,-8.166666666666666,-18.708333333333314,2.0416666666666856,-0.41666666666666663,-0.2226190476190477,-6.945238095238094
401520387,2023,11,2023-11-11 20:00:00+00:00,Louisiana Tech,Sam Houston,0,0.18888888888888888,6.066666666666666,9.81111111111111,-3.74444444444444,1.5512905543580384,1.3469038208168649,-12.47777777777777,-3.9222222222222314,-16.4,-62.855555555555554,1.9666666666666401,-0.5222222222222221,-0.18794642857142851,-11.708035714285714
401525469,2023,2,2023-09-07 23:30:00+00:00,Louisville,Murray State,1,0.0,-26.0,-2.0,-24.0,-2.573924731182795,1.4264705882352944,0.0,-0.0,0.0,0.0,0.0,0.0,,
401525506,2023,4,2023-09-23 19:30:00+00:00,Louisville,Boston College,1,0.6666666666666667,23.333333333333336,10.666666666666657,12.666666666666668,2.3484449760765553,2.067026540710751,0.0,-0.0,0.0,0.0,0.0,0.0,-0.25,-10.5
401525439,2023,6,2023-10-07 23:37:00+00:00,Louisville,Notre Dame,1,0.16666666666666663,-3.6999999999999993,0.5,-4.199999999999999,0.5495483980913409,-0.30865800865800974,4.166666666666671,2.866666666666667,7.033333333333331,-33.633333333333326,25.66666666666669,0.1666666666666667,-0.22916666666666674,-4.208333333333332
401525535,2023,9,2023-10-28 19:30:00+00:00,Louisville,Duke,1,0.1428571428571428,-2.1428571428571423,4.571428571428573,-6.714285714285715,1.9556149732620325,-0.8489878542510123,-1.5714285714285712,4.714285714285715,3.142857142857144,-34.95238095238096,42.238095238095184,0.19047619047619058,-0.05833333333333335,1.6833333333333336
401525543,2023,10,2023-11-04 19:30:00+00:00,Louisville,Virginia Tech,1,0.375,11.5,6.625,4.875,1.6342045292693355,0.665287393994018,-9.29166666666666,-3.5416666666666607,-12.833333333333336,-131.375,-54.04166666666663,-0.3749999999999999,-0.012925170068027292,2.732312925170069
401525546,2023,11,2023-11-10 00:30:00+00:00,Louisville,Virginia,1,0.6666666666666666,25.888888888888893,9.777777777777775,16.11111111111111,1.5300365223962062,1.8012092219786067,-8.444444444444443,3.8888888888888875,-4.555555555555557,-79.22222222222217,-30.666666666666686,-0.3333333333333333,-0.13750000000000007,-2.584821428571429
401520432,2023,13,2023-11-25 17:00:00+00:00,Louisville,Kentucky,0,0.36363636363636376,11.363636363636363,5.454545454545453,5.909090909090917,2.088476237138657,-0.1371560438457866,9.212121212121215,-2.242424242424242,6.969696969696969,49.393939393939434,17.93939393939394,0.30303030303030287,-0.043333333333333335,5.98436507936508
401531838,2023,1,2023-09-02 22:00:00+00:00,Marshall,UAlbany,1,,,,,,,,,,,,,,
401525511,2023,4,2023-09-23 16:00:00+00:00,Marshall,Virginia Tech,1,0.6666666666666667,13.333333333333332,3.0,10.333333333333329,1.1675857843137258,1.9182692307692308,0.0,-0.0,0.0,0.0,0.0,0.0,0.0,-12.5
401531881,2023,5,2023-09-30 19:30:00+00:00,Marshall,Old Dominion,1,0.5,13.166666666666666,3.0833333333333286,10.083333333333334,-1.2057746175393236,1.5648148148148149,-1.75,-3.4166666666666714,-5.166666666666667,-12.5,-43.833333333333314,-0.1666666666666666,-0.2222222222222222,-6.11111111111111
401531893,2023,8,2023-10-19 23:00:00+00:00,Marshall,James Madison,0,-0.33333333333333337,-11.666666666666666,-4.166666666666671,-7.5,-1.185190353913141,-0.12630011909487937,0.5000000000000071,-9.166666666666668,-8.666666666666668,0.5000000000000568,-10.333333333333314,-0.3333333333333333,0.11222222222222228,3.001111111111111
401531914,2023,11,2023-11-12 00:00:00+00:00,Marshall,Georgia Southern,1,-0.2222222222222222,-11.333333333333332,-9.777777777777775,-1.5555555555555536,-0.05840455840455849,-0.8070840351862247,-17.55555555555556,6.555555555555561,-10.999999999999993,-96.5555555555556,-11.555555555555543,-0.4444444444444444,-0.05418320105820107,-3.0991898148148147
401531924,2023,13,2023-11-25 20:30:00+00:00,Marshall,Arkansas State,1,-0.09090909090909094,-4.181818181818182,-6.18181818181818,2.0,-1.318275633087456,-0.7613039192358677,-20.818181818181813,-9.666666666666668,-30.484848484848484,-93.00000000000006,-28.54545454545459,-0.24242424242424232,0.12946248196248206,2.442481962481963
401520161,2023,1,2023-09-02 19:30:00+00:00,Maryland,Towson,1,,,,,,,,,,,,,,
401520200,2023,2,2023-09-09 23:30:00+00:00,Maryland,Charlotte,1,0.0,11.0,14.0,-3.0,0.002447980416157236,-0.06973995271867661,0.0,-0.0,0.0,0.0,0.0,0.0,,
401520231,2023,3,2023-09-15 23:00:00+00:00,Maryland,Virginia,1,1.0,43.5,14.0,29.5,-2.4448101265822784,4.253896713615023,0.0,-0.0,0.0,0.0,0.0,0.0,0.0,-14.0
401520283,2023,5,2023-09-30 19:30:00+00:00,Maryland,Indiana,1,0.5,22.75,15.5,7.25,0.007073386383731339,1.816508182220256,-6.5,-3.2500000000000053,-9.749999999999998,-61.0,-48.666666666666686,-0.1666666666666666,0.11111111111111105,5.555555555555555
401520320,2023,7,2023-10-14 19:30:00+00:00,Maryland,Illinois,0,0.5,27.5,15.833333333333332,11.66666666666666,0.5232394366197184,0.664639981985025,-1.499999999999996,-5.666666666666661,-7.166666666666666,-71.66666666666663,-43.166666666666686,-0.1666666666666667,0.036666666666666625,-2.6333333333333337
401520367,2023,10,2023-11-04 19:30:00+00:00,Maryland,Penn State,0,-0.25,-15.125,-6.25,-8.875,0.8131775973552431,0.3083170148608225,-7.083333333333332,-8.79166666666667,-15.874999999999993,2.0416666666666856,1.791666666666682,-0.41666666666666674,-0.07142857142857151,-1.8571428571428563
401520410,2023,12,2023-11-18 17:00:00+00:00,Maryland,Michigan,0,-0.4,-25.0,-10.100000000000001,-14.899999999999999,-2.6269720210348915,-0.6194602076124558,-9.56666666666667,-7.099999999999996,-16.666666666666668,-52.666666666666686,-14.266666666666625,-0.2666666666666666,-0.012566137566137559,-3.026278659611993
401526833,2023,2,2023-09-09 19:30:00+00:00,Massachusetts,Miami (OH),0,0.5,18.0,24.5,-6.5,1.7764227642276422,3.225625,0.0,-0.0,0.0,0.0,0.0,0.0,,
401526835,2023,4,2023-09-23 19:30:00+00:00,Massachusetts,New Mexico,0,-0.08333333333333331,-10.25,-2.666666666666668,-7.583333333333332,0.3188918361332158,-1.3240625000000001,-5.333333333333332,-2.416666666666657,-7.75,-8.0,14.083333333333314,-0.25,0.0833333333333334,-3.916666666666666
401526836,2023,5,2023-09-30 19:30:00+00:00,Massachusetts,Arkansas State,0,-0.3,8.6,6.699999999999999,1.8999999999999986,2.456111670020121,-0.37661182747887967,-7.366666666666671,-6.233333333333327,-13.6,-12.33333333333331,42.08333333333334,-0.3666666666666666,-0.16666666666666674,-15.333333333333334
401526837,2023,6,2023-10-07 16:00:00+00:00,Massachusetts,Toledo,0,-0.6333333333333334,-30.666666666666664,-14.299999999999997,-16.366666666666656,-0.4826797385620907,-1.1970182595182592,4.633333333333326,8.366666666666656,13.0,69.00000000000006,91.73333333333338,-0.3666666666666665,0.10416666666666671,-8.125
401520400,2023,10,2023-11-04 19:30:00+00:00,Massachusetts,Merrimack,1,-0.20634920634920628,-20.984126984126988,-3.904761904761905,-17.07936507936508,1.4098685093251042,-0.16387986687517575,-8.761904761904763,0.7460317460317435,-8.015873015873009,-53.55555555555554,-47.58730158730158,-0.126984126984127,0.27692743764172334,14.502607709750567
401520443,2023,13,2023-11-25 17:00:00+00:00,Massachusetts,UConn,0,0.09090909090909091,-1.90909090909091,5.63636363636364,-7.545454545454543,1.3780088014680993,0.5046103321965383,6.696969696969694,14.878787878787877,21.575757575757578,-3.363636363636374,-68.81818181818178,0.24242424242424243,-0.10804232804232816,-4.267261904761905
401531426,2023,1,2023-09-02 23:00:00+00:00,Memphis,Bethune-Cookman,1,,,,,,,,,,,,,,
401531428,2023,3,2023-09-14 23:30:00+00:00,Memphis,Navy,1,0.5,45.5,33.0,12.5,0.446567164179104,0.22929606625258803,0.0,-0.0,0.0,0.0,0.0,0.0,0.0,-43.0
401531429,2023,5,2023-09-30 20:00:00+00:00,Memphis,Boise State,1,0.25,21.25,9.25,12.0,0.5209406378440242,-0.4012723387723387,-9.25,-10.0,-19.25,-36.0,-8.249999999999943,-0.2499999999999999,-0.33333333333333337,-48.19444444444444
401531371,2023,7,2023-10-13 23:00:00+00:00,Memphis,Tulane,0,0.0,2.799999999999999,6.800000000000001,-4.0,-1.4735283397120469,0.3187904584552621,-7.466666666666669,-15.0,-22.46666666666667,-21.066666666666666,11.933333333333366,-0.33333333333333326,0.0625,-23.14583333333333
401531425,2023,10,2023-11-04 19:00:00+00:00,Memphis,South Florida,1,0.25,17.875,8.75,9.125,0.8812139629110174,0.4320921985815609,3.916666666666672,3.875000000000007,7.791666666666667,-2.9583333333333712,4.583333333333371,0.0833333333333333,0.03537414965986396,-11.926530612244896
401531431,2023,12,2023-11-18 17:00:00+00:00,Memphis,SMU,0,0.0,-13.3,-0.7999999999999972,-12.5,-0.4992941794425665,-0.11028602860286085,0.13333333333333286,-10.166666666666666,-10.033333333333328,2.0,43.63333333333338,0.0,-0.03335978835978848,-14.527830687830686
401525463,2023,1,2023-09-01 23:00:00+00:00,Miami,Miami (OH),1,,,,,,,,,,,,,,
401520201,2023,2,2023-09-09 19:30:00+00:00,Miami,Texas A&M,1,0.0,-7.0,-14.0,7.0,1.5729411764705894,2.323754789272031,0.0,-0.0,0.0,0.0,0.0,0.0,,
401525499,2023,3,2023-09-14 23:30:00+00:00,Miami,Bethune-Cookman,1,1.0,67.0,29.0,38.0,9.59318181818182,3.2833333333333337,0.0,-0.0,0.0,0.0,0.0,0.0,,
401525519,2023,6,2023-10-08 00:00:00+00:00,Miami,Georgia Tech,0,0.6,29.65,11.350000000000001,18.3,1.6825785393716846,1.554538520213578,7.649999999999988,0.03333333333333366,7.683333333333334,52.39999999999992,25.5,0.0666666666666667,-0.006944444444444531,-3.8958333333333335
401525529,2023,8,2023-10-22 00:00:00+00:00,Miami,Clemson,1,0.0,5.833333333333334,5.499999999999993,0.3333333333333286,2.6977521536252693,0.5601668151267303,1.166666666666675,-4.9999999999999964,-3.833333333333334,42.83333333333337,12.333333333333371,-0.3333333333333333,-0.19916666666666671,-13.905833333333328
401525538,2023,9,2023-10-28 19:30:00+00:00,Miami,Virginia,1,0.4285714285714286,24.714285714285715,12.714285714285712,12.0,0.5365451245669028,2.417051094890511,-13.714285714285712,-17.66666666666667,-31.38095238095238,-86.5714285714285,3.0952380952381304,-0.7619047619047619,-0.16388888888888886,-9.033333333333331
401525558,2023,12,2023-11-18 17:00:00+00:00,Miami,Louisville,0,-0.30000000000000004,-5.4,-1.8000000000000043,-3.599999999999998,-1.3195274040039395,0.04515488544526658,-9.199999999999996,-11.73333333333333,-20.93333333333333,-72.93333333333334,5.166666666666657,-0.3666666666666665,0.06565255731922393,-2.6496472663139317
401532408,2023,4,2023-09-23 19:30:00+00:00,Miami (OH),Delaware State,1,0.6666666666666666,39.5,22.0,17.5,4.801515151515153,1.7279811525915183,0.0,-0.0,0.0,0.0,0.0,0.0,0.75,17.75
401532416,2023,6,2023-10-07 19:30:00+00:00,Miami (OH),Bowling Green,1,0.4,15.8,9.399999999999999,6.399999999999999,3.044736517339256,1.0734366035570861,12.266666666666659,9.933333333333335,22.2,94.40000000000003,26.066666666666634,0.2666666666666666,-0.375,-29.5
401532427,2023,8,2023-10-21 20:00:00+00:00,Miami (OH),Toledo,0,0.0,-3.857142857142856,-5.285714285714274,1.4285714285714306,0.9954104379753481,-1.1736138309181445,3.619047619047606,11.57142857142857,15.19047619047619,-72.47619047619042,9.809523809523796,0.0,0.20555555555555563,-2.2472222222222236
401532441,2023,11,2023-11-09 00:00:00+00:00,Miami (OH),Akron,1,0.5555555555555556,22.77777777777778,12.666666666666668,10.11111111111111,2.89857525536487,1.3235152911805659,-3.9999999999999964,-1.1111111111111107,-5.111111111111113,-51.66666666666663,-40.99999999999994,-0.2222222222222222,0.06294642857142857,-2.106994047619048
401532447,2023,12,2023-11-16 00:00:00+00:00,Miami (OH),Buffalo,1,0.5,16.8,5.699999999999999,11.099999999999998,2.651020459458099,0.8627880344790242,0.6333333333333346,-4.433333333333331,-3.8000000000000007,-65.63333333333333,-51.83333333333334,-0.16666666666666669,-0.08020282186948852,-6.9603615520282185
401520162,2023,1,2023-09-02 16:00:00+00:00,Michigan,East Carolina,1,,,,,,,,,,,,,,
401520202,2023,2,2023-09-09 19:30:00+00:00,Michigan,UNLV,1,0.0,-3.0,-14.0,11.0,3.78225806451613,-2.764516129032258,0.0,-0.0,0.0,0.0,0.0,0.0,,
401520232,2023,3,2023-09-16 23:30:00+00:00,Michigan,Bowling Green,1,0.5,21.0,1.5,19.5,1.7721589330369554,-0.4045673076923073,0.0,-0.0,0.0,0.0,0.0,0.0,0.0,3.0
401520260,2023,4,2023-09-23 16:00:00+00:00,Michigan,Rutgers,1,0.0,5.0,0.33333333333333215,4.666666666666667,4.055555555555553,0.08582995951417072,0.0,-0.0,0.0,0.0,0.0,0.0,0.0,13.75
401520321,2023,7,2023-10-14 16:00:00+00:00,Michigan,Indiana,1,0.6,34.266666666666666,16.533333333333335,17.73333333333333,2.8250614698114935,1.8880882624646977,6.133333333333322,4.933333333333336,11.066666666666663,27.03333333333336,-22.999999999999943,0.0666666666666667,0.13666666666666671,8.305
401520368,2023,10,2023-11-04 23:30:00+00:00,Michigan,Purdue,1,0.75,42.875,18.75,24.125,3.9834635982052387,1.0240348399246701,20.583333333333336,0.8750000000000009,21.458333333333336,100.79166666666669,88.79166666666669,0.25,-0.17210884353741507,-7.106462585034015
401520434,2023,13,2023-11-25 17:00:00+00:00,Michigan,Ohio State,1,0.0,4.909090909090917,4.63636363636364,0.2727272727272716,0.5062839376423209,0.15154440154440163,-9.303030303030297,-10.27272727272727,-19.575757575757578,-60.03030303030306,-19.90909090909085,0.0,-0.15587301587301594,-8.387142857142857
401520163,2023,1,2023-09-01 23:00:00+00:00,Michigan State,Central Michigan,1,,,,,,,,,,,,,,
401520203,2023,2,2023-09-09 19:30:00+00:00,Michigan State,Richmond,1,1.0,31.0,21.0,10.0,2.8212121212121213,1.5292066259808195,0.0,-0.0,0.0,0.0,0.0,0.0,,
401520233,2023,3,2023-09-16 21:00:00+00:00,Michigan State,Washington,0,0.0,-7.5,-11.5,4.0,-1.1193379790940785,-0.37256981265464795,0.0,-0.0,0.0,0.0,0.0,0.0,-1.0,-42.0
401520261,2023,4,2023-09-23 19:30:00+00:00,Michigan State,Maryland,0,-0.33333333333333337,-19.0,-11.666666666666668,-7.333333333333334,0.3143462042544609,-1.6139705882352944,0.0,-0.0,0.0,0.0,0.0,0.0,0.0,12.75
401520340,2023,8,2023-10-21 23:30:00+00:00,Michigan State,Michigan,0,-0.6666666666666667,-35.04761904761905,-17.42857142857143,-17.619047619047613,-3.3918418537983754,-1.321226053639847,-15.904761904761896,-2.3809523809523863,-18.285714285714274,-38.28571428571428,-23.952380952380935,-0.3333333333333333,0.01666666666666672,4.247222222222225
401520369,2023,10,2023-11-04 16:00:00+00:00,Michigan State,Nebraska,1,-0.375,-11.375,-2.25,-9.125,-0.2914667896678962,-1.1713761467889907,-8.416666666666668,-15.208333333333336,-23.624999999999993,-37.5,-50.208333333333314,-0.625,0.11462585034013595,12.903061224489798
401520435,2023,13,2023-11-25 00:30:00+00:00,Michigan State,Penn State,0,-0.45454545454545464,-34.00000000000001,-19.363636363636363,-14.636363636363633,0.06315628422341035,-1.1735361295681064,4.030303030303029,4.3030303030303045,8.33333333333334,9.606060606060623,40.60606060606062,0.4545454545454546,0.02595238095238095,2.784801587301587
401520234,2023,3,2023-09-16 23:00:00+00:00,Middle Tennessee,Murray State,1,-0.5,-14.0,-7.5,-6.5,-2.1778934476423757,-1.567224880382775,0.0,-0.0,0.0,0.0,0.0,0.0,0.0,20.0
401520262,2023,4,2023-09-23 23:00:00+00:00,Middle Tennessee,Colorado State,0,0.3333333333333333,6.333333333333334,-9.166666666666671,15.5,-1.7172877846790895,2.1625863151286877,0.0,-0.0,0.0,0.0,0.0,0.0,-0.25,-6.25
401520294,2023,6,2023-10-05 00:00:00+00:00,Middle Tennessee,Jacksonville State,0,-0.6000000000000001,-24.799999999999997,-8.8,-16.0,0.3136961590919096,-0.6180822227241922,7.466666666666669,10.0,17.466666666666665,46.86666666666673,12.73333333333332,0.2666666666666667,0.2777777777777778,9.868055555555552
401520313,2023,7,2023-10-10 23:00:00+00:00,Middle Tennessee,Louisiana Tech,1,-0.26190476190476186,-12.809523809523808,-6.4761904761904745,-6.333333333333336,-0.19538693278102048,-0.6344597810566399,5.4761904761904745,-5.0,0.47619047619047583,96.61904761904759,52.78571428571428,-0.07142857142857151,0.33333333333333337,12.476666666666668
401520390,2023,11,2023-11-11 20:30:00+00:00,Middle Tennessee,Florida International,1,-0.2222222222222222,-1.2222222222222223,1.1111111111111107,-2.3333333333333286,-0.7185018846739917,0.889122807017543,2.2222222222222183,7.9999999999999964,10.222222222222221,-2.3333333333332558,-14.555555555555543,0.2222222222222222,0.28095238095238106,10.980654761904763
401520411,2023,12,2023-11-18 19:00:00+00:00,Middle Tennessee,UTEP,1,0.0,3.8,5.599999999999998,-1.7999999999999972,-0.4338659424866327,-0.19601278222050933,2.7333333333333303,9.133333333333336,11.866666666666665,3.2666666666666515,2.1333333333333826,0.0,0.20103615520282192,4.46696979717813
401520148,2023,1,2023-09-01 00:00:00+00:00,Minnesota,Nebraska,1,,,,,,,,,,,,,,
401520204,2023,2,2023-09-09 23:30:00+00:00,Minnesota,Eastern Michigan,1,0.0,-7.0,-20.0,13.0,-1.7954545454545459,-1.4666666666666663,0.0,-0.0,0.0,0.0,0.0,0.0,,
401520284,2023,5,2023-09-30 16:00:00+00:00,Minnesota,Louisiana,1,-0.25,-11.0,-17.5,6.5,-2.428910315273951,-1.3022043745727956,2.5,1.1666666666666679,3.6666666666666665,13.166666666666686,-21.49999999999997,-0.0833333333333333,0.6111111111111112,15.166666666666668
401520303,2023,6,2023-10-07 23:30:00+00:00,Minnesota,Michigan,0,-0.4,-26.0,-10.399999999999999,-15.600000000000001,-3.695166760881854,-0.23404143718856574,2.066666666666663,-8.399999999999999,-6.333333333333334,30.533333333333303,41.06666666666669,-0.2666666666666666,0.02083333333333326,-8.375
401520354,2023,9,2023-10-28 19:30:00+00:00,Minnesota,Michigan State,1,0.2857142857142857,5.0,1.428571428571427,3.571428571428573,-0.7635836504361793,0.8152641996947771,4.238095238095239,1.7619047619047592,6.000000000000002,16.571428571428505,40.714285714285694,0.38095238095238093,0.08730158730158744,-6.969047619047618
401520370,2023,10,2023-11-04 19:30:00+00:00,Minnesota,Illinois,0,0.25,5.75,0.75,5.0,-0.8915617907984323,0.043920026220910735,-2.7499999999999964,-6.666666666666668,-9.416666666666668,-3.375,15.29166666666669,0.0833333333333332,0.10612244897959178,-3.538095238095237
401520436,2023,13,2023-11-25 20:30:00+00:00,Minnesota,Wisconsin,0,-0.09090909090909094,-9.09090909090909,-1.6363636363636367,-7.454545454545453,0.4881458799369245,-0.6282533399307271,5.3030303030303045,-9.878787878787875,-4.575757575757577,4.757575757575751,24.06060606060603,-0.24242424242424238,0.02337301587301588,-1.1812698412698417
401520164,2023,1,2023-09-02 20:00:00+00:00,Mississippi State,SE Louisiana,1,,,,,,,,,,,,,,
401520205,2023,2,2023-09-09 23:30:00+00:00,Mississippi State,Arizona,1,0.0,6.0,10.0,-4.0,-3.4031830238726783,0.7521367521367521,0.0,-0.0,0.0,0.0,0.0,0.0,,
401520235,2023,3,2023-09-16 16:00:00+00:00,Mississippi State,LSU,0,0.5,3.5,-8.5,12.0,-0.9237599510104104,0.14615384615384652,0.0,-0.0,0.0,0.0,0.0,0.0,1.0,39.0
401520285,2023,5,2023-10-01 01:00:00+00:00,Mississippi State,Alabama,0,-0.25,-13.25,0.5,-13.75,-0.5660248181429175,0.6762801052418537,2.833333333333332,-4.583333333333334,-1.75,-23.58333333333337,13.833333333333371,-0.0833333333333333,-0.22222222222222232,-1.7777777777777786
401520304,2023,6,2023-10-07 16:00:00+00:00,Mississippi State,Western Michigan,1,0.0,9.0,3.0,5.9999999999999964,0.8307692307692305,0.4414591777649095,-10.33333333333334,-7.333333333333334,-17.666666666666664,-15.933333333333334,12.133333333333326,-0.3333333333333333,-0.08333333333333337,-1.5416666666666607
401520371,2023,10,2023-11-04 23:30:00+00:00,Mississippi State,Kentucky,0,-0.125,-6.75,-5.625,-1.125,-0.44255319148936145,-0.8099907392275423,5.625,22.45833333333333,28.08333333333333,34.333333333333314,-21.79166666666663,0.7916666666666666,-0.08571428571428574,8.218367346938775
401520412,2023,12,2023-11-18 17:00:00+00:00,Mississippi State,Southern Miss,1,0.10000000000000003,4.3999999999999995,-2.700000000000003,7.099999999999998,0.21564923444024675,0.12728469406282183,-20.633333333333333,-12.43333333333333,-33.06666666666666,-161.43333333333334,-73.59999999999997,-0.7666666666666666,0.017857142857142794,8.66111111111111
401520424,2023,13,2023-11-24 00:30:00+00:00,Mississippi State,Ole Miss,0,-0.36363636363636376,-17.0,-13.27272727272727,-3.7272727272727266,-3.434633751677323,0.051506287138084694,1.2727272727272698,2.0606060606060588,3.333333333333334,-38.81818181818187,-65.87878787878785,0.030303030303030498,-0.10869769119769113,-2.3352813852813865
401520165,2023,1,2023-09-01 00:00:00+00:00,Missouri,South Dakota,1,,,,,,,,,,,,,,
401520206,2023,2,2023-09-09 23:00:00+00:00,Missouri,Middle Tennessee,1,1.0,74.0,28.0,46.0,4.892307692307692,2.2750000000000004,0.0,-0.0,0.0,0.0,0.0,0.0,,
401520236,2023,3,2023-09-16 16:00:00+00:00,Missouri,Kansas State,1,0.0,-22.5,-14.5,-8.0,-0.12698412698412653,-1.0518783542039363,0.0,-0.0,0.0,0.0,0.0,0.0,-1.0,-67.0
401520259,2023,4,2023-09-23 23:30:00+00:00,Missouri,Memphis,1,0.0,-16.0,-11.000000000000007,-5.000000000000002,1.8605664488017446,-1.2827612509534707,0.0,-0.0,0.0,0.0,0.0,0.0,0.25,34.25
401520305,2023,6,2023-10-07 16:00:00+00:00,Missouri,LSU,0,0.4,-1.8000000000000007,-12.0,10.2,0.2565986394557829,-1.5054347826086958,4.666666666666664,-1.8666666666666631,2.8000000000000003,42.666666666666686,46.0,-0.0666666666666666,-0.004166666666666652,-11.791666666666664
401520341,2023,8,2023-10-21 19:30:00+00:00,Missouri,South Carolina,1,0.5238095238095237,11.333333333333332,4.857142857142854,6.476190476190471,0.40764372822299677,0.9462035437855816,1.4761904761904816,0.5238095238095362,2.0,17.166666666666686,76.76190476190476,-0.1904761904761904,-0.1777777777777777,-15.566666666666663
401520391,2023,11,2023-11-11 20:30:00+00:00,Missouri,Tennessee,1,0.0,-7.8888888888888875,-2.3333333333333357,-5.555555555555557,1.4940647482014393,-1.557994507928071,-4.0,5.888888888888886,1.8888888888888875,-109.0,-130.44444444444446,0.0,0.18377976190476197,5.80952380952381
401520413,2023,12,2023-11-19 00:30:00+00:00,Missouri,Florida,1,0.30000000000000004,8.4,3.299999999999997,5.099999999999998,1.3942210431894964,0.14497843203284155,-3.2999999999999976,23.233333333333327,19.933333333333334,5.400000000000034,-52.299999999999955,0.3666666666666666,0.10679012345679018,1.2461640211640193
401525436,2023,2,2023-09-09 16:00:00+00:00,NC State,Notre Dame,0,0.0,-36.0,-25.0,-11.0,-4.7475524475524455,-1.7949832775919727,0.0,-0.0,0.0,0.0,0.0,0.0,,
401525502,2023,3,2023-09-16 18:00:00+00:00,NC State,VMI,1,0.0,-4.0,11.5,-15.5,-2.4445234708392602,0.9715422276621788,0.0,-0.0,0.0,0.0,0.0,0.0,1.0,81.0
401525512,2023,5,2023-09-29 23:00:00+00:00,NC State,Louisville,0,-0.25,-16.5,-13.75,-2.75,-4.91341324583138,-1.7642908973635407,0.4166666666666643,-7.583333333333329,-7.166666666666662,-16.91666666666663,0.6666666666666288,-0.0833333333333333,-0.11111111111111105,-4.833333333333334
401525521,2023,6,2023-10-07 18:00:00+00:00,NC State,Marshall,1,-0.4,-3.3499999999999996,-3.8500000000000014,0.5,-1.7283950617283947,-0.28977503726792264,-1.81666666666667,7.500000000000002,5.683333333333332,-5.616666666666674,-0.6166666666666742,0.0666666666666666,0.16666666666666669,14.666666666666664
401525534,2023,9,2023-10-28 18:00:00+00:00,NC State,Clemson,1,0.0,-8.0,-5.0,-3.0,-0.9047903001391369,-0.3644105582307833,2.6666666666666607,-5.0,-2.333333333333333,21.71428571428578,8.285714285714278,-0.3333333333333332,-0.06666666666666665,-5.419444444444444
401525544,2023,10,2023-11-05 00:00:00+00:00,NC State,Miami,1,-0.125,-12.875,-10.125,-2.75,-2.1475025545470947,-1.4879574601188614,5.791666666666671,4.416666666666671,10.208333333333332,56.20833333333337,40.16666666666663,0.1249999999999999,0.12176870748299318,8.625510204081632
401525562,2023,13,2023-11-26 01:00:00+00:00,NC State,North Carolina,1,0.0,-6.545454545454546,-12.363636363636367,5.818181818181817,-2.3430578151660653,-1.068932858642567,-2.636363636363633,8.515151515151517,5.878787878787879,-7.181818181818185,-10.424242424242436,0.3333333333333333,0.027063492063492123,0.2903571428571414
401531432,2023,2,2023-09-09 19:30:00+00:00,Navy,Wagner,1,0.0,-9.0,-13.0,4.0,-2.677655677655678,-0.6342592592592591,0.0,-0.0,0.0,0.0,0.0,0.0,,
401531424,2023,5,2023-09-30 19:30:00+00:00,Navy,South Florida,0,-0.16666666666666669,-5.333333333333333,-9.75,4.416666666666671,0.3302083333333332,0.442268192488263,-0.916666666666668,-4.416666666666671,-5.333333333333333,34.75,-21.5,-0.1666666666666666,-0.2222222222222222,-11.5
401531433,2023,6,2023-10-07 19:30:00+00:00,Navy,North Texas,1,-0.25,-1.5,-16.0,14.5,-0.5071689259645469,0.15593331153972034,0.6666666666666643,-0.5,0.16666666666666785,-25.16666666666663,-10.500000000000032,-0.0833333333333333,-0.05555555555555547,1.0277777777777775
401531434,2023,8,2023-10-21 16:00:00+00:00,Navy,Air Force,0,-0.5,-24.999999999999996,-16.66666666666667,-8.333333333333334,-9.356261022927692,-0.8008794969754858,-2.3333333333333175,4.666666666666666,2.3333333333333273,-30.499999999999943,-27.33333333333333,0.1666666666666666,0.04333333333333339,-2.1399999999999997
401531384,2023,11,2023-11-11 20:30:00+00:00,Navy,UAB,1,0.041666666666666685,2.208333333333333,-12.527777777777779,14.736111111111121,-1.4718579496506177,0.06440274104555144,-3.472222222222223,11.597222222222204,8.125,-82.25,4.916666666666629,-0.0416666666666666,-0.1842261904761905,-12.97202380952381
401531417,2023,12,2023-11-18 17:00:00+00:00,Navy,East Carolina,1,0.2444444444444444,3.1222222222222227,1.5666666666666664,1.5555555555555571,1.9322064376910628,1.1176345785230377,-2.9000000000000057,0.44444444444444287,-2.4555555555555557,-48.32222222222231,0.6888888888889397,-0.2444444444444444,-0.08162477954144626,-4.991264329805997
401520237,2023,3,2023-09-16 23:00:00+00:00,Nebraska,Northern Illinois,1,-0.5,-12.5,-7.0,-5.5,-1.3170731707317076,2.373983739837399,0.0,-0.0,0.0,0.0,0.0,0.0,0.0,-23.0
401520263,2023,4,2023-09-23 19:30:00+00:00,Nebraska,Louisiana Tech,1,-0.16666666666666669,-2.3333333333333335,-11.333333333333332,9.0,-1.3179487179487177,0.004592489245436759,-3.0,4.0,1.0,13.5,35.83333333333337,0.1666666666666666,0.75,25.0
401520286,2023,5,2023-09-30 19:30:00+00:00,Nebraska,Michigan,0,-0.5,-22.75,-10.0,-12.75,-4.21505376344086,0.553159041394335,3.333333333333332,-0.9166666666666619,2.416666666666665,20.333333333333375,17.666666666666686,0.1666666666666666,-0.16666666666666674,-17.72222222222222
401520342,2023,8,2023-10-21 19:30:00+00:00,Nebraska,Northwestern,1,0.0,3.333333333333333,-3.0,6.333333333333329,0.37731795567616455,1.891287878787879,-3.0,3.3333333333333393,0.3333333333333337,-17.0,-5.5,0.0,-0.020000000000000018,-9.85
401520355,2023,9,2023-10-28 19:30:00+00:00,Nebraska,Purdue,1,0.2857142857142857,6.285714285714286,-4.285714285714285,10.571428571428573,-0.24422522303981076,1.150883602496506,-2.714285714285717,-4.238095238095234,-6.9523809523809526,-5.14285714285711,45.09523809523813,0.0476190476190476,-0.1777777777777778,-15.255555555555553
401520392,2023,11,2023-11-11 17:00:00+00:00,Nebraska,Maryland,0,0.0,-5.777777777777779,-10.777777777777779,5.0,-0.9268578918490524,0.5277215242188786,10.444444444444446,17.666666666666664,28.11111111111111,12.888888888888914,-20.444444444444432,0.6666666666666665,-0.04598214285714286,-6.210565476190476
401520425,2023,13,2023-11-24 17:00:00+00:00,Nebraska,Iowa,0,-0.36363636363636376,-6.090909090909091,0.2727272727272734,-6.363636363636363,0.9150769431616057,1.139144615099926,-1.2727272727272734,-5.96969696969697,-7.242424242424242,-51.393939393939405,-28.666666666666657,-0.6363636363636362,-0.08753968253968258,-3.724047619047619
401532576,2023,2,2023-09-09 23:00:00+00:00,Nevada,Idaho,0,-1.0,-77.0,-28.0,-49.0,-1.5196078431372548,-6.2938596491228065,0.0,-0.0,0.0,0.0,0.0,0.0,,
401525837,2023,3,2023-09-17 02:30:00+00:00,Nevada,Kansas,0,-1.0,-60.5,-31.0,-29.5,-3.3267543859649127,-3.5321331784746417,0.0,-0.0,0.0,0.0,0.0,0.0,0.0,24.5
401532597,2023,7,2023-10-14 21:00:00+00:00,Nevada,UNLV,0,-0.8,-32.2,-20.6,-11.599999999999998,-0.9222222222222207,-2.045365233472029,-3.4,8.933333333333326,5.533333333333333,-69.0,-50.86666666666662,-0.1999999999999999,0.35416666666666663,18.162499999999998
401532604,2023,9,2023-10-29 02:30:00+00:00,Nevada,New Mexico,1,-0.2857142857142857,-15.428571428571427,-14.142857142857144,-1.2857142857142847,-1.6095633602278117,-1.652364568575862,-2.5238095238095237,13.285714285714285,10.761904761904761,-15.04761904761915,-6.238095238095212,0.2857142857142856,0.5445578231292516,25.97953514739229
401532610,2023,10,2023-11-04 20:00:00+00:00,Nevada,Hawai'i,0,0.02777777777777779,0.7083333333333339,-2.8888888888888893,3.5972222222222214,-0.6055925701594989,1.0170893801708938,6.888888888888889,12.736111111111114,19.625,15.763888888888914,-27.34722222222223,0.6388888888888888,0.2488095238095238,7.136607142857139
401532630,2023,13,2023-11-26 02:00:00+00:00,Nevada,Wyoming,0,-0.4545454545454546,-14.454545454545453,-6.272727272727277,-8.18181818181818,-1.0199056199056207,-0.7457884768740031,-1.0606060606060628,-5.151515151515156,-6.212121212121214,-56.242424242424306,-61.99999999999997,-0.212121212121212,0.06069624819624819,8.757463924963924
401532577,2023,2,2023-09-10 00:00:00+00:00,New Mexico,Tennessee Tech,1,0.0,-7.0,0.0,-7.0,-0.3690476190476195,0.06955645161290303,0.0,-0.0,0.0,0.0,0.0,0.0,,
401520238,2023,3,2023-09-17 00:00:00+00:00,New Mexico,New Mexico State,0,0.16666666666666669,-1.333333333333333,-2.0,0.6666666666666679,-1.8350000000000026,-0.6742081447963786,0.0,-0.0,0.0,0.0,0.0,0.0,-1.0,-45.0
401532596,2023,7,2023-10-14 22:00:00+00:00,New Mexico,San José State,0,0.23333333333333342,3.266666666666667,0.6000000000000014,2.6666666666666643,1.0054468362687539,0.5811805455332664,3.733333333333338,-0.0,3.733333333333334,8.5,-26.43333333333337,0.09999999999999991,-0.39166666666666666,-28.104166666666668
401532600,2023,8,2023-10-21 22:00:00+00:00,New Mexico,Hawai'i,1,0.047619047619047616,5.047619047619047,3.976190476190471,1.0714285714285694,0.5469379532634973,2.6101066160362203,-0.6428571428571388,-6.404761904761905,-7.0476190476190474,-48.76190476190476,-32.309523809523796,-0.0476190476190476,-0.3166666666666668,-19.71666666666667
401532611,2023,10,2023-11-04 22:00:00+00:00,New Mexico,UNLV,0,-0.375,-11.0,-5.125,-5.875,0.023360353721444405,0.3095749578026705,3.7916666666666714,-2.7916666666666643,1.0,-42.25,-39.5,0.0416666666666667,-0.24931972789115642,-11.668707482993199
401532629,2023,13,2023-11-24 20:30:00+00:00,New Mexico,Utah State,0,-0.09090909090909088,-8.272727272727273,-7.18181818181818,-1.0909090909090935,0.06635591838136179,0.3467013312682079,-2.81818181818182,-6.242424242424242,-9.060606060606062,31.212121212121193,32.33333333333336,-0.2424242424242423,-0.07932539682539691,-6.6002777777777775
401525450,2023,1,2023-08-26 23:00:00+00:00,New Mexico State,Massachusetts,0,,,,,,,,,,,,,,
401520166,2023,1,2023-09-03 01:00:00+00:00,New Mexico State,Western Illinois,1,,,,,,,,,,,,,,
401520297,2023,6,2023-10-05 01:00:00+00:00,New Mexico State,Florida International,1,-0.19999999999999996,7.6,8.400000000000002,-0.7999999999999972,3.1461567304086966,2.5385542168674697,-13.400000000000002,8.799999999999997,-4.6000000000000005,-129.0,-90.13333333333333,-0.1333333333333333,0.25000000000000006,11.0
401520315,2023,7,2023-10-12 01:00:00+00:00,New Mexico State,Sam Houston,1,0.5,19.066666666666666,19.7,-0.6333333333333293,4.731788079470198,3.960497201613953,-10.7,13.966666666666658,3.2666666666666666,-120.33333333333331,-80.13333333333333,0.1666666666666666,-0.18333333333333324,-17.21666666666667
401520372,2023,10,2023-11-04 22:00:00+00:00,New Mexico State,Middle Tennessee,1,0.41666666666666663,17.375,5.694444444444443,11.680555555555557,1.9171742340346984,2.342879934125881,-10.361111111111114,10.319444444444434,-0.04166666666666696,-74.34722222222223,-101.95833333333331,0.25,-0.17397959183673473,-7.509013605442178
401520437,2023,13,2023-11-25 21:00:00+00:00,New Mexico State,Jacksonville State,1,0.022727272727272707,-1.6363636363636367,-2.083333333333332,0.44696969696969546,2.4500850789180317,1.0036476179949148,-12.249999999999995,7.8863636363636385,-4.363636363636363,-96.18939393939388,-3.32575757575756,0.3106060606060606,0.046509139009139,1.8784054834054835
401520167,2023,1,2023-09-02 23:30:00+00:00,North Carolina,South Carolina,1,,,,,,,,,,,,,,
401525495,2023,2,2023-09-09 21:15:00+00:00,North Carolina,App State,1,0.0,-7.0,-14.0,7.0,-1.885416666666666,0.8890876565295178,0.0,-0.0,0.0,0.0,0.0,0.0,,
401520239,2023,3,2023-09-16 19:30:00+00:00,North Carolina,Minnesota,1,0.0,-1.0,16.5,-17.5,2.388463641334062,1.4642857142857153,0.0,-0.0,0.0,0.0,0.0,0.0,0.0,11.0
401525520,2023,6,2023-10-07 19:30:00+00:00,North Carolina,Syracuse,1,0.19999999999999996,-9.649999999999999,-2.450000000000003,-7.199999999999999,0.5203745529832489,-0.4903186274509803,13.78333333333334,5.86666666666666,19.65,91.06666666666666,77.05000000000001,0.1333333333333334,0.11111111111111116,-0.39583333333333215
401525526,2023,7,2023-10-14 23:30:00+00:00,North Carolina,Miami,1,0.19999999999999996,-6.799999999999997,-2.3999999999999986,-4.4,-0.8266666666666662,-1.5152027027027026,3.3999999999999986,2.066666666666668,5.466666666666665,-10.53333333333336,67.33333333333331,0.1333333333333334,0.2666666666666667,14.7
401525531,2023,8,2023-10-21 22:30:00+00:00,North Carolina,Virginia,0,0.8333333333333334,25.833333333333332,15.000000000000007,10.833333333333329,0.5303085678483797,1.6927381383556686,1.6666666666666496,-10.166666666666668,-8.499999999999998,-25.166666666666686,19.333333333333314,-0.1666666666666667,0.043333333333333335,2.9799999999999986
401525545,2023,10,2023-11-04 16:00:00+00:00,North Carolina,Campbell,1,0.25,8.0,2.375,5.625,0.6927476146370868,0.3421924971403225,8.62499999999999,-8.625,-1.7763568394002505e-15,17.875,11.75,-0.5833333333333333,0.1954081632653062,16.227380952380955
401525549,2023,11,2023-11-12 01:00:00+00:00,North Carolina,Duke,1,0.11111111111111116,5.77777777777778,13.444444444444454,-7.6666666666666625,2.4513056835637475,-0.2455231930960089,14.555555555555538,6.999999999999993,21.55555555555555,127.99999999999994,62.111111111111114,-0.11111111111111116,-0.036904761904761885,1.6279761904761898
401523991,2023,1,2023-09-02 20:00:00+00:00,North Texas,California,0,,,,,,,,,,,,,,
401531436,2023,5,2023-09-30 23:00:00+00:00,North Texas,Abilene Christian,1,-0.16666666666666669,-15.416666666666666,5.083333333333336,-20.5,0.038245000970685616,-0.07045804734556693,0.9166666666666714,5.166666666666668,6.083333333333333,53.166666666666686,8.166666666666686,0.1666666666666666,-0.02777777777777779,-7.416666666666667
401531390,2023,7,2023-10-14 16:00:00+00:00,North Texas,Temple,1,0.06666666666666671,4.833333333333334,10.63333333333333,-5.799999999999997,1.7056684491978604,1.411103661845928,3.366666666666678,20.13333333333333,23.5,62.23333333333329,-17.699999999999985,0.5999999999999999,-0.2708333333333334,-8.45
401531430,2023,9,2023-10-28 19:00:00+00:00,North Texas,Memphis,0,-0.2857142857142858,-13.714285714285715,-1.0,-12.714285714285715,0.3106079404466495,0.5157933674289943,-0.3333333333333286,15.380952380952387,15.047619047619047,32.66666666666663,31.57142857142867,-0.04761904761904749,-0.00039682539682550644,10.615873015873015
401531399,2023,10,2023-11-04 19:00:00+00:00,North Texas,UTSA,0,-0.25,-6.25,5.0,-11.25,0.4422848491906368,1.0384852581892359,-6.0,-1.0833333333333286,-7.083333333333329,1.4583333333333144,28.124999999999996,-0.41666666666666663,0.03639455782312928,-3.3945578231292517
401531386,2023,13,2023-11-25 19:00:00+00:00,North Texas,UAB,1,0.0,4.2727272727272725,4.72727272727273,-0.45454545454545325,-0.0010157532996757368,0.7855235329398029,-4.72727272727273,-3.8787878787878682,-8.606060606060607,-42.78787878787881,-54.78787878787881,-0.3333333333333332,-0.05912698412698414,-5.134841269841271
401532397,2023,2,2023-09-09 19:30:00+00:00,Northern Illinois,Southern Illinois,0,0.0,-23.0,-22.0,-1.0,-2.8356321839080465,-0.3825757575757578,0.0,-0.0,0.0,0.0,0.0,0.0,,
401531338,2023,4,2023-09-23 16:00:00+00:00,Northern Illinois,Tulsa,0,0.0,7.666666666666666,-6.666666666666668,14.333333333333329,-2.1511613616812095,-1.2740028490028488,0.0,-0.0,0.0,0.0,0.0,0.0,-0.5,-34.25
401532424,2023,7,2023-10-14 20:00:00+00:00,Northern Illinois,Ohio,1,-0.5,-11.5,0.6666666666666679,-12.166666666666666,-0.3707240948813979,0.8951599671862178,3.333333333333332,-1.1666666666666679,2.166666666666666,78.16666666666669,-10.833333333333371,-0.1666666666666666,-0.051666666666666694,1.586666666666667
401532426,2023,8,2023-10-21 19:30:00+00:00,Northern Illinois,Eastern Michigan,1,-0.1428571428571429,2.8571428571428568,5.857142857142858,-3.0,1.144372868510799,1.1022375710482772,6.142857142857142,-1.0,5.142857142857141,70.1904761904762,-7.904761904761898,0.1428571428571429,0.041666666666666685,12.691666666666666
401532437,2023,11,2023-11-08 00:00:00+00:00,Northern Illinois,Ball State,0,0.2222222222222222,13.77777777777778,8.333333333333332,5.444444444444443,1.1226700556765916,0.696938424492604,-0.6666666666666642,-8.444444444444445,-9.111111111111114,20.444444444444514,94.22222222222221,0.1111111111111111,-0.004166666666666652,1.7994047619047624
401532444,2023,12,2023-11-15 00:00:00+00:00,Northern Illinois,Western Michigan,1,0.0,6.4,-3.1999999999999993,9.599999999999998,-0.1437313432835836,0.8214996446339731,-7.466666666666669,-9.933333333333325,-17.400000000000002,-20.566666666666663,-32.40000000000001,-0.3333333333333333,-0.16772486772486778,-9.603262786596119
401520207,2023,2,2023-09-09 19:30:00+00:00,Northwestern,UTEP,1,-0.5,-22.5,-14.0,-8.5,-2.5807200929152154,-4.669599217986315,0.0,-0.0,0.0,0.0,0.0,0.0,,
401520264,2023,4,2023-09-23 23:30:00+00:00,Northwestern,Minnesota,1,-0.3333333333333333,-4.666666666666666,2.666666666666668,-7.333333333333334,0.5234175102903542,-1.3550824175824179,0.0,-0.0,0.0,0.0,0.0,0.0,-0.25,6.75
401520287,2023,5,2023-09-30 16:00:00+00:00,Northwestern,Penn State,0,-0.5,-33.5,-16.5,-17.0,-0.6400648360030514,-1.1083333333333334,4.833333333333332,-2.6666666666666616,2.1666666666666687,55.0,47.666666666666686,0.1666666666666666,-0.11111111111111116,-0.22222222222222143
401520306,2023,6,2023-10-07 19:00:00+00:00,Northwestern,Howard,1,0.06666666666666671,-11.666666666666668,-8.866666666666667,-2.8000000000000007,-1.2289556087677296,-1.2174369747899156,-0.4666666666666721,-8.866666666666656,-9.333333333333332,6.133333333333326,13.199999999999989,-0.0666666666666667,0.29166666666666663,17.520833333333332
401520356,2023,9,2023-10-28 16:00:00+00:00,Northwestern,Maryland,1,-0.2857142857142858,-20.571428571428573,-13.285714285714288,-7.285714285714285,-1.3447802197802199,-1.5324510932105864,-0.047619047619040344,8.285714285714285,8.238095238095237,-13.666666666666686,-50.66666666666666,0.2857142857142859,0.08333333333333326,6.86111111111111
401520373,2023,10,2023-11-04 19:30:00+00:00,Northwestern,Iowa,0,-0.25,-9.25,2.25,-11.5,1.7672495477646653,-0.6438484029045584,4.416666666666668,0.8333333333333375,5.25,17.666666666666686,11.874999999999957,0.2499999999999999,0.0020408163265305257,5.208163265306123
401520414,2023,12,2023-11-18 17:00:00+00:00,Northwestern,Purdue,1,0.2,5.1000000000000005,-3.1999999999999993,8.3,0.2855483673781265,-1.4230757259796456,-0.8000000000000007,10.033333333333333,9.233333333333333,1.0,33.866666666666674,0.1333333333333333,-0.11931216931216926,-5.252380952380955
401525434,2023,1,2023-08-26 18:30:00+00:00,Notre Dame,Navy,1,,,,,,,,,,,,,,
401525435,2023,1,2023-09-02 19:30:00+00:00,Notre Dame,Tennessee State,1,,,,,,,,,,,,,,
401525437,2023,3,2023-09-16 18:30:00+00:00,Notre Dame,Central Michigan,1,0.5,48.16666666666666,21.666666666666657,26.5,4.409282700421941,1.8456672991777356,0.0,-0.0,0.0,0.0,0.0,0.0,0.0,-24.0
401521330,2023,4,2023-09-23 23:30:00+00:00,Notre Dame,Ohio State,0,0.0,0.5833333333333357,5.666666666666664,-5.083333333333333,1.4363317757009337,0.7200569214957699,1.3333333333333357,-2.916666666666666,-1.5833333333333357,21.58333333333337,17.083333333333314,0.0,-0.25,-33.0
401524031,2023,7,2023-10-14 23:30:00+00:00,Notre Dame,USC,1,-0.2857142857142857,-6.547619047619044,-17.69047619047619,11.142857142857142,-1.3084577114427862,-0.9410024364775493,-8.309523809523816,4.1904761904761845,-4.119047619047624,-37.19047619047609,-9.357142857142833,-0.380952380952381,0.22916666666666674,14.247499999999999
401525440,2023,9,2023-10-28 19:30:00+00:00,Notre Dame,Pittsburgh,1,0.4642857142857143,19.5,11.303571428571427,8.196428571428573,2.046433958198664,1.5107822270619877,-6.970238095238088,-3.8630952380952337,-10.833333333333334,-108.64285714285717,-84.96428571428572,-0.1309523809523809,0.20833333333333326,2.827777777777772
401525442,2023,12,2023-11-18 20:30:00+00:00,Notre Dame,Wake Forest,1,0.29999999999999993,24.0,16.299999999999997,7.700000000000003,1.683579146822348,1.7644853927867286,12.366666666666669,3.299999999999997,15.66666666666667,26.30000000000001,4.966666666666676,0.3666666666666667,0.1866402116402116,6.9540895061728385
401532395,2023,1,2023-09-02 18:00:00+00:00,Ohio,Long Island University,1,,,,,,,,,,,,,,
401525838,2023,3,2023-09-16 16:00:00+00:00,Ohio,Iowa State,1,0.16666666666666663,-1.333333333333333,-2.5,1.166666666666666,1.0232597623089976,-0.0004274722143060572,0.0,-0.0,0.0,0.0,0.0,0.0,0.0,12.0
401532417,2023,6,2023-10-07 19:30:00+00:00,Ohio,Kent State,1,0.6000000000000001,31.599999999999998,8.4,23.2,-0.6212951432129517,0.6604506604506608,-3.7333333333333325,-2.5333333333333314,-6.266666666666666,-47.46666666666658,-0.13333333333335418,0.0666666666666666,-0.07638888888888895,-6.354166666666666
401532428,2023,8,2023-10-21 16:00:00+00:00,Ohio,Western Michigan,1,0.4285714285714286,20.857142857142858,-2.0,22.857142857142854,0.2324918072581621,-0.3243250425170068,2.6666666666666714,-5.523809523809522,-2.8571428571428577,-1.0,-25.666666666666632,-0.0952380952380952,-0.2183333333333335,-13.982777777777777
401532432,2023,9,2023-10-28 19:30:00+00:00,Ohio,Miami (OH),0,0.0,-1.75,-7.25,5.5,-1.9245454545454548,-0.6483424725822537,6.25,-10.5,-4.25,85.625,51.083333333333314,0.0,-0.035147392290249435,6.751247165532881
401532446,2023,12,2023-11-16 00:00:00+00:00,Ohio,Central Michigan,1,0.19999999999999996,13.1,-2.5,15.6,0.078038315590363,-0.5343873167707365,-6.166666666666661,-3.599999999999999,-9.766666666666666,-14.500000000000002,49.46666666666667,0.1333333333333333,-0.03409391534391537,-3.363288139329805
401520208,2023,2,2023-09-09 16:00:00+00:00,Ohio State,Youngstown State,1,0.0,-22.0,-29.0,7.0,0.08333333333333304,-2.777340676632573,0.0,-0.0,0.0,0.0,0.0,0.0,,
401520240,2023,3,2023-09-16 20:00:00+00:00,Ohio State,Western Kentucky,1,0.0,0.5,-17.5,18.0,1.2058629776021075,-0.49712643678160884,0.0,-0.0,0.0,0.0,0.0,0.0,0.0,-24.0
401520307,2023,6,2023-10-07 16:00:00+00:00,Ohio State,Maryland,1,0.0,0.6000000000000014,-4.100000000000001,4.699999999999999,0.6031851913616286,0.005975662755324684,3.4333333333333376,-1.6999999999999993,1.7333333333333307,45.633333333333326,12.233333333333292,0.0,0.45833333333333337,30.3125
401520343,2023,8,2023-10-21 16:00:00+00:00,Ohio State,Penn State,1,0.0,-10.000000000000007,-8.333333333333336,-1.666666666666666,2.7033346618838854,-0.2890809112333068,-4.9999999999999964,-6.666666666666667,-11.66666666666665,8.999999999999996,25.666666666666686,0.0,0.23809523809523803,20.47047619047619
401520393,2023,11,2023-11-12 00:30:00+00:00,Ohio State,Michigan State,1,0.6666666666666667,30.444444444444443,14.555555555555557,15.888888888888895,2.5103510895883767,0.6698143123920932,1.1111111111111054,2.4444444444444393,3.555555555555552,10.222222222222229,-18.444444444444485,0.0,0.14806547619047616,9.792559523809523
401520415,2023,12,2023-11-18 21:00:00+00:00,Ohio State,Minnesota,1,0.5,26.7,10.799999999999997,15.9,2.8886245619420334,0.1373134328358212,-6.133333333333329,3.766666666666662,-2.3666666666666636,-44.19999999999999,-95.66666666666663,0.1666666666666666,0.14528218694885364,15.128306878306876
401525822,2023,1,2023-09-02 16:00:00+00:00,Oklahoma,Arkansas State,1,,,,,,,,,,,,,,
401525830,2023,2,2023-09-09 22:00:00+00:00,Oklahoma,SMU,1,0.0,49.0,35.0,14.0,6.261562998405103,-0.6077650572424096,0.0,-0.0,0.0,0.0,0.0,0.0,,
401525852,2023,5,2023-09-30 23:00:00+00:00,Oklahoma,Iowa State,1,0.5,33.75,25.75,8.0,3.238176085374729,1.0980187121629048,-5.75,-0.3333333333333339,-6.083333333333332,-64.5,-60.66666666666663,0.1666666666666666,-0.05555555555555547,8.888888888888886
401525871,2023,8,2023-10-21 16:00:00+00:00,Oklahoma,UCF,1,0.5,24.0,10.166666666666657,13.833333333333329,-0.02346528973034978,-1.8729005598507067,-4.83333333333332,11.16666666666666,6.333333333333332,72.99999999999994,31.16666666666663,0.5,0.18999999999999995,11.563333333333333
401525890,2023,11,2023-11-12 00:00:00+00:00,Oklahoma,West Virginia,1,0.11111111111111116,13.0,8.444444444444443,4.55555555555555,1.4787525412243054,-0.4629118169264155,-16.44444444444445,-8.22222222222221,-24.666666666666668,-109.88888888888886,-69.99999999999991,-0.4444444444444445,0.17478741496598638,4.726062925170068
401525900,2023,13,2023-11-24 17:00:00+00:00,Oklahoma,TCU,1,0.36363636363636376,14.63636363636364,10.72727272727273,3.9090909090909065,1.7118129365320387,-0.05630954788214737,-4.72727272727273,-0.5757575757575744,-5.303030303030306,16.575757575757564,-37.12121212121218,-0.030303030303030498,0.14503968253968258,3.8325000000000014
401525823,2023,1,2023-09-02 23:00:00+00:00,Oklahoma State,Central Arkansas,1,,,,,,,,,,,,,,
401525839,2023,3,2023-09-16 23:00:00+00:00,Oklahoma State,South Alabama,0,0.5,14.0,1.0,13.0,-1.7247807017543861,-0.595089070775157,0.0,-0.0,0.0,0.0,0.0,0.0,1.0,44.0
401525857,2023,6,2023-10-06 23:30:00+00:00,Oklahoma State,Kansas State,1,-0.25,-22.75,-17.5,-5.25,-2.4402266530334016,-0.9547598749644788,0.1666666666666714,2.5833333333333393,2.75,-1.25,-2.0,-0.0833333333333333,-0.38888888888888895,-18.5
401525864,2023,7,2023-10-14 19:30:00+00:00,Oklahoma State,Kansas,1,-0.2333333333333334,-10.3,-12.600000000000001,2.3000000000000007,-3.2290866095181796,-1.667398764584763,-0.7333333333333343,-1.9666666666666615,-2.7,52.4666666666667,67.33333333333331,-0.0999999999999999,-0.07416666666666671,3.719999999999999
401525876,2023,9,2023-10-29 00:00:00+00:00,Oklahoma State,Cincinnati,1,0.4285714285714286,2.142857142857143,2.1428571428571423,-0.0,-1.0381631871289025,0.16904699319489502,14.523809523809517,3.3333333333333357,17.857142857142858,138.76190476190476,80.28571428571428,0.5714285714285714,0.0,-5.124999999999999
401525883,2023,10,2023-11-04 19:30:00+00:00,Oklahoma State,Oklahoma,1,-0.125,-16.25,-10.75,-5.5,-2.941778422133625,1.3897061268831266,22.083333333333336,11.500000000000007,33.583333333333336,153.41666666666663,105.25,0.45833333333333326,-0.07312925170068019,-5.885714285714287
401525905,2023,13,2023-11-25 20:30:00+00:00,Oklahoma State,BYU,1,0.2727272727272728,9.363636363636363,7.1818181818181905,2.1818181818181834,0.3531388152077808,1.5844875346260388,2.4848484848484755,2.4848484848484738,4.969696969696967,-27.181818181818187,77.15151515151513,0.39393939393939387,-0.01777777777777767,-5.431507936507937
401531842,2023,2,2023-09-09 22:00:00+00:00,Old Dominion,Louisiana,1,-1.0,-44.0,-21.0,-23.0,-3.20875,-1.3844049247606014,0.0,-0.0,0.0,0.0,0.0,0.0,,
401525504,2023,3,2023-09-16 16:00:00+00:00,Old Dominion,Wake Forest,0,-0.5,-24.0,-9.0,-15.0,-1.625,-0.2147049737411182,0.0,-0.0,0.0,0.0,0.0,0.0,0.0,4.5
401531873,2023,4,2023-09-23 19:30:00+00:00,Old Dominion,East Texas A&M,1,0.3333333333333333,28.0,18.33333333333333,9.666666666666671,3.4026888604353402,-0.6541160593792168,0.0,-0.0,0.0,0.0,0.0,0.0,0.0,7.5
401531895,2023,8,2023-10-21 23:00:00+00:00,Old Dominion,App State,1,0.0,-6.833333333333334,-10.833333333333336,4.0,0.32048741826827776,-0.2359842792740725,3.5000000000000036,4.666666666666668,8.166666666666668,18.5,-5.666666666666686,0.3333333333333332,0.09333333333333338,3.8866666666666663
401531907,2023,10,2023-11-04 19:30:00+00:00,Old Dominion,Coastal Carolina,0,-0.125,-11.125,-5.75,-5.375,-1.2479477044694427,0.18240937182916817,0.4166666666666714,-0.2916666666666625,0.125,-11.208333333333314,2.249999999999943,-0.2083333333333334,0.03979591836734697,2.3346938775510204
401531925,2023,13,2023-11-25 19:00:00+00:00,Old Dominion,Georgia State,1,-0.09090909090909094,1.6363636363636362,-3.1818181818181834,4.818181818181827,0.034234405736405016,-0.46273932594687306,7.181818181818183,14.181818181818166,21.36363636363636,64.60606060606062,42.66666666666663,0.4242424242424243,0.08218253968253975,-0.7707142857142859
401520168,2023,1,2023-09-02 18:00:00+00:00,Ole Miss,Mercer,1,,,,,,,,,,,,,,
401520241,2023,3,2023-09-16 23:30:00+00:00,Ole Miss,Georgia Tech,1,0.5,26.5,14.0,12.5,2.1258234519104082,-2.827671913835957,0.0,-0.0,0.0,0.0,0.0,0.0,1.0,40.5
401520288,2023,5,2023-09-30 22:00:00+00:00,Ole Miss,LSU,1,0.0,5.75,-0.75,6.5,0.5595714622086181,-0.9830393487109905,-16.583333333333332,-10.5,-27.083333333333336,-89.24999999999994,-64.25,-0.3333333333333333,0.23611111111111116,2.5555555555555607
401520308,2023,6,2023-10-07 23:30:00+00:00,Ole Miss,Arkansas,1,0.4,11.4,11.0,0.3999999999999986,1.8369643978551764,1.7102988736478197,-1.3333333333333428,2.933333333333337,1.6000000000000014,2.466666666666697,-48.66666666666666,0.2666666666666666,0.1791666666666667,12.541666666666668
401520357,2023,9,2023-10-28 23:30:00+00:00,Ole Miss,Vanderbilt,1,0.6071428571428571,22.910714285714285,11.964285714285722,10.946428571428573,2.2601103583152877,1.3937448218724109,6.369047619047606,-3.2797619047619158,3.0892857142857117,75.35714285714278,-23.226190476190528,0.3928571428571429,-0.16190476190476188,-1.6988095238095227
401520374,2023,10,2023-11-04 16:00:00+00:00,Ole Miss,Texas A&M,1,0.25,5.0,6.875,-1.875,1.8498457644546393,0.764967975494292,1.4583333333333286,6.875,8.333333333333334,9.583333333333371,-54.75,0.4166666666666667,-0.13605442176870752,-5.4252763605442205
401520416,2023,12,2023-11-18 17:00:00+00:00,Ole Miss,UL Monroe,1,0.6000000000000001,25.6,18.200000000000003,7.400000000000002,3.34468104344681,0.19056095668446638,-3.8666666666666742,-4.399999999999995,-8.266666666666673,-35.93333333333328,-62.599999999999994,0.06666666666666662,0.21753527336860667,12.600630511463846
401523992,2023,1,2023-09-02 19:00:00+00:00,Oregon,Portland State,1,,,,,,,,,,,,,,
401524008,2023,3,2023-09-17 00:00:00+00:00,Oregon,Hawai'i,1,0.6666666666666667,44.0,31.833333333333332,12.166666666666668,1.4306402439024382,5.194871794871795,0.0,-0.0,0.0,0.0,0.0,0.0,-0.5,-10.5
401524015,2023,4,2023-09-23 19:30:00+00:00,Oregon,Colorado,1,0.0,31.333333333333336,16.666666666666664,14.666666666666663,0.16304347826086918,5.252974828375287,0.0,-0.0,0.0,0.0,0.0,0.0,0.1666666666666666,12.0
401524035,2023,8,2023-10-21 19:30:00+00:00,Oregon,Washington State,1,0.16666666666666674,26.833333333333332,14.166666666666664,12.666666666666666,-0.041495041952709144,3.475655430711611,4.500000000000009,5.999999999999998,10.500000000000004,72.83333333333331,35.166666666666686,0.1666666666666666,-0.13333333333333341,-5.596666666666668
401524047,2023,10,2023-11-04 21:30:00+00:00,Oregon,California,1,0.5,31.125,13.25,17.875,2.546380433136454,1.6476156242511388,-12.25,5.458333333333336,-6.791666666666664,-28.75,-30.708333333333314,0.1666666666666667,-0.21326530612244898,-13.932823129251698
401524053,2023,11,2023-11-12 03:30:00+00:00,Oregon,USC,1,0.18888888888888888,20.444444444444443,1.9444444444444429,18.5,-0.34588000347312686,0.9966216216216219,2.055555555555557,10.166666666666668,12.222222222222223,-15.944444444444517,12.144444444444446,0.4777777777777777,-0.14717261904761914,-2.258928571428571
401524063,2023,13,2023-11-25 01:30:00+00:00,Oregon,Oregon State,1,0.18181818181818188,14.18181818181818,10.272727272727273,3.9090909090909136,1.0519157300699096,0.7811728395061737,3.0606060606060623,-4.242424242424253,-1.1818181818181799,33.93939393939393,100.45454545454552,0.1515151515151514,-0.13100649350649363,-3.6587734487734482
401524000,2023,2,2023-09-10 01:00:00+00:00,Oregon State,UC Davis,1,0.0,-13.0,-6.0,-7.0,2.2813852813852815,-0.5714285714285712,0.0,-0.0,0.0,0.0,0.0,0.0,,
401524009,2023,3,2023-09-16 19:30:00+00:00,Oregon State,San Diego State,1,0.33333333333333337,39.833333333333336,26.5,13.333333333333329,3.2885443583118006,1.778528528528529,0.0,-0.0,0.0,0.0,0.0,0.0,-0.5,-9.0
401524020,2023,5,2023-09-30 01:00:00+00:00,Oregon State,Utah,1,-0.25,9.0,17.25,-8.25,0.7392363140463667,2.546600292363005,-0.25000000000001066,-0.75,-0.999999999999998,-22.0,-11.083333333333343,-0.0833333333333333,0.0,-3.944444444444441
401524032,2023,7,2023-10-15 00:00:00+00:00,Oregon State,UCLA,1,0.033333333333333326,0.43333333333333,7.899999999999999,-7.466666666666669,0.09740259740259738,0.3994148787963221,-2.233333333333327,-8.199999999999994,-10.43333333333333,-0.36666666666667425,10.80000000000007,-0.033333333333333326,-0.28888888888888886,-5.768055555555556
401524054,2023,11,2023-11-11 22:30:00+00:00,Oregon State,Stanford,1,0.4444444444444445,27.111111111111114,13.888888888888893,13.222222222222225,2.0007124606918243,1.845297577040696,-1.8888888888888928,-6.222222222222225,-8.111111111111114,2.4444444444443967,-9.000000000000028,-0.1111111111111111,-0.040211640211640254,-7.648148148148145
401524060,2023,12,2023-11-19 00:30:00+00:00,Oregon State,Washington,0,-0.19999999999999996,-0.10000000000000142,-3.1000000000000014,3.0,-0.8412826830434277,0.6967593539153549,-2.566666666666663,10.333333333333336,7.7666666666666675,28.599999999999966,75.93333333333334,-0.1333333333333334,-0.0667019400352733,-7.768430335097005
401520169,2023,1,2023-09-02 23:30:00+00:00,Penn State,West Virginia,1,,,,,,,,,,,,,,
401520209,2023,2,2023-09-09 16:00:00+00:00,Penn State,Delaware,1,0.0,-1.0,1.0,-2.0,1.8666666666666671,-0.09327731092436942,0.0,-0.0,0.0,0.0,0.0,0.0,,
401520265,2023,4,2023-09-23 23:30:00+00:00,Penn State,Iowa,1,0.0,16.0,15.333333333333329,0.6666666666666679,2.058441558441559,0.4259259259259265,0.0,-0.0,0.0,0.0,0.0,0.0,0.0,5.0
401520322,2023,7,2023-10-14 19:30:00+00:00,Penn State,Massachusetts,1,0.8571428571428572,44.285714285714285,14.457142857142859,29.82857142857143,-1.5682244020720821,-0.12702804441934834,-8.123809523809527,3.8380952380952387,-4.285714285714292,-94.63809523809522,-54.88571428571436,0.1428571428571428,0.3233333333333334,16.9375
401520358,2023,9,2023-10-28 16:00:00+00:00,Penn State,Indiana,1,0.5714285714285714,41.42857142857143,21.857142857142865,19.57142857142857,0.10211744667673095,0.9290924880590534,4.142857142857126,11.761904761904766,15.904761904761909,-31.952380952380906,12.952380952380935,0.09523809523809529,0.015873015873015817,-2.2361111111111125
401520394,2023,11,2023-11-11 17:00:00+00:00,Penn State,Michigan,0,-0.11111111111111116,-5.666666666666671,-0.44444444444443576,-5.222222222222222,-3.459017768519943,-0.40297937356760904,-14.8888888888889,-7.777777777777779,-22.666666666666654,-84.11111111111109,-60.00000000000006,-0.2222222222222222,0.058779761904761973,-0.26741071428571495
401520417,2023,12,2023-11-18 17:00:00+00:00,Penn State,Rutgers,1,0.20000000000000007,18.8,13.600000000000001,5.200000000000001,0.09261611750694687,-0.19507827136188993,3.7333333333333325,-2.533333333333333,1.200000000000001,-7.46666666666664,24.46666666666667,0.13333333333333322,-0.0230599647266313,3.208289241622576
401525465,2023,1,2023-09-02 19:30:00+00:00,Pittsburgh,Wofford,1,,,,,,,,,,,,,,
401525496,2023,2,2023-09-09 22:30:00+00:00,Pittsburgh,Cincinnati,0,0.0,-15.0,-21.0,6.0,-7.659722222222221,-0.3823232323232322,0.0,-0.0,0.0,0.0,0.0,0.0,,
401525510,2023,4,2023-09-24 00:00:00+00:00,Pittsburgh,North Carolina,0,-0.6666666666666667,-5.666666666666666,-10.0,4.333333333333329,-2.3781512605042012,-0.9834710743801649,0.0,-0.0,0.0,0.0,0.0,0.0,-0.25,14.5
401525525,2023,7,2023-10-14 22:30:00+00:00,Pittsburgh,Louisville,1,-0.8,-21.26666666666667,-12.933333333333337,-8.333333333333332,-2.893371017471737,-1.4972806874422142,-4.066666666666663,-4.333333333333339,-8.399999999999999,16.19999999999999,-20.599999999999994,-0.2,0.004166666666666652,3.8750000000000018
401525541,2023,10,2023-11-04 19:30:00+00:00,Pittsburgh,Florida State,0,-0.75,-29.625,-19.125,-10.5,-1.8165510908457616,-1.8315459808294583,-0.20833333333333193,-9.833333333333336,-10.041666666666666,-29.541666666666686,-21.041666666666686,0.0833333333333333,0.051700680272108945,3.6047619047619097
401525553,2023,12,2023-11-17 00:00:00+00:00,Pittsburgh,Boston College,1,-0.39999999999999997,-6.200000000000001,-6.5,0.3000000000000007,0.20455508710879133,-1.2022683565055643,-4.500000000000002,-12.966666666666658,-17.46666666666667,23.733333333333345,39.99999999999997,-0.2666666666666666,0.15079365079365092,6.996472663139332
401520170,2023,1,2023-09-02 16:00:00+00:00,Purdue,Fresno State,0,,,,,,,,,,,,,,
401520242,2023,3,2023-09-16 23:30:00+00:00,Purdue,Syracuse,0,-0.5,-51.5,-27.0,-24.5,-2.0115131578947363,-0.9745712596096987,0.0,-0.0,0.0,0.0,0.0,0.0,0.0,1.0
401520266,2023,4,2023-09-22 23:00:00+00:00,Purdue,Wisconsin,0,-0.3333333333333333,-15.0,-5.333333333333339,-9.66666666666666,0.5392156862745097,-2.312218760816892,0.0,-0.0,0.0,0.0,0.0,0.0,0.0,11.0
401520289,2023,5,2023-09-30 19:30:00+00:00,Purdue,Illinois,1,-0.25,-3.25,1.75,-5.0,-0.5458854376764819,-0.2876616000432737,-1.0833333333333397,2.0,0.916666666666667,4.5,-14.0,0.2499999999999999,0.11111111111111105,6.277777777777779
401520323,2023,7,2023-10-14 16:00:00+00:00,Purdue,Ohio State,0,-0.6666666666666667,-27.133333333333333,-9.333333333333332,-17.8,-2.3210538386560406,-0.5763658940397347,-4.666666666666668,5.799999999999999,1.1333333333333384,-10.266666666666708,-29.69999999999999,0.0,-0.20666666666666667,-14.607500000000002
401520395,2023,11,2023-11-11 20:30:00+00:00,Purdue,Minnesota,1,-0.33333333333333337,-8.777777777777779,-0.7777777777777786,-8.0,-0.2060776063581118,-0.2241856306617862,-9.555555555555555,-13.333333333333325,-22.888888888888886,-90.44444444444451,-102.88888888888889,-0.3333333333333332,0.11711309523809521,12.054613095238096
401520438,2023,13,2023-11-25 17:00:00+00:00,Purdue,Indiana,1,0.0,0.6363636363636376,1.5454545454545467,-0.9090909090909101,-0.6212874176603016,1.1348129359543435,-4.545454545454546,-1.7575757575757507,-6.3030303030303045,25.424242424242493,-38.27272727272728,0.0,0.13194444444444453,6.000317460317461
401525831,2023,2,2023-09-09 23:00:00+00:00,Rice,Houston,1,-1.0,-30.0,-7.0,-23.0,-1.122171945701357,-1.5778947368421052,0.0,-0.0,0.0,0.0,0.0,0.0,,
401531441,2023,3,2023-09-16 23:00:00+00:00,Rice,Texas Southern,1,0.5,23.0,8.0,15.0,1.5967098703888336,-3.3004201680672267,0.0,-0.0,0.0,0.0,0.0,0.0,1.0,5.0
401531414,2023,5,2023-09-30 23:00:00+00:00,Rice,East Carolina,1,0.25,7.5,13.25,-5.75,4.722058823529411,-1.1673228346456694,2.0833333333333286,0.4166666666666681,2.5,62.41666666666663,52.25,0.0833333333333333,-0.16666666666666663,-14.777777777777775
401520309,2023,6,2023-10-07 21:00:00+00:00,Rice,UConn,0,0.6,18.8,16.0,2.8000000000000007,3.155994043186894,-1.371755406073044,2.3333333333333357,8.2,10.533333333333333,21.933333333333337,27.26666666666665,0.0666666666666666,-0.3333333333333333,-20.229166666666664
401531373,2023,9,2023-10-28 20:00:00+00:00,Rice,Tulane,0,-0.2857142857142857,-4.714285714285715,3.2857142857142847,-8.0,-0.37890625,-1.0548550724637686,-4.619047619047613,10.333333333333332,5.714285714285715,-22.714285714285722,11.904761904761983,-0.0476190476190477,-0.1611111111111112,-15.869444444444445
401531440,2023,10,2023-11-04 23:30:00+00:00,Rice,SMU,0,-0.25,-21.0,-7.25,-13.75,-0.0005573500538353926,-1.1363491557820962,-10.749999999999991,-5.583333333333333,-16.333333333333332,-24.291666666666686,-70.83333333333331,-0.41666666666666663,-0.12130102040816326,-13.297278911564627
401531421,2023,13,2023-11-25 18:00:00+00:00,Rice,Florida Atlantic,1,0.09090909090909088,5.2727272727272725,6.818181818181817,-1.5454545454545432,1.712760188545447,0.059558755654020246,-1.484848484848488,6.212121212121204,4.727272727272727,-30.272727272727366,-94.30303030303024,0.2424242424242425,0.017698412698412602,-1.4657539682539682
401520171,2023,1,2023-09-03 16:00:00+00:00,Rutgers,Northwestern,1,,,,,,,,,,,,,,
401520210,2023,2,2023-09-09 23:30:00+00:00,Rutgers,Temple,1,0.0,14.0,0.0,14.0,-0.33849401829697445,0.5941558441558445,0.0,-0.0,0.0,0.0,0.0,0.0,,
401520243,2023,3,2023-09-16 19:30:00+00:00,Rutgers,Virginia Tech,1,0.5,17.0,3.5,13.5,-0.40857142857142925,2.0705128205128203,0.0,-0.0,0.0,0.0,0.0,0.0,1.0,7.0
401520290,2023,5,2023-09-30 19:30:00+00:00,Rutgers,Wagner,1,0.25,21.25,9.75,11.5,1.306181554891845,0.9976232917409398,0.5833333333333339,-9.166666666666671,-8.583333333333332,59.416666666666686,51.66666666666666,-0.2499999999999999,0.7500000000000001,27.972222222222225
401520324,2023,7,2023-10-14 16:00:00+00:00,Rutgers,Michigan State,1,0.2666666666666666,15.366666666666667,6.233333333333327,9.133333333333335,-0.39905869748220724,0.812318178040063,7.100000000000007,4.2,11.3,31.066666666666606,51.89999999999998,0.06666666666666671,0.0625,-6.929166666666665
401520375,2023,10,2023-11-04 16:00:00+00:00,Rutgers,Ohio State,0,-0.25,-10.125,-4.375,-5.75,-2.909618152569638,0.580783927876805,-0.29166666666666075,-5.250000000000002,-5.541666666666668,-22.833333333333314,8.291666666666657,-0.0833333333333333,-0.22346938775510194,-20.32210884353741
401520439,2023,13,2023-11-25 20:30:00+00:00,Rutgers,Maryland,0,0.0,-1.9090909090909083,-6.0,4.0909090909090935,-0.9969387755102028,0.5725486203034311,-4.0,-1.4242424242424256,-5.424242424242422,26.75757575757575,-15.666666666666657,-0.3333333333333333,0.07019841269841276,-0.5010714285714295
401520172,2023,1,2023-09-02 16:00:00+00:00,SMU,Louisiana Tech,1,,,,,,,,,,,,,,
401531438,2023,3,2023-09-16 23:00:00+00:00,SMU,Prairie View A&M,1,0.0,16.5,-2.0,18.5,-2.627118644067796,0.1077286135693214,0.0,-0.0,0.0,0.0,0.0,0.0,0.0,19.0
401531404,2023,5,2023-09-30 23:30:00+00:00,SMU,Charlotte,1,0.25,21.75,14.75,7.0,0.729166666666667,0.6440024451027413,0.2500000000000038,5.9999999999999964,6.249999999999998,11.0,-5.166666666666629,0.0833333333333334,0.125,13.333333333333329
401531342,2023,9,2023-10-28 16:00:00+00:00,SMU,Tulsa,1,0.2857142857142858,29.285714285714285,12.714285714285715,16.57142857142857,-0.05334240186552641,0.2816817673777079,2.2857142857142847,4.095238095238091,6.380952380952377,-46.0,-20.809523809523853,0.3809523809523808,-0.03973922902494331,-2.2254535147392307
401531437,2023,11,2023-11-11 02:00:00+00:00,SMU,North Texas,1,0.4444444444444445,26.0,5.222222222222221,20.777777777777768,0.5649867374005302,-0.524057767453586,15.111111111111114,4.555555555555566,19.666666666666657,85.11111111111116,22.333333333333314,0.5555555555555556,-0.01605489417989414,4.380340608465608
401531435,2023,13,2023-11-25 17:00:00+00:00,SMU,Navy,1,0.31818181818181823,22.872727272727282,21.572727272727274,1.3000000000000007,1.8074793589120928,0.25806791613966507,-1.5727272727272847,-17.300000000000004,-18.872727272727275,22.13030303030308,-31.77575757575762,0.01515151515151511,0.09961519961519966,7.8786796536796535
401520211,2023,2,2023-09-10 00:00:00+00:00,Sam Houston,Air Force,0,-1.0,-49.0,-42.0,-7.0,-27.212121212121215,-5.958333333333334,0.0,-0.0,0.0,0.0,0.0,0.0,,
401520276,2023,5,2023-09-29 00:00:00+00:00,Sam Houston,Jacksonville State,0,-0.75,-32.33333333333333,-22.416666666666668,-9.916666666666668,-1.2156146179401999,-3.0350632911392403,-2.916666666666668,-0.75,-3.666666666666668,-26.66666666666669,-18.833333333333343,0.0833333333333333,0.3333333333333333,22.0
401520331,2023,8,2023-10-18 23:00:00+00:00,Sam Houston,Florida International,0,-0.4285714285714285,-6.214285714285714,-8.54761904761905,2.333333333333332,-2.5949999999999998,-0.9990039318479691,15.214285714285715,3.0,18.214285714285715,122.85714285714283,71.04761904761912,0.4285714285714285,0.40333333333333327,22.386666666666667
401520348,2023,9,2023-10-26 00:00:00+00:00,Sam Houston,UTEP,0,-0.25,-2.428571428571429,-2.946428571428571,0.5178571428571423,-1.579257314328582,-1.3512987012987008,6.946428571428573,-5.517857142857142,1.428571428571428,81.19047619047609,80.01785714285711,-0.0833333333333333,0.22896825396825393,10.592857142857143
401525451,2023,10,2023-11-04 17:00:00+00:00,Sam Houston,Kennesaw State,1,-0.1666666666666666,-8.916666666666668,-2.8333333333333286,-6.083333333333332,-0.5455869175627237,-1.431613551273856,8.166666666666668,-8.916666666666671,-0.75,102.5,117.12500000000001,-0.1666666666666667,0.46995464852607716,30.669501133786852
401520440,2023,13,2023-11-25 17:00:00+00:00,Sam Houston,Middle Tennessee,1,-0.1818181818181818,-3.090909090909091,-4.909090909090914,1.8181818181818201,-1.1077694235588966,-1.1508261731658957,7.57575757575758,-10.818181818181818,-3.242424242424242,53.96969696969694,64.84848484848484,0.18181818181818182,-0.04111111111111099,2.9932539682539687
401532392,2023,1,2023-08-26 23:00:00+00:00,San Diego State,Ohio,1,,,,,,,,,,,,,,
401532571,2023,1,2023-09-03 02:30:00+00:00,San Diego State,Idaho State,1,,,,,,,,,,,,,,
401524001,2023,2,2023-09-09 23:30:00+00:00,San Diego State,UCLA,0,0.0,-6.5,1.0,-7.5,-3.9159482758620694,0.9363110008271294,0.0,-0.0,0.0,0.0,0.0,0.0,,
401532583,2023,4,2023-09-23 02:30:00+00:00,San Diego State,Boise State,0,0.16666666666666669,-1.75,-6.916666666666668,5.166666666666668,-0.9471725011880254,-0.26727518593644284,-0.4166666666666714,-4.166666666666668,-4.583333333333334,1.6666666666666856,3.75,-0.1666666666666666,0.0,-15.5
401532601,2023,8,2023-10-22 01:00:00+00:00,San Diego State,Nevada,0,0.4285714285714285,13.30952380952381,5.095238095238095,8.214285714285715,0.6103354240523586,0.4569294762715068,2.2380952380952337,-11.547619047619051,-9.30952380952381,-12.047619047619037,4.5238095238094616,-0.0952380952380951,-0.17777777777777792,-8.769444444444439
401532612,2023,10,2023-11-04 23:00:00+00:00,San Diego State,Utah State,0,0.0,-9.75,-15.625,5.875,-1.466207759699624,-0.6530800967420682,0.2916666666666643,-1.2083333333333324,-0.9166666666666661,-87.04166666666663,-56.458333333333314,0.0,0.0941043083900226,2.2732426303854867
401532627,2023,13,2023-11-26 03:30:00+00:00,San Diego State,Fresno State,1,-0.4545454545454546,-15.363636363636363,-11.636363636363637,-3.72727272727273,-0.6588667071859371,0.6277536926913485,6.3030303030303045,10.060606060606066,16.363636363636363,56.575757575757564,42.78787878787878,0.12121212121212127,0.11817460317460315,9.348037918871253
401532573,2023,1,2023-09-03 19:30:00+00:00,San José State,Oregon State,0,,,,,,,,,,,,,,
401532578,2023,2,2023-09-09 20:00:00+00:00,San José State,Cal Poly,1,-1.0,-43.5,-4.5,-39.0,-2.4532627865961203,1.6281179138321993,0.0,-0.0,0.0,0.0,0.0,0.0,,
401532584,2023,4,2023-09-23 02:30:00+00:00,San José State,Air Force,0,-0.75,-21.25,-1.0833333333333286,-20.166666666666664,-13.389041095890413,-0.9191919191919187,0.75,8.5,9.25,-13.333333333333314,5.916666666666629,0.0833333333333333,0.5,22.0
401532602,2023,8,2023-10-21 23:00:00+00:00,San José State,Utah State,1,-0.1428571428571428,-5.285714285714286,-5.857142857142858,0.5714285714285694,-1.2553929121725735,0.4962395316692412,2.1904761904762005,-3.9047619047619055,-1.714285714285714,-16.28571428571444,-13.476190476190453,-0.19047619047619052,0.10444444444444434,9.245
401532614,2023,11,2023-11-12 03:30:00+00:00,San José State,Fresno State,1,-0.4444444444444444,-6.777777777777779,-1.0,-5.777777777777775,0.056988128276286965,1.546988315874295,9.0,19.444444444444443,28.444444444444443,61.22222222222223,-7.888888888888886,0.4444444444444445,0.13205782312925174,14.34768282312925
401532623,2023,12,2023-11-19 03:30:00+00:00,San José State,San Diego State,1,0.2,15.3,13.899999999999999,1.3999999999999986,0.8591697645601002,1.4272802653399657,11.433333333333325,5.600000000000001,17.03333333333333,61.5333333333333,-20.0,0.8,0.06155753968253963,5.147668650793651
401531844,2023,2,2023-09-09 21:00:00+00:00,South Alabama,SE Louisiana,1,0.0,21.0,10.0,11.0,1.8690476190476186,-0.8485576923076925,0.0,-0.0,0.0,0.0,0.0,0.0,,
401531876,2023,4,2023-09-23 21:00:00+00:00,South Alabama,Central Michigan,0,0.3333333333333333,23.0,5.333333333333329,17.66666666666667,1.5371970495258163,1.1066445641663214,0.0,-0.0,0.0,0.0,0.0,0.0,-0.5,-49.83333333333333
401531892,2023,8,2023-10-17 23:30:00+00:00,South Alabama,Southern Miss,1,0.33333333333333337,21.666666666666664,8.499999999999996,13.166666666666668,1.965953531170923,0.5006752845842173,-1.1666666666666639,-0.16666666666666763,-1.3333333333333321,-28.83333333333331,51.333333333333314,0.0,-0.030000000000000027,-8.966666666666667
401531902,2023,9,2023-10-28 21:00:00+00:00,South Alabama,Louisiana,0,0.0,11.0,2.5714285714285765,8.42857142857143,1.0145833333333334,-1.0666757156215123,16.76190476190476,6.238095238095232,23.0,144.5714285714285,119.2380952380953,0.3333333333333332,0.061111111111111116,-7.63611111111111
401531916,2023,11,2023-11-11 22:00:00+00:00,South Alabama,Arkansas State,1,-0.11111111111111116,16.333333333333332,6.333333333333329,10.0,0.3176858765380173,0.4298694424841214,-7.333333333333329,-8.666666666666659,-16.0,-22.0,-12.111111111111082,-0.2222222222222221,0.09717261904761909,-3.982440476190476
401531920,2023,12,2023-11-18 22:00:00+00:00,South Alabama,Marshall,1,0.0,13.3,5.5,7.799999999999997,1.1159103028261903,0.9225131752305664,-6.16666666666667,-0.1333333333333333,-6.300000000000001,-1.2666666666666515,17.166666666666714,0.0,-0.05525573192239874,-7.859999999999999
401520212,2023,2,2023-09-09 23:30:00+00:00,South Carolina,Furman,1,-1.0,-49.0,-28.0,-21.0,2.499557913351018,-5.090157154673284,0.0,-0.0,0.0,0.0,0.0,0.0,,
401520267,2023,4,2023-09-23 23:30:00+00:00,South Carolina,Mississippi State,1,-0.3333333333333333,-6.333333333333333,-5.0,-1.3333333333333286,2.3950700280112045,-3.5754052149400986,0.0,-0.0,0.0,0.0,0.0,0.0,0.25,10.5
401520325,2023,7,2023-10-14 19:30:00+00:00,South Carolina,Florida,0,-0.2666666666666666,-12.733333333333334,-0.16666666666666785,-12.566666666666666,0.7308108108108105,-1.7717261904761914,-0.8333333333333321,-1.1000000000000012,-1.9333333333333327,-32.5333333333333,-72.36666666666667,-0.0666666666666667,0.3208333333333333,20.379166666666666
401520376,2023,10,2023-11-04 16:00:00+00:00,South Carolina,Jacksonville State,1,-0.5277777777777778,-15.90277777777778,-3.1805555555555607,-12.722222222222221,2.1671762589928063,-1.8117570093457949,1.1805555555555607,-0.94444444444445,0.23611111111111338,-65.27777777777777,-58.70833333333337,-0.1388888888888889,0.3540816326530613,23.448129251700678
401520396,2023,11,2023-11-11 17:00:00+00:00,South Carolina,Vanderbilt,1,0.1333333333333333,5.166666666666667,2.37777777777778,2.788888888888888,1.2949431220724588,-0.6619204636290967,5.95555555555555,0.2111111111111086,6.166666666666667,35.3,60.244444444444454,0.2,-0.02093253968253972,3.9879960317460323
401520418,2023,12,2023-11-19 00:30:00+00:00,South Carolina,Kentucky,1,-0.19999999999999996,-3.8999999999999995,-0.3000000000000007,-3.6000000000000014,1.4402130000097362,-2.233391608391608,10.3,10.600000000000001,20.900000000000002,22.0,-16.566666666666606,0.5333333333333332,0.08924162257495583,11.974338624338623
401520441,2023,13,2023-11-26 00:30:00+00:00,South Carolina,Clemson,0,-0.18181818181818188,-8.818181818181817,-2.6363636363636367,-6.1818181818181905,2.067954368680322,-1.6340431151167012,1.9696969696969724,11.515151515151514,13.484848484848484,38.15151515151513,85.06060606060609,0.18181818181818193,-0.02674603174603185,-1.1075044091710726
401531422,2023,2,2023-09-09 23:00:00+00:00,South Florida,Florida A&M,1,-1.0,-35.0,-4.0,-31.0,-1.9358288770053473,0.7978142076502737,0.0,-0.0,0.0,0.0,0.0,0.0,,
401520244,2023,3,2023-09-16 19:30:00+00:00,South Florida,Alabama,0,0.0,-21.0,-9.0,-12.0,-3.7975697321182,0.43047619047619,0.0,-0.0,0.0,0.0,0.0,0.0,0.0,-9.0
401531423,2023,4,2023-09-23 20:00:00+00:00,South Florida,Rice,1,-0.3333333333333333,-14.666666666666668,-15.666666666666668,1.0,-4.429645290110407,1.3081636442408868,0.0,-0.0,0.0,0.0,0.0,0.0,0.25,35.0
401531420,2023,7,2023-10-14 19:30:00+00:00,South Florida,Florida Atlantic,0,0.09999999999999998,2.5666666666666673,10.399999999999999,-7.833333333333336,1.8345993259218272,-0.07780219780219699,12.933333333333337,-1.1666666666666714,11.766666666666666,58.56666666666666,101.66666666666669,0.23333333333333328,0.056666666666666754,4.5
401531393,2023,11,2023-11-11 17:00:00+00:00,South Florida,Temple,1,0.1111111111111111,8.666666666666664,9.888888888888882,-1.2222222222222214,0.8460705352461337,1.0168751408609422,4.1111111111111125,-4.777777777777779,-0.6666666666666643,75.99999999999994,71.66666666666669,-0.1111111111111111,-0.15357142857142858,-1.9897321428571422
401531410,2023,13,2023-11-26 00:30:00+00:00,South Florida,Charlotte,1,0.18181818181818177,1.4545454545454541,11.454545454545464,-10.000000000000004,1.478020833333333,0.2740339168903847,-4.787878787878796,-0.9999999999999893,-5.787878787878787,23.42424242424238,48.36363636363637,-0.1818181818181817,-0.014516594516594483,-0.8128607503607501
401531840,2023,1,2023-09-02 23:00:00+00:00,Southern Miss,Alcorn State,1,,,,,,,,,,,,,,
401531348,2023,3,2023-09-16 20:00:00+00:00,Southern Miss,Tulane,0,0.0,-15.0,-2.0,-13.0,-3.173076923076925,0.7245345016429359,0.0,-0.0,0.0,0.0,0.0,0.0,0.0,-45.0
401531883,2023,5,2023-09-30 23:00:00+00:00,Southern Miss,Texas State,0,-0.5,-27.5,-18.5,-9.0,-3.0962962962962965,-1.952447552447552,-5.499999999999989,-8.666666666666657,-14.166666666666666,-48.416666666666686,-20.166666666666686,-0.16666666666666669,0.4444444444444444,6.833333333333333
401531886,2023,6,2023-10-07 23:00:00+00:00,Southern Miss,Old Dominion,0,-0.2,-9.2,1.0,-10.2,-1.8047292817679557,-0.07999999999999918,1.3333333333333286,-2.4666666666666686,-1.1333333333333344,10.133333333333326,-20.333333333333314,-0.1333333333333333,-0.10416666666666674,-2.583333333333333
401531909,2023,10,2023-11-04 20:00:00+00:00,Southern Miss,UL Monroe,1,-0.125,-4.0,2.5,-6.5,-0.3623129549217454,-0.38700827903786816,-8.5,-2.5,-11.0,-61.66666666666663,-129.83333333333334,0.125,0.10714285714285715,2.13843537414966
401531927,2023,13,2023-11-25 17:00:00+00:00,Southern Miss,Troy,0,-0.5454545454545455,-24.636363636363633,-5.454545454545457,-19.181818181818183,-1.9640628573295444,-0.23120058834344537,-3.2121212121212075,8.848484848484855,5.636363636363633,51.090909090909115,1.7575757575757507,0.2121212121212122,-0.14857142857142858,-8.386626984126984
401524010,2023,3,2023-09-17 00:00:00+00:00,Stanford,Sacramento State,0,-0.5,-37.5,-12.5,-25.0,-2.092174450974327,-0.2715018315018316,0.0,-0.0,0.0,0.0,0.0,0.0,0.5,54.5
401524016,2023,4,2023-09-23 23:00:00+00:00,Stanford,Arizona,0,-0.3333333333333333,-29.666666666666664,-7.666666666666671,-21.999999999999993,-1.8761904761904766,-1.5271672771672762,0.0,-0.0,0.0,0.0,0.0,0.0,0.0,0.8333333333333321
401524024,2023,5,2023-09-30 22:30:00+00:00,Stanford,Oregon,0,-0.75,-51.0,-31.5,-19.5,-1.785475745740647,-2.6419172932330826,4.166666666666668,-0.8333333333333304,3.333333333333332,42.416666666666686,1.4999999999999432,-0.25,0.2222222222222222,15.583333333333332
401524036,2023,8,2023-10-22 02:30:00+00:00,Stanford,UCLA,0,-0.3333333333333333,-25.666666666666668,-5.833333333333332,-19.833333333333332,-0.5396416573348262,-1.5737363299750284,11.166666666666664,6.833333333333325,18.0,62.66666666666663,43.833333333333314,0.3333333333333333,-0.24444444444444435,3.269444444444442
401524042,2023,9,2023-10-28 23:00:00+00:00,Stanford,Washington,0,-0.7142857142857143,-36.857142857142854,-18.85714285714286,-17.99999999999999,-3.3576806172550837,-0.8519590171710467,11.190476190476199,-3.0000000000000178,8.190476190476188,98.04761904761922,117.52380952380952,0.0476190476190476,-0.04960317460317454,-2.526190476190475
401524061,2023,12,2023-11-18 23:30:00+00:00,Stanford,California,0,-0.10000000000000003,-10.9,-11.0,0.10000000000000142,0.5378785286569716,-1.6144514844054427,-5.666666666666657,13.566666666666654,7.9,7.6333333333333275,15.100000000000023,0.09999999999999999,-0.04104938271604941,-2.4097001763668437
401524065,2023,13,2023-11-26 00:00:00+00:00,Stanford,Notre Dame,0,-0.4545454545454546,-37.18181818181819,-17.181818181818183,-20.0,-2.235609816051457,-1.6305808495403689,-10.818181818181817,3.0,-7.818181818181817,-91.5151515151515,-66.00000000000003,0.1212121212121212,-0.04487734487734496,1.8759740259740294
401525466,2023,1,2023-09-02 20:00:00+00:00,Syracuse,Colgate,1,,,,,,,,,,,,,,
401525497,2023,2,2023-09-09 19:30:00+00:00,Syracuse,Western Michigan,1,0.0,47.0,30.0,17.0,4.434511434511435,0.15183696900114807,0.0,-0.0,0.0,0.0,0.0,0.0,,
401520268,2023,4,2023-09-23 16:00:00+00:00,Syracuse,Army,1,0.33333333333333337,20.000000000000007,13.666666666666671,6.333333333333334,-2.8732905982905965,0.7129056819263351,0.0,-0.0,0.0,0.0,0.0,0.0,0.25,7.75
401525514,2023,5,2023-09-30 16:00:00+00:00,Syracuse,Clemson,0,0.5,19.75,8.0,11.75,2.137010159651667,-0.08491704374057285,-16.666666666666664,-5.416666666666666,-22.08333333333333,-73.83333333333337,-59.25,-0.1666666666666666,-0.02777777777777779,-3.1388888888888875
401525540,2023,10,2023-11-03 23:30:00+00:00,Syracuse,Boston College,0,-0.125,2.5,-1.75,4.25,0.3042150045917129,-0.8330960507069736,-20.249999999999996,-23.58333333333333,-43.833333333333336,-197.29166666666669,-49.833333333333314,-0.875,0.13605442176870752,2.7721088435374117
401525552,2023,11,2023-11-11 20:30:00+00:00,Syracuse,Pittsburgh,1,0.2222222222222222,8.777777777777779,3.888888888888893,4.888888888888893,0.3418992805755394,0.8477353514505221,-6.555555555555559,-2.555555555555557,-9.111111111111107,-158.0,-133.7777777777778,-0.2222222222222222,-0.03497023809523814,-5.535714285714288
401525563,2023,13,2023-11-25 19:00:00+00:00,Syracuse,Wake Forest,1,0.09090909090909088,8.727272727272727,5.36363636363636,3.3636363636363633,-0.2009879820098801,1.2721910691351894,3.3030303030303028,7.969696969696976,11.27272727272727,8.606060606060616,-109.60606060606062,0.2424242424242425,0.035079365079365044,-0.4677380952380954
401523994,2023,1,2023-09-02 16:00:00+00:00,TCU,Colorado,0,,,,,,,,,,,,,,
401525832,2023,2,2023-09-10 00:00:00+00:00,TCU,Nicholls,1,0.0,11.0,18.0,-7.0,-0.11576354679802936,4.386636636636636,0.0,-0.0,0.0,0.0,0.0,0.0,,
401525849,2023,4,2023-09-23 16:00:00+00:00,TCU,SMU,1,0.0,-7.0,0.3333333333333215,-7.333333333333329,-0.04832896461336844,0.715719298245614,0.0,-0.0,0.0,0.0,0.0,0.0,-0.5833333333333334,-28.416666666666668
401525853,2023,5,2023-10-01 00:00:00+00:00,TCU,West Virginia,0,0.0,9.5,11.25,-1.75,1.1628185907046475,0.7641589180050712,-5.25,1.75,-3.5,-26.833333333333314,5.583333333333314,0.0,-0.02777777777777779,-8.722222222222225
401525865,2023,7,2023-10-14 19:30:00+00:00,TCU,BYU,1,-0.30000000000000004,0.7333333333333343,0.3333333333333286,0.3999999999999986,-0.0821060581539621,2.450047517224994,-10.666666666666664,8.933333333333332,-1.7333333333333334,-38.56666666666666,-27.866666666666617,-0.033333333333333215,-0.1616666666666668,-10.246666666666666
401525891,2023,11,2023-11-12 00:30:00+00:00,TCU,Texas,0,-0.4444444444444444,-11.88888888888889,-5.111111111111114,-6.7777777777777715,-1.4068222255170877,-0.22651430882799062,-2.8888888888888857,-2.2222222222222285,-5.111111111111111,38.666666666666686,91.33333333333337,-0.2222222222222222,-0.2674107142857143,-10.840922619047621
401525897,2023,12,2023-11-18 20:30:00+00:00,TCU,Baylor,1,0.10000000000000003,13.6,6.0,7.599999999999998,0.198377324758523,1.2410028132290383,-9.33333333333333,-4.599999999999998,-13.933333333333335,-43.266666666666595,8.100000000000023,-0.10000000000000003,-0.005467372134038806,0.2509259259259258
401531387,2023,1,2023-09-02 18:00:00+00:00,Temple,Akron,1,,,,,,,,,,,,,,
401531388,2023,3,2023-09-16 18:00:00+00:00,Temple,Norfolk State,1,-0.5,-21.0,-15.5,-5.5,-4.512499999999999,-0.9582551594746715,0.0,-0.0,0.0,0.0,0.0,0.0,0.0,13.0
401525509,2023,4,2023-09-23 19:30:00+00:00,Temple,Miami,0,-0.33333333333333337,-28.33333333333333,-20.666666666666657,-7.666666666666666,-4.433764517042771,-1.400873655913978,0.0,-0.0,0.0,0.0,0.0,0.0,0.5,12.5
401531389,2023,6,2023-10-07 18:00:00+00:00,Temple,UTSA,0,0.15000000000000002,-1.25,1.75,-3.0,-0.09349429912810159,-0.16179317371370372,1.9166666666666679,2.0000000000000036,3.916666666666666,36.33333333333337,-5.283333333333303,-0.15,0.1527777777777778,-5.548611111111114
401531391,2023,8,2023-10-20 23:00:00+00:00,Temple,SMU,0,-0.38095238095238093,-30.047619047619044,-11.476190476190478,-18.57142857142857,-1.4328668532586963,-0.6644680946205797,8.809523809523817,-8.761904761904766,0.047619047619045674,66.26190476190482,50.04761904761904,-0.2857142857142857,0.08888888888888902,-6.816666666666667
401531392,2023,10,2023-11-04 18:00:00+00:00,Temple,Navy,1,-0.1785714285714285,-15.017857142857142,0.8392857142857153,-15.857142857142858,-0.40234077299945614,-0.9842819718980707,-0.5059523809523818,-20.14285714285713,-20.648809523809522,30.482142857142833,-10.077380952380947,-0.48809523809523814,0.15476190476190477,4.507539682539681
401531394,2023,13,2023-11-24 17:00:00+00:00,Temple,Memphis,0,-0.4545454545454546,-23.181818181818187,-18.09090909090909,-5.0909090909090935,-1.5550239234449759,-1.138861138861139,-1.2424242424242387,20.757575757575765,19.51515151515152,2.4848484848484986,-21.393939393939434,0.1212121212121212,0.08420634920634917,8.552301587301587
401520179,2023,1,2023-09-02 16:00:00+00:00,Tennessee,Virginia,1,,,,,,,,,,,,,,
401520213,2023,2,2023-09-09 21:00:00+00:00,Tennessee,Austin Peay,1,1.0,62.0,26.0,36.0,0.1301247771836005,3.8235785953177253,0.0,-0.0,0.0,0.0,0.0,0.0,,
401520269,2023,4,2023-09-23 20:00:00+00:00,Tennessee,UTSA,1,0.3333333333333333,14.666666666666668,10.666666666666668,4.0,0.7155445544554455,1.0073494547178754,0.0,-0.0,0.0,0.0,0.0,0.0,-0.5,-24.5
401520291,2023,5,2023-09-30 23:30:00+00:00,Tennessee,South Carolina,1,0.25,15.5,6.25,9.25,-2.746578676908097,3.9667024704618687,-8.583333333333336,-2.916666666666668,-11.5,-33.41666666666663,11.666666666666629,-0.2499999999999999,-0.6111111111111112,-32.11111111111111
401520326,2023,7,2023-10-14 19:30:00+00:00,Tennessee,Texas A&M,1,0.13333333333333341,2.7333333333333325,0.7000000000000028,2.033333333333328,-0.9470805617147082,1.7929292929292924,6.299999999999997,-3.6999999999999997,2.6000000000000005,38.9666666666667,71.66666666666669,-0.1333333333333334,-0.5266666666666666,-22.79583333333333
401520377,2023,10,2023-11-04 16:00:00+00:00,Tennessee,UConn,1,0.625,20.875,12.0,8.875,0.9627958643082959,1.3764797507788158,-12.0,-8.20833333333334,-20.208333333333336,-24.958333333333314,-14.416666666666714,-0.2916666666666666,-0.1350340136054422,-1.0217687074829946
401520419,2023,12,2023-11-18 20:30:00+00:00,Tennessee,Georgia,0,-0.30000000000000004,-13.2,-8.600000000000001,-4.6,-1.6400264322032339,0.38439768672326835,-0.06666666666665577,1.9333333333333282,1.8666666666666707,49.56666666666666,78.96666666666667,-0.0333333333333333,-0.09700176366843039,-1.8624779541446217
401520442,2023,13,2023-11-25 20:30:00+00:00,Tennessee,Vanderbilt,1,0.4545454545454546,20.545454545454547,7.272727272727273,13.272727272727277,0.6014193841756521,2.284778225806452,8.727272727272721,-1.9393939393939448,6.787878787878789,63.75757575757581,142.9090909090909,-0.12121212121212119,-0.20707671957671958,-6.750661375661377
401525824,2023,1,2023-09-02 19:30:00+00:00,Texas,Rice,1,,,,,,,,,,,,,,
401525840,2023,3,2023-09-17 00:00:00+00:00,Texas,Wyoming,1,0.0,10.5,2.5,8.0,1.7702702702702702,-0.6479074191502847,0.0,-0.0,0.0,0.0,0.0,0.0,1.0,123.0
401525854,2023,5,2023-09-30 19:30:00+00:00,Texas,Kansas,1,0.0,7.5,-2.75,10.25,-0.2909385113268641,-1.0595477050715907,2.75,1.0833333333333341,3.833333333333334,10.916666666666629,2.5833333333333144,0.0,0.11111111111111116,26.944444444444446
401525861,2023,6,2023-10-07 16:00:00+00:00,Texas,Oklahoma,0,0.0,-13.400000000000002,-11.399999999999999,-2.0,-0.9990247561890477,1.0349926716917928,2.3999999999999986,6.333333333333334,8.73333333333333,10.599999999999964,-60.86666666666673,0.0,0.16666666666666663,6.708333333333336
401525877,2023,9,2023-10-28 19:30:00+00:00,Texas,BYU,1,0.1428571428571428,13.714285714285715,6.857142857142858,6.857142857142858,2.1577777777777785,1.8941449814126394,2.476190476190478,-2.523809523809529,-0.04761904761904834,77.76190476190476,70.57142857142856,-0.1428571428571428,0.23412698412698407,6.131746031746033
401525884,2023,10,2023-11-04 16:00:00+00:00,Texas,Kansas State,1,0.125,-3.0,-2.875,-0.125,1.0118373983739843,-0.6441102756892239,-5.125,-13.208333333333329,-18.333333333333336,-47.833333333333314,10.5,-0.45833333333333326,0.07823129251700678,4.43095238095238
401525901,2023,13,2023-11-25 00:30:00+00:00,Texas,Texas Tech,1,0.36363636363636376,10.545454545454545,4.454545454545453,6.090909090909097,2.048962854017085,0.11015375211585443,-0.1212121212121251,-8.757575757575765,-8.878787878787877,9.151515151515184,0.9090909090909349,-0.36363636363636376,0.0730952380952381,0.6527380952380941
401539479,2023,14,2023-12-02 17:00:00+00:00,Texas,Oklahoma State,1,0.16666666666666663,15.0,4.916666666666668,10.083333333333329,1.8726356630920957,-0.07127759893343733,3.75,9.916666666666675,13.666666666666668,16.66666666666663,-29.999999999999943,0.1666666666666666,0.12222550177095637,8.329371638462549
401520173,2023,1,2023-09-02 23:00:00+00:00,Texas A&M,New Mexico,1,,,,,,,,,,,,,,
401520245,2023,3,2023-09-16 20:00:00+00:00,Texas A&M,UL Monroe,1,-0.5,6.5,22.0,-15.5,3.4610713511168947,-2.850574712643678,0.0,-0.0,0.0,0.0,0.0,0.0,1.0,60.0
401520270,2023,4,2023-09-23 16:00:00+00:00,Texas A&M,Auburn,1,-0.33333333333333337,-3.333333333333332,4.666666666666664,-7.999999999999995,-0.198162729658792,-0.9012747252747255,0.0,-0.0,0.0,0.0,0.0,0.0,0.33333333333333337,12.666666666666666
401520310,2023,6,2023-10-07 19:30:00+00:00,Texas A&M,Alabama,0,0.0,2.0,6.399999999999999,-4.400000000000002,-1.1851851851851851,0.8275624719437378,2.6000000000000014,2.733333333333336,5.333333333333329,36.4666666666667,14.399999999999977,0.0,0.125,4.4375
401520359,2023,9,2023-10-28 16:00:00+00:00,Texas A&M,South Carolina,1,0.2857142857142857,17.571428571428573,5.714285714285712,11.857142857142858,-0.6811373921953727,1.1291158415052216,-7.047619047619051,4.142857142857132,-2.904761904761907,-36.57142857142861,10.90476190476187,0.0476190476190477,0.026587301587301493,-0.2388888888888907
401520397,2023,11,2023-11-12 00:30:00+00:00,Texas A&M,Mississippi State,1,0.11111111111111116,13.77777777777778,9.666666666666668,4.111111111111107,1.199862019686834,-0.5242220811031477,8.666666666666664,-11.111111111111107,-2.4444444444444464,41.11111111111114,50.44444444444446,-0.1111111111111111,0.2422619047619048,6.977380952380955
401520420,2023,12,2023-11-18 17:00:00+00:00,Texas A&M,Abilene Christian,1,0.09999999999999998,14.3,6.600000000000001,7.700000000000003,1.3372732808490282,-0.6290917372528755,9.399999999999988,0.6333333333333291,10.033333333333333,45.5,17.199999999999964,0.2333333333333332,0.2860229276895944,13.479629629629631
401531847,2023,3,2023-09-17 00:30:00+00:00,Texas State,Jackson State,1,0.0,-4.0,4.0,-8.0,-0.6885416666666675,-0.6719457013574663,0.0,-0.0,0.0,0.0,0.0,0.0,,
401531877,2023,4,2023-09-23 23:00:00+00:00,Texas State,Nevada,1,0.6666666666666666,44.333333333333336,29.333333333333336,15.000000000000007,3.2560700876095128,2.0868807339449544,0.0,-0.0,0.0,0.0,0.0,0.0,-0.75,-23.166666666666668
401531891,2023,7,2023-10-14 23:00:00+00:00,Texas State,UL Monroe,1,0.2666666666666666,27.133333333333333,22.966666666666658,4.166666666666671,4.381657458563536,0.009821428571428648,-1.2999999999999896,12.166666666666655,10.866666666666665,52.83333333333337,2.666666666666657,0.4,-0.07999999999999996,-5.785833333333333
401531903,2023,9,2023-10-28 23:00:00+00:00,Texas State,Troy,0,0.0,0.7142857142857153,11.714285714285712,-11.0,0.1972244627825681,0.23995166800922174,-6.0476190476190474,-15.66666666666667,-21.714285714285715,-29.23809523809524,32.238095238095354,-0.3333333333333333,-0.486111111111111,-20.252777777777776
401531910,2023,10,2023-11-04 21:00:00+00:00,Texas State,Georgia Southern,1,-0.125,-2.75,1.375,-4.125,1.6562332798287853,0.9951167562793843,-11.70833333333334,7.791666666666671,-3.916666666666666,25.541666666666686,20.208333333333375,-0.20833333333333337,-0.29421768707482987,-11.279591836734694
401531928,2023,13,2023-11-26 00:00:00+00:00,Texas State,South Alabama,1,0.0,-8.909090909090907,4.81818181818182,-13.727272727272723,0.058365095596666805,0.25723911034995606,8.515151515151514,-16.272727272727273,-7.7575757575757605,54.848484848484816,63.818181818181756,-0.3333333333333333,-0.09960317460317458,2.005119047619048
401524002,2023,2,2023-09-09 23:00:00+00:00,Texas Tech,Oregon,0,-1.0,-76.0,-48.0,-28.0,-2.8348264277715556,-7.41711229946524,0.0,-0.0,0.0,0.0,0.0,0.0,,
401525841,2023,3,2023-09-16 23:00:00+00:00,Texas Tech,Tarleton State,1,-1.0,-24.5,-20.5,-4.0,-4.223739495798319,-1.1799789251844048,0.0,-0.0,0.0,0.0,0.0,0.0,0.5,72.0
401525855,2023,5,2023-09-30 19:30:00+00:00,Texas Tech,Houston,1,-0.25,3.0,2.0,1.0,-0.8859401468097126,0.9133802816901411,-4.666666666666668,7.333333333333339,2.666666666666667,-28.750000000000004,-42.83333333333337,0.2499999999999999,0.7222222222222222,41.83333333333333
401525866,2023,7,2023-10-14 23:00:00+00:00,Texas Tech,Kansas State,0,-0.09999999999999998,-4.033333333333333,-1.6333333333333329,-2.3999999999999986,-0.9289016719531213,-0.4536969036507079,4.633333333333329,11.733333333333333,16.366666666666667,-14.466666666666697,-20.43333333333331,0.43333333333333324,-0.16166666666666674,5.055833333333332
401525879,2023,10,2023-11-02 23:00:00+00:00,Texas Tech,TCU,1,-0.125,-1.75,0.625,-2.375,-0.8735718769617069,0.0007197418216433604,3.7083333333333393,2.375,6.083333333333333,41.83333333333337,13.791666666666686,0.125,0.15000000000000002,10.626190476190478
401525898,2023,12,2023-11-18 22:00:00+00:00,Texas Tech,UCF,1,0.0,-2.5,-4.899999999999999,2.400000000000002,-3.0322931190027065,-1.2249616760347468,-7.099999999999998,-1.7333333333333414,-8.833333333333334,-11.733333333333348,15.23333333333332,0.0,0.0883597883597883,8.97283950617284
401532398,2023,2,2023-09-09 19:30:00+00:00,Toledo,Texas Southern,1,0.0,1.0,-6.0,7.0,-1.3100995732574683,-2.7142857142857144,0.0,-0.0,0.0,0.0,0.0,0.0,,
401532403,2023,3,2023-09-16 23:00:00+00:00,Toledo,San José State,1,0.16666666666666669,32.0,14.833333333333336,17.166666666666664,2.6043756967670015,-1.3806905370843978,0.0,-0.0,0.0,0.0,0.0,0.0,-1.0,-20.0
401532406,2023,4,2023-09-23 17:30:00+00:00,Toledo,Western Michigan,1,0.3333333333333333,41.33333333333333,22.666666666666668,18.666666666666668,1.895246058289536,0.6140047408546359,0.0,-0.0,0.0,0.0,0.0,0.0,-0.8333333333333334,-37.75
401532411,2023,5,2023-09-30 19:30:00+00:00,Toledo,Northern Illinois,1,0.5,30.0,26.5,3.5,2.4851097178683386,2.3138975966562176,8.5,3.166666666666668,11.666666666666666,27.416666666666686,-2.5833333333333144,0.5,-0.2222222222222222,-5.944444444444445
401532434,2023,10,2023-10-31 23:30:00+00:00,Toledo,Buffalo,1,0.5,17.75,9.0,8.75,2.280947696343663,1.8015262280364244,-9.0,-10.083333333333332,-19.083333333333332,-22.958333333333314,-23.125,-0.16666666666666657,-0.19795918367346949,-4.11156462585034
401532440,2023,11,2023-11-09 00:30:00+00:00,Toledo,Eastern Michigan,1,0.4444444444444444,18.88888888888889,15.888888888888882,3.0,2.0328220643073243,2.248531173350066,-14.888888888888884,11.333333333333329,-3.5555555555555554,-85.66666666666663,-64.11111111111109,0.2222222222222222,-0.1328869047619048,1.3239583333333336
401539481,2023,14,2023-12-02 17:00:00+00:00,Toledo,Miami (OH),0,0.08333333333333326,3.916666666666668,8.0,-4.083333333333336,0.4828504059507015,0.9572695106750828,9.99999999999999,-11.249999999999998,-1.2500000000000018,69.91666666666669,100.41666666666669,-0.0833333333333333,-0.09047291092745641,1.0723763610127257
401531841,2023,1,2023-09-02 23:00:00+00:00,Troy,Stephen F. Austin,1,,,,,,,,,,,,,,
401531848,2023,3,2023-09-16 23:00:00+00:00,Troy,James Madison,0,-0.5,-23.5,-6.5,-17.0,-0.2964285714285708,0.17904761904761912,0.0,-0.0,0.0,0.0,0.0,0.0,1.0,81.0
401520271,2023,4,2023-09-23 16:00:00+00:00,Troy,Western Kentucky,1,-0.3333333333333333,-2.333333333333333,-9.333333333333336,7.000000000000007,0.28183033724558015,0.49438202247191043,0.0,-0.0,0.0,0.0,0.0,0.0,0.0,-13.5
401531887,2023,6,2023-10-07 20:00:00+00:00,Troy,Arkansas State,1,0.0,12.600000000000001,0.0,12.599999999999998,0.0027745763435351734,-0.22121504339440712,-19.333333333333336,-4.266666666666666,-23.599999999999994,-106.26666666666665,6.533333333333331,-0.3333333333333334,0.5333333333333333,20.2875
401531904,2023,10,2023-11-02 23:30:00+00:00,Troy,South Alabama,1,0.25,-2.125,-6.375,4.25,0.22866126923020502,-0.12920321637426824,-7.958333333333336,4.750000000000002,-3.208333333333332,-80.04166666666669,-81.25,0.0833333333333334,0.25850340136054417,18.55340136054422
401531921,2023,12,2023-11-18 20:30:00+00:00,Troy,Louisiana,1,0.30000000000000004,10.6,-2.1000000000000014,12.700000000000001,0.8136694103006352,-0.8983545158715547,9.766666666666666,5.299999999999994,15.06666666666666,10.166666666666686,25.633333333333354,0.3666666666666665,0.24179894179894174,10.66221340388007
401539484,2023,14,2023-12-02 21:00:00+00:00,Troy,App State,1,0.16666666666666674,3.916666666666666,-6.083333333333332,10.0,-0.008988549618319297,-0.4524962431123729,2.083333333333332,-7.0,-4.916666666666666,-56.916666666666686,-17.166666666666686,-0.1666666666666667,0.07159910796274449,8.066446936901482
401531347,2023,1,2023-09-03 00:00:00+00:00,Tulane,South Alabama,1,,,,,,,,,,,,,,
401520214,2023,2,2023-09-09 19:30:00+00:00,Tulane,Ole Miss,0,0.0,-46.0,-36.0,-10.0,6.819512195121952,-0.5964912280701751,0.0,-0.0,0.0,0.0,0.0,0.0,,
401531349,2023,4,2023-09-23 23:00:00+00:00,Tulane,Nicholls,1,0.6666666666666666,31.5,11.0,20.5,4.275622968580715,0.7349999999999999,0.0,-0.0,0.0,0.0,0.0,0.0,0.75,29.25
401531370,2023,5,2023-09-30 16:00:00+00:00,Tulane,UAB,1,0.5,20.75,0.5,20.25,2.6229611400446426,-0.25382882882882907,-0.5,10.41666666666667,9.916666666666668,-6.583333333333314,-20.75,0.16666666666666669,-0.33333333333333337,-15.333333333333334
401531372,2023,8,2023-10-21 19:30:00+00:00,Tulane,North Texas,1,0.33333333333333337,11.833333333333334,-5.666666666666664,17.5,1.0091989504553176,-0.8901259559154298,1.6666666666666639,-10.5,-8.833333333333334,-4.666666666666629,-17.833333333333314,0.0,0.06,10.023333333333333
401531344,2023,11,2023-11-11 17:00:00+00:00,Tulane,Tulsa,1,0.5555555555555556,22.444444444444443,6.222222222222225,16.22222222222223,2.017491517491516,0.15067783094098885,4.444444444444441,9.777777777777773,14.222222222222223,65.33333333333326,30.888888888888886,0.4444444444444444,-0.10014880952380956,-5.125297619047619
401531376,2023,13,2023-11-24 20:30:00+00:00,Tulane,UTSA,1,0.18181818181818188,0.45454545454545325,-5.272727272727277,5.727272727272734,1.3032559081204456,-0.24747368704406547,-14.393939393939394,2.2727272727272645,-12.121212121212121,-90.54545454545456,-0.6969696969697168,-0.1818181818181819,-0.03825396825396826,-1.0408730158730157
401539477,2023,14,2023-12-02 21:00:00+00:00,Tulane,SMU,0,0.08333333333333326,-14.583333333333334,-13.916666666666668,-0.6666666666666607,-0.5918492095391219,-0.2136217948717949,-7.75,8.333333333333327,0.5833333333333393,-62.333333333333314,-35.16666666666663,-0.0833333333333333,-0.06532369146005507,-2.6786020376929462
401531337,2023,1,2023-09-01 00:00:00+00:00,Tulsa,Arkansas-Pine Bluff,1,,,,,,,,,,,,,,
401525842,2023,3,2023-09-16 19:30:00+00:00,Tulsa,Oklahoma,0,-0.5,-44.0,-24.5,-19.5,-2.139743589743592,0.5485720973782771,0.0,-0.0,0.0,0.0,0.0,0.0,0.0,13.0
401531339,2023,5,2023-09-28 23:30:00+00:00,Tulsa,Temple,1,0.0,-2.75,3.0,-5.75,0.9233954451345756,-0.2181781721562137,-4.9999999999999964,-6.583333333333332,-11.583333333333334,-59.166666666666686,-13.833333333333286,0.0,-0.2222222222222222,6.222222222222225
401531341,2023,8,2023-10-19 23:00:00+00:00,Tulsa,Rice,0,0.0,-5.666666666666666,-6.666666666666664,1.0,-0.6621004566210047,1.3531420330427775,7.666666666666664,11.333333333333336,19.0,-8.166666666666629,-64.16666666666663,0.3333333333333332,0.3000000000000001,23.50333333333333
401531343,2023,10,2023-11-04 20:00:00+00:00,Tulsa,Charlotte,0,0.125,-4.0,7.25,-11.25,1.1342734367282423,0.32013945857260095,-3.583333333333332,-12.74999999999999,-16.33333333333333,-48.208333333333314,-12.625,-0.4583333333333333,0.09370748299319731,8.314413265306122
401531345,2023,12,2023-11-18 20:00:00+00:00,Tulsa,North Texas,0,0.0,-7.9,-11.0,3.1000000000000014,-0.5526350110858065,-0.877196938379246,-0.33333333333333925,-2.7666666666666657,-3.1000000000000014,1.2666666666667084,3.4333333333332803,0.0,0.026234567901234684,5.052469135802466
401531377,2023,1,2023-09-01 00:00:00+00:00,UAB,North Carolina A&T,1,,,,,,,,,,,,,,
401531379,2023,3,2023-09-16 23:00:00+00:00,UAB,Louisiana,0,0.0,-1.5,0.5,-2.0,0.5770308123249297,-0.7317911131470458,0.0,-0.0,0.0,0.0,0.0,0.0,1.0,53.0
401531380,2023,6,2023-10-07 20:00:00+00:00,UAB,South Florida,1,-0.39999999999999997,-11.0,-3.1999999999999993,-7.800000000000001,-0.7442849548112704,0.10384037760137277,-4.800000000000001,-8.533333333333328,-13.333333333333332,-27.93333333333328,-64.0,-0.2666666666666666,0.1875,11.583333333333334
401531382,2023,8,2023-10-21 16:00:00+00:00,UAB,Memphis,0,-0.38095238095238093,-17.42857142857143,-3.8571428571428577,-13.57142857142857,-0.21608391608391653,-0.12396694214876014,9.19047619047619,8.904761904761905,18.095238095238095,52.166666666666686,-27.666666666666686,0.38095238095238093,0.14833333333333343,26.17
401531383,2023,10,2023-11-04 19:00:00+00:00,UAB,Florida Atlantic,1,-0.25,-10.625,3.125,-13.75,1.2064806808355701,0.3031328393909334,-5.458333333333329,-4.583333333333336,-10.041666666666666,3.25,-46.041666666666686,-0.0833333333333333,0.24251700680272115,14.053741496598638
401531385,2023,12,2023-11-18 20:00:00+00:00,UAB,Temple,1,0.0,5.0,7.5,-2.5,1.4292846874150058,0.8009544442558627,-1.8333333333333286,-3.5,-5.333333333333334,40.30000000000001,2.7666666666666515,0.0,0.011331569664903007,6.180114638447973
401525816,2023,1,2023-08-31 23:00:00+00:00,UCF,Kent State,1,,,,,,,,,,,,,,
401525843,2023,3,2023-09-16 22:30:00+00:00,UCF,Villanova,1,0.0,0.5,-3.0,3.5,-1.5666513971598768,1.381226053639847,0.0,-0.0,0.0,0.0,0.0,0.0,0.0,28.0
401525856,2023,5,2023-09-30 19:30:00+00:00,UCF,Baylor,0,0.5,25.0,18.25,6.75,3.445119208277105,1.9557142857142855,-2.2499999999999964,-9.75,-12.0,-12.916666666666629,40.58333333333337,-0.1666666666666666,-0.11111111111111116,-2.0555555555555536
401525878,2023,9,2023-10-28 16:00:00+00:00,UCF,West Virginia,0,-0.1428571428571429,2.8571428571428568,4.857142857142861,-2.0,1.7065621828842028,1.3486076257227193,-8.523809523809529,-0.6666666666666803,-9.19047619047619,-147.90476190476193,-108.23809523809535,-0.1904761904761905,0.08944444444444444,-1.2227777777777762
401525892,2023,11,2023-11-11 20:30:00+00:00,UCF,Oklahoma State,1,-0.33333333333333337,-3.0,2.1111111111111107,-5.111111111111114,2.564816974948619,0.27666780169518024,-13.777777777777782,-3.8888888888888817,-17.666666666666664,-155.33333333333331,-49.66666666666666,-0.3333333333333333,-0.08824404761904758,-2.9677083333333316
401525906,2023,13,2023-11-25 17:00:00+00:00,UCF,Houston,1,0.09090909090909088,13.727272727272727,8.36363636363636,5.363636363636363,2.2556131260794476,1.6389758255989646,0.6363636363636402,7.303030303030297,7.939393939393941,32.63636363636357,25.727272727272776,0.2424242424242423,0.14210317460317456,3.6260714285714286
401523995,2023,1,2023-09-03 02:30:00+00:00,UCLA,Coastal Carolina,1,,,,,,,,,,,,,,
401524011,2023,3,2023-09-16 21:00:00+00:00,UCLA,North Carolina Central,1,0.0,5.5,1.0,4.5,4.133433283358321,0.3642857142857139,0.0,-0.0,0.0,0.0,0.0,0.0,1.0,36.5
401524028,2023,6,2023-10-07 19:00:00+00:00,UCLA,Washington State,1,-0.25,0.75,-13.75,14.5,-1.1529820497973358,2.0126831288502354,3.0833333333333286,1.166666666666666,4.25,20.41666666666663,16.499999999999943,-0.0833333333333333,0.33333333333333337,4.222222222222222
401524043,2023,9,2023-10-28 23:30:00+00:00,UCLA,Colorado,1,0.1428571428571429,17.857142857142854,-3.142857142857146,20.999999999999996,-0.09741544823511994,2.3826853093277154,-3.5238095238095255,-1.6666666666666607,-5.190476190476189,-20.19047619047626,6.619047619047649,0.1904761904761904,0.46111111111111125,6.830555555555551
401524055,2023,11,2023-11-12 02:00:00+00:00,UCLA,Arizona State,0,0.4444444444444444,24.111111111111107,10.777777777777782,13.333333333333336,1.4341912824399774,1.6759336177925457,-0.11111111111111427,2.333333333333332,2.2222222222222228,-4.2222222222222285,54.111111111111114,-0.1111111111111111,-0.007291666666666696,-2.6264880952380967
401524066,2023,13,2023-11-26 03:30:00+00:00,UCLA,California,0,0.18181818181818188,14.272727272727273,-4.0,18.272727272727273,0.8226656475037206,0.13986752277745396,-7.0,-0.606060606060602,-7.606060606060607,-66.84848484848487,-67.9090909090909,-0.5151515151515151,0.00022366522366534802,-8.076341991341991
401520174,2023,1,2023-08-31 23:30:00+00:00,UConn,NC State,0,,,,,,,,,,,,,,
401520246,2023,3,2023-09-16 19:30:00+00:00,UConn,Florida International,0,-0.6666666666666666,-16.833333333333332,-11.666666666666668,-5.166666666666671,-1.8297448165869223,-0.9674748669426383,0.0,-0.0,0.0,0.0,0.0,0.0,1.0,44.0
401520272,2023,4,2023-09-23 19:30:00+00:00,UConn,Duke,0,-1.0,-39.333333333333336,-21.0,-18.333333333333336,-2.9359183673469396,-2.3819811743612735,0.0,-0.0,0.0,0.0,0.0,0.0,0.08333333333333326,-1.833333333333333
401520292,2023,5,2023-09-30 16:00:00+00:00,UConn,Utah State,0,-0.25,-21.75,-24.75,3.0,-1.3712301587301594,-1.7890873501345728,-8.249999999999991,1.0,-7.250000000000002,-29.41666666666663,-0.08333333333337123,-0.0833333333333333,0.2222222222222222,2.6111111111111107
401520344,2023,8,2023-10-21 19:30:00+00:00,UConn,South Florida,0,-0.26190476190476186,-3.428571428571429,-8.071428571428573,4.642857142857146,-0.9173728813559316,-0.27491192172187295,3.071428571428573,7.357142857142854,10.428571428571427,11.357142857142833,-25.64285714285717,0.2619047619047618,0.18666666666666665,4.128888888888889
401520421,2023,12,2023-11-18 17:00:00+00:00,UConn,Sacred Heart,1,-0.1,-7.300000000000001,2.299999999999999,-9.600000000000001,1.0108369617803579,-0.03410410326849922,-11.299999999999999,-7.400000000000006,-18.699999999999996,-52.833333333333314,11.900000000000006,-0.2333333333333333,0.3775132275132275,11.669708994708994
401520175,2023,1,2023-09-02 23:00:00+00:00,UL Monroe,Army,1,,,,,,,,,,,,,,
401531843,2023,2,2023-09-10 00:00:00+00:00,UL Monroe,Lamar,1,1.0,29.0,0.0,29.0,-2.022849462365591,4.178427419354839,0.0,-0.0,0.0,0.0,0.0,0.0,,
401531882,2023,5,2023-10-01 00:00:00+00:00,UL Monroe,App State,0,0.16666666666666663,-16.75,-20.583333333333336,3.833333333333332,-3.0094537815126055,1.5998726722903074,3.25,1.5,4.75,-16.166666666666686,2.0833333333333712,0.1666666666666666,-0.30555555555555547,-2.361111111111111
401531885,2023,6,2023-10-07 23:00:00+00:00,UL Monroe,South Alabama,0,0.09999999999999998,-10.15,-6.600000000000001,-3.5500000000000007,-2.0056357388316153,1.397374555269292,0.26666666666666217,-6.449999999999999,-6.183333333333334,19.916666666666686,11.949999999999989,-0.09999999999999991,-0.24999999999999994,6.354166666666667
401531901,2023,9,2023-10-28 21:00:00+00:00,UL Monroe,Arkansas State,0,-0.1428571428571428,0.8571428571428559,-1.5714285714285694,2.4285714285714306,-1.45827583513422,0.5774058577405858,-4.095238095238102,-9.761904761904763,-13.857142857142858,-45.19047619047632,-13.809523809523853,-0.1904761904761906,0.016666666666666607,2.3083333333333336
401531915,2023,11,2023-11-11 19:00:00+00:00,UL Monroe,Troy,0,-0.5555555555555556,-24.11111111111111,-8.333333333333332,-15.777777777777779,-2.4681514178705193,0.0879411521613358,2.0,-8.555555555555554,-6.555555555555552,54.44444444444446,85.3333333333333,-0.4444444444444444,-0.32425595238095234,-13.70580357142857
401532572,2023,1,2023-09-02 20:00:00+00:00,UNLV,Bryant,1,,,,,,,,,,,,,,
401520247,2023,3,2023-09-16 23:00:00+00:00,UNLV,Vanderbilt,1,-0.16666666666666663,-7.333333333333334,-8.5,1.1666666666666679,-2.3,0.3123742454728369,0.0,-0.0,0.0,0.0,0.0,0.0,0.0,7.0
401532586,2023,5,2023-09-30 20:00:00+00:00,UNLV,Hawai'i,1,0.35,15.7,11.399999999999999,4.299999999999997,0.16427432216905924,2.3971673352151734,-1.0666666666666593,-6.966666666666665,-8.033333333333331,20.716666666666644,75.4666666666667,-0.3499999999999999,-0.02777777777777779,-9.805555555555555
401532599,2023,8,2023-10-21 23:00:00+00:00,UNLV,Colorado State,1,0.33333333333333337,14.666666666666666,6.5,8.166666666666671,-0.24259719331229412,2.498517230800695,6.166666666666657,-1.833333333333343,4.333333333333335,60.833333333333314,4.166666666666629,0.0,-0.03333333333333349,2.803333333333333
401532618,2023,11,2023-11-11 03:45:00+00:00,UNLV,Wyoming,1,0.11111111111111116,12.444444444444443,12.777777777777768,-0.33333333333333215,1.8870590895387398,0.46420125786163524,2.8888888888889035,4.666666666666664,7.555555555555559,65.5555555555556,67.88888888888883,0.2222222222222222,-0.11517857142857135,0.7604166666666672
401532628,2023,13,2023-11-25 20:00:00+00:00,UNLV,San José State,0,0.2727272727272728,3.6363636363636367,2.9090909090909065,0.7272727272727337,1.1833816225165554,-0.9355787384421745,3.757575757575765,-8.727272727272727,-4.969696969696965,-27.969696969697054,66.06060606060609,-0.2727272727272729,-0.022614638447971847,-5.873664021164021
401539482,2023,14,2023-12-02 20:00:00+00:00,UNLV,Boise State,0,0.16666666666666663,3.166666666666666,3.5,-0.3333333333333286,0.3836768090922167,-0.6438585478133501,-9.5,-11.333333333333337,-20.833333333333336,-8.916666666666686,68.16666666666669,-0.4999999999999999,-0.08536009445100357,-7.8161452184179465
401523986,2023,1,2023-08-27 00:00:00+00:00,USC,San José State,1,,,,,,,,,,,,,,
401523996,2023,1,2023-09-02 22:30:00+00:00,USC,Nevada,1,,,,,,,,,,,,,,
401524003,2023,2,2023-09-10 02:30:00+00:00,USC,Stanford,1,0.0,27.0,24.0,3.0,4.6183574879227045,2.2973856209150325,0.0,-0.0,0.0,0.0,0.0,0.0,,
401524025,2023,6,2023-10-08 02:30:00+00:00,USC,Arizona,1,0.4,20.799999999999997,26.0,-5.199999999999999,3.001567398119122,1.2403250773993806,-2.6666666666666714,-0.8000000000000007,-3.46666666666667,-2.533333333333303,18.533333333333417,-0.0666666666666666,0.02777777777777768,-13.57638888888889
401524037,2023,8,2023-10-22 00:00:00+00:00,USC,Utah,0,0.023809523809523725,7.785714285714285,25.619047619047617,-17.833333333333336,3.382773109243698,1.4438597791447418,-6.9523809523809454,-11.500000000000002,-18.45238095238095,-68.54761904761902,-38.357142857142804,-0.023809523809523697,0.029523809523809508,-6.689523809523809
401524048,2023,10,2023-11-04 23:30:00+00:00,USC,Washington,0,-0.2222222222222222,-6.416666666666666,5.513888888888886,-11.930555555555557,-0.8227710261652099,0.9103569158464468,-2.5138888888888857,-7.4027777777777715,-9.916666666666668,31.361111111111086,25.33333333333337,-0.4444444444444445,-0.029931972789115524,-10.077891156462586
401524062,2023,12,2023-11-18 20:30:00+00:00,USC,UCLA,0,0.036363636363636376,-0.8181818181818183,17.41818181818182,-18.236363636363635,1.7882401315789478,0.24030848719702114,7.248484848484837,-7.430303030303023,-0.18181818181818166,65.9818181818182,51.68181818181819,-0.036363636363636376,-0.004100529100529049,2.8920634920634942
401520177,2023,1,2023-09-03 01:00:00+00:00,UTEP,Incarnate Word,1,,,,,,,,,,,,,,
401520273,2023,4,2023-09-24 01:00:00+00:00,UTEP,UNLV,0,-0.41666666666666663,-11.916666666666666,-15.583333333333329,3.666666666666668,0.9249113760876568,0.034749034749035346,0.25,-2.666666666666668,-2.416666666666666,-1.5,-2.6666666666666856,0.0833333333333333,-0.5833333333333333,-19.166666666666668
401520278,2023,5,2023-09-30 01:00:00+00:00,UTEP,Louisiana Tech,0,-0.2,-10.4,-10.200000000000003,-0.1999999999999993,0.19117259552042132,-0.8754268452850011,-8.799999999999997,-8.133333333333333,-16.933333333333334,-51.666666666666686,68.13333333333338,-0.1333333333333333,0.2777777777777777,15.333333333333336
401520332,2023,8,2023-10-19 01:00:00+00:00,UTEP,New Mexico State,0,-0.2857142857142857,-15.285714285714285,-12.285714285714285,-3.0,-2.1618375905451783,-2.0058136809039326,7.9523809523809526,-8.0,-0.04761904761904834,31.142857142857224,17.85714285714289,-0.0476190476190476,-0.0566666666666667,2.0466666666666664
401520378,2023,10,2023-11-05 01:00:00+00:00,UTEP,Western Kentucky,0,-0.16666666666666669,-8.930555555555555,-11.208333333333332,2.2777777777777786,0.8613832324344157,-0.05371803893971361,7.875,2.388888888888893,10.26388888888889,8.708333333333375,16.305555555555515,0.4999999999999999,-0.30850340136054416,-16.654421768707483
401520444,2023,13,2023-11-25 20:30:00+00:00,UTEP,Liberty,0,-0.7272727272727273,-26.909090909090907,-20.727272727272723,-6.1818181818181905,-2.0786320793602835,-1.787549349809293,-0.27272727272726627,-1.818181818181813,-2.0909090909090917,11.909090909090878,13.969696969696912,0.0606060606060606,-0.019814814814814896,0.21195767195767168
401531395,2023,2,2023-09-09 19:30:00+00:00,UTSA,Texas State,1,-1.0,-14.0,-28.0,14.0,-4.127777777777778,2.2761904761904765,0.0,-0.0,0.0,0.0,0.0,0.0,,
401531396,2023,3,2023-09-15 23:00:00+00:00,UTSA,Army,0,0.0,-24.5,-18.0,-6.5,-7.061561561561565,-0.8231243204059444,0.0,-0.0,0.0,0.0,0.0,0.0,,
401531381,2023,7,2023-10-15 00:00:00+00:00,UTSA,UAB,1,0.06666666666666671,0.0,-6.633333333333329,6.633333333333336,-0.6337815126050419,-0.355778264954588,3.9666666666666615,-5.633333333333336,-1.666666666666667,-9.100000000000023,37.633333333333326,-0.0666666666666667,-0.1283333333333334,-7.491666666666665
401531398,2023,9,2023-10-28 19:30:00+00:00,UTSA,East Carolina,1,0.4285714285714286,10.571428571428571,11.571428571428573,-1.0,2.191964209483803,0.6618998978549544,19.095238095238095,1.3333333333333393,20.42857142857143,41.047619047619094,5.571428571428585,0.5714285714285714,0.050000000000000044,4.183333333333333
401531400,2023,11,2023-11-12 00:30:00+00:00,UTSA,Rice,1,0.2222222222222222,1.1111111111111116,-1.7777777777777786,2.8888888888888893,-0.9048196043203047,0.7840983606557379,6.111111111111114,0.44444444444443887,6.5555555555555545,72.33333333333331,75.0,0.4444444444444444,0.028422619047619002,6.830208333333333
401531401,2023,12,2023-11-18 02:00:00+00:00,UTSA,South Florida,1,0.19999999999999996,12.4,1.3999999999999986,11.0,-0.435522664199814,0.21371833167385734,2.266666666666673,7.327471962526033e-15,2.2666666666666666,-14.300000000000011,-28.399999999999977,0.1333333333333334,0.0013668430335097015,2.7212522045855376
401520176,2023,1,2023-09-01 00:00:00+00:00,Utah,Florida,1,,,,,,,,,,,,,,
401524012,2023,3,2023-09-16 18:00:00+00:00,Utah,Weber State,1,0.0,-7.0,-12.0,5.0,-1.2928127772848272,-0.6342494714587739,0.0,-0.0,0.0,0.0,0.0,0.0,0.0,10.0
401524017,2023,4,2023-09-23 19:30:00+00:00,Utah,UCLA,1,0.0,-15.666666666666663,-15.333333333333336,-0.3333333333333339,-2.9666666666666677,-3.099281701159235,0.0,-0.0,0.0,0.0,0.0,0.0,-0.5,-7.75
401524033,2023,7,2023-10-14 19:00:00+00:00,Utah,California,1,0.30000000000000004,5.566666666666667,-13.3,18.866666666666667,0.3159922147433294,-1.6813772398911713,-1.3666666666666671,13.466666666666667,12.100000000000001,-8.933333333333337,-20.799999999999983,0.033333333333333215,-0.12249999999999994,-8.052499999999998
401524044,2023,9,2023-10-28 19:30:00+00:00,Utah,Oregon,0,0.0,-21.57142857142857,-23.571428571428573,2.0,-2.078930138946143,-2.663347083906274,10.904761904761918,-2.3333333333333286,8.571428571428571,53.66666666666663,23.095238095238187,0.0,0.1428571428571428,8.003174603174603
401524049,2023,10,2023-11-04 18:00:00+00:00,Utah,Arizona State,1,0.5,10.625,1.625,9.0,-0.09101671070239803,0.5469735720375102,0.04166666666666785,-13.0,-12.958333333333332,6.208333333333314,-6.62499999999997,-0.1666666666666666,-0.1010204081632653,2.600340136054422
401524067,2023,13,2023-11-25 20:00:00+00:00,Utah,Colorado,1,0.27272727272727276,11.363636363636365,-4.545454545454543,15.909090909090907,-0.7228490212167387,1.978044282805517,16.87878787878788,-3.909090909090917,12.969696969696967,177.1818181818182,142.84848484848487,0.06060606060606061,0.19833333333333342,6.418214285714286
401532579,2023,2,2023-09-10 00:00:00+00:00,Utah State,Idaho State,1,0.0,-2.0,-14.0,12.0,-0.6736111111111107,3.5392156862745097,0.0,-0.0,0.0,0.0,0.0,0.0,,
401531872,2023,4,2023-09-24 00:00:00+00:00,Utah State,James Madison,0,-0.6666666666666667,-5.333333333333333,7.666666666666657,-12.999999999999996,-1.2996044825313113,1.5000963948332364,0.0,-0.0,0.0,0.0,0.0,0.0,0.25,28.0
401532590,2023,6,2023-10-08 00:00:00+00:00,Utah State,Colorado State,1,-0.09999999999999998,4.45,4.25,0.20000000000000284,-1.4863810741687997,2.2094307561597275,-8.916666666666664,-10.533333333333335,-19.45,-54.26666666666671,22.53333333333336,-0.23333333333333328,-0.02777777777777779,10.347222222222221
401532594,2023,7,2023-10-14 00:00:00+00:00,Utah State,Fresno State,0,-0.33333333333333337,-9.333333333333334,4.666666666666657,-13.999999999999996,1.0100929463420192,1.30313488639632,1.0,-5.66666666666667,-4.666666666666667,47.83333333333337,65.33333333333337,0.3333333333333333,0.1733333333333334,14.986666666666665
401532615,2023,11,2023-11-11 20:00:00+00:00,Utah State,Nevada,1,0.2222222222222222,16.444444444444443,17.33333333333333,-0.8888888888888857,1.977025452923245,1.0197484069435285,-7.0,-16.44444444444445,-23.444444444444443,5.0,29.555555555555486,-0.5555555555555556,-0.2280809082892416,-8.453604497354497
401532619,2023,12,2023-11-19 00:00:00+00:00,Utah State,Boise State,0,0.0,-0.2999999999999998,4.300000000000001,-4.600000000000001,-0.2765804666481566,-0.3090005014206918,-7.633333333333336,-6.06666666666667,-13.700000000000003,-101.33333333333337,-101.26666666666668,0.0,-0.17292768959435634,-9.908553791887126
401520147,2023,1,2023-08-26 23:30:00+00:00,Vanderbilt,Hawai'i,1,,,,,,,,,,,,,,
401520178,2023,1,2023-09-02 23:00:00+00:00,Vanderbilt,Alabama A&M,1,,,,,,,,,,,,,,
401520274,2023,4,2023-09-23 16:00:00+00:00,Vanderbilt,Kentucky,0,-0.5,-18.83333333333333,-0.9166666666666643,-17.916666666666664,-0.5693430656934311,-1.9585991244527827,-0.0833333333333357,-0.4166666666666678,-0.5,34.416666666666686,10.25,-0.1666666666666666,0.5,37.0
401520293,2023,5,2023-09-30 20:00:00+00:00,Vanderbilt,Missouri,0,-0.6,-8.75,2.8999999999999986,-11.649999999999999,-3.09946677604594,-0.3666666666666667,-3.56666666666667,-4.3500000000000085,-7.916666666666667,6.449999999999989,-1.783333333333303,-0.4,0.16666666666666674,10.222222222222218
401520327,2023,7,2023-10-14 16:00:00+00:00,Vanderbilt,Georgia,0,-0.7142857142857143,-32.80952380952381,-11.8095238095238,-21.0,-1.7355910126994463,-1.1694185211773154,-9.523809523809536,-1.3333333333333357,-10.857142857142847,-78.83333333333326,-50.09523809523813,-0.2857142857142857,0.30333333333333334,10.109999999999996
401520379,2023,10,2023-11-04 20:00:00+00:00,Vanderbilt,Auburn,0,-0.2777777777777778,-13.027777777777779,-1.3055555555555571,-11.722222222222221,0.5839277557187534,-1.3123097991479002,-7.027777777777777,5.388888888888889,-1.6388888888888822,-53.68055555555554,-71.23611111111114,-0.05555555555555561,0.13375850340136053,1.434566326530609
401525498,2023,2,2023-09-09 16:00:00+00:00,Virginia,James Madison,0,-1.0,-71.0,-25.0,-46.0,-2.875,-3.9908536585365857,0.0,-0.0,0.0,0.0,0.0,0.0,,
401525505,2023,4,2023-09-22 23:30:00+00:00,Virginia,NC State,0,-0.6666666666666666,-30.666666666666668,-10.333333333333332,-20.333333333333336,1.9763620945516216,-2.412514757969303,0.0,-0.0,0.0,0.0,0.0,0.0,0.25,7.75
401525522,2023,6,2023-10-07 16:00:00+00:00,Virginia,William & Mary,1,-0.8,-24.6,0.1999999999999993,-24.8,1.9216320832540141,-3.3168663594470043,3.1333333333333364,1.8000000000000007,4.933333333333332,52.80000000000001,42.79999999999998,0.1333333333333334,0.6041666666666666,41.72916666666667
401525542,2023,10,2023-11-04 18:00:00+00:00,Virginia,Georgia Tech,0,-0.25,-7.0,-7.875,0.875,-0.3720647773279344,-2.4331485179441983,5.208333333333332,9.458333333333336,14.666666666666666,72.33333333333331,37.208333333333314,0.24999999999999997,0.11768707482993213,6.635374149659862
401525555,2023,12,2023-11-18 20:00:00+00:00,Virginia,Duke,1,-0.39999999999999997,-17.9,-4.400000000000002,-13.499999999999996,1.095190763819864,-1.963541666666667,3.7333333333333307,8.833333333333325,12.566666666666666,79.86666666666662,32.10000000000002,0.0666666666666666,0.07980599647266318,4.35546737213404
401525564,2023,13,2023-11-25 20:30:00+00:00,Virginia,Virginia Tech,0,-0.18181818181818177,-9.272727272727273,-2.363636363636367,-6.9090909090909065,0.6206744544853429,-1.2741918903483724,-0.30303030303029377,2.9090909090908994,2.6060606060606064,47.636363636363626,52.393939393939434,0.1818181818181817,0.07567460317460317,4.77047619047619
401525467,2023,1,2023-09-03 00:00:00+00:00,Virginia Tech,Old Dominion,1,,,,,,,,,,,,,,
401520215,2023,2,2023-09-09 16:00:00+00:00,Virginia Tech,Purdue,0,1.0,23.0,1.0,22.0,0.16666666666666607,-1.0984496124031002,0.0,-0.0,0.0,0.0,0.0,0.0,,
401525516,2023,5,2023-10-01 00:00:00+00:00,Virginia Tech,Pittsburgh,1,0.0,-4.5,-2.5,-2.0,0.22303325223033266,-0.7034393251135622,2.166666666666668,2.6666666666666607,4.833333333333334,44.75,17.916666666666657,0.0,-0.16666666666666674,-14.55555555555556
401525527,2023,7,2023-10-14 19:30:00+00:00,Virginia Tech,Wake Forest,1,-0.26666666666666666,-7.166666666666666,-2.1000000000000014,-5.066666666666666,-0.8343399482312339,-0.039514107850270985,7.766666666666673,0.7333333333333345,8.499999999999998,62.66666666666663,-15.299999999999983,0.2666666666666666,0.04166666666666663,2.708333333333333
401525533,2023,9,2023-10-26 23:30:00+00:00,Virginia Tech,Syracuse,1,-0.1428571428571429,-6.857142857142857,-4.285714285714288,-2.571428571428573,-0.33611232996928475,-0.6422433288104932,24.619047619047617,15.571428571428578,40.19047619047618,184.80952380952374,80.42857142857142,0.8095238095238095,-0.13611111111111096,-5.430555555555554
401525559,2023,12,2023-11-18 20:30:00+00:00,Virginia Tech,NC State,0,-0.19999999999999996,-3.3000000000000003,1.1999999999999993,-4.5,1.11942582337511,0.30642338881775366,5.13333333333334,-7.833333333333334,-2.6999999999999993,97.79999999999995,23.6,-0.1333333333333334,-0.011419753086419737,-2.4727954144620803
401525461,2023,1,2023-08-31 23:00:00+00:00,Wake Forest,Elon,1,,,,,,,,,,,,,,
401520216,2023,2,2023-09-09 15:00:00+00:00,Wake Forest,Vanderbilt,1,0.0,-0.5,-4.0,3.5,2.704371584699455,-1.4333333333333336,0.0,-0.0,0.0,0.0,0.0,0.0,,
401525508,2023,4,2023-09-23 22:30:00+00:00,Wake Forest,Georgia Tech,0,0.6666666666666667,11.333333333333334,-1.6666666666666643,13.000000000000007,0.017754868270332125,-1.3361581920903958,0.0,-0.0,0.0,0.0,0.0,0.0,0.25,-0.75
401525532,2023,8,2023-10-21 19:30:00+00:00,Wake Forest,Pittsburgh,1,0.16666666666666669,-0.16666666666666663,-2.3333333333333286,2.166666666666668,0.08764080596541302,-0.027543424317617582,-11.666666666666673,5.5,-6.166666666666666,-56.16666666666663,-67.6666666666666,-0.5,-0.19666666666666666,-12.286666666666669
401525536,2023,9,2023-10-28 16:00:00+00:00,Wake Forest,Florida State,0,-0.4285714285714286,-22.0,-18.428571428571427,-3.5714285714285694,-1.258490566037736,-1.8412572595765435,-5.571428571428575,-4.428571428571425,-10.0,-112.04761904761898,-35.285714285714306,-0.238095238095238,-0.16111111111111098,-9.088888888888889
401525551,2023,11,2023-11-11 19:00:00+00:00,Wake Forest,NC State,0,-0.2222222222222222,-6.111111111111111,-2.555555555555557,-3.5555555555555536,1.2917924181082077,-0.46804343197785725,6.22222222222222,-8.111111111111109,-1.8888888888888893,34.4444444444444,-9.666666666666693,-0.1111111111111111,-0.11205357142857153,-5.034226190476192
401523997,2023,1,2023-09-02 19:30:00+00:00,Washington,Boise State,1,,,,,,,,,,,,,,
401524004,2023,2,2023-09-09 21:00:00+00:00,Washington,Tulsa,1,0.0,2.0,14.0,-12.0,-1.1833333333333336,-1.2008592910848552,0.0,-0.0,0.0,0.0,0.0,0.0,,
401524018,2023,4,2023-09-24 02:30:00+00:00,Washington,California,1,0.33333333333333337,19.0,13.666666666666657,5.333333333333332,6.388267703775726,-0.33287964223216004,0.0,-0.0,0.0,0.0,0.0,0.0,0.0,-4.25
401524034,2023,7,2023-10-14 19:30:00+00:00,Washington,Oregon,1,0.0,-12.199999999999996,-5.600000000000001,-6.599999999999998,2.581071187204328,-2.3251313903487816,2.933333333333323,-7.066666666666669,-4.133333333333336,31.066666666666606,9.200000000000045,0.0,0.4583333333333333,23.729166666666668
401524038,2023,8,2023-10-22 02:30:00+00:00,Washington,Arizona State,1,0.8333333333333334,33.166666666666664,25.666666666666668,7.5,4.2573772661108915,1.9531531531531536,-7.9999999999999964,-6.166666666666668,-14.166666666666664,-120.49999999999994,-130.16666666666669,0.1666666666666666,0.06333333333333324,13.593333333333334
401524056,2023,11,2023-11-11 20:30:00+00:00,Washington,Utah,1,0.2222222222222222,9.555555555555557,16.666666666666657,-7.111111111111111,3.6182242804633695,0.4245166864672205,-11.99999999999999,3.1111111111111107,-8.888888888888891,-129.0,-102.99999999999997,0.1111111111111111,0.054067460317460236,2.279315476190476
401524068,2023,13,2023-11-25 21:00:00+00:00,Washington,Washington State,1,0.5454545454545455,11.909090909090908,6.63636363636364,5.27272727272727,1.5587733434448765,1.6564313819264793,-4.3030303030303045,-13.27272727272727,-17.575757575757578,-17.36363636363637,-84.66666666666667,0.1212121212121211,0.20150793650793652,9.445158730158731
401539475,2023,14,2023-12-02 01:00:00+00:00,Washington,Oregon,1,0.08333333333333337,-14.333333333333329,-7.25,-7.083333333333334,-0.29001604344069776,-1.3117998148798309,-4.416666666666657,-0.25,-4.666666666666671,-126.99999999999994,-175.41666666666669,-0.0833333333333333,0.13361209497573134,8.723324150596877
401520217,2023,2,2023-09-09 23:30:00+00:00,Washington State,Wisconsin,1,0.0,5.0,12.0,-7.0,3.2232258064516133,-5.417567567567567,0.0,-0.0,0.0,0.0,0.0,0.0,,
401524013,2023,3,2023-09-16 21:00:00+00:00,Washington State,Northern Colorado,1,1.0,45.0,31.5,13.5,4.206845238095237,-0.3306505700871898,0.0,-0.0,0.0,0.0,0.0,0.0,1.0,35.0
401524019,2023,4,2023-09-23 23:00:00+00:00,Washington State,Oregon State,1,0.0,-4.0,7.333333333333336,-11.333333333333329,0.9490632318501167,-2.4388030194104964,0.0,-0.0,0.0,0.0,0.0,0.0,-0.05555555555555547,-5.472222222222222
401524030,2023,7,2023-10-14 23:00:00+00:00,Washington State,Arizona,0,0.30000000000000004,7.766666666666667,10.166666666666671,-2.3999999999999986,1.2332110849343048,-1.629725085910653,0.8333333333333179,6.733333333333327,7.566666666666666,59.80000000000001,36.89999999999998,0.033333333333333215,-0.04583333333333328,-5.505000000000003
401524050,2023,10,2023-11-05 01:00:00+00:00,Washington State,Stanford,0,0.25,16.0,9.375,6.625,1.3984738665589722,-0.3170082512643062,-19.041666666666668,-4.291666666666664,-23.333333333333336,-115.70833333333337,-122.58333333333337,-0.5833333333333333,-0.14625850340136048,-7.413903061224488
401524057,2023,12,2023-11-18 03:30:00+00:00,Washington State,Colorado,1,0.0,3.6,-0.3999999999999986,4.0,0.39580088158287197,0.65581560283688,2.733333333333327,-4.666666666666671,-1.9333333333333345,67.5,41.13333333333338,0.0,0.030952380952380953,-1.1989417989417976
401525833,2023,2,2023-09-09 22:00:00+00:00,West Virginia,Duquesne,1,,,,,,,,,,,,,,
401525503,2023,3,2023-09-16 23:30:00+00:00,West Virginia,Pittsburgh,1,0.0,-8.0,2.5,-10.5,1.006620762711865,1.0021257212268448,0.0,-0.0,0.0,0.0,0.0,0.0,,
401525850,2023,4,2023-09-23 19:30:00+00:00,West Virginia,Texas Tech,1,0.3333333333333333,-0.3333333333333339,-5.333333333333336,5.0,0.7646489104116228,-0.3994505494505498,0.0,-0.0,0.0,0.0,0.0,0.0,-0.5,-30.75
401525872,2023,8,2023-10-21 19:30:00+00:00,West Virginia,Oklahoma State,0,0.0,4.5,2.5,2.0,1.6542218543046356,-0.4131402045572745,-6.5,2.0,-4.5,-67.16666666666663,-24.666666666666686,0.0,-0.18750000000000006,2.8000000000000016
401525885,2023,10,2023-11-04 23:00:00+00:00,West Virginia,BYU,1,0.0,5.0,5.875,-0.875,1.16856570804514,1.603232648284941,17.458333333333336,-7.125,10.333333333333332,119.29166666666663,130.95833333333334,0.0,-0.09914965986394564,-4.666439909297052
401525899,2023,12,2023-11-18 19:30:00+00:00,West Virginia,Cincinnati,1,0.3,4.2,5.100000000000001,-0.9000000000000021,0.14612181416817194,-0.29919078370405927,6.566666666666663,-1.4333333333333265,5.133333333333333,40.73333333333329,8.23333333333338,0.0333333333333333,-0.06394951499118173,0.20677910052910065
401520181,2023,1,2023-09-02 19:30:00+00:00,Western Kentucky,South Florida,1,,,,,,,,,,,,,,
401520218,2023,2,2023-09-09 23:00:00+00:00,Western Kentucky,Houston Christian,1,0.0,-49.0,-25.0,-24.0,-4.88,-1.3055900621118015,0.0,-0.0,0.0,0.0,0.0,0.0,,
401520277,2023,5,2023-09-28 23:30:00+00:00,Western Kentucky,Middle Tennessee,1,0.25,7.75,10.75,-3.0,0.5036092199163322,-0.5842484557309535,-7.75,-11.666666666666668,-19.416666666666664,-81.66666666666669,-49.66666666666663,-0.2499999999999999,0.2777777777777778,30.05555555555556
401520346,2023,9,2023-10-24 23:30:00+00:00,Western Kentucky,Liberty,0,-0.4285714285714286,-14.285714285714288,-6.285714285714285,-8.0,-3.064151752223771,-1.618458417849899,2.619047619047624,10.0,12.61904761904762,37.80952380952374,20.857142857142833,0.0952380952380952,0.23809523809523808,15.672619047619044
401520399,2023,11,2023-11-11 20:30:00+00:00,Western Kentucky,New Mexico State,0,-0.14444444444444438,-6.5777777777777775,1.0888888888888886,-7.666666666666668,-2.2717209250734856,-1.5862573099415203,-1.4222222222222278,-4.666666666666666,-6.088888888888889,21.37777777777785,21.944444444444457,-0.5222222222222221,0.23377976190476196,16.42073412698413
401520423,2023,12,2023-11-18 20:30:00+00:00,Western Kentucky,Sam Houston,1,0.3,7.4,9.5,-2.099999999999998,0.5590402524761542,1.595781634616586,-16.500000000000007,-0.5666666666666735,-17.066666666666666,-49.39999999999998,-51.26666666666665,-0.6333333333333332,0.12248677248677242,6.197001763668432
401532393,2023,1,2023-08-31 23:00:00+00:00,Western Michigan,Saint Francis,1,,,,,,,,,,,,,,
401532409,2023,5,2023-09-30 19:30:00+00:00,Western Michigan,Ball State,1,0.0,-0.25,4.5,-4.75,0.2194444444444441,0.8453628401626512,-5.5,-10.583333333333332,-16.083333333333336,-44.833333333333314,18.416666666666657,-0.3333333333333333,0.33333333333333337,25.77777777777778
401532423,2023,7,2023-10-14 19:30:00+00:00,Western Michigan,Miami (OH),0,-0.5,-23.5,-5.666666666666668,-17.83333333333333,-3.364572486405181,-0.8061703554661301,1.9999999999999964,-12.500000000000004,-10.500000000000004,-12.333333333333314,68.66666666666674,-0.1666666666666666,0.23333333333333334,27.486666666666668
401532438,2023,11,2023-11-08 00:00:00+00:00,Western Michigan,Central Michigan,1,-0.22222222222222227,-0.33333333333333304,2.5555555555555536,-2.8888888888888893,-0.15086287625418038,-0.019999999999999574,1.4444444444444464,-0.44444444444444287,0.9999999999999982,-11.5555555555556,15.333333333333343,-0.111111111111111,0.1485119047619048,7.755357142857141
401532450,2023,13,2023-11-22 00:00:00+00:00,Western Michigan,Bowling Green,0,-0.18181818181818182,-7.545454545454546,-0.7272727272727302,-6.81818181818182,-0.30260267027209764,-0.24414804133621715,-6.272727272727266,6.4848484848484915,0.21212121212121104,-65.66666666666669,-66.24242424242422,0.18181818181818177,0.05325396825396822,5.2240873015873
401520180,2023,1,2023-09-02 19:30:00+00:00,Wisconsin,Buffalo,1,,,,,,,,,,,,,,
401520249,2023,3,2023-09-16 16:00:00+00:00,Wisconsin,Georgia Southern,1,-0.5,-18.0,-11.5,-6.5,-0.4479833546734957,0.47973470891672854,0.0,-0.0,0.0,0.0,0.0,0.0,0.0,-3.0
401520311,2023,6,2023-10-07 16:00:00+00:00,Wisconsin,Rutgers,1,-0.050000000000000044,-4.5,2.4499999999999993,-6.949999999999999,-0.053846153846153655,0.6141463414634147,-2.11666666666666,2.9499999999999993,0.8333333333333339,-10.566666666666665,31.78333333333333,0.050000000000000086,0.02777777777777779,9.166666666666668
401520328,2023,7,2023-10-14 20:00:00+00:00,Wisconsin,Iowa,0,-0.033333333333333326,7.5,9.56666666666667,-2.0666666666666664,1.1737003318301706,1.3752046273054672,7.433333333333332,7.73333333333333,15.166666666666668,38.23333333333329,5.2333333333333485,0.3666666666666666,0.10333333333333339,8.07
401520360,2023,9,2023-10-28 23:30:00+00:00,Wisconsin,Ohio State,0,-0.2857142857142857,-15.142857142857144,-6.857142857142858,-8.285714285714285,-3.3437761069339995,1.027963027963028,-7.476190476190478,3.9523809523809526,-3.5238095238095237,-19.80952380952391,-20.714285714285722,-0.0476190476190476,-0.15634920634920624,-16.251190476190473
401520398,2023,11,2023-11-11 20:30:00+00:00,Wisconsin,Northwestern,0,0.11111111111111116,8.555555555555555,3.44444444444445,5.111111111111111,-0.7638655273722215,1.8837687469762945,-3.444444444444448,-8.777777777777779,-12.222222222222225,-20.000000000000057,21.7777777777778,-0.1111111111111111,0.02261904761904765,-1.859375
401520422,2023,12,2023-11-19 00:30:00+00:00,Wisconsin,Nebraska,1,0.0,1.9000000000000001,3.3000000000000007,-1.4000000000000021,-0.34156872151595064,0.056022408963585235,-11.299999999999994,-5.6,-16.9,-19.46666666666664,18.066666666666677,-0.33333333333333337,0.12204585537918866,7.019179894179894
401525825,2023,1,2023-09-02 23:30:00+00:00,Wyoming,Texas Tech,1,,,,,,,,,,,,,,
401532580,2023,2,2023-09-09 20:00:00+00:00,Wyoming,Portland State,1,1.0,76.0,28.0,48.0,1.782352941176471,-0.1136363636363642,0.0,-0.0,0.0,0.0,0.0,0.0,,
401531870,2023,4,2023-09-23 23:00:00+00:00,Wyoming,App State,1,0.0,-11.666666666666666,-15.333333333333329,3.666666666666668,-1.7171474358974361,-0.3369166718449019,0.0,-0.0,0.0,0.0,0.0,0.0,0.0,-23.5
401532588,2023,5,2023-09-30 20:00:00+00:00,Wyoming,New Mexico,1,0.25,0.25,-4.75,5.0,-2.7197063688999163,-0.358499804151978,-9.916666666666664,-4.666666666666661,-14.583333333333334,-61.666666666666686,-34.66666666666663,-0.2499999999999999,0.36111111111111105,-0.5277777777777732
401532591,2023,6,2023-10-08 00:00:00+00:00,Wyoming,Fresno State,1,-0.19999999999999996,-18.0,-9.799999999999997,-8.2,-1.556665823425246,1.4139904719470815,-4.20000000000001,-10.799999999999997,-15.0,-13.466666666666638,-23.73333333333335,-0.1333333333333334,0.33333333333333337,5.541666666666664
401532609,2023,10,2023-11-04 00:00:00+00:00,Wyoming,Colorado State,1,0.25,2.875,-3.875,6.75,-1.1007282961931297,1.3738418444300793,0.875,-6.75,-5.875,-8.291666666666686,48.95833333333334,-0.2500000000000001,0.03979591836734697,-1.6914965986394566
401532620,2023,12,2023-11-18 19:00:00+00:00,Wyoming,Hawai'i,1,0.2363636363636364,6.990909090909092,0.8999999999999986,6.0909090909090935,-0.3338437131050771,1.3550650129597495,-3.8999999999999986,-12.424242424242426,-16.324242424242428,8.066666666666606,76.27575757575757,-0.5696969696969696,0.09082892416225741,-4.622971781305115
